step,t_obs,t_cmd,dt,pos_shoulder_pan,pos_shoulder_lift,pos_elbow_flex,pos_wrist_flex,pos_wrist_roll,pos_gripper,cmd_shoulder_pan,cmd_shoulder_lift,cmd_elbow_flex,cmd_wrist_flex,cmd_wrist_roll,cmd_gripper,sent_shoulder_pan,sent_shoulder_lift,sent_elbow_flex,sent_wrist_flex,sent_wrist_roll,sent_gripper,velraw_shoulder_pan,velraw_shoulder_lift,velraw_elbow_flex,velraw_wrist_flex,velraw_wrist_roll,velraw_gripper,chunk_start
0,1786708464.5372,1786708464.897,0.43122,0.7033,-95.9560,95.8242,73.1429,-86.0220,3.9683,1.1969,-95.9010,96.2361,73.7060,-85.8263,3.8947,1.1969,-95.9010,96.2361,73.7060,-85.8263,3.8947,0,0,0,0,0,0,1
1,1786708464.8981,1786708464.9037,0.3609,0.7033,-95.9560,95.8242,73.1429,-86.0220,3.9683,1.2785,-95.9837,95.9443,73.6733,-86.2939,3.8856,1.2785,-95.9837,95.9443,73.6733,-86.2939,3.8856,0,0,0,0,0,0,1
2,1786708464.9315,1786708464.9363,0.03339,0.7033,-95.9560,95.8242,73.1429,-86.0220,3.9683,1.4007,-96.2127,95.9966,73.6925,-86.4859,3.9198,1.4007,-96.2127,95.9966,73.6925,-86.4859,3.9198,0,0,0,0,0,0,0
3,1786708464.9648,1786708464.9696,0.03332,0.7033,-95.9560,95.8242,73.3187,-86.0220,3.9683,1.4674,-96.4022,95.7301,73.9397,-86.3425,3.9062,1.4674,-96.4022,95.7301,73.9397,-86.3425,3.9062,0,0,0,50,0,0,0
4,1786708464.9982,1786708465.0028,0.03345,0.7912,-95.9560,95.8242,73.4945,-86.1978,3.9683,1.3747,-96.3747,95.6049,73.8880,-86.2646,3.8727,1.3747,-96.3747,95.6049,73.8880,-86.2646,3.8727,0,0,0,100,-100,0,0
5,1786708465.0316,1786708465.0367,0.03335,0.8791,-96.0440,95.8242,73.6703,-86.1978,3.9683,1.9922,-96.5405,95.4474,74.1227,-86.3182,3.9673,1.9922,-96.5405,95.4474,74.1227,-86.3182,3.9673,50,-50,0,50,0,0,0
6,1786708465.065,1786708465.0697,0.03339,1.0549,-96.0440,95.7363,73.6703,-86.1978,3.9021,1.5894,-96.5764,95.4211,74.2901,-85.9765,3.9605,1.5894,-96.5764,95.4211,74.2901,-85.9765,3.9605,50,0,0,0,0,-50,0
7,1786708465.0983,1786708465.103,0.03336,1.1429,-96.1319,95.7363,73.6703,-86.1978,3.9021,1.7635,-96.6245,95.1786,74.4268,-85.8503,4.0114,1.7635,-96.6245,95.1786,74.4268,-85.8503,4.0114,50,0,0,0,0,0,0
8,1786708465.1318,1786708465.1366,0.0334,1.2308,-96.3077,95.7363,73.9341,-86.1978,3.9683,1.6540,-96.2121,94.9792,74.3905,-85.5700,3.8890,1.6540,-96.2121,94.9792,74.3905,-85.5700,3.8890,50,-50,0,100,0,50,0
9,1786708465.1651,1786708465.1697,0.03334,1.2308,-96.3956,95.7363,74.1099,-86.1978,3.9683,1.6531,-96.4082,94.4618,74.6753,-85.4809,3.9458,1.6531,-96.4082,94.4618,74.6753,-85.4809,3.9458,0,0,0,0,0,0,0
10,1786708465.1985,1786708465.2031,0.03341,1.2308,-96.3956,95.6484,74.1099,-86.1099,3.9683,1.6945,-96.2601,94.2454,74.6457,-85.3349,3.8791,1.6945,-96.2601,94.2454,74.6457,-85.3349,3.8791,0,0,0,0,0,0,0
11,1786708465.2319,1786708465.2366,0.03337,1.2308,-96.3956,95.4725,74.1978,-85.9341,3.9683,1.5504,-96.3807,94.4265,74.7721,-85.3246,3.9279,1.5504,-96.3807,94.4265,74.7721,-85.3246,3.9279,0,0,-50,50,50,0,0
12,1786708465.2653,1786708465.2701,0.03341,1.2308,-96.3956,95.3846,74.1978,-85.8462,3.9683,1.8106,-96.8449,94.2479,74.9767,-84.8733,3.9285,1.8106,-96.8449,94.2479,74.9767,-84.8733,3.9285,0,0,-50,0,50,0,0
13,1786708465.2987,1786708465.3033,0.03337,1.2308,-96.4835,95.3846,74.3736,-85.8462,3.9683,1.5047,-96.6012,94.1630,75.0623,-84.9748,3.8938,1.5047,-96.6012,94.1630,75.0623,-84.9748,3.8938,0,-50,0,100,0,0,0
14,1786708465.332,1786708465.3367,0.03337,1.3187,-96.5714,95.3846,74.5495,-85.6703,3.9683,1.7984,-96.7287,93.8980,75.3615,-85.2411,3.9044,1.7984,-96.7287,93.8980,75.3615,-85.2411,3.9044,50,-50,0,50,50,0,0
15,1786708465.3655,1786708465.3701,0.03346,1.3187,-96.4835,95.3846,74.6374,-85.4066,3.9683,1.6376,-96.4093,93.4618,75.2078,-85.0293,3.9125,1.6376,-96.4093,93.4618,75.2078,-85.0293,3.9125,0,50,0,50,150,0,0
16,1786708465.3988,1786708465.4037,0.03337,1.3187,-96.4835,95.3846,74.8132,-85.4066,3.9683,1.4947,-96.7684,93.8126,75.2106,-84.7884,3.9037,1.4947,-96.7684,93.8126,75.2106,-84.7884,3.9037,0,0,0,100,0,0,0
17,1786708465.4322,1786708465.4369,0.0334,1.4066,-96.4835,95.2967,74.8132,-85.3187,3.9683,1.3249,-96.9387,93.5720,75.4450,-84.8707,3.9106,1.3249,-96.9387,93.5720,75.4450,-84.8707,3.9106,50,0,-50,0,50,0,0
18,1786708465.4656,1786708465.4703,0.03334,1.4066,-96.4835,95.2967,74.8132,-85.3187,3.9683,1.4785,-96.5565,93.3540,74.9507,-84.6865,3.8096,1.4785,-96.5565,93.3540,74.9507,-84.6865,3.8096,0,0,0,0,0,0,0
19,1786708465.499,1786708465.5036,0.03338,1.4066,-96.5714,95.2967,74.9890,-85.3187,3.9683,1.2008,-96.5162,93.8683,75.0218,-84.4535,3.9090,1.2008,-96.5162,93.8683,75.0218,-84.4535,3.9090,0,-50,0,100,0,0,0
20,1786708465.5324,1786708465.5369,0.0334,1.4066,-96.4835,95.2967,74.9890,-85.3187,3.9683,1.4835,-96.1401,93.4606,74.7609,-84.3395,3.8476,1.4835,-96.1401,93.4606,74.7609,-84.3395,3.8476,0,50,0,0,0,0,0
21,1786708465.5658,1786708465.57,0.03341,1.4066,-96.4835,95.2967,74.9890,-85.2308,3.9683,1.1936,-96.1469,93.7584,74.8615,-84.5396,3.9352,1.1936,-96.1469,93.7584,74.8615,-84.5396,3.9352,0,0,0,0,50,0,0
22,1786708465.5991,1786708465.6032,0.03334,1.4066,-96.4835,95.2967,74.9890,-85.0549,3.9683,1.3169,-96.0335,93.5160,74.8397,-84.1648,3.9258,1.3169,-96.0335,93.5160,74.8397,-84.1648,3.9258,0,0,0,0,50,0,0
23,1786708465.6326,1786708465.6368,0.03347,1.4066,-96.4835,95.2967,74.9890,-84.9670,3.9683,1.3057,-96.5410,93.4974,75.0554,-83.9620,3.9025,1.3057,-96.5410,93.4974,75.0554,-83.9620,3.9025,0,0,0,0,50,0,0
24,1786708465.666,1786708465.6701,0.03338,1.4066,-96.4835,95.2967,74.9890,-84.7912,3.9683,1.3394,-95.8849,93.1297,74.8690,-84.0314,3.8166,1.3394,-95.8849,93.1297,74.8690,-84.0314,3.8166,0,0,0,0,50,0,0
25,1786708465.6993,1786708465.7038,0.03338,1.4066,-96.4835,95.2967,74.9890,-84.5275,3.9683,1.5122,-95.9081,92.8242,74.7880,-83.7839,3.8759,1.5122,-95.9081,92.8242,74.7880,-83.7839,3.8759,0,0,0,0,50,0,0
26,1786708465.7327,1786708465.7372,0.0334,1.4066,-96.4835,95.2088,74.9890,-84.4396,3.9683,1.3916,-95.8328,92.7605,74.8339,-83.6254,3.7920,1.3916,-95.8328,92.7605,74.8339,-83.6254,3.7920,0,0,0,0,50,0,0
27,1786708465.7661,1786708465.7704,0.03337,1.4066,-96.3956,95.1209,74.9890,-84.4396,3.9683,1.5032,-96.2555,92.6998,74.8671,-83.7489,3.8407,1.5032,-96.2555,92.6998,74.8671,-83.7489,3.8407,0,50,-50,0,0,0,0
28,1786708465.7995,1786708465.8037,0.03343,1.4066,-96.3077,95.0330,74.9890,-84.3516,3.9683,1.4157,-95.7311,92.0932,74.9017,-83.3194,3.8531,1.4157,-95.7311,92.0932,74.9017,-83.3194,3.8531,0,50,-50,0,50,0,0
29,1786708465.8329,1786708465.8374,0.03337,1.4066,-96.3956,95.0330,74.9890,-84.2637,3.9683,1.4188,-94.8314,91.4169,74.8828,-82.9535,3.8182,1.4188,-94.8314,91.4169,74.8828,-82.9535,3.8182,0,0,0,0,50,0,0
30,1786708465.8663,1786708465.8705,0.03342,1.4066,-96.2198,94.8571,74.9890,-84.0000,3.9683,1.3329,-95.0553,91.3544,74.7501,-83.0002,3.8110,1.3329,-95.0553,91.3544,74.7501,-83.0002,3.8110,0,50,-50,0,100,0,0
31,1786708465.8998,1786708465.9046,0.03342,1.4066,-95.7802,94.2418,74.9890,-83.6484,3.9683,1.2163,-94.8261,90.3234,74.9269,-82.7234,3.8439,1.2163,-94.8261,90.3234,74.9269,-82.7234,3.8439,0,150,-150,0,100,0,0
32,1786708465.9332,1786708465.9376,0.03341,1.4066,-95.6923,93.8901,74.9890,-83.4725,3.9683,1.3589,-94.3103,88.7331,75.3913,-82.5301,3.9315,1.3589,-94.3103,88.7331,75.3913,-82.5301,3.9315,0,0,-150,0,50,0,0
33,1786708465.9665,1786708465.9707,0.03336,1.4066,-95.4286,93.3626,74.9890,-83.2967,3.9683,1.3972,-93.4782,87.1818,75.9868,-82.0694,3.8678,1.3972,-93.4782,87.1818,75.9868,-82.0694,3.8678,0,50,-100,0,100,0,0
34,1786708466.0,1786708466.0042,0.03342,1.4066,-95.0769,92.3077,75.0769,-83.0330,3.9683,1.6346,-91.4125,84.5636,76.7051,-81.2556,3.9021,1.6346,-91.4125,84.5636,76.7051,-81.2556,3.9021,0,100,-350,50,100,0,0
35,1786708466.0333,1786708466.0377,0.03337,1.4066,-94.4615,90.9890,75.4286,-82.6813,3.9683,2.1342,-89.0977,80.7468,77.6491,-80.3709,3.9366,2.1342,-89.0977,80.7468,77.6491,-80.3709,3.9366,0,200,-450,150,50,0,0
36,1786708466.0667,1786708466.0711,0.03341,1.4066,-93.4066,89.4066,76.0440,-82.1538,3.9683,2.7120,-85.6415,76.2042,79.3161,-79.1271,4.0057,2.7120,-85.6415,79.1429,79.3161,-79.1271,4.0057,0,300,-550,200,200,0,0
37,1786708466.1001,1786708466.1046,0.03337,1.4066,-91.6484,87.0330,76.6593,-81.3626,3.9683,3.9151,-80.2061,71.6130,80.9460,-77.1724,3.9812,3.9151,-81.3846,76.7692,80.9460,-77.1724,3.9812,0,550,-700,200,250,0,0
38,1786708466.1335,1786708466.1382,0.03341,1.7582,-89.6264,84.5714,77.7143,-80.6593,3.9683,5.7005,-75.6543,66.7744,82.6584,-74.7425,3.9250,5.7005,-79.3626,74.2198,82.6584,-74.7425,3.9250,50,650,-900,350,200,0,0
39,1786708466.1669,1786708466.1714,0.03341,2.4615,-86.9890,82.2857,79.1209,-79.2527,3.9683,7.8959,-69.0210,60.7074,84.0027,-71.6117,3.8654,7.8959,-76.6374,72.0220,84.0027,-71.6117,3.8654,300,950,-750,450,450,0,0
40,1786708466.2003,1786708466.206,0.0334,3.7802,-84.0000,80.0000,80.6154,-77.5824,3.9683,10.3319,-63.6951,55.5605,85.4688,-68.3613,3.9162,10.3319,-73.4725,69.5604,85.4688,-68.3613,3.9162,450,1050,-800,550,650,0,0
41,1786708466.2338,1786708466.2387,0.03343,5.2747,-81.0989,77.6264,82.0220,-75.4725,3.9683,13.3190,-57.8569,49.5398,86.7944,-64.3784,3.9020,13.3190,-70.7473,67.2747,86.7944,-65.1209,3.9020,500,950,-750,450,600,0,0
42,1786708466.2672,1786708466.2718,0.0334,7.1209,-78.5495,75.2527,83.2527,-73.0110,3.9683,16.4240,-52.7462,44.0162,87.7651,-59.8961,3.9125,16.4240,-68.1099,64.9890,87.7651,-62.6593,3.9125,600,850,-800,450,850,0,0
43,1786708466.3005,1786708466.305,0.03335,9.3187,-75.9121,72.9670,84.7473,-70.2857,3.9683,19.6943,-47.8099,39.3531,88.5708,-55.8195,4.0923,19.6943,-65.6484,62.6154,88.5708,-59.9341,4.0923,750,900,-800,500,900,0,0
44,1786708466.3339,1786708466.3387,0.03339,11.8681,-73.0989,70.5934,85.9780,-67.5604,3.9683,23.4565,-44.0224,34.8159,88.8252,-51.6420,4.0829,22.3077,-62.6593,60.3297,88.8252,-57.2088,4.0829,850,1000,-800,400,950,0,0
45,1786708466.3673,1786708466.3719,0.03341,14.6813,-70.1099,68.2198,86.9451,-64.8352,3.9683,26.8244,-40.7097,31.2704,88.6723,-47.9572,4.1695,25.0330,-59.7582,57.8681,88.6723,-54.5714,4.1695,900,1050,-800,300,900,0,0
46,1786708466.4007,1786708466.4055,0.03339,17.4066,-67.3846,65.8462,87.5604,-62.0220,3.9683,29.5416,-38.5757,29.0275,88.3641,-45.1341,4.0870,27.8462,-57.0330,55.4945,88.3641,-51.6703,4.0870,1000,900,-800,250,950,0,0
47,1786708466.4341,1786708466.4387,0.03341,20.2198,-64.4835,63.3846,87.8242,-59.3846,3.9683,32.3684,-36.1036,27.1450,87.3090,-42.7038,4.1828,30.5714,-54.1319,53.1209,87.3090,-48.9451,4.1828,900,950,-800,50,900,0,0
48,1786708466.4675,1786708466.472,0.03342,22.9451,-61.7582,61.0989,87.8242,-56.5714,3.9683,34.4530,-34.2296,27.2647,86.5375,-40.6663,4.2445,33.2967,-51.3187,50.7473,86.5375,-46.2198,4.2445,900,1000,-800,0,950,0,0
49,1786708466.5009,1786708466.5054,0.03338,25.7582,-58.9451,58.6374,87.5604,-53.8462,3.9683,36.1451,-31.7957,25.9738,85.3820,-39.3147,4.2255,36.1099,-48.5055,48.3736,85.3820,-43.4066,4.2255,1000,900,-800,-50,1000,0,0
50,1786708466.5344,1786708466.7577,0.03345,28.4835,-56.1319,56.2637,87.0330,-51.0330,4.0344,38.9958,-40.0045,33.6849,89.2903,-44.6150,3.7157,38.9958,-40.0045,40.8132,89.2903,-44.6150,3.7157,900,950,-800,-200,900,50,1
51,1786708466.7589,1786708466.7643,0.22449,35.6044,-48.9231,50.8132,85.8022,-44.0879,4.0344,40.3272,-36.6805,29.3363,89.5582,-42.1232,3.6575,40.3272,-38.9231,40.8132,89.5582,-42.1232,3.6575,50,0,0,0,100,0,1
52,1786708466.7921,1786708466.797,0.03322,35.5165,-48.7473,50.8132,85.8022,-44.0000,4.0344,41.9377,-33.0356,26.2979,89.6414,-39.5616,3.6178,41.9377,-38.6593,40.7253,89.6414,-39.5616,3.6178,-100,50,0,0,50,0,0
53,1786708466.8255,1786708466.8304,0.03341,36.2198,-47.6923,49.6703,86.5934,-43.2967,3.7698,43.1682,-30.2092,23.7410,89.6375,-37.4261,3.6616,43.1682,-37.3407,39.4066,89.6375,-37.4261,3.6616,100,300,-450,300,200,-50,0
54,1786708466.8589,1786708466.8637,0.03338,38.3297,-45.0549,47.2088,88.0000,-41.9780,3.7698,44.4592,-26.9794,21.0985,89.2913,-35.0110,3.5742,44.4592,-34.6154,36.8571,89.2913,-35.0110,3.5742,750,900,-700,500,400,0,0
55,1786708466.8922,1786708466.897,0.03337,40.7912,-41.8901,44.7473,88.4396,-40.2198,3.7698,45.9493,-24.0763,19.1949,88.8649,-32.5269,3.6900,45.9493,-31.4505,34.3077,88.8649,-32.5269,3.6900,750,1100,-850,200,650,0,0
56,1786708466.9256,1786708466.9304,0.0334,42.1099,-38.9011,42.3736,88.5275,-38.1978,3.8360,47.1118,-20.6006,17.1594,88.1342,-30.5651,3.6631,47.1118,-28.4615,32.1099,88.1342,-30.5651,3.6631,500,1000,-800,50,650,50,0
57,1786708466.9591,1786708466.9646,0.03342,42.9890,-36.0879,40.0000,88.5275,-36.0879,3.8360,48.5920,-18.0114,15.4902,87.0956,-28.8930,3.7492,48.5920,-25.7363,29.6484,87.0956,-28.8930,3.7492,250,950,-750,0,750,0,0
58,1786708466.9925,1786708466.9976,0.03341,44.5714,-33.1868,37.5385,88.4396,-33.9780,3.8360,49.5684,-15.4200,14.1126,85.8433,-27.2927,3.6814,49.5684,-22.7473,27.1868,85.8433,-27.2927,3.6814,550,950,-850,-50,650,0,0
59,1786708467.0258,1786708467.0306,0.03336,46.1538,-30.1099,35.1648,87.9121,-32.0440,3.8360,50.6797,-13.1261,13.1080,84.8475,-26.5376,3.7757,50.6797,-19.7582,24.9011,84.8475,-26.5376,3.7757,500,1000,-800,-200,650,0,0
60,1786708467.0592,1786708467.0644,0.03342,47.5604,-27.2088,32.7912,86.7692,-30.2857,3.8360,51.4946,-10.8595,12.4428,83.5756,-26.0298,3.7485,51.4946,-16.7692,22.4396,83.5756,-26.0298,3.7485,450,1050,-800,-450,600,0,0
61,1786708467.0927,1786708467.0978,0.03341,48.7033,-24.2198,30.4176,86.1538,-28.8791,3.9021,51.9777,-8.7300,11.8073,82.1134,-25.8869,3.7189,51.9777,-13.7802,20.0659,82.1134,-25.8869,3.7189,400,950,-800,-250,400,0,0
62,1786708467.126,1786708467.1307,0.03339,49.4945,-21.1429,28.0440,85.0989,-27.9121,3.8360,52.4886,-6.8342,11.6003,80.9505,-26.1871,3.8544,52.4886,-10.7033,17.6923,80.9505,-26.1871,3.8544,250,1000,-750,-400,350,-50,0
63,1786708467.1595,1786708467.1643,0.03341,50.2857,-18.1538,25.5824,83.8681,-27.2088,3.8360,52.9527,-5.2069,11.5346,79.4621,-26.4381,3.8163,52.9527,-7.6264,15.2308,79.4621,-26.4381,3.8163,350,1000,-850,-400,250,0,0
64,1786708467.1928,1786708467.1978,0.03333,51.3407,-14.9890,23.2088,82.8132,-27.1209,3.9021,52.8695,-3.3516,11.4148,78.1957,-26.5158,3.8356,52.8695,-4.5495,12.8571,78.1957,-26.5158,3.8356,300,1050,-800,-350,50,50,0
65,1786708467.2262,1786708467.2311,0.03344,51.9560,-11.9121,20.8352,81.4066,-27.1209,3.9021,53.0880,-1.5711,11.3784,76.6660,-26.8755,3.8132,53.0880,-1.5711,11.3784,76.6660,-26.8755,3.8132,300,1000,-800,-500,0,0,0
66,1786708467.2596,1786708467.2642,0.03335,52.3077,-8.8352,18.3736,80.0879,-27.1209,3.9021,52.7122,-0.4239,11.7028,75.1699,-27.3387,3.8520,52.7122,-0.4239,11.7028,75.1699,-27.3387,3.8520,100,1050,-850,-450,0,0,0
67,1786708467.293,1786708467.2976,0.0334,52.3077,-5.7582,16.1758,78.5934,-27.1209,3.9021,52.7521,0.7408,11.9132,73.8729,-27.4912,3.8351,52.7521,0.7408,11.9132,73.8729,-27.4912,3.8351,0,1000,-800,-450,0,0,0
68,1786708467.3263,1786708467.3309,0.03334,52.3077,-3.2088,15.1209,77.0989,-27.1209,3.9021,52.7204,1.6471,12.3235,72.7926,-27.7836,3.8726,52.7204,1.6471,12.3235,72.7926,-27.7836,3.8726,0,950,-350,-550,0,0,0
69,1786708467.3597,1786708467.3643,0.03341,52.2198,-1.2747,14.7692,76.0440,-27.1209,3.9021,52.4197,2.5990,12.9435,71.7321,-28.1452,3.9445,52.4197,2.5990,12.9435,71.7321,-28.1452,3.9445,0,650,-100,-300,0,0,0
70,1786708467.3932,1786708467.3986,0.03345,52.2198,0.3956,14.7692,74.7253,-27.2088,3.8360,52.1558,3.1398,13.0482,70.7746,-28.1016,4.0134,52.1558,3.1398,13.0482,70.7746,-28.1016,4.0134,0,500,0,-400,-50,0,0
71,1786708467.4265,1786708467.4312,0.03331,52.2198,1.7143,14.6813,73.4945,-27.5604,3.9021,51.9603,4.2810,13.1056,70.2007,-28.2049,4.1503,51.9603,4.2810,13.1056,70.2007,-28.2049,4.1503,0,500,0,-400,-150,50,0
72,1786708467.4599,1786708467.4645,0.0334,52.2198,2.6813,14.6813,72.4396,-27.7363,3.9021,51.5238,4.7191,13.5654,69.6371,-28.2185,4.3418,51.5238,4.7191,13.5654,69.6371,-28.2185,4.3418,0,350,0,-350,0,0,0
73,1786708467.4933,1786708467.4979,0.03344,52.2198,3.7363,14.6813,71.6484,-27.8242,3.9021,51.3137,5.3907,13.4062,69.3195,-28.5696,4.7293,51.3137,5.3907,13.4062,69.3195,-28.5696,4.7293,0,350,0,-300,-50,0,0
74,1786708467.5267,1786708467.5314,0.03338,52.2198,4.5275,14.6813,70.8571,-27.8242,3.9021,50.9671,5.4679,13.3767,69.1670,-28.7983,5.3138,50.9671,5.4679,13.3767,69.1670,-28.7983,5.3138,0,200,0,-250,0,0,0
75,1786708467.5601,1786708467.5647,0.03336,52.0440,5.2308,14.6813,70.3297,-28.0000,4.2989,50.4395,6.0840,13.5708,69.3250,-29.1774,6.7089,50.4395,6.0840,13.5708,69.3250,-29.1774,6.7089,-50,200,0,-200,-50,200,0
76,1786708467.5935,1786708467.5981,0.0334,51.6044,5.4945,14.6813,69.9780,-28.3516,4.6958,49.8998,6.1543,13.5596,69.4928,-29.6096,8.3848,49.8998,6.1543,13.5596,69.4928,-29.6096,8.3848,-100,100,0,-150,-100,200,0
77,1786708467.6268,1786708467.6317,0.03335,51.1648,5.9341,14.6813,69.8022,-28.6154,5.2910,49.3693,6.0871,13.4801,69.8353,-29.6171,10.9700,49.3693,6.0871,13.4801,69.8353,-29.6171,10.9700,-150,150,0,-50,-100,350,0
78,1786708467.6602,1786708467.6648,0.03337,50.6374,6.1978,14.6813,69.6264,-29.0549,6.4815,48.5104,6.3517,13.4528,70.3390,-29.8170,13.7026,48.5104,6.3517,13.4528,70.3390,-29.8170,13.7026,-150,100,0,-100,-150,550,0
79,1786708467.6936,1786708467.6983,0.03341,50.1978,6.1978,14.6813,69.8022,-29.2308,8.0688,48.0148,6.1833,13.4751,70.6305,-30.0591,16.9002,48.0148,6.1833,13.4751,70.6305,-30.0591,16.9002,-150,0,0,0,0,700,0
80,1786708467.727,1786708467.7316,0.03338,49.5824,6.3736,14.6813,69.8022,-29.4066,9.9868,47.5903,5.8290,13.2452,70.9773,-30.3315,19.6457,47.5903,5.8290,13.2452,70.9773,-30.3315,19.6457,-250,50,0,0,-100,900,0
81,1786708467.7603,1786708467.765,0.03338,48.8791,6.4615,14.6813,69.9780,-29.6703,12.3016,47.4313,5.9168,14.0400,71.3689,-30.6398,22.0925,47.4313,5.9168,14.0400,71.3689,-30.6398,22.0925,-200,0,0,50,-100,1050,0
82,1786708467.7937,1786708467.7983,0.03337,48.1758,6.4615,14.6813,70.5934,-29.8462,14.8810,46.9081,5.9224,14.0041,71.5312,-30.8036,23.8040,46.9081,5.9224,14.0041,71.5312,-30.8036,23.8040,-250,0,0,150,-50,1150,0
83,1786708467.8271,1786708467.8321,0.03341,47.8242,6.4615,14.6813,70.7692,-30.1099,17.3280,46.6675,6.0486,14.3246,71.7007,-31.1303,24.9850,46.6675,6.0486,14.3246,71.7007,-31.1303,24.9850,-150,0,0,50,-50,1150,0
84,1786708467.8605,1786708467.8651,0.03336,47.6484,6.4615,14.6813,71.0330,-30.4615,19.7751,46.3024,5.8919,14.9882,71.6343,-31.2689,25.7021,46.3024,5.8919,14.9882,71.6343,-31.2689,25.7021,-100,0,0,100,-150,1150,0
85,1786708467.8939,1786708467.8985,0.03338,47.3846,6.4615,14.6813,71.2088,-30.7253,21.7593,46.1257,5.6336,15.6213,71.7497,-31.6624,26.1038,46.1257,5.6336,15.6213,71.7497,-31.6624,26.1038,-50,0,0,50,-50,900,0
86,1786708467.9272,1786708467.9316,0.03336,47.1209,6.4615,15.0330,71.1209,-30.9011,23.1481,45.9432,5.6730,15.4798,71.7699,-32.1115,26.3841,45.9432,5.6730,15.4798,71.7699,-32.1115,26.3841,-100,0,100,0,-100,650,0
87,1786708467.9607,1786708467.9653,0.03344,46.5934,6.4615,15.4725,71.3846,-31.2527,24.2063,45.7574,5.4643,16.1956,71.6222,-32.4828,26.7878,45.7574,5.4643,16.1956,71.6222,-32.4828,26.7878,-200,0,150,0,-100,450,0
88,1786708467.9941,1786708467.999,0.03341,46.1538,6.4615,15.4725,71.4725,-31.5165,24.9339,46.1238,5.2705,16.3865,71.3978,-32.6547,27.1846,46.1238,5.2705,16.3865,71.3978,-32.6547,27.1846,-150,0,0,0,-50,350,0
89,1786708468.0275,1786708468.0321,0.0334,46.0659,6.4615,16.0000,71.2088,-31.9560,25.5952,46.0939,5.3893,17.1867,71.4213,-32.9325,27.4675,46.0939,5.3893,17.1867,71.4213,-32.9325,27.4675,-50,0,150,-150,-150,300,0
90,1786708468.0609,1786708468.0651,0.03338,46.0659,6.4615,16.3516,71.4725,-32.2198,26.1905,46.4287,5.2291,17.4896,71.1781,-33.4088,27.8156,46.4287,5.2291,17.4896,71.1781,-33.4088,27.8156,0,0,100,100,-50,300,0
91,1786708468.0943,1786708468.0989,0.03338,46.1538,6.4615,16.9670,71.2967,-32.4835,26.6534,46.8508,5.2469,18.0826,70.8316,-33.4491,28.1214,46.8508,5.2469,18.0826,70.8316,-33.4491,28.1214,0,0,150,-100,-150,200,0
92,1786708468.1277,1786708468.1323,0.0334,46.3297,6.4615,17.4066,71.4725,-32.8352,27.0503,46.8865,5.4290,18.6341,70.4948,-33.5325,28.2704,46.8865,5.4290,18.6341,70.4948,-33.5325,28.2704,50,0,200,-50,-50,200,0
93,1786708468.161,1786708468.1658,0.03337,46.4176,6.4615,17.8462,71.0330,-33.0110,27.4471,46.8760,5.3757,18.8923,70.2757,-33.8613,28.4007,46.8760,5.3757,18.8923,70.2757,-33.8613,28.4007,50,0,150,-100,-100,200,0
94,1786708468.1945,1786708468.1991,0.03344,46.4176,6.4615,18.4615,70.6813,-33.0989,27.7116,47.2266,5.4658,19.5815,69.9187,-34.0822,28.4215,47.2266,5.4658,19.5815,69.9187,-34.0822,28.4215,0,0,200,-100,-50,150,0
95,1786708468.2279,1786708468.2325,0.03347,46.4176,6.4615,18.9011,70.7692,-33.4505,27.9101,47.2740,5.5801,19.6795,69.8772,-34.0793,28.3454,47.2740,5.5801,19.6795,69.8772,-34.0793,28.3454,0,0,150,0,-150,50,0
96,1786708468.2612,1786708468.2656,0.0333,46.4176,6.4615,19.5165,70.4176,-33.6264,27.9762,47.5244,5.7625,20.2532,69.4794,-34.4095,28.2164,47.5244,5.7625,20.2532,69.4794,-34.4095,28.2164,0,0,250,-150,-50,50,0
97,1786708468.2947,1786708468.2989,0.03343,46.5055,6.4615,19.6044,70.2418,-33.7143,28.0423,47.7309,5.6039,20.7540,68.8578,-34.4047,28.0598,47.7309,5.6039,20.7540,68.8578,-34.4047,28.0598,50,0,50,0,0,0,0
98,1786708468.328,1786708468.3324,0.03339,46.8571,6.4615,20.0440,69.7143,-33.9780,28.0423,48.0516,5.6799,21.3607,68.3932,-34.7854,27.8963,48.0516,5.6799,21.3607,68.3932,-34.7854,27.8963,100,0,100,-150,-150,0,0
99,1786708468.3614,1786708468.3657,0.03339,47.2088,6.4615,20.6593,69.4505,-34.0659,28.0423,48.3933,5.4254,21.7867,67.7951,-34.9424,27.5366,48.3933,5.4254,21.7867,67.7951,-34.9424,27.5366,100,0,150,-100,-50,0,0
100,1786708468.3949,1786708468.6133,0.03342,47.4725,6.4615,21.2747,69.0989,-34.3297,28.0423,38.5149,9.9018,15.9700,70.5377,-33.8424,29.7591,38.5149,9.9018,15.9700,70.5377,-33.8424,29.7591,150,0,250,-200,-100,0,1
101,1786708468.6145,1786708468.6198,0.21962,48.0000,6.4615,21.8022,68.1319,-34.5934,27.7778,38.5192,10.0985,15.7923,70.7219,-33.8063,29.5396,38.5192,10.0985,15.7923,70.7219,-33.8063,29.5396,-50,0,0,0,0,0,1
102,1786708468.6478,1786708468.6529,0.03328,48.0000,6.4615,21.8022,68.1319,-34.5934,27.7778,38.3792,10.3760,15.9321,70.8584,-33.8689,29.1692,38.3792,10.3760,15.9321,70.8584,-33.8689,29.1692,0,0,0,0,0,0,0
103,1786708468.6811,1786708468.6858,0.03337,47.5604,7.1648,21.3626,68.6593,-34.3297,28.2407,38.4883,11.0506,15.6249,70.8740,-34.0136,28.8929,38.4883,11.0506,15.6249,70.8740,-34.0136,28.8929,-150,200,-100,50,50,300,0
104,1786708468.7146,1786708468.7193,0.03345,45.5385,8.8352,19.6923,69.8901,-34.2418,28.9021,38.4533,11.2972,15.0052,71.2617,-34.2025,28.5549,38.4533,11.2972,15.0052,71.2617,-34.2025,28.5549,-750,550,-600,400,0,450,0
105,1786708468.7479,1786708468.7526,0.0333,43.1648,10.0659,18.1978,69.8022,-34.2418,28.7698,38.7029,11.4215,15.4191,71.3086,-34.3184,28.2420,38.7029,11.4215,15.4191,71.3086,-34.3184,28.2420,-800,550,-600,-100,0,-50,0
106,1786708468.7813,1786708468.7857,0.0334,40.9670,10.7692,17.2308,70.2418,-34.2418,28.6376,38.8132,11.9496,14.8936,71.7656,-34.4651,27.7271,38.8132,11.9496,14.8936,71.7656,-34.4651,27.7271,-850,250,-300,100,0,-50,0
107,1786708468.8147,1786708468.8188,0.0334,40.0879,11.1209,16.8791,70.5055,-34.2418,28.5053,39.0478,12.2013,15.3903,71.8361,-34.6773,26.8542,39.0478,12.2013,15.3903,71.8361,-34.6773,26.8542,-250,100,-100,150,0,-50,0
108,1786708468.848,1786708468.8525,0.03338,39.6484,11.5604,16.3516,70.9451,-34.1538,28.1746,39.2413,12.5860,15.5290,71.8716,-34.5441,25.3513,39.2413,12.5860,15.5290,71.8716,-34.5441,25.3513,-200,150,-150,100,50,-150,0
109,1786708468.8814,1786708468.8857,0.03339,39.6484,11.9121,16.2637,71.1209,-34.1538,27.6455,39.4476,12.4952,15.1360,71.8266,-34.2437,23.1654,39.4476,12.4952,15.1360,71.8266,-34.2437,23.1654,0,100,-50,100,0,-250,0
110,1786708468.9148,1786708468.919,0.03336,39.6484,12.1758,15.9121,71.1209,-34.4176,26.7857,39.5173,12.6430,15.6015,71.6314,-34.1371,20.2559,39.5173,12.6430,15.6015,71.6314,-34.1371,20.2559,0,100,-100,0,-150,-350,0
111,1786708468.9482,1786708468.9525,0.03342,39.7363,12.1758,15.6484,71.1209,-34.4176,25.4630,39.4403,12.5195,15.9702,71.3734,-34.1772,16.9960,39.4403,12.5195,15.9702,71.3734,-34.1772,16.9960,0,0,-150,0,0,-600,0
112,1786708468.9816,1786708468.9858,0.03336,40.0000,12.3516,15.5604,71.1209,-34.4176,23.6772,39.2596,11.8538,16.1443,70.9031,-34.3413,13.2758,39.2596,11.8538,16.1443,70.9031,-34.3413,13.4127,50,50,0,0,0,-850,0
113,1786708469.015,1786708469.0193,0.0334,40.0000,12.3516,15.5604,71.0330,-34.4176,21.3624,39.1907,11.5024,16.4346,69.9098,-34.2968,9.3693,39.1907,11.5024,16.4346,69.9098,-34.2968,11.0979,0,0,0,-50,0,-950,0
114,1786708469.0483,1786708469.0527,0.03337,40.0000,12.3516,15.5604,70.9451,-34.4176,18.7831,39.1180,10.8197,17.0893,68.7901,-34.5519,5.9511,39.1180,10.8197,17.0893,68.7901,-34.5519,8.3862,0,0,0,-50,0,-1150,0
115,1786708469.0817,1786708469.0863,0.0334,40.0000,12.2637,15.8242,70.3297,-34.4176,16.1376,39.1265,11.0241,17.2822,67.4192,-34.4363,2.8364,39.1265,11.0241,17.2822,67.4192,-34.4363,5.8069,0,-50,100,-100,0,-1200,0
116,1786708469.1151,1786708469.1195,0.03335,39.9121,11.9121,16.2637,69.5385,-34.4176,13.4259,39.2321,10.8146,17.5286,66.0997,-34.8582,1.1457,39.2321,10.8146,17.5286,66.0997,-34.8582,3.0291,-50,-100,150,-300,0,-1200,0
117,1786708469.1485,1786708469.1528,0.03337,39.8242,11.8242,16.6154,68.5714,-34.4176,10.7804,39.3421,10.9930,18.2267,65.0134,-34.9772,0.4602,39.3421,10.9930,18.2267,65.0134,-34.9772,0.4602,-50,-50,150,-300,0,-1150,0
118,1786708469.1819,1786708469.1862,0.03342,39.8242,11.7363,16.9670,67.3407,-34.5055,8.0688,39.6168,10.5504,18.4340,64.1963,-35.0481,0.6990,39.6168,10.5504,18.4340,64.1963,-35.0481,0.6990,0,-50,100,-400,0,-1200,0
119,1786708469.2152,1786708469.2194,0.03336,39.8242,11.7363,17.2308,66.3736,-34.6813,5.4233,39.8485,10.9426,18.4714,64.2574,-34.8901,0.7919,39.8485,10.9426,18.4714,64.2574,-34.8901,0.7919,0,0,50,-350,-50,-1300,0
120,1786708469.2486,1786708469.2528,0.03338,39.8242,11.7363,17.7582,65.8462,-34.6813,3.6376,39.9958,10.5535,18.6830,64.3754,-34.9351,0.9229,39.9958,10.5535,18.6830,64.3754,-34.9351,0.9229,0,0,200,-200,0,-850,0
121,1786708469.282,1786708469.2864,0.03338,39.8242,11.6484,18.0220,65.4066,-34.6813,2.8439,40.0322,10.3501,18.5140,64.9315,-34.4020,1.0824,40.0322,10.3501,18.5140,64.9315,-34.4020,1.0824,0,-50,150,-100,0,-300,0
122,1786708469.3154,1786708469.3197,0.03343,39.8242,11.2967,18.1978,65.2308,-34.6813,2.5132,40.3200,9.9099,18.5078,66.0469,-34.4667,1.2051,40.3200,9.9099,18.5078,66.0469,-34.4667,1.2051,0,-50,50,-50,0,-200,0
123,1786708469.3488,1786708469.353,0.03335,39.8242,11.1209,18.1978,65.2308,-34.5934,2.3148,40.3051,9.4342,17.5339,66.9336,-34.2223,1.8706,40.3051,9.4342,17.5339,66.9336,-34.2223,1.8706,0,-50,0,0,50,-100,0
124,1786708469.3822,1786708469.3864,0.03342,39.8242,10.9451,18.1978,65.2308,-34.6813,2.2487,40.2090,8.7934,17.2948,68.1250,-34.0892,2.1819,40.2090,8.7934,17.2948,68.1250,-34.0892,2.1819,0,-50,0,0,-50,0,0
125,1786708469.4156,1786708469.4198,0.03337,39.8242,10.6813,18.0220,65.8462,-34.6813,2.2487,40.2009,8.0749,16.4012,69.7846,-34.1952,2.4331,40.2009,8.0749,16.4012,69.7846,-34.1952,2.4331,0,-100,-50,200,0,0,0
126,1786708469.4489,1786708469.4531,0.03335,39.8242,10.4176,17.8462,66.6374,-34.6813,2.3148,40.1556,6.8798,15.2574,71.1947,-34.0083,2.6735,40.1556,6.8798,15.2574,71.1947,-34.0083,2.6735,0,-100,-50,300,0,50,0
127,1786708469.4823,1786708469.4865,0.03343,39.8242,10.2418,17.4945,67.8681,-34.5934,2.3148,39.8327,5.6856,13.7734,73.2113,-33.7359,2.7085,39.8327,5.6856,13.7734,73.2113,-33.7359,2.7085,0,-50,-100,400,0,0,0
128,1786708469.5157,1786708469.5201,0.03338,39.7363,9.9780,17.2308,69.2747,-34.4176,2.3148,39.5820,4.1547,11.8303,75.2115,-33.6599,2.6690,39.5820,4.1547,11.8303,75.2115,-33.6599,2.6690,0,-100,-100,500,100,0,0
129,1786708469.5491,1786708469.5533,0.03337,39.7363,9.4505,16.6154,70.7692,-34.2418,2.3148,39.1913,2.7220,9.1881,77.6763,-33.6688,2.5650,39.1913,2.7220,9.1881,77.6763,-33.6688,2.5650,0,-200,-250,500,50,0,0
130,1786708469.5825,1786708469.5866,0.03337,39.7363,8.7473,15.3846,72.4396,-34.1538,2.3148,38.3437,0.4122,7.3479,80.4674,-33.6316,2.3128,38.3437,0.4122,7.3479,80.4674,-33.6316,2.3128,0,-250,-350,600,50,0,0
131,1786708469.6158,1786708469.62,0.03338,39.7363,7.4286,13.8022,74.3736,-34.0659,2.3148,37.3267,-1.6644,4.6557,83.1853,-33.9879,2.0947,37.3267,-1.6644,4.6557,83.1853,-33.9879,2.0947,0,-400,-500,550,50,0,0
132,1786708469.6492,1786708469.6535,0.03337,39.2967,5.9341,11.8681,76.5714,-34.0659,2.3148,36.1483,-4.1961,1.9970,85.7592,-34.0703,1.8936,36.1483,-4.1961,1.9970,85.7592,-34.0703,1.8936,-150,-500,-650,800,0,0,0
133,1786708469.6826,1786708469.687,0.03341,38.5934,4.0000,9.8462,78.9451,-34.0659,2.3148,34.8165,-6.2236,-1.6650,88.3192,-33.7279,1.7557,34.8165,-6.2236,-0.4176,88.3192,-33.7279,1.7557,-200,-650,-650,800,0,0,0
134,1786708469.716,1786708469.7206,0.0334,37.6264,1.9780,7.4725,81.6703,-34.0659,2.3148,32.9049,-8.3705,-4.3927,90.6546,-33.8625,1.6761,32.9049,-8.1978,-2.7912,90.6546,-33.8625,1.6761,-350,-700,-750,950,0,0,0
135,1786708469.7494,1786708469.7539,0.03341,36.5714,-0.2198,5.1868,84.0440,-34.0659,2.3148,30.6358,-10.6708,-7.0077,91.9785,-33.9647,1.6658,30.6358,-10.4835,-5.1648,91.9785,-33.9647,1.6658,-400,-700,-800,800,0,0,0
136,1786708469.7828,1786708469.7872,0.03336,35.2527,-2.3297,2.8132,86.5055,-34.0659,2.1825,28.1993,-12.6347,-9.3214,93.1216,-33.6442,1.6279,28.1993,-12.6347,-7.4505,93.1216,-33.6442,1.6279,-400,-700,-800,900,0,-50,0
137,1786708469.8162,1786708469.8206,0.03337,33.5824,-4.5275,0.4396,88.8791,-34.0659,2.1825,25.6795,-14.4204,-11.1835,93.2640,-33.6748,1.5898,25.6795,-14.4204,-9.9121,93.2640,-33.6748,1.5898,-550,-750,-850,750,0,0,0
138,1786708469.8496,1786708469.854,0.03339,31.5604,-6.7253,-1.8462,90.3736,-34.0659,2.1825,23.2084,-16.0307,-12.2955,93.1000,-33.1394,1.4035,23.2084,-16.0307,-12.1099,93.1000,-33.1394,1.4035,-700,-750,-750,550,0,0,0
139,1786708469.883,1786708469.8873,0.0334,29.3626,-8.8352,-4.2198,91.4286,-34.0659,2.1825,20.3497,-17.6202,-13.4490,92.1845,-33.2839,1.5004,20.3497,-17.6202,-13.4490,92.1845,-33.2839,1.5004,-750,-700,-800,300,0,0,0
140,1786708469.9163,1786708469.9208,0.03338,26.9890,-10.8571,-6.5934,91.8681,-33.7143,2.0503,18.0783,-18.3770,-14.1189,91.1841,-32.0531,1.4114,18.0783,-18.3770,-14.1189,91.1841,-32.0531,1.4114,-800,-650,-800,150,100,-100,0
141,1786708469.9497,1786708469.9542,0.03337,24.5275,-12.7912,-8.7033,91.7802,-33.7143,2.0503,14.9549,-19.9640,-14.2239,89.7019,-31.1901,1.4481,14.9549,-19.9640,-14.2239,89.7019,-31.1901,1.4481,-850,-650,-750,0,0,0,0
142,1786708469.9831,1786708469.9873,0.0334,21.9780,-14.3736,-10.1099,91.5165,-33.1868,2.0503,12.8275,-20.9869,-14.4645,87.6945,-29.9292,1.4659,12.8275,-20.9869,-14.4645,87.6945,-29.9292,1.4659,-850,-500,-550,-50,200,0,0
143,1786708470.0165,1786708470.0206,0.03337,19.5165,-15.8681,-11.0769,90.9011,-32.3077,2.0503,9.7962,-21.0056,-12.4407,85.1757,-28.5693,1.5672,9.7962,-21.0056,-12.4407,85.1757,-28.5693,1.5672,-850,-500,-350,-250,350,0,0
144,1786708470.0499,1786708470.0541,0.03341,16.8791,-17.2747,-11.5165,89.5824,-31.4286,2.0503,7.3564,-21.5536,-11.5732,82.8320,-27.0885,1.5466,7.3564,-21.5536,-11.5732,82.8320,-27.0885,1.5466,-850,-550,-150,-400,300,0,0
145,1786708470.0833,1786708470.0875,0.03341,14.3297,-18.1538,-11.5165,88.0000,-30.2857,2.0503,5.2099,-21.8312,-9.7783,79.7074,-25.3692,1.6010,5.2099,-21.8312,-9.7783,79.7074,-25.3692,1.6010,-850,-250,-100,-500,450,0,0
146,1786708470.1167,1786708470.121,0.03337,11.6923,-19.0330,-10.9890,85.9780,-29.1429,2.0503,2.9683,-22.5964,-8.3747,76.7049,-23.4675,1.6200,2.9683,-22.5964,-8.3747,76.7049,-23.4675,1.6200,-900,-250,200,-650,350,0,0
147,1786708470.1501,1786708470.1545,0.03342,9.1429,-19.4725,-10.2857,83.8681,-27.6484,2.0503,0.9709,-23.0369,-5.6743,73.0872,-21.6225,1.6584,0.9709,-23.0369,-5.6743,73.5165,-21.6225,1.6584,-900,-150,200,-700,550,0,0
148,1786708470.1835,1786708470.1878,0.03337,6.6813,-20.0879,-8.9670,81.3187,-25.9780,2.0503,-0.7177,-23.8999,-3.4297,69.3138,-19.6365,1.6053,-0.7177,-23.8999,-3.4297,70.9670,-19.6365,1.6053,-800,-200,500,-850,550,0,0
149,1786708470.2168,1786708470.2212,0.03337,4.4835,-20.5275,-7.4725,78.4176,-24.2198,2.0503,-1.7269,-24.5918,-1.0302,66.3942,-18.4263,1.5983,-1.7269,-24.5918,-1.0302,68.0659,-18.4263,1.5983,-750,-150,450,-1050,700,0,0
150,1786708470.2502,1786708470.4722,0.03338,2.4615,-21.2308,-5.4505,75.8681,-22.4615,2.0503,10.6590,-20.0626,-5.2756,82.5581,-10.4744,1.2937,8.8571,-20.0626,-5.2756,79.0989,-10.4744,1.2937,-700,-250,700,-900,550,0,1
151,1786708470.4734,1786708470.4784,0.22315,-1.1429,-22.1099,-1.0549,69.0989,-18.7692,2.0503,12.7051,-19.1693,-4.1851,83.8152,-7.8141,1.3176,8.8571,-19.1693,-4.1851,79.0989,-8.7692,1.3176,-50,0,0,-50,100,0,1
152,1786708470.5066,1786708470.5111,0.03325,-1.4066,-22.1099,-1.0549,69.0989,-18.7692,2.0503,14.8182,-18.9867,-2.3391,83.5901,-5.0831,1.3962,8.5934,-18.9867,-2.3391,79.0989,-8.6813,1.3962,-150,0,0,0,0,0,0
153,1786708470.54,1786708470.5444,0.0334,-0.8791,-21.8462,-1.3187,69.7143,-17.8901,1.8519,16.6335,-18.4129,-0.2449,83.1469,-2.1438,1.3815,9.2967,-18.4129,-0.2449,79.8901,-7.6264,1.3815,200,0,0,200,300,-50,0
154,1786708470.5734,1786708470.5781,0.03342,1.2308,-20.5275,-2.1978,71.9121,-15.1648,1.8519,18.2964,-17.7902,1.2022,82.7297,0.9983,1.3262,11.5824,-17.7902,1.2022,82.3516,-4.8132,1.3262,550,450,-300,800,800,0,0
155,1786708470.6068,1786708470.6112,0.03335,3.9560,-19.3846,-1.9341,74.9890,-12.1758,1.8519,19.8067,-17.0688,2.6012,82.1031,3.5318,1.3067,14.3077,-17.0688,2.6012,82.1031,-1.8242,1.3067,950,350,100,1000,950,0,0
156,1786708470.6402,1786708470.6446,0.03338,7.2088,-18.4176,-0.3516,77.6264,-9.5385,1.8519,21.1105,-16.3979,4.2600,81.1916,5.9333,1.3020,17.5604,-16.3979,4.2600,81.1916,0.7253,1.3020,1100,350,400,950,850,0,0
157,1786708470.6736,1786708470.678,0.03339,9.8462,-17.3626,1.6703,79.4725,-6.8132,1.8519,22.2126,-15.5036,5.7124,80.5737,7.6133,1.2907,20.2857,-15.5036,5.7124,80.5737,3.5385,1.2907,1000,400,700,600,950,0,0
158,1786708470.7069,1786708470.7115,0.03336,12.4835,-16.3956,3.1648,79.7363,-3.9121,1.8519,23.2778,-14.3739,6.6950,80.0539,9.6566,1.2383,22.8352,-14.3739,6.6950,80.0539,6.2637,1.2383,900,250,500,150,1050,0,0
159,1786708470.7403,1786708470.7447,0.03338,15.0330,-15.7802,4.4835,79.7363,-1.3626,1.8519,23.9764,-12.9466,7.7636,79.3897,10.5946,1.2717,23.9764,-12.9466,7.7636,79.3897,9.0769,1.2717,900,250,450,0,950,0,0
160,1786708470.7737,1786708470.7783,0.03341,17.8462,-14.9011,5.7143,79.7363,1.4505,1.8519,24.4052,-11.7494,8.7922,78.9734,10.2380,1.3046,24.4052,-11.7494,8.7922,78.9734,10.2380,1.3046,950,250,450,0,950,0,0
161,1786708470.8071,1786708470.8117,0.03337,20.4835,-13.6703,6.8571,79.6484,4.1758,1.8519,24.7232,-10.3311,9.5768,78.4947,10.0992,1.3137,24.7232,-10.3311,9.5768,78.4947,10.0992,1.3137,900,400,400,0,950,0,0
162,1786708470.8405,1786708470.8451,0.0334,22.1538,-12.4396,8.1758,79.5604,6.5495,1.8519,24.8610,-8.9284,10.0274,77.7680,9.2813,1.3705,24.8610,-8.9284,10.0274,77.7680,9.2813,1.3705,500,450,400,0,800,0,0
163,1786708470.8739,1786708470.8785,0.03338,23.1209,-11.2088,9.1429,79.1209,7.6923,1.8519,24.9980,-7.1391,10.5971,76.8747,8.2244,1.4099,24.9980,-7.1391,10.5971,76.8747,8.2244,1.4099,250,400,300,-200,450,0,0
164,1786708470.9073,1786708470.912,0.03347,23.3846,-9.8901,9.8462,78.5934,7.9560,1.8519,24.8799,-6.0118,11.0301,75.8814,6.9617,1.4780,24.8799,-6.0118,11.0301,75.8814,6.9617,1.4780,150,450,200,-200,150,0,0
165,1786708470.9407,1786708470.9449,0.03338,23.6484,-8.4835,10.3736,77.9780,7.8681,1.8519,24.7561,-4.8415,11.5787,74.8416,5.8327,1.6776,24.7561,-4.8415,11.5787,74.8416,5.8327,1.6776,150,500,200,-200,0,0,0
166,1786708470.9741,1786708470.9786,0.03338,24.0000,-6.9011,11.0769,77.1868,7.3407,1.8519,24.7985,-3.7606,12.2046,73.6011,4.4253,2.0725,24.7985,-3.7606,12.2046,73.6011,4.4253,2.0725,100,500,250,-300,-200,0,0
167,1786708471.0074,1786708471.0116,0.03336,24.5275,-5.6703,11.6044,76.3077,6.6374,1.8519,24.7627,-2.9550,12.8205,72.2014,2.9767,2.9778,24.7627,-2.9550,12.8205,72.2014,2.9767,2.9778,200,450,200,-300,-250,0,0
168,1786708471.0408,1786708471.045,0.03338,24.5275,-4.4396,12.1319,75.1648,5.7582,1.8519,24.8077,-2.4723,13.3367,70.9898,1.9269,4.5475,24.8077,-2.4723,13.3367,70.9898,1.9269,4.5475,0,350,200,-400,-250,0,0
169,1786708471.0742,1786708471.0785,0.03341,24.4396,-3.4725,12.7473,73.9341,4.5275,2.2487,24.7046,-2.1653,13.8154,69.6406,0.5304,6.7924,24.7046,-2.1653,13.8154,69.6406,0.5304,6.7924,-50,350,200,-350,-400,250,0
170,1786708471.1076,1786708471.1119,0.03336,24.0879,-2.5934,13.3626,72.7033,3.4725,3.1085,24.4650,-1.8522,14.1601,68.7220,-0.5289,9.6497,24.4650,-1.8522,14.1601,68.7220,-0.5289,9.6497,-150,300,150,-400,-350,350,0
171,1786708471.141,1786708471.1451,0.03337,24.0879,-2.2418,13.9780,71.6484,2.3297,4.2989,24.1323,-2.1575,14.7744,67.8518,-1.1722,12.6168,24.1323,-2.1575,14.7744,67.8518,-1.1722,12.6168,0,50,200,-350,-400,500,0
172,1786708471.1744,1786708471.1787,0.03343,24.1758,-1.9780,14.1538,70.4176,1.1868,6.1508,24.0851,-2.1644,15.2411,67.1993,-2.0463,15.5696,24.0851,-2.1644,15.2411,67.1993,-2.0463,15.5696,50,100,100,-450,-450,850,0
173,1786708471.2078,1786708471.2122,0.03335,24.4396,-1.9780,14.6813,69.3626,0.1319,8.5317,23.9182,-2.2628,15.7027,66.7719,-2.4717,17.7607,23.9182,-2.2628,15.7027,66.7719,-2.4717,17.7607,100,0,150,-300,-400,1050,0
174,1786708471.2411,1786708471.2454,0.0334,24.4396,-1.9780,15.2967,68.6593,-0.6593,10.7804,23.6594,-2.4860,16.1816,66.3394,-3.3173,19.8514,23.6594,-2.4860,16.1816,66.3394,-3.3173,19.8514,0,0,150,-200,-300,1000,0
175,1786708471.2745,1786708471.2788,0.03339,24.4396,-1.8901,15.7363,67.8681,-1.4505,13.2937,23.4460,-2.7725,16.6703,66.2956,-3.4758,21.3594,23.4460,-2.7725,16.6703,66.2956,-3.4758,21.3594,0,50,150,-300,-200,1100,0
176,1786708471.3079,1786708471.3121,0.03336,24.2637,-1.8901,16.2637,67.5165,-2.0659,15.6746,23.2122,-2.8959,17.0479,66.3180,-3.9011,22.4473,23.2122,-2.8959,17.0479,66.3180,-3.9011,22.4473,-50,0,200,-150,-250,1050,0
177,1786708471.3413,1786708471.3455,0.03338,24.0000,-1.8901,16.6154,67.1648,-2.7692,17.8571,22.9919,-3.1717,17.9015,66.2965,-3.9080,23.3919,22.9919,-3.1717,17.9015,66.2965,-3.9080,23.3919,-100,0,100,-150,-200,1000,0
178,1786708471.3747,1786708471.3799,0.03341,23.7363,-1.8901,17.1429,66.9890,-3.1209,19.5767,22.6938,-3.5043,18.4837,66.1802,-4.0915,23.9300,22.6938,-3.5043,18.4837,66.1802,-4.0915,23.9300,-100,0,200,-100,-150,750,0
179,1786708471.4081,1786708471.4125,0.03338,23.5604,-1.8901,17.8462,66.8132,-3.3846,20.9656,22.4454,-3.7136,19.0370,65.8599,-4.5399,24.4007,22.4454,-3.7136,19.0370,65.8599,-4.5399,24.4007,-50,0,200,-50,-100,600,0
180,1786708471.4414,1786708471.4456,0.03337,23.2967,-1.8901,18.4615,66.6374,-3.6484,22.0238,22.4578,-4.1150,19.7911,65.8672,-4.3725,24.6504,22.4578,-4.1150,19.7911,65.8672,-4.3725,24.6504,-50,0,200,-100,-100,550,0
181,1786708471.4748,1786708471.479,0.03337,23.0330,-1.8901,18.9011,66.4615,-4.0000,22.8836,22.1477,-4.4622,20.1882,65.6938,-4.5543,24.8894,22.1477,-4.4622,20.1882,65.6938,-4.5543,24.8894,-100,0,100,-50,-150,400,0
182,1786708471.5082,1786708471.5125,0.03338,22.8571,-1.9780,19.6923,66.2857,-4.0879,23.4127,22.0386,-4.7505,20.6564,65.5302,-5.0070,24.9921,22.0386,-4.7505,20.6564,65.5302,-5.0070,24.9921,-50,0,250,-100,-50,200,0
183,1786708471.5416,1786708471.5458,0.03338,22.5934,-2.0659,20.1319,66.1099,-4.1758,23.9418,21.7012,-5.1851,21.3143,65.2131,-5.2809,25.1645,21.7012,-5.1851,21.3143,65.2131,-5.2809,25.1645,-50,-50,150,-100,0,250,0
184,1786708471.575,1786708471.5791,0.03341,22.4176,-2.0659,20.4835,66.1099,-4.3516,24.2725,21.7380,-5.2514,21.8693,64.8885,-5.5901,25.1445,21.7380,-5.2514,21.8693,64.8885,-5.5901,25.1445,-50,0,50,0,-100,150,0
185,1786708471.6084,1786708471.6129,0.03342,22.2418,-2.3297,21.0989,65.7582,-4.8791,24.5370,21.4466,-5.7802,22.6245,64.3188,-5.5074,25.2833,21.4466,-5.7802,22.6245,64.3188,-5.5074,25.2833,-100,-50,200,-100,-250,100,0
186,1786708471.6417,1786708471.646,0.03334,22.1538,-2.5055,21.7143,65.4066,-4.9670,24.6693,21.4567,-5.8373,23.3209,63.7903,-5.6059,25.2342,21.4567,-5.8373,23.3209,63.7903,-5.6059,25.2342,0,-50,200,-100,-50,50,0
187,1786708471.6751,1786708471.6794,0.03338,22.0659,-2.7692,22.4176,64.9670,-5.1429,24.8677,21.2859,-6.3535,23.7535,63.0477,-5.3762,25.1223,21.2859,-6.3535,23.7535,63.0477,-5.3762,25.1223,-50,-50,200,-150,-100,50,0
188,1786708471.7085,1786708471.7129,0.03342,21.8901,-2.9451,23.2088,64.5275,-5.3187,24.9339,21.0390,-6.4574,24.5552,62.0988,-5.5747,25.0954,21.0390,-6.4574,24.5552,62.0988,-5.5747,25.0954,-50,-100,250,-200,-50,0,0
189,1786708471.7419,1786708471.7462,0.03336,21.7143,-3.2088,23.7363,64.0000,-5.2308,24.9339,20.9475,-6.7108,25.1386,61.4105,-5.4758,25.1146,20.9475,-6.7108,25.1386,61.4105,-5.4758,25.1146,-50,-100,200,-150,50,0,0
190,1786708471.7753,1786708471.7796,0.03339,21.7143,-3.2967,24.3516,63.2088,-5.3187,24.9339,20.9191,-6.8625,25.9199,60.4895,-5.6036,25.0555,20.9191,-6.8625,25.9199,60.4895,-5.6036,25.0555,0,-50,200,-250,-50,0,0
191,1786708471.8086,1786708471.8128,0.03336,21.5385,-3.6484,24.9670,62.4176,-5.3187,24.9339,20.5940,-7.1141,26.3246,59.8637,-5.7561,24.9231,20.5940,-7.1141,26.3246,59.8637,-5.7561,24.9231,-50,-100,200,-300,0,0,0
192,1786708471.8421,1786708471.8466,0.03343,21.3626,-3.8242,25.7582,61.6264,-5.4945,24.9339,20.5792,-7.3810,26.7975,59.1121,-5.6757,25.0046,20.5792,-7.3810,26.7975,59.1121,-5.6757,25.0046,-100,-50,250,-250,-50,0,0
193,1786708471.8754,1786708471.8797,0.03337,21.0989,-4.1758,26.2857,60.9231,-5.3187,24.9339,20.3709,-7.6566,27.2573,58.5545,-5.6445,25.0651,20.3709,-7.6566,27.2573,58.5545,-5.6445,25.0651,-100,-100,150,-300,50,0,0
194,1786708471.9088,1786708471.913,0.03337,20.9231,-4.3516,26.6374,60.2198,-5.3187,24.9339,20.1250,-7.6195,27.6573,58.1037,-5.8104,25.0161,20.1250,-7.6195,27.6573,58.1037,-5.8104,25.0161,-50,-50,100,-250,50,0,0
195,1786708471.9422,1786708471.9464,0.03343,20.8352,-4.7033,27.2527,59.6044,-5.4066,24.9339,20.0465,-7.7290,27.8817,57.7502,-5.9678,24.9970,20.0465,-7.7290,27.8817,57.7502,-5.9678,24.9970,-50,-100,200,-200,-50,0,0
196,1786708471.9756,1786708471.9797,0.03332,20.6593,-4.8791,27.6923,59.0769,-5.3187,24.9339,19.8898,-7.6962,28.0719,57.2953,-6.3324,24.9944,19.8898,-7.6962,28.0719,57.2953,-6.3324,24.9944,-50,-50,150,-150,50,0,0
197,1786708472.009,1786708472.0133,0.03341,20.5714,-4.8791,27.8681,58.5495,-5.4945,24.9339,19.7936,-8.0105,28.4099,56.9539,-6.7990,25.0119,19.7936,-8.0105,28.4099,56.9539,-6.7990,25.0119,-50,0,50,-150,0,0,0
198,1786708472.0424,1786708472.0469,0.03344,20.3956,-4.8791,28.1319,58.1099,-5.9341,24.9339,19.5882,-8.1953,28.6190,56.6833,-7.0433,25.0804,19.5882,-8.1953,28.6190,56.6833,-7.0433,25.0804,-50,0,100,-200,-200,0,0
199,1786708472.0757,1786708472.08,0.03333,20.2198,-5.1429,28.3956,57.6703,-6.2857,24.9339,19.5899,-8.1962,28.7051,56.3120,-7.0615,24.9534,19.5899,-8.1962,28.7051,56.3120,-7.0615,24.9534,-50,-100,100,-150,-100,0,0
200,1786708472.1091,1786708472.33,0.03339,20.0440,-5.2308,28.5714,57.3187,-6.5495,24.9339,20.9093,-3.0531,26.9476,59.5471,-4.1863,26.0511,20.9093,-3.0531,26.9476,59.5471,-4.1863,26.0511,-50,0,100,-100,-100,0,1
201,1786708472.3311,1786708472.3359,0.22201,19.8681,-5.2308,28.6593,56.7033,-6.7253,24.9339,21.0671,-3.1603,27.1392,59.8338,-4.6307,25.9560,21.0671,-3.1603,27.1392,59.8338,-4.6307,25.9560,-100,0,0,0,0,0,1
202,1786708472.3644,1786708472.3688,0.03331,19.7802,-5.2308,28.6593,56.7033,-6.7253,24.9339,21.0728,-2.9278,27.1751,59.9012,-4.2846,25.9437,21.0728,-2.9278,27.1751,59.9012,-4.2846,25.9437,-50,0,0,0,0,0,0
203,1786708472.3978,1786708472.4021,0.03337,20.0440,-4.9670,28.5714,57.3187,-6.1978,25.2646,21.3262,-2.8571,26.9644,60.0528,-4.1020,25.8990,21.3262,-2.8571,26.9644,60.0528,-4.1020,25.8990,0,0,0,250,150,100,0
204,1786708472.4312,1786708472.4354,0.03337,20.5714,-3.9121,28.4835,58.4615,-5.4066,25.5291,21.3216,-2.6899,26.8605,60.0739,-3.8334,25.7933,21.3216,-2.6899,26.8605,60.0739,-3.8334,25.7933,150,350,-50,450,250,100,0
205,1786708472.4646,1786708472.4691,0.03341,20.9231,-2.9451,28.6593,59.0769,-4.9670,25.5291,21.3464,-2.7197,26.5438,60.2653,-3.4440,25.7566,21.3464,-2.7197,26.5438,60.2653,-3.4440,25.7566,150,350,50,200,200,0,0
206,1786708472.498,1786708472.5035,0.03337,21.0989,-2.5934,28.6593,59.4286,-4.6154,25.5291,21.3529,-2.8218,26.1993,60.3359,-3.2699,25.7390,21.3529,-2.8218,26.1993,60.3359,-3.2699,25.7390,50,50,0,100,150,0,0
207,1786708472.5314,1786708472.536,0.03342,21.0110,-2.7692,28.4835,59.6044,-4.2637,25.5291,21.4308,-2.8143,25.8700,60.4138,-2.8415,25.7137,21.4308,-2.8143,25.8700,60.4138,-2.8415,25.7137,0,-50,-100,100,150,0,0
208,1786708472.5647,1786708472.5693,0.03333,20.6593,-2.7692,28.0440,59.7802,-3.9121,25.5291,21.6295,-2.8008,25.2439,60.6028,-2.6059,25.7179,21.6295,-2.8008,25.2439,60.6028,-2.6059,25.7179,-200,0,-150,100,100,0,0
209,1786708472.5982,1786708472.6024,0.03347,20.5714,-2.5055,27.8681,59.9560,-3.5604,25.5291,21.7560,-2.7022,24.7992,60.7163,-2.1125,25.6938,21.7560,-2.7022,24.7992,60.7163,-2.1125,25.6938,0,50,-100,50,150,0,0
210,1786708472.6315,1786708472.6357,0.03335,20.9231,-2.5055,27.7802,60.2198,-3.2088,25.5291,21.9239,-2.8572,24.6619,60.7501,-2.1875,25.6692,21.9239,-2.8572,24.6619,60.7501,-2.1875,25.6692,50,50,-50,50,100,0,0
211,1786708472.665,1786708472.6696,0.03344,21.3626,-2.5055,27.4286,60.3077,-2.8571,25.5291,22.0518,-2.7334,24.1996,60.8324,-1.7867,25.6673,22.0518,-2.7334,24.1996,60.8324,-1.7867,25.6673,200,0,-50,50,150,0,0
212,1786708472.6983,1786708472.7027,0.03337,21.6264,-2.5055,26.9890,60.3077,-2.6813,25.5291,21.9695,-3.0123,23.8514,61.0505,-1.6029,25.7159,21.9695,-3.0123,23.8514,61.0505,-1.6029,25.7159,50,0,-150,0,50,0,0
213,1786708472.7317,1786708472.736,0.03338,21.6264,-2.5055,26.6374,60.4835,-2.4176,25.5291,21.7915,-3.1130,23.7153,61.0820,-1.5525,25.6480,21.7915,-3.1130,23.7153,61.0820,-1.5525,25.6480,0,0,-100,100,100,0,0
214,1786708472.7651,1786708472.7695,0.0334,21.3626,-2.5055,26.1978,60.4835,-2.1538,25.5291,21.6971,-3.1303,23.2348,61.1890,-1.5110,25.6341,21.6971,-3.1303,23.2348,61.1890,-1.5110,25.6341,-50,0,-150,0,100,0,0
215,1786708472.7985,1786708472.8026,0.03335,21.1868,-2.5055,25.9341,60.4835,-1.9780,25.5291,21.6104,-3.3053,23.0191,61.4093,-1.7481,25.5988,21.6104,-3.3053,23.0191,61.4093,-1.7481,25.5988,-50,0,-100,0,50,0,0
216,1786708472.8319,1786708472.8361,0.0334,21.1868,-2.5055,25.5824,60.6593,-1.9780,25.5291,21.4897,-3.4129,22.7868,61.5052,-1.8738,25.5476,21.4897,-3.4129,22.7868,61.5052,-1.8738,25.5476,0,0,-150,100,0,0,0
217,1786708472.8652,1786708472.8694,0.03337,21.2747,-2.5055,25.3187,60.9231,-1.9780,25.5291,21.4309,-3.4754,22.6326,61.9307,-1.7821,25.5633,21.4309,-3.4754,22.6326,61.9307,-1.7821,25.5633,0,0,-100,100,0,0,0
218,1786708472.8987,1786708472.9032,0.03346,21.3626,-2.5055,25.1429,61.0110,-1.9780,25.5291,21.4710,-3.4045,22.6455,62.3001,-2.1678,25.6108,21.4710,-3.4045,22.6455,62.3001,-2.1678,25.6108,50,0,-100,50,0,0,0
219,1786708472.932,1786708472.9363,0.03333,21.4505,-2.5055,24.9670,61.3626,-1.9780,25.5291,21.3849,-3.2951,22.8277,62.5163,-2.3475,25.5887,21.3849,-3.2951,22.8277,62.5163,-2.3475,25.5887,50,0,-50,150,0,0,0
220,1786708472.9654,1786708472.9697,0.03341,21.4505,-2.5055,24.7912,61.7143,-1.9780,25.5291,21.5692,-3.4111,23.0032,62.8190,-2.7363,25.5756,21.5692,-3.4111,23.0032,62.8190,-2.7363,25.5756,0,0,-50,100,0,0,0
221,1786708472.9988,1786708473.0031,0.03337,21.4505,-2.5055,24.7912,62.0659,-1.9780,25.5291,21.8105,-3.2810,23.4085,63.1611,-3.0184,25.6348,21.8105,-3.2810,23.4085,63.1611,-3.0184,25.6348,0,0,0,150,0,0,0
222,1786708473.0322,1786708473.0365,0.03338,21.4505,-2.5055,24.7912,62.2418,-2.2418,25.5291,21.8346,-3.3023,23.6417,63.2173,-3.5201,25.5795,21.8346,-3.3023,23.6417,63.2173,-3.5201,25.5795,0,0,0,50,-100,0,0
223,1786708473.0656,1786708473.0697,0.0334,21.4505,-2.5055,24.7912,62.6813,-2.5934,25.5291,22.1842,-3.3934,24.2166,63.3924,-3.6426,25.6694,22.1842,-3.3934,24.2166,63.3924,-3.6426,25.6694,0,0,0,150,-100,0,0
224,1786708473.099,1786708473.1035,0.03344,21.4505,-2.5055,24.7912,62.8571,-3.0330,25.5291,22.3356,-3.3505,24.6311,63.2986,-3.5541,25.6528,22.3356,-3.3505,24.6311,63.2986,-3.5541,25.6528,0,0,0,50,-150,0,0
225,1786708473.1324,1786708473.1367,0.03338,21.5385,-2.5055,24.7912,62.9451,-3.1209,25.5291,22.4714,-3.1279,25.1690,63.1586,-3.5156,25.6662,22.4714,-3.1279,25.1690,63.1586,-3.5156,25.6662,50,0,0,50,0,0,0
226,1786708473.1657,1786708473.17,0.03333,21.6264,-2.5055,25.1429,62.9451,-3.1209,25.5291,22.4946,-3.0182,25.5451,62.8733,-3.4711,25.6829,22.4946,-3.0182,25.5451,62.8733,-3.4711,25.6829,50,0,50,0,0,0,0
227,1786708473.1992,1786708473.2035,0.03345,21.7143,-2.5055,25.4066,62.9451,-3.2967,25.5291,22.6815,-3.0049,26.1055,62.7076,-3.6936,25.7106,22.6815,-3.0049,26.1055,62.7076,-3.6936,25.7106,50,0,100,0,-50,0,0
228,1786708473.2325,1786708473.2367,0.03335,21.8901,-2.5055,25.6703,62.9451,-3.2967,25.5291,22.7959,-2.9759,26.2836,62.2777,-3.4199,25.6918,22.7959,-2.9759,26.2836,62.2777,-3.4199,25.6918,50,0,100,0,0,0,0
229,1786708473.2659,1786708473.2701,0.0334,22.1538,-2.5055,26.1099,62.9451,-3.2967,25.5291,22.9195,-2.8727,26.6960,62.1294,-3.6940,25.7018,22.9195,-2.8727,26.6960,62.1294,-3.6940,25.7018,100,0,150,0,0,0,0
230,1786708473.2993,1786708473.3037,0.03338,22.3297,-2.5055,26.2857,62.8571,-3.2967,25.5291,22.9087,-2.8055,26.9537,61.9738,-3.6849,25.7010,22.9087,-2.8055,26.9537,61.9738,-3.6849,25.7010,50,0,100,0,0,0,0
231,1786708473.3327,1786708473.337,0.03341,22.5055,-2.5055,26.6374,62.3297,-3.2967,25.5291,23.0332,-2.6745,27.1792,61.9302,-3.8565,25.7564,23.0332,-2.6745,27.1792,61.9302,-3.8565,25.7564,50,0,150,-250,0,0,0
232,1786708473.3661,1786708473.3702,0.03339,22.6813,-2.5055,26.9890,62.4176,-3.3846,25.5291,23.0636,-2.7567,27.5198,61.6320,-3.9827,25.7286,23.0636,-2.7567,27.5198,61.6320,-3.9827,25.7286,50,0,100,50,-50,0,0
233,1786708473.3995,1786708473.4037,0.03342,22.7692,-2.5055,27.1648,62.2418,-3.6484,25.5291,23.0551,-2.7747,27.5734,61.6077,-4.0131,25.7263,23.0551,-2.7747,27.5734,61.6077,-4.0131,25.7263,50,0,50,0,-50,0,0
234,1786708473.4329,1786708473.4371,0.0334,22.8571,-2.5055,27.5165,62.3297,-3.6484,25.5291,23.0433,-2.7167,27.6911,61.4514,-3.8751,25.6850,23.0433,-2.7167,27.6911,61.4514,-3.8751,25.6850,0,0,150,50,0,0,0
235,1786708473.4663,1786708473.4705,0.03338,22.8571,-2.4176,27.6923,62.1538,-3.5604,25.5291,23.1335,-2.6645,27.9816,61.3281,-3.9145,25.6449,23.1335,-2.6645,27.9816,61.3281,-3.9145,25.6449,50,50,50,-50,50,0,0
236,1786708473.4997,1786708473.5041,0.03338,22.8571,-2.4176,27.6923,61.8901,-3.7363,25.5291,23.1743,-2.6987,27.9116,61.2731,-3.7701,25.6671,23.1743,-2.6987,27.9116,61.2731,-3.7701,25.6671,0,0,0,-100,-100,0,0
237,1786708473.5331,1786708473.5373,0.03338,22.8571,-2.4176,27.8681,61.8022,-3.7363,25.5291,23.1137,-2.6394,28.4669,61.2068,-3.8350,25.6388,23.1137,-2.6394,28.4669,61.2068,-3.8350,25.6388,0,0,50,0,0,0,0
238,1786708473.5665,1786708473.5707,0.0334,22.8571,-2.4176,27.9560,61.7143,-3.7363,25.5291,22.9583,-2.6193,28.2853,61.1283,-3.7842,25.5612,22.9583,-2.6193,28.2853,61.1283,-3.7842,25.5612,0,0,0,0,0,0,0
239,1786708473.5998,1786708473.604,0.03337,22.8571,-2.4176,28.3077,61.4505,-3.7363,25.5291,23.0612,-2.5170,28.3833,61.0908,-3.6562,25.6212,23.0612,-2.5170,28.3833,61.0908,-3.6562,25.6212,0,0,100,-100,0,0,0
240,1786708473.6333,1786708473.6375,0.03349,22.8571,-2.4176,28.3077,61.6264,-3.6484,25.5291,23.0047,-2.4081,28.5702,61.2116,-4.0876,25.6408,23.0047,-2.4081,28.5702,61.2116,-4.0876,25.6408,0,0,0,0,50,0,0
241,1786708473.6667,1786708473.6708,0.03336,22.8571,-2.4176,28.3077,61.6264,-3.7363,25.5291,22.9982,-2.3781,28.7378,61.1698,-4.3210,25.7208,22.9982,-2.3781,28.7378,61.1698,-4.3210,25.7208,0,0,0,0,-50,0,0
242,1786708473.7001,1786708473.7042,0.03337,22.8571,-2.4176,28.4835,61.6264,-3.7363,25.5291,22.8971,-2.2972,28.4277,61.1980,-4.5622,25.6650,22.8971,-2.2972,28.4277,61.1980,-4.5622,25.6650,0,0,50,0,0,0,0
243,1786708473.7335,1786708473.7379,0.0334,22.8571,-2.4176,28.6593,61.6264,-3.8242,25.5291,22.7512,-2.1722,28.2324,61.1515,-4.5240,25.5422,22.7512,-2.1722,28.2324,61.1515,-4.5240,25.5422,0,0,50,0,-50,0,0
244,1786708473.7668,1786708473.7712,0.03337,22.8571,-2.3297,28.7473,61.6264,-4.1758,25.5291,22.4957,-2.0337,28.1354,61.1842,-4.6199,25.1863,22.4957,-2.0337,28.1354,61.1842,-4.6199,25.1863,0,50,0,0,-150,0,0
245,1786708473.8002,1786708473.8049,0.03338,22.8571,-2.1538,28.7473,61.6264,-4.1758,25.5291,22.5432,-1.6717,27.5546,61.2858,-4.2786,24.3986,22.5432,-1.6717,27.5546,61.2858,-4.2786,24.3986,0,50,0,0,0,0,0
246,1786708473.8336,1786708473.8382,0.03337,22.8571,-1.8901,28.7473,61.6264,-4.3516,25.3968,22.5310,-1.7029,27.2107,61.6238,-4.8631,22.7090,22.5310,-1.7029,27.2107,61.6238,-4.8631,22.7090,0,100,0,0,-100,0,0
247,1786708473.867,1786708473.8716,0.0334,22.8571,-1.5385,28.7473,61.6264,-4.2637,24.9339,22.3194,-1.4014,27.3840,62.0402,-5.2946,20.0466,22.3194,-1.4014,27.3840,62.0402,-5.2946,20.0466,0,150,0,0,50,-200,0
248,1786708473.9004,1786708473.905,0.03341,22.8571,-1.3626,28.6593,61.7143,-4.5275,24.1402,21.9922,-0.8126,27.1986,62.5559,-5.8567,16.5606,21.9922,-0.8126,27.1986,62.5559,-5.8567,16.5606,0,50,-50,50,-50,-350,0
249,1786708473.9338,1786708473.9387,0.03342,22.7692,-1.2747,28.6593,61.7143,-4.8791,22.6852,21.6969,-0.0773,26.7574,63.3856,-6.3669,12.1768,21.6969,-0.0773,26.7574,63.3856,-6.3669,12.4206,-50,0,0,0,-100,-500,0
250,1786708473.9672,1786708474.1897,0.03337,22.6813,-0.8352,28.5714,61.8022,-5.3187,20.5688,25.4237,1.8119,25.6959,61.2308,2.7117,19.0528,25.4237,1.8119,25.6959,61.2308,2.7117,19.0528,-50,150,-50,0,-200,-900,1
251,1786708474.1909,1786708474.1957,0.22374,22.2418,0.2198,28.4835,63.0330,-6.1978,12.9630,25.4528,1.6495,25.7792,61.4728,2.9042,18.8287,25.4528,1.6495,25.7792,61.4728,2.9042,18.8287,0,0,0,50,50,-100,1
252,1786708474.2242,1786708474.2285,0.03334,22.1538,0.2198,28.3956,62.9451,-6.1978,12.8307,25.5151,1.7135,26.2429,61.7933,3.2132,18.6087,25.5151,1.7135,26.2429,61.7933,3.2132,18.6087,-50,0,-50,0,0,-50,0
253,1786708474.2576,1786708474.2618,0.03338,22.3297,0.9231,28.0440,62.5055,-5.3187,13.1614,25.3769,1.5055,26.7208,62.0936,2.9268,18.4732,25.3769,1.5055,26.7208,62.0936,2.9268,18.4732,-50,300,-100,0,100,150,0
254,1786708474.291,1786708474.2953,0.03342,23.3846,1.6264,27.8681,61.8022,-3.1209,15.0132,25.2680,1.5558,26.6851,62.5765,2.9547,18.2863,25.2680,1.5558,26.6851,62.5765,2.9547,18.2863,350,300,-50,-300,700,650,0
255,1786708474.3244,1786708474.3286,0.0334,24.4396,1.6264,27.9560,62.4176,-0.4835,16.5344,25.2965,1.5008,27.2027,62.7201,2.6131,18.2607,25.2965,1.5008,27.2027,62.7201,2.6131,18.2607,350,0,50,300,900,750,0
256,1786708474.3578,1786708474.3632,0.03338,24.7033,1.7143,27.9560,62.3297,0.7473,16.9974,25.3595,1.6078,27.1608,62.9798,2.3633,18.1850,25.3595,1.6078,27.1608,62.9798,2.3633,18.1850,150,0,0,0,650,250,0
257,1786708474.3912,1786708474.396,0.03338,24.6154,1.7143,27.9560,62.1538,1.0989,17.2619,25.4894,1.8244,27.5667,63.2012,2.0474,18.1561,25.4894,1.8244,27.5667,63.2012,2.0474,18.1561,0,0,0,-100,150,200,0
258,1786708474.4246,1786708474.429,0.03342,24.5275,1.7143,27.9560,62.6813,1.3626,17.5265,25.3753,1.5335,27.3286,63.2568,2.3227,18.0204,25.3753,1.5335,27.3286,63.2568,2.3227,18.0204,0,0,0,300,50,150,0
259,1786708474.458,1786708474.4622,0.03341,24.7033,1.8022,27.9560,62.7692,1.4505,17.6587,25.2932,1.5813,27.5446,63.4294,2.2073,17.9843,25.2932,1.5813,27.5446,63.4294,2.2073,17.9843,50,0,0,0,100,50,0
260,1786708474.4914,1786708474.496,0.03334,25.1429,1.8901,27.9560,62.6813,1.6264,17.6587,25.2722,1.5192,28.1103,63.4449,2.4048,17.9028,25.2722,1.5192,28.1103,63.4449,2.4048,17.9028,150,0,0,-50,100,0,0
261,1786708474.5248,1786708474.529,0.03344,25.1429,1.8901,27.9560,62.6813,1.8022,17.7249,25.1572,1.4950,28.1365,63.5896,2.2159,17.9896,25.1572,1.4950,28.1365,63.5896,2.2159,17.9896,0,0,0,0,50,0,0
262,1786708474.5582,1786708474.563,0.03337,25.1429,1.8901,28.1319,62.7692,1.8901,17.7910,24.9060,1.6541,28.6881,63.6674,2.0459,18.0828,24.9060,1.6541,28.6881,63.6674,2.0459,18.0828,0,0,0,0,50,0,0
263,1786708474.5916,1786708474.596,0.03338,24.9670,1.8901,28.2198,63.0330,1.8901,17.8571,24.7859,1.6549,28.9002,63.6972,1.9742,18.3200,24.7859,1.6549,28.9002,63.6972,1.9742,18.3200,-100,0,50,100,0,0,0
264,1786708474.625,1786708474.6292,0.03342,24.9670,1.8901,28.3956,63.1209,1.8901,17.8571,24.6506,1.3910,29.0911,63.8262,1.5091,18.5206,24.6506,1.3910,29.0911,63.8262,1.5091,18.5206,0,0,50,50,0,0,0
265,1786708474.6584,1786708474.663,0.03338,25.0549,1.8022,28.6593,63.1209,1.8022,17.9894,24.3495,1.1068,29.2270,64.0395,0.8385,18.8740,24.3495,1.1068,29.2270,64.0395,0.8385,18.8740,50,0,50,0,0,50,0
266,1786708474.6918,1786708474.696,0.03342,25.0549,1.8022,28.8352,63.2088,1.8022,18.1878,24.1649,1.2581,29.2172,63.8529,1.5546,19.1066,24.1649,1.2581,29.2172,63.8529,1.5546,19.1066,0,0,50,50,0,100,0
267,1786708474.7252,1786708474.73,0.0334,24.9670,1.8022,29.0110,63.2088,1.4505,18.4524,24.2967,1.3557,29.1431,64.0948,1.7562,19.4296,24.2967,1.3557,29.1431,64.0948,1.7562,19.4296,-50,0,100,0,-150,100,0
268,1786708474.7586,1786708474.763,0.03338,24.7033,1.8022,29.0110,63.2967,1.4505,18.6508,24.0814,1.2513,29.5387,63.8822,1.4100,19.6811,24.0814,1.2513,29.5387,63.8822,1.4100,19.6811,-50,0,0,50,0,50,0
269,1786708474.792,1786708474.7965,0.03338,24.7033,1.8022,29.0110,63.2967,1.5385,18.9153,23.9878,1.0368,29.2047,64.0416,1.6140,19.9062,23.9878,1.0368,29.2047,64.0416,1.6140,19.9062,0,0,0,0,50,100,0
270,1786708474.8254,1786708474.83,0.03346,24.7033,1.8022,29.1868,63.3846,1.5385,19.2460,24.2012,1.1115,29.6711,64.0025,1.6655,20.0800,24.2012,1.1115,29.6711,64.0025,1.6655,20.0800,0,0,50,50,0,100,0
271,1786708474.8588,1786708474.863,0.03334,24.7033,1.7143,29.2747,63.4725,1.5385,19.3122,24.0895,0.8505,29.1916,64.0495,1.9735,20.0471,24.0895,0.8505,29.1916,64.0495,1.9735,20.0471,0,0,50,50,0,0,0
272,1786708474.8922,1786708474.897,0.03341,24.7033,1.7143,29.3626,63.4725,1.5385,19.5767,24.0054,0.9992,29.2122,64.0867,1.9527,20.0345,24.0054,0.9992,29.2122,64.0867,1.9527,20.0345,0,0,50,0,0,100,0
273,1786708474.9256,1786708474.93,0.03339,24.6154,1.7143,29.3626,63.4725,1.6264,19.6429,23.9931,0.6689,29.0286,64.3961,2.1944,20.0000,23.9931,0.6689,29.0286,64.3961,2.1944,20.0000,0,0,0,0,50,50,0
274,1786708474.9589,1786708474.9631,0.03339,24.6154,1.7143,29.3626,63.4725,1.6264,19.6429,24.0505,0.9114,29.3507,64.5104,2.4007,19.9909,24.0505,0.9114,29.3507,64.5104,2.4007,19.9909,0,0,0,0,0,0,0
275,1786708474.9924,1786708474.997,0.03343,24.6154,1.7143,29.3626,63.6484,1.6264,19.8413,23.7337,0.9586,29.3133,64.3488,2.8733,19.9784,23.7337,0.9586,29.3133,64.3488,2.8733,19.9784,0,0,0,0,0,150,0
276,1786708475.0257,1786708475.03,0.03336,24.6154,1.7143,29.3626,63.7363,1.8022,19.8413,23.9364,0.6111,28.9399,64.4817,2.2777,20.1182,23.9364,0.6111,28.9399,64.4817,2.2777,20.1182,0,0,0,50,50,0,0
277,1786708475.0591,1786708475.064,0.03338,24.5275,1.7143,29.3626,63.7363,2.1538,19.8413,24.0329,0.7645,29.0192,64.7835,2.8784,19.9749,24.0329,0.7645,29.0192,64.7835,2.8784,19.9749,0,0,0,0,150,0,0
278,1786708475.0925,1786708475.097,0.0334,24.5275,1.7143,29.3626,63.7363,2.0659,19.8413,23.7975,1.1883,28.9955,64.8251,2.7225,19.8698,23.7975,1.1883,28.9955,64.8251,2.7225,19.8698,-50,0,0,0,-50,0,0
279,1786708475.1259,1786708475.1301,0.03342,24.5275,1.7143,29.2747,63.9121,2.3297,19.8413,24.0189,1.0992,28.1666,65.2470,2.9805,19.0533,24.0189,1.0992,28.1666,65.2470,2.9805,19.0533,0,0,0,50,100,0,0
280,1786708475.1594,1786708475.164,0.03344,24.5275,1.7143,29.2747,64.0879,2.4176,19.8413,23.9681,1.7868,27.6971,65.4678,3.3432,16.7544,23.9681,1.7868,27.6971,65.4678,3.3432,16.7544,0,0,0,50,50,0,0
281,1786708475.1927,1786708475.197,0.03332,24.5275,1.7143,29.0110,64.3516,2.5934,19.5767,24.1787,2.0247,27.3406,65.7151,3.3459,13.3296,24.1787,2.0247,27.3406,65.7151,3.3459,13.3296,0,0,-50,100,50,-150,0
282,1786708475.2262,1786708475.231,0.0335,24.5275,1.8901,28.6593,64.6154,2.7692,18.6508,24.0650,2.3484,27.7522,65.8402,3.7842,9.4604,24.0650,2.3484,27.7522,65.8402,3.7842,9.4604,0,50,-150,100,100,-350,0
283,1786708475.2595,1786708475.2641,0.03333,24.5275,2.0659,28.3956,64.7912,2.9451,16.9312,24.3234,2.7100,27.5413,65.6196,3.4466,5.2088,24.3234,2.7100,27.5413,65.6196,3.4466,6.6667,0,50,-100,100,0,-700,0
284,1786708475.2929,1786708475.2974,0.0334,24.5275,2.2418,28.2198,64.8791,3.1209,14.6164,24.3978,3.6495,27.6409,65.1316,3.4207,0.9815,24.3978,3.6495,27.6409,65.1316,3.4207,4.2196,0,50,-50,50,100,-1100,0
285,1786708475.3264,1786708475.3311,0.03348,24.5275,2.5055,28.2198,64.8791,3.1209,11.8386,24.4229,4.6917,27.6131,64.7333,3.3805,-0.7522,24.4229,4.6917,27.6131,64.7333,3.3805,1.5741,0,100,0,0,0,-1200,0
286,1786708475.3597,1786708475.364,0.03329,24.5275,3.0330,28.1319,64.8791,3.1209,9.1931,24.7444,5.2704,27.7010,64.4022,3.0708,-1.0136,24.7444,5.2704,27.7010,64.4022,3.0708,-1.0136,0,200,-50,0,0,-1200,0
287,1786708475.3931,1786708475.3973,0.0334,24.5275,3.8242,27.8681,64.7033,3.1209,6.2831,24.8705,5.5966,27.5538,64.5126,2.5709,-1.1267,24.8705,5.5966,27.5538,64.5126,2.5709,-1.1267,0,250,-150,-50,0,-1300,0
288,1786708475.4265,1786708475.4311,0.03345,24.4396,4.3516,27.7802,64.6154,3.1209,3.9021,25.0370,6.2658,27.3629,64.2924,2.1000,-0.8069,25.0370,6.2658,27.3629,64.2924,2.1000,-0.8069,0,200,-50,-50,0,-1000,0
289,1786708475.4599,1786708475.4641,0.03333,24.2637,4.7912,27.6923,64.6154,2.9451,2.5794,25.0511,6.0958,27.2778,64.4913,0.4834,-0.4770,25.0511,6.0958,27.2778,64.4913,0.4834,-0.4770,-50,150,0,0,-50,-650,0
290,1786708475.4933,1786708475.498,0.03341,24.2637,4.9670,27.6923,64.6154,2.5934,1.9180,24.9824,5.8825,26.1371,64.6214,-1.2930,-0.1518,24.9824,5.8825,26.1371,64.6214,-1.2930,-0.1518,0,50,0,0,-150,-300,0
291,1786708475.5267,1786708475.531,0.03339,24.4396,5.1429,27.6044,64.6154,1.8022,1.5212,24.9964,5.8160,25.4332,64.7826,-4.1672,0.1251,24.9964,5.8160,25.4332,64.7826,-4.1672,0.1251,50,100,-50,0,-250,-150,0
292,1786708475.5601,1786708475.5643,0.03338,24.5275,5.4945,27.0769,64.8791,0.3956,1.3889,24.9448,5.4170,24.1454,65.2091,-6.3348,0.2210,24.9448,5.4170,24.1454,65.2091,-6.3348,0.2210,50,100,-200,100,-500,-50,0
293,1786708475.5934,1786708475.598,0.03337,24.5275,5.6703,26.5495,65.0549,-1.2747,1.3228,24.9426,5.2373,23.0445,65.8389,-7.6836,0.3957,24.9426,5.2373,23.0445,65.8389,-7.6836,0.3957,0,0,-100,50,-600,0,0
294,1786708475.6268,1786708475.6313,0.0334,24.6154,5.6703,25.8462,65.0549,-3.2967,1.3228,24.6259,4.1664,21.3691,66.7546,-8.1146,0.5282,24.6259,4.1664,21.3691,66.7546,-8.1146,0.5282,50,0,-250,0,-700,0,0
295,1786708475.6602,1786708475.665,0.03337,24.7033,5.7582,24.7912,65.4066,-5.0549,1.3228,24.3777,3.0159,19.4439,67.8521,-8.2612,0.6512,24.3777,3.0159,19.4439,67.8521,-8.2612,0.6512,0,50,-350,100,-600,0,0
296,1786708475.6936,1786708475.698,0.03337,24.7033,5.6703,24.0000,65.9341,-6.2857,1.3228,24.1197,1.7393,16.5983,69.7349,-8.2300,0.7091,24.1197,1.7393,16.5983,69.7349,-8.2300,0.7091,0,-50,-300,150,-350,0,0
297,1786708475.727,1786708475.7312,0.03345,24.7033,5.5824,22.8571,66.7253,-6.9011,1.3228,23.4287,-0.3051,14.0166,71.5207,-8.1806,0.8137,23.4287,-0.3051,14.0166,71.5207,-8.1806,0.8137,0,-50,-350,250,-200,0,0
298,1786708475.7604,1786708475.765,0.03338,24.8791,5.4066,21.2747,67.8681,-7.3407,1.3228,22.9952,-1.9914,11.0752,73.3897,-8.3010,0.8910,22.9952,-1.9914,11.0752,73.3897,-8.3010,0.8910,100,-50,-550,350,-150,0,0
299,1786708475.7938,1786708475.7981,0.03337,24.5275,4.4396,19.0769,69.2747,-7.6044,1.3228,22.1368,-3.8871,8.2070,74.6442,-8.6548,0.8019,22.1368,-3.8871,8.8132,74.6442,-8.6548,0.8019,-150,-350,-750,500,-100,0,0
300,1786708475.8272,1786708476.0531,0.03339,23.9121,2.9451,16.7912,70.9451,-7.8681,1.3228,30.2274,3.2227,10.6543,73.9478,-1.6404,2.1402,30.2274,3.2227,10.6543,73.9478,-1.6404,2.1402,-200,-500,-750,600,-50,0,1
301,1786708476.0543,1786708476.0592,0.22712,22.8571,-1.0989,11.1648,74.1099,-8.3077,1.3228,31.0422,3.0234,10.5582,74.1354,-0.5738,2.2912,31.0422,3.0234,10.5582,74.1354,-0.5738,2.2912,0,0,0,0,0,0,1
302,1786708476.0876,1786708476.0921,0.03329,22.5934,-1.0989,11.1648,74.1099,-8.3077,1.3228,31.5623,2.5001,10.4746,74.2337,0.8613,2.3003,31.5623,2.5001,10.4746,74.2337,0.8613,2.3003,-100,0,0,0,0,0,0
303,1786708476.121,1786708476.1252,0.03337,22.8571,-0.7473,11.2527,74.1099,-7.5165,1.6534,32.2471,2.6656,10.9872,74.1755,1.8818,2.3971,32.2471,2.6656,10.9872,74.1755,1.8818,2.3971,-50,50,0,0,200,50,0
304,1786708476.1544,1786708476.1585,0.0334,24.8791,0.5714,11.2527,74.1099,-5.0549,1.9841,32.8147,2.4606,11.0920,74.3085,2.8873,2.5287,32.8147,2.4606,11.0920,74.3085,2.8873,2.5287,650,450,0,0,950,150,0
305,1786708476.1877,1786708476.1929,0.03337,27.3407,1.9780,11.3407,73.8462,-2.5055,2.0503,33.3781,2.2191,11.4227,74.3353,3.7393,2.5669,33.3781,2.2191,11.4227,74.3353,3.7393,2.5669,800,450,0,-100,850,50,0
306,1786708476.2211,1786708476.2253,0.03339,29.8901,2.5934,11.6044,74.0220,-0.3956,2.1825,33.7933,2.0697,11.7371,74.4169,4.4151,2.5705,33.7933,2.0697,11.7371,74.4169,4.4151,2.5705,1000,250,50,0,800,50,0
307,1786708476.2545,1786708476.2591,0.03339,31.4725,2.5055,11.7802,74.1099,1.1868,2.2487,34.1369,1.5520,12.0050,74.4921,4.4125,2.6992,34.1369,1.5520,12.0050,74.4921,4.4125,2.6992,550,0,50,0,450,50,0
308,1786708476.2879,1786708476.2922,0.0334,32.4396,2.3297,11.7802,73.8462,2.2418,2.2487,34.4900,1.7725,12.3926,74.5947,4.5959,2.6838,34.4900,1.7725,12.3926,74.5947,4.5959,2.6838,300,-100,0,-150,450,0,0
309,1786708476.3212,1786708476.3255,0.03334,32.6154,2.3297,11.9560,73.9341,2.9451,2.3148,34.8138,1.8131,12.6516,74.6414,4.6516,2.7424,34.8138,1.8131,12.6516,74.6414,4.6516,2.7424,150,0,0,0,250,50,0
310,1786708476.3546,1786708476.3588,0.03341,33.0549,2.5055,12.4835,74.2857,3.4725,2.3148,35.1142,1.9203,12.5844,74.8286,4.9501,2.7348,35.1142,1.9203,12.5844,74.8286,4.9501,2.7348,150,100,200,100,150,0,0
311,1786708476.388,1786708476.3922,0.03338,33.6703,2.5055,12.6593,74.3736,3.7363,2.3148,35.2056,2.1652,12.7574,75.0675,5.1856,2.7114,35.2056,2.1652,12.7574,75.0675,5.1856,2.7114,200,0,100,0,200,0,0
312,1786708476.4214,1786708476.4255,0.03338,34.4615,2.5055,12.6593,74.2857,4.1758,2.3148,35.4546,2.4423,12.6314,75.2133,5.4070,2.7329,35.4546,2.4423,12.6314,75.2133,5.4070,2.7329,250,0,0,0,150,0,0
313,1786708476.4548,1786708476.459,0.03337,34.7253,2.4176,12.7473,74.4615,4.5275,2.3148,35.3468,2.4020,12.5821,75.4545,5.5393,2.7459,35.3468,2.4020,12.5821,75.4545,5.5393,2.7459,100,-50,0,0,100,0,0
314,1786708476.4882,1786708476.4926,0.03338,34.8132,2.8571,12.7473,74.9011,4.7912,2.3148,35.3994,2.6762,12.7343,75.8220,5.8126,2.8041,35.3994,2.6762,12.7343,75.8220,5.8126,2.8041,50,100,0,150,150,0,0
315,1786708476.5216,1786708476.5267,0.03341,34.7253,2.9451,12.8352,75.0769,4.9670,2.3148,35.2017,3.0173,12.2750,76.4820,6.1820,2.7984,35.2017,3.0173,12.2750,76.4820,6.1820,2.7984,0,50,0,50,100,0,0
316,1786708476.555,1786708476.5592,0.03339,34.7253,2.8571,12.8352,75.2527,5.3187,2.3148,35.2725,3.2549,12.2883,77.1196,6.9437,2.7632,35.2725,3.2549,12.2883,77.1196,6.9437,2.7632,0,0,0,50,100,0,0
317,1786708476.5883,1786708476.5926,0.03339,34.9011,2.9451,12.7473,75.5165,5.5824,2.3148,35.1965,3.7211,11.8225,77.7971,7.6781,2.7650,35.1965,3.7211,11.8225,77.7971,7.6781,2.7650,50,0,0,100,100,0,0
318,1786708476.6217,1786708476.627,0.03332,34.9890,3.4725,12.7473,76.2198,6.1099,2.3148,35.2270,3.8421,11.5142,78.4981,8.4531,2.8259,35.2270,3.8421,11.5142,78.4981,8.4531,2.8259,50,150,0,250,200,0,0
319,1786708476.6551,1786708476.66,0.03342,34.9890,4.0000,12.7473,76.9231,6.7253,2.3148,35.2404,4.2185,11.4996,78.9077,9.4751,2.8427,35.2404,4.2185,11.4996,78.9077,9.4751,2.8427,0,200,0,250,250,0,0
320,1786708476.6885,1786708476.6935,0.03341,35.0769,4.0879,12.7473,77.3626,7.3407,2.3148,35.2453,4.2487,11.1308,79.1798,10.3752,2.8749,35.2453,4.2487,11.1308,79.1798,10.3752,2.8749,50,50,0,150,200,0,0
321,1786708476.7219,1786708476.7262,0.03341,35.0769,4.2637,12.7473,77.8022,8.2198,2.3148,35.3797,4.5185,11.2579,79.4973,11.1132,3.0093,35.3797,4.5185,11.2579,79.4973,11.1132,3.0093,0,50,0,200,300,0,0
322,1786708476.7553,1786708476.76,0.03338,34.9890,4.4396,12.7473,78.2418,9.0989,2.3148,35.0847,4.2792,11.0069,79.5637,11.7879,3.0962,35.0847,4.2792,11.0069,79.5637,11.7879,3.0962,0,50,0,200,300,0,0
323,1786708476.7887,1786708476.793,0.03336,34.9890,4.6154,12.7473,78.6813,9.8022,2.5132,35.0355,4.4355,10.9928,79.8995,12.4483,3.3363,35.0355,4.4355,10.9928,79.8995,12.4483,3.3363,0,50,0,150,250,100,0
324,1786708476.8221,1786708476.8262,0.0334,34.9890,4.6154,12.7473,78.9451,10.5055,2.6455,34.9476,4.7108,10.9153,80.1857,12.9041,3.6523,34.9476,4.7108,10.9153,80.1857,12.9041,3.6523,0,0,0,100,250,50,0
325,1786708476.8554,1786708476.86,0.03339,34.9890,4.6154,12.7473,79.2088,11.2088,2.9101,34.9096,4.9371,10.6202,80.6998,13.0958,4.1506,34.9096,4.9371,10.6202,80.6998,13.0958,4.1506,0,0,0,100,250,100,0
326,1786708476.8889,1786708476.893,0.03341,34.9890,4.8791,12.7473,79.5604,11.8242,3.1746,34.7074,5.1034,10.1597,81.2075,13.0530,4.6381,34.7074,5.1034,10.1597,81.2075,13.0530,4.6381,0,50,0,100,200,150,0
327,1786708476.9222,1786708476.927,0.03339,35.0769,5.1429,12.7473,79.9121,12.1758,3.5053,34.5968,5.6463,9.9046,81.8093,13.0608,5.2869,34.5968,5.6463,9.9046,81.8093,13.0608,5.2869,50,150,0,150,150,200,0
328,1786708476.9557,1786708476.96,0.03342,35.0769,5.4066,12.5714,80.4396,12.3516,3.8360,34.3505,5.7987,9.5983,82.0044,13.2940,5.8540,34.3505,5.7987,9.5983,82.0044,13.2940,5.8540,0,100,-50,150,50,50,0
329,1786708476.989,1786708476.9936,0.03335,35.0769,5.6703,12.3077,80.8791,12.6154,4.4312,34.2350,6.2152,9.4253,82.0156,13.6473,6.4310,34.2350,6.2152,9.4253,82.0156,13.6473,6.4310,0,50,-100,150,50,300,0
330,1786708477.0224,1786708477.027,0.0334,34.9011,6.0220,11.8681,81.2308,12.7912,4.8942,34.1179,6.4013,9.2303,81.8961,13.7348,6.9676,34.1179,6.4013,9.2303,81.8961,13.7348,6.9676,-50,100,-150,100,100,250,0
331,1786708477.0559,1786708477.06,0.03343,34.7253,6.2857,11.6044,81.4066,13.0549,5.4894,33.9112,6.5498,9.0832,81.6509,14.1110,7.4244,33.9112,6.5498,9.0832,81.6509,14.1110,7.4244,-50,100,-50,50,50,250,0
332,1786708477.0892,1786708477.094,0.03338,34.5495,6.5495,11.3407,81.4945,13.2308,6.0185,33.7486,6.8134,8.9727,81.3625,14.6998,7.8788,33.7486,6.8134,8.9727,81.3625,14.6998,7.8788,-50,100,-100,50,50,250,0
333,1786708477.1227,1786708477.1271,0.03342,34.3736,6.8132,11.1648,81.4066,13.5824,6.5476,33.6440,7.3135,8.7215,81.0388,15.5218,8.2367,33.6440,7.3135,8.7215,81.0388,15.5218,8.2367,-50,100,-50,-50,100,200,0
334,1786708477.156,1786708477.161,0.03339,34.1978,7.0769,11.1648,81.4066,13.9341,7.0767,33.5257,7.4251,8.8451,80.7678,16.3806,8.3910,33.5257,7.4251,8.8451,80.7678,16.3806,8.3910,-50,100,0,0,150,250,0
335,1786708477.1894,1786708477.194,0.03335,34.0220,7.4286,10.9890,81.4066,14.6374,7.4735,33.4086,7.6966,8.3317,80.5793,17.7992,8.6431,33.4086,7.6966,8.3317,80.5793,17.7992,8.6431,-50,150,-100,0,200,200,0
336,1786708477.2228,1786708477.227,0.03343,33.9341,7.6923,10.9890,81.2308,15.3407,7.7381,33.3247,7.8558,7.8154,80.4728,19.6060,8.9186,33.3247,7.8558,7.8154,80.4728,19.6060,8.9186,0,100,0,-50,250,50,0
337,1786708477.2563,1786708477.261,0.03343,33.8462,7.8681,10.7253,81.0549,16.2198,8.0688,33.2109,8.0606,7.6664,80.3136,21.6169,9.2411,33.2109,8.0606,7.6664,80.3136,21.6169,9.2411,0,100,-100,-100,250,150,0
338,1786708477.2896,1786708477.294,0.03335,33.9341,8.0440,10.1099,80.7033,17.6264,8.3995,33.0846,8.5313,7.3968,79.9911,23.6673,9.6241,33.0846,8.5313,7.3968,79.9911,23.6673,9.6241,0,0,-200,-200,450,150,0
339,1786708477.3231,1786708477.328,0.03346,34.0220,8.2198,9.8462,80.7033,19.2088,8.7302,33.0287,8.8697,7.0041,80.0178,25.4914,10.2908,33.0287,8.8697,7.0041,80.0178,25.4914,10.2908,50,50,-50,0,550,150,0
340,1786708477.3564,1786708477.361,0.03335,33.8462,8.6593,9.4945,80.4396,20.9670,8.9947,33.0126,9.3353,6.5983,80.1150,26.5780,10.9131,33.0126,9.3353,6.5983,80.1150,26.5780,10.9131,-50,200,-150,-150,600,150,0
341,1786708477.3898,1786708477.394,0.03338,33.4945,9.0989,9.0549,80.2637,22.7253,9.5238,32.7921,9.7871,6.0684,80.4271,27.2038,11.6440,32.7921,9.7871,6.0684,80.4271,27.2038,11.6440,-50,150,-150,-100,600,200,0
342,1786708477.4232,1786708477.428,0.0334,33.2308,9.5385,8.7912,80.5275,24.2198,10.1190,32.8335,10.1576,5.7764,80.4026,27.5716,12.3005,32.8335,10.1576,5.7764,80.4026,27.5716,12.3005,-100,150,-100,100,550,250,0
343,1786708477.4566,1786708477.461,0.03342,33.0549,9.9780,8.3516,80.3516,25.2747,10.6481,32.6737,10.4879,5.6449,80.4508,28.0188,12.9139,32.6737,10.4879,5.6449,80.4508,28.0188,12.9139,-50,150,-150,-150,400,300,0
344,1786708477.49,1786708477.4948,0.03338,33.0549,10.4176,7.9121,80.3516,26.0659,11.3095,32.5864,10.7171,5.3807,80.6619,28.5085,13.4587,32.5864,10.7171,5.3807,80.6619,28.5085,13.4587,0,100,-150,0,250,250,0
345,1786708477.5234,1786708477.528,0.0334,33.2308,10.5934,7.8242,80.3516,26.7692,11.9048,32.5539,10.9471,5.8120,80.8274,28.5428,13.9448,32.5539,10.9471,5.8120,80.8274,28.5428,13.9448,50,100,-50,0,250,250,0
346,1786708477.5568,1786708477.5612,0.0334,33.2308,10.8571,7.4725,80.3516,27.2967,12.5000,32.4365,10.9959,5.7247,81.0295,29.4087,14.4961,32.4365,10.9959,5.7247,81.0295,29.4087,14.4961,0,50,-100,0,200,250,0
347,1786708477.5902,1786708477.595,0.03337,33.2308,11.1209,7.4725,80.3516,27.7363,13.0291,32.6689,11.4512,5.6907,81.2893,29.4627,14.8837,32.6689,11.4512,5.6907,81.2893,29.4627,14.8837,0,100,0,0,100,250,0
348,1786708477.6235,1786708477.628,0.03337,32.8791,11.2088,7.4725,80.3516,28.2637,13.6243,32.7592,11.4140,6.1360,81.2790,29.8636,15.2943,32.7592,11.4140,6.1360,81.2790,29.8636,15.2943,-150,50,0,0,150,300,0
349,1786708477.657,1786708477.6612,0.03346,32.7033,11.4725,7.4725,80.6154,28.7033,14.0873,32.9103,11.4350,6.0455,81.4648,30.0131,15.5139,32.9103,11.4350,6.0455,81.4648,30.0131,15.5139,-50,100,0,100,150,200,0
350,1786708477.6903,1786708477.9085,0.03335,32.7033,11.5604,7.4725,80.7033,29.0549,14.5503,39.0110,12.8295,4.9355,78.9897,19.0086,14.5656,39.0110,12.8295,4.9355,78.9897,19.6703,14.5656,0,50,0,50,150,200,1
351,1786708477.9097,1786708477.9152,0.21932,32.9670,11.6484,7.4725,81.0549,29.6703,15.1455,39.3631,12.3085,4.4841,78.6956,18.4454,14.2240,39.3631,12.3085,4.4841,78.6956,19.6703,14.2240,0,0,0,0,0,0,1
352,1786708477.9429,1786708477.9478,0.03325,32.9670,11.7363,7.4725,81.0549,29.6703,15.1455,39.6344,12.4227,4.7376,78.5471,18.6960,14.2870,39.6344,12.4227,4.7376,78.5471,19.5824,14.2870,0,50,0,0,0,0,0
353,1786708477.9763,1786708477.9815,0.03343,33.3187,12.2637,7.0330,80.7033,29.0549,14.7487,40.1701,12.1670,5.4785,78.7169,18.2896,14.2496,40.1701,12.1670,5.4785,78.7169,18.8791,14.2496,0,150,-50,-50,-150,-250,0
354,1786708478.0097,1786708478.0145,0.03334,35.0769,12.5275,6.7692,79.2967,26.4176,14.6825,40.5551,12.6540,4.6290,78.3836,18.4450,14.2070,40.5551,12.6540,4.6290,78.3836,18.4450,14.2070,600,100,-100,-450,-900,-100,0
355,1786708478.0431,1786708478.048,0.0334,37.0989,12.5275,6.7692,79.3846,23.6044,14.5503,40.9661,11.9472,5.7804,77.8226,17.6916,14.2368,40.9661,11.9472,5.7804,77.8226,17.6916,14.2368,650,0,0,0,-900,-50,0
356,1786708478.0765,1786708478.0807,0.03339,38.6813,12.7912,6.6813,79.2088,21.4066,14.2857,41.2203,12.7359,5.6221,77.6311,17.9973,14.1080,41.2203,12.7359,5.6221,77.6311,17.9973,14.1080,600,100,0,-100,-800,-50,0
357,1786708478.1099,1786708478.1141,0.03342,39.6484,12.7912,6.5934,78.5055,20.0879,14.3519,41.6185,12.4103,6.4766,77.3846,17.8183,14.1001,41.6185,12.4103,6.4766,77.3846,17.8183,14.1001,350,0,0,-250,-450,50,0
358,1786708478.1433,1786708478.1476,0.03335,40.0879,12.9670,6.5934,78.2418,19.3846,14.2857,41.9850,12.4365,7.0084,76.7905,17.6494,14.0238,41.9850,12.4365,7.0084,76.7905,17.6494,14.0238,150,50,0,-50,-200,-50,0
359,1786708478.1766,1786708478.1811,0.03338,40.2637,12.9670,6.7692,77.9780,18.8571,14.3519,42.2543,12.7919,7.6627,76.2764,17.3216,14.1115,42.2543,12.7919,7.6627,76.2764,17.3216,14.1115,50,0,0,-100,-150,-50,0
360,1786708478.21,1786708478.2144,0.03337,40.7912,12.9670,6.9451,77.6264,18.4176,14.3519,42.8112,11.8899,9.0001,76.0377,18.0418,14.0365,42.8112,11.8899,9.0001,76.0377,18.0418,14.0365,150,0,100,-100,-150,0,0
361,1786708478.2434,1786708478.2476,0.03337,41.1429,12.9670,7.2967,77.1868,18.0659,14.2196,43.2086,11.6364,9.5241,75.3289,18.6947,13.9681,43.2086,11.6364,9.5241,75.3289,18.6947,13.9681,100,0,150,-150,-100,-50,0
362,1786708478.2768,1786708478.281,0.0334,41.5824,12.7912,7.9121,76.7473,18.1538,14.2196,43.6729,11.2881,10.4673,75.2357,18.9923,14.1971,43.6729,11.2881,10.4673,75.2357,18.9923,14.1971,200,-50,150,-100,0,0,0
363,1786708478.3102,1786708478.3144,0.0334,42.0220,12.4396,8.7033,76.2198,18.3297,14.2196,43.8843,11.4410,11.2628,74.7463,19.7770,14.1602,43.8843,11.4410,11.2628,74.7463,19.7770,14.1602,150,-100,250,-150,100,0,0
364,1786708478.3436,1786708478.3477,0.03337,42.2857,12.1758,9.3187,75.9560,18.5055,14.2196,43.8513,10.9000,11.4893,74.6494,20.8413,13.9310,43.8513,10.9000,11.4893,74.6494,20.8413,13.9310,100,-100,200,-150,50,0,0
365,1786708478.377,1786708478.3824,0.03347,42.6374,12.0000,9.9341,75.5165,19.0330,14.2196,43.7893,10.6635,12.0393,74.6098,22.1747,13.9990,43.7893,10.6635,12.0393,74.6098,22.1747,13.9990,100,-50,200,-100,150,0,0
366,1786708478.4104,1786708478.4159,0.03339,42.7253,11.6484,10.3736,75.3407,19.6484,14.1534,43.9049,10.2779,12.4326,74.1966,23.1817,13.8726,43.9049,10.2779,12.4326,74.1966,23.1817,13.8726,50,-100,150,-50,200,0,0
367,1786708478.4438,1786708478.448,0.03335,42.8132,11.3846,10.9011,75.0769,20.7033,14.1534,43.9055,10.3035,12.8325,74.1864,23.7786,14.0448,43.9055,10.3035,12.8325,74.1864,23.7786,14.0448,0,-100,200,-50,350,0,0
368,1786708478.4771,1786708478.4814,0.03337,42.8132,11.1209,11.4286,74.7253,21.6703,14.1534,43.7077,10.2700,13.0955,74.2684,23.8709,14.2094,43.7077,10.2700,13.0955,74.2684,23.8709,14.2094,0,-100,150,-100,350,0,0
369,1786708478.5105,1786708478.5147,0.0334,42.8132,10.9451,11.8681,74.5495,22.4615,14.1534,43.2777,10.3417,12.8562,74.5733,22.8625,14.6731,43.2777,10.3417,12.8562,74.5733,22.8625,14.6731,0,-100,150,-50,250,0,0
370,1786708478.5439,1786708478.5481,0.03337,42.8132,10.7692,12.2198,74.5495,22.8132,14.1534,43.1736,9.9705,13.4794,74.7065,22.2538,15.9370,43.1736,9.9705,13.4794,74.7065,22.2538,15.9370,0,-100,100,0,150,0,0
371,1786708478.5773,1786708478.5815,0.03344,42.8132,10.7692,12.2198,74.4615,22.7253,14.1534,42.7789,10.3517,13.0868,74.8753,22.3664,17.7062,42.7789,10.3517,13.0868,74.8753,22.3664,17.7062,0,0,0,0,0,0,0
372,1786708478.6107,1786708478.6152,0.03337,42.8132,10.5934,12.5714,74.3736,22.4615,14.7487,42.4933,10.2141,13.3734,74.7840,23.2221,19.4034,42.4933,10.2141,13.3734,74.7840,23.2221,19.4034,0,-50,150,-50,-100,400,0
373,1786708478.6441,1786708478.649,0.03337,42.8132,10.5934,12.5714,74.3736,22.4615,15.9392,42.6329,9.9985,14.3586,74.8952,23.3032,20.7349,42.6329,9.9985,14.3586,74.8952,23.3032,20.7349,0,0,0,0,0,500,0
374,1786708478.6775,1786708478.682,0.03339,42.8132,10.5934,12.7473,74.2857,22.6374,17.2619,42.4287,10.0401,13.4099,75.0636,24.4959,21.6507,42.4287,10.0401,13.4099,75.0636,24.4959,21.6507,0,0,50,0,0,600,0
375,1786708478.7109,1786708478.7151,0.03342,42.8132,10.5055,13.1868,74.2857,22.9011,18.6508,42.2246,9.9456,14.1246,75.2503,24.8657,22.3755,42.2246,9.9456,14.1246,75.2503,24.8657,22.3755,0,-50,150,0,100,600,0
376,1786708478.7443,1786708478.749,0.03335,42.8132,10.5055,13.2747,74.2857,23.4286,19.8413,42.2692,9.4457,14.2438,75.0468,25.1817,22.8347,42.2692,9.4457,14.2438,75.0468,25.1817,22.8347,0,0,50,0,200,600,0
377,1786708478.7777,1786708478.7822,0.0334,42.5495,10.5055,13.1868,74.4615,24.0440,20.7672,41.8049,8.8137,13.9624,75.2149,25.1591,23.1359,41.8049,8.8137,13.9624,75.2149,25.1591,23.1359,-50,0,0,0,250,400,0
378,1786708478.8111,1786708478.816,0.03344,42.4615,10.1538,13.4505,74.4615,24.3077,21.4947,41.6913,9.7421,14.0506,75.0576,24.7332,23.2771,41.6913,9.7421,14.0506,75.0576,24.7332,23.2771,-50,-150,100,0,100,300,0
379,1786708478.8445,1786708478.849,0.03339,42.2857,9.8901,13.5385,74.4615,24.4835,22.0238,41.9565,8.8450,14.6182,75.8696,25.3651,23.6828,41.9565,8.8450,14.6182,75.8696,25.3651,23.6828,-50,-150,50,0,50,300,0
380,1786708478.8779,1786708478.8821,0.0334,42.1978,9.8901,13.5385,74.4615,24.5714,22.4868,41.6293,9.5053,14.3013,75.6825,24.9542,23.7857,41.6293,9.5053,14.3013,75.6825,24.9542,23.7857,0,0,0,0,0,150,0
381,1786708478.9113,1786708478.9155,0.03338,42.0220,9.7143,13.7143,74.8132,24.7473,22.8836,41.8698,9.3630,14.7084,75.7585,24.8197,24.0014,41.8698,9.3630,14.7084,75.7585,24.8197,24.0014,-50,-50,50,100,100,200,0
382,1786708478.9446,1786708478.9493,0.03338,42.0220,9.7143,13.9780,74.9890,24.7473,23.1481,41.5454,9.3959,15.5923,75.7061,24.8565,24.2854,41.5454,9.3959,15.5923,75.7061,24.8565,24.2854,0,-50,50,50,0,150,0
383,1786708478.978,1786708478.9824,0.03336,42.0220,9.7143,14.0659,74.9890,24.7473,23.4788,41.6363,8.8625,15.3685,76.2988,24.6323,24.4176,41.6363,8.8625,15.3685,76.2988,24.6323,24.4176,0,0,0,0,0,150,0
384,1786708479.0114,1786708479.0157,0.03337,42.0220,9.6264,14.4176,74.9890,24.7473,23.7434,41.3000,9.2016,14.9396,76.2170,24.6943,24.4136,41.3000,9.2016,14.9396,76.2170,24.6943,24.4136,0,-50,150,0,0,150,0
385,1786708479.0448,1786708479.0492,0.03341,42.0220,9.5385,14.5055,75.2527,24.7473,23.9418,41.4042,8.9247,15.7079,76.3624,24.7467,24.3425,41.4042,8.9247,15.7079,76.3624,24.7467,24.3425,0,0,0,150,0,100,0
386,1786708479.0782,1786708479.0824,0.03339,41.9341,9.5385,14.5055,75.3407,24.7473,24.0079,41.3021,9.1859,15.5056,76.2705,25.4767,24.1293,41.3021,9.1859,15.5056,76.2705,25.4767,24.1293,0,0,0,50,0,0,0
387,1786708479.1116,1786708479.1157,0.03338,41.8462,9.4505,14.7692,75.4286,24.7473,24.0079,41.2360,9.4744,16.4081,76.3823,25.0807,23.9564,41.2360,9.4744,16.4081,76.3823,25.0807,23.9564,-50,-50,50,0,0,0,0
388,1786708479.1449,1786708479.1492,0.03337,41.7582,9.4505,14.8571,75.5165,24.8352,24.0079,41.2717,9.2416,15.2316,76.1331,25.3727,23.6567,41.2717,9.2416,15.2316,76.1331,25.3727,23.6567,-50,0,50,0,50,0,0
389,1786708479.1783,1786708479.1825,0.0334,41.6703,9.4505,15.1209,75.5165,24.9231,24.0079,41.1191,9.5233,15.4749,76.2099,25.5064,23.4026,41.1191,9.5233,15.4749,76.2099,25.5064,23.4026,-50,0,100,0,0,0,0
390,1786708479.2117,1786708479.2165,0.03341,41.6703,9.3626,15.1209,75.5165,24.9231,23.9418,41.1503,9.0775,16.5191,75.7679,25.6420,23.1849,41.1503,9.0775,16.5191,75.7679,25.6420,23.1849,0,0,0,0,0,0,0
391,1786708479.2452,1786708479.25,0.03343,41.6703,9.3626,15.0330,75.5165,25.0110,23.7434,41.3482,9.5549,14.9115,75.2869,25.2397,22.6320,41.3482,9.5549,14.9115,75.2869,25.2397,22.6320,0,0,-50,0,0,-100,0
392,1786708479.2785,1786708479.283,0.03334,41.6703,9.2747,15.3846,75.4286,25.1868,23.5450,41.5781,9.9531,15.5644,75.0811,24.0274,21.6850,41.5781,9.9531,15.5644,75.0811,24.0274,21.6850,0,0,100,-50,50,-100,0
393,1786708479.312,1786708479.3162,0.03345,41.6703,9.2747,15.2967,75.4286,25.0989,23.1481,41.3130,10.5106,14.8460,75.2226,23.1560,20.0715,41.3130,10.5106,14.8460,75.2226,23.1560,20.0715,0,-50,-100,0,0,-150,0
394,1786708479.3454,1786708479.3495,0.03341,41.6703,9.5385,15.0330,75.6044,24.6593,22.5529,41.2206,10.5536,14.1373,74.4243,20.6572,17.6887,41.2206,10.5536,14.1373,74.4243,20.6572,17.6887,0,100,-100,50,-150,-250,0
395,1786708479.3786,1786708479.383,0.03329,41.6703,9.7143,15.0330,75.5165,23.8681,21.4286,40.6400,10.0545,13.4207,74.4591,17.3314,14.4453,40.6400,10.0545,13.4207,74.4591,17.3314,14.4453,0,0,0,-50,-250,-450,0
396,1786708479.412,1786708479.4165,0.03338,41.6703,9.9780,14.5934,75.4286,22.9890,20.0397,40.5103,10.3208,12.1278,73.8263,11.8400,10.5618,40.5103,10.3208,12.1278,73.8263,12.7253,10.5618,0,50,-150,0,-200,-600,0
397,1786708479.4455,1786708479.4503,0.03348,41.4945,9.9780,14.3297,75.1648,20.8791,18.1217,39.6814,10.3207,11.4877,72.5072,5.7053,6.3833,39.6814,10.3207,11.4877,72.5072,10.5275,7.8571,-50,0,-50,-100,-750,-800,0
398,1786708479.4788,1786708479.4835,0.03333,41.2308,10.1538,13.5385,74.6374,18.0659,15.6746,39.0171,11.0039,10.5990,71.7917,0.4911,3.2019,39.0171,11.0039,10.5990,71.7917,7.7143,5.3439,-100,100,-250,-150,-1000,-1100,0
399,1786708479.5122,1786708479.5166,0.03338,40.5275,10.3297,12.7473,73.8462,15.1648,12.8307,39.0917,10.8627,10.8151,71.2129,-2.2914,0.9976,39.0917,10.8627,10.8151,71.2129,4.8132,2.5000,-250,50,-250,-250,-1050,-1250,0
400,1786708479.5456,1786708479.7685,0.03336,39.6484,10.8571,12.3077,72.6154,12.3516,10.3175,34.1107,13.6465,8.1066,69.0270,11.9574,5.1733,34.1107,13.6465,8.1066,69.0270,11.9574,5.1733,-350,150,-200,-500,-950,-1100,1
401,1786708479.7697,1786708479.7746,0.22409,39.2088,11.2088,12.2198,71.6484,5.3187,3.0423,34.2962,13.6534,7.8233,68.3125,11.4938,4.7448,34.2962,13.6534,7.8233,68.3125,11.4938,4.7448,-50,0,-50,0,-100,-50,1
402,1786708479.803,1786708479.8074,0.03335,39.2088,11.2088,12.2198,71.5604,5.2308,2.9101,34.2689,13.6290,8.2422,67.6971,11.4390,4.4811,34.2689,13.6290,8.2422,67.6971,11.4390,4.4811,0,0,0,-50,-50,-100,0
403,1786708479.8364,1786708479.8407,0.03335,38.8571,12.1758,11.6044,70.8571,6.1099,3.1085,34.2594,13.4621,7.6446,67.2804,11.4551,4.4184,34.2594,13.4621,7.6446,67.2804,11.4551,4.4184,-150,400,-200,-300,350,50,0
404,1786708479.8698,1786708479.8744,0.0334,37.4505,13.3187,10.4615,69.0989,7.9560,3.9683,34.3780,14.2498,8.0893,66.7715,11.3134,4.2770,34.3780,14.2498,8.0893,66.7715,11.3134,4.2770,-500,450,-350,-650,600,350,0
405,1786708479.9032,1786708479.9074,0.03337,35.9560,13.4945,10.1978,68.5714,9.3626,4.0344,34.3195,14.2040,7.7835,66.6878,11.3135,4.4499,34.3195,14.2040,7.7835,66.6878,11.3135,4.4499,-400,100,-150,-200,550,150,0
406,1786708479.9365,1786708479.9408,0.03337,35.2527,13.9341,9.9341,67.9560,9.9780,3.9021,34.2660,14.2813,7.7607,66.7321,11.4686,4.5022,34.2660,14.2813,7.7607,66.7321,11.4686,4.5022,-250,200,-50,-250,100,-100,0
407,1786708479.9699,1786708479.9742,0.03337,34.8132,14.2857,9.6703,67.2527,10.2418,4.1667,34.2241,13.6598,8.1193,66.3626,12.1810,4.5589,34.2241,13.6598,8.1193,66.3626,12.1810,4.5589,-150,100,-100,-350,50,100,0
408,1786708480.0033,1786708480.0076,0.03343,34.8132,14.4615,9.5824,67.5165,10.6813,4.2328,34.6485,13.8530,8.0854,66.8663,12.5082,4.8464,34.6485,13.8530,8.0854,66.8663,12.5082,4.8464,-50,100,-50,0,150,0,0
409,1786708480.0367,1786708480.0409,0.03334,34.9890,14.4615,9.6703,67.3407,11.2088,4.1667,34.5656,13.7310,8.3847,67.2338,12.3324,5.2553,34.5656,13.7310,8.3847,67.2338,12.3324,5.2553,50,0,50,-100,150,-50,0
410,1786708480.0701,1786708480.0751,0.03344,34.9890,14.3736,9.5824,66.9011,11.6484,4.5635,34.6688,14.0637,8.1857,67.9692,13.4301,5.6185,34.6688,14.0637,8.1857,67.9692,13.4301,5.6185,0,-50,-50,-250,200,250,0
411,1786708480.1035,1786708480.109,0.03336,34.7253,14.3736,9.5824,67.0769,11.7363,4.6958,34.8346,13.8085,7.5718,68.8611,13.8658,6.2859,34.8346,13.8085,7.5718,68.8611,13.8658,6.2859,-50,0,0,50,50,50,0
412,1786708480.1369,1786708480.1414,0.03342,34.5495,14.4615,9.5824,67.4286,12.2637,5.0265,35.0727,13.7623,7.2557,70.3217,13.6339,7.1493,35.0727,13.7623,7.2557,70.3217,13.6339,7.1493,-50,0,0,100,250,150,0
413,1786708480.1703,1786708480.1747,0.03337,34.5495,14.4615,9.5824,67.9560,12.8791,5.4894,35.3078,13.5976,7.3498,71.7439,13.6488,7.9710,35.3078,13.5976,7.3498,71.7439,13.6488,7.9710,0,0,0,150,250,250,0
414,1786708480.2036,1786708480.2079,0.03338,34.8132,14.4615,9.4066,68.8352,12.9670,6.1508,35.3137,13.0745,6.6343,73.6632,13.2257,8.3010,35.3137,13.0745,6.6343,73.6632,13.2257,8.3010,50,0,0,250,50,250,0
415,1786708480.237,1786708480.2415,0.03335,34.9890,14.4615,9.2308,69.8022,12.9670,6.9444,35.8317,12.1889,6.4104,75.2817,13.1712,8.5653,35.8317,12.1889,6.4104,75.2817,13.1712,8.5653,100,0,-100,350,0,400,0
416,1786708480.2704,1786708480.2751,0.03342,34.9890,14.4615,8.8791,71.5604,12.9670,7.4074,36.0494,11.9258,5.7874,77.1526,13.1664,8.6044,36.0494,11.9258,5.7874,77.1526,13.1664,8.6044,0,0,-150,600,0,200,0
417,1786708480.3038,1786708480.3083,0.03338,34.9890,14.3736,8.6154,72.8791,12.9670,7.8042,36.1819,11.1516,6.0405,79.0765,13.1572,8.3507,36.1819,11.1516,6.0405,79.0765,13.1572,8.3507,0,0,-100,500,0,200,0
418,1786708480.3371,1786708480.3417,0.03335,35.0769,14.3736,8.0879,74.3736,12.9670,8.0026,36.2797,10.3639,5.0884,81.2459,13.0979,8.1612,36.2797,10.3639,5.0884,81.2459,13.0979,8.1612,50,0,-150,500,0,100,0
419,1786708480.3705,1786708480.3759,0.03339,35.4286,14.1978,8.0000,76.2198,12.9670,8.1349,36.5730,10.2206,5.0520,82.9336,12.7813,7.9762,36.5730,10.2206,5.0520,82.9336,12.7813,7.9762,100,-100,-50,600,0,100,0
420,1786708480.4039,1786708480.4082,0.03337,35.8681,14.0220,7.5604,78.2418,12.9670,8.0688,36.7734,9.0619,4.4523,85.0476,12.3901,7.5851,36.7734,9.0619,4.4523,85.0476,12.3901,7.5851,100,-50,-100,700,0,-50,0
421,1786708480.4374,1786708480.4418,0.03347,36.2198,13.8462,7.2088,79.8242,12.9670,8.2011,36.7457,9.0024,4.3115,86.4033,11.4198,6.9148,36.7457,9.0024,4.3115,86.4033,11.4198,6.9148,150,-50,-150,550,0,50,0
422,1786708480.471,1786708480.4758,0.03364,36.3077,13.2308,6.7692,81.7582,12.8791,7.9365,37.1928,8.3865,3.5437,87.5645,11.2383,6.1479,37.1928,8.3865,3.5437,87.5645,11.2383,6.1479,50,-200,-150,700,0,-100,0
423,1786708480.5041,1786708480.5096,0.03313,36.3077,12.7033,6.5934,83.6044,12.2637,7.4735,37.4389,7.7067,3.2654,87.5846,10.2677,5.3141,37.4389,7.7067,3.2654,87.5846,10.2677,5.3141,0,-200,-50,600,-200,-250,0
424,1786708480.5375,1786708480.5421,0.03339,36.3077,12.1758,6.0659,85.1868,11.9121,6.8783,37.4865,7.0778,3.7056,87.4427,9.0920,4.7022,37.4865,7.0778,3.7056,87.4427,9.0920,4.7022,0,-200,-200,600,-150,-300,0
425,1786708480.5709,1786708480.5755,0.03344,36.4835,11.5604,5.7143,85.7143,11.2088,6.1508,37.5811,6.7878,3.8067,86.4512,7.4722,3.8423,37.5811,6.7878,3.8067,86.4512,7.4722,3.8423,50,-200,-150,200,-300,-250,0
426,1786708480.6043,1786708480.6085,0.03338,36.8352,10.8571,5.6264,86.1538,10.2418,5.5556,37.4129,5.9659,3.4844,85.8150,5.5670,3.3461,37.4129,5.9659,3.4844,85.8150,5.5670,3.3461,150,-200,-50,150,-300,-300,0
427,1786708480.6377,1786708480.6419,0.03333,37.1868,10.3297,5.6264,86.1538,9.0110,4.8942,37.5474,5.7190,4.4706,85.2570,3.9090,2.7982,37.5474,5.7190,4.4706,85.2570,3.9090,2.7982,150,-250,0,0,-450,-250,0
428,1786708480.6711,1786708480.6752,0.03339,37.2747,9.7143,5.6264,85.9780,7.6044,4.1667,37.5406,5.1082,4.6325,84.7813,2.3568,2.6936,37.5406,5.1082,4.6325,84.7813,2.3568,2.6936,0,-200,0,-100,-550,-300,0
429,1786708480.7045,1786708480.7089,0.03341,37.1868,9.1868,5.5385,85.5385,6.0220,3.6376,37.6419,4.6579,4.9726,84.5130,0.9923,2.3656,37.6419,4.6579,4.9726,84.5130,0.9923,2.3656,-50,-150,-50,-100,-500,-250,0
430,1786708480.7378,1786708480.7421,0.03335,36.9231,8.6593,5.5385,85.2747,4.5275,3.3069,37.8235,3.5888,5.8564,84.5068,0.0919,2.4537,37.8235,3.5888,5.8564,84.5068,0.0919,2.4537,-100,-200,0,-150,-500,-150,0
431,1786708480.7712,1786708480.7756,0.0334,36.8352,8.0440,5.5385,85.0110,3.0330,2.9762,37.9105,2.7820,6.1582,84.6196,-0.0328,2.7177,37.9105,2.7820,6.1582,84.6196,-0.0328,2.7177,0,-200,0,-100,-500,-150,0
432,1786708480.8046,1786708480.8087,0.03335,37.0989,7.3407,5.8901,84.9231,1.8901,2.9101,37.9116,2.3591,6.5161,84.8117,-0.4180,2.8603,37.9116,2.3591,6.5161,84.8117,-0.4180,2.8603,100,-250,150,-50,-450,-50,0
433,1786708480.838,1786708480.8422,0.03339,37.6264,6.4615,6.2418,85.0989,1.1868,2.9101,38.2902,1.6445,7.4408,84.8807,-0.0303,3.3067,38.2902,1.6445,7.4408,84.8807,-0.0303,3.3067,150,-250,150,50,-200,0,0
434,1786708480.8713,1786708480.8756,0.03337,37.7143,5.8462,6.5055,85.0110,0.6593,2.9101,38.4665,1.3555,8.3518,84.8495,0.9353,3.7954,38.4665,1.3555,8.3518,84.8495,0.9353,3.7954,50,-200,100,-50,-150,0,0
435,1786708480.9047,1786708480.9092,0.03342,37.8022,5.2308,7.1209,84.9231,0.5714,2.9101,38.4699,0.8203,9.2417,84.8667,2.0779,4.4041,38.4699,0.8203,9.2417,84.8667,2.0779,4.4041,50,-200,250,0,-50,0,0
436,1786708480.9381,1786708480.9424,0.03337,37.7143,4.6154,7.9121,85.1868,0.6593,3.2407,38.7602,1.0558,10.6207,84.7253,3.3190,5.6011,38.7602,1.0558,10.6207,84.7253,3.3190,5.6011,-50,-200,300,100,0,100,0
437,1786708480.9715,1786708480.9757,0.03336,37.8022,4.1758,8.7912,84.9231,1.2747,3.6376,38.9832,0.7289,11.0886,84.3042,4.7764,7.1392,38.9832,0.7289,11.0886,84.3042,4.7764,7.1392,0,-150,300,-100,250,200,0
438,1786708481.0049,1786708481.01,0.03339,38.1538,4.0000,9.7582,84.9231,2.0659,4.2989,39.0814,0.4047,11.6616,83.9575,5.5731,9.1078,39.0814,0.4047,11.6616,83.9575,5.5731,9.1078,150,0,350,0,300,300,0
439,1786708481.0382,1786708481.0425,0.03337,38.5055,3.7363,10.7253,84.9231,3.1209,5.4233,39.2150,-0.1395,12.2462,83.8460,5.6864,11.0457,39.2150,-0.1395,12.2462,83.8460,5.6864,11.0457,100,-100,350,0,300,500,0
440,1786708481.0716,1786708481.0762,0.03339,38.7692,3.7363,11.4286,84.3956,4.0879,6.7460,39.1612,-0.1030,12.5759,83.2418,6.1660,13.3541,39.1612,-0.1030,12.5759,83.2418,6.1660,13.3541,100,0,200,-150,300,600,0
441,1786708481.105,1786708481.1096,0.03339,38.7692,3.5604,12.0440,84.0440,4.6154,8.3995,39.0661,-0.0420,12.9717,83.0679,6.3514,15.5553,39.0661,-0.0420,12.9717,83.0679,6.3514,15.5553,0,-50,200,-100,200,800,0
442,1786708481.1385,1786708481.1432,0.03345,38.6813,3.3846,12.5714,83.9560,5.1429,10.1852,38.8354,-0.4280,13.2126,82.8195,6.4517,17.5626,38.8354,-0.4280,13.2126,82.8195,6.4517,17.5626,-50,-50,200,-50,150,800,0
443,1786708481.1718,1786708481.1766,0.03337,38.5055,3.2967,12.9231,83.5165,5.4945,12.1032,38.9806,-0.7921,13.6670,82.9117,6.2157,19.1558,38.9806,-0.7921,13.6670,82.9117,6.2157,19.1558,-50,-50,150,-200,150,900,0
444,1786708481.2052,1786708481.2094,0.03336,38.4176,3.1209,13.2747,83.1648,5.7582,14.1534,39.0092,-0.7540,13.7510,82.5109,6.7182,20.3548,39.0092,-0.7540,13.7510,82.5109,6.7182,20.3548,-50,-50,100,-50,100,1000,0
445,1786708481.2386,1786708481.2428,0.03336,38.4176,2.7692,13.6264,83.1648,5.7582,15.9392,39.4027,-0.8369,14.4263,82.3272,6.7579,21.3058,39.4027,-0.8369,14.4263,82.3272,6.7579,21.3058,0,-100,100,0,0,800,0
446,1786708481.272,1786708481.2762,0.03339,38.5055,2.5055,13.7143,83.0769,6.0220,17.6587,39.2231,-1.2776,14.0934,81.9702,6.2941,21.8590,39.2231,-1.2776,14.0934,81.9702,6.2941,21.8590,50,-100,50,0,100,800,0
447,1786708481.3054,1786708481.3097,0.03341,38.5934,2.1538,14.1538,82.5495,6.1978,19.0476,39.5014,-0.9834,14.4322,81.8188,6.2335,22.2534,39.5014,-0.9834,14.4322,81.8188,6.2335,22.2534,50,-100,150,-150,50,700,0
448,1786708481.3387,1786708481.3432,0.03338,38.6813,1.8901,14.3297,82.6374,6.1099,20.0397,39.5262,-0.9339,14.7170,81.7438,6.9637,22.5611,39.5262,-0.9339,14.7170,81.7438,6.9637,22.5611,50,-100,150,-50,-50,400,0
449,1786708481.3721,1786708481.3765,0.03337,38.8571,1.8022,14.3297,82.3736,6.1099,20.8333,39.1800,-0.6147,13.5739,81.2003,6.4891,22.5578,39.1800,-0.6147,13.5739,81.2003,6.4891,22.5578,100,0,0,-50,0,400,0
450,1786708481.4055,1786708481.6226,0.03337,39.1209,1.8022,14.5055,81.8462,6.3736,21.4947,36.4650,2.0590,14.6634,83.5379,31.3650,21.8446,36.4650,2.0590,14.6634,83.5379,16.2857,21.8446,100,0,50,-100,50,350,1
451,1786708481.6238,1786708481.6288,0.21827,39.0330,1.8022,14.5055,81.4066,6.2857,22.2222,36.3334,1.6833,14.7748,83.3045,32.7322,21.7293,36.3334,1.6833,14.7748,83.3045,16.2857,21.7293,0,0,0,0,0,0,1
452,1786708481.657,1786708481.6619,0.03329,39.1209,1.8022,14.5055,81.4066,6.2857,22.2222,36.5012,1.6554,15.5930,82.9798,32.8417,21.6105,36.5012,1.6554,15.5930,82.9798,16.3736,21.6105,0,0,0,0,0,0,0
453,1786708481.6905,1786708481.6954,0.03342,38.6813,1.8901,14.8571,81.9341,7.2527,22.0899,36.3699,1.8607,15.6702,82.5358,33.1605,21.4431,36.3699,1.8607,15.6702,82.5358,17.6044,21.4431,0,50,100,100,400,0,0
454,1786708481.7238,1786708481.7287,0.03336,37.8901,2.2418,15.4725,82.6374,9.8901,21.7593,36.4349,2.1639,16.3847,82.0857,33.4467,21.1599,36.4349,2.1639,16.3847,82.0857,20.2418,21.1599,-300,150,250,250,700,-150,0
455,1786708481.7572,1786708481.7619,0.03339,37.0110,2.4176,15.7363,82.2857,12.7912,21.6931,36.5355,2.3288,16.9478,81.7393,33.3968,20.8658,36.5355,2.3288,16.9478,81.7393,23.1429,20.8658,-250,50,100,0,1000,0,0
456,1786708481.7906,1786708481.7951,0.03336,36.9231,2.4176,16.0879,81.9341,15.6044,21.6270,36.7297,2.6049,17.2395,81.7089,33.4513,20.4778,36.7297,2.6049,17.2395,81.7089,25.9560,20.4778,-50,0,150,-200,950,0,0
457,1786708481.824,1786708481.8284,0.03342,37.1868,2.4176,16.7033,81.9341,18.3297,21.2963,36.8590,3.0497,17.7328,81.6398,33.0959,19.8815,36.8590,3.0497,17.7328,81.6398,28.6813,19.8815,50,0,200,0,950,-200,0
458,1786708481.8574,1786708481.8617,0.03337,37.3626,2.8571,17.2308,81.9341,21.1429,20.8995,37.0396,3.0974,17.7568,81.5090,32.8248,18.9808,37.0396,3.0974,17.7568,81.5090,31.4945,18.9808,50,100,200,0,900,-200,0
459,1786708481.8907,1786708481.8951,0.03338,37.3626,3.2967,17.7582,81.9341,23.8681,20.4365,37.0394,3.1496,17.5315,81.6471,32.5087,17.8536,37.0394,3.1496,17.5315,81.6471,32.5087,17.8536,0,150,200,0,950,-150,0
460,1786708481.9241,1786708481.9284,0.03337,37.0989,3.3846,17.8462,81.9341,26.5934,19.7751,37.0892,3.2813,17.4227,81.7579,32.5373,16.4066,37.0892,3.2813,17.4227,81.7579,32.5373,16.4066,-100,0,0,0,950,-300,0
461,1786708481.9575,1786708481.9617,0.03343,37.0110,3.3846,17.8462,81.8462,28.8791,18.9153,37.3239,3.6792,17.4354,81.9338,32.6560,14.6508,37.3239,3.6792,17.4354,81.9338,32.6560,14.6508,0,0,0,-50,800,-400,0
462,1786708481.9909,1786708481.9954,0.03336,37.0110,3.3846,17.8462,81.8462,30.1099,17.8571,37.2606,4.0228,17.1307,81.8559,32.4748,13.0352,37.2606,4.0228,17.1307,81.8559,32.4748,13.0352,0,0,0,0,400,-450,0
463,1786708482.0243,1786708482.0286,0.03341,37.0989,3.6484,17.8462,81.8462,30.9011,16.6005,37.4297,4.2007,16.9041,81.8496,32.2881,11.7177,37.4297,4.2007,16.9041,81.8496,32.2881,11.7177,0,100,0,0,250,-600,0
464,1786708482.0577,1786708482.0619,0.03339,37.2747,4.0879,17.8462,81.8462,31.2527,15.1455,37.5346,4.5809,16.8973,81.6663,32.1309,10.7519,37.5346,4.5809,16.8973,81.6663,32.1309,10.7519,50,200,0,0,150,-700,0
465,1786708482.0911,1786708482.0952,0.03336,37.2747,4.3516,17.8462,81.8462,31.4286,13.7566,37.6701,4.6528,16.6323,81.8310,32.0138,11.0602,37.6701,4.6528,16.6323,81.8310,32.0138,11.0602,0,100,0,0,50,-650,0
466,1786708482.1244,1786708482.1286,0.03338,37.3626,4.6154,17.8462,81.8462,31.5165,12.5661,38.1162,4.6757,16.6433,81.9697,31.8057,12.0905,38.1162,4.6757,16.6433,81.9697,31.8057,12.0905,50,100,0,0,0,-550,0
467,1786708482.1579,1786708482.1622,0.03343,37.2747,4.7912,17.8462,81.8462,31.5165,12.1693,38.3396,4.5252,16.6742,82.2159,31.1416,13.2513,38.3396,4.5252,16.6742,82.2159,31.1416,13.2513,-50,50,0,0,0,-150,0
468,1786708482.1912,1786708482.1957,0.03336,37.2747,4.7912,17.8462,81.8462,31.5165,12.3016,38.8120,4.7862,16.9510,82.3070,30.9558,14.4369,38.8120,4.7862,16.9510,82.3070,30.9558,14.4369,0,0,0,0,0,-50,0
469,1786708482.2246,1786708482.2289,0.03337,37.5385,4.7912,17.8462,81.8462,31.3407,12.6984,39.0039,5.1756,17.1328,82.5156,30.6273,15.2899,39.0039,5.1756,17.1328,82.5156,30.6273,15.2899,50,0,0,0,-50,200,0
470,1786708482.258,1786708482.2635,0.03337,37.9780,4.8791,17.8462,81.8462,31.1648,13.4259,39.2339,5.3927,17.4655,82.5134,30.3481,15.8740,39.2339,5.3927,17.4655,82.5134,30.3481,15.8740,150,50,0,0,-100,350,0
471,1786708482.2914,1786708482.2957,0.03338,38.5055,5.3187,17.8462,81.8462,30.9011,14.1534,39.2738,5.6351,17.4720,82.3426,30.2972,16.5659,39.2738,5.6351,17.4720,82.3426,30.2972,16.5659,150,150,0,0,-100,400,0
472,1786708482.3247,1786708482.3289,0.03338,38.7692,5.4945,17.8462,81.8462,30.6374,14.8148,39.4556,6.2069,17.5837,82.3442,30.0352,17.0218,39.4556,6.2069,17.5837,82.3442,30.0352,17.0218,150,100,0,0,-100,300,0
473,1786708482.3581,1786708482.3624,0.03337,38.8571,5.5824,17.8462,81.9341,30.6374,15.4762,39.3637,6.1289,17.7791,82.0395,30.1012,17.1863,39.3637,6.1289,17.7791,82.0395,30.1012,17.1863,50,50,0,0,0,300,0
474,1786708482.3915,1786708482.396,0.03341,38.5934,6.0220,17.8462,81.9341,30.4615,16.0053,39.3199,6.2402,17.9548,81.9006,30.1468,17.3804,39.3199,6.2402,17.9548,81.9006,30.1468,17.3804,-100,150,0,50,-100,250,0
475,1786708482.4249,1786708482.4292,0.03337,38.5934,6.1978,17.8462,81.8462,30.4615,16.4021,39.3374,6.0556,18.0167,81.7939,29.6388,17.3879,39.3374,6.0556,18.0167,81.7939,29.6388,17.3879,0,100,0,-50,0,200,0
476,1786708482.4583,1786708482.4625,0.03342,38.8571,6.3736,18.0220,81.8462,30.4615,16.7328,39.2844,6.2851,18.1577,81.5704,29.7498,17.4278,39.2844,6.2851,18.1577,81.5704,29.7498,17.4278,50,50,50,0,0,100,0
477,1786708482.4916,1786708482.4959,0.03332,39.1209,6.3736,18.0220,81.8462,30.1099,16.8651,39.4455,6.4984,18.4148,81.4004,29.5780,17.3849,39.4455,6.4984,18.4148,81.4004,29.5780,17.3849,100,0,0,0,-100,50,0
478,1786708482.525,1786708482.5293,0.03338,39.1209,6.3736,18.0220,81.8462,29.9341,17.0635,39.1476,6.1791,18.5272,81.4801,29.1601,17.3329,39.1476,6.1791,18.5272,81.4801,29.1601,17.3329,0,0,0,0,-50,100,0
479,1786708482.5584,1786708482.5626,0.03344,38.8571,6.4615,18.3736,81.8462,29.8462,17.0635,39.1931,6.2016,18.7300,81.4290,29.2837,17.3531,39.1931,6.2016,18.7300,81.4290,29.2837,17.3531,-50,0,100,0,-50,0,0
480,1786708482.5918,1786708482.596,0.03333,38.7692,6.5495,18.5495,81.8462,29.5824,17.0635,39.0334,6.1638,18.9897,81.5118,29.2706,17.3319,39.0334,6.1638,18.9897,81.5118,29.2706,17.3319,-50,50,100,0,-50,0,0
481,1786708482.6252,1786708482.6295,0.03341,38.7692,6.5495,18.8132,81.8462,29.5824,17.0635,38.9171,6.2714,19.4229,81.4151,28.8210,17.2782,38.9171,6.2714,19.4229,81.4151,28.8210,17.2782,0,0,100,0,0,0,0
482,1786708482.6586,1786708482.6628,0.03337,38.9451,6.5495,19.0769,81.8462,29.5824,17.0635,38.6953,5.8436,19.5204,81.3243,28.6076,17.3388,38.6953,5.8436,19.5204,81.3243,28.6076,17.3388,50,0,100,0,0,0,0
483,1786708482.6929,1786708482.6973,0.03432,39.0330,6.5495,19.3407,81.8462,29.2308,17.0635,38.7307,6.1395,19.7696,81.1983,28.4043,17.3348,38.7307,6.1395,19.7696,81.1983,28.4043,17.3348,50,0,50,0,-150,0,0
484,1786708482.7253,1786708482.7296,0.03248,39.0330,6.5495,19.6044,81.9341,28.9670,17.0635,38.6674,5.9698,19.7825,81.1897,28.3740,17.3471,38.6674,5.9698,19.7825,81.1897,28.3740,17.3471,0,0,100,0,-100,0,0
485,1786708482.7587,1786708482.7641,0.03337,39.0330,6.5495,19.6044,81.6703,28.7033,17.1958,38.6346,6.1981,19.9075,81.1123,28.0850,17.4662,38.6346,6.1981,19.9075,81.1123,28.0850,17.4662,0,0,0,-100,-100,100,0
486,1786708482.7921,1786708482.7964,0.03337,39.0330,6.5495,19.6923,81.4945,28.7033,17.1296,38.6094,6.3470,19.7936,81.0048,28.2447,17.5600,38.6094,6.3470,19.7936,81.0048,28.2447,17.5600,0,0,0,-100,0,-50,0
487,1786708482.8255,1786708482.8299,0.03341,38.9451,6.5495,19.8681,81.3187,28.7033,17.1296,38.5696,6.2394,19.7177,81.0028,28.1607,17.5831,38.5696,6.2394,19.7177,81.0028,28.1607,17.5831,0,0,100,-50,0,0,0
488,1786708482.8589,1786708482.8634,0.03341,38.9451,6.5495,19.8681,81.3187,28.5275,17.1296,38.5820,6.4407,19.4457,81.0000,28.0054,17.6419,38.5820,6.4407,19.4457,81.0000,28.0054,17.6419,0,0,0,0,-50,0,0
489,1786708482.8923,1786708482.8965,0.03338,39.0330,6.5495,19.8681,81.3187,28.4396,17.1296,38.3944,6.6579,19.2977,81.0160,27.7461,17.6520,38.3944,6.6579,19.2977,81.0160,27.7461,17.6520,0,0,0,0,0,0,0
490,1786708482.9256,1786708482.9298,0.03333,39.0330,6.6374,19.8681,81.3187,28.3516,17.1296,38.6822,6.9042,18.9396,80.7711,27.2542,17.4371,38.6822,6.9042,18.9396,80.7711,27.2542,17.4371,0,0,0,0,0,0,0
491,1786708482.959,1786708482.9634,0.03339,39.0330,6.9890,19.8681,81.3187,28.1758,17.1958,38.7468,6.8989,18.1683,80.8679,26.5885,16.7261,38.7468,6.8989,18.1683,80.8679,26.5885,16.7261,0,100,0,0,-50,50,0
492,1786708482.9924,1786708482.9966,0.03335,39.0330,6.9890,19.8681,81.2308,27.7363,17.1296,38.7395,7.2740,17.5410,80.7856,25.3363,15.2207,38.7395,7.2740,17.5410,80.7856,25.3363,15.2207,0,0,0,-50,-100,0,0
493,1786708483.0258,1786708483.03,0.0334,38.9451,7.0769,19.7802,81.1429,27.2088,17.0635,38.7423,7.5978,16.4910,80.9015,24.2647,12.7744,38.7423,7.5978,16.4910,80.9015,24.2647,12.7744,-50,0,0,-50,-200,0,0
494,1786708483.0592,1786708483.0639,0.03342,38.9451,7.3407,19.3407,81.1429,26.4176,16.4021,38.5755,7.9221,15.4556,81.2722,22.4979,9.6031,38.5755,7.9221,15.4556,81.2722,22.4979,9.6031,0,100,-150,0,-200,-250,0
495,1786708483.0926,1786708483.0968,0.0334,38.9451,7.6923,18.8132,81.1429,25.4505,15.0132,38.4218,8.7345,14.0889,81.6107,20.6771,5.5804,38.4218,8.7345,14.0889,81.6107,20.6771,5.5804,0,100,-200,0,-300,-650,0
496,1786708483.1259,1786708483.1302,0.03335,38.9451,8.0440,17.9341,81.1429,24.3956,13.1614,38.3099,9.1304,13.1247,81.9237,18.9228,2.3348,38.3099,9.1304,13.1247,81.9237,18.9228,2.8968,0,150,-250,0,-400,-800,0
497,1786708483.1593,1786708483.164,0.03336,39.0330,8.5714,16.9670,81.2308,22.8132,10.7804,38.0050,9.3658,11.4090,82.6078,16.3123,0.1583,38.0050,9.3658,11.4090,82.6078,16.3123,0.4497,50,150,-350,0,-500,-1050,0
498,1786708483.1927,1786708483.197,0.03338,38.9451,9.2747,15.9121,81.2308,21.1429,8.0688,37.6488,8.2723,8.1499,84.7458,11.9654,0.9787,37.6488,8.2723,8.1499,84.7458,11.9654,0.9787,0,250,-350,0,-600,-1250,0
499,1786708483.2261,1786708483.2305,0.03341,38.5934,9.5385,14.9451,81.7582,19.2967,5.2249,37.0334,7.9847,6.1833,87.1056,6.4622,2.3647,37.0334,7.9847,6.1833,87.1056,9.0330,2.3647,-100,100,-300,250,-600,-1350,0
500,1786708483.2594,1786708483.4824,0.03335,38.2418,9.5385,13.2747,82.6374,16.9231,3.4392,39.6981,6.3778,13.7737,82.5641,13.5593,3.5100,39.6981,6.3778,13.7737,82.5641,13.5593,3.5100,-150,0,-600,250,-900,-900,1
501,1786708483.4836,1786708483.4884,0.22415,37.4505,9.4505,8.5275,86.4176,9.5385,2.6455,39.8687,6.0085,14.3222,82.6294,13.1864,3.4495,39.8687,6.0085,14.3222,82.6294,13.1864,3.4495,50,0,0,0,-100,0,1
502,1786708483.5169,1786708483.5212,0.03328,37.5385,9.5385,8.5275,86.4176,9.4505,2.6455,39.9467,5.3363,14.6972,82.3800,13.0218,3.5172,39.9467,5.3363,14.6972,82.3800,13.0218,3.5172,50,0,0,0,-50,0,0
503,1786708483.5503,1786708483.5545,0.03342,37.7143,9.1868,8.8791,85.6264,10.1538,2.9101,39.8027,6.1183,15.0989,82.3004,13.0596,3.5822,39.8027,6.1183,15.0989,82.3004,13.0596,3.5822,0,-100,200,-250,200,150,0
504,1786708483.5836,1786708483.5878,0.03335,38.4176,8.3956,10.7253,84.0440,11.3846,3.1085,39.7848,5.5360,15.2216,81.9712,13.1679,3.5221,39.7848,5.5360,15.2216,81.9712,13.1679,3.5221,300,-250,500,-550,450,150,0
505,1786708483.617,1786708483.6212,0.03338,39.1209,8.2198,12.9231,83.4286,12.0000,3.2407,39.6150,5.2124,15.1524,81.7104,13.0973,3.5611,39.6150,5.2124,15.1524,81.7104,13.0973,3.5611,300,-150,750,-250,300,0,0
506,1786708483.6504,1786708483.6548,0.03342,39.2967,8.3077,14.2418,83.0769,12.3516,3.2407,39.3561,5.4229,15.2412,81.6253,12.9667,3.4900,39.3561,5.4229,15.2412,81.6253,12.9667,3.4900,100,0,400,-50,100,0,0
507,1786708483.6838,1786708483.6884,0.03333,39.2088,8.3956,14.5934,82.2857,12.4396,3.2407,39.0621,5.1665,15.6244,81.4682,12.8734,3.4661,39.0621,5.1665,15.6244,81.4682,12.8734,3.4661,0,0,200,-300,50,0,0
508,1786708483.7171,1786708483.7214,0.03338,38.7692,7.8681,14.8571,82.0220,12.4396,3.2407,39.1243,4.7389,15.3307,81.4682,12.7376,3.5623,39.1243,4.7389,15.3307,81.4682,12.7376,3.5623,-150,-200,100,-100,0,0,0
509,1786708483.7505,1786708483.7547,0.0334,38.6813,7.5165,15.2967,81.8462,12.4396,3.2407,38.7317,4.9783,15.2785,81.7107,12.7444,3.5194,38.7317,4.9783,15.2785,81.7107,12.7444,3.5194,-50,-150,150,-100,0,0,0
510,1786708483.7839,1786708483.7881,0.03338,38.7692,7.4286,15.3846,81.7582,12.4396,3.2407,38.5007,4.5558,15.3635,81.8615,12.3999,3.7194,38.5007,4.5558,15.3635,81.8615,12.3999,3.7194,0,0,0,-50,0,0,0
511,1786708483.8173,1786708483.8215,0.03338,39.1209,7.4286,15.3846,81.7582,12.4396,3.2407,38.3073,4.9014,14.8881,82.4049,12.3956,3.6042,38.3073,4.9014,14.8881,82.4049,12.3956,3.6042,100,0,0,0,0,0,0
512,1786708483.8507,1786708483.8548,0.03336,39.1209,7.3407,15.3846,81.7582,12.4396,3.3069,37.9317,4.5790,14.1482,82.8888,11.7732,3.7818,37.9317,4.5790,14.1482,82.8888,11.7732,3.7818,0,0,0,0,0,50,0
513,1786708483.8841,1786708483.8886,0.03343,38.7692,7.3407,15.3846,81.9341,12.4396,3.3069,37.2957,4.4537,14.0289,83.0297,11.1084,3.7103,37.2957,4.4537,14.0289,83.0297,11.1084,3.7103,-100,0,0,50,0,0,0
514,1786708483.9174,1786708483.9218,0.03334,38.4176,7.3407,15.3846,82.1978,12.1758,3.3069,36.8843,4.1330,12.6450,83.7184,10.7985,3.7660,36.8843,4.1330,12.6450,83.7184,10.7985,3.7660,-150,0,0,100,-150,0,0
515,1786708483.9508,1786708483.955,0.0334,38.1538,7.3407,15.3846,82.4615,11.6484,3.4392,36.2772,4.2137,12.0025,83.9573,10.0632,3.6852,36.2772,4.2137,12.0025,83.9573,10.0632,3.6852,-50,0,0,100,-150,100,0
516,1786708483.9842,1786708483.9884,0.03337,37.7143,7.3407,15.0330,82.9011,11.2967,3.4392,35.5049,3.7950,10.4033,84.4250,9.5750,3.6246,35.5049,3.7950,10.4033,84.4250,9.5750,3.6246,-150,0,-50,150,-100,0,0
517,1786708484.0176,1786708484.0218,0.03337,37.1868,7.3407,14.3297,83.2527,10.7692,3.4392,34.8941,3.7755,9.4549,85.0759,8.5311,3.6833,34.8941,3.7755,9.4549,85.0759,8.5311,3.6833,-200,0,-250,150,-200,0,0
518,1786708484.051,1786708484.0553,0.03338,36.5714,7.2527,13.5385,83.7802,10.2418,3.4392,34.1323,3.0960,7.2275,85.8091,7.2285,3.6124,34.1323,3.0960,7.2275,85.8091,7.2285,3.6124,-200,0,-300,150,-200,0,0
519,1786708484.0843,1786708484.0888,0.03338,35.8681,6.9890,12.4835,84.0440,9.4505,3.4392,33.3370,2.4385,5.3300,86.3841,6.0042,3.6163,33.3370,2.4385,5.3300,86.3841,6.0042,3.6163,-250,-50,-400,0,-250,0,0
520,1786708484.1177,1786708484.1219,0.03339,35.1648,6.5495,11.3407,84.8352,8.4835,3.4392,32.2952,1.6318,3.1542,87.1270,4.4324,3.6588,32.2952,1.6318,3.1542,87.1270,4.4324,3.6588,-250,-150,-350,200,-350,0,0
521,1786708484.1511,1786708484.1553,0.03336,34.4615,6.0220,9.6703,85.3626,7.4286,3.4392,31.2951,1.4610,0.7520,88.2697,2.7308,3.6755,31.2951,1.4610,0.7520,88.2697,2.7308,3.6755,-250,-150,-600,250,-350,0,0
522,1786708484.1845,1786708484.1887,0.03337,33.7582,5.4066,7.6484,85.8901,6.1978,3.4392,30.3375,0.5645,-0.5225,89.2072,1.5057,3.6308,30.3375,0.5645,-0.5225,89.2072,1.5057,3.6308,-250,-200,-650,200,-400,0,0
523,1786708484.2179,1786708484.2221,0.03343,32.7912,4.8791,5.5385,86.8571,4.7033,3.4392,29.8894,-0.3763,-2.6463,90.2116,0.4774,3.6193,29.8894,-0.3763,-2.6463,90.2116,0.4774,3.6193,-350,-200,-700,350,-500,0,0
524,1786708484.2513,1786708484.2555,0.0334,31.7363,4.2637,3.7802,87.7363,3.3846,3.4392,29.6515,-0.8271,-2.7478,91.0184,-0.2173,3.7073,29.6515,-0.8271,-2.7478,91.0184,-0.2173,3.7073,-350,-250,-600,250,-500,0,0
525,1786708484.2846,1786708484.2888,0.03332,30.7692,3.4725,2.2857,88.7033,2.2418,3.4392,29.8602,-1.3410,-3.2244,91.6607,-0.0887,3.9270,29.8602,-1.3410,-3.2244,91.6607,-0.0887,3.9270,-350,-300,-500,300,-400,0,0
526,1786708484.318,1786708484.3225,0.03341,30.3297,2.8571,0.8791,89.4945,1.3626,3.4392,30.2090,-1.9638,-2.4434,91.8734,0.5495,4.2841,30.2090,-1.9638,-2.4434,91.8734,0.5495,4.2841,-150,-150,-550,150,-300,0,0
527,1786708484.3514,1786708484.3557,0.03341,30.2418,2.0659,-0.0879,90.1978,0.9231,3.4392,31.0654,-2.3152,-1.1496,92.0809,1.5975,5.2325,31.0654,-2.3152,-1.1496,92.0809,1.5975,5.2325,0,-200,-300,250,-200,0,0
528,1786708484.3848,1786708484.3894,0.03333,30.5055,1.3626,-0.1758,90.9011,0.9231,3.6376,31.6983,-2.7428,-0.3853,91.9421,2.2634,6.6439,31.6983,-2.7428,-0.3853,91.9421,2.2634,6.6439,0,-250,0,200,0,100,0
529,1786708484.4182,1786708484.4228,0.03341,30.8571,0.8352,-0.0879,91.4286,1.0989,4.2328,32.6365,-3.2345,0.7016,91.4855,3.5065,8.4314,32.6365,-3.2345,0.7016,91.4855,3.5065,8.4314,150,-150,0,100,100,150,0
530,1786708484.4515,1786708484.4561,0.03337,31.1209,0.4835,0.2637,91.3407,1.6264,5.1587,33.1519,-3.5938,2.3495,90.9896,4.5200,10.6619,33.1519,-3.5938,2.3495,90.9896,4.5200,10.6619,100,-100,100,-50,150,450,0
531,1786708484.485,1786708484.4897,0.03344,31.3846,-0.0440,0.7033,91.2527,2.3297,6.4153,33.8876,-4.0280,3.4867,90.5190,5.8823,12.8769,33.8876,-4.0280,3.4867,90.5190,5.8823,12.8769,150,-150,200,-50,200,550,0
532,1786708484.5183,1786708484.5232,0.03336,31.9121,-0.5714,1.6703,91.0769,3.2088,8.0026,34.3480,-4.6479,5.1410,90.1370,6.2063,15.1145,34.3480,-4.6479,5.1410,90.1370,6.2063,15.1145,200,-200,300,-50,300,700,0
533,1786708484.5517,1786708484.5561,0.0334,32.7912,-1.0989,2.8132,91.1648,4.1758,9.7884,34.8219,-4.6750,6.2881,89.5867,7.2084,17.2314,34.8219,-4.6750,6.2881,89.5867,7.2084,17.2314,300,-200,400,0,300,800,0
534,1786708484.5851,1786708484.5897,0.0334,33.5824,-1.4505,3.9560,90.6374,4.9670,11.7063,35.5450,-5.1951,7.3631,89.1802,7.9482,18.9881,35.5450,-5.1951,7.3631,89.1802,7.9482,18.9881,250,-100,400,-150,300,900,0
535,1786708484.6185,1786708484.6231,0.03337,34.1099,-1.6264,5.2747,90.0220,5.7582,13.6905,35.4997,-5.7433,8.4062,88.6860,8.6945,20.4168,35.4997,-5.7433,8.4062,88.6860,8.6945,20.4168,200,-50,450,-100,300,900,0
536,1786708484.6519,1786708484.6565,0.03338,34.2857,-1.9780,6.4176,89.9341,6.6374,15.6746,36.0207,-6.0841,10.3762,88.0614,9.0155,21.5387,36.0207,-6.0841,10.3762,88.0614,9.0155,21.5387,100,-150,350,-50,300,900,0
537,1786708484.6853,1786708484.6895,0.03342,34.5495,-2.4176,7.6484,89.4066,7.3407,17.4603,36.4991,-6.4325,11.1024,87.7390,9.6380,22.3837,36.4991,-6.4325,11.1024,87.7390,9.6380,22.3837,100,-150,350,-250,250,750,0
538,1786708484.7187,1786708484.7232,0.03341,34.9890,-2.9451,8.7912,88.6154,7.9560,19.0476,36.8111,-6.6466,12.7508,87.0430,9.8000,22.8269,36.8111,-6.6466,12.7508,87.0430,9.8000,22.8269,150,-150,350,-250,250,800,0
539,1786708484.7521,1786708484.757,0.03336,35.5165,-3.4725,10.1099,88.3516,8.5714,20.2381,37.2014,-6.8566,13.6164,86.8847,10.5002,23.3091,37.2014,-6.8566,13.6164,86.8847,10.5002,23.3091,200,-200,450,-250,150,600,0
540,1786708484.7855,1786708484.79,0.0334,36.1319,-3.6484,11.4286,88.0000,8.9231,21.1640,37.6852,-7.1086,15.3788,86.5560,10.3797,23.7212,37.6852,-7.1086,15.3788,86.5560,10.3797,23.7212,200,-50,400,-50,100,450,0
541,1786708484.8189,1786708484.8235,0.03344,36.6593,-3.8242,12.6593,87.2967,9.4505,21.9577,37.6578,-7.7425,15.5893,86.3754,11.2071,23.9802,37.6578,-7.7425,15.5893,86.3754,11.2071,23.9802,200,-50,450,-250,150,300,0
542,1786708484.8523,1786708484.857,0.03338,37.0110,-4.0879,13.8901,87.0330,9.7143,22.5529,37.9057,-7.5827,17.5460,86.0682,10.6310,24.2516,37.9057,-7.5827,17.5460,86.0682,10.6310,24.2516,100,-100,400,-100,100,300,0
543,1786708484.8857,1786708484.8903,0.03339,37.1868,-4.5275,14.9451,86.9451,10.1538,23.0159,37.9558,-7.2429,17.7546,85.7739,10.9769,24.4609,37.9558,-7.2429,17.7546,85.7739,10.9769,24.4609,50,-100,400,-50,150,200,0
544,1786708484.919,1786708484.9236,0.03334,37.2747,-4.7033,16.0000,86.4176,10.1538,23.4127,38.0694,-7.8894,18.8623,85.5479,11.1842,24.5905,38.0694,-7.8894,18.8623,85.5479,11.1842,24.5905,50,-100,250,-200,-50,150,0
545,1786708484.9524,1786708484.9574,0.0334,37.2747,-4.7033,17.0549,86.1538,10.4176,23.8095,38.0703,-7.3004,19.1745,85.3264,11.4469,24.7158,38.0703,-7.3004,19.1745,85.3264,11.4469,24.7158,0,0,350,-50,100,200,0
546,1786708484.9858,1786708484.99,0.03339,37.4505,-4.7912,18.1099,85.9780,10.6813,24.0079,38.1316,-7.6169,19.5601,85.0597,11.4128,24.7982,38.1316,-7.6169,19.5601,85.0597,11.4128,24.7982,100,-50,350,0,100,100,0
547,1786708485.0192,1786708485.0238,0.03341,37.7143,-4.8791,18.9011,85.7143,10.8571,24.2063,38.0601,-7.4537,19.8207,85.1713,11.5160,24.7588,38.0601,-7.4537,19.8207,85.1713,11.5160,24.7588,50,-50,350,-50,100,50,0
548,1786708485.0526,1786708485.0571,0.03337,37.8022,-4.8791,19.4286,85.4505,11.0330,24.4048,38.2933,-7.3678,20.1680,84.8069,11.8506,24.9181,38.2933,-7.3678,20.1680,84.8069,11.8506,24.9181,50,0,200,-100,50,100,0
549,1786708485.086,1786708485.0906,0.03343,37.8022,-4.9670,19.8681,85.4505,11.0330,24.4709,38.5296,-7.1581,20.6119,84.4955,11.8023,24.8749,38.5296,-7.1581,20.6119,84.4955,11.8023,24.8749,0,-50,150,0,0,50,0
550,1786708485.1194,1786708485.3409,0.03332,37.8022,-4.9670,20.2198,85.0110,11.2088,24.4709,36.9718,-5.9349,19.7908,84.7553,31.4604,24.0530,36.9718,-5.9349,19.7908,84.7553,21.3846,24.0530,0,0,100,-150,100,0,1
551,1786708485.3421,1786708485.347,0.22272,38.0659,-5.0549,20.6593,84.6593,11.3846,24.4709,37.2010,-6.3726,21.3992,83.2984,30.4135,23.8009,37.2010,-6.3726,21.3992,83.2984,21.3846,23.8009,-50,0,0,0,0,0,1
552,1786708485.3754,1786708485.381,0.03329,38.0659,-5.0549,20.6593,84.6593,11.3846,24.4709,37.6473,-6.4883,22.4604,82.3902,29.5029,23.7259,37.6473,-6.4883,22.4604,82.3902,21.4725,23.7259,0,0,0,0,0,0,0
553,1786708485.4089,1786708485.4134,0.03349,37.9780,-5.0549,20.9231,84.2198,12.4396,24.2063,37.8488,-6.2656,23.3182,82.0032,29.1733,23.7207,37.8488,-6.2656,23.3182,82.0032,22.7033,23.7207,0,0,50,-200,200,-150,0
554,1786708485.4421,1786708485.4467,0.03328,37.8022,-5.0549,21.8901,83.3407,14.9890,24.0741,37.7602,-6.3061,23.7593,81.5182,28.4784,23.5539,37.7602,-6.3061,23.7593,81.5182,25.5165,23.5539,0,0,400,-350,800,-100,0
555,1786708485.4755,1786708485.4799,0.0334,37.6264,-5.0549,22.7692,82.7253,17.9780,23.9418,37.8827,-6.1314,24.6025,81.1658,28.0311,23.5554,37.8827,-6.1314,24.6025,81.1658,28.0311,23.5554,-100,0,250,-200,950,-50,0
556,1786708485.5089,1786708485.5131,0.03339,37.6264,-4.9670,23.5604,82.1978,20.7033,23.9418,37.6725,-6.0053,24.4321,80.6608,27.3029,23.4259,37.6725,-6.0053,24.4321,80.6608,27.3029,23.4259,0,50,250,-150,950,0,0
557,1786708485.5423,1786708485.5465,0.03336,37.5385,-5.0549,24.1758,81.8462,23.4286,23.8757,37.6786,-5.4088,25.1678,80.4446,26.4446,23.5234,37.6786,-5.4088,25.1678,80.4446,26.4446,23.5234,0,-50,150,-150,950,0,0
558,1786708485.5757,1786708485.5805,0.03344,37.5385,-4.9670,24.3516,81.4945,25.0989,23.6772,37.3206,-5.5633,25.2937,79.8039,25.7602,23.3985,37.3206,-5.5633,25.2937,79.8039,25.7602,23.3985,0,0,100,-100,600,-50,0
559,1786708485.6091,1786708485.6135,0.03338,37.6264,-4.9670,24.7912,80.8791,25.2747,23.6772,37.0957,-4.9776,25.6077,79.2236,25.2511,23.4423,37.0957,-4.9776,25.6077,79.2236,25.2511,23.4423,50,50,150,-150,0,0,0
560,1786708485.6424,1786708485.6467,0.03332,37.6264,-4.9670,25.2308,80.7033,25.1868,23.6772,36.9820,-5.2002,25.9823,78.6291,24.6999,23.4335,36.9820,-5.2002,25.9823,78.6291,24.6999,23.4335,0,0,150,-100,-50,0,0
561,1786708485.6758,1786708485.6802,0.0334,37.6264,-4.7912,25.4945,79.7363,25.0989,23.5450,36.8572,-5.0916,26.5021,78.0394,24.3534,23.4137,36.8572,-5.0916,26.5021,78.0394,24.3534,23.4137,0,100,0,-350,-50,0,0
562,1786708485.7093,1786708485.7135,0.03349,37.5385,-4.7033,25.9341,79.2967,25.0110,23.6772,36.7741,-5.1058,26.7804,77.3842,24.0296,23.4277,36.7741,-5.1058,26.7804,77.3842,24.0296,23.4277,0,0,150,-150,-50,100,0
563,1786708485.7426,1786708485.7468,0.03328,37.2747,-4.7033,26.4615,78.9451,24.7473,23.5450,36.9195,-4.9883,27.2006,76.9528,23.8322,23.5589,36.9195,-4.9883,27.2006,76.9528,23.8322,23.5589,-100,0,150,0,-100,-100,0
564,1786708485.776,1786708485.7805,0.03342,37.0989,-4.7033,26.8132,78.0659,24.3956,23.6111,37.1211,-5.0679,27.0305,76.5323,23.6529,23.4701,37.1211,-5.0679,27.0305,76.5323,23.6529,23.4701,-50,0,150,-400,-100,50,0
565,1786708485.8094,1786708485.8136,0.03341,37.0110,-4.7033,27.1648,77.6264,24.2198,23.6111,37.1505,-4.6604,27.4830,76.2360,23.8111,23.4983,37.1505,-4.6604,27.4830,76.2360,23.8111,23.4983,-50,0,150,-100,-50,0,0
566,1786708485.8428,1786708485.8471,0.03336,36.9231,-4.7033,27.2527,77.3626,24.0440,23.5450,37.3319,-4.7867,27.6724,75.7247,23.4697,23.5045,37.3319,-4.7867,27.6724,75.7247,23.4697,23.5045,-50,0,0,-50,-50,-50,0
567,1786708485.8762,1786708485.8805,0.03338,36.9231,-4.5275,27.3407,76.6593,24.0440,23.6772,37.7728,-4.4919,28.0278,75.2721,23.0158,23.5870,37.7728,-4.4919,28.0278,75.2721,23.0158,23.5870,0,100,50,-300,0,100,0
568,1786708485.9096,1786708485.9137,0.03339,37.0110,-4.5275,27.7802,76.4835,23.8681,23.6111,37.8463,-4.4998,28.2615,74.5534,23.3547,23.4331,37.8463,-4.4998,28.2615,74.5534,23.3547,23.4331,50,0,150,-50,-100,0,0
569,1786708485.9429,1786708485.9472,0.03339,37.0110,-4.2637,27.9560,75.9560,23.6044,23.6111,37.8910,-4.4619,28.7205,73.7476,23.4859,23.3527,37.8910,-4.4619,28.7205,73.7476,23.4859,23.3527,0,100,100,-100,-100,0,0
570,1786708485.9763,1786708485.9806,0.03333,37.1868,-4.1758,28.3077,75.0769,23.6044,23.6111,38.1087,-4.3885,29.1881,73.1193,23.5199,23.4218,38.1087,-4.3885,29.1881,73.1193,23.5199,23.4218,100,0,150,-350,0,50,0
571,1786708486.0097,1786708486.0141,0.03343,37.4505,-4.1758,28.6593,74.5495,23.6044,23.6111,37.9017,-4.5873,29.4581,72.5706,23.1273,23.3453,37.9017,-4.5873,29.4581,72.5706,23.1273,23.3453,50,0,100,-200,0,0,0
572,1786708486.0431,1786708486.0474,0.03339,37.6264,-4.1758,29.0989,73.8462,23.5165,23.6111,38.0197,-4.6053,30.0013,72.1954,23.3177,23.3662,38.0197,-4.6053,30.0013,72.1954,23.3177,23.3662,50,0,150,-200,0,0,0
573,1786708486.0764,1786708486.0806,0.03335,37.7143,-4.1758,29.5385,73.4066,23.5165,23.5450,37.8527,-4.3285,30.6515,71.9850,23.3495,23.3118,37.8527,-4.3285,30.6515,71.9850,23.3495,23.3118,50,0,100,-200,0,-50,0
574,1786708486.1098,1786708486.1141,0.03338,37.7143,-4.1758,29.9780,72.7912,23.5165,23.5450,37.7898,-4.3119,30.7232,71.7943,22.9483,23.3220,37.7898,-4.3119,30.7232,71.7943,22.9483,23.3220,0,0,100,-300,0,0,0
575,1786708486.1432,1786708486.148,0.03341,37.6264,-4.1758,30.4176,72.4396,23.5165,23.6111,38.0179,-4.9240,31.1021,71.8551,23.0385,23.3368,38.0179,-4.9240,31.1021,71.8551,23.0385,23.3368,0,0,200,-100,0,0,0
576,1786708486.1766,1786708486.181,0.03337,37.4505,-4.0000,30.6813,72.4396,23.4286,23.5450,38.0975,-4.5931,31.3400,71.8169,23.1221,23.3444,38.0975,-4.5931,31.3400,71.8169,23.1221,23.3444,0,50,50,-50,0,-50,0
577,1786708486.21,1786708486.215,0.03344,37.4505,-4.0000,30.9451,72.0000,23.3407,23.5450,38.1771,-4.6430,31.7171,71.7850,23.0053,23.3106,38.1771,-4.6430,31.7171,71.7850,23.0053,23.3106,0,0,100,-150,0,0,0
578,1786708486.2434,1786708486.2478,0.03338,37.5385,-4.0879,31.2967,72.0000,23.3407,23.6111,38.2819,-5.0756,31.9284,71.7655,22.9426,23.3274,38.2819,-5.0756,31.9284,71.7655,22.9426,23.3274,0,-50,100,0,0,50,0
579,1786708486.2768,1786708486.281,0.03339,37.6264,-4.0879,31.7363,72.0000,23.3407,23.6111,38.4128,-4.7028,31.8996,72.0322,22.9561,23.3335,38.4128,-4.7028,31.8996,72.0322,22.9561,23.3335,50,0,150,0,0,0,0
580,1786708486.3102,1786708486.3144,0.03334,37.8022,-4.0000,31.8242,72.0000,23.3407,23.5450,38.5995,-4.6631,32.0438,72.2422,22.9179,23.4276,38.5995,-4.6631,32.0438,72.2422,22.9179,23.4276,50,50,50,0,0,-50,0
581,1786708486.3435,1786708486.3477,0.03336,38.1538,-4.0000,31.8242,72.0000,23.3407,23.6111,38.4954,-4.7556,32.2931,72.2516,22.6837,23.5080,38.4954,-4.7556,32.2931,72.2516,22.6837,23.5080,100,0,0,-50,0,0,0
582,1786708486.3769,1786708486.3811,0.03339,38.2418,-4.0879,31.9121,72.0000,23.3407,23.6111,38.5642,-4.5078,32.0095,72.5642,22.6329,23.6301,38.5642,-4.5078,32.0095,72.5642,22.6329,23.6301,50,-50,50,0,0,0,0
583,1786708486.4103,1786708486.415,0.03339,38.2418,-4.0879,32.2637,72.0000,23.1648,23.6111,38.7605,-4.5289,31.9860,72.5098,22.6992,23.7016,38.7605,-4.5289,31.9860,72.5098,22.6992,23.7016,0,0,100,0,-100,0,0
584,1786708486.4437,1786708486.4481,0.03339,38.0659,-4.0879,32.2637,72.2637,22.9890,23.6111,38.8744,-4.2673,31.8003,72.6760,22.6606,23.9419,38.8744,-4.2673,31.8003,72.6760,22.6606,23.9419,-50,0,0,100,-50,0,0
585,1786708486.4771,1786708486.4814,0.03337,38.0659,-4.0879,32.2637,72.0879,22.9890,23.6111,39.0274,-3.9830,31.7189,72.8261,22.7083,24.1272,39.0274,-3.9830,31.7189,72.8261,22.7083,24.1272,0,0,0,-100,0,0,0
586,1786708486.5104,1786708486.515,0.03337,38.0659,-4.0000,32.2637,72.0879,22.9890,23.6772,39.0765,-3.9850,31.1269,72.9008,22.8848,24.0873,39.0765,-3.9850,31.1269,72.9008,22.8848,24.0873,0,0,0,0,0,0,0
587,1786708486.5439,1786708486.5482,0.03348,38.3297,-3.8242,32.2637,72.0879,22.9890,23.7434,39.5471,-3.5611,31.5357,73.1130,22.9310,24.1183,39.5471,-3.5611,31.5357,73.1130,22.9310,24.1183,100,50,0,0,0,0,0
588,1786708486.5773,1786708486.582,0.0334,38.7692,-3.7363,32.2637,72.3516,22.9890,23.8095,39.8768,-3.3328,31.0236,73.3204,22.5149,23.7400,39.8768,-3.3328,31.0236,73.3204,22.5149,23.7400,150,50,0,50,0,0,0
589,1786708486.6106,1786708486.615,0.03333,39.0330,-3.4725,32.2637,72.5275,22.9890,23.8095,40.4263,-2.9566,30.8455,73.3307,22.5315,22.7520,40.4263,-2.9566,30.8455,73.3307,22.5315,22.7520,100,100,0,0,0,0,0
590,1786708486.644,1786708486.649,0.0334,39.1209,-3.2967,32.2637,72.7033,22.9011,23.7434,41.1121,-2.5045,30.6000,73.2676,22.0735,20.3080,41.1121,-2.5045,30.6000,73.2676,22.0735,20.3080,50,100,0,100,-50,0,0
591,1786708486.6774,1786708486.682,0.0334,39.4725,-2.8571,32.2637,72.7033,22.7253,23.4127,41.4777,-1.9763,30.0088,73.4397,21.8442,17.4007,41.4777,-1.9763,30.0088,73.4397,21.8442,17.4007,100,150,0,0,-50,-150,0
592,1786708486.7108,1786708486.715,0.0334,40.0000,-2.5055,32.2637,72.7033,22.4615,22.3545,41.7887,-0.9426,29.7091,73.7248,21.2004,14.0713,41.7887,-0.9426,29.7091,73.7248,21.2004,14.0713,200,100,0,0,-150,-600,0
593,1786708486.7443,1786708486.7485,0.03343,40.7033,-1.9780,31.9121,72.8791,22.2857,20.6349,41.8805,-0.6868,29.3257,74.1306,20.2193,11.0112,41.8805,-0.6868,29.3257,74.1306,20.2193,11.0112,250,150,-100,50,-50,-750,0
594,1786708486.7776,1786708486.7819,0.03336,41.1429,-1.3626,31.3846,73.0549,21.6703,18.2540,41.6632,0.1648,29.1373,74.0964,19.1259,8.3980,41.6632,0.1648,29.1373,74.0964,19.1259,8.3980,150,200,-150,100,-250,-1050,0
595,1786708486.811,1786708486.8151,0.03336,41.3187,-0.8352,30.9451,73.3187,21.0549,15.8730,41.3517,0.7668,28.7908,74.1726,17.9789,6.0844,41.3517,0.7668,28.7908,74.1726,17.9789,6.0844,50,200,-100,100,-250,-1150,0
596,1786708486.8444,1786708486.849,0.03343,41.3187,-0.2198,30.5055,73.3187,20.1758,13.1614,41.4086,1.3054,28.3320,74.5779,16.7349,4.9795,41.4086,1.3054,28.3320,74.5779,16.7349,4.9795,0,150,-150,0,-300,-1200,0
597,1786708486.8778,1786708486.8821,0.03337,41.2308,0.3956,30.1538,73.3187,19.2967,10.6481,41.3657,1.6204,27.6551,74.8306,16.2290,4.0542,41.3657,1.6204,27.6551,74.8306,16.2290,4.0542,0,200,-150,0,-300,-1150,0
598,1786708486.9112,1786708486.9155,0.03337,41.0549,1.0989,29.8022,73.7582,18.3297,8.3333,41.3588,2.0139,26.6253,75.4359,15.6280,3.9556,41.3588,2.0139,26.6253,75.4359,15.6280,3.9556,-100,250,-100,100,-350,-1000,0
599,1786708486.9445,1786708486.9487,0.03336,41.0549,1.6264,29.4505,74.0220,17.4505,6.6138,41.1933,1.8974,25.8957,76.2493,14.9035,4.1971,41.1933,1.8974,25.8957,76.2493,14.9035,4.1971,0,200,-150,100,-250,-850,0
600,1786708486.9779,1786708487.2004,0.03342,41.0549,1.8901,28.8352,74.5495,16.7473,5.6878,39.4802,0.4534,28.7817,72.9866,7.4589,5.6434,39.4802,0.4534,28.7817,72.9866,7.4589,5.6434,0,100,-200,150,-250,-450,1
601,1786708487.2015,1786708487.2064,0.22359,41.2308,2.1538,27.6044,75.6923,15.2527,4.3651,39.6214,-0.0293,28.8419,73.0934,7.4075,5.4516,39.6214,-0.0293,28.8419,73.0934,7.4075,5.4516,-50,0,0,0,0,0,1
602,1786708487.2348,1786708487.2395,0.03329,41.2308,2.1538,27.6044,75.6923,15.1648,4.3651,40.0241,0.0913,29.0319,73.3892,7.7964,5.2782,40.0241,0.0913,29.0319,73.3892,7.7964,5.2782,0,0,0,0,0,0,0
603,1786708487.2683,1786708487.2732,0.0335,40.8791,1.9780,27.9560,74.9890,14.1099,4.7619,39.9333,0.2767,29.0234,73.7169,7.8329,5.1855,39.9333,0.2767,29.0234,73.7169,7.8329,5.1855,-100,-100,250,-100,-350,200,0
604,1786708487.3016,1786708487.3059,0.0333,40.3516,1.8901,28.7473,74.0220,11.9121,4.9603,40.1268,0.4321,29.1436,74.0559,8.2371,4.9686,40.1268,0.4321,29.1436,74.0559,8.2371,4.9686,-200,-50,300,-400,-750,200,0
605,1786708487.335,1786708487.3395,0.03337,40.0879,1.8901,28.8352,74.1099,10.0659,4.7619,40.1681,0.2980,29.3891,74.3359,8.1729,4.7969,40.1681,0.2980,29.3891,74.3359,8.1729,4.7969,-150,0,0,50,-700,-50,0
606,1786708487.3684,1786708487.3727,0.03341,40.2637,1.8901,29.0110,74.1099,9.5385,4.8942,40.3456,0.4132,29.4633,74.3489,7.9503,4.7795,40.3456,0.4132,29.4633,74.3489,7.9503,4.7795,0,0,50,0,-150,100,0
607,1786708487.4018,1786708487.406,0.0334,40.5275,1.8901,29.3626,74.1099,9.0989,4.8942,40.5424,0.6308,29.6692,74.3855,7.9336,4.7533,40.5424,0.6308,29.6692,74.3855,7.9336,4.7533,50,0,100,0,-150,0,0
608,1786708487.4352,1786708487.4395,0.03338,40.5275,1.8901,29.4505,74.1099,8.7473,4.7619,40.8767,0.6780,30.0415,74.4214,7.8706,4.7485,40.8767,0.6780,30.0415,74.4214,7.8706,4.7485,0,0,50,0,-150,-100,0
609,1786708487.4686,1786708487.4728,0.03338,40.3516,1.8901,29.4505,74.1099,8.4835,4.7619,41.1321,0.5845,30.3556,74.3279,7.9533,4.7488,41.1321,0.5845,30.3556,74.3279,7.9533,4.7488,-50,0,0,0,-100,0,0
610,1786708487.5019,1786708487.5064,0.03337,40.2637,1.8901,29.8901,74.1099,8.3077,4.7619,41.4562,0.4800,30.5015,74.5245,7.7240,4.8587,41.4562,0.4800,30.5015,74.5245,7.7240,4.8587,-50,0,150,0,-50,0,0
611,1786708487.5353,1786708487.5395,0.03337,40.4396,1.8901,30.2418,74.1099,8.2198,4.6958,41.8881,0.6733,30.8839,74.4755,7.8465,4.8429,41.8881,0.6733,30.8839,74.4755,7.8465,4.8429,0,0,100,0,-50,-50,0
612,1786708487.5687,1786708487.5729,0.0334,40.7912,1.8901,30.2418,74.1099,8.0440,4.6958,42.2276,0.5439,30.9380,74.5878,7.6623,4.8786,42.2276,0.5439,30.9380,74.5878,7.6623,4.8786,100,0,0,0,-50,0,0
613,1786708487.6021,1786708487.6067,0.03337,41.1429,1.8022,30.4176,74.1099,8.0440,4.6958,42.6065,0.0972,31.0276,74.6087,7.5727,4.8866,42.6065,0.0972,31.0276,74.6087,7.5727,4.8866,150,-50,50,0,0,0,0
614,1786708487.6355,1786708487.6401,0.03344,41.4066,1.8022,30.6813,74.1099,8.0440,4.6296,42.7439,-0.3458,31.3206,74.4984,7.4665,4.9343,42.7439,-0.3458,31.3206,74.4984,7.4665,4.9343,150,0,100,0,0,-50,0
615,1786708487.6689,1786708487.6734,0.03337,41.7582,1.6264,30.7692,74.1099,8.0440,4.6296,43.0588,-0.6515,31.6008,74.6079,7.4463,4.9174,43.0588,-0.6515,31.6008,74.6079,7.4463,4.9174,50,-50,50,0,0,0,0
616,1786708487.7023,1786708487.7074,0.03344,42.0220,1.4505,31.0330,74.1099,7.9560,4.6296,43.2555,-0.8641,31.4922,74.5612,7.4783,4.8967,43.2555,-0.8641,31.4922,74.5612,7.4783,4.8967,50,-50,50,0,-50,0,0
617,1786708487.7357,1786708487.74,0.03338,42.2857,1.3626,31.2967,74.1099,7.7802,4.6296,43.3361,-0.9029,31.2095,74.6850,7.3018,4.7963,43.3361,-0.9029,31.2095,74.6850,7.3018,4.7963,100,0,50,0,-50,0,0
618,1786708487.7691,1786708487.7734,0.03337,42.5495,1.1868,31.2967,74.1099,7.6923,4.6296,43.1084,-1.1295,30.8078,74.8218,6.8643,4.7050,43.1084,-1.1295,30.8078,74.8218,6.8643,4.7050,100,-50,0,0,0,0,0
619,1786708487.8025,1786708487.8066,0.0334,42.6374,1.1868,31.2967,74.1099,7.6923,4.6296,42.9747,-1.3563,30.2185,75.3468,5.5134,4.6694,42.9747,-1.3563,30.2185,75.3468,5.5134,4.6694,50,0,0,0,0,0,0
620,1786708487.8358,1786708487.84,0.03335,42.6374,1.1868,31.2967,74.1099,7.3407,4.6296,42.1859,-1.8972,28.6889,76.0485,2.9369,4.4035,42.1859,-1.8972,28.6889,76.0485,2.9369,4.4035,0,0,0,0,-100,0,0
621,1786708487.8693,1786708487.8734,0.03344,42.5495,1.1868,31.2967,74.5495,6.5495,4.7619,40.9219,-2.0640,26.5044,77.2530,-1.3597,3.9073,40.9219,-2.0640,26.5044,77.2530,-1.3597,3.9073,-50,0,0,150,-200,100,0
622,1786708487.9026,1786708487.9078,0.03337,42.4615,1.0110,30.9451,75.2527,5.0549,4.6296,39.6363,-2.6349,24.6685,78.5945,-6.2533,3.3296,39.6363,-2.6349,24.6685,78.5945,-5.1209,3.3296,0,-50,-50,200,-500,-50,0
623,1786708487.936,1786708487.9404,0.03336,42.1978,0.9231,29.8901,75.8681,2.9451,4.2989,37.9341,-3.4831,22.2373,79.5474,-11.3143,2.7148,37.9341,-3.4831,22.2373,79.5474,-7.4945,2.7148,-150,-50,-300,200,-650,-150,0
624,1786708487.9694,1786708487.9742,0.0334,41.2308,0.5714,28.2198,76.9231,0.0440,3.9021,36.0184,-4.2862,20.3984,79.8584,-16.1238,1.9625,36.0184,-4.2862,20.3984,79.8584,-10.3077,1.9625,-300,-100,-550,400,-950,-150,0
625,1786708488.0029,1786708488.0079,0.03345,39.8242,-0.1319,26.4615,78.0659,-2.7692,3.4392,34.1000,-5.2488,18.5523,79.7371,-20.1232,1.6470,34.1000,-5.2488,18.5523,79.7371,-13.2088,1.6470,-500,-200,-500,400,-950,-150,0
626,1786708488.0363,1786708488.0413,0.0334,38.5055,-0.9231,24.6154,78.4176,-5.6703,2.9101,32.5068,-5.7403,16.8683,79.3020,-22.9547,1.2061,32.5068,-5.7403,16.8683,79.3020,-16.1099,1.2061,-450,-250,-650,50,-1000,-200,0
627,1786708488.0696,1786708488.0744,0.03335,36.8352,-1.8022,22.8571,78.7692,-8.3956,2.4471,31.2594,-6.5958,16.1915,79.2148,-23.9012,1.3188,31.2594,-6.5958,16.1915,79.2148,-18.8352,1.3188,-500,-300,-550,150,-950,-200,0
628,1786708488.103,1786708488.1081,0.03337,35.1648,-2.5055,21.0989,78.9451,-11.2967,2.1164,30.5013,-6.8588,15.8370,79.1948,-23.9432,1.6557,30.5013,-6.8588,15.8370,79.1948,-21.7363,1.6557,-550,-200,-600,100,-1000,-100,0
629,1786708488.1364,1786708488.1414,0.03344,33.3187,-3.2088,19.7802,78.7692,-14.2857,1.9841,30.4145,-6.8660,16.5079,79.2810,-22.4912,2.4329,30.4145,-6.8660,16.5079,79.2810,-22.4912,2.4329,-650,-250,-500,-100,-1000,-50,0
630,1786708488.1698,1786708488.1741,0.03339,32.0879,-3.8242,18.9011,78.9451,-16.9231,1.9841,30.4785,-6.7721,17.0620,79.2250,-20.6186,3.0647,30.4785,-6.7721,17.0620,79.2250,-20.6186,3.0647,-500,-200,-300,100,-800,0,0
631,1786708488.2032,1786708488.2075,0.03342,31.3846,-4.2637,18.6374,78.8571,-19.2088,2.0503,30.9853,-6.6146,17.8009,79.0329,-17.6988,4.6938,30.9853,-6.6146,17.8009,79.0329,-17.6988,4.6938,-250,-100,-50,-50,-750,50,0
632,1786708488.2366,1786708488.2411,0.03333,31.2967,-4.2637,18.6374,78.8571,-19.5604,2.4471,31.6194,-6.1918,17.9062,78.6644,-14.7585,6.6060,31.6194,-6.1918,17.9062,78.6644,-14.7585,6.6060,0,0,0,0,-400,200,0
633,1786708488.27,1786708488.2746,0.03342,31.2967,-4.2637,18.6374,78.9451,-18.7692,3.1085,32.0730,-6.0446,19.0686,78.6487,-11.8039,9.0306,32.0730,-6.0446,19.0686,78.6487,-11.8039,9.0306,0,0,0,0,250,300,0
634,1786708488.3033,1786708488.3079,0.03335,31.4725,-4.2637,18.7253,78.9451,-17.2747,4.3651,32.3037,-6.2590,19.9048,78.5551,-8.6761,11.7691,32.3037,-6.2590,19.9048,78.5551,-8.6761,11.7691,100,0,0,0,500,700,0
635,1786708488.3367,1786708488.3416,0.03341,31.5604,-4.3516,18.9890,78.8571,-15.2527,6.0847,32.9656,-6.4645,20.8340,78.5184,-5.3928,14.4671,32.9656,-6.4645,20.8340,78.5184,-5.3928,14.4671,50,0,0,0,700,750,0
636,1786708488.3701,1786708488.3747,0.03341,31.6484,-4.3516,19.7802,78.8571,-12.8791,8.0688,33.2250,-6.6583,21.2942,78.1551,-3.0313,17.0275,33.2250,-6.6583,21.2942,78.1551,-3.0313,17.0275,0,-50,300,0,750,900,0
637,1786708488.4035,1786708488.4081,0.03337,31.9121,-4.3516,20.4835,78.9451,-10.0659,10.3175,33.7174,-6.7629,22.2891,77.9506,-1.3005,19.3054,33.7174,-6.7629,22.2891,77.9506,-1.3005,19.3054,50,0,250,0,900,1000,0
638,1786708488.4369,1786708488.4412,0.03338,32.3516,-4.3516,21.1868,78.7692,-7.5165,12.6323,33.8813,-6.8638,22.4681,77.7643,0.0903,21.5691,33.8813,-6.8638,22.4681,77.7643,0.0903,21.5691,150,0,250,-50,850,1050,0
639,1786708488.4703,1786708488.4747,0.0334,33.0549,-4.3516,21.8901,78.3297,-5.0549,15.0794,34.4448,-7.2066,23.6961,77.5521,1.0297,23.4178,34.4448,-7.2066,23.6961,77.5521,1.0297,23.4178,200,0,200,-150,850,1100,0
640,1786708488.5037,1786708488.5084,0.0334,33.4066,-4.3516,22.4176,78.1538,-3.1209,17.3280,34.7330,-7.0578,24.2891,77.6410,1.6339,24.6127,34.7330,-7.0578,24.2891,77.6410,1.6339,24.6127,200,0,200,0,650,1050,0
641,1786708488.5371,1786708488.5419,0.03339,33.7582,-4.3516,23.2088,78.0659,-1.5385,19.5767,34.9707,-7.4778,24.6683,77.5252,1.6266,25.3644,34.9707,-7.4778,24.6683,77.5252,1.6266,25.3644,100,0,200,0,500,1050,0
642,1786708488.5705,1786708488.5751,0.0334,33.8462,-4.4396,24.0000,78.0659,-0.4835,21.5608,35.2990,-7.7516,25.1605,77.2777,1.8770,25.4379,35.2990,-7.7516,25.1605,77.2777,1.8770,25.4379,50,-50,350,-50,400,900,0
643,1786708488.6039,1786708488.6085,0.03344,34.1099,-4.6154,24.6154,77.8901,0.2198,22.8836,35.3592,-7.6857,25.6924,77.1130,1.9449,25.2736,35.3592,-7.6857,25.6924,77.1130,1.9449,25.2736,50,-50,150,-50,200,600,0
644,1786708488.6373,1786708488.642,0.03341,34.5495,-4.7033,25.0549,77.5385,0.6593,23.6772,35.7358,-7.8011,26.9101,77.0175,1.9773,25.1555,35.7358,-7.8011,26.9101,77.0175,1.9773,25.1555,150,-50,150,-150,150,400,0
645,1786708488.6707,1786708488.6752,0.03335,35.0769,-4.8791,25.5824,77.3626,1.0989,24.1402,35.8386,-7.6890,27.1860,76.7556,2.0491,24.9571,35.8386,-7.6890,27.1860,76.7556,2.0491,24.9571,150,-50,150,-50,150,200,0
646,1786708488.7041,1786708488.7086,0.03339,35.2527,-5.0549,26.3736,77.2747,1.2747,24.3386,35.8810,-7.5869,27.9265,76.3956,2.1152,24.6742,35.8810,-7.5869,27.9265,76.3956,2.1152,24.6742,100,-50,300,0,100,100,0
647,1786708488.7374,1786708488.742,0.03338,35.3407,-5.0549,27.0769,77.3626,1.4505,24.4709,36.0863,-7.6514,27.9397,76.1962,1.8720,24.5943,36.0863,-7.6514,27.9397,76.1962,1.8720,24.5943,50,0,250,0,100,100,0
648,1786708488.7709,1786708488.7764,0.03348,35.2527,-5.0549,27.6923,76.8352,1.6264,24.4709,36.3121,-7.7160,28.1761,76.2673,2.1294,24.6382,36.3121,-7.7160,28.1761,76.2673,2.1294,24.6382,-50,0,200,-150,50,0,0
649,1786708488.8043,1786708488.809,0.03335,35.3407,-5.0549,27.7802,76.7473,1.6264,24.4709,36.4931,-7.5165,28.4190,75.8052,2.7621,24.6410,36.4931,-7.5165,28.4190,75.8052,2.7621,24.6410,0,0,0,0,0,0,0
650,1786708488.8376,1786708489.0611,0.03337,35.7802,-5.0549,27.9560,76.5714,1.6264,24.4709,35.4561,-3.8827,25.5776,75.8334,19.0974,32.0515,35.4561,-3.8827,25.5776,75.8334,12.3297,32.0515,150,0,0,-50,0,0,1
651,1786708489.0622,1786708489.0673,0.22457,36.0440,-5.1429,28.3077,76.0440,2.3297,24.4709,35.8595,-4.6831,25.5458,75.6378,19.4965,32.1064,35.8595,-4.6831,25.5458,75.6378,12.3297,32.1064,50,0,0,0,0,0,1
652,1786708489.0955,1786708489.1,0.0333,36.2198,-5.1429,28.3077,76.0440,2.3297,24.4709,36.2093,-4.5276,26.5359,75.2295,19.9175,31.8114,36.2093,-4.5276,26.5359,75.2295,12.3297,31.8114,100,0,0,0,0,0,0
653,1786708489.1289,1786708489.1334,0.03339,36.2198,-4.7912,28.0440,76.2198,3.2967,25.1323,36.3711,-4.3415,25.7705,75.2286,20.7405,31.4675,36.3711,-4.3415,25.7705,75.2286,13.5604,31.4675,0,100,-50,0,150,250,0
654,1786708489.1623,1786708489.167,0.03335,36.1319,-4.1758,27.5165,75.7802,5.9341,27.0503,36.6798,-4.8058,26.2306,75.0212,21.2110,31.2801,36.6798,-4.8058,26.2306,75.0212,16.1978,31.2801,-50,200,-200,-150,850,900,0
655,1786708489.1957,1786708489.2003,0.03342,36.0440,-4.0879,27.4286,75.5165,8.8352,28.9683,36.9297,-4.5437,26.1658,75.1192,22.1287,31.1583,36.9297,-4.5437,26.1658,75.1192,19.2747,31.1583,-50,50,-50,-250,1000,1050,0
656,1786708489.2291,1786708489.2336,0.03339,36.0440,-4.0000,27.4286,75.7802,11.5604,29.8942,37.2830,-4.2404,26.0217,75.0976,23.2730,31.1423,37.2830,-4.2404,26.0217,75.0976,21.9121,31.1423,-50,0,0,150,950,500,0
657,1786708489.2624,1786708489.2667,0.03332,36.3077,-4.0000,27.4286,75.4286,14.2857,30.0926,37.5737,-3.9279,26.4900,75.0350,23.7939,31.2280,37.5737,-3.9279,26.4900,75.0350,23.7939,31.2280,100,0,0,-150,900,100,0
658,1786708489.2958,1786708489.3001,0.03341,36.7473,-4.0000,27.4286,75.3407,17.1868,30.3571,37.4404,-3.7324,26.2348,75.0338,24.3717,31.3262,37.4404,-3.7324,26.2348,75.0338,24.3717,31.3262,150,0,0,-50,1000,150,0
659,1786708489.3292,1786708489.3334,0.03338,37.0989,-3.6484,27.4286,75.3407,19.6484,30.6878,37.6160,-3.0557,26.8537,75.1318,25.0528,31.4091,37.6160,-3.0557,26.8537,75.1318,25.0528,31.4091,150,50,0,0,900,150,0
660,1786708489.3625,1786708489.3669,0.03338,37.1868,-3.4725,27.4286,75.3407,21.4945,30.8201,37.5280,-2.8601,26.2601,75.4111,25.6033,31.5581,37.5280,-2.8601,26.2601,75.4111,25.6033,31.5581,0,50,0,0,650,100,0
661,1786708489.396,1786708489.401,0.03345,37.0989,-3.1209,27.4286,75.3407,22.7253,31.0185,37.4736,-2.4854,27.0439,75.4489,26.2916,31.6270,37.4736,-2.4854,27.0439,75.4489,26.2916,31.6270,0,100,0,0,450,50,0
662,1786708489.4294,1786708489.434,0.03336,36.9231,-2.8571,27.4286,75.3407,23.6923,31.1508,37.3276,-1.5382,26.9511,75.5127,26.7192,31.7086,37.3276,-1.5382,26.9511,75.5127,26.7192,31.7086,-50,100,0,0,350,50,0
663,1786708489.4627,1786708489.4672,0.03338,36.8352,-2.4176,27.4286,75.3407,24.6593,31.2831,37.3083,-2.1050,26.8818,75.7045,27.5495,31.8042,37.3083,-2.1050,26.8818,75.7045,27.5495,31.8042,-50,200,0,0,350,50,0
664,1786708489.4962,1786708489.501,0.03346,36.8352,-1.8022,27.4286,75.3407,25.3626,31.4153,37.1150,-1.9331,27.1312,75.6279,28.1905,31.9179,37.1150,-1.9331,27.1312,75.6279,28.1905,31.9179,0,200,0,0,250,50,0
665,1786708489.5295,1786708489.5341,0.03335,36.8352,-1.5385,27.4286,75.3407,26.1538,31.4815,37.2937,-1.9740,27.9903,75.8009,28.5079,32.0990,37.2937,-1.9740,27.9903,75.8009,28.5079,32.0990,0,100,0,0,200,50,0
666,1786708489.563,1786708489.5671,0.03342,37.0110,-1.5385,27.4286,75.3407,26.9451,31.4815,37.1678,-2.0170,27.6482,75.7292,29.3052,31.9988,37.1678,-2.0170,27.6482,75.7292,29.3052,31.9988,50,0,0,0,250,0,0
667,1786708489.5963,1786708489.601,0.03333,37.0989,-1.6264,27.6923,75.3407,27.4725,31.6138,37.1423,-1.4279,28.0513,75.8213,29.3931,32.0119,37.1423,-1.4279,28.0513,75.8213,29.3931,32.0119,0,-50,150,0,150,50,0
668,1786708489.6297,1786708489.634,0.03338,37.0989,-1.5385,27.8681,75.5165,28.0879,31.6799,37.4001,-1.8417,27.8584,75.8585,29.8081,32.0722,37.4001,-1.8417,27.8584,75.8585,29.8081,32.0722,0,0,100,0,200,50,0
669,1786708489.6631,1786708489.6673,0.03342,37.0989,-1.2747,28.0440,75.4286,28.5275,31.7460,37.1347,-1.7117,28.2153,75.7807,29.9104,32.0507,37.1347,-1.7117,28.2153,75.7807,29.9104,32.0507,0,150,50,-50,150,0,0
670,1786708489.6964,1786708489.7006,0.03336,37.0989,-1.2747,28.0440,75.4286,28.9670,31.7460,37.3959,-1.6013,28.1883,75.7457,30.0460,32.0707,37.3959,-1.6013,28.1883,75.7457,30.0460,32.0707,0,0,0,0,200,0,0
671,1786708489.7298,1786708489.7341,0.03337,37.0989,-1.2747,28.2198,75.4286,29.2308,31.7460,37.5610,-1.6043,28.2008,75.8465,30.0238,32.0471,37.5610,-1.6043,28.2008,75.8465,30.0238,32.0471,0,0,50,0,100,0,0
672,1786708489.7633,1786708489.7676,0.03344,37.0989,-1.2747,28.3077,75.4286,29.4945,31.7460,37.5149,-1.3546,28.2436,75.8161,29.4370,32.0095,37.5149,-1.3546,28.2436,75.8161,29.4370,32.0095,0,0,0,0,100,0,0
673,1786708489.7966,1786708489.8019,0.03334,37.0989,-1.2747,28.3077,75.4286,29.4945,31.7460,37.4779,-1.3370,28.0812,75.9844,29.1480,32.0422,37.4779,-1.3370,28.0812,75.9844,29.1480,32.0422,0,0,0,0,0,0,0
674,1786708489.83,1786708489.8345,0.03345,37.0989,-1.1868,28.3077,75.4286,29.4066,31.7460,37.6079,-1.2920,28.4077,76.0501,29.0989,32.0723,37.6079,-1.2920,28.4077,76.0501,29.0989,32.0723,0,50,0,0,-50,0,0
675,1786708489.8634,1786708489.8677,0.03335,37.0989,-1.0110,28.3077,75.4286,29.4066,31.7460,37.6253,-1.2945,28.1979,76.2277,28.9132,32.0644,37.6253,-1.2945,28.1979,76.2277,28.9132,32.0644,0,50,0,0,0,0,0
676,1786708489.8968,1786708489.9011,0.0334,37.0989,-1.0110,28.3956,75.4286,29.4066,31.7460,37.7677,-1.1169,28.1783,76.3210,28.6936,31.9420,37.7677,-1.1169,28.1783,76.3210,28.6936,31.9420,0,0,50,0,0,0,0
677,1786708489.9301,1786708489.9344,0.03334,37.0989,-1.0110,28.3956,75.4286,29.2308,31.7460,37.7767,-1.2811,28.1059,76.3595,28.5189,31.6118,37.7767,-1.2811,28.1059,76.3595,28.5189,31.6118,0,0,0,0,-100,0,0
678,1786708489.9635,1786708489.9677,0.03337,37.0989,-1.0110,28.3956,75.6923,29.0549,31.7460,37.8857,-1.2611,28.2042,76.3037,27.6893,30.6433,37.8857,-1.2611,28.2042,76.3037,27.6893,30.6433,0,0,0,50,-50,0,0
679,1786708489.9969,1786708490.0012,0.03341,37.0989,-1.0110,28.3956,75.7802,28.7912,31.7460,37.9932,-1.1728,27.5855,76.1208,26.0315,28.7125,37.9932,-1.1728,27.5855,76.1208,26.0315,28.7125,0,0,0,0,-50,0,0
680,1786708490.0303,1786708490.0347,0.03337,37.0989,-1.0110,28.3956,75.8681,28.3516,31.3492,37.9588,-1.1746,27.3338,76.2742,24.2396,25.8440,37.9588,-1.1746,27.3338,76.2742,24.2396,25.8440,0,0,0,50,-150,-100,0
681,1786708490.0637,1786708490.0681,0.03337,37.0989,-1.0110,28.3956,75.8681,27.4725,30.3571,37.6611,-1.3817,27.2633,76.2844,22.0353,21.8539,37.6611,-1.3817,27.2633,76.2844,22.0353,21.8539,0,0,0,0,-250,-450,0
682,1786708490.0971,1786708490.1015,0.0334,37.2747,-1.0110,28.3956,75.8681,26.0659,28.7698,37.4173,-1.7431,26.5836,76.4879,19.3451,16.8424,37.4173,-1.7431,26.5836,76.4879,19.3451,18.5714,50,0,0,0,-550,-800,0
683,1786708490.1304,1786708490.1349,0.03335,37.6264,-1.0110,28.3956,75.8681,24.4835,26.5212,37.4361,-1.9634,25.6845,76.9644,16.9526,11.7724,37.4361,-1.9634,25.6845,76.9644,16.9526,16.2566,100,0,0,0,-550,-850,0
684,1786708490.1638,1786708490.1684,0.03344,37.7143,-1.0110,28.3077,75.8681,22.5495,23.8757,37.1201,-1.2337,25.9743,76.9170,14.7022,6.6780,37.1201,-1.2337,25.9743,76.9170,14.7022,13.4788,50,0,0,0,-600,-1200,0
685,1786708490.1973,1786708490.2021,0.03342,37.6264,-1.0110,27.8681,76.1319,20.3516,21.0979,37.0626,-0.9637,25.3486,76.8311,11.8536,3.5456,37.0626,-0.9637,25.3486,76.8311,11.8536,10.7672,0,0,-150,50,-750,-1250,0
686,1786708490.2306,1786708490.2356,0.03332,37.5385,-0.9231,27.6923,76.2198,18.0659,18.4524,36.8599,-0.6263,25.0491,76.4161,8.1531,1.3454,36.8599,-0.6263,25.0491,76.4161,8.1531,8.0556,-50,50,-100,0,-750,-1200,0
687,1786708490.264,1786708490.2686,0.03338,37.3626,-0.6593,27.4286,76.3077,15.7802,15.7407,36.6192,-0.6689,24.2372,76.2037,3.9982,1.0340,36.6192,-0.6689,24.2372,76.2037,5.4286,5.4101,-50,50,-100,50,-750,-1200,0
688,1786708490.2974,1786708490.3021,0.03342,37.2747,-0.3077,27.0769,76.2198,13.0549,13.0291,36.5058,-0.9143,23.6827,76.2985,0.1847,1.6242,36.5058,-0.9143,23.6827,76.2985,2.7033,2.6323,-50,150,-50,-50,-950,-1250,0
689,1786708490.3308,1786708490.3353,0.0334,37.0989,-0.3077,26.6374,76.3956,10.2418,10.3836,36.4527,-1.2307,23.1242,76.6190,-3.5275,2.3651,36.4527,-1.2307,23.1242,76.6190,-0.1978,2.3651,-50,0,-150,50,-950,-1150,0
690,1786708490.3642,1786708490.3686,0.03338,36.9231,-0.3077,25.9341,76.2198,7.3407,7.7381,36.2493,-1.3659,22.1726,76.8648,-6.3558,2.7009,36.2493,-1.3659,22.1726,76.8648,-3.0110,2.7009,-50,0,-200,-50,-950,-1250,0
691,1786708490.3975,1786708490.4021,0.03337,36.6593,-0.3077,25.4066,76.2198,4.4396,5.4894,35.7579,-1.8322,21.6699,76.9896,-9.6172,2.8092,35.7579,-1.8322,21.6699,76.9896,-5.8242,2.8092,-50,0,-150,0,-950,-1000,0
692,1786708490.4309,1786708490.4354,0.03337,36.5714,-0.3077,24.7912,76.3077,1.7143,4.6296,35.6573,-1.9202,20.6625,77.0902,-12.2544,2.9208,35.6573,-1.9202,20.6625,77.0902,-8.6374,2.9208,-50,0,-250,50,-950,-300,0
693,1786708490.4643,1786708490.469,0.03338,36.5714,-0.3077,24.0879,76.3077,-1.1868,4.1005,35.3867,-2.1520,19.7528,77.4475,-14.5351,2.8647,35.3867,-2.1520,19.7528,77.4475,-11.4505,2.8647,0,0,-200,0,-950,-250,0
694,1786708490.4977,1786708490.5022,0.03337,36.3956,-0.3077,23.3846,76.4835,-3.9121,3.7698,34.8791,-2.8294,18.2684,77.9206,-16.2076,2.7282,34.8791,-2.8294,18.2684,77.9206,-14.3516,2.7282,-50,0,-250,50,-1000,-150,0
695,1786708490.5311,1786708490.5361,0.0334,35.9560,-0.3077,22.5055,76.7473,-6.7253,3.5053,34.6408,-3.2953,17.0529,78.4481,-18.1341,2.6546,34.6408,-3.2953,17.0529,78.4481,-17.1648,2.6546,-150,0,-250,100,-950,-100,0
696,1786708490.5645,1786708490.5691,0.0334,35.5165,-0.3956,21.5385,77.2747,-9.5385,3.2407,34.0485,-4.3722,15.4907,79.2667,-19.5186,2.5240,34.0485,-4.3722,15.4907,79.2667,-19.5186,2.5240,-100,0,-300,150,-1000,-150,0
697,1786708490.5979,1786708490.6025,0.03347,35.2527,-0.4835,20.3956,77.6264,-12.4396,3.1085,33.2709,-5.2306,13.1830,80.5112,-20.2593,2.4980,33.2709,-5.2306,13.1830,80.5112,-20.2593,2.4980,-150,-50,-400,100,-1000,-50,0
698,1786708490.6313,1786708490.636,0.03332,34.8132,-0.9231,19.0769,78.0659,-15.2527,2.9101,32.5343,-6.3186,11.1433,81.7076,-21.6673,2.3347,32.5343,-6.3186,11.1433,81.7076,-21.6673,2.3347,-150,-100,-450,200,-950,-50,0
699,1786708490.6647,1786708490.6694,0.03341,34.2857,-1.5385,17.4945,79.2088,-17.1868,2.8439,31.7823,-7.3622,9.1056,82.6263,-22.4814,2.2626,31.7823,-7.3622,9.1056,82.6263,-22.4814,2.2626,-150,-200,-450,400,-750,-50,0
700,1786708490.698,1786708490.9148,0.03337,33.5824,-2.4176,15.6484,80.0879,-18.7692,2.7116,38.4596,-3.6478,8.0132,84.5575,-12.2026,1.7048,38.4596,-3.6478,8.0132,84.5575,-12.2026,1.7048,-200,-300,-650,400,-500,-50,1
701,1786708490.916,1786708490.9209,0.21794,32.4396,-4.7033,11.4286,82.1099,-22.1099,2.5132,40.1392,-4.4100,8.0266,85.0016,-11.5499,1.5325,40.1392,-4.4100,8.0266,85.0016,-12.1099,1.5325,0,0,0,0,0,0,1
702,1786708490.9493,1786708490.9542,0.03332,32.3516,-4.7033,11.3407,82.1978,-22.1099,2.5132,42.0898,-4.4579,8.4405,85.3447,-10.9815,1.5335,42.0898,-4.4579,8.4405,85.3447,-12.1099,1.5335,-50,0,-50,50,0,0,0
703,1786708490.9827,1786708490.9872,0.03336,32.5275,-4.3516,10.8132,83.0769,-21.4066,2.1825,43.3278,-4.9281,9.3193,85.0778,-10.6497,1.5150,42.7912,-4.9281,9.3193,85.0778,-11.1429,1.5150,-50,100,-150,350,100,-100,0
704,1786708491.016,1786708491.0204,0.03337,34.6374,-4.0000,10.6374,83.7802,-18.9451,2.1164,44.6138,-4.9892,10.0676,85.0054,-10.4974,1.5077,44.6138,-4.9892,10.0676,85.0054,-10.4974,1.5077,650,100,-50,250,800,-50,0
705,1786708491.0494,1786708491.0536,0.03337,37.2747,-3.8242,10.6374,84.3956,-16.0440,2.0503,45.7669,-5.4442,10.4210,84.6778,-10.0467,1.4924,45.7669,-5.4442,10.4210,84.6778,-10.0467,1.4924,900,50,0,200,950,0,0
706,1786708491.0828,1786708491.0873,0.03339,40.5275,-3.8242,10.7253,84.3956,-13.9341,2.0503,46.5066,-5.2229,11.0397,84.1726,-9.8556,1.5207,46.5066,-5.2229,11.0397,84.1726,-9.8556,1.5207,1150,0,50,0,800,0,0
707,1786708491.1162,1786708491.1204,0.03344,42.8132,-3.8242,10.7253,84.3077,-12.5275,2.0503,47.1363,-4.8253,11.5802,83.7402,-9.4032,1.5280,47.1363,-4.8253,11.5802,83.7402,-9.4032,1.5280,800,0,0,-50,500,0,0
708,1786708491.1496,1786708491.1537,0.03332,44.2198,-3.8242,10.9890,84.1319,-11.6484,2.0503,47.8465,-4.4863,11.9648,83.3883,-8.9381,1.6004,47.8465,-4.4863,11.9648,83.3883,-8.9381,1.6004,450,0,150,-50,250,0,0
709,1786708491.183,1786708491.1871,0.0334,44.9231,-3.8242,11.5165,84.2198,-10.8571,2.0503,48.0811,-4.5317,12.3710,82.8085,-8.7959,1.5911,48.0811,-4.5317,12.3710,82.8085,-8.7959,1.5911,150,0,150,50,300,0,0
710,1786708491.2164,1786708491.2206,0.03342,45.8022,-3.8242,12.0440,84.0440,-10.1538,2.0503,48.2149,-4.1342,12.8404,82.1818,-8.4835,1.6381,48.2149,-4.1342,12.8404,82.1818,-8.4835,1.6381,300,0,200,0,250,0,0
711,1786708491.2497,1786708491.254,0.03336,46.7692,-3.8242,12.3956,83.4286,-9.7143,2.0503,48.3185,-3.5249,13.3447,82.1673,-8.6547,1.6107,48.3185,-3.5249,13.3447,82.1673,-8.6547,1.6107,300,0,100,-200,150,0,0
712,1786708491.2831,1786708491.2873,0.03338,47.4725,-3.7363,12.7473,82.8132,-9.3626,2.0503,47.9602,-3.2005,13.6698,81.6054,-8.7288,1.6013,47.9602,-3.2005,13.6698,81.6054,-8.7288,1.6013,200,0,100,-300,150,0,0
713,1786708491.3165,1786708491.321,0.03342,47.6484,-3.2967,13.2747,82.5495,-9.2747,2.0503,47.8289,-2.7360,13.5243,81.5610,-8.9165,1.6535,47.8289,-2.7360,13.5243,81.5610,-8.9165,1.6535,100,150,150,-150,0,0,0
714,1786708491.3499,1786708491.3542,0.03337,47.5604,-2.8571,13.7143,82.5495,-9.1868,2.0503,47.6869,-2.0593,13.8109,81.5637,-9.0435,1.6878,47.6869,-2.0593,13.8109,81.5637,-9.0435,1.6878,0,150,150,0,0,0,0
715,1786708491.3833,1786708491.3874,0.03337,47.2967,-2.5934,13.7143,82.0220,-9.1868,2.0503,47.2912,-2.0752,14.3457,81.2428,-9.2598,1.6663,47.2912,-2.0752,14.3457,81.2428,-9.2598,1.6663,-50,100,0,-200,0,0,0
716,1786708491.4166,1786708491.4208,0.03338,47.2967,-2.2418,13.7143,81.7582,-9.1868,2.0503,46.9301,-1.8223,14.8087,81.5773,-9.4787,1.7303,46.9301,-1.8223,14.8087,81.5773,-9.4787,1.7303,0,100,0,-200,0,0,0
717,1786708491.45,1786708491.4543,0.0334,47.2967,-2.0659,14.3297,81.7582,-9.1868,2.0503,46.8743,-1.4839,14.9311,81.6703,-9.6832,1.6779,46.8743,-1.4839,14.9311,81.6703,-9.6832,1.6779,0,50,200,0,0,0,0
718,1786708491.4834,1786708491.4876,0.03337,47.2967,-1.7143,14.8571,82.0220,-9.1868,2.0503,46.8110,-1.0675,15.8051,82.1492,-10.0970,1.7379,46.8110,-1.0675,15.8051,82.1492,-10.0970,1.7379,0,100,200,100,0,0,0
719,1786708491.5168,1786708491.5213,0.03341,47.3846,-1.2747,14.9451,82.1099,-9.2747,2.0503,46.5753,-0.8292,15.6955,81.8182,-10.0488,1.9285,46.5753,-0.8292,15.6955,81.8182,-10.0488,1.9285,50,150,50,50,0,0,0
720,1786708491.5502,1786708491.5545,0.03339,47.4725,-0.9231,15.2088,81.7582,-9.6264,2.0503,46.3848,-0.5901,16.0126,81.6625,-10.1683,2.1068,46.3848,-0.5901,16.0126,81.6625,-10.1683,2.1068,50,100,150,-150,-100,0,0
721,1786708491.5836,1786708491.5878,0.03338,47.2967,-0.6593,15.6484,82.1099,-9.7143,2.0503,46.0999,-0.4591,16.6176,81.4986,-10.0193,2.5770,46.0999,-0.4591,16.6176,81.4986,-10.0193,2.5770,-100,100,200,150,-50,0,0
722,1786708491.617,1786708491.6212,0.03337,47.0330,-0.4835,16.0000,81.8462,-9.7143,2.0503,45.9823,-0.4272,16.8418,81.3380,-9.6254,3.3092,45.9823,-0.4272,16.8418,81.3380,-9.6254,3.3092,-100,50,100,-100,0,0,0
723,1786708491.6504,1786708491.6546,0.03339,46.5934,-0.3077,16.5275,81.5824,-9.7143,2.1825,46.0646,-0.6646,16.7963,81.1780,-9.1490,4.4795,46.0646,-0.6646,16.7963,81.1780,-9.1490,4.4795,-150,0,150,-150,0,50,0
724,1786708491.6838,1786708491.688,0.0334,46.2418,-0.3077,16.8791,81.7582,-9.7143,2.6455,45.8148,-0.5665,17.2883,80.7481,-8.8350,6.2633,45.8148,-0.5665,17.2883,80.7481,-8.8350,6.2633,-150,0,100,0,0,250,0
725,1786708491.7172,1786708491.7214,0.03347,46.1538,-0.2198,16.9670,81.6703,-9.6264,3.3069,45.7321,-0.5895,17.1922,80.6990,-8.6223,8.2825,45.7321,-0.5895,17.1922,80.6990,-8.6223,8.2825,-50,50,0,-100,50,300,0
726,1786708491.7506,1786708491.755,0.03331,46.2418,-0.2198,17.1429,80.9670,-9.3626,4.4974,45.6279,-0.6746,17.1662,80.4725,-8.4182,10.8498,45.6279,-0.6746,17.1662,80.4725,-8.4182,10.8498,0,0,50,-300,150,600,0
727,1786708491.7839,1786708491.7882,0.03337,46.4176,-0.3077,17.3187,80.8791,-9.1868,5.8862,45.3299,-0.7336,17.5059,80.4151,-8.6464,13.3938,45.3299,-0.7336,17.5059,80.4151,-8.6464,13.3938,50,0,50,0,50,700,0
728,1786708491.8173,1786708491.8214,0.03337,46.4176,-0.2198,17.3187,81.0549,-9.0110,7.6720,45.4070,-0.4065,17.8503,80.3687,-8.4379,15.9674,45.4070,-0.4065,17.8503,80.3687,-8.4379,15.9674,0,0,0,50,50,800,0
729,1786708491.8507,1786708491.855,0.03341,46.0659,-0.2198,17.5824,80.7033,-9.0110,9.7884,45.2472,-0.2100,17.8040,80.3944,-8.3093,18.0708,45.2472,-0.2100,17.8040,80.3944,-8.3093,18.0708,-150,0,100,-50,0,950,0
730,1786708491.8841,1786708491.8883,0.03341,45.6264,-0.3077,17.8462,80.7033,-8.9231,11.9048,44.9193,-0.1892,17.9172,80.6086,-8.2675,19.6121,44.9193,-0.1892,17.9172,80.6086,-8.2675,19.6121,-150,-50,100,0,50,900,0
731,1786708491.9175,1786708491.9217,0.03336,45.4505,0.0440,17.8462,80.9670,-8.8352,14.1534,45.0585,-0.3859,17.9301,80.7570,-8.0837,20.4711,45.0585,-0.3859,17.9301,80.7570,-8.0837,20.4711,-50,100,0,50,50,1000,0
732,1786708491.9509,1786708491.9553,0.03343,45.4505,0.2198,17.8462,80.7033,-8.7473,16.2698,44.5592,0.0734,18.3962,80.9162,-8.2904,20.9210,44.5592,0.0734,18.3962,80.9162,-8.2904,20.9210,0,100,0,0,0,950,0
733,1786708491.9843,1786708491.9884,0.03336,45.5385,0.2198,17.8462,80.7033,-8.6593,17.8571,44.3594,0.3735,18.5506,80.9725,-8.5002,20.8497,44.3594,0.3735,18.5506,80.9725,-8.5002,20.8497,50,0,0,0,50,650,0
734,1786708492.0176,1786708492.0218,0.03337,45.2747,0.2198,18.1099,80.7033,-8.6593,18.9153,44.1084,0.3865,18.6933,80.8612,-8.8110,20.5549,44.1084,0.3865,18.6933,80.8612,-8.8110,20.5549,-100,0,50,0,0,550,0
735,1786708492.051,1786708492.0553,0.03338,44.7473,0.5714,18.5495,80.8791,-8.6593,19.4444,43.9414,0.4434,18.6993,80.6657,-9.1362,20.0906,43.9414,0.4434,18.6993,80.6657,-9.1362,20.0906,-150,150,100,0,0,250,0
736,1786708492.0844,1786708492.0886,0.03337,44.3077,0.8352,18.6374,80.9670,-8.6593,19.7090,43.7442,0.5307,19.1223,80.8930,-9.1775,19.8209,43.7442,0.5307,19.1223,80.8930,-9.1775,19.8209,-150,100,0,50,0,100,0
737,1786708492.1178,1786708492.122,0.03342,44.2198,0.7473,18.5495,80.7033,-8.6593,19.6429,43.5257,0.7120,19.5754,80.7832,-9.2839,19.5340,43.5257,0.7120,19.5754,80.7832,-9.2839,19.5340,-50,-50,50,-100,0,0,0
738,1786708492.1512,1786708492.1556,0.03339,44.3077,0.6593,18.8132,80.7033,-8.6593,19.7090,43.3565,0.8825,19.1785,80.5732,-9.8213,19.3258,43.3565,0.8825,19.1785,80.5732,-9.8213,19.3258,50,-50,100,0,0,0,0
739,1786708492.1846,1786708492.1887,0.03337,44.1319,0.7473,19.4286,80.7033,-8.9231,19.6429,43.2595,0.9779,19.3832,80.6513,-9.9544,19.0625,43.2595,0.9779,19.3832,80.6513,-9.9544,19.0625,-50,0,150,0,-100,0,0
740,1786708492.218,1786708492.2221,0.0334,43.9560,1.0989,19.4286,80.8791,-9.2747,19.6429,43.1959,1.3338,19.5485,80.4187,-9.8513,18.9337,43.1959,1.3338,19.5485,80.4187,-9.8513,18.9337,-100,100,50,50,-100,0,0
741,1786708492.2514,1786708492.2556,0.03339,43.6923,1.1868,19.5165,80.7033,-9.5385,19.3783,42.9723,1.4266,19.4282,80.2182,-10.4401,18.7210,42.9723,1.4266,19.4282,80.2182,-10.4401,18.7210,-100,50,0,0,-50,-100,0
742,1786708492.2848,1786708492.2889,0.0334,43.4286,1.1868,19.6044,80.7033,-9.5385,19.2460,42.7936,1.7563,19.4069,80.4490,-10.2726,18.9405,42.7936,1.7563,19.4069,80.4490,-10.2726,18.9405,-100,0,0,0,0,-50,0
743,1786708492.3181,1786708492.3224,0.03338,43.3407,1.4505,19.6044,80.7033,-9.8901,19.0476,42.8385,1.6911,19.6088,80.3762,-10.2718,19.0079,42.8385,1.6911,19.6088,80.3762,-10.2718,19.0079,0,100,0,0,-50,-100,0
744,1786708492.3515,1786708492.3559,0.03338,43.3407,1.7143,19.6044,80.7033,-9.8901,19.0476,42.3670,2.1653,19.7759,80.5207,-10.7890,19.2347,42.3670,2.1653,19.7759,80.5207,-10.7890,19.2347,0,100,0,0,0,50,0
745,1786708492.3849,1786708492.3891,0.03337,43.3407,1.7143,19.6044,80.7033,-9.8901,19.0476,42.2037,2.1538,19.8945,80.1870,-11.2320,19.2912,42.2037,2.1538,19.8945,80.1870,-11.2320,19.2912,0,0,0,0,0,0,0
746,1786708492.4183,1786708492.4225,0.03339,43.0769,1.9780,19.6044,80.7033,-10.3297,19.1138,42.0098,2.0260,20.6903,79.9462,-10.7835,19.5102,42.0098,2.0260,20.6903,79.9462,-10.7835,19.5102,-100,100,0,0,-100,50,0
747,1786708492.4517,1786708492.456,0.03338,42.7253,1.9780,19.8681,80.5275,-10.5934,19.1138,42.0335,1.9435,20.3559,80.0837,-11.6554,19.6130,42.0335,1.9435,20.3559,80.0837,-11.6554,19.6130,-100,50,100,-100,-100,0,0
748,1786708492.485,1786708492.4893,0.03337,42.5495,1.9780,20.2198,80.2637,-10.5934,19.1799,41.6521,1.8903,20.5955,79.8671,-11.5928,19.7171,41.6521,1.8903,20.5955,79.8671,-11.5928,19.7171,-50,0,100,-100,50,50,0
749,1786708492.5185,1786708492.5226,0.03343,42.5495,1.9780,20.3077,80.2637,-11.0330,19.2460,41.9015,2.4303,21.2433,79.5492,-12.0813,19.8245,41.9015,2.4303,21.2433,79.5492,-12.0813,19.8245,0,0,50,0,-200,0,0
750,1786708492.5519,1786708492.774,0.03339,42.2857,1.9780,20.3077,80.2637,-11.2088,19.4444,41.0328,1.6046,20.7193,81.9916,-5.4692,20.0362,41.0328,1.6046,20.7193,81.9916,-5.4692,20.0362,-50,0,0,0,-50,50,1
751,1786708492.7751,1786708492.78,0.2232,42.2857,2.1538,20.9231,79.8242,-11.7363,19.4444,41.3913,1.3332,21.1427,81.6866,-6.2274,20.0776,41.3913,1.3332,21.1427,81.6866,-6.2274,20.0776,0,0,0,0,0,0,1
752,1786708492.8084,1786708492.813,0.03337,42.2857,2.1538,20.9231,79.8242,-11.7363,19.4444,42.0257,2.3493,21.4968,81.8558,-6.4636,20.1924,42.0257,2.3493,21.4968,81.8558,-6.4636,20.1924,0,0,0,0,0,0,0
753,1786708492.8418,1786708492.8461,0.03339,42.1978,2.0659,20.9231,80.2637,-10.9451,19.7751,42.0999,2.9619,21.8078,81.7276,-6.6154,20.1819,42.0999,2.9619,21.8078,81.7276,-6.6154,20.1819,-50,0,0,100,300,250,0
754,1786708492.8752,1786708492.8795,0.03341,42.1978,2.1538,21.0110,80.8791,-9.1868,19.9074,42.4566,3.2377,21.5802,81.3635,-6.5057,20.1918,42.4566,3.2377,21.5802,81.3635,-6.5057,20.1918,0,0,0,200,550,100,0
755,1786708492.9086,1786708492.9128,0.03334,42.1978,2.5934,21.0989,80.8791,-8.1319,19.9735,42.6484,3.6859,22.0336,81.4347,-5.9871,20.1268,42.6484,3.6859,22.0336,81.4347,-5.9871,20.1268,0,100,50,0,400,50,0
756,1786708492.942,1786708492.9462,0.03344,42.1978,2.8571,21.0110,80.9670,-7.6923,19.8413,42.9358,4.1884,22.4302,81.2421,-6.0948,20.2189,42.9358,4.1884,22.4302,81.2421,-6.0948,20.2189,0,100,0,0,150,0,0
757,1786708492.9754,1786708492.9796,0.03335,42.1978,2.9451,21.3626,81.0549,-7.1648,19.8413,42.8560,4.4842,22.4924,80.9423,-5.8753,20.1416,42.8560,4.4842,22.4924,80.9423,-5.8753,20.1416,0,50,50,50,150,0,0
758,1786708493.0088,1786708493.0133,0.0334,42.4615,3.2088,21.6264,80.9670,-6.9011,19.8413,42.9235,4.8126,22.3807,81.0696,-5.7202,20.1683,42.9235,4.8126,22.3807,81.0696,-5.7202,20.1683,100,100,100,-50,100,0,0
759,1786708493.0421,1786708493.0463,0.03338,42.4615,3.6484,21.7143,80.9670,-6.5495,19.8413,43.2227,4.9122,23.5031,80.6603,-5.9567,20.3208,43.2227,4.9122,23.5031,80.6603,-5.9567,20.3208,0,200,0,0,100,0,0
760,1786708493.0755,1786708493.0797,0.03337,42.4615,4.0879,21.7143,80.9670,-6.3736,19.8413,42.9019,5.4141,22.6601,80.6391,-5.9919,20.2675,42.9019,5.4141,22.6601,80.6391,-5.9919,20.2675,0,100,0,0,100,0,0
761,1786708493.1089,1786708493.1131,0.03337,42.4615,4.2637,22.1538,80.8791,-6.3736,19.9735,43.0094,5.9526,23.5502,80.5396,-5.9122,20.3416,43.0094,5.9526,23.5502,80.5396,-5.9122,20.3416,0,100,150,0,0,50,0
762,1786708493.1423,1786708493.1464,0.03337,42.6374,4.6154,22.3297,80.7912,-6.3736,20.0397,42.9644,6.2548,23.9435,80.6386,-5.9320,20.2929,42.9644,6.2548,23.9435,80.6386,-5.9320,20.2929,50,100,0,-100,0,50,0
763,1786708493.1757,1786708493.1798,0.0334,42.6374,4.9670,22.2418,80.7912,-6.3736,19.9074,42.8229,6.0827,23.8636,80.0733,-6.1927,20.4413,42.8229,6.0827,23.8636,80.0733,-6.1927,20.4413,0,150,0,0,0,-50,0
764,1786708493.209,1786708493.2135,0.03338,42.6374,5.1429,22.6813,80.7912,-6.3736,20.1058,42.8639,6.2001,24.6145,80.0335,-6.4424,20.4789,42.8639,6.2001,24.6145,80.0335,-6.4424,20.4789,0,50,150,0,0,100,0
765,1786708493.2424,1786708493.2466,0.0334,42.6374,5.1429,22.7692,80.4396,-6.3736,19.9735,42.4935,5.7483,25.0299,79.7121,-6.6834,20.3987,42.4935,5.7483,25.0299,79.7121,-6.6834,20.3987,0,0,50,-50,0,-50,0
766,1786708493.2759,1786708493.28,0.03341,42.6374,5.1429,23.1209,80.2637,-6.3736,19.9735,42.4652,6.1280,24.7117,79.8438,-6.7756,20.3704,42.4652,6.1280,24.7117,79.8438,-6.7756,20.3704,0,0,150,-100,0,0,0
767,1786708493.3092,1786708493.3135,0.03339,42.6374,5.0549,23.3846,80.0879,-6.4615,20.1058,42.1387,6.3478,24.9126,79.4877,-7.1040,20.3289,42.1387,6.3478,24.9126,79.4877,-7.1040,20.3289,0,-50,150,-100,-50,100,0
768,1786708493.3426,1786708493.3468,0.03335,42.6374,5.0549,23.4725,80.0879,-6.4615,20.1058,41.9546,6.1690,24.8660,79.4617,-7.3001,20.1088,41.9546,6.1690,24.8660,79.4617,-7.3001,20.1088,0,0,50,0,0,0,0
769,1786708493.376,1786708493.3804,0.03342,42.6374,5.0549,23.4725,79.8242,-6.7253,19.9735,41.4899,6.1643,25.2180,79.5556,-8.1392,19.7541,41.4899,6.1643,25.2180,79.5556,-8.1392,19.7541,0,0,0,-50,-100,-100,0
770,1786708493.4094,1786708493.4136,0.03334,42.5495,5.0549,23.4725,79.7363,-6.9890,19.9074,41.2266,5.9878,25.5280,79.4004,-8.6176,18.9335,41.2266,5.9878,25.5280,79.4004,-8.6176,18.9335,0,0,0,-50,-50,-50,0
771,1786708493.4428,1786708493.4472,0.03341,42.2857,5.0549,23.6484,79.7363,-7.5165,19.9074,40.8094,6.0715,24.7609,79.8054,-8.6950,17.7621,40.8094,6.0715,24.7609,79.8054,-8.6950,17.7621,-100,0,100,0,-200,0,0
772,1786708493.4762,1786708493.4804,0.03345,42.0220,5.0549,23.8242,79.7363,-8.0440,19.6429,40.5470,6.1241,24.8136,80.3843,-8.7344,16.1761,40.5470,6.1241,24.8136,80.3843,-8.7344,16.1761,-100,0,50,0,-100,-250,0
773,1786708493.5096,1786708493.5137,0.03334,41.7582,5.0549,23.8242,79.7363,-8.2198,18.8492,40.2218,5.4102,24.7455,80.3386,-8.9391,14.3205,40.2218,5.4102,24.7455,80.3386,-8.9391,14.3205,-100,0,0,0,-100,-350,0
774,1786708493.5429,1786708493.5471,0.03335,41.4066,5.0549,23.8242,79.7363,-8.3956,17.7910,39.8274,5.1880,24.5834,80.4488,-9.1440,12.1198,39.8274,5.1880,24.5834,80.4488,-9.1440,12.1198,-100,0,0,0,-50,-400,0
775,1786708493.5764,1786708493.5806,0.03345,40.9670,5.0549,23.8242,79.7363,-8.5714,16.4683,39.6784,4.8128,24.5409,80.8168,-9.2044,9.8652,39.6784,4.8128,24.5409,80.8168,-9.2044,9.8652,-150,0,0,0,-50,-650,0
776,1786708493.6097,1786708493.614,0.03338,40.3516,4.9670,23.8242,79.7363,-8.6593,14.7487,39.5603,4.3054,24.3523,80.6188,-9.4568,7.4611,39.5603,4.3054,24.3523,80.6188,-9.4568,7.4611,-200,0,0,0,-50,-750,0
777,1786708493.6431,1786708493.6475,0.03336,39.9121,5.2308,24.0000,79.9121,-9.0110,12.8968,39.1968,4.0467,24.1378,80.4428,-9.9071,5.2036,39.1968,4.0467,24.1378,80.4428,-9.9071,5.2036,-100,100,50,50,-100,-800,0
778,1786708493.6765,1786708493.6806,0.03337,39.6484,5.5824,24.4396,80.6154,-9.0989,10.6481,39.4251,3.8346,24.2253,80.2187,-9.7608,3.3122,39.4251,3.8346,24.2253,80.2187,-9.7608,3.3122,-100,200,200,50,-50,-1150,0
779,1786708493.7098,1786708493.7141,0.03335,39.7363,5.4945,24.7912,80.3516,-9.4505,8.7302,39.2545,3.5884,24.4246,79.7351,-9.9509,1.6997,39.2545,3.5884,24.4246,79.7351,-9.9509,1.6997,0,-50,200,-300,0,-750,0
780,1786708493.7432,1786708493.7475,0.03342,39.8242,5.4945,24.7033,79.8242,-9.5385,6.5476,39.3691,3.5173,24.8897,79.2910,-10.0119,0.6713,39.3691,3.5173,24.8897,79.2910,-10.0119,0.6713,50,0,-50,-250,-50,-900,0
781,1786708493.7766,1786708493.7808,0.03336,39.7363,5.4945,24.7912,79.8242,-9.5385,4.6296,39.6312,3.1991,25.3166,79.2257,-10.6648,0.9214,39.6312,3.1991,25.3166,79.2257,-10.6648,0.9214,0,0,50,0,0,-800,0
782,1786708493.81,1786708493.8142,0.03341,39.5604,5.4945,25.0549,79.4725,-9.5385,3.2407,39.6025,3.0611,25.5152,78.9794,-11.0632,0.8602,39.6025,3.0611,25.5152,78.9794,-11.0632,0.8602,-50,0,50,0,0,-800,0
783,1786708493.8434,1786708493.8479,0.03336,39.4725,5.4066,25.3187,79.3846,-10.0659,2.5794,39.4827,2.9719,25.6606,78.7443,-11.6500,1.0154,39.4827,2.9719,25.6606,78.7443,-11.6500,1.0154,-50,-50,100,0,-200,-300,0
784,1786708493.8768,1786708493.881,0.03339,39.4725,5.4066,25.6703,79.3846,-10.5055,2.1825,39.3133,2.6499,25.5620,78.6898,-12.4867,1.1710,39.3133,2.6499,25.5620,78.6898,-12.4867,1.1710,0,0,100,0,-150,-150,0
785,1786708493.9101,1786708493.9143,0.03338,39.4725,5.4066,25.6703,79.1209,-11.0330,1.9841,39.0007,2.5157,25.4751,79.2714,-13.8786,1.4156,39.0007,2.5157,25.4751,79.2714,-13.8786,1.4156,0,0,50,-150,-150,-100,0
786,1786708493.9435,1786708493.9477,0.03338,39.6484,5.4066,25.6703,79.0330,-11.6484,1.9841,38.3081,1.2278,24.7401,80.0945,-15.5829,1.5365,38.3081,1.2278,24.7401,80.0945,-15.5829,1.5365,50,0,0,0,-250,0,0
787,1786708493.9769,1786708493.9811,0.03338,39.5604,5.2308,25.6703,79.1209,-12.5275,1.9180,37.6912,0.3134,23.8084,80.9980,-17.2313,1.7544,37.6912,0.3134,23.8084,80.9980,-17.2313,1.7544,-50,-50,0,0,-350,0,0
788,1786708494.0103,1786708494.0144,0.0334,39.1209,4.8791,25.6703,79.3846,-14.0220,1.9180,36.4038,-1.2834,21.9806,82.7434,-19.6003,1.9415,36.4038,-1.2834,21.9806,82.7434,-19.6003,1.9415,-150,-100,0,50,-450,0,0
789,1786708494.0437,1786708494.0478,0.0334,38.5055,4.0879,25.5824,80.0000,-15.3407,1.9180,34.9102,-2.9506,19.7656,84.6999,-21.9451,2.1672,34.9102,-2.9506,19.7656,84.6999,-21.9451,2.1672,-250,-300,0,200,-450,0,0
790,1786708494.0771,1786708494.0815,0.03342,37.7143,2.9451,24.7033,80.8791,-17.0110,1.9180,32.5423,-4.8788,17.5785,86.9429,-24.2422,2.4815,32.5423,-4.8788,17.5785,86.9429,-24.2422,2.4815,-300,-350,-300,300,-550,0,0
791,1786708494.1105,1786708494.1146,0.03335,36.6593,1.6264,23.3846,82.4615,-18.9451,1.9180,30.4620,-6.8974,15.4321,89.0607,-26.7553,2.4934,30.4620,-6.8974,15.4321,89.0607,-26.7553,2.4934,-350,-450,-450,550,-700,0,0
792,1786708494.1438,1786708494.148,0.03338,35.1648,-0.0440,21.7143,84.1319,-21.0549,2.0503,27.5413,-9.2279,12.3379,90.9012,-29.0391,2.7068,27.5413,-9.2279,12.3379,90.9012,-29.0391,2.7068,-500,-550,-600,600,-700,50,0
793,1786708494.1772,1786708494.1814,0.03338,33.4945,-1.8901,19.7802,86.0659,-23.1648,2.1825,25.2134,-11.0966,10.4677,91.9030,-32.1087,2.7674,25.2134,-11.0966,10.4677,91.9030,-32.1087,2.7674,-650,-650,-650,650,-750,50,0
794,1786708494.2106,1786708494.2148,0.03341,31.2967,-3.7363,17.6703,87.9121,-25.3626,2.3148,21.8976,-12.7300,7.6677,92.6349,-34.3239,2.8551,21.8976,-12.7300,7.6677,92.6349,-34.3239,2.8551,-700,-650,-750,650,-700,50,0
795,1786708494.244,1786708494.2483,0.03337,29.0110,-5.7582,15.3846,89.4066,-27.8242,2.4471,18.8201,-15.0727,4.6096,92.9606,-36.8249,2.8484,18.8201,-15.0727,5.2088,92.9606,-36.8249,2.8484,-750,-650,-800,500,-850,50,0
796,1786708494.2774,1786708494.282,0.03342,26.4615,-7.6923,13.1868,90.6374,-30.3736,2.5132,15.4076,-16.4029,2.6180,92.4399,-39.7943,2.9291,16.1099,-16.4029,2.8352,92.4399,-39.7943,2.9291,-850,-650,-750,400,-850,50,0
797,1786708494.3108,1786708494.3152,0.03337,23.7363,-9.6264,10.8132,91.3407,-32.8352,2.5132,12.1754,-18.7656,0.4704,91.2852,-42.3287,2.9319,13.4725,-18.7656,0.5495,91.2852,-42.3287,2.9319,-900,-650,-800,300,-900,0,0
798,1786708494.3442,1786708494.3487,0.03343,21.0110,-11.4725,8.3516,91.6044,-35.3846,2.5794,9.4272,-19.9733,-1.4430,89.7911,-45.0784,2.9683,10.6593,-19.9733,-1.4430,89.7911,-45.0784,2.9683,-950,-650,-800,100,-850,0,0
799,1786708494.3776,1786708494.382,0.03335,18.1978,-13.4066,6.0659,91.5165,-38.0220,2.6455,7.1599,-21.3807,-2.9717,87.5415,-47.6152,2.9522,7.7582,-21.3807,-2.9717,87.5415,-47.6152,2.9522,-950,-650,-750,0,-900,50,0
800,1786708494.4109,1786708494.6281,0.03338,15.2967,-15.2527,3.8681,90.7253,-40.6593,2.6455,27.5642,-14.8668,5.0500,90.7841,-27.3181,2.6200,18.7033,-14.8668,5.0500,90.7841,-37.1648,2.6200,-1000,-600,-750,-200,-900,0,1
801,1786708494.6293,1786708494.6313,0.2184,8.7033,-19.2967,-0.6154,88.1758,-47.1648,2.6455,8.6500,-19.8078,0.0275,88.0756,-47.4239,2.6543,8.6500,-19.8078,0.0275,88.0756,-47.4239,2.6543,-50,0,0,0,0,0,1
