step,t_obs,t_cmd,dt,pos_shoulder_pan,pos_shoulder_lift,pos_elbow_flex,pos_wrist_flex,pos_wrist_roll,pos_gripper,cmd_shoulder_pan,cmd_shoulder_lift,cmd_elbow_flex,cmd_wrist_flex,cmd_wrist_roll,cmd_gripper,sent_shoulder_pan,sent_shoulder_lift,sent_elbow_flex,sent_wrist_flex,sent_wrist_roll,sent_gripper,velraw_shoulder_pan,velraw_shoulder_lift,velraw_elbow_flex,velraw_wrist_flex,velraw_wrist_roll,velraw_gripper,chunk_start
0,1786709032.8401,1786709033.2656,2.63533,1.2308,-97.0989,96.9670,75.6044,-83.6484,2.1825,1.0071,-94.2144,96.0635,76.3435,-83.9939,0.9945,1.0071,-94.2144,96.0635,76.3435,-83.9939,0.9945,0,0,0,0,0,0,1
1,1786709033.2668,1786709033.2723,0.42673,1.2308,-97.0989,96.9670,75.6044,-83.6484,2.1825,0.7224,-94.0803,96.0246,76.3786,-84.0704,0.9476,0.7224,-94.0803,96.0246,76.3786,-84.0704,0.9476,0,0,0,0,0,0,1
2,1786709033.3005,1786709033.3051,0.03367,1.2308,-97.0989,96.9670,75.6044,-83.6484,2.1825,0.6898,-93.9221,96.2654,76.3510,-84.2348,0.8735,0.6898,-93.9221,96.2654,76.3510,-84.2348,0.8735,0,0,0,0,0,0,0
3,1786709033.3339,1786709033.3386,0.03345,1.1429,-96.7473,96.7912,75.8681,-83.8242,1.7857,0.7295,-94.0719,96.0562,76.4605,-84.2695,0.8737,0.7295,-94.0719,96.0562,76.4605,-84.2695,0.8737,-50,150,-100,50,-50,-200,0
4,1786709033.3673,1786709033.3719,0.03335,0.9670,-95.7802,96.7033,75.9560,-84.0879,1.5873,0.8705,-93.7071,95.7493,76.3245,-84.1127,0.8273,0.8705,-93.7071,95.7493,76.3245,-84.1127,0.8273,-50,400,0,50,-50,-50,0
5,1786709033.4007,1786709033.4053,0.03338,0.9670,-95.4286,96.5275,75.9560,-84.0879,1.5873,0.8649,-93.9018,95.7603,76.5621,-83.9440,0.8605,0.8649,-93.9018,95.7603,76.5621,-83.9440,0.8605,0,100,-50,-50,0,0,0
6,1786709033.4341,1786709033.4386,0.03342,0.9670,-95.3407,96.3516,75.9560,-84.0879,1.5873,0.8224,-93.8967,96.0309,76.4021,-84.1733,0.8262,0.8224,-93.8967,96.0309,76.4021,-84.1733,0.8262,0,0,-50,0,0,0,0
7,1786709033.4675,1786709033.4721,0.03336,0.9670,-95.2527,96.2637,75.9560,-84.1758,1.5873,0.9508,-93.9805,96.0016,76.4504,-84.2540,0.8296,0.9508,-93.9805,96.0016,76.4504,-84.2540,0.8296,0,50,-50,0,0,0,0
8,1786709033.5008,1786709033.5053,0.03338,0.9670,-95.2527,96.2637,75.9560,-84.1758,1.5873,0.9307,-93.7899,95.7129,76.4031,-84.4012,0.8436,0.9307,-93.7899,95.7129,76.4031,-84.4012,0.8436,0,0,0,0,0,0,0
9,1786709033.5342,1786709033.5388,0.0334,0.9670,-95.2527,96.2637,75.9560,-84.1758,1.5873,0.9891,-93.6880,95.7704,76.3806,-84.2775,0.8504,0.9891,-93.6880,95.7704,76.3806,-84.2775,0.8504,0,0,0,0,0,0,0
10,1786709033.5676,1786709033.5731,0.03336,0.9670,-95.2527,96.2637,75.9560,-84.1758,1.5873,1.0411,-93.8279,95.6884,76.2984,-84.2198,0.8013,1.0411,-93.8279,95.6884,76.2984,-84.2198,0.8013,0,0,0,0,0,0,0
11,1786709033.601,1786709033.6056,0.03341,0.9670,-95.1648,96.0879,75.9560,-84.1758,1.5873,1.1450,-93.6189,95.5317,76.4816,-84.3146,0.8854,1.1450,-93.6189,95.5317,76.4816,-84.3146,0.8854,0,50,-50,0,0,0,0
12,1786709033.6344,1786709033.6389,0.03341,0.9670,-95.0769,96.0879,75.9560,-84.1758,1.5873,0.8380,-93.7823,95.7714,76.3254,-84.5680,0.8132,0.8380,-93.7823,95.7714,76.3254,-84.5680,0.8132,0,0,0,0,0,0,0
13,1786709033.6678,1786709033.6723,0.03339,0.9670,-94.9890,96.0879,75.9560,-84.2637,1.5873,1.0295,-93.8826,95.3423,76.4274,-84.2636,0.8293,1.0295,-93.8826,95.3423,76.4274,-84.2636,0.8293,0,0,0,0,-50,0,0
14,1786709033.7012,1786709033.7056,0.03338,0.9670,-94.9890,96.0879,75.9560,-84.2637,1.5873,0.8885,-93.9017,95.4580,76.4413,-84.4065,0.8565,0.8885,-93.9017,95.4580,76.4413,-84.4065,0.8565,0,0,0,0,0,0,0
15,1786709033.7346,1786709033.7391,0.03343,0.9670,-94.9890,96.0000,75.9560,-84.2637,1.5873,0.9279,-94.0911,95.2994,76.4804,-84.3713,0.8021,0.9279,-94.0911,95.2994,76.4804,-84.3713,0.8021,0,0,-50,0,0,0,0
16,1786709033.7679,1786709033.7725,0.03333,0.9670,-94.9890,95.8242,75.9560,-84.2637,1.5873,0.9319,-93.8653,95.4870,76.5559,-84.1875,0.8456,0.9319,-93.8653,95.4870,76.5559,-84.1875,0.8456,0,0,-50,0,0,0,0
17,1786709033.8013,1786709033.8059,0.0334,0.9670,-94.9890,95.8242,75.9560,-84.2637,1.5873,0.8756,-93.8019,95.3458,76.5635,-84.1976,0.8779,0.8756,-93.8019,95.3458,76.5635,-84.1976,0.8779,0,0,0,0,0,0,0
18,1786709033.8348,1786709033.8393,0.03347,0.9670,-94.9890,95.8242,75.9560,-84.2637,1.5873,0.8330,-93.7802,95.2262,76.4070,-84.0774,0.8991,0.8330,-93.7802,95.2262,76.4070,-84.0774,0.8991,0,0,0,0,0,0,0
19,1786709033.8681,1786709033.8729,0.03333,0.9670,-94.9890,95.8242,75.9560,-84.2637,1.5873,0.8951,-93.7616,95.2454,76.3666,-84.0135,0.8373,0.8951,-93.7616,95.2454,76.3666,-84.0135,0.8373,0,0,0,0,0,0,0
20,1786709033.9015,1786709033.906,0.03341,0.9670,-94.9890,95.8242,75.9560,-84.2637,1.5873,0.7680,-93.7584,95.2515,76.5896,-84.0531,0.8786,0.7680,-93.7584,95.2515,76.5896,-84.0531,0.8786,0,0,0,0,0,0,0
21,1786709033.935,1786709033.9406,0.03346,0.9670,-94.9890,95.8242,75.9560,-84.2637,1.5873,0.9073,-93.8387,95.0833,76.5425,-84.0587,0.8757,0.9073,-93.8387,95.0833,76.5425,-84.0587,0.8757,0,0,0,0,0,0,0
22,1786709033.9683,1786709033.9729,0.03335,0.9670,-94.9890,95.8242,75.9560,-84.2637,1.5873,0.8725,-93.8776,95.1001,76.6310,-84.1575,0.8872,0.8725,-93.8776,95.1001,76.6310,-84.1575,0.8872,0,0,0,0,0,0,0
23,1786709034.0018,1786709034.0062,0.03344,0.9670,-94.9890,95.8242,75.9560,-84.2637,1.5873,0.8818,-93.8197,94.9541,76.5656,-84.1380,0.8516,0.8818,-93.8197,94.9541,76.5656,-84.1380,0.8516,0,0,0,0,0,0,0
24,1786709034.0351,1786709034.0395,0.03334,0.9670,-94.9890,95.8242,75.9560,-84.2637,1.5873,0.9991,-93.6460,95.0138,76.4792,-84.0322,0.8768,0.9991,-93.6460,95.0138,76.4792,-84.0322,0.8768,0,0,0,0,0,0,0
25,1786709034.0685,1786709034.0729,0.03337,0.9670,-94.9890,95.8242,75.9560,-84.2637,1.5873,0.9175,-93.5723,94.7687,76.5224,-84.0527,0.9439,0.9175,-93.5723,94.7687,76.5224,-84.0527,0.9439,0,0,0,0,0,0,0
26,1786709034.102,1786709034.1065,0.03347,0.9670,-94.9890,95.8242,75.9560,-84.2637,1.5873,0.8517,-93.5526,94.7411,76.4360,-83.9726,0.8836,0.8517,-93.5526,94.7411,76.4360,-83.9726,0.8836,0,0,0,0,0,0,0
27,1786709034.1353,1786709034.14,0.03338,0.9670,-94.9890,95.6484,75.9560,-84.2637,1.5873,0.9011,-93.6153,94.7571,76.4360,-83.8989,0.9109,0.9011,-93.6153,94.7571,76.4360,-83.8989,0.9109,0,0,-100,0,0,0,0
28,1786709034.1688,1786709034.1743,0.03347,0.9670,-94.9011,95.5604,75.9560,-84.2637,1.5873,0.8897,-93.6696,95.0457,76.3957,-83.9851,0.9433,0.8897,-93.6696,95.0457,76.3957,-83.9851,0.9433,0,50,0,0,0,0,0
29,1786709034.2021,1786709034.207,0.03329,0.9670,-94.9011,95.5604,75.9560,-84.2637,1.5873,0.9339,-93.6978,94.7325,76.4925,-83.9077,0.9443,0.9339,-93.6978,94.7325,76.4925,-83.9077,0.9443,0,0,0,0,0,0,0
30,1786709034.2355,1786709034.2402,0.03338,0.9670,-94.9011,95.5604,75.9560,-84.2637,1.5873,1.0745,-93.3686,94.8931,76.4728,-84.1915,0.9809,1.0745,-93.3686,94.8931,76.4728,-84.1915,0.9809,0,0,0,0,0,0,0
31,1786709034.2689,1786709034.2735,0.03346,0.9670,-94.9011,95.5604,75.9560,-84.2637,1.5873,1.0765,-93.6759,94.8217,76.4722,-83.9995,0.9741,1.0765,-93.6759,94.8217,76.4722,-83.9995,0.9741,0,0,0,0,0,0,0
32,1786709034.3023,1786709034.3069,0.03331,0.9670,-94.9011,95.5604,75.9560,-84.2637,1.5873,0.9736,-93.5806,94.9412,76.2506,-83.9794,0.9480,0.9736,-93.5806,94.9412,76.2506,-83.9794,0.9480,0,0,0,0,0,0,0
33,1786709034.3357,1786709034.3401,0.03341,0.9670,-94.9011,95.5604,75.9560,-84.2637,1.5873,0.9821,-93.6651,94.9768,76.2971,-83.9096,0.9462,0.9821,-93.6651,94.9768,76.2971,-83.9096,0.9462,0,0,0,0,0,0,0
34,1786709034.3691,1786709034.3736,0.0334,0.9670,-94.9011,95.5604,75.9560,-84.2637,1.5873,0.9832,-93.4909,94.9089,76.2494,-83.9162,0.9550,0.9832,-93.4909,94.9089,76.2494,-83.9162,0.9550,0,0,0,0,0,0,0
35,1786709034.4024,1786709034.4069,0.03334,0.9670,-94.9011,95.5604,75.9560,-84.2637,1.5873,1.0550,-93.5259,95.0522,76.4235,-84.0006,0.9655,1.0550,-93.5259,95.0522,76.4235,-84.0006,0.9655,0,0,0,0,0,0,0
36,1786709034.4358,1786709034.4404,0.03337,0.9670,-94.9011,95.5604,75.9560,-84.2637,1.5873,1.0703,-93.4505,94.8985,76.1881,-83.9303,0.9242,1.0703,-93.4505,94.8985,76.1881,-83.9303,0.9242,0,0,0,0,0,0,0
37,1786709034.4692,1786709034.4737,0.03343,0.9670,-94.9011,95.5604,75.9560,-84.2637,1.5873,1.1531,-93.4163,94.7578,76.3594,-83.9758,0.9670,1.1531,-93.4163,94.7578,76.3594,-83.9758,0.9670,0,0,0,0,0,0,0
38,1786709034.5026,1786709034.5071,0.03336,0.9670,-94.9011,95.5604,75.8681,-84.2637,1.5873,1.0703,-93.5666,94.9199,76.3877,-83.9954,0.9482,1.0703,-93.5666,94.9199,76.3877,-83.9954,0.9482,0,0,0,-50,0,0,0
39,1786709034.5359,1786709034.5402,0.03335,0.9670,-94.9011,95.5604,75.8681,-84.2637,1.5873,1.1114,-93.5975,94.9957,76.3444,-84.1569,0.9508,1.1114,-93.5975,94.9957,76.3444,-84.1569,0.9508,0,0,0,0,0,0,0
40,1786709034.5694,1786709034.5736,0.03343,0.9670,-94.9011,95.5604,75.8681,-84.2637,1.5873,1.0831,-93.5187,95.1630,76.2889,-84.1553,0.9311,1.0831,-93.5187,95.1630,76.2889,-84.1553,0.9311,0,0,0,0,0,0,0
41,1786709034.6028,1786709034.6071,0.03343,0.9670,-94.9011,95.5604,75.8681,-84.2637,1.5873,1.0491,-93.6819,95.1436,76.4585,-84.2630,1.0153,1.0491,-93.6819,95.1436,76.4585,-84.2630,1.0153,0,0,0,0,0,0,0
42,1786709034.6362,1786709034.6407,0.03337,0.9670,-94.9011,95.5604,75.8681,-84.2637,1.5873,1.0630,-93.6660,95.3796,76.5635,-84.1825,0.9452,1.0630,-93.6660,95.3796,76.5635,-84.1825,0.9452,0,0,0,0,0,0,0
43,1786709034.6695,1786709034.674,0.03338,0.9670,-94.9011,95.5604,75.8681,-84.2637,1.5873,1.0212,-93.7955,95.1996,76.5961,-84.1398,0.9507,1.0212,-93.7955,95.1996,76.5961,-84.1398,0.9507,0,0,0,0,0,0,0
44,1786709034.7029,1786709034.7075,0.03341,0.9670,-94.9011,95.5604,75.8681,-84.2637,1.5873,0.9379,-93.7281,95.2951,76.5353,-84.4755,0.9047,0.9379,-93.7281,95.2951,76.5353,-84.4755,0.9047,0,0,0,0,0,0,0
45,1786709034.7363,1786709034.7407,0.03333,0.9670,-94.9011,95.5604,75.8681,-84.2637,1.5873,0.9981,-93.8281,95.2870,76.6851,-84.2735,0.9623,0.9981,-93.8281,95.2870,76.6851,-84.2735,0.9623,0,0,0,0,0,0,0
46,1786709034.7697,1786709034.7744,0.03344,0.9670,-94.9011,95.5604,75.8681,-84.2637,1.5873,0.9209,-93.6918,95.1871,76.7226,-84.4121,0.8631,0.9209,-93.6918,95.1871,76.7226,-84.4121,0.8631,0,0,0,0,0,0,0
47,1786709034.8031,1786709034.8075,0.03335,0.9670,-94.9011,95.5604,75.8681,-84.2637,1.5873,1.0457,-93.8953,95.2020,76.8162,-84.2687,0.9220,1.0457,-93.8953,95.2020,76.8162,-84.2687,0.9220,0,0,0,0,0,0,0
48,1786709034.8365,1786709034.8409,0.03338,0.9670,-94.9011,95.5604,75.9560,-84.2637,1.5873,1.1213,-93.8543,95.1723,76.8545,-84.4544,0.9763,1.1213,-93.8543,95.1723,76.8545,-84.4544,0.9763,0,0,0,0,0,0,0
49,1786709034.8699,1786709034.8745,0.03345,0.9670,-94.9011,95.5604,76.0440,-84.3516,1.5873,1.0586,-93.8025,95.3630,76.7768,-84.2684,0.9394,1.0586,-93.8025,95.3630,76.7768,-84.2684,0.9394,0,0,0,50,-50,0,0
50,1786709034.9033,1786709035.1242,0.03338,0.9670,-94.9011,95.5604,76.1319,-84.3516,1.5873,1.1040,-96.0956,96.5723,76.4373,-84.5221,1.2300,1.1040,-96.0956,96.5723,76.4373,-84.5221,1.2300,0,0,0,50,0,0,1
51,1786709035.1253,1786709035.1304,0.22203,0.9670,-94.9011,95.5604,76.1319,-84.3516,1.5873,1.1201,-96.1023,96.4433,76.3964,-84.7034,1.1742,1.1201,-96.1023,96.4433,76.3964,-84.7034,1.1742,0,0,0,0,0,0,1
52,1786709035.1586,1786709035.163,0.03329,0.9670,-94.9011,95.5604,76.1319,-84.3516,1.5873,1.2214,-96.1241,96.1982,76.5832,-84.4539,1.1245,1.2214,-96.1241,96.1982,76.5832,-84.4539,1.1245,0,0,0,0,0,0,0
53,1786709035.192,1786709035.1966,0.03343,1.0549,-95.4286,95.8242,76.3077,-84.4396,1.5873,1.0654,-96.1572,96.3595,76.5968,-84.3527,1.0353,1.0654,-96.1572,96.3595,76.5968,-84.3527,1.0353,0,-200,100,50,-50,0,0
54,1786709035.2254,1786709035.23,0.03338,1.0549,-95.8681,95.8242,76.3956,-84.4396,1.5873,1.1657,-96.5289,96.3116,76.8511,-84.3750,1.1147,1.1657,-96.5289,96.3116,76.8511,-84.3750,1.1147,0,-100,0,0,0,0,0
55,1786709035.2588,1786709035.2633,0.03341,1.0549,-95.9560,95.9121,76.4835,-84.4396,1.5873,1.2740,-96.3055,95.9181,76.7518,-84.3791,1.0438,1.2740,-96.3055,95.9181,76.7518,-84.3791,1.0438,0,-50,50,50,0,0,0
56,1786709035.2922,1786709035.2985,0.03338,1.0549,-96.0440,95.9121,76.4835,-84.4396,1.5873,1.0387,-96.5723,96.5768,76.7490,-84.4050,1.0884,1.0387,-96.5723,96.5768,76.7490,-84.4050,1.0884,0,-50,0,0,0,0,0
57,1786709035.3256,1786709035.3302,0.03337,1.0549,-96.1319,95.9121,76.4835,-84.4396,1.5873,1.0826,-96.4357,96.1732,76.9316,-84.4330,1.0297,1.0826,-96.4357,96.1732,76.9316,-84.4330,1.0297,0,0,0,0,0,0,0
58,1786709035.3589,1786709035.3635,0.03337,1.0549,-96.1319,95.9121,76.4835,-84.4396,1.5873,1.1623,-96.3531,95.8497,76.8938,-84.2641,1.0548,1.1623,-96.3531,95.8497,76.8938,-84.2641,1.0548,0,0,0,0,0,0,0
59,1786709035.3923,1786709035.3969,0.03337,1.0549,-96.1319,95.9121,76.4835,-84.4396,1.5873,1.1850,-96.4669,95.8349,76.8421,-84.5791,0.9979,1.1850,-96.4669,95.8349,76.8421,-84.5791,0.9979,0,0,0,0,0,0,0
60,1786709035.4258,1786709035.4301,0.03347,1.0549,-96.1319,95.9121,76.5714,-84.4396,1.5873,1.1332,-96.2637,95.8283,76.8941,-84.3538,1.0168,1.1332,-96.2637,95.8283,76.8941,-84.3538,1.0168,0,0,0,0,0,0,0
61,1786709035.4591,1786709035.4636,0.03336,1.0549,-96.1319,95.9121,76.5714,-84.4396,1.5873,0.9336,-96.1521,95.4689,76.9162,-84.4249,1.0658,0.9336,-96.1521,95.4689,76.9162,-84.4249,1.0658,0,0,0,0,0,0,0
62,1786709035.4925,1786709035.497,0.03337,1.0549,-96.1319,95.9121,76.5714,-84.4396,1.5873,1.0938,-96.3544,95.4423,76.9367,-84.2673,1.0322,1.0938,-96.3544,95.4423,76.9367,-84.2673,1.0322,0,0,0,0,0,0,0
63,1786709035.5259,1786709035.5304,0.03339,1.0549,-96.1319,95.9121,76.5714,-84.4396,1.5873,0.9647,-96.0670,95.4510,76.8927,-84.2844,1.0930,0.9647,-96.0670,95.4510,76.8927,-84.2844,1.0930,0,0,0,0,0,0,0
64,1786709035.5593,1786709035.5639,0.0334,1.0549,-96.1319,95.9121,76.5714,-84.4396,1.5873,0.8744,-95.9236,95.4587,76.8067,-84.1050,1.1142,0.8744,-95.9236,95.4587,76.8067,-84.1050,1.1142,0,0,0,0,0,0,0
65,1786709035.5927,1786709035.5972,0.03337,1.0549,-96.1319,95.8242,76.5714,-84.4396,1.5873,1.0483,-96.0407,94.9515,76.7131,-84.0821,1.0676,1.0483,-96.0407,94.9515,76.7131,-84.0821,1.0676,0,0,-50,0,0,0,0
66,1786709035.6261,1786709035.6306,0.03338,1.0549,-96.1319,95.8242,76.5714,-84.4396,1.5873,0.9915,-96.1456,95.0368,76.6695,-83.9156,1.1013,0.9915,-96.1456,95.0368,76.6695,-83.9156,1.1013,0,0,0,0,0,0,0
67,1786709035.6594,1786709035.664,0.03337,1.0549,-96.1319,95.8242,76.5714,-84.4396,1.5873,1.2585,-95.9632,94.5672,76.5697,-83.8003,1.0524,1.2585,-95.9632,94.5672,76.5697,-83.8003,1.0524,0,0,0,0,0,0,0
68,1786709035.6928,1786709035.6973,0.03337,1.0549,-96.1319,95.7363,76.5714,-84.4396,1.5873,1.0251,-95.8768,94.5697,76.6394,-83.7812,1.0916,1.0251,-95.8768,94.5697,76.6394,-83.7812,1.0916,0,0,-50,0,0,0,0
69,1786709035.7262,1786709035.7307,0.03338,1.0549,-96.1319,95.5604,76.5714,-84.2637,1.5873,1.1591,-95.9236,94.3618,76.6536,-83.6128,1.1165,1.1591,-95.9236,94.3618,76.6536,-83.6128,1.1165,0,0,-50,0,100,0,0
70,1786709035.7596,1786709035.7641,0.03337,1.0549,-96.1319,95.4725,76.5714,-84.1758,1.5873,1.3161,-95.8797,94.1237,76.7309,-83.5629,1.1274,1.3161,-95.8797,94.1237,76.7309,-83.5629,1.1274,0,0,0,0,0,0,0
71,1786709035.793,1786709035.7975,0.0334,1.0549,-96.1319,95.4725,76.5714,-84.0879,1.5873,1.2535,-95.4994,93.8125,76.3963,-83.3175,1.1321,1.2535,-95.4994,93.8125,76.3963,-83.3175,1.1321,0,0,0,0,0,0,0
72,1786709035.8264,1786709035.831,0.03343,1.0549,-96.1319,95.3846,76.5714,-84.0000,1.5873,1.3010,-95.9853,93.6646,76.5782,-83.1769,1.1517,1.3010,-95.9853,93.6646,76.5782,-83.1769,1.1517,0,0,0,0,50,0,0
73,1786709035.8598,1786709035.864,0.0334,1.0549,-96.0440,95.3846,76.5714,-83.7363,1.5873,1.4995,-95.8655,93.1784,76.8887,-82.8745,1.1730,1.4995,-95.8655,93.1784,76.8887,-82.8745,1.1730,0,0,0,0,100,0,0
74,1786709035.8932,1786709035.898,0.0334,1.0549,-96.0440,95.2967,76.5714,-83.6484,1.5873,1.3354,-95.6878,93.0518,76.7081,-82.9093,1.1807,1.3354,-95.6878,93.0518,76.7081,-82.9093,1.1807,0,0,-50,0,50,0,0
75,1786709035.9266,1786709035.9311,0.03337,1.0549,-96.0440,95.1209,76.5714,-83.3846,1.5873,1.4221,-95.9257,92.5272,76.8250,-82.6554,1.1220,1.4221,-95.9257,92.5272,76.8250,-82.6554,1.1220,0,0,-50,0,50,0,0
76,1786709035.9599,1786709035.9649,0.03336,1.0549,-96.0440,95.1209,76.5714,-83.2967,1.5873,1.4605,-95.9722,92.4608,76.8179,-82.6828,1.1517,1.4605,-95.9722,92.4608,76.8179,-82.6828,1.1517,0,0,0,0,0,0,0
77,1786709035.9933,1786709035.998,0.03343,1.0549,-96.0440,94.9451,76.5714,-83.1209,1.5873,1.6776,-96.0035,92.2180,77.0066,-82.3908,1.2651,1.6776,-96.0035,92.2180,77.0066,-82.3908,1.2651,0,0,-50,0,50,0,0
78,1786709036.0268,1786709036.0314,0.03342,1.0549,-96.0440,94.7692,76.5714,-83.0330,1.5873,1.5194,-95.6521,91.5590,77.0220,-82.1186,1.1397,1.5194,-95.6521,91.5590,77.0220,-82.1186,1.1397,0,0,-50,0,50,0,0
79,1786709036.0601,1786709036.0646,0.03332,1.0549,-96.0440,94.5934,76.5714,-83.0330,1.5873,1.4660,-95.6264,91.6609,77.0251,-82.2281,1.1429,1.4660,-95.6264,91.6609,77.0251,-82.2281,1.1429,0,0,-100,0,0,0,0
80,1786709036.0935,1786709036.098,0.03337,1.1429,-96.0440,94.2418,76.6593,-82.6813,1.5873,1.5079,-95.4139,91.2974,77.0542,-82.1208,1.1818,1.5079,-95.4139,91.2974,77.0542,-82.1208,1.1818,50,0,-100,0,100,0,0
81,1786709036.1269,1786709036.1315,0.03345,1.1429,-96.0440,94.0659,76.7473,-82.6813,1.5873,1.3918,-95.2834,91.0108,77.3562,-82.1707,1.1603,1.3918,-95.2834,91.0108,77.3562,-82.1707,1.1603,0,0,-100,50,0,0,0
82,1786709036.1602,1786709036.1649,0.03335,1.2308,-95.9560,93.7143,76.7473,-82.5934,1.5873,1.4308,-95.3534,91.0203,77.2996,-81.9363,1.1200,1.4308,-95.3534,91.0203,77.2996,-81.9363,1.1200,0,50,-50,0,50,0,0
83,1786709036.1937,1786709036.1983,0.03343,1.2308,-95.8681,93.4505,76.8352,-82.5934,1.5873,1.4181,-95.3282,91.2129,77.2613,-81.9178,1.1818,1.4181,-95.3282,91.2129,77.2613,-81.9178,1.1818,0,50,-100,0,0,0,0
84,1786709036.227,1786709036.2314,0.03333,1.2308,-95.8681,93.3626,77.0110,-82.5055,1.5873,1.2072,-95.2959,90.8034,77.2725,-81.7260,1.1768,1.2072,-95.2959,90.8034,77.2725,-81.7260,1.1768,0,0,-50,100,0,0,0
85,1786709036.2604,1786709036.265,0.03344,1.2308,-95.8681,93.3626,77.0110,-82.3297,1.5873,1.3655,-95.3382,90.4272,77.3084,-81.7651,1.1913,1.3655,-95.3382,90.4272,77.3084,-81.7651,1.1913,0,0,0,0,50,0,0
86,1786709036.2938,1786709036.2982,0.03337,1.2308,-95.8681,93.2747,77.0989,-82.1538,1.5873,1.1837,-95.2228,90.4187,77.4617,-81.8515,1.1784,1.1837,-95.2228,90.4187,77.4617,-81.8515,1.1784,0,0,-50,50,50,0,0
87,1786709036.3272,1786709036.3317,0.03335,1.2308,-95.8681,93.0989,77.0989,-82.1538,1.5873,1.2946,-95.2959,89.6460,77.5782,-81.6005,1.1796,1.2946,-95.2959,89.6460,77.5782,-81.6005,1.1796,0,0,-50,0,0,0,0
88,1786709036.3606,1786709036.3649,0.03341,1.2308,-95.8681,93.0989,77.0989,-82.1538,1.5873,1.3721,-95.0687,88.5228,77.6045,-81.2607,1.1417,1.3721,-95.0687,88.5228,77.6045,-81.2607,1.1417,0,0,0,0,0,0,0
89,1786709036.394,1786709036.3986,0.03343,1.2308,-95.6923,92.7473,77.0989,-81.9780,1.5873,1.1884,-94.8981,87.6654,77.8557,-81.1191,1.1159,1.1884,-94.8981,87.6654,77.8557,-81.1191,1.1159,0,50,-50,0,50,0,0
90,1786709036.4273,1786709036.432,0.03331,1.2308,-95.6923,91.9560,77.2747,-81.7143,1.5873,1.2245,-94.2433,86.2383,78.5206,-80.8787,1.1480,1.2245,-94.2433,86.2383,78.5206,-80.8787,1.1480,0,0,-250,100,100,0,0
91,1786709036.4608,1786709036.4651,0.03347,1.2308,-95.7802,90.9890,77.4505,-81.6264,1.5873,1.3432,-93.9378,84.4529,79.4931,-80.1072,1.1797,1.3432,-93.9378,84.4529,79.4931,-80.1072,1.1797,0,-50,-300,100,50,0,0
92,1786709036.4942,1786709036.4989,0.03345,1.2308,-95.4286,89.9341,77.9780,-81.2747,1.5873,1.3541,-92.8639,82.2880,80.2082,-79.4031,1.1409,1.3541,-92.8639,82.2880,80.2082,-79.4031,1.1409,0,100,-350,200,50,0,0
93,1786709036.5275,1786709036.532,0.03327,1.2308,-94.8132,88.6154,78.5934,-80.9231,1.5873,1.5334,-92.2630,79.8688,81.3174,-78.1840,1.0141,1.5334,-92.2630,79.8688,81.3174,-78.1840,1.0141,0,250,-500,200,200,0,0
94,1786709036.5609,1786709036.5656,0.03344,1.2308,-94.2857,86.8571,79.3846,-80.3077,1.5873,1.6440,-91.1027,77.1461,81.9868,-76.8744,1.1437,1.6440,-91.1027,77.1461,81.9868,-76.8744,1.1437,0,200,-600,250,200,0,0
95,1786709036.5943,1786709036.5989,0.03336,1.2308,-93.5824,84.9231,80.1758,-79.5165,1.5873,2.0910,-89.8992,74.8810,82.8908,-75.2546,1.1408,2.0910,-89.8992,74.8810,82.8908,-75.2546,1.1408,0,250,-600,300,250,0,0
96,1786709036.6278,1786709036.6321,0.03346,1.2308,-92.7912,82.8132,80.9670,-78.4615,1.5873,2.6941,-88.5541,72.6610,83.6375,-73.3505,1.1531,2.6941,-88.5541,72.6610,83.6375,-73.3505,1.1531,0,250,-700,300,350,0,0
97,1786709036.6611,1786709036.6657,0.03337,1.2308,-91.7363,80.5275,81.7582,-77.3187,1.5873,3.3519,-86.7379,70.2689,83.9911,-71.1307,1.1821,3.3519,-86.7379,70.2689,83.9911,-71.1307,1.1821,0,350,-850,250,400,0,0
98,1786709036.6945,1786709036.699,0.03334,1.6703,-90.5934,78.1538,82.5495,-75.7363,1.5873,4.3808,-84.8406,68.2991,84.4322,-68.6540,1.1980,4.3808,-84.8406,68.2991,84.4322,-68.6540,1.1980,100,350,-750,300,500,0,0
99,1786709036.7279,1786709036.7321,0.03342,2.3736,-89.2747,75.7802,83.1648,-74.0659,1.5873,5.1410,-83.9438,66.6396,84.7851,-66.7743,1.2728,5.1410,-83.9438,66.6396,84.7851,-66.7743,1.2728,250,450,-800,200,550,0,0
100,1786709036.7613,1786709036.9838,0.03338,3.1648,-87.6923,73.5824,83.6923,-72.1319,1.5873,2.8986,-77.6388,64.4996,83.4988,-71.1603,1.3875,2.8986,-77.6388,64.4996,83.4988,-71.1603,1.3875,250,550,-800,200,650,0,1
101,1786709036.9849,1786709036.9903,0.22363,4.6593,-84.7033,69.0110,84.4835,-67.2967,1.5873,3.0133,-75.9665,62.4895,83.4255,-70.3631,1.2695,3.0133,-75.9665,62.4895,83.4255,-70.3631,1.2695,0,0,-50,0,0,0,1
102,1786709037.0182,1786709037.0238,0.03331,4.5714,-84.7033,68.9231,84.4835,-67.2088,1.5873,3.1502,-74.2231,60.3512,83.0867,-69.8140,1.2046,3.1502,-74.6154,60.3512,83.0867,-69.8140,1.2046,0,0,0,0,100,0,0
103,1786709037.0516,1786709037.0564,0.03335,4.3077,-83.6484,68.0440,84.2198,-67.8242,1.5873,3.3239,-72.9829,58.8299,83.3047,-69.0876,1.2239,3.3239,-73.3846,58.8299,83.3047,-69.0876,1.2239,0,250,-150,-100,-100,0,0
104,1786709037.085,1786709037.0896,0.0334,3.5165,-81.1868,65.7582,83.8681,-68.9670,1.5873,3.3732,-71.4422,57.3333,83.4015,-68.1323,1.2377,3.3732,-71.4422,57.3333,83.4015,-68.1323,1.2377,-300,800,-700,-200,-300,0,0
105,1786709037.1183,1786709037.1226,0.03338,3.3407,-78.2857,63.4725,83.8681,-68.8791,1.5873,3.7488,-69.7749,56.4944,83.4821,-67.0152,1.2753,3.7488,-69.7749,56.4944,83.4821,-67.0152,1.2753,0,950,-750,0,-150,0,0
106,1786709037.1518,1786709037.156,0.03343,3.5165,-75.5604,61.7143,83.8681,-68.4396,1.5873,3.6911,-69.4596,55.3286,83.5421,-66.3359,1.3491,3.6911,-69.4596,55.3286,83.5421,-66.3359,1.3491,0,900,-550,0,150,0,0
107,1786709037.1852,1786709037.1916,0.03342,3.6923,-73.2747,60.3077,83.8681,-68.0879,1.5873,3.5593,-68.4365,54.9584,83.6401,-65.4840,1.3896,3.5593,-68.4365,54.9584,83.6401,-65.4840,1.3896,50,750,-550,0,150,0,0
108,1786709037.2185,1786709037.2232,0.03335,3.5165,-71.8681,59.1648,83.8681,-67.2967,1.5873,3.8332,-67.8474,54.1302,83.9401,-64.2361,1.3422,3.8332,-67.8474,54.1302,83.9401,-64.2361,1.3422,-100,400,-350,0,300,0,0
109,1786709037.2519,1786709037.2565,0.03335,3.3407,-70.5495,58.1978,83.8681,-66.6813,1.5873,3.7434,-67.5894,54.0380,83.8073,-63.7890,1.3650,3.7434,-67.5894,54.0380,83.8073,-63.7890,1.3650,-100,450,-300,0,150,0,0
110,1786709037.2853,1786709037.2899,0.03342,3.4286,-69.4945,57.4945,83.9560,-65.8022,1.5873,3.8714,-67.3727,53.6209,84.1735,-62.8756,1.3902,3.8714,-67.3727,53.6209,84.1735,-62.8756,1.3902,0,350,-200,50,350,0,0
111,1786709037.3187,1786709037.3232,0.03336,3.6044,-68.8791,56.8791,83.9560,-65.0110,1.5873,3.9721,-67.5043,53.9450,84.2886,-62.4097,1.4281,3.9721,-67.5043,53.9450,84.2886,-62.4097,1.4281,50,200,-250,0,200,0,0
112,1786709037.352,1786709037.3566,0.03338,3.6044,-68.3516,56.4396,83.9560,-64.3077,1.5873,4.0106,-67.6646,53.6082,84.4027,-61.8629,1.4436,4.0106,-67.6646,53.6082,84.4027,-61.8629,1.4436,50,150,-150,0,250,0,0
113,1786709037.3854,1786709037.39,0.03337,3.6044,-68.1758,56.3516,83.9560,-63.5165,1.5873,4.0954,-67.4201,53.8244,84.3804,-61.9091,1.4795,4.0954,-67.4201,53.8244,84.3804,-61.9091,1.4795,0,100,-50,0,200,0,0
114,1786709037.4188,1786709037.423,0.0334,3.6044,-68.1758,56.2637,83.9560,-62.9890,1.5873,4.2233,-67.6637,53.9545,84.6313,-61.3473,1.4747,4.2233,-67.6637,53.9545,84.6313,-61.3473,1.4747,0,0,-50,0,150,0,0
115,1786709037.4522,1786709037.4567,0.03337,3.6044,-68.0879,56.1758,84.1319,-62.6374,1.5873,4.3066,-67.3483,53.6895,84.4774,-61.3352,1.4995,4.3066,-67.3483,53.6895,84.4774,-61.3352,1.4995,0,50,0,50,100,0,0
116,1786709037.4856,1786709037.4901,0.03341,3.6044,-68.0000,56.1758,84.2198,-62.1978,1.5873,4.4191,-67.3542,53.8619,84.5914,-61.2207,1.5011,4.4191,-67.3542,53.8619,84.5914,-61.2207,1.5011,0,0,0,0,150,0,0
117,1786709037.519,1786709037.5235,0.03337,3.7802,-67.8242,56.1758,84.3077,-62.0220,1.5873,4.6694,-67.2021,53.4019,84.3725,-61.0672,1.4564,4.6694,-67.2021,53.4019,84.3725,-61.0672,1.4564,50,50,0,0,50,0,0
118,1786709037.5523,1786709037.5569,0.03337,4.0440,-67.6484,56.1758,84.3077,-61.7582,1.5873,4.6347,-66.6882,53.2088,84.2195,-61.0328,1.5327,4.6347,-66.6882,53.2088,84.2195,-61.0328,1.5327,100,100,0,0,100,0,0
119,1786709037.5858,1786709037.5901,0.03342,4.1319,-67.6484,55.8242,84.3077,-61.5824,1.5873,5.0305,-66.5085,53.3457,84.0233,-60.7044,1.5033,5.0305,-66.5085,53.3457,84.0233,-60.7044,1.5033,50,0,-100,0,50,0,0
120,1786709037.6192,1786709037.6239,0.03343,4.3077,-67.3846,55.5604,84.3077,-61.4945,1.5873,5.2075,-66.4057,52.5427,83.4362,-60.4243,1.4736,5.2075,-66.4057,52.5427,83.4362,-60.4243,1.4736,50,100,-100,0,50,0,0
121,1786709037.6525,1786709037.657,0.03335,4.3956,-67.0330,55.4725,84.3077,-61.2308,1.5873,5.2825,-65.5756,51.9907,83.2534,-60.1765,1.5234,5.2825,-65.5756,51.9907,83.2534,-60.1765,1.5234,0,150,-50,0,100,0,0
122,1786709037.6859,1786709037.6902,0.03341,4.6593,-66.6813,55.2088,84.1319,-60.8791,1.5873,5.3971,-64.9821,51.2431,82.4330,-60.0856,1.5558,5.3971,-64.9821,51.2431,82.4330,-60.0856,1.5558,50,100,-50,-100,100,0,0
123,1786709037.7193,1786709037.7237,0.03337,5.0110,-66.3297,54.6813,83.8681,-60.7912,1.5873,5.3336,-63.7335,50.6915,81.9308,-59.9508,1.5403,5.3336,-63.7335,50.6915,81.9308,-59.9508,1.5403,100,150,-150,-100,0,0,0
124,1786709037.7528,1786709037.757,0.03344,5.1868,-65.7143,54.0659,83.4286,-60.5275,1.5873,5.8193,-62.0732,49.6961,81.0970,-59.5975,1.5080,5.8193,-62.0732,49.6961,81.0970,-59.5975,1.5080,50,200,-250,-150,100,0,0
125,1786709037.7862,1786709037.7909,0.03341,5.1868,-65.0110,53.3626,82.8132,-60.3516,1.5873,6.0277,-60.0813,48.1483,80.2466,-59.2242,1.5609,6.0277,-60.0813,48.1483,80.2466,-59.2242,1.5609,0,200,-200,-200,50,0,0
126,1786709037.8196,1786709037.8239,0.03339,5.1868,-63.7802,52.6593,82.1978,-60.0879,1.5873,6.8934,-57.7470,46.3333,79.6438,-58.2909,1.5718,6.8934,-57.7470,46.3333,79.6438,-58.2909,1.5718,0,400,-250,-150,50,0,0
127,1786709037.853,1786709037.8571,0.03341,5.3626,-62.2857,51.6044,81.4945,-59.6484,1.5873,7.7124,-55.4138,44.3536,79.1896,-56.9104,1.6082,7.7124,-55.4138,44.3536,79.1896,-56.9104,1.6082,50,500,-400,-200,150,0,0
128,1786709037.8863,1786709037.8909,0.03336,5.9780,-60.5275,50.1978,80.8791,-59.2088,1.5873,9.0174,-52.2379,41.4158,78.4392,-54.5649,1.6814,9.0174,-52.2379,41.4158,78.4392,-54.5649,1.6814,150,600,-450,-250,150,0,0
129,1786709037.9197,1786709037.9244,0.03341,6.6813,-58.5934,48.6154,80.2637,-58.2418,1.5873,10.6551,-48.4580,38.5559,78.2132,-51.8548,1.6835,10.6551,-48.4580,38.5559,78.2132,-51.8548,1.6835,250,650,-500,-200,350,0,0
130,1786709037.9531,1786709037.9577,0.0334,7.4725,-56.2198,46.5934,79.6484,-56.9231,1.5873,12.7394,-44.2657,34.8702,78.2961,-48.0439,1.7440,12.7394,-45.8681,36.4176,78.2961,-48.0439,1.7440,250,800,-700,-200,400,0,0
131,1786709037.9865,1786709037.9913,0.03341,8.7033,-53.4945,44.3077,79.2088,-54.9890,1.5873,15.1129,-40.1874,31.0070,78.5995,-44.1558,1.7268,15.1129,-43.0549,33.9560,78.5995,-44.7253,1.7268,450,950,-750,-150,600,0,0
132,1786709038.0199,1786709038.0249,0.03335,10.1099,-50.5934,41.8462,79.1209,-52.7033,1.5873,17.9717,-36.0829,27.4166,78.9736,-39.7383,1.7507,17.9717,-40.1538,31.4945,78.9736,-42.2637,1.7507,450,1000,-850,0,850,0,0
133,1786709038.0533,1786709038.0581,0.0334,11.9560,-47.6044,39.5604,79.1209,-49.8022,1.5873,20.7266,-32.4863,23.5263,79.5195,-35.4488,1.7522,20.7266,-37.2527,29.2088,79.5195,-39.3626,1.7522,600,1000,-800,0,900,0,0
134,1786709038.0867,1786709038.0915,0.03337,14.0659,-44.7912,37.1868,79.1209,-46.9890,1.5873,23.4672,-28.7708,19.9334,80.1235,-31.5349,1.7548,23.4672,-34.4396,26.9231,80.1235,-36.5495,1.7548,700,1000,-800,0,1000,0,0
135,1786709038.12,1786709038.1249,0.03338,16.4396,-41.8901,34.9011,79.2088,-44.3516,1.5873,26.1256,-25.6669,16.7577,80.6933,-27.7335,1.7814,26.1256,-31.5385,24.5495,80.6933,-33.9121,1.7814,800,950,-750,50,800,0,0
136,1786709038.1534,1786709038.1579,0.03339,18.9890,-38.9890,32.4396,79.5604,-41.6264,1.5873,28.6699,-22.7282,14.0838,81.2607,-24.2257,1.8460,28.6699,-28.5495,22.1758,81.2607,-31.1868,1.8460,850,1000,-800,100,950,0,0
137,1786709038.1868,1786709038.1913,0.03339,21.6264,-36.0879,30.1538,80.0879,-38.8132,1.5873,30.8949,-20.2458,11.8615,81.7648,-21.1668,1.8233,30.8949,-25.6484,19.8901,81.7648,-28.4615,1.8233,900,950,-800,200,950,0,0
138,1786709038.2202,1786709038.2251,0.03343,24.1758,-33.0110,27.8681,80.6154,-36.0000,1.5873,32.8468,-17.8200,10.1057,82.0757,-18.5781,1.9074,32.8468,-22.5714,17.5165,82.0757,-25.6484,1.9074,850,1000,-800,200,900,0,0
139,1786709038.2536,1786709038.2583,0.03331,26.6374,-30.0220,25.4066,81.0549,-33.2747,1.5873,34.4248,-15.8774,8.7949,82.2872,-16.3510,1.8922,34.4248,-19.5824,15.1429,82.2872,-22.8352,1.8922,850,1000,-800,150,950,0,0
140,1786709038.287,1786709038.2919,0.0334,29.0989,-27.0330,23.1209,81.4066,-30.4615,1.5873,35.9344,-14.1298,8.4037,82.3360,-14.6618,1.9109,35.9344,-16.5934,12.7692,82.3360,-20.1099,1.9109,800,1000,-800,150,950,0,0
141,1786709038.3204,1786709038.3251,0.03344,31.2967,-23.9560,20.7473,81.7582,-27.7363,1.5873,36.9684,-12.8143,8.4797,82.1426,-13.2631,1.9093,36.9684,-13.6044,10.3956,82.1426,-17.2967,1.9093,800,1050,-800,100,950,0,0
142,1786709038.3538,1786709038.3585,0.03336,33.1429,-20.8791,18.3736,81.8462,-25.0110,1.5873,37.6462,-11.5719,9.0034,81.6866,-12.6226,1.8847,37.6462,-11.5719,9.0034,81.6866,-14.6593,1.8847,650,1050,-800,50,900,0,0
143,1786709038.3872,1786709038.3919,0.03343,34.6374,-17.8901,16.0000,81.8462,-22.2857,1.5873,38.3490,-10.3023,9.4605,81.0540,-12.0804,1.7904,38.3490,-10.3023,9.4605,81.0540,-12.0804,1.7904,500,1000,-800,0,950,0,0
144,1786709038.4206,1786709038.4251,0.03339,35.7802,-15.0769,13.8901,81.8462,-19.4725,1.5873,38.7576,-9.1986,10.3399,80.3844,-11.6415,1.8074,38.7576,-9.1986,10.3399,80.3844,-11.6415,1.8074,400,950,-750,0,950,0,0
145,1786709038.454,1786709038.4585,0.03337,36.5714,-12.7912,13.0110,81.4945,-16.8352,1.5873,39.0044,-8.2895,11.2719,79.4148,-11.6216,1.8141,39.0044,-8.2895,11.2719,79.4148,-11.6216,1.8141,300,800,-350,-100,850,0,0
146,1786709038.4873,1786709038.4915,0.03338,37.2747,-11.0330,12.9231,81.0549,-14.8132,1.5873,39.4429,-7.3540,11.9667,78.4363,-11.4269,1.8216,39.4429,-7.3540,11.9667,78.4363,-11.4269,1.8216,200,650,0,-150,750,0,0
147,1786709038.5208,1786709038.525,0.03344,37.8901,-9.5385,12.9231,80.3516,-13.7582,1.5873,39.5859,-6.3814,12.7951,77.2653,-11.3291,1.8893,39.5859,-6.3814,12.7951,77.2653,-11.3291,1.8893,200,500,0,-250,350,0,0
148,1786709038.5542,1786709038.5588,0.03341,38.4176,-8.2198,12.9231,79.4725,-12.9670,1.5873,39.6643,-5.9007,13.7667,76.4510,-11.3380,1.9603,39.6643,-5.9007,13.7667,76.4510,-11.3380,1.9603,200,450,0,-300,250,0,0
149,1786709038.5875,1786709038.592,0.03334,38.9451,-7.1648,13.1868,78.5934,-12.4396,1.5873,39.7292,-5.2964,14.6215,75.5710,-11.6978,2.0488,39.7292,-5.2964,14.6215,75.5710,-11.6978,2.0488,150,350,150,-300,200,0,0
150,1786709038.6209,1786709038.8371,0.03337,39.1209,-6.2857,13.8022,77.7143,-12.2637,1.5873,33.8081,-2.4419,13.1257,75.9722,-9.1378,1.5387,33.8081,-2.4419,13.1257,75.9722,-9.1378,1.5387,100,300,150,-300,100,0,1
151,1786709038.8383,1786709038.8434,0.21739,39.2088,-5.0549,14.7692,76.0440,-12.2637,1.7857,33.7480,-1.8958,13.2452,75.2976,-9.0030,1.3697,33.7480,-1.8958,13.2452,75.2976,-9.0030,1.3697,0,0,0,0,0,0,1
152,1786709038.8715,1786709038.8762,0.03324,39.2088,-5.0549,14.7692,76.0440,-12.2637,1.7857,33.8241,-1.4269,13.5021,74.5508,-8.5768,1.4727,33.8241,-1.4269,13.5021,74.5508,-8.5768,1.4727,0,0,0,0,0,0,0
153,1786709038.9049,1786709038.9114,0.0334,38.8571,-4.1758,14.5934,75.8681,-11.2967,1.7857,34.0194,-1.0940,13.8309,73.7750,-8.2827,1.8076,34.0194,-1.0940,13.8309,73.7750,-8.2827,1.8076,-100,200,-50,-50,250,0,0
154,1786709038.9383,1786709038.9429,0.03337,37.3626,-2.5934,14.5055,75.1648,-10.1538,1.7857,34.0577,-0.6434,14.3183,73.0321,-7.8119,2.3866,34.0577,-0.6434,14.3183,73.0321,-7.8119,2.3866,-550,550,-50,-250,400,0,0
155,1786709038.9717,1786709038.9765,0.03343,35.6044,-1.2747,14.5934,74.6374,-9.4505,1.7857,34.0710,-0.4984,14.7285,72.2370,-7.3757,3.4809,34.0710,-0.4984,14.7285,72.2370,-7.3757,3.4809,-500,400,50,-150,200,0,0
156,1786709039.0051,1786709039.0096,0.03332,34.9890,-0.7473,14.8571,73.9341,-8.8352,2.0503,34.1129,-0.2390,15.6956,71.6938,-7.1858,5.6007,34.1129,-0.2390,15.6956,71.6938,-7.1858,5.6007,-200,250,100,-250,200,150,0
157,1786709039.0385,1786709039.043,0.0334,34.6374,-0.6593,15.0330,73.2308,-8.3077,2.5794,34.0248,-0.5936,16.7014,71.7733,-7.1182,9.6761,34.0248,-0.5936,16.7014,71.7733,-7.1182,9.6761,-100,0,50,-250,150,300,0
158,1786709039.0719,1786709039.0766,0.03342,34.8132,-0.5714,15.4725,72.4396,-8.0440,3.5053,33.6872,-0.6463,17.4987,72.0092,-7.0133,14.3046,33.6872,-0.6463,17.4987,72.0092,-7.0133,13.7037,50,50,100,-250,150,400,0
159,1786709039.1053,1786709039.1096,0.0334,34.9011,-0.3077,16.3516,72.2637,-7.7802,5.3571,33.2969,-0.6436,17.8757,72.7079,-7.3830,19.7290,33.2969,-0.6436,17.8757,72.7079,-7.3830,15.6217,0,50,300,-50,100,850,0
160,1786709039.1387,1786709039.1434,0.03338,34.6374,-0.3077,17.3187,72.5275,-7.6044,7.8704,32.7881,-0.9059,18.4871,73.1702,-7.5613,24.5286,32.7881,-0.9059,18.4871,73.1702,-7.5613,18.2672,-100,0,300,50,100,1250,0
161,1786709039.172,1786709039.1769,0.03337,34.1099,-0.3077,17.8462,72.5275,-7.6044,10.6481,32.0263,-0.8988,19.3755,73.1854,-8.1619,28.7747,32.0263,-0.8988,19.3755,73.1854,-8.1619,21.0450,-150,0,250,0,0,1250,0
162,1786709039.2054,1786709039.2102,0.03339,33.4945,-0.3077,18.2857,72.5275,-7.6044,13.2275,31.5350,-1.2884,19.8090,73.8383,-8.2559,31.9876,31.5350,-1.2884,19.8090,73.8383,-8.2559,23.6905,-200,0,200,50,0,1150,0
163,1786709039.2388,1786709039.2435,0.03336,32.9670,-0.3077,18.9890,72.7033,-7.6923,15.9392,31.2447,-1.5767,20.8346,74.3471,-8.2138,34.0456,31.2447,-1.5767,20.8346,74.3471,-8.2138,26.3360,-150,0,200,50,-50,1200,0
164,1786709039.2722,1786709039.2769,0.03337,32.4396,-0.3077,19.6923,73.4066,-7.8681,18.6508,31.0258,-1.4646,21.0858,74.9834,-8.5870,35.3343,31.0258,-1.4646,21.0858,74.9834,-8.5870,28.9815,-200,0,250,300,-50,1150,0
165,1786709039.3056,1786709039.31,0.03346,31.9121,-0.3077,20.3077,73.5824,-7.9560,21.2963,30.9691,-1.7963,21.4441,75.5143,-8.5623,35.4537,30.9691,-1.7963,21.4441,75.5143,-8.5623,31.6270,-150,0,200,100,0,1200,0
166,1786709039.339,1786709039.3437,0.03338,31.5604,-0.3956,20.9231,73.9341,-8.1319,24.0079,30.8502,-2.4335,21.9981,75.2218,-9.6430,35.2276,30.8502,-2.4335,21.9981,75.2218,-9.6430,34.2725,-150,0,250,150,-50,1200,0
167,1786709039.3724,1786709039.377,0.03339,31.2088,-0.3956,21.3626,74.7253,-8.1319,26.5873,31.0728,-1.8212,22.2470,75.5540,-9.3611,34.8584,31.0728,-1.8212,22.2470,75.5540,-9.3611,34.8584,-100,0,150,300,0,1200,0
168,1786709039.4057,1786709039.4104,0.03335,31.1209,-0.3956,21.9780,74.8132,-8.6593,29.2328,30.9222,-2.2607,22.8816,75.3797,-9.3223,34.4555,30.9222,-2.2607,22.8816,75.3797,-9.3223,34.4555,-50,0,200,50,-100,1150,0
169,1786709039.4391,1786709039.4436,0.03338,31.2967,-0.3956,22.2418,74.7253,-8.8352,31.3492,31.1394,-2.5610,23.3305,75.1804,-9.5788,34.2067,31.1394,-2.5610,23.3305,75.1804,-9.5788,34.2067,50,0,100,-50,-50,950,0
170,1786709039.4725,1786709039.477,0.03343,31.4725,-0.3956,22.7692,74.8132,-8.8352,32.3413,31.2256,-2.7798,23.6475,75.2182,-10.0772,33.9830,31.2256,-2.7798,23.6475,75.2182,-10.0772,33.9830,100,0,150,0,0,650,0
171,1786709039.506,1786709039.5104,0.03341,31.5604,-0.3956,23.2967,74.9890,-9.0989,32.7381,30.9797,-2.3651,23.1623,74.9830,-9.9965,33.7612,30.9797,-2.3651,23.1623,74.9830,-9.9965,33.7612,50,0,150,0,-50,200,0
172,1786709039.5393,1786709039.5439,0.03337,31.5604,-0.3077,23.4725,74.9890,-9.4505,33.0688,30.8537,-3.2490,24.1879,74.7583,-9.8920,33.5058,30.8537,-3.2490,24.1879,74.7583,-9.8920,33.5058,0,50,50,0,-100,100,0
173,1786709039.5728,1786709039.5773,0.03344,31.4725,-0.3077,23.4725,75.0769,-9.5385,33.1349,30.6991,-2.5806,24.6501,74.2021,-9.7586,33.1690,30.6991,-2.5806,24.6501,74.2021,-9.7586,33.1690,-50,0,0,50,0,100,0
174,1786709039.6061,1786709039.6106,0.03334,31.2967,-0.5714,23.9121,74.8132,-9.5385,33.1349,30.6574,-2.5528,25.6607,73.8321,-10.4381,32.8684,30.6574,-2.5528,25.6607,73.8321,-10.4381,32.8684,-50,-100,150,-150,0,0,0
175,1786709039.6395,1786709039.6439,0.03339,31.0330,-0.5714,24.5275,74.7253,-9.5385,33.1349,30.5844,-2.5479,24.9632,73.8805,-9.5936,32.5214,30.5844,-2.5479,24.9632,73.8805,-9.5936,32.5214,-100,0,200,-50,0,0,0
176,1786709039.6729,1786709039.6771,0.03344,30.9451,-0.5714,25.2308,74.1978,-9.8901,33.0688,30.7729,-2.2466,25.8524,73.5126,-9.5106,32.0617,30.7729,-2.2466,25.8524,73.5126,-9.5106,32.0617,0,0,250,-200,-150,0,0
177,1786709039.7063,1786709039.7108,0.03335,30.8571,-0.5714,25.3187,74.3736,-9.8022,32.8042,30.5965,-1.8717,25.8326,73.5301,-10.1660,31.5819,30.5965,-1.8717,25.8326,73.5301,-10.1660,31.5819,-50,0,0,150,0,-100,0
178,1786709039.7396,1786709039.7442,0.03337,30.8571,-0.5714,25.5824,73.9341,-9.7143,32.5397,30.4770,-1.7495,26.1172,73.3547,-10.3994,31.1147,30.4770,-1.7495,26.1172,73.3547,-10.3994,31.1147,0,0,150,-100,50,-150,0
179,1786709039.773,1786709039.7773,0.0334,31.0330,-0.5714,25.8462,73.7582,-9.8901,32.1429,30.5405,-1.9242,25.9491,73.1706,-10.2031,30.7073,30.5405,-1.9242,25.9491,73.1706,-10.2031,30.7073,50,0,100,0,-100,-250,0
180,1786709039.8065,1786709039.8106,0.0334,31.0330,-0.5714,26.1099,73.6703,-10.0659,31.6799,30.3764,-1.9170,25.7478,73.4472,-10.1178,30.2259,30.3764,-1.9170,25.7478,73.4472,-10.1178,30.2259,0,0,100,-50,-50,-200,0
181,1786709039.8399,1786709039.8441,0.03346,31.1209,-0.5714,26.1978,73.7582,-10.0659,31.1508,30.2644,-2.0102,25.6791,73.4571,-10.0897,29.9030,30.2644,-2.0102,25.6791,73.4571,-10.0897,29.9030,50,0,0,0,0,-200,0
182,1786709039.8733,1786709039.8778,0.03334,31.0330,-0.5714,26.1978,73.4066,-10.0659,30.8862,30.2927,-1.5331,25.2591,73.3904,-10.0719,29.7265,30.2927,-1.5331,25.2591,73.3904,-10.0719,29.7265,0,0,0,-100,0,-100,0
183,1786709039.9066,1786709039.9111,0.03336,30.7692,-0.5714,26.1978,73.4066,-10.0659,30.4894,30.0818,-1.6713,25.8105,73.4481,-10.2531,29.6448,30.0818,-1.6713,25.8105,73.4481,-10.2531,29.6448,-100,0,0,0,0,-150,0
184,1786709039.94,1786709039.9445,0.03337,30.5055,-0.5714,26.1978,73.4945,-10.0659,30.1587,30.2521,-1.7934,25.1847,73.2050,-10.4521,29.7224,30.2521,-1.7934,25.1847,73.2050,-10.4521,29.7224,-100,0,0,0,0,-150,0
185,1786709039.9734,1786709039.9782,0.03341,30.4176,-0.5714,26.1978,73.4066,-10.0659,30.0265,30.2394,-0.8669,25.8618,73.1559,-10.4982,29.8319,30.2394,-0.8669,25.8618,73.1559,-10.4982,29.8319,0,0,0,0,0,-50,0
186,1786709040.0068,1786709040.0114,0.03338,30.3297,-0.5714,26.1978,73.4066,-10.0659,29.8942,30.2941,-0.5306,25.9343,72.8670,-10.8308,29.7739,30.2941,-0.5306,25.9343,72.8670,-10.8308,29.7739,-50,0,0,0,0,-50,0
187,1786709040.0401,1786709040.0448,0.03336,30.5055,-0.3077,26.1978,73.4066,-10.0659,29.9603,30.5089,-0.3300,25.9128,72.6549,-10.5929,29.7505,30.5089,-0.3300,25.9128,72.6549,-10.5929,29.7505,50,100,0,0,0,50,0
188,1786709040.0735,1786709040.0782,0.03338,30.5934,-0.1319,26.2857,73.2308,-10.2418,29.9603,30.6223,0.2260,25.8472,72.3911,-10.7520,29.6565,30.6223,0.2260,25.8472,72.3911,-10.7520,29.6565,50,100,0,-50,-100,0,0
189,1786709040.1069,1786709040.1116,0.0334,30.6813,-0.1319,26.2857,73.0549,-10.2418,29.8280,30.7389,0.5027,25.6881,72.0575,-10.9514,29.3789,30.7389,0.5027,25.6881,72.0575,-10.9514,29.3789,50,0,0,-50,0,0,0
190,1786709040.1403,1786709040.1445,0.03337,30.6813,0.2198,26.2857,72.7912,-10.2418,29.8280,30.5800,0.4701,25.8200,71.7719,-10.2343,29.0063,30.5800,0.4701,25.8200,71.7719,-10.2343,29.0063,0,100,0,-50,0,0,0
191,1786709040.1738,1786709040.178,0.03346,30.6813,0.6593,26.2857,72.3516,-10.4176,29.8942,30.9493,0.8300,25.8126,71.9394,-10.7303,28.4970,30.9493,0.8300,25.8126,71.9394,-10.7303,28.4970,0,150,0,-100,-50,50,0
192,1786709040.2071,1786709040.2113,0.03339,30.5934,0.7473,26.2857,72.2637,-10.4176,29.3651,31.2104,0.8121,25.6043,71.8555,-10.8195,27.6449,31.2104,0.8121,25.6043,71.8555,-10.8195,27.6449,0,50,0,-50,0,-150,0
193,1786709040.2405,1786709040.245,0.03339,30.5934,0.8352,26.2857,72.3516,-10.5055,28.9683,31.4245,0.8775,25.7127,71.8470,-11.0259,25.7254,31.4245,0.8775,25.7127,71.8470,-11.0259,25.7254,0,50,0,50,0,-150,0
194,1786709040.2739,1786709040.2793,0.03342,30.6813,1.0110,26.1978,72.0000,-10.5934,28.5053,31.5981,0.6719,25.5959,71.4308,-11.9200,22.7301,31.5981,0.6719,25.5959,71.4308,-11.9200,22.7301,50,50,-50,-150,-50,-250,0
195,1786709040.3073,1786709040.3119,0.03338,30.7692,1.0989,26.1978,72.0000,-10.6813,27.4471,31.7180,0.5029,25.0638,71.5888,-12.8901,18.6919,31.7180,0.5029,25.0638,71.5888,-12.8901,18.6919,50,50,0,0,0,-450,0
196,1786709040.3407,1786709040.3457,0.03341,30.9451,1.0989,26.2857,72.1758,-11.2967,25.5952,31.8594,0.0930,25.9760,71.1524,-14.2285,13.4184,31.8594,0.0930,25.9760,71.1524,-14.2285,15.4630,50,0,0,50,-200,-750,0
197,1786709040.3741,1786709040.3788,0.03339,31.2967,1.0989,26.1978,71.6484,-12.0879,23.5450,31.8197,0.0108,26.1409,70.8250,-14.8738,8.4090,31.8197,0.0108,26.1409,70.8250,-14.8738,13.2804,150,0,0,-100,-250,-1050,0
198,1786709040.4075,1786709040.414,0.03342,31.4725,1.0989,26.2857,71.3846,-12.8791,20.8333,31.9569,0.4044,25.4000,70.5000,-14.5310,5.5915,31.9569,0.4044,25.4000,70.5000,-14.5310,10.3042,50,0,0,-50,-350,-1200,0
199,1786709040.4409,1786709040.4457,0.03337,31.5604,1.0989,26.5495,71.3846,-13.7582,18.1217,32.5345,0.3641,24.5880,71.2920,-13.8308,3.7944,32.5345,0.3641,24.5880,71.2920,-13.8308,7.7249,50,0,100,50,-350,-1250,0
200,1786709040.4743,1786709040.6954,0.03335,31.5604,1.0989,26.5495,71.1209,-13.8462,15.4101,40.5308,1.1142,24.4051,72.1835,-13.7582,5.3419,40.5308,1.1142,24.4051,72.1835,-13.7582,5.3419,0,0,0,-50,0,-1100,1
201,1786709040.6965,1786709040.7015,0.22225,32.3516,1.0989,26.1978,71.0330,-13.8462,8.2672,40.3350,0.1452,25.3034,71.4618,-14.8350,3.4870,40.3350,0.1452,25.3034,71.4618,-14.8350,3.4870,0,0,0,0,0,-50,1
202,1786709040.7298,1786709040.7344,0.03328,32.1758,1.0989,26.1978,71.0330,-13.8462,8.0026,40.2552,-0.9345,26.5528,70.7234,-14.9768,2.3987,40.2552,-0.9345,26.5528,70.7234,-14.9768,2.3987,-50,0,0,0,0,-150,0
203,1786709040.7631,1786709040.7678,0.03335,32.8791,1.0989,26.1978,71.0330,-14.0220,7.1429,40.3411,-1.2473,27.3159,69.8351,-15.2576,1.7042,40.3411,-1.2473,27.3159,69.8351,-15.2576,1.7042,300,0,0,0,-100,-250,0
204,1786709040.7965,1786709040.8011,0.0334,34.8132,1.0110,26.6374,70.8571,-14.3736,5.4233,40.1892,-1.3526,27.4551,69.2256,-15.4321,1.3645,40.1892,-1.3526,27.4551,69.2256,-15.4321,1.3645,600,-50,150,-50,-100,-800,0
205,1786709040.8299,1786709040.8345,0.03337,37.2747,1.0110,27.2527,70.4176,-14.9011,3.8360,39.9824,-1.1896,28.1669,68.8335,-15.6710,1.2703,39.9824,-1.1896,28.1669,68.8335,-15.6710,1.2703,800,0,250,-100,-200,-700,0
206,1786709040.8633,1786709040.8677,0.03337,38.5055,1.0110,27.5165,70.0659,-15.0769,2.9101,39.9840,-1.0600,28.1361,68.7253,-15.2767,1.2307,39.9840,-1.0600,28.1361,68.7253,-15.2767,1.2307,350,0,100,-150,-50,-450,0
207,1786709040.8967,1786709040.9013,0.03345,39.0330,1.0110,27.9560,69.2747,-15.2527,2.4471,39.6522,-1.8025,28.2430,68.9284,-15.8045,1.3066,39.6522,-1.8025,28.2430,68.9284,-15.8045,1.3066,250,0,150,-300,-100,-200,0
208,1786709040.9301,1786709040.9346,0.03335,38.8571,1.0110,28.1319,69.2747,-15.2527,2.1164,39.6791,-1.3271,28.0957,69.2860,-15.7955,1.3349,39.6791,-1.3271,28.0957,69.2860,-15.7955,1.3349,-50,0,100,0,0,-100,0
209,1786709040.9635,1786709040.9696,0.03337,38.8571,1.0110,28.2198,69.3626,-15.4286,2.0503,39.8040,-1.5905,27.9404,70.0793,-16.0002,1.3668,39.8040,-1.5905,27.9404,70.0793,-16.0002,1.3668,0,0,0,0,-50,-100,0
210,1786709040.9968,1786709041.0014,0.03332,39.1209,0.9231,28.2198,69.4505,-15.6044,1.9180,39.6693,-1.9260,27.2809,71.2946,-16.4812,1.4427,39.6693,-1.9260,27.2809,71.2946,-16.4812,1.4427,0,0,0,0,-50,-100,0
211,1786709041.0302,1786709041.0348,0.0334,39.3846,0.9231,28.2198,69.3626,-15.7802,1.9180,39.8376,-2.2667,26.4064,72.7138,-16.8098,1.4182,39.8376,-2.2667,26.4064,72.7138,-16.8098,1.4182,100,0,0,-50,-100,0,0
212,1786709041.0636,1786709041.0679,0.03338,39.3846,0.8352,28.1319,70.2418,-16.0440,1.9180,39.7616,-2.4333,24.8690,74.9269,-17.3377,1.4363,39.7616,-2.4333,24.8690,74.9269,-17.3377,1.4363,0,-50,-50,300,-100,0,0
213,1786709041.097,1786709041.1016,0.03342,39.1209,0.8352,28.1319,71.2088,-16.3956,1.9180,39.8821,-3.3877,22.9404,77.2714,-18.1550,1.4862,39.8821,-3.3877,22.9404,77.2714,-18.1550,1.4862,-50,0,0,300,-100,0,0
214,1786709041.1304,1786709041.1346,0.03337,38.9451,0.8352,27.4286,72.5275,-16.7473,1.9180,39.6687,-4.0870,20.6798,79.8713,-18.7070,1.5436,39.6687,-4.0870,20.6798,79.8713,-18.7070,1.5436,-100,0,-300,350,-150,0,0
215,1786709041.1638,1786709041.1683,0.03343,39.0330,0.3956,26.2857,74.4615,-17.3626,1.9180,39.5009,-4.8864,18.3656,82.1284,-19.5915,1.5626,39.5009,-4.8864,18.3656,82.1284,-19.5915,1.5626,50,-150,-350,650,-250,0,0
216,1786709041.1971,1786709041.2015,0.03336,39.3846,-0.3956,24.7033,76.5714,-17.9780,1.9180,39.3506,-5.7018,15.5463,84.2144,-19.9950,1.5672,39.3506,-5.7018,15.5463,84.2144,-19.9950,1.5672,150,-250,-500,650,-200,0,0
217,1786709041.2305,1786709041.2352,0.03339,39.4725,-1.1868,22.8571,78.5934,-18.5934,1.9180,38.8868,-6.5605,12.8930,86.0150,-20.9720,1.5897,38.8868,-6.5605,12.8930,86.0150,-20.9720,1.5897,50,-250,-650,750,-250,0,0
218,1786709041.2639,1786709041.2687,0.03338,39.4725,-1.8901,20.7473,80.7033,-19.2088,1.9180,38.5920,-7.6045,10.3380,88.0594,-21.8231,1.6965,38.5920,-7.6045,10.3956,88.0594,-21.8231,1.6965,0,-250,-650,700,-150,0,0
219,1786709041.2973,1786709041.302,0.03338,39.2088,-2.7692,18.3736,82.7253,-19.9121,1.9180,37.8543,-8.8307,7.5875,89.4865,-22.8108,1.7613,37.8543,-8.8307,8.1099,89.4865,-22.8108,1.7613,-100,-250,-800,700,-250,0,0
220,1786709041.3307,1786709041.3355,0.03343,39.0330,-3.7363,16.0000,84.7473,-20.7033,1.9180,36.9419,-10.0930,5.2260,90.7195,-23.9128,1.7938,36.9419,-10.0930,5.6484,90.7195,-23.9128,1.7938,-50,-300,-800,650,-300,0,0
221,1786709041.3641,1786709041.3688,0.03334,38.6813,-4.7033,13.6264,86.6813,-21.5824,1.9180,35.6414,-11.2848,3.0701,91.8317,-25.1057,1.7757,35.6414,-11.2848,3.3626,91.8317,-25.1057,1.7757,-150,-350,-800,650,-250,0,0
222,1786709041.3975,1786709041.4021,0.03343,38.0659,-5.9341,11.3407,88.0879,-22.5495,1.9180,34.0406,-12.9985,1.4802,92.5017,-26.2678,1.7204,34.0406,-12.9985,1.4802,92.5017,-26.2678,1.7204,-200,-400,-750,500,-350,0,0
223,1786709041.4309,1786709041.4354,0.03337,37.1868,-6.9890,8.9670,89.4066,-23.6044,1.9180,32.4462,-14.0626,-0.2364,93.1143,-27.4357,1.7091,32.4462,-14.0626,-0.2364,93.1143,-27.4357,1.7091,-300,-400,-850,450,-350,0,0
224,1786709041.4642,1786709041.4688,0.03336,35.9560,-8.3956,6.6813,90.6374,-24.6593,1.9180,29.9870,-15.5709,-1.7905,93.6041,-29.1714,1.7629,29.9870,-15.5709,-1.7905,93.6041,-29.1714,1.7629,-400,-400,-800,450,-350,0,0
225,1786709041.4976,1786709041.5022,0.03341,34.6374,-9.8022,4.7473,91.6923,-25.8022,1.9180,27.5553,-16.8922,-3.4459,93.6005,-30.5906,1.7928,27.5553,-16.8922,-3.4459,93.6005,-30.5906,1.7928,-450,-500,-700,400,-400,0,0
226,1786709041.531,1786709041.5354,0.03334,32.9670,-11.1209,2.8132,92.3956,-27.0330,1.9180,24.7702,-17.9249,-4.3213,93.3647,-32.0726,1.8133,24.7702,-17.9249,-4.3213,93.3647,-32.0726,1.8133,-550,-450,-600,200,-300,0,0
227,1786709041.5644,1786709041.569,0.03342,30.9451,-12.6154,1.0549,92.6593,-28.6154,1.9180,22.0677,-18.9366,-5.8276,93.1275,-33.5844,1.9000,22.0677,-18.9366,-5.8276,93.1275,-33.5844,1.9000,-700,-500,-600,150,-550,0,0
228,1786709041.5978,1786709041.6023,0.03337,28.6593,-13.9341,-0.4396,92.7473,-30.0220,1.9180,19.0233,-19.7974,-6.5871,92.4785,-35.1913,1.9465,19.0233,-19.7974,-6.5871,92.4785,-35.1913,1.9465,-750,-400,-550,0,-450,0,0
229,1786709041.6311,1786709041.6356,0.03337,26.1978,-15.1648,-1.7582,92.8352,-31.3407,1.9180,15.9075,-20.6649,-7.3231,91.5224,-36.2523,2.0119,15.9075,-20.6649,-7.3231,91.5224,-36.2523,2.0119,-850,-400,-450,0,-500,0,0
230,1786709041.6645,1786709041.6691,0.03338,23.5604,-16.2198,-2.9890,92.8352,-32.9231,1.9180,12.8714,-21.2624,-7.5310,90.2253,-37.2231,2.0549,13.2088,-21.2624,-7.5310,90.2253,-37.2231,2.0549,-900,-350,-500,0,-550,0,0
231,1786709041.6979,1786709041.7027,0.03343,20.8352,-17.2747,-3.8681,92.3077,-34.2418,1.9180,9.8666,-21.7388,-7.4602,88.5010,-37.5618,2.0806,10.4835,-21.7388,-7.4602,88.5010,-37.5618,2.0806,-900,-400,-300,-150,-450,0,0
232,1786709041.7313,1786709041.7361,0.03335,18.1099,-18.1538,-4.4835,91.5165,-35.3846,1.9180,6.9984,-22.2456,-7.1069,85.9883,-37.4643,2.1241,7.6703,-22.2456,-7.1069,85.9883,-37.4643,2.1241,-1000,-300,-200,-300,-400,0,0
233,1786709041.7647,1786709041.7695,0.03345,15.2088,-18.9451,-4.8352,90.3736,-36.0879,1.9180,4.2399,-22.4240,-6.0045,82.7453,-36.2266,2.2052,4.7692,-22.4240,-6.0045,82.7453,-36.2266,2.2052,-950,-250,-100,-350,-250,0,0
234,1786709041.7981,1786709041.8028,0.03336,12.3956,-19.5604,-4.9231,88.7912,-36.5275,1.9180,1.7321,-22.9829,-4.5231,78.6868,-34.0694,2.2256,2.0440,-22.9829,-4.5231,78.6868,-34.0694,2.2256,-900,-250,-50,-500,-100,0,0
235,1786709041.8314,1786709041.8364,0.03334,9.7582,-20.0000,-4.9231,86.6813,-36.3516,1.9180,-0.3663,-23.1689,-2.2678,74.2413,-31.4670,2.2956,-0.3663,-23.1689,-2.2678,76.3297,-31.4670,2.2956,-950,-100,0,-750,0,0,0
236,1786709041.8649,1786709041.8699,0.03347,7.0330,-20.4396,-4.3956,84.0440,-35.4725,1.9180,-2.2104,-23.6224,0.1599,69.7216,-27.4546,2.3638,-2.2104,-23.6224,0.1599,73.6044,-27.4546,2.3638,-900,-200,100,-850,300,0,0
237,1786709041.8982,1786709041.9031,0.03334,4.3077,-20.8791,-3.2527,81.0549,-34.0659,1.9180,-3.7728,-24.1478,2.7578,65.3389,-23.4102,2.4955,-3.7728,-24.1478,2.7578,70.7912,-23.7143,2.4955,-950,-150,350,-1000,550,0,0
238,1786709041.9316,1786709041.9364,0.03339,1.5824,-21.4066,-1.4945,78.4176,-31.8681,1.9180,-4.7807,-24.9480,5.5364,61.1984,-19.2624,2.5901,-4.7807,-24.9480,5.5364,67.9780,-21.4286,2.5901,-900,-150,550,-900,650,0,0
239,1786709041.965,1786709041.9694,0.03334,-0.7033,-21.8462,0.4396,75.6923,-28.9670,1.9841,-5.3525,-25.2724,8.1654,57.4089,-16.3340,2.6793,-5.3525,-25.2724,8.1654,65.4286,-18.6154,2.6793,-850,-150,700,-950,900,50,0
240,1786709041.9984,1786709042.003,0.03346,-2.3736,-22.2857,2.8132,72.9670,-26.0659,2.1825,-5.5493,-25.8836,10.8493,54.2622,-13.5025,2.6768,-5.5493,-25.8836,10.8493,62.6154,-15.7143,2.6768,-550,-200,750,-950,950,50,0
241,1786709042.0318,1786709042.0366,0.03334,-3.4286,-22.8132,5.1868,70.3297,-23.3407,2.3148,-5.4961,-26.3170,13.6696,51.2966,-11.7180,2.7212,-5.4961,-26.3170,13.6696,59.8901,-13.0769,2.7212,-350,-150,800,-900,900,50,0
242,1786709042.0652,1786709042.0716,0.03341,-4.0440,-23.2527,7.7363,67.6044,-20.7912,2.3148,-5.1549,-26.9303,16.3266,48.2909,-10.2565,2.7647,-5.1549,-26.9303,16.3266,57.1648,-10.2637,2.7647,-250,-150,850,-900,900,0,0
243,1786709042.0986,1786709042.1035,0.0334,-4.3956,-23.6923,10.3736,64.8791,-17.8022,2.3148,-4.6897,-27.2816,18.6190,46.1173,-9.2335,2.7766,-4.6897,-27.2816,18.6190,54.4396,-9.2335,2.7766,-100,-150,900,-900,1050,0,0
244,1786709042.1319,1786709042.1367,0.03337,-4.4835,-24.2198,13.0110,62.1538,-15.2527,2.3148,-4.0854,-27.6464,20.9604,43.8001,-8.4554,2.8148,-4.0854,-27.6464,20.9604,51.7143,-8.4554,2.8148,-50,-200,900,-950,900,0,0
245,1786709042.1653,1786709042.1701,0.0334,-4.4835,-24.6593,15.7363,59.4286,-12.7912,2.3148,-3.6287,-28.2327,23.2079,41.2833,-8.0843,2.8654,-3.6287,-28.2327,23.2079,49.0769,-8.0843,2.8654,0,-150,900,-900,900,0,0
246,1786709042.1987,1786709042.2036,0.03337,-4.4835,-25.0110,18.1099,56.7033,-11.1209,2.3148,-2.6207,-28.5538,25.5221,39.1818,-7.8089,2.8737,-2.6207,-28.5538,25.5221,46.3516,-7.8089,2.8737,0,-150,850,-900,500,0,0
247,1786709042.2321,1786709042.2366,0.03338,-4.3077,-25.5385,20.5714,54.0659,-10.0659,2.3148,-2.5043,-29.0804,27.6135,36.9870,-7.8495,2.9214,-2.5043,-29.0804,27.6135,43.6264,-7.8495,2.9214,50,-200,800,-900,350,0,0
248,1786709042.2655,1786709042.2702,0.03342,-4.0440,-25.9780,22.9451,51.3407,-9.3626,2.4471,-1.7326,-29.6920,29.5581,34.8936,-7.9168,2.9743,-1.7326,-29.6920,29.5581,40.9890,-7.9168,2.9743,100,-150,800,-900,250,50,0
249,1786709042.2988,1786709042.3052,0.03335,-3.5165,-26.5055,25.3187,48.6154,-8.9231,2.5794,-1.1017,-30.0753,30.8880,33.2277,-8.0611,3.1013,-1.1017,-30.0753,30.8880,38.1758,-8.0611,3.1013,150,-150,800,-900,150,100,0
250,1786709042.3323,1786709042.5494,0.03341,-2.9011,-26.9451,27.4286,45.9780,-8.6593,2.6455,-0.3189,-28.0606,28.0887,43.7024,-12.9655,1.8930,-0.3189,-28.0606,28.0887,43.7024,-12.9655,1.8930,250,-150,750,-950,100,50,1
251,1786709042.5506,1786709042.5556,0.21837,-1.9341,-27.8242,30.7692,39.2088,-8.5714,2.6455,0.9140,-28.6931,27.2514,45.0326,-14.4867,1.9432,0.9140,-28.6931,27.2514,45.0326,-14.4867,1.9432,0,-100,0,-50,0,0,1
252,1786709042.5839,1786709042.5901,0.03329,-1.4945,-27.8242,30.7692,39.1209,-8.5714,2.6455,2.2911,-28.7295,25.4167,47.1297,-15.6697,2.0230,2.2911,-28.7295,25.4167,47.1297,-15.6697,2.0230,150,0,0,-50,0,0,0
253,1786709042.6173,1786709042.6217,0.03343,-0.8791,-27.8242,30.5055,39.8242,-9.2747,2.4471,3.8933,-28.5019,23.0811,50.1829,-16.4205,2.1596,3.8933,-28.5019,23.0811,50.0000,-16.4205,2.1596,150,0,0,150,-300,-50,0
254,1786709042.6508,1786709042.6556,0.03344,0.2637,-27.7363,29.3626,42.0220,-11.3846,2.3148,5.2417,-27.9612,20.0842,54.2680,-16.8211,2.2982,5.2417,-27.9612,20.0842,52.3736,-16.8211,2.2982,400,50,-400,700,-650,-100,0
255,1786709042.6841,1786709042.6891,0.03334,1.7582,-27.7363,27.8681,44.9231,-13.5824,2.3148,6.7166,-27.3777,16.8572,58.7139,-17.0516,2.3918,6.7166,-27.3777,17.6044,55.4505,-17.0516,2.3918,550,0,-550,1050,-800,0,0
256,1786709042.7175,1786709042.7223,0.03341,3.4286,-27.6484,25.6703,47.9121,-14.9011,2.3148,8.2395,-26.7179,13.5842,63.7240,-17.0928,2.5148,8.2395,-26.7179,15.4066,58.2637,-17.0928,2.5148,600,50,-650,1000,-350,0,0
257,1786709042.7509,1786709042.7556,0.03337,4.6593,-27.2967,23.3846,50.5495,-15.6044,2.3148,9.8447,-26.3488,10.4148,68.4882,-16.9264,2.5573,9.8447,-26.3488,13.0330,60.9890,-16.9264,2.5573,400,100,-800,900,-300,0,0
258,1786709042.7843,1786709042.789,0.03339,5.7143,-26.7692,21.0989,53.3626,-15.9560,2.3148,11.2848,-26.3037,7.3186,73.2314,-16.9530,2.6346,11.2848,-26.3037,10.7473,63.8022,-16.9530,2.6346,300,200,-750,950,-100,0,0
259,1786709042.8177,1786709042.8225,0.03343,7.1209,-26.2418,18.8132,56.2637,-16.2198,2.3148,13.0947,-25.8305,4.5594,77.4469,-16.4682,2.6941,13.0947,-25.8305,8.5495,66.6154,-16.4682,2.6941,450,200,-750,1000,-100,0,0
260,1786709042.8511,1786709042.8563,0.03334,8.6154,-26.1538,16.6154,59.0769,-16.4835,2.3148,14.7365,-25.8234,2.4581,80.7295,-15.7747,2.7704,14.7365,-25.8234,6.2637,69.5165,-15.7747,2.7704,500,50,-750,950,-100,0,0
261,1786709042.8845,1786709042.8905,0.03344,10.6374,-25.9780,14.3297,61.8901,-16.3956,2.3148,16.7010,-26.1568,1.3320,83.2794,-14.6022,2.8748,16.7010,-26.1568,3.9780,72.3297,-14.6022,2.8748,700,50,-800,1000,50,0,0
262,1786709042.9179,1786709042.9229,0.03337,12.2198,-25.8901,12.0440,64.7033,-16.3956,2.3148,18.9938,-26.4709,0.8162,85.1986,-13.4606,3.0377,18.9938,-26.4709,1.6923,75.1429,-13.4606,3.0377,550,0,-800,1000,0,0,0
263,1786709042.9512,1786709042.956,0.0333,13.7143,-25.8022,9.8462,67.6044,-15.6044,2.3148,21.5517,-26.8533,0.5805,86.4395,-11.7486,3.1145,21.5517,-26.8533,0.5805,77.8681,-11.7486,3.1145,500,0,-750,950,150,0,0
264,1786709042.9846,1786709042.9895,0.03345,15.3846,-25.8022,7.4725,70.3297,-14.5495,2.5794,24.2982,-26.9256,0.5102,87.1952,-9.5882,3.1846,24.2982,-26.9256,0.5102,80.7692,-9.5882,3.1846,600,0,-850,950,400,100,0
265,1786709043.018,1786709043.0228,0.03343,17.5824,-25.8901,5.4505,73.1429,-13.6703,2.7116,27.3468,-27.2563,1.0557,87.4120,-7.6381,3.3019,27.3468,-27.2563,1.0557,83.4945,-7.6381,3.3019,700,0,-750,950,350,50,0
266,1786709043.0514,1786709043.0564,0.03333,20.1319,-25.9780,4.3077,76.0440,-12.1758,2.8439,30.4517,-27.6483,1.5583,87.3901,-5.2607,3.3310,30.3956,-27.6483,1.5583,86.3956,-5.2607,3.3310,800,-50,-450,950,350,50,0
267,1786709043.0847,1786709043.0896,0.03337,22.8571,-25.9780,3.9560,78.7692,-10.3297,2.9101,33.7087,-27.4418,2.5708,87.2320,-2.7673,3.4179,33.2088,-27.4418,2.5708,87.2320,-2.7673,3.4179,950,0,-150,900,650,50,0
268,1786709043.1181,1786709043.123,0.0334,25.5824,-25.9780,3.8681,81.6703,-8.3956,2.9101,36.7081,-27.4532,3.6232,86.4452,-0.3412,3.4872,35.9341,-27.4532,3.6232,86.4452,-0.3412,3.4872,900,0,0,950,650,0,0
269,1786709043.1516,1786709043.1565,0.03347,28.3077,-25.8901,3.8681,83.8681,-6.2857,2.9762,39.5891,-27.3289,4.9584,85.8092,1.8162,3.5771,38.6593,-27.3289,4.9584,85.8092,1.8162,3.5771,850,0,0,850,750,50,0
270,1786709043.185,1786709043.1898,0.03341,31.0330,-25.8901,4.3077,84.5714,-4.0000,3.1085,42.3236,-26.6887,6.1215,84.7720,4.1184,3.6174,41.3846,-26.6887,6.1215,84.7720,4.1184,3.6174,950,0,150,300,750,50,0
271,1786709043.2184,1786709043.2232,0.03335,33.7582,-25.9780,4.7473,84.6593,-1.8022,3.2407,44.6331,-26.1920,7.1459,83.6724,6.1199,3.6315,44.1978,-26.1920,7.1459,83.6724,6.1199,3.6315,900,0,200,0,750,100,0
272,1786709043.2518,1786709043.2566,0.03339,36.5714,-25.9780,5.8022,84.6593,0.3956,3.2407,46.6715,-25.3906,8.2078,82.6694,7.9541,3.7075,46.6715,-25.3906,8.2078,82.6694,7.9541,3.7075,950,0,350,0,750,0,0
273,1786709043.2851,1786709043.2902,0.03337,39.2967,-25.6264,6.6813,84.2198,2.5934,3.2407,48.6934,-24.2412,9.0447,81.6361,9.7303,3.7258,48.6934,-24.2412,9.0447,81.6361,9.7303,3.7258,950,100,300,-200,750,0,0
274,1786709043.3185,1786709043.3233,0.0334,42.0220,-25.3626,7.7363,83.6923,4.6154,3.3069,50.1418,-23.1566,9.6087,80.3799,10.7469,3.7197,50.1418,-23.1566,9.6087,80.3799,10.7469,3.7197,950,100,350,-200,700,50,0
275,1786709043.3519,1786709043.3565,0.03336,44.6593,-24.6593,8.6154,82.8132,6.6374,3.3730,51.5288,-21.1872,10.5145,79.4867,11.8947,3.7419,51.5288,-21.1872,10.5145,79.4867,11.8947,3.7419,900,250,250,-250,650,50,0
276,1786709043.3853,1786709043.39,0.03342,47.0330,-23.6923,9.4066,81.9341,8.2198,3.4392,52.5405,-19.8155,10.8768,78.6584,12.0944,3.7434,52.5405,-19.8155,10.8768,78.6584,12.0944,3.7434,750,300,300,-300,600,50,0
277,1786709043.4187,1786709043.4232,0.0334,48.7912,-22.4615,10.1978,81.0549,9.4505,3.4392,53.3354,-18.3274,11.2399,77.8491,12.4516,3.8271,53.3354,-18.3274,11.2399,77.8491,12.4516,3.8271,600,400,250,-350,400,0,0
278,1786709043.4521,1786709043.4567,0.03343,50.1978,-20.9670,10.8132,80.1758,10.4176,3.4392,54.0190,-16.3286,11.5837,76.9622,12.5702,3.8453,54.0190,-16.3286,11.5837,76.9622,12.5702,3.8453,500,500,250,-250,250,0,0
279,1786709043.4855,1786709043.49,0.03335,51.2527,-19.3846,11.2527,79.2967,11.1209,3.4392,54.0178,-14.8507,11.7242,76.3922,12.2467,3.9158,54.0178,-14.8507,11.7242,76.3922,12.2467,3.9158,350,500,150,-350,250,0,0
280,1786709043.5189,1786709043.5232,0.03341,52.2198,-17.8901,11.6044,78.4176,11.4725,3.4392,54.2495,-13.4970,11.6796,75.6717,12.2765,3.8631,54.2495,-13.4970,11.6796,75.6717,12.2765,3.8631,300,500,100,-300,150,0,0
281,1786709043.5523,1786709043.5571,0.03339,52.9231,-16.2198,11.6044,77.6264,11.5604,3.4392,54.4563,-12.1794,11.7542,74.9913,12.4344,3.7880,54.4563,-12.1794,11.7542,74.9913,12.4344,3.7880,300,550,50,-250,50,0,0
282,1786709043.5857,1786709043.5901,0.03339,53.3626,-14.6374,11.6044,77.0110,11.8242,3.4392,54.2536,-11.0502,11.9289,74.4029,12.4683,3.8011,54.2536,-11.0502,11.9289,74.4029,12.4683,3.8011,150,500,0,-250,100,0,0
283,1786709043.6191,1786709043.6233,0.03341,53.6264,-13.3187,11.7802,76.2198,11.8242,3.4392,54.3048,-9.8968,12.0881,73.8108,12.6507,3.8339,54.3048,-9.8968,12.0881,73.8108,12.6507,3.8339,100,450,100,-250,0,0,0
284,1786709043.6525,1786709043.6571,0.03341,53.8022,-12.0000,11.9560,75.6044,11.8242,3.4392,54.1911,-9.6505,12.6982,73.2967,12.8259,3.8698,54.1911,-9.6505,12.6982,73.2967,12.8259,3.8698,50,450,100,-200,0,0,0
285,1786709043.6859,1786709043.6904,0.03334,53.8022,-10.7692,12.0440,74.8132,12.0879,3.4392,54.1914,-9.0567,12.9431,72.9993,13.2850,3.9016,54.1914,-9.0567,12.9431,72.9993,13.2850,3.9016,0,450,0,-300,100,0,0
286,1786709043.7192,1786709043.7238,0.03338,53.8022,-10.0659,12.6593,74.2857,12.3516,3.4392,54.0815,-8.8799,13.2779,72.6531,13.1688,3.8782,54.0815,-8.8799,13.2779,72.6531,13.1688,3.8782,0,300,250,-200,50,0,0
287,1786709043.7527,1786709043.7576,0.03349,53.8022,-9.2747,13.0110,73.8462,12.6154,3.4392,53.6820,-8.9784,13.5322,72.6072,13.3205,3.9639,53.6820,-8.9784,13.5322,72.6072,13.3205,3.9639,0,300,200,-150,100,0,0
288,1786709043.786,1786709043.7903,0.03331,53.7143,-8.9231,13.3626,73.4945,12.7033,3.5053,53.6700,-8.6992,13.8803,72.3946,13.6787,3.9258,53.6700,-8.6992,13.8803,72.3946,13.6787,3.9258,-50,100,150,-150,50,0,0
289,1786709043.8194,1786709043.8235,0.03338,53.6264,-8.8352,13.5385,73.2308,12.8791,3.5053,53.5968,-9.3109,14.2483,72.3937,13.9018,3.9438,53.5968,-9.3109,14.2483,72.3937,13.9018,3.9438,-50,50,0,-50,50,0,0
290,1786709043.8529,1786709043.8575,0.03345,53.6264,-8.8352,13.8901,72.9670,13.1429,3.5053,53.5214,-9.0114,14.7252,72.2428,14.1545,4.0009,53.5214,-9.0114,14.7252,72.2428,14.1545,4.0009,0,0,150,0,150,0,0
291,1786709043.8863,1786709043.8912,0.03341,53.6264,-8.8352,14.2418,72.8791,13.4066,3.5053,53.5726,-9.1781,14.9933,72.1591,14.3830,3.9626,53.5726,-9.1781,14.9933,72.1591,14.3830,3.9626,0,0,100,-50,100,0,0
292,1786709043.9197,1786709043.9253,0.03346,53.6264,-8.7473,14.7692,72.8791,13.5824,3.5053,53.4970,-9.5327,15.5267,71.9746,14.4636,3.9890,53.4970,-9.5327,15.5267,71.9746,14.4636,3.9890,0,100,150,0,50,0,0
293,1786709043.9531,1786709043.9589,0.03333,53.6264,-8.6593,15.2088,72.7033,13.9341,3.5053,53.5788,-9.7886,16.0064,71.7914,14.7913,3.9346,53.5788,-9.7886,16.0064,71.7914,14.7913,3.9346,0,0,250,-100,50,0,0
294,1786709043.9864,1786709043.991,0.03331,53.6264,-8.6593,15.4725,72.4396,13.9341,3.5053,53.4033,-9.8781,16.3969,71.6584,14.6717,3.9505,53.4033,-9.8781,16.3969,71.6584,14.6717,3.9505,0,0,50,-50,50,0,0
295,1786709044.0198,1786709044.0245,0.0334,53.7143,-8.7473,16.0000,72.2637,14.1978,3.5053,53.5529,-9.9955,17.1265,71.4161,14.6488,3.9068,53.5529,-9.9955,17.1265,71.4161,14.6488,3.9068,50,0,150,0,100,0,0
296,1786709044.0532,1786709044.0576,0.03339,53.7143,-8.7473,16.4396,72.1758,14.2857,3.5714,53.6364,-10.6242,17.5397,71.2122,14.7109,3.9318,53.6364,-10.6242,17.5397,71.2122,14.7109,3.9318,0,0,200,0,50,50,0
297,1786709044.0866,1786709044.0914,0.03345,53.7143,-8.7473,17.1429,72.0000,14.2857,3.5714,53.3250,-10.8610,18.0038,71.0271,14.5406,3.9519,53.3250,-10.8610,18.0038,71.0271,14.5406,3.9519,0,0,200,0,0,0,0
298,1786709044.12,1786709044.1245,0.03341,53.7143,-8.7473,17.5824,71.8242,14.2857,3.5714,53.4385,-10.7926,18.3646,70.8883,14.3819,3.9443,53.4385,-10.7926,18.3646,70.8883,14.3819,3.9443,0,0,150,-100,0,0,0
299,1786709044.1534,1786709044.1578,0.03334,53.7143,-8.7473,17.9341,71.4725,14.2857,3.5714,53.5079,-10.8540,18.7847,70.6178,14.6981,3.9340,53.5079,-10.8540,18.7847,70.6178,14.6981,3.9340,0,0,150,-100,0,0,0
300,1786709044.1868,1786709044.4094,0.03342,53.7143,-8.7473,18.3736,71.3846,14.2857,3.5714,59.5288,-8.5012,20.5352,69.7489,18.0157,3.3318,59.5288,-8.5012,20.5352,69.7489,18.0157,3.3318,0,0,200,-50,0,0,1
301,1786709044.4105,1786709044.4153,0.22372,53.7143,-8.7473,18.9011,71.1209,14.2857,3.5714,60.4673,-8.5894,21.4380,69.4073,18.1765,3.3453,60.4673,-8.5894,21.4380,69.4073,18.1765,3.3453,0,0,0,0,0,0,1
302,1786709044.4438,1786709044.4481,0.03333,53.7143,-8.7473,18.9011,71.0330,14.2857,3.5714,61.1713,-8.6027,22.8471,68.9937,18.1975,3.2689,61.1713,-8.6027,22.8471,68.9937,18.1975,3.2689,0,0,0,0,0,0,0
303,1786709044.4773,1786709044.4815,0.03341,54.0659,-8.5714,19.6923,70.0659,15.1648,3.5714,61.6848,-8.9224,23.7034,68.3284,18.2502,3.2864,61.6848,-8.9224,23.7034,68.3284,18.2502,3.2864,50,50,300,-250,300,0,0
304,1786709044.5107,1786709044.515,0.03344,56.0000,-8.3077,21.3626,69.5385,16.5714,3.5053,62.4790,-8.9181,24.4524,67.8306,18.6113,3.1977,62.4790,-8.9181,24.4524,67.8306,18.6113,3.1977,650,50,600,-150,500,-50,0
305,1786709044.544,1786709044.5482,0.03332,58.1978,-8.1319,22.9451,69.3626,17.2747,3.5053,62.7704,-9.1016,25.5435,67.3424,18.4481,3.2112,62.7704,-9.1016,25.5435,67.3424,18.4481,3.2112,750,50,550,0,250,0,0
306,1786709044.5774,1786709044.5815,0.03342,60.2198,-8.0440,24.0000,68.5714,17.4505,3.5053,62.8940,-9.2223,26.2048,66.8905,18.5460,3.1963,62.8940,-9.2223,26.2048,66.8905,18.5460,3.1963,750,50,350,-250,50,0,0
307,1786709044.6108,1786709044.615,0.0334,61.3626,-8.2198,24.8791,68.2198,17.7143,3.5053,63.1708,-9.0225,27.0528,66.4348,18.2951,3.2256,63.1708,-9.0225,27.0528,66.4348,18.2951,3.2256,350,-50,300,-100,100,0,0
308,1786709044.6442,1786709044.6483,0.03336,61.6264,-8.3077,25.6703,67.6923,17.8901,3.5053,63.3609,-8.8632,27.8067,66.0096,18.2455,3.3298,63.3609,-8.8632,27.8067,66.0096,18.2455,3.3298,150,-50,300,-200,50,0,0
309,1786709044.6776,1786709044.6818,0.03344,61.8022,-8.2198,26.6374,67.1648,17.8901,3.5053,63.2926,-8.8208,28.4181,65.4982,18.3682,3.3059,63.2926,-8.8208,28.4181,65.4982,18.3682,3.3059,50,50,300,-150,0,0,0
310,1786709044.711,1786709044.7151,0.03335,62.1538,-8.2198,27.4286,66.7253,17.8901,3.5053,63.1356,-8.6391,29.1240,65.1020,17.9769,3.3239,63.1356,-8.6391,29.1240,65.1020,17.9769,3.3239,100,0,250,-100,0,0,0
311,1786709044.7444,1786709044.7485,0.0334,62.7692,-8.2198,28.2198,66.1978,17.8901,3.5053,63.1368,-8.4294,29.8519,64.6847,17.9575,3.3378,63.1368,-8.4294,29.8519,64.6847,17.9575,3.3378,150,0,250,-200,0,0,0
312,1786709044.7778,1786709044.7819,0.0334,62.8571,-8.2198,28.8352,65.8462,17.8901,3.5053,62.9922,-8.4719,30.2904,64.1278,18.0522,3.3421,62.9922,-8.4719,30.2904,64.1278,18.0522,3.3421,50,0,200,-150,0,0,0
313,1786709044.8112,1786709044.8158,0.03341,62.5055,-8.2198,29.5385,65.3187,17.8901,3.5053,62.7378,-8.5756,30.6822,63.4888,17.7226,3.3835,62.7378,-8.5756,30.6822,63.4888,17.7226,3.3835,-100,0,250,-200,0,0,0
314,1786709044.8446,1786709044.8494,0.03341,62.3297,-8.2198,30.2418,64.7912,17.8901,3.5053,62.7409,-8.5755,31.1308,62.9407,17.6383,3.4528,62.7409,-8.5755,31.1308,62.9407,17.6383,3.4528,-50,0,250,-150,0,0,0
315,1786709044.878,1786709044.884,0.03342,62.3297,-8.2198,30.6813,64.2637,17.8901,3.5053,62.5465,-8.5800,31.4753,62.6343,17.5014,3.4900,62.5465,-8.5800,31.4753,62.6343,17.5014,3.4900,0,0,150,-200,0,0,0
316,1786709044.9114,1786709044.9155,0.03334,62.5934,-8.2198,31.1209,63.7363,17.8901,3.5053,62.2704,-8.7255,31.9676,62.3652,17.3204,3.5487,62.2704,-8.7255,31.9676,62.3652,17.3204,3.5487,100,0,150,-200,0,0,0
317,1786709044.9448,1786709044.9489,0.0334,62.6813,-8.2198,31.4725,63.2967,17.8901,3.5053,62.1585,-8.5120,32.1228,62.2526,17.1906,3.5885,62.1585,-8.5120,32.1228,62.2526,17.1906,3.5885,50,0,100,-100,0,0,0
318,1786709044.9782,1786709044.9823,0.0334,62.6813,-8.2198,31.9121,62.9451,17.8901,3.5053,62.1609,-8.6328,32.1559,62.1286,17.0241,3.5354,62.1609,-8.6328,32.1559,62.1286,17.0241,3.5354,0,0,150,-150,0,0,0
319,1786709045.0116,1786709045.0157,0.03341,62.3297,-8.2198,32.0879,62.7692,17.7143,3.5053,62.4037,-8.4888,32.4436,62.1633,16.7530,3.6209,62.4037,-8.4888,32.4436,62.1633,16.7530,3.6209,-100,0,0,-50,-100,0,0
320,1786709045.0449,1786709045.049,0.03337,62.3297,-8.2198,32.0879,62.5934,17.4505,3.5053,62.5178,-8.5604,32.5617,62.2743,16.5128,3.5878,62.5178,-8.5604,32.5617,62.2743,16.5128,3.5878,0,0,0,-50,-50,0,0
321,1786709045.0784,1786709045.0825,0.03343,62.3297,-8.2198,32.3516,62.3297,17.1868,3.5053,62.4862,-8.5643,32.7570,62.4026,16.4808,3.5889,62.4862,-8.5643,32.7570,62.4026,16.4808,3.5889,0,0,100,-100,-50,0,0
322,1786709045.1117,1786709045.1159,0.03336,62.3297,-8.2198,32.5275,62.5934,17.0110,3.5053,62.6582,-8.4928,32.9833,62.3798,16.5268,3.6716,62.6582,-8.4928,32.9833,62.3798,16.5268,3.6716,0,0,50,150,-100,0,0
323,1786709045.1451,1786709045.1497,0.03339,62.4176,-8.1319,32.7033,62.5934,16.8352,3.5053,62.7086,-8.4420,33.4385,62.4776,16.2656,3.9410,62.7086,-8.4420,33.4385,62.4776,16.2656,3.9410,0,50,100,0,-50,0,0
324,1786709045.1785,1786709045.1827,0.03341,62.4176,-8.2198,32.9670,62.5934,16.8352,3.5053,62.7538,-9.0620,33.9078,62.5870,16.1829,4.4562,62.7538,-9.0620,33.9078,62.5870,16.1829,4.4562,50,0,100,0,0,0,0
325,1786709045.2119,1786709045.216,0.03337,62.4176,-8.2198,33.4066,62.5934,16.6593,3.5053,63.0809,-9.0558,34.1427,62.4918,16.5835,5.4080,63.0809,-9.0558,34.1427,62.4918,16.5835,5.4080,0,0,150,0,-100,0,0
326,1786709045.2453,1786709045.2512,0.03341,62.3297,-8.2198,33.8462,62.3297,16.5714,3.8360,62.9273,-9.3612,34.2407,62.3357,16.4594,8.1733,62.9273,-9.3612,34.2407,62.3357,16.4594,8.1733,0,0,200,-100,0,250,0
327,1786709045.2788,1786709045.283,0.03345,62.4176,-8.3077,34.0220,62.3297,16.5714,4.4312,63.2264,-9.4938,34.6732,62.3476,17.7693,11.9010,63.2264,-9.4938,34.6732,62.3476,17.7693,11.9010,50,0,50,0,0,200,0
328,1786709045.3121,1786709045.3169,0.03334,62.5055,-8.3077,34.1099,62.3297,16.5714,5.4894,63.3886,-9.6521,34.9913,62.0381,18.3031,16.3308,63.3886,-9.6521,34.9913,62.0381,18.3031,15.6878,50,0,50,0,0,450,0
329,1786709045.3455,1786709045.3502,0.03337,62.5934,-8.3077,34.4615,62.2418,16.8352,7.5397,63.7158,-9.7915,34.6494,62.3073,19.1349,20.5200,63.7158,-9.7915,34.6494,62.3073,19.1349,17.8042,0,0,100,0,150,1000,0
330,1786709045.3789,1786709045.384,0.03346,62.7692,-8.3956,34.6374,62.2418,17.5385,10.1852,63.8380,-9.9867,34.9599,62.2907,20.0407,24.0008,63.8380,-9.9867,34.9599,62.2907,20.0407,20.5820,100,0,100,0,250,1150,0
331,1786709045.4123,1786709045.417,0.03335,63.0330,-8.3956,34.7253,62.2418,18.1538,12.7646,64.1519,-10.2135,35.3004,62.2173,20.7463,26.2217,64.1519,-10.2135,35.3004,62.2173,20.7463,23.1614,100,0,50,0,250,1200,0
332,1786709045.4457,1786709045.4508,0.03341,63.2088,-8.5714,34.7253,62.2418,18.8571,15.4762,64.0928,-10.0691,36.1465,62.1118,21.4688,27.5186,64.0928,-10.0691,36.1465,62.1118,21.4688,25.8730,50,-50,0,0,250,1200,0
333,1786709045.4791,1786709045.4835,0.03336,63.3846,-8.6593,34.9890,62.2418,19.5604,18.1217,64.1974,-10.0494,36.5780,61.8082,21.4696,28.1473,64.1974,-10.0494,36.5780,61.8082,21.4696,28.1473,50,-50,100,-50,250,1200,0
334,1786709045.5125,1786709045.517,0.03342,63.5604,-8.8352,35.5165,62.2418,20.2637,20.8333,64.2542,-10.3985,37.3570,61.6276,21.7105,28.3007,64.2542,-10.3985,37.3570,61.6276,21.7105,28.3007,50,0,200,0,200,1250,0
335,1786709045.5458,1786709045.5503,0.03335,63.5604,-9.0110,36.1319,62.1538,20.6154,23.3466,64.3397,-10.8625,38.0847,61.1701,21.7709,28.3393,64.3397,-10.8625,38.0847,61.1701,21.7709,28.3393,0,-50,200,-50,100,1100,0
336,1786709045.5792,1786709045.5839,0.03341,63.6484,-9.3626,36.5714,61.8901,20.9670,25.2646,64.3196,-10.8415,38.8994,60.9606,21.5415,28.3559,64.3196,-10.8415,38.8994,60.9606,21.5415,28.3559,50,-150,150,-100,100,1000,0
337,1786709045.6126,1786709045.6172,0.03339,63.7363,-9.8022,37.1868,61.5385,21.1429,26.2566,64.5328,-11.2818,39.4358,60.4749,21.7859,28.4261,64.5328,-11.2818,39.4358,60.4749,21.7859,28.4261,0,-100,200,-100,100,450,0
338,1786709045.646,1786709045.6505,0.03336,63.8242,-10.0659,37.8901,61.2747,21.1429,26.8519,64.5228,-11.3823,40.2115,60.2040,21.8211,28.5526,64.5228,-11.3823,40.2115,60.2040,21.8211,28.5526,50,-100,250,-100,0,300,0
339,1786709045.6794,1786709045.6835,0.03343,64.0000,-10.4176,38.5055,61.0110,21.3187,27.3810,64.7907,-11.6508,40.8800,59.8111,21.7858,28.7268,64.7907,-11.6508,40.8800,59.8111,21.7858,28.7268,50,-150,200,-100,0,200,0
340,1786709045.7129,1786709045.717,0.03346,64.1758,-10.6813,39.2088,60.7473,21.3187,27.7116,64.8795,-11.7377,41.1873,59.6837,21.5693,28.9685,64.8795,-11.7377,41.1873,59.6837,21.5693,28.9685,50,-100,200,-50,0,200,0
341,1786709045.7462,1786709045.7507,0.03332,64.4396,-10.9451,40.0879,60.1319,21.4066,28.1085,64.7597,-11.8795,41.7302,59.2338,21.0267,29.1453,64.7597,-11.8795,41.7302,59.2338,21.0267,29.1453,100,-50,300,-200,50,150,0
342,1786709045.7796,1786709045.7841,0.03338,64.3516,-10.6813,40.9670,60.1319,21.4066,28.3730,64.8933,-11.7750,42.0972,58.9890,20.5539,29.4088,64.8933,-11.7750,42.0972,58.9890,20.5539,29.4088,0,150,300,0,0,150,0
343,1786709045.8129,1786709045.8175,0.03338,64.2637,-10.6813,41.5824,60.0440,21.5824,28.5714,64.8314,-11.8748,42.4205,58.9424,20.5666,29.4430,64.8314,-11.8748,42.4205,58.9424,20.5666,29.4430,-50,0,250,0,0,150,0
344,1786709045.8464,1786709045.8506,0.03344,64.2637,-10.7692,41.7582,59.3407,20.9670,28.9021,65.0205,-12.0275,42.7489,58.7026,20.3659,29.6288,65.0205,-12.0275,42.7489,58.7026,20.3659,29.6288,0,-50,50,-250,-300,100,0
345,1786709045.8797,1786709045.886,0.03334,64.0879,-10.8571,42.2857,59.2527,20.8791,29.1005,64.7932,-12.2468,43.0375,58.7727,19.5627,29.5869,64.7932,-12.2468,43.0375,58.7727,19.5627,29.5869,-50,-50,100,0,-50,200,0
346,1786709045.9132,1786709045.9174,0.03343,64.1758,-10.6813,42.7253,59.4286,20.8791,29.1667,64.8040,-12.0193,43.1638,58.5513,19.4173,29.5202,64.8040,-12.0193,43.1638,58.5513,19.4173,29.5202,50,50,150,0,0,0,0
347,1786709045.9465,1786709045.9511,0.03335,64.4396,-10.6813,42.9890,59.1648,20.2637,29.1667,65.0432,-12.3247,43.5550,58.4784,19.6454,29.5704,65.0432,-12.3247,43.5550,58.4784,19.6454,29.5704,50,0,100,-100,-300,0,0
348,1786709045.9799,1786709045.9844,0.03343,64.6154,-10.7692,43.0769,58.9890,20.0000,29.1667,65.0670,-12.0655,43.5480,58.2313,19.3880,29.3581,65.0670,-12.0655,43.5480,58.2313,19.3880,29.3581,100,-50,0,0,0,0,0
349,1786709046.0133,1786709046.0179,0.03339,64.6154,-10.7692,43.4286,58.6374,20.0000,29.1667,65.1633,-12.1552,43.7065,58.2587,19.1192,29.3413,65.1633,-12.1552,43.7065,58.2587,19.1192,29.3413,0,0,100,-100,0,0,0
350,1786709046.0467,1786709046.2638,0.0334,64.5275,-10.7692,43.5165,58.7253,20.0000,29.1667,67.3978,-9.3214,39.1544,63.0254,11.1456,28.4025,67.3978,-9.3214,39.1544,63.0254,11.1456,28.4025,0,0,0,50,0,0,1
351,1786709046.2649,1786709046.2699,0.21819,64.8791,-10.7692,43.7802,58.6374,19.4725,29.1667,67.8194,-9.3354,38.9428,63.1628,10.9254,28.0878,67.8194,-9.3354,38.9428,63.1628,10.9254,28.0878,0,0,0,0,0,0,1
352,1786709046.2983,1786709046.3026,0.03334,64.7033,-10.7692,43.7802,58.6374,19.3846,29.1667,67.8052,-8.3527,39.3489,63.0288,10.7542,27.5685,67.8052,-8.3527,39.3489,63.0288,10.7542,27.5685,-50,0,0,0,-50,0,0
353,1786709046.3317,1786709046.3359,0.0334,65.3187,-10.2418,43.3407,59.4286,18.5934,28.8360,67.6466,-8.2383,39.7979,62.8094,10.6298,26.9281,67.6466,-8.2383,39.7979,62.8094,10.6298,26.9281,300,200,-100,350,-200,-100,0
354,1786709046.365,1786709046.3709,0.03339,66.3736,-9.0110,42.0220,60.8352,15.8681,28.1746,67.4656,-7.9745,39.4549,62.6373,11.0266,25.7565,67.4656,-7.9745,39.4549,62.6373,11.0266,25.7565,350,400,-450,500,-850,-250,0
355,1786709046.3985,1786709046.4026,0.03342,66.9011,-8.5714,41.5824,61.3626,13.5824,27.7778,67.1785,-7.3126,39.5365,62.9904,10.7207,24.2542,67.1785,-7.3126,39.5365,62.9904,10.7207,24.2542,250,200,-300,100,-750,-200,0
356,1786709046.4319,1786709046.436,0.0334,66.9011,-8.2198,41.4066,61.9780,12.6154,26.9841,66.8590,-7.2923,39.4043,63.1353,10.8955,20.8946,66.8590,-7.2923,39.4043,63.1353,10.8955,20.8946,0,100,-50,250,-400,-350,0
357,1786709046.4653,1786709046.4694,0.03339,66.4615,-7.6923,41.1429,62.0659,12.0000,25.8598,66.0790,-7.5337,39.5354,62.8072,10.9484,16.4884,66.0790,-7.5337,39.5354,62.8072,10.9484,16.4884,-200,150,-100,100,-200,-400,0
358,1786709046.4987,1786709046.503,0.03341,66.4615,-7.5165,40.7033,62.1538,11.7363,24.3386,65.1718,-7.5576,39.6163,62.3695,10.3309,11.5308,65.1718,-7.5576,39.6163,62.3695,10.3309,14.0741,0,150,-150,50,-100,-800,0
359,1786709046.5321,1786709046.5382,0.0334,66.5495,-7.5165,40.6154,62.1538,11.4725,21.8915,63.6204,-8.0701,40.0912,62.0311,10.1984,5.4527,63.6204,-8.0701,40.0912,62.0311,10.1984,11.3624,50,0,-50,0,-100,-1050,0
360,1786709046.5655,1786709046.5699,0.03342,66.2857,-7.5165,40.4396,62.0659,11.0330,19.1799,62.6077,-8.0934,40.5901,61.6330,10.3657,1.8409,62.6077,-8.0934,40.5901,61.6330,10.3657,8.7831,0,0,-100,0,-150,-1250,0
361,1786709046.5988,1786709046.6032,0.03333,65.4945,-7.5165,40.5275,61.9780,10.7692,16.5344,62.1196,-7.4589,40.9234,61.4001,10.1539,0.5586,62.1196,-7.4589,40.9234,61.4001,10.1539,6.2037,-250,0,50,0,-50,-1150,0
362,1786709046.6323,1786709046.6366,0.03345,64.3516,-7.6044,40.6154,61.8901,10.6813,13.8228,61.8323,-7.8842,40.9281,61.3028,10.0103,1.1385,61.8323,-7.8842,40.9281,61.3028,10.0103,3.3598,-350,0,50,0,-50,-1250,0
363,1786709046.6657,1786709046.67,0.03343,63.2967,-7.5165,40.6154,61.6264,10.6813,11.1111,61.4877,-7.8277,41.0065,61.2913,8.9893,1.8645,61.4877,-7.8277,41.0065,61.2913,8.9893,1.8645,-350,50,0,-100,0,-1200,0
364,1786709046.699,1786709046.7032,0.03336,62.6813,-7.5165,40.6154,61.5385,10.4176,8.6640,61.5905,-8.5097,41.2072,60.9159,8.7051,2.3576,61.5905,-8.5097,41.2072,60.9159,8.7051,2.3576,-250,0,0,-50,-50,-1050,0
365,1786709046.7325,1786709046.7366,0.03344,62.4176,-7.5165,40.6154,61.5385,9.8901,7.3413,61.6890,-8.7484,40.9905,61.1046,8.4172,2.6293,61.6890,-8.7484,40.9905,61.1046,8.4172,2.6293,-100,0,0,0,-100,-750,0
366,1786709046.7658,1786709046.77,0.03333,62.3297,-7.6044,40.6154,61.3626,9.3626,7.0106,61.3268,-8.5257,41.6037,61.0113,7.9973,2.8404,61.3268,-8.5257,41.6037,61.0113,7.9973,2.8404,0,-50,0,-50,-250,-150,0
367,1786709046.7993,1786709046.8034,0.03344,62.2418,-7.6044,40.6154,61.3626,8.9231,7.0106,61.4062,-9.2233,40.9535,61.1892,8.1918,2.9543,61.4062,-9.2233,40.9535,61.1892,8.1918,2.9543,0,0,0,0,-150,0,0
368,1786709046.8327,1786709046.8385,0.03345,62.0659,-7.6923,40.9670,61.3626,8.5714,7.0106,61.0868,-9.8164,41.1482,61.5023,7.8454,2.9802,61.0868,-9.8164,41.1482,61.5023,7.8454,2.9802,-100,0,100,0,-150,0,0
369,1786709046.866,1786709046.8703,0.03334,61.8901,-7.9560,40.9670,61.3626,8.6593,7.0106,60.9415,-10.1314,41.2156,61.8391,7.9226,3.2449,60.9415,-10.1314,41.2156,61.8391,7.9226,3.2449,-50,-100,0,0,0,0,0
370,1786709046.8994,1786709046.9036,0.03338,61.8022,-8.2198,41.0549,61.3626,8.2198,6.9444,60.9538,-10.7089,40.4087,63.0138,7.2145,3.4706,60.9538,-10.7089,40.4087,63.0138,7.2145,3.4706,0,-100,50,0,-250,-50,0
371,1786709046.9329,1786709046.9373,0.03344,61.6264,-8.4835,41.0549,61.4505,8.1319,6.9444,61.0524,-11.7296,39.4014,64.0699,7.3244,3.6664,61.0524,-11.7296,39.4014,64.0699,7.3244,3.6664,-100,-50,0,0,0,0,0
372,1786709046.9662,1786709046.9708,0.03336,61.3626,-8.6593,41.0549,61.9780,7.6923,6.9444,60.9761,-12.8166,39.5377,65.7208,6.7172,3.7869,60.9761,-12.8166,39.5377,65.7208,6.7172,3.7869,-50,-100,0,250,-150,0,0
373,1786709046.9997,1786709047.0039,0.03345,61.2747,-9.0989,41.1429,62.9451,7.5165,6.9444,60.7331,-13.6963,38.2387,67.8359,6.0450,3.9568,60.7331,-13.6963,38.2387,67.8359,6.0450,3.9568,-50,-150,50,300,-50,0,0
374,1786709047.033,1786709047.0391,0.03332,61.2747,-9.8022,41.1429,64.0879,7.1648,6.9444,60.5142,-15.3937,36.6394,69.8881,5.6176,4.1945,60.5142,-15.3937,36.6394,69.8881,5.6176,4.1945,0,-200,0,400,-100,0,0
375,1786709047.0664,1786709047.0709,0.0334,61.3626,-10.5934,40.7033,65.4945,6.6374,6.9444,60.0322,-16.3773,36.2556,72.0916,4.6204,4.2191,60.0322,-16.3773,36.2556,72.0916,4.6204,4.2191,50,-250,-100,500,-200,0,0
376,1786709047.0998,1786709047.1044,0.03341,61.2747,-11.4725,39.7363,67.2527,6.1978,6.9444,59.3829,-18.0983,34.9183,74.6612,3.2003,4.3093,59.3829,-18.0983,34.9183,74.6612,3.2003,4.3093,0,-250,-350,600,-150,0,0
377,1786709047.1332,1786709047.1373,0.03338,60.8352,-12.7033,38.9451,68.8352,5.5824,6.9444,58.5806,-20.0862,33.3619,76.7668,1.5759,4.3544,58.5806,-20.0862,33.3619,76.7668,1.5759,4.3544,-150,-400,-250,500,-200,0,0
378,1786709047.1666,1786709047.1708,0.03339,60.0440,-14.0220,38.0659,71.1209,4.5275,6.9444,57.4585,-21.0443,31.9357,79.5492,-0.2962,4.3183,57.4585,-21.0443,31.9357,79.5492,-0.2962,4.3183,-300,-450,-350,800,-350,0,0
379,1786709047.2,1786709047.2041,0.03337,59.3407,-15.5165,36.9231,73.4945,3.2967,6.9444,56.3903,-23.1541,29.6796,82.1274,-2.7722,4.1542,56.3903,-23.1541,29.6796,82.1274,-2.7722,4.1542,-300,-550,-400,850,-450,0,0
380,1786709047.2334,1786709047.2375,0.0334,58.6374,-17.0989,35.5165,75.5165,1.8022,6.9444,55.1738,-25.0463,28.0568,84.7767,-4.7677,4.0987,55.1738,-25.0463,28.0568,84.7767,-4.7677,4.0987,-250,-500,-400,700,-500,0,0
381,1786709047.2668,1786709047.2715,0.03345,57.9341,-18.5055,33.9341,77.8901,-0.0440,6.9444,53.8895,-26.6226,25.7942,87.2173,-6.7674,3.9315,53.8895,-26.6226,25.7942,87.2173,-6.7674,3.9315,-250,-500,-500,800,-650,0,0
382,1786709047.3002,1786709047.3063,0.03335,56.8791,-20.2637,32.3516,80.7033,-1.8901,6.9444,51.4186,-28.5492,23.1600,89.6507,-9.8332,3.8442,51.4186,-28.5492,23.1600,89.6507,-9.8332,3.8442,-350,-600,-500,900,-650,0,0
383,1786709047.3336,1786709047.3377,0.03338,55.6484,-22.1099,30.5934,83.1648,-3.8242,6.8783,48.7188,-29.3792,20.9144,91.3343,-12.8519,3.7318,48.7188,-29.3792,20.9144,91.3343,-12.8519,3.7318,-400,-600,-550,900,-650,0,0
384,1786709047.367,1786709047.3716,0.03342,54.1538,-23.9560,28.4835,85.5385,-5.7582,6.8783,46.0116,-30.9736,17.5596,92.6543,-16.4461,3.7122,46.0116,-30.9736,18.2198,92.6543,-16.1099,3.7122,-550,-650,-700,800,-650,0,0
385,1786709047.4003,1786709047.4047,0.03336,52.3956,-25.3626,26.1978,87.8242,-8.5714,6.8783,42.7054,-31.3371,17.2006,93.0375,-20.2470,3.5625,42.7054,-31.3371,17.2006,93.0375,-18.9231,3.5625,-600,-550,-800,850,-950,0,0
386,1786709047.4337,1786709047.4381,0.03341,50.1978,-26.7692,23.9121,89.6703,-11.2088,6.8783,39.2840,-33.1590,14.0594,92.9597,-24.0836,3.5607,39.7582,-33.1590,14.0594,92.9597,-21.5604,3.5607,-750,-450,-800,650,-900,0,0
387,1786709047.4671,1786709047.4714,0.0334,47.2967,-28.0000,21.8901,90.8132,-14.3736,6.8783,35.7595,-33.8578,12.8161,91.6540,-27.8370,3.4332,37.0330,-33.8578,12.8161,91.6540,-24.6374,3.4332,-900,-500,-750,350,-1050,0,0
388,1786709047.5006,1786709047.505,0.03341,44.2198,-29.2308,20.0440,91.4286,-16.9231,6.8783,32.1837,-34.3622,11.9387,90.0548,-30.9352,3.4377,33.9560,-34.3622,11.9387,90.0548,-27.2747,3.4377,-1050,-400,-600,150,-800,0,0
389,1786709047.534,1786709047.5383,0.03341,41.5824,-30.3736,17.9341,91.3407,-19.7363,6.8783,28.2359,-34.3966,10.4371,87.6653,-34.2442,3.3432,31.1429,-34.3966,10.4371,87.6653,-30.0879,3.3432,-900,-350,-700,0,-1000,0,0
390,1786709047.5674,1786709047.5733,0.0334,39.0330,-31.4286,16.1758,90.6374,-22.4615,6.8783,24.6316,-33.8918,9.8835,85.3611,-36.2713,3.2297,28.5934,-33.8918,9.8835,85.3611,-32.9011,3.2297,-800,-350,-650,-300,-1000,0,0
391,1786709047.6007,1786709047.6051,0.03338,36.2198,-32.1319,14.7692,89.4945,-25.1868,6.8783,21.3637,-34.2065,10.2540,82.3113,-38.2578,3.1456,25.9560,-34.2065,10.2540,82.3113,-35.5385,3.1456,-950,-250,-500,-400,-950,0,0
392,1786709047.6341,1786709047.6384,0.0334,33.4066,-32.2198,13.5385,87.9121,-28.1758,6.8783,18.1757,-33.5056,10.8291,78.8390,-39.9683,3.2198,23.0549,-33.5056,10.8291,78.8390,-38.5275,3.2198,-950,-50,-350,-500,-1000,0,0
393,1786709047.6676,1786709047.6719,0.03342,30.5055,-32.2198,13.2747,85.8901,-30.8132,6.8783,15.4154,-33.8491,11.3166,75.0898,-42.5873,3.1737,20.1538,-33.8491,11.3166,75.7143,-41.0769,3.1737,-950,0,-150,-650,-900,0,0
394,1786709047.701,1786709047.7058,0.03342,27.7802,-32.2198,13.1868,83.4286,-33.7143,6.8783,12.6898,-33.8829,12.4785,71.3511,-44.1576,3.1242,17.3407,-33.8829,12.4785,73.0769,-44.0659,3.1242,-900,0,-50,-850,-1000,0,0
395,1786709047.7343,1786709047.7388,0.03336,25.0549,-32.2198,13.1868,80.7912,-36.4396,6.8783,10.4196,-34.2215,13.8425,67.0637,-47.1395,3.1379,14.7033,-34.2215,13.8425,70.3516,-46.7912,3.1379,-950,0,0,-900,-900,0,0
396,1786709047.7677,1786709047.7722,0.0334,22.2418,-32.2198,13.3626,77.8901,-39.1648,6.8783,8.4355,-33.8557,15.8738,62.7011,-49.8009,3.0401,11.8901,-33.8557,15.8738,67.4505,-49.5165,3.0401,-950,0,0,-1000,-900,0,0
397,1786709047.8011,1786709047.8056,0.03337,19.4286,-32.2198,13.9780,75.2527,-41.9780,6.8783,6.5213,-34.6134,17.3000,58.6508,-52.9087,3.0860,9.0769,-34.6134,17.3000,64.9011,-52.4176,3.0860,-950,0,250,-850,-950,0,0
398,1786709047.8345,1786709047.8389,0.0334,16.6154,-32.3077,15.0330,72.4396,-44.7912,6.8783,4.7995,-35.3568,18.7543,54.6097,-55.9102,3.0408,6.2637,-35.3568,18.7543,62.0879,-55.1429,3.0408,-950,-50,400,-950,-950,0,0
399,1786709047.8679,1786709047.8724,0.03342,13.8901,-32.4835,16.5275,69.8022,-47.5165,6.8783,3.9437,-35.6517,20.9977,51.4200,-58.5850,3.0015,3.9437,-35.6517,20.9977,59.3626,-57.9560,3.0015,-900,-50,500,-950,-950,0,0
400,1786709047.9013,1786709048.123,0.03336,11.1648,-32.7473,18.0220,67.0769,-50.4176,6.8783,4.2101,-36.1387,22.8647,58.7526,-45.0328,1.7003,4.2101,-36.1387,22.8647,58.7526,-47.2747,1.7003,-950,-50,500,-950,-950,0,1
401,1786709048.1241,1786709048.1291,0.22285,4.4835,-33.7143,21.0110,60.3956,-57.3626,6.8783,2.2932,-36.7550,24.7036,55.5217,-41.7194,1.6755,2.2932,-36.7550,24.7036,55.5217,-47.3626,1.6755,-100,0,0,-100,0,0,1
402,1786709048.1574,1786709048.1618,0.03327,4.1319,-33.8022,21.0110,60.3077,-57.4505,6.8122,1.3313,-36.8534,25.8612,52.7626,-38.1322,1.7125,1.3313,-36.8534,25.8612,52.7626,-47.4505,1.7125,-150,0,0,-50,-50,-50,0
403,1786709048.1908,1786709048.1969,0.0334,3.9560,-34.4176,22.1538,59.1648,-56.9231,6.5476,0.0670,-36.6927,27.4749,49.7369,-34.6461,1.6538,0.0670,-36.6927,27.4749,49.7369,-46.5714,1.6538,-50,-200,500,-200,250,-150,0
404,1786709048.2242,1786709048.2286,0.0334,3.0769,-34.9451,24.1758,57.0549,-54.5495,6.4815,-1.2631,-36.5011,29.6819,45.3386,-29.8392,1.7090,-1.2631,-36.5011,29.6819,46.7033,-44.1099,1.7090,-300,-200,700,-750,650,-50,0
405,1786709048.2577,1786709048.2622,0.03347,2.1099,-35.0330,25.9341,54.5055,-51.5604,6.4153,-2.5499,-36.9657,31.8639,41.3194,-25.3788,1.5918,-2.5499,-36.9657,31.8639,44.1538,-41.2088,1.5918,-350,0,600,-850,1050,-50,0
406,1786709048.291,1786709048.2953,0.03334,0.5275,-34.9451,27.8681,51.7802,-48.7473,6.4153,-3.4845,-36.9890,34.1644,37.3603,-19.7754,1.6303,-3.4845,-36.9890,34.1644,41.4286,-38.3077,1.6303,-550,50,650,-900,1000,0,0
407,1786709048.3244,1786709048.3288,0.03341,-0.7912,-34.9451,29.8901,49.0549,-46.0220,6.4153,-4.6392,-36.9568,36.6381,33.4957,-14.8473,1.5994,-4.6392,-36.9568,36.6381,38.7033,-35.6703,1.5994,-500,0,650,-900,900,0,0
408,1786709048.3578,1786709048.3622,0.03341,-1.9341,-35.0330,31.9121,46.4176,-43.2967,6.4153,-5.5484,-37.1071,38.9217,30.4362,-10.3824,1.5447,-5.5484,-37.1071,38.9217,36.0659,-32.8571,1.5447,-400,-50,650,-900,950,0,0
409,1786709048.3912,1786709048.3956,0.03338,-2.9011,-35.0330,34.1978,43.7802,-40.4835,6.4153,-5.9419,-37.1649,40.1809,28.1482,-6.3961,1.6326,-5.9419,-37.1649,40.1809,33.4286,-30.2198,1.6326,-250,0,750,-900,950,0,0
410,1786709048.4247,1786709048.4291,0.03349,-3.6923,-35.0330,36.6593,41.0549,-37.7582,6.4153,-6.5990,-37.3080,41.1979,26.4037,-3.8201,1.6097,-6.5990,-37.3080,41.1979,30.7912,-27.4066,1.6097,-250,0,800,-900,900,0,0
411,1786709048.458,1786709048.4623,0.03326,-4.4835,-35.0330,38.5934,38.5055,-34.9451,6.4153,-6.8976,-37.4250,42.4451,24.9030,-1.9354,1.5467,-6.8976,-37.4250,42.4451,28.1538,-24.6813,1.5467,-250,0,750,-900,950,0,0
412,1786709048.4914,1786709048.4958,0.03343,-5.3626,-35.0330,40.1758,35.8681,-32.3077,6.4153,-7.1236,-37.1006,43.4659,24.0087,-0.5257,1.6530,-7.1236,-37.1006,43.4659,25.6044,-21.9560,1.6530,-300,0,500,-900,900,0,0
413,1786709048.5248,1786709048.5292,0.03345,-6.0659,-35.0330,41.4066,33.1429,-29.5824,6.4153,-7.3225,-37.4102,44.1047,23.3408,-0.1233,1.6961,-7.3225,-37.4102,44.1047,23.3408,-19.2308,1.6961,-250,0,450,-900,900,0,0
414,1786709048.5582,1786709048.5626,0.03339,-6.5934,-35.0330,42.7253,30.5934,-26.7692,6.4153,-7.6572,-37.4301,45.3934,22.6192,0.3889,1.7472,-7.6572,-37.4301,45.3934,22.6192,-16.4176,1.7472,-200,0,450,-900,950,0,0
415,1786709048.5916,1786709048.5959,0.03336,-6.9451,-35.2088,43.7802,28.0440,-24.0440,6.4153,-7.5670,-37.2668,46.0156,22.1809,0.3623,1.7448,-7.5670,-37.2668,46.0156,22.1809,-13.6923,1.7448,-50,-50,350,-850,950,0,0
416,1786709048.625,1786709048.6293,0.0334,-6.9451,-35.2967,44.7473,26.1978,-21.4066,6.4153,-7.4366,-37.4288,46.1267,21.3873,0.2422,1.6474,-7.4366,-37.4288,46.1267,21.3873,-11.1429,1.6474,-50,0,300,-650,900,0,0
417,1786709048.6584,1786709048.6628,0.03339,-6.9451,-35.3846,45.8022,24.9670,-18.5934,6.4153,-7.8236,-36.9794,47.3344,20.7394,-0.6113,1.6741,-7.8236,-36.9794,47.3344,20.7394,-8.1538,1.6741,0,-50,350,-400,950,0,0
418,1786709048.6918,1786709048.6963,0.03343,-7.0330,-35.3846,46.0659,23.9121,-15.8681,6.4153,-7.7560,-37.0650,47.1410,20.6006,-1.0860,1.7797,-7.7560,-37.0650,47.1410,20.6006,-5.5165,1.7797,-50,0,100,-400,950,0,0
419,1786709048.7252,1786709048.7311,0.03336,-7.2088,-35.4725,46.9451,22.8571,-13.0549,6.4153,-7.7670,-36.6383,47.7011,19.7868,-2.1523,1.7503,-7.7670,-36.6383,47.7011,19.7868,-2.6154,1.7503,-50,0,250,-400,900,0,0
420,1786709048.7586,1786709048.7629,0.03341,-7.4725,-35.5604,47.2088,22.3297,-10.2418,6.4153,-7.5655,-36.9657,48.1249,19.2743,-4.1017,1.7114,-7.5655,-36.9657,48.1249,19.2743,-4.1017,1.7114,-100,0,100,-200,1000,0,0
421,1786709048.792,1786709048.7961,0.03339,-7.6484,-35.5604,47.6484,21.5385,-7.6044,6.4153,-7.3221,-35.8978,48.6716,18.8508,-5.0784,1.7749,-7.3221,-35.8978,48.6716,18.8508,-5.0784,1.7749,-100,0,200,-300,850,0,0
422,1786709048.8253,1786709048.8298,0.03337,-7.6484,-35.5604,48.3516,20.8352,-5.6703,6.4153,-7.0821,-35.9840,48.3166,18.6336,-6.5387,1.8364,-7.0821,-35.9840,48.3166,18.6336,-6.5387,1.8364,0,0,250,-250,850,0,0
423,1786709048.8588,1786709048.8629,0.03343,-7.6484,-35.3846,48.7033,20.3077,-5.6703,6.4153,-6.8036,-35.2956,48.5799,18.2671,-7.8655,1.8738,-6.8036,-35.2956,48.5799,18.2671,-7.8655,1.8738,0,50,150,-150,50,0,0
424,1786709048.8921,1786709048.8963,0.03336,-7.6484,-35.2967,48.7912,19.9560,-6.2857,6.4153,-6.6692,-34.9923,48.6895,18.1691,-9.1436,1.8706,-6.6692,-34.9923,48.6895,18.1691,-9.1436,1.8706,0,0,50,-150,-250,0,0
425,1786709048.9255,1786709048.9298,0.03342,-7.3846,-35.1209,48.9670,19.5165,-7.0769,6.4153,-6.6324,-34.3761,48.9029,17.6729,-9.6982,1.8944,-6.6324,-34.3761,48.9029,17.6729,-9.6982,1.8944,100,50,0,-150,-200,0,0
426,1786709048.9589,1786709048.9631,0.03338,-7.2088,-34.9451,48.9670,19.2527,-7.8681,6.4153,-6.2132,-34.6323,48.9975,17.4477,-10.2736,1.9500,-6.2132,-34.6323,48.9975,17.4477,-10.2736,1.9500,50,50,0,-100,-250,0,0
427,1786709048.9923,1786709048.9965,0.0334,-7.1209,-34.5934,49.2308,18.9011,-8.6593,6.4153,-6.0983,-33.9810,48.9834,17.0006,-10.7519,1.9575,-6.0983,-33.9810,48.9834,17.0006,-10.7519,1.9575,50,150,100,-150,-300,0,0
428,1786709049.0257,1786709049.0298,0.03337,-6.9451,-34.5055,49.4066,18.5495,-9.1868,6.4153,-5.8918,-33.6402,49.4434,16.7467,-10.9559,2.0128,-5.8918,-33.6402,49.4434,16.7467,-10.9559,2.0128,50,50,50,-100,-200,0,0
429,1786709049.0591,1786709049.0634,0.03343,-6.7692,-34.1538,49.4066,18.1978,-9.8022,6.4153,-5.9083,-33.5014,49.2995,16.2582,-11.0434,1.9619,-5.9083,-33.5014,49.2995,16.2582,-11.0434,1.9619,50,150,0,-150,-200,0,0
430,1786709049.0925,1786709049.0968,0.03338,-6.5934,-33.8022,49.4066,17.8462,-10.2418,6.4153,-5.6957,-33.3388,49.5868,15.7481,-11.2897,2.0505,-5.6957,-33.3388,49.5868,15.7481,-11.2897,2.0505,50,150,0,-150,-150,0,0
431,1786709049.1259,1786709049.13,0.0334,-6.4176,-33.4505,49.4945,17.4066,-10.5055,6.4153,-5.5336,-33.0236,49.8545,15.2777,-11.7494,1.9995,-5.5336,-33.0236,49.8545,15.2777,-11.7494,1.9995,50,50,0,-100,-100,0,0
432,1786709049.1593,1786709049.1635,0.03344,-6.3297,-33.2747,49.9341,17.0549,-10.7692,6.4153,-5.3120,-32.4883,50.0495,14.8941,-11.9542,2.0200,-5.3120,-32.4883,50.0495,14.8941,-11.9542,2.0200,50,100,150,-150,-100,0,0
433,1786709049.1927,1786709049.1969,0.03335,-6.2418,-33.0110,50.0220,16.5275,-11.1209,6.4153,-4.8435,-32.4745,49.7953,14.6708,-12.1873,2.0717,-4.8435,-32.4745,49.7953,14.6708,-12.1873,2.0717,0,50,50,-100,-100,0,0
434,1786709049.2261,1786709049.2302,0.0334,-6.2418,-32.6593,50.1978,16.0879,-11.4725,6.4153,-4.7105,-31.7313,49.7887,14.5092,-12.3606,2.1529,-4.7105,-31.7313,49.7887,14.5092,-12.3606,2.1529,0,150,50,-150,-100,0,0
435,1786709049.2595,1786709049.2638,0.03342,-6.0659,-32.3956,50.2857,15.8242,-11.7363,6.4153,-4.4740,-31.4709,50.0751,13.8893,-12.9299,2.1584,-4.4740,-31.4709,50.0751,13.8893,-12.9299,2.1584,0,100,50,-100,-100,0,0
436,1786709049.2929,1786709049.2971,0.03339,-5.5385,-31.9560,50.2857,15.6484,-12.0000,6.4153,-4.0252,-31.0115,49.8881,13.7853,-12.7478,2.1613,-4.0252,-31.0115,49.8881,13.7853,-12.7478,2.1613,100,150,0,-50,-100,0,0
437,1786709049.3263,1786709049.3305,0.03342,-4.9231,-31.5165,50.3736,15.1209,-12.3516,6.4153,-3.7760,-30.9060,49.8072,13.6934,-12.9535,2.2151,-3.7760,-30.9060,49.8072,13.6934,-12.9535,2.2151,200,150,50,-200,-100,0,0
438,1786709049.3597,1786709049.3639,0.03339,-4.5714,-31.0769,50.3736,14.8571,-12.3516,6.4153,-3.2696,-30.9450,49.6534,13.3213,-12.8893,2.1570,-3.2696,-30.9450,49.6534,13.3213,-12.8893,2.1570,150,100,0,-100,0,0,0
439,1786709049.3931,1786709049.3973,0.03337,-4.4835,-30.9011,50.4615,14.6813,-12.5275,6.4153,-3.1426,-30.5489,49.8959,13.1264,-12.7680,2.2154,-3.1426,-30.5489,49.8959,13.1264,-12.7680,2.2154,50,100,0,-50,-50,0,0
440,1786709049.4265,1786709049.4306,0.03339,-4.3077,-30.9011,50.4615,14.4176,-12.5275,6.3492,-2.6935,-30.4675,49.5965,13.0860,-12.9617,2.2479,-2.6935,-30.4675,49.5965,13.0860,-12.9617,2.2479,50,0,0,-100,0,-50,0
441,1786709049.4598,1786709049.464,0.03337,-3.9560,-30.8132,50.3736,14.1538,-12.5275,6.3492,-2.6154,-30.1688,49.9156,12.7806,-12.9850,2.2234,-2.6154,-30.1688,49.9156,12.7806,-12.9850,2.2234,100,50,-50,-100,0,0,0
442,1786709049.4932,1786709049.4974,0.03338,-3.6044,-30.5495,50.3736,13.8901,-12.5275,6.3492,-2.0746,-29.7370,49.5272,12.3763,-12.9050,2.2362,-2.0746,-29.7370,49.5272,12.3763,-12.9050,2.2362,150,100,0,-50,0,0,0
443,1786709049.5267,1786709049.5308,0.03343,-3.0769,-30.1099,50.3736,13.7143,-12.5275,6.3492,-2.1076,-29.1747,49.6608,12.1200,-12.6267,2.3127,-2.1076,-29.1747,49.6608,12.1200,-12.6267,2.3127,150,100,0,0,0,0,0
444,1786709049.56,1786709049.5642,0.0334,-2.5495,-29.6703,50.4615,13.4505,-12.5275,6.3492,-2.0400,-29.2678,49.7676,11.6926,-13.2409,2.2502,-2.0400,-29.2678,49.7676,11.6926,-13.2409,2.2502,150,150,50,-100,0,0,0
445,1786709049.5935,1786709049.5976,0.03341,-2.4615,-29.2308,50.4615,13.0989,-12.5275,6.3492,-2.2660,-28.5193,49.5563,10.7152,-13.2590,2.2556,-2.2660,-28.5193,49.5563,10.7152,-13.2590,2.2556,50,150,0,-100,0,0,0
446,1786709049.6268,1786709049.6309,0.03336,-2.4615,-29.1429,50.4615,12.7473,-12.7912,6.3492,-2.1305,-28.0999,49.6649,10.4553,-13.0921,2.3714,-2.1305,-28.0999,49.6649,10.4553,-13.0921,2.3714,0,50,0,-150,-150,0,0
447,1786709049.6602,1786709049.6645,0.03343,-2.4615,-28.7912,50.4615,12.1319,-12.8791,6.3492,-2.5578,-27.6699,49.6527,9.8821,-12.9203,2.4107,-2.5578,-27.6699,49.6527,9.8821,-12.9203,2.4107,0,200,0,-150,-50,0,0
448,1786709049.6936,1786709049.6995,0.0334,-2.5495,-28.2637,50.3736,11.6044,-12.8791,6.3492,-2.8349,-26.5043,49.6753,9.3262,-13.3007,2.3610,-2.8349,-26.5043,49.6753,9.3262,-13.3007,2.3610,0,150,-50,-200,0,0,0
449,1786709049.727,1786709049.7311,0.03337,-2.5495,-27.8242,50.3736,11.0769,-12.8791,6.3492,-3.0303,-25.7721,49.2413,8.5884,-13.5235,2.5228,-3.0303,-25.7721,49.2413,8.5884,-13.5235,2.5228,0,100,0,-150,0,0,0
450,1786709049.7605,1786709049.9765,0.03345,-2.5495,-27.2088,50.3736,10.4615,-12.8791,6.3492,-2.3024,-25.5523,46.5412,5.5513,-13.7084,2.5319,-2.3024,-25.5523,46.5412,5.5513,-13.7084,2.5319,0,250,0,-200,0,0,1
451,1786709049.9777,1786709049.9824,0.21722,-2.5495,-25.8901,50.2857,8.9670,-13.2308,6.3492,-2.6971,-25.4179,46.9253,5.0345,-14.6384,2.2093,-2.6971,-25.4179,46.9253,5.0345,-14.6384,2.2093,0,0,0,0,0,0,1
452,1786709050.011,1786709050.0152,0.03333,-2.5495,-25.8901,50.2857,8.9670,-13.2308,6.3492,-2.6387,-25.1805,47.3093,4.4827,-15.7214,2.1402,-2.6387,-25.1805,47.3093,4.4827,-15.7214,2.1402,0,0,0,0,0,0,0
453,1786709050.0444,1786709050.0486,0.03339,-2.5495,-25.6264,49.8462,8.0000,-13.8462,6.3492,-2.8783,-24.8426,47.2368,3.9920,-16.2037,2.1031,-2.8783,-24.8426,47.2368,3.9920,-16.2037,2.1031,0,100,-150,-350,-200,0,0
454,1786709050.0778,1786709050.0819,0.03338,-2.5495,-25.1868,49.4945,6.5055,-14.7253,6.3492,-2.9414,-24.5337,47.2625,3.7753,-16.6947,2.0462,-2.9414,-24.5337,47.2625,3.7753,-16.6947,2.0462,0,150,-200,-450,-350,0,0
455,1786709050.1112,1786709050.1154,0.03342,-2.5495,-25.0110,49.4945,5.8022,-15.3407,6.3492,-2.8894,-24.5460,47.2590,3.5295,-17.4727,2.0222,-2.8894,-24.5460,47.2590,3.5295,-17.4727,2.0222,0,50,0,-300,-200,0,0
456,1786709050.1446,1786709050.1488,0.03335,-2.4615,-24.6593,49.4066,5.1868,-15.7802,6.3492,-3.1730,-24.0098,47.4702,3.3704,-17.2931,1.8960,-3.1730,-24.0098,47.4702,3.3704,-17.2931,1.8960,0,150,-50,-200,-150,0,0
457,1786709050.178,1786709050.1821,0.0334,-2.4615,-24.4835,49.4066,4.8352,-16.3956,6.3492,-3.2672,-24.3776,47.4114,3.1189,-17.6465,1.9436,-3.2672,-24.3776,47.4114,3.1189,-17.6465,1.9436,0,50,0,-100,-200,0,0
458,1786709050.2114,1786709050.2162,0.03343,-2.6374,-24.2198,49.4066,4.4835,-16.7473,6.3492,-3.2968,-24.0948,47.4823,2.9949,-17.8404,1.9336,-3.2968,-24.0948,47.4823,2.9949,-17.8404,1.9336,-50,100,0,-150,-100,0,0
459,1786709050.2448,1786709050.249,0.03342,-2.8132,-24.1319,49.4066,4.1319,-17.0110,6.3492,-3.5166,-23.6631,47.7504,2.7276,-17.5882,1.8423,-3.5166,-23.6631,47.7504,2.7276,-17.5882,1.8423,-50,0,0,-150,-100,0,0
460,1786709050.2781,1786709050.2823,0.03334,-2.9011,-24.1319,49.4066,3.9560,-17.2747,6.3492,-3.7258,-23.8429,48.0027,2.8972,-18.2657,1.8671,-3.7258,-23.8429,48.0027,2.8972,-18.2657,1.8671,-50,0,0,-50,-100,0,0
461,1786709050.3116,1786709050.3157,0.03341,-2.9890,-23.9560,49.4066,3.6923,-17.2747,6.3492,-3.8677,-23.8979,48.1761,2.9863,-18.5274,1.8975,-3.8677,-23.8979,48.1761,2.9863,-18.5274,1.8975,-50,50,0,-100,0,0,0
462,1786709050.3449,1786709050.3491,0.03338,-3.1648,-23.8681,49.4066,3.6923,-17.6264,6.3492,-3.8705,-23.7122,48.1701,3.2409,-18.6567,1.7829,-3.8705,-23.7122,48.1701,3.2409,-18.6567,1.7829,-50,0,0,0,-100,0,0
463,1786709050.3783,1786709050.3825,0.0334,-3.2527,-23.7802,49.4066,3.6923,-17.9780,6.3492,-4.0594,-24.0020,48.1467,3.2692,-19.0034,1.8189,-4.0594,-24.0020,48.1467,3.2692,-19.0034,1.8189,-50,0,0,0,-150,0,0
464,1786709050.4117,1786709050.4159,0.03339,-3.3407,-23.7802,49.4066,3.6923,-18.1538,6.3492,-4.1984,-23.8383,48.3254,3.4307,-19.2388,1.8046,-4.1984,-23.8383,48.3254,3.4307,-19.2388,1.8046,-50,0,0,0,-50,0,0
465,1786709050.4452,1786709050.4493,0.03342,-3.4286,-23.7802,49.4066,3.6923,-18.5055,6.3492,-4.3099,-23.7956,48.0938,3.5865,-19.3966,1.7885,-4.3099,-23.7956,48.0938,3.5865,-19.3966,1.7885,-50,0,0,0,-100,0,0
466,1786709050.4785,1786709050.4843,0.03337,-3.6044,-23.7802,49.4066,3.6923,-18.7692,6.3492,-4.2455,-23.7325,48.1149,3.8941,-19.5211,1.8193,-4.2455,-23.7325,48.1149,3.8941,-19.5211,1.8193,-50,0,0,0,-100,0,0
467,1786709050.5119,1786709050.5161,0.03342,-3.6044,-23.6923,49.4066,3.6923,-18.9451,6.3492,-4.4748,-23.8284,48.4394,3.8794,-19.7431,1.8239,-4.4748,-23.8284,48.4394,3.8794,-19.7431,1.8239,0,0,0,0,-50,0,0
468,1786709050.5453,1786709050.5494,0.03338,-3.6044,-23.6923,49.4066,3.6923,-19.1209,6.3492,-4.3251,-23.3984,48.0127,4.1307,-19.7418,1.8632,-4.3251,-23.3984,48.0127,4.1307,-19.7418,1.8632,0,0,0,0,-50,0,0
469,1786709050.5787,1786709050.583,0.03339,-3.6923,-23.6923,49.4066,3.6923,-19.2967,6.3492,-4.4419,-23.4489,48.0786,4.1673,-19.6480,1.8094,-4.4419,-23.4489,48.0786,4.1673,-19.6480,1.8094,0,0,0,0,-50,0,0
470,1786709050.6121,1786709050.6162,0.0334,-3.6923,-23.6923,49.4066,3.6923,-19.3846,6.3492,-4.4950,-23.3889,48.0868,4.1072,-19.6765,1.7826,-4.4950,-23.3889,48.0868,4.1072,-19.6765,1.7826,0,0,0,0,-50,0,0
471,1786709050.6455,1786709050.6497,0.0334,-3.6923,-23.6923,49.4066,3.6923,-19.3846,6.3492,-4.5963,-23.6669,48.0097,4.3211,-19.8808,1.8014,-4.5963,-23.6669,48.0097,4.3211,-19.8808,1.8014,0,0,0,0,0,0,0
472,1786709050.6789,1786709050.683,0.03341,-3.6923,-23.6923,49.4066,3.6923,-19.4725,6.3492,-4.5786,-23.2665,48.0192,4.3513,-19.7674,1.8044,-4.5786,-23.2665,48.0192,4.3513,-19.7674,1.8044,0,0,0,0,-50,0,0
473,1786709050.7123,1786709050.7165,0.0334,-3.6923,-23.6923,49.4066,3.8681,-19.4725,6.3492,-4.5682,-23.3175,48.2543,4.4732,-20.1062,1.8876,-4.5682,-23.3175,48.2543,4.4732,-20.1062,1.8876,0,0,0,100,0,0,0
474,1786709050.7457,1786709050.7499,0.03338,-3.8681,-23.6044,49.4066,3.9560,-19.4725,6.3492,-4.6958,-22.8448,48.8551,4.3695,-20.0878,1.9405,-4.6958,-22.8448,48.8551,4.3695,-20.0878,1.9405,-100,50,0,50,0,0,0
475,1786709050.7791,1786709050.7833,0.03343,-3.9560,-23.4286,49.4066,3.9560,-19.6484,6.3492,-4.6157,-22.9649,48.5417,4.1370,-20.0438,1.9505,-4.6157,-22.9649,48.5417,4.1370,-20.0438,1.9505,0,50,0,0,-50,0,0
476,1786709050.8126,1786709050.8168,0.03342,-4.0440,-23.1648,49.4066,3.9560,-19.6484,6.3492,-4.8391,-22.8598,48.7952,4.2283,-20.5411,1.8900,-4.8391,-22.8598,48.7952,4.2283,-20.5411,1.8900,-50,100,0,0,0,0,0
477,1786709050.8459,1786709050.8501,0.03338,-4.0440,-23.1648,49.4066,3.9560,-19.6484,6.3492,-4.7756,-22.7723,48.5920,4.0462,-20.4411,2.0024,-4.7756,-22.7723,48.5920,4.0462,-20.4411,2.0024,0,0,0,0,0,0,0
478,1786709050.8793,1786709050.8834,0.03337,-4.2198,-23.0769,49.4066,3.9560,-20.0000,6.3492,-4.6822,-22.6531,48.5223,4.2701,-20.6255,2.2385,-4.6822,-22.6531,48.5223,4.2701,-20.6255,2.2385,-50,50,0,0,-100,0,0
479,1786709050.9127,1786709050.9169,0.03342,-4.2198,-22.9011,49.4066,3.9560,-20.0879,6.3492,-4.7112,-22.6280,48.6200,4.4654,-20.9639,3.0022,-4.7112,-22.6280,48.6200,4.4654,-20.9639,3.0022,0,50,0,0,-50,0,0
480,1786709050.9461,1786709050.9503,0.03336,-4.2198,-22.8132,49.4066,3.9560,-20.1758,6.3492,-4.6008,-22.6516,48.4097,4.5685,-21.0867,4.7615,-4.6008,-22.6516,48.4097,4.5685,-21.0867,4.7615,0,50,0,0,0,0,0
481,1786709050.9795,1786709050.9837,0.03344,-4.2198,-22.8132,49.4066,3.9560,-20.3516,6.3492,-4.5610,-22.5758,48.5987,4.7925,-20.8550,6.7517,-4.5610,-22.5758,48.5987,4.7925,-20.8550,6.7517,0,0,0,0,-100,0,0
482,1786709051.0129,1786709051.0177,0.03338,-4.2198,-22.8132,49.4066,3.9560,-20.5275,6.3492,-4.5436,-22.5529,48.7115,4.6029,-20.9191,9.0911,-4.5436,-22.5529,48.7115,4.6029,-20.9191,9.0911,0,0,0,0,-100,0,0
483,1786709051.0463,1786709051.0506,0.03339,-4.2198,-22.8132,49.4066,4.0440,-20.6154,7.0106,-4.5370,-22.7808,48.8162,4.9025,-20.8258,10.8355,-4.5370,-22.7808,48.8162,4.9025,-20.8258,10.8355,0,0,0,0,0,250,0
484,1786709051.0797,1786709051.0839,0.03338,-4.2198,-22.8132,49.4066,4.1319,-20.7033,7.8042,-4.5240,-22.7991,49.0837,4.8336,-20.8537,12.0228,-4.5240,-22.7991,49.0837,4.8336,-20.8537,12.0228,0,0,0,0,-50,350,0
485,1786709051.1131,1786709051.1173,0.0334,-4.2198,-22.7253,49.4066,4.3077,-20.7033,9.1270,-4.6773,-22.6914,49.4016,4.7079,-20.9447,12.5884,-4.6773,-22.6914,49.4016,4.7079,-20.9447,12.5884,0,50,0,50,0,550,0
486,1786709051.1465,1786709051.1507,0.03338,-4.2198,-22.7253,49.4066,4.3956,-20.7033,10.0529,-4.7647,-22.8746,49.6998,4.5393,-20.6391,12.9212,-4.7647,-22.8746,49.6998,4.5393,-20.6391,12.9212,0,0,0,50,0,300,0
487,1786709051.1799,1786709051.1841,0.03344,-4.2198,-22.7253,49.4945,4.3956,-20.7033,11.0450,-4.8575,-22.9606,49.9891,4.4013,-20.7177,12.7946,-4.8575,-22.9606,49.9891,4.4013,-20.7177,12.7946,0,0,0,0,0,400,0
488,1786709051.2133,1786709051.2175,0.0334,-4.3077,-22.7253,49.7582,4.3077,-20.7033,11.6402,-4.8723,-23.0163,50.2381,4.3999,-21.3529,12.7542,-4.8723,-23.0163,50.2381,4.3999,-21.3529,12.7542,0,0,100,0,0,350,0
489,1786709051.2467,1786709051.2508,0.03338,-4.3956,-22.7253,49.8462,4.0440,-20.7033,12.1032,-5.0225,-23.0954,50.4212,4.3552,-21.3481,12.5602,-5.0225,-23.0954,50.4212,4.3552,-21.3481,12.5602,0,0,50,-100,0,300,0
490,1786709051.2801,1786709051.2842,0.03338,-4.3956,-22.7253,50.1099,4.0440,-20.9670,12.1032,-4.9761,-23.1688,50.3656,4.3517,-21.2011,12.5879,-4.9761,-23.1688,50.3656,4.3517,-21.2011,12.5879,0,0,100,0,-100,0,0
491,1786709051.3135,1786709051.3176,0.03342,-4.3956,-22.8132,50.1978,3.9560,-21.0549,12.0370,-5.1136,-23.2309,50.5103,4.2486,-21.5301,12.8423,-5.1136,-23.2309,50.5103,4.2486,-21.5301,12.8423,0,0,0,0,-100,0,0
492,1786709051.3468,1786709051.351,0.03336,-4.3956,-22.8132,50.2857,3.9560,-21.0549,12.1693,-5.2713,-23.3174,50.8525,4.1127,-21.3901,13.2513,-5.2713,-23.3174,50.8525,4.1127,-21.3901,13.2513,0,0,0,0,0,50,0
493,1786709051.3802,1786709051.3843,0.0334,-4.3956,-22.8132,50.2857,3.9560,-21.2308,12.3677,-5.2281,-23.3417,51.2386,4.1902,-21.6830,13.9763,-5.2281,-23.3417,51.2386,4.1902,-21.6830,13.9763,0,0,0,0,-50,100,0
494,1786709051.4137,1786709051.4178,0.03343,-4.3956,-22.8132,50.5495,3.9560,-21.2308,12.6984,-5.3622,-23.4773,51.5260,4.0560,-21.5423,14.8301,-5.3622,-23.4773,51.5260,4.0560,-21.5423,14.8301,0,0,100,0,-50,100,0
495,1786709051.4471,1786709051.4512,0.0334,-4.3956,-22.9011,50.8132,3.9560,-21.2308,13.2275,-5.4818,-23.5051,51.9753,3.9975,-21.2861,15.7780,-5.4818,-23.5051,51.9753,3.9975,-21.2861,15.7780,0,-50,100,0,0,200,0
496,1786709051.4804,1786709051.4863,0.03338,-4.4835,-23.0769,51.1648,3.9560,-21.2308,13.8889,-5.4050,-23.1262,52.1747,4.0627,-21.0867,16.6350,-5.4050,-23.1262,52.1747,4.0627,-21.0867,16.6350,-50,0,100,0,0,300,0
497,1786709051.5139,1786709051.518,0.03342,-4.5714,-23.2527,51.5165,3.9560,-21.2308,14.6164,-5.4854,-23.1029,52.4934,4.0625,-21.2370,17.3642,-5.4854,-23.1029,52.4934,4.0625,-21.2370,17.3642,-50,-100,100,0,0,350,0
498,1786709051.5472,1786709051.5514,0.03335,-4.5714,-23.4286,51.7802,3.8681,-21.2308,15.3439,-5.7268,-23.0917,53.0483,4.0051,-20.5978,17.9422,-5.7268,-23.0917,53.0483,4.0051,-20.5978,17.9422,0,-50,150,0,0,300,0
499,1786709051.5807,1786709051.5849,0.03345,-4.6593,-23.4286,52.0440,3.8681,-21.2308,16.1376,-5.8422,-23.1099,53.3962,3.7237,-20.4410,18.3149,-5.8422,-23.1099,53.3962,3.7237,-20.4410,18.3149,-50,0,100,0,0,350,0
500,1786709051.614,1786709051.8357,0.03339,-4.6593,-23.5165,52.4835,3.8681,-21.0549,16.7989,-4.8620,-27.1478,55.2443,-6.5292,-20.5842,17.7822,-4.8620,-27.1478,55.2443,-6.1319,-20.5842,17.7822,0,-50,150,0,100,300,1
501,1786709051.8369,1786709051.8417,0.22284,-4.7473,-23.5165,53.0110,3.8681,-20.8791,17.9894,-5.0336,-27.5360,56.1119,-6.7482,-21.4817,18.3177,-5.0336,-27.5360,56.1119,-6.1319,-21.4817,18.3177,-50,0,0,0,0,0,1
502,1786709051.8702,1786709051.8746,0.03329,-4.8352,-23.5165,53.0989,3.8681,-20.8791,17.9894,-5.3008,-28.0615,57.1520,-6.6033,-21.9599,18.5580,-5.3008,-28.0615,57.1520,-6.2198,-21.9599,18.5580,-50,0,50,0,0,0,0
503,1786709051.9036,1786709051.9079,0.03339,-4.8352,-23.9560,53.8901,2.7253,-21.1429,17.9894,-5.5897,-28.5041,57.5766,-6.3504,-22.2744,18.7001,-5.5897,-28.5041,57.5766,-6.3504,-22.2744,18.7001,0,-50,200,-500,-100,0,0
504,1786709051.937,1786709051.9412,0.03339,-4.8352,-25.5385,55.5604,0.1758,-21.4945,17.9894,-5.8500,-28.8627,58.3008,-6.2319,-22.4226,18.8549,-5.8500,-28.8627,58.3008,-6.2319,-22.4226,18.8549,0,-550,550,-750,-100,0,0
505,1786709051.9704,1786709051.9745,0.03339,-4.8352,-26.5055,56.7033,-2.1099,-21.7582,18.2540,-5.9949,-29.2254,58.5523,-6.0079,-22.7649,18.9062,-5.9949,-29.2254,58.5523,-6.0079,-22.7649,18.9062,0,-300,350,-750,-100,100,0
506,1786709052.0038,1786709052.008,0.03344,-5.0110,-26.8571,57.4945,-3.6923,-22.0220,18.4524,-6.5255,-29.9606,58.6582,-5.9966,-22.9785,18.9375,-6.5255,-29.9606,58.6582,-5.9966,-22.9785,18.9375,-100,-100,250,-450,-100,100,0
507,1786709052.0371,1786709052.0413,0.03335,-5.2747,-27.2088,58.1978,-4.2198,-22.2857,18.5185,-7.0096,-30.5807,58.5092,-5.7499,-23.3137,18.8556,-7.0096,-30.5807,58.5092,-5.7499,-23.3137,18.8556,-100,-100,250,-200,-100,0,0
508,1786709052.0705,1786709052.0747,0.0334,-5.6264,-27.6484,58.3736,-4.5714,-22.5495,18.5847,-7.6306,-31.3420,58.2241,-5.6186,-23.8011,18.7534,-7.6306,-31.3420,58.2241,-5.6186,-23.8011,18.7534,-100,-150,50,-150,-100,0,0
509,1786709052.104,1786709052.1081,0.03342,-6.1538,-28.1758,58.4615,-4.6593,-22.9011,18.5847,-8.5698,-32.4915,58.0509,-5.2334,-24.1706,18.5727,-8.5698,-32.4915,58.0509,-5.2334,-24.1706,18.5727,-200,-150,0,0,-100,0,0
510,1786709052.1373,1786709052.1415,0.03337,-6.7692,-28.7912,58.3736,-4.6593,-23.2527,18.5847,-9.3625,-33.4444,57.3236,-4.9815,-24.3607,18.4688,-9.3625,-33.4444,57.3236,-4.9815,-24.3607,18.4688,-200,-150,-50,0,-150,0,0
511,1786709052.1708,1786709052.175,0.03343,-7.4725,-29.5824,58.3736,-4.6593,-23.6044,18.5847,-10.5376,-34.9264,56.7977,-4.5273,-24.9413,18.3200,-10.5376,-34.9264,56.7977,-4.5273,-24.9413,18.3200,-150,-250,0,0,-100,0,0
512,1786709052.2041,1786709052.2083,0.03338,-8.1758,-30.4615,58.3736,-4.6593,-23.8681,18.5847,-11.4685,-36.2194,55.2868,-4.2320,-25.8169,18.2163,-11.4685,-36.2194,55.2868,-4.2320,-25.8169,18.2163,-250,-350,0,0,-50,0,0
513,1786709052.2375,1786709052.2417,0.03339,-9.1429,-31.5165,58.3736,-4.6593,-24.3077,18.5847,-12.5750,-38.3317,54.9463,-3.2493,-26.7494,18.1594,-12.5750,-38.3317,54.9463,-3.2493,-26.7494,18.1594,-350,-250,0,0,-150,0,0
514,1786709052.2709,1786709052.2757,0.03339,-10.1099,-32.7473,58.1978,-4.3956,-25.0110,18.5847,-13.6068,-39.7194,53.2294,-2.0045,-28.4575,17.9804,-13.6068,-39.7194,53.2294,-2.0045,-28.4575,17.9804,-350,-400,-100,100,-250,0,0
515,1786709052.3044,1786709052.3096,0.03342,-11.0769,-34.1538,57.6703,-3.8681,-25.8022,18.5185,-14.6515,-41.6675,51.6738,0.0887,-31.1883,17.8149,-14.6515,-41.6675,51.6738,0.0887,-31.1883,17.8149,-300,-500,-150,200,-300,0,0
516,1786709052.3377,1786709052.3423,0.03335,-12.0440,-35.9121,57.0549,-2.9890,-26.7692,18.3201,-15.5437,-42.9586,49.3857,2.8855,-34.5596,17.4187,-15.5437,-42.9586,49.3857,2.8855,-34.5596,17.4187,-350,-550,-200,300,-300,-50,0
517,1786709052.3711,1786709052.3754,0.03342,-13.0989,-37.3187,55.7363,-1.7582,-28.4396,18.1217,-16.1419,-44.0661,46.7642,6.9265,-39.8926,16.9784,-16.1419,-44.0661,46.7642,6.9265,-38.7033,16.9784,-350,-500,-500,350,-600,-100,0
518,1786709052.4045,1786709052.4089,0.03338,-14.1538,-38.9890,54.2418,0.0879,-30.7253,17.7910,-16.5945,-45.0251,43.6754,12.1307,-45.9624,16.4062,-16.5945,-45.0251,43.9780,10.4396,-41.0769,16.4062,-350,-550,-450,650,-750,-100,0
519,1786709052.4379,1786709052.4423,0.03342,-14.9451,-40.4835,52.2198,2.5495,-33.4505,17.4603,-16.8027,-45.7489,39.7548,18.4975,-52.4060,15.6466,-16.8027,-45.7489,41.9560,12.9011,-43.8901,15.6466,-300,-450,-700,900,-900,-150,0
520,1786709052.4713,1786709052.4757,0.03336,-15.7363,-41.6264,49.8462,5.5385,-36.4396,16.9974,-16.9838,-46.0185,35.9960,25.5100,-58.5118,14.8410,-16.9838,-46.0185,39.4945,15.8022,-46.7912,14.8410,-200,-400,-800,1000,-1000,-150,0
521,1786709052.5047,1786709052.509,0.03342,-16.1758,-42.6813,47.6484,8.3516,-39.1648,16.4021,-17.0726,-46.2709,32.1682,33.0433,-64.7305,13.9920,-17.0726,-46.2709,37.3846,18.7912,-49.6044,13.9920,-200,-350,-800,1000,-1000,-250,0
522,1786709052.5381,1786709052.5424,0.03338,-16.4396,-43.4725,45.3626,11.1648,-42.0659,15.7407,-16.9281,-46.0150,28.8829,39.5336,-70.1404,13.0373,-16.9281,-46.0150,35.0989,21.5165,-52.4176,13.0373,-100,-200,-800,950,-950,-300,0
523,1786709052.5715,1786709052.5757,0.03337,-16.5275,-44.0000,43.0769,14.0659,-44.7912,15.0132,-16.7686,-45.5092,26.0295,45.4768,-75.8466,11.9948,-16.7686,-45.5092,32.8132,24.4176,-55.2308,11.9948,0,-250,-800,1000,-950,-300,0
524,1786709052.6049,1786709052.6093,0.03343,-16.5275,-44.1758,40.7912,16.8791,-47.6923,14.1534,-16.3863,-45.1624,24.0382,49.7625,-81.0703,10.7093,-16.3863,-45.1624,30.5275,27.3187,-58.0440,10.7093,0,-50,-750,950,-1000,-400,0
525,1786709052.6383,1786709052.6426,0.03335,-16.4396,-44.1758,38.5934,19.7802,-50.5055,13.2937,-15.9914,-44.3165,22.6626,52.8622,-86.0257,9.3949,-15.9914,-44.3165,28.3297,30.1319,-60.8571,9.3949,50,0,-800,1000,-900,-350,0
526,1786709052.6717,1786709052.676,0.03342,-16.3516,-44.1758,36.3956,22.6813,-53.2308,12.2354,-15.4536,-43.4624,22.1902,54.4443,-90.5409,7.6726,-15.4536,-43.4624,26.1319,33.0330,-63.5824,7.6726,0,0,-750,1000,-1000,-550,0
527,1786709052.7051,1786709052.71,0.03339,-16.2637,-44.0879,34.1099,25.4945,-56.1319,11.0450,-15.0951,-42.2025,22.0139,54.7943,-94.9530,6.0586,-15.0951,-42.2025,23.7582,35.9341,-66.4835,6.0586,50,50,-750,1000,-950,-450,0
528,1786709052.7384,1786709052.7428,0.03338,-16.2637,-43.6484,31.8242,28.3077,-58.9451,9.8545,-14.5407,-40.3868,22.0419,53.9415,-96.7896,5.0427,-14.5407,-40.3868,22.0419,38.6593,-69.2967,5.0427,0,150,-750,900,-1000,-550,0
529,1786709052.7718,1786709052.7762,0.0334,-16.0879,-42.9451,29.5385,31.1209,-61.6703,8.0688,-14.1362,-38.5394,21.8248,53.3657,-98.6892,4.2330,-14.1362,-38.5394,21.8248,41.4725,-72.0220,4.2330,50,250,-800,1000,-900,-850,0
530,1786709052.8053,1786709052.8097,0.03343,-15.6484,-41.7143,27.3407,33.9341,-64.4835,6.8783,-13.7196,-36.8933,21.9217,52.1961,-99.5880,4.1544,-13.7196,-36.8933,21.9217,44.3736,-74.9231,4.1544,150,400,-700,1000,-1000,-550,0
531,1786709052.8387,1786709052.8431,0.03339,-15.0330,-40.3077,25.9341,36.7473,-67.3846,6.0185,-13.3560,-34.8291,21.9413,51.5030,-100.7763,4.7488,-13.3560,-34.8291,21.9413,47.0989,-77.6484,4.7488,200,450,-550,900,-950,-450,0
532,1786709052.872,1786709052.8771,0.03338,-14.3297,-38.8132,25.2308,39.6484,-70.1099,5.3571,-12.8936,-33.0801,21.9946,50.4476,-101.3685,4.7578,-12.8936,-33.0801,21.9946,49.9121,-80.5495,4.7578,250,550,-200,950,-950,-250,0
533,1786709052.9055,1786709052.9101,0.03341,-13.9780,-37.1429,24.8791,42.3736,-72.9231,5.2910,-12.5749,-31.9610,22.4074,49.3543,-101.3859,4.7246,-12.5749,-31.9610,22.4074,49.3543,-83.2747,4.7246,100,550,-100,1000,-950,0,0
534,1786709052.9388,1786709052.9432,0.03338,-13.7143,-35.2088,24.7033,45.0989,-75.6484,5.2249,-12.0569,-30.9529,22.6717,48.4344,-100.7839,4.3849,-12.0569,-30.9529,22.6717,48.4344,-86.0879,4.3849,100,650,-50,900,-950,0,0
535,1786709052.9722,1786709052.9771,0.03341,-13.4505,-33.5385,24.7033,47.0330,-78.5495,5.0265,-11.5952,-30.2325,22.8659,47.5161,-99.7793,3.9358,-11.5952,-30.2325,22.8659,47.5161,-88.9011,3.9358,50,550,0,800,-950,-100,0
536,1786709053.0057,1786709053.01,0.0334,-13.0989,-32.1319,24.7912,47.2088,-81.4505,4.6958,-11.0632,-29.4968,23.4430,46.2823,-98.0425,3.3866,-11.0632,-29.4968,23.4430,46.2823,-91.8022,3.3866,150,450,50,50,-1000,-150,0
537,1786709053.039,1786709053.044,0.03339,-12.4835,-31.0769,24.7912,47.1209,-84.1758,4.3651,-10.5633,-29.2917,24.1796,45.3133,-95.3479,2.6821,-10.5633,-29.2917,24.1796,45.3133,-94.5275,2.6821,150,350,0,0,-950,-100,0
538,1786709053.0724,1786709053.077,0.03338,-11.7802,-30.1978,24.7033,46.9451,-86.9890,3.9683,-10.2737,-29.1758,24.6851,44.2674,-91.9861,2.1037,-10.2737,-29.1758,24.6851,44.2674,-91.9861,2.1037,250,300,0,-100,-950,-200,0
539,1786709053.1058,1786709053.11,0.03342,-11.2527,-29.5824,24.8791,46.3297,-89.8022,3.4392,-9.9417,-29.1307,25.5049,43.5001,-87.6858,1.5826,-9.9417,-29.1307,25.5049,43.5001,-87.6858,1.5826,150,250,100,-200,-1000,-200,0
540,1786709053.1392,1786709053.144,0.03338,-10.8132,-29.3187,25.3187,45.7143,-91.6484,2.9101,-9.5261,-29.2384,26.0052,43.0718,-83.0726,1.2882,-9.5261,-29.2384,26.0052,43.0718,-83.0726,1.2882,150,100,150,-200,-750,-300,0
541,1786709053.1726,1786709053.1791,0.03341,-10.5495,-29.2308,25.7582,44.9231,-91.5604,2.3810,-9.3091,-29.4088,26.9250,42.3948,-78.4923,1.0251,-9.3091,-29.4088,26.9250,42.3948,-81.3846,1.0251,100,50,150,-250,0,-200,0
542,1786709053.2061,1786709053.2111,0.03343,-10.2857,-29.2308,26.2857,44.4835,-89.7143,2.1164,-9.0831,-29.7386,27.7144,41.7633,-73.5561,0.9076,-9.0831,-29.7386,27.7144,41.7633,-79.4505,0.9076,100,0,200,-150,800,-100,0
543,1786709053.2394,1786709053.244,0.03335,-10.1099,-29.2308,26.7253,43.7802,-86.7253,1.7857,-8.9774,-29.8723,28.2260,41.2608,-69.1700,0.8165,-8.9774,-29.8723,28.2260,41.2608,-76.2857,0.8165,50,0,50,-200,1000,-150,0
544,1786709053.2728,1786709053.2772,0.03342,-9.8462,-29.2308,27.6923,43.2527,-83.8242,1.6534,-8.7489,-30.0734,29.0812,40.7375,-65.6548,0.8371,-8.7489,-30.0734,29.0812,40.7375,-73.5604,0.8371,50,0,350,-200,1000,-50,0
545,1786709053.3062,1786709053.3111,0.03341,-9.5824,-29.2308,28.3077,42.6374,-81.3626,1.5873,-8.6981,-30.2740,29.6243,40.0750,-63.0123,0.9265,-8.6981,-30.2740,29.6243,40.0750,-70.9231,0.9265,100,0,250,-200,950,-50,0
546,1786709053.3396,1786709053.3442,0.03338,-9.2308,-29.2308,28.9231,42.1099,-78.4615,1.5873,-8.7836,-30.3538,30.2646,39.2771,-61.1286,1.0334,-8.7836,-30.3538,30.2646,39.2771,-68.1099,1.0334,100,0,200,-150,1000,0,0
547,1786709053.373,1786709053.3773,0.03339,-8.9670,-29.2308,29.6264,41.4945,-75.6484,1.5873,-8.9012,-30.3097,31.0086,38.7021,-60.0752,1.1903,-8.9012,-30.3097,31.0086,38.7021,-65.2967,1.1903,150,0,250,-200,900,0,0
548,1786709053.4064,1786709053.4112,0.03344,-8.8791,-29.2308,30.3297,40.7912,-73.0110,1.5873,-8.9671,-30.3022,31.1266,38.2505,-59.4476,1.3385,-8.9671,-30.3022,31.1266,38.2505,-62.5714,1.3385,0,0,250,-300,900,0,0
549,1786709053.4398,1786709053.4445,0.03334,-8.8791,-29.2308,30.9451,40.0879,-70.0220,1.5873,-9.1280,-29.8971,31.6631,37.3296,-58.6890,1.6848,-9.1280,-29.8971,31.6631,37.3296,-59.6703,1.6848,0,0,250,-200,1000,0,0
550,1786709053.4732,1786709053.6931,0.03343,-9.0549,-29.1429,31.2088,39.6484,-67.2967,1.5873,-10.5407,-19.7486,12.1316,50.9204,-74.0477,1.3410,-10.5407,-19.7486,21.9121,48.1538,-70.3516,1.3410,-100,50,100,-150,950,0,1
551,1786709053.6942,1786709053.6993,0.22099,-8.9670,-29.1429,31.9121,38.1538,-60.3516,1.5873,-9.9707,-18.2859,7.9387,55.0893,-76.0519,1.1680,-9.9707,-19.1429,21.9121,48.1538,-70.2637,1.1680,0,0,0,0,50,0,1
552,1786709053.7275,1786709053.7322,0.0333,-8.9670,-29.1429,31.9121,38.1538,-60.1758,1.5873,-8.6572,-16.9648,3.8155,59.3592,-76.7468,1.1108,-8.6572,-19.1429,21.9121,48.1538,-70.2637,1.1108,0,0,0,0,0,0,0
553,1786709053.7609,1786709053.7657,0.03344,-9.2308,-28.5275,31.4725,38.8571,-60.9670,1.5873,-7.3730,-15.0632,-0.0568,63.2448,-76.4070,1.0087,-7.3730,-18.2637,21.2967,49.1209,-71.1429,1.0087,-150,300,-200,150,-100,0,0
554,1786709053.7943,1786709053.799,0.03335,-9.2308,-26.0659,29.2747,41.1429,-63.2527,1.5873,-5.5770,-13.2523,-3.0737,65.9379,-75.3366,0.9492,-5.5770,-15.7143,19.0110,51.4945,-73.6044,0.9492,0,650,-600,800,-700,0,0
555,1786709053.8277,1786709053.8324,0.03336,-8.7912,-22.7253,26.6374,44.0440,-66.2418,1.5873,-3.6718,-11.8120,-5.8674,67.9532,-73.8618,0.9926,-3.6718,-12.3736,16.3736,54.4835,-73.8618,0.9926,200,1150,-950,1000,-1050,0,0
556,1786709053.8611,1786709053.8661,0.03343,-7.8242,-19.4725,24.5275,46.9451,-68.9670,1.5873,-1.5089,-10.3068,-7.7172,69.3401,-71.0613,1.0137,-1.5089,-10.3068,14.2637,57.3846,-71.0613,1.0137,350,1100,-700,1000,-950,0,0
557,1786709053.8945,1786709053.8992,0.03339,-6.1538,-16.5714,22.4176,49.7582,-70.8132,1.5873,0.3182,-9.0545,-9.3492,69.9723,-67.6843,1.0154,0.3182,-9.0545,12.0659,60.0220,-67.6843,1.0154,500,1000,-700,1000,-650,0,0
558,1786709053.9278,1786709053.9326,0.03335,-4.2198,-13.6703,20.0440,52.3956,-71.1648,1.5873,2.1135,-8.2216,-9.8238,69.8249,-63.2643,1.0161,2.1135,-8.2216,9.7802,62.8352,-63.2643,1.0161,650,1000,-800,900,-100,0,0
559,1786709053.9612,1786709053.9661,0.03341,-2.3736,-11.2967,17.8462,55.3846,-69.9341,1.5873,3.5944,-6.8695,-10.6790,69.2978,-58.9600,1.1022,3.5944,-6.8695,7.4945,65.7363,-59.6703,1.1022,650,750,-750,1000,250,0,0
560,1786709053.9947,1786709053.9994,0.03343,-0.6154,-9.6264,15.7363,58.1099,-67.7363,1.5873,5.1081,-6.1708,-11.0501,69.2997,-54.0387,1.1164,5.1081,-6.1708,5.3846,68.4615,-57.3846,1.1164,600,550,-700,950,700,0,0
561,1786709054.028,1786709054.0331,0.03335,1.0549,-8.2198,13.4505,60.8352,-65.0110,1.5873,6.3633,-5.4804,-11.3120,68.2195,-49.1965,1.1654,6.3633,-5.4804,3.1868,68.2195,-54.5714,1.1654,500,450,-750,950,950,0,0
562,1786709054.0614,1786709054.0664,0.03341,2.5495,-6.9011,11.0769,63.7363,-62.1099,1.5873,7.3403,-4.5402,-11.3940,67.5514,-44.9073,1.3087,7.3403,-4.5402,0.7253,67.5514,-51.6703,1.3087,500,450,-850,950,1000,0,0
563,1786709054.0949,1786709054.0993,0.03344,3.9560,-5.9341,8.8791,65.5824,-59.2967,1.5873,8.3635,-3.5479,-12.0013,66.7834,-40.7200,1.3560,8.3635,-3.5479,-1.3846,66.7834,-48.9451,1.3560,500,350,-700,700,900,0,0
564,1786709054.1282,1786709054.1331,0.03334,5.2747,-4.8791,6.7692,65.9341,-56.6593,1.5873,8.8359,-2.9986,-12.0352,65.6986,-37.6238,1.3547,8.8359,-2.9986,-3.5824,65.6986,-46.3956,1.3547,450,350,-750,50,950,0,0
565,1786709054.1617,1786709054.1661,0.03345,6.5055,-3.9121,4.3956,65.9341,-53.9341,1.5873,9.3896,-1.9712,-12.6812,64.7777,-35.2825,1.3450,9.3896,-1.9712,-5.8681,64.7777,-43.5824,1.3450,400,350,-800,0,950,0,0
566,1786709054.195,1786709054.2001,0.03338,7.3846,-3.1209,2.1099,65.9341,-51.2088,1.5873,9.4335,-0.6309,-14.0038,63.8529,-33.6769,1.3226,9.4335,-0.6309,-8.1538,63.8529,-40.8571,1.3226,300,300,-750,0,1000,0,0
567,1786709054.2284,1786709054.2344,0.03337,8.0879,-2.1538,-0.1758,65.5824,-48.3956,1.5873,9.3521,1.8260,-16.0976,63.4496,-33.3335,1.3228,9.3521,1.8260,-10.6154,63.4496,-37.8681,1.3228,250,300,-800,-200,900,0,0
568,1786709054.2618,1786709054.2662,0.0334,8.5275,-1.1868,-2.4615,64.9670,-45.7582,1.5873,9.0987,4.6513,-19.1696,63.6387,-33.6639,1.3244,9.0987,4.6513,-12.7253,63.6387,-35.3187,1.3244,150,350,-750,-150,900,0,0
569,1786709054.2952,1786709054.3001,0.03338,8.7033,0.2198,-4.7473,64.5275,-42.9451,1.5873,8.6656,7.9892,-23.7153,63.9685,-34.4104,1.2504,8.6656,7.9892,-15.0989,63.9685,-34.4104,1.2504,50,450,-750,-150,950,0,0
570,1786709054.3286,1786709054.3331,0.03344,8.7033,2.3297,-7.2967,64.4396,-40.1319,1.5873,8.3101,12.1487,-29.0631,64.8537,-35.7915,1.1089,8.3101,12.1487,-17.5604,64.8537,-35.7915,1.1089,0,650,-850,0,950,0,0
571,1786709054.362,1786709054.3671,0.03341,8.7033,4.8791,-9.5824,64.4396,-37.8462,1.5873,7.7279,16.3883,-35.6207,66.5552,-37.3253,0.9520,7.7279,15.1429,-20.0220,66.5552,-37.3253,0.9520,0,850,-800,0,700,0,0
572,1786709054.3954,1786709054.4014,0.03338,8.6154,7.8681,-11.9560,64.6154,-37.4066,1.5873,6.8827,20.2095,-41.3257,67.9549,-39.0645,0.8341,6.8827,18.3077,-22.3956,67.9549,-39.0645,0.8341,0,1000,-800,50,250,0,0
573,1786709054.4288,1786709054.4331,0.03337,8.4396,10.9451,-14.3297,65.4945,-37.7582,1.5873,6.3947,24.0074,-47.0236,69.2916,-40.0994,0.8379,6.3947,21.4725,-24.5934,69.2916,-40.0994,0.8379,0,1050,-800,300,-150,0,0
574,1786709054.4621,1786709054.4671,0.03337,8.0879,14.2857,-16.7033,66.5495,-38.4615,1.5873,5.7757,27.1820,-51.8334,70.3494,-41.3005,0.7863,5.7757,24.7253,-26.9670,70.3494,-41.3005,0.7863,-100,1100,-750,350,-250,0,0
575,1786709054.4956,1786709054.5004,0.03348,7.6484,17.4505,-18.9890,67.6923,-39.2527,1.5873,5.1521,30.3427,-56.6684,71.0850,-42.4045,0.7927,5.1521,27.8901,-29.2527,71.0850,-42.4045,0.7927,-150,1100,-800,400,-300,0,0
576,1786709054.529,1786709054.5337,0.03335,7.0330,20.7033,-21.2747,68.8352,-39.9560,1.5873,4.5032,33.2208,-61.2025,71.3972,-43.6152,0.8388,4.5032,31.1429,-31.5385,71.3972,-43.6152,0.8388,-150,1100,-750,350,-200,0,0
577,1786709054.5624,1786709054.5691,0.03338,6.5055,23.9560,-23.6484,69.7143,-41.0110,1.5873,3.8167,35.5818,-65.2827,71.5469,-44.9160,0.7834,3.8167,34.5714,-34.0000,71.5469,-44.9160,0.7834,-200,1100,-800,300,-300,0,0
578,1786709054.5958,1786709054.6005,0.03341,5.9780,27.2088,-25.8462,70.3297,-41.9780,1.5873,3.1218,37.7485,-68.7287,71.5981,-46.0895,0.8596,3.1218,37.5604,-36.1978,71.5981,-46.0895,0.8596,-100,1050,-800,250,-350,0,0
579,1786709054.6292,1786709054.6341,0.03339,5.7143,30.3736,-28.3077,70.7692,-43.1209,1.5873,2.7001,39.8548,-71.8008,71.5947,-47.1207,0.8125,2.7001,39.8548,-38.6593,71.5947,-47.1207,0.8125,-150,1150,-850,150,-400,0,0
580,1786709054.6626,1786709054.6675,0.03347,5.5385,33.5385,-30.7692,71.1209,-44.3516,1.5873,2.0609,41.1913,-74.3189,71.7728,-48.1403,0.8696,2.0609,41.1913,-41.0330,71.7728,-48.1403,0.8696,-50,1000,-800,100,-400,0,0
581,1786709054.696,1786709054.7011,0.03338,5.2747,36.3516,-33.0549,71.2967,-45.3187,1.5873,1.6670,42.7727,-76.4915,71.9273,-48.8208,0.8686,1.6670,42.7727,-43.4945,71.9273,-48.8208,0.8686,-50,1000,-800,100,-350,0,0
582,1786709054.7293,1786709054.7341,0.03332,5.0989,38.6374,-35.6044,71.5604,-46.3736,1.5873,1.3644,44.1343,-78.5186,71.8191,-49.1915,0.8256,1.3644,44.1343,-45.8681,71.8191,-49.1915,0.8256,-100,750,-850,100,-350,0,0
583,1786709054.7627,1786709054.7677,0.03342,4.8352,40.5714,-37.9780,71.7363,-47.1648,1.5873,1.0980,45.0965,-80.0076,72.0728,-49.4606,0.9187,1.0980,45.0965,-48.3297,72.0728,-49.4606,0.9187,-100,650,-750,0,-250,0,0
584,1786709054.7962,1786709054.8011,0.03342,4.5714,42.2418,-40.3516,71.7363,-47.7802,1.5873,0.7909,46.2242,-81.5767,72.0168,-49.6297,0.8098,0.7909,46.2242,-50.7033,72.0168,-49.6297,0.8098,-50,600,-800,0,-250,0,0
585,1786709054.8295,1786709054.8341,0.03336,4.4835,43.6484,-42.6374,72.0000,-48.3077,1.5873,0.4362,47.0439,-82.5923,72.1540,-50.0175,0.8594,0.4362,47.0439,-52.9011,72.1540,-50.0175,0.8594,-50,500,-750,50,-150,0,0
586,1786709054.8629,1786709054.8673,0.03341,4.2198,45.0549,-44.8352,72.0000,-48.4835,1.5873,0.1827,47.5426,-83.3757,72.4604,-50.3087,0.8529,0.1827,47.5426,-55.0989,72.4604,-50.3087,0.8529,-100,450,-750,0,-100,0,0
587,1786709054.8963,1786709054.9007,0.03338,4.1319,46.3736,-47.1209,72.0879,-48.8352,1.5873,-0.1437,48.4062,-84.3984,72.9506,-50.5000,0.9074,-0.1437,48.4062,-57.3846,72.9506,-50.5000,0.9074,-50,450,-750,50,-150,0,0
588,1786709054.9297,1786709054.9341,0.03343,4.0440,47.3407,-49.2308,72.3516,-49.2747,1.5873,-0.3511,49.0026,-85.2484,73.5382,-51.0276,0.9728,-0.3511,49.0026,-59.5824,73.5382,-51.0276,0.9728,0,350,-750,50,-100,0,0
589,1786709054.9631,1786709054.9674,0.03333,4.0440,48.3956,-51.5165,72.7033,-49.5385,1.5873,-0.7511,50.2822,-86.7128,74.5176,-51.5472,0.9642,-0.7511,50.2822,-61.7802,74.5176,-51.5472,0.9642,0,350,-800,150,-100,0,0
590,1786709054.9964,1786709055.0009,0.03337,3.9560,49.0989,-53.7143,73.2308,-49.9780,1.5873,-0.9655,51.5707,-88.3458,75.4925,-52.1317,0.9647,-0.9655,51.5707,-63.9780,75.4925,-52.1317,0.9647,0,300,-700,150,-100,0,0
591,1786709055.0298,1786709055.0342,0.03336,3.6044,50.0659,-56.0000,73.9341,-50.4176,1.5873,-1.3250,52.2212,-89.0545,76.7419,-52.8478,0.9662,-1.3250,52.2212,-66.2637,76.7419,-52.8478,0.9662,-50,300,-750,250,-150,0,0
592,1786709055.0632,1786709055.0676,0.0334,3.3407,51.2967,-58.2857,74.7253,-50.9451,1.5873,-1.4552,52.9538,-90.0996,77.9174,-53.1819,0.9843,-1.4552,52.9538,-68.6374,77.9174,-53.1819,0.9843,-100,400,-800,300,-150,0,0
593,1786709055.0966,1786709055.1011,0.03344,3.0769,52.3516,-60.5714,75.6923,-51.5604,1.5873,-1.6746,54.1395,-91.4445,78.8430,-53.6599,1.0094,-1.6746,54.1395,-70.8352,78.8430,-53.6599,1.0094,-100,400,-800,350,-250,0,0
594,1786709055.13,1786709055.1344,0.0334,2.9890,53.1429,-62.7692,76.8352,-52.0879,1.5873,-1.7891,55.2106,-92.2917,79.6022,-53.7807,1.0397,-1.7891,55.2106,-73.0330,79.6022,-53.7807,1.0397,-50,250,-700,400,-200,0,0
595,1786709055.1634,1786709055.1677,0.03332,2.8132,54.1099,-65.0549,77.7143,-52.5275,1.5873,-1.8277,56.0198,-92.8910,80.1424,-54.0886,1.0054,-1.8277,56.0198,-75.3187,80.1424,-54.0886,1.0054,-50,300,-800,300,-150,0,0
596,1786709055.1968,1786709055.2011,0.03341,2.7253,55.1648,-67.5165,78.5055,-52.8791,1.5873,-1.9270,56.2444,-92.8954,80.6360,-53.9819,0.9943,-1.9270,56.2444,-77.7802,80.6360,-53.9819,0.9943,0,350,-850,300,-150,0,0
597,1786709055.2301,1786709055.2345,0.03333,2.6374,56.1319,-69.8022,79.2967,-53.1429,1.5873,-1.8688,57.1592,-93.4818,81.0362,-54.0008,1.0532,-1.8688,57.1592,-80.0659,81.0362,-54.0008,1.0532,-50,350,-800,250,-150,0,0
598,1786709055.2635,1786709055.2678,0.03338,2.5495,56.7473,-71.8242,80.0000,-53.3187,1.5873,-1.9955,57.6416,-93.4976,81.3622,-54.2426,1.0360,-1.9955,57.6416,-82.0879,81.3622,-54.2426,1.0360,-50,200,-700,250,-50,0,0
599,1786709055.2969,1786709055.3012,0.03341,2.4615,57.4505,-74.0220,80.5275,-53.3187,1.5873,-2.0833,58.5142,-94.2815,81.8248,-54.2611,1.0397,-2.0833,58.5142,-84.3736,81.8248,-54.2611,1.0397,-50,250,-750,150,0,0,0
600,1786709055.3303,1786709055.5514,0.03337,2.3736,58.0659,-76.5714,80.7912,-53.6703,1.5873,8.0144,34.7895,-45.7018,77.5837,-53.2002,1.1232,8.0144,49.0330,-71.7582,77.5837,-53.2002,1.1232,-50,250,-850,100,-100,0,1
601,1786709055.5525,1786709055.5572,0.22225,0.0879,59.0330,-81.7582,81.4066,-53.9341,1.5873,8.7259,34.2206,-45.6267,77.2312,-53.0495,1.1088,8.7259,49.0330,-71.8462,77.2312,-53.0495,1.1088,0,0,-50,0,0,0,1
602,1786709055.5858,1786709055.5902,0.03329,0.0879,59.0330,-81.9341,81.4066,-53.9341,1.5873,9.2062,34.0777,-45.5276,77.1313,-52.4941,1.0339,9.2062,49.0330,-71.9341,77.1313,-52.4941,1.0339,0,0,-100,0,0,0,0
603,1786709055.6192,1786709055.6236,0.03336,0.4396,58.9451,-81.5824,80.7912,-53.4945,1.5873,9.4071,33.6514,-44.9764,77.0060,-52.0429,1.0488,9.4071,48.8571,-71.4066,77.0060,-52.0429,1.0488,0,0,50,-200,150,0,0
604,1786709055.6526,1786709055.6571,0.03343,1.7582,57.5385,-79.3846,79.2088,-53.1429,1.5873,9.6077,33.7012,-45.1345,77.1219,-51.4330,1.0997,9.6077,47.3626,-68.9451,77.1219,-51.4330,1.0997,400,-500,850,-500,200,0,0
605,1786709055.6859,1786709055.6903,0.03331,4.2198,55.6923,-76.0440,78.5055,-52.7033,1.5873,9.8671,33.7964,-45.4087,77.3250,-50.9407,1.0709,9.8671,45.4286,-65.6923,77.3250,-50.9407,1.0709,800,-650,1100,-350,150,0,0
606,1786709055.7194,1786709055.7241,0.03344,5.8901,53.9341,-73.0549,78.3297,-52.2637,1.5873,9.8898,33.9373,-45.8024,78.0587,-50.1340,1.0624,9.8898,43.6703,-62.7033,78.0587,-50.1340,1.0624,650,-600,1050,-100,150,0,0
607,1786709055.7528,1786709055.7571,0.03341,7.6484,52.2637,-69.9780,78.1538,-51.9121,1.5873,9.6847,33.7456,-46.4336,78.7484,-49.6256,1.0843,9.6847,42.0000,-59.6264,78.7484,-49.6256,1.0843,650,-550,1050,-50,50,0,0
608,1786709055.7862,1786709055.7906,0.03341,8.6154,50.5934,-66.9890,78.2418,-51.2088,1.5873,9.6433,33.9124,-47.2318,79.5834,-48.8327,1.1020,9.6433,40.3297,-56.4615,79.5834,-48.8327,1.1020,300,-550,1050,0,200,0,0
609,1786709055.8195,1786709055.8239,0.03334,9.1429,48.9231,-63.9121,78.5055,-50.5934,1.5873,9.4182,33.7736,-48.3121,80.7366,-48.5967,1.0258,9.4182,38.7473,-53.5604,80.7366,-48.5967,1.0258,250,-550,1050,100,200,0,0
610,1786709055.8529,1786709055.8573,0.0334,9.2308,47.1648,-60.9231,79.0330,-49.9780,1.5873,9.1576,34.4113,-49.9019,81.9719,-48.4270,1.0968,9.1576,36.9890,-50.3956,81.9719,-48.4270,1.0968,50,-600,1000,200,200,0,0
611,1786709055.8863,1786709055.8907,0.0334,8.8791,45.4945,-57.7582,79.7363,-49.5385,1.5873,8.7959,34.3278,-51.6126,83.1638,-48.5563,1.1191,8.7959,35.3187,-51.6126,83.1638,-48.5563,1.1191,-150,-550,1100,250,150,0,0
612,1786709055.9197,1786709055.9241,0.03342,8.6154,43.8242,-54.6813,80.7912,-49.1868,1.5873,8.4294,34.7857,-53.2846,84.3786,-49.0016,1.0920,8.4294,34.7857,-53.2846,84.3786,-49.0016,1.0920,-50,-550,1050,300,150,0,0
613,1786709055.9532,1786709055.9582,0.03345,8.6154,42.2418,-52.4835,81.8462,-48.9231,1.5873,8.1226,35.2650,-54.9617,85.5098,-49.3507,1.0809,8.1226,35.2650,-54.9617,85.5098,-49.3507,1.0809,0,-550,700,400,150,0,0
614,1786709055.9865,1786709055.9913,0.03331,8.6154,41.4505,-52.2198,82.7253,-48.9231,1.5873,7.5251,35.3933,-56.8342,86.4045,-49.9276,1.1055,7.5251,35.3933,-56.8342,86.4045,-49.9276,1.1055,0,-200,250,300,0,0,0
615,1786709056.0199,1786709056.0246,0.0334,8.7033,41.0110,-52.8352,83.9560,-49.0989,1.5873,7.1909,35.7162,-58.4059,87.4270,-50.7196,1.0749,7.1909,35.7162,-58.4059,87.4270,-50.7196,1.0749,0,-150,-150,450,-100,0,0
616,1786709056.0532,1786709056.0595,0.03334,8.6154,40.5714,-53.8901,84.9231,-49.6264,1.5873,6.7371,36.3145,-60.0083,88.3294,-51.8304,1.0670,6.7371,36.3145,-60.0083,88.3294,-51.8304,1.0670,0,-150,-400,300,-150,0,0
617,1786709056.0867,1786709056.091,0.03344,8.4396,40.3956,-55.0330,85.8901,-50.0659,1.5873,6.1830,36.5377,-61.7487,89.1665,-53.5842,1.1040,6.1830,36.5377,-61.7487,89.1665,-53.5842,1.1040,-100,0,-350,350,-150,0,0
618,1786709056.12,1786709056.1242,0.03338,7.9121,40.3956,-56.3516,86.9451,-50.6813,1.5873,5.7150,37.1336,-63.3424,89.9936,-55.8236,1.0542,5.7150,37.1336,-63.3424,89.9936,-55.8236,1.0542,-200,0,-400,350,-200,0,0
619,1786709056.1534,1786709056.1581,0.03337,7.2967,40.3956,-57.7582,87.8242,-51.9121,1.5873,5.1750,37.5336,-65.3741,90.8087,-58.2967,1.0619,5.1750,37.5336,-65.3741,90.8087,-58.2967,1.0619,-250,0,-500,350,-450,0,0
620,1786709056.1868,1786709056.1915,0.03342,6.7692,40.3956,-59.1648,88.7033,-53.4945,1.5873,4.5182,37.6984,-67.3507,91.6824,-61.5805,0.9180,4.5182,37.6984,-67.3507,91.6824,-61.5805,0.9180,-200,0,-500,250,-500,0,0
621,1786709056.2202,1786709056.2266,0.03335,6.2418,40.3956,-60.9231,89.4945,-55.3407,1.5873,4.0686,38.1148,-69.2160,92.3190,-65.2995,0.8658,4.0686,38.1148,-69.2160,92.3190,-65.2995,0.8658,-150,0,-500,300,-650,0,0
622,1786709056.2536,1786709056.2582,0.03346,5.7143,40.3956,-62.6813,90.3736,-57.5385,1.5873,3.4799,38.6868,-71.3304,93.1010,-68.2906,0.7685,3.4799,38.6868,-71.3304,93.1010,-67.8901,0.7685,-200,0,-600,300,-750,0,0
623,1786709056.287,1786709056.2915,0.03337,5.1868,40.3956,-64.5275,91.1648,-60.1758,1.5873,3.0074,39.2775,-73.2573,93.6879,-71.2968,0.7512,3.0074,39.2775,-73.2573,93.6879,-70.6154,0.7512,-150,0,-650,250,-900,0,0
624,1786709056.3204,1786709056.3251,0.03337,4.5714,40.3956,-66.4615,91.9560,-63.1648,1.5873,2.5219,39.7165,-74.7393,94.1766,-74.0686,0.7438,2.5219,39.7165,-74.7393,94.1766,-73.5165,0.7438,-200,0,-650,300,-1000,0,0
625,1786709056.3538,1786709056.3585,0.0334,4.1319,40.4835,-68.3956,92.7473,-65.8901,1.5873,2.0672,40.4828,-76.3682,94.4469,-76.5099,0.7548,2.0672,40.4828,-76.3682,94.4469,-76.2418,0.7548,-150,0,-700,250,-950,0,0
626,1786709056.3872,1786709056.3917,0.03337,3.6044,40.4835,-70.3297,93.2747,-68.7033,1.5873,1.5555,41.1476,-78.0177,94.6658,-78.7436,0.7788,1.5555,41.1476,-78.0177,94.6658,-78.7436,0.7788,-150,0,-600,200,-950,0,0
627,1786709056.4206,1786709056.4252,0.03344,3.0769,40.9231,-72.0879,93.7143,-71.5165,1.5873,1.1909,41.9699,-79.5849,94.9283,-80.4301,0.8450,1.1909,41.9699,-79.5849,94.9283,-80.4301,0.8450,-150,200,-600,150,-950,0,0
628,1786709056.4539,1786709056.4582,0.03334,2.5495,41.4505,-73.8462,94.0659,-74.2418,1.5873,0.6338,43.1839,-81.1219,94.9174,-81.6007,0.7769,0.6338,43.1839,-81.1219,94.9174,-81.6007,0.7769,-150,200,-650,100,-900,0,0
629,1786709056.4874,1786709056.4919,0.03343,2.1099,42.2418,-75.5165,94.4176,-76.7033,1.5873,0.1405,44.2409,-82.7160,94.9303,-82.8597,0.7556,0.1405,44.2409,-82.7160,94.9303,-82.8597,0.7556,-150,250,-550,100,-900,0,0
630,1786709056.5208,1786709056.5253,0.03339,1.6703,43.3846,-77.0989,94.5934,-78.6374,1.5873,-0.4475,45.2858,-84.1333,94.9925,-83.5098,0.7214,-0.4475,45.2858,-84.1333,94.9925,-83.5098,0.7214,-150,400,-550,50,-700,0,0
631,1786709056.5542,1786709056.5587,0.0334,1.2308,44.4396,-78.6813,94.6813,-80.2198,1.5873,-0.9004,46.7655,-85.5105,94.8530,-83.7364,0.7795,-0.9004,46.7655,-85.5105,94.8530,-83.7364,0.7795,-150,350,-500,0,-550,0,0
632,1786709056.5876,1786709056.594,0.03344,0.7033,45.4945,-80.1758,94.7692,-81.5385,1.5873,-1.3125,47.7887,-86.4558,94.7276,-83.9892,0.7959,-1.3125,47.7887,-86.4558,94.7276,-83.9892,0.7959,-200,350,-550,50,-500,0,0
633,1786709056.6209,1786709056.6252,0.03331,0.2637,46.7253,-81.6703,94.7692,-82.3297,1.5873,-1.6913,49.1287,-87.5446,94.7111,-83.7658,0.7510,-1.6913,49.1287,-87.5446,94.7111,-83.7658,0.7510,-150,400,-450,0,-250,0,0
634,1786709056.6544,1786709056.6589,0.03351,-0.2637,47.8681,-82.9011,94.6813,-82.8571,1.5873,-1.9916,49.9920,-88.5930,94.6539,-83.5969,0.8207,-1.9916,49.9920,-88.5930,94.6539,-83.5969,0.8207,-200,450,-450,0,-150,0,0
635,1786709056.6877,1786709056.692,0.03331,-0.7033,49.0110,-84.0440,94.6813,-83.0330,1.5873,-2.2227,50.7423,-89.4304,94.2493,-83.4821,0.8007,-2.2227,50.7423,-89.4304,94.2493,-83.4821,0.8007,-150,350,-350,0,-100,0,0
636,1786709056.7211,1786709056.7254,0.03343,-1.0549,50.1538,-85.1868,94.6813,-83.1209,1.5873,-2.3936,51.4818,-89.5426,94.1545,-83.2108,0.8777,-2.3936,51.4818,-89.5426,94.1545,-83.2108,0.8777,-100,400,-450,0,-50,0,0
637,1786709056.7546,1786709056.7587,0.03341,-1.4066,50.9451,-86.0659,94.6813,-83.1209,1.5873,-2.4325,52.4261,-89.7893,93.8572,-82.7484,0.9303,-2.4325,52.4261,-89.7893,93.8572,-82.7484,0.9303,-100,250,-300,0,0,0,0
638,1786709056.7879,1786709056.7922,0.03337,-1.6703,51.8242,-86.6813,94.6813,-83.1209,1.5873,-2.4392,52.7980,-89.6408,93.3752,-82.4768,0.8785,-2.4392,52.7980,-89.6408,93.3752,-82.4768,0.8785,-100,300,-250,0,0,0,0
639,1786709056.8213,1786709056.8254,0.0334,-1.8462,52.6154,-87.2088,94.5055,-83.1209,1.5873,-2.4621,53.3090,-89.5179,92.8724,-82.1608,0.8892,-2.4621,53.3090,-89.5179,92.8724,-82.1608,0.8892,-50,300,-200,-100,0,0,0
640,1786709056.8547,1786709056.8589,0.0334,-1.9341,53.2308,-87.2967,94.2418,-82.8571,1.5873,-2.3065,54.0417,-89.3308,92.3668,-81.7300,0.8918,-2.3065,54.0417,-89.3308,92.3668,-81.7300,0.8918,0,150,0,-100,100,0,0
641,1786709056.8881,1786709056.8927,0.03341,-1.9341,53.7582,-87.2967,93.8022,-82.6813,1.5873,-2.2433,54.3641,-89.0825,91.8607,-81.4264,0.9191,-2.2433,54.3641,-89.0825,91.8607,-81.4264,0.9191,-50,150,0,-150,100,0,0
642,1786709056.9215,1786709056.926,0.03338,-1.9341,54.2857,-87.2967,93.3626,-82.5055,1.5873,-2.1869,54.7480,-88.9725,91.2832,-81.3171,0.8546,-2.1869,54.7480,-88.9725,91.2832,-81.3171,0.8546,0,200,0,-150,50,0,0
643,1786709056.9549,1786709056.9591,0.03336,-1.9341,54.7253,-87.2967,92.9231,-82.1538,1.5873,-2.0079,55.1902,-88.3305,90.6691,-80.7392,0.8302,-2.0079,55.1902,-88.3305,90.6691,-80.7392,0.8302,0,150,0,-150,150,0,0
644,1786709056.9883,1786709056.9925,0.03341,-1.9341,55.2527,-87.2967,92.3956,-81.8901,1.5873,-2.0369,55.2713,-87.6982,90.1420,-80.6611,0.7888,-2.0369,55.2713,-87.6982,90.1420,-80.6611,0.7888,0,100,0,-150,100,0,0
645,1786709057.0217,1786709057.0263,0.03344,-1.9341,55.6923,-87.2967,91.8681,-81.4505,1.5873,-1.9651,55.4991,-87.1023,89.7325,-80.6673,0.8018,-1.9651,55.4991,-87.1023,89.7325,-80.6673,0.8018,0,200,0,-150,150,0,0
646,1786709057.0551,1786709057.0593,0.03339,-1.9341,55.9560,-87.1209,91.2527,-81.1868,1.5873,-1.9861,55.8465,-86.3042,89.3207,-80.6193,0.9006,-1.9861,55.8465,-86.3042,89.3207,-80.6193,0.9006,0,50,50,-200,100,0,0
647,1786709057.0885,1786709057.0927,0.03337,-1.9341,56.0440,-86.7692,90.8132,-81.1868,1.5873,-1.8799,56.2497,-86.4094,88.9027,-80.9131,0.8150,-1.8799,56.2497,-86.4094,88.9027,-80.9131,0.8150,0,50,100,-150,0,0,0
648,1786709057.1219,1786709057.128,0.0334,-1.9341,56.3956,-86.4176,90.3736,-81.2747,1.5873,-1.8021,56.1271,-85.6286,88.4393,-81.2050,0.8797,-1.8021,56.1271,-85.6286,88.4393,-81.2050,0.8797,0,150,100,-150,-50,0,0
649,1786709057.1553,1786709057.1594,0.03335,-1.9341,56.7473,-86.3297,89.9341,-81.2747,1.5873,-1.7823,57.0009,-85.9804,88.2384,-81.8608,0.7862,-1.7823,57.0009,-85.9804,88.2384,-81.8608,0.7862,0,150,50,-150,0,0,0
650,1786709057.1887,1786709057.4092,0.03342,-1.9341,56.8352,-85.8022,89.4945,-81.2747,1.5873,-3.7852,34.8498,-55.1665,87.7605,-83.4180,0.6374,-3.7852,47.6264,-75.7143,87.7605,-83.4180,0.6374,0,0,150,-150,0,0,1
651,1786709057.4103,1786709057.4157,0.22162,-1.9341,57.6264,-85.7143,89.0549,-81.7143,1.4550,-3.7341,34.2131,-54.7311,87.9986,-83.4733,0.7675,-3.7341,47.6264,-75.7143,87.9986,-83.4733,0.7675,0,0,0,0,0,0,1
652,1786709057.4436,1786709057.4486,0.03329,-1.9341,57.6264,-85.6264,89.0549,-81.7143,1.4550,-3.6882,33.2420,-54.6370,88.0602,-83.5502,0.8042,-3.6882,47.6264,-75.5385,88.0602,-83.5502,0.8042,0,0,50,0,0,0,0
653,1786709057.477,1786709057.4818,0.03338,-2.1978,57.5385,-84.5714,88.7912,-82.4176,1.4550,-3.7395,33.0118,-53.8769,88.1629,-83.5317,0.8564,-3.7395,47.3626,-74.3077,88.1629,-83.5317,0.8564,-50,0,200,-100,-200,0,0
654,1786709057.5104,1786709057.5151,0.03341,-2.4615,56.0440,-81.9341,88.7033,-82.8571,1.4550,-3.6863,32.3872,-53.3550,88.1598,-83.4823,0.8498,-3.6863,45.7802,-71.4945,88.1598,-83.4823,0.8498,-100,-500,900,-50,-100,0,0
655,1786709057.5438,1786709057.5492,0.03339,-2.9011,54.2857,-78.5934,88.7033,-82.8571,1.4550,-3.6485,31.9416,-52.4146,88.1642,-83.3142,0.9299,-3.6485,44.0220,-68.1538,88.1642,-83.3142,0.9299,-100,-600,1100,0,0,0,0
656,1786709057.5771,1786709057.5821,0.03336,-3.0769,52.6154,-75.6044,88.7033,-83.0330,1.4550,-3.6479,31.2553,-52.0874,88.1960,-83.0772,0.9241,-3.6479,42.3516,-65.2527,88.1960,-83.0772,0.9241,-100,-550,1050,0,-100,0,0
657,1786709057.6105,1786709057.6153,0.03337,-3.0769,50.8571,-72.7033,88.7033,-83.0330,1.4550,-3.9082,31.0309,-51.4216,88.1663,-82.7414,0.9546,-3.9082,40.5934,-62.2637,88.1663,-82.7414,0.9546,0,-600,950,0,0,0,0
658,1786709057.6439,1786709057.6486,0.03338,-2.9890,49.0989,-69.6264,88.7033,-83.2967,1.4550,-3.8708,30.6630,-50.8862,88.1426,-82.4580,0.9054,-3.8708,38.9231,-59.1868,88.1426,-82.4580,0.9054,50,-600,1050,0,-50,0,0
659,1786709057.6773,1786709057.682,0.0334,-2.9890,47.4286,-66.6374,88.7033,-83.2088,1.4550,-4.0211,30.5796,-50.4322,88.0757,-82.2676,0.9458,-4.0211,37.2527,-56.1978,88.0757,-82.2676,0.9458,0,-550,1000,0,0,0,0
660,1786709057.7107,1786709057.7155,0.03344,-2.9890,45.8462,-63.5604,88.7033,-82.9451,1.4550,-4.1384,30.5494,-50.3974,87.9195,-81.9200,0.9372,-4.1384,35.5824,-53.2088,87.9195,-81.9200,0.9372,0,-550,1000,0,100,0,0
661,1786709057.744,1786709057.7485,0.03333,-3.0769,44.1758,-60.5714,88.7033,-82.7692,1.4550,-4.1002,30.2316,-49.7572,87.7673,-81.5419,0.9222,-4.1002,34.0000,-50.2198,87.7673,-81.5419,0.9222,-50,-550,1050,0,0,0,0
662,1786709057.7775,1786709057.782,0.03345,-3.2527,42.5055,-57.4945,88.6154,-82.5055,1.4550,-4.1621,30.1161,-49.6529,87.7356,-81.2353,0.8886,-4.1621,32.2418,-49.6529,87.7356,-81.2353,0.8886,-100,-550,1000,-50,100,0,0
663,1786709057.8108,1786709057.8152,0.03333,-3.2527,40.6593,-54.5055,88.0000,-82.1538,1.4550,-4.2870,30.0483,-49.5818,87.7588,-80.8572,0.8451,-4.2870,30.4835,-49.5818,87.7588,-80.8572,0.8451,0,-600,1050,-150,100,0,0
664,1786709057.8442,1786709057.8484,0.03338,-3.2527,38.9890,-52.2198,87.9121,-81.8901,1.4550,-4.3988,30.3115,-49.5165,87.7334,-80.6378,0.8527,-4.3988,30.3115,-49.5165,87.7334,-80.6378,0.8527,0,-600,800,-50,150,0,0
665,1786709057.8776,1786709057.8818,0.03342,-3.2527,37.5824,-50.9011,87.9121,-81.5385,1.4550,-4.4939,30.0765,-49.3707,87.8475,-80.6057,0.8897,-4.4939,30.0765,-49.3707,87.8475,-80.6057,0.8897,0,-500,350,0,100,0,0
666,1786709057.911,1786709057.9152,0.0334,-3.3407,36.6154,-50.1978,87.9121,-81.2747,1.4550,-4.5070,30.0534,-49.3309,88.0349,-80.3864,0.8796,-4.5070,30.0534,-49.3309,88.0349,-80.3864,0.8796,0,-350,300,0,100,0,0
667,1786709057.9444,1786709057.9487,0.03337,-3.4286,35.6484,-49.7582,87.9121,-81.0989,1.4550,-4.5429,30.1583,-49.5763,88.1430,-80.6171,0.8672,-4.5429,30.1583,-49.5763,88.1430,-80.6171,0.8672,0,-300,150,0,50,0,0
668,1786709057.9778,1786709057.9819,0.0334,-3.4286,35.0330,-49.5824,87.9121,-80.9231,1.4550,-4.6115,30.4435,-50.2123,88.3892,-80.5291,0.8818,-4.6115,30.4435,-50.2123,88.3892,-80.5291,0.8818,-50,-200,50,0,100,0,0
669,1786709058.0112,1786709058.0154,0.03343,-3.4286,34.7692,-49.5824,87.9121,-80.9231,1.4550,-4.7859,30.7818,-50.8893,88.5668,-80.6886,0.8424,-4.7859,30.7818,-50.8893,88.5668,-80.6886,0.8424,0,-100,0,0,0,0,0
670,1786709058.0446,1786709058.0488,0.03337,-3.4286,34.7692,-49.5824,87.9121,-80.9231,1.4550,-4.8856,31.4739,-51.8450,88.7621,-80.8910,0.8522,-4.8856,31.4739,-51.8450,88.7621,-80.8910,0.8522,0,0,0,0,0,0,0
671,1786709058.078,1786709058.0838,0.0334,-3.4286,34.7692,-49.5824,87.9121,-80.9231,1.4550,-5.0009,32.0211,-52.8739,88.8926,-81.2238,0.8517,-5.0009,32.0211,-52.8739,88.8926,-81.2238,0.8517,0,0,0,0,0,0,0
672,1786709058.1114,1786709058.1155,0.0334,-3.6044,34.7692,-49.6703,88.0879,-80.9231,1.4550,-5.1196,32.5942,-54.0766,89.0517,-81.4331,0.8630,-5.1196,32.5942,-54.0766,89.0517,-81.4331,0.8630,-100,0,0,100,0,0,0
673,1786709058.1448,1786709058.1489,0.03341,-3.6923,34.7692,-50.1978,88.7033,-80.9231,1.4550,-5.3051,33.5455,-55.6893,89.1240,-82.0760,0.9036,-5.3051,33.5455,-55.6893,89.1240,-82.0760,0.9036,-50,0,-200,250,0,0,0
674,1786709058.1781,1786709058.1823,0.03334,-3.9560,34.7692,-51.0769,88.7033,-81.0989,1.4550,-5.3178,34.4703,-56.9868,89.0865,-82.3916,0.9270,-5.3178,34.4703,-56.9868,89.0865,-82.3916,0.9270,-50,0,-350,0,0,0,0
675,1786709058.2116,1786709058.2158,0.03346,-4.2198,34.7692,-52.1319,88.7033,-81.3626,1.4550,-5.4442,35.4580,-58.4908,89.1185,-82.7057,0.9794,-5.4442,35.4580,-58.4908,89.1185,-82.7057,0.9794,-100,0,-300,0,-100,0,0
676,1786709058.245,1786709058.2491,0.03337,-4.3956,35.2967,-53.5385,88.7033,-81.8022,1.4550,-5.5961,36.4998,-60.3013,89.1419,-82.8582,1.0054,-5.5961,36.4998,-60.3013,89.1419,-82.8582,1.0054,-50,150,-450,0,-150,0,0
677,1786709058.2784,1786709058.2825,0.03341,-4.5714,35.8242,-54.6813,88.7033,-82.1538,1.4550,-5.7302,37.6074,-62.0475,89.1286,-83.5232,1.0708,-5.7302,37.6074,-62.0475,89.1286,-83.5232,1.0708,-50,200,-450,0,-100,0,0
678,1786709058.3118,1786709058.3159,0.03339,-4.7473,36.7912,-56.2637,88.7033,-82.4176,1.4550,-5.6424,38.6322,-63.5448,89.0678,-83.6649,1.1035,-5.6424,38.6322,-63.5448,89.0678,-83.6649,1.1035,-50,300,-500,0,-100,0,0
679,1786709058.3452,1786709058.3493,0.0334,-4.9231,37.7582,-57.9341,88.7033,-82.8571,1.4550,-5.6682,39.9232,-65.1291,89.1016,-84.2224,1.0866,-5.6682,39.9232,-65.1291,89.1016,-84.2224,1.0866,0,300,-500,0,-150,0,0
680,1786709058.3786,1786709058.3828,0.03341,-5.0110,38.8132,-59.5165,88.7033,-83.2088,1.4550,-5.7522,40.6973,-66.3310,88.9349,-84.3480,1.0891,-5.7522,40.6973,-66.3310,88.9349,-84.3480,1.0891,-50,350,-550,0,-100,0,0
681,1786709058.412,1786709058.4168,0.0334,-5.0110,39.7802,-61.0110,88.7033,-83.6484,1.4550,-5.6842,41.4179,-67.4054,88.8477,-84.4738,1.1182,-5.6842,41.4179,-67.4054,88.8477,-84.4738,1.1182,0,350,-500,0,-150,0,0
682,1786709058.4453,1786709058.4495,0.03335,-5.0110,40.8352,-62.4176,88.7033,-83.8242,1.4550,-5.7017,42.2245,-68.1594,88.8051,-84.2293,1.1381,-5.7017,42.2245,-68.1594,88.8051,-84.2293,1.1381,0,350,-500,0,-50,0,0
683,1786709058.4787,1786709058.4829,0.0334,-5.0110,41.6264,-63.6484,88.7033,-84.0000,1.4550,-5.5335,43.2382,-69.1858,88.7361,-84.3196,1.1151,-5.5335,43.2382,-69.1858,88.7361,-84.3196,1.1151,0,300,-350,0,-100,0,0
684,1786709058.5121,1786709058.5165,0.03342,-5.0110,42.4176,-64.6154,88.7033,-84.0000,1.4550,-5.5494,43.9651,-70.2330,88.6349,-84.1926,1.0776,-5.5494,43.9651,-70.2330,88.6349,-84.1926,1.0776,0,300,-400,0,0,0,0
685,1786709058.5456,1786709058.5498,0.03346,-5.0110,43.4725,-65.6703,88.7033,-84.0000,1.4550,-5.5989,44.5526,-70.8893,88.6274,-83.8619,1.1338,-5.5989,44.5526,-70.8893,88.6274,-83.8619,1.1338,0,300,-350,0,0,0,0
686,1786709058.5789,1786709058.5835,0.03335,-5.0110,44.1758,-66.8132,88.7033,-84.0000,1.4550,-5.4262,45.1377,-71.3293,88.5676,-83.3167,1.1504,-5.4262,45.1377,-71.3293,88.5676,-83.3167,1.1504,0,250,-350,0,0,0,0
687,1786709058.6123,1786709058.6169,0.0334,-5.0110,44.8791,-67.6923,88.7033,-84.0000,1.4550,-5.3891,45.7193,-71.9283,88.5165,-82.6495,1.2467,-5.3891,45.7193,-71.9283,88.5165,-82.6495,1.2467,0,250,-300,0,0,0,0
688,1786709058.6457,1786709058.6502,0.03338,-5.0110,45.4945,-68.3077,88.7033,-83.8242,1.4550,-5.2324,46.2279,-72.7569,88.5627,-81.7493,1.2002,-5.2324,46.2279,-72.7569,88.5627,-81.7493,1.2002,0,200,-250,0,100,0,0
689,1786709058.6791,1786709058.6837,0.03341,-5.0110,46.0220,-69.0989,88.7033,-83.3846,1.4550,-5.1153,47.1854,-74.1211,88.5407,-80.6774,1.1525,-5.1153,47.1854,-74.1211,88.5407,-80.6774,1.1525,0,150,-250,0,150,0,0
690,1786709058.7126,1786709058.7171,0.03346,-5.0110,46.6374,-69.8901,88.7033,-82.9451,1.4550,-5.1273,47.7528,-75.1467,88.5950,-79.1493,1.0972,-5.1273,47.7528,-75.1467,88.5950,-79.1493,1.0972,0,200,-250,0,150,0,0
691,1786709058.7459,1786709058.7504,0.03334,-5.0110,47.4286,-70.8571,88.7033,-82.0659,1.4550,-5.1146,48.2040,-75.6663,88.4215,-76.9489,1.1315,-5.1146,48.2040,-75.6663,88.4215,-76.9489,1.1315,0,250,-300,0,350,0,0
692,1786709058.7793,1786709058.7838,0.03336,-5.0110,48.2198,-71.8242,88.7033,-81.0110,1.4550,-5.1349,48.2778,-76.2964,88.4085,-74.3560,1.1804,-5.1349,48.2778,-76.2964,88.4085,-74.3560,1.1804,0,250,-350,0,300,0,0
693,1786709058.8127,1786709058.8173,0.03342,-5.0110,48.5714,-72.5275,88.7033,-79.4286,1.4550,-5.2789,48.7123,-77.0797,88.3178,-70.8313,1.2105,-5.2789,48.7123,-77.0797,88.3178,-70.8313,1.2105,0,150,-200,0,550,0,0
694,1786709058.846,1786709058.8507,0.0333,-5.0110,48.8352,-73.1429,88.7033,-77.4945,1.4550,-5.3257,49.2491,-78.1575,88.3694,-66.2403,1.3033,-5.3257,49.2491,-78.1575,88.3694,-67.2308,1.3033,0,50,-200,0,650,0,0
695,1786709058.8795,1786709058.8844,0.03343,-5.0110,49.1868,-74.0220,88.7033,-75.2088,1.4550,-5.3685,49.6495,-78.9383,88.6645,-60.6792,1.3227,-5.3685,49.6495,-78.9383,88.6645,-64.8571,1.3227,0,100,-250,0,700,0,0
696,1786709058.9129,1786709058.9177,0.0334,-5.0110,49.7143,-75.0769,88.7033,-72.4835,1.4550,-5.6044,49.9591,-79.4301,88.9994,-54.7687,1.4229,-5.6044,49.9591,-79.4301,88.9994,-62.1319,1.4229,0,200,-400,0,950,0,0
697,1786709058.9462,1786709058.9509,0.03333,-5.0110,50.1538,-75.8681,88.7033,-69.4945,1.4550,-5.7065,49.7750,-80.0304,89.3809,-49.4862,1.4696,-5.7065,49.7750,-80.0304,89.3809,-59.1429,1.4696,0,150,-300,0,1000,0,0
698,1786709058.9796,1786709058.9844,0.03342,-5.0110,50.4176,-76.4835,88.7033,-66.8571,1.4550,-5.7372,50.0430,-80.5141,89.6764,-45.4913,1.4886,-5.7372,50.0430,-80.5141,89.6764,-56.5934,1.4886,0,100,-200,0,950,0,0
699,1786709059.013,1786709059.0177,0.03337,-5.0110,50.4176,-77.0989,88.9670,-64.1319,1.4550,-5.7621,50.2935,-81.2534,89.9799,-42.0770,1.5018,-5.7621,50.2935,-81.2534,89.9799,-53.6923,1.5018,0,0,-200,100,900,0,0
700,1786709059.0464,1786709059.2646,0.03338,-5.0110,50.4176,-77.7143,89.2308,-61.3187,1.4550,-3.6098,33.9211,-60.0520,90.9652,-57.2913,0.2511,-3.6098,40.8571,-68.9451,90.9652,-57.2913,0.2511,0,0,-150,100,900,0,1
701,1786709059.2657,1786709059.2707,0.21936,-5.0110,50.8571,-78.9451,89.5824,-54.3736,1.4550,-3.4259,34.7606,-62.1914,91.7794,-56.8679,0.2096,-3.4259,40.8571,-68.9451,91.7794,-56.8679,0.2096,0,0,0,0,50,0,1
702,1786709059.299,1786709059.3039,0.03329,-5.0110,50.8571,-78.9451,89.6703,-54.2857,1.4550,-3.1626,35.8432,-64.7069,92.4844,-56.3217,0.1774,-3.1626,40.8571,-68.9451,92.4844,-56.3217,0.1774,0,0,0,0,100,0,0
703,1786709059.3324,1786709059.3387,0.03336,-5.0110,50.6813,-78.5934,90.5495,-54.8132,1.2566,-2.8386,36.9615,-66.7026,93.0774,-55.7386,0.1840,-2.8386,40.5055,-68.3297,93.0774,-55.7386,0.1840,0,0,150,250,-150,-150,0
704,1786709059.3658,1786709059.3705,0.03338,-4.3956,49.1868,-76.3077,91.4286,-55.7802,1.1243,-2.5347,38.2067,-69.0585,93.6824,-55.4791,0.1806,-2.5347,38.9231,-69.0585,93.6824,-55.4791,0.1806,200,-450,600,300,-300,-100,0
705,1786709059.3992,1786709059.4038,0.0334,-3.8681,47.2527,-73.1429,92.0440,-55.7802,1.1243,-2.2059,39.1196,-70.9859,94.0295,-54.7479,0.2363,-2.2059,39.1196,-70.9859,94.0295,-54.7479,0.2363,150,-600,1100,200,0,0,0
706,1786709059.4326,1786709059.4372,0.03343,-3.1648,45.5824,-70.5934,92.7473,-55.6923,1.1243,-1.7872,40.3973,-73.3422,94.3308,-54.1416,0.3273,-1.7872,40.3973,-73.3422,94.3308,-54.1416,0.3273,250,-600,800,250,0,0,0
707,1786709059.466,1786709059.4707,0.03346,-2.7253,44.8791,-69.8901,93.2747,-55.3407,1.1243,-1.5234,41.5681,-75.0287,94.5404,-53.7125,0.3521,-1.5234,41.5681,-75.0287,94.5404,-53.7125,0.3521,200,-250,400,200,150,0,0
708,1786709059.4993,1786709059.5039,0.03327,-2.3736,44.8791,-70.5055,93.7143,-54.9011,1.1243,-1.2796,42.7302,-76.4853,94.6245,-52.8546,0.3832,-1.2796,42.7302,-76.4853,94.6245,-52.8546,0.3832,100,0,-200,200,150,0,0
709,1786709059.5327,1786709059.5372,0.03341,-2.1978,44.8791,-71.8242,93.9780,-54.4615,1.1243,-0.9510,43.8850,-78.1721,94.8223,-52.3130,0.4811,-0.9510,43.8850,-78.1721,94.8223,-52.3130,0.4811,50,0,-450,100,150,0,0
710,1786709059.5662,1786709059.5708,0.03345,-2.0220,44.8791,-72.9670,94.2418,-53.8462,1.1243,-0.7380,44.7127,-79.3823,95.0456,-51.7136,0.5361,-0.7380,44.7127,-79.3823,95.0456,-51.7136,0.5361,50,0,-400,50,200,0,0
711,1786709059.5996,1786709059.6041,0.03339,-1.7582,45.0549,-74.4615,94.4176,-53.2308,1.1243,-0.3405,45.9919,-80.6120,95.0697,-51.2780,0.5228,-0.3405,45.9919,-80.6120,95.0697,-51.2780,0.5228,50,100,-450,100,200,0,0
712,1786709059.6329,1786709059.6374,0.03333,-1.4945,45.4066,-75.8681,94.6813,-52.7033,1.1243,-0.3190,46.5982,-81.7729,95.0782,-50.8069,0.5845,-0.3190,46.5982,-81.7729,95.0782,-50.8069,0.5845,100,50,-450,100,200,0,0
713,1786709059.6663,1786709059.6727,0.03343,-1.1429,46.1099,-77.1868,94.6813,-52.1758,1.1243,-0.2163,47.5279,-82.9181,95.1352,-50.1612,0.5314,-0.2163,47.5279,-82.9181,95.1352,-50.1612,0.5314,100,250,-450,0,150,0,0
714,1786709059.6997,1786709059.7043,0.03337,-0.7033,46.9890,-78.4176,94.6813,-51.6484,1.1243,0.0244,48.5448,-84.1514,95.1335,-49.3086,0.6311,0.0244,48.5448,-84.1514,95.1335,-49.3086,0.6311,150,300,-450,0,150,0,0
715,1786709059.7331,1786709059.7377,0.03335,-0.3516,47.7802,-79.3846,94.8571,-51.1209,1.1243,0.0234,49.6470,-85.1182,95.0934,-48.0653,0.5831,0.0234,49.6470,-85.1182,95.0934,-48.0653,0.5831,100,300,-350,50,200,0,0
716,1786709059.7664,1786709059.771,0.03339,-0.1758,48.7473,-80.6154,94.8571,-50.4176,1.1243,0.2464,50.1985,-85.6438,94.9200,-46.5949,0.7482,0.2464,50.1985,-85.6438,94.9200,-46.5949,0.7482,50,350,-450,0,250,0,0
717,1786709059.7999,1786709059.8044,0.03348,-0.1758,49.7143,-81.7582,94.8571,-49.6264,1.1243,0.2710,51.3410,-87.2373,94.8771,-44.5786,0.6677,0.2710,51.3410,-87.2373,94.8771,-44.5786,0.6677,50,300,-400,0,300,0,0
718,1786709059.8333,1786709059.8392,0.03334,-0.2637,50.5055,-82.6374,94.8571,-48.3956,1.1243,0.5081,52.2364,-87.9719,94.9085,-42.5057,0.7312,0.5081,52.2364,-87.9719,94.9085,-42.5057,0.7312,-50,250,-300,0,400,0,0
719,1786709059.8666,1786709059.8707,0.03337,-0.4396,51.3846,-83.6044,94.8571,-46.9011,1.1243,0.6517,53.0670,-88.7760,94.7711,-39.8619,0.8296,0.6517,53.0670,-88.7760,94.7711,-39.8619,0.8296,0,200,-400,0,500,0,0
720,1786709059.9,1786709059.9041,0.03341,-0.4396,52.3516,-84.6593,94.8571,-45.2308,1.1243,0.8318,53.6020,-89.5140,94.8144,-37.7607,0.8316,0.8318,53.6020,-89.5140,94.8144,-37.7607,0.8316,-50,400,-400,0,600,0,0
721,1786709059.9334,1786709059.9377,0.0334,-0.1758,53.2308,-85.6264,94.8571,-43.2088,1.1243,0.9133,54.1369,-90.2053,94.8477,-35.0358,0.8177,0.9133,54.1369,-90.2053,94.8477,-35.0358,0.8177,100,300,-300,0,650,0,0
722,1786709059.9669,1786709059.971,0.03341,0.0000,53.9341,-86.5055,94.8571,-41.0110,1.1243,0.9753,54.7607,-90.9215,94.8198,-32.8169,0.9036,0.9753,54.7607,-90.9215,94.8198,-32.8169,0.9036,50,250,-300,0,750,0,0
723,1786709060.0002,1786709060.0044,0.03339,0.5275,54.4615,-87.2088,94.8571,-38.9011,1.1243,1.2127,55.0502,-91.5461,94.6839,-31.1522,0.9176,1.2127,55.0502,-91.5461,94.6839,-31.1522,0.9176,150,200,-250,0,750,0,0
724,1786709060.0336,1786709060.0377,0.03338,0.7912,55.0769,-87.9121,94.8571,-36.5275,1.1243,1.3999,55.6303,-92.0335,94.8449,-28.8329,0.9529,1.3999,55.6303,-92.0335,94.8449,-28.8329,0.9529,100,200,-300,0,850,0,0
725,1786709060.067,1786709060.0711,0.0334,0.8791,55.4286,-88.7033,94.8571,-34.3297,1.1243,1.5097,56.0144,-92.5287,94.6969,-26.9418,0.9834,1.5097,56.0144,-92.5287,94.6969,-26.9418,0.9834,50,150,-250,0,750,0,0
726,1786709060.1004,1786709060.1047,0.03339,0.8791,55.9560,-89.3187,94.8571,-32.3077,1.1243,1.5768,56.1018,-92.8718,94.6690,-24.9786,1.0751,1.5768,56.1018,-92.8718,94.6690,-24.9786,1.0751,0,150,-200,0,650,0,0
727,1786709060.1338,1786709060.1379,0.03338,0.7033,56.3956,-89.8462,94.8571,-30.1978,1.1243,1.6787,56.6554,-93.7632,94.6465,-23.3809,1.1428,1.6787,56.6554,-93.7632,94.6465,-23.3809,1.1428,-100,150,-200,0,750,0,0
728,1786709060.1672,1786709060.1717,0.03341,0.7912,56.6593,-90.2857,94.8571,-28.1758,1.1243,1.8139,56.6681,-94.0259,94.4899,-21.5872,1.1380,1.8139,56.6681,-94.0259,94.4899,-21.5872,1.1380,0,100,-100,0,700,0,0
729,1786709060.2006,1786709060.2052,0.0334,0.8791,57.0989,-90.9890,94.8571,-26.4176,1.1243,1.8587,57.0656,-94.6995,94.6440,-20.1128,1.2042,1.8587,57.0656,-94.6995,94.6440,-20.1128,1.2042,50,150,-250,0,550,0,0
730,1786709060.234,1786709060.2385,0.03337,1.2308,57.2747,-91.4286,94.8571,-24.5714,1.1243,1.9175,57.5763,-95.4927,94.5067,-18.5582,1.2692,1.9175,57.5763,-95.4927,94.5067,-18.5582,1.2692,150,50,-150,0,650,0,0
731,1786709060.2673,1786709060.2717,0.03336,1.4066,57.6264,-92.0440,94.8571,-22.9011,1.1243,1.9085,57.7551,-95.7905,94.4258,-17.5667,1.2857,1.9085,57.7551,-95.7905,94.4258,-17.5667,1.2857,50,150,-250,0,600,0,0
732,1786709060.3008,1786709060.3049,0.03343,1.4066,58.0659,-92.8352,94.8571,-21.1429,1.1905,1.9131,58.0942,-96.4746,94.2960,-16.6920,1.2990,1.9131,58.0942,-96.4746,94.2960,-16.6920,1.2990,0,100,-200,0,550,0,0
733,1786709060.3342,1786709060.3383,0.03338,1.2308,58.3297,-93.2747,94.8571,-19.8242,1.1905,1.9059,58.5299,-96.7826,94.3021,-15.4736,1.3152,1.9059,58.5299,-96.7826,94.3021,-15.4736,1.3152,0,50,-150,0,550,0,0
734,1786709060.3676,1786709060.3717,0.03341,1.1429,58.5934,-93.8901,94.8571,-18.6813,1.1905,1.8769,58.9235,-97.3892,94.2047,-14.6358,1.4026,1.8769,58.9235,-97.3892,94.2047,-14.6358,1.4026,-50,100,-200,0,350,0,0
735,1786709060.401,1786709060.4069,0.03344,1.1429,58.9451,-94.3297,94.8571,-17.4505,1.1905,1.8300,59.3905,-97.7822,94.2440,-13.6840,1.3860,1.8300,59.3905,-97.7822,94.2440,-13.6840,1.3860,0,150,-150,0,400,0,0
736,1786709060.4344,1786709060.4385,0.03336,1.2308,59.3846,-94.8571,94.8571,-16.3956,1.1905,1.7416,59.4428,-97.7929,94.2133,-12.9737,1.5581,1.7416,59.4428,-97.7929,94.2133,-12.9737,1.5581,50,150,-200,0,350,0,0
737,1786709060.4677,1786709060.4719,0.03337,1.4945,59.9121,-95.3846,94.8571,-15.4286,1.1905,1.8193,59.8495,-98.0304,94.3052,-11.9947,1.5077,1.8193,59.8495,-98.0304,94.3052,-11.9947,1.5077,100,200,-150,0,300,0,0
738,1786709060.5011,1786709060.5053,0.0334,1.6703,60.0879,-95.4725,94.8571,-14.4615,1.1905,1.5780,60.1520,-97.8623,94.3924,-11.1060,1.5734,1.5780,60.1520,-97.8623,94.3924,-11.1060,1.5734,50,50,-100,0,300,0,0
739,1786709060.5346,1786709060.5387,0.03342,1.6703,60.3516,-95.5604,94.8571,-13.5824,1.1905,1.5812,60.6361,-97.9424,94.4199,-10.1386,1.6150,1.5812,60.6361,-97.9424,94.4199,-10.1386,1.6150,0,100,0,0,400,0,0
740,1786709060.5679,1786709060.5737,0.03338,1.6703,60.5275,-95.6484,94.8571,-12.4396,1.1905,1.5071,60.9483,-98.3354,94.4935,-9.8291,1.5952,1.5071,60.9483,-98.3354,94.4935,-9.8291,1.5952,0,50,-50,0,350,0,0
741,1786709060.6014,1786709060.6055,0.03343,1.4945,60.9670,-95.8242,94.8571,-11.5604,1.3228,1.4051,61.4541,-98.3260,94.5375,-8.7231,1.5430,1.4051,61.4541,-98.3260,94.5375,-8.7231,1.5430,0,150,-50,0,350,50,0
742,1786709060.6347,1786709060.6388,0.03335,1.4945,61.3187,-96.2637,94.8571,-10.8571,1.3228,1.4756,61.8010,-98.2230,94.8401,-7.9318,1.6479,1.4756,61.8010,-98.2230,94.8401,-7.9318,1.6479,-50,150,-150,0,150,0,0
743,1786709060.6681,1786709060.6727,0.03343,1.6703,61.6703,-96.4396,94.8571,-9.9780,1.3889,1.4305,61.8571,-98.4212,94.9538,-7.2404,1.6466,1.4305,61.8571,-98.4212,94.9538,-7.2404,1.6466,50,100,-50,0,250,0,0
744,1786709060.7016,1786709060.7057,0.03342,1.6703,62.0220,-96.6154,94.8571,-9.2747,1.4550,1.5879,62.2945,-98.8084,95.1782,-6.4483,1.6465,1.5879,62.2945,-98.8084,95.1782,-6.4483,1.6465,0,100,-50,0,250,0,0
745,1786709060.7349,1786709060.739,0.03333,1.7582,62.4615,-96.7033,94.8571,-8.5714,1.4550,1.5773,62.4665,-98.8814,95.2967,-5.7709,1.7164,1.5773,62.4665,-98.8814,95.2967,-5.7709,1.7164,0,100,-50,0,250,0,0
746,1786709060.7683,1786709060.7724,0.0334,1.5824,62.8132,-96.7033,94.8571,-7.5165,1.4550,1.6516,62.6194,-99.2167,95.4898,-4.6219,1.7589,1.6516,62.6194,-99.2167,95.4898,-4.6219,1.7589,-50,150,0,0,300,0,0
747,1786709060.8017,1786709060.8059,0.03339,1.5824,63.0769,-96.7033,94.9451,-6.9011,1.4550,1.7402,62.5935,-99.0819,95.5815,-4.3938,1.7730,1.7402,62.5935,-99.0819,95.5815,-4.3938,1.7730,0,100,0,0,250,0,0
748,1786709060.8351,1786709060.8393,0.0334,1.6703,63.0769,-96.7033,95.1209,-6.2857,1.4550,1.8174,63.0852,-99.3999,95.8622,-3.4553,1.8353,1.8174,63.0852,-99.3999,95.8622,-3.4553,1.8353,50,0,0,100,250,0,0
749,1786709060.8686,1786709060.8728,0.03348,1.6703,63.0769,-96.7033,95.2088,-5.5824,1.4550,1.8340,63.2710,-99.3694,95.8985,-2.8815,1.8775,1.8340,63.2710,-99.3694,95.8985,-2.8815,1.8775,0,0,0,0,300,0,0
750,1786709060.9019,1786709061.1223,0.03333,1.6703,63.4286,-96.7033,95.4725,-4.7033,1.4550,2.0363,44.7964,-65.9878,96.4131,3.0460,-0.1941,2.0363,53.9560,-86.7912,96.4131,3.0460,-0.1941,0,150,0,50,300,0,1
751,1786709061.1235,1786709061.1289,0.22155,1.6703,63.9560,-96.7912,95.5604,-3.2967,1.5873,2.0209,44.3742,-65.6738,96.8476,2.7497,-0.0589,2.0209,53.9560,-86.7912,96.8476,2.7497,-0.0589,0,0,0,0,0,0,1
752,1786709061.1567,1786709061.1617,0.03325,1.6703,63.9560,-96.7912,95.5604,-3.2967,1.5873,1.7110,44.5440,-65.9777,97.4208,2.9363,-0.1892,1.7110,53.9560,-86.7912,97.4208,2.9363,-0.1892,0,0,0,0,0,0,0
753,1786709061.1902,1786709061.195,0.03344,1.6703,63.7802,-96.2637,96.0879,-2.2418,1.2566,1.6849,44.2757,-66.2005,97.8734,3.0371,-0.1050,1.6849,53.6923,-86.0879,97.8734,3.0371,-0.1050,0,0,100,200,150,-150,0
754,1786709061.2236,1786709061.2283,0.03344,1.6703,62.2857,-93.9780,96.6154,-0.3077,1.0582,1.6166,44.7055,-66.3497,98.3960,2.9621,-0.0686,1.6166,51.9341,-83.5385,98.3960,2.9621,-0.0686,0,-450,800,200,700,-50,0
755,1786709061.2569,1786709061.2613,0.03334,1.6703,60.1758,-90.7253,97.1429,1.0110,1.0582,1.4327,44.8667,-66.7065,98.8919,2.4680,-0.0471,1.4327,49.9121,-80.3736,98.8919,2.4680,-0.0471,0,-700,1100,200,400,0,0
756,1786709061.2903,1786709061.2951,0.03341,1.6703,58.2418,-87.7363,97.4945,1.5385,1.0582,1.7000,44.5770,-66.6823,98.8628,2.7572,-0.0742,1.7000,47.9780,-77.2088,98.8628,2.7572,-0.0742,0,-600,1050,150,250,0,0
757,1786709061.3237,1786709061.3285,0.03334,1.6703,56.4835,-84.7473,97.6703,1.8022,1.0582,1.6074,44.9723,-66.8987,99.2576,2.3949,0.0779,1.6074,46.2198,-74.3956,99.2576,2.3949,0.0779,0,-600,1000,50,100,0,0
758,1786709061.3571,1786709061.3618,0.0334,1.6703,54.7253,-81.7582,98.0220,1.8901,1.0582,1.4785,45.2803,-67.4513,99.1416,1.9714,0.0085,1.4785,45.2803,-71.3187,99.1416,1.9714,0.0085,0,-600,1000,100,50,0,0
759,1786709061.3905,1786709061.3953,0.03339,1.7582,52.8791,-78.6813,98.2857,2.0659,1.0582,1.6804,45.5023,-67.4041,99.1659,2.0509,0.0705,1.6804,45.5023,-68.2418,99.1659,2.0509,0.0705,50,-650,1050,100,0,0,0
760,1786709061.4239,1786709061.4298,0.03346,1.7582,51.3846,-75.7802,98.2857,2.0659,1.0582,1.6544,45.7354,-68.1458,99.1513,1.7615,0.0827,1.6544,45.7354,-68.1458,99.1513,1.7615,0.0827,0,-550,1000,0,0,0,0
761,1786709061.4572,1786709061.4614,0.0333,1.7582,50.5055,-73.0549,98.2857,2.0659,1.0582,1.7089,46.1011,-69.0044,99.1096,1.5526,0.0602,1.7089,46.1011,-69.0044,99.1096,1.5526,0.0602,0,-300,900,0,0,0,0
762,1786709061.4906,1786709061.495,0.03339,1.7582,49.8022,-71.0330,98.2857,1.8022,1.0582,1.4925,46.7824,-69.8102,99.2681,1.1403,0.1527,1.4925,46.7824,-69.8102,99.2681,1.1403,0.1527,0,-250,750,0,0,0,0
763,1786709061.5241,1786709061.5283,0.03349,1.7582,49.5385,-70.5934,98.2857,1.8022,1.0582,1.2728,46.7497,-71.0759,99.5236,0.5153,0.2844,1.2728,46.7497,-71.0759,99.5236,0.5153,0.2844,0,-100,150,0,0,0,0
764,1786709061.5575,1786709061.5616,0.03334,1.7582,49.5385,-70.5934,98.2857,1.6264,1.0582,1.1529,47.1539,-71.7727,99.8064,0.6708,0.2492,1.1529,47.1539,-71.7727,99.8064,0.6708,0.2492,0,0,0,0,-50,0,0
765,1786709061.5908,1786709061.595,0.03338,1.7582,49.5385,-70.6813,98.2857,1.1868,1.0582,0.8426,47.4256,-73.5044,100.0101,-0.2366,0.2047,0.8426,47.4256,-73.5044,100.0101,-0.2366,0.2047,0,0,0,0,-150,0,0
766,1786709061.6242,1786709061.6284,0.03339,1.7582,49.5385,-70.9451,98.4615,1.0989,1.0582,0.5551,47.4942,-74.4785,100.0800,-1.3547,0.2904,0.5551,47.4942,-74.4785,100.0800,-1.3547,0.2904,0,0,-100,50,-50,0,0
767,1786709061.6576,1786709061.6617,0.0334,1.7582,49.6264,-71.4725,98.7253,0.8352,1.0582,0.0361,47.5351,-75.7225,100.3601,-2.9006,0.2069,0.0361,47.5351,-75.7225,100.3601,-2.9006,0.2069,0,0,-250,100,-50,0,0
768,1786709061.691,1786709061.6951,0.03339,1.7582,49.6264,-72.2637,98.9011,-0.1319,1.0582,-0.1720,47.4669,-76.9826,100.3554,-5.0861,0.2310,-0.1720,47.4669,-76.9826,100.3554,-5.0861,0.2310,0,0,-300,50,-300,0,0
769,1786709061.7244,1786709061.7288,0.03343,1.6703,49.6264,-73.0549,99.2527,-1.2747,1.0582,-0.4179,47.4895,-78.1327,100.4033,-7.9900,0.1931,-0.4179,47.4895,-78.1327,100.4033,-7.9900,0.1931,0,0,-250,100,-400,0,0
770,1786709061.7578,1786709061.762,0.03338,1.5824,49.6264,-74.1099,99.4286,-2.6813,1.0582,-0.4341,47.4849,-79.2059,100.1284,-11.3146,0.2529,-0.4341,47.4849,-79.2059,100.1284,-11.3146,0.2529,-50,0,-350,100,-500,0,0
771,1786709061.7912,1786709061.7955,0.03338,1.4945,49.6264,-75.0769,99.5165,-4.7033,1.0582,-0.8815,47.2635,-79.7652,100.0351,-15.6454,0.2555,-0.8815,47.2635,-79.7652,100.0351,-14.9670,0.2555,0,0,-300,50,-700,0,0
772,1786709061.8246,1786709061.8291,0.03342,1.4945,49.6264,-76.0440,99.5165,-7.0769,1.0582,-1.1728,47.4629,-80.9800,99.9354,-20.0570,0.2828,-1.1728,47.4629,-80.9800,99.9354,-17.3407,0.2828,0,0,-350,0,-750,0,0
773,1786709061.858,1786709061.8624,0.03339,1.4066,49.6264,-76.8352,99.6044,-9.8901,1.0582,-1.2780,47.5421,-81.2334,99.8881,-23.8857,0.2229,-1.2780,47.5421,-81.2334,99.8881,-20.2418,0.2229,0,0,-250,50,-950,0,0
774,1786709061.8915,1786709061.8962,0.03344,1.2308,49.7143,-77.8022,99.6923,-12.7033,1.0582,-1.5770,47.8357,-81.1781,99.6794,-27.7416,0.3605,-1.5770,47.8357,-81.1781,99.6794,-23.1429,0.3605,-50,50,-250,50,-950,0,0
775,1786709061.9248,1786709061.9297,0.03336,1.2308,49.7143,-78.4176,99.7802,-15.5165,1.0582,-1.5314,47.8679,-81.7767,99.3281,-30.3283,0.3626,-1.5314,47.8679,-81.7767,99.3281,-25.9560,0.3626,0,0,-250,50,-1000,0,0
776,1786709061.9582,1786709061.9631,0.03338,1.2308,49.7143,-78.7692,99.8681,-18.3297,1.0582,-1.5734,48.2097,-81.6979,99.1475,-30.9466,0.3615,-1.5734,48.2097,-81.6979,99.1475,-28.7692,0.3615,0,0,-100,50,-950,0,0
777,1786709061.9916,1786709061.9963,0.03338,1.2308,49.7143,-79.2088,99.7802,-21.1429,1.0582,-1.4920,48.3940,-82.4778,98.9975,-31.4932,0.3634,-1.4920,48.3940,-82.4778,98.9975,-31.4932,0.3634,0,0,-150,0,-950,0,0
778,1786709062.025,1786709062.0297,0.03345,1.2308,49.7143,-79.3846,99.6044,-23.8681,1.0582,-1.3822,48.7546,-81.6699,98.6819,-30.2631,0.4012,-1.3822,48.7546,-81.6699,98.6819,-30.2631,0.4012,0,0,-50,-50,-950,0,0
779,1786709062.0584,1786709062.063,0.03336,1.2308,49.7143,-79.7363,99.6044,-26.5934,1.0582,-1.2092,49.5095,-82.1619,98.6588,-29.1424,0.4637,-1.2092,49.5095,-82.1619,98.6588,-29.1424,0.4637,0,0,-100,0,-950,0,0
780,1786709062.0918,1786709062.0963,0.03341,1.2308,49.7143,-79.7363,99.4286,-28.4396,1.0582,-1.2633,49.8227,-82.3628,98.2595,-27.7460,0.5022,-1.2633,49.8227,-82.3628,98.2595,-27.7460,0.5022,0,0,-50,-50,-500,0,0
781,1786709062.1252,1786709062.1296,0.03341,1.2308,50.0659,-80.0879,99.2527,-28.4396,1.0582,-0.8491,50.5912,-82.6725,98.1769,-26.5110,0.6202,-0.8491,50.5912,-82.6725,98.1769,-26.5110,0.6202,0,150,-50,-50,-150,0,0
782,1786709062.1586,1786709062.1627,0.03338,1.2308,50.5055,-80.2637,98.9890,-27.8242,1.0582,-0.5737,51.2655,-83.3689,98.1830,-24.9976,0.8642,-0.5737,51.2655,-83.3689,98.1830,-24.9976,0.8642,0,150,-50,-100,150,0,0
783,1786709062.192,1786709062.1963,0.03338,1.2308,51.0330,-80.5275,98.8132,-27.2088,1.0582,-0.2536,52.0554,-83.8286,98.4839,-23.6941,1.2212,-0.2536,52.0554,-83.8286,98.4839,-23.6941,1.2212,0,150,-50,-100,200,0,0
784,1786709062.2254,1786709062.2299,0.03342,1.2308,51.6484,-81.0549,98.7253,-26.4176,1.0582,-0.0451,52.9224,-85.1651,98.4623,-22.1508,2.0382,-0.0451,52.9224,-85.1651,98.4623,-22.1508,2.0382,0,200,-150,0,200,0,0
785,1786709062.2588,1786709062.2633,0.03338,1.2308,52.2637,-81.5824,98.7253,-25.2747,1.1243,0.1656,53.4368,-85.4221,98.6908,-21.1167,2.9164,0.1656,53.4368,-85.4221,98.6908,-21.1167,2.9164,0,250,-150,0,400,50,0
786,1786709062.2922,1786709062.2968,0.03344,1.2308,53.0549,-82.3736,98.7253,-24.3077,1.5212,0.3223,53.7075,-86.2975,98.8498,-19.8038,3.7984,0.3223,53.7075,-86.2975,98.8498,-19.8038,3.7984,0,250,-250,0,300,150,0
787,1786709062.3256,1786709062.3302,0.0334,1.0549,53.8462,-83.0769,98.6374,-22.8132,2.1164,0.4298,54.1262,-86.6360,98.8362,-18.9886,4.6073,0.4298,54.1262,-86.6360,98.8362,-18.9886,4.6073,-100,250,-200,0,500,300,0
788,1786709062.359,1786709062.3634,0.0334,1.0549,54.0220,-83.7802,98.5495,-21.7582,2.7116,0.3027,54.4826,-87.4143,98.7471,-18.5146,5.4016,0.3027,54.4826,-87.4143,98.7471,-18.5146,5.4016,0,50,-250,0,400,250,0
789,1786709062.3923,1786709062.3967,0.03333,1.0549,54.3736,-84.3077,98.7253,-20.7912,3.3069,0.3557,55.0867,-87.9355,98.7070,-18.1764,6.1283,0.3557,55.0867,-87.9355,98.7070,-18.1764,6.1283,0,50,-150,100,350,250,0
790,1786709062.4258,1786709062.4303,0.03343,1.0549,54.9011,-85.0110,98.7253,-20.0000,4.1005,0.1067,55.3485,-87.9786,98.8021,-18.0047,6.7402,0.1067,55.3485,-87.9786,98.8021,-18.0047,6.7402,0,150,-250,0,300,350,0
791,1786709062.4592,1786709062.4636,0.0334,1.0549,55.3407,-85.6264,98.7253,-19.2967,4.8942,0.2495,56.0089,-89.0202,98.8111,-18.1709,7.2772,0.2495,56.0089,-89.0202,98.8111,-18.1709,7.2772,0,200,-200,0,250,350,0
792,1786709062.4925,1786709062.4971,0.0334,1.0549,55.6923,-85.8901,98.7253,-18.9451,5.5556,0.2266,56.2095,-90.1209,99.1018,-18.4341,7.7973,0.2266,56.2095,-90.1209,99.1018,-18.4341,7.7973,0,100,-100,0,100,300,0
793,1786709062.526,1786709062.5303,0.03343,1.0549,56.2198,-86.6813,98.7253,-18.9451,6.1508,0.2138,56.9567,-91.0256,98.8824,-18.9323,7.8147,0.2138,56.9567,-91.0256,98.8824,-18.9323,7.8147,0,200,-250,0,0,250,0
794,1786709062.5593,1786709062.5639,0.03336,1.0549,56.5714,-87.6484,98.7253,-18.8571,6.8122,0.1745,57.4642,-92.1083,98.8778,-19.0376,7.8635,0.1745,57.4642,-92.1083,98.8778,-19.0376,7.8635,0,100,-300,0,50,300,0
795,1786709062.5927,1786709062.5969,0.03341,1.0549,57.0989,-88.4396,98.7253,-18.8571,7.0767,0.0681,57.7282,-93.4375,98.6823,-19.3491,7.6916,0.0681,57.7282,-93.4375,98.6823,-19.3491,7.6916,0,200,-250,0,0,150,0
796,1786709062.6262,1786709062.6303,0.03342,1.0549,57.7143,-89.4066,98.7253,-18.8571,7.2090,-0.3142,58.2913,-93.5938,98.4428,-20.0538,7.3094,-0.3142,58.2913,-93.5938,98.4428,-20.0538,7.3094,0,250,-350,0,0,100,0
797,1786709062.6595,1786709062.664,0.03337,1.0549,58.1538,-90.2857,98.7253,-18.9451,7.2751,-0.5546,58.6414,-94.9368,98.3263,-20.5320,7.1852,-0.5546,58.6414,-94.9368,98.3263,-20.5320,7.1852,0,150,-350,0,0,0,0
798,1786709062.6929,1786709062.6974,0.03337,0.9670,58.5934,-90.9890,98.7253,-19.3846,7.2751,-0.8050,59.2452,-95.5363,98.2234,-21.3091,6.9975,-0.8050,59.2452,-95.5363,98.2234,-21.3091,6.9975,0,150,-200,0,-200,0,0
799,1786709062.7263,1786709062.731,0.03343,0.7912,59.0330,-91.9560,98.7253,-19.9121,7.2751,-1.4699,59.1088,-95.9785,98.2341,-22.4404,6.6447,-1.4699,59.1088,-95.9785,98.2341,-22.4404,6.6447,-100,150,-250,0,-150,0,0
800,1786709062.7597,1786709062.9813,0.03333,0.5275,59.5604,-92.8352,98.7253,-20.4396,7.2751,0.5177,50.3907,-78.2836,104.0950,-16.5918,6.3772,0.5177,50.3907,-83.8022,104.0950,-16.5918,6.3772,-50,200,-300,0,-200,0,1
801,1786709062.9923,1786709062.9942,0.2326,0.3516,59.6484,-93.8022,98.7253,-22.1099,6.8783,0.3575,58.6034,-92.5304,98.5711,-22.5201,6.8470,0.3575,58.6034,-92.5304,98.5711,-22.5201,6.8470,0,0,0,0,0,0,1
