step,t_obs,t_cmd,dt,pos_base,pos_shoulder,pos_elbow,pos_wrist,pos_roll,pos_gripper,cmd_base,cmd_shoulder,cmd_elbow,cmd_wrist,cmd_roll,cmd_gripper,sent_base,sent_shoulder,sent_elbow,sent_wrist,sent_roll,sent_gripper,velraw_base,velraw_shoulder,velraw_elbow,velraw_wrist,velraw_roll,velraw_gripper,chunk_start
0,1787907069.7723,1787907069.7862,0.05525,-0.061359,-0.466330,2.830195,0.447922,1.704253,-0.056757,-0.073256,-0.465868,2.822556,0.437578,1.285871,-0.035846,-0.073300,-0.465900,2.822600,0.437600,1.285900,-0.035800,,,,,,,1
1,1787907069.8276,1787907069.8411,0.05527,-0.061359,-0.466330,2.830195,0.447922,1.704253,-0.056757,-0.074497,-0.469860,2.820482,0.438507,1.282449,-0.036578,-0.074500,-0.469900,2.820500,0.438500,1.282400,-0.036600,,,,,,,1
2,1787907069.8674,1787907069.8822,0.03979,-0.061359,-0.466330,2.830195,0.447922,1.704253,-0.049087,-0.072531,-0.468258,2.823941,0.441329,1.290767,-0.036574,-0.072500,-0.468300,2.823900,0.441300,1.290800,-0.036600,,,,,,,0
3,1787907069.9238,1787907069.9372,0.05645,-0.062893,-0.466330,2.831729,0.440252,1.687379,-0.038350,-0.076140,-0.464099,2.816385,0.441157,1.289715,-0.034052,-0.076100,-0.464100,2.816400,0.441200,1.289700,-0.034100,,,,,,,0
4,1787907069.9794,1787907069.9942,0.05552,-0.065961,-0.467864,2.831729,0.440252,1.642893,-0.036816,-0.076348,-0.471564,2.813171,0.438304,1.282808,-0.034471,-0.076300,-0.471600,2.813200,0.438300,1.282800,-0.034500,,,,,,,0
5,1787907070.0187,1787907070.0329,0.03932,-0.065961,-0.467864,2.831729,0.440252,1.601476,-0.035282,-0.074009,-0.465119,2.813549,0.439382,1.288802,-0.036014,-0.074000,-0.465100,2.813500,0.439400,1.288800,-0.036000,,,,,,,0
6,1787907070.0751,1787907070.0902,0.05639,-0.065961,-0.467864,2.827127,0.440252,1.510971,-0.035282,-0.073498,-0.468574,2.813651,0.439742,1.286411,-0.034731,-0.073500,-0.468600,2.813700,0.439700,1.286400,-0.034700,,,,,,,0
7,1787907070.1138,1787907070.1282,0.03875,-0.065961,-0.467864,2.825593,0.438719,1.452680,-0.035282,-0.077419,-0.467108,2.811876,0.438380,1.282580,-0.035923,-0.077400,-0.467100,2.811900,0.438400,1.282600,-0.035900,,,,,,,0
8,1787907070.1736,1787907070.1892,0.05974,-0.065961,-0.467864,2.824059,0.435651,1.369845,-0.035282,-0.077925,-0.466420,2.809354,0.439249,1.294631,-0.034379,-0.077900,-0.466400,2.809400,0.439200,1.294600,-0.034400,,,,,,,0
9,1787907070.2287,1787907070.2442,0.05514,-0.065961,-0.467864,2.822525,0.434117,1.320757,-0.035282,-0.078182,-0.471047,2.812980,0.431098,1.278936,-0.032901,-0.078200,-0.471000,2.813000,0.431100,1.278900,-0.032900,,,,,,,0
10,1787907070.2674,1787907070.2812,0.03872,-0.065961,-0.467864,2.820991,0.434117,1.300816,-0.035282,-0.075684,-0.470260,2.807418,0.435261,1.287576,-0.034665,-0.075700,-0.470300,2.807400,0.435300,1.287600,-0.034700,,,,,,,0
11,1787907070.3265,1787907070.341,0.05911,-0.065961,-0.467864,2.817923,0.437185,1.288544,-0.035282,-0.074656,-0.470864,2.805907,0.431758,1.284110,-0.035437,-0.074700,-0.470900,2.805900,0.431800,1.284100,-0.035400,,,,,,,0
12,1787907070.3929,1787907070.406,0.06641,-0.065961,-0.467864,2.817923,0.437185,1.287010,-0.035282,-0.073270,-0.472262,2.808051,0.427997,1.284081,-0.034472,-0.073300,-0.472300,2.808100,0.428000,1.284100,-0.034500,,,,,,,0
13,1787907070.4323,1787907070.4471,0.03936,-0.065961,-0.467864,2.817923,0.437185,1.287010,-0.035282,-0.075655,-0.474402,2.805714,0.430468,1.283665,-0.033851,-0.075700,-0.474400,2.805700,0.430500,1.283700,-0.033900,,,,,,,0
14,1787907070.4891,1787907070.5031,0.05683,-0.065961,-0.467864,2.817923,0.432583,1.287010,-0.035282,-0.075550,-0.465678,2.812390,0.431422,1.285536,-0.035635,-0.075500,-0.465700,2.812400,0.431400,1.285500,-0.035600,,,,,,,1
15,1787907070.5452,1787907070.5592,0.05605,-0.065961,-0.470932,2.817923,0.431049,1.287010,-0.035282,-0.074679,-0.463741,2.812930,0.429059,1.287627,-0.034305,-0.074700,-0.463700,2.812900,0.429100,1.287600,-0.034300,,,,,,,1
16,1787907070.5846,1787907070.6008,0.03947,-0.065961,-0.474000,2.817923,0.431049,1.287010,-0.035282,-0.073226,-0.467129,2.807857,0.430361,1.280355,-0.034889,-0.073200,-0.467100,2.807900,0.430400,1.280400,-0.034900,,,,,,,0
17,1787907070.6411,1787907070.656,0.05642,-0.065961,-0.469398,2.817923,0.431049,1.287010,-0.035282,-0.067085,-0.462827,2.815332,0.430590,1.270450,-0.036451,-0.067100,-0.462800,2.815300,0.430600,1.270400,-0.036500,,,,,,,0
18,1787907070.6966,1787907070.711,0.05559,-0.065961,-0.467864,2.817923,0.431049,1.287010,-0.035282,-0.065866,-0.459270,2.812346,0.430959,1.271342,-0.036313,-0.065900,-0.459300,2.812300,0.431000,1.271300,-0.036300,,,,,,,0
19,1787907070.7364,1787907070.751,0.03974,-0.065961,-0.467864,2.817923,0.431049,1.285476,-0.035282,-0.063914,-0.459029,2.815072,0.429386,1.268333,-0.035431,-0.063900,-0.459000,2.815100,0.429400,1.268300,-0.035400,,,,,,,0
20,1787907070.7929,1787907070.8061,0.0565,-0.065961,-0.466330,2.817923,0.431049,1.276272,-0.035282,-0.062565,-0.457466,2.813991,0.428309,1.267311,-0.034006,-0.062600,-0.457500,2.814000,0.428300,1.267300,-0.034000,,,,,,,0
21,1787907070.8322,1787907070.847,0.03934,-0.065961,-0.464796,2.817923,0.431049,1.276272,-0.035282,-0.061348,-0.452625,2.816302,0.426551,1.269341,-0.033072,-0.061300,-0.452600,2.816300,0.426600,1.269300,-0.033100,,,,,,,0
22,1787907070.8916,1787907070.905,0.05942,-0.065961,-0.461728,2.817923,0.431049,1.273204,-0.035282,-0.060366,-0.453164,2.816109,0.427783,1.260228,-0.030382,-0.060400,-0.453200,2.816100,0.427800,1.260200,-0.030400,,,,,,,0
23,1787907070.958,1787907070.9731,0.06637,-0.065961,-0.461728,2.817923,0.431049,1.271670,-0.035282,-0.059180,-0.457450,2.818477,0.424552,1.255200,-0.031217,-0.059200,-0.457400,2.818500,0.424600,1.255200,-0.031200,,,,,,,0
24,1787907070.9969,1787907071.0111,0.03884,-0.065961,-0.458660,2.819457,0.431049,1.271670,-0.035282,-0.055499,-0.457520,2.822890,0.422808,1.250299,-0.030590,-0.055500,-0.457500,2.822900,0.422800,1.250300,-0.030600,,,,,,,0
25,1787907071.0546,1787907071.068,0.05774,-0.064427,-0.455592,2.819457,0.429515,1.264000,-0.035282,-0.058125,-0.457775,2.823740,0.422276,1.254774,-0.030758,-0.058100,-0.457800,2.823700,0.422300,1.254800,-0.030800,,,,,,,0
26,1787907071.121,1787907071.135,0.06642,-0.061359,-0.457126,2.819457,0.424913,1.256330,-0.035282,-0.055649,-0.459266,2.827054,0.423178,1.248524,-0.029324,-0.055600,-0.459300,2.827100,0.423200,1.248500,-0.029300,,,,,,,0
27,1787907071.1603,1787907071.175,0.03924,-0.061359,-0.455592,2.822525,0.421845,1.254796,-0.035282,-0.057134,-0.457529,2.824188,0.420350,1.244761,-0.029830,-0.057100,-0.457500,2.824200,0.420400,1.244800,-0.029800,,,,,,,0
28,1787907071.2176,1787907071.2308,0.05735,-0.061359,-0.457126,2.822525,0.420311,1.254796,-0.035282,-0.056624,-0.457181,2.823150,0.418180,1.240712,-0.029485,-0.056600,-0.457200,2.823200,0.418200,1.240700,-0.029500,,,,,,,0
29,1787907071.2726,1787907071.2881,0.05501,-0.061359,-0.457126,2.825593,0.418777,1.250194,-0.035282,-0.057702,-0.457467,2.821576,0.421212,1.236706,-0.030216,-0.057700,-0.457500,2.821600,0.421200,1.236700,-0.030200,,,,,,,0
30,1787907071.3121,1787907071.3271,0.03951,-0.061359,-0.457126,2.825593,0.418777,1.248660,-0.035282,-0.057120,-0.457332,2.820493,0.420186,1.232225,-0.029046,-0.057100,-0.457300,2.820500,0.420200,1.232200,-0.029000,,,,,,,0
31,1787907071.3706,1787907071.385,0.05849,-0.061359,-0.457126,2.825593,0.418777,1.245592,-0.035282,-0.057325,-0.456534,2.819151,0.418676,1.233163,-0.029587,-0.057300,-0.456500,2.819200,0.418700,1.233200,-0.029600,,,,,,,0
32,1787907071.426,1787907071.4401,0.05543,-0.061359,-0.457126,2.825593,0.418777,1.237922,-0.035282,-0.058528,-0.456592,2.824827,0.421917,1.227229,-0.031166,-0.058500,-0.456600,2.824800,0.421900,1.227200,-0.031200,,,,,,,0
33,1787907071.4656,1787907071.4801,0.03961,-0.061359,-0.457126,2.825593,0.418777,1.237922,-0.035282,-0.056061,-0.460199,2.823478,0.420480,1.226655,-0.028924,-0.056100,-0.460200,2.823500,0.420500,1.226700,-0.028900,,,,,,,1
34,1787907071.5225,1787907071.537,0.05683,-0.061359,-0.457126,2.825593,0.418777,1.236389,-0.035282,-0.054225,-0.461190,2.823144,0.417651,1.225042,-0.028394,-0.054200,-0.461200,2.823100,0.417700,1.225000,-0.028400,,,,,,,1
35,1787907071.5782,1787907071.5931,0.05572,-0.061359,-0.457126,2.825593,0.418777,1.231787,-0.035282,-0.055753,-0.463403,2.822262,0.415931,1.223465,-0.028343,-0.055800,-0.463400,2.822300,0.415900,1.223500,-0.028300,,,,,,,0
36,1787907071.6176,1787907071.6318,0.03939,-0.061359,-0.460194,2.825593,0.417243,1.231787,-0.035282,-0.064109,-0.458034,2.816810,0.413017,1.247780,-0.032854,-0.064100,-0.458000,2.816800,0.413000,1.247800,-0.032900,,,,,,,0
37,1787907071.6741,1787907071.6881,0.05649,-0.058291,-0.461728,2.825593,0.417243,1.230253,-0.033748,-0.063116,-0.456386,2.819813,0.413090,1.247620,-0.031247,-0.063100,-0.456400,2.819800,0.413100,1.247600,-0.031200,,,,,,,0
38,1787907071.7134,1787907071.728,0.03935,-0.058291,-0.460194,2.824059,0.417243,1.230253,-0.033748,-0.064957,-0.452282,2.821155,0.413333,1.253727,-0.030339,-0.065000,-0.452300,2.821200,0.413300,1.253700,-0.030300,,,,,,,0
39,1787907071.7726,1787907071.7861,0.05912,-0.058291,-0.460194,2.824059,0.414175,1.237922,-0.033748,-0.066447,-0.456298,2.822002,0.412236,1.259207,-0.028055,-0.066400,-0.456300,2.822000,0.412200,1.259200,-0.028100,,,,,,,0
40,1787907071.8278,1787907071.8412,0.05525,-0.058291,-0.458660,2.825593,0.412641,1.248660,-0.033748,-0.065801,-0.455564,2.820208,0.411178,1.260553,-0.027915,-0.065800,-0.455600,2.820200,0.411200,1.260600,-0.027900,,,,,,,0
41,1787907071.884,1787907071.8989,0.05616,-0.058291,-0.458660,2.825593,0.412641,1.256330,-0.033748,-0.067845,-0.456211,2.821954,0.409378,1.263641,-0.027895,-0.067800,-0.456200,2.822000,0.409400,1.263600,-0.027900,,,,,,,0
42,1787907071.923,1787907071.9371,0.039,-0.058291,-0.458660,2.825593,0.412641,1.259398,-0.033748,-0.066953,-0.455490,2.819987,0.410555,1.264396,-0.027364,-0.067000,-0.455500,2.820000,0.410600,1.264400,-0.027400,,,,,,,0
43,1787907071.9798,1787907071.9952,0.05687,-0.058291,-0.458660,2.825593,0.412641,1.260932,-0.033748,-0.066748,-0.458161,2.821598,0.409627,1.261389,-0.028038,-0.066700,-0.458200,2.821600,0.409600,1.261400,-0.028000,,,,,,,0
44,1787907072.0195,1787907072.0339,0.03971,-0.059825,-0.458660,2.825593,0.412641,1.260932,-0.033748,-0.062647,-0.455609,2.820363,0.409535,1.266048,-0.026755,-0.062600,-0.455600,2.820400,0.409500,1.266000,-0.026800,,,,,,,0
45,1787907072.0785,1787907072.0931,0.05899,-0.059825,-0.458660,2.825593,0.412641,1.260932,-0.033748,-0.062741,-0.453183,2.818547,0.407628,1.266892,-0.027230,-0.062700,-0.453200,2.818500,0.407600,1.266900,-0.027200,,,,,,,0
46,1787907072.1337,1787907072.1491,0.05515,-0.059825,-0.458660,2.825593,0.412641,1.262466,-0.033748,-0.061536,-0.457532,2.819410,0.405635,1.265390,-0.027311,-0.061500,-0.457500,2.819400,0.405600,1.265400,-0.027300,,,,,,,0
47,1787907072.1733,1787907072.1872,0.03964,-0.059825,-0.458660,2.825593,0.412641,1.264000,-0.033748,-0.061108,-0.452529,2.815505,0.403820,1.271840,-0.028029,-0.061100,-0.452500,2.815500,0.403800,1.271800,-0.028000,,,,,,,0
48,1787907072.2313,1787907072.2462,0.05799,-0.059825,-0.457126,2.825593,0.412641,1.264000,-0.033748,-0.060345,-0.454796,2.815477,0.403316,1.274507,-0.025642,-0.060300,-0.454800,2.815500,0.403300,1.274500,-0.025600,,,,,,,0
49,1787907072.287,1787907072.3031,0.05565,-0.059825,-0.457126,2.825593,0.406505,1.268602,-0.033748,-0.061267,-0.458322,2.818169,0.402364,1.270011,-0.026159,-0.061300,-0.458300,2.818200,0.402400,1.270000,-0.026200,,,,,,,0
50,1787907072.3435,1787907072.3581,0.05649,-0.059825,-0.457126,2.825593,0.406505,1.273204,-0.033748,-0.062233,-0.454200,2.812896,0.401142,1.267761,-0.025824,-0.062200,-0.454200,2.812900,0.401100,1.267800,-0.025800,,,,,,,0
51,1787907072.3835,1787907072.3969,0.04002,-0.059825,-0.457126,2.825593,0.406505,1.273204,-0.033748,-0.060390,-0.456186,2.815333,0.401201,1.269647,-0.025023,-0.060400,-0.456200,2.815300,0.401200,1.269600,-0.025000,,,,,,,0
52,1787907072.4409,1787907072.454,0.05745,-0.059825,-0.457126,2.825593,0.406505,1.273204,-0.033748,-0.060237,-0.455409,2.817905,0.404356,1.272357,-0.023563,-0.060200,-0.455400,2.817900,0.404400,1.272400,-0.023600,,,,,,,1
53,1787907072.4968,1787907072.5122,0.05592,-0.059825,-0.457126,2.825593,0.406505,1.273204,-0.032214,-0.060727,-0.454941,2.816210,0.404540,1.273301,-0.022603,-0.060700,-0.454900,2.816200,0.404500,1.273300,-0.022600,,,,,,,1
54,1787907072.5375,1787907072.5521,0.04067,-0.059825,-0.457126,2.825593,0.406505,1.273204,-0.027612,-0.060208,-0.453461,2.810335,0.402435,1.273417,-0.022285,-0.060200,-0.453500,2.810300,0.402400,1.273400,-0.022300,,,,,,,0
55,1787907072.5944,1787907072.6082,0.05687,-0.059825,-0.457126,2.825593,0.406505,1.273204,-0.027612,-0.064729,-0.457765,2.822994,0.409272,1.273306,-0.025096,-0.064700,-0.457800,2.823000,0.409300,1.273300,-0.025100,,,,,,,0
56,1787907072.6505,1787907072.6649,0.05615,-0.059825,-0.457126,2.825593,0.406505,1.273204,-0.027612,-0.064572,-0.461565,2.827493,0.411094,1.278188,-0.025310,-0.064600,-0.461600,2.827500,0.411100,1.278200,-0.025300,,,,,,,0
57,1787907072.6905,1787907072.7051,0.03997,-0.059825,-0.457126,2.825593,0.406505,1.273204,-0.027612,-0.066032,-0.461025,2.829519,0.408983,1.276266,-0.024703,-0.066000,-0.461000,2.829500,0.409000,1.276300,-0.024700,,,,,,,0
58,1787907072.7475,1787907072.7609,0.05702,-0.059825,-0.457126,2.827127,0.406505,1.273204,-0.027612,-0.067774,-0.460968,2.834336,0.409273,1.282301,-0.025608,-0.067800,-0.461000,2.834300,0.409300,1.282300,-0.025600,,,,,,,0
59,1787907072.814,1787907072.8289,0.06651,-0.059825,-0.461728,2.828661,0.404971,1.276272,-0.027612,-0.067710,-0.461698,2.835403,0.407309,1.281514,-0.024379,-0.067700,-0.461700,2.835400,0.407300,1.281500,-0.024400,,,,,,,0
60,1787907072.8505,1787907072.8649,0.03646,-0.059825,-0.463262,2.828661,0.404971,1.276272,-0.027612,-0.067670,-0.459281,2.838893,0.407349,1.277577,-0.026196,-0.067700,-0.459300,2.838900,0.407300,1.277600,-0.026200,,,,,,,0
61,1787907072.9025,1787907072.916,0.05202,-0.059825,-0.460194,2.833263,0.400369,1.280874,-0.027612,-0.065912,-0.460821,2.839660,0.407282,1.274938,-0.026188,-0.065900,-0.460800,2.839700,0.407300,1.274900,-0.026200,,,,,,,0
62,1787907072.969,1787907072.9831,0.0665,-0.059825,-0.461728,2.833263,0.401903,1.280874,-0.027612,-0.066739,-0.461481,2.839169,0.406456,1.273710,-0.025572,-0.066700,-0.461500,2.839200,0.406500,1.273700,-0.025600,,,,,,,0
63,1787907073.0057,1787907073.0191,0.03673,-0.059825,-0.460194,2.833263,0.401903,1.280874,-0.027612,-0.064564,-0.459465,2.841474,0.404470,1.273675,-0.026521,-0.064600,-0.459500,2.841500,0.404500,1.273700,-0.026500,,,,,,,0
64,1787907073.0574,1787907073.071,0.05161,-0.059825,-0.460194,2.834796,0.401903,1.280874,-0.027612,-0.065060,-0.457032,2.842430,0.406230,1.277812,-0.026391,-0.065100,-0.457000,2.842400,0.406200,1.277800,-0.026400,,,,,,,0
65,1787907073.124,1787907073.1381,0.06664,-0.059825,-0.460194,2.834796,0.400369,1.279340,-0.027612,-0.065377,-0.457158,2.839627,0.405192,1.279196,-0.025700,-0.065400,-0.457200,2.839600,0.405200,1.279200,-0.025700,,,,,,,0
66,1787907073.1605,1787907073.1751,0.03648,-0.059825,-0.460194,2.836330,0.400369,1.279340,-0.027612,-0.065694,-0.453484,2.837199,0.406665,1.279516,-0.025543,-0.065700,-0.453500,2.837200,0.406700,1.279500,-0.025500,,,,,,,0
67,1787907073.2124,1787907073.2279,0.05188,-0.059825,-0.460194,2.836330,0.400369,1.279340,-0.027612,-0.066749,-0.451423,2.837816,0.406139,1.286611,-0.026887,-0.066700,-0.451400,2.837800,0.406100,1.286600,-0.026900,,,,,,,0
68,1787907073.279,1787907073.295,0.06665,-0.059825,-0.460194,2.836330,0.400369,1.279340,-0.027612,-0.064573,-0.453892,2.838188,0.404307,1.279645,-0.025982,-0.064600,-0.453900,2.838200,0.404300,1.279600,-0.026000,,,,,,,0
69,1787907073.346,1787907073.3609,0.067,-0.059825,-0.458660,2.836330,0.400369,1.279340,-0.027612,-0.067524,-0.454436,2.830424,0.407235,1.284523,-0.025791,-0.067500,-0.454400,2.830400,0.407200,1.284500,-0.025800,,,,,,,0
70,1787907073.3845,1787907073.3988,0.03845,-0.059825,-0.457126,2.836330,0.400369,1.282408,-0.027612,-0.065145,-0.456887,2.827188,0.408887,1.286241,-0.023934,-0.065100,-0.456900,2.827200,0.408900,1.286200,-0.023900,,,,,,,1
71,1787907073.4425,1787907073.4571,0.05801,-0.059825,-0.457126,2.836330,0.400369,1.282408,-0.027612,-0.065068,-0.457023,2.824581,0.407706,1.291752,-0.024633,-0.065100,-0.457000,2.824600,0.407700,1.291800,-0.024600,,,,,,,1
72,1787907073.5089,1787907073.5241,0.06639,-0.059825,-0.457126,2.836330,0.400369,1.282408,-0.027612,-0.066232,-0.455960,2.818588,0.406463,1.292323,-0.024675,-0.066200,-0.456000,2.818600,0.406500,1.292300,-0.024700,,,,,,,0
73,1787907073.5478,1787907073.562,0.03896,-0.059825,-0.457126,2.833263,0.400369,1.285476,-0.027612,-0.073265,-0.443292,2.802481,0.410471,1.280716,-0.021997,-0.073300,-0.443300,2.802500,0.410500,1.280700,-0.022000,,,,,,,0
74,1787907073.6055,1787907073.619,0.05766,-0.059825,-0.457126,2.831729,0.400369,1.290078,-0.027612,-0.072279,-0.449594,2.804006,0.408642,1.277712,-0.021704,-0.072300,-0.449600,2.804000,0.408600,1.277700,-0.021700,,,,,,,0
75,1787907073.6718,1787907073.6851,0.06633,-0.059825,-0.455592,2.824059,0.409573,1.291612,-0.027612,-0.073984,-0.449319,2.804512,0.410128,1.275317,-0.023277,-0.074000,-0.449300,2.804500,0.410100,1.275300,-0.023300,,,,,,,0
76,1787907073.7108,1787907073.7251,0.03901,-0.062893,-0.449456,2.817923,0.409573,1.287010,-0.027612,-0.070701,-0.451002,2.809456,0.409809,1.276110,-0.025248,-0.070700,-0.451000,2.809500,0.409800,1.276100,-0.025200,,,,,,,0
77,1787907073.7674,1787907073.7821,0.0566,-0.062893,-0.447922,2.816389,0.409573,1.280874,-0.027612,-0.074136,-0.450045,2.810662,0.415450,1.275180,-0.025468,-0.074100,-0.450000,2.810700,0.415500,1.275200,-0.025500,,,,,,,0
78,1787907073.8235,1787907073.8381,0.05604,-0.062893,-0.455592,2.816389,0.409573,1.279340,-0.027612,-0.075132,-0.447826,2.814472,0.415734,1.280734,-0.024221,-0.075100,-0.447800,2.814500,0.415700,1.280700,-0.024200,,,,,,,0
79,1787907073.8628,1787907073.8771,0.03934,-0.062893,-0.449456,2.816389,0.409573,1.279340,-0.027612,-0.076491,-0.448606,2.809003,0.413716,1.276270,-0.024511,-0.076500,-0.448600,2.809000,0.413700,1.276300,-0.024500,,,,,,,0
80,1787907073.9196,1787907073.9339,0.05675,-0.062893,-0.452524,2.816389,0.409573,1.279340,-0.027612,-0.076164,-0.445660,2.815674,0.416942,1.284465,-0.023553,-0.076200,-0.445700,2.815700,0.416900,1.284500,-0.023600,,,,,,,0
81,1787907073.9583,1787907073.9721,0.03872,-0.064427,-0.454058,2.817923,0.409573,1.279340,-0.027612,-0.077344,-0.450070,2.819255,0.411874,1.276315,-0.022921,-0.077300,-0.450100,2.819300,0.411900,1.276300,-0.022900,,,,,,,0
82,1787907074.0153,1787907074.0299,0.05703,-0.065961,-0.450990,2.817923,0.409573,1.279340,-0.027612,-0.075945,-0.442880,2.818486,0.411526,1.278508,-0.024119,-0.075900,-0.442900,2.818500,0.411500,1.278500,-0.024100,,,,,,,0
83,1787907074.0705,1787907074.0841,0.05514,-0.065961,-0.452524,2.820991,0.409573,1.279340,-0.027612,-0.075104,-0.447001,2.822369,0.409730,1.262998,-0.023526,-0.075100,-0.447000,2.822400,0.409700,1.263000,-0.023500,,,,,,,0
84,1787907074.1106,1787907074.1249,0.04012,-0.065961,-0.450990,2.820991,0.409573,1.279340,-0.027612,-0.075190,-0.447506,2.822956,0.409265,1.264696,-0.021712,-0.075200,-0.447500,2.823000,0.409300,1.264700,-0.021700,,,,,,,0
85,1787907074.1703,1787907074.1851,0.05975,-0.065961,-0.447922,2.820991,0.409573,1.279340,-0.027612,-0.075427,-0.441610,2.823406,0.408298,1.268427,-0.021900,-0.075400,-0.441600,2.823400,0.408300,1.268400,-0.021900,,,,,,,0
86,1787907074.2259,1787907074.2411,0.05558,-0.065961,-0.450990,2.825593,0.409573,1.268602,-0.027612,-0.075051,-0.441343,2.823689,0.405600,1.258915,-0.019975,-0.075100,-0.441300,2.823700,0.405600,1.258900,-0.020000,,,,,,,0
87,1787907074.2819,1787907074.2969,0.05604,-0.065961,-0.447922,2.825593,0.409573,1.268602,-0.027612,-0.075583,-0.440729,2.825274,0.407903,1.259411,-0.018528,-0.075600,-0.440700,2.825300,0.407900,1.259400,-0.018500,,,,,,,0
88,1787907074.3219,1787907074.3352,0.03997,-0.065961,-0.444854,2.825593,0.409573,1.268602,-0.027612,-0.075651,-0.445237,2.813048,0.410830,1.264210,-0.017927,-0.075700,-0.445200,2.813000,0.410800,1.264200,-0.017900,,,,,,,0
89,1787907074.378,1787907074.3932,0.05614,-0.065961,-0.446388,2.827127,0.406505,1.264000,-0.027612,-0.073039,-0.447683,2.800715,0.411264,1.269536,-0.018557,-0.073000,-0.447700,2.800700,0.411300,1.269500,-0.018600,,,,,,,1
90,1787907074.4173,1787907074.4319,0.03923,-0.065961,-0.446388,2.827127,0.406505,1.264000,-0.026078,-0.073694,-0.446316,2.792305,0.409912,1.271525,-0.017846,-0.073700,-0.446300,2.792300,0.409900,1.271500,-0.017800,,,,,,,1
91,1787907074.4744,1787907074.4891,0.05715,-0.065961,-0.446388,2.825593,0.408039,1.264000,-0.026078,-0.076846,-0.445490,2.781224,0.407039,1.263221,-0.018227,-0.076800,-0.445500,2.781200,0.407000,1.263200,-0.018200,,,,,,,0
92,1787907074.5295,1787907074.543,0.05511,-0.065961,-0.447922,2.811787,0.408039,1.267068,-0.026078,-0.078494,-0.452982,2.780234,0.409108,1.268926,-0.016943,-0.078500,-0.453000,2.780200,0.409100,1.268900,-0.016900,,,,,,,0
93,1787907074.5694,1787907074.584,0.03987,-0.065961,-0.446388,2.804117,0.408039,1.268602,-0.026078,-0.077856,-0.454021,2.780944,0.409475,1.269089,-0.017119,-0.077900,-0.454000,2.780900,0.409500,1.269100,-0.017100,,,,,,,0
94,1787907074.6294,1787907074.6442,0.06001,-0.065961,-0.447922,2.793379,0.408039,1.268602,-0.019942,-0.078711,-0.454145,2.779084,0.407243,1.267499,-0.016615,-0.078700,-0.454100,2.779100,0.407200,1.267500,-0.016600,,,,,,,0
95,1787907074.6852,1787907074.6999,0.05574,-0.065961,-0.447922,2.791845,0.408039,1.268602,-0.019942,-0.077809,-0.455154,2.781076,0.405035,1.265016,-0.016512,-0.077800,-0.455200,2.781100,0.405000,1.265000,-0.016500,,,,,,,0
96,1787907074.7247,1787907074.738,0.03958,-0.065961,-0.454058,2.791845,0.408039,1.268602,-0.019942,-0.076994,-0.453431,2.783009,0.401986,1.262745,-0.015422,-0.077000,-0.453400,2.783000,0.402000,1.262700,-0.015400,,,,,,,0
97,1787907074.7824,1787907074.7961,0.05763,-0.065961,-0.454058,2.791845,0.408039,1.268602,-0.019942,-0.079200,-0.454679,2.786007,0.403767,1.263377,-0.017123,-0.079200,-0.454700,2.786000,0.403800,1.263400,-0.017100,,,,,,,0
98,1787907074.8489,1787907074.8639,0.06654,-0.065961,-0.454058,2.791845,0.408039,1.268602,-0.019942,-0.079456,-0.456121,2.782707,0.400796,1.252504,-0.015994,-0.079500,-0.456100,2.782700,0.400800,1.252500,-0.016000,,,,,,,0
99,1787907074.8874,1787907074.902,0.03849,-0.065961,-0.455592,2.791845,0.408039,1.268602,-0.019942,-0.078466,-0.453762,2.788374,0.401342,1.256055,-0.016383,-0.078500,-0.453800,2.788400,0.401300,1.256100,-0.016400,,,,,,,0
100,1787907074.9454,1787907074.9601,0.058,-0.069029,-0.452524,2.791845,0.406505,1.268602,-0.019942,-0.077181,-0.451536,2.788118,0.401643,1.255406,-0.016352,-0.077200,-0.451500,2.788100,0.401600,1.255400,-0.016400,,,,,,,0
101,1787907075.0119,1787907075.0281,0.06651,-0.069029,-0.454058,2.791845,0.406505,1.260932,-0.019942,-0.078190,-0.448893,2.788336,0.402451,1.254069,-0.015915,-0.078200,-0.448900,2.788300,0.402500,1.254100,-0.015900,,,,,,,0
102,1787907075.0674,1787907075.081,0.05545,-0.069029,-0.452524,2.793379,0.406505,1.259398,-0.019942,-0.077558,-0.451391,2.787184,0.399071,1.247812,-0.015394,-0.077600,-0.451400,2.787200,0.399100,1.247800,-0.015400,,,,,,,0
103,1787907075.1063,1787907075.121,0.03893,-0.069029,-0.452524,2.793379,0.406505,1.259398,-0.019942,-0.077209,-0.451957,2.784245,0.402314,1.251505,-0.015558,-0.077200,-0.452000,2.784200,0.402300,1.251500,-0.015600,,,,,,,0
104,1787907075.1626,1787907075.177,0.05636,-0.069029,-0.452524,2.793379,0.404971,1.259398,-0.019942,-0.076434,-0.453340,2.779433,0.399441,1.246210,-0.014200,-0.076400,-0.453300,2.779400,0.399400,1.246200,-0.014200,,,,,,,0
105,1787907075.2021,1787907075.2161,0.03949,-0.069029,-0.452524,2.793379,0.401903,1.254796,-0.019942,-0.076925,-0.451213,2.774096,0.399434,1.247728,-0.014275,-0.076900,-0.451200,2.774100,0.399400,1.247700,-0.014300,,,,,,,0
106,1787907075.2615,1787907075.2759,0.05937,-0.069029,-0.452524,2.793379,0.401903,1.253262,-0.019942,-0.078184,-0.453919,2.771457,0.396148,1.245935,-0.014525,-0.078200,-0.453900,2.771500,0.396100,1.245900,-0.014500,,,,,,,0
107,1787907075.3278,1787907075.3431,0.06635,-0.069029,-0.452524,2.791845,0.401903,1.250194,-0.019942,-0.080997,-0.453726,2.771708,0.397163,1.249618,-0.015744,-0.081000,-0.453700,2.771700,0.397200,1.249600,-0.015700,,,,,,,1
108,1787907075.3664,1787907075.38,0.0385,-0.069029,-0.452524,2.790311,0.401903,1.250194,-0.019942,-0.082354,-0.451037,2.767933,0.397157,1.246225,-0.015724,-0.082400,-0.451000,2.767900,0.397200,1.246200,-0.015700,,,,,,,1
109,1787907075.4244,1787907075.439,0.05801,-0.069029,-0.452524,2.788777,0.400369,1.250194,-0.019942,-0.078474,-0.448988,2.766646,0.399490,1.240426,-0.015747,-0.078500,-0.449000,2.766600,0.399500,1.240400,-0.015700,,,,,,,0
110,1787907075.4794,1787907075.493,0.055,-0.072097,-0.452524,2.785709,0.400369,1.250194,-0.019942,-0.081008,-0.442348,2.792585,0.404214,1.242452,-0.012267,-0.081000,-0.442300,2.792600,0.404200,1.242500,-0.012300,,,,,,,0
111,1787907075.5186,1787907075.5328,0.03923,-0.072097,-0.452524,2.782641,0.400369,1.250194,-0.019942,-0.080553,-0.440996,2.784584,0.403194,1.247925,-0.014610,-0.080600,-0.441000,2.784600,0.403200,1.247900,-0.014600,,,,,,,0
112,1787907075.575,1787907075.5878,0.05638,-0.072097,-0.452524,2.782641,0.400369,1.247126,-0.019942,-0.080010,-0.444378,2.787697,0.402389,1.245360,-0.011776,-0.080000,-0.444400,2.787700,0.402400,1.245400,-0.011800,,,,,,,0
113,1787907075.6136,1787907075.627,0.03864,-0.072097,-0.449456,2.782641,0.400369,1.247126,-0.019942,-0.079338,-0.447513,2.793468,0.401784,1.252076,-0.011144,-0.079300,-0.447500,2.793500,0.401800,1.252100,-0.011100,,,,,,,0
114,1787907075.6735,1787907075.6871,0.05988,-0.072097,-0.440252,2.788777,0.401903,1.247126,-0.018408,-0.081698,-0.448969,2.790070,0.400841,1.248460,-0.009806,-0.081700,-0.449000,2.790100,0.400800,1.248500,-0.009800,,,,,,,0
115,1787907075.7286,1787907075.743,0.05511,-0.072097,-0.449456,2.791845,0.400369,1.247126,-0.018408,-0.082498,-0.445436,2.792741,0.401100,1.252914,-0.009913,-0.082500,-0.445400,2.792700,0.401100,1.252900,-0.009900,,,,,,,0
116,1787907075.7681,1787907075.782,0.03951,-0.072097,-0.452524,2.794913,0.401903,1.247126,-0.015340,-0.081675,-0.443588,2.789812,0.401157,1.250186,-0.009457,-0.081700,-0.443600,2.789800,0.401200,1.250200,-0.009500,,,,,,,0
117,1787907075.8258,1787907075.8401,0.05771,-0.072097,-0.446388,2.794913,0.400369,1.248660,-0.012272,-0.081743,-0.445520,2.801363,0.403553,1.255471,-0.008929,-0.081700,-0.445500,2.801400,0.403600,1.255500,-0.008900,,,,,,,0
118,1787907075.8819,1787907075.897,0.0561,-0.072097,-0.449456,2.794913,0.400369,1.251728,-0.012272,-0.081340,-0.442224,2.807085,0.404541,1.258387,-0.009762,-0.081300,-0.442200,2.807100,0.404500,1.258400,-0.009800,,,,,,,0
119,1787907075.9214,1787907075.935,0.0395,-0.072097,-0.447922,2.794913,0.400369,1.251728,-0.012272,-0.081665,-0.441793,2.807976,0.402636,1.261389,-0.008041,-0.081700,-0.441800,2.808000,0.402600,1.261400,-0.008000,,,,,,,0
120,1787907075.9793,1787907075.9942,0.05791,-0.072097,-0.444854,2.804117,0.400369,1.253262,-0.012272,-0.079960,-0.439488,2.810886,0.398217,1.263495,-0.005874,-0.080000,-0.439500,2.810900,0.398200,1.263500,-0.005900,,,,,,,0
121,1787907076.0346,1787907076.0502,0.05523,-0.072097,-0.449456,2.810253,0.401903,1.259398,-0.012272,-0.078805,-0.438694,2.808972,0.399894,1.259174,-0.005650,-0.078800,-0.438700,2.809000,0.399900,1.259200,-0.005600,,,,,,,0
122,1787907076.0909,1787907076.1062,0.0563,-0.072097,-0.441786,2.810253,0.401903,1.260932,-0.012272,-0.080946,-0.438791,2.810834,0.400215,1.267553,-0.005366,-0.080900,-0.438800,2.810800,0.400200,1.267600,-0.005400,,,,,,,0
123,1787907076.1307,1787907076.1452,0.03981,-0.072097,-0.441786,2.810253,0.400369,1.260932,-0.012272,-0.080516,-0.441717,2.815307,0.396194,1.265400,-0.005375,-0.080500,-0.441700,2.815300,0.396200,1.265400,-0.005400,,,,,,,0
124,1787907076.1887,1787907076.2042,0.05805,-0.072097,-0.444854,2.810253,0.400369,1.260932,-0.012272,-0.079883,-0.440667,2.807794,0.396508,1.262863,-0.003473,-0.079900,-0.440700,2.807800,0.396500,1.262900,-0.003500,,,,,,,0
125,1787907076.2446,1787907076.259,0.05591,-0.072097,-0.441786,2.811787,0.400369,1.264000,-0.012272,-0.077093,-0.444649,2.789579,0.397116,1.256703,-0.005086,-0.077100,-0.444600,2.789600,0.397100,1.256700,-0.005100,,,,,,,1
126,1787907076.2843,1787907076.2989,0.03965,-0.072097,-0.444854,2.816389,0.400369,1.264000,-0.012272,-0.076493,-0.442422,2.778542,0.397064,1.239121,-0.003192,-0.076500,-0.442400,2.778500,0.397100,1.239100,-0.003200,,,,,,,1
127,1787907076.3412,1787907076.3562,0.05691,-0.072097,-0.443320,2.814855,0.400369,1.264000,-0.012272,-0.074772,-0.441424,2.765227,0.395369,1.197528,-0.002791,-0.074800,-0.441400,2.765200,0.395400,1.197500,-0.002800,,,,,,,0
128,1787907076.3966,1787907076.4102,0.05543,-0.072097,-0.444854,2.802583,0.400369,1.257864,-0.010738,-0.085131,-0.439653,2.769114,0.408208,1.250564,-0.003963,-0.085100,-0.439700,2.769100,0.408200,1.250600,-0.004000,,,,,,,0
129,1787907076.4354,1787907076.4502,0.0388,-0.072097,-0.446388,2.791845,0.400369,1.247126,-0.007670,-0.085951,-0.440370,2.768145,0.407091,1.256246,-0.002654,-0.086000,-0.440400,2.768100,0.407100,1.256200,-0.002700,,,,,,,0
130,1787907076.4873,1787907076.5022,0.05186,-0.072097,-0.441786,2.781107,0.400369,1.222583,-0.007670,-0.083774,-0.442222,2.766402,0.406075,1.255319,0.001288,-0.083800,-0.442200,2.766400,0.406100,1.255300,0.001300,,,,,,,0
131,1787907076.5538,1787907076.5669,0.06651,-0.073631,-0.444854,2.781107,0.401903,1.205709,-0.007670,-0.082459,-0.442251,2.759887,0.398866,1.257448,0.005126,-0.082500,-0.442300,2.759900,0.398900,1.257400,0.005100,,,,,,,0
132,1787907076.5924,1787907076.6072,0.03864,-0.075165,-0.444854,2.781107,0.401903,1.205709,-0.006136,-0.078654,-0.438713,2.762815,0.397279,1.258243,0.008055,-0.078700,-0.438700,2.762800,0.397300,1.258200,0.008100,,,,,,,0
133,1787907076.6489,1787907076.6631,0.0565,-0.075165,-0.441786,2.779573,0.401903,1.236389,-0.000000,-0.080349,-0.440030,2.756976,0.395604,1.258189,0.009469,-0.080300,-0.440000,2.757000,0.395600,1.258200,0.009500,,,,,,,0
134,1787907076.7049,1787907076.7199,0.05593,-0.075165,-0.444854,2.774971,0.400369,1.254796,0.001534,-0.078751,-0.437735,2.759884,0.391650,1.256415,0.011794,-0.078800,-0.437700,2.759900,0.391700,1.256400,0.011800,,,,,,,0
135,1787907076.7443,1787907076.7592,0.03938,-0.075165,-0.441786,2.774971,0.400369,1.254796,0.001534,-0.078999,-0.434905,2.746472,0.391026,1.255818,0.009937,-0.079000,-0.434900,2.746500,0.391000,1.255800,0.009900,,,,,,,0
136,1787907076.801,1787907076.8162,0.05676,-0.075165,-0.443320,2.773437,0.400369,1.254796,0.007670,-0.077934,-0.437379,2.756890,0.395708,1.258044,0.009344,-0.077900,-0.437400,2.756900,0.395700,1.258000,0.009300,,,,,,,0
137,1787907076.84,1787907076.8552,0.03901,-0.075165,-0.443320,2.773437,0.395767,1.254796,0.009204,-0.079287,-0.432551,2.763588,0.398478,1.259131,0.007074,-0.079300,-0.432600,2.763600,0.398500,1.259100,0.007100,,,,,,,0
138,1787907076.8993,1787907076.9132,0.05924,-0.075165,-0.441786,2.762699,0.395767,1.254796,0.009204,-0.077185,-0.435454,2.771553,0.397931,1.256119,0.009847,-0.077200,-0.435500,2.771600,0.397900,1.256100,0.009800,,,,,,,0
139,1787907076.9655,1787907076.9792,0.06624,-0.075165,-0.440252,2.770369,0.397301,1.257864,0.009204,-0.077957,-0.434520,2.772229,0.395137,1.254579,0.009700,-0.078000,-0.434500,2.772200,0.395100,1.254600,0.009700,,,,,,,0
140,1787907077.0048,1787907077.0179,0.03928,-0.075165,-0.437185,2.770369,0.397301,1.257864,0.009204,-0.078410,-0.428289,2.774097,0.394958,1.255811,0.013100,-0.078400,-0.428300,2.774100,0.395000,1.255800,0.013100,,,,,,,0
141,1787907077.0615,1787907077.0752,0.05675,-0.075165,-0.437185,2.774971,0.398835,1.257864,0.010738,-0.078457,-0.432153,2.776349,0.396616,1.254214,0.014894,-0.078500,-0.432200,2.776300,0.396600,1.254200,0.014900,,,,,,,0
142,1787907077.1179,1787907077.1309,0.05633,-0.075165,-0.437185,2.776505,0.397301,1.257864,0.010738,-0.079744,-0.432047,2.777641,0.395948,1.253346,0.017007,-0.079700,-0.432000,2.777600,0.395900,1.253300,0.017000,,,,,,,0
143,1787907077.1575,1787907077.1721,0.03961,-0.075165,-0.431049,2.776505,0.397301,1.257864,0.010738,-0.078069,-0.436328,2.759058,0.393369,1.259843,0.021262,-0.078100,-0.436300,2.759100,0.393400,1.259800,0.021300,,,,,,,1
144,1787907077.2144,1787907077.2291,0.05691,-0.075165,-0.431049,2.781107,0.398835,1.257864,0.010738,-0.075976,-0.433033,2.753107,0.394524,1.261932,0.025801,-0.076000,-0.433000,2.753100,0.394500,1.261900,0.025800,,,,,,,1
145,1787907077.2703,1787907077.2849,0.05587,-0.075165,-0.437185,2.781107,0.397301,1.257864,0.015340,-0.074830,-0.434450,2.736159,0.389389,1.266445,0.024456,-0.074800,-0.434400,2.736200,0.389400,1.266400,0.024500,,,,,,,0
146,1787907077.3096,1787907077.3231,0.03935,-0.075165,-0.432583,2.776505,0.397301,1.257864,0.021476,-0.084670,-0.431155,2.744205,0.397246,1.244812,-0.002812,-0.084700,-0.431200,2.744200,0.397200,1.244800,-0.002800,,,,,,,0
147,1787907077.3665,1787907077.3811,0.05688,-0.075165,-0.432583,2.764233,0.395767,1.262466,0.023010,-0.086448,-0.432045,2.743315,0.397192,1.250850,-0.004265,-0.086400,-0.432000,2.743300,0.397200,1.250900,-0.004300,,,,,,,0
148,1787907077.4053,1787907077.4201,0.03877,-0.075165,-0.435651,2.759631,0.392699,1.264000,0.021476,-0.085903,-0.435332,2.745838,0.394643,1.254676,-0.004348,-0.085900,-0.435300,2.745800,0.394600,1.254700,-0.004300,,,,,,,0
149,1787907077.4621,1787907077.4771,0.05687,-0.075165,-0.434117,2.751962,0.389631,1.256330,-0.001534,-0.084203,-0.437934,2.747201,0.397027,1.255698,-0.004224,-0.084200,-0.437900,2.747200,0.397000,1.255700,-0.004200,,,,,,,0
150,1787907077.5307,1787907077.5441,0.06859,-0.075165,-0.435651,2.753496,0.392699,1.251728,-0.001534,-0.083016,-0.438206,2.752682,0.391679,1.261368,-0.000176,-0.083000,-0.438200,2.752700,0.391700,1.261400,-0.000200,,,,,,,0
151,1787907077.5696,1787907077.5831,0.03887,-0.075165,-0.437185,2.753496,0.392699,1.253262,-0.001534,-0.083561,-0.438059,2.755543,0.390577,1.264988,0.001231,-0.083600,-0.438100,2.755500,0.390600,1.265000,0.001200,,,,,,,0
152,1787907077.6262,1787907077.6421,0.05666,-0.075165,-0.434117,2.753496,0.392699,1.256330,-0.001534,-0.082173,-0.439820,2.758362,0.390957,1.270100,0.002888,-0.082200,-0.439800,2.758400,0.391000,1.270100,0.002900,,,,,,,0
153,1787907077.6816,1787907077.6951,0.05536,-0.075165,-0.438719,2.756563,0.392699,1.264000,-0.001534,-0.082596,-0.440148,2.759251,0.386799,1.274572,0.008497,-0.082600,-0.440100,2.759300,0.386800,1.274600,0.008500,,,,,,,0
154,1787907077.7212,1787907077.7351,0.03961,-0.075165,-0.438719,2.756563,0.392699,1.264000,-0.001534,-0.081863,-0.441646,2.757043,0.385696,1.273088,0.013098,-0.081900,-0.441600,2.757000,0.385700,1.273100,0.013100,,,,,,,0
155,1787907077.7779,1787907077.7921,0.05665,-0.075165,-0.435651,2.758097,0.392699,1.270136,-0.000000,-0.081567,-0.442856,2.760087,0.381402,1.278017,0.020325,-0.081600,-0.442900,2.760100,0.381400,1.278000,0.020300,,,,,,,0
156,1787907077.8173,1787907077.8309,0.03939,-0.075165,-0.437185,2.758097,0.389631,1.273204,0.010738,-0.081521,-0.446887,2.760736,0.379948,1.284216,0.027643,-0.081500,-0.446900,2.760700,0.379900,1.284200,0.027600,,,,,,,0
157,1787907077.8763,1787907077.8911,0.05908,-0.075165,-0.443320,2.758097,0.388097,1.273204,0.012272,-0.081328,-0.446294,2.756978,0.379874,1.285857,0.030654,-0.081300,-0.446300,2.757000,0.379900,1.285900,0.030700,,,,,,,0
158,1787907077.9429,1787907077.9571,0.06653,-0.075165,-0.443320,2.761165,0.383495,1.280874,0.024544,-0.081031,-0.452076,2.753536,0.379188,1.279402,0.031141,-0.081000,-0.452100,2.753500,0.379200,1.279400,0.031100,,,,,,,0
159,1787907077.9817,1787907077.9951,0.03885,-0.075165,-0.443320,2.764233,0.383495,1.282408,0.024544,-0.083009,-0.448451,2.746199,0.379717,1.287309,0.030414,-0.083000,-0.448500,2.746200,0.379700,1.287300,0.030400,,,,,,,0
160,1787907078.0393,1787907078.0551,0.05762,-0.075165,-0.446388,2.764233,0.383495,1.282408,0.024544,-0.082896,-0.447759,2.745883,0.384814,1.284662,0.030277,-0.082900,-0.447800,2.745900,0.384800,1.284700,0.030300,,,,,,,0
161,1787907078.0946,1787907078.1091,0.05524,-0.075165,-0.446388,2.764233,0.383495,1.282408,0.024544,-0.079693,-0.445328,2.719081,0.383900,1.279097,0.026625,-0.079700,-0.445300,2.719100,0.383900,1.279100,0.026600,,,,,,,1
162,1787907078.1334,1787907078.1482,0.03883,-0.075165,-0.446388,2.764233,0.383495,1.285476,0.024544,-0.079624,-0.431969,2.701407,0.384241,1.258341,0.025296,-0.079600,-0.432000,2.701400,0.384200,1.258300,0.025300,,,,,,,1
163,1787907078.1916,1787907078.2062,0.05817,-0.075165,-0.446388,2.759631,0.383495,1.285476,0.024544,-0.082257,-0.419609,2.668855,0.384993,1.203370,0.021839,-0.082300,-0.419600,2.668900,0.385000,1.203400,0.021800,,,,,,,0
164,1787907078.2474,1787907078.2611,0.05587,-0.075165,-0.446388,2.741224,0.383495,1.283942,0.024544,-0.075526,-0.436378,2.744707,0.408975,1.290111,0.015012,-0.075500,-0.436400,2.744700,0.409000,1.290100,0.015000,,,,,,,0
165,1787907078.2855,1787907078.299,0.0381,-0.075165,-0.438719,2.722816,0.383495,1.268602,0.024544,-0.074390,-0.433269,2.756825,0.404112,1.291977,0.016227,-0.074400,-0.433300,2.756800,0.404100,1.292000,0.016200,,,,,,,0
166,1787907078.3373,1787907078.3521,0.05176,-0.075165,-0.423379,2.695204,0.383495,1.237922,0.024544,-0.074861,-0.433083,2.758826,0.402156,1.281218,0.012257,-0.074900,-0.433100,2.758800,0.402200,1.281200,0.012300,,,,,,,0
167,1787907078.4036,1787907078.4181,0.06625,-0.075165,-0.427981,2.682932,0.391165,1.211845,0.024544,-0.076165,-0.433889,2.765118,0.402312,1.281922,0.015625,-0.076200,-0.433900,2.765100,0.402300,1.281900,0.015600,,,,,,,0
168,1787907078.4428,1787907078.4581,0.03926,-0.075165,-0.435651,2.693670,0.401903,1.211845,0.023010,-0.073063,-0.429272,2.776282,0.398170,1.278346,0.018833,-0.073100,-0.429300,2.776300,0.398200,1.278300,0.018800,,,,,,,0
169,1787907078.5002,1787907078.5142,0.05736,-0.075165,-0.431049,2.728952,0.398835,1.234855,0.015340,-0.070164,-0.428044,2.783680,0.400040,1.286825,0.021444,-0.070200,-0.428000,2.783700,0.400000,1.286800,0.021400,,,,,,,0
170,1787907078.5665,1787907078.581,0.06635,-0.075165,-0.432583,2.770369,0.401903,1.271670,0.015340,-0.068336,-0.429731,2.789300,0.397825,1.291627,0.030381,-0.068300,-0.429700,2.789300,0.397800,1.291600,0.030400,,,,,,,0
171,1787907078.6055,1787907078.6202,0.03901,-0.075165,-0.437185,2.779573,0.401903,1.280874,0.015340,-0.066979,-0.427447,2.791350,0.396921,1.291988,0.036964,-0.067000,-0.427400,2.791300,0.396900,1.292000,0.037000,,,,,,,0
172,1787907078.6632,1787907078.6782,0.05765,-0.073631,-0.427981,2.785709,0.401903,1.287010,0.019942,-0.065596,-0.431062,2.789270,0.392567,1.291157,0.042254,-0.065600,-0.431100,2.789300,0.392600,1.291200,0.042300,,,,,,,0
173,1787907078.7298,1787907078.7441,0.0666,-0.073631,-0.434117,2.793379,0.400369,1.288544,0.033748,-0.067465,-0.427112,2.789148,0.393244,1.297620,0.043640,-0.067500,-0.427100,2.789100,0.393200,1.297600,0.043600,,,,,,,0
174,1787907078.7684,1787907078.7819,0.03865,-0.070563,-0.435651,2.794913,0.400369,1.290078,0.038350,-0.065048,-0.432250,2.785359,0.386760,1.289625,0.051127,-0.065000,-0.432300,2.785400,0.386800,1.289600,0.051100,,,,,,,0
175,1787907078.8263,1787907078.84,0.05785,-0.070563,-0.429515,2.793379,0.395767,1.291612,0.038350,-0.066770,-0.432185,2.779763,0.385655,1.285347,0.053807,-0.066800,-0.432200,2.779800,0.385700,1.285300,0.053800,,,,,,,0
176,1787907078.8815,1787907078.8952,0.05524,-0.070563,-0.435651,2.793379,0.392699,1.294680,0.047553,-0.067205,-0.429811,2.774188,0.384602,1.272668,0.051792,-0.067200,-0.429800,2.774200,0.384600,1.272700,0.051800,,,,,,,0
177,1787907078.9208,1787907078.9339,0.03928,-0.070563,-0.435651,2.793379,0.388097,1.294680,0.050621,-0.068146,-0.425043,2.761027,0.381963,1.252497,0.046362,-0.068100,-0.425000,2.761000,0.382000,1.252500,0.046400,,,,,,,0
178,1787907078.9772,1787907078.9912,0.05637,-0.070563,-0.431049,2.791845,0.388097,1.290078,0.050621,-0.068847,-0.420855,2.747535,0.380165,1.216258,0.044014,-0.068800,-0.420900,2.747500,0.380200,1.216300,0.044000,,,,,,,0
179,1787907079.0162,1787907079.03,0.03898,-0.070563,-0.432583,2.788777,0.388097,1.279340,0.050621,-0.067333,-0.415431,2.724409,0.381952,1.157180,0.042974,-0.067300,-0.415400,2.724400,0.382000,1.157200,0.043000,,,,,,,0
180,1787907079.0732,1787907079.0881,0.05707,-0.070563,-0.429515,2.774971,0.383495,1.257864,0.050621,-0.067573,-0.393226,2.661845,0.373401,0.888257,0.030364,-0.067600,-0.393200,2.661800,0.373400,0.888300,0.030400,,,,,,,1
181,1787907079.1418,1787907079.1551,0.06854,-0.070563,-0.418777,2.751962,0.383495,1.219515,0.050621,-0.069884,-0.386197,2.613425,0.364197,0.694502,0.025792,-0.069900,-0.386200,2.613400,0.364200,0.694500,0.025800,,,,,,,1
182,1787907079.1786,1787907079.192,0.03685,-0.070563,-0.420311,2.739690,0.383495,1.191903,0.044485,-0.071137,-0.383871,2.567942,0.355439,0.541584,0.020135,-0.071100,-0.383900,2.567900,0.355400,0.541600,0.020100,,,,,,,0
183,1787907079.2302,1787907079.2451,0.05162,-0.070563,-0.408039,2.718214,0.377359,1.139748,0.032214,-0.069081,-0.425424,2.712057,0.398964,1.016670,0.016371,-0.069100,-0.425400,2.712100,0.399000,1.016700,0.016400,,,,,,,0
184,1787907079.2967,1787907079.3111,0.06641,-0.070563,-0.386563,2.658389,0.362019,1.044641,0.027612,-0.070658,-0.429082,2.718159,0.403674,1.097862,0.018448,-0.070700,-0.429100,2.718200,0.403700,1.097900,0.018400,,,,,,,0
185,1787907079.3333,1787907079.348,0.03668,-0.070563,-0.391165,2.621573,0.358952,0.981748,0.026078,-0.071003,-0.429559,2.723969,0.402176,1.157555,0.020390,-0.071000,-0.429600,2.724000,0.402200,1.157600,0.020400,,,,,,,0
186,1787907079.3854,1787907079.399,0.05204,-0.070563,-0.397301,2.590894,0.371223,0.894311,0.019942,-0.071438,-0.431026,2.730712,0.402830,1.194098,0.022031,-0.071400,-0.431000,2.730700,0.402800,1.194100,0.022000,,,,,,,0
187,1787907079.4519,1787907079.4659,0.0665,-0.070563,-0.426447,2.583224,0.395767,0.814544,0.019942,-0.069902,-0.430303,2.739351,0.401317,1.223629,0.022078,-0.069900,-0.430300,2.739400,0.401300,1.223600,0.022100,,,,,,,0
188,1787907079.4885,1787907079.5041,0.0366,-0.070563,-0.434117,2.593962,0.398835,0.785398,0.019942,-0.070547,-0.429664,2.741702,0.399875,1.237129,0.021357,-0.070500,-0.429700,2.741700,0.399900,1.237100,0.021400,,,,,,,0
189,1787907079.5402,1787907079.5541,0.05174,-0.070563,-0.420311,2.632311,0.398835,0.760854,0.019942,-0.071259,-0.428173,2.746983,0.399429,1.246076,0.020008,-0.071300,-0.428200,2.747000,0.399400,1.246100,0.020000,,,,,,,0
190,1787907079.596,1787907079.6101,0.05577,-0.070563,-0.432583,2.689068,0.398835,0.757787,0.019942,-0.072538,-0.424716,2.751973,0.399771,1.251297,0.017725,-0.072500,-0.424700,2.752000,0.399800,1.251300,0.017700,,,,,,,0
191,1787907079.6337,1787907079.6469,0.0377,-0.070563,-0.434117,2.718214,0.398835,0.770058,0.019942,-0.072391,-0.425908,2.755714,0.398482,1.254756,0.015543,-0.072400,-0.425900,2.755700,0.398500,1.254800,0.015500,,,,,,,0
192,1787907079.6852,1787907079.699,0.05155,-0.070563,-0.420311,2.744292,0.398835,0.814544,0.019942,-0.071830,-0.421324,2.755939,0.396112,1.253076,0.016227,-0.071800,-0.421300,2.755900,0.396100,1.253100,0.016200,,,,,,,0
193,1787907079.741,1787907079.755,0.05575,-0.070563,-0.432583,2.756563,0.398835,0.882039,0.019942,-0.071166,-0.420780,2.757248,0.393849,1.258874,0.016314,-0.071200,-0.420800,2.757200,0.393800,1.258900,0.016300,,,,,,,0
194,1787907079.8087,1787907079.8221,0.06776,-0.070563,-0.420311,2.756563,0.395767,0.992486,0.019942,-0.069469,-0.419999,2.759620,0.391041,1.266419,0.016464,-0.069500,-0.420000,2.759600,0.391000,1.266400,0.016500,,,,,,,0
195,1787907079.8482,1787907079.863,0.03948,-0.070563,-0.418777,2.758097,0.397301,1.055379,0.019942,-0.068855,-0.416680,2.763535,0.393038,1.279247,0.020911,-0.068900,-0.416700,2.763500,0.393000,1.279200,0.020900,,,,,,,0
196,1787907079.9048,1787907079.9181,0.05663,-0.070563,-0.429515,2.758097,0.397301,1.147418,0.019942,-0.068564,-0.415521,2.763094,0.391020,1.283803,0.028956,-0.068600,-0.415500,2.763100,0.391000,1.283800,0.029000,,,,,,,0
197,1787907079.9601,1787907079.975,0.05526,-0.070563,-0.418777,2.762699,0.395767,1.213379,0.019942,-0.067755,-0.412132,2.767882,0.387061,1.295370,0.046167,-0.067800,-0.412100,2.767900,0.387100,1.295400,0.046200,,,,,,,0
198,1787907079.9998,1787907080.0141,0.03974,-0.070563,-0.418777,2.767301,0.394233,1.244058,0.019942,-0.065715,-0.407320,2.776631,0.386424,1.307957,0.074157,-0.065700,-0.407300,2.776600,0.386400,1.308000,0.074200,,,,,,,0
199,1787907080.0561,1787907080.0711,0.05623,-0.070563,-0.424913,2.767301,0.394233,1.277806,0.038350,-0.059352,-0.397703,2.796770,0.385057,1.311069,0.136652,-0.059400,-0.397700,2.796800,0.385100,1.311100,0.136700,,,,,,,1
200,1787907080.0954,1787907080.1101,0.03936,-0.070563,-0.411107,2.770369,0.389631,1.291612,0.058291,-0.056844,-0.393282,2.800305,0.381789,1.311947,0.150079,-0.056800,-0.393300,2.800300,0.381800,1.311900,0.150100,,,,,,,1
201,1787907080.1542,1787907080.1702,0.05878,-0.070563,-0.412641,2.781107,0.388097,1.306952,0.090505,-0.053128,-0.390659,2.808348,0.380188,1.317471,0.163420,-0.053100,-0.390700,2.808300,0.380200,1.317500,0.163400,,,,,,,0
202,1787907080.2207,1787907080.2352,0.06651,-0.061359,-0.394233,2.799515,0.388097,1.310020,0.153398,-0.060299,-0.406550,2.804176,0.396569,0.991822,0.053281,-0.060300,-0.406600,2.804200,0.396600,0.991800,0.053300,,,,,,,0
203,1787907080.2599,1787907080.2731,0.03914,-0.061359,-0.389631,2.801049,0.388097,1.310020,0.158000,-0.059372,-0.408243,2.810459,0.400094,0.935866,0.046290,-0.059400,-0.408200,2.810500,0.400100,0.935900,0.046300,,,,,,,0
204,1787907080.3169,1787907080.3309,0.05707,-0.061359,-0.401903,2.808719,0.386563,1.314622,0.153398,-0.055484,-0.410249,2.808810,0.400409,0.896772,0.041535,-0.055500,-0.410200,2.808800,0.400400,0.896800,0.041500,,,,,,,0
205,1787907080.3839,1787907080.3969,0.067,-0.061359,-0.398835,2.807185,0.388097,1.297748,0.042951,-0.054886,-0.413493,2.806310,0.405510,0.873892,0.033050,-0.054900,-0.413500,2.806300,0.405500,0.873900,0.033100,,,,,,,0
206,1787907080.4208,1787907080.4361,0.03689,-0.061359,-0.412641,2.808719,0.395767,1.267068,0.042951,-0.051779,-0.413269,2.802657,0.405707,0.861259,0.027501,-0.051800,-0.413300,2.802700,0.405700,0.861300,0.027500,,,,,,,0
207,1787907080.4722,1787907080.4872,0.05136,-0.061359,-0.411107,2.811787,0.401903,1.207243,0.042951,-0.053570,-0.414318,2.796762,0.407366,0.846425,0.027246,-0.053600,-0.414300,2.796800,0.407400,0.846400,0.027200,,,,,,,0
208,1787907080.5387,1787907080.5522,0.06651,-0.059825,-0.409573,2.807185,0.398835,1.102932,0.030680,-0.055950,-0.416754,2.787137,0.402784,0.818142,0.026589,-0.055900,-0.416800,2.787100,0.402800,0.818100,0.026600,,,,,,,0
209,1787907080.5775,1787907080.5921,0.03882,-0.058291,-0.420311,2.810253,0.406505,1.043107,0.030680,-0.052825,-0.412630,2.769461,0.397389,0.777928,0.022348,-0.052800,-0.412600,2.769500,0.397400,0.777900,0.022300,,,,,,,0
210,1787907080.6344,1787907080.6482,0.05688,-0.058291,-0.411107,2.805651,0.403437,0.951068,0.030680,-0.052652,-0.408942,2.752834,0.395295,0.730823,0.017028,-0.052700,-0.408900,2.752800,0.395300,0.730800,0.017000,,,,,,,0
211,1787907080.6898,1787907080.7042,0.05539,-0.056757,-0.418777,2.794913,0.403437,0.880505,0.029146,-0.050971,-0.408975,2.725021,0.391178,0.671579,0.009156,-0.051000,-0.409000,2.725000,0.391200,0.671600,0.009200,,,,,,,0
212,1787907080.7286,1787907080.7422,0.03878,-0.056757,-0.421845,2.784175,0.400369,0.840621,0.026078,-0.053191,-0.399404,2.678370,0.382813,0.601317,0.009737,-0.053200,-0.399400,2.678400,0.382800,0.601300,0.009700,,,,,,,0
213,1787907080.7802,1787907080.7961,0.0516,-0.055223,-0.408039,2.768835,0.397301,0.785398,0.018408,-0.054004,-0.393026,2.632375,0.371908,0.536679,0.015385,-0.054000,-0.393000,2.632400,0.371900,0.536700,0.015400,,,,,,,0
214,1787907080.8467,1787907080.8622,0.06649,-0.055223,-0.412641,2.751962,0.389631,0.717903,0.013806,-0.058486,-0.384292,2.574955,0.370262,0.500700,0.020926,-0.058500,-0.384300,2.575000,0.370300,0.500700,0.020900,,,,,,,0
215,1787907080.9138,1787907080.929,0.06715,-0.055223,-0.391165,2.704408,0.378893,0.636602,0.013806,-0.068821,-0.372124,2.533102,0.361765,0.487798,0.028271,-0.068800,-0.372100,2.533100,0.361800,0.487800,0.028300,,,,,,,0
216,1787907080.969,1787907080.9832,0.05521,-0.055223,-0.394233,2.653787,0.372757,0.578311,0.013806,-0.088989,-0.361722,2.477261,0.357574,0.476105,0.031707,-0.089000,-0.361700,2.477300,0.357600,0.476100,0.031700,,,,,,,0
217,1787907081.0076,1787907081.0221,0.03862,-0.055223,-0.395767,2.626175,0.372757,0.544563,0.019942,-0.209206,-0.298880,2.344607,0.347399,0.498166,0.037711,-0.209200,-0.298900,2.344600,0.347400,0.498200,0.037700,,,,,,,1
218,1787907081.0592,1787907081.073,0.0515,-0.059825,-0.371223,2.581690,0.365087,0.507748,0.024544,-0.261928,-0.278410,2.303340,0.343782,0.506591,0.045107,-0.261900,-0.278400,2.303300,0.343800,0.506600,0.045100,,,,,,,1
219,1787907081.1257,1787907081.139,0.06659,-0.075165,-0.369689,2.526466,0.354350,0.484738,0.035282,-0.317693,-0.249682,2.269557,0.337189,0.522551,0.054757,-0.317700,-0.249700,2.269600,0.337200,0.522600,0.054800,,,,,,,0
220,1787907081.1626,1787907081.1769,0.03688,-0.095107,-0.346680,2.485049,0.349748,0.483204,0.038350,-0.178103,-0.395663,2.534515,0.366333,0.640550,0.052795,-0.178100,-0.395700,2.534500,0.366300,0.640500,0.052800,,,,,,,0
221,1787907081.2141,1787907081.228,0.05152,-0.145728,-0.291456,2.414486,0.345146,0.497010,0.041417,-0.114475,-0.423776,2.656410,0.376354,0.709409,0.041545,-0.114500,-0.423800,2.656400,0.376400,0.709400,0.041500,,,,,,,0
222,1787907081.2808,1787907081.296,0.06663,-0.228563,-0.277651,2.340855,0.342078,0.530757,0.050621,-0.089090,-0.434253,2.719090,0.380913,0.747944,0.037253,-0.089100,-0.434300,2.719100,0.380900,0.747900,0.037300,,,,,,,0
223,1787907081.3478,1787907081.362,0.06703,-0.283786,-0.253107,2.294835,0.362019,0.595185,0.049087,-0.079825,-0.442516,2.748209,0.381161,0.763426,0.034041,-0.079800,-0.442500,2.748200,0.381200,0.763400,0.034000,,,,,,,0
224,1787907081.3845,1787907081.3989,0.03667,-0.300660,-0.263845,2.291767,0.371223,0.636602,0.041417,-0.073439,-0.443350,2.764525,0.383384,0.773488,0.032840,-0.073400,-0.443300,2.764500,0.383400,0.773500,0.032800,,,,,,,0
225,1787907081.436,1787907081.4501,0.05152,-0.308330,-0.319068,2.291767,0.375825,0.693359,0.036816,-0.068882,-0.447259,2.778020,0.383728,0.784431,0.029715,-0.068900,-0.447300,2.778000,0.383700,0.784400,0.029700,,,,,,,0
226,1787907081.5028,1787907081.516,0.0668,-0.282252,-0.380427,2.340855,0.375825,0.745515,0.036816,-0.066346,-0.446149,2.781502,0.383781,0.784686,0.028613,-0.066300,-0.446100,2.781500,0.383800,0.784700,0.028600,,,,,,,0
227,1787907081.5396,1787907081.5531,0.03679,-0.256175,-0.409573,2.377670,0.380427,0.763922,0.036816,-0.067836,-0.445605,2.782939,0.383976,0.789804,0.025697,-0.067800,-0.445600,2.782900,0.384000,0.789800,0.025700,,,,,,,0
228,1787907081.5912,1787907081.6061,0.05161,-0.190214,-0.446388,2.449767,0.378893,0.780796,0.036816,-0.066274,-0.443759,2.779496,0.382867,0.797471,0.027146,-0.066300,-0.443800,2.779500,0.382900,0.797500,0.027100,,,,,,,0
229,1787907081.6578,1787907081.6721,0.06657,-0.119651,-0.435651,2.574020,0.378893,0.788466,0.030680,-0.069852,-0.441141,2.772339,0.384361,0.794960,0.026693,-0.069900,-0.441100,2.772300,0.384400,0.795000,0.026700,,,,,,,0
230,1787907081.6947,1787907081.7089,0.03696,-0.093573,-0.435651,2.636913,0.378893,0.790000,0.030680,-0.068061,-0.440129,2.768137,0.382536,0.801069,0.027494,-0.068100,-0.440100,2.768100,0.382500,0.801100,0.027500,,,,,,,0
231,1787907081.7463,1787907081.7611,0.05152,-0.073631,-0.452524,2.705942,0.378893,0.796136,0.030680,-0.072352,-0.440161,2.761270,0.382971,0.800430,0.026373,-0.072400,-0.440200,2.761300,0.383000,0.800400,0.026400,,,,,,,0
232,1787907081.8127,1787907081.827,0.06647,-0.072097,-0.435651,2.762699,0.378893,0.797670,0.030680,-0.070915,-0.439009,2.750946,0.383114,0.797914,0.025078,-0.070900,-0.439000,2.750900,0.383100,0.797900,0.025100,,,,,,,0
233,1787907081.8512,1787907081.8649,0.03851,-0.072097,-0.446388,2.781107,0.378893,0.800738,0.030680,-0.070190,-0.436904,2.741101,0.381227,0.796789,0.026898,-0.070200,-0.436900,2.741100,0.381200,0.796800,0.026900,,,,,,,0
234,1787907081.9083,1787907081.924,0.05708,-0.072097,-0.441786,2.787243,0.378893,0.800738,0.030680,-0.067699,-0.432465,2.723086,0.380667,0.779799,0.028459,-0.067700,-0.432500,2.723100,0.380700,0.779800,0.028500,,,,,,,0
235,1787907081.9757,1787907081.99,0.06741,-0.072097,-0.440252,2.765767,0.377359,0.800738,0.030680,-0.067203,-0.418457,2.586761,0.367602,0.633191,0.030634,-0.067200,-0.418500,2.586800,0.367600,0.633200,0.030600,,,,,,,1
236,1787907082.0142,1787907082.028,0.03849,-0.072097,-0.446388,2.755029,0.377359,0.800738,0.030680,-0.072976,-0.410352,2.527453,0.357883,0.554552,0.036622,-0.073000,-0.410400,2.527500,0.357900,0.554600,0.036600,,,,,,,1
237,1787907082.0721,1787907082.086,0.05784,-0.070563,-0.429515,2.739690,0.377359,0.785398,0.030680,-0.084342,-0.401995,2.470320,0.352268,0.477737,0.043875,-0.084300,-0.402000,2.470300,0.352300,0.477700,0.043900,,,,,,,0
238,1787907082.1386,1787907082.152,0.06656,-0.070563,-0.424913,2.704408,0.365087,0.747049,0.030680,-0.337754,-0.323755,2.398464,0.386988,0.526455,0.345616,-0.337800,-0.323800,2.398500,0.387000,0.526500,0.345600,,,,,,,0
239,1787907082.1757,1787907082.19,0.03707,-0.070563,-0.417243,2.673729,0.360485,0.713301,0.033748,-0.440890,-0.290673,2.338689,0.391857,0.520570,0.477921,-0.440900,-0.290700,2.338700,0.391900,0.520600,0.477900,,,,,,,0
240,1787907082.2271,1787907082.2422,0.05137,-0.073631,-0.401903,2.607767,0.355884,0.644272,0.046019,-0.529802,-0.249348,2.283922,0.403569,0.539118,0.613185,-0.529800,-0.249300,2.283900,0.403600,0.539100,0.613200,,,,,,,0
241,1787907082.2935,1787907082.3069,0.06647,-0.088971,-0.398835,2.511127,0.366621,0.561437,0.219359,-0.605541,-0.189137,2.224106,0.418957,0.554158,0.668955,-0.605500,-0.189100,2.224100,0.419000,0.554200,0.669000,,,,,,,0
242,1787907082.331,1787907082.3461,0.03748,-0.110447,-0.371223,2.460505,0.380427,0.526155,0.414175,-0.661959,-0.154729,2.172490,0.443912,0.553183,0.700284,-0.662000,-0.154700,2.172500,0.443900,0.553200,0.700300,,,,,,,0
243,1787907082.3823,1787907082.3969,0.05132,-0.162602,-0.312932,2.391476,0.395767,0.492408,0.607456,-0.709726,-0.114538,2.132192,0.463521,0.552355,0.718956,-0.709700,-0.114500,2.132200,0.463500,0.552400,0.719000,,,,,,,0
244,1787907082.4487,1787907082.4629,0.06632,-0.253107,-0.254641,2.305573,0.417243,0.484738,0.702563,-0.739026,-0.079963,2.101627,0.480690,0.533001,0.720591,-0.739000,-0.080000,2.101600,0.480700,0.533000,0.720600,,,,,,,0
245,1787907082.4861,1787907082.5011,0.0374,-0.316000,-0.205553,2.259554,0.431049,0.492408,0.708699,-0.757387,-0.044733,2.071091,0.491629,0.504105,0.712330,-0.757400,-0.044700,2.071100,0.491600,0.504100,0.712300,,,,,,,0
246,1787907082.5373,1787907082.5521,0.05122,-0.421845,-0.151864,2.205864,0.457126,0.527689,0.716369,-0.773556,0.005886,2.046044,0.492692,0.452208,0.712318,-0.773600,0.005900,2.046000,0.492700,0.452200,0.712300,,,,,,,0
247,1787907082.6037,1787907082.6182,0.06639,-0.553767,-0.107379,2.139903,0.477068,0.547631,0.716369,-0.790637,0.038181,2.020214,0.499674,0.418526,0.710309,-0.790600,0.038200,2.020200,0.499700,0.418500,0.710300,,,,,,,0
248,1787907082.6409,1787907082.6551,0.03726,-0.610524,-0.069029,2.109224,0.484738,0.547631,0.716369,-0.820843,0.089766,1.983807,0.503903,0.355672,0.708564,-0.820800,0.089800,1.983800,0.503900,0.355700,0.708600,,,,,,,0
249,1787907082.6921,1787907082.7069,0.05114,-0.681087,-0.023010,2.078544,0.487806,0.523087,0.716369,-0.828812,0.123132,1.960021,0.505480,0.304488,0.712300,-0.828800,0.123100,1.960000,0.505500,0.304500,0.712300,,,,,,,0
250,1787907082.7586,1787907082.7742,0.06651,-0.753185,0.021476,2.038660,0.498544,0.460194,0.716369,-0.830363,0.158599,1.939075,0.497595,0.258829,0.713823,-0.830400,0.158600,1.939100,0.497600,0.258800,0.713800,,,,,,,0
251,1787907082.8257,1787907082.8399,0.06713,-0.800738,0.085903,1.994175,0.503146,0.386563,0.716369,-0.834860,0.196563,1.919511,0.497599,0.196976,0.711606,-0.834900,0.196600,1.919500,0.497600,0.197000,0.711600,,,,,,,0
252,1787907082.8642,1787907082.8781,0.03847,-0.817612,0.110447,1.983437,0.503146,0.351282,0.716369,-0.839474,0.234812,1.898058,0.492836,0.096941,0.708434,-0.839500,0.234800,1.898100,0.492800,0.096900,0.708400,,,,,,,0
253,1787907082.9213,1787907082.935,0.0571,-0.823748,0.144194,1.955826,0.500078,0.297592,0.716369,-0.837701,0.322452,1.869332,0.489699,-0.205216,0.704035,-0.837700,0.322500,1.869300,0.489700,-0.205200,0.704000,,,,,,,1
254,1787907082.9591,1787907082.9752,0.03785,-0.825282,0.170272,1.938952,0.500078,0.262311,0.716369,-0.830255,0.346300,1.850169,0.489908,-0.268507,0.706768,-0.830300,0.346300,1.850200,0.489900,-0.268500,0.706800,,,,,,,1
255,1787907083.0101,1787907083.0251,0.05101,-0.828350,0.213223,1.919010,0.495476,0.196350,0.716369,-0.822886,0.371707,1.839798,0.490245,-0.304164,0.707374,-0.822900,0.371700,1.839800,0.490200,-0.304200,0.707400,,,,,,,0
256,1787907083.0768,1787907083.091,0.06665,-0.829884,0.260777,1.891398,0.492408,0.105845,0.713301,-0.767620,0.353967,1.892235,0.558881,0.082501,0.781329,-0.767600,0.354000,1.892200,0.558900,0.082500,0.781300,,,,,,,0
257,1787907083.1137,1787907083.128,0.03687,-0.829884,0.294524,1.869923,0.489340,0.044485,0.713301,-0.757319,0.377341,1.885273,0.563246,0.122054,0.806549,-0.757300,0.377300,1.885300,0.563200,0.122100,0.806500,,,,,,,0
258,1787907083.1648,1787907083.179,0.0512,-0.826816,0.345146,1.853049,0.489340,-0.056757,0.713301,-0.740405,0.398736,1.880323,0.567288,0.103846,0.822201,-0.740400,0.398700,1.880300,0.567300,0.103800,0.822200,,,,,,,0
259,1787907083.2316,1787907083.2461,0.0668,-0.813010,0.374291,1.862253,0.500078,-0.167204,0.809942,-0.733946,0.413023,1.874131,0.569052,0.104930,0.831205,-0.733900,0.413000,1.874100,0.569100,0.104900,0.831200,,,,,,,0
260,1787907083.2691,1787907083.284,0.0375,-0.793068,0.375825,1.876059,0.526155,-0.214757,0.813010,-0.728064,0.422351,1.869911,0.575703,0.078567,0.835687,-0.728100,0.422400,1.869900,0.575700,0.078600,0.835700,,,,,,,0
261,1787907083.3201,1787907083.335,0.05097,-0.754719,0.392699,1.888330,0.555301,-0.263845,0.820680,-0.725787,0.439081,1.863941,0.578062,0.062499,0.829904,-0.725800,0.439100,1.863900,0.578100,0.062500,0.829900,,,,,,,0
262,1787907083.3867,1787907083.4011,0.06653,-0.731709,0.420311,1.882194,0.570641,-0.296058,0.831418,-0.723845,0.450841,1.852595,0.572849,0.032907,0.831555,-0.723800,0.450800,1.852600,0.572800,0.032900,0.831600,,,,,,,0
263,1787907083.4256,1787907083.4401,0.03898,-0.730175,0.421845,1.882194,0.576777,-0.297592,0.831418,-0.722180,0.464390,1.833004,0.567408,0.007716,0.830888,-0.722200,0.464400,1.833000,0.567400,0.007700,0.830900,,,,,,,0
264,1787907083.4833,1787907083.4969,0.05763,-0.730175,0.437185,1.872991,0.567573,-0.276117,0.831418,-0.718813,0.476225,1.818759,0.564613,-0.025858,0.835475,-0.718800,0.476200,1.818800,0.564600,-0.025900,0.835500,,,,,,,0
265,1787907083.5497,1787907083.5629,0.06642,-0.725573,0.463262,1.859185,0.572175,-0.216291,0.831418,-0.714310,0.497360,1.806576,0.557491,-0.043996,0.836099,-0.714300,0.497400,1.806600,0.557500,-0.044000,0.836100,,,,,,,0
266,1787907083.5887,1787907083.6039,0.03898,-0.725573,0.467864,1.848447,0.570641,-0.168738,0.831418,-0.713108,0.511689,1.786388,0.553727,-0.057006,0.839326,-0.713100,0.511700,1.786400,0.553700,-0.057000,0.839300,,,,,,,0
267,1787907083.6446,1787907083.6588,0.05598,-0.724039,0.475534,1.830039,0.562971,-0.096641,0.831418,-0.713958,0.521924,1.770626,0.552992,-0.072715,0.841424,-0.714000,0.521900,1.770600,0.553000,-0.072700,0.841400,,,,,,,0
268,1787907083.6834,1787907083.6979,0.03873,-0.719437,0.489340,1.819301,0.558369,-0.064427,0.831418,-0.711732,0.535024,1.757372,0.550715,-0.081320,0.843769,-0.711700,0.535000,1.757400,0.550700,-0.081300,0.843800,,,,,,,0
269,1787907083.7403,1787907083.754,0.05699,-0.716369,0.515418,1.800893,0.553767,-0.032214,0.836020,-0.712751,0.545255,1.746663,0.550727,-0.105668,0.847527,-0.712800,0.545300,1.746700,0.550700,-0.105700,0.847500,,,,,,,0
270,1787907083.8086,1787907083.8221,0.06826,-0.716369,0.530757,1.776350,0.552233,-0.027612,0.839087,-0.716592,0.545813,1.741577,0.547555,-0.107477,0.847988,-0.716600,0.545800,1.741600,0.547600,-0.107500,0.848000,,,,,,,0
271,1787907083.8473,1787907083.862,0.03874,-0.716369,0.535359,1.768680,0.547631,-0.046019,0.840621,-0.720046,0.550110,1.729879,0.543636,-0.118344,0.847108,-0.720000,0.550100,1.729900,0.543600,-0.118300,0.847100,,,,,,,0
272,1787907083.904,1787907083.9181,0.05664,-0.714835,0.546097,1.759476,0.552233,-0.084369,0.843689,-0.728426,0.571205,1.715026,0.538654,-0.141166,0.842431,-0.728400,0.571200,1.715000,0.538700,-0.141200,0.842400,,,,,,,1
273,1787907083.9597,1787907083.974,0.05577,-0.714835,0.549165,1.750272,0.546097,-0.105845,0.843689,-0.733333,0.578235,1.710474,0.537722,-0.154452,0.840507,-0.733300,0.578200,1.710500,0.537700,-0.154500,0.840500,,,,,,,1
274,1787907083.9988,1787907084.012,0.03903,-0.714835,0.552233,1.742602,0.543029,-0.113515,0.843689,-0.735038,0.587105,1.708859,0.539258,-0.169489,0.841382,-0.735000,0.587100,1.708900,0.539300,-0.169500,0.841400,,,,,,,0
275,1787907084.0552,1787907084.0688,0.05646,-0.719437,0.570641,1.728796,0.541495,-0.131922,0.843689,-0.715461,0.611535,1.698983,0.553970,-0.202803,0.846623,-0.715500,0.611500,1.699000,0.554000,-0.202800,0.846600,,,,,,,0
276,1787907084.094,1787907084.1091,0.03873,-0.724039,0.581379,1.724194,0.536893,-0.145728,0.843689,-0.713949,0.620702,1.695516,0.553937,-0.202540,0.849527,-0.713900,0.620700,1.695500,0.553900,-0.202500,0.849500,,,,,,,0
277,1787907084.1541,1787907084.1688,0.06014,-0.731709,0.590583,1.724194,0.541495,-0.164136,0.843689,-0.714281,0.627573,1.698484,0.554011,-0.206888,0.850944,-0.714300,0.627600,1.698500,0.554000,-0.206900,0.850900,,,,,,,0
278,1787907084.2206,1787907084.2351,0.0665,-0.724039,0.612058,1.705787,0.544563,-0.190214,0.843689,-0.710072,0.629684,1.700029,0.556018,-0.203055,0.850757,-0.710100,0.629700,1.700000,0.556000,-0.203100,0.850800,,,,,,,0
279,1787907084.2595,1787907084.273,0.03884,-0.716369,0.624330,1.704253,0.547631,-0.196350,0.843689,-0.706871,0.634349,1.699548,0.552533,-0.206177,0.850882,-0.706900,0.634300,1.699500,0.552500,-0.206200,0.850900,,,,,,,0
280,1787907084.3172,1787907084.3308,0.05772,-0.713301,0.630466,1.707321,0.556835,-0.200951,0.843689,-0.702577,0.638354,1.704869,0.551793,-0.204560,0.853439,-0.702600,0.638400,1.704900,0.551800,-0.204600,0.853400,,,,,,,0
281,1787907084.3724,1787907084.3861,0.05527,-0.714835,0.633534,1.704253,0.549165,-0.202485,0.843689,-0.700740,0.644004,1.707431,0.545599,-0.204101,0.853178,-0.700700,0.644000,1.707400,0.545600,-0.204100,0.853200,,,,,,,0
282,1787907084.4124,1787907084.4262,0.04,-0.714835,0.636602,1.704253,0.555301,-0.202485,0.845223,-0.697435,0.654039,1.707907,0.543069,-0.206771,0.851204,-0.697400,0.654000,1.707900,0.543100,-0.206800,0.851200,,,,,,,0
283,1787907084.4692,1787907084.4841,0.05673,-0.704097,0.642738,1.708855,0.552233,-0.202485,0.845223,-0.696193,0.655834,1.709254,0.539863,-0.207897,0.851773,-0.696200,0.655800,1.709300,0.539900,-0.207900,0.851800,,,,,,,0
284,1787907084.5256,1787907084.5401,0.05638,-0.702563,0.650408,1.710389,0.543029,-0.202485,0.845223,-0.694337,0.667532,1.709805,0.536437,-0.206214,0.852582,-0.694300,0.667500,1.709800,0.536400,-0.206200,0.852600,,,,,,,0
285,1787907084.5643,1787907084.5781,0.03877,-0.701029,0.655010,1.710389,0.543029,-0.202485,0.845223,-0.693799,0.674525,1.714298,0.533255,-0.210577,0.851910,-0.693800,0.674500,1.714300,0.533300,-0.210600,0.851900,,,,,,,0
286,1787907084.6213,1787907084.6371,0.057,-0.701029,0.658078,1.711923,0.538427,-0.202485,0.845223,-0.695785,0.679099,1.716255,0.533681,-0.209085,0.853274,-0.695800,0.679100,1.716300,0.533700,-0.209100,0.853300,,,,,,,0
287,1787907084.6604,1787907084.6761,0.03911,-0.701029,0.665748,1.714991,0.541495,-0.202485,0.845223,-0.694951,0.682648,1.721654,0.531524,-0.207986,0.853472,-0.695000,0.682600,1.721700,0.531500,-0.208000,0.853500,,,,,,,0
288,1787907084.7191,1787907084.7339,0.05864,-0.697961,0.674952,1.708855,0.530757,-0.204019,0.845223,-0.697330,0.683160,1.728842,0.533631,-0.210345,0.853085,-0.697300,0.683200,1.728800,0.533600,-0.210300,0.853100,,,,,,,0
289,1787907084.7856,1787907084.7989,0.0665,-0.697961,0.679553,1.718058,0.530757,-0.204019,0.845223,-0.697189,0.686575,1.733503,0.533505,-0.213823,0.852827,-0.697200,0.686600,1.733500,0.533500,-0.213800,0.852800,,,,,,,0
290,1787907084.8245,1787907084.8391,0.03889,-0.697961,0.681087,1.716525,0.530757,-0.204019,0.845223,-0.698579,0.690405,1.734911,0.531021,-0.217081,0.854127,-0.698600,0.690400,1.734900,0.531000,-0.217100,0.854100,,,,,,,0
291,1787907084.8816,1787907084.8951,0.05711,-0.697961,0.682621,1.719592,0.530757,-0.204019,0.845223,-0.701289,0.695744,1.740028,0.528527,-0.224929,0.853320,-0.701300,0.695700,1.740000,0.528500,-0.224900,0.853300,,,,,,,1
292,1787907084.9369,1787907084.9521,0.05538,-0.697961,0.684155,1.730330,0.530757,-0.211689,0.845223,-0.702164,0.697891,1.740475,0.524321,-0.227712,0.850878,-0.702200,0.697900,1.740500,0.524300,-0.227700,0.850900,,,,,,,1
293,1787907084.9762,1787907084.9912,0.03925,-0.697961,0.688757,1.728796,0.530757,-0.213223,0.845223,-0.702714,0.696630,1.744413,0.522610,-0.231240,0.850031,-0.702700,0.696600,1.744400,0.522600,-0.231200,0.850000,,,,,,,0
294,1787907085.0321,1787907085.047,0.05593,-0.697961,0.691825,1.731864,0.526155,-0.220893,0.845223,-0.705979,0.715956,1.711734,0.533544,-0.204076,0.891466,-0.706000,0.716000,1.711700,0.533500,-0.204100,0.891500,,,,,,,0
295,1787907085.0713,1787907085.0852,0.03916,-0.697961,0.691825,1.731864,0.524621,-0.223961,0.845223,-0.704502,0.718756,1.708624,0.536814,-0.209919,0.898929,-0.704500,0.718800,1.708600,0.536800,-0.209900,0.898900,,,,,,,0
296,1787907085.1229,1787907085.138,0.05163,-0.697961,0.693359,1.734932,0.521553,-0.225495,0.846757,-0.705363,0.727658,1.700783,0.538789,-0.208648,0.899629,-0.705400,0.727700,1.700800,0.538800,-0.208600,0.899600,,,,,,,0
297,1787907085.1894,1787907085.203,0.06648,-0.697961,0.704097,1.727262,0.527689,-0.220893,0.900447,-0.705342,0.729771,1.699019,0.538056,-0.210012,0.895043,-0.705300,0.729800,1.699000,0.538100,-0.210000,0.895000,,,,,,,0
298,1787907085.228,1787907085.242,0.0386,-0.697961,0.720971,1.711923,0.538427,-0.208621,0.906583,-0.704919,0.730976,1.695938,0.539454,-0.211574,0.892052,-0.704900,0.731000,1.695900,0.539500,-0.211600,0.892100,,,,,,,0
299,1787907085.2845,1787907085.2989,0.05655,-0.701029,0.724039,1.711923,0.532291,-0.208621,0.900447,-0.707204,0.735474,1.690194,0.540413,-0.210053,0.887011,-0.707200,0.735500,1.690200,0.540400,-0.210100,0.887000,,,,,,,0
300,1787907085.3407,1787907085.355,0.05612,-0.702563,0.728641,1.701185,0.539961,-0.208621,0.900447,-0.708809,0.735376,1.687258,0.543658,-0.212468,0.878175,-0.708800,0.735400,1.687300,0.543700,-0.212500,0.878200,,,,,,,0
301,1787907085.3774,1787907085.3921,0.03672,-0.702563,0.728641,1.701185,0.539961,-0.208621,0.900447,-0.712502,0.739485,1.685673,0.544199,-0.212995,0.860935,-0.712500,0.739500,1.685700,0.544200,-0.213000,0.860900,,,,,,,0
302,1787907085.4395,1787907085.453,0.06213,-0.702563,0.730175,1.695049,0.541495,-0.208621,0.883573,-0.715473,0.739247,1.686669,0.546413,-0.211305,0.813675,-0.715500,0.739200,1.686700,0.546400,-0.211300,0.813700,,,,,,,0
303,1787907085.4948,1787907085.5082,0.05525,-0.702563,0.733243,1.695049,0.541495,-0.210155,0.863631,-0.716738,0.738090,1.695740,0.551823,-0.214344,0.666171,-0.716700,0.738100,1.695700,0.551800,-0.214300,0.666200,,,,,,,0
304,1787907085.5346,1787907085.548,0.03988,-0.704097,0.734777,1.693515,0.541495,-0.210155,0.851359,-0.712697,0.727417,1.691417,0.566956,-0.225271,0.525460,-0.712700,0.727400,1.691400,0.567000,-0.225300,0.525500,,,,,,,0
305,1787907085.5916,1787907085.605,0.057,-0.705631,0.734777,1.693515,0.543029,-0.210155,0.794602,-0.709505,0.721958,1.682224,0.575098,-0.240715,0.360385,-0.709500,0.722000,1.682200,0.575100,-0.240700,0.360400,,,,,,,0
306,1787907085.6477,1787907085.6621,0.05603,-0.705631,0.734777,1.693515,0.552233,-0.213223,0.608990,-0.712035,0.725308,1.685003,0.580623,-0.237787,0.265351,-0.712000,0.725300,1.685000,0.580600,-0.237800,0.265400,,,,,,,0
307,1787907085.6862,1787907085.7011,0.03858,-0.705631,0.731709,1.691981,0.556835,-0.220893,0.493942,-0.709726,0.719855,1.688233,0.582008,-0.244725,0.187305,-0.709700,0.719900,1.688200,0.582000,-0.244700,0.187300,,,,,,,0
308,1787907085.7426,1787907085.7561,0.0564,-0.705631,0.731709,1.685845,0.569107,-0.233165,0.317534,-0.709208,0.719382,1.697238,0.578815,-0.251687,0.121558,-0.709200,0.719400,1.697200,0.578800,-0.251700,0.121600,,,,,,,0
309,1787907085.7816,1787907085.796,0.03897,-0.705631,0.731709,1.685845,0.572175,-0.233165,0.233165,-0.709983,0.721574,1.703019,0.574953,-0.257279,0.063488,-0.710000,0.721600,1.703000,0.575000,-0.257300,0.063500,,,,,,,0
310,1787907085.8384,1787907085.8541,0.05676,-0.705631,0.730175,1.688913,0.575243,-0.242369,0.164136,-0.710367,0.719389,1.707969,0.570314,-0.256900,-0.012609,-0.710400,0.719400,1.708000,0.570300,-0.256900,-0.012600,,,,,,,1
311,1787907085.9076,1787907085.9211,0.06924,-0.705631,0.728641,1.693515,0.575243,-0.253107,0.064427,-0.709769,0.716690,1.709237,0.570875,-0.258819,-0.016501,-0.709800,0.716700,1.709200,0.570900,-0.258800,-0.016500,,,,,,,1
312,1787907085.9468,1787907085.961,0.03925,-0.707165,0.728641,1.696583,0.575243,-0.253107,0.050621,-0.709184,0.714719,1.710273,0.572910,-0.264174,-0.006703,-0.709200,0.714700,1.710300,0.572900,-0.264200,-0.006700,,,,,,,0
313,1787907086.0034,1787907086.0181,0.05651,-0.707165,0.727107,1.704253,0.570641,-0.254641,-0.015340,-0.709875,0.715335,1.707715,0.584385,-0.208605,0.436028,-0.709900,0.715300,1.707700,0.584400,-0.208600,0.436000,,,,,,,0
314,1787907086.0589,1787907086.074,0.05559,-0.707165,0.727107,1.705787,0.570641,-0.254641,-0.013806,-0.707342,0.717195,1.708278,0.580886,-0.226494,0.692601,-0.707300,0.717200,1.708300,0.580900,-0.226500,0.692600,,,,,,,0
315,1787907086.0986,1787907086.113,0.03966,-0.707165,0.727107,1.707321,0.570641,-0.257709,0.003068,-0.712961,0.714492,1.706439,0.576975,-0.228154,0.712614,-0.713000,0.714500,1.706400,0.577000,-0.228200,0.712600,,,,,,,0
316,1787907086.155,1787907086.169,0.05639,-0.705631,0.725573,1.716525,0.576777,-0.242369,0.216291,-0.718798,0.717589,1.702476,0.577191,-0.230031,0.715402,-0.718800,0.717600,1.702500,0.577200,-0.230000,0.715400,,,,,,,0
317,1787907086.2113,1787907086.2261,0.05633,-0.705631,0.725573,1.708855,0.582913,-0.230097,0.559903,-0.725997,0.713935,1.697785,0.575564,-0.228798,0.712469,-0.726000,0.713900,1.697800,0.575600,-0.228800,0.712500,,,,,,,0
318,1787907086.2501,1787907086.2638,0.03876,-0.705631,0.725573,1.710389,0.579845,-0.228563,0.681087,-0.732886,0.712867,1.694727,0.574732,-0.227853,0.710717,-0.732900,0.712900,1.694700,0.574700,-0.227900,0.710700,,,,,,,0
319,1787907086.3066,1787907086.3201,0.05651,-0.710233,0.725573,1.710389,0.578311,-0.228563,0.719437,-0.737551,0.716609,1.691968,0.576997,-0.230783,0.707795,-0.737600,0.716600,1.692000,0.577000,-0.230800,0.707800,,,,,,,0
320,1787907086.3453,1787907086.3601,0.03874,-0.713301,0.724039,1.705787,0.578311,-0.228563,0.714835,-0.741922,0.712411,1.692336,0.577708,-0.230189,0.695094,-0.741900,0.712400,1.692300,0.577700,-0.230200,0.695100,,,,,,,0
321,1787907086.4061,1787907086.4222,0.06074,-0.722505,0.724039,1.702719,0.578311,-0.228563,0.714835,-0.740387,0.709059,1.698779,0.578914,-0.228650,0.670464,-0.740400,0.709100,1.698800,0.578900,-0.228700,0.670500,,,,,,,0
322,1787907086.4726,1787907086.4871,0.0665,-0.731709,0.724039,1.702719,0.576777,-0.228563,0.697961,-0.744113,0.712464,1.698955,0.579394,-0.227392,0.644108,-0.744100,0.712500,1.699000,0.579400,-0.227400,0.644100,,,,,,,0
323,1787907086.5118,1787907086.5251,0.03926,-0.733243,0.724039,1.702719,0.576777,-0.228563,0.687223,-0.743830,0.714264,1.700746,0.581792,-0.232830,0.585318,-0.743800,0.714300,1.700700,0.581800,-0.232800,0.585300,,,,,,,0
324,1787907086.5691,1787907086.5841,0.05723,-0.733243,0.724039,1.702719,0.576777,-0.228563,0.659612,-0.744486,0.713885,1.705777,0.581561,-0.242463,0.502264,-0.744500,0.713900,1.705800,0.581600,-0.242500,0.502300,,,,,,,0
325,1787907086.6355,1787907086.6492,0.06639,-0.733243,0.724039,1.702719,0.576777,-0.228563,0.589049,-0.749114,0.716055,1.704540,0.580397,-0.253480,0.429402,-0.749100,0.716100,1.704500,0.580400,-0.253500,0.429400,,,,,,,0
326,1787907086.6742,1787907086.6882,0.03872,-0.733243,0.724039,1.702719,0.576777,-0.228563,0.575243,-0.745992,0.719372,1.703030,0.580791,-0.259254,0.334136,-0.746000,0.719400,1.703000,0.580800,-0.259300,0.334100,,,,,,,0
327,1787907086.7305,1787907086.7451,0.05634,-0.733243,0.724039,1.702719,0.576777,-0.239301,0.460194,-0.746850,0.722720,1.703925,0.587024,-0.262725,0.185570,-0.746800,0.722700,1.703900,0.587000,-0.262700,0.185600,,,,,,,0
328,1787907086.7863,1787907086.8012,0.0558,-0.736311,0.724039,1.702719,0.576777,-0.251573,0.349748,-0.743806,0.733187,1.722996,0.581717,-0.255623,-0.017304,-0.743800,0.733200,1.723000,0.581700,-0.255600,-0.017300,,,,,,,1
329,1787907086.8255,1787907086.8402,0.03921,-0.736311,0.724039,1.702719,0.576777,-0.254641,0.319068,-0.743795,0.728091,1.729915,0.582195,-0.258004,-0.021478,-0.743800,0.728100,1.729900,0.582200,-0.258000,-0.021500,,,,,,,1
330,1787907086.8818,1787907086.8952,0.05626,-0.736311,0.724039,1.702719,0.576777,-0.254641,0.142660,-0.740363,0.718895,1.729365,0.576442,-0.259927,-0.021691,-0.740400,0.718900,1.729400,0.576400,-0.259900,-0.021700,,,,,,,0
331,1787907086.921,1787907086.9362,0.03925,-0.736311,0.727107,1.702719,0.576777,-0.254641,0.016874,-0.739267,0.722658,1.711656,0.566777,-0.245784,0.110858,-0.739300,0.722700,1.711700,0.566800,-0.245800,0.110900,,,,,,,0
332,1787907086.9729,1787907086.9882,0.05187,-0.742447,0.728641,1.718058,0.575243,-0.254641,-0.024544,-0.737014,0.721248,1.705542,0.568196,-0.244671,0.157079,-0.737000,0.721200,1.705500,0.568200,-0.244700,0.157100,,,,,,,0
333,1787907087.0289,1787907087.0431,0.05597,-0.742447,0.725573,1.719592,0.579845,-0.254641,0.032214,-0.735464,0.718969,1.705529,0.568044,-0.247458,0.156513,-0.735500,0.719000,1.705500,0.568000,-0.247500,0.156500,,,,,,,0
334,1787907087.0964,1787907087.111,0.06755,-0.734777,0.724039,1.716525,0.572175,-0.248505,0.158000,-0.736426,0.722335,1.704781,0.567588,-0.246030,0.136966,-0.736400,0.722300,1.704800,0.567600,-0.246000,0.137000,,,,,,,0
335,1787907087.136,1787907087.15,0.03957,-0.734777,0.725573,1.711923,0.572175,-0.248505,0.158000,-0.738468,0.719195,1.707694,0.567134,-0.241384,0.109505,-0.738500,0.719200,1.707700,0.567100,-0.241400,0.109500,,,,,,,0
336,1787907087.193,1787907087.208,0.05699,-0.736311,0.725573,1.711923,0.572175,-0.246971,0.150330,-0.742428,0.717963,1.713050,0.567436,-0.239801,0.073234,-0.742400,0.718000,1.713100,0.567400,-0.239800,0.073200,,,,,,,0
337,1787907087.2596,1787907087.274,0.06655,-0.736311,0.725573,1.711923,0.572175,-0.242369,0.113515,-0.742016,0.716784,1.717794,0.568107,-0.238414,0.037433,-0.742000,0.716800,1.717800,0.568100,-0.238400,0.037400,,,,,,,0
338,1787907087.2984,1787907087.3121,0.03884,-0.736311,0.725573,1.710389,0.572175,-0.240835,0.101243,-0.742994,0.712195,1.721669,0.566404,-0.232942,0.000863,-0.743000,0.712200,1.721700,0.566400,-0.232900,0.000900,,,,,,,0
339,1787907087.3553,1787907087.3701,0.05687,-0.737845,0.725573,1.710389,0.569107,-0.239301,0.061359,-0.740743,0.707761,1.729060,0.565212,-0.233245,-0.018794,-0.740700,0.707800,1.729100,0.565200,-0.233200,-0.018800,,,,,,,0
340,1787907087.4224,1787907087.438,0.06711,-0.740913,0.720971,1.713457,0.562971,-0.236233,0.004602,-0.739360,0.702316,1.733115,0.565816,-0.230287,-0.021246,-0.739400,0.702300,1.733100,0.565800,-0.230300,-0.021200,,,,,,,0
341,1787907087.4788,1787907087.4931,0.05642,-0.740913,0.717903,1.721126,0.562971,-0.234699,-0.013806,-0.739280,0.695767,1.742038,0.565350,-0.228309,-0.030119,-0.739300,0.695800,1.742000,0.565300,-0.228300,-0.030100,,,,,,,0
342,1787907087.5182,1787907087.5329,0.03937,-0.740913,0.716369,1.728796,0.561437,-0.234699,-0.016874,-0.737635,0.684042,1.748861,0.564490,-0.227356,-0.043208,-0.737600,0.684000,1.748900,0.564500,-0.227400,-0.043200,,,,,,,0
343,1787907087.5749,1787907087.59,0.05674,-0.740913,0.711767,1.739534,0.561437,-0.233165,-0.024544,-0.735176,0.673949,1.760803,0.566191,-0.229053,-0.042399,-0.735200,0.673900,1.760800,0.566200,-0.229100,-0.042400,,,,,,,0
344,1787907087.6311,1787907087.646,0.05615,-0.740913,0.705631,1.744136,0.561437,-0.228563,-0.038350,-0.735668,0.659798,1.765772,0.566813,-0.223317,-0.055897,-0.735700,0.659800,1.765800,0.566800,-0.223300,-0.055900,,,,,,,0
345,1787907087.6708,1787907087.686,0.03973,-0.740913,0.701029,1.751806,0.562971,-0.228563,-0.038350,-0.731165,0.639712,1.768721,0.570493,-0.224346,-0.055856,-0.731200,0.639700,1.768700,0.570500,-0.224300,-0.055900,,,,,,,0
346,1787907087.727,1787907087.7421,0.05624,-0.739379,0.693359,1.764078,0.569107,-0.228563,-0.047553,-0.726677,0.608769,1.778727,0.576038,-0.228524,-0.056489,-0.726700,0.608800,1.778700,0.576000,-0.228500,-0.056500,,,,,,,0
347,1787907087.7662,1787907087.7801,0.03921,-0.737845,0.684155,1.765612,0.570641,-0.225495,-0.052155,-0.730032,0.542668,1.785692,0.595526,-0.222073,-0.052203,-0.730000,0.542700,1.785700,0.595500,-0.222100,-0.052200,,,,,,,1
348,1787907087.8251,1787907087.8401,0.05889,-0.736311,0.661146,1.770214,0.570641,-0.225495,-0.052155,-0.722758,0.502330,1.795894,0.610435,-0.225773,-0.053482,-0.722800,0.502300,1.795900,0.610400,-0.225800,-0.053500,,,,,,,1
349,1787907087.8806,1787907087.8949,0.05548,-0.733243,0.630466,1.782486,0.570641,-0.225495,-0.052155,-0.722736,0.465855,1.809861,0.629961,-0.220558,-0.051034,-0.722700,0.465900,1.809900,0.630000,-0.220600,-0.051000,,,,,,,0
350,1787907087.9363,1787907087.951,0.05565,-0.730175,0.584447,1.793224,0.598253,-0.225495,-0.052155,-0.759832,0.584223,1.768135,0.594885,-0.212890,-0.035680,-0.759800,0.584200,1.768100,0.594900,-0.212900,-0.035700,,,,,,,0
351,1787907087.9757,1787907087.9901,0.03947,-0.728641,0.552233,1.797825,0.605922,-0.225495,-0.052155,-0.761975,0.564863,1.776858,0.602837,-0.210972,-0.040583,-0.762000,0.564900,1.776900,0.602800,-0.211000,-0.040600,,,,,,,0
352,1787907088.0321,1787907088.047,0.05636,-0.725573,0.504680,1.807029,0.619728,-0.220893,-0.049087,-0.760262,0.539041,1.784442,0.605824,-0.216875,-0.039086,-0.760300,0.539000,1.784400,0.605800,-0.216900,-0.039100,,,,,,,0
353,1787907088.071,1787907088.0851,0.03892,-0.725573,0.486272,1.810097,0.627398,-0.214757,-0.039884,-0.758120,0.506430,1.796702,0.611624,-0.225243,-0.041827,-0.758100,0.506400,1.796700,0.611600,-0.225200,-0.041800,,,,,,,0
354,1787907088.1309,1787907088.146,0.05995,-0.745515,0.483204,1.790156,0.599786,-0.213223,-0.039884,-0.755570,0.460923,1.805790,0.616691,-0.231302,-0.041000,-0.755600,0.460900,1.805800,0.616700,-0.231300,-0.041000,,,,,,,0
355,1787907088.1974,1787907088.211,0.06642,-0.759320,0.503146,1.791690,0.610524,-0.213223,-0.039884,-0.748633,0.412107,1.819886,0.621453,-0.235800,-0.043456,-0.748600,0.412100,1.819900,0.621500,-0.235800,-0.043500,,,,,,,0
356,1787907088.2365,1787907088.25,0.0391,-0.757787,0.507748,1.800893,0.618194,-0.219359,-0.039884,-0.742900,0.367616,1.825040,0.626950,-0.243537,-0.044473,-0.742900,0.367600,1.825000,0.627000,-0.243500,-0.044500,,,,,,,0
357,1787907088.2928,1787907088.307,0.05631,-0.753185,0.503146,1.807029,0.618194,-0.227029,-0.039884,-0.736986,0.323438,1.819406,0.631853,-0.249453,-0.045851,-0.737000,0.323400,1.819400,0.631900,-0.249500,-0.045900,,,,,,,0
358,1787907088.3603,1787907088.375,0.06755,-0.751651,0.452524,1.825437,0.621262,-0.237767,-0.039884,-0.715112,0.282723,1.818435,0.629632,-0.255248,-0.046646,-0.715100,0.282700,1.818400,0.629600,-0.255200,-0.046600,,,,,,,0
359,1787907088.3971,1787907088.4131,0.0368,-0.748583,0.420311,1.828505,0.628932,-0.240835,-0.039884,-0.686208,0.243268,1.805537,0.630040,-0.263215,-0.048858,-0.686200,0.243300,1.805500,0.630000,-0.263200,-0.048900,,,,,,,0
360,1787907088.4491,1787907088.464,0.052,-0.739379,0.374291,1.826971,0.619728,-0.245437,-0.039884,-0.645054,0.204916,1.788693,0.624829,-0.271876,-0.049418,-0.645100,0.204900,1.788700,0.624800,-0.271900,-0.049400,,,,,,,0
361,1787907088.5155,1787907088.5291,0.06634,-0.725573,0.319068,1.826971,0.633534,-0.257709,-0.039884,-0.599880,0.172056,1.767281,0.618925,-0.272795,-0.050574,-0.599900,0.172100,1.767300,0.618900,-0.272800,-0.050600,,,,,,,0
362,1787907088.5522,1787907088.5682,0.03674,-0.711767,0.291456,1.820835,0.628932,-0.259243,-0.046019,-0.545489,0.138060,1.741394,0.613712,-0.271732,-0.051600,-0.545500,0.138100,1.741400,0.613700,-0.271700,-0.051600,,,,,,,0
363,1787907088.6042,1787907088.6192,0.05199,-0.673418,0.248505,1.807029,0.627398,-0.266913,-0.046019,-0.489178,0.108825,1.713496,0.606917,-0.268411,-0.052626,-0.489200,0.108800,1.713500,0.606900,-0.268400,-0.052600,,,,,,,0
364,1787907088.6705,1787907088.6862,0.06631,-0.625864,0.199418,1.785554,0.618194,-0.266913,-0.046019,-0.444201,0.090804,1.684855,0.603254,-0.261752,-0.052526,-0.444200,0.090800,1.684900,0.603300,-0.261800,-0.052500,,,,,,,0
365,1787907088.7259,1787907088.7411,0.05543,-0.578311,0.159534,1.756408,0.615126,-0.266913,-0.046019,-0.316914,0.058225,1.616199,0.593177,-0.125504,-0.060942,-0.316900,0.058200,1.616200,0.593200,-0.125500,-0.060900,,,,,,,1
366,1787907088.7646,1787907088.779,0.03865,-0.543029,0.134990,1.738000,0.608990,-0.266913,-0.046019,-0.282191,0.052887,1.601220,0.592811,-0.058045,-0.060512,-0.282200,0.052900,1.601200,0.592800,-0.058000,-0.060500,,,,,,,1
367,1787907088.821,1787907088.8352,0.05638,-0.478602,0.105845,1.708855,0.604388,-0.262311,-0.053689,-0.252065,0.047931,1.587796,0.590710,0.015952,-0.057239,-0.252100,0.047900,1.587800,0.590700,0.016000,-0.057200,,,,,,,0
368,1787907088.8598,1787907088.8731,0.03881,-0.446388,0.090505,1.688913,0.598253,-0.251573,-0.055223,-0.461674,0.291122,1.840877,0.610731,-0.201066,0.399065,-0.461700,0.291100,1.840900,0.610700,-0.201100,0.399100,,,,,,,0
369,1787907088.9222,1787907088.9371,0.06244,-0.378893,0.067495,1.644427,0.595185,-0.211689,-0.055223,-0.507001,0.318176,1.871298,0.601915,-0.236435,0.476239,-0.507000,0.318200,1.871300,0.601900,-0.236400,0.476200,,,,,,,0
370,1787907088.9866,1787907088.9999,0.06437,-0.297592,0.061359,1.606078,0.595185,-0.151864,0.032214,-0.558526,0.357072,1.899774,0.606018,-0.274214,0.615488,-0.558500,0.357100,1.899800,0.606000,-0.274200,0.615500,,,,,,,0
371,1787907089.0249,1787907089.0382,0.03831,-0.271515,0.073631,1.603010,0.604388,-0.128854,0.196350,-0.594900,0.384572,1.918055,0.604694,-0.289505,0.675916,-0.594900,0.384600,1.918100,0.604700,-0.289500,0.675900,,,,,,,0
372,1787907089.0814,1787907089.0959,0.05654,-0.257709,0.121184,1.619884,0.602854,-0.111981,0.481670,-0.615755,0.402193,1.929832,0.607528,-0.290529,0.697546,-0.615800,0.402200,1.929800,0.607500,-0.290500,0.697500,,,,,,,0
373,1787907089.1194,1787907089.1342,0.03796,-0.257709,0.164136,1.649029,0.602854,-0.111981,0.612058,-0.634920,0.413852,1.934483,0.610407,-0.287303,0.700743,-0.634900,0.413900,1.934500,0.610400,-0.287300,0.700700,,,,,,,0
374,1787907089.1708,1787907089.1842,0.05141,-0.277651,0.243903,1.705787,0.602854,-0.141126,0.681087,-0.649861,0.415030,1.936004,0.613153,-0.279140,0.695851,-0.649900,0.415000,1.936000,0.613200,-0.279100,0.695900,,,,,,,0
375,1787907089.2374,1787907089.2531,0.06663,-0.337476,0.337476,1.805495,0.612058,-0.205553,0.696427,-0.660711,0.428076,1.937500,0.611452,-0.272252,0.693774,-0.660700,0.428100,1.937500,0.611500,-0.272300,0.693800,,,,,,,0
376,1787907089.2754,1787907089.2901,0.03796,-0.389631,0.375825,1.854583,0.612058,-0.237767,0.696427,-0.668293,0.434346,1.937840,0.609316,-0.267106,0.683515,-0.668300,0.434300,1.937800,0.609300,-0.267100,0.683500,,,,,,,0
377,1787907089.3256,1787907089.339,0.05025,-0.477068,0.406505,1.903670,0.612058,-0.269981,0.696427,-0.677749,0.445236,1.932942,0.607950,-0.260381,0.673778,-0.677700,0.445200,1.932900,0.608000,-0.260400,0.673800,,,,,,,0
378,1787907089.3924,1787907089.4081,0.06679,-0.575243,0.432583,1.934350,0.612058,-0.279185,0.688757,-0.683775,0.452012,1.929072,0.604937,-0.252722,0.661470,-0.683800,0.452000,1.929100,0.604900,-0.252700,0.661500,,,,,,,0
379,1787907089.4475,1787907089.4621,0.0551,-0.630466,0.438719,1.937418,0.608990,-0.266913,0.678020,-0.690630,0.458620,1.927224,0.606500,-0.250982,0.648899,-0.690600,0.458600,1.927200,0.606500,-0.251000,0.648900,,,,,,,0
380,1787907089.4863,1787907089.501,0.03876,-0.651942,0.443320,1.935884,0.599786,-0.260777,0.668816,-0.706057,0.463120,1.928200,0.607236,-0.259796,0.647724,-0.706100,0.463100,1.928200,0.607200,-0.259800,0.647700,,,,,,,0
381,1787907089.543,1787907089.5579,0.05675,-0.674952,0.455592,1.935884,0.599786,-0.253107,0.655010,-0.716276,0.472705,1.923631,0.608725,-0.258642,0.646273,-0.716300,0.472700,1.923600,0.608700,-0.258600,0.646300,,,,,,,0
382,1787907089.5824,1787907089.596,0.03934,-0.682621,0.460194,1.935884,0.610524,-0.253107,0.651942,-0.728960,0.478883,1.927284,0.606495,-0.269011,0.649027,-0.729000,0.478900,1.927300,0.606500,-0.269000,0.649000,,,,,,,0
383,1787907089.642,1787907089.6569,0.05962,-0.694893,0.463262,1.934350,0.601320,-0.253107,0.651942,-0.746895,0.495029,1.932506,0.603167,-0.290856,0.645186,-0.746900,0.495000,1.932500,0.603200,-0.290900,0.645200,,,,,,,1
384,1787907089.7085,1787907089.722,0.06654,-0.713301,0.478602,1.932816,0.604388,-0.257709,0.651942,-0.751306,0.498507,1.933531,0.601244,-0.292488,0.642491,-0.751300,0.498500,1.933500,0.601200,-0.292500,0.642500,,,,,,,1
385,1787907089.7452,1787907089.76,0.0367,-0.722505,0.481670,1.932816,0.607456,-0.263845,0.651942,-0.759792,0.501333,1.936080,0.599013,-0.305213,0.644198,-0.759800,0.501300,1.936100,0.599000,-0.305200,0.644200,,,,,,,0
386,1787907089.797,1787907089.811,0.05173,-0.733243,0.489340,1.935884,0.604388,-0.279185,0.651942,-0.691126,0.407582,1.996500,0.644502,-0.385198,0.730437,-0.691100,0.407600,1.996500,0.644500,-0.385200,0.730400,,,,,,,0
387,1787907089.8635,1787907089.878,0.06654,-0.748583,0.503146,1.935884,0.592117,-0.294524,0.650408,-0.685475,0.392739,2.027285,0.643529,-0.382560,0.767548,-0.685500,0.392700,2.027300,0.643500,-0.382600,0.767500,,,,,,,0
388,1787907089.9026,1787907089.9161,0.03912,-0.753185,0.503146,1.938952,0.604388,-0.300660,0.651942,-0.683624,0.378238,2.055361,0.638618,-0.379244,0.790273,-0.683600,0.378200,2.055400,0.638600,-0.379200,0.790300,,,,,,,0
389,1787907089.9593,1787907089.974,0.05663,-0.745515,0.489340,1.954292,0.608990,-0.322136,0.760854,-0.687374,0.371521,2.068789,0.639612,-0.381711,0.796233,-0.687400,0.371500,2.068800,0.639600,-0.381700,0.796200,,,,,,,0
390,1787907090.0091,1787907090.0239,0.04987,-0.714835,0.463262,2.000311,0.633534,-0.354350,0.785398,-0.692656,0.361976,2.083233,0.634661,-0.381910,0.795506,-0.692700,0.362000,2.083200,0.634700,-0.381900,0.795500,,,,,,,0
391,1787907090.0755,1787907090.0899,0.06634,-0.685689,0.408039,2.046330,0.632000,-0.374291,0.788466,-0.699564,0.359961,2.087613,0.632474,-0.385780,0.789849,-0.699600,0.360000,2.087600,0.632500,-0.385800,0.789800,,,,,,,0
392,1787907090.1128,1787907090.1261,0.03731,-0.685689,0.388097,2.060136,0.630466,-0.375825,0.788466,-0.706944,0.359299,2.089970,0.629696,-0.391450,0.785386,-0.706900,0.359300,2.090000,0.629700,-0.391400,0.785400,,,,,,,0
393,1787907090.1637,1787907090.178,0.05094,-0.693359,0.378893,2.083146,0.641204,-0.375825,0.788466,-0.717664,0.359711,2.097077,0.624324,-0.397721,0.784633,-0.717700,0.359700,2.097100,0.624300,-0.397700,0.784600,,,,,,,0
394,1787907090.2303,1787907090.245,0.06659,-0.691825,0.374291,2.086214,0.622796,-0.386563,0.788466,-0.723759,0.365219,2.100225,0.621074,-0.406287,0.778984,-0.723800,0.365200,2.100200,0.621100,-0.406300,0.779000,,,,,,,0
395,1787907090.2691,1787907090.284,0.03876,-0.696427,0.374291,2.089282,0.630466,-0.386563,0.788466,-0.733128,0.372681,2.100997,0.616552,-0.411538,0.776985,-0.733100,0.372700,2.101000,0.616600,-0.411500,0.777000,,,,,,,0
396,1787907090.327,1787907090.3403,0.0579,-0.711767,0.374291,2.098486,0.624330,-0.394233,0.788466,-0.739785,0.381915,2.105224,0.611842,-0.420606,0.776169,-0.739800,0.381900,2.105200,0.611800,-0.420600,0.776200,,,,,,,0
397,1787907090.3936,1787907090.4081,0.06662,-0.720971,0.374291,2.098486,0.613592,-0.404971,0.780796,-0.743246,0.389083,2.097646,0.610556,-0.420534,0.775965,-0.743200,0.389100,2.097600,0.610600,-0.420500,0.776000,,,,,,,0
398,1787907090.4321,1787907090.4481,0.03848,-0.725573,0.374291,2.103088,0.613592,-0.408039,0.780796,-0.747340,0.400355,2.091997,0.605106,-0.425810,0.772879,-0.747300,0.400400,2.092000,0.605100,-0.425800,0.772900,,,,,,,0
399,1787907090.4901,1787907090.505,0.05802,-0.733243,0.381961,2.104622,0.616660,-0.414175,0.780796,-0.753837,0.414518,2.078975,0.597502,-0.433235,0.771271,-0.753800,0.414500,2.079000,0.597500,-0.433200,0.771300,,,,,,,0
400,1787907090.5565,1787907090.5721,0.06636,-0.737845,0.397301,2.103088,0.599786,-0.420311,0.779262,-0.756470,0.428270,2.069367,0.595119,-0.442467,0.766691,-0.756500,0.428300,2.069400,0.595100,-0.442500,0.766700,,,,,,,0
401,1787907090.6116,1787907090.6262,0.05514,-0.742447,0.404971,2.101554,0.608990,-0.424913,0.779262,-0.768202,0.473805,2.027005,0.576647,-0.491914,0.758161,-0.768200,0.473800,2.027000,0.576600,-0.491900,0.758200,,,,,,,1
402,1787907090.6503,1787907090.6639,0.03871,-0.745515,0.412641,2.092350,0.599786,-0.429515,0.776194,-0.770703,0.482169,2.020178,0.575600,-0.504417,0.756294,-0.770700,0.482200,2.020200,0.575600,-0.504400,0.756300,,,,,,,1
403,1787907090.7021,1787907090.7172,0.0518,-0.750117,0.427981,2.077010,0.589049,-0.437185,0.770058,-0.773450,0.488630,2.020000,0.570650,-0.515179,0.757819,-0.773500,0.488600,2.020000,0.570700,-0.515200,0.757800,,,,,,,0
404,1787907090.7684,1787907090.7822,0.06625,-0.757787,0.441786,2.066272,0.584447,-0.454058,0.759320,-0.743798,0.502110,1.978746,0.575373,-0.485094,0.802026,-0.743800,0.502100,1.978700,0.575400,-0.485100,0.802000,,,,,,,0
405,1787907090.8058,1787907090.8192,0.03745,-0.763922,0.463262,2.043262,0.567573,-0.475534,0.759320,-0.743737,0.512292,1.976022,0.575472,-0.484204,0.810726,-0.743700,0.512300,1.976000,0.575500,-0.484200,0.810700,,,,,,,0
406,1787907090.8571,1787907090.8722,0.05127,-0.766990,0.487806,2.027923,0.567573,-0.501612,0.759320,-0.745734,0.527871,1.973604,0.571556,-0.485976,0.816577,-0.745700,0.527900,1.973600,0.571600,-0.486000,0.816600,,,,,,,0
407,1787907090.9234,1787907090.9381,0.06637,-0.763922,0.503146,2.017185,0.578311,-0.507748,0.809942,-0.747591,0.540355,1.972982,0.565802,-0.480973,0.819873,-0.747600,0.540400,1.973000,0.565800,-0.481000,0.819900,,,,,,,0
408,1787907090.96,1787907090.9751,0.03659,-0.754719,0.513884,1.991107,0.567573,-0.493942,0.809942,-0.750649,0.551543,1.974653,0.553327,-0.486106,0.826669,-0.750600,0.551500,1.974700,0.553300,-0.486100,0.826700,,,,,,,0
409,1787907091.0118,1787907091.0252,0.05174,-0.743981,0.526155,1.983437,0.572175,-0.487806,0.809942,-0.752231,0.561957,1.975205,0.540824,-0.482232,0.827098,-0.752200,0.562000,1.975200,0.540800,-0.482200,0.827100,,,,,,,0
410,1787907091.0786,1787907091.0922,0.06679,-0.747049,0.543029,1.981903,0.550699,-0.486272,0.823748,-0.755568,0.567106,1.973656,0.528940,-0.484571,0.829561,-0.755600,0.567100,1.973700,0.528900,-0.484600,0.829600,,,,,,,0
411,1787907091.1177,1787907091.1319,0.03912,-0.748583,0.555301,1.980369,0.549165,-0.486272,0.823748,-0.757052,0.572739,1.971226,0.524342,-0.488222,0.830377,-0.757100,0.572700,1.971200,0.524300,-0.488200,0.830400,,,,,,,0
412,1787907091.1746,1787907091.1891,0.05688,-0.747049,0.558369,1.984971,0.544563,-0.483204,0.823748,-0.756306,0.578181,1.973949,0.516677,-0.489135,0.830216,-0.756300,0.578200,1.973900,0.516700,-0.489100,0.830200,,,,,,,0
413,1787907091.23,1787907091.2441,0.05548,-0.748583,0.572175,1.971165,0.526155,-0.483204,0.823748,-0.758139,0.584180,1.974043,0.509133,-0.493588,0.829074,-0.758100,0.584200,1.974000,0.509100,-0.493600,0.829100,,,,,,,0
414,1787907091.2697,1787907091.2841,0.03964,-0.751651,0.576777,1.980369,0.527689,-0.483204,0.823748,-0.759049,0.589515,1.973198,0.501042,-0.502666,0.831644,-0.759000,0.589500,1.973200,0.501000,-0.502700,0.831600,,,,,,,0
415,1787907091.3259,1787907091.3392,0.05624,-0.753185,0.579845,1.978835,0.509282,-0.483204,0.823748,-0.760110,0.599453,1.968983,0.489490,-0.503812,0.830350,-0.760100,0.599500,1.969000,0.489500,-0.503800,0.830400,,,,,,,0
416,1787907091.3648,1787907091.3792,0.03887,-0.753185,0.584447,1.968097,0.507748,-0.487806,0.823748,-0.759031,0.608230,1.968111,0.482727,-0.509929,0.829261,-0.759000,0.608200,1.968100,0.482700,-0.509900,0.829300,,,,,,,0
417,1787907091.424,1787907091.438,0.05925,-0.753185,0.592117,1.980369,0.509282,-0.498544,0.823748,-0.761632,0.607362,1.971340,0.475942,-0.515809,0.826534,-0.761600,0.607400,1.971300,0.475900,-0.515800,0.826500,,,,,,,0
418,1787907091.4904,1787907091.5042,0.06637,-0.753185,0.605922,1.968097,0.478602,-0.503146,0.823748,-0.765695,0.613375,1.966599,0.477381,-0.518703,0.826960,-0.765700,0.613400,1.966600,0.477400,-0.518700,0.827000,,,,,,,0
419,1787907091.5292,1787907091.5431,0.03877,-0.753185,0.608990,1.965029,0.480136,-0.504680,0.823748,-0.767190,0.619992,1.959654,0.482001,-0.528690,0.826673,-0.767200,0.620000,1.959700,0.482000,-0.528700,0.826700,,,,,,,0
420,1787907091.5854,1787907091.5999,0.05622,-0.753185,0.608990,1.984971,0.487806,-0.512350,0.823748,-0.775155,0.625706,1.954347,0.490592,-0.542671,0.829612,-0.775200,0.625700,1.954300,0.490600,-0.542700,0.829600,,,,,,,1
421,1787907091.623,1787907091.638,0.0376,-0.757787,0.613592,1.975767,0.470932,-0.513884,0.823748,-0.778786,0.628611,1.951149,0.491826,-0.552154,0.827776,-0.778800,0.628600,1.951100,0.491800,-0.552200,0.827800,,,,,,,1
422,1787907091.6748,1787907091.6881,0.0518,-0.760854,0.621262,1.960427,0.477068,-0.524621,0.823748,-0.785205,0.630044,1.944625,0.493707,-0.561449,0.827295,-0.785200,0.630000,1.944600,0.493700,-0.561400,0.827300,,,,,,,0
423,1787907091.7415,1787907091.756,0.0667,-0.768524,0.628932,1.963495,0.490874,-0.539961,0.823748,-0.773255,0.635904,1.948965,0.511448,-0.511502,0.845737,-0.773300,0.635900,1.949000,0.511400,-0.511500,0.845700,,,,,,,0
424,1787907091.78,1787907091.794,0.03852,-0.771592,0.632000,1.954292,0.481670,-0.549165,0.823748,-0.775447,0.641661,1.947502,0.510801,-0.507952,0.849012,-0.775400,0.641700,1.947500,0.510800,-0.508000,0.849000,,,,,,,0
425,1787907091.838,1787907091.8529,0.05799,-0.777728,0.630466,1.952758,0.497010,-0.555301,0.836020,-0.778166,0.646245,1.950170,0.509860,-0.506215,0.847707,-0.778200,0.646200,1.950200,0.509900,-0.506200,0.847700,,,,,,,0
426,1787907091.9044,1787907091.9189,0.06641,-0.776194,0.641204,1.948156,0.500078,-0.533825,0.845223,-0.783842,0.651768,1.948092,0.509716,-0.503344,0.843364,-0.783800,0.651800,1.948100,0.509700,-0.503300,0.843400,,,,,,,0
427,1787907091.9437,1787907091.9571,0.03934,-0.776194,0.642738,1.952758,0.512350,-0.516952,0.845223,-0.783051,0.656166,1.948795,0.508495,-0.504049,0.841506,-0.783100,0.656200,1.948800,0.508500,-0.504000,0.841500,,,,,,,0
428,1787907092.001,1787907092.0161,0.05724,-0.776194,0.644272,1.952758,0.510816,-0.506214,0.845223,-0.782313,0.653663,1.951931,0.509279,-0.501573,0.835607,-0.782300,0.653700,1.951900,0.509300,-0.501600,0.835600,,,,,,,0
429,1787907092.0675,1787907092.082,0.0665,-0.776194,0.653476,1.951224,0.510816,-0.504680,0.845223,-0.785574,0.660208,1.951007,0.508453,-0.493879,0.829530,-0.785600,0.660200,1.951000,0.508500,-0.493900,0.829500,,,,,,,0
430,1787907092.1061,1787907092.1201,0.03861,-0.776194,0.653476,1.951224,0.510816,-0.504680,0.845223,-0.790166,0.660656,1.951333,0.510530,-0.498791,0.824404,-0.790200,0.660700,1.951300,0.510500,-0.498800,0.824400,,,,,,,0
431,1787907092.1637,1787907092.1781,0.0576,-0.776194,0.653476,1.951224,0.510816,-0.500078,0.836020,-0.791584,0.661957,1.951657,0.510346,-0.495879,0.808362,-0.791600,0.662000,1.951700,0.510300,-0.495900,0.808400,,,,,,,0
432,1787907092.2304,1787907092.245,0.06667,-0.780796,0.656544,1.951224,0.512350,-0.497010,0.828350,-0.792137,0.668511,1.952253,0.510446,-0.493373,0.774367,-0.792100,0.668500,1.952300,0.510400,-0.493400,0.774400,,,,,,,0
433,1787907092.269,1787907092.2839,0.03864,-0.782330,0.656544,1.951224,0.512350,-0.497010,0.820680,-0.793458,0.663820,1.956977,0.508617,-0.506544,0.677640,-0.793500,0.663800,1.957000,0.508600,-0.506500,0.677600,,,,,,,0
434,1787907092.327,1787907092.341,0.05799,-0.782330,0.656544,1.951224,0.512350,-0.497010,0.794602,-0.792604,0.663105,1.939057,0.511015,-0.513102,0.572679,-0.792600,0.663100,1.939100,0.511000,-0.513100,0.572700,,,,,,,0
435,1787907092.3935,1787907092.4091,0.0665,-0.782330,0.658078,1.951224,0.512350,-0.497010,0.685689,-0.794384,0.654788,1.938774,0.517981,-0.520589,0.454846,-0.794400,0.654800,1.938800,0.518000,-0.520600,0.454800,,,,,,,0
436,1787907092.4605,1787907092.476,0.06703,-0.782330,0.658078,1.951224,0.512350,-0.506214,0.601320,-0.795245,0.653813,1.937909,0.521199,-0.524939,0.362297,-0.795200,0.653800,1.937900,0.521200,-0.524900,0.362300,,,,,,,0
437,1787907092.5156,1787907092.529,0.05511,-0.782330,0.661146,1.943554,0.513884,-0.512350,0.489340,-0.799275,0.654450,1.937083,0.525993,-0.536379,0.274193,-0.799300,0.654500,1.937100,0.526000,-0.536400,0.274200,,,,,,,0
438,1787907092.5543,1787907092.5681,0.0387,-0.782330,0.658078,1.945088,0.513884,-0.516952,0.417243,-0.797093,0.653498,1.946527,0.512061,-0.542670,0.057806,-0.797100,0.653500,1.946500,0.512100,-0.542700,0.057800,,,,,,,1
439,1787907092.6104,1787907092.625,0.05603,-0.782330,0.658078,1.945088,0.518486,-0.521553,0.343612,-0.796412,0.654326,1.950764,0.508501,-0.542701,0.023686,-0.796400,0.654300,1.950800,0.508500,-0.542700,0.023700,,,,,,,1
440,1787907092.65,1787907092.6638,0.03963,-0.785398,0.658078,1.945088,0.521553,-0.530757,0.248505,-0.798437,0.651333,1.951503,0.507392,-0.544470,-0.007803,-0.798400,0.651300,1.951500,0.507400,-0.544500,-0.007800,,,,,,,0
441,1787907092.7019,1787907092.7168,0.05187,-0.786932,0.656544,1.946622,0.516952,-0.539961,0.153398,-0.792400,0.685109,1.906542,0.489127,-0.499565,-0.002164,-0.792400,0.685100,1.906500,0.489100,-0.499600,-0.002200,,,,,,,0
442,1787907092.7686,1787907092.7822,0.06675,-0.788466,0.653476,1.949690,0.512350,-0.539961,0.133456,-0.791846,0.683135,1.902490,0.487303,-0.498428,-0.001212,-0.791800,0.683100,1.902500,0.487300,-0.498400,-0.001200,,,,,,,0
443,1787907092.8075,1787907092.8222,0.03886,-0.788466,0.653476,1.949690,0.512350,-0.539961,0.133456,-0.792984,0.679768,1.899862,0.490596,-0.495181,-0.016003,-0.793000,0.679800,1.899900,0.490600,-0.495200,-0.016000,,,,,,,0
444,1787907092.864,1787907092.8782,0.05658,-0.788466,0.658078,1.940486,0.503146,-0.524621,0.133456,-0.788483,0.670919,1.905198,0.487777,-0.494050,-0.020901,-0.788500,0.670900,1.905200,0.487800,-0.494100,-0.020900,,,,,,,0
445,1787907092.902,1787907092.9169,0.03792,-0.788466,0.667282,1.923612,0.501612,-0.509282,0.133456,-0.790474,0.660571,1.904794,0.486759,-0.492813,-0.024822,-0.790500,0.660600,1.904800,0.486800,-0.492800,-0.024800,,,,,,,0
446,1787907092.9529,1787907092.9659,0.05097,-0.788466,0.668816,1.909806,0.500078,-0.498544,0.133456,-0.789050,0.645229,1.906976,0.484961,-0.489991,-0.024832,-0.789100,0.645200,1.907000,0.485000,-0.490000,-0.024800,,,,,,,0
447,1787907093.0089,1787907093.0242,0.05599,-0.788466,0.667282,1.909806,0.497010,-0.495476,0.133456,-0.783960,0.619378,1.913623,0.488091,-0.491214,-0.028452,-0.784000,0.619400,1.913600,0.488100,-0.491200,-0.028500,,,,,,,0
448,1787907093.0645,1787907093.0792,0.0556,-0.788466,0.662680,1.909806,0.495476,-0.490874,0.133456,-0.783551,0.594109,1.919853,0.489093,-0.493825,-0.038324,-0.783600,0.594100,1.919900,0.489100,-0.493800,-0.038300,,,,,,,0
449,1787907093.1041,1787907093.1182,0.03956,-0.788466,0.655010,1.909806,0.493942,-0.490874,0.133456,-0.783640,0.555463,1.925435,0.491463,-0.493023,-0.044530,-0.783600,0.555500,1.925400,0.491500,-0.493000,-0.044500,,,,,,,0
450,1787907093.1628,1787907093.1772,0.05872,-0.786932,0.639670,1.914408,0.490874,-0.490874,0.124252,-0.777180,0.511870,1.930385,0.491786,-0.490771,-0.046820,-0.777200,0.511900,1.930400,0.491800,-0.490800,-0.046800,,,,,,,0
451,1787907093.2293,1787907093.2452,0.06648,-0.786932,0.608990,1.925146,0.487806,-0.490874,0.104311,-0.770149,0.461687,1.923622,0.495446,-0.495573,-0.047866,-0.770100,0.461700,1.923600,0.495400,-0.495600,-0.047900,,,,,,,0
452,1787907093.2853,1787907093.3012,0.05603,-0.785398,0.573709,1.926680,0.489340,-0.489340,0.023010,-0.760622,0.403448,1.921405,0.498111,-0.486222,-0.046899,-0.760600,0.403400,1.921400,0.498100,-0.486200,-0.046900,,,,,,,0
453,1787907093.3414,1787907093.3562,0.05612,-0.779262,0.533825,1.928214,0.489340,-0.489340,-0.053689,-0.753655,0.344201,1.914989,0.499425,-0.491342,-0.049290,-0.753700,0.344200,1.915000,0.499400,-0.491300,-0.049300,,,,,,,0
454,1787907093.3812,1787907093.3952,0.03975,-0.771592,0.507748,1.929748,0.498544,-0.489340,-0.052155,-0.740779,0.287243,1.904421,0.498122,-0.497508,-0.047044,-0.740800,0.287200,1.904400,0.498100,-0.497500,-0.047000,,,,,,,0
455,1787907093.4378,1787907093.4512,0.05661,-0.762388,0.455592,1.928214,0.498544,-0.489340,-0.052155,-0.725443,0.241234,1.894207,0.501563,-0.498281,-0.047675,-0.725400,0.241200,1.894200,0.501600,-0.498300,-0.047700,,,,,,,0
456,1787907093.4943,1787907093.5092,0.05649,-0.753185,0.398835,1.922078,0.498544,-0.489340,-0.052155,-0.638655,0.133960,1.859712,0.512753,-0.493307,-0.051228,-0.638700,0.134000,1.859700,0.512800,-0.493300,-0.051200,,,,,,,1
457,1787907093.5344,1787907093.5489,0.04007,-0.745515,0.360485,1.914408,0.498544,-0.489340,-0.052155,-0.596382,0.108494,1.838649,0.517712,-0.474765,-0.052694,-0.596400,0.108500,1.838600,0.517700,-0.474800,-0.052700,,,,,,,1
458,1787907093.591,1787907093.6052,0.05668,-0.730175,0.296058,1.906738,0.500078,-0.493942,-0.052155,-0.544152,0.086418,1.808413,0.521265,-0.438887,-0.056502,-0.544200,0.086400,1.808400,0.521300,-0.438900,-0.056500,,,,,,,0
459,1787907093.6295,1787907093.6442,0.03844,-0.716369,0.260777,1.897534,0.507748,-0.493942,-0.050621,-0.719103,0.227549,1.910466,0.510155,-0.494279,-0.053960,-0.719100,0.227500,1.910500,0.510200,-0.494300,-0.054000,,,,,,,0
460,1787907093.6866,1787907093.7012,0.05717,-0.678020,0.190214,1.868389,0.512350,-0.477068,-0.050621,-0.710884,0.208162,1.913732,0.514000,-0.495806,-0.052837,-0.710900,0.208200,1.913700,0.514000,-0.495800,-0.052800,,,,,,,0
461,1787907093.7554,1787907093.7701,0.06875,-0.604388,0.124252,1.830039,0.513884,-0.449456,-0.050621,-0.703893,0.191781,1.917036,0.514218,-0.496999,-0.053684,-0.703900,0.191800,1.917000,0.514200,-0.497000,-0.053700,,,,,,,0
462,1787907093.7944,1787907093.8101,0.03899,-0.570641,0.104311,1.822369,0.512350,-0.447922,-0.050621,-0.686119,0.171053,1.911869,0.520280,-0.491614,-0.054800,-0.686100,0.171100,1.911900,0.520300,-0.491600,-0.054800,,,,,,,0
463,1787907093.8519,1787907093.8669,0.0575,-0.549165,0.096641,1.837709,0.512350,-0.463262,-0.050621,-0.664314,0.147441,1.897703,0.522457,-0.485814,-0.055568,-0.664300,0.147400,1.897700,0.522500,-0.485800,-0.055600,,,,,,,0
464,1787907093.9184,1787907093.9329,0.06649,-0.553767,0.122718,1.885262,0.513884,-0.489340,-0.050621,-0.628551,0.123195,1.881491,0.527191,-0.472925,-0.056033,-0.628600,0.123200,1.881500,0.527200,-0.472900,-0.056000,,,,,,,0
465,1787907093.9554,1787907093.9701,0.03698,-0.570641,0.148796,1.905204,0.516952,-0.489340,-0.050621,-0.581911,0.102000,1.864222,0.533412,-0.452100,-0.056977,-0.581900,0.102000,1.864200,0.533400,-0.452100,-0.057000,,,,,,,0
466,1787907094.0069,1787907094.0211,0.05154,-0.612058,0.171806,1.914408,0.521553,-0.489340,-0.050621,-0.530559,0.081070,1.846825,0.534025,-0.421896,-0.056486,-0.530600,0.081100,1.846800,0.534000,-0.421900,-0.056500,,,,,,,0
467,1787907094.0734,1787907094.0871,0.06649,-0.656544,0.164136,1.902136,0.527689,-0.470932,-0.050621,-0.479842,0.064346,1.826944,0.538942,-0.363628,-0.058901,-0.479800,0.064300,1.826900,0.538900,-0.363600,-0.058900,,,,,,,0
468,1787907094.1126,1787907094.1271,0.03925,-0.658078,0.148796,1.886796,0.529223,-0.455592,-0.050621,-0.420849,0.053459,1.804897,0.536916,-0.287382,-0.058556,-0.420800,0.053500,1.804900,0.536900,-0.287400,-0.058600,,,,,,,0
469,1787907094.1697,1787907094.1841,0.05703,-0.636602,0.113515,1.866855,0.529223,-0.427981,-0.050621,-0.371664,0.046835,1.779714,0.547183,-0.192130,-0.058660,-0.371700,0.046800,1.779700,0.547200,-0.192100,-0.058700,,,,,,,0
470,1787907094.2363,1787907094.2521,0.06662,-0.589049,0.075165,1.837709,0.533825,-0.378893,-0.050621,-0.314097,0.035208,1.754918,0.548214,-0.070772,-0.059973,-0.314100,0.035200,1.754900,0.548200,-0.070800,-0.060000,,,,,,,0
471,1787907094.2916,1787907094.3071,0.05535,-0.512350,0.061359,1.814699,0.535359,-0.316000,-0.050621,-0.273543,0.029983,1.730288,0.551341,0.069605,-0.057849,-0.273500,0.030000,1.730300,0.551300,0.069600,-0.057800,,,,,,,0
472,1787907094.3306,1787907094.3441,0.03895,-0.460194,0.058291,1.802427,0.543029,-0.274583,-0.050621,-0.237101,0.030266,1.710773,0.552731,0.219960,-0.054579,-0.237100,0.030300,1.710800,0.552700,0.220000,-0.054600,,,,,,,0
473,1787907094.3876,1787907094.4011,0.05706,-0.386563,0.050621,1.776350,0.544563,-0.187146,-0.053689,-0.211360,0.034804,1.689174,0.556153,0.360687,-0.055459,-0.211400,0.034800,1.689200,0.556200,0.360700,-0.055500,,,,,,,0
474,1787907094.4266,1787907094.4401,0.03895,-0.349748,0.044485,1.761010,0.547631,-0.130388,-0.053689,-0.141581,0.039913,1.668195,0.549881,0.844316,-0.065585,-0.141600,0.039900,1.668200,0.549900,0.844300,-0.065600,,,,,,,1
475,1787907094.4777,1787907094.4911,0.05116,-0.292990,0.041417,1.733398,0.547631,-0.029146,-0.053689,-0.133270,0.046121,1.666861,0.541075,0.966345,-0.066063,-0.133300,0.046100,1.666900,0.541100,0.966300,-0.066100,,,,,,,1
476,1787907094.5442,1787907094.5601,0.06647,-0.230097,0.041417,1.710389,0.552233,0.110447,-0.061359,-0.121612,0.050868,1.674350,0.541076,1.057989,-0.065012,-0.121600,0.050900,1.674400,0.541100,1.058000,-0.065000,,,,,,,0
477,1787907094.5995,1787907094.6141,0.05524,-0.179476,0.042951,1.688913,0.549165,0.254641,-0.061359,-0.339135,0.302986,1.788713,0.572031,-0.112870,0.530635,-0.339100,0.303000,1.788700,0.572000,-0.112900,0.530600,,,,,,,0
478,1787907094.6388,1787907094.6531,0.03938,-0.153398,0.042951,1.688913,0.544563,0.355884,-0.061359,-0.379985,0.355359,1.788547,0.578607,-0.356928,0.649814,-0.380000,0.355400,1.788500,0.578600,-0.356900,0.649800,,,,,,,0
479,1787907094.6957,1787907094.7102,0.05691,-0.125786,0.050621,1.688913,0.544563,0.538427,-0.055223,-0.409971,0.400446,1.783410,0.585906,-0.465872,0.710499,-0.410000,0.400400,1.783400,0.585900,-0.465900,0.710500,,,,,,,0
480,1787907094.7349,1787907094.7491,0.0392,-0.125786,0.061359,1.691981,0.549165,0.633534,0.049087,-0.428644,0.425529,1.773372,0.594943,-0.509798,0.731482,-0.428600,0.425500,1.773400,0.594900,-0.509800,0.731500,,,,,,,0
481,1787907094.7912,1787907094.8051,0.05627,-0.145728,0.095107,1.730330,0.573709,0.774660,0.397301,-0.439703,0.444395,1.778502,0.594180,-0.515053,0.737486,-0.439700,0.444400,1.778500,0.594200,-0.515100,0.737500,,,,,,,0
482,1787907094.8603,1787907094.8751,0.06909,-0.200951,0.174874,1.774816,0.589049,0.900447,0.704097,-0.455507,0.461337,1.771997,0.597933,-0.512863,0.744021,-0.455500,0.461300,1.772000,0.597900,-0.512900,0.744000,,,,,,,0
483,1787907094.8972,1787907094.9119,0.03688,-0.248505,0.230097,1.785554,0.590583,0.948000,0.742447,-0.467240,0.480602,1.765131,0.599944,-0.504033,0.736615,-0.467200,0.480600,1.765100,0.599900,-0.504000,0.736600,,,,,,,0
484,1787907094.9489,1787907094.963,0.05169,-0.325204,0.312932,1.782486,0.589049,1.007825,0.742447,-0.475308,0.498770,1.753649,0.602649,-0.498115,0.736475,-0.475300,0.498800,1.753600,0.602600,-0.498100,0.736500,,,,,,,0
485,1787907095.0153,1787907095.0299,0.06645,-0.404971,0.401903,1.779418,0.601320,1.049243,0.742447,-0.482468,0.513206,1.735946,0.607920,-0.489421,0.737716,-0.482500,0.513200,1.735900,0.607900,-0.489400,0.737700,,,,,,,0
486,1787907095.0524,1787907095.0671,0.03709,-0.434117,0.438719,1.779418,0.601320,1.056913,0.742447,-0.491308,0.531211,1.724723,0.610879,-0.494014,0.740228,-0.491300,0.531200,1.724700,0.610900,-0.494000,0.740200,,,,,,,0
487,1787907095.1038,1787907095.1191,0.05141,-0.461728,0.480136,1.768680,0.601320,1.052311,0.742447,-0.496992,0.542266,1.720006,0.611200,-0.487742,0.736279,-0.497000,0.542300,1.720000,0.611200,-0.487700,0.736300,,,,,,,0
488,1787907095.1702,1787907095.1862,0.06637,-0.480136,0.518486,1.751806,0.605922,1.006291,0.742447,-0.503400,0.552387,1.711056,0.614408,-0.482775,0.734796,-0.503400,0.552400,1.711100,0.614400,-0.482800,0.734800,,,,,,,0
489,1787907095.2373,1787907095.2521,0.06712,-0.487806,0.541495,1.734932,0.605922,0.923456,0.742447,-0.508417,0.571802,1.708906,0.615284,-0.485327,0.736367,-0.508400,0.571800,1.708900,0.615300,-0.485300,0.736400,,,,,,,0
490,1787907095.2742,1787907095.2882,0.03684,-0.487806,0.544563,1.734932,0.605922,0.869767,0.742447,-0.514742,0.581096,1.705695,0.620080,-0.474556,0.732593,-0.514700,0.581100,1.705700,0.620100,-0.474600,0.732600,,,,,,,0
491,1787907095.3259,1787907095.3392,0.05175,-0.493942,0.552233,1.725728,0.610524,0.763922,0.742447,-0.518226,0.590383,1.696904,0.624951,-0.484897,0.736594,-0.518200,0.590400,1.696900,0.625000,-0.484900,0.736600,,,,,,,0
492,1787907095.3923,1787907095.4071,0.06638,-0.501612,0.569107,1.719592,0.619728,0.607456,0.742447,-0.529913,0.610906,1.684260,0.629484,-0.468582,0.732625,-0.529900,0.610900,1.684300,0.629500,-0.468600,0.732600,,,,,,,1
493,1787907095.4289,1787907095.4421,0.03662,-0.506214,0.582913,1.718058,0.619728,0.509282,0.742447,-0.535122,0.619797,1.676958,0.630993,-0.461680,0.727797,-0.535100,0.619800,1.677000,0.631000,-0.461700,0.727800,,,,,,,1
494,1787907095.4809,1787907095.496,0.05202,-0.512350,0.593651,1.713457,0.619728,0.342078,0.742447,-0.536703,0.631892,1.671831,0.630301,-0.445261,0.729909,-0.536700,0.631900,1.671800,0.630300,-0.445300,0.729900,,,,,,,0
495,1787907095.5474,1787907095.5612,0.06646,-0.520019,0.604388,1.696583,0.625864,0.131922,0.730175,-0.500701,0.593772,1.736265,0.603339,0.409146,0.815921,-0.500700,0.593800,1.736300,0.603300,0.409100,0.815900,,,,,,,0
496,1787907095.5845,1787907095.599,0.03714,-0.523087,0.619728,1.682777,0.616660,0.027612,0.730175,-0.501740,0.597147,1.751862,0.601509,0.575649,0.810957,-0.501700,0.597100,1.751900,0.601500,0.575600,0.811000,,,,,,,0
497,1787907095.6359,1787907095.649,0.05136,-0.529223,0.635068,1.684311,0.636602,-0.107379,0.730175,-0.501562,0.600039,1.754696,0.592732,0.669157,0.809315,-0.501600,0.600000,1.754700,0.592700,0.669200,0.809300,,,,,,,0
498,1787907095.7023,1787907095.7161,0.06642,-0.526155,0.628932,1.687379,0.604388,-0.246971,0.814544,-0.502493,0.610124,1.757033,0.583042,0.712610,0.811417,-0.502500,0.610100,1.757000,0.583000,0.712600,0.811400,,,,,,,0
499,1787907095.739,1787907095.754,0.03671,-0.515418,0.615126,1.704253,0.602854,-0.306796,0.814544,-0.501225,0.614514,1.759743,0.576943,0.752284,0.811288,-0.501200,0.614500,1.759700,0.576900,0.752300,0.811300,,,,,,,0
500,1787907095.7908,1787907095.8042,0.05173,-0.501612,0.610524,1.751806,0.605922,-0.380427,0.814544,-0.501344,0.629279,1.757329,0.562645,0.751988,0.809929,-0.501300,0.629300,1.757300,0.562600,0.752000,0.809900,,,,,,,0
501,1787907095.8573,1787907095.871,0.06653,-0.501612,0.618194,1.756408,0.575243,-0.437185,0.814544,-0.500075,0.635357,1.761459,0.551079,0.758845,0.808660,-0.500100,0.635400,1.761500,0.551100,0.758800,0.808700,,,,,,,0
502,1787907095.8961,1787907095.9099,0.0388,-0.504680,0.616660,1.764078,0.589049,-0.457126,0.814544,-0.500949,0.644386,1.759207,0.541548,0.761553,0.807581,-0.500900,0.644400,1.759200,0.541500,0.761600,0.807600,,,,,,,0
503,1787907095.9529,1787907095.9659,0.05678,-0.504680,0.630466,1.753340,0.555301,-0.461728,0.814544,-0.500627,0.653436,1.756085,0.534893,0.760781,0.805033,-0.500600,0.653400,1.756100,0.534900,0.760800,0.805000,,,,,,,0
504,1787907096.0083,1787907096.024,0.05542,-0.501612,0.641204,1.770214,0.558369,-0.438719,0.809942,-0.498470,0.658066,1.759253,0.524967,0.771333,0.804810,-0.498500,0.658100,1.759300,0.525000,0.771300,0.804800,,,,,,,0
505,1787907096.0478,1787907096.0621,0.03951,-0.501612,0.647340,1.764078,0.541495,-0.409573,0.809942,-0.498009,0.668772,1.758479,0.523069,0.773549,0.800411,-0.498000,0.668800,1.758500,0.523100,0.773500,0.800400,,,,,,,0
506,1787907096.1046,1787907096.119,0.05685,-0.503146,0.655010,1.757942,0.530757,-0.334408,0.809942,-0.496140,0.667222,1.758479,0.523835,0.781372,0.802452,-0.496100,0.667200,1.758500,0.523800,0.781400,0.802500,,,,,,,0
507,1787907096.1433,1787907096.1581,0.0387,-0.503146,0.656544,1.771748,0.536893,-0.282252,0.809942,-0.497271,0.673453,1.756364,0.527206,0.781514,0.799705,-0.497300,0.673500,1.756400,0.527200,0.781500,0.799700,,,,,,,0
508,1787907096.1949,1787907096.21,0.05152,-0.501612,0.670350,1.768680,0.515418,-0.181010,0.805340,-0.495653,0.676079,1.754676,0.519974,0.782915,0.796552,-0.495700,0.676100,1.754700,0.520000,0.782900,0.796600,,,,,,,0
509,1787907096.2613,1787907096.2749,0.0664,-0.501612,0.671884,1.768680,0.530757,-0.026078,0.803806,-0.492953,0.687163,1.744719,0.513151,0.775227,0.791725,-0.493000,0.687200,1.744700,0.513200,0.775200,0.791700,,,,,,,0
510,1787907096.3006,1787907096.315,0.03936,-0.500078,0.676486,1.765612,0.516952,0.072097,0.803806,-0.494163,0.693402,1.741765,0.510090,0.776766,0.792415,-0.494200,0.693400,1.741800,0.510100,0.776800,0.792400,,,,,,,0
511,1787907096.3574,1787907096.3721,0.05674,-0.498544,0.681087,1.764078,0.526155,0.251573,0.800738,-0.493222,0.705705,1.743381,0.512588,0.745588,0.785462,-0.493200,0.705700,1.743400,0.512600,0.745600,0.785500,,,,,,,1
512,1787907096.4129,1787907096.4281,0.05552,-0.497010,0.691825,1.754874,0.506214,0.400369,0.800738,-0.491834,0.710888,1.745790,0.519318,0.738339,0.785052,-0.491800,0.710900,1.745800,0.519300,0.738300,0.785100,,,,,,,1
513,1787907096.452,1787907096.4671,0.03912,-0.497010,0.694893,1.748738,0.506214,0.480136,0.793068,-0.492759,0.711990,1.741966,0.521108,0.739068,0.785804,-0.492800,0.712000,1.742000,0.521100,0.739100,0.785800,,,,,,,0
514,1787907096.5085,1787907096.523,0.05648,-0.497010,0.707165,1.751806,0.515418,0.598253,0.788466,-0.529202,0.689126,1.677525,0.544428,-0.264322,0.809154,-0.529200,0.689100,1.677500,0.544400,-0.264300,0.809200,,,,,,,0
515,1787907096.5475,1787907096.561,0.03901,-0.497010,0.708699,1.750272,0.515418,0.650408,0.788466,-0.532258,0.691820,1.677821,0.545217,-0.341425,0.809763,-0.532300,0.691800,1.677800,0.545200,-0.341400,0.809800,,,,,,,0
516,1787907096.6068,1787907096.6211,0.05935,-0.497010,0.708699,1.750272,0.515418,0.724039,0.791534,-0.537092,0.695112,1.673108,0.548963,-0.379907,0.802851,-0.537100,0.695100,1.673100,0.549000,-0.379900,0.802900,,,,,,,0
517,1787907096.6732,1787907096.687,0.06636,-0.504680,0.708699,1.727262,0.536893,0.768524,0.808408,-0.534438,0.697508,1.677234,0.550836,-0.380203,0.785858,-0.534400,0.697500,1.677200,0.550800,-0.380200,0.785900,,,,,,,0
518,1787907096.7102,1787907096.725,0.03702,-0.513884,0.708699,1.707321,0.539961,0.777728,0.808408,-0.537303,0.697951,1.675216,0.558438,-0.375573,0.751777,-0.537300,0.698000,1.675200,0.558400,-0.375600,0.751800,,,,,,,0
519,1787907096.7616,1787907096.7749,0.05133,-0.532291,0.708699,1.685845,0.541495,0.777728,0.808408,-0.539795,0.704106,1.690239,0.556127,-0.387843,0.642411,-0.539800,0.704100,1.690200,0.556100,-0.387800,0.642400,,,,,,,0
520,1787907096.8281,1787907096.8432,0.06651,-0.533825,0.707165,1.684311,0.556835,0.731709,0.751651,-0.536592,0.697916,1.689648,0.549501,-0.436644,0.444103,-0.536600,0.697900,1.689600,0.549500,-0.436600,0.444100,,,,,,,0
521,1787907096.8668,1787907096.8801,0.03873,-0.529223,0.708699,1.685845,0.558369,0.694893,0.740913,-0.532067,0.693999,1.698828,0.548261,-0.450113,0.242661,-0.532100,0.694000,1.698800,0.548300,-0.450100,0.242700,,,,,,,0
522,1787907096.9241,1787907096.94,0.0573,-0.529223,0.708699,1.691981,0.558369,0.607456,0.595185,-0.530074,0.697544,1.711380,0.550957,-0.443829,0.120981,-0.530100,0.697500,1.711400,0.551000,-0.443800,0.121000,,,,,,,0
523,1787907096.9912,1787907097.0052,0.06709,-0.533825,0.704097,1.693515,0.550699,0.481670,0.397301,-0.530891,0.695561,1.725542,0.551406,-0.433547,0.022096,-0.530900,0.695600,1.725500,0.551400,-0.433500,0.022100,,,,,,,0
524,1787907097.0299,1787907097.0432,0.03874,-0.533825,0.701029,1.695049,0.550699,0.404971,0.349748,-0.528490,0.691539,1.736288,0.551432,-0.432465,-0.004241,-0.528500,0.691500,1.736300,0.551400,-0.432500,-0.004200,,,,,,,0
525,1787907097.0871,1787907097.102,0.05715,-0.533825,0.694893,1.711923,0.541495,0.246971,0.104311,-0.530561,0.686819,1.751714,0.551026,-0.437194,-0.036110,-0.530600,0.686800,1.751700,0.551000,-0.437200,-0.036100,,,,,,,0
526,1787907097.1242,1787907097.1382,0.03711,-0.533825,0.705631,1.724194,0.553767,0.136524,-0.012272,-0.528913,0.683985,1.762535,0.553368,-0.440561,-0.037433,-0.528900,0.684000,1.762500,0.553400,-0.440600,-0.037400,,,,,,,0
527,1787907097.1758,1787907097.1911,0.05164,-0.533825,0.701029,1.736466,0.553767,-0.010738,-0.013806,-0.523545,0.674374,1.777584,0.551629,-0.442593,-0.035618,-0.523500,0.674400,1.777600,0.551600,-0.442600,-0.035600,,,,,,,0
528,1787907097.2423,1787907097.2572,0.06648,-0.532291,0.701029,1.750272,0.543029,-0.162602,-0.035282,-0.521863,0.653515,1.792464,0.552522,-0.449327,-0.030804,-0.521900,0.653500,1.792500,0.552500,-0.449300,-0.030800,,,,,,,0
529,1787907097.2791,1787907097.2932,0.03676,-0.532291,0.697961,1.764078,0.553767,-0.233165,-0.033748,-0.522101,0.639817,1.812352,0.553592,-0.449410,-0.031501,-0.522100,0.639800,1.812400,0.553600,-0.449400,-0.031500,,,,,,,0
530,1787907097.3305,1787907097.3452,0.05144,-0.530757,0.693359,1.776350,0.550699,-0.316000,-0.035282,-0.522913,0.595585,1.820476,0.556439,-0.406943,-0.035573,-0.522900,0.595600,1.820500,0.556400,-0.406900,-0.035600,,,,,,,1
531,1787907097.3972,1787907097.4111,0.06667,-0.526155,0.679553,1.794758,0.549165,-0.392699,-0.035282,-0.522816,0.561990,1.824926,0.558696,-0.400795,-0.037238,-0.522800,0.562000,1.824900,0.558700,-0.400800,-0.037200,,,,,,,1
532,1787907097.434,1787907097.4481,0.03686,-0.526155,0.665748,1.811631,0.555301,-0.418777,-0.035282,-0.520682,0.516028,1.835798,0.558952,-0.395627,-0.044671,-0.520700,0.516000,1.835800,0.559000,-0.395600,-0.044700,,,,,,,0
533,1787907097.4858,1787907097.4989,0.05177,-0.526155,0.636602,1.820835,0.555301,-0.438719,-0.035282,-0.546425,0.660135,1.707642,0.558748,0.385644,-0.046651,-0.546400,0.660100,1.707600,0.558700,0.385600,-0.046700,,,,,,,0
534,1787907097.5522,1787907097.5671,0.0664,-0.526155,0.590583,1.833107,0.549165,-0.435651,-0.039884,-0.542194,0.632975,1.714772,0.562033,0.437832,-0.052652,-0.542200,0.633000,1.714800,0.562000,0.437800,-0.052700,,,,,,,0
535,1787907097.5914,1787907097.6059,0.03924,-0.526155,0.562971,1.839243,0.562971,-0.417243,-0.039884,-0.543322,0.597492,1.719031,0.560810,0.467706,-0.047514,-0.543300,0.597500,1.719000,0.560800,0.467700,-0.047500,,,,,,,0
536,1787907097.648,1787907097.6629,0.05659,-0.529223,0.535359,1.822369,0.555301,-0.362019,-0.046019,-0.540404,0.547622,1.727222,0.559362,0.489370,-0.046012,-0.540400,0.547600,1.727200,0.559400,0.489400,-0.046000,,,,,,,0
537,1787907097.6855,1787907097.6989,0.03751,-0.533825,0.532291,1.800893,0.564505,-0.317534,-0.047553,-0.531869,0.488678,1.733141,0.554138,0.498972,-0.046265,-0.531900,0.488700,1.733100,0.554100,0.499000,-0.046300,,,,,,,0
538,1787907097.7368,1787907097.751,0.0513,-0.536893,0.546097,1.761010,0.562971,-0.234699,-0.047553,-0.531884,0.440048,1.721272,0.550713,0.502354,-0.049002,-0.531900,0.440000,1.721300,0.550700,0.502400,-0.049000,,,,,,,0
539,1787907097.8032,1787907097.817,0.06632,-0.536893,0.578311,1.733398,0.556835,-0.099709,-0.047553,-0.526726,0.386098,1.713593,0.550636,0.501781,-0.049997,-0.526700,0.386100,1.713600,0.550600,0.501800,-0.050000,,,,,,,0
540,1787907097.8423,1787907097.8562,0.03912,-0.535359,0.582913,1.733398,0.559903,-0.012272,-0.047553,-0.522287,0.344445,1.698909,0.546429,0.499703,-0.048857,-0.522300,0.344400,1.698900,0.546400,0.499700,-0.048900,,,,,,,0
541,1787907097.8997,1787907097.913,0.05747,-0.535359,0.573709,1.731864,0.549165,0.139592,-0.047553,-0.516675,0.311303,1.675864,0.543671,0.504709,-0.050527,-0.516700,0.311300,1.675900,0.543700,0.504700,-0.050500,,,,,,,0
542,1787907097.9661,1787907097.9802,0.0664,-0.527689,0.524621,1.724194,0.552233,0.279185,-0.047553,-0.496503,0.268108,1.656155,0.541664,0.517833,-0.049815,-0.496500,0.268100,1.656200,0.541700,0.517800,-0.049800,,,,,,,0
543,1787907098.0048,1787907098.0201,0.03863,-0.526155,0.481670,1.718058,0.549165,0.337476,-0.047553,-0.477174,0.243440,1.633872,0.539989,0.530352,-0.049528,-0.477200,0.243400,1.633900,0.540000,0.530400,-0.049500,,,,,,,0
544,1787907098.0628,1787907098.076,0.05799,-0.520019,0.400369,1.696583,0.544563,0.423379,-0.047553,-0.454129,0.208124,1.620916,0.536629,0.562196,-0.049252,-0.454100,0.208100,1.620900,0.536600,0.562200,-0.049300,,,,,,,0
545,1787907098.1291,1787907098.1441,0.06637,-0.501612,0.322136,1.664369,0.544563,0.489340,-0.047553,-0.418208,0.176834,1.603281,0.529325,0.612988,-0.047391,-0.418200,0.176800,1.603300,0.529300,0.613000,-0.047400,,,,,,,0
546,1787907098.1683,1787907098.182,0.03912,-0.486272,0.291456,1.650563,0.543029,0.513884,-0.047553,-0.385413,0.149791,1.605565,0.525766,0.673467,-0.040937,-0.385400,0.149800,1.605600,0.525800,0.673500,-0.040900,,,,,,,0
547,1787907098.2258,1787907098.2389,0.05752,-0.455592,0.245437,1.636758,0.541495,0.552233,-0.047553,-0.343985,0.130200,1.597020,0.518920,0.730208,-0.043865,-0.344000,0.130200,1.597000,0.518900,0.730200,-0.043900,,,,,,,0
548,1787907098.2921,1787907098.3071,0.06632,-0.424913,0.197884,1.621418,0.530757,0.605922,-0.047553,-0.208360,0.097935,1.610659,0.517136,0.945209,-0.049758,-0.208400,0.097900,1.610700,0.517100,0.945200,-0.049800,,,,,,,1
549,1787907098.331,1787907098.345,0.03892,-0.404971,0.174874,1.621418,0.529223,0.635068,-0.047553,-0.173605,0.092578,1.610829,0.519614,1.009656,-0.049586,-0.173600,0.092600,1.610800,0.519600,1.009700,-0.049600,,,,,,,1
550,1787907098.3887,1787907098.403,0.05772,-0.362019,0.145728,1.615282,0.520019,0.693359,-0.047553,-0.147520,0.089518,1.622581,0.520277,1.059703,-0.048358,-0.147500,0.089500,1.622600,0.520300,1.059700,-0.048400,,,,,,,0
551,1787907098.4441,1787907098.459,0.0554,-0.317534,0.121184,1.618350,0.523087,0.756253,-0.047553,-0.398756,0.427646,1.559262,0.572745,0.476982,0.340233,-0.398800,0.427600,1.559300,0.572700,0.477000,0.340200,,,,,,,0
552,1787907098.4831,1787907098.4979,0.03897,-0.280718,0.110447,1.616816,0.521553,0.809942,-0.047553,-0.424445,0.479079,1.552401,0.584187,0.350277,0.444729,-0.424400,0.479100,1.552400,0.584200,0.350300,0.444700,,,,,,,0
553,1787907098.5395,1787907098.554,0.05638,-0.208621,0.101243,1.624486,0.521553,0.908117,-0.039884,-0.434889,0.507980,1.552915,0.594061,0.263853,0.495357,-0.434900,0.508000,1.552900,0.594100,0.263900,0.495400,,,,,,,0
554,1787907098.5785,1787907098.5919,0.03899,-0.173340,0.104311,1.624486,0.527689,0.957204,0.064427,-0.440669,0.555102,1.530154,0.604394,0.179813,0.568222,-0.440700,0.555100,1.530200,0.604400,0.179800,0.568200,,,,,,,0
555,1787907098.635,1787907098.65,0.05653,-0.150330,0.138058,1.599942,0.564505,1.020097,0.374291,-0.447209,0.580243,1.523220,0.610675,0.141568,0.578010,-0.447200,0.580200,1.523200,0.610700,0.141600,0.578000,,,,,,,0
556,1787907098.7042,1787907098.719,0.06924,-0.154932,0.210155,1.561592,0.593651,1.053845,0.566039,-0.451584,0.598125,1.519284,0.613356,0.123922,0.573251,-0.451600,0.598100,1.519300,0.613400,0.123900,0.573300,,,,,,,0
557,1787907098.7411,1787907098.7562,0.03686,-0.170272,0.263845,1.547787,0.599786,1.056913,0.573709,-0.451323,0.611247,1.518437,0.616406,0.108861,0.562451,-0.451300,0.611200,1.518400,0.616400,0.108900,0.562500,,,,,,,0
558,1787907098.7926,1787907098.806,0.05151,-0.211689,0.360485,1.538583,0.605922,1.049243,0.573709,-0.451461,0.622820,1.511467,0.617838,0.104268,0.553318,-0.451500,0.622800,1.511500,0.617800,0.104300,0.553300,,,,,,,0
559,1787907098.8592,1787907098.874,0.06662,-0.303728,0.477068,1.537049,0.612058,0.994020,0.567573,-0.447920,0.635916,1.509774,0.616557,0.099346,0.553062,-0.447900,0.635900,1.509800,0.616600,0.099300,0.553100,,,,,,,0
560,1787907098.8968,1787907098.911,0.03761,-0.354350,0.526155,1.537049,0.613592,0.952602,0.562971,-0.447007,0.640733,1.511894,0.612995,0.095564,0.552131,-0.447000,0.640700,1.511900,0.613000,0.095600,0.552100,,,,,,,0
561,1787907098.9476,1787907098.9621,0.05077,-0.414175,0.581379,1.529379,0.613592,0.872835,0.558369,-0.445910,0.646968,1.510515,0.607527,0.100550,0.550027,-0.445900,0.647000,1.510500,0.607500,0.100500,0.550000,,,,,,,0
562,1787907099.0142,1787907099.0281,0.0666,-0.444854,0.627398,1.524777,0.613592,0.740913,0.558369,-0.444889,0.654728,1.510893,0.604397,0.103121,0.548891,-0.444900,0.654700,1.510900,0.604400,0.103100,0.548900,,,,,,,0
563,1787907099.0532,1787907099.0671,0.039,-0.446388,0.642738,1.524777,0.613592,0.656544,0.558369,-0.444440,0.655389,1.512497,0.596802,0.101991,0.544596,-0.444400,0.655400,1.512500,0.596800,0.102000,0.544600,,,,,,,0
564,1787907099.1107,1787907099.125,0.05753,-0.444854,0.650408,1.524777,0.608990,0.501612,0.556835,-0.443900,0.657727,1.510775,0.593795,0.092179,0.545655,-0.443900,0.657700,1.510800,0.593800,0.092200,0.545700,,,,,,,0
565,1787907099.1657,1787907099.1792,0.055,-0.444854,0.656544,1.523243,0.602854,0.375825,0.550699,-0.439224,0.661769,1.504281,0.589943,0.092397,0.542131,-0.439200,0.661800,1.504300,0.589900,0.092400,0.542100,,,,,,,0
566,1787907099.2049,1787907099.2181,0.03919,-0.444854,0.658078,1.523243,0.598253,0.306796,0.550699,-0.436516,0.669376,1.501297,0.587047,0.088119,0.539599,-0.436500,0.669400,1.501300,0.587000,0.088100,0.539600,,,,,,,0
567,1787907099.2617,1787907099.2761,0.05678,-0.444854,0.662680,1.524777,0.596719,0.210155,0.546097,-0.429504,0.673739,1.506079,0.578254,0.107592,0.526388,-0.429500,0.673700,1.506100,0.578300,0.107600,0.526400,,,,,,,1
568,1787907099.3012,1787907099.3142,0.03948,-0.443320,0.662680,1.521709,0.593651,0.168738,0.546097,-0.425878,0.679982,1.505706,0.575293,0.109767,0.514477,-0.425900,0.680000,1.505700,0.575300,0.109800,0.514500,,,,,,,1
569,1787907099.3582,1787907099.3732,0.05701,-0.441786,0.670350,1.514039,0.582913,0.118117,0.535359,-0.423553,0.683058,1.507669,0.573163,0.109856,0.507605,-0.423600,0.683100,1.507700,0.573200,0.109900,0.507600,,,,,,,0
570,1787907099.4138,1787907099.4271,0.05564,-0.435651,0.679553,1.517107,0.581379,0.096641,0.516952,-0.438806,0.623878,1.569548,0.580467,0.172193,0.623501,-0.438800,0.623900,1.569500,0.580500,0.172200,0.623500,,,,,,,0
571,1787907099.4538,1787907099.4671,0.03998,-0.432583,0.682621,1.515573,0.575243,0.096641,0.515418,-0.442965,0.628811,1.581122,0.577050,0.179169,0.638728,-0.443000,0.628800,1.581100,0.577100,0.179200,0.638700,,,,,,,0
572,1787907099.511,1787907099.525,0.05721,-0.427981,0.684155,1.515573,0.578311,0.110447,0.516952,-0.445430,0.630519,1.589122,0.572170,0.174878,0.643618,-0.445400,0.630500,1.589100,0.572200,0.174900,0.643600,,,,,,,0
573,1787907099.5488,1787907099.5621,0.03781,-0.426447,0.684155,1.520175,0.570641,0.125786,0.612058,-0.449021,0.637928,1.592689,0.569192,0.166114,0.643516,-0.449000,0.637900,1.592700,0.569200,0.166100,0.643500,,,,,,,0
574,1787907099.6006,1787907099.6152,0.05179,-0.434117,0.668816,1.555457,0.578311,0.158000,0.641204,-0.447472,0.647139,1.593548,0.562449,0.162711,0.641596,-0.447500,0.647100,1.593500,0.562400,0.162700,0.641600,,,,,,,0
575,1787907099.6671,1787907099.682,0.06651,-0.441786,0.650408,1.587670,0.572175,0.176408,0.641204,-0.448407,0.651959,1.597812,0.560877,0.168509,0.638448,-0.448400,0.652000,1.597800,0.560900,0.168500,0.638400,,,,,,,0
576,1787907099.7062,1787907099.721,0.03902,-0.443320,0.650408,1.592272,0.569107,0.176408,0.641204,-0.447261,0.657597,1.599617,0.553040,0.180290,0.632882,-0.447300,0.657600,1.599600,0.553000,0.180300,0.632900,,,,,,,0
577,1787907099.7637,1787907099.7772,0.05751,-0.443320,0.653476,1.598408,0.564505,0.168738,0.641204,-0.447144,0.656839,1.599557,0.541841,0.183294,0.628804,-0.447100,0.656800,1.599600,0.541800,0.183300,0.628800,,,,,,,0
578,1787907099.8192,1787907099.8329,0.05552,-0.443320,0.655010,1.601476,0.558369,0.168738,0.641204,-0.452411,0.667348,1.603477,0.535457,0.191180,0.628215,-0.452400,0.667300,1.603500,0.535500,0.191200,0.628200,,,,,,,0
579,1787907099.8595,1787907099.8732,0.04036,-0.443320,0.656544,1.601476,0.546097,0.177942,0.633534,-0.453643,0.672874,1.606994,0.526332,0.195137,0.628678,-0.453600,0.672900,1.607000,0.526300,0.195100,0.628700,,,,,,,0
580,1787907099.9164,1787907099.9309,0.05686,-0.443320,0.661146,1.609146,0.549165,0.182544,0.632000,-0.454067,0.681382,1.604328,0.523141,0.192354,0.630806,-0.454100,0.681400,1.604300,0.523100,0.192400,0.630800,,,,,,,0
581,1787907099.972,1787907099.987,0.05562,-0.446388,0.671884,1.604544,0.526155,0.193282,0.632000,-0.454112,0.685825,1.607386,0.521055,0.191750,0.632670,-0.454100,0.685800,1.607400,0.521100,0.191800,0.632700,,,,,,,0
582,1787907100.0117,1787907100.0251,0.03963,-0.446388,0.674952,1.606078,0.526155,0.193282,0.632000,-0.451806,0.698561,1.599544,0.522198,0.198189,0.632596,-0.451800,0.698600,1.599500,0.522200,0.198200,0.632600,,,,,,,0
583,1787907100.0698,1787907100.084,0.05813,-0.446388,0.684155,1.607612,0.523087,0.193282,0.632000,-0.450535,0.703251,1.597020,0.524664,0.203546,0.637855,-0.450500,0.703300,1.597000,0.524700,0.203500,0.637900,,,,,,,0
584,1787907100.1251,1787907100.14,0.05535,-0.446388,0.691825,1.609146,0.523087,0.193282,0.632000,-0.450490,0.711159,1.594289,0.528496,0.210504,0.641429,-0.450500,0.711200,1.594300,0.528500,0.210500,0.641400,,,,,,,0
585,1787907100.1645,1787907100.178,0.03938,-0.446388,0.699495,1.607612,0.521553,0.196350,0.632000,-0.449407,0.720608,1.590696,0.527245,0.207429,0.645518,-0.449400,0.720600,1.590700,0.527200,0.207400,0.645500,,,,,,,0
586,1787907100.2226,1787907100.2361,0.05814,-0.446388,0.707165,1.607612,0.524621,0.204019,0.632000,-0.449108,0.742301,1.567685,0.525081,0.197261,0.639072,-0.449100,0.742300,1.567700,0.525100,0.197300,0.639100,,,,,,,1
587,1787907100.2779,1787907100.293,0.05524,-0.446388,0.717903,1.604544,0.521553,0.207087,0.641204,-0.450409,0.752051,1.564770,0.522065,0.195822,0.639360,-0.450400,0.752100,1.564800,0.522100,0.195800,0.639400,,,,,,,1
588,1787907100.3176,1787907100.3319,0.03973,-0.446388,0.724039,1.603010,0.523087,0.207087,0.641204,-0.449406,0.756608,1.560520,0.522016,0.204943,0.638655,-0.449400,0.756600,1.560500,0.522000,0.204900,0.638700,,,,,,,0
589,1787907100.3758,1787907100.389,0.05816,-0.446388,0.743981,1.586136,0.524621,0.207087,0.641204,-0.443310,0.760441,1.478385,0.559402,0.158617,0.635913,-0.443300,0.760400,1.478400,0.559400,0.158600,0.635900,,,,,,,0
590,1787907100.4308,1787907100.4451,0.05506,-0.446388,0.756253,1.575398,0.524621,0.204019,0.641204,-0.443577,0.770584,1.468394,0.559938,0.154576,0.636136,-0.443600,0.770600,1.468400,0.559900,0.154600,0.636100,,,,,,,0
591,1787907100.471,1787907100.486,0.04016,-0.446388,0.760854,1.573864,0.526155,0.204019,0.641204,-0.443367,0.783956,1.463335,0.560731,0.153729,0.635668,-0.443400,0.784000,1.463300,0.560700,0.153700,0.635700,,,,,,,0
592,1787907100.5274,1787907100.5431,0.05641,-0.446388,0.763922,1.552389,0.538427,0.188680,0.641204,-0.444173,0.795650,1.458859,0.560807,0.156660,0.637933,-0.444200,0.795700,1.458900,0.560800,0.156700,0.637900,,,,,,,0
593,1787907100.5648,1787907100.5791,0.03744,-0.446388,0.770058,1.529379,0.553767,0.171806,0.641204,-0.442025,0.803400,1.455450,0.560291,0.154516,0.638924,-0.442000,0.803400,1.455400,0.560300,0.154500,0.638900,,,,,,,0
594,1787907100.6166,1787907100.6309,0.05174,-0.446388,0.783864,1.492563,0.550699,0.161068,0.641204,-0.437992,0.810742,1.455277,0.557288,0.161857,0.635952,-0.438000,0.810700,1.455300,0.557300,0.161900,0.636000,,,,,,,0
595,1787907100.6831,1787907100.6979,0.06653,-0.446388,0.800738,1.471088,0.561437,0.161068,0.641204,-0.436414,0.819537,1.452818,0.555025,0.159294,0.636396,-0.436400,0.819500,1.452800,0.555000,0.159300,0.636400,,,,,,,0
596,1787907100.7224,1787907100.737,0.03925,-0.446388,0.805340,1.469554,0.556835,0.159534,0.638136,-0.435734,0.821966,1.451540,0.554966,0.158667,0.634530,-0.435700,0.822000,1.451500,0.555000,0.158700,0.634500,,,,,,,0
597,1787907100.7798,1787907100.7941,0.05739,-0.444854,0.808408,1.468020,0.559903,0.161068,0.638136,-0.434782,0.821059,1.450573,0.553469,0.156974,0.635048,-0.434800,0.821100,1.450600,0.553500,0.157000,0.635000,,,,,,,0
598,1787907100.8351,1787907100.849,0.05536,-0.443320,0.820680,1.458816,0.558369,0.161068,0.638136,-0.434336,0.828899,1.449282,0.553371,0.164522,0.633667,-0.434300,0.828900,1.449300,0.553400,0.164500,0.633700,,,,,,,0
599,1787907100.875,1787907100.8891,0.03985,-0.443320,0.820680,1.457282,0.555301,0.161068,0.638136,-0.433759,0.833660,1.448808,0.554520,0.165543,0.631281,-0.433800,0.833700,1.448800,0.554500,0.165500,0.631300,,,,,,,0
600,1787907100.9319,1787907100.9462,0.05688,-0.441786,0.820680,1.457282,0.555301,0.161068,0.638136,-0.436280,0.835369,1.446271,0.552286,0.168460,0.628541,-0.436300,0.835400,1.446300,0.552300,0.168500,0.628500,,,,,,,0
601,1787907100.9877,1787907101.0021,0.05589,-0.441786,0.828350,1.455748,0.555301,0.161068,0.638136,-0.435870,0.838197,1.442413,0.553482,0.168842,0.621240,-0.435900,0.838200,1.442400,0.553500,0.168800,0.621200,,,,,,,0
602,1787907101.0273,1787907101.042,0.03959,-0.441786,0.829884,1.452680,0.555301,0.165670,0.638136,-0.435286,0.840815,1.440663,0.553382,0.169347,0.609546,-0.435300,0.840800,1.440700,0.553400,0.169300,0.609500,,,,,,,0
603,1787907101.084,1787907101.0988,0.05662,-0.441786,0.832952,1.446544,0.555301,0.167204,0.627398,-0.435505,0.846933,1.440417,0.548926,0.171821,0.578166,-0.435500,0.846900,1.440400,0.548900,0.171800,0.578200,,,,,,,0
604,1787907101.1402,1787907101.1552,0.05626,-0.441786,0.834486,1.445010,0.555301,0.167204,0.612058,-0.433394,0.846368,1.447476,0.545468,0.169674,0.449966,-0.433400,0.846400,1.447500,0.545500,0.169700,0.450000,,,,,,,0
605,1787907101.1796,1787907101.1941,0.03939,-0.441786,0.836020,1.443476,0.555301,0.167204,0.599786,-0.435127,0.848885,1.436859,0.553864,0.183916,0.250376,-0.435100,0.848900,1.436900,0.553900,0.183900,0.250400,,,,,,,1
606,1787907101.2364,1787907101.2511,0.05684,-0.441786,0.839087,1.441942,0.549165,0.170272,0.564505,-0.436946,0.853718,1.445896,0.551131,0.185881,0.146318,-0.436900,0.853700,1.445900,0.551100,0.185900,0.146300,,,,,,,1
607,1787907101.2756,1787907101.2901,0.03915,-0.441786,0.840621,1.438874,0.549165,0.171806,0.463262,-0.440557,0.849912,1.451352,0.556089,0.181025,0.055537,-0.440600,0.849900,1.451400,0.556100,0.181000,0.055500,,,,,,,0
608,1787907101.3348,1787907101.3492,0.05923,-0.441786,0.843689,1.432738,0.549165,0.182544,0.233165,-0.457184,0.846451,1.278771,0.586781,0.219330,-0.043801,-0.457200,0.846500,1.278800,0.586800,0.219300,-0.043800,,,,,,,0
609,1787907101.4011,1787907101.4151,0.06624,-0.443320,0.843689,1.438874,0.544563,0.182544,0.142660,-0.454593,0.834111,1.279833,0.589710,0.224997,-0.034591,-0.454600,0.834100,1.279800,0.589700,0.225000,-0.034600,,,,,,,0
610,1787907101.4402,1787907101.4561,0.03914,-0.443320,0.843689,1.438874,0.547631,0.182544,0.139592,-0.456329,0.827191,1.272505,0.592938,0.223130,-0.033255,-0.456300,0.827200,1.272500,0.592900,0.223100,-0.033300,,,,,,,0
611,1787907101.4962,1787907101.5102,0.05597,-0.444854,0.842155,1.426602,0.564505,0.199418,0.133456,-0.453332,0.816057,1.264108,0.596865,0.232546,-0.030595,-0.453300,0.816100,1.264100,0.596900,0.232500,-0.030600,,,,,,,0
612,1787907101.5338,1787907101.5481,0.03763,-0.446388,0.843689,1.406660,0.578311,0.214757,0.133456,-0.451190,0.793426,1.255768,0.602430,0.234310,-0.028969,-0.451200,0.793400,1.255800,0.602400,0.234300,-0.029000,,,,,,,0
613,1787907101.5855,1787907101.6012,0.05174,-0.446388,0.840621,1.369845,0.598253,0.220893,0.133456,-0.455198,0.765281,1.252421,0.607342,0.235042,-0.028937,-0.455200,0.765300,1.252400,0.607300,0.235000,-0.028900,,,,,,,0
614,1787907101.652,1787907101.6672,0.0665,-0.446388,0.842155,1.311554,0.592117,0.230097,0.133456,-0.452411,0.726400,1.239881,0.616216,0.237446,-0.031024,-0.452400,0.726400,1.239900,0.616200,0.237400,-0.031000,,,,,,,0
615,1787907101.6909,1787907101.7062,0.03889,-0.446388,0.829884,1.293146,0.602854,0.230097,0.133456,-0.448125,0.680864,1.223803,0.626851,0.235922,-0.034438,-0.448100,0.680900,1.223800,0.626900,0.235900,-0.034400,,,,,,,0
616,1787907101.7488,1787907101.7628,0.05788,-0.447922,0.797670,1.270136,0.602854,0.234699,0.133456,-0.444938,0.638280,1.215698,0.636242,0.228184,-0.038593,-0.444900,0.638300,1.215700,0.636200,0.228200,-0.038600,,,,,,,0
617,1787907101.8151,1787907101.8309,0.06627,-0.447922,0.754719,1.253262,0.619728,0.236233,0.133456,-0.445328,0.593109,1.214931,0.648596,0.221231,-0.044156,-0.445300,0.593100,1.214900,0.648600,0.221200,-0.044200,,,,,,,0
618,1787907101.8709,1787907101.885,0.05585,-0.447922,0.716369,1.244058,0.627398,0.236233,0.133456,-0.445257,0.542659,1.212229,0.662817,0.219774,-0.044410,-0.445300,0.542700,1.212200,0.662800,0.219800,-0.044400,,,,,,,0
619,1787907101.9097,1787907101.9232,0.03874,-0.447922,0.690291,1.239456,0.632000,0.236233,0.133456,-0.439554,0.492434,1.217253,0.676593,0.220227,-0.039379,-0.439600,0.492400,1.217300,0.676600,0.220200,-0.039400,,,,,,,0
620,1787907101.9657,1787907101.9792,0.05608,-0.447922,0.642738,1.234855,0.644272,0.230097,0.133456,-0.432154,0.448270,1.225367,0.691083,0.220911,-0.037294,-0.432200,0.448300,1.225400,0.691100,0.220900,-0.037300,,,,,,,0
621,1787907102.0055,1787907102.0192,0.03973,-0.447922,0.615126,1.234855,0.655010,0.227029,0.133456,-0.423694,0.405679,1.233786,0.708755,0.231748,-0.037374,-0.423700,0.405700,1.233800,0.708800,0.231700,-0.037400,,,,,,,0
622,1787907102.0647,1787907102.0791,0.05921,-0.444854,0.558369,1.234855,0.671884,0.227029,0.133456,-0.410949,0.371202,1.238400,0.725822,0.240484,-0.038545,-0.410900,0.371200,1.238400,0.725800,0.240500,-0.038500,,,,,,,0
623,1787907102.131,1787907102.1451,0.0663,-0.434117,0.492408,1.237922,0.693359,0.227029,0.133456,-0.348144,0.293714,1.251157,0.753338,0.421687,-0.037324,-0.348100,0.293700,1.251200,0.753300,0.421700,-0.037300,,,,,,,1
624,1787907102.1705,1787907102.1852,0.03956,-0.427981,0.458660,1.240990,0.704097,0.227029,0.133456,-0.315479,0.270037,1.255940,0.755476,0.530017,-0.037425,-0.315500,0.270000,1.255900,0.755500,0.530000,-0.037400,,,,,,,1
625,1787907102.2278,1787907102.243,0.05722,-0.414175,0.412641,1.242524,0.720971,0.239301,0.133456,-0.286223,0.257423,1.261653,0.754076,0.651904,-0.034982,-0.286200,0.257400,1.261700,0.754100,0.651900,-0.035000,,,,,,,0
626,1787907102.2942,1787907102.3091,0.06649,-0.391165,0.355884,1.262466,0.747049,0.265379,0.133456,-0.292297,0.235922,1.231264,0.770872,0.559691,-0.038409,-0.292300,0.235900,1.231300,0.770900,0.559700,-0.038400,,,,,,,0
627,1787907102.3305,1787907102.3451,0.03624,-0.368155,0.326738,1.264000,0.750117,0.292990,0.133456,-0.264455,0.218185,1.234522,0.775110,0.613107,-0.040947,-0.264500,0.218200,1.234500,0.775100,0.613100,-0.040900,,,,,,,0
628,1787907102.3825,1787907102.3969,0.05201,-0.322136,0.289922,1.265534,0.750117,0.348214,0.133456,-0.237044,0.207818,1.244001,0.778182,0.672712,-0.041253,-0.237000,0.207800,1.244000,0.778200,0.672700,-0.041300,,,,,,,0
629,1787907102.4491,1787907102.4639,0.06662,-0.277651,0.256175,1.262466,0.763922,0.446388,0.133456,-0.209531,0.191619,1.254747,0.777708,0.745862,-0.039615,-0.209500,0.191600,1.254700,0.777700,0.745900,-0.039600,,,,,,,0
630,1787907102.4876,1787907102.5011,0.03853,-0.266913,0.242369,1.260932,0.771592,0.498544,0.133456,-0.180297,0.178399,1.272812,0.779830,0.819423,-0.041513,-0.180300,0.178400,1.272800,0.779800,0.819400,-0.041500,,,,,,,0
631,1787907102.5456,1787907102.5609,0.05798,-0.253107,0.227029,1.260932,0.774660,0.582913,0.133456,-0.153841,0.164588,1.295222,0.779440,0.900725,-0.039518,-0.153800,0.164600,1.295200,0.779400,0.900700,-0.039500,,,,,,,0
632,1787907102.6121,1787907102.626,0.06649,-0.217825,0.205553,1.270136,0.776194,0.674952,0.133456,-0.128246,0.151650,1.324066,0.776289,0.983513,-0.039974,-0.128200,0.151600,1.324100,0.776300,0.983500,-0.040000,,,,,,,0
633,1787907102.6511,1787907102.6649,0.039,-0.193282,0.196350,1.279340,0.777728,0.724039,0.133456,-0.108051,0.137439,1.354599,0.774757,1.068663,-0.041664,-0.108100,0.137400,1.354600,0.774800,1.068700,-0.041700,,,,,,,0
634,1787907102.7086,1787907102.722,0.05753,-0.159534,0.182544,1.299282,0.776194,0.805340,0.133456,-0.093580,0.128512,1.389221,0.779422,1.138040,-0.044636,-0.093600,0.128500,1.389200,0.779400,1.138000,-0.044600,,,,,,,0
635,1787907102.7751,1787907102.79,0.06646,-0.133456,0.162602,1.334563,0.776194,0.903515,0.133456,-0.082932,0.115764,1.426841,0.777271,1.186235,-0.045808,-0.082900,0.115800,1.426800,0.777300,1.186200,-0.045800,,,,,,,0
636,1787907102.8138,1787907102.8279,0.03867,-0.121184,0.154932,1.354505,0.776194,0.952602,0.133456,-0.072896,0.110192,1.461741,0.776496,1.235110,-0.049199,-0.072900,0.110200,1.461700,0.776500,1.235100,-0.049200,,,,,,,0
637,1787907102.8717,1787907102.887,0.05796,-0.098175,0.145728,1.386719,0.776194,1.040039,0.133456,-0.066809,0.107853,1.497509,0.771962,1.269831,-0.049842,-0.066800,0.107900,1.497500,0.772000,1.269800,-0.049800,,,,,,,0
638,1787907102.9267,1787907102.942,0.055,-0.084369,0.133456,1.425068,0.776194,1.112136,0.133456,-0.056662,0.101816,1.530654,0.774274,1.291166,-0.050646,-0.056700,0.101800,1.530700,0.774300,1.291200,-0.050600,,,,,,,0
639,1787907102.9657,1787907102.9801,0.03902,-0.079767,0.128854,1.451146,0.776194,1.156622,0.133456,-0.054398,0.107107,1.559089,0.768731,1.309258,-0.048395,-0.054400,0.107100,1.559100,0.768700,1.309300,-0.048400,,,,,,,0
640,1787907103.0228,1787907103.0371,0.0571,-0.073631,0.121184,1.489495,0.776194,1.221049,0.133456,-0.051106,0.107066,1.576366,0.766105,1.319332,-0.047532,-0.051100,0.107100,1.576400,0.766100,1.319300,-0.047500,,,,,,,0
641,1787907103.0613,1787907103.0761,0.0385,-0.067495,0.121184,1.514039,0.776194,1.251728,0.133456,-0.046105,0.115730,1.588108,0.760852,1.348738,-0.047876,-0.046100,0.115700,1.588100,0.760900,1.348700,-0.047900,,,,,,,0
642,1787907103.1127,1787907103.1259,0.05136,-0.061359,0.119651,1.547787,0.774660,1.288544,0.133456,-0.045364,0.129871,1.617056,0.756615,1.379247,-0.044391,-0.045400,0.129900,1.617100,0.756600,1.379200,-0.044400,,,,,,,1
643,1787907103.1686,1787907103.1831,0.05589,-0.055223,0.119651,1.578466,0.770058,1.317689,0.133456,-0.042105,0.136218,1.633173,0.759505,1.385245,-0.044721,-0.042100,0.136200,1.633200,0.759500,1.385200,-0.044700,,,,,,,1
644,1787907103.2239,1787907103.2382,0.05534,-0.053689,0.122718,1.598408,0.763922,1.346835,0.133456,-0.046675,0.142172,1.644345,0.752467,1.382764,-0.042398,-0.046700,0.142200,1.644300,0.752500,1.382800,-0.042400,,,,,,,0
645,1787907103.2629,1787907103.2772,0.039,-0.052155,0.127320,1.613748,0.762388,1.365243,0.133456,-0.036054,0.183830,1.651677,0.746943,1.495031,-0.038403,-0.036100,0.183800,1.651700,0.746900,1.495000,-0.038400,,,,,,,0
646,1787907103.3227,1787907103.3361,0.05978,-0.049087,0.138058,1.639825,0.762388,1.379049,0.133456,-0.034167,0.186288,1.657246,0.745111,1.491599,-0.038467,-0.034200,0.186300,1.657200,0.745100,1.491600,-0.038500,,,,,,,0
647,1787907103.3781,1787907103.3929,0.05533,-0.049087,0.148796,1.653631,0.754719,1.382117,0.133456,-0.025641,0.205702,1.673131,0.744395,1.490200,-0.036531,-0.025600,0.205700,1.673100,0.744400,1.490200,-0.036500,,,,,,,0
648,1787907103.4174,1787907103.4319,0.03937,-0.044485,0.161068,1.655165,0.751651,1.398990,0.138058,-0.017434,0.217324,1.692260,0.749066,1.493560,-0.037779,-0.017400,0.217300,1.692300,0.749100,1.493600,-0.037800,,,,,,,0
649,1787907103.4757,1787907103.4892,0.05826,-0.041417,0.190214,1.661301,0.747049,1.445010,0.139592,-0.011875,0.226441,1.695596,0.746416,1.492711,-0.036291,-0.011900,0.226400,1.695600,0.746400,1.492700,-0.036300,,,,,,,0
650,1787907103.5418,1787907103.5552,0.06615,-0.029146,0.213223,1.687379,0.748583,1.483359,0.139592,-0.009418,0.234968,1.701805,0.737524,1.498271,-0.034370,-0.009400,0.235000,1.701800,0.737500,1.498300,-0.034400,,,,,,,0
651,1787907103.5817,1787907103.5959,0.03985,-0.023010,0.216291,1.695049,0.748583,1.487961,0.139592,-0.002780,0.241072,1.700397,0.736054,1.504211,-0.035864,-0.002800,0.241100,1.700400,0.736100,1.504200,-0.035900,,,,,,,0
652,1787907103.6386,1787907103.6531,0.05687,-0.015340,0.228563,1.699651,0.748583,1.491029,0.139592,-0.000920,0.249428,1.701288,0.733702,1.509679,-0.037227,-0.000900,0.249400,1.701300,0.733700,1.509700,-0.037200,,,,,,,0
653,1787907103.6945,1787907103.7092,0.05598,-0.012272,0.239301,1.704253,0.739379,1.500233,0.139592,0.002451,0.253966,1.697132,0.728578,1.520297,-0.036332,0.002500,0.254000,1.697100,0.728600,1.520300,-0.036300,,,,,,,0
654,1787907103.7348,1787907103.7481,0.04028,-0.009204,0.243903,1.704253,0.737845,1.503301,0.139592,0.004789,0.253295,1.696274,0.726502,1.525698,-0.037414,0.004800,0.253300,1.696300,0.726500,1.525700,-0.037400,,,,,,,0
655,1787907103.7916,1787907103.8052,0.0568,-0.006136,0.250039,1.704253,0.736311,1.506369,0.139592,0.003289,0.256057,1.696703,0.715422,1.518194,-0.035390,0.003300,0.256100,1.696700,0.715400,1.518200,-0.035400,,,,,,,0
656,1787907103.8476,1787907103.8611,0.05594,-0.003068,0.253107,1.705787,0.731709,1.520175,0.139592,0.004047,0.258595,1.698106,0.715063,1.519680,-0.035834,0.004000,0.258600,1.698100,0.715100,1.519700,-0.035800,,,,,,,0
657,1787907103.8876,1787907103.9032,0.04001,-0.003068,0.254641,1.705787,0.728641,1.523243,0.139592,0.006174,0.260756,1.696628,0.705520,1.528863,-0.036729,0.006200,0.260800,1.696600,0.705500,1.528900,-0.036700,,,,,,,0
658,1787907103.944,1787907103.9572,0.05649,-0.001534,0.257709,1.705787,0.717903,1.523243,0.139592,0.010816,0.265006,1.694749,0.696954,1.527832,-0.036571,0.010800,0.265000,1.694700,0.697000,1.527800,-0.036600,,,,,,,0
659,1787907104.0007,1787907104.0152,0.05663,-0.001534,0.260777,1.705787,0.714835,1.524777,0.139592,0.013251,0.267745,1.685500,0.682244,1.530250,-0.035249,0.013300,0.267700,1.685500,0.682200,1.530300,-0.035200,,,,,,,0
660,1787907104.0409,1787907104.054,0.04025,-0.001534,0.262311,1.705787,0.707165,1.524777,0.139592,0.013156,0.273403,1.682345,0.664120,1.534896,-0.035147,0.013200,0.273400,1.682300,0.664100,1.534900,-0.035100,,,,,,,0
661,1787907104.0975,1787907104.1121,0.05659,0.003068,0.262311,1.705787,0.697961,1.524777,0.139592,0.008746,0.279018,1.681715,0.639837,1.534025,-0.033126,0.008700,0.279000,1.681700,0.639800,1.534000,-0.033100,,,,,,,1
662,1787907104.1529,1787907104.1659,0.0554,0.007670,0.271515,1.702719,0.679553,1.529379,0.139592,0.009662,0.285082,1.678049,0.638658,1.534621,-0.034748,0.009700,0.285100,1.678000,0.638700,1.534600,-0.034700,,,,,,,1
663,1787907104.193,1787907104.2062,0.0401,0.007670,0.273049,1.702719,0.668816,1.532447,0.139592,0.010996,0.285592,1.677064,0.638660,1.536025,-0.034184,0.011000,0.285600,1.677100,0.638700,1.536000,-0.034200,,,,,,,0
664,1787907104.2499,1787907104.2649,0.05688,0.007670,0.280718,1.698117,0.645806,1.532447,0.139592,-0.005093,0.279386,1.724298,0.677106,1.430167,-0.036224,-0.005100,0.279400,1.724300,0.677100,1.430200,-0.036200,,,,,,,0
665,1787907104.307,1787907104.321,0.05711,0.007670,0.288388,1.695049,0.641204,1.532447,0.139592,-0.006035,0.283606,1.725191,0.673522,1.425562,-0.037433,-0.006000,0.283600,1.725200,0.673500,1.425600,-0.037400,,,,,,,0
666,1787907104.3465,1787907104.361,0.0395,0.007670,0.288388,1.695049,0.641204,1.532447,0.139592,-0.007057,0.287598,1.727429,0.670743,1.425727,-0.036627,-0.007100,0.287600,1.727400,0.670700,1.425700,-0.036600,,,,,,,0
667,1787907104.4036,1787907104.418,0.05711,0.006136,0.286854,1.702719,0.648874,1.523243,0.139592,-0.010256,0.284409,1.727368,0.667922,1.418709,-0.037413,-0.010300,0.284400,1.727400,0.667900,1.418700,-0.037400,,,,,,,0
668,1787907104.47,1787907104.485,0.0664,0.003068,0.288388,1.733398,0.673418,1.471088,0.139592,-0.010866,0.289380,1.729120,0.664602,1.413871,-0.036496,-0.010900,0.289400,1.729100,0.664600,1.413900,-0.036500,,,,,,,0
669,1787907104.5097,1787907104.5229,0.03966,0.001534,0.291456,1.733398,0.671884,1.449612,0.139592,-0.013509,0.292843,1.732313,0.662122,1.402535,-0.036967,-0.013500,0.292800,1.732300,0.662100,1.402500,-0.037000,,,,,,,0
670,1787907104.5666,1787907104.581,0.05691,0.000000,0.288388,1.731864,0.673418,1.426602,0.139592,-0.011905,0.292839,1.738948,0.663927,1.395618,-0.037409,-0.011900,0.292800,1.738900,0.663900,1.395600,-0.037400,,,,,,,0
671,1787907104.6226,1787907104.6371,0.05604,-0.001534,0.292990,1.734932,0.658078,1.415864,0.139592,-0.012484,0.296460,1.742354,0.665059,1.398954,-0.038518,-0.012500,0.296500,1.742400,0.665100,1.399000,-0.038500,,,,,,,0
672,1787907104.6616,1787907104.6751,0.03898,-0.003068,0.297592,1.738000,0.667282,1.408194,0.139592,-0.012150,0.296400,1.751670,0.663031,1.399194,-0.039746,-0.012100,0.296400,1.751700,0.663000,1.399200,-0.039700,,,,,,,0
673,1787907104.7196,1787907104.7329,0.05798,-0.003068,0.296058,1.744136,0.667282,1.402058,0.139592,-0.011889,0.295177,1.756386,0.659086,1.398374,-0.040168,-0.011900,0.295200,1.756400,0.659100,1.398400,-0.040200,,,,,,,0
674,1787907104.7759,1787907104.7899,0.05628,-0.003068,0.297592,1.747204,0.664214,1.402058,0.139592,-0.012620,0.296863,1.762410,0.648747,1.394463,-0.038984,-0.012600,0.296900,1.762400,0.648700,1.394500,-0.039000,,,,,,,0
675,1787907104.8154,1787907104.8308,0.03949,-0.003068,0.299126,1.754874,0.659612,1.402058,0.139592,-0.008721,0.303212,1.767747,0.642889,1.395146,-0.035008,-0.008700,0.303200,1.767700,0.642900,1.395100,-0.035000,,,,,,,0
676,1787907104.8726,1787907104.887,0.05726,-0.003068,0.297592,1.759476,0.662680,1.402058,0.139592,-0.010135,0.303575,1.769577,0.640394,1.386125,-0.033213,-0.010100,0.303600,1.769600,0.640400,1.386100,-0.033200,,,,,,,0
677,1787907104.939,1787907104.9531,0.06641,-0.003068,0.300660,1.768680,0.648874,1.402058,0.139592,-0.013242,0.303535,1.775135,0.635271,1.385646,-0.023128,-0.013200,0.303500,1.775100,0.635300,1.385600,-0.023100,,,,,,,0
678,1787907104.9783,1787907104.993,0.03931,-0.003068,0.305262,1.770214,0.645806,1.400524,0.139592,-0.016761,0.302080,1.779508,0.627875,1.386726,0.013339,-0.016800,0.302100,1.779500,0.627900,1.386700,0.013300,,,,,,,0
679,1787907105.0356,1787907105.05,0.05727,-0.003068,0.305262,1.771748,0.642738,1.391321,0.139592,-0.012871,0.299700,1.768851,0.626886,1.418717,0.254540,-0.012900,0.299700,1.768900,0.626900,1.418700,0.254500,,,,,,,1
680,1787907105.1021,1787907105.1171,0.06649,-0.003068,0.303728,1.780952,0.628932,1.391321,0.139592,-0.012420,0.299550,1.770680,0.624558,1.422081,0.275399,-0.012400,0.299600,1.770700,0.624600,1.422100,0.275400,,,,,,,1
681,1787907105.1411,1787907105.1548,0.03901,-0.004602,0.303728,1.780952,0.630466,1.391321,0.139592,-0.012755,0.300964,1.770158,0.621587,1.422177,0.279986,-0.012800,0.301000,1.770200,0.621600,1.422200,0.280000,,,,,,,0
682,1787907105.1986,1787907105.213,0.05746,-0.004602,0.303728,1.779418,0.628932,1.402058,0.210155,-0.007819,0.298936,1.752630,0.621867,1.417311,0.024151,-0.007800,0.298900,1.752600,0.621900,1.417300,0.024200,,,,,,,0
683,1787907105.2649,1787907105.2791,0.06638,-0.004602,0.305262,1.780952,0.624330,1.418932,0.288388,-0.006893,0.295819,1.752918,0.618161,1.416900,-0.004846,-0.006900,0.295800,1.752900,0.618200,1.416900,-0.004800,,,,,,,0
684,1787907105.3041,1787907105.3192,0.03911,-0.004602,0.305262,1.780952,0.624330,1.418932,0.271515,-0.005464,0.299436,1.752234,0.617618,1.423020,-0.018075,-0.005500,0.299400,1.752200,0.617600,1.423000,-0.018100,,,,,,,0
685,1787907105.3617,1787907105.3751,0.05761,-0.004602,0.305262,1.773282,0.624330,1.418932,0.102777,-0.004025,0.301198,1.758007,0.614164,1.415696,-0.019088,-0.004000,0.301200,1.758000,0.614200,1.415700,-0.019100,,,,,,,0
686,1787907105.4171,1787907105.4319,0.05543,-0.004602,0.305262,1.768680,0.622796,1.418932,0.098175,-0.003204,0.303919,1.763236,0.614744,1.418884,-0.019445,-0.003200,0.303900,1.763200,0.614700,1.418900,-0.019400,,,,,,,0
687,1787907105.4574,1787907105.4721,0.04025,-0.004602,0.305262,1.768680,0.621262,1.418932,0.098175,-0.002837,0.304202,1.764898,0.611287,1.416566,-0.016816,-0.002800,0.304200,1.764900,0.611300,1.416600,-0.016800,,,,,,,0
688,1787907105.5141,1787907105.5289,0.05672,-0.004602,0.305262,1.768680,0.616660,1.418932,0.098175,-0.005353,0.301009,1.766828,0.607877,1.415149,-0.005550,-0.005400,0.301000,1.766800,0.607900,1.415100,-0.005500,,,,,,,0
689,1787907105.5702,1787907105.5851,0.05609,-0.004602,0.305262,1.770214,0.616660,1.418932,0.098175,-0.005212,0.304258,1.773270,0.604798,1.405463,0.058455,-0.005200,0.304300,1.773300,0.604800,1.405500,0.058500,,,,,,,0
690,1787907105.6101,1787907105.6252,0.0399,-0.004602,0.305262,1.770214,0.615126,1.418932,0.098175,-0.008718,0.300600,1.779831,0.601050,1.407450,0.171541,-0.008700,0.300600,1.779800,0.601100,1.407500,0.171500,,,,,,,0
691,1787907105.6677,1787907105.6831,0.05761,-0.004602,0.305262,1.770214,0.608990,1.418932,0.098175,-0.008162,0.298546,1.781570,0.595964,1.408401,0.220374,-0.008200,0.298500,1.781600,0.596000,1.408400,0.220400,,,,,,,0
692,1787907105.7228,1787907105.7362,0.05514,-0.004602,0.305262,1.780952,0.604388,1.415864,0.156466,-0.006085,0.298024,1.779523,0.590073,1.405638,0.244594,-0.006100,0.298000,1.779500,0.590100,1.405600,0.244600,,,,,,,0
693,1787907105.7624,1787907105.7761,0.03961,-0.004602,0.305262,1.784020,0.604388,1.414330,0.199418,-0.007198,0.299493,1.773711,0.585818,1.404247,0.257397,-0.007200,0.299500,1.773700,0.585800,1.404200,0.257400,,,,,,,0
694,1787907105.8194,1787907105.8329,0.05701,-0.004602,0.305262,1.784020,0.598253,1.414330,0.231631,-0.005360,0.298655,1.772006,0.582423,1.400258,0.274669,-0.005400,0.298700,1.772000,0.582400,1.400300,0.274700,,,,,,,0
695,1787907105.8755,1787907105.8901,0.05611,-0.004602,0.305262,1.784020,0.590583,1.409728,0.254641,-0.005101,0.297674,1.775908,0.577689,1.396220,0.290246,-0.005100,0.297700,1.775900,0.577700,1.396200,0.290200,,,,,,,0
696,1787907105.9152,1787907105.9289,0.03963,-0.004602,0.305262,1.784020,0.587515,1.408194,0.263845,-0.002907,0.295963,1.777805,0.575755,1.401361,0.307846,-0.002900,0.296000,1.777800,0.575800,1.401400,0.307800,,,,,,,0
697,1787907105.972,1787907105.9861,0.05686,-0.004602,0.305262,1.784020,0.584447,1.408194,0.282252,-0.001307,0.295831,1.777187,0.574091,1.397902,0.312209,-0.001300,0.295800,1.777200,0.574100,1.397900,0.312200,,,,,,,0
698,1787907106.028,1787907106.0432,0.056,-0.004602,0.305262,1.784020,0.578311,1.403592,0.305262,-0.001319,0.299460,1.768700,0.571361,1.404936,0.336729,-0.001300,0.299500,1.768700,0.571400,1.404900,0.336700,,,,,,,1
699,1787907106.0677,1787907106.0821,0.03963,-0.004602,0.305262,1.784020,0.578311,1.403592,0.305262,-0.003007,0.299368,1.762955,0.566771,1.399507,0.345277,-0.003000,0.299400,1.763000,0.566800,1.399500,0.345300,,,,,,,1
700,1787907106.1243,1787907106.139,0.0566,-0.004602,0.305262,1.784020,0.578311,1.403592,0.323670,-0.002306,0.298991,1.750326,0.565801,1.401369,0.351100,-0.002300,0.299000,1.750300,0.565800,1.401400,0.351100,,,,,,,0
701,1787907106.1633,1787907106.178,0.03902,-0.004602,0.305262,1.782486,0.573709,1.403592,0.340544,-0.004105,0.297374,1.766280,0.595387,1.481784,0.039793,-0.004100,0.297400,1.766300,0.595400,1.481800,0.039800,,,,,,,0
702,1787907106.2225,1787907106.236,0.05926,-0.004602,0.305262,1.776350,0.569107,1.403592,0.348214,-0.005112,0.293469,1.770106,0.598413,1.475344,-0.001986,-0.005100,0.293500,1.770100,0.598400,1.475300,-0.002000,,,,,,,0
703,1787907106.2892,1787907106.303,0.06665,-0.004602,0.305262,1.768680,0.570641,1.405126,0.265379,-0.006451,0.296026,1.768575,0.598859,1.471017,-0.012509,-0.006500,0.296000,1.768600,0.598900,1.471000,-0.012500,,,,,,,0
704,1787907106.328,1787907106.3421,0.0388,-0.004602,0.305262,1.770214,0.585981,1.425068,0.118117,-0.004972,0.298853,1.768610,0.596804,1.473987,-0.013329,-0.005000,0.298900,1.768600,0.596800,1.474000,-0.013300,,,,,,,0
705,1787907106.3855,1787907106.4002,0.05753,-0.004602,0.303728,1.774816,0.593651,1.461884,0.079767,-0.007226,0.298866,1.769112,0.594395,1.464589,-0.013455,-0.007200,0.298900,1.769100,0.594400,1.464600,-0.013500,,,,,,,0
706,1787907106.4412,1787907106.4561,0.05562,-0.004602,0.303728,1.774816,0.593651,1.471088,0.079767,-0.006292,0.299161,1.768928,0.592250,1.457122,-0.007282,-0.006300,0.299200,1.768900,0.592200,1.457100,-0.007300,,,,,,,0
707,1787907106.481,1787907106.4958,0.03984,-0.004602,0.303728,1.774816,0.593651,1.471088,0.079767,-0.007860,0.301204,1.767712,0.592304,1.447525,-0.011665,-0.007900,0.301200,1.767700,0.592300,1.447500,-0.011700,,,,,,,0
708,1787907106.5386,1787907106.5519,0.05762,-0.004602,0.303728,1.774816,0.593651,1.471088,0.079767,-0.009429,0.300400,1.771415,0.591180,1.443373,-0.017630,-0.009400,0.300400,1.771400,0.591200,1.443400,-0.017600,,,,,,,0
709,1787907106.5939,1787907106.607,0.05526,-0.004602,0.303728,1.774816,0.593651,1.460350,0.079767,-0.008570,0.299094,1.773832,0.590563,1.441171,-0.022058,-0.008600,0.299100,1.773800,0.590600,1.441200,-0.022100,,,,,,,0
710,1787907106.6328,1787907106.6481,0.03895,-0.004602,0.303728,1.774816,0.593651,1.454214,0.079767,-0.007632,0.297009,1.772949,0.589446,1.443672,-0.025026,-0.007600,0.297000,1.772900,0.589400,1.443700,-0.025000,,,,,,,0
711,1787907106.6895,1787907106.7051,0.05667,-0.004602,0.303728,1.774816,0.593651,1.448078,0.078233,-0.009668,0.300793,1.776435,0.591449,1.448733,-0.021311,-0.009700,0.300800,1.776400,0.591400,1.448700,-0.021300,,,,,,,0
712,1787907106.7288,1787907106.742,0.03927,-0.004602,0.303728,1.776350,0.593651,1.448078,0.078233,-0.011391,0.301453,1.777118,0.586884,1.452761,-0.009255,-0.011400,0.301500,1.777100,0.586900,1.452800,-0.009300,,,,,,,0
713,1787907106.7875,1787907106.8014,0.05873,-0.004602,0.303728,1.777884,0.593651,1.448078,0.078233,-0.015669,0.302331,1.772856,0.572205,1.453717,0.086922,-0.015700,0.302300,1.772900,0.572200,1.453700,0.086900,,,,,,,0
714,1787907106.8429,1787907106.8571,0.05538,-0.004602,0.303728,1.780952,0.592117,1.448078,0.078233,-0.014405,0.304260,1.773202,0.570855,1.460347,0.233617,-0.014400,0.304300,1.773200,0.570900,1.460300,0.233600,,,,,,,0
715,1787907106.8826,1787907106.8959,0.03972,-0.004602,0.303728,1.780952,0.590583,1.448078,0.078233,-0.014863,0.311314,1.773065,0.566532,1.467439,0.299382,-0.014900,0.311300,1.773100,0.566500,1.467400,0.299400,,,,,,,0
716,1787907106.9395,1787907106.9541,0.05688,-0.004602,0.305262,1.780952,0.576777,1.452680,0.127320,-0.013490,0.314917,1.772199,0.565994,1.459691,0.316888,-0.013500,0.314900,1.772200,0.566000,1.459700,0.316900,,,,,,,0
717,1787907106.9955,1787907107.0111,0.05598,-0.004602,0.308330,1.780952,0.570641,1.463418,0.294524,-0.008142,0.319899,1.763638,0.565425,1.455889,0.324397,-0.008100,0.319900,1.763600,0.565400,1.455900,0.324400,,,,,,,1
718,1787907107.0517,1787907107.0658,0.05622,-0.004602,0.314466,1.780952,0.569107,1.464952,0.312932,-0.007965,0.322929,1.761210,0.564947,1.448568,0.320568,-0.008000,0.322900,1.761200,0.564900,1.448600,0.320600,,,,,,,1
719,1787907107.091,1787907107.105,0.0393,-0.004602,0.317534,1.780952,0.569107,1.464952,0.317534,-0.007589,0.323461,1.759726,0.563686,1.444041,0.312393,-0.007600,0.323500,1.759700,0.563700,1.444000,0.312400,,,,,,,0
720,1787907107.1479,1787907107.1611,0.05686,-0.004602,0.322136,1.780952,0.569107,1.460350,0.317534,0.009610,0.320682,1.797216,0.574306,1.469663,0.217665,0.009600,0.320700,1.797200,0.574300,1.469700,0.217700,,,,,,,0
721,1787907107.1873,1787907107.202,0.03948,-0.004602,0.323670,1.779418,0.569107,1.454214,0.317534,0.010029,0.319993,1.801697,0.577530,1.470763,0.173070,0.010000,0.320000,1.801700,0.577500,1.470800,0.173100,,,,,,,0
722,1787907107.2465,1787907107.2611,0.05913,-0.004602,0.326738,1.777884,0.566039,1.449612,0.302194,0.010407,0.321111,1.801812,0.576510,1.470381,0.177263,0.010400,0.321100,1.801800,0.576500,1.470400,0.177300,,,,,,,0
723,1787907107.3132,1787907107.3281,0.06679,0.001534,0.326738,1.788622,0.567573,1.461884,0.167204,0.012193,0.325959,1.798175,0.575930,1.468112,0.181042,0.012200,0.326000,1.798200,0.575900,1.468100,0.181000,,,,,,,0
724,1787907107.3526,1787907107.3671,0.03934,0.004602,0.326738,1.803961,0.576777,1.468020,0.168738,0.013977,0.331512,1.799038,0.569296,1.463658,0.226666,0.014000,0.331500,1.799000,0.569300,1.463700,0.226700,,,,,,,0
725,1787907107.4095,1787907107.4241,0.05689,0.007670,0.326738,1.805495,0.576777,1.468020,0.174874,0.012696,0.329501,1.800038,0.565757,1.463521,0.274436,0.012700,0.329500,1.800000,0.565800,1.463500,0.274400,,,,,,,0
726,1787907107.4654,1787907107.4801,0.05597,0.007670,0.331340,1.805495,0.573709,1.468020,0.220893,0.011083,0.328263,1.790111,0.562240,1.466694,0.296686,0.011100,0.328300,1.790100,0.562200,1.466700,0.296700,,,,,,,0
727,1787907107.5054,1787907107.5201,0.03998,0.007670,0.334408,1.805495,0.570641,1.468020,0.239301,0.010661,0.326766,1.777974,0.558730,1.466225,0.311058,0.010700,0.326800,1.778000,0.558700,1.466200,0.311100,,,,,,,0
728,1787907107.5624,1787907107.5771,0.05698,0.007670,0.334408,1.805495,0.566039,1.468020,0.288388,0.011278,0.323315,1.769495,0.554793,1.457122,0.325457,0.011300,0.323300,1.769500,0.554800,1.457100,0.325500,,,,,,,0
729,1787907107.6186,1787907107.6319,0.05617,0.007670,0.332874,1.797825,0.561437,1.468020,0.308330,0.011724,0.318560,1.754841,0.553835,1.463196,0.330048,0.011700,0.318600,1.754800,0.553800,1.463200,0.330000,,,,,,,0
730,1787907107.6582,1787907107.6721,0.03964,0.007670,0.332874,1.791690,0.561437,1.468020,0.316000,0.012151,0.317630,1.739847,0.552804,1.463339,0.322419,0.012200,0.317600,1.739800,0.552800,1.463300,0.322400,,,,,,,0
731,1787907107.715,1787907107.7289,0.05675,0.007670,0.334408,1.787088,0.556835,1.468020,0.326738,0.007421,0.314965,1.726272,0.555743,1.458176,0.297855,0.007400,0.315000,1.726300,0.555700,1.458200,0.297900,,,,,,,0
732,1787907107.7708,1787907107.7839,0.05585,0.007670,0.332874,1.767146,0.556835,1.468020,0.326738,0.005132,0.303542,1.719860,0.558277,1.447246,0.243507,0.005100,0.303500,1.719900,0.558300,1.447200,0.243500,,,,,,,0
733,1787907107.8103,1787907107.8251,0.0395,0.007670,0.332874,1.754874,0.555301,1.468020,0.320602,-0.000031,0.293727,1.706841,0.557520,1.450344,0.151951,-0.000000,0.293700,1.706800,0.557500,1.450300,0.152000,,,,,,,0
734,1787907107.8669,1787907107.8811,0.05655,0.007670,0.332874,1.741068,0.556835,1.463418,0.282252,-0.002775,0.284586,1.699731,0.554634,1.452589,0.074710,-0.002800,0.284600,1.699700,0.554600,1.452600,0.074700,,,,,,,0
735,1787907107.9228,1787907107.9361,0.05596,0.007670,0.317534,1.734932,0.556835,1.454214,0.164136,-0.006559,0.273336,1.695582,0.551917,1.447026,0.021042,-0.006600,0.273300,1.695600,0.551900,1.447000,0.021000,,,,,,,0
736,1787907107.962,1787907107.9762,0.0392,0.007670,0.309864,1.727262,0.556835,1.454214,0.138058,-0.007001,0.251677,1.681503,0.548357,1.447102,-0.027778,-0.007000,0.251700,1.681500,0.548400,1.447100,-0.027800,,,,,,,1
737,1787907108.0191,1787907108.0342,0.05704,0.006136,0.299126,1.716525,0.556835,1.454214,0.039884,-0.008499,0.237875,1.671424,0.547455,1.443203,-0.030185,-0.008500,0.237900,1.671400,0.547500,1.443200,-0.030200,,,,,,,1
738,1787907108.059,1787907108.0741,0.03988,0.003068,0.291456,1.713457,0.555301,1.451146,-0.003068,-0.009661,0.218332,1.668879,0.546174,1.428763,-0.030068,-0.009700,0.218300,1.668900,0.546200,1.428800,-0.030100,,,,,,,0
739,1787907108.1176,1787907108.1329,0.05861,0.001534,0.274583,1.701185,0.553767,1.451146,-0.027612,0.008098,0.220266,1.664452,0.538274,1.420186,-0.036753,0.008100,0.220300,1.664500,0.538300,1.420200,-0.036800,,,,,,,0
740,1787907108.1728,1787907108.186,0.05525,0.001534,0.250039,1.687379,0.553767,1.445010,-0.027612,0.005074,0.197290,1.675366,0.540003,1.409529,-0.029674,0.005100,0.197300,1.675400,0.540000,1.409500,-0.029700,,,,,,,0
741,1787907108.2124,1787907108.227,0.03958,0.001534,0.236233,1.687379,0.550699,1.434272,-0.029146,0.002726,0.173812,1.683118,0.540715,1.401293,-0.026477,0.002700,0.173800,1.683100,0.540700,1.401300,-0.026500,,,,,,,0
742,1787907108.2698,1787907108.2841,0.05738,0.001534,0.233165,1.679709,0.541495,1.425068,-0.032214,-0.000771,0.150628,1.699473,0.541282,1.378605,-0.024723,-0.000800,0.150600,1.699500,0.541300,1.378600,-0.024700,,,,,,,0
743,1787907108.3265,1787907108.3402,0.05677,0.003068,0.220893,1.688913,0.541495,1.409728,-0.032214,-0.004960,0.125394,1.729440,0.542057,1.325339,-0.027821,-0.005000,0.125400,1.729400,0.542100,1.325300,-0.027800,,,,,,,0
744,1787907108.3663,1787907108.3809,0.03973,0.003068,0.204019,1.690447,0.541495,1.408194,-0.032214,-0.009017,0.099303,1.778273,0.545562,1.255284,-0.034158,-0.009000,0.099300,1.778300,0.545600,1.255300,-0.034200,,,,,,,0
745,1787907108.4235,1787907108.4382,0.05724,0.003068,0.165670,1.701185,0.541495,1.388253,-0.032214,-0.015399,0.070131,1.846893,0.542569,1.144910,-0.038675,-0.015400,0.070100,1.846900,0.542600,1.144900,-0.038700,,,,,,,0
746,1787907108.4797,1787907108.493,0.05615,0.003068,0.138058,1.734932,0.541495,1.351437,-0.032214,-0.019456,0.040474,1.923323,0.533385,1.011694,-0.041338,-0.019500,0.040500,1.923300,0.533400,1.011700,-0.041300,,,,,,,0
747,1787907108.519,1787907108.5329,0.03935,0.001534,0.122718,1.762544,0.541495,1.317689,-0.032214,-0.021287,0.003881,2.019287,0.511848,0.844600,-0.043286,-0.021300,0.003900,2.019300,0.511800,0.844600,-0.043300,,,,,,,0
748,1787907108.5754,1787907108.5911,0.0564,-0.006136,0.092039,1.811631,0.541495,1.240990,-0.032214,-0.024541,-0.033363,2.134125,0.481658,0.672735,-0.043055,-0.024500,-0.033400,2.134100,0.481700,0.672700,-0.043100,,,,,,,0
749,1787907108.643,1787907108.659,0.06761,-0.010738,0.049087,1.891398,0.526155,1.135146,-0.038350,-0.021917,-0.066371,2.231082,0.445133,0.534337,-0.044663,-0.021900,-0.066400,2.231100,0.445100,0.534300,-0.044700,,,,,,,0
750,1787907108.7102,1787907108.7241,0.06714,-0.013806,0.009204,1.978835,0.504680,1.003223,-0.038350,-0.020428,-0.091309,2.313686,0.408785,0.430390,-0.046078,-0.020400,-0.091300,2.313700,0.408800,0.430400,-0.046100,,,,,,,0
751,1787907108.7475,1787907108.7629,0.03735,-0.015340,-0.012272,2.032525,0.489340,0.926524,-0.038350,-0.017678,-0.117537,2.400719,0.359492,0.333117,-0.046878,-0.017700,-0.117500,2.400700,0.359500,0.333100,-0.046900,,,,,,,0
752,1787907108.7982,1787907108.8131,0.05073,-0.015340,-0.041417,2.109224,0.463262,0.814544,-0.038350,-0.018139,-0.139157,2.486943,0.300344,0.254649,-0.047374,-0.018100,-0.139200,2.486900,0.300300,0.254600,-0.047400,,,,,,,0
753,1787907108.8649,1787907108.879,0.06664,-0.015340,-0.078233,2.210466,0.420311,0.670350,-0.041417,-0.017364,-0.164405,2.577304,0.210617,0.198141,-0.044928,-0.017400,-0.164400,2.577300,0.210600,0.198100,-0.044900,,,,,,,0
754,1787907108.9019,1787907108.917,0.037,-0.015340,-0.099709,2.267224,0.392699,0.592117,-0.044485,-0.009652,-0.211992,2.831127,-0.075063,0.131936,-0.041207,-0.009700,-0.212000,2.831100,-0.075100,0.131900,-0.041200,,,,,,,1
755,1787907108.9535,1787907108.967,0.05163,-0.015340,-0.125786,2.354661,0.346680,0.484738,-0.044485,-0.009201,-0.224975,2.888629,-0.149481,0.114423,-0.041991,-0.009200,-0.225000,2.888600,-0.149500,0.114400,-0.042000,,,,,,,1
756,1787907109.0199,1787907109.035,0.06638,-0.015340,-0.151864,2.455903,0.277651,0.362019,-0.044485,-0.006970,-0.235171,2.943115,-0.210447,0.102769,-0.041614,-0.007000,-0.235200,2.943100,-0.210400,0.102800,-0.041600,,,,,,,0
757,1787907109.0574,1787907109.071,0.03748,-0.013806,-0.177942,2.526466,0.237767,0.297592,-0.044485,-0.010579,-0.212449,2.933869,-0.190935,0.165735,-0.041420,-0.010600,-0.212400,2.933900,-0.190900,0.165700,-0.041400,,,,,,,0
758,1787907109.1084,1787907109.122,0.05101,-0.013806,-0.211689,2.643049,0.147262,0.220893,-0.044485,-0.009700,-0.218918,2.955116,-0.202597,0.169042,-0.040439,-0.009700,-0.218900,2.955100,-0.202600,0.169000,-0.040400,,,,,,,0
759,1787907109.175,1787907109.19,0.06662,-0.012272,-0.227029,2.761165,0.019942,0.153398,-0.044485,-0.011812,-0.225413,2.983247,-0.223221,0.173804,-0.037583,-0.011800,-0.225400,2.983200,-0.223200,0.173800,-0.037600,,,,,,,0
760,1787907109.2126,1787907109.227,0.03761,-0.012272,-0.228563,2.817923,-0.038350,0.128854,-0.044485,-0.009806,-0.231945,3.005436,-0.250425,0.177941,-0.035808,-0.009800,-0.231900,3.005400,-0.250400,0.177900,-0.035800,,,,,,,0
761,1787907109.2633,1787907109.277,0.05072,-0.012272,-0.220893,2.886952,-0.110447,0.113515,-0.044485,-0.012564,-0.235805,3.024149,-0.279928,0.175843,-0.035348,-0.012600,-0.235800,3.024100,-0.279900,0.175800,-0.035300,,,,,,,0
762,1787907109.33,1787907109.3458,0.06662,-0.012272,-0.228563,2.946777,-0.185612,0.122718,-0.044485,-0.010539,-0.241777,3.043717,-0.292752,0.186895,-0.032452,-0.010500,-0.241800,3.043700,-0.292800,0.186900,-0.032500,,,,,,,0
763,1787907109.3968,1787907109.4112,0.06688,-0.012272,-0.230097,2.969787,-0.239301,0.161068,-0.044485,-0.011172,-0.245335,3.056443,-0.308077,0.190688,-0.030956,-0.011200,-0.245300,3.056400,-0.308100,0.190700,-0.031000,,,,,,,0
764,1787907109.4357,1787907109.45,0.03889,-0.012272,-0.230097,2.969787,-0.262311,0.174874,-0.044485,-0.011246,-0.247035,3.059150,-0.311282,0.181012,-0.031144,-0.011200,-0.247000,3.059100,-0.311300,0.181000,-0.031100,,,,,,,0
765,1787907109.4936,1787907109.5082,0.05788,-0.012272,-0.243903,2.969787,-0.288388,0.185612,-0.033748,-0.008924,-0.251820,3.065352,-0.317688,0.177833,-0.028956,-0.008900,-0.251800,3.065400,-0.317700,0.177800,-0.029000,,,,,,,0
766,1787907109.5601,1787907109.5752,0.06651,-0.012272,-0.240835,2.969787,-0.305262,0.187146,-0.032214,-0.008694,-0.257227,3.065008,-0.315779,0.174623,-0.029463,-0.008700,-0.257200,3.065000,-0.315800,0.174600,-0.029500,,,,,,,0
767,1787907109.6155,1787907109.6299,0.05536,-0.012272,-0.245437,2.969787,-0.311398,0.187146,-0.032214,-0.009472,-0.258398,3.072010,-0.316683,0.169084,-0.030143,-0.009500,-0.258400,3.072000,-0.316700,0.169100,-0.030100,,,,,,,0
768,1787907109.6551,1787907109.6692,0.03962,-0.012272,-0.254641,2.969787,-0.312932,0.184078,-0.032214,-0.009892,-0.263420,3.069870,-0.317277,0.166098,-0.029105,-0.009900,-0.263400,3.069900,-0.317300,0.166100,-0.029100,,,,,,,0
769,1787907109.7117,1787907109.7272,0.05663,-0.012272,-0.250039,2.969787,-0.312932,0.177942,-0.032214,-0.010105,-0.263257,3.069748,-0.313392,0.168656,-0.030978,-0.010100,-0.263300,3.069700,-0.313400,0.168700,-0.031000,,,,,,,0
770,1787907109.768,1787907109.7822,0.05626,-0.012272,-0.259243,2.969787,-0.314466,0.171806,-0.032214,-0.009233,-0.265282,3.074391,-0.317677,0.158587,-0.030522,-0.009200,-0.265300,3.074400,-0.317700,0.158600,-0.030500,,,,,,,0
771,1787907109.8071,1787907109.8212,0.03911,-0.012272,-0.265379,2.969787,-0.314466,0.170272,-0.032214,-0.010046,-0.265447,3.079285,-0.315545,0.157311,-0.031063,-0.010000,-0.265400,3.079300,-0.315500,0.157300,-0.031100,,,,,,,0
772,1787907109.8642,1787907109.8779,0.05708,-0.012272,-0.260777,2.969787,-0.314466,0.170272,-0.032214,-0.010725,-0.264139,3.084185,-0.319482,0.162674,-0.031501,-0.010700,-0.264100,3.084200,-0.319500,0.162700,-0.031500,,,,,,,0
773,1787907109.9033,1787907109.9182,0.03914,-0.012272,-0.260777,2.969787,-0.314466,0.165670,-0.032214,-0.007943,-0.260467,3.090900,-0.313390,0.168984,-0.030223,-0.007900,-0.260500,3.090900,-0.313400,0.169000,-0.030200,,,,,,,1
774,1787907109.9623,1787907109.9772,0.05903,-0.012272,-0.268447,2.969787,-0.314466,0.162602,-0.032214,-0.011142,-0.259225,3.093752,-0.316870,0.173913,-0.031627,-0.011100,-0.259200,3.093800,-0.316900,0.173900,-0.031600,,,,,,,1
775,1787907110.018,1787907110.0329,0.05562,-0.012272,-0.262311,2.969787,-0.314466,0.162602,-0.032214,-0.006723,-0.259880,3.096189,-0.319515,0.170097,-0.031348,-0.006700,-0.259900,3.096200,-0.319500,0.170100,-0.031300,,,,,,,0
776,1787907110.058,1787907110.0732,0.04007,-0.012272,-0.262311,2.969787,-0.314466,0.167204,-0.032214,-0.012002,-0.237637,3.138182,-0.298920,0.174044,-0.030332,-0.012000,-0.237600,3.138200,-0.298900,0.174000,-0.030300,,,,,,,0
777,1787907110.1154,1787907110.1289,0.05737,-0.012272,-0.263845,2.969787,-0.314466,0.171806,-0.032214,-0.010729,-0.235811,3.138849,-0.299962,0.174579,-0.031913,-0.010700,-0.235800,3.138800,-0.300000,0.174600,-0.031900,,,,,,,0
778,1787907110.1704,1787907110.1842,0.05501,-0.012272,-0.259243,2.969787,-0.314466,0.173340,-0.032214,-0.011638,-0.236929,3.143478,-0.298060,0.169881,-0.030119,-0.011600,-0.236900,3.143500,-0.298100,0.169900,-0.030100,,,,,,,0
779,1787907110.2095,1787907110.2232,0.03914,-0.012272,-0.250039,2.969787,-0.306796,0.173340,-0.032214,-0.010501,-0.234322,3.144742,-0.299147,0.167222,-0.031152,-0.010500,-0.234300,3.144700,-0.299100,0.167200,-0.031200,,,,,,,0
780,1787907110.2664,1787907110.2812,0.0569,-0.012272,-0.237767,2.969787,-0.305262,0.173340,-0.032214,-0.009849,-0.233430,3.142964,-0.300505,0.164623,-0.029633,-0.009800,-0.233400,3.143000,-0.300500,0.164600,-0.029600,,,,,,,0
781,1787907110.3058,1787907110.3192,0.03932,-0.012272,-0.240835,2.968253,-0.303728,0.173340,-0.032214,-0.010725,-0.232379,3.145887,-0.297951,0.164265,-0.029646,-0.010700,-0.232400,3.145900,-0.298000,0.164300,-0.029600,,,,,,,0
782,1787907110.3643,1787907110.3792,0.0585,-0.012272,-0.234699,2.969787,-0.302194,0.173340,-0.032214,-0.013575,-0.233342,3.146325,-0.295147,0.161139,-0.028249,-0.013600,-0.233300,3.146300,-0.295100,0.161100,-0.028200,,,,,,,0
783,1787907110.4308,1787907110.4462,0.06653,-0.012272,-0.234699,2.969787,-0.302194,0.170272,-0.032214,-0.013587,-0.234098,3.146975,-0.298181,0.155776,-0.027532,-0.013600,-0.234100,3.147000,-0.298200,0.155800,-0.027500,,,,,,,0
784,1787907110.4698,1787907110.4831,0.03899,-0.012272,-0.239301,2.969787,-0.302194,0.168738,-0.032214,-0.010507,-0.233169,3.141680,-0.299136,0.161601,-0.028028,-0.010500,-0.233200,3.141700,-0.299100,0.161600,-0.028000,,,,,,,0
785,1787907110.5274,1787907110.5412,0.05759,-0.012272,-0.230097,2.969787,-0.299126,0.165670,-0.032214,-0.011253,-0.233204,3.140047,-0.298716,0.162727,-0.027601,-0.011300,-0.233200,3.140000,-0.298700,0.162700,-0.027600,,,,,,,0
786,1787907110.5834,1787907110.5979,0.05603,-0.012272,-0.234699,2.969787,-0.299126,0.162602,-0.032214,-0.010789,-0.229765,3.145936,-0.297826,0.165525,-0.027653,-0.010800,-0.229800,3.145900,-0.297800,0.165500,-0.027700,,,,,,,0
787,1787907110.6235,1787907110.6381,0.04012,-0.012272,-0.236233,2.969787,-0.299126,0.162602,-0.032214,-0.009992,-0.230739,3.143415,-0.298905,0.165038,-0.026004,-0.010000,-0.230700,3.143400,-0.298900,0.165000,-0.026000,,,,,,,0
788,1787907110.6805,1787907110.6951,0.057,-0.012272,-0.230097,2.969787,-0.299126,0.162602,-0.032214,-0.009399,-0.230330,3.147306,-0.301252,0.166423,-0.027114,-0.009400,-0.230300,3.147300,-0.301300,0.166400,-0.027100,,,,,,,0
789,1787907110.7365,1787907110.7511,0.05595,-0.012272,-0.233165,2.969787,-0.299126,0.162602,-0.032214,-0.009581,-0.233627,3.143483,-0.297427,0.168096,-0.028107,-0.009600,-0.233600,3.143500,-0.297400,0.168100,-0.028100,,,,,,,0
790,1787907110.7767,1787907110.7921,0.04025,-0.012272,-0.230097,2.969787,-0.299126,0.162602,-0.032214,-0.009863,-0.236280,3.147336,-0.295055,0.168668,-0.028541,-0.009900,-0.236300,3.147300,-0.295100,0.168700,-0.028500,,,,,,,0
791,1787907110.8336,1787907110.8471,0.05688,-0.012272,-0.230097,2.969787,-0.299126,0.162602,-0.032214,-0.007233,-0.240712,3.150163,-0.296937,0.165948,-0.029000,-0.007200,-0.240700,3.150200,-0.296900,0.165900,-0.029000,,,,,,,1
792,1787907110.8894,1787907110.9041,0.05573,-0.012272,-0.231631,2.969787,-0.299126,0.165670,-0.032214,-0.006879,-0.238278,3.153219,-0.297395,0.163032,-0.029005,-0.006900,-0.238300,3.153200,-0.297400,0.163000,-0.029000,,,,,,,1
793,1787907110.946,1787907110.9611,0.05663,-0.012272,-0.234699,2.969787,-0.299126,0.167204,-0.032214,-0.012599,-0.236243,2.968856,-0.294146,0.177451,-0.032377,-0.012600,-0.236200,2.968900,-0.294100,0.177500,-0.032400,,,,,,,0
