step,t_obs,t_cmd,dt,pos_base,pos_shoulder,pos_elbow,pos_wrist,pos_roll,pos_gripper,cmd_base,cmd_shoulder,cmd_elbow,cmd_wrist,cmd_roll,cmd_gripper,sent_base,sent_shoulder,sent_elbow,sent_wrist,sent_roll,sent_gripper,velraw_base,velraw_shoulder,velraw_elbow,velraw_wrist,velraw_roll,velraw_gripper,chunk_start
0,1787907274.4481,1787907274.4631,0.06424,-0.052155,-0.464796,2.834796,0.443320,1.699651,-0.052155,-0.062243,-0.471729,2.801474,0.439123,1.321765,-0.033290,-0.062200,-0.471700,2.801500,0.439100,1.321800,-0.033300,,,,,,,1
1,1787907274.4941,1787907274.508,0.04595,-0.052155,-0.464796,2.834796,0.443320,1.699651,-0.052155,-0.065892,-0.472155,2.803796,0.440719,1.314833,-0.034124,-0.065900,-0.472200,2.803800,0.440700,1.314800,-0.034100,,,,,,,1
2,1787907274.5498,1787907274.5651,0.05576,-0.052155,-0.466330,2.834796,0.443320,1.699651,-0.039884,-0.063629,-0.474422,2.802350,0.441568,1.315384,-0.032513,-0.063600,-0.474400,2.802300,0.441600,1.315400,-0.032500,,,,,,,0
3,1787907274.5874,1787907274.602,0.03761,-0.052155,-0.469398,2.825593,0.449456,1.691981,-0.036816,-0.065328,-0.480065,2.799466,0.440801,1.303960,-0.032502,-0.065300,-0.480100,2.799500,0.440800,1.304000,-0.032500,,,,,,,0
4,1787907274.6391,1787907274.6541,0.05162,-0.055223,-0.474000,2.814855,0.437185,1.650563,-0.036816,-0.065486,-0.479284,2.795213,0.440523,1.300685,-0.032483,-0.065500,-0.479300,2.795200,0.440500,1.300700,-0.032500,,,,,,,0
5,1787907274.7058,1787907274.72,0.06669,-0.056757,-0.475534,2.813321,0.444854,1.570796,-0.033748,-0.064320,-0.479679,2.807743,0.437607,1.297403,-0.030869,-0.064300,-0.479700,2.807700,0.437600,1.297400,-0.030900,,,,,,,0
6,1787907274.7427,1787907274.756,0.03697,-0.056757,-0.483204,2.810253,0.444854,1.515573,-0.033748,-0.064471,-0.480179,2.807042,0.443546,1.292483,-0.031612,-0.064500,-0.480200,2.807000,0.443500,1.292500,-0.031600,,,,,,,0
7,1787907274.7941,1787907274.81,0.05133,-0.056757,-0.477068,2.808719,0.444854,1.432738,-0.033748,-0.065321,-0.484095,2.814550,0.440051,1.281999,-0.031161,-0.065300,-0.484100,2.814500,0.440100,1.282000,-0.031200,,,,,,,0
8,1787907274.8606,1787907274.8751,0.06649,-0.056757,-0.483204,2.811787,0.441786,1.356039,-0.033748,-0.066330,-0.482592,2.816935,0.439943,1.274604,-0.033489,-0.066300,-0.482600,2.816900,0.439900,1.274600,-0.033500,,,,,,,0
9,1787907274.8976,1787907274.9111,0.03701,-0.056757,-0.480136,2.813321,0.441786,1.326893,-0.033748,-0.066326,-0.484925,2.819944,0.442083,1.259558,-0.032196,-0.066300,-0.484900,2.819900,0.442100,1.259600,-0.032200,,,,,,,0
10,1787907274.9492,1787907274.9631,0.05167,-0.056757,-0.478602,2.813321,0.440252,1.297748,-0.033748,-0.064048,-0.479529,2.826128,0.441455,1.251866,-0.035470,-0.064000,-0.479500,2.826100,0.441500,1.251900,-0.035500,,,,,,,0
11,1787907275.0157,1787907275.0291,0.06648,-0.056757,-0.484738,2.817923,0.434117,1.273204,-0.029146,-0.065044,-0.480466,2.815549,0.438737,1.243363,-0.037891,-0.065000,-0.480500,2.815500,0.438700,1.243400,-0.037900,,,,,,,1
12,1787907275.0523,1787907275.0661,0.03656,-0.056757,-0.480136,2.817923,0.434117,1.265534,-0.029146,-0.064368,-0.480455,2.820458,0.434110,1.242520,-0.034702,-0.064400,-0.480500,2.820500,0.434100,1.242500,-0.034700,,,,,,,1
13,1787907275.1042,1787907275.1192,0.05191,-0.056757,-0.483204,2.819457,0.435651,1.257864,-0.029146,-0.064079,-0.479390,2.820202,0.437371,1.251384,-0.035052,-0.064100,-0.479400,2.820200,0.437400,1.251400,-0.035100,,,,,,,0
14,1787907275.1706,1787907275.1842,0.0664,-0.056757,-0.481670,2.820991,0.434117,1.248660,-0.029146,-0.062185,-0.477378,2.806590,0.436568,1.315310,-0.044379,-0.062200,-0.477400,2.806600,0.436600,1.315300,-0.044400,,,,,,,0
15,1787907275.2103,1787907275.2239,0.03974,-0.056757,-0.481670,2.820991,0.434117,1.248660,-0.029146,-0.063874,-0.481214,2.805252,0.431791,1.311508,-0.044549,-0.063900,-0.481200,2.805300,0.431800,1.311500,-0.044500,,,,,,,0
16,1787907275.2669,1787907275.2821,0.05662,-0.056757,-0.484738,2.820991,0.434117,1.250194,-0.036816,-0.063021,-0.480792,2.809734,0.431237,1.313208,-0.044859,-0.063000,-0.480800,2.809700,0.431200,1.313200,-0.044900,,,,,,,0
17,1787907275.3222,1787907275.3372,0.05525,-0.056757,-0.481670,2.814855,0.440252,1.271670,-0.039884,-0.064737,-0.482969,2.816105,0.431316,1.314051,-0.044106,-0.064700,-0.483000,2.816100,0.431300,1.314100,-0.044100,,,,,,,0
18,1787907275.3613,1787907275.3752,0.03914,-0.056757,-0.481670,2.814855,0.437185,1.293146,-0.039884,-0.063168,-0.483930,2.816702,0.427479,1.318622,-0.044545,-0.063200,-0.483900,2.816700,0.427500,1.318600,-0.044500,,,,,,,0
19,1787907275.4181,1787907275.4322,0.05675,-0.056757,-0.481670,2.814855,0.434117,1.310020,-0.039884,-0.062499,-0.481403,2.815050,0.425872,1.314390,-0.044409,-0.062500,-0.481400,2.815100,0.425900,1.314400,-0.044400,,,,,,,0
20,1787907275.4573,1787907275.4721,0.03919,-0.056757,-0.481670,2.817923,0.432583,1.313088,-0.039884,-0.060262,-0.480685,2.814579,0.424028,1.313350,-0.043757,-0.060300,-0.480700,2.814600,0.424000,1.313400,-0.043800,,,,,,,0
21,1787907275.5162,1787907275.5311,0.05891,-0.056757,-0.484738,2.817923,0.429515,1.317689,-0.039884,-0.061453,-0.481532,2.818300,0.426605,1.309658,-0.043409,-0.061500,-0.481500,2.818300,0.426600,1.309700,-0.043400,,,,,,,0
22,1787907275.5716,1787907275.5861,0.05537,-0.056757,-0.481670,2.817923,0.426447,1.317689,-0.039884,-0.060631,-0.482958,2.816788,0.426275,1.309579,-0.043432,-0.060600,-0.483000,2.816800,0.426300,1.309600,-0.043400,,,,,,,0
23,1787907275.6274,1787907275.6412,0.05585,-0.056757,-0.483204,2.819457,0.426447,1.317689,-0.039884,-0.061258,-0.484959,2.819785,0.426281,1.304299,-0.044535,-0.061300,-0.485000,2.819800,0.426300,1.304300,-0.044500,,,,,,,0
24,1787907275.6671,1787907275.6812,0.03965,-0.056757,-0.483204,2.820991,0.426447,1.316156,-0.039884,-0.060740,-0.483411,2.819267,0.428032,1.307965,-0.044929,-0.060700,-0.483400,2.819300,0.428000,1.308000,-0.044900,,,,,,,0
25,1787907275.723,1787907275.7381,0.05595,-0.056757,-0.483204,2.820991,0.426447,1.316156,-0.039884,-0.060858,-0.482646,2.815583,0.422814,1.306731,-0.043589,-0.060900,-0.482600,2.815600,0.422800,1.306700,-0.043600,,,,,,,0
26,1787907275.7624,1787907275.7772,0.03939,-0.056757,-0.483204,2.820991,0.426447,1.313088,-0.039884,-0.059806,-0.487943,2.815006,0.421093,1.300331,-0.045502,-0.059800,-0.487900,2.815000,0.421100,1.300300,-0.045500,,,,,,,0
27,1787907275.8223,1787907275.8381,0.05989,-0.056757,-0.483204,2.822525,0.424913,1.313088,-0.039884,-0.061150,-0.487878,2.816577,0.420084,1.297238,-0.045962,-0.061100,-0.487900,2.816600,0.420100,1.297200,-0.046000,,,,,,,0
28,1787907275.8774,1787907275.8919,0.05512,-0.056757,-0.483204,2.822525,0.424913,1.310020,-0.041417,-0.061417,-0.487427,2.816724,0.422137,1.289581,-0.045461,-0.061400,-0.487400,2.816700,0.422100,1.289600,-0.045500,,,,,,,0
29,1787907275.9167,1787907275.931,0.03927,-0.056757,-0.484738,2.822525,0.424913,1.305418,-0.041417,-0.061437,-0.486183,2.809816,0.420144,1.289278,-0.044755,-0.061400,-0.486200,2.809800,0.420100,1.289300,-0.044800,,,,,,,0
30,1787907275.9736,1787907275.9882,0.05688,-0.056757,-0.484738,2.822525,0.423379,1.303884,-0.041417,-0.061172,-0.486631,2.809636,0.423003,1.286805,-0.045100,-0.061200,-0.486600,2.809600,0.423000,1.286800,-0.045100,,,,,,,1
31,1787907276.0295,1787907276.043,0.05597,-0.056757,-0.484738,2.822525,0.423379,1.294680,-0.041417,-0.059041,-0.487045,2.811754,0.422637,1.285844,-0.045535,-0.059000,-0.487000,2.811800,0.422600,1.285800,-0.045500,,,,,,,1
32,1787907276.0686,1787907276.082,0.03905,-0.056757,-0.484738,2.822525,0.423379,1.294680,-0.041417,-0.058494,-0.486980,2.811409,0.424585,1.289159,-0.045395,-0.058500,-0.487000,2.811400,0.424600,1.289200,-0.045400,,,,,,,0
33,1787907276.1249,1787907276.1391,0.05627,-0.056757,-0.483204,2.822525,0.423379,1.293146,-0.041417,-0.058070,-0.488742,2.809927,0.421864,1.280998,-0.043809,-0.058100,-0.488700,2.809900,0.421900,1.281000,-0.043800,,,,,,,0
34,1787907276.1645,1787907276.1791,0.03966,-0.056757,-0.483204,2.822525,0.423379,1.291612,-0.041417,-0.065664,-0.479668,2.834589,0.425048,1.260614,-0.038335,-0.065700,-0.479700,2.834600,0.425000,1.260600,-0.038300,,,,,,,0
35,1787907276.2241,1787907276.2391,0.05959,-0.056757,-0.483204,2.822525,0.423379,1.291612,-0.041417,-0.063120,-0.479814,2.833493,0.428552,1.259987,-0.037631,-0.063100,-0.479800,2.833500,0.428600,1.260000,-0.037600,,,,,,,0
36,1787907276.2905,1787907276.3052,0.06638,-0.056757,-0.484738,2.822525,0.420311,1.276272,-0.041417,-0.063352,-0.481353,2.833472,0.425171,1.253384,-0.038916,-0.063400,-0.481400,2.833500,0.425200,1.253400,-0.038900,,,,,,,0
37,1787907276.3275,1787907276.342,0.03702,-0.058291,-0.484738,2.825593,0.418777,1.267068,-0.041417,-0.061322,-0.481331,2.833485,0.422342,1.246911,-0.036221,-0.061300,-0.481300,2.833500,0.422300,1.246900,-0.036200,,,,,,,0
38,1787907276.379,1787907276.394,0.05149,-0.058291,-0.483204,2.825593,0.418777,1.264000,-0.041417,-0.059690,-0.483099,2.830339,0.421408,1.240576,-0.035576,-0.059700,-0.483100,2.830300,0.421400,1.240600,-0.035600,,,,,,,0
39,1787907276.435,1787907276.45,0.05601,-0.058291,-0.483204,2.827127,0.418777,1.256330,-0.041417,-0.061172,-0.481594,2.827655,0.418669,1.227972,-0.036578,-0.061200,-0.481600,2.827700,0.418700,1.228000,-0.036600,,,,,,,0
40,1787907276.4909,1787907276.5041,0.05587,-0.058291,-0.483204,2.827127,0.418777,1.248660,-0.041417,-0.059672,-0.476561,2.820558,0.420517,1.223319,-0.034736,-0.059700,-0.476600,2.820600,0.420500,1.223300,-0.034700,,,,,,,0
41,1787907276.5272,1787907276.5411,0.03636,-0.058291,-0.483204,2.827127,0.418777,1.245592,-0.041417,-0.060057,-0.480585,2.826123,0.422109,1.217676,-0.035062,-0.060100,-0.480600,2.826100,0.422100,1.217700,-0.035100,,,,,,,0
42,1787907276.5885,1787907276.602,0.06124,-0.058291,-0.483204,2.827127,0.418777,1.233321,-0.041417,-0.061476,-0.477853,2.825956,0.422087,1.208811,-0.035534,-0.061500,-0.477900,2.826000,0.422100,1.208800,-0.035500,,,,,,,0
43,1787907276.645,1787907276.6599,0.05653,-0.058291,-0.483204,2.827127,0.418777,1.225651,-0.041417,-0.060085,-0.479967,2.826752,0.423022,1.204471,-0.034041,-0.060100,-0.480000,2.826800,0.423000,1.204500,-0.034000,,,,,,,0
44,1787907276.6849,1787907276.6981,0.03985,-0.058291,-0.483204,2.827127,0.418777,1.222583,-0.041417,-0.062035,-0.481386,2.820404,0.422497,1.196600,-0.035040,-0.062000,-0.481400,2.820400,0.422500,1.196600,-0.035000,,,,,,,0
45,1787907276.7422,1787907276.7569,0.05735,-0.058291,-0.483204,2.827127,0.418777,1.213379,-0.041417,-0.061552,-0.476637,2.813804,0.424758,1.185276,-0.033685,-0.061600,-0.476600,2.813800,0.424800,1.185300,-0.033700,,,,,,,0
46,1787907276.7979,1787907276.8111,0.05573,-0.058291,-0.483204,2.827127,0.418777,1.205709,-0.041417,-0.060672,-0.482788,2.803957,0.418778,1.148999,-0.032080,-0.060700,-0.482800,2.804000,0.418800,1.149000,-0.032100,,,,,,,0
47,1787907276.8377,1787907276.852,0.03979,-0.058291,-0.484738,2.825593,0.418777,1.201107,-0.041417,-0.057956,-0.479746,2.771843,0.419842,1.112795,-0.032375,-0.058000,-0.479700,2.771800,0.419800,1.112800,-0.032400,,,,,,,0
48,1787907276.8946,1787907276.909,0.05691,-0.058291,-0.483204,2.819457,0.421845,1.190369,-0.036816,-0.056698,-0.486164,2.741369,0.417181,1.028163,-0.029702,-0.056700,-0.486200,2.741400,0.417200,1.028200,-0.029700,,,,,,,0
49,1787907276.9507,1787907276.9661,0.05609,-0.058291,-0.483204,2.811787,0.424913,1.168893,-0.036816,-0.052473,-0.488449,2.684844,0.414323,0.819267,-0.029939,-0.052500,-0.488400,2.684800,0.414300,0.819300,-0.029900,,,,,,,1
50,1787907277.0069,1787907277.0219,0.05615,-0.058291,-0.483204,2.784175,0.420311,1.127476,-0.032214,-0.049058,-0.486424,2.659773,0.415452,0.711877,-0.028433,-0.049100,-0.486400,2.659800,0.415500,0.711900,-0.028400,,,,,,,1
51,1787907277.0462,1787907277.0599,0.03928,-0.058291,-0.481670,2.764233,0.420311,1.090660,-0.032214,-0.049523,-0.486022,2.633620,0.413037,0.603184,-0.029187,-0.049500,-0.486000,2.633600,0.413000,0.603200,-0.029200,,,,,,,0
52,1787907277.1024,1787907277.1172,0.0562,-0.055223,-0.484738,2.727418,0.417243,1.013961,-0.032214,-0.046863,-0.489181,2.600036,0.415326,0.486515,-0.029321,-0.046900,-0.489200,2.600000,0.415300,0.486500,-0.029300,,,,,,,0
53,1787907277.1412,1787907277.1558,0.03885,-0.053689,-0.484738,2.699806,0.417243,0.954136,-0.032214,-0.062354,-0.477826,2.767370,0.409633,0.923322,-0.034561,-0.062400,-0.477800,2.767400,0.409600,0.923300,-0.034600,,,,,,,0
54,1787907277.1983,1787907277.2131,0.0571,-0.053689,-0.484738,2.658389,0.417243,0.837554,-0.032214,-0.067192,-0.476302,2.795463,0.411155,1.063573,-0.034554,-0.067200,-0.476300,2.795500,0.411200,1.063600,-0.034600,,,,,,,0
55,1787907277.2676,1787907277.2822,0.0693,-0.053689,-0.483204,2.624641,0.414175,0.705631,-0.032214,-0.066500,-0.475614,2.806098,0.412653,1.126360,-0.033073,-0.066500,-0.475600,2.806100,0.412700,1.126400,-0.033100,,,,,,,0
56,1787907277.3043,1787907277.3182,0.03672,-0.053689,-0.480136,2.616971,0.412641,0.644272,-0.032214,-0.066475,-0.474534,2.816076,0.408259,1.151829,-0.033153,-0.066500,-0.474500,2.816100,0.408300,1.151800,-0.033200,,,,,,,0
57,1787907277.3561,1787907277.3712,0.05174,-0.058291,-0.480136,2.626175,0.412641,0.576777,-0.032214,-0.068433,-0.471045,2.818036,0.410223,1.165460,-0.030113,-0.068400,-0.471000,2.818000,0.410200,1.165500,-0.030100,,,,,,,0
58,1787907277.4224,1787907277.4382,0.06636,-0.059825,-0.478602,2.669127,0.412641,0.516952,-0.032214,-0.067602,-0.474931,2.827714,0.409143,1.177140,-0.031314,-0.067600,-0.474900,2.827700,0.409100,1.177100,-0.031300,,,,,,,0
59,1787907277.4594,1787907277.4742,0.03694,-0.059825,-0.477068,2.707476,0.412641,0.500078,-0.032214,-0.068854,-0.472751,2.830120,0.409627,1.175508,-0.031538,-0.068900,-0.472800,2.830100,0.409600,1.175500,-0.031500,,,,,,,0
60,1787907277.5111,1787907277.5259,0.05169,-0.059825,-0.475534,2.768835,0.412641,0.495476,-0.032214,-0.068705,-0.475209,2.836820,0.409772,1.166499,-0.029209,-0.068700,-0.475200,2.836800,0.409800,1.166500,-0.029200,,,,,,,0
61,1787907277.5777,1787907277.5919,0.06664,-0.059825,-0.477068,2.814855,0.411107,0.520019,-0.024544,-0.069322,-0.473531,2.842213,0.411948,1.164415,-0.030670,-0.069300,-0.473500,2.842200,0.411900,1.164400,-0.030700,,,,,,,0
62,1787907277.6147,1787907277.6291,0.03695,-0.059825,-0.477068,2.825593,0.404971,0.553767,-0.024544,-0.069138,-0.472775,2.844998,0.410321,1.171492,-0.028869,-0.069100,-0.472800,2.845000,0.410300,1.171500,-0.028900,,,,,,,0
63,1787907277.6662,1787907277.6812,0.05152,-0.059825,-0.475534,2.827127,0.404971,0.616660,-0.024544,-0.067947,-0.471977,2.846136,0.409460,1.162501,-0.029754,-0.067900,-0.472000,2.846100,0.409500,1.162500,-0.029800,,,,,,,0
64,1787907277.7326,1787907277.7461,0.0664,-0.059825,-0.475534,2.833263,0.403437,0.727107,-0.024544,-0.067307,-0.471888,2.848659,0.411775,1.156947,-0.030167,-0.067300,-0.471900,2.848700,0.411800,1.156900,-0.030200,,,,,,,0
65,1787907277.7697,1787907277.7842,0.03712,-0.059825,-0.475534,2.833263,0.403437,0.794602,-0.024544,-0.065792,-0.472922,2.848541,0.412949,1.157067,-0.029794,-0.065800,-0.472900,2.848500,0.412900,1.157100,-0.029800,,,,,,,0
66,1787907277.8213,1787907277.8361,0.05161,-0.059825,-0.475534,2.833263,0.403437,0.905049,-0.024544,-0.068098,-0.472932,2.848421,0.411213,1.157006,-0.028697,-0.068100,-0.472900,2.848400,0.411200,1.157000,-0.028700,,,,,,,0
67,1787907277.8877,1787907277.9021,0.06637,-0.062893,-0.477068,2.833263,0.403437,1.015495,-0.027612,-0.065339,-0.473307,2.840785,0.413870,1.147706,-0.028179,-0.065300,-0.473300,2.840800,0.413900,1.147700,-0.028200,,,,,,,0
68,1787907277.9245,1787907277.9381,0.03682,-0.061359,-0.475534,2.834796,0.401903,1.067651,-0.029146,-0.060430,-0.479201,2.799735,0.411888,0.990183,-0.026271,-0.060400,-0.479200,2.799700,0.411900,0.990200,-0.026300,,,,,,,1
69,1787907277.9759,1787907277.9909,0.05143,-0.061359,-0.478602,2.836330,0.401903,1.121340,-0.026078,-0.058558,-0.482408,2.771749,0.409633,0.879263,-0.024871,-0.058600,-0.482400,2.771700,0.409600,0.879300,-0.024900,,,,,,,1
70,1787907278.0425,1787907278.0559,0.06661,-0.061359,-0.477068,2.831729,0.403437,1.156622,-0.026078,-0.056888,-0.483965,2.741603,0.405612,0.738812,-0.025550,-0.056900,-0.484000,2.741600,0.405600,0.738800,-0.025600,,,,,,,0
71,1787907278.0811,1787907278.0952,0.03861,-0.061359,-0.477068,2.825593,0.406505,1.159689,-0.026078,-0.059806,-0.486873,2.869159,0.420793,0.536405,-0.005738,-0.059800,-0.486900,2.869200,0.420800,0.536400,-0.005700,,,,,,,0
72,1787907278.1375,1787907278.1519,0.05636,-0.061359,-0.478602,2.793379,0.408039,1.148952,-0.026078,-0.054393,-0.485470,2.866886,0.425309,0.488712,-0.003324,-0.054400,-0.485500,2.866900,0.425300,0.488700,-0.003300,,,,,,,0
73,1787907278.1761,1787907278.1899,0.03864,-0.061359,-0.480136,2.773437,0.409573,1.118272,-0.024544,-0.056684,-0.489012,2.868169,0.420360,0.462181,-0.003912,-0.056700,-0.489000,2.868200,0.420400,0.462200,-0.003900,,,,,,,0
74,1787907278.235,1787907278.2502,0.05887,-0.061359,-0.483204,2.755029,0.411107,1.050777,-0.007670,-0.056535,-0.489710,2.868794,0.422746,0.453411,-0.002725,-0.056500,-0.489700,2.868800,0.422700,0.453400,-0.002700,,,,,,,0
75,1787907278.3016,1787907278.316,0.06655,-0.061359,-0.483204,2.767301,0.421845,0.941864,-0.007670,-0.056090,-0.487323,2.870543,0.424247,0.452635,-0.000697,-0.056100,-0.487300,2.870500,0.424200,0.452600,-0.000700,,,,,,,0
76,1787907278.3389,1787907278.3541,0.03732,-0.061359,-0.489340,2.791845,0.415709,0.872835,-0.007670,-0.053936,-0.489567,2.865057,0.423795,0.465341,-0.003365,-0.053900,-0.489600,2.865100,0.423800,0.465300,-0.003400,,,,,,,0
77,1787907278.3899,1787907278.405,0.05097,-0.059825,-0.489340,2.824059,0.412641,0.754719,-0.001534,-0.054685,-0.489092,2.862255,0.426376,0.463223,-0.001322,-0.054700,-0.489100,2.862300,0.426400,0.463200,-0.001300,,,,,,,0
78,1787907278.4566,1787907278.4701,0.06677,-0.059825,-0.487806,2.842466,0.411107,0.632000,-0.001534,-0.058761,-0.489577,2.850210,0.420374,0.459453,-0.001574,-0.058800,-0.489600,2.850200,0.420400,0.459500,-0.001600,,,,,,,0
79,1787907278.4935,1787907278.508,0.03691,-0.059825,-0.489340,2.842466,0.411107,0.579845,-0.001534,-0.059530,-0.487117,2.835805,0.415425,0.445308,0.001665,-0.059500,-0.487100,2.835800,0.415400,0.445300,0.001700,,,,,,,0
80,1787907278.5453,1787907278.561,0.05174,-0.059825,-0.487806,2.842466,0.411107,0.516952,-0.001534,-0.056276,-0.494770,2.810000,0.414373,0.399630,-0.000514,-0.056300,-0.494800,2.810000,0.414400,0.399600,-0.000500,,,,,,,0
81,1787907278.6116,1787907278.6271,0.06636,-0.059825,-0.489340,2.837864,0.409573,0.467864,-0.001534,-0.054333,-0.495682,2.779841,0.415572,0.358323,0.000979,-0.054300,-0.495700,2.779800,0.415600,0.358300,0.001000,,,,,,,0
82,1787907278.6671,1787907278.681,0.05549,-0.059825,-0.489340,2.828661,0.409573,0.446388,-0.001534,-0.057262,-0.496325,2.744349,0.414525,0.333000,0.003673,-0.057300,-0.496300,2.744300,0.414500,0.333000,0.003700,,,,,,,0
83,1787907278.7054,1787907278.7191,0.03831,-0.059825,-0.492408,2.825593,0.411107,0.423379,-0.001534,-0.050290,-0.494037,2.706892,0.413357,0.309315,0.005542,-0.050300,-0.494000,2.706900,0.413400,0.309300,0.005500,,,,,,,0
84,1787907278.757,1787907278.7701,0.0516,-0.059825,-0.498544,2.805651,0.421845,0.386563,-0.001534,-0.051375,-0.485511,2.662971,0.414724,0.284019,0.006867,-0.051400,-0.485500,2.663000,0.414700,0.284000,0.006900,,,,,,,0
85,1787907278.8235,1787907278.8371,0.06652,-0.058291,-0.493942,2.768835,0.415709,0.342078,-0.001534,-0.049110,-0.477069,2.619006,0.414813,0.249453,0.008324,-0.049100,-0.477100,2.619000,0.414800,0.249500,0.008300,,,,,,,0
86,1787907278.8604,1787907278.875,0.03682,-0.056757,-0.498544,2.744292,0.417243,0.323670,-0.001534,-0.082951,-0.411832,2.501285,0.404337,0.228135,0.008713,-0.083000,-0.411800,2.501300,0.404300,0.228100,0.008700,,,,,,,1
87,1787907278.9121,1787907278.9271,0.05175,-0.055223,-0.489340,2.705942,0.417243,0.299126,-0.001534,-0.122389,-0.392954,2.457510,0.394566,0.220331,0.011527,-0.122400,-0.393000,2.457500,0.394600,0.220300,0.011500,,,,,,,1
88,1787907278.9787,1787907278.9919,0.06661,-0.055223,-0.477068,2.655321,0.411107,0.265379,0.004602,-0.161341,-0.372094,2.435329,0.382928,0.231962,0.011116,-0.161300,-0.372100,2.435300,0.382900,0.232000,0.011100,,,,,,,0
89,1787907279.0161,1787907279.032,0.03734,-0.061359,-0.455592,2.616971,0.408039,0.243903,0.004602,-0.060989,-0.469267,2.780992,0.416105,0.230934,0.007857,-0.061000,-0.469300,2.781000,0.416100,0.230900,0.007900,,,,,,,0
90,1787907279.0671,1787907279.082,0.05102,-0.092039,-0.408039,2.547942,0.397301,0.230097,0.004602,-0.062741,-0.477597,2.795463,0.418456,0.263795,0.007617,-0.062700,-0.477600,2.795500,0.418500,0.263800,0.007600,,,,,,,0
91,1787907279.1338,1787907279.1481,0.0667,-0.127320,-0.386563,2.485049,0.392699,0.230097,0.004602,-0.062009,-0.478971,2.814236,0.418730,0.280632,0.006943,-0.062000,-0.479000,2.814200,0.418700,0.280600,0.006900,,,,,,,0
92,1787907279.1703,1787907279.184,0.03654,-0.134990,-0.380427,2.463573,0.398835,0.230097,0.004602,-0.061269,-0.483089,2.825580,0.424238,0.291435,0.007971,-0.061300,-0.483100,2.825600,0.424200,0.291400,0.008000,,,,,,,0
93,1787907279.2222,1787907279.2362,0.0519,-0.134990,-0.381961,2.452835,0.414175,0.246971,0.004602,-0.060609,-0.485067,2.826521,0.424137,0.292148,0.008546,-0.060600,-0.485100,2.826500,0.424100,0.292100,0.008500,,,,,,,0
94,1787907279.2887,1787907279.3041,0.06653,-0.096641,-0.443320,2.465107,0.418777,0.279185,0.004602,-0.061524,-0.489140,2.827318,0.422427,0.288011,0.007331,-0.061500,-0.489100,2.827300,0.422400,0.288000,0.007300,,,,,,,0
95,1787907279.3272,1787907279.3422,0.0385,-0.078233,-0.466330,2.492719,0.420311,0.286854,0.004602,-0.058690,-0.488686,2.823882,0.421737,0.282705,0.006432,-0.058700,-0.488700,2.823900,0.421700,0.282700,0.006400,,,,,,,0
96,1787907279.3851,1787907279.4,0.05786,-0.069029,-0.475534,2.560214,0.420311,0.289922,0.004602,-0.061760,-0.486102,2.820067,0.420962,0.278827,0.008134,-0.061800,-0.486100,2.820100,0.421000,0.278800,0.008100,,,,,,,0
97,1787907279.4517,1787907279.4661,0.0666,-0.064427,-0.493942,2.667593,0.420311,0.289922,0.004602,-0.060149,-0.487853,2.818020,0.421074,0.279303,0.007968,-0.060100,-0.487900,2.818000,0.421100,0.279300,0.008000,,,,,,,0
98,1787907279.4885,1787907279.5022,0.03678,-0.064427,-0.493942,2.718214,0.420311,0.288388,0.004602,-0.060907,-0.489604,2.806790,0.417409,0.277255,0.007356,-0.060900,-0.489600,2.806800,0.417400,0.277300,0.007400,,,,,,,0
99,1787907279.5401,1787907279.5552,0.05162,-0.064427,-0.486272,2.774971,0.420311,0.283786,0.004602,-0.061570,-0.491760,2.796479,0.417635,0.277319,0.005830,-0.061600,-0.491800,2.796500,0.417600,0.277300,0.005800,,,,,,,0
100,1787907279.6066,1787907279.6202,0.0665,-0.064427,-0.495476,2.816389,0.418777,0.283786,0.004602,-0.064556,-0.493031,2.781095,0.412817,0.278195,0.007647,-0.064600,-0.493000,2.781100,0.412800,0.278200,0.007600,,,,,,,0
101,1787907279.6461,1787907279.6601,0.03945,-0.064427,-0.489340,2.822525,0.412641,0.283786,0.006136,-0.061003,-0.495048,2.753489,0.412001,0.274706,0.009045,-0.061000,-0.495000,2.753500,0.412000,0.274700,0.009000,,,,,,,0
102,1787907279.7022,1787907279.7172,0.05615,-0.064427,-0.490874,2.817923,0.418777,0.283786,0.010738,-0.060433,-0.498983,2.713565,0.407769,0.258349,0.007260,-0.060400,-0.499000,2.713600,0.407800,0.258300,0.007300,,,,,,,0
103,1787907279.7696,1787907279.7842,0.06742,-0.064427,-0.490874,2.790311,0.418777,0.280718,0.010738,-0.064011,-0.492850,2.660114,0.405863,0.247263,0.006212,-0.064000,-0.492800,2.660100,0.405900,0.247300,0.006200,,,,,,,0
104,1787907279.8082,1787907279.8221,0.03859,-0.064427,-0.489340,2.771903,0.412641,0.279185,0.010738,-0.067755,-0.485170,2.595119,0.400648,0.219986,0.007971,-0.067800,-0.485200,2.595100,0.400600,0.220000,0.008000,,,,,,,0
105,1787907279.8652,1787907279.8801,0.05695,-0.064427,-0.501612,2.742758,0.411107,0.263845,0.010738,-0.093300,-0.444421,2.462003,0.389494,0.160687,0.010476,-0.093300,-0.444400,2.462000,0.389500,0.160700,0.010500,,,,,,,1
106,1787907279.9029,1787907279.9159,0.03772,-0.064427,-0.498544,2.718214,0.409573,0.253107,0.010738,-0.116409,-0.422042,2.423959,0.382561,0.145637,0.013903,-0.116400,-0.422000,2.424000,0.382600,0.145600,0.013900,,,,,,,1
107,1787907279.9542,1787907279.9681,0.0513,-0.064427,-0.486272,2.666059,0.403437,0.233165,0.010738,-0.150106,-0.403807,2.398630,0.379141,0.137759,0.015607,-0.150100,-0.403800,2.398600,0.379100,0.137800,0.015600,,,,,,,0
108,1787907280.0205,1787907280.0361,0.06636,-0.072097,-0.480136,2.598563,0.391165,0.197884,0.010738,-0.134395,-0.384534,2.419270,0.390046,0.172795,0.015951,-0.134400,-0.384500,2.419300,0.390000,0.172800,0.016000,,,,,,,0
109,1787907280.0878,1787907280.1012,0.06725,-0.110447,-0.423379,2.509593,0.383495,0.158000,0.010738,-0.187079,-0.372662,2.403248,0.384830,0.168240,0.026829,-0.187100,-0.372700,2.403200,0.384800,0.168200,0.026800,,,,,,,0
110,1787907280.1247,1787907280.1392,0.03688,-0.128854,-0.408039,2.469709,0.381961,0.147262,0.010738,-0.248322,-0.360932,2.395681,0.383487,0.165344,0.032684,-0.248300,-0.360900,2.395700,0.383500,0.165300,0.032700,,,,,,,0
111,1787907280.1762,1787907280.1899,0.05148,-0.139592,-0.401903,2.432894,0.383495,0.147262,0.010738,-0.310517,-0.349375,2.375650,0.382212,0.169913,0.045597,-0.310500,-0.349400,2.375600,0.382200,0.169900,0.045600,,,,,,,0
112,1787907280.2427,1787907280.2569,0.0665,-0.144194,-0.366621,2.414486,0.383495,0.165670,0.030680,-0.380308,-0.332276,2.348089,0.382358,0.149377,0.089524,-0.380300,-0.332300,2.348100,0.382400,0.149400,0.089500,,,,,,,0
113,1787907280.2815,1787907280.2962,0.03883,-0.161068,-0.362019,2.414486,0.383495,0.165670,0.036816,-0.456422,-0.311293,2.330196,0.380164,0.144965,0.164266,-0.456400,-0.311300,2.330200,0.380200,0.145000,0.164300,,,,,,,0
114,1787907280.3384,1787907280.3531,0.05693,-0.208621,-0.360485,2.396078,0.385029,0.165670,0.062893,-0.527874,-0.290925,2.322401,0.387808,0.135936,0.255418,-0.527900,-0.290900,2.322400,0.387800,0.135900,0.255400,,,,,,,0
115,1787907280.3764,1787907280.3909,0.03798,-0.246971,-0.337476,2.379204,0.385029,0.164136,0.118117,-0.598169,-0.265840,2.283748,0.392683,0.115430,0.394357,-0.598200,-0.265800,2.283700,0.392700,0.115400,0.394400,,,,,,,0
116,1787907280.4272,1787907280.442,0.05078,-0.323670,-0.316000,2.354661,0.385029,0.151864,0.165670,-0.655661,-0.231529,2.264082,0.399348,0.099526,0.475525,-0.655700,-0.231500,2.264100,0.399300,0.099500,0.475500,,,,,,,0
117,1787907280.4937,1787907280.5082,0.0665,-0.418777,-0.302194,2.330117,0.386563,0.133456,0.326738,-0.700100,-0.211286,2.241911,0.403699,0.098189,0.500366,-0.700100,-0.211300,2.241900,0.403700,0.098200,0.500400,,,,,,,0
118,1787907280.5309,1787907280.546,0.03722,-0.472466,-0.271515,2.310175,0.389631,0.121184,0.426447,-0.730817,-0.194811,2.231271,0.409690,0.092922,0.547257,-0.730800,-0.194800,2.231300,0.409700,0.092900,0.547300,,,,,,,0
119,1787907280.5819,1787907280.597,0.05101,-0.546097,-0.242369,2.288699,0.395767,0.107379,0.478602,-0.770785,-0.158181,2.215356,0.415895,0.082688,0.587746,-0.770800,-0.158200,2.215400,0.415900,0.082700,0.587700,,,,,,,0
120,1787907280.6488,1787907280.6641,0.0669,-0.628932,-0.222427,2.261088,0.404971,0.098175,0.549165,-0.795662,-0.134175,2.202227,0.423481,0.071877,0.596009,-0.795700,-0.134200,2.202200,0.423500,0.071900,0.596000,,,,,,,0
121,1787907280.7157,1787907280.73,0.06686,-0.699495,-0.179476,2.239612,0.409573,0.092039,0.587515,-0.821361,-0.102507,2.204145,0.419602,0.052445,0.614807,-0.821400,-0.102500,2.204100,0.419600,0.052400,0.614800,,,,,,,0
122,1787907280.7528,1787907280.767,0.0371,-0.730175,-0.167204,2.233476,0.412641,0.087437,0.589049,-0.833806,-0.069147,2.195001,0.423668,0.035471,0.621007,-0.833800,-0.069100,2.195000,0.423700,0.035500,0.621000,,,,,,,0
123,1787907280.8039,1787907280.8201,0.05114,-0.766990,-0.151864,2.219670,0.418777,0.078233,0.592117,-0.849328,-0.033293,2.189549,0.429109,0.015792,0.627460,-0.849300,-0.033300,2.189500,0.429100,0.015800,0.627500,,,,,,,0
124,1787907280.8706,1787907280.884,0.06672,-0.806874,-0.105845,2.216602,0.418777,0.059825,0.618194,-0.870622,0.032180,2.159662,0.417552,-0.033960,0.632702,-0.870600,0.032200,2.159700,0.417600,-0.034000,0.632700,,,,,,,1
125,1787907280.908,1787907280.9219,0.03737,-0.822214,-0.087437,2.212000,0.418777,0.046019,0.621262,-0.878036,0.065526,2.144775,0.410946,-0.066528,0.629321,-0.878000,0.065500,2.144800,0.410900,-0.066500,0.629300,,,,,,,1
126,1787907280.959,1787907280.9731,0.05098,-0.837554,-0.055223,2.202796,0.423379,0.024544,0.624330,-0.877839,0.099235,2.133759,0.405789,-0.111069,0.632517,-0.877800,0.099200,2.133800,0.405800,-0.111100,0.632500,,,,,,,0
127,1787907281.0255,1787907281.04,0.06649,-0.854427,-0.004602,2.192059,0.418777,-0.003068,0.625864,-0.840299,0.074964,2.209384,0.393713,0.025808,0.731604,-0.840300,0.075000,2.209400,0.393700,0.025800,0.731600,,,,,,,0
128,1787907281.0633,1787907281.0781,0.03777,-0.866699,0.021476,2.170583,0.412641,-0.029146,0.625864,-0.830759,0.112535,2.212992,0.389467,-0.017062,0.766325,-0.830800,0.112500,2.213000,0.389500,-0.017100,0.766300,,,,,,,0
129,1787907281.1141,1787907281.129,0.05088,-0.871301,0.067495,2.147573,0.408039,-0.072097,0.628932,-0.819560,0.148035,2.216901,0.383944,-0.063673,0.790965,-0.819600,0.148000,2.216900,0.383900,-0.063700,0.791000,,,,,,,0
130,1787907281.1805,1787907281.195,0.06634,-0.866699,0.104311,2.158311,0.395767,-0.101243,0.759320,-0.813381,0.176031,2.218141,0.377166,-0.128902,0.812570,-0.813400,0.176000,2.218100,0.377200,-0.128900,0.812600,,,,,,,0
131,1787907281.2176,1787907281.231,0.03716,-0.851359,0.110447,2.175185,0.388097,-0.101243,0.779262,-0.811824,0.203633,2.221049,0.364815,-0.200720,0.825843,-0.811800,0.203600,2.221000,0.364800,-0.200700,0.825800,,,,,,,0
132,1787907281.2692,1787907281.2831,0.05161,-0.822214,0.130388,2.208932,0.389631,-0.085903,0.790000,-0.811059,0.225621,2.221698,0.362289,-0.261368,0.825597,-0.811100,0.225600,2.221700,0.362300,-0.261400,0.825600,,,,,,,0
133,1787907281.3358,1787907281.3503,0.06651,-0.814544,0.171806,2.219670,0.371223,-0.067495,0.825282,-0.809627,0.244017,2.220632,0.361219,-0.310474,0.824950,-0.809600,0.244000,2.220600,0.361200,-0.310500,0.824900,,,,,,,0
134,1787907281.3752,1787907281.3898,0.0394,-0.814544,0.193282,2.219670,0.366621,-0.067495,0.825282,-0.811274,0.255187,2.215682,0.360720,-0.366125,0.824278,-0.811300,0.255200,2.215700,0.360700,-0.366100,0.824300,,,,,,,0
135,1787907281.4321,1787907281.4458,0.05694,-0.811476,0.223961,2.221204,0.363553,-0.102777,0.825282,-0.812207,0.274092,2.215032,0.349450,-0.402584,0.826329,-0.812200,0.274100,2.215000,0.349500,-0.402600,0.826300,,,,,,,0
136,1787907281.4987,1787907281.5132,0.06665,-0.811476,0.248505,2.221204,0.363553,-0.173340,0.825282,-0.810311,0.292285,2.216978,0.342643,-0.441490,0.825824,-0.810300,0.292300,2.217000,0.342600,-0.441500,0.825800,,,,,,,0
137,1787907281.5376,1787907281.5531,0.0389,-0.811476,0.254641,2.221204,0.363553,-0.223961,0.825282,-0.810495,0.305510,2.210987,0.340329,-0.472512,0.823767,-0.810500,0.305500,2.211000,0.340300,-0.472500,0.823800,,,,,,,0
138,1787907281.5952,1787907281.6092,0.05759,-0.811476,0.269981,2.221204,0.349748,-0.308330,0.825282,-0.808898,0.322169,2.216948,0.334016,-0.481598,0.822380,-0.808900,0.322200,2.216900,0.334000,-0.481600,0.822400,,,,,,,0
139,1787907281.6617,1787907281.6762,0.0665,-0.811476,0.302194,2.219670,0.343612,-0.391165,0.825282,-0.807890,0.334697,2.220204,0.331151,-0.475263,0.820254,-0.807900,0.334700,2.220200,0.331200,-0.475300,0.820300,,,,,,,0
140,1787907281.7009,1787907281.7162,0.03912,-0.811476,0.306796,2.219670,0.342078,-0.423379,0.825282,-0.808526,0.347278,2.223166,0.329316,-0.461825,0.820921,-0.808500,0.347300,2.223200,0.329300,-0.461800,0.820900,,,,,,,0
141,1787907281.7579,1787907281.7722,0.0571,-0.811476,0.319068,2.219670,0.331340,-0.463262,0.825282,-0.808103,0.352797,2.233198,0.324095,-0.444130,0.818558,-0.808100,0.352800,2.233200,0.324100,-0.444100,0.818600,,,,,,,0
142,1787907281.814,1787907281.8282,0.05605,-0.811476,0.343612,2.222738,0.334408,-0.472466,0.825282,-0.806752,0.362085,2.230661,0.322447,-0.437194,0.815370,-0.806800,0.362100,2.230700,0.322400,-0.437200,0.815400,,,,,,,0
143,1787907281.8532,1787907281.8682,0.03921,-0.811476,0.346680,2.224272,0.332874,-0.472466,0.825282,-0.814160,0.373732,2.231475,0.319247,-0.450892,0.821874,-0.814200,0.373700,2.231500,0.319200,-0.450900,0.821900,,,,,,,1
144,1787907281.9098,1787907281.9229,0.05658,-0.811476,0.352816,2.228874,0.317534,-0.447922,0.825282,-0.814778,0.379665,2.231096,0.317821,-0.460110,0.824738,-0.814800,0.379700,2.231100,0.317800,-0.460100,0.824700,,,,,,,1
145,1787907281.9659,1787907281.9812,0.05607,-0.811476,0.369689,2.233476,0.325204,-0.441786,0.825282,-0.816629,0.386559,2.231915,0.313053,-0.457757,0.823919,-0.816600,0.386600,2.231900,0.313100,-0.457800,0.823900,,,,,,,0
146,1787907282.0053,1787907282.0202,0.03948,-0.811476,0.374291,2.231942,0.319068,-0.441786,0.825282,-0.849242,0.400196,2.209084,0.337155,-0.408712,0.900247,-0.849200,0.400200,2.209100,0.337200,-0.408700,0.900200,,,,,,,0
147,1787907282.0625,1787907282.0769,0.05713,-0.811476,0.380427,2.231942,0.316000,-0.452524,0.825282,-0.852759,0.409751,2.208586,0.339102,-0.412989,0.910484,-0.852800,0.409800,2.208600,0.339100,-0.413000,0.910500,,,,,,,0
148,1787907282.1185,1787907282.1322,0.05599,-0.811476,0.392699,2.231942,0.317534,-0.452524,0.872835,-0.858598,0.419806,2.207639,0.337949,-0.409064,0.914274,-0.858600,0.419800,2.207600,0.337900,-0.409100,0.914300,,,,,,,0
149,1787907282.1578,1787907282.1712,0.0394,-0.823748,0.400369,2.224272,0.326738,-0.441786,0.911185,-0.863121,0.424951,2.208067,0.340106,-0.415376,0.914437,-0.863100,0.425000,2.208100,0.340100,-0.415400,0.914400,,,,,,,0
150,1787907282.2092,1787907282.2239,0.05132,-0.842155,0.409573,2.218136,0.329806,-0.417243,0.911185,-0.868799,0.435117,2.206223,0.334182,-0.422093,0.910355,-0.868800,0.435100,2.206200,0.334200,-0.422100,0.910400,,,,,,,0
151,1787907282.2756,1787907282.2899,0.06638,-0.854427,0.420311,2.218136,0.339010,-0.414175,0.911185,-0.870234,0.444721,2.201799,0.336651,-0.426226,0.907762,-0.870200,0.444700,2.201800,0.336700,-0.426200,0.907800,,,,,,,0
152,1787907282.3146,1787907282.3282,0.03902,-0.854427,0.426447,2.216602,0.334408,-0.414175,0.911185,-0.875587,0.457072,2.202643,0.333543,-0.436726,0.908482,-0.875600,0.457100,2.202600,0.333500,-0.436700,0.908500,,,,,,,0
153,1787907282.3722,1787907282.3882,0.05762,-0.860563,0.435651,2.213534,0.337476,-0.414175,0.911185,-0.877713,0.463918,2.201478,0.333603,-0.446485,0.909811,-0.877700,0.463900,2.201500,0.333600,-0.446500,0.909800,,,,,,,0
154,1787907282.4387,1787907282.4542,0.06649,-0.865165,0.454058,2.212000,0.332874,-0.427981,0.911185,-0.880082,0.472896,2.197807,0.336796,-0.457583,0.911695,-0.880100,0.472900,2.197800,0.336800,-0.457600,0.911700,,,,,,,0
155,1787907282.4939,1787907282.5072,0.05523,-0.866699,0.460194,2.212000,0.334408,-0.435651,0.911185,-0.884084,0.479917,2.201959,0.338238,-0.470367,0.911866,-0.884100,0.479900,2.202000,0.338200,-0.470400,0.911900,,,,,,,0
156,1787907282.5323,1787907282.5472,0.03839,-0.868233,0.460194,2.212000,0.334408,-0.441786,0.911185,-0.884895,0.487326,2.199587,0.332439,-0.480384,0.914482,-0.884900,0.487300,2.199600,0.332400,-0.480400,0.914500,,,,,,,0
157,1787907282.5842,1787907282.5982,0.05189,-0.871301,0.474000,2.205864,0.331340,-0.450990,0.911185,-0.890145,0.494334,2.197472,0.334005,-0.492158,0.914100,-0.890100,0.494300,2.197500,0.334000,-0.492200,0.914100,,,,,,,0
158,1787907282.6507,1787907282.6662,0.06648,-0.875903,0.483204,2.205864,0.334408,-0.466330,0.911185,-0.894687,0.501966,2.201278,0.334203,-0.508128,0.912705,-0.894700,0.502000,2.201300,0.334200,-0.508100,0.912700,,,,,,,0
159,1787907282.7176,1787907282.7322,0.06688,-0.878971,0.495476,2.204330,0.331340,-0.481670,0.911185,-0.897974,0.502439,2.198156,0.333399,-0.515854,0.911366,-0.898000,0.502400,2.198200,0.333400,-0.515900,0.911400,,,,,,,0
160,1787907282.7569,1787907282.7731,0.03937,-0.880505,0.497010,2.204330,0.334408,-0.487806,0.911185,-0.899652,0.507698,2.201135,0.334147,-0.519534,0.906510,-0.899700,0.507700,2.201100,0.334100,-0.519500,0.906500,,,,,,,0
161,1787907282.8139,1787907282.8282,0.05695,-0.885107,0.501612,2.204330,0.332874,-0.503146,0.911185,-0.911933,0.522053,2.196187,0.331258,-0.531610,0.907428,-0.911900,0.522100,2.196200,0.331300,-0.531600,0.907400,,,,,,,1
162,1787907282.8807,1787907282.895,0.06679,-0.891243,0.507748,2.204330,0.332874,-0.513884,0.911185,-0.910698,0.520813,2.195360,0.331619,-0.532346,0.903328,-0.910700,0.520800,2.195400,0.331600,-0.532300,0.903300,,,,,,,1
163,1787907282.9195,1787907282.9331,0.03885,-0.891243,0.507748,2.204330,0.334408,-0.515418,0.911185,-0.912139,0.522383,2.192842,0.331217,-0.534369,0.903728,-0.912100,0.522400,2.192800,0.331200,-0.534400,0.903700,,,,,,,0
164,1787907282.9764,1787907282.9909,0.05686,-0.900447,0.520019,2.204330,0.332874,-0.526155,0.911185,-0.915727,0.542557,2.142581,0.325095,-0.434268,0.883521,-0.915700,0.542600,2.142600,0.325100,-0.434300,0.883500,,,,,,,0
165,1787907283.0434,1787907283.0579,0.06702,-0.905049,0.523087,2.202796,0.334408,-0.529223,0.911185,-0.920547,0.545413,2.139062,0.326239,-0.436960,0.882684,-0.920500,0.545400,2.139100,0.326200,-0.437000,0.882700,,,,,,,0
166,1787907283.0824,1787907283.0971,0.03899,-0.906583,0.524621,2.202796,0.334408,-0.529223,0.901981,-0.919102,0.546687,2.138258,0.324985,-0.433574,0.878827,-0.919100,0.546700,2.138300,0.325000,-0.433600,0.878800,,,,,,,0
167,1787907283.1394,1787907283.1541,0.05699,-0.906583,0.541495,2.179787,0.328272,-0.512350,0.886641,-0.921793,0.549477,2.141399,0.325926,-0.432250,0.879529,-0.921800,0.549500,2.141400,0.325900,-0.432200,0.879500,,,,,,,0
168,1787907283.1944,1787907283.2091,0.055,-0.909651,0.546097,2.152175,0.319068,-0.472466,0.886641,-0.917696,0.550014,2.137694,0.324043,-0.425180,0.876059,-0.917700,0.550000,2.137700,0.324000,-0.425200,0.876100,,,,,,,0
169,1787907283.2334,1787907283.2471,0.03901,-0.909651,0.546097,2.144505,0.319068,-0.450990,0.886641,-0.921904,0.550755,2.138387,0.324299,-0.429718,0.872402,-0.921900,0.550800,2.138400,0.324300,-0.429700,0.872400,,,,,,,0
170,1787907283.2897,1787907283.3041,0.05634,-0.911185,0.549165,2.146039,0.325204,-0.432583,0.885107,-0.921206,0.551432,2.139136,0.322028,-0.427814,0.866320,-0.921200,0.551400,2.139100,0.322000,-0.427800,0.866300,,,,,,,0
171,1787907283.3294,1787907283.3431,0.03964,-0.912719,0.552233,2.146039,0.325204,-0.427981,0.878971,-0.922380,0.559475,2.132166,0.324678,-0.426305,0.860920,-0.922400,0.559500,2.132200,0.324700,-0.426300,0.860900,,,,,,,0
172,1787907283.389,1787907283.4031,0.05959,-0.914253,0.552233,2.146039,0.319068,-0.427981,0.872835,-0.924309,0.558087,2.138133,0.323119,-0.429727,0.859758,-0.924300,0.558100,2.138100,0.323100,-0.429700,0.859800,,,,,,,0
173,1787907283.4553,1787907283.4711,0.06638,-0.915787,0.558369,2.141437,0.326738,-0.427981,0.865165,-0.924985,0.561519,2.134661,0.322901,-0.427540,0.851676,-0.925000,0.561500,2.134700,0.322900,-0.427500,0.851700,,,,,,,0
174,1787907283.5118,1787907283.5259,0.05643,-0.915787,0.561437,2.139903,0.319068,-0.427981,0.865165,-0.924690,0.569447,2.134531,0.320964,-0.425294,0.845988,-0.924700,0.569400,2.134500,0.321000,-0.425300,0.846000,,,,,,,0
175,1787907283.5515,1787907283.5661,0.03975,-0.915787,0.561437,2.139903,0.322136,-0.427981,0.859029,-0.924980,0.567608,2.131202,0.317885,-0.418293,0.828114,-0.925000,0.567600,2.131200,0.317900,-0.418300,0.828100,,,,,,,0
176,1787907283.6088,1787907283.623,0.05723,-0.915787,0.566039,2.139903,0.323670,-0.427981,0.851359,-0.926183,0.564426,2.129373,0.316550,-0.416142,0.793839,-0.926200,0.564400,2.129400,0.316500,-0.416100,0.793800,,,,,,,0
177,1787907283.6648,1787907283.6791,0.05609,-0.915787,0.569107,2.139903,0.319068,-0.421845,0.829884,-0.924526,0.561037,2.135394,0.320868,-0.420250,0.748297,-0.924500,0.561000,2.135400,0.320900,-0.420200,0.748300,,,,,,,0
178,1787907283.7038,1787907283.7191,0.039,-0.915787,0.569107,2.139903,0.317534,-0.418777,0.820680,-0.926597,0.559269,2.130614,0.315642,-0.416767,0.736347,-0.926600,0.559300,2.130600,0.315600,-0.416800,0.736300,,,,,,,0
179,1787907283.7605,1787907283.7762,0.05663,-0.915787,0.569107,2.139903,0.317534,-0.417243,0.776194,-0.921752,0.557635,2.129965,0.314338,-0.413600,0.707023,-0.921800,0.557600,2.130000,0.314300,-0.413600,0.707000,,,,,,,0
180,1787907283.8166,1787907283.8301,0.05612,-0.915787,0.569107,2.139903,0.317534,-0.417243,0.736311,-0.925778,0.552177,2.122225,0.316183,-0.407880,0.587787,-0.925800,0.552200,2.122200,0.316200,-0.407900,0.587800,,,,,,,1
181,1787907283.8556,1787907283.8701,0.03896,-0.915787,0.569107,2.139903,0.317534,-0.417243,0.728641,-0.920964,0.547470,2.108214,0.311588,-0.415281,0.528236,-0.921000,0.547500,2.108200,0.311600,-0.415300,0.528200,,,,,,,1
182,1787907283.9124,1787907283.9259,0.0568,-0.915787,0.569107,2.139903,0.317534,-0.417243,0.691825,-0.920497,0.543135,2.110967,0.308476,-0.406390,0.459979,-0.920500,0.543100,2.111000,0.308500,-0.406400,0.460000,,,,,,,0
183,1787907283.951,1787907283.9661,0.03862,-0.915787,0.569107,2.132233,0.317534,-0.411107,0.598253,-0.932347,0.530725,2.103260,0.320709,-0.453404,0.318231,-0.932300,0.530700,2.103300,0.320700,-0.453400,0.318200,,,,,,,0
184,1787907284.0082,1787907284.0229,0.05723,-0.915787,0.564505,2.116893,0.305262,-0.411107,0.493942,-0.933831,0.530472,2.108716,0.329408,-0.456405,0.262335,-0.933800,0.530500,2.108700,0.329400,-0.456400,0.262300,,,,,,,0
185,1787907284.0775,1787907284.0919,0.06927,-0.917321,0.552233,2.113826,0.317534,-0.409573,0.339010,-0.939725,0.527422,2.095397,0.324797,-0.462001,0.194558,-0.939700,0.527400,2.095400,0.324800,-0.462000,0.194600,,,,,,,0
186,1787907284.1143,1787907284.1292,0.03686,-0.921922,0.549165,2.112292,0.317534,-0.415709,0.285320,-0.938609,0.526779,2.104255,0.323238,-0.467413,0.139839,-0.938600,0.526800,2.104300,0.323200,-0.467400,0.139800,,,,,,,0
187,1787907284.1659,1787907284.1792,0.0516,-0.926524,0.546097,2.112292,0.322136,-0.443320,0.262311,-0.939155,0.527896,2.109428,0.319951,-0.468482,0.085822,-0.939200,0.527900,2.109400,0.320000,-0.468500,0.085800,,,,,,,0
188,1787907284.2326,1787907284.2461,0.06663,-0.928058,0.544563,2.112292,0.326738,-0.460194,0.151864,-0.941576,0.530598,2.112783,0.314227,-0.469895,0.039895,-0.941600,0.530600,2.112800,0.314200,-0.469900,0.039900,,,,,,,0
189,1787907284.269,1787907284.2842,0.03649,-0.929592,0.541495,2.112292,0.322136,-0.461728,0.142660,-0.942642,0.530455,2.113521,0.314708,-0.464332,-0.008666,-0.942600,0.530500,2.113500,0.314700,-0.464300,-0.008700,,,,,,,0
190,1787907284.3211,1787907284.3351,0.05201,-0.931126,0.539961,2.112292,0.322136,-0.461728,0.098175,-0.947280,0.537232,2.120794,0.317415,-0.464757,-0.017847,-0.947300,0.537200,2.120800,0.317400,-0.464800,-0.017800,,,,,,,0
191,1787907284.3875,1787907284.4022,0.06649,-0.934194,0.535359,2.112292,0.317534,-0.461728,0.032214,-0.948734,0.535134,2.121414,0.315988,-0.467720,-0.019825,-0.948700,0.535100,2.121400,0.316000,-0.467700,-0.019800,,,,,,,0
192,1787907284.4263,1787907284.4401,0.03875,-0.937262,0.535359,2.112292,0.317534,-0.461728,0.030680,-0.950400,0.531718,2.124731,0.317926,-0.465967,-0.015078,-0.950400,0.531700,2.124700,0.317900,-0.466000,-0.015100,,,,,,,0
193,1787907284.4841,1787907284.4992,0.05775,-0.940330,0.535359,2.112292,0.317534,-0.461728,0.030680,-0.951648,0.526895,2.126681,0.318366,-0.462625,-0.012135,-0.951600,0.526900,2.126700,0.318400,-0.462600,-0.012100,,,,,,,0
194,1787907284.5506,1787907284.5641,0.06651,-0.941864,0.535359,2.115360,0.314466,-0.461728,0.030680,-0.949803,0.521818,2.132412,0.316687,-0.466363,-0.030622,-0.949800,0.521800,2.132400,0.316700,-0.466400,-0.030600,,,,,,,0
195,1787907284.5894,1787907284.603,0.03886,-0.943398,0.535359,2.119961,0.311398,-0.461728,0.030680,-0.948885,0.509871,2.133671,0.317442,-0.464877,-0.032039,-0.948900,0.509900,2.133700,0.317400,-0.464900,-0.032000,,,,,,,0
196,1787907284.647,1787907284.6602,0.05761,-0.943398,0.529223,2.121495,0.311398,-0.461728,0.027612,-0.945636,0.495295,2.133988,0.322468,-0.467049,-0.039720,-0.945600,0.495300,2.134000,0.322500,-0.467000,-0.039700,,,,,,,0
197,1787907284.7022,1787907284.717,0.05516,-0.943398,0.526155,2.127631,0.309864,-0.461728,0.024544,-0.942894,0.472747,2.137404,0.325335,-0.477099,-0.034362,-0.942900,0.472700,2.137400,0.325300,-0.477100,-0.034400,,,,,,,0
198,1787907284.74,1787907284.755,0.03783,-0.943398,0.518486,2.130699,0.309864,-0.461728,0.004602,-0.937463,0.449604,2.141690,0.326584,-0.469662,-0.034077,-0.937500,0.449600,2.141700,0.326600,-0.469700,-0.034100,,,,,,,0
199,1787907284.7921,1787907284.806,0.05207,-0.943398,0.506214,2.142971,0.316000,-0.461728,-0.024544,-0.921385,0.371276,2.138569,0.323994,-0.477613,-0.043639,-0.921400,0.371300,2.138600,0.324000,-0.477600,-0.043600,,,,,,,1
200,1787907284.8584,1787907284.8731,0.06629,-0.943398,0.492408,2.147573,0.323670,-0.464796,-0.026078,-0.908983,0.325157,2.141327,0.324413,-0.479055,-0.044116,-0.909000,0.325200,2.141300,0.324400,-0.479100,-0.044100,,,,,,,1
201,1787907284.897,1787907284.9121,0.03861,-0.941864,0.478602,2.147573,0.326738,-0.464796,-0.035282,-0.886893,0.278896,2.145498,0.317589,-0.487446,-0.042181,-0.886900,0.278900,2.145500,0.317600,-0.487400,-0.042200,,,,,,,0
202,1787907284.9543,1787907284.9681,0.05728,-0.928058,0.432583,2.147573,0.328272,-0.472466,-0.038350,-0.930211,0.366367,2.140380,0.309294,-0.505610,-0.046092,-0.930200,0.366400,2.140400,0.309300,-0.505600,-0.046100,,,,,,,0
203,1787907284.9914,1787907285.0061,0.03713,-0.915787,0.398835,2.149107,0.326738,-0.474000,-0.038350,-0.925495,0.332320,2.145739,0.309668,-0.508342,-0.047212,-0.925500,0.332300,2.145700,0.309700,-0.508300,-0.047200,,,,,,,0
204,1787907285.043,1787907285.0569,0.05163,-0.895845,0.343612,2.149107,0.319068,-0.481670,-0.038350,-0.914005,0.288695,2.150036,0.311038,-0.514491,-0.045386,-0.914000,0.288700,2.150000,0.311000,-0.514500,-0.045400,,,,,,,0
205,1787907285.1093,1787907285.123,0.06623,-0.888175,0.299126,2.149107,0.312932,-0.497010,-0.044485,-0.891931,0.252314,2.152923,0.310573,-0.512250,-0.044955,-0.891900,0.252300,2.152900,0.310600,-0.512200,-0.045000,,,,,,,0
206,1787907285.1479,1787907285.162,0.03866,-0.898913,0.292990,2.149107,0.311398,-0.503146,-0.044485,-0.867232,0.216308,2.153385,0.310228,-0.512026,-0.047474,-0.867200,0.216300,2.153400,0.310200,-0.512000,-0.047500,,,,,,,0
207,1787907285.2062,1787907285.2211,0.05823,-0.918854,0.294524,2.150641,0.311398,-0.507748,-0.044485,-0.829449,0.175753,2.154067,0.307219,-0.510676,-0.045473,-0.829400,0.175800,2.154100,0.307200,-0.510700,-0.045500,,,,,,,0
208,1787907285.2725,1787907285.2881,0.06636,-0.903515,0.277651,2.153709,0.311398,-0.507748,-0.044485,-0.783235,0.145196,2.147353,0.305794,-0.514406,-0.049868,-0.783200,0.145200,2.147400,0.305800,-0.514400,-0.049900,,,,,,,0
209,1787907285.3287,1787907285.3441,0.05616,-0.868233,0.237767,2.153709,0.311398,-0.507748,-0.044485,-0.732919,0.111794,2.138020,0.301337,-0.502651,-0.050848,-0.732900,0.111800,2.138000,0.301300,-0.502700,-0.050800,,,,,,,0
210,1787907285.3846,1787907285.398,0.05596,-0.834486,0.194816,2.153709,0.311398,-0.507748,-0.044485,-0.673827,0.085343,2.128294,0.300138,-0.495808,-0.053694,-0.673800,0.085300,2.128300,0.300100,-0.495800,-0.053700,,,,,,,0
211,1787907285.4236,1787907285.437,0.03897,-0.811476,0.173340,2.153709,0.306796,-0.507748,-0.044485,-0.614030,0.061278,2.112808,0.299491,-0.481106,-0.052804,-0.614000,0.061300,2.112800,0.299500,-0.481100,-0.052800,,,,,,,0
212,1787907285.4797,1787907285.493,0.05614,-0.763922,0.136524,2.152175,0.303728,-0.504680,-0.046019,-0.557804,0.042725,2.096590,0.298673,-0.456781,-0.056432,-0.557800,0.042700,2.096600,0.298700,-0.456800,-0.056400,,,,,,,0
213,1787907285.5185,1787907285.5331,0.03873,-0.731709,0.116583,2.144505,0.303728,-0.497010,-0.046019,-0.477164,0.017019,2.076877,0.297873,-0.407784,-0.056266,-0.477200,0.017000,2.076900,0.297900,-0.407800,-0.056300,,,,,,,0
214,1787907285.5811,1787907285.595,0.06265,-0.670350,0.081301,2.127631,0.303728,-0.481670,-0.050621,-0.412466,0.005759,2.054527,0.296581,-0.344602,-0.056055,-0.412500,0.005800,2.054500,0.296600,-0.344600,-0.056100,,,,,,,0
215,1787907285.6361,1787907285.6511,0.055,-0.607456,0.052155,2.109224,0.303728,-0.455592,-0.052155,-0.353891,-0.006898,2.038213,0.298973,-0.267178,-0.056061,-0.353900,-0.006900,2.038200,0.299000,-0.267200,-0.056100,,,,,,,0
216,1787907285.6703,1787907285.685,0.03416,-0.562971,0.036816,2.095418,0.302194,-0.432583,-0.052155,-0.306126,-0.015475,2.022960,0.301090,-0.176288,-0.052870,-0.306100,-0.015500,2.023000,0.301100,-0.176300,-0.052900,,,,,,,0
217,1787907285.7321,1787907285.747,0.0618,-0.487806,0.015340,2.070874,0.300660,-0.380427,-0.052155,-0.248741,-0.020701,1.992443,0.298808,-0.070359,-0.055682,-0.248700,-0.020700,1.992400,0.298800,-0.070400,-0.055700,,,,,,,0
218,1787907285.7871,1787907285.8009,0.05504,-0.420311,0.001534,2.052466,0.300660,-0.316000,-0.052155,-0.155486,-0.029266,1.956099,0.303185,0.216603,-0.059997,-0.155500,-0.029300,1.956100,0.303200,0.216600,-0.060000,,,,,,,1
219,1787907285.8231,1787907285.8381,0.03595,-0.378893,-0.003068,2.041728,0.300660,-0.269981,-0.052155,-0.121179,-0.026760,1.940182,0.302654,0.348449,-0.061469,-0.121200,-0.026800,1.940200,0.302700,0.348400,-0.061500,,,,,,,1
220,1787907285.8858,1787907285.9009,0.06271,-0.311398,-0.010738,2.017185,0.300660,-0.182544,-0.052155,-0.097158,-0.017375,1.924282,0.298507,0.470178,-0.062099,-0.097200,-0.017400,1.924300,0.298500,0.470200,-0.062100,,,,,,,0
221,1787907285.9416,1787907285.9559,0.05581,-0.242369,-0.015340,1.984971,0.300660,-0.085903,-0.052155,-0.410839,0.074364,2.125206,0.339680,-0.212112,0.178530,-0.410800,0.074400,2.125200,0.339700,-0.212100,0.178500,,,,,,,0
222,1787907285.9813,1787907285.9951,0.03975,-0.199418,-0.016874,1.965029,0.300660,-0.015340,-0.052155,-0.499426,0.110369,2.146798,0.330549,-0.326993,0.325478,-0.499400,0.110400,2.146800,0.330500,-0.327000,0.325500,,,,,,,0
223,1787907286.0381,1787907286.0541,0.0568,-0.136524,-0.013806,1.942020,0.300660,0.127320,-0.047553,-0.570697,0.145320,2.178898,0.312326,-0.382910,0.530493,-0.570700,0.145300,2.178900,0.312300,-0.382900,0.530500,,,,,,,0
224,1787907286.1044,1787907286.1181,0.06621,-0.105845,0.007670,1.949690,0.319068,0.262311,0.202485,-0.634403,0.181605,2.192889,0.301092,-0.440688,0.618350,-0.634400,0.181600,2.192900,0.301100,-0.440700,0.618300,,,,,,,0
225,1787907286.1412,1787907286.1551,0.03684,-0.102777,0.035282,1.968097,0.322136,0.319068,0.343612,-0.672304,0.199379,2.184212,0.296779,-0.491191,0.638897,-0.672300,0.199400,2.184200,0.296800,-0.491200,0.638900,,,,,,,0
226,1787907286.193,1787907286.2072,0.05184,-0.111981,0.090505,2.021787,0.316000,0.389631,0.524621,-0.694305,0.216243,2.188500,0.293796,-0.509117,0.653598,-0.694300,0.216200,2.188500,0.293800,-0.509100,0.653600,,,,,,,0
227,1787907286.2593,1787907286.2731,0.06624,-0.165670,0.153398,2.106156,0.302194,0.446388,0.639670,-0.717999,0.220044,2.189470,0.292782,-0.524172,0.662391,-0.718000,0.220000,2.189500,0.292800,-0.524200,0.662400,,,,,,,0
228,1787907286.2964,1787907286.3101,0.03715,-0.210155,0.181010,2.139903,0.300660,0.461728,0.644272,-0.731691,0.234613,2.191631,0.281341,-0.524770,0.663379,-0.731700,0.234600,2.191600,0.281300,-0.524800,0.663400,,,,,,,0
229,1787907286.3481,1787907286.3622,0.05166,-0.291456,0.210155,2.178253,0.300660,0.466330,0.653476,-0.743359,0.238629,2.199821,0.278008,-0.529566,0.663327,-0.743400,0.238600,2.199800,0.278000,-0.529600,0.663300,,,,,,,0
230,1787907286.4145,1787907286.4302,0.06638,-0.421845,0.227029,2.192059,0.289922,0.441786,0.658078,-0.751776,0.258403,2.202834,0.275025,-0.529888,0.662762,-0.751800,0.258400,2.202800,0.275000,-0.529900,0.662800,,,,,,,0
231,1787907286.4814,1787907286.4952,0.06699,-0.555301,0.237767,2.196660,0.274583,0.371223,0.658078,-0.752271,0.267638,2.197182,0.274458,-0.538522,0.670955,-0.752300,0.267600,2.197200,0.274500,-0.538500,0.671000,,,,,,,0
232,1787907286.5201,1787907286.5352,0.03864,-0.613592,0.239301,2.202796,0.282252,0.319068,0.658078,-0.763604,0.276053,2.198777,0.280704,-0.558240,0.679317,-0.763600,0.276100,2.198800,0.280700,-0.558200,0.679300,,,,,,,0
233,1787907286.5771,1787907286.5919,0.05699,-0.682621,0.256175,2.199728,0.269981,0.211689,0.662680,-0.765506,0.282727,2.198044,0.280619,-0.576226,0.689398,-0.765500,0.282700,2.198000,0.280600,-0.576200,0.689400,,,,,,,0
234,1787907286.6152,1787907286.6301,0.03813,-0.710233,0.268447,2.202796,0.279185,0.138058,0.674952,-0.774752,0.295111,2.193341,0.281726,-0.595434,0.698297,-0.774800,0.295100,2.193300,0.281700,-0.595400,0.698300,,,,,,,0
235,1787907286.6659,1787907286.6792,0.05072,-0.745515,0.274583,2.202796,0.279185,0.006136,0.676486,-0.776307,0.306191,2.188534,0.277289,-0.608858,0.701945,-0.776300,0.306200,2.188500,0.277300,-0.608900,0.701900,,,,,,,0
236,1787907286.7322,1787907286.747,0.06632,-0.763922,0.288388,2.201262,0.279185,-0.170272,0.696427,-0.799535,0.333502,2.174917,0.279068,-0.633427,0.701865,-0.799500,0.333500,2.174900,0.279100,-0.633400,0.701900,,,,,,,1
237,1787907286.7691,1787907286.7832,0.03681,-0.766990,0.297592,2.202796,0.280718,-0.257709,0.696427,-0.805300,0.346545,2.174196,0.277472,-0.626265,0.702438,-0.805300,0.346500,2.174200,0.277500,-0.626300,0.702400,,,,,,,1
238,1787907286.8211,1787907286.835,0.052,-0.768524,0.305262,2.201262,0.280718,-0.368155,0.696427,-0.812388,0.358925,2.181097,0.272468,-0.629237,0.701699,-0.812400,0.358900,2.181100,0.272500,-0.629200,0.701700,,,,,,,0
239,1787907286.8875,1787907286.9022,0.0664,-0.782330,0.323670,2.187457,0.280718,-0.483204,0.696427,-0.755412,0.323152,2.251134,0.291407,-0.168190,0.754830,-0.755400,0.323200,2.251100,0.291400,-0.168200,0.754800,,,,,,,0
240,1787907286.9246,1787907286.9392,0.03719,-0.793068,0.343612,2.184389,0.274583,-0.533825,0.696427,-0.743664,0.336030,2.263220,0.291569,-0.098202,0.787029,-0.743700,0.336000,2.263200,0.291600,-0.098200,0.787000,,,,,,,0
241,1787907286.9759,1787907286.9899,0.05125,-0.806874,0.357418,2.187457,0.280718,-0.585981,0.697961,-0.739430,0.345210,2.271706,0.294196,-0.089412,0.802167,-0.739400,0.345200,2.271700,0.294200,-0.089400,0.802200,,,,,,,0
242,1787907287.0426,1787907287.0559,0.06666,-0.799204,0.354350,2.193593,0.277651,-0.621262,0.790000,-0.740863,0.352888,2.277884,0.290962,-0.090923,0.798464,-0.740900,0.352900,2.277900,0.291000,-0.090900,0.798500,,,,,,,0
243,1787907287.0795,1787907287.0929,0.03697,-0.780796,0.349748,2.218136,0.285320,-0.625864,0.791534,-0.746436,0.360015,2.282297,0.291292,-0.111208,0.793783,-0.746400,0.360000,2.282300,0.291300,-0.111200,0.793800,,,,,,,0
244,1787907287.131,1787907287.1471,0.05148,-0.748583,0.349748,2.262622,0.297592,-0.615126,0.797670,-0.751730,0.363556,2.285583,0.291514,-0.140914,0.793801,-0.751700,0.363600,2.285600,0.291500,-0.140900,0.793800,,,,,,,0
245,1787907287.1974,1787907287.211,0.06637,-0.742447,0.357418,2.277961,0.285320,-0.562971,0.797670,-0.760830,0.365409,2.285378,0.292854,-0.174990,0.800218,-0.760800,0.365400,2.285400,0.292900,-0.175000,0.800200,,,,,,,0
246,1787907287.236,1787907287.2501,0.03863,-0.745515,0.360485,2.284097,0.294524,-0.521553,0.797670,-0.767777,0.365310,2.290207,0.292704,-0.203367,0.802235,-0.767800,0.365300,2.290200,0.292700,-0.203400,0.802200,,,,,,,0
247,1787907287.2931,1787907287.308,0.05705,-0.745515,0.363553,2.285631,0.288388,-0.426447,0.797670,-0.772660,0.365075,2.294334,0.289998,-0.220278,0.806209,-0.772700,0.365100,2.294300,0.290000,-0.220300,0.806200,,,,,,,0
248,1787907287.3605,1787907287.3751,0.06748,-0.756253,0.363553,2.287165,0.289922,-0.316000,0.797670,-0.777190,0.365728,2.299279,0.289519,-0.235835,0.810202,-0.777200,0.365700,2.299300,0.289500,-0.235800,0.810200,,,,,,,0
249,1787907287.3991,1787907287.413,0.03852,-0.765456,0.363553,2.291767,0.294524,-0.269981,0.799204,-0.780810,0.367146,2.302158,0.287424,-0.254567,0.811446,-0.780800,0.367100,2.302200,0.287400,-0.254600,0.811400,,,,,,,0
250,1787907287.4569,1787907287.471,0.05781,-0.766990,0.363553,2.293301,0.285320,-0.211689,0.803806,-0.786384,0.374137,2.303736,0.283847,-0.269435,0.804158,-0.786400,0.374100,2.303700,0.283800,-0.269400,0.804200,,,,,,,0
251,1787907287.5234,1787907287.539,0.06652,-0.771592,0.363553,2.302505,0.289922,-0.181010,0.803806,-0.793035,0.378190,2.309739,0.278040,-0.288443,0.803336,-0.793000,0.378200,2.309700,0.278000,-0.288400,0.803300,,,,,,,0
252,1787907287.5787,1787907287.5929,0.05536,-0.777728,0.368155,2.304039,0.285320,-0.179476,0.803806,-0.792565,0.381384,2.304816,0.277643,-0.316585,0.808037,-0.792600,0.381400,2.304800,0.277600,-0.316600,0.808000,,,,,,,0
253,1787907287.6174,1787907287.6319,0.03863,-0.779262,0.374291,2.300971,0.279185,-0.196350,0.803806,-0.792054,0.384401,2.304316,0.276116,-0.333399,0.810581,-0.792100,0.384400,2.304300,0.276100,-0.333400,0.810600,,,,,,,0
254,1787907287.669,1787907287.684,0.05164,-0.783864,0.378893,2.310175,0.285320,-0.239301,0.803806,-0.792645,0.391110,2.301524,0.271720,-0.344388,0.810526,-0.792600,0.391100,2.301500,0.271700,-0.344400,0.810500,,,,,,,0
255,1787907287.7356,1787907287.7501,0.06662,-0.786932,0.383495,2.308641,0.271515,-0.292990,0.803806,-0.797721,0.399130,2.300109,0.256048,-0.369730,0.819592,-0.797700,0.399100,2.300100,0.256000,-0.369700,0.819600,,,,,,,1
256,1787907287.7722,1787907287.787,0.03652,-0.786932,0.385029,2.305573,0.271515,-0.312932,0.803806,-0.799378,0.401058,2.290579,0.243813,-0.368666,0.816709,-0.799400,0.401100,2.290600,0.243800,-0.368700,0.816700,,,,,,,1
257,1787907287.8237,1787907287.8371,0.05157,-0.786932,0.389631,2.310175,0.276117,-0.335942,0.805340,-0.803392,0.405301,2.288735,0.230651,-0.380178,0.818284,-0.803400,0.405300,2.288700,0.230700,-0.380200,0.818300,,,,,,,0
258,1787907287.8903,1787907287.9051,0.06659,-0.790000,0.397301,2.304039,0.256175,-0.355884,0.811476,-0.844762,0.422148,2.275388,0.267278,-0.364332,0.853289,-0.844800,0.422100,2.275400,0.267300,-0.364300,0.853300,,,,,,,0
259,1787907287.9293,1787907287.944,0.03903,-0.791534,0.398835,2.299437,0.245437,-0.363553,0.811476,-0.853296,0.425730,2.268124,0.269459,-0.370410,0.858431,-0.853300,0.425700,2.268100,0.269500,-0.370400,0.858400,,,,,,,0
260,1787907287.987,1787907288.0011,0.05763,-0.796136,0.404971,2.297903,0.234699,-0.372757,0.832952,-0.860309,0.434489,2.267390,0.269352,-0.370178,0.863100,-0.860300,0.434500,2.267400,0.269400,-0.370200,0.863100,,,,,,,0
261,1787907288.0535,1787907288.0672,0.06649,-0.816078,0.424913,2.279495,0.245437,-0.372757,0.857495,-0.865039,0.436415,2.265458,0.269155,-0.378483,0.864610,-0.865000,0.436400,2.265500,0.269200,-0.378500,0.864600,,,,,,,0
262,1787907288.0902,1787907288.1041,0.03671,-0.834486,0.427981,2.273360,0.259243,-0.372757,0.859029,-0.869627,0.448720,2.261811,0.267445,-0.381919,0.870163,-0.869600,0.448700,2.261800,0.267400,-0.381900,0.870200,,,,,,,0
263,1787907288.1417,1787907288.1558,0.05151,-0.854427,0.431049,2.274894,0.269981,-0.372757,0.859029,-0.871115,0.455628,2.261967,0.268264,-0.382132,0.872257,-0.871100,0.455600,2.262000,0.268300,-0.382100,0.872300,,,,,,,0
264,1787907288.2085,1787907288.2229,0.06677,-0.860563,0.443320,2.270292,0.266913,-0.372757,0.866699,-0.872948,0.463635,2.258954,0.268207,-0.385165,0.867605,-0.872900,0.463600,2.259000,0.268200,-0.385200,0.867600,,,,,,,0
265,1787907288.2449,1787907288.2601,0.03648,-0.862097,0.449456,2.268758,0.269981,-0.375825,0.866699,-0.876111,0.478337,2.258868,0.263736,-0.390357,0.866358,-0.876100,0.478300,2.258900,0.263700,-0.390400,0.866400,,,,,,,0
266,1787907288.2967,1787907288.3102,0.05171,-0.863631,0.455592,2.268758,0.269981,-0.375825,0.866699,-0.883397,0.485525,2.250892,0.264510,-0.399284,0.864731,-0.883400,0.485500,2.250900,0.264500,-0.399300,0.864700,,,,,,,0
267,1787907288.3632,1787907288.3771,0.06652,-0.866699,0.469398,2.268758,0.266913,-0.385029,0.866699,-0.887523,0.493778,2.249132,0.268984,-0.403711,0.863872,-0.887500,0.493800,2.249100,0.269000,-0.403700,0.863900,,,,,,,0
268,1787907288.402,1787907288.4162,0.03883,-0.868233,0.480136,2.265690,0.262311,-0.386563,0.866699,-0.892166,0.500298,2.244189,0.264377,-0.410716,0.860996,-0.892200,0.500300,2.244200,0.264400,-0.410700,0.861000,,,,,,,0
269,1787907288.4601,1787907288.4752,0.05806,-0.874369,0.483204,2.258020,0.266913,-0.394233,0.866699,-0.889876,0.509085,2.245080,0.262973,-0.415859,0.856867,-0.889900,0.509100,2.245100,0.263000,-0.415900,0.856900,,,,,,,0
270,1787907288.5264,1787907288.5401,0.06636,-0.883573,0.500078,2.251884,0.260777,-0.403437,0.866699,-0.888425,0.516845,2.243576,0.263089,-0.417930,0.853364,-0.888400,0.516800,2.243600,0.263100,-0.417900,0.853400,,,,,,,0
271,1787907288.5659,1787907288.5801,0.03949,-0.885107,0.503146,2.250350,0.266913,-0.408039,0.866699,-0.891715,0.526827,2.242322,0.264518,-0.416489,0.852840,-0.891700,0.526800,2.242300,0.264500,-0.416500,0.852800,,,,,,,0
272,1787907288.6222,1787907288.6371,0.0563,-0.885107,0.506214,2.248816,0.260777,-0.409573,0.860563,-0.890929,0.526716,2.238984,0.260980,-0.416903,0.851485,-0.890900,0.526700,2.239000,0.261000,-0.416900,0.851500,,,,,,,0
273,1787907288.6774,1787907288.6919,0.05523,-0.885107,0.524621,2.245748,0.260777,-0.412641,0.857495,-0.896745,0.537828,2.237801,0.252443,-0.420679,0.842725,-0.896700,0.537800,2.237800,0.252400,-0.420700,0.842700,,,,,,,1
274,1787907288.7167,1787907288.7311,0.03921,-0.885107,0.527689,2.248816,0.266913,-0.412641,0.857495,-0.898297,0.540381,2.240990,0.254505,-0.417489,0.843102,-0.898300,0.540400,2.241000,0.254500,-0.417500,0.843100,,,,,,,1
275,1787907288.7733,1787907288.7882,0.05663,-0.885107,0.524621,2.244214,0.256175,-0.412641,0.848291,-0.894301,0.545944,2.238565,0.255719,-0.415273,0.842427,-0.894300,0.545900,2.238600,0.255700,-0.415300,0.842400,,,,,,,0
276,1787907288.8119,1787907288.8259,0.03863,-0.888175,0.535359,2.244214,0.253107,-0.412641,0.846757,-0.915454,0.549979,2.224013,0.245339,-0.405665,0.859327,-0.915500,0.550000,2.224000,0.245300,-0.405700,0.859300,,,,,,,0
277,1787907288.8717,1787907288.8851,0.05976,-0.891243,0.543029,2.248816,0.260777,-0.414175,0.846757,-0.917819,0.555209,2.221556,0.247657,-0.407002,0.856982,-0.917800,0.555200,2.221600,0.247700,-0.407000,0.857000,,,,,,,0
278,1787907288.9384,1787907288.9522,0.06676,-0.892777,0.547631,2.238078,0.251573,-0.411107,0.852893,-0.921567,0.551844,2.222215,0.245535,-0.402920,0.854250,-0.921600,0.551800,2.222200,0.245500,-0.402900,0.854200,,,,,,,0
279,1787907288.9776,1787907288.9919,0.03912,-0.900447,0.552233,2.230408,0.245437,-0.408039,0.854427,-0.920925,0.552943,2.224016,0.242865,-0.406477,0.843405,-0.920900,0.552900,2.224000,0.242900,-0.406500,0.843400,,,,,,,0
280,1787907289.0349,1787907289.0492,0.05738,-0.914253,0.553767,2.227340,0.246971,-0.406505,0.854427,-0.922418,0.551936,2.219546,0.241652,-0.400539,0.835103,-0.922400,0.551900,2.219500,0.241700,-0.400500,0.835100,,,,,,,0
281,1787907289.0904,1787907289.105,0.05544,-0.915787,0.553767,2.228874,0.245437,-0.406505,0.848291,-0.925709,0.551810,2.219373,0.240131,-0.405402,0.827295,-0.925700,0.551800,2.219400,0.240100,-0.405400,0.827300,,,,,,,0
282,1787907289.1295,1787907289.1441,0.03915,-0.914253,0.553767,2.228874,0.240835,-0.406505,0.842155,-0.926171,0.546132,2.213892,0.240179,-0.403506,0.815404,-0.926200,0.546100,2.213900,0.240200,-0.403500,0.815400,,,,,,,0
283,1787907289.1875,1787907289.2011,0.05801,-0.915787,0.553767,2.227340,0.243903,-0.403437,0.832952,-0.928215,0.548515,2.212435,0.240017,-0.397302,0.799454,-0.928200,0.548500,2.212400,0.240000,-0.397300,0.799500,,,,,,,0
284,1787907289.2428,1787907289.2579,0.05528,-0.918854,0.553767,2.224272,0.242369,-0.403437,0.820680,-0.928259,0.552549,2.216774,0.238683,-0.392392,0.770494,-0.928300,0.552500,2.216800,0.238700,-0.392400,0.770500,,,,,,,0
285,1787907289.2822,1787907289.296,0.03937,-0.918854,0.553767,2.219670,0.240835,-0.403437,0.809942,-0.930191,0.540188,2.211376,0.238784,-0.386077,0.697264,-0.930200,0.540200,2.211400,0.238800,-0.386100,0.697300,,,,,,,0
286,1787907289.3392,1787907289.3531,0.05699,-0.918854,0.553767,2.219670,0.237767,-0.397301,0.788466,-0.926774,0.533324,2.204393,0.234389,-0.389547,0.602444,-0.926800,0.533300,2.204400,0.234400,-0.389500,0.602400,,,,,,,0
287,1787907289.396,1787907289.41,0.05687,-0.918854,0.553767,2.221204,0.242369,-0.389631,0.711767,-0.926233,0.536638,2.203303,0.240483,-0.379957,0.503587,-0.926200,0.536600,2.203300,0.240500,-0.380000,0.503600,,,,,,,0
288,1787907289.4348,1787907289.4511,0.03875,-0.918854,0.552233,2.219670,0.240835,-0.388097,0.684155,-0.922725,0.525617,2.189670,0.241430,-0.378948,0.378988,-0.922700,0.525600,2.189700,0.241400,-0.378900,0.379000,,,,,,,0
289,1787907289.4911,1787907289.505,0.05634,-0.918854,0.550699,2.210466,0.234699,-0.388097,0.558369,-0.920996,0.530914,2.189195,0.240456,-0.371905,0.315431,-0.921000,0.530900,2.189200,0.240500,-0.371900,0.315400,,,,,,,0
290,1787907289.5302,1787907289.545,0.03912,-0.918854,0.550699,2.208932,0.234699,-0.383495,0.470932,-0.919166,0.533349,2.189449,0.245387,-0.377171,0.274245,-0.919200,0.533300,2.189400,0.245400,-0.377200,0.274200,,,,,,,0
291,1787907289.587,1787907289.601,0.05677,-0.918854,0.546097,2.199728,0.243903,-0.380427,0.339010,-0.915645,0.529060,2.184777,0.243621,-0.377237,0.235472,-0.915600,0.529100,2.184800,0.243600,-0.377200,0.235500,,,,,,,0
292,1787907289.6481,1787907289.663,0.06114,-0.918854,0.543029,2.195127,0.239301,-0.375825,0.274583,-0.913932,0.536807,2.185041,0.242125,-0.376462,0.155805,-0.913900,0.536800,2.185000,0.242100,-0.376500,0.155800,,,,,,,1
293,1787907289.6819,1787907289.697,0.03377,-0.918854,0.544563,2.195127,0.243903,-0.375825,0.265379,-0.915980,0.543074,2.189273,0.240143,-0.381295,0.100427,-0.916000,0.543100,2.189300,0.240100,-0.381300,0.100400,,,,,,,1
294,1787907289.7429,1787907289.7569,0.06095,-0.918854,0.544563,2.195127,0.243903,-0.375825,0.217825,-0.916342,0.543903,2.189073,0.242705,-0.380925,0.061957,-0.916300,0.543900,2.189100,0.242700,-0.380900,0.062000,,,,,,,0
295,1787907289.7984,1787907289.813,0.0555,-0.918854,0.543029,2.193593,0.243903,-0.375825,0.162602,-0.945651,0.547016,2.197045,0.230727,-0.417023,0.002889,-0.945700,0.547000,2.197000,0.230700,-0.417000,0.002900,,,,,,,0
296,1787907289.8373,1787907289.8511,0.03897,-0.918854,0.543029,2.193593,0.243903,-0.375825,0.161068,-0.948842,0.546455,2.196422,0.230924,-0.427816,-0.006556,-0.948800,0.546500,2.196400,0.230900,-0.427800,-0.006600,,,,,,,0
297,1787907289.8958,1787907289.9101,0.05852,-0.918854,0.543029,2.193593,0.243903,-0.375825,0.153398,-0.951009,0.553262,2.196726,0.231187,-0.426674,-0.012955,-0.951000,0.553300,2.196700,0.231200,-0.426700,-0.013000,,,,,,,0
298,1787907289.9623,1787907289.9761,0.06642,-0.928058,0.543029,2.195127,0.236233,-0.398835,0.153398,-0.956636,0.555935,2.193668,0.231932,-0.431068,-0.023148,-0.956600,0.555900,2.193700,0.231900,-0.431100,-0.023100,,,,,,,0
299,1787907290.0008,1787907290.0151,0.03856,-0.935728,0.544563,2.195127,0.234699,-0.412641,0.142660,-0.960251,0.558128,2.189515,0.227312,-0.428760,-0.018278,-0.960300,0.558100,2.189500,0.227300,-0.428800,-0.018300,,,,,,,0
300,1787907290.0573,1787907290.0711,0.0565,-0.940330,0.549165,2.193593,0.234699,-0.420311,0.139592,-0.958738,0.547255,2.187579,0.224950,-0.435892,-0.020752,-0.958700,0.547300,2.187600,0.225000,-0.435900,-0.020800,,,,,,,0
301,1787907290.095,1787907290.1101,0.03768,-0.943398,0.550699,2.193593,0.234699,-0.423379,0.139592,-0.959013,0.541137,2.186227,0.220769,-0.438444,-0.020276,-0.959000,0.541100,2.186200,0.220800,-0.438400,-0.020300,,,,,,,0
302,1787907290.1468,1787907290.16,0.05183,-0.946466,0.550699,2.193593,0.234699,-0.423379,0.139592,-0.958666,0.531688,2.186056,0.223031,-0.440003,-0.026997,-0.958700,0.531700,2.186100,0.223000,-0.440000,-0.027000,,,,,,,0
303,1787907290.2133,1787907290.227,0.06651,-0.946466,0.550699,2.193593,0.227029,-0.431049,0.139592,-0.959987,0.525891,2.187621,0.223569,-0.440648,-0.033118,-0.960000,0.525900,2.187600,0.223600,-0.440600,-0.033100,,,,,,,0
304,1787907290.252,1787907290.2672,0.03864,-0.946466,0.546097,2.193593,0.227029,-0.432583,0.139592,-0.962772,0.516776,2.191671,0.225068,-0.444331,-0.036473,-0.962800,0.516800,2.191700,0.225100,-0.444300,-0.036500,,,,,,,0
305,1787907290.3082,1787907290.3238,0.05626,-0.946466,0.541495,2.193593,0.227029,-0.432583,0.139592,-0.963958,0.504817,2.190456,0.222089,-0.435588,-0.034039,-0.964000,0.504800,2.190500,0.222100,-0.435600,-0.034000,,,,,,,0
306,1787907290.346,1787907290.3611,0.03774,-0.946466,0.538427,2.193593,0.227029,-0.432583,0.134990,-0.966287,0.486365,2.200551,0.222078,-0.440692,-0.044209,-0.966300,0.486400,2.200600,0.222100,-0.440700,-0.044200,,,,,,,0
307,1787907290.3978,1787907290.4131,0.05186,-0.948000,0.529223,2.195127,0.227029,-0.437185,0.119651,-0.961677,0.451696,2.202950,0.217644,-0.443734,-0.049136,-0.961700,0.451700,2.202900,0.217600,-0.443700,-0.049100,,,,,,,0
308,1787907290.4644,1787907290.4791,0.06651,-0.955670,0.510816,2.195127,0.227029,-0.437185,0.026078,-0.958239,0.408862,2.214252,0.219391,-0.444763,-0.043242,-0.958200,0.408900,2.214300,0.219400,-0.444800,-0.043200,,,,,,,0
309,1787907290.5011,1787907290.5152,0.03674,-0.957204,0.495476,2.199728,0.223961,-0.437185,-0.023010,-0.950400,0.364354,2.227041,0.212790,-0.447216,-0.044660,-0.950400,0.364400,2.227000,0.212800,-0.447200,-0.044700,,,,,,,0
310,1787907290.5527,1787907290.5662,0.05164,-0.957204,0.478602,2.202796,0.220893,-0.437185,-0.033748,-0.942805,0.325919,2.225352,0.214644,-0.449258,-0.047071,-0.942800,0.325900,2.225400,0.214600,-0.449300,-0.047100,,,,,,,0
311,1787907290.6193,1787907290.6331,0.06656,-0.955670,0.441786,2.218136,0.214757,-0.441786,-0.038350,-0.897378,0.245555,2.228483,0.204538,-0.457241,-0.044539,-0.897400,0.245600,2.228500,0.204500,-0.457200,-0.044500,,,,,,,1
312,1787907290.6581,1787907290.6722,0.03879,-0.955670,0.412641,2.227340,0.216291,-0.443320,-0.042951,-0.855742,0.201947,2.222970,0.206864,-0.452544,-0.046176,-0.855700,0.201900,2.223000,0.206900,-0.452500,-0.046200,,,,,,,1
313,1787907290.715,1787907290.7302,0.05689,-0.944932,0.365087,2.224272,0.211689,-0.443320,-0.044485,-0.824357,0.177629,2.225945,0.199337,-0.454620,-0.051173,-0.824400,0.177600,2.225900,0.199300,-0.454600,-0.051200,,,,,,,0
314,1787907290.7702,1787907290.7852,0.05525,-0.928058,0.309864,2.228874,0.210155,-0.449456,-0.044485,-0.932850,0.327941,2.212439,0.221488,-0.451172,-0.032455,-0.932900,0.327900,2.212400,0.221500,-0.451200,-0.032500,,,,,,,0
315,1787907290.809,1787907290.8238,0.0388,-0.906583,0.273049,2.228874,0.210155,-0.449456,-0.044485,-0.926390,0.307626,2.215033,0.223646,-0.457266,-0.037221,-0.926400,0.307600,2.215000,0.223600,-0.457300,-0.037200,,,,,,,0
316,1787907290.8653,1787907290.8792,0.05629,-0.852893,0.217825,2.228874,0.202485,-0.449456,-0.044485,-0.912081,0.273275,2.218468,0.220978,-0.458211,-0.038189,-0.912100,0.273300,2.218500,0.221000,-0.458200,-0.038200,,,,,,,0
317,1787907290.9041,1787907290.9182,0.03883,-0.832952,0.199418,2.228874,0.207087,-0.449456,-0.039884,-0.895371,0.244743,2.217542,0.218179,-0.454512,-0.039801,-0.895400,0.244700,2.217500,0.218200,-0.454500,-0.039800,,,,,,,0
318,1787907290.9664,1787907290.9802,0.06227,-0.826816,0.190214,2.224272,0.217825,-0.450990,-0.039884,-0.871017,0.216623,2.217523,0.217042,-0.452096,-0.044447,-0.871000,0.216600,2.217500,0.217000,-0.452100,-0.044400,,,,,,,0
319,1787907291.0314,1787907291.0461,0.06499,-0.849825,0.214757,2.224272,0.217825,-0.452524,-0.039884,-0.843632,0.185896,2.215761,0.217068,-0.445404,-0.048184,-0.843600,0.185900,2.215800,0.217100,-0.445400,-0.048200,,,,,,,0
320,1787907291.068,1787907291.0821,0.03664,-0.869767,0.234699,2.224272,0.217825,-0.452524,-0.039884,-0.795970,0.154634,2.216741,0.214052,-0.439067,-0.049671,-0.796000,0.154600,2.216700,0.214100,-0.439100,-0.049700,,,,,,,0
321,1787907291.1198,1787907291.1351,0.05177,-0.891243,0.245437,2.224272,0.217825,-0.452524,-0.039884,-0.746689,0.133326,2.210518,0.211108,-0.422813,-0.052916,-0.746700,0.133300,2.210500,0.211100,-0.422800,-0.052900,,,,,,,0
322,1787907291.1862,1787907291.201,0.06635,-0.875903,0.230097,2.224272,0.217825,-0.443320,-0.039884,-0.679387,0.109186,2.206989,0.213035,-0.386377,-0.056152,-0.679400,0.109200,2.207000,0.213000,-0.386400,-0.056200,,,,,,,0
323,1787907291.225,1787907291.239,0.03883,-0.852893,0.208621,2.224272,0.217825,-0.440252,-0.047553,-0.621871,0.085730,2.198348,0.214782,-0.336391,-0.058539,-0.621900,0.085700,2.198300,0.214800,-0.336400,-0.058500,,,,,,,0
324,1787907291.2819,1787907291.2962,0.05693,-0.797670,0.161068,2.221204,0.216291,-0.423379,-0.052155,-0.565223,0.073641,2.190600,0.211913,-0.271407,-0.059482,-0.565200,0.073600,2.190600,0.211900,-0.271400,-0.059500,,,,,,,0
325,1787907291.3374,1787907291.353,0.05547,-0.731709,0.125786,2.216602,0.216291,-0.394233,-0.052155,-0.500979,0.050458,2.172914,0.209059,-0.186177,-0.058135,-0.501000,0.050500,2.172900,0.209100,-0.186200,-0.058100,,,,,,,0
326,1787907291.3765,1787907291.3898,0.03914,-0.691825,0.107379,2.212000,0.216291,-0.368155,-0.052155,-0.436130,0.028880,2.158533,0.210410,-0.077739,-0.061733,-0.436100,0.028900,2.158500,0.210400,-0.077700,-0.061700,,,,,,,0
327,1787907291.4359,1787907291.4501,0.05936,-0.624330,0.084369,2.204330,0.216291,-0.311398,-0.052155,-0.368826,0.014989,2.134524,0.208945,0.054533,-0.063419,-0.368800,0.015000,2.134500,0.208900,0.054500,-0.063400,,,,,,,0
328,1787907291.4914,1787907291.5061,0.05554,-0.558369,0.064427,2.187457,0.214757,-0.245437,-0.052155,-0.306827,0.001158,2.116517,0.210643,0.186212,-0.061775,-0.306800,0.001200,2.116500,0.210600,0.186200,-0.061800,,,,,,,0
329,1787907291.5312,1787907291.547,0.03974,-0.516952,0.047553,2.175185,0.214757,-0.194816,-0.053689,-0.259888,0.000024,2.096866,0.211773,0.313486,-0.062784,-0.259900,0.000000,2.096900,0.211800,0.313500,-0.062800,,,,,,,0
330,1787907291.5887,1787907291.603,0.05755,-0.441786,0.023010,2.152175,0.214757,-0.096641,-0.053689,-0.175674,-0.002297,2.047696,0.210921,0.585439,-0.065302,-0.175700,-0.002300,2.047700,0.210900,0.585400,-0.065300,,,,,,,1
331,1787907291.6439,1787907291.6569,0.05516,-0.372757,0.013806,2.130699,0.214757,0.007670,-0.053689,-0.147570,0.002497,2.023263,0.211715,0.709434,-0.064146,-0.147600,0.002500,2.023300,0.211700,0.709400,-0.064100,,,,,,,1
332,1787907291.6835,1787907291.6971,0.03962,-0.332874,0.010738,2.116893,0.214757,0.081301,-0.056757,-0.128036,0.011396,2.002620,0.210887,0.819155,-0.060599,-0.128000,0.011400,2.002600,0.210900,0.819200,-0.060600,,,,,,,0
333,1787907291.7401,1787907291.754,0.05661,-0.259243,0.009204,2.086214,0.214757,0.216291,-0.061359,-0.459988,0.179334,2.151833,0.207561,0.043318,0.326504,-0.460000,0.179300,2.151800,0.207600,0.043300,0.326500,,,,,,,0
334,1787907291.7959,1787907291.81,0.05576,-0.196350,0.010738,2.047864,0.214757,0.360485,-0.061359,-0.583781,0.234133,2.176811,0.213432,-0.178129,0.515758,-0.583800,0.234100,2.176800,0.213400,-0.178100,0.515800,,,,,,,0
335,1787907291.8354,1787907291.8491,0.03952,-0.165670,0.012272,2.027923,0.214757,0.450990,-0.056757,-0.656612,0.272364,2.191193,0.215124,-0.284423,0.622551,-0.656600,0.272400,2.191200,0.215100,-0.284400,0.622600,,,,,,,0
336,1787907291.8919,1787907291.906,0.05647,-0.134990,0.030680,2.018719,0.211689,0.581379,0.153398,-0.693464,0.296820,2.199189,0.223174,-0.342389,0.666080,-0.693500,0.296800,2.199200,0.223200,-0.342400,0.666100,,,,,,,0
337,1787907291.9312,1787907291.946,0.03938,-0.131922,0.053689,2.024855,0.211689,0.644272,0.375825,-0.716475,0.310146,2.202333,0.224390,-0.376360,0.672060,-0.716500,0.310100,2.202300,0.224400,-0.376400,0.672100,,,,,,,0
338,1787907291.9933,1787907292.008,0.06205,-0.147262,0.121184,2.066272,0.211689,0.731709,0.621262,-0.731888,0.312510,2.206755,0.224086,-0.375689,0.675556,-0.731900,0.312500,2.206800,0.224100,-0.375700,0.675600,,,,,,,0
339,1787907292.0572,1787907292.072,0.06393,-0.200951,0.213223,2.139903,0.220893,0.791534,0.674952,-0.744282,0.322499,2.205811,0.220686,-0.368069,0.662350,-0.744300,0.322500,2.205800,0.220700,-0.368100,0.662300,,,,,,,0
340,1787907292.0945,1787907292.109,0.03724,-0.245437,0.256175,2.175185,0.220893,0.811476,0.674952,-0.751649,0.326871,2.210022,0.216810,-0.368569,0.653300,-0.751600,0.326900,2.210000,0.216800,-0.368600,0.653300,,,,,,,0
341,1787907292.1457,1787907292.1589,0.05127,-0.331340,0.294524,2.201262,0.220893,0.819146,0.674952,-0.754787,0.329503,2.200610,0.214127,-0.361931,0.641512,-0.754800,0.329500,2.200600,0.214100,-0.361900,0.641500,,,,,,,0
342,1787907292.2123,1787907292.2258,0.06661,-0.463262,0.325204,2.208932,0.220893,0.797670,0.656544,-0.757901,0.332531,2.206300,0.216600,-0.357081,0.634180,-0.757900,0.332500,2.206300,0.216600,-0.357100,0.634200,,,,,,,0
343,1787907292.2511,1787907292.266,0.03877,-0.533825,0.328272,2.208932,0.219359,0.768524,0.648874,-0.762546,0.341072,2.201434,0.217933,-0.365388,0.634985,-0.762500,0.341100,2.201400,0.217900,-0.365400,0.635000,,,,,,,0
344,1787907292.3072,1787907292.3228,0.05612,-0.636602,0.326738,2.207398,0.219359,0.699495,0.639670,-0.770986,0.346488,2.197054,0.218582,-0.370271,0.632534,-0.771000,0.346500,2.197100,0.218600,-0.370300,0.632500,,,,,,,0
345,1787907292.3456,1787907292.3588,0.03835,-0.676486,0.332874,2.207398,0.216291,0.641204,0.638136,-0.775131,0.351556,2.198108,0.221060,-0.381815,0.634241,-0.775100,0.351600,2.198100,0.221100,-0.381800,0.634200,,,,,,,0
346,1787907292.3967,1787907292.4101,0.05113,-0.720971,0.342078,2.207398,0.220893,0.546097,0.638136,-0.778490,0.356982,2.198633,0.219788,-0.398794,0.631746,-0.778500,0.357000,2.198600,0.219800,-0.398800,0.631700,,,,,,,0
347,1787907292.4631,1787907292.4781,0.06641,-0.762388,0.349748,2.207398,0.220893,0.389631,0.638136,-0.782545,0.362411,2.195834,0.220760,-0.427222,0.630846,-0.782500,0.362400,2.195800,0.220800,-0.427200,0.630800,,,,,,,0
348,1787907292.5024,1787907292.5161,0.03928,-0.770058,0.354350,2.207398,0.220893,0.291456,0.638136,-0.788165,0.371898,2.198678,0.222431,-0.442048,0.630925,-0.788200,0.371900,2.198700,0.222400,-0.442000,0.630900,,,,,,,0
349,1787907292.5593,1787907292.5741,0.0569,-0.773126,0.355884,2.207398,0.220893,0.111981,0.638136,-0.796513,0.371900,2.206211,0.223077,-0.468203,0.639510,-0.796500,0.371900,2.206200,0.223100,-0.468200,0.639500,,,,,,,1
350,1787907292.6262,1787907292.6401,0.06689,-0.777728,0.369689,2.204330,0.220893,-0.059825,0.638136,-0.803871,0.376004,2.208863,0.221170,-0.469269,0.638683,-0.803900,0.376000,2.208900,0.221200,-0.469300,0.638700,,,,,,,1
351,1787907292.6648,1787907292.6782,0.03862,-0.780796,0.372757,2.205864,0.220893,-0.144194,0.638136,-0.808318,0.380950,2.207520,0.221171,-0.461123,0.639977,-0.808300,0.380900,2.207500,0.221200,-0.461100,0.640000,,,,,,,0
352,1787907292.7212,1787907292.7352,0.05637,-0.788466,0.371223,2.207398,0.220893,-0.265379,0.638136,-0.829611,0.292814,2.292005,0.255532,-0.057173,0.721713,-0.829600,0.292800,2.292000,0.255500,-0.057200,0.721700,,,,,,,0
353,1787907292.7768,1787907292.7899,0.05562,-0.797670,0.377359,2.207398,0.220893,-0.351282,0.638136,-0.828947,0.291951,2.307171,0.256133,0.030304,0.723845,-0.828900,0.292000,2.307200,0.256100,0.030300,0.723800,,,,,,,0
354,1787907292.816,1787907292.8311,0.03918,-0.800738,0.381961,2.208932,0.220893,-0.394233,0.644272,-0.830597,0.292897,2.317790,0.254290,0.052486,0.727167,-0.830600,0.292900,2.317800,0.254300,0.052500,0.727200,,,,,,,0
355,1787907292.8768,1787907292.8909,0.06085,-0.813010,0.371223,2.225806,0.231631,-0.441786,0.725573,-0.838834,0.293100,2.328585,0.250616,0.060431,0.734901,-0.838800,0.293100,2.328600,0.250600,0.060400,0.734900,,,,,,,0
356,1787907292.9127,1787907292.9259,0.03586,-0.819146,0.349748,2.253418,0.246971,-0.457126,0.725573,-0.844866,0.289124,2.333248,0.250976,0.047119,0.741125,-0.844900,0.289100,2.333200,0.251000,0.047100,0.741100,,,,,,,0
357,1787907292.9637,1787907292.9771,0.05099,-0.822214,0.316000,2.296369,0.256175,-0.461728,0.725573,-0.852201,0.292247,2.342669,0.247903,0.016089,0.752428,-0.852200,0.292200,2.342700,0.247900,0.016100,0.752400,,,,,,,0
358,1787907293.0303,1787907293.0452,0.06664,-0.829884,0.300660,2.328583,0.253107,-0.431049,0.737845,-0.857849,0.290643,2.347689,0.245217,-0.007418,0.758657,-0.857800,0.290600,2.347700,0.245200,-0.007400,0.758700,,,,,,,0
359,1787907293.0689,1787907293.0841,0.03861,-0.837554,0.300660,2.336253,0.254641,-0.400369,0.743981,-0.864240,0.296268,2.348955,0.238192,-0.035683,0.765731,-0.864200,0.296300,2.349000,0.238200,-0.035700,0.765700,,,,,,,0
360,1787907293.1268,1787907293.1411,0.05786,-0.845223,0.300660,2.340855,0.245437,-0.322136,0.753185,-0.864723,0.295602,2.349563,0.232587,-0.057077,0.767677,-0.864700,0.295600,2.349600,0.232600,-0.057100,0.767700,,,,,,,0
361,1787907293.1934,1787907293.2072,0.06665,-0.852893,0.300660,2.348525,0.243903,-0.211689,0.760854,-0.868582,0.297414,2.357066,0.224911,-0.076212,0.767087,-0.868600,0.297400,2.357100,0.224900,-0.076200,0.767100,,,,,,,0
362,1787907293.2323,1787907293.2472,0.03887,-0.855961,0.302194,2.348525,0.234699,-0.159534,0.760854,-0.867888,0.296580,2.355782,0.224044,-0.098751,0.763799,-0.867900,0.296600,2.355800,0.224000,-0.098800,0.763800,,,,,,,0
363,1787907293.2897,1787907293.3032,0.05738,-0.857495,0.300660,2.353127,0.237767,-0.090505,0.760854,-0.867487,0.297376,2.353832,0.217396,-0.112755,0.762745,-0.867500,0.297400,2.353800,0.217400,-0.112800,0.762700,,,,,,,0
364,1787907293.356,1787907293.3722,0.06637,-0.860563,0.302194,2.356194,0.223961,-0.047553,0.760854,-0.867119,0.294753,2.356900,0.217060,-0.127237,0.763932,-0.867100,0.294800,2.356900,0.217100,-0.127200,0.763900,,,,,,,0
365,1787907293.412,1787907293.427,0.056,-0.860563,0.300660,2.356194,0.223961,-0.039884,0.760854,-0.864975,0.296794,2.361990,0.211080,-0.132881,0.761799,-0.865000,0.296800,2.362000,0.211100,-0.132900,0.761800,,,,,,,0
366,1787907293.4511,1787907293.4662,0.0391,-0.860563,0.302194,2.357728,0.222427,-0.044485,0.760854,-0.867451,0.297324,2.362658,0.201512,-0.138911,0.760581,-0.867500,0.297300,2.362700,0.201500,-0.138900,0.760600,,,,,,,0
367,1787907293.5098,1787907293.5259,0.05868,-0.860563,0.300660,2.357728,0.217825,-0.087437,0.760854,-0.870276,0.302119,2.365291,0.191599,-0.135763,0.761860,-0.870300,0.302100,2.365300,0.191600,-0.135800,0.761900,,,,,,,0
368,1787907293.5765,1787907293.5898,0.06669,-0.860563,0.302194,2.363864,0.205553,-0.124252,0.760854,-0.876731,0.318852,2.361880,0.174664,-0.161592,0.766014,-0.876700,0.318900,2.361900,0.174700,-0.161600,0.766000,,,,,,,1
369,1787907293.615,1787907293.629,0.03849,-0.860563,0.302194,2.362330,0.200951,-0.130388,0.760854,-0.882142,0.330356,2.361842,0.167789,-0.172109,0.764375,-0.882100,0.330400,2.361800,0.167800,-0.172100,0.764400,,,,,,,1
370,1787907293.6717,1787907293.6849,0.05667,-0.860563,0.303728,2.362330,0.191748,-0.131922,0.760854,-0.887712,0.339173,2.360019,0.155950,-0.185241,0.762551,-0.887700,0.339200,2.360000,0.155900,-0.185200,0.762600,,,,,,,0
371,1787907293.709,1787907293.7239,0.03732,-0.866699,0.312932,2.362330,0.182544,-0.141126,0.760854,-0.879761,0.430323,2.245592,0.211391,-0.270332,0.828145,-0.879800,0.430300,2.245600,0.211400,-0.270300,0.828100,,,,,,,0
372,1787907293.7607,1787907293.776,0.05166,-0.872835,0.328272,2.362330,0.168738,-0.161068,0.760854,-0.884623,0.443284,2.235501,0.212668,-0.281314,0.830821,-0.884600,0.443300,2.235500,0.212700,-0.281300,0.830800,,,,,,,0
373,1787907293.8273,1787907293.8411,0.06663,-0.875903,0.343612,2.359262,0.165670,-0.187146,0.823748,-0.887729,0.456980,2.232718,0.205667,-0.299830,0.835046,-0.887700,0.457000,2.232700,0.205700,-0.299800,0.835000,,,,,,,0
374,1787907293.8649,1787907293.8791,0.03759,-0.875903,0.369689,2.340855,0.171806,-0.214757,0.829884,-0.891354,0.467196,2.234348,0.198094,-0.316928,0.835051,-0.891400,0.467200,2.234300,0.198100,-0.316900,0.835100,,,,,,,0
375,1787907293.9157,1787907293.931,0.05086,-0.878971,0.414175,2.297903,0.199418,-0.253107,0.829884,-0.891014,0.470361,2.234508,0.196878,-0.331241,0.832250,-0.891000,0.470400,2.234500,0.196900,-0.331200,0.832200,,,,,,,0
376,1787907293.9824,1787907293.996,0.06663,-0.880505,0.454058,2.251884,0.200951,-0.292990,0.829884,-0.893030,0.472475,2.232392,0.192477,-0.346142,0.827794,-0.893000,0.472500,2.232400,0.192500,-0.346100,0.827800,,,,,,,0
377,1787907294.019,1787907294.035,0.03663,-0.882039,0.467864,2.241146,0.196350,-0.308330,0.829884,-0.894911,0.481659,2.238485,0.192554,-0.358201,0.825669,-0.894900,0.481700,2.238500,0.192600,-0.358200,0.825700,,,,,,,0
378,1787907294.0708,1787907294.085,0.05176,-0.882039,0.470932,2.239612,0.200951,-0.323670,0.829884,-0.894409,0.482970,2.240558,0.188429,-0.364870,0.823148,-0.894400,0.483000,2.240600,0.188400,-0.364900,0.823100,,,,,,,0
379,1787907294.1374,1787907294.1521,0.06659,-0.885107,0.475534,2.238078,0.188680,-0.342078,0.829884,-0.893657,0.492692,2.244745,0.190239,-0.363883,0.821787,-0.893700,0.492700,2.244700,0.190200,-0.363900,0.821800,,,,,,,0
380,1787907294.1741,1787907294.1899,0.03677,-0.885107,0.483204,2.239612,0.188680,-0.352816,0.829884,-0.897339,0.498012,2.246528,0.185982,-0.365279,0.822168,-0.897300,0.498000,2.246500,0.186000,-0.365300,0.822200,,,,,,,0
381,1787907294.2256,1787907294.2411,0.05147,-0.885107,0.483204,2.242680,0.194816,-0.357418,0.829884,-0.898255,0.506251,2.252766,0.186353,-0.367458,0.823504,-0.898300,0.506300,2.252800,0.186400,-0.367500,0.823500,,,,,,,0
382,1787907294.2921,1787907294.308,0.06649,-0.886641,0.495476,2.236544,0.185612,-0.360485,0.829884,-0.901040,0.510460,2.252937,0.182709,-0.368976,0.825357,-0.901000,0.510500,2.252900,0.182700,-0.369000,0.825400,,,,,,,0
383,1787907294.3474,1787907294.3621,0.05528,-0.889709,0.501612,2.253418,0.193282,-0.362019,0.828350,-0.903233,0.517334,2.257360,0.184785,-0.372392,0.824742,-0.903200,0.517300,2.257400,0.184800,-0.372400,0.824700,,,,,,,0
384,1787907294.3863,1787907294.401,0.03898,-0.891243,0.504680,2.251884,0.188680,-0.363553,0.828350,-0.906659,0.516394,2.259536,0.180514,-0.379860,0.825308,-0.906700,0.516400,2.259500,0.180500,-0.379900,0.825300,,,,,,,0
385,1787907294.4477,1787907294.4611,0.0614,-0.891243,0.512350,2.241146,0.177942,-0.363553,0.828350,-0.908299,0.517714,2.259680,0.176615,-0.381943,0.824513,-0.908300,0.517700,2.259700,0.176600,-0.381900,0.824500,,,,,,,0
386,1787907294.4821,1787907294.4961,0.03435,-0.892777,0.515418,2.262622,0.177942,-0.366621,0.828350,-0.910892,0.520396,2.263647,0.175535,-0.385743,0.823290,-0.910900,0.520400,2.263600,0.175500,-0.385700,0.823300,,,,,,,0
387,1787907294.5339,1787907294.5471,0.05176,-0.897379,0.516952,2.271826,0.187146,-0.374291,0.828350,-0.918351,0.517396,2.263936,0.172089,-0.390025,0.820895,-0.918400,0.517400,2.263900,0.172100,-0.390000,0.820900,,,,,,,1
388,1787907294.6002,1787907294.615,0.06635,-0.901981,0.518486,2.254952,0.171806,-0.378893,0.828350,-0.918025,0.520017,2.269151,0.169693,-0.390624,0.816334,-0.918000,0.520000,2.269200,0.169700,-0.390600,0.816300,,,,,,,1
389,1787907294.6392,1787907294.6541,0.03897,-0.903515,0.518486,2.264156,0.171806,-0.380427,0.828350,-0.920845,0.517915,2.268221,0.174012,-0.383752,0.809010,-0.920800,0.517900,2.268200,0.174000,-0.383800,0.809000,,,,,,,0
390,1787907294.6961,1787907294.7111,0.05692,-0.909651,0.521553,2.277961,0.177942,-0.385029,0.823748,-0.948927,0.540383,2.218725,0.179305,-0.370892,0.806909,-0.948900,0.540400,2.218700,0.179300,-0.370900,0.806900,,,,,,,0
391,1787907294.7634,1787907294.7772,0.06726,-0.911185,0.521553,2.261088,0.168738,-0.386563,0.811476,-0.955141,0.544037,2.219278,0.176675,-0.372939,0.804133,-0.955100,0.544000,2.219300,0.176700,-0.372900,0.804100,,,,,,,0
392,1787907294.7999,1787907294.8149,0.03658,-0.912719,0.521553,2.265690,0.168738,-0.386563,0.809942,-0.952803,0.540818,2.220583,0.180080,-0.373061,0.770474,-0.952800,0.540800,2.220600,0.180100,-0.373100,0.770500,,,,,,,0
393,1787907294.8518,1787907294.8662,0.05187,-0.924990,0.533825,2.268758,0.185612,-0.375825,0.809942,-0.956547,0.542594,2.218107,0.182272,-0.372008,0.722017,-0.956500,0.542600,2.218100,0.182300,-0.372000,0.722000,,,,,,,0
394,1787907294.9184,1787907294.9322,0.06654,-0.944932,0.544563,2.216602,0.174874,-0.374291,0.771592,-0.957984,0.540949,2.217819,0.182212,-0.377436,0.641153,-0.958000,0.540900,2.217800,0.182200,-0.377400,0.641200,,,,,,,0
395,1787907294.9568,1787907294.9711,0.03847,-0.948000,0.543029,2.216602,0.173340,-0.374291,0.759320,-0.952859,0.531200,2.214054,0.174400,-0.384930,0.477857,-0.952900,0.531200,2.214100,0.174400,-0.384900,0.477900,,,,,,,0
396,1787907295.0137,1787907295.0282,0.05685,-0.948000,0.544563,2.233476,0.188680,-0.374291,0.705631,-0.950113,0.529001,2.216618,0.177638,-0.379120,0.369244,-0.950100,0.529000,2.216600,0.177600,-0.379100,0.369200,,,,,,,0
397,1787907295.0689,1787907295.0832,0.05527,-0.949534,0.544563,2.222738,0.171806,-0.374291,0.535359,-0.945768,0.521551,2.217083,0.181805,-0.353120,0.274873,-0.945800,0.521600,2.217100,0.181800,-0.353100,0.274900,,,,,,,0
398,1787907295.1087,1787907295.1219,0.03976,-0.949534,0.539961,2.218136,0.171806,-0.375825,0.446388,-0.948561,0.535635,2.222304,0.182800,-0.346998,0.176745,-0.948600,0.535600,2.222300,0.182800,-0.347000,0.176700,,,,,,,0
399,1787907295.1672,1787907295.1809,0.05846,-0.949534,0.541495,2.221204,0.181010,-0.375825,0.328272,-0.950807,0.539600,2.223979,0.184000,-0.342505,0.140781,-0.950800,0.539600,2.224000,0.184000,-0.342500,0.140800,,,,,,,0
400,1787907295.2223,1787907295.2372,0.05514,-0.949534,0.539961,2.221204,0.179476,-0.360485,0.193282,-0.953386,0.539828,2.226119,0.185308,-0.348875,0.110729,-0.953400,0.539800,2.226100,0.185300,-0.348900,0.110700,,,,,,,0
401,1787907295.2614,1787907295.2771,0.03916,-0.949534,0.539961,2.221204,0.173340,-0.348214,0.161068,-0.950964,0.537182,2.223981,0.188664,-0.356966,0.070110,-0.951000,0.537200,2.224000,0.188700,-0.357000,0.070100,,,,,,,0
402,1787907295.3201,1787907295.335,0.05863,-0.949534,0.541495,2.219670,0.177942,-0.345146,0.151864,-0.955008,0.540824,2.223794,0.187021,-0.358575,0.027729,-0.955000,0.540800,2.223800,0.187000,-0.358600,0.027700,,,,,,,0
403,1787907295.3755,1787907295.3899,0.05546,-0.949534,0.541495,2.219670,0.181010,-0.345146,0.138058,-0.957102,0.540531,2.225581,0.182455,-0.358109,-0.008298,-0.957100,0.540500,2.225600,0.182500,-0.358100,-0.008300,,,,,,,0
404,1787907295.4148,1787907295.4302,0.03924,-0.949534,0.541495,2.219670,0.182544,-0.351282,0.133456,-0.955740,0.537164,2.223406,0.183906,-0.368863,-0.032786,-0.955700,0.537200,2.223400,0.183900,-0.368900,-0.032800,,,,,,,0
405,1787907295.4713,1787907295.4872,0.05653,-0.949534,0.541495,2.218136,0.182544,-0.352816,0.125786,-0.954521,0.543880,2.221585,0.188541,-0.368659,-0.031375,-0.954500,0.543900,2.221600,0.188500,-0.368700,-0.031400,,,,,,,0
406,1787907295.5099,1787907295.5229,0.0386,-0.949534,0.541495,2.218136,0.182544,-0.354350,0.124252,-0.948158,0.534535,2.226799,0.178029,-0.372954,-0.027342,-0.948200,0.534500,2.226800,0.178000,-0.373000,-0.027300,,,,,,,1
407,1787907295.5698,1787907295.5842,0.05987,-0.949534,0.541495,2.218136,0.182544,-0.362019,0.124252,-0.947655,0.526931,2.230217,0.175885,-0.378328,-0.030796,-0.947700,0.526900,2.230200,0.175900,-0.378300,-0.030800,,,,,,,1
408,1787907295.6361,1787907295.6502,0.06637,-0.949534,0.541495,2.218136,0.182544,-0.363553,0.124252,-0.947020,0.514439,2.231655,0.177992,-0.378770,-0.031871,-0.947000,0.514400,2.231700,0.178000,-0.378800,-0.031900,,,,,,,0
409,1787907295.675,1787907295.6889,0.03889,-0.949534,0.539961,2.221204,0.177942,-0.363553,0.124252,-0.942800,0.543725,2.190616,0.164694,-0.397036,-0.019814,-0.942800,0.543700,2.190600,0.164700,-0.397000,-0.019800,,,,,,,0
410,1787907295.7328,1787907295.7469,0.05773,-0.949534,0.536893,2.227340,0.176408,-0.372757,0.124252,-0.942673,0.535203,2.193149,0.164801,-0.396715,-0.022369,-0.942700,0.535200,2.193100,0.164800,-0.396700,-0.022400,,,,,,,0
411,1787907295.7992,1787907295.8129,0.06642,-0.949534,0.529223,2.238078,0.177942,-0.380427,0.124252,-0.944140,0.518145,2.193047,0.166199,-0.401694,-0.026722,-0.944100,0.518100,2.193000,0.166200,-0.401700,-0.026700,,,,,,,0
412,1787907295.838,1787907295.853,0.03882,-0.949534,0.530757,2.224272,0.173340,-0.388097,0.124252,-0.942948,0.499949,2.201371,0.163487,-0.400903,-0.024922,-0.942900,0.499900,2.201400,0.163500,-0.400900,-0.024900,,,,,,,0
413,1787907295.8958,1787907295.91,0.05779,-0.949534,0.536893,2.192059,0.159534,-0.392699,0.124252,-0.939646,0.469207,2.208951,0.162694,-0.399779,-0.022558,-0.939600,0.469200,2.209000,0.162700,-0.399800,-0.022600,,,,,,,0
414,1787907295.9622,1787907295.977,0.06638,-0.949534,0.524621,2.207398,0.161068,-0.394233,0.124252,-0.939994,0.441716,2.212021,0.164888,-0.398474,-0.027999,-0.940000,0.441700,2.212000,0.164900,-0.398500,-0.028000,,,,,,,0
415,1787907296.0012,1787907296.0161,0.03907,-0.948000,0.518486,2.213534,0.170272,-0.395767,0.124252,-0.938003,0.406644,2.219572,0.169375,-0.402841,-0.032939,-0.938000,0.406600,2.219600,0.169400,-0.402800,-0.032900,,,,,,,0
416,1787907296.0586,1787907296.073,0.05738,-0.946466,0.497010,2.207398,0.158000,-0.395767,0.124252,-0.929250,0.369609,2.226812,0.171083,-0.402160,-0.034392,-0.929200,0.369600,2.226800,0.171100,-0.402200,-0.034400,,,,,,,0
417,1787907296.1251,1787907296.141,0.06649,-0.941864,0.454058,2.218136,0.168738,-0.395767,0.124252,-0.918430,0.332979,2.233615,0.169005,-0.409431,-0.036851,-0.918400,0.333000,2.233600,0.169000,-0.409400,-0.036900,,,,,,,0
418,1787907296.1813,1787907296.1961,0.05615,-0.940330,0.423379,2.221204,0.165670,-0.395767,0.124252,-0.900396,0.299853,2.239774,0.165200,-0.410366,-0.040197,-0.900400,0.299900,2.239800,0.165200,-0.410400,-0.040200,,,,,,,0
419,1787907296.2197,1787907296.233,0.03849,-0.935728,0.401903,2.227340,0.164136,-0.395767,0.124252,-0.880491,0.268649,2.245098,0.168777,-0.408944,-0.041192,-0.880500,0.268600,2.245100,0.168800,-0.408900,-0.041200,,,,,,,0
420,1787907296.2786,1787907296.2931,0.05889,-0.921922,0.363553,2.236544,0.168738,-0.403437,0.124252,-0.847487,0.229748,2.248492,0.165998,-0.399824,-0.041973,-0.847500,0.229700,2.248500,0.166000,-0.399800,-0.042000,,,,,,,0
421,1787907296.345,1787907296.3611,0.06634,-0.900447,0.319068,2.242680,0.161068,-0.404971,0.124252,-0.809243,0.201382,2.250544,0.164332,-0.385848,-0.041718,-0.809200,0.201400,2.250500,0.164300,-0.385800,-0.041700,,,,,,,0
422,1787907296.4005,1787907296.4151,0.05555,-0.878971,0.282252,2.248816,0.170272,-0.404971,0.124252,-0.767745,0.179996,2.249704,0.162335,-0.371682,-0.039888,-0.767700,0.180000,2.249700,0.162300,-0.371700,-0.039900,,,,,,,0
423,1787907296.4396,1787907296.454,0.03911,-0.863631,0.262311,2.247282,0.164136,-0.404971,0.124252,-0.717774,0.152944,2.246361,0.163893,-0.351939,-0.042631,-0.717800,0.152900,2.246400,0.163900,-0.351900,-0.042600,,,,,,,0
424,1787907296.4964,1787907296.5108,0.05674,-0.829884,0.225495,2.253418,0.168738,-0.389631,0.124252,-0.543235,0.088512,2.222828,0.160182,-0.243915,-0.050087,-0.543200,0.088500,2.222800,0.160200,-0.243900,-0.050100,,,,,,,1
425,1787907296.5354,1787907296.551,0.039,-0.803806,0.207087,2.253418,0.168738,-0.377359,0.124252,-0.484138,0.074567,2.211001,0.160101,-0.178837,-0.053440,-0.484100,0.074600,2.211000,0.160100,-0.178800,-0.053400,,,,,,,1
426,1787907296.5947,1787907296.6101,0.05935,-0.753185,0.174874,2.253418,0.168738,-0.354350,0.124252,-0.423802,0.059559,2.200850,0.155005,-0.103487,-0.054126,-0.423800,0.059600,2.200900,0.155000,-0.103500,-0.054100,,,,,,,0
427,1787907296.6611,1787907296.676,0.06642,-0.685689,0.131922,2.239612,0.165670,-0.316000,0.110447,-0.602030,0.054632,2.270696,0.147123,-0.331706,-0.046545,-0.602000,0.054600,2.270700,0.147100,-0.331700,-0.046500,,,,,,,0
428,1787907296.6984,1787907296.713,0.03722,-0.638136,0.107379,2.228874,0.164136,-0.283786,0.110447,-0.598080,0.049842,2.272614,0.146881,-0.314900,-0.043117,-0.598100,0.049800,2.272600,0.146900,-0.314900,-0.043100,,,,,,,0
429,1787907296.7497,1787907296.7651,0.05138,-0.553767,0.079767,2.216602,0.159534,-0.219359,0.110447,-0.565527,0.042169,2.264840,0.148916,-0.282863,-0.043018,-0.565500,0.042200,2.264800,0.148900,-0.282900,-0.043000,,,,,,,0
430,1787907296.8162,1787907296.8311,0.06649,-0.474000,0.064427,2.222738,0.153398,-0.148796,0.110447,-0.524482,0.033257,2.249054,0.148886,-0.238352,-0.040863,-0.524500,0.033300,2.249100,0.148900,-0.238400,-0.040900,,,,,,,0
431,1787907296.8532,1787907296.868,0.03697,-0.450990,0.061359,2.242680,0.153398,-0.125786,0.110447,-0.477891,0.026682,2.228709,0.151924,-0.169803,-0.042261,-0.477900,0.026700,2.228700,0.151900,-0.169800,-0.042300,,,,,,,0
432,1787907296.9046,1787907296.9192,0.0514,-0.429515,0.056757,2.270292,0.153398,-0.107379,0.110447,-0.422629,0.017362,2.204571,0.152333,-0.071970,-0.039579,-0.422600,0.017400,2.204600,0.152300,-0.072000,-0.039600,,,,,,,0
433,1787907296.9712,1787907296.9861,0.0666,-0.431049,0.044485,2.270292,0.153398,-0.111981,0.110447,-0.361187,0.017614,2.174355,0.153053,0.041290,-0.043736,-0.361200,0.017600,2.174400,0.153100,0.041300,-0.043700,,,,,,,0
434,1787907297.0088,1787907297.0229,0.03763,-0.447922,0.036816,2.261088,0.153398,-0.133456,0.108913,-0.302533,0.013996,2.139479,0.155788,0.187098,-0.045371,-0.302500,0.014000,2.139500,0.155800,0.187100,-0.045400,,,,,,,0
435,1787907297.0594,1787907297.0741,0.05062,-0.467864,0.029146,2.233476,0.153398,-0.156466,0.108913,-0.252266,0.010868,2.103070,0.156806,0.339810,-0.048496,-0.252300,0.010900,2.103100,0.156800,0.339800,-0.048500,,,,,,,0
436,1787907297.126,1787907297.1421,0.06654,-0.464796,0.029146,2.201262,0.154932,-0.161068,0.108913,-0.204874,0.010586,2.064608,0.158317,0.504574,-0.044975,-0.204900,0.010600,2.064600,0.158300,0.504600,-0.045000,,,,,,,0
437,1787907297.1818,1787907297.1952,0.05583,-0.429515,0.027612,2.164447,0.154932,-0.128854,0.108913,-0.159082,0.014012,2.021387,0.155991,0.676623,-0.043807,-0.159100,0.014000,2.021400,0.156000,0.676600,-0.043800,,,,,,,0
438,1787907297.2208,1787907297.2363,0.03902,-0.394233,0.027612,2.141437,0.154932,-0.096641,0.108913,-0.133930,0.019715,1.988878,0.157420,0.812384,-0.044018,-0.133900,0.019700,1.988900,0.157400,0.812400,-0.044000,,,,,,,0
439,1787907297.2776,1787907297.2919,0.05675,-0.314466,0.026078,2.100020,0.154932,-0.018408,0.108913,-0.103846,0.029406,1.957741,0.153000,0.935124,-0.043809,-0.103800,0.029400,1.957700,0.153000,0.935100,-0.043800,,,,,,,0
440,1787907297.3171,1787907297.3313,0.03949,-0.265379,0.026078,2.075476,0.154932,0.039884,0.108913,-0.082314,0.038598,1.937350,0.154836,1.045825,-0.043385,-0.082300,0.038600,1.937400,0.154800,1.045800,-0.043400,,,,,,,0
441,1787907297.3755,1787907297.3909,0.05847,-0.191748,0.026078,2.029457,0.154932,0.164136,0.108913,-0.060148,0.048235,1.917772,0.147497,1.148690,-0.038625,-0.060100,0.048200,1.917800,0.147500,1.148700,-0.038600,,,,,,,0
442,1787907297.4308,1787907297.4451,0.05531,-0.138058,0.033748,1.988039,0.154932,0.309864,0.127320,-0.040660,0.054822,1.899478,0.146243,1.234440,-0.036924,-0.040700,0.054800,1.899500,0.146200,1.234400,-0.036900,,,,,,,0
443,1787907297.47,1787907297.4852,0.03918,-0.110447,0.038350,1.965029,0.154932,0.412641,0.127320,-0.019159,0.070868,1.884695,0.142909,1.346466,-0.034208,-0.019200,0.070900,1.884700,0.142900,1.346500,-0.034200,,,,,,,1
444,1787907297.5267,1787907297.5402,0.05664,-0.073631,0.049087,1.938952,0.154932,0.598253,0.127320,-0.012702,0.080919,1.884024,0.141879,1.373470,-0.032245,-0.012700,0.080900,1.884000,0.141900,1.373500,-0.032200,,,,,,,1
445,1787907297.5658,1787907297.5792,0.03916,-0.056757,0.055223,1.923612,0.154932,0.702563,0.127320,-0.007156,0.090498,1.883150,0.140475,1.400580,-0.032845,-0.007200,0.090500,1.883200,0.140500,1.400600,-0.032800,,,,,,,0
446,1787907297.6247,1787907297.6382,0.05882,-0.029146,0.072097,1.903670,0.148796,0.880505,0.127320,-0.030860,0.077439,1.915785,0.139633,1.354194,-0.036895,-0.030900,0.077400,1.915800,0.139600,1.354200,-0.036900,,,,,,,0
447,1787907297.691,1787907297.705,0.06638,-0.010738,0.088971,1.902136,0.147262,1.050777,0.127320,-0.023707,0.091663,1.936184,0.140006,1.362208,-0.036187,-0.023700,0.091700,1.936200,0.140000,1.362200,-0.036200,,,,,,,0
448,1787907297.7307,1787907297.745,0.03965,-0.010738,0.090505,1.902136,0.147262,1.125942,0.127320,-0.025394,0.101520,1.951152,0.147188,1.379726,-0.035671,-0.025400,0.101500,1.951200,0.147200,1.379700,-0.035700,,,,,,,0
449,1787907297.787,1787907297.801,0.05635,-0.016874,0.088971,1.912874,0.147262,1.236389,0.127320,-0.020616,0.106893,1.952585,0.143530,1.388085,-0.036161,-0.020600,0.106900,1.952600,0.143500,1.388100,-0.036200,,,,,,,0
450,1787907297.8428,1787907297.8559,0.05574,-0.021476,0.092039,1.940486,0.147262,1.314622,0.127320,-0.018027,0.112282,1.960017,0.142890,1.396359,-0.033968,-0.018000,0.112300,1.960000,0.142900,1.396400,-0.034000,,,,,,,0
451,1787907297.8822,1787907297.897,0.03945,-0.021476,0.102777,1.954292,0.148796,1.351437,0.127320,-0.015679,0.118740,1.966124,0.155513,1.397235,-0.035572,-0.015700,0.118700,1.966100,0.155500,1.397200,-0.035600,,,,,,,0
452,1787907297.9394,1787907297.9542,0.05714,-0.021476,0.111981,1.958893,0.148796,1.389787,0.127320,-0.014236,0.131773,1.970245,0.151094,1.395126,-0.036083,-0.014200,0.131800,1.970200,0.151100,1.395100,-0.036100,,,,,,,0
453,1787907297.9951,1787907298.0101,0.05575,-0.021476,0.111981,1.968097,0.147262,1.398990,0.127320,-0.016822,0.139933,1.979680,0.154273,1.391751,-0.038023,-0.016800,0.139900,1.979700,0.154300,1.391800,-0.038000,,,,,,,0
454,1787907298.0349,1787907298.048,0.03976,-0.019942,0.118117,1.971165,0.148796,1.398990,0.127320,-0.019614,0.149101,1.979227,0.154791,1.383341,-0.036227,-0.019600,0.149100,1.979200,0.154800,1.383300,-0.036200,,,,,,,0
455,1787907298.0916,1787907298.106,0.0567,-0.018408,0.133456,1.975767,0.150330,1.398990,0.127320,-0.023786,0.158317,1.984285,0.152490,1.375184,-0.037887,-0.023800,0.158300,1.984300,0.152500,1.375200,-0.037900,,,,,,,0
456,1787907298.131,1787907298.145,0.03943,-0.018408,0.139592,1.981903,0.151864,1.397456,0.127320,-0.025312,0.168497,1.989645,0.157202,1.375500,-0.038485,-0.025300,0.168500,1.989600,0.157200,1.375500,-0.038500,,,,,,,0
457,1787907298.1896,1787907298.2051,0.05859,-0.018408,0.150330,1.983437,0.151864,1.389787,0.127320,-0.024931,0.170152,1.996148,0.151787,1.370684,-0.040590,-0.024900,0.170200,1.996100,0.151800,1.370700,-0.040600,,,,,,,0
458,1787907298.2561,1787907298.271,0.06653,-0.018408,0.167204,1.994175,0.151864,1.382117,0.127320,-0.025567,0.172463,2.006566,0.158133,1.375946,-0.038501,-0.025600,0.172500,2.006600,0.158100,1.375900,-0.038500,,,,,,,0
459,1787907298.2958,1787907298.3101,0.03962,-0.018408,0.170272,1.992641,0.151864,1.382117,0.127320,-0.026411,0.179710,2.016271,0.155537,1.382036,-0.039373,-0.026400,0.179700,2.016300,0.155500,1.382000,-0.039400,,,,,,,0
460,1787907298.3527,1787907298.3671,0.05689,-0.018408,0.170272,2.001845,0.151864,1.380583,0.127320,-0.033228,0.181679,2.031155,0.152026,1.379164,-0.036769,-0.033200,0.181700,2.031200,0.152000,1.379200,-0.036800,,,,,,,0
461,1787907298.4076,1787907298.421,0.05494,-0.018408,0.174874,2.012583,0.150330,1.380583,0.127320,-0.037690,0.196860,2.047889,0.149790,1.392371,-0.033556,-0.037700,0.196900,2.047900,0.149800,1.392400,-0.033600,,,,,,,1
462,1787907298.4475,1787907298.462,0.03987,-0.018408,0.179476,2.023321,0.151864,1.380583,0.127320,-0.038866,0.199044,2.048136,0.148425,1.399801,-0.034920,-0.038900,0.199000,2.048100,0.148400,1.399800,-0.034900,,,,,,,1
463,1787907298.5043,1787907298.5191,0.05688,-0.024544,0.182544,2.034059,0.150330,1.380583,0.127320,-0.039556,0.205193,2.043836,0.150347,1.404495,-0.036926,-0.039600,0.205200,2.043800,0.150300,1.404500,-0.036900,,,,,,,0
464,1787907298.5599,1787907298.5729,0.05553,-0.029146,0.194816,2.049398,0.150330,1.391321,0.127320,-0.035088,0.194543,2.048305,0.155024,1.403518,-0.025932,-0.035100,0.194500,2.048300,0.155000,1.403500,-0.025900,,,,,,,0
465,1787907298.5994,1787907298.614,0.03957,-0.029146,0.202485,2.049398,0.150330,1.397456,0.127320,-0.034041,0.194961,2.044479,0.156501,1.413208,-0.026464,-0.034000,0.195000,2.044500,0.156500,1.413200,-0.026500,,,,,,,0
466,1787907298.6563,1787907298.6711,0.05683,-0.032214,0.207087,2.050932,0.151864,1.402058,0.127320,-0.036153,0.196758,2.047043,0.160192,1.413423,-0.028563,-0.036200,0.196800,2.047000,0.160200,1.413400,-0.028600,,,,,,,0
467,1787907298.6961,1787907298.7121,0.03984,-0.032214,0.205553,2.047864,0.150330,1.403592,0.127320,-0.038769,0.197886,2.047332,0.153977,1.416824,-0.027982,-0.038800,0.197900,2.047300,0.154000,1.416800,-0.028000,,,,,,,0
468,1787907298.7548,1787907298.7691,0.05867,-0.032214,0.205553,2.050932,0.151864,1.408194,0.127320,-0.041455,0.200570,2.043000,0.150361,1.410314,-0.029393,-0.041500,0.200600,2.043000,0.150400,1.410300,-0.029400,,,,,,,0
469,1787907298.81,1787907298.8249,0.05518,-0.032214,0.205553,2.050932,0.153398,1.412796,0.127320,-0.040390,0.207911,2.041717,0.152309,1.415470,-0.030520,-0.040400,0.207900,2.041700,0.152300,1.415500,-0.030500,,,,,,,0
470,1787907298.8488,1787907298.8631,0.03888,-0.032214,0.205553,2.050932,0.153398,1.414330,0.127320,-0.046537,0.214120,2.049765,0.149636,1.409139,-0.030755,-0.046500,0.214100,2.049800,0.149600,1.409100,-0.030800,,,,,,,0
471,1787907298.9053,1787907298.9202,0.05646,-0.032214,0.205553,2.049398,0.153398,1.414330,0.127320,-0.048801,0.214056,2.047866,0.146456,1.402949,-0.030290,-0.048800,0.214100,2.047900,0.146500,1.402900,-0.030300,,,,,,,0
472,1787907298.9454,1787907298.9602,0.04014,-0.032214,0.211689,2.050932,0.154932,1.414330,0.127320,-0.049149,0.215301,2.054106,0.142753,1.403310,-0.029899,-0.049100,0.215300,2.054100,0.142800,1.403300,-0.029900,,,,,,,0
473,1787907299.0037,1787907299.0182,0.05826,-0.036816,0.214757,2.054000,0.154932,1.414330,0.127320,-0.052303,0.222871,2.054086,0.137728,1.409979,-0.031092,-0.052300,0.222900,2.054100,0.137700,1.410000,-0.031100,,,,,,,0
474,1787907299.0591,1787907299.0719,0.0554,-0.039884,0.216291,2.054000,0.151864,1.411262,0.127320,-0.053449,0.223026,2.054981,0.131277,1.412843,-0.031914,-0.053400,0.223000,2.055000,0.131300,1.412800,-0.031900,,,,,,,0
475,1787907299.116,1787907299.1302,0.05687,-0.041417,0.216291,2.057068,0.144194,1.411262,0.127320,-0.055377,0.224300,2.058116,0.119537,1.425270,-0.034827,-0.055400,0.224300,2.058100,0.119500,1.425300,-0.034800,,,,,,,0
476,1787907299.1551,1787907299.1702,0.03911,-0.041417,0.222427,2.057068,0.142660,1.411262,0.127320,-0.056047,0.223939,2.051808,0.114699,1.430218,-0.035218,-0.056000,0.223900,2.051800,0.114700,1.430200,-0.035200,,,,,,,0
477,1787907299.2121,1787907299.2272,0.057,-0.041417,0.223961,2.063204,0.136524,1.411262,0.127320,-0.057486,0.223874,2.045591,0.104346,1.431207,-0.033688,-0.057500,0.223900,2.045600,0.104300,1.431200,-0.033700,,,,,,,0
478,1787907299.268,1787907299.2832,0.05588,-0.046019,0.223961,2.061670,0.121184,1.425068,0.127320,-0.057825,0.225010,2.045437,0.103497,1.435918,-0.034109,-0.057800,0.225000,2.045400,0.103500,1.435900,-0.034100,,,,,,,0
479,1787907299.3074,1787907299.3212,0.0394,-0.047553,0.223961,2.061670,0.118117,1.426602,0.127320,-0.056756,0.225768,2.039919,0.106600,1.443541,-0.034571,-0.056800,0.225800,2.039900,0.106600,1.443500,-0.034600,,,,,,,0
480,1787907299.3665,1787907299.3812,0.05919,-0.047553,0.225495,2.061670,0.108913,1.428136,0.127320,-0.059024,0.231310,2.039157,0.103896,1.432169,-0.033188,-0.059000,0.231300,2.039200,0.103900,1.432200,-0.033200,,,,,,,1
481,1787907299.4217,1787907299.4362,0.05513,-0.047553,0.225495,2.061670,0.108913,1.437340,0.127320,-0.060158,0.231568,2.035115,0.099373,1.434959,-0.032887,-0.060200,0.231600,2.035100,0.099400,1.435000,-0.032900,,,,,,,1
482,1787907299.461,1787907299.4752,0.03929,-0.047553,0.225495,2.060136,0.108913,1.440408,0.127320,-0.060617,0.233807,2.036860,0.101977,1.434299,-0.032841,-0.060600,0.233800,2.036900,0.102000,1.434300,-0.032800,,,,,,,0
483,1787907299.5171,1787907299.5312,0.05611,-0.047553,0.231631,2.057068,0.108913,1.438874,0.127320,-0.058761,0.244632,2.017688,0.149905,1.394076,-0.023873,-0.058800,0.244600,2.017700,0.149900,1.394100,-0.023900,,,,,,,0
484,1787907299.5564,1787907299.5709,0.03933,-0.049087,0.233165,2.055534,0.105845,1.438874,0.127320,-0.061989,0.237377,2.023767,0.145733,1.385490,-0.024579,-0.062000,0.237400,2.023800,0.145700,1.385500,-0.024600,,,,,,,0
485,1787907299.6158,1787907299.6302,0.05938,-0.050621,0.233165,2.052466,0.105845,1.438874,0.127320,-0.060078,0.241386,2.023775,0.149851,1.391879,-0.025671,-0.060100,0.241400,2.023800,0.149900,1.391900,-0.025700,,,,,,,0
486,1787907299.6822,1787907299.6972,0.06639,-0.050621,0.243903,2.037126,0.124252,1.415864,0.127320,-0.059641,0.242298,2.017475,0.144719,1.393946,-0.027386,-0.059600,0.242300,2.017500,0.144700,1.393900,-0.027400,,,,,,,0
487,1787907299.7189,1787907299.7322,0.03675,-0.050621,0.243903,2.037126,0.139592,1.398990,0.127320,-0.060736,0.242360,2.010735,0.144043,1.384869,-0.033019,-0.060700,0.242400,2.010700,0.144000,1.384900,-0.033000,,,,,,,0
488,1787907299.7707,1787907299.7852,0.05173,-0.052155,0.242369,2.037126,0.145728,1.394389,0.127320,-0.060847,0.244919,2.012614,0.148425,1.380843,-0.031772,-0.060800,0.244900,2.012600,0.148400,1.380800,-0.031800,,,,,,,0
489,1787907299.837,1787907299.8512,0.06637,-0.052155,0.243903,2.029457,0.144194,1.394389,0.127320,-0.061225,0.246308,2.012599,0.151834,1.383383,-0.028316,-0.061200,0.246300,2.012600,0.151800,1.383400,-0.028300,,,,,,,0
490,1787907299.8758,1787907299.8899,0.03875,-0.052155,0.243903,2.027923,0.144194,1.389787,0.127320,-0.060973,0.251628,2.012036,0.156718,1.389048,-0.019944,-0.061000,0.251600,2.012000,0.156700,1.389000,-0.019900,,,,,,,0
491,1787907299.9335,1787907299.9482,0.05773,-0.052155,0.245437,2.027923,0.144194,1.386719,0.127320,-0.062067,0.245063,2.018759,0.164898,1.374121,0.064861,-0.062100,0.245100,2.018800,0.164900,1.374100,0.064900,,,,,,,0
492,1787907299.9888,1787907300.0029,0.05525,-0.052155,0.250039,2.027923,0.151864,1.386719,0.127320,-0.065247,0.244880,2.018008,0.164014,1.379833,0.240160,-0.065200,0.244900,2.018000,0.164000,1.379800,0.240200,,,,,,,0
493,1787907300.0283,1787907300.0431,0.03951,-0.052155,0.251573,2.027923,0.154932,1.386719,0.127320,-0.061168,0.245264,2.011483,0.167007,1.387934,0.326787,-0.061200,0.245300,2.011500,0.167000,1.387900,0.326800,,,,,,,0
494,1787907300.0848,1787907300.0981,0.05652,-0.052155,0.251573,2.027923,0.161068,1.383651,0.141126,-0.061547,0.246100,2.003988,0.168997,1.393407,0.367156,-0.061500,0.246100,2.004000,0.169000,1.393400,0.367200,,,,,,,0
495,1787907300.1236,1787907300.1369,0.03885,-0.053689,0.251573,2.027923,0.161068,1.383651,0.236233,-0.060062,0.247257,1.995564,0.168475,1.391724,0.374745,-0.060100,0.247300,1.995600,0.168500,1.391700,0.374700,,,,,,,0
496,1787907300.1809,1787907300.1951,0.05725,-0.053689,0.251573,2.024855,0.162602,1.385185,0.362019,-0.060476,0.247929,1.990798,0.166023,1.386977,0.378436,-0.060500,0.247900,1.990800,0.166000,1.387000,0.378400,,,,,,,0
497,1787907300.2489,1787907300.2621,0.06804,-0.053689,0.251573,2.015651,0.165670,1.389787,0.371223,-0.060961,0.245713,1.989251,0.166221,1.382852,0.371644,-0.061000,0.245700,1.989300,0.166200,1.382900,0.371600,,,,,,,0
498,1787907300.2881,1787907300.3029,0.03912,-0.053689,0.251573,2.011049,0.165670,1.389787,0.371223,-0.059905,0.242193,1.983892,0.164980,1.384230,0.359317,-0.059900,0.242200,1.983900,0.165000,1.384200,0.359300,,,,,,,0
499,1787907300.3448,1787907300.3579,0.05674,-0.053689,0.251573,2.006447,0.165670,1.389787,0.375825,-0.059053,0.241939,1.978072,0.168267,1.381454,0.367173,-0.059100,0.241900,1.978100,0.168300,1.381500,0.367200,,,,,,,1
500,1787907300.4004,1787907300.4151,0.05561,-0.053689,0.251573,2.006447,0.165670,1.389787,0.363553,-0.057746,0.241088,1.975654,0.169495,1.384867,0.370920,-0.057700,0.241100,1.975700,0.169500,1.384900,0.370900,,,,,,,1
501,1787907300.4398,1787907300.4549,0.03937,-0.053689,0.251573,2.000311,0.165670,1.389787,0.362019,-0.055945,0.241466,1.969700,0.171595,1.393938,0.363585,-0.055900,0.241500,1.969700,0.171600,1.393900,0.363600,,,,,,,0
502,1787907300.4963,1787907300.5111,0.05652,-0.053689,0.251573,1.994175,0.165670,1.389787,0.362019,-0.053599,0.254266,1.958444,0.190597,1.407041,0.029034,-0.053600,0.254300,1.958400,0.190600,1.407000,0.029000,,,,,,,0
503,1787907300.5352,1787907300.5491,0.03893,-0.053689,0.251573,1.992641,0.165670,1.389787,0.362019,-0.052701,0.254582,1.960754,0.190060,1.408471,0.028853,-0.052700,0.254600,1.960800,0.190100,1.408500,0.028900,,,,,,,0
504,1787907300.5948,1787907300.6081,0.05955,-0.053689,0.251573,1.986505,0.170272,1.392855,0.351282,-0.054003,0.256735,1.971369,0.187755,1.404704,0.074883,-0.054000,0.256700,1.971400,0.187800,1.404700,0.074900,,,,,,,0
505,1787907300.661,1787907300.676,0.06629,-0.053689,0.256175,1.977301,0.182544,1.405126,0.111981,-0.054957,0.257883,1.977234,0.186323,1.399011,0.131013,-0.055000,0.257900,1.977200,0.186300,1.399000,0.131000,,,,,,,0
506,1787907300.7,1787907300.7141,0.03894,-0.053689,0.257709,1.975767,0.187146,1.405126,0.032214,-0.058554,0.261083,1.981066,0.179745,1.395621,0.213774,-0.058600,0.261100,1.981100,0.179700,1.395600,0.213800,,,,,,,0
507,1787907300.7575,1787907300.7711,0.05747,-0.053689,0.257709,1.977301,0.187146,1.405126,0.079767,-0.058833,0.264290,1.984752,0.178767,1.394368,0.303384,-0.058800,0.264300,1.984800,0.178800,1.394400,0.303400,,,,,,,0
508,1787907300.8129,1787907300.8281,0.05541,-0.053689,0.259243,1.983437,0.185612,1.405126,0.208621,-0.057512,0.272255,1.978436,0.184552,1.393137,0.364416,-0.057500,0.272300,1.978400,0.184600,1.393100,0.364400,,,,,,,0
509,1787907300.8522,1787907300.8671,0.03934,-0.053689,0.262311,1.983437,0.184078,1.405126,0.227029,-0.061041,0.268964,1.976737,0.182107,1.391678,0.393950,-0.061000,0.269000,1.976700,0.182100,1.391700,0.394000,,,,,,,0
510,1787907300.9106,1787907300.9248,0.05838,-0.053689,0.262311,1.988039,0.184078,1.400524,0.345146,-0.059801,0.268499,1.973133,0.180587,1.389314,0.408107,-0.059800,0.268500,1.973100,0.180600,1.389300,0.408100,,,,,,,0
511,1787907300.9771,1787907300.9909,0.06653,-0.053689,0.271515,1.986505,0.184078,1.398990,0.394233,-0.058290,0.266596,1.969253,0.177449,1.387555,0.416236,-0.058300,0.266600,1.969300,0.177400,1.387600,0.416200,,,,,,,0
512,1787907301.016,1787907301.0311,0.03887,-0.053689,0.273049,1.989573,0.184078,1.395923,0.401903,-0.059334,0.260787,1.958931,0.179243,1.392837,0.424046,-0.059300,0.260800,1.958900,0.179200,1.392800,0.424000,,,,,,,0
513,1787907301.0736,1787907301.0871,0.05762,-0.053689,0.269981,1.986505,0.184078,1.394389,0.409573,-0.056671,0.257059,1.945868,0.175478,1.390915,0.418724,-0.056700,0.257100,1.945900,0.175500,1.390900,0.418700,,,,,,,0
514,1787907301.14,1787907301.1558,0.06639,-0.053689,0.271515,1.980369,0.184078,1.394389,0.418777,-0.054146,0.249792,1.936249,0.172688,1.400326,0.407027,-0.054100,0.249800,1.936200,0.172700,1.400300,0.407000,,,,,,,0
515,1787907301.1957,1787907301.209,0.0557,-0.053689,0.271515,1.972699,0.182544,1.394389,0.418777,-0.053383,0.243842,1.938634,0.169668,1.393064,0.379115,-0.053400,0.243800,1.938600,0.169700,1.393100,0.379100,,,,,,,0
516,1787907301.2355,1787907301.2512,0.03979,-0.053689,0.269981,1.961961,0.179476,1.394389,0.418777,-0.055422,0.234798,1.933495,0.166411,1.403472,0.307673,-0.055400,0.234800,1.933500,0.166400,1.403500,0.307700,,,,,,,0
517,1787907301.2922,1787907301.3072,0.05673,-0.053689,0.265379,1.951224,0.177942,1.394389,0.394233,-0.061666,0.211143,1.934217,0.169744,1.419218,0.004022,-0.061700,0.211100,1.934200,0.169700,1.419200,0.004000,,,,,,,1
518,1787907301.3486,1787907301.3632,0.0564,-0.053689,0.256175,1.951224,0.171806,1.395923,0.331340,-0.061354,0.201296,1.931731,0.164160,1.425499,-0.013256,-0.061400,0.201300,1.931700,0.164200,1.425500,-0.013300,,,,,,,1
519,1787907301.3882,1787907301.4032,0.03963,-0.053689,0.250039,1.951224,0.171806,1.402058,0.280718,-0.062831,0.187643,1.937881,0.164830,1.421207,-0.019032,-0.062800,0.187600,1.937900,0.164800,1.421200,-0.019000,,,,,,,0
520,1787907301.4449,1787907301.4602,0.05668,-0.053689,0.233165,1.951224,0.171806,1.417398,0.062893,-0.046318,0.153158,1.966241,0.154342,1.366465,-0.033089,-0.046300,0.153200,1.966200,0.154300,1.366500,-0.033100,,,,,,,0
521,1787907301.5007,1787907301.5152,0.05575,-0.053689,0.213223,1.951224,0.171806,1.420466,-0.019942,-0.043846,0.128515,1.985179,0.151344,1.358117,-0.031418,-0.043800,0.128500,1.985200,0.151300,1.358100,-0.031400,,,,,,,0
522,1787907301.5406,1787907301.555,0.03993,-0.053689,0.200951,1.951224,0.170272,1.420466,-0.026078,-0.043052,0.097625,2.034209,0.150039,1.324611,-0.031539,-0.043100,0.097600,2.034200,0.150000,1.324600,-0.031500,,,,,,,0
523,1787907301.5971,1787907301.6112,0.05646,-0.052155,0.179476,1.963495,0.158000,1.408194,-0.030680,-0.043983,0.053672,2.099955,0.147891,1.266315,-0.031597,-0.044000,0.053700,2.100000,0.147900,1.266300,-0.031600,,,,,,,0
524,1787907301.6359,1787907301.6491,0.03884,-0.049087,0.159534,1.983437,0.156466,1.382117,-0.030680,-0.043620,0.018520,2.182456,0.150179,1.181465,-0.026938,-0.043600,0.018500,2.182500,0.150200,1.181500,-0.026900,,,,,,,0
525,1787907301.6956,1787907301.7091,0.05966,-0.049087,0.121184,2.020253,0.153398,1.343767,-0.030680,-0.043040,-0.027011,2.279834,0.150064,1.050851,-0.025097,-0.043000,-0.027000,2.279800,0.150100,1.050900,-0.025100,,,,,,,0
526,1787907301.7622,1787907301.7772,0.06664,-0.049087,0.075165,2.083146,0.153398,1.285476,-0.030680,-0.043034,-0.064289,2.370437,0.149780,0.893215,-0.021422,-0.043000,-0.064300,2.370400,0.149800,0.893200,-0.021400,,,,,,,0
527,1787907301.8008,1787907301.8152,0.03858,-0.049087,0.049087,2.124563,0.153398,1.245592,-0.030680,-0.044884,-0.101432,2.456141,0.147131,0.717362,-0.023343,-0.044900,-0.101400,2.456100,0.147100,0.717400,-0.023300,,,,,,,0
528,1787907301.8575,1787907301.8722,0.05672,-0.049087,0.003068,2.198194,0.153398,1.168893,-0.030680,-0.045549,-0.129992,2.522365,0.140912,0.547512,-0.029566,-0.045500,-0.130000,2.522400,0.140900,0.547500,-0.029600,,,,,,,0
529,1787907301.8955,1787907301.9113,0.03803,-0.049087,-0.023010,2.247282,0.153398,1.110602,-0.030680,-0.043594,-0.154655,2.577415,0.134470,0.413070,-0.031677,-0.043600,-0.154700,2.577400,0.134500,0.413100,-0.031700,,,,,,,0
530,1787907301.9465,1787907301.9601,0.051,-0.049087,-0.064427,2.330117,0.153398,1.009359,-0.029146,-0.040021,-0.176353,2.627265,0.126558,0.298283,-0.037228,-0.040000,-0.176400,2.627300,0.126600,0.298300,-0.037200,,,,,,,0
531,1787907302.0129,1787907302.0271,0.06636,-0.049087,-0.111981,2.428292,0.139592,0.860563,-0.029146,-0.039119,-0.194800,2.673527,0.107699,0.217773,-0.036763,-0.039100,-0.194800,2.673500,0.107700,0.217800,-0.036800,,,,,,,0
532,1787907302.05,1787907302.0649,0.03712,-0.049087,-0.134990,2.478913,0.138058,0.773126,-0.029146,-0.034025,-0.208418,2.727329,0.079599,0.164395,-0.035425,-0.034000,-0.208400,2.727300,0.079600,0.164400,-0.035400,,,,,,,0
533,1787907302.1015,1787907302.1171,0.05151,-0.044485,-0.162602,2.547942,0.133456,0.642738,-0.029146,-0.035962,-0.217564,2.783014,0.031211,0.125372,-0.034238,-0.036000,-0.217600,2.783000,0.031200,0.125400,-0.034200,,,,,,,0
534,1787907302.1681,1787907302.182,0.0666,-0.042951,-0.188680,2.632311,0.111981,0.489340,-0.029146,-0.035648,-0.223521,2.845610,-0.047074,0.096931,-0.030865,-0.035600,-0.223500,2.845600,-0.047100,0.096900,-0.030900,,,,,,,0
535,1787907302.2054,1787907302.22,0.03723,-0.041417,-0.204019,2.673729,0.095107,0.415709,-0.029146,-0.032642,-0.217645,3.014710,-0.306949,0.078376,-0.031030,-0.032600,-0.217600,3.014700,-0.306900,0.078400,-0.031000,,,,,,,1
536,1787907302.2564,1787907302.2701,0.05099,-0.039884,-0.213223,2.725884,0.058291,0.314466,-0.029146,-0.033690,-0.216416,3.054258,-0.366742,0.082066,-0.029553,-0.033700,-0.216400,3.054300,-0.366700,0.082100,-0.029600,,,,,,,1
537,1787907302.3229,1787907302.337,0.06655,-0.039884,-0.217825,2.797981,0.007670,0.210155,-0.029146,-0.032312,-0.217913,3.086131,-0.412161,0.093209,-0.030270,-0.032300,-0.217900,3.086100,-0.412200,0.093200,-0.030300,,,,,,,0
538,1787907302.3603,1787907302.375,0.03736,-0.039884,-0.217825,2.845534,-0.032214,0.164136,-0.029146,-0.039934,-0.264773,3.070343,-0.365279,0.159616,-0.034189,-0.039900,-0.264800,3.070300,-0.365300,0.159600,-0.034200,,,,,,,0
539,1787907302.4116,1787907302.425,0.05136,-0.039884,-0.217825,2.911496,-0.107379,0.118117,-0.029146,-0.040288,-0.276657,3.089787,-0.377931,0.170759,-0.035673,-0.040300,-0.276700,3.089800,-0.377900,0.170800,-0.035700,,,,,,,0
540,1787907302.4781,1787907302.493,0.06652,-0.039884,-0.222427,2.957515,-0.222427,0.087437,-0.029146,-0.037977,-0.282071,3.101908,-0.393991,0.196077,-0.036300,-0.038000,-0.282100,3.101900,-0.394000,0.196100,-0.036300,,,,,,,0
541,1787907302.5147,1787907302.5301,0.03661,-0.039884,-0.237767,2.966719,-0.276117,0.087437,-0.029146,-0.037495,-0.288211,3.113723,-0.405749,0.209934,-0.034814,-0.037500,-0.288200,3.113700,-0.405700,0.209900,-0.034800,,,,,,,0
542,1787907302.5666,1787907302.5811,0.05189,-0.039884,-0.271515,2.968253,-0.335942,0.101243,-0.029146,-0.036293,-0.292740,3.127542,-0.405597,0.217766,-0.033983,-0.036300,-0.292700,3.127500,-0.405600,0.217800,-0.034000,,,,,,,0
543,1787907302.6224,1787907302.6372,0.05572,-0.039884,-0.279185,2.968253,-0.377359,0.150330,-0.029146,-0.034180,-0.298313,3.139295,-0.411382,0.225182,-0.032552,-0.034200,-0.298300,3.139300,-0.411400,0.225200,-0.032600,,,,,,,0
544,1787907302.678,1787907302.6931,0.05563,-0.039884,-0.288388,2.968253,-0.397301,0.191748,-0.029146,-0.031884,-0.299855,3.142596,-0.416467,0.224745,-0.033132,-0.031900,-0.299900,3.142600,-0.416500,0.224700,-0.033100,,,,,,,0
545,1787907302.7176,1787907302.733,0.03964,-0.039884,-0.297592,2.969787,-0.400369,0.210155,-0.029146,-0.032198,-0.294829,3.140576,-0.418727,0.228364,-0.033088,-0.032200,-0.294800,3.140600,-0.418700,0.228400,-0.033100,,,,,,,0
546,1787907302.7743,1787907302.788,0.05673,-0.036816,-0.292990,2.969787,-0.408039,0.220893,-0.029146,-0.029625,-0.292827,3.144581,-0.413805,0.221558,-0.032353,-0.029600,-0.292800,3.144600,-0.413800,0.221600,-0.032400,,,,,,,0
547,1787907302.8141,1787907302.828,0.03977,-0.036816,-0.292990,2.969787,-0.411107,0.222427,-0.029146,-0.031691,-0.293933,3.138976,-0.409751,0.222729,-0.033067,-0.031700,-0.293900,3.139000,-0.409800,0.222700,-0.033100,,,,,,,0
548,1787907302.8711,1787907302.886,0.057,-0.036816,-0.300660,2.969787,-0.411107,0.227029,-0.029146,-0.032228,-0.289947,3.138829,-0.409121,0.223836,-0.030525,-0.032200,-0.289900,3.138800,-0.409100,0.223800,-0.030500,,,,,,,0
549,1787907302.9392,1787907302.953,0.06813,-0.036816,-0.289922,2.969787,-0.411107,0.227029,-0.029146,-0.029304,-0.285973,3.141294,-0.407625,0.223024,-0.030575,-0.029300,-0.286000,3.141300,-0.407600,0.223000,-0.030600,,,,,,,0
550,1787907302.9786,1787907302.9931,0.03936,-0.036816,-0.299126,2.969787,-0.411107,0.227029,-0.029146,-0.030213,-0.283850,3.145533,-0.407785,0.221873,-0.031289,-0.030200,-0.283800,3.145500,-0.407800,0.221900,-0.031300,,,,,,,0
551,1787907303.0356,1787907303.049,0.05702,-0.036816,-0.286854,2.969787,-0.411107,0.227029,-0.029146,-0.027847,-0.284095,3.149381,-0.411540,0.220712,-0.031890,-0.027800,-0.284100,3.149400,-0.411500,0.220700,-0.031900,,,,,,,0
552,1787907303.0909,1787907303.106,0.05527,-0.036816,-0.283786,2.969787,-0.411107,0.227029,-0.029146,-0.028891,-0.280811,3.153030,-0.411386,0.212791,-0.031497,-0.028900,-0.280800,3.153000,-0.411400,0.212800,-0.031500,,,,,,,0
553,1787907303.1299,1787907303.145,0.03903,-0.036816,-0.291456,2.969787,-0.411107,0.227029,-0.029146,-0.029407,-0.279807,3.154975,-0.413542,0.212314,-0.032711,-0.029400,-0.279800,3.155000,-0.413500,0.212300,-0.032700,,,,,,,1
554,1787907303.1884,1787907303.202,0.05852,-0.036816,-0.280718,2.969787,-0.411107,0.227029,-0.029146,-0.031048,-0.282514,3.153256,-0.411583,0.205395,-0.032792,-0.031000,-0.282500,3.153300,-0.411600,0.205400,-0.032800,,,,,,,1
555,1787907303.2548,1787907303.2691,0.06639,-0.036816,-0.285320,2.969787,-0.411107,0.217825,-0.029146,-0.029745,-0.283693,3.154376,-0.414976,0.209136,-0.032676,-0.029700,-0.283700,3.154400,-0.415000,0.209100,-0.032700,,,,,,,0
556,1787907303.2914,1787907303.3051,0.03659,-0.036816,-0.288388,2.969787,-0.411107,0.217825,-0.029146,-0.033345,-0.290101,3.164148,-0.423261,0.233474,-0.030121,-0.033300,-0.290100,3.164100,-0.423300,0.233500,-0.030100,,,,,,,0
557,1787907303.3434,1787907303.3579,0.05201,-0.036816,-0.280718,2.969787,-0.411107,0.211689,-0.029146,-0.032591,-0.290939,3.167038,-0.427508,0.235348,-0.030668,-0.032600,-0.290900,3.167000,-0.427500,0.235300,-0.030700,,,,,,,0
558,1787907303.3993,1787907303.4141,0.05587,-0.036816,-0.285320,2.969787,-0.414175,0.211689,-0.029146,-0.032230,-0.290868,3.166815,-0.426825,0.237124,-0.030538,-0.032200,-0.290900,3.166800,-0.426800,0.237100,-0.030500,,,,,,,0
559,1787907303.437,1787907303.4522,0.03767,-0.036816,-0.289922,2.969787,-0.418777,0.223961,-0.029146,-0.032590,-0.289609,3.170612,-0.429097,0.238720,-0.031250,-0.032600,-0.289600,3.170600,-0.429100,0.238700,-0.031200,,,,,,,0
560,1787907303.4883,1787907303.5031,0.05133,-0.036816,-0.288388,2.969787,-0.423379,0.233165,-0.029146,-0.032180,-0.291434,3.174642,-0.425967,0.235584,-0.030528,-0.032200,-0.291400,3.174600,-0.426000,0.235600,-0.030500,,,,,,,0
561,1787907303.5448,1787907303.5602,0.0565,-0.036816,-0.286854,2.969787,-0.423379,0.236233,-0.029146,-0.031463,-0.288998,3.176690,-0.431835,0.238790,-0.031168,-0.031500,-0.289000,3.176700,-0.431800,0.238800,-0.031200,,,,,,,0
562,1787907303.612,1787907303.6272,0.06722,-0.036816,-0.288388,2.969787,-0.423379,0.236233,-0.029146,-0.033566,-0.290774,3.177193,-0.431860,0.240454,-0.030704,-0.033600,-0.290800,3.177200,-0.431900,0.240500,-0.030700,,,,,,,0
563,1787907303.651,1787907303.6651,0.03891,-0.036816,-0.288388,2.969787,-0.423379,0.236233,-0.029146,-0.034707,-0.287936,3.180963,-0.427087,0.236170,-0.029882,-0.034700,-0.287900,3.181000,-0.427100,0.236200,-0.029900,,,,,,,0
564,1787907303.7085,1787907303.7229,0.0576,-0.036816,-0.286854,2.969787,-0.423379,0.236233,-0.029146,-0.032103,-0.290237,3.181376,-0.427441,0.235859,-0.031609,-0.032100,-0.290200,3.181400,-0.427400,0.235900,-0.031600,,,,,,,0
565,1787907303.764,1787907303.7781,0.0555,-0.036816,-0.286854,2.969787,-0.423379,0.236233,-0.029146,-0.032122,-0.290359,3.180670,-0.431114,0.237954,-0.031473,-0.032100,-0.290400,3.180700,-0.431100,0.238000,-0.031500,,,,,,,0
566,1787907303.8041,1787907303.8181,0.04002,-0.036816,-0.286854,2.969787,-0.423379,0.236233,-0.029146,-0.031689,-0.290008,3.177973,-0.432463,0.236315,-0.031764,-0.031700,-0.290000,3.178000,-0.432500,0.236300,-0.031800,,,,,,,0
567,1787907303.8608,1787907303.8741,0.05675,-0.036816,-0.286854,2.969787,-0.423379,0.236233,-0.029146,-0.033072,-0.293822,3.175617,-0.430486,0.238827,-0.032436,-0.033100,-0.293800,3.175600,-0.430500,0.238800,-0.032400,,,,,,,0
568,1787907303.9172,1787907303.9322,0.05638,-0.036816,-0.286854,2.969787,-0.424913,0.236233,-0.029146,-0.032622,-0.292834,3.178432,-0.431825,0.236491,-0.031961,-0.032600,-0.292800,3.178400,-0.431800,0.236500,-0.032000,,,,,,,0
569,1787907303.9564,1787907303.9721,0.03923,-0.036816,-0.286854,2.969787,-0.426447,0.236233,-0.029146,-0.032560,-0.293615,3.174390,-0.431014,0.234870,-0.031913,-0.032600,-0.293600,3.174400,-0.431000,0.234900,-0.031900,,,,,,,0
570,1787907304.0147,1787907304.0291,0.05827,-0.036816,-0.291456,2.969787,-0.426447,0.236233,-0.029146,-0.033456,-0.297854,3.175540,-0.430442,0.230418,-0.032490,-0.033500,-0.297900,3.175500,-0.430400,0.230400,-0.032500,,,,,,,0
571,1787907304.0702,1787907304.0852,0.05549,-0.036816,-0.292990,2.969787,-0.426447,0.236233,-0.029146,-0.033015,-0.293624,3.176612,-0.428235,0.231311,-0.033179,-0.033000,-0.293600,3.176600,-0.428200,0.231300,-0.033200,,,,,,,0
572,1787907304.1098,1787907304.1249,0.03963,-0.036816,-0.292990,2.969787,-0.426447,0.236233,-0.029146,-0.033797,-0.294814,3.176548,-0.428926,0.227937,-0.032303,-0.033800,-0.294800,3.176500,-0.428900,0.227900,-0.032300,,,,,,,1
573,1787907304.1674,1787907304.1822,0.05758,-0.036816,-0.292990,2.969787,-0.426447,0.236233,-0.029146,-0.032260,-0.290572,3.176439,-0.426646,0.229895,-0.031779,-0.032300,-0.290600,3.176400,-0.426600,0.229900,-0.031800,,,,,,,1
574,1787907304.2341,1787907304.2492,0.06665,-0.036816,-0.292990,2.969787,-0.426447,0.236233,-0.029146,-0.034178,-0.291288,3.176185,-0.427784,0.231024,-0.030827,-0.034200,-0.291300,3.176200,-0.427800,0.231000,-0.030800,,,,,,,0
575,1787907304.2726,1787907304.287,0.03858,-0.036816,-0.292990,2.969787,-0.426447,0.236233,-0.029146,-0.039860,-0.278237,3.183692,-0.443337,0.247702,-0.026291,-0.039900,-0.278200,3.183700,-0.443300,0.247700,-0.026300,,,,,,,0
576,1787907304.3305,1787907304.3452,0.0579,-0.036816,-0.292990,2.969787,-0.426447,0.236233,-0.029146,-0.041935,-0.277082,3.178644,-0.442678,0.245194,-0.025664,-0.041900,-0.277100,3.178600,-0.442700,0.245200,-0.025700,,,,,,,0
577,1787907304.3859,1787907304.4,0.05539,-0.036816,-0.289922,2.969787,-0.427981,0.236233,-0.029146,-0.041303,-0.276304,3.184479,-0.442206,0.240776,-0.024653,-0.041300,-0.276300,3.184500,-0.442200,0.240800,-0.024700,,,,,,,0
578,1787907304.4249,1787907304.4391,0.03893,-0.036816,-0.285320,2.969787,-0.435651,0.243903,-0.029146,-0.040596,-0.277340,3.181602,-0.441847,0.243717,-0.025558,-0.040600,-0.277300,3.181600,-0.441800,0.243700,-0.025600,,,,,,,0
579,1787907304.4814,1787907304.495,0.05654,-0.036816,-0.279185,2.969787,-0.438719,0.245437,-0.029146,-0.040914,-0.276703,3.182765,-0.441754,0.243589,-0.023246,-0.040900,-0.276700,3.182800,-0.441800,0.243600,-0.023200,,,,,,,0
580,1787907304.5379,1787907304.5521,0.05649,-0.036816,-0.282252,2.969787,-0.438719,0.245437,-0.029146,-0.040597,-0.282160,3.183441,-0.442791,0.242126,-0.024828,-0.040600,-0.282200,3.183400,-0.442800,0.242100,-0.024800,,,,,,,0
581,1787907304.5773,1787907304.5919,0.03937,-0.036816,-0.280718,2.969787,-0.438719,0.245437,-0.029146,-0.040325,-0.282968,3.186377,-0.446458,0.243506,-0.025260,-0.040300,-0.283000,3.186400,-0.446500,0.243500,-0.025300,,,,,,,0
582,1787907304.6339,1787907304.6481,0.05664,-0.036816,-0.280718,2.969787,-0.438719,0.245437,-0.029146,-0.041211,-0.282760,3.188699,-0.446983,0.246158,-0.025558,-0.041200,-0.282800,3.188700,-0.447000,0.246200,-0.025600,,,,,,,0
583,1787907304.6739,1787907304.6889,0.03996,-0.036816,-0.280718,2.969787,-0.438719,0.245437,-0.029146,-0.039618,-0.283941,3.187347,-0.445897,0.239816,-0.026642,-0.039600,-0.283900,3.187300,-0.445900,0.239800,-0.026600,,,,,,,0
584,1787907304.7325,1787907304.7481,0.05865,-0.036816,-0.280718,2.969787,-0.438719,0.245437,-0.029146,-0.039707,-0.283081,3.189682,-0.446496,0.244246,-0.027343,-0.039700,-0.283100,3.189700,-0.446500,0.244200,-0.027300,,,,,,,0
585,1787907304.7878,1787907304.8021,0.05524,-0.036816,-0.280718,2.969787,-0.438719,0.245437,-0.029146,-0.039511,-0.283288,3.189409,-0.447336,0.241569,-0.026349,-0.039500,-0.283300,3.189400,-0.447300,0.241600,-0.026300,,,,,,,0
586,1787907304.8271,1787907304.843,0.03939,-0.036816,-0.280718,2.969787,-0.438719,0.245437,-0.029146,-0.039339,-0.285012,3.189758,-0.447240,0.243721,-0.027691,-0.039300,-0.285000,3.189800,-0.447200,0.243700,-0.027700,,,,,,,0
587,1787907304.8842,1787907304.8991,0.05703,-0.036816,-0.280718,2.969787,-0.438719,0.245437,-0.029146,-0.038649,-0.282628,3.187354,-0.446411,0.241404,-0.027749,-0.038600,-0.282600,3.187400,-0.446400,0.241400,-0.027700,,,,,,,0
588,1787907304.94,1787907304.9549,0.05584,-0.036816,-0.280718,2.969787,-0.441786,0.245437,-0.029146,-0.039810,-0.283729,3.189756,-0.448835,0.242940,-0.026270,-0.039800,-0.283700,3.189800,-0.448800,0.242900,-0.026300,,,,,,,0
589,1787907304.9797,1787907304.994,0.03973,-0.036816,-0.280718,2.969787,-0.441786,0.245437,-0.029146,-0.039101,-0.283693,3.189104,-0.447086,0.243821,-0.027112,-0.039100,-0.283700,3.189100,-0.447100,0.243800,-0.027100,,,,,,,0
590,1787907305.0368,1787907305.052,0.05702,-0.036816,-0.280718,2.969787,-0.441786,0.245437,-0.029146,-0.038721,-0.282947,3.189612,-0.447240,0.239413,-0.026974,-0.038700,-0.282900,3.189600,-0.447200,0.239400,-0.027000,,,,,,,0
591,1787907305.0925,1787907305.1071,0.05576,-0.036816,-0.280718,2.969787,-0.441786,0.245437,-0.029146,-0.037715,-0.282540,3.189944,-0.451677,0.240719,-0.026050,-0.037700,-0.282500,3.189900,-0.451700,0.240700,-0.026000,,,,,,,1
592,1787907305.1323,1787907305.1471,0.03981,-0.036816,-0.280718,2.969787,-0.441786,0.245437,-0.029146,-0.036722,-0.280838,3.188045,-0.450365,0.242689,-0.027152,-0.036700,-0.280800,3.188000,-0.450400,0.242700,-0.027200,,,,,,,1
593,1787907305.189,1787907305.2041,0.05665,-0.036816,-0.280718,2.969787,-0.441786,0.245437,-0.029146,-0.038126,-0.281994,3.192677,-0.451229,0.240150,-0.026809,-0.038100,-0.282000,3.192700,-0.451200,0.240200,-0.026800,,,,,,,0
594,1787907305.2287,1787907305.242,0.03972,-0.036816,-0.280718,2.969787,-0.443320,0.245437,-0.029146,-0.032750,-0.276869,3.169455,-0.474568,0.264491,-0.025822,-0.032700,-0.276900,3.169500,-0.474600,0.264500,-0.025800,,,,,,,0
595,1787907305.2875,1787907305.3021,0.05874,-0.036816,-0.280718,2.969787,-0.444854,0.245437,-0.029146,-0.032528,-0.278242,3.168850,-0.474544,0.262458,-0.026374,-0.032500,-0.278200,3.168800,-0.474500,0.262500,-0.026400,,,,,,,0
596,1787907305.3426,1787907305.3589,0.05517,-0.036816,-0.280718,2.969787,-0.449456,0.246971,-0.029146,-0.032692,-0.280222,3.170683,-0.475483,0.261358,-0.026818,-0.032700,-0.280200,3.170700,-0.475500,0.261400,-0.026800,,,,,,,0
597,1787907305.3989,1787907305.4131,0.05624,-0.036816,-0.280718,2.969787,-0.466330,0.260777,-0.029146,-0.033670,-0.280115,3.168883,-0.474526,0.258449,-0.026056,-0.033700,-0.280100,3.168900,-0.474500,0.258400,-0.026100,,,,,,,0
598,1787907305.4382,1787907305.454,0.03935,-0.036816,-0.280718,2.969787,-0.469398,0.260777,-0.029146,-0.033188,-0.280226,3.170621,-0.474378,0.259600,-0.026710,-0.033200,-0.280200,3.170600,-0.474400,0.259600,-0.026700,,,,,,,0
599,1787907305.4951,1787907305.5101,0.05685,-0.036816,-0.280718,2.969787,-0.470932,0.260777,-0.029146,-0.030265,-0.282132,3.169942,-0.474536,0.258717,-0.026057,-0.030300,-0.282100,3.169900,-0.474500,0.258700,-0.026100,,,,,,,0
600,1787907305.535,1787907305.55,0.03989,-0.036816,-0.280718,2.969787,-0.470932,0.260777,-0.029146,-0.031357,-0.280398,3.167250,-0.475610,0.257346,-0.025534,-0.031400,-0.280400,3.167300,-0.475600,0.257300,-0.025500,,,,,,,0
601,1787907305.5936,1787907305.6072,0.05862,-0.036816,-0.280718,2.969787,-0.470932,0.260777,-0.029146,-0.029280,-0.285103,3.169498,-0.476333,0.256905,-0.024713,-0.029300,-0.285100,3.169500,-0.476300,0.256900,-0.024700,,,,,,,0
602,1787907305.6488,1787907305.6622,0.05524,-0.036816,-0.280718,2.969787,-0.470932,0.260777,-0.029146,-0.030951,-0.287109,3.165347,-0.474631,0.254692,-0.025841,-0.031000,-0.287100,3.165300,-0.474600,0.254700,-0.025800,,,,,,,0
603,1787907305.6879,1787907305.7011,0.03911,-0.036816,-0.280718,2.969787,-0.470932,0.260777,-0.029146,-0.030360,-0.286988,3.165995,-0.474657,0.255092,-0.025354,-0.030400,-0.287000,3.166000,-0.474700,0.255100,-0.025400,,,,,,,0
604,1787907305.7446,1787907305.7589,0.05667,-0.036816,-0.280718,2.969787,-0.470932,0.260777,-0.029146,-0.031212,-0.289157,3.162194,-0.477697,0.254004,-0.025921,-0.031200,-0.289200,3.162200,-0.477700,0.254000,-0.025900,,,,,,,0
605,1787907305.7835,1787907305.7971,0.03886,-0.036816,-0.280718,2.969787,-0.470932,0.260777,-0.029146,-0.030528,-0.288053,3.163975,-0.476845,0.253417,-0.026385,-0.030500,-0.288100,3.164000,-0.476800,0.253400,-0.026400,,,,,,,0
606,1787907305.8425,1787907305.8578,0.059,-0.036816,-0.283786,2.969787,-0.470932,0.260777,-0.029146,-0.030746,-0.290516,3.161914,-0.477607,0.252512,-0.026025,-0.030700,-0.290500,3.161900,-0.477600,0.252500,-0.026000,,,,,,,0
607,1787907305.909,1787907305.9228,0.06653,-0.036816,-0.286854,2.969787,-0.470932,0.260777,-0.029146,-0.030949,-0.289627,3.161046,-0.478189,0.254748,-0.025973,-0.030900,-0.289600,3.161000,-0.478200,0.254700,-0.026000,,,,,,,0
608,1787907305.9476,1787907305.9621,0.03857,-0.036816,-0.286854,2.969787,-0.470932,0.260777,-0.029146,-0.031099,-0.290434,3.161770,-0.480528,0.252696,-0.026399,-0.031100,-0.290400,3.161800,-0.480500,0.252700,-0.026400,,,,,,,0
609,1787907306.0047,1787907306.0192,0.05712,-0.036816,-0.286854,2.969787,-0.470932,0.259243,-0.029146,-0.030482,-0.289277,3.166597,-0.481859,0.255207,-0.026607,-0.030500,-0.289300,3.166600,-0.481900,0.255200,-0.026600,,,,,,,1
610,1787907306.0718,1787907306.0871,0.06716,-0.036816,-0.286854,2.969787,-0.470932,0.259243,-0.029146,-0.032134,-0.287492,3.167922,-0.483169,0.253241,-0.026959,-0.032100,-0.287500,3.167900,-0.483200,0.253200,-0.027000,,,,,,,1
611,1787907306.1107,1787907306.1271,0.03885,-0.036816,-0.286854,2.969787,-0.470932,0.259243,-0.029146,-0.030889,-0.286268,3.164535,-0.482617,0.252567,-0.026898,-0.030900,-0.286300,3.164500,-0.482600,0.252600,-0.026900,,,,,,,0
612,1787907306.1684,1787907306.1831,0.05775,-0.036816,-0.286854,2.969787,-0.472466,0.259243,-0.029146,-0.030932,-0.279394,3.158208,-0.497046,0.266878,-0.024497,-0.030900,-0.279400,3.158200,-0.497000,0.266900,-0.024500,,,,,,,0
613,1787907306.2351,1787907306.2491,0.06665,-0.036816,-0.286854,2.969787,-0.478602,0.259243,-0.029146,-0.032440,-0.277145,3.159924,-0.498589,0.265099,-0.025661,-0.032400,-0.277100,3.159900,-0.498600,0.265100,-0.025700,,,,,,,0
614,1787907306.2743,1787907306.288,0.03921,-0.036816,-0.286854,2.969787,-0.478602,0.259243,-0.029146,-0.034151,-0.277628,3.161539,-0.501233,0.268835,-0.024065,-0.034200,-0.277600,3.161500,-0.501200,0.268800,-0.024100,,,,,,,0
615,1787907306.3314,1787907306.345,0.05714,-0.036816,-0.282252,2.969787,-0.490874,0.260777,-0.029146,-0.033174,-0.280882,3.160594,-0.501486,0.267150,-0.025780,-0.033200,-0.280900,3.160600,-0.501500,0.267100,-0.025800,,,,,,,0
616,1787907306.3867,1787907306.4002,0.05523,-0.036816,-0.280718,2.969787,-0.495476,0.265379,-0.029146,-0.032815,-0.280086,3.158339,-0.501433,0.263008,-0.023499,-0.032800,-0.280100,3.158300,-0.501400,0.263000,-0.023500,,,,,,,0
617,1787907306.4268,1787907306.44,0.04015,-0.036816,-0.280718,2.969787,-0.497010,0.266913,-0.029146,-0.031997,-0.279672,3.165206,-0.504001,0.263218,-0.023516,-0.032000,-0.279700,3.165200,-0.504000,0.263200,-0.023500,,,,,,,0
618,1787907306.4839,1787907306.4991,0.05709,-0.036816,-0.280718,2.969787,-0.497010,0.266913,-0.029146,-0.033149,-0.278014,3.161678,-0.504724,0.260706,-0.024012,-0.033100,-0.278000,3.161700,-0.504700,0.260700,-0.024000,,,,,,,0
619,1787907306.5403,1787907306.5548,0.0564,-0.036816,-0.280718,2.969787,-0.497010,0.266913,-0.029146,-0.033011,-0.277116,3.161290,-0.504356,0.263359,-0.022462,-0.033000,-0.277100,3.161300,-0.504400,0.263400,-0.022500,,,,,,,0
620,1787907306.58,1787907306.5941,0.03969,-0.036816,-0.280718,2.969787,-0.497010,0.266913,-0.029146,-0.032770,-0.275944,3.164478,-0.502967,0.258804,-0.024404,-0.032800,-0.275900,3.164500,-0.503000,0.258800,-0.024400,,,,,,,0
621,1787907306.6369,1787907306.651,0.0569,-0.036816,-0.280718,2.969787,-0.497010,0.266913,-0.029146,-0.033830,-0.278327,3.165974,-0.501025,0.259122,-0.022530,-0.033800,-0.278300,3.166000,-0.501000,0.259100,-0.022500,,,,,,,0
622,1787907306.6925,1787907306.7061,0.05562,-0.036816,-0.280718,2.969787,-0.497010,0.266913,-0.029146,-0.031896,-0.278865,3.162481,-0.502860,0.257199,-0.023016,-0.031900,-0.278900,3.162500,-0.502900,0.257200,-0.023000,,,,,,,0
623,1787907306.732,1787907306.747,0.03953,-0.036816,-0.280718,2.969787,-0.497010,0.266913,-0.029146,-0.030773,-0.277557,3.161539,-0.502841,0.257758,-0.022808,-0.030800,-0.277600,3.161500,-0.502800,0.257800,-0.022800,,,,,,,0
624,1787907306.7887,1787907306.804,0.05666,-0.036816,-0.280718,2.969787,-0.497010,0.263845,-0.029146,-0.031777,-0.281463,3.164266,-0.502403,0.253583,-0.022689,-0.031800,-0.281500,3.164300,-0.502400,0.253600,-0.022700,,,,,,,0
625,1787907306.8448,1787907306.8601,0.05607,-0.036816,-0.280718,2.969787,-0.497010,0.263845,-0.029146,-0.031208,-0.281141,3.162897,-0.502334,0.257964,-0.022410,-0.031200,-0.281100,3.162900,-0.502300,0.258000,-0.022400,,,,,,,0
626,1787907306.8842,1787907306.9,0.0394,-0.036816,-0.280718,2.969787,-0.497010,0.263845,-0.029146,-0.030758,-0.284889,3.162425,-0.499522,0.258581,-0.023255,-0.030800,-0.284900,3.162400,-0.499500,0.258600,-0.023300,,,,,,,0
627,1787907306.9434,1787907306.9579,0.0592,-0.036816,-0.280718,2.969787,-0.497010,0.259243,-0.029146,-0.031281,-0.284932,3.163874,-0.500820,0.259974,-0.023569,-0.031300,-0.284900,3.163900,-0.500800,0.260000,-0.023600,,,,,,,0
628,1787907306.9988,1787907307.013,0.05542,-0.036816,-0.280718,2.969787,-0.497010,0.259243,-0.029146,-0.032997,-0.284417,3.162518,-0.502738,0.262266,-0.024160,-0.033000,-0.284400,3.162500,-0.502700,0.262300,-0.024200,,,,,,,1
629,1787907307.0388,1787907307.0539,0.03999,-0.036816,-0.280718,2.969787,-0.497010,0.259243,-0.029146,-0.033637,-0.284725,3.163806,-0.504063,0.261964,-0.024160,-0.033600,-0.284700,3.163800,-0.504100,0.262000,-0.024200,,,,,,,1
630,1787907307.0965,1787907307.111,0.05771,-0.036816,-0.280718,2.969787,-0.497010,0.259243,-0.029146,-0.032752,-0.285105,3.162844,-0.505217,0.259222,-0.025455,-0.032800,-0.285100,3.162800,-0.505200,0.259200,-0.025500,,,,,,,0
631,1787907307.1519,1787907307.167,0.05537,-0.036816,-0.280718,2.969787,-0.497010,0.259243,-0.029146,-0.031782,-0.277543,3.165421,-0.505376,0.280929,-0.027245,-0.031800,-0.277500,3.165400,-0.505400,0.280900,-0.027200,,,,,,,0
632,1787907307.1911,1787907307.206,0.03922,-0.036816,-0.280718,2.969787,-0.497010,0.259243,-0.029146,-0.032315,-0.274790,3.166469,-0.506906,0.281007,-0.027388,-0.032300,-0.274800,3.166500,-0.506900,0.281000,-0.027400,,,,,,,0
633,1787907307.2495,1787907307.263,0.05842,-0.036816,-0.280718,2.969787,-0.497010,0.259243,-0.029146,-0.032763,-0.273286,3.171682,-0.505357,0.279313,-0.027943,-0.032800,-0.273300,3.171700,-0.505400,0.279300,-0.027900,,,,,,,0
634,1787907307.3159,1787907307.33,0.06639,-0.036816,-0.280718,2.969787,-0.497010,0.276117,-0.029146,-0.028492,-0.274974,3.166633,-0.509573,0.281782,-0.028174,-0.028500,-0.275000,3.166600,-0.509600,0.281800,-0.028200,,,,,,,0
635,1787907307.3551,1787907307.3701,0.03921,-0.036816,-0.279185,2.969787,-0.497010,0.277651,-0.029146,-0.029613,-0.276344,3.166487,-0.507476,0.278554,-0.026613,-0.029600,-0.276300,3.166500,-0.507500,0.278600,-0.026600,,,,,,,0
636,1787907307.4126,1787907307.4261,0.05752,-0.036816,-0.276117,2.969787,-0.498544,0.279185,-0.029146,-0.029138,-0.277138,3.164513,-0.507567,0.279981,-0.026401,-0.029100,-0.277100,3.164500,-0.507600,0.280000,-0.026400,,,,,,,0
637,1787907307.468,1787907307.482,0.05539,-0.036816,-0.276117,2.969787,-0.503146,0.279185,-0.029146,-0.027570,-0.277665,3.163326,-0.508863,0.277796,-0.027289,-0.027600,-0.277700,3.163300,-0.508900,0.277800,-0.027300,,,,,,,0
638,1787907307.5075,1787907307.5219,0.03945,-0.036816,-0.277651,2.969787,-0.503146,0.279185,-0.029146,-0.027551,-0.278934,3.163068,-0.503151,0.277733,-0.026362,-0.027600,-0.278900,3.163100,-0.503200,0.277700,-0.026400,,,,,,,0
639,1787907307.5644,1787907307.5781,0.05693,-0.035282,-0.277651,2.969787,-0.503146,0.279185,-0.029146,-0.029709,-0.279445,3.161378,-0.505652,0.275329,-0.027452,-0.029700,-0.279400,3.161400,-0.505700,0.275300,-0.027500,,,,,,,0
640,1787907307.6203,1787907307.6351,0.05596,-0.033748,-0.277651,2.969787,-0.503146,0.279185,-0.029146,-0.028182,-0.283192,3.158539,-0.507644,0.276937,-0.026494,-0.028200,-0.283200,3.158500,-0.507600,0.276900,-0.026500,,,,,,,0
641,1787907307.6596,1787907307.6741,0.03928,-0.033748,-0.277651,2.969787,-0.503146,0.279185,-0.029146,-0.028632,-0.281029,3.162313,-0.507007,0.275357,-0.025946,-0.028600,-0.281000,3.162300,-0.507000,0.275400,-0.025900,,,,,,,0
642,1787907307.7165,1787907307.7301,0.05687,-0.033748,-0.277651,2.969787,-0.501612,0.279185,-0.029146,-0.029743,-0.283614,3.159996,-0.508466,0.273852,-0.026269,-0.029700,-0.283600,3.160000,-0.508500,0.273900,-0.026300,,,,,,,0
643,1787907307.7727,1787907307.7889,0.05622,-0.033748,-0.279185,2.969787,-0.501612,0.279185,-0.029146,-0.030420,-0.283723,3.159921,-0.507061,0.274529,-0.026577,-0.030400,-0.283700,3.159900,-0.507100,0.274500,-0.026600,,,,,,,0
644,1787907307.812,1787907307.8271,0.03933,-0.033748,-0.280718,2.969787,-0.501612,0.279185,-0.029146,-0.028172,-0.282735,3.164260,-0.507560,0.271219,-0.026480,-0.028200,-0.282700,3.164300,-0.507600,0.271200,-0.026500,,,,,,,0
645,1787907307.8714,1787907307.8849,0.05941,-0.033748,-0.280718,2.969787,-0.501612,0.279185,-0.029146,-0.030596,-0.285378,3.159601,-0.505406,0.271525,-0.026026,-0.030600,-0.285400,3.159600,-0.505400,0.271500,-0.026000,,,,,,,0
646,1787907307.938,1787907307.9519,0.06654,-0.033748,-0.280718,2.969787,-0.501612,0.279185,-0.029146,-0.031031,-0.287050,3.165893,-0.506251,0.272593,-0.026961,-0.031000,-0.287000,3.165900,-0.506300,0.272600,-0.027000,,,,,,,0
647,1787907307.9767,1787907307.9932,0.03872,-0.033748,-0.280718,2.969787,-0.501612,0.279185,-0.029146,-0.032452,-0.285352,3.165735,-0.507144,0.271496,-0.026276,-0.032500,-0.285400,3.165700,-0.507100,0.271500,-0.026300,,,,,,,1
648,1787907308.0344,1787907308.0481,0.05771,-0.033748,-0.282252,2.969787,-0.501612,0.277651,-0.029146,-0.030231,-0.286367,3.168347,-0.508373,0.270509,-0.026640,-0.030200,-0.286400,3.168300,-0.508400,0.270500,-0.026600,,,,,,,1
649,1787907308.1011,1787907308.1162,0.06667,-0.033748,-0.283786,2.969787,-0.501612,0.276117,-0.029146,-0.030802,-0.284156,3.167848,-0.508460,0.266680,-0.026734,-0.030800,-0.284200,3.167800,-0.508500,0.266700,-0.026700,,,,,,,0
650,1787907308.1397,1787907308.1531,0.0386,-0.033748,-0.283786,2.969787,-0.501612,0.276117,-0.029146,-0.037386,-0.281932,3.172071,-0.497162,0.285409,-0.024993,-0.037400,-0.281900,3.172100,-0.497200,0.285400,-0.025000,,,,,,,0
651,1787907308.1966,1787907308.2111,0.05688,-0.033748,-0.283786,2.969787,-0.501612,0.276117,-0.029146,-0.036512,-0.280166,3.172307,-0.493929,0.283494,-0.024554,-0.036500,-0.280200,3.172300,-0.493900,0.283500,-0.024600,,,,,,,0
652,1787907308.264,1787907308.2791,0.06742,-0.033748,-0.283786,2.969787,-0.501612,0.274583,-0.029146,-0.035890,-0.283580,3.171990,-0.493369,0.284447,-0.025324,-0.035900,-0.283600,3.172000,-0.493400,0.284400,-0.025300,,,,,,,0
653,1787907308.3033,1787907308.3179,0.03931,-0.033748,-0.283786,2.969787,-0.501612,0.280718,-0.029146,-0.033594,-0.283684,3.176224,-0.494029,0.285357,-0.025098,-0.033600,-0.283700,3.176200,-0.494000,0.285400,-0.025100,,,,,,,0
654,1787907308.3604,1787907308.3752,0.05713,-0.033748,-0.283786,2.969787,-0.497010,0.282252,-0.029146,-0.031705,-0.285275,3.176389,-0.495092,0.286654,-0.025770,-0.031700,-0.285300,3.176400,-0.495100,0.286700,-0.025800,,,,,,,0
655,1787907308.4163,1787907308.431,0.05589,-0.033748,-0.283786,2.969787,-0.497010,0.283786,-0.029146,-0.030082,-0.285393,3.179050,-0.495028,0.286523,-0.025358,-0.030100,-0.285400,3.179100,-0.495000,0.286500,-0.025400,,,,,,,0
656,1787907308.4557,1787907308.4702,0.03941,-0.033748,-0.283786,2.969787,-0.497010,0.283786,-0.029146,-0.031341,-0.287318,3.177719,-0.496106,0.287819,-0.025145,-0.031300,-0.287300,3.177700,-0.496100,0.287800,-0.025100,,,,,,,0
657,1787907308.5136,1787907308.5272,0.05782,-0.033748,-0.283786,2.969787,-0.497010,0.283786,-0.029146,-0.031430,-0.287964,3.176810,-0.495609,0.290840,-0.026721,-0.031400,-0.288000,3.176800,-0.495600,0.290800,-0.026700,,,,,,,0
658,1787907308.5687,1787907308.5821,0.05513,-0.033748,-0.283786,2.969787,-0.497010,0.283786,-0.029146,-0.031399,-0.288985,3.180445,-0.495364,0.284623,-0.025996,-0.031400,-0.289000,3.180400,-0.495400,0.284600,-0.026000,,,,,,,0
659,1787907308.6083,1787907308.6229,0.03959,-0.033748,-0.283786,2.969787,-0.497010,0.285320,-0.029146,-0.029512,-0.290916,3.178254,-0.498463,0.285047,-0.026647,-0.029500,-0.290900,3.178300,-0.498500,0.285000,-0.026600,,,,,,,0
660,1787907308.6652,1787907308.681,0.05688,-0.033748,-0.283786,2.969787,-0.497010,0.289922,-0.029146,-0.031178,-0.291370,3.179409,-0.497712,0.283448,-0.026943,-0.031200,-0.291400,3.179400,-0.497700,0.283400,-0.026900,,,,,,,0
661,1787907308.9438,1787907308.9579,0.27861,-0.033748,-0.288388,2.969787,-0.497010,0.289922,-0.029146,-0.033870,-0.289564,2.968887,-0.490741,0.299321,-0.029299,-0.033900,-0.289600,2.968900,-0.490700,0.299300,-0.029300,,,,,,,0
