step,t_obs,t_cmd,dt,pos_base,pos_shoulder,pos_elbow,pos_wrist,pos_roll,pos_gripper,cmd_base,cmd_shoulder,cmd_elbow,cmd_wrist,cmd_roll,cmd_gripper,sent_base,sent_shoulder,sent_elbow,sent_wrist,sent_roll,sent_gripper,velraw_base,velraw_shoulder,velraw_elbow,velraw_wrist,velraw_roll,velraw_gripper,chunk_start
0,1787907408.183,1787907408.198,0.06307,-0.041417,-0.463262,2.839398,0.437185,1.696583,-0.046019,-0.042978,-0.464912,2.819195,0.428549,1.339275,-0.038259,-0.043000,-0.464900,2.819200,0.428500,1.339300,-0.038300,,,,,,,1
1,1787907408.2496,1787907408.2631,0.06655,-0.041417,-0.463262,2.839398,0.437185,1.696583,-0.046019,-0.043763,-0.473195,2.818872,0.431659,1.337298,-0.038185,-0.043800,-0.473200,2.818900,0.431700,1.337300,-0.038200,,,,,,,1
2,1787907408.2881,1787907408.303,0.03855,-0.041417,-0.463262,2.839398,0.437185,1.696583,-0.046019,-0.040673,-0.468348,2.820061,0.432333,1.333675,-0.038472,-0.040700,-0.468300,2.820100,0.432300,1.333700,-0.038500,,,,,,,0
3,1787907408.3446,1787907408.3581,0.05651,-0.041417,-0.463262,2.833263,0.435651,1.687379,-0.046019,-0.043160,-0.471355,2.815253,0.432761,1.329454,-0.038318,-0.043200,-0.471400,2.815300,0.432800,1.329500,-0.038300,,,,,,,0
4,1787907408.3999,1787907408.414,0.05525,-0.041417,-0.469398,2.831729,0.434117,1.639825,-0.046019,-0.043487,-0.466582,2.814460,0.430254,1.324873,-0.038589,-0.043500,-0.466600,2.814500,0.430300,1.324900,-0.038600,,,,,,,0
5,1787907408.4396,1787907408.4531,0.03973,-0.041417,-0.472466,2.831729,0.434117,1.599942,-0.046019,-0.041619,-0.472686,2.805509,0.425171,1.315855,-0.037447,-0.041600,-0.472700,2.805500,0.425200,1.315900,-0.037400,,,,,,,0
6,1787907408.4959,1787907408.5091,0.05627,-0.041417,-0.469398,2.827127,0.434117,1.510971,-0.046019,-0.038970,-0.474323,2.803674,0.424086,1.311180,-0.034469,-0.039000,-0.474300,2.803700,0.424100,1.311200,-0.034500,,,,,,,0
7,1787907408.5346,1787907408.5491,0.03871,-0.041417,-0.469398,2.827127,0.434117,1.457282,-0.046019,-0.040631,-0.470547,2.801483,0.427937,1.305611,-0.036002,-0.040600,-0.470500,2.801500,0.427900,1.305600,-0.036000,,,,,,,0
8,1787907408.595,1787907408.6091,0.06038,-0.041417,-0.470932,2.819457,0.426447,1.383651,-0.039884,-0.042819,-0.469989,2.792913,0.418363,1.293634,-0.035940,-0.042800,-0.470000,2.792900,0.418400,1.293600,-0.035900,,,,,,,0
9,1787907408.6615,1787907408.677,0.06651,-0.041417,-0.470932,2.814855,0.426447,1.333029,-0.038350,-0.037379,-0.472223,2.790381,0.422487,1.296014,-0.035442,-0.037400,-0.472200,2.790400,0.422500,1.296000,-0.035400,,,,,,,0
10,1787907408.7172,1787907408.7328,0.05575,-0.041417,-0.470932,2.811787,0.426447,1.308486,-0.038350,-0.037036,-0.475978,2.788620,0.424925,1.288017,-0.033811,-0.037000,-0.476000,2.788600,0.424900,1.288000,-0.033800,,,,,,,0
11,1787907408.7563,1787907408.7711,0.03903,-0.041417,-0.470932,2.805651,0.421845,1.302350,-0.038350,-0.036601,-0.472167,2.782796,0.424238,1.283041,-0.035249,-0.036600,-0.472200,2.782800,0.424200,1.283000,-0.035200,,,,,,,0
12,1787907408.815,1787907408.8291,0.05871,-0.041417,-0.470932,2.802583,0.421845,1.300816,-0.038350,-0.037788,-0.470059,2.790024,0.424496,1.277389,-0.033746,-0.037800,-0.470100,2.790000,0.424500,1.277400,-0.033700,,,,,,,0
13,1787907408.8814,1787907408.895,0.06649,-0.041417,-0.472466,2.799515,0.421845,1.288544,-0.038350,-0.039204,-0.470744,2.793236,0.422539,1.269602,-0.033913,-0.039200,-0.470700,2.793200,0.422500,1.269600,-0.033900,,,,,,,0
14,1787907408.9209,1787907408.936,0.03941,-0.041417,-0.470932,2.797981,0.423379,1.288544,-0.038350,-0.037929,-0.463403,2.803627,0.423199,1.283296,-0.031275,-0.037900,-0.463400,2.803600,0.423200,1.283300,-0.031300,,,,,,,1
15,1787907408.9776,1787907408.9911,0.05674,-0.041417,-0.470932,2.796447,0.423379,1.282408,-0.038350,-0.038615,-0.465798,2.802118,0.420644,1.275417,-0.034139,-0.038600,-0.465800,2.802100,0.420600,1.275400,-0.034100,,,,,,,1
16,1787907409.0328,1787907409.0461,0.05523,-0.041417,-0.470932,2.801049,0.423379,1.279340,-0.038350,-0.037515,-0.460950,2.807908,0.416805,1.282624,-0.033480,-0.037500,-0.460900,2.807900,0.416800,1.282600,-0.033500,,,,,,,0
17,1787907409.0722,1787907409.0871,0.03939,-0.041417,-0.467864,2.804117,0.423379,1.279340,-0.038350,-0.046841,-0.459538,2.828216,0.419559,1.260262,-0.038952,-0.046800,-0.459500,2.828200,0.419600,1.260300,-0.039000,,,,,,,0
18,1787907409.1302,1787907409.1452,0.05795,-0.041417,-0.469398,2.804117,0.421845,1.279340,-0.038350,-0.047351,-0.460421,2.829815,0.422788,1.259308,-0.039496,-0.047400,-0.460400,2.829800,0.422800,1.259300,-0.039500,,,,,,,0
19,1787907409.1856,1787907409.1989,0.0554,-0.041417,-0.463262,2.813321,0.420311,1.279340,-0.038350,-0.048236,-0.460610,2.831059,0.420728,1.257631,-0.039556,-0.048200,-0.460600,2.831100,0.420700,1.257600,-0.039600,,,,,,,0
20,1787907409.2245,1787907409.2391,0.03888,-0.041417,-0.463262,2.822525,0.420311,1.277806,-0.032214,-0.047370,-0.460541,2.835017,0.421694,1.252417,-0.038178,-0.047400,-0.460500,2.835000,0.421700,1.252400,-0.038200,,,,,,,0
21,1787907409.2858,1787907409.2999,0.06136,-0.041417,-0.464796,2.827127,0.414175,1.264000,-0.033748,-0.045296,-0.461780,2.834820,0.421148,1.247805,-0.037849,-0.045300,-0.461800,2.834800,0.421100,1.247800,-0.037800,,,,,,,0
22,1787907409.3204,1787907409.3349,0.03461,-0.041417,-0.463262,2.827127,0.414175,1.264000,-0.033748,-0.042969,-0.458496,2.834345,0.423473,1.247306,-0.036705,-0.043000,-0.458500,2.834300,0.423500,1.247300,-0.036700,,,,,,,0
23,1787907409.372,1787907409.3862,0.05152,-0.041417,-0.464796,2.828661,0.414175,1.257864,-0.033748,-0.045038,-0.464517,2.835936,0.421254,1.244533,-0.037139,-0.045000,-0.464500,2.835900,0.421300,1.244500,-0.037100,,,,,,,0
24,1787907409.4386,1787907409.4531,0.06662,-0.041417,-0.463262,2.828661,0.414175,1.253262,-0.033748,-0.044644,-0.462372,2.838833,0.419783,1.240158,-0.034938,-0.044600,-0.462400,2.838800,0.419800,1.240200,-0.034900,,,,,,,0
25,1787907409.4753,1787907409.4901,0.0367,-0.041417,-0.463262,2.828661,0.414175,1.251728,-0.033748,-0.044982,-0.463645,2.841746,0.418653,1.238178,-0.035939,-0.045000,-0.463600,2.841700,0.418700,1.238200,-0.035900,,,,,,,0
26,1787907409.5268,1787907409.5411,0.0515,-0.041417,-0.464796,2.830195,0.414175,1.251728,-0.033748,-0.046311,-0.466048,2.842812,0.415755,1.230809,-0.036762,-0.046300,-0.466000,2.842800,0.415800,1.230800,-0.036800,,,,,,,0
27,1787907409.5933,1787907409.6071,0.06656,-0.041417,-0.464796,2.831729,0.414175,1.245592,-0.033748,-0.044674,-0.464665,2.843497,0.418512,1.228695,-0.037177,-0.044700,-0.464700,2.843500,0.418500,1.228700,-0.037200,,,,,,,0
28,1787907409.6323,1787907409.6481,0.03893,-0.041417,-0.464796,2.831729,0.411107,1.242524,-0.033748,-0.046050,-0.463297,2.843175,0.413230,1.225245,-0.036441,-0.046000,-0.463300,2.843200,0.413200,1.225200,-0.036400,,,,,,,0
29,1787907409.6902,1787907409.7052,0.05793,-0.041417,-0.464796,2.831729,0.411107,1.236389,-0.033748,-0.046006,-0.466259,2.841432,0.411587,1.222785,-0.037096,-0.046000,-0.466300,2.841400,0.411600,1.222800,-0.037100,,,,,,,0
30,1787907409.7563,1787907409.7702,0.06613,-0.041417,-0.464796,2.831729,0.411107,1.233321,-0.033748,-0.048081,-0.465484,2.845585,0.413325,1.223263,-0.036599,-0.048100,-0.465500,2.845600,0.413300,1.223300,-0.036600,,,,,,,0
31,1787907409.7952,1787907409.8092,0.03886,-0.041417,-0.464796,2.833263,0.411107,1.233321,-0.033748,-0.045984,-0.465008,2.847054,0.410004,1.219517,-0.036494,-0.046000,-0.465000,2.847100,0.410000,1.219500,-0.036500,,,,,,,0
32,1787907409.8515,1787907409.8659,0.05632,-0.041417,-0.464796,2.833263,0.411107,1.228719,-0.033748,-0.047437,-0.467001,2.845469,0.411205,1.206125,-0.032937,-0.047400,-0.467000,2.845500,0.411200,1.206100,-0.032900,,,,,,,1
33,1787907409.8905,1787907409.905,0.03904,-0.041417,-0.464796,2.834796,0.411107,1.227185,-0.033748,-0.046387,-0.461654,2.840892,0.412325,1.203938,-0.032719,-0.046400,-0.461700,2.840900,0.412300,1.203900,-0.032700,,,,,,,1
34,1787907409.949,1787907409.963,0.05851,-0.041417,-0.466330,2.834796,0.409573,1.227185,-0.033748,-0.046162,-0.464605,2.836464,0.413272,1.197883,-0.032388,-0.046200,-0.464600,2.836500,0.413300,1.197900,-0.032400,,,,,,,0
35,1787907410.0044,1787907410.0191,0.05539,-0.041417,-0.466330,2.834796,0.409573,1.213379,-0.033748,-0.053411,-0.455441,2.809705,0.416612,1.229557,-0.020054,-0.053400,-0.455400,2.809700,0.416600,1.229600,-0.020100,,,,,,,0
36,1787907410.0608,1787907410.074,0.05632,-0.041417,-0.466330,2.834796,0.409573,1.207243,-0.033748,-0.053400,-0.451703,2.805609,0.416049,1.223201,-0.018151,-0.053400,-0.451700,2.805600,0.416000,1.223200,-0.018200,,,,,,,0
37,1787907410.1011,1787907410.1171,0.04038,-0.041417,-0.466330,2.834796,0.409573,1.205709,-0.032214,-0.052044,-0.448764,2.806672,0.416287,1.230901,-0.016639,-0.052000,-0.448800,2.806700,0.416300,1.230900,-0.016600,,,,,,,0
38,1787907410.1575,1787907410.1711,0.05636,-0.041417,-0.458660,2.828661,0.409573,1.214913,-0.024544,-0.052168,-0.450549,2.800839,0.413042,1.227198,-0.016103,-0.052200,-0.450500,2.800800,0.413000,1.227200,-0.016100,,,,,,,0
39,1787907410.1963,1787907410.21,0.0388,-0.041417,-0.452524,2.819457,0.418777,1.224117,-0.024544,-0.052423,-0.453225,2.802950,0.413879,1.234214,-0.016241,-0.052400,-0.453200,2.802900,0.413900,1.234200,-0.016200,,,,,,,0
40,1787907410.2549,1787907410.2679,0.05858,-0.041417,-0.450990,2.816389,0.417243,1.227185,-0.023010,-0.053070,-0.451048,2.797221,0.407623,1.225157,-0.014559,-0.053100,-0.451000,2.797200,0.407600,1.225200,-0.014600,,,,,,,0
41,1787907410.3105,1787907410.325,0.05563,-0.041417,-0.455592,2.816389,0.417243,1.230253,-0.018408,-0.052795,-0.452790,2.800178,0.409527,1.224921,-0.014477,-0.052800,-0.452800,2.800200,0.409500,1.224900,-0.014500,,,,,,,0
42,1787907410.3498,1787907410.3629,0.03928,-0.041417,-0.452524,2.816389,0.415709,1.231787,-0.018408,-0.053153,-0.455300,2.799964,0.410095,1.229609,-0.015818,-0.053200,-0.455300,2.800000,0.410100,1.229600,-0.015800,,,,,,,0
43,1787907410.406,1787907410.4211,0.05622,-0.041417,-0.454058,2.810253,0.409573,1.231787,-0.018408,-0.054419,-0.459577,2.800379,0.409410,1.227169,-0.015321,-0.054400,-0.459600,2.800400,0.409400,1.227200,-0.015300,,,,,,,0
44,1787907410.445,1787907410.4591,0.03899,-0.041417,-0.454058,2.810253,0.412641,1.231787,-0.018408,-0.053821,-0.456153,2.800485,0.406584,1.231799,-0.017409,-0.053800,-0.456200,2.800500,0.406600,1.231800,-0.017400,,,,,,,0
45,1787907410.504,1787907410.5181,0.05901,-0.041417,-0.452524,2.808719,0.412641,1.231787,-0.018408,-0.052899,-0.456646,2.799792,0.409058,1.231877,-0.016524,-0.052900,-0.456600,2.799800,0.409100,1.231900,-0.016500,,,,,,,0
46,1787907410.5705,1787907410.5861,0.06651,-0.041417,-0.458660,2.808719,0.411107,1.231787,-0.018408,-0.056264,-0.459651,2.802109,0.409615,1.230567,-0.018121,-0.056300,-0.459700,2.802100,0.409600,1.230600,-0.018100,,,,,,,0
47,1787907410.6263,1787907410.64,0.05574,-0.041417,-0.457126,2.808719,0.409573,1.231787,-0.018408,-0.054877,-0.459263,2.801994,0.407928,1.236214,-0.018896,-0.054900,-0.459300,2.802000,0.407900,1.236200,-0.018900,,,,,,,0
48,1787907410.666,1787907410.6811,0.0397,-0.041417,-0.457126,2.808719,0.409573,1.231787,-0.018408,-0.055495,-0.456742,2.799193,0.406232,1.228792,-0.019123,-0.055500,-0.456700,2.799200,0.406200,1.228800,-0.019100,,,,,,,0
49,1787907410.7226,1787907410.736,0.05667,-0.046019,-0.458660,2.808719,0.409573,1.231787,-0.018408,-0.055755,-0.458893,2.797325,0.407577,1.231399,-0.018514,-0.055800,-0.458900,2.797300,0.407600,1.231400,-0.018500,,,,,,,0
50,1787907410.7785,1787907410.7921,0.05583,-0.047553,-0.458660,2.808719,0.409573,1.233321,-0.018408,-0.053991,-0.454788,2.790738,0.410309,1.217133,-0.016685,-0.054000,-0.454800,2.790700,0.410300,1.217100,-0.016700,,,,,,,1
51,1787907410.8179,1787907410.8319,0.03939,-0.047553,-0.458660,2.808719,0.409573,1.233321,-0.018408,-0.054357,-0.456178,2.781455,0.410153,1.206777,-0.017303,-0.054400,-0.456200,2.781500,0.410200,1.206800,-0.017300,,,,,,,1
52,1787907410.8765,1787907410.89,0.0586,-0.047553,-0.458660,2.808719,0.409573,1.233321,-0.018408,-0.054865,-0.451197,2.765251,0.407399,1.189040,-0.018255,-0.054900,-0.451200,2.765300,0.407400,1.189000,-0.018300,,,,,,,0
53,1787907410.9314,1787907410.945,0.05492,-0.047553,-0.458660,2.801049,0.409573,1.221049,-0.018408,-0.056045,-0.426438,2.799455,0.413436,1.233692,-0.009961,-0.056000,-0.426400,2.799500,0.413400,1.233700,-0.010000,,,,,,,0
54,1787907410.9704,1787907410.985,0.03898,-0.047553,-0.458660,2.793379,0.409573,1.213379,-0.018408,-0.056517,-0.428717,2.792956,0.410455,1.230567,-0.009375,-0.056500,-0.428700,2.793000,0.410500,1.230600,-0.009400,,,,,,,0
55,1787907411.0267,1787907411.041,0.05633,-0.047553,-0.457126,2.782641,0.409573,1.198039,-0.016874,-0.054187,-0.430350,2.800324,0.410497,1.234056,-0.009553,-0.054200,-0.430400,2.800300,0.410500,1.234100,-0.009600,,,,,,,0
56,1787907411.0655,1787907411.0801,0.03877,-0.047553,-0.447922,2.781107,0.409573,1.196505,-0.016874,-0.057462,-0.430527,2.804816,0.407032,1.229644,-0.010045,-0.057500,-0.430500,2.804800,0.407000,1.229600,-0.010000,,,,,,,0
57,1787907411.1226,1787907411.1362,0.05712,-0.047553,-0.431049,2.794913,0.409573,1.216447,-0.013806,-0.056073,-0.428444,2.801363,0.408303,1.237656,-0.007431,-0.056100,-0.428400,2.801400,0.408300,1.237700,-0.007400,,,,,,,0
58,1787907411.1839,1787907411.1988,0.06128,-0.047553,-0.438719,2.804117,0.409573,1.231787,-0.012272,-0.056341,-0.427080,2.800170,0.413017,1.240394,-0.006412,-0.056300,-0.427100,2.800200,0.413000,1.240400,-0.006400,,,,,,,0
59,1787907411.2181,1787907411.233,0.03423,-0.047553,-0.440252,2.805651,0.409573,1.231787,-0.012272,-0.056955,-0.431184,2.799169,0.410601,1.237411,-0.003094,-0.057000,-0.431200,2.799200,0.410600,1.237400,-0.003100,,,,,,,0
60,1787907411.2791,1787907411.2931,0.06102,-0.047553,-0.427981,2.805651,0.409573,1.237922,-0.010738,-0.058200,-0.429030,2.800806,0.410204,1.242194,-0.004439,-0.058200,-0.429000,2.800800,0.410200,1.242200,-0.004400,,,,,,,0
61,1787907411.3344,1787907411.3482,0.05532,-0.047553,-0.435651,2.805651,0.409573,1.239456,-0.010738,-0.056297,-0.430057,2.794686,0.412278,1.245161,-0.003483,-0.056300,-0.430100,2.794700,0.412300,1.245200,-0.003500,,,,,,,0
62,1787907411.3741,1787907411.3901,0.03968,-0.047553,-0.434117,2.805651,0.409573,1.239456,-0.010738,-0.056198,-0.429723,2.800358,0.411957,1.249743,-0.002463,-0.056200,-0.429700,2.800400,0.412000,1.249700,-0.002500,,,,,,,0
63,1787907411.4313,1787907411.4461,0.05723,-0.047553,-0.427981,2.805651,0.409573,1.240990,-0.010738,-0.055262,-0.426279,2.794992,0.413225,1.251100,-0.002239,-0.055300,-0.426300,2.795000,0.413200,1.251100,-0.002200,,,,,,,0
64,1787907411.4878,1787907411.5032,0.05651,-0.047553,-0.435651,2.805651,0.409573,1.247126,-0.010738,-0.058164,-0.429672,2.790798,0.410547,1.254123,-0.002890,-0.058200,-0.429700,2.790800,0.410500,1.254100,-0.002900,,,,,,,0
65,1787907411.5437,1787907411.5571,0.05586,-0.047553,-0.429515,2.805651,0.409573,1.250194,-0.010738,-0.059007,-0.426631,2.783564,0.412094,1.249115,-0.002496,-0.059000,-0.426600,2.783600,0.412100,1.249100,-0.002500,,,,,,,0
66,1787907411.5835,1787907411.598,0.03983,-0.047553,-0.429515,2.805651,0.409573,1.250194,-0.010738,-0.056650,-0.427361,2.778120,0.411132,1.243146,-0.003611,-0.056700,-0.427400,2.778100,0.411100,1.243100,-0.003600,,,,,,,0
67,1787907411.6406,1787907411.6542,0.05706,-0.047553,-0.434117,2.804117,0.409573,1.250194,-0.010738,-0.057769,-0.429148,2.767453,0.407443,1.226273,-0.003556,-0.057800,-0.429100,2.767500,0.407400,1.226300,-0.003600,,,,,,,0
68,1787907411.6963,1787907411.7112,0.05571,-0.047553,-0.429515,2.793379,0.409573,1.250194,-0.010738,-0.052107,-0.426300,2.690162,0.395529,1.108296,-0.007376,-0.052100,-0.426300,2.690200,0.395500,1.108300,-0.007400,,,,,,,1
69,1787907411.7356,1787907411.7502,0.03927,-0.047553,-0.431049,2.788777,0.409573,1.250194,-0.010738,-0.052252,-0.426583,2.672612,0.390100,1.017531,-0.009034,-0.052300,-0.426600,2.672600,0.390100,1.017500,-0.009000,,,,,,,1
70,1787907411.7921,1787907411.8072,0.0565,-0.047553,-0.432583,2.781107,0.409573,1.231787,-0.010738,-0.056344,-0.421658,2.648110,0.378772,0.922836,-0.009821,-0.056300,-0.421700,2.648100,0.378800,0.922800,-0.009800,,,,,,,0
71,1787907411.8311,1787907411.8462,0.03904,-0.047553,-0.429515,2.771903,0.400369,1.214913,-0.010738,-0.057135,-0.427125,2.766306,0.408797,1.243143,-0.009135,-0.057100,-0.427100,2.766300,0.408800,1.243100,-0.009100,,,,,,,0
72,1787907411.8831,1787907411.8972,0.05195,-0.047553,-0.431049,2.738156,0.394233,1.173495,-0.010738,-0.059276,-0.429811,2.766147,0.411001,1.254855,-0.009419,-0.059300,-0.429800,2.766100,0.411000,1.254900,-0.009400,,,,,,,0
73,1787907411.9495,1787907411.9642,0.0664,-0.047553,-0.426447,2.686000,0.388097,1.106000,-0.010738,-0.059674,-0.430509,2.765779,0.407613,1.257236,-0.009419,-0.059700,-0.430500,2.765800,0.407600,1.257200,-0.009400,,,,,,,0
74,1787907411.9863,1787907412.0009,0.03681,-0.047553,-0.424913,2.667593,0.395767,1.078388,-0.010738,-0.060099,-0.432217,2.769729,0.408866,1.271621,-0.009371,-0.060100,-0.432200,2.769700,0.408900,1.271600,-0.009400,,,,,,,0
75,1787907412.038,1787907412.0532,0.05176,-0.047553,-0.426447,2.661457,0.406505,1.055379,-0.010738,-0.063614,-0.429115,2.769210,0.401583,1.272944,-0.008483,-0.063600,-0.429100,2.769200,0.401600,1.272900,-0.008500,,,,,,,0
76,1787907412.1046,1787907412.118,0.06654,-0.049087,-0.429515,2.686000,0.406505,1.056913,-0.010738,-0.062061,-0.426580,2.765516,0.404921,1.275296,-0.006647,-0.062100,-0.426600,2.765500,0.404900,1.275300,-0.006600,,,,,,,0
77,1787907412.1414,1787907412.1552,0.03684,-0.049087,-0.429515,2.715146,0.406505,1.075321,-0.010738,-0.064217,-0.425155,2.769131,0.401683,1.277533,-0.004394,-0.064200,-0.425200,2.769100,0.401700,1.277500,-0.004400,,,,,,,0
78,1787907412.1928,1787907412.2071,0.0514,-0.052155,-0.429515,2.756563,0.408039,1.124408,-0.010738,-0.063785,-0.422028,2.773368,0.402452,1.283371,-0.002815,-0.063800,-0.422000,2.773400,0.402500,1.283400,-0.002800,,,,,,,0
79,1787907412.2594,1787907412.273,0.06656,-0.053689,-0.429515,2.770369,0.408039,1.202641,-0.010738,-0.062448,-0.419413,2.768503,0.405234,1.292538,-0.004015,-0.062400,-0.419400,2.768500,0.405200,1.292500,-0.004000,,,,,,,0
80,1787907412.2962,1787907412.31,0.03682,-0.053689,-0.429515,2.770369,0.408039,1.234855,-0.010738,-0.062206,-0.419168,2.774447,0.406395,1.285382,-0.002239,-0.062200,-0.419200,2.774400,0.406400,1.285400,-0.002200,,,,,,,0
81,1787907412.3479,1787907412.3631,0.05172,-0.053689,-0.424913,2.776505,0.408039,1.268602,-0.010738,-0.060458,-0.418041,2.778557,0.405866,1.286439,-0.002277,-0.060500,-0.418000,2.778600,0.405900,1.286400,-0.002300,,,,,,,0
82,1787907412.4143,1787907412.43,0.06636,-0.053689,-0.424913,2.776505,0.406505,1.288544,-0.010738,-0.059325,-0.416636,2.778745,0.407205,1.286473,0.000276,-0.059300,-0.416600,2.778700,0.407200,1.286500,0.000300,,,,,,,0
83,1787907412.4699,1787907412.4851,0.05562,-0.053689,-0.421845,2.781107,0.408039,1.288544,-0.010738,-0.061548,-0.416303,2.782776,0.409987,1.290382,0.001892,-0.061500,-0.416300,2.782800,0.410000,1.290400,0.001900,,,,,,,0
84,1787907412.509,1787907412.5231,0.0391,-0.053689,-0.421845,2.781107,0.408039,1.288544,-0.009204,-0.060347,-0.413472,2.786401,0.409810,1.287582,0.003573,-0.060300,-0.413500,2.786400,0.409800,1.287600,0.003600,,,,,,,0
85,1787907412.5678,1787907412.5821,0.05885,-0.053689,-0.420311,2.782641,0.408039,1.288544,-0.004602,-0.058480,-0.415256,2.786238,0.408718,1.281491,0.005682,-0.058500,-0.415300,2.786200,0.408700,1.281500,0.005700,,,,,,,0
86,1787907412.6342,1787907412.649,0.06638,-0.053689,-0.420311,2.785709,0.408039,1.288544,-0.003068,-0.057115,-0.411753,2.763403,0.408792,1.269066,0.003644,-0.057100,-0.411800,2.763400,0.408800,1.269100,0.003600,,,,,,,1
87,1787907412.6736,1787907412.687,0.03938,-0.053689,-0.420311,2.785709,0.408039,1.288544,-0.001534,-0.058659,-0.411961,2.755769,0.409276,1.253420,0.004187,-0.058700,-0.412000,2.755800,0.409300,1.253400,0.004200,,,,,,,1
88,1787907412.731,1787907412.7451,0.05739,-0.053689,-0.418777,2.785709,0.408039,1.288544,0.003068,-0.058952,-0.409882,2.744663,0.406807,1.225675,0.006331,-0.059000,-0.409900,2.744700,0.406800,1.225700,0.006300,,,,,,,0
89,1787907412.7974,1787907412.8121,0.0664,-0.053689,-0.418777,2.778039,0.408039,1.267068,0.003068,-0.065219,-0.415442,2.754453,0.412250,1.246273,-0.006161,-0.065200,-0.415400,2.754500,0.412200,1.246300,-0.006200,,,,,,,0
90,1787907412.834,1787907412.848,0.03655,-0.053689,-0.418777,2.768835,0.408039,1.259398,0.003068,-0.063095,-0.419119,2.750813,0.413786,1.246419,-0.006201,-0.063100,-0.419100,2.750800,0.413800,1.246400,-0.006200,,,,,,,0
91,1787907412.8858,1787907412.9009,0.05189,-0.053689,-0.415709,2.761165,0.408039,1.242524,0.003068,-0.061792,-0.416297,2.751009,0.413241,1.240302,-0.004919,-0.061800,-0.416300,2.751000,0.413200,1.240300,-0.004900,,,,,,,0
92,1787907412.9525,1787907412.9668,0.06661,-0.053689,-0.415709,2.759631,0.408039,1.233321,-0.003068,-0.062487,-0.417047,2.748611,0.410590,1.240909,-0.004926,-0.062500,-0.417000,2.748600,0.410600,1.240900,-0.004900,,,,,,,0
93,1787907412.9914,1787907413.0061,0.0389,-0.053689,-0.417243,2.759631,0.409573,1.236389,-0.003068,-0.064543,-0.415469,2.748487,0.408290,1.229924,-0.003199,-0.064500,-0.415500,2.748500,0.408300,1.229900,-0.003200,,,,,,,0
94,1787907413.0489,1787907413.064,0.0575,-0.053689,-0.415709,2.759631,0.409573,1.242524,-0.003068,-0.063621,-0.416525,2.745080,0.408727,1.225137,-0.001727,-0.063600,-0.416500,2.745100,0.408700,1.225100,-0.001700,,,,,,,0
95,1787907413.1152,1787907413.1301,0.06639,-0.053689,-0.417243,2.759631,0.409573,1.242524,-0.003068,-0.062727,-0.415263,2.743581,0.411784,1.225013,-0.001272,-0.062700,-0.415300,2.743600,0.411800,1.225000,-0.001300,,,,,,,0
96,1787907413.1541,1787907413.1688,0.03885,-0.053689,-0.415709,2.759631,0.409573,1.237922,-0.003068,-0.060283,-0.414515,2.737459,0.411355,1.215910,-0.002067,-0.060300,-0.414500,2.737500,0.411400,1.215900,-0.002100,,,,,,,0
97,1787907413.2119,1787907413.2271,0.05777,-0.053689,-0.415709,2.759631,0.409573,1.231787,-0.003068,-0.061928,-0.410246,2.725645,0.409078,1.202523,-0.000270,-0.061900,-0.410200,2.725600,0.409100,1.202500,-0.000300,,,,,,,0
98,1787907413.2783,1787907413.292,0.06647,-0.053689,-0.415709,2.755029,0.409573,1.225651,-0.003068,-0.063487,-0.408747,2.716000,0.409082,1.183090,-0.000176,-0.063500,-0.408700,2.716000,0.409100,1.183100,-0.000200,,,,,,,0
99,1787907413.3175,1787907413.3312,0.03912,-0.053689,-0.415709,2.751962,0.409573,1.221049,-0.003068,-0.062702,-0.407525,2.702995,0.408621,1.161904,-0.000564,-0.062700,-0.407500,2.703000,0.408600,1.161900,-0.000600,,,,,,,0
100,1787907413.3747,1787907413.3888,0.05726,-0.053689,-0.414175,2.739690,0.409573,1.207243,-0.003068,-0.059781,-0.405269,2.698769,0.413067,1.132381,0.001184,-0.059800,-0.405300,2.698800,0.413100,1.132400,0.001200,,,,,,,0
101,1787907413.4415,1787907413.4558,0.06675,-0.053689,-0.411107,2.722816,0.409573,1.181165,-0.003068,-0.061046,-0.403903,2.687707,0.409962,1.086439,0.003930,-0.061000,-0.403900,2.687700,0.410000,1.086400,0.003900,,,,,,,0
102,1787907413.4782,1787907413.4932,0.03674,-0.053689,-0.411107,2.716680,0.409573,1.168893,-0.003068,-0.060644,-0.408498,2.682202,0.406844,1.008889,0.005146,-0.060600,-0.408500,2.682200,0.406800,1.008900,0.005100,,,,,,,0
103,1787907413.5299,1787907413.5442,0.05168,-0.053689,-0.408039,2.713612,0.409573,1.147418,-0.003068,-0.064398,-0.402659,2.668079,0.406233,0.923543,0.006880,-0.064400,-0.402700,2.668100,0.406200,0.923500,0.006900,,,,,,,0
104,1787907413.5964,1787907413.6112,0.06657,-0.053689,-0.408039,2.701340,0.409573,1.110602,-0.003068,-0.065702,-0.395275,2.615656,0.386442,0.587223,0.006917,-0.065700,-0.395300,2.615700,0.386400,0.587200,0.006900,,,,,,,1
105,1787907413.6349,1787907413.6502,0.03848,-0.053689,-0.409573,2.695204,0.409573,1.079922,-0.003068,-0.063279,-0.386187,2.585717,0.383768,0.481349,0.005161,-0.063300,-0.386200,2.585700,0.383800,0.481300,0.005200,,,,,,,1
106,1787907413.692,1787907413.7072,0.05704,-0.053689,-0.408039,2.681398,0.409573,1.009359,-0.003068,-0.063021,-0.381232,2.562820,0.372254,0.397846,0.009014,-0.063000,-0.381200,2.562800,0.372300,0.397800,0.009000,,,,,,,0
107,1787907413.7302,1787907413.7441,0.03823,-0.053689,-0.403437,2.669127,0.398835,0.960272,0.001534,-0.064448,-0.404246,2.661022,0.399284,0.833473,-0.005099,-0.064400,-0.404200,2.661000,0.399300,0.833500,-0.005100,,,,,,,0
108,1787907413.7807,1787907413.7952,0.05047,-0.053689,-0.388097,2.633845,0.388097,0.868233,0.003068,-0.068175,-0.405544,2.674493,0.398270,0.989181,-0.003564,-0.068200,-0.405500,2.674500,0.398300,0.989200,-0.003600,,,,,,,0
109,1787907413.8475,1787907413.8622,0.0668,-0.053689,-0.389631,2.589360,0.381961,0.733243,0.003068,-0.070898,-0.402481,2.683328,0.397782,1.083626,-0.000663,-0.070900,-0.402500,2.683300,0.397800,1.083600,-0.000700,,,,,,,0
110,1787907413.8844,1787907413.8979,0.03696,-0.053689,-0.395767,2.580156,0.388097,0.673418,0.003068,-0.072165,-0.395436,2.683882,0.394645,1.121348,0.002529,-0.072200,-0.395400,2.683900,0.394600,1.121300,0.002500,,,,,,,0
111,1787907413.9358,1787907413.9511,0.05139,-0.058291,-0.400369,2.583224,0.394233,0.598253,0.003068,-0.072519,-0.396122,2.683241,0.394326,1.151129,0.005638,-0.072500,-0.396100,2.683200,0.394300,1.151100,0.005600,,,,,,,0
112,1787907414.0023,1787907414.0161,0.06646,-0.061359,-0.401903,2.620039,0.394233,0.535359,0.003068,-0.071158,-0.394601,2.681161,0.395944,1.165376,0.005683,-0.071200,-0.394600,2.681200,0.395900,1.165400,0.005700,,,,,,,0
113,1787907414.0397,1787907414.0532,0.03739,-0.061359,-0.398835,2.655321,0.395767,0.515418,0.003068,-0.071620,-0.395479,2.678858,0.395009,1.178672,0.007125,-0.071600,-0.395500,2.678900,0.395000,1.178700,0.007100,,,,,,,0
114,1787907414.0908,1787907414.1051,0.05115,-0.061359,-0.400369,2.679864,0.395767,0.506214,0.003068,-0.071367,-0.390759,2.671546,0.396013,1.190742,0.005931,-0.071400,-0.390800,2.671500,0.396000,1.190700,0.005900,,,,,,,0
115,1787907414.1573,1787907414.1711,0.06649,-0.062893,-0.400369,2.687534,0.395767,0.523087,0.003068,-0.071727,-0.391894,2.666177,0.394728,1.179764,0.005429,-0.071700,-0.391900,2.666200,0.394700,1.179800,0.005400,,,,,,,0
116,1787907414.196,1787907414.2101,0.03871,-0.062893,-0.398835,2.684466,0.395767,0.553767,0.003068,-0.071150,-0.387745,2.657790,0.394549,1.175417,0.006291,-0.071200,-0.387700,2.657800,0.394500,1.175400,0.006300,,,,,,,0
117,1787907414.2529,1787907414.2679,0.05689,-0.062893,-0.400369,2.684466,0.395767,0.622796,0.003068,-0.069121,-0.382639,2.649293,0.396951,1.166061,0.006327,-0.069100,-0.382600,2.649300,0.397000,1.166100,0.006300,,,,,,,0
118,1787907414.2908,1787907414.3052,0.03786,-0.062893,-0.394233,2.682932,0.395767,0.678020,0.003068,-0.067997,-0.377295,2.629877,0.395899,1.146147,0.006240,-0.068000,-0.377300,2.629900,0.395900,1.146100,0.006200,,,,,,,0
119,1787907414.3417,1787907414.356,0.05089,-0.062893,-0.391165,2.673729,0.395767,0.774660,0.003068,-0.071239,-0.370259,2.613724,0.390655,1.100921,0.007389,-0.071200,-0.370300,2.613700,0.390700,1.100900,0.007400,,,,,,,0
120,1787907414.4083,1787907414.423,0.06665,-0.062893,-0.385029,2.659923,0.395767,0.914253,0.003068,-0.068170,-0.366422,2.585887,0.392520,1.020811,0.006648,-0.068200,-0.366400,2.585900,0.392500,1.020800,0.006600,,,,,,,0
121,1787907414.4454,1787907414.459,0.03708,-0.062893,-0.377359,2.644583,0.395767,0.977146,0.003068,-0.064069,-0.363105,2.554473,0.387594,0.914955,0.002051,-0.064100,-0.363100,2.554500,0.387600,0.915000,0.002100,,,,,,,0
122,1787907414.4967,1787907414.51,0.05132,-0.062893,-0.374291,2.630777,0.395767,1.056913,0.003068,-0.061428,-0.358840,2.536870,0.383770,0.783730,-0.004365,-0.061400,-0.358800,2.536900,0.383800,0.783700,-0.004400,,,,,,,0
123,1787907414.5633,1787907414.577,0.06657,-0.062893,-0.365087,2.615437,0.394233,1.124408,0.003068,-0.061980,-0.351613,2.488590,0.372249,0.454075,-0.007750,-0.062000,-0.351600,2.488600,0.372200,0.454100,-0.007700,,,,,,,1
124,1787907414.6022,1787907414.6161,0.03896,-0.062893,-0.362019,2.593962,0.389631,1.147418,0.003068,-0.067201,-0.348884,2.467350,0.369408,0.310449,-0.007402,-0.067200,-0.348900,2.467400,0.369400,0.310400,-0.007400,,,,,,,1
125,1787907414.6589,1787907414.674,0.05668,-0.062893,-0.366621,2.557146,0.385029,1.161223,0.003068,-0.073787,-0.349811,2.446897,0.365212,0.216442,-0.001153,-0.073800,-0.349800,2.446900,0.365200,0.216400,-0.001200,,,,,,,0
126,1787907414.7264,1787907414.7412,0.0675,-0.062893,-0.348214,2.515728,0.374291,1.147418,-0.004602,-0.113840,-0.315144,2.517903,0.365705,0.147555,0.081135,-0.113800,-0.315100,2.517900,0.365700,0.147600,0.081100,,,,,,,0
127,1787907414.7631,1787907414.7771,0.0367,-0.062893,-0.346680,2.492719,0.372757,1.118272,-0.004602,-0.157676,-0.307156,2.505051,0.367891,0.099316,0.185173,-0.157700,-0.307200,2.505100,0.367900,0.099300,0.185200,,,,,,,0
128,1787907414.8147,1787907414.828,0.05163,-0.062893,-0.355884,2.469709,0.369689,1.058447,-0.004602,-0.204930,-0.296559,2.486349,0.375894,0.068905,0.303942,-0.204900,-0.296600,2.486300,0.375900,0.068900,0.303900,,,,,,,0
129,1787907414.8813,1787907414.896,0.06652,-0.079767,-0.332874,2.466641,0.368155,0.954136,0.151864,-0.277773,-0.278747,2.443783,0.378502,0.044776,0.411075,-0.277800,-0.278700,2.443800,0.378500,0.044800,0.411100,,,,,,,0
130,1787907414.9185,1787907414.9329,0.03723,-0.099709,-0.317534,2.477379,0.368155,0.885107,0.228563,-0.341023,-0.255679,2.418186,0.369296,0.047979,0.515199,-0.341000,-0.255700,2.418200,0.369300,0.048000,0.515200,,,,,,,0
131,1787907414.9698,1787907414.983,0.05126,-0.147262,-0.302194,2.495787,0.371223,0.762388,0.309864,-0.393107,-0.252622,2.393839,0.370558,0.062135,0.576131,-0.393100,-0.252600,2.393800,0.370600,0.062100,0.576100,,,,,,,0
132,1787907415.0364,1787907415.051,0.06664,-0.211689,-0.282252,2.486583,0.372757,0.587515,0.464796,-0.436723,-0.239835,2.380884,0.375890,0.068945,0.610728,-0.436700,-0.239800,2.380900,0.375900,0.068900,0.610700,,,,,,,0
133,1787907415.0736,1787907415.0869,0.03723,-0.251573,-0.268447,2.471243,0.372757,0.489340,0.546097,-0.488848,-0.200546,2.361341,0.379505,0.076904,0.682965,-0.488800,-0.200500,2.361300,0.379500,0.076900,0.683000,,,,,,,0
134,1787907415.1248,1787907415.139,0.05115,-0.314466,-0.254641,2.431360,0.372757,0.363553,0.578311,-0.516137,-0.191315,2.331778,0.385424,0.085129,0.687712,-0.516100,-0.191300,2.331800,0.385400,0.085100,0.687700,,,,,,,0
135,1787907415.1912,1787907415.206,0.06648,-0.386563,-0.248505,2.394544,0.374291,0.234699,0.684155,-0.561046,-0.169119,2.319390,0.387168,0.076619,0.692468,-0.561000,-0.169100,2.319400,0.387200,0.076600,0.692500,,,,,,,0
136,1787907415.2287,1787907415.2441,0.03749,-0.423379,-0.219359,2.379204,0.374291,0.177942,0.685689,-0.600933,-0.147250,2.290043,0.390505,0.069032,0.698724,-0.600900,-0.147300,2.290000,0.390500,0.069000,0.698700,,,,,,,0
137,1787907415.2799,1787907415.295,0.05112,-0.472466,-0.193282,2.359262,0.381961,0.115049,0.685689,-0.652364,-0.117839,2.262062,0.389922,0.046036,0.700379,-0.652400,-0.117800,2.262100,0.389900,0.046000,0.700400,,,,,,,0
138,1787907415.3465,1787907415.3601,0.06664,-0.524621,-0.185612,2.327049,0.385029,0.064427,0.694893,-0.690963,-0.093118,2.244713,0.384363,0.027978,0.703337,-0.691000,-0.093100,2.244700,0.384400,0.028000,0.703300,,,,,,,0
139,1787907415.3832,1787907415.3989,0.03672,-0.555301,-0.151864,2.308641,0.386563,0.052155,0.696427,-0.727607,-0.070063,2.216834,0.375702,0.024390,0.714486,-0.727600,-0.070100,2.216800,0.375700,0.024400,0.714500,,,,,,,0
140,1787907415.4348,1787907415.4481,0.05162,-0.602854,-0.124252,2.288699,0.386563,0.050621,0.696427,-0.761802,-0.037138,2.212263,0.363121,0.007125,0.734044,-0.761800,-0.037100,2.212300,0.363100,0.007100,0.734000,,,,,,,0
141,1787907415.5012,1787907415.5151,0.0664,-0.661146,-0.108913,2.256486,0.381961,0.036816,0.711767,-0.789994,-0.019693,2.199937,0.354080,-0.015268,0.751154,-0.790000,-0.019700,2.199900,0.354100,-0.015300,0.751200,,,,,,,0
142,1787907415.5385,1787907415.553,0.03723,-0.687223,-0.075165,2.235010,0.377359,0.030680,0.722505,-0.830346,0.038707,2.179933,0.346010,-0.093071,0.767571,-0.830300,0.038700,2.179900,0.346000,-0.093100,0.767600,,,,,,,1
143,1787907415.5898,1787907415.604,0.05137,-0.727107,-0.046019,2.228874,0.368155,0.016874,0.731709,-0.841779,0.065683,2.176050,0.349916,-0.145491,0.772481,-0.841800,0.065700,2.176000,0.349900,-0.145500,0.772500,,,,,,,1
144,1787907415.6563,1787907415.671,0.0665,-0.776194,-0.024544,2.212000,0.354350,-0.007670,0.765456,-0.856112,0.098160,2.163015,0.349479,-0.193181,0.779470,-0.856100,0.098200,2.163000,0.349500,-0.193200,0.779500,,,,,,,0
145,1787907415.6935,1787907415.7071,0.03711,-0.799204,0.018408,2.195127,0.349748,-0.032214,0.766990,-0.807957,0.153078,2.138632,0.386202,-0.263120,0.774786,-0.808000,0.153100,2.138600,0.386200,-0.263100,0.774800,,,,,,,0
146,1787907415.7447,1787907415.7591,0.05124,-0.826816,0.055223,2.190525,0.352816,-0.084369,0.768524,-0.800379,0.189759,2.121676,0.386835,-0.324814,0.783147,-0.800400,0.189800,2.121700,0.386800,-0.324800,0.783100,,,,,,,0
147,1787907415.8114,1787907415.8262,0.06667,-0.845223,0.079767,2.175185,0.354350,-0.154932,0.773126,-0.792390,0.224261,2.108212,0.383895,-0.393658,0.790904,-0.792400,0.224300,2.108200,0.383900,-0.393700,0.790900,,,,,,,0
148,1787907415.8488,1787907415.8632,0.0374,-0.845223,0.122718,2.155243,0.366621,-0.194816,0.776194,-0.786344,0.254810,2.096821,0.378260,-0.469103,0.799887,-0.786300,0.254800,2.096800,0.378300,-0.469100,0.799900,,,,,,,0
149,1787907415.8997,1787907415.9142,0.05094,-0.829884,0.170272,2.141437,0.380427,-0.256175,0.782330,-0.779411,0.282893,2.091345,0.378760,-0.530875,0.806002,-0.779400,0.282900,2.091300,0.378800,-0.530900,0.806000,,,,,,,0
150,1787907415.9663,1787907415.9802,0.06659,-0.793068,0.204019,2.116893,0.380427,-0.329806,0.796136,-0.780699,0.314701,2.090194,0.375112,-0.569497,0.817078,-0.780700,0.314700,2.090200,0.375100,-0.569500,0.817100,,,,,,,0
151,1787907416.0033,1787907416.0179,0.03704,-0.785398,0.237767,2.104622,0.375825,-0.377359,0.797670,-0.780404,0.341145,2.079123,0.379874,-0.603320,0.823888,-0.780400,0.341100,2.079100,0.379900,-0.603300,0.823900,,,,,,,0
152,1787907416.0547,1787907416.0679,0.05138,-0.782330,0.276117,2.103088,0.380427,-0.443320,0.803806,-0.779863,0.360819,2.072823,0.375211,-0.625632,0.828139,-0.779900,0.360800,2.072800,0.375200,-0.625600,0.828100,,,,,,,0
153,1787907416.1215,1787907416.1362,0.06676,-0.783864,0.302194,2.093884,0.380427,-0.521553,0.822214,-0.781153,0.378840,2.075587,0.378050,-0.637898,0.838562,-0.781200,0.378800,2.075600,0.378000,-0.637900,0.838600,,,,,,,0
154,1787907416.1582,1787907416.1722,0.03672,-0.780796,0.328272,2.086214,0.377359,-0.555301,0.823748,-0.777433,0.391156,2.071862,0.377842,-0.659741,0.843522,-0.777400,0.391200,2.071900,0.377800,-0.659700,0.843500,,,,,,,0
155,1787907416.2098,1787907416.2241,0.05162,-0.780796,0.358952,2.084680,0.380427,-0.596719,0.825282,-0.773893,0.410495,2.072173,0.378038,-0.682403,0.854139,-0.773900,0.410500,2.072200,0.378000,-0.682400,0.854100,,,,,,,0
156,1787907416.2764,1787907416.2921,0.06661,-0.782330,0.377359,2.081612,0.375825,-0.636602,0.839087,-0.770483,0.417245,2.075718,0.378356,-0.704978,0.864997,-0.770500,0.417200,2.075700,0.378400,-0.705000,0.865000,,,,,,,0
157,1787907416.3433,1787907416.3582,0.06688,-0.777728,0.406505,2.083146,0.380427,-0.664214,0.849825,-0.769330,0.430667,2.078843,0.374557,-0.725478,0.882909,-0.769300,0.430700,2.078800,0.374600,-0.725500,0.882900,,,,,,,0
158,1787907416.3826,1787907416.3971,0.03927,-0.776194,0.411107,2.083146,0.380427,-0.676486,0.857495,-0.770147,0.435663,2.076040,0.373756,-0.726668,0.890595,-0.770100,0.435700,2.076000,0.373800,-0.726700,0.890600,,,,,,,0
159,1787907416.4399,1787907416.4542,0.05734,-0.774660,0.415709,2.080078,0.375825,-0.699495,0.875903,-0.775623,0.444363,2.075119,0.371755,-0.722857,0.905559,-0.775600,0.444400,2.075100,0.371800,-0.722900,0.905600,,,,,,,0
160,1787907416.5064,1787907416.52,0.06648,-0.771592,0.435651,2.080078,0.380427,-0.720971,0.888175,-0.789291,0.462067,2.064267,0.370976,-0.724926,0.906989,-0.789300,0.462100,2.064300,0.371000,-0.724900,0.907000,,,,,,,1
161,1787907416.5458,1787907416.5602,0.0394,-0.771592,0.437185,2.080078,0.377359,-0.720971,0.894311,-0.791608,0.464233,2.068586,0.367236,-0.729542,0.900722,-0.791600,0.464200,2.068600,0.367200,-0.729500,0.900700,,,,,,,1
162,1787907416.6029,1787907416.6159,0.05712,-0.771592,0.444854,2.080078,0.372757,-0.720971,0.901981,-0.796993,0.469882,2.066452,0.367702,-0.732119,0.898176,-0.797000,0.469900,2.066500,0.367700,-0.732100,0.898200,,,,,,,0
163,1787907416.6693,1787907416.684,0.06635,-0.780796,0.466330,2.075476,0.371223,-0.722505,0.901981,-0.793581,0.463015,2.045597,0.343792,-0.639705,0.872702,-0.793600,0.463000,2.045600,0.343800,-0.639700,0.872700,,,,,,,0
164,1787907416.708,1787907416.723,0.03873,-0.786932,0.466330,2.075476,0.371223,-0.725573,0.901981,-0.795613,0.465557,2.042826,0.338854,-0.638275,0.873725,-0.795600,0.465600,2.042800,0.338900,-0.638300,0.873700,,,,,,,0
165,1787907416.7657,1787907416.78,0.05767,-0.790000,0.469398,2.072408,0.369689,-0.725573,0.891243,-0.800941,0.475633,2.045197,0.334469,-0.637199,0.871838,-0.800900,0.475600,2.045200,0.334500,-0.637200,0.871800,,,,,,,0
166,1787907416.8323,1787907416.8471,0.06659,-0.790000,0.470932,2.058602,0.348214,-0.704097,0.874369,-0.802439,0.477466,2.048203,0.335313,-0.633771,0.870613,-0.802400,0.477500,2.048200,0.335300,-0.633800,0.870600,,,,,,,0
167,1787907416.8691,1787907416.8841,0.03688,-0.790000,0.469398,2.054000,0.334408,-0.678020,0.874369,-0.805319,0.488045,2.049108,0.336263,-0.630774,0.869799,-0.805300,0.488000,2.049100,0.336300,-0.630800,0.869800,,,,,,,0
168,1787907416.9206,1787907416.9348,0.05149,-0.793068,0.474000,2.050932,0.340544,-0.648874,0.874369,-0.808156,0.494877,2.050009,0.333924,-0.636030,0.867348,-0.808200,0.494900,2.050000,0.333900,-0.636000,0.867300,,,,,,,0
169,1787907416.9873,1787907417.0031,0.06665,-0.796136,0.484738,2.052466,0.339010,-0.633534,0.872835,-0.810371,0.502423,2.048861,0.336017,-0.638784,0.862892,-0.810400,0.502400,2.048900,0.336000,-0.638800,0.862900,,,,,,,0
170,1787907417.0428,1787907417.057,0.05551,-0.799204,0.492408,2.052466,0.335942,-0.633534,0.872835,-0.811231,0.512628,2.045622,0.337885,-0.636807,0.863300,-0.811200,0.512600,2.045600,0.337900,-0.636800,0.863300,,,,,,,0
171,1787907417.0819,1787907417.0951,0.03909,-0.799204,0.498544,2.052466,0.335942,-0.633534,0.871301,-0.811128,0.518792,2.045353,0.336824,-0.635718,0.863773,-0.811100,0.518800,2.045400,0.336800,-0.635700,0.863800,,,,,,,0
172,1787907417.1387,1787907417.154,0.05687,-0.802272,0.506214,2.052466,0.335942,-0.633534,0.871301,-0.812195,0.529635,2.041436,0.340329,-0.631572,0.861300,-0.812200,0.529600,2.041400,0.340300,-0.631600,0.861300,,,,,,,0
173,1787907417.1951,1787907417.21,0.05639,-0.802272,0.516952,2.052466,0.335942,-0.633534,0.871301,-0.813358,0.535477,2.043608,0.339055,-0.629580,0.862535,-0.813400,0.535500,2.043600,0.339100,-0.629600,0.862500,,,,,,,0
174,1787907417.2343,1787907417.2479,0.03912,-0.802272,0.520019,2.052466,0.335942,-0.633534,0.869767,-0.816750,0.539676,2.043762,0.340960,-0.629280,0.862297,-0.816800,0.539700,2.043800,0.341000,-0.629300,0.862300,,,,,,,0
175,1787907417.2908,1787907417.3051,0.0565,-0.803806,0.529223,2.050932,0.335942,-0.633534,0.865165,-0.818438,0.547345,2.047015,0.341069,-0.629234,0.860532,-0.818400,0.547300,2.047000,0.341100,-0.629200,0.860500,,,,,,,0
176,1787907417.3297,1787907417.344,0.03898,-0.803806,0.535359,2.049398,0.331340,-0.630466,0.865165,-0.818911,0.554385,2.053413,0.341566,-0.625903,0.862262,-0.818900,0.554400,2.053400,0.341600,-0.625900,0.862300,,,,,,,0
177,1787907417.3899,1787907417.4051,0.06016,-0.806874,0.543029,2.052466,0.342078,-0.630466,0.865165,-0.819796,0.557130,2.053978,0.342859,-0.628936,0.863835,-0.819800,0.557100,2.054000,0.342900,-0.628900,0.863800,,,,,,,0
178,1787907417.4564,1787907417.47,0.06649,-0.809942,0.552233,2.049398,0.334408,-0.627398,0.865165,-0.820359,0.567089,2.049042,0.346227,-0.627274,0.864465,-0.820400,0.567100,2.049000,0.346200,-0.627300,0.864500,,,,,,,1
179,1787907417.4928,1787907417.5071,0.03643,-0.809942,0.555301,2.052466,0.342078,-0.627398,0.865165,-0.820935,0.568192,2.052972,0.346671,-0.623417,0.865422,-0.820900,0.568200,2.053000,0.346700,-0.623400,0.865400,,,,,,,1
180,1787907417.5449,1787907417.5601,0.05204,-0.809942,0.558369,2.054000,0.345146,-0.627398,0.865165,-0.826341,0.564563,2.052753,0.351122,-0.624359,0.864447,-0.826300,0.564600,2.052800,0.351100,-0.624400,0.864400,,,,,,,0
181,1787907417.6114,1787907417.625,0.06651,-0.813010,0.567573,2.052466,0.339010,-0.625864,0.865165,-0.817810,0.590170,1.991140,0.333245,-0.642264,0.844218,-0.817800,0.590200,1.991100,0.333200,-0.642300,0.844200,,,,,,,0
182,1787907417.6502,1787907417.6648,0.03885,-0.813010,0.572175,2.054000,0.348214,-0.625864,0.865165,-0.820543,0.595282,1.990771,0.334684,-0.637465,0.841297,-0.820500,0.595300,1.990800,0.334700,-0.637500,0.841300,,,,,,,0
183,1787907417.707,1787907417.7211,0.05677,-0.816078,0.569107,2.052466,0.346680,-0.625864,0.857495,-0.817924,0.599457,1.983721,0.340129,-0.627534,0.838162,-0.817900,0.599500,1.983700,0.340100,-0.627500,0.838200,,,,,,,0
184,1787907417.7742,1787907417.789,0.06722,-0.816078,0.590583,2.034059,0.340544,-0.632000,0.845223,-0.822668,0.606284,1.981728,0.341331,-0.633963,0.839205,-0.822700,0.606300,1.981700,0.341300,-0.634000,0.839200,,,,,,,0
185,1787907417.8136,1787907417.8281,0.03935,-0.816078,0.599786,2.015651,0.337476,-0.632000,0.843689,-0.821159,0.598579,1.979550,0.341600,-0.637839,0.835113,-0.821200,0.598600,1.979600,0.341600,-0.637800,0.835100,,,,,,,0
186,1787907417.8707,1787907417.8841,0.05716,-0.816078,0.599786,1.994175,0.337476,-0.632000,0.843689,-0.820775,0.599000,1.973925,0.341328,-0.634815,0.827757,-0.820800,0.599000,1.973900,0.341300,-0.634800,0.827800,,,,,,,0
187,1787907417.9373,1787907417.9522,0.0666,-0.816078,0.607456,1.983437,0.337476,-0.632000,0.843689,-0.830492,0.607604,1.986157,0.342381,-0.634882,0.816030,-0.830500,0.607600,1.986200,0.342400,-0.634900,0.816000,,,,,,,0
188,1787907417.9766,1787907417.9911,0.03929,-0.816078,0.607456,1.988039,0.345146,-0.632000,0.836020,-0.828020,0.605027,1.978894,0.345797,-0.640004,0.797627,-0.828000,0.605000,1.978900,0.345800,-0.640000,0.797600,,,,,,,0
189,1787907418.0338,1787907418.0482,0.05718,-0.816078,0.604388,1.981903,0.337476,-0.632000,0.823748,-0.830351,0.609638,1.976794,0.349608,-0.631307,0.751662,-0.830400,0.609600,1.976800,0.349600,-0.631300,0.751700,,,,,,,0
190,1787907418.1002,1787907418.1151,0.0664,-0.819146,0.610524,1.989573,0.346680,-0.632000,0.800738,-0.831183,0.616621,1.988562,0.350851,-0.645906,0.678759,-0.831200,0.616600,1.988600,0.350900,-0.645900,0.678800,,,,,,,0
191,1787907418.1391,1787907418.1542,0.03891,-0.819146,0.612058,1.991107,0.346680,-0.633534,0.790000,-0.833697,0.606832,1.986663,0.355559,-0.650626,0.590030,-0.833700,0.606800,1.986700,0.355600,-0.650600,0.590000,,,,,,,0
192,1787907418.196,1787907418.2101,0.05685,-0.820680,0.607456,1.983437,0.342078,-0.633534,0.733243,-0.833846,0.614115,1.996405,0.355854,-0.652702,0.523368,-0.833800,0.614100,1.996400,0.355900,-0.652700,0.523400,,,,,,,0
193,1787907418.2334,1787907418.2492,0.03746,-0.820680,0.613592,1.984971,0.345146,-0.636602,0.648874,-0.831954,0.612834,1.985757,0.347748,-0.666942,0.427268,-0.832000,0.612800,1.985800,0.347700,-0.666900,0.427300,,,,,,,0
194,1787907418.2847,1787907418.2989,0.05128,-0.822214,0.616660,1.988039,0.355884,-0.645806,0.585981,-0.829836,0.605365,1.985529,0.350669,-0.664124,0.300086,-0.829800,0.605400,1.985500,0.350700,-0.664100,0.300100,,,,,,,0
195,1787907418.3513,1787907418.3649,0.06663,-0.825282,0.615126,1.988039,0.348214,-0.653476,0.447922,-0.833734,0.609228,1.987960,0.351534,-0.655013,0.186629,-0.833700,0.609200,1.988000,0.351500,-0.655000,0.186600,,,,,,,0
196,1787907418.3903,1787907418.4042,0.039,-0.825282,0.616660,1.989573,0.354350,-0.659612,0.394233,-0.825719,0.602192,2.004610,0.345764,-0.654120,0.104824,-0.825700,0.602200,2.004600,0.345800,-0.654100,0.104800,,,,,,,0
197,1787907418.448,1787907418.4632,0.05771,-0.825282,0.615126,1.989573,0.351282,-0.659612,0.254641,-0.824779,0.605593,2.011919,0.346405,-0.644066,0.024031,-0.824800,0.605600,2.011900,0.346400,-0.644100,0.024000,,,,,,,1
198,1787907418.5033,1787907418.5191,0.05527,-0.825282,0.610524,1.989573,0.351282,-0.659612,0.159534,-0.825524,0.608716,2.018803,0.341258,-0.646083,-0.001340,-0.825500,0.608700,2.018800,0.341300,-0.646100,-0.001300,,,,,,,1
199,1787907418.5592,1787907418.5742,0.0559,-0.825282,0.608990,1.994175,0.346680,-0.650408,0.147262,-0.822916,0.602916,2.018319,0.338539,-0.646631,-0.012690,-0.822900,0.602900,2.018300,0.338500,-0.646600,-0.012700,,,,,,,0
200,1787907418.5983,1787907418.6119,0.0391,-0.825282,0.607456,2.003379,0.340544,-0.647340,0.147262,-0.823159,0.625498,1.993823,0.357702,-0.648231,0.082980,-0.823200,0.625500,1.993800,0.357700,-0.648200,0.083000,,,,,,,0
201,1787907418.6553,1787907418.6702,0.057,-0.825282,0.605922,2.007981,0.339010,-0.647340,0.145728,-0.825459,0.624168,1.989436,0.354559,-0.641814,0.046606,-0.825500,0.624200,1.989400,0.354600,-0.641800,0.046600,,,,,,,0
202,1787907418.6946,1787907418.7101,0.03935,-0.825282,0.605922,2.009515,0.339010,-0.647340,0.145728,-0.828238,0.621180,1.993872,0.352874,-0.637982,0.004608,-0.828200,0.621200,1.993900,0.352900,-0.638000,0.004600,,,,,,,0
203,1787907418.7539,1787907418.769,0.05928,-0.825282,0.608990,1.998777,0.348214,-0.647340,0.145728,-0.834224,0.619901,1.994208,0.356233,-0.636768,-0.025325,-0.834200,0.619900,1.994200,0.356200,-0.636800,-0.025300,,,,,,,0
204,1787907418.8203,1787907418.8349,0.06635,-0.825282,0.613592,1.991107,0.354350,-0.639670,0.145728,-0.830441,0.614595,1.998158,0.357365,-0.640732,-0.019225,-0.830400,0.614600,1.998200,0.357400,-0.640700,-0.019200,,,,,,,0
205,1787907418.857,1787907418.873,0.03675,-0.825282,0.613592,1.991107,0.354350,-0.639670,0.145728,-0.835429,0.613788,1.993901,0.359452,-0.637692,-0.024752,-0.835400,0.613800,1.993900,0.359500,-0.637700,-0.024800,,,,,,,0
206,1787907418.9085,1787907418.922,0.05148,-0.825282,0.613592,1.991107,0.354350,-0.638136,0.145728,-0.832066,0.606840,1.992226,0.357114,-0.634420,-0.027096,-0.832100,0.606800,1.992200,0.357100,-0.634400,-0.027100,,,,,,,0
207,1787907418.9753,1787907418.9901,0.06679,-0.826816,0.613592,1.991107,0.354350,-0.638136,0.145728,-0.829564,0.586736,2.001183,0.357641,-0.630522,-0.022630,-0.829600,0.586700,2.001200,0.357600,-0.630500,-0.022600,,,,,,,0
208,1787907419.0145,1787907419.0291,0.03924,-0.828350,0.613592,1.991107,0.354350,-0.638136,0.145728,-0.828054,0.572278,2.009600,0.362610,-0.628639,-0.028420,-0.828100,0.572300,2.009600,0.362600,-0.628600,-0.028400,,,,,,,0
209,1787907419.0718,1787907419.085,0.05721,-0.828350,0.612058,1.991107,0.354350,-0.638136,0.145728,-0.823830,0.554350,2.015025,0.363215,-0.634935,-0.024643,-0.823800,0.554400,2.015000,0.363200,-0.634900,-0.024600,,,,,,,0
210,1787907419.1382,1787907419.152,0.06641,-0.828350,0.595185,2.001845,0.349748,-0.632000,0.145728,-0.823827,0.530975,2.020372,0.362312,-0.634715,-0.036531,-0.823800,0.531000,2.020400,0.362300,-0.634700,-0.036500,,,,,,,0
211,1787907419.1769,1787907419.191,0.03872,-0.828350,0.587515,2.017185,0.354350,-0.632000,0.128854,-0.821003,0.510661,2.025942,0.365052,-0.622676,-0.044941,-0.821000,0.510700,2.025900,0.365100,-0.622700,-0.044900,,,,,,,0
212,1787907419.2347,1787907419.25,0.05778,-0.826816,0.570641,2.026389,0.366621,-0.632000,0.119651,-0.813015,0.467611,2.048963,0.363174,-0.628483,-0.041309,-0.813000,0.467600,2.049000,0.363200,-0.628500,-0.041300,,,,,,,0
213,1787907419.3011,1787907419.3161,0.06646,-0.826816,0.536893,2.024855,0.363553,-0.628932,-0.044485,-0.805465,0.442348,2.052409,0.366978,-0.627231,-0.048540,-0.805500,0.442300,2.052400,0.367000,-0.627200,-0.048500,,,,,,,0
214,1787907419.3403,1787907419.3541,0.03914,-0.825282,0.524621,2.026389,0.365087,-0.625864,-0.044485,-0.793835,0.401257,2.057814,0.369055,-0.631181,-0.050568,-0.793800,0.401300,2.057800,0.369100,-0.631200,-0.050600,,,,,,,0
215,1787907419.3976,1787907419.412,0.05734,-0.816078,0.503146,2.046330,0.365087,-0.625864,-0.044485,-0.713463,0.271763,2.040682,0.375435,-0.629910,-0.049361,-0.713500,0.271800,2.040700,0.375400,-0.629900,-0.049400,,,,,,,1
216,1787907419.4644,1787907419.479,0.0668,-0.800738,0.455592,2.054000,0.366621,-0.625864,-0.044485,-0.685853,0.231372,2.030541,0.373040,-0.634545,-0.056884,-0.685900,0.231400,2.030500,0.373000,-0.634500,-0.056900,,,,,,,1
217,1787907419.501,1787907419.5151,0.03659,-0.794602,0.431049,2.052466,0.360485,-0.625864,-0.044485,-0.640221,0.185514,2.030803,0.375266,-0.634712,-0.054857,-0.640200,0.185500,2.030800,0.375300,-0.634700,-0.054900,,,,,,,0
218,1787907419.5525,1787907419.5678,0.05147,-0.779262,0.394233,2.054000,0.375825,-0.625864,-0.046019,-0.804675,0.428136,2.010488,0.375372,-0.647075,-0.045934,-0.804700,0.428100,2.010500,0.375400,-0.647100,-0.045900,,,,,,,0
219,1787907419.6192,1787907419.6348,0.06677,-0.737845,0.319068,2.047864,0.372757,-0.627398,-0.050621,-0.804791,0.416102,2.020990,0.377224,-0.644353,-0.045861,-0.804800,0.416100,2.021000,0.377200,-0.644400,-0.045900,,,,,,,0
220,1787907419.6582,1787907419.6731,0.03899,-0.701029,0.271515,2.043262,0.372757,-0.630466,-0.050621,-0.802779,0.397142,2.026512,0.377899,-0.650488,-0.048230,-0.802800,0.397100,2.026500,0.377900,-0.650500,-0.048200,,,,,,,0
221,1787907419.7159,1787907419.731,0.05764,-0.651942,0.219359,2.026389,0.372757,-0.639670,-0.050621,-0.793020,0.363518,2.022751,0.379198,-0.651539,-0.051276,-0.793000,0.363500,2.022800,0.379200,-0.651500,-0.051300,,,,,,,0
222,1787907419.7822,1787907419.7971,0.06637,-0.642738,0.197884,2.027923,0.372757,-0.644272,-0.050621,-0.775748,0.328297,2.026646,0.374322,-0.660277,-0.050487,-0.775700,0.328300,2.026600,0.374300,-0.660300,-0.050500,,,,,,,0
223,1787907419.8191,1787907419.8329,0.03685,-0.651942,0.199418,2.029457,0.374291,-0.645806,-0.050621,-0.743432,0.286046,2.020114,0.373675,-0.663865,-0.052133,-0.743400,0.286000,2.020100,0.373700,-0.663900,-0.052100,,,,,,,0
224,1787907419.8707,1787907419.885,0.05165,-0.682621,0.223961,2.029457,0.374291,-0.645806,-0.050621,-0.698963,0.246006,2.004283,0.371133,-0.660339,-0.054666,-0.699000,0.246000,2.004300,0.371100,-0.660300,-0.054700,,,,,,,0
225,1787907419.9372,1787907419.9521,0.0665,-0.740913,0.280718,2.029457,0.374291,-0.658078,-0.050621,-0.646549,0.205281,1.986569,0.367687,-0.665688,-0.056919,-0.646500,0.205300,1.986600,0.367700,-0.665700,-0.056900,,,,,,,0
226,1787907419.9758,1787907419.9901,0.03853,-0.763922,0.303728,2.030991,0.374291,-0.658078,-0.050621,-0.596319,0.174929,1.965367,0.365562,-0.648045,-0.056691,-0.596300,0.174900,1.965400,0.365600,-0.648000,-0.056700,,,,,,,0
227,1787907420.0335,1787907420.0471,0.05779,-0.770058,0.309864,2.021787,0.374291,-0.658078,-0.052155,-0.551367,0.146151,1.941371,0.365970,-0.620981,-0.057954,-0.551400,0.146200,1.941400,0.366000,-0.621000,-0.058000,,,,,,,0
228,1787907420.0891,1787907420.1032,0.05554,-0.750117,0.297592,1.995709,0.368155,-0.658078,-0.052155,-0.494964,0.116817,1.927876,0.366198,-0.574924,-0.056555,-0.495000,0.116800,1.927900,0.366200,-0.574900,-0.056600,,,,,,,0
229,1787907420.1281,1787907420.1441,0.039,-0.724039,0.279185,1.983437,0.368155,-0.653476,-0.052155,-0.436933,0.097104,1.903030,0.364410,-0.516031,-0.050135,-0.436900,0.097100,1.903000,0.364400,-0.516000,-0.050100,,,,,,,0
230,1787907420.1848,1787907420.2009,0.05676,-0.656544,0.220893,1.960427,0.368155,-0.625864,-0.052155,-0.378720,0.070380,1.881364,0.366436,-0.436801,-0.051553,-0.378700,0.070400,1.881400,0.366400,-0.436800,-0.051600,,,,,,,0
231,1787907420.224,1787907420.2391,0.03912,-0.604388,0.179476,1.945088,0.366621,-0.605922,-0.052155,-0.330423,0.053421,1.859758,0.368608,-0.346705,-0.048707,-0.330400,0.053400,1.859800,0.368600,-0.346700,-0.048700,,,,,,,0
232,1787907420.2827,1787907420.2962,0.05878,-0.520019,0.128854,1.920544,0.366621,-0.553767,-0.052155,-0.275800,0.034825,1.844784,0.368164,-0.241184,-0.047518,-0.275800,0.034800,1.844800,0.368200,-0.241200,-0.047500,,,,,,,0
233,1787907420.3381,1787907420.3522,0.05531,-0.450990,0.093573,1.897534,0.366621,-0.489340,-0.052155,-0.226108,0.018221,1.824896,0.363204,-0.107822,-0.051300,-0.226100,0.018200,1.824900,0.363200,-0.107800,-0.051300,,,,,,,0
234,1787907420.3943,1787907420.4092,0.05629,-0.385029,0.064427,1.872991,0.366621,-0.412641,-0.052155,-0.144339,0.006966,1.798707,0.363096,0.183636,-0.058278,-0.144300,0.007000,1.798700,0.363100,0.183600,-0.058300,,,,,,,1
235,1787907420.4337,1787907420.4471,0.03931,-0.342078,0.049087,1.863787,0.366621,-0.360485,-0.052155,-0.119553,0.007717,1.779390,0.362402,0.315839,-0.058289,-0.119600,0.007700,1.779400,0.362400,0.315800,-0.058300,,,,,,,1
236,1787907420.4904,1787907420.5051,0.05676,-0.277651,0.030680,1.846913,0.366621,-0.262311,-0.052155,-0.095416,0.007606,1.772150,0.360774,0.448023,-0.056295,-0.095400,0.007600,1.772200,0.360800,0.448000,-0.056300,,,,,,,0
237,1787907420.5298,1787907420.5431,0.03937,-0.240835,0.023010,1.831573,0.366621,-0.196350,-0.052155,-0.434547,0.238428,2.021965,0.407202,-0.435347,0.421329,-0.434500,0.238400,2.022000,0.407200,-0.435300,0.421300,,,,,,,0
238,1787907420.5888,1787907420.6019,0.05901,-0.173340,0.019942,1.799359,0.366621,-0.064427,-0.052155,-0.508570,0.300356,2.032523,0.405640,-0.562526,0.582635,-0.508600,0.300400,2.032500,0.405600,-0.562500,0.582600,,,,,,,0
239,1787907420.6443,1787907420.6592,0.05549,-0.121184,0.021476,1.790156,0.368155,0.075165,-0.004602,-0.550321,0.341246,2.033427,0.404752,-0.620874,0.666190,-0.550300,0.341200,2.033400,0.404800,-0.620900,0.666200,,,,,,,0
240,1787907420.6816,1787907420.6962,0.03735,-0.105845,0.029146,1.793224,0.377359,0.156466,0.136524,-0.572801,0.362960,2.032233,0.405128,-0.662427,0.673151,-0.572800,0.363000,2.032200,0.405100,-0.662400,0.673200,,,,,,,0
241,1787907420.7334,1787907420.7472,0.05177,-0.099709,0.062893,1.822369,0.395767,0.259243,0.446388,-0.589050,0.376292,2.025710,0.404384,-0.695980,0.676883,-0.589100,0.376300,2.025700,0.404400,-0.696000,0.676900,,,,,,,0
242,1787907420.8002,1787907420.8152,0.06674,-0.116583,0.145728,1.896000,0.400369,0.354350,0.665748,-0.602174,0.390133,2.032543,0.402665,-0.702569,0.676331,-0.602200,0.390100,2.032500,0.402700,-0.702600,0.676300,,,,,,,0
243,1787907420.8378,1787907420.8521,0.03762,-0.142660,0.202485,1.942020,0.401903,0.392699,0.676486,-0.606603,0.393769,2.031552,0.396842,-0.705845,0.668979,-0.606600,0.393800,2.031600,0.396800,-0.705800,0.669000,,,,,,,0
244,1787907420.8886,1787907420.9032,0.05086,-0.208621,0.280718,1.995709,0.401903,0.431049,0.676486,-0.619225,0.402609,2.024804,0.393169,-0.710706,0.669712,-0.619200,0.402600,2.024800,0.393200,-0.710700,0.669700,,,,,,,0
245,1787907420.9553,1787907420.9702,0.06666,-0.316000,0.351282,2.030991,0.401903,0.446388,0.676486,-0.622037,0.410520,2.028345,0.391689,-0.702164,0.668725,-0.622000,0.410500,2.028300,0.391700,-0.702200,0.668700,,,,,,,0
246,1787907420.9919,1787907421.0059,0.0366,-0.380427,0.377359,2.030991,0.400369,0.446388,0.676486,-0.626364,0.420633,2.025421,0.392318,-0.706683,0.666489,-0.626400,0.420600,2.025400,0.392300,-0.706700,0.666500,,,,,,,0
247,1787907421.0435,1787907421.059,0.05166,-0.475534,0.400369,2.030991,0.394233,0.414175,0.676486,-0.633097,0.430418,2.026194,0.393261,-0.717379,0.668799,-0.633100,0.430400,2.026200,0.393300,-0.717400,0.668800,,,,,,,0
248,1787907421.1102,1787907421.125,0.06662,-0.558369,0.417243,2.030991,0.394233,0.342078,0.671884,-0.639175,0.441075,2.017524,0.389613,-0.725274,0.672660,-0.639200,0.441100,2.017500,0.389600,-0.725300,0.672700,,,,,,,0
249,1787907421.1488,1787907421.163,0.03862,-0.584447,0.421845,2.030991,0.394233,0.291456,0.671884,-0.640973,0.452812,2.017988,0.389863,-0.734242,0.671389,-0.641000,0.452800,2.018000,0.389900,-0.734200,0.671400,,,,,,,0
250,1787907421.2053,1787907421.2192,0.05648,-0.619728,0.432583,2.030991,0.394233,0.177942,0.671884,-0.646360,0.460556,2.016502,0.385685,-0.740627,0.670394,-0.646400,0.460600,2.016500,0.385700,-0.740600,0.670400,,,,,,,0
251,1787907421.2434,1787907421.2571,0.03812,-0.635068,0.440252,2.027923,0.394233,0.104311,0.671884,-0.654411,0.472447,2.014283,0.389500,-0.744470,0.671576,-0.654400,0.472400,2.014300,0.389500,-0.744500,0.671600,,,,,,,0
252,1787907421.2945,1787907421.309,0.05112,-0.636602,0.454058,2.027923,0.394233,-0.029146,0.671884,-0.661477,0.472950,2.009688,0.385141,-0.754865,0.673463,-0.661500,0.473000,2.009700,0.385100,-0.754900,0.673500,,,,,,,0
253,1787907421.3613,1787907421.376,0.0668,-0.639670,0.466330,2.026389,0.389631,-0.220893,0.671884,-0.677017,0.472341,2.015667,0.381789,-0.759236,0.680318,-0.677000,0.472300,2.015700,0.381800,-0.759200,0.680300,,,,,,,1
254,1787907421.3999,1787907421.4141,0.0386,-0.645806,0.472466,2.023321,0.385029,-0.316000,0.671884,-0.687031,0.475648,2.019227,0.381397,-0.753725,0.680353,-0.687000,0.475600,2.019200,0.381400,-0.753700,0.680400,,,,,,,1
255,1787907421.4567,1787907421.47,0.05684,-0.656544,0.475534,2.021787,0.388097,-0.460194,0.671884,-0.694866,0.480138,2.020500,0.379926,-0.752052,0.679643,-0.694900,0.480100,2.020500,0.379900,-0.752100,0.679600,,,,,,,0
256,1787907421.4949,1787907421.5101,0.03814,-0.662680,0.474000,2.020253,0.388097,-0.529223,0.676486,-0.683014,0.398660,2.117275,0.442419,-0.482812,0.747203,-0.683000,0.398700,2.117300,0.442400,-0.482800,0.747200,,,,,,,0
257,1787907421.5456,1787907421.56,0.05075,-0.673418,0.478602,2.023321,0.383495,-0.618194,0.676486,-0.694374,0.398340,2.139494,0.442929,-0.394766,0.773504,-0.694400,0.398300,2.139500,0.442900,-0.394800,0.773500,,,,,,,0
258,1787907421.6124,1787907421.6271,0.06677,-0.685689,0.483204,2.029457,0.389631,-0.697961,0.740913,-0.705477,0.395450,2.160769,0.444294,-0.365731,0.805823,-0.705500,0.395500,2.160800,0.444300,-0.365700,0.805800,,,,,,,0
259,1787907421.6501,1787907421.6649,0.03772,-0.685689,0.472466,2.040194,0.397301,-0.725573,0.759320,-0.712312,0.391213,2.167210,0.447406,-0.355826,0.817929,-0.712300,0.391200,2.167200,0.447400,-0.355800,0.817900,,,,,,,0
260,1787907421.7005,1787907421.7151,0.05037,-0.684155,0.443320,2.090816,0.431049,-0.750117,0.771592,-0.720141,0.395287,2.182025,0.447372,-0.349648,0.814083,-0.720100,0.395300,2.182000,0.447400,-0.349600,0.814100,,,,,,,0
261,1787907421.7671,1787907421.782,0.06658,-0.699495,0.411107,2.142971,0.435651,-0.748583,0.816078,-0.731215,0.388623,2.182857,0.449486,-0.347720,0.811235,-0.731200,0.388600,2.182900,0.449500,-0.347700,0.811200,,,,,,,0
262,1787907421.8038,1787907421.817,0.03676,-0.707165,0.404971,2.159845,0.438719,-0.730175,0.816078,-0.736780,0.386698,2.182865,0.449776,-0.347162,0.807920,-0.736800,0.386700,2.182900,0.449800,-0.347200,0.807900,,,,,,,0
263,1787907421.8555,1787907421.8698,0.05167,-0.710233,0.406505,2.182855,0.450990,-0.682621,0.816078,-0.743666,0.395093,2.188228,0.442731,-0.357567,0.805752,-0.743700,0.395100,2.188200,0.442700,-0.357600,0.805800,,,,,,,0
264,1787907421.9221,1787907421.936,0.06657,-0.722505,0.404971,2.179787,0.441786,-0.595185,0.816078,-0.744315,0.398717,2.181742,0.437092,-0.363370,0.805593,-0.744300,0.398700,2.181700,0.437100,-0.363400,0.805600,,,,,,,0
265,1787907421.9587,1787907421.9732,0.03665,-0.728641,0.403437,2.179787,0.441786,-0.535359,0.816078,-0.749724,0.398009,2.178681,0.433866,-0.375479,0.806414,-0.749700,0.398000,2.178700,0.433900,-0.375500,0.806400,,,,,,,0
266,1787907422.0107,1787907422.0262,0.05202,-0.736311,0.403437,2.187457,0.449456,-0.457126,0.808408,-0.757942,0.402069,2.180346,0.429442,-0.380743,0.805425,-0.757900,0.402100,2.180300,0.429400,-0.380700,0.805400,,,,,,,0
267,1787907422.0774,1787907422.092,0.0666,-0.739379,0.403437,2.185923,0.429515,-0.388097,0.808408,-0.761722,0.403636,2.180624,0.426768,-0.397555,0.806191,-0.761700,0.403600,2.180600,0.426800,-0.397600,0.806200,,,,,,,0
268,1787907422.1159,1787907422.1302,0.03851,-0.742447,0.403437,2.184389,0.429515,-0.365087,0.808408,-0.762977,0.406318,2.185177,0.421713,-0.403009,0.805119,-0.763000,0.406300,2.185200,0.421700,-0.403000,0.805100,,,,,,,0
269,1787907422.1736,1787907422.188,0.0577,-0.750117,0.406505,2.187457,0.432583,-0.349748,0.808408,-0.773542,0.403113,2.181486,0.420756,-0.413025,0.806081,-0.773500,0.403100,2.181500,0.420800,-0.413000,0.806100,,,,,,,0
270,1787907422.2402,1787907422.2542,0.06668,-0.756253,0.406505,2.185923,0.420311,-0.365087,0.808408,-0.776769,0.407527,2.182848,0.411230,-0.415192,0.810659,-0.776800,0.407500,2.182800,0.411200,-0.415200,0.810700,,,,,,,0
271,1787907422.2792,1787907422.2942,0.03897,-0.756253,0.408039,2.185923,0.424913,-0.386563,0.808408,-0.781981,0.422369,2.176694,0.394731,-0.453245,0.808456,-0.782000,0.422400,2.176700,0.394700,-0.453200,0.808500,,,,,,,1
272,1787907422.3366,1787907422.3512,0.05734,-0.763922,0.408039,2.187457,0.417243,-0.406505,0.808408,-0.787273,0.427228,2.183130,0.390890,-0.482957,0.809285,-0.787300,0.427200,2.183100,0.390900,-0.483000,0.809300,,,,,,,1
273,1787907422.3919,1787907422.4072,0.0553,-0.773126,0.409573,2.185923,0.408039,-0.415709,0.808408,-0.791088,0.431872,2.180471,0.388460,-0.486404,0.808571,-0.791100,0.431900,2.180500,0.388500,-0.486400,0.808600,,,,,,,0
274,1787907422.4299,1787907422.4452,0.03807,-0.774660,0.421845,2.185923,0.397301,-0.431049,0.808408,-0.778193,0.483694,2.075219,0.423668,-0.595685,0.851995,-0.778200,0.483700,2.075200,0.423700,-0.595700,0.852000,,,,,,,0
275,1787907422.4816,1787907422.4952,0.05165,-0.777728,0.426447,2.185923,0.391165,-0.461728,0.808408,-0.779824,0.496112,2.064447,0.420982,-0.602736,0.863764,-0.779800,0.496100,2.064400,0.421000,-0.602700,0.863800,,,,,,,0
276,1787907422.5482,1787907422.5622,0.06664,-0.780796,0.441786,2.181321,0.395767,-0.492408,0.851359,-0.781112,0.510496,2.051824,0.422452,-0.607867,0.873216,-0.781100,0.510500,2.051800,0.422500,-0.607900,0.873200,,,,,,,0
277,1787907422.5855,1787907422.5999,0.03733,-0.780796,0.466330,2.161379,0.406505,-0.518486,0.855961,-0.786986,0.519772,2.042991,0.420750,-0.603730,0.874761,-0.787000,0.519800,2.043000,0.420800,-0.603700,0.874800,,,,,,,0
278,1787907422.6364,1787907422.6502,0.05087,-0.780796,0.493942,2.123029,0.418777,-0.564505,0.860563,-0.790184,0.530633,2.036113,0.422547,-0.603850,0.872178,-0.790200,0.530600,2.036100,0.422500,-0.603900,0.872200,,,,,,,0
279,1787907422.7032,1787907422.7182,0.06678,-0.780796,0.512350,2.069340,0.412641,-0.596719,0.869767,-0.794394,0.539550,2.029006,0.421674,-0.601975,0.866948,-0.794400,0.539500,2.029000,0.421700,-0.602000,0.866900,,,,,,,0
280,1787907422.7401,1787907422.7552,0.03688,-0.780796,0.521553,2.054000,0.412641,-0.599786,0.869767,-0.797538,0.544466,2.025186,0.422651,-0.610115,0.866870,-0.797500,0.544500,2.025200,0.422700,-0.610100,0.866900,,,,,,,0
281,1787907422.7916,1787907422.8072,0.05149,-0.780796,0.529223,2.047864,0.421845,-0.599786,0.869767,-0.801824,0.555806,2.015246,0.422177,-0.609771,0.868965,-0.801800,0.555800,2.015200,0.422200,-0.609800,0.869000,,,,,,,0
282,1787907422.8581,1787907422.8732,0.0665,-0.786932,0.543029,2.034059,0.418777,-0.602854,0.869767,-0.801113,0.563515,2.009708,0.420733,-0.613432,0.869798,-0.801100,0.563500,2.009700,0.420700,-0.613400,0.869800,,,,,,,0
283,1787907422.8971,1787907422.9122,0.03899,-0.788466,0.547631,2.030991,0.415709,-0.605922,0.869767,-0.800169,0.568818,2.006712,0.420904,-0.617838,0.869239,-0.800200,0.568800,2.006700,0.420900,-0.617800,0.869200,,,,,,,0
284,1787907422.9537,1787907422.9669,0.05663,-0.791534,0.555301,2.026389,0.423379,-0.605922,0.869767,-0.802924,0.576285,2.001738,0.417236,-0.622610,0.868525,-0.802900,0.576300,2.001700,0.417200,-0.622600,0.868500,,,,,,,0
285,1787907422.9917,1787907423.0052,0.03799,-0.791534,0.564505,2.017185,0.415709,-0.608990,0.869767,-0.803596,0.580892,2.001312,0.415930,-0.624887,0.869322,-0.803600,0.580900,2.001300,0.415900,-0.624900,0.869300,,,,,,,0
286,1787907423.0425,1787907423.0572,0.05088,-0.791534,0.572175,2.014117,0.418777,-0.613592,0.869767,-0.807396,0.583224,1.996401,0.416353,-0.627516,0.870162,-0.807400,0.583200,1.996400,0.416400,-0.627500,0.870200,,,,,,,0
287,1787907423.1093,1787907423.1232,0.06675,-0.794602,0.579845,2.012583,0.411107,-0.618194,0.869767,-0.806773,0.593124,1.994235,0.411426,-0.631414,0.871487,-0.806800,0.593100,1.994200,0.411400,-0.631400,0.871500,,,,,,,0
288,1787907423.1459,1787907423.1612,0.03662,-0.794602,0.582913,2.009515,0.411107,-0.621262,0.869767,-0.812052,0.593490,1.989580,0.411626,-0.631097,0.868583,-0.812100,0.593500,1.989600,0.411600,-0.631100,0.868600,,,,,,,0
289,1787907423.1975,1787907423.2112,0.05162,-0.797670,0.585981,2.006447,0.418777,-0.621262,0.869767,-0.812615,0.601504,1.988377,0.411397,-0.627518,0.866032,-0.812600,0.601500,1.988400,0.411400,-0.627500,0.866000,,,,,,,0
290,1787907423.2642,1787907423.2792,0.06665,-0.800738,0.592117,1.998777,0.409573,-0.624330,0.869767,-0.819751,0.610023,1.993544,0.410426,-0.631750,0.866537,-0.819800,0.610000,1.993500,0.410400,-0.631800,0.866500,,,,,,,1
291,1787907423.3034,1787907423.3172,0.03921,-0.800738,0.598253,1.997243,0.412641,-0.624330,0.869767,-0.821446,0.613348,1.991940,0.411382,-0.633606,0.865576,-0.821400,0.613300,1.991900,0.411400,-0.633600,0.865600,,,,,,,1
292,1787907423.3606,1787907423.3741,0.05721,-0.803806,0.604388,1.995709,0.414175,-0.624330,0.869767,-0.825075,0.621379,1.992778,0.410720,-0.627327,0.862294,-0.825100,0.621400,1.992800,0.410700,-0.627300,0.862300,,,,,,,0
293,1787907423.4271,1787907423.4421,0.0665,-0.809942,0.615126,1.995709,0.409573,-0.627398,0.869767,-0.809275,0.614392,2.011469,0.407143,-0.606453,0.861997,-0.809300,0.614400,2.011500,0.407100,-0.606500,0.862000,,,,,,,0
294,1787907423.466,1787907423.4801,0.03892,-0.811476,0.616660,1.995709,0.415709,-0.627398,0.869767,-0.805964,0.620912,2.015676,0.410181,-0.611029,0.854183,-0.806000,0.620900,2.015700,0.410200,-0.611000,0.854200,,,,,,,0
295,1787907423.5238,1787907423.5381,0.05776,-0.814544,0.619728,1.995709,0.406505,-0.627398,0.869767,-0.808013,0.623883,2.014160,0.412511,-0.612996,0.850607,-0.808000,0.623900,2.014200,0.412500,-0.613000,0.850600,,,,,,,0
296,1787907423.5903,1787907423.6041,0.06645,-0.814544,0.621262,2.009515,0.404971,-0.612058,0.859029,-0.805265,0.627786,2.011680,0.415157,-0.604910,0.828432,-0.805300,0.627800,2.011700,0.415200,-0.604900,0.828400,,,,,,,0
297,1787907423.6291,1787907423.6441,0.03887,-0.809942,0.622796,2.015651,0.414175,-0.612058,0.857495,-0.807700,0.632818,2.013541,0.416056,-0.603808,0.810858,-0.807700,0.632800,2.013500,0.416100,-0.603800,0.810900,,,,,,,0
298,1787907423.6868,1787907423.6998,0.05767,-0.808408,0.624330,2.015651,0.414175,-0.612058,0.840621,-0.810661,0.636657,2.022020,0.419166,-0.599681,0.756405,-0.810700,0.636700,2.022000,0.419200,-0.599700,0.756400,,,,,,,0
299,1787907423.7532,1787907423.7679,0.06644,-0.808408,0.628932,2.014117,0.414175,-0.607456,0.816078,-0.811231,0.634323,2.018979,0.420933,-0.604886,0.659382,-0.811200,0.634300,2.019000,0.420900,-0.604900,0.659400,,,,,,,0
300,1787907423.7924,1787907423.8061,0.03913,-0.808408,0.630466,2.014117,0.414175,-0.605922,0.800738,-0.809263,0.626885,2.013103,0.420236,-0.616641,0.556205,-0.809300,0.626900,2.013100,0.420200,-0.616600,0.556200,,,,,,,0
301,1787907423.8497,1787907423.8631,0.05729,-0.808408,0.632000,2.015651,0.414175,-0.602854,0.730175,-0.806666,0.611970,2.018771,0.415374,-0.622682,0.435511,-0.806700,0.612000,2.018800,0.415400,-0.622700,0.435500,,,,,,,0
302,1787907423.9048,1787907423.9191,0.05513,-0.808408,0.630466,2.015651,0.414175,-0.602854,0.576777,-0.807998,0.612166,2.019915,0.419451,-0.620710,0.372850,-0.808000,0.612200,2.019900,0.419500,-0.620700,0.372800,,,,,,,0
303,1787907423.9441,1787907423.9601,0.03933,-0.808408,0.630466,2.015651,0.414175,-0.607456,0.524621,-0.808540,0.607111,2.013506,0.417884,-0.633204,0.297414,-0.808500,0.607100,2.013500,0.417900,-0.633200,0.297400,,,,,,,0
304,1787907424.0008,1787907424.0151,0.05665,-0.808408,0.622796,2.018719,0.411107,-0.615126,0.400369,-0.806756,0.594763,2.017445,0.409913,-0.639829,0.225294,-0.806800,0.594800,2.017400,0.409900,-0.639800,0.225300,,,,,,,0
305,1787907424.0403,1787907424.0541,0.03949,-0.808408,0.622796,2.018719,0.411107,-0.615126,0.343612,-0.808703,0.586607,2.015594,0.409459,-0.639806,0.144292,-0.808700,0.586600,2.015600,0.409500,-0.639800,0.144300,,,,,,,0
306,1787907424.0986,1787907424.1121,0.0583,-0.808408,0.621262,2.018719,0.411107,-0.627398,0.280718,-0.811811,0.587264,2.010796,0.404342,-0.642569,0.095225,-0.811800,0.587300,2.010800,0.404300,-0.642600,0.095200,,,,,,,0
307,1787907424.165,1787907424.1791,0.06644,-0.808408,0.607456,2.020253,0.411107,-0.633534,0.184078,-0.809284,0.579767,2.007304,0.399432,-0.633854,0.041079,-0.809300,0.579800,2.007300,0.399400,-0.633900,0.041100,,,,,,,0
308,1787907424.2043,1787907424.2191,0.03929,-0.808408,0.604388,2.020253,0.412641,-0.633534,0.179476,-0.814497,0.583586,2.009242,0.399603,-0.638744,-0.000297,-0.814500,0.583600,2.009200,0.399600,-0.638700,-0.000300,,,,,,,0
309,1787907424.2618,1787907424.2771,0.05749,-0.808408,0.604388,2.018719,0.400369,-0.636602,0.170272,-0.814552,0.576226,2.008094,0.400608,-0.626433,-0.022460,-0.814600,0.576200,2.008100,0.400600,-0.626400,-0.022500,,,,,,,1
310,1787907424.3281,1787907424.3421,0.06633,-0.808408,0.599786,2.017185,0.406505,-0.636602,0.154932,-0.812935,0.570467,2.014507,0.401428,-0.630460,-0.025639,-0.812900,0.570500,2.014500,0.401400,-0.630500,-0.025600,,,,,,,1
311,1787907424.3665,1787907424.3801,0.03835,-0.808408,0.599786,2.017185,0.400369,-0.636602,0.154932,-0.811440,0.564918,2.023024,0.404718,-0.630241,-0.027245,-0.811400,0.564900,2.023000,0.404700,-0.630200,-0.027200,,,,,,,0
312,1787907424.4236,1787907424.4371,0.05716,-0.808408,0.596719,2.017185,0.400369,-0.632000,0.154932,-0.827113,0.597561,1.986118,0.419274,-0.631185,-0.031713,-0.827100,0.597600,1.986100,0.419300,-0.631200,-0.031700,,,,,,,0
313,1787907424.4611,1787907424.4751,0.03745,-0.808408,0.592117,2.017185,0.403437,-0.632000,0.154932,-0.826521,0.576782,1.994187,0.418401,-0.636847,-0.031687,-0.826500,0.576800,1.994200,0.418400,-0.636800,-0.031700,,,,,,,0
314,1787907424.5127,1787907424.5261,0.05165,-0.808408,0.584447,2.023321,0.398835,-0.632000,0.154932,-0.830035,0.564373,1.998196,0.422662,-0.633616,-0.033772,-0.830000,0.564400,1.998200,0.422700,-0.633600,-0.033800,,,,,,,0
315,1787907424.5791,1787907424.5952,0.06636,-0.811476,0.584447,2.020253,0.412641,-0.632000,0.154932,-0.829904,0.546078,1.999794,0.426131,-0.634745,-0.032746,-0.829900,0.546100,1.999800,0.426100,-0.634700,-0.032700,,,,,,,0
316,1787907424.6347,1787907424.6491,0.05559,-0.819146,0.584447,2.009515,0.409573,-0.632000,0.154932,-0.825734,0.511486,2.005119,0.428604,-0.636897,-0.036033,-0.825700,0.511500,2.005100,0.428600,-0.636900,-0.036000,,,,,,,0
317,1787907424.6737,1787907424.6872,0.03902,-0.820680,0.581379,2.007981,0.414175,-0.632000,0.154932,-0.817826,0.470639,2.008769,0.428260,-0.638976,-0.037025,-0.817800,0.470600,2.008800,0.428300,-0.639000,-0.037000,,,,,,,0
318,1787907424.7298,1787907424.7432,0.05612,-0.820680,0.569107,2.009515,0.427981,-0.632000,0.154932,-0.809299,0.421180,2.008169,0.428550,-0.639377,-0.041386,-0.809300,0.421200,2.008200,0.428600,-0.639400,-0.041400,,,,,,,0
319,1787907424.7691,1787907424.7842,0.03926,-0.820680,0.555301,2.009515,0.424913,-0.632000,0.154932,-0.796756,0.384699,2.005288,0.427988,-0.644238,-0.039753,-0.796800,0.384700,2.005300,0.428000,-0.644200,-0.039800,,,,,,,0
320,1787907424.826,1787907424.8402,0.05697,-0.820680,0.512350,2.011049,0.427981,-0.632000,0.154932,-0.777338,0.341321,1.999824,0.427429,-0.644147,-0.043032,-0.777300,0.341300,1.999800,0.427400,-0.644100,-0.043000,,,,,,,0
321,1787907424.8951,1787907424.9102,0.06905,-0.808408,0.457126,2.012583,0.427981,-0.632000,0.154932,-0.748121,0.295737,1.988255,0.424333,-0.644528,-0.046851,-0.748100,0.295700,1.988300,0.424300,-0.644500,-0.046900,,,,,,,0
322,1787907424.9508,1787907424.9639,0.05572,-0.794602,0.411107,2.012583,0.427981,-0.636602,0.154932,-0.718626,0.257611,1.972605,0.420185,-0.641009,-0.050633,-0.718600,0.257600,1.972600,0.420200,-0.641000,-0.050600,,,,,,,0
323,1787907424.9897,1787907425.0041,0.0389,-0.783864,0.385029,2.011049,0.427981,-0.639670,0.154932,-0.678391,0.214926,1.957116,0.417049,-0.641518,-0.050305,-0.678400,0.214900,1.957100,0.417000,-0.641500,-0.050300,,,,,,,0
324,1787907425.0459,1787907425.0602,0.05622,-0.762388,0.340544,2.006447,0.427981,-0.639670,0.154932,-0.631339,0.174567,1.944075,0.412595,-0.615723,-0.050726,-0.631300,0.174600,1.944100,0.412600,-0.615700,-0.050700,,,,,,,0
325,1787907425.085,1787907425.0999,0.03907,-0.742447,0.311398,1.994175,0.424913,-0.639670,0.154932,-0.558412,0.132073,1.918281,0.407516,-0.592866,-0.052348,-0.558400,0.132100,1.918300,0.407500,-0.592900,-0.052300,,,,,,,0
326,1787907425.142,1787907425.1571,0.05696,-0.701029,0.260777,1.974233,0.420311,-0.639670,0.154932,-0.495345,0.095869,1.893373,0.406658,-0.557253,-0.049893,-0.495300,0.095900,1.893400,0.406700,-0.557300,-0.049900,,,,,,,0
327,1787907425.2112,1787907425.2252,0.0692,-0.647340,0.204019,1.952758,0.414175,-0.619728,0.154932,-0.352226,0.034350,1.833426,0.413534,-0.383427,-0.051327,-0.352200,0.034300,1.833400,0.413500,-0.383400,-0.051300,,,,,,,1
328,1787907425.248,1787907425.2629,0.03688,-0.615126,0.174874,1.940486,0.414175,-0.602854,0.154932,-0.304324,0.019308,1.803517,0.413521,-0.270703,-0.053771,-0.304300,0.019300,1.803500,0.413500,-0.270700,-0.053800,,,,,,,1
329,1787907425.2993,1787907425.3142,0.05125,-0.559903,0.136524,1.919010,0.414175,-0.575243,0.154932,-0.265068,0.007753,1.787589,0.415124,-0.157236,-0.053883,-0.265100,0.007800,1.787600,0.415100,-0.157200,-0.053900,,,,,,,0
330,1787907425.3659,1787907425.3792,0.06661,-0.489340,0.092039,1.892932,0.415709,-0.535359,0.154932,-0.272715,-0.001152,1.823007,0.435985,-0.205782,-0.053135,-0.272700,-0.001200,1.823000,0.436000,-0.205800,-0.053100,,,,,,,0
331,1787907425.4029,1787907425.418,0.03702,-0.446388,0.067495,1.868389,0.415709,-0.500078,0.154932,-0.249526,-0.006692,1.810836,0.436929,-0.108523,-0.055495,-0.249500,-0.006700,1.810800,0.436900,-0.108500,-0.055500,,,,,,,0
332,1787907425.4545,1787907425.469,0.05161,-0.371223,0.032214,1.828505,0.415709,-0.432583,0.154932,-0.225344,-0.011031,1.800523,0.435075,0.003540,-0.053814,-0.225300,-0.011000,1.800500,0.435100,0.003500,-0.053800,,,,,,,0
333,1787907425.521,1787907425.5349,0.06649,-0.297592,0.007670,1.805495,0.423379,-0.323670,0.154932,-0.197112,-0.016757,1.792165,0.438023,0.129332,-0.054160,-0.197100,-0.016800,1.792200,0.438000,0.129300,-0.054200,,,,,,,0
334,1787907425.5599,1787907425.5752,0.03891,-0.274583,0.003068,1.810097,0.431049,-0.266913,0.154932,-0.170544,-0.013983,1.783170,0.438474,0.266185,-0.053934,-0.170500,-0.014000,1.783200,0.438500,0.266200,-0.053900,,,,,,,0
335,1787907425.6169,1787907425.6319,0.05695,-0.242369,0.003068,1.811631,0.431049,-0.159534,0.154932,-0.144179,-0.011597,1.772377,0.440575,0.410580,-0.054903,-0.144200,-0.011600,1.772400,0.440600,0.410600,-0.054900,,,,,,,0
336,1787907425.6544,1787907425.6679,0.03751,-0.222427,0.003068,1.811631,0.432583,-0.096641,0.154932,-0.115140,-0.009939,1.763957,0.437614,0.573856,-0.053927,-0.115100,-0.009900,1.764000,0.437600,0.573900,-0.053900,,,,,,,0
337,1787907425.7056,1787907425.7191,0.05126,-0.188680,0.001534,1.805495,0.435651,0.006136,0.154932,-0.097594,-0.004234,1.758437,0.435750,0.700492,-0.055029,-0.097600,-0.004200,1.758400,0.435700,0.700500,-0.055000,,,,,,,0
338,1787907425.772,1787907425.7871,0.06638,-0.151864,0.001534,1.793224,0.435651,0.145728,0.154932,-0.078746,0.004303,1.748555,0.429213,0.831913,-0.056424,-0.078700,0.004300,1.748600,0.429200,0.831900,-0.056400,,,,,,,0
339,1787907425.811,1787907425.8261,0.03902,-0.134990,0.001534,1.787088,0.435651,0.230097,0.154932,-0.063797,0.015062,1.747204,0.426492,0.933504,-0.056405,-0.063800,0.015100,1.747200,0.426500,0.933500,-0.056400,,,,,,,0
340,1787907425.8685,1787907425.8831,0.05747,-0.105845,0.001534,1.779418,0.434117,0.374291,0.154932,-0.051642,0.025633,1.742517,0.417439,1.033092,-0.057238,-0.051600,0.025600,1.742500,0.417400,1.033100,-0.057200,,,,,,,0
341,1787907425.935,1787907425.95,0.0665,-0.079767,0.012272,1.768680,0.434117,0.536893,0.154932,-0.040875,0.039120,1.749957,0.414071,1.102352,-0.056069,-0.040900,0.039100,1.750000,0.414100,1.102400,-0.056100,,,,,,,0
342,1787907425.9739,1787907425.9881,0.03887,-0.072097,0.016874,1.768680,0.434117,0.621262,0.154932,-0.032452,0.052256,1.758539,0.406565,1.160449,-0.055673,-0.032500,0.052300,1.758500,0.406600,1.160400,-0.055700,,,,,,,0
343,1787907426.0315,1787907426.046,0.05762,-0.058291,0.027612,1.768680,0.424913,0.757787,0.154932,-0.030288,0.065898,1.764260,0.402430,1.190305,-0.053976,-0.030300,0.065900,1.764300,0.402400,1.190300,-0.054000,,,,,,,0
344,1787907426.098,1787907426.1131,0.06648,-0.042951,0.046019,1.768680,0.415709,0.898913,0.154932,-0.029583,0.079697,1.771797,0.397256,1.214764,-0.053213,-0.029600,0.079700,1.771800,0.397300,1.214800,-0.053200,,,,,,,0
345,1787907426.1378,1787907426.151,0.0398,-0.038350,0.053689,1.768680,0.414175,0.964874,0.154932,-0.029451,0.121391,1.780648,0.385193,1.264211,-0.053013,-0.029500,0.121400,1.780600,0.385200,1.264200,-0.053000,,,,,,,1
346,1787907426.1944,1787907426.2091,0.05667,-0.035282,0.065961,1.771748,0.409573,1.063049,0.154932,-0.028307,0.133367,1.784066,0.378228,1.278161,-0.053550,-0.028300,0.133400,1.784100,0.378200,1.278200,-0.053500,,,,,,,1
347,1787907426.2498,1787907426.263,0.05533,-0.035282,0.084369,1.780952,0.397301,1.144350,0.167204,-0.031088,0.145499,1.787921,0.377271,1.292546,-0.053497,-0.031100,0.145500,1.787900,0.377300,1.292500,-0.053500,,,,,,,0
348,1787907426.2891,1787907426.3041,0.03932,-0.035282,0.105845,1.785554,0.391165,1.190369,0.167204,-0.048882,0.110779,1.843528,0.385118,1.414748,-0.040877,-0.048900,0.110800,1.843500,0.385100,1.414700,-0.040900,,,,,,,0
349,1787907426.3461,1787907426.3599,0.05704,-0.033748,0.136524,1.793224,0.385029,1.245592,0.167204,-0.046459,0.120484,1.861527,0.383691,1.411744,-0.040190,-0.046500,0.120500,1.861500,0.383700,1.411700,-0.040200,,,,,,,0
350,1787907426.4018,1787907426.4161,0.05563,-0.033748,0.145728,1.796292,0.381961,1.288544,0.168738,-0.042180,0.130874,1.878853,0.383256,1.433951,-0.040062,-0.042200,0.130900,1.878900,0.383300,1.434000,-0.040100,,,,,,,0
351,1787907426.441,1787907426.4551,0.03923,-0.035282,0.142660,1.813165,0.381961,1.322291,0.168738,-0.042466,0.138720,1.887288,0.381417,1.431096,-0.038619,-0.042500,0.138700,1.887300,0.381400,1.431100,-0.038600,,,,,,,0
352,1787907426.4998,1787907426.513,0.05883,-0.038350,0.136524,1.853049,0.381961,1.377515,0.168738,-0.040468,0.148968,1.896559,0.378892,1.438501,-0.038668,-0.040500,0.149000,1.896600,0.378900,1.438500,-0.038700,,,,,,,0
353,1787907426.5564,1787907426.57,0.05653,-0.038350,0.138058,1.883728,0.381961,1.415864,0.168738,-0.042026,0.160429,1.902156,0.373788,1.439619,-0.037178,-0.042000,0.160400,1.902200,0.373800,1.439600,-0.037200,,,,,,,0
354,1787907426.5965,1787907426.6101,0.0401,-0.038350,0.142660,1.889864,0.381961,1.428136,0.168738,-0.040216,0.173296,1.901040,0.367528,1.445225,-0.039489,-0.040200,0.173300,1.901000,0.367500,1.445200,-0.039500,,,,,,,0
355,1787907426.6528,1787907426.6659,0.05637,-0.038350,0.148796,1.902136,0.381961,1.435806,0.168738,-0.041866,0.188569,1.906658,0.362814,1.442049,-0.041040,-0.041900,0.188600,1.906700,0.362800,1.442000,-0.041000,,,,,,,0
356,1787907426.7097,1787907426.724,0.05688,-0.038350,0.167204,1.903670,0.375825,1.438874,0.168738,-0.041257,0.197381,1.907958,0.357539,1.439317,-0.041173,-0.041300,0.197400,1.908000,0.357500,1.439300,-0.041200,,,,,,,0
357,1787907426.7497,1787907426.7649,0.03997,-0.038350,0.174874,1.905204,0.372757,1.441942,0.168738,-0.041401,0.204341,1.907758,0.351460,1.427995,-0.041292,-0.041400,0.204300,1.907800,0.351500,1.428000,-0.041300,,,,,,,0
358,1787907426.8061,1787907426.8211,0.05645,-0.038350,0.190214,1.912874,0.368155,1.441942,0.168738,-0.044358,0.206219,1.912753,0.352592,1.432516,-0.039693,-0.044400,0.206200,1.912800,0.352600,1.432500,-0.039700,,,,,,,0
359,1787907426.8627,1787907426.8761,0.05657,-0.038350,0.202485,1.911340,0.357418,1.441942,0.168738,-0.043297,0.207060,1.913260,0.349407,1.427955,-0.042439,-0.043300,0.207100,1.913300,0.349400,1.428000,-0.042400,,,,,,,0
360,1787907426.9025,1787907426.9162,0.03979,-0.038350,0.207087,1.914408,0.355884,1.438874,0.168738,-0.046158,0.212737,1.906486,0.343632,1.439687,-0.041715,-0.046200,0.212700,1.906500,0.343600,1.439700,-0.041700,,,,,,,0
361,1787907426.9593,1787907426.9751,0.05684,-0.038350,0.207087,1.917476,0.355884,1.437340,0.168738,-0.046044,0.218699,1.903668,0.339395,1.441434,-0.040088,-0.046000,0.218700,1.903700,0.339400,1.441400,-0.040100,,,,,,,0
362,1787907427.0158,1787907427.0291,0.05647,-0.038350,0.211689,1.917476,0.351282,1.437340,0.168738,-0.047304,0.226224,1.904913,0.336194,1.451907,-0.040142,-0.047300,0.226200,1.904900,0.336200,1.451900,-0.040100,,,,,,,0
363,1787907427.0556,1787907427.0702,0.03984,-0.038350,0.213223,1.917476,0.346680,1.437340,0.168738,-0.045956,0.232067,1.895156,0.338714,1.454931,-0.040463,-0.046000,0.232100,1.895200,0.338700,1.454900,-0.040500,,,,,,,0
364,1787907427.1119,1787907427.1249,0.05632,-0.038350,0.219359,1.917476,0.343612,1.438874,0.168738,-0.044579,0.245814,1.888849,0.336950,1.449230,-0.039393,-0.044600,0.245800,1.888800,0.336900,1.449200,-0.039400,,,,,,,1
365,1787907427.1678,1787907427.1822,0.05586,-0.038350,0.230097,1.915942,0.340544,1.451146,0.168738,-0.045340,0.246503,1.883562,0.336580,1.445870,-0.038984,-0.045300,0.246500,1.883600,0.336600,1.445900,-0.039000,,,,,,,1
366,1787907427.2076,1787907427.2222,0.03979,-0.038350,0.234699,1.911340,0.340544,1.451146,0.168738,-0.046585,0.248797,1.884448,0.339059,1.444405,-0.037561,-0.046600,0.248800,1.884400,0.339100,1.444400,-0.037600,,,,,,,0
367,1787907427.2645,1787907427.2782,0.05694,-0.038350,0.245437,1.906738,0.340544,1.451146,0.168738,-0.057100,0.237632,1.867620,0.351349,1.370220,-0.032592,-0.057100,0.237600,1.867600,0.351300,1.370200,-0.032600,,,,,,,0
368,1787907427.3203,1787907427.3339,0.05574,-0.038350,0.250039,1.902136,0.340544,1.451146,0.168738,-0.057320,0.239992,1.867464,0.349540,1.371887,-0.032097,-0.057300,0.240000,1.867500,0.349500,1.371900,-0.032100,,,,,,,0
369,1787907427.3591,1787907427.3721,0.03878,-0.038350,0.250039,1.902136,0.340544,1.451146,0.168738,-0.057663,0.244486,1.859427,0.351002,1.373615,-0.033836,-0.057700,0.244500,1.859400,0.351000,1.373600,-0.033800,,,,,,,0
370,1787907427.4154,1787907427.4302,0.0564,-0.044485,0.250039,1.886796,0.345146,1.432738,0.168738,-0.057329,0.249404,1.859516,0.351803,1.368602,-0.032164,-0.057300,0.249400,1.859500,0.351800,1.368600,-0.032200,,,,,,,0
371,1787907427.4548,1787907427.47,0.03936,-0.046019,0.250039,1.882194,0.346680,1.409728,0.168738,-0.056181,0.258653,1.854548,0.348921,1.362634,-0.031158,-0.056200,0.258700,1.854500,0.348900,1.362600,-0.031200,,,,,,,0
372,1787907427.5066,1787907427.5211,0.05176,-0.050621,0.250039,1.879126,0.346680,1.383651,0.168738,-0.056926,0.265243,1.854619,0.350056,1.356771,-0.030566,-0.056900,0.265200,1.854600,0.350100,1.356800,-0.030600,,,,,,,0
373,1787907427.573,1787907427.587,0.06646,-0.050621,0.256175,1.876059,0.346680,1.369845,0.168738,-0.057888,0.267085,1.853305,0.344480,1.349793,-0.031432,-0.057900,0.267100,1.853300,0.344500,1.349800,-0.031400,,,,,,,0
374,1787907427.6123,1787907427.626,0.03925,-0.050621,0.260777,1.872991,0.346680,1.366777,0.168738,-0.057418,0.269705,1.860912,0.341725,1.345237,-0.030360,-0.057400,0.269700,1.860900,0.341700,1.345200,-0.030400,,,,,,,0
375,1787907427.6696,1787907427.684,0.05736,-0.050621,0.265379,1.872991,0.346680,1.360641,0.168738,-0.057024,0.271867,1.853639,0.343707,1.341591,-0.031521,-0.057000,0.271900,1.853600,0.343700,1.341600,-0.031500,,,,,,,0
376,1787907427.7247,1787907427.738,0.05502,-0.050621,0.269981,1.872991,0.346680,1.352971,0.168738,-0.058552,0.275391,1.856484,0.349040,1.340343,-0.031429,-0.058600,0.275400,1.856500,0.349000,1.340300,-0.031400,,,,,,,0
377,1787907427.764,1787907427.7781,0.03935,-0.050621,0.271515,1.872991,0.346680,1.349903,0.168738,-0.059490,0.275304,1.851965,0.347308,1.343939,-0.030887,-0.059500,0.275300,1.852000,0.347300,1.343900,-0.030900,,,,,,,0
378,1787907427.8206,1787907427.8339,0.05655,-0.050621,0.274583,1.872991,0.346680,1.348369,0.168738,-0.060725,0.273821,1.854980,0.347395,1.339381,-0.031320,-0.060700,0.273800,1.855000,0.347400,1.339400,-0.031300,,,,,,,0
379,1787907427.8597,1787907427.8751,0.0391,-0.050621,0.276117,1.872991,0.346680,1.348369,0.168738,-0.061282,0.270413,1.851139,0.347781,1.343274,-0.032125,-0.061300,0.270400,1.851100,0.347800,1.343300,-0.032100,,,,,,,0
380,1787907427.9186,1787907427.9329,0.05899,-0.050621,0.277651,1.871457,0.346680,1.348369,0.168738,-0.062555,0.269487,1.848873,0.352879,1.347635,-0.032411,-0.062600,0.269500,1.848900,0.352900,1.347600,-0.032400,,,,,,,0
381,1787907427.9852,1787907427.9989,0.06652,-0.050621,0.277651,1.871457,0.346680,1.346835,0.168738,-0.063452,0.269163,1.846716,0.357313,1.352313,-0.033471,-0.063500,0.269200,1.846700,0.357300,1.352300,-0.033500,,,,,,,0
382,1787907428.0239,1787907428.037,0.03871,-0.050621,0.277651,1.871457,0.346680,1.346835,0.168738,-0.063812,0.264228,1.855896,0.359646,1.343990,-0.030398,-0.063800,0.264200,1.855900,0.359600,1.344000,-0.030400,,,,,,,0
383,1787907428.081,1787907428.096,0.05711,-0.050621,0.277651,1.871457,0.351282,1.346835,0.168738,-0.064345,0.264333,1.853582,0.369852,1.355498,-0.030023,-0.064300,0.264300,1.853600,0.369900,1.355500,-0.030000,,,,,,,1
384,1787907428.1365,1787907428.1501,0.05554,-0.052155,0.277651,1.871457,0.354350,1.348369,0.168738,-0.065806,0.261008,1.853261,0.374241,1.354765,-0.023905,-0.065800,0.261000,1.853300,0.374200,1.354800,-0.023900,,,,,,,1
385,1787907428.1755,1787907428.1899,0.03894,-0.053689,0.277651,1.871457,0.357418,1.348369,0.168738,-0.068004,0.260691,1.850693,0.375971,1.355811,-0.008604,-0.068000,0.260700,1.850700,0.376000,1.355800,-0.008600,,,,,,,0
386,1787907428.2315,1787907428.2461,0.05599,-0.053689,0.277651,1.871457,0.366621,1.352971,0.168738,-0.045972,0.274672,1.842594,0.373112,1.429816,-0.022883,-0.046000,0.274700,1.842600,0.373100,1.429800,-0.022900,,,,,,,0
387,1787907428.2702,1787907428.285,0.03877,-0.055223,0.277651,1.871457,0.371223,1.352971,0.168738,-0.045695,0.275189,1.843167,0.375041,1.430741,-0.012884,-0.045700,0.275200,1.843200,0.375000,1.430700,-0.012900,,,,,,,0
388,1787907428.3275,1787907428.3411,0.05724,-0.056757,0.277651,1.869923,0.371223,1.356039,0.168738,-0.044332,0.277561,1.843846,0.376157,1.427718,0.014024,-0.044300,0.277600,1.843800,0.376200,1.427700,0.014000,,,,,,,0
389,1787907428.3881,1787907428.4021,0.06066,-0.056757,0.277651,1.862253,0.371223,1.375981,0.168738,-0.046442,0.277484,1.843143,0.383872,1.426843,0.068013,-0.046400,0.277500,1.843100,0.383900,1.426800,0.068000,,,,,,,0
390,1787907428.4271,1787907428.4411,0.03895,-0.052155,0.277651,1.862253,0.371223,1.398990,0.168738,-0.045383,0.276323,1.843716,0.399284,1.434914,0.176097,-0.045400,0.276300,1.843700,0.399300,1.434900,0.176100,,,,,,,0
391,1787907428.4836,1787907428.4979,0.05655,-0.049087,0.280718,1.862253,0.371223,1.423534,0.168738,-0.042744,0.273182,1.843967,0.408055,1.442581,0.252849,-0.042700,0.273200,1.844000,0.408100,1.442600,0.252800,,,,,,,0
392,1787907428.55,1787907428.563,0.06633,-0.049087,0.280718,1.862253,0.386563,1.428136,0.188680,-0.041528,0.273010,1.842032,0.411185,1.454617,0.300555,-0.041500,0.273000,1.842000,0.411200,1.454600,0.300600,,,,,,,0
393,1787907428.5888,1787907428.6021,0.03886,-0.049087,0.280718,1.862253,0.394233,1.432738,0.194816,-0.042380,0.269074,1.845304,0.414985,1.446229,0.320133,-0.042400,0.269100,1.845300,0.415000,1.446200,0.320100,,,,,,,0
394,1787907428.6456,1787907428.6591,0.05677,-0.049087,0.280718,1.862253,0.404971,1.440408,0.285320,-0.042886,0.267857,1.846695,0.416335,1.445104,0.323196,-0.042900,0.267900,1.846700,0.416300,1.445100,0.323200,,,,,,,0
395,1787907428.7015,1787907428.7151,0.05586,-0.047553,0.280718,1.862253,0.411107,1.449612,0.319068,-0.043423,0.267489,1.846966,0.417120,1.448573,0.325813,-0.043400,0.267500,1.847000,0.417100,1.448600,0.325800,,,,,,,0
396,1787907428.7407,1787907428.7548,0.03928,-0.047553,0.280718,1.862253,0.411107,1.449612,0.319068,-0.041358,0.267871,1.845697,0.414817,1.452394,0.326937,-0.041400,0.267900,1.845700,0.414800,1.452400,0.326900,,,,,,,0
397,1787907428.7976,1787907428.8122,0.05683,-0.046019,0.280718,1.862253,0.411107,1.449612,0.319068,-0.041957,0.267515,1.844641,0.415633,1.451060,0.334219,-0.042000,0.267500,1.844600,0.415600,1.451100,0.334200,,,,,,,0
398,1787907428.8541,1787907428.869,0.05654,-0.046019,0.280718,1.862253,0.414175,1.449612,0.319068,-0.042861,0.268288,1.844168,0.416326,1.452787,0.343414,-0.042900,0.268300,1.844200,0.416300,1.452800,0.343400,,,,,,,0
399,1787907428.8941,1787907428.9081,0.04,-0.046019,0.280718,1.862253,0.414175,1.449612,0.326738,-0.041951,0.266269,1.842830,0.420633,1.450121,0.357260,-0.042000,0.266300,1.842800,0.420600,1.450100,0.357300,,,,,,,0
400,1787907428.9508,1787907428.9639,0.05672,-0.046019,0.280718,1.862253,0.414175,1.449612,0.334408,-0.043188,0.267556,1.841774,0.419624,1.441425,0.365453,-0.043200,0.267600,1.841800,0.419600,1.441400,0.365500,,,,,,,0
401,1787907429.0069,1787907429.0202,0.05606,-0.046019,0.280718,1.862253,0.414175,1.449612,0.354350,-0.046475,0.264387,1.842541,0.420245,1.445642,0.364547,-0.046500,0.264400,1.842500,0.420200,1.445600,0.364500,,,,,,,0
402,1787907429.046,1787907429.06,0.03916,-0.046019,0.280718,1.862253,0.417243,1.449612,0.357418,-0.050902,0.263221,1.836169,0.413830,1.449538,0.328636,-0.050900,0.263200,1.836200,0.413800,1.449500,0.328600,,,,,,,1
403,1787907429.1026,1787907429.1172,0.05654,-0.046019,0.280718,1.862253,0.417243,1.449612,0.360485,-0.050728,0.259937,1.827922,0.411539,1.438823,0.293305,-0.050700,0.259900,1.827900,0.411500,1.438800,0.293300,,,,,,,1
404,1787907429.142,1787907429.1549,0.03937,-0.046019,0.280718,1.862253,0.417243,1.449612,0.360485,-0.055371,0.259095,1.820687,0.403621,1.439360,0.210228,-0.055400,0.259100,1.820700,0.403600,1.439400,0.210200,,,,,,,0
405,1787907429.2014,1787907429.2152,0.05944,-0.046019,0.279185,1.851515,0.417243,1.449612,0.314466,-0.054298,0.302407,1.846438,0.418322,1.441489,0.315765,-0.054300,0.302400,1.846400,0.418300,1.441500,0.315800,,,,,,,0
406,1787907429.2678,1787907429.2812,0.0664,-0.046019,0.277651,1.840777,0.409573,1.448078,0.214757,-0.055333,0.303284,1.853090,0.416545,1.441644,0.309927,-0.055300,0.303300,1.853100,0.416500,1.441600,0.309900,,,,,,,0
407,1787907429.3071,1787907429.3221,0.03929,-0.046019,0.277651,1.837709,0.408039,1.445010,0.216291,-0.054379,0.299313,1.850646,0.416183,1.446300,0.288159,-0.054400,0.299300,1.850600,0.416200,1.446300,0.288200,,,,,,,0
408,1787907429.3634,1787907429.3772,0.05634,-0.047553,0.283786,1.845379,0.414175,1.445010,0.322136,-0.057828,0.294457,1.850741,0.421618,1.445996,0.214362,-0.057800,0.294500,1.850700,0.421600,1.446000,0.214400,,,,,,,0
409,1787907429.4191,1787907429.4339,0.05563,-0.047553,0.303728,1.856117,0.414175,1.445010,0.288388,-0.059489,0.289284,1.852574,0.420077,1.440637,0.114081,-0.059500,0.289300,1.852600,0.420100,1.440600,0.114100,,,,,,,0
410,1787907429.4584,1787907429.4742,0.03936,-0.047553,0.308330,1.856117,0.414175,1.445010,0.279185,-0.060964,0.284248,1.849472,0.418976,1.443714,0.028840,-0.061000,0.284200,1.849500,0.419000,1.443700,0.028800,,,,,,,0
411,1787907429.5153,1787907429.5291,0.05684,-0.049087,0.300660,1.854583,0.417243,1.445010,0.177942,-0.061847,0.274598,1.851650,0.420683,1.436650,-0.009686,-0.061800,0.274600,1.851600,0.420700,1.436700,-0.009700,,,,,,,0
412,1787907429.5549,1787907429.5702,0.03965,-0.049087,0.299126,1.854583,0.417243,1.445010,0.085903,-0.061290,0.268778,1.862489,0.422860,1.436524,-0.017474,-0.061300,0.268800,1.862500,0.422900,1.436500,-0.017500,,,,,,,0
413,1787907429.6135,1787907429.6282,0.0586,-0.050621,0.299126,1.856117,0.417243,1.445010,0.012272,-0.062507,0.260873,1.873920,0.423284,1.438977,-0.020069,-0.062500,0.260900,1.873900,0.423300,1.439000,-0.020100,,,,,,,0
414,1787907429.6799,1787907429.6932,0.06641,-0.052155,0.286854,1.860719,0.417243,1.443476,-0.015340,-0.058038,0.247427,1.890988,0.425126,1.434738,-0.015480,-0.058000,0.247400,1.891000,0.425100,1.434700,-0.015500,,,,,,,0
415,1787907429.7165,1787907429.7319,0.03653,-0.052155,0.280718,1.865321,0.420311,1.441942,-0.016874,-0.059421,0.230095,1.911242,0.424222,1.433395,-0.017478,-0.059400,0.230100,1.911200,0.424200,1.433400,-0.017500,,,,,,,0
416,1787907429.7684,1787907429.784,0.05192,-0.052155,0.277651,1.876059,0.420311,1.441942,-0.016874,-0.058360,0.210969,1.937229,0.426113,1.433985,-0.015484,-0.058400,0.211000,1.937200,0.426100,1.434000,-0.015500,,,,,,,0
417,1787907429.8346,1787907429.8481,0.06626,-0.052155,0.265379,1.892932,0.417243,1.438874,-0.016874,-0.056814,0.197095,1.965458,0.425915,1.425294,-0.015726,-0.056800,0.197100,1.965500,0.425900,1.425300,-0.015700,,,,,,,0
418,1787907429.8717,1787907429.8859,0.03701,-0.052155,0.250039,1.911340,0.423379,1.438874,-0.016874,-0.055408,0.181848,1.998390,0.422345,1.414162,-0.015750,-0.055400,0.181800,1.998400,0.422300,1.414200,-0.015800,,,,,,,0
419,1787907429.9236,1787907429.9391,0.0519,-0.052155,0.228563,1.934350,0.423379,1.437340,-0.016874,-0.055863,0.159564,2.038463,0.422887,1.382924,-0.016447,-0.055900,0.159600,2.038500,0.422900,1.382900,-0.016400,,,,,,,0
420,1787907429.99,1787907430.003,0.06643,-0.052155,0.210155,1.966563,0.423379,1.426602,-0.016874,-0.054415,0.088860,2.207474,0.410646,1.157954,-0.020689,-0.054400,0.088900,2.207500,0.410600,1.158000,-0.020700,,,,,,,1
421,1787907430.0292,1787907430.0441,0.03926,-0.052155,0.197884,1.989573,0.423379,1.420466,-0.016874,-0.054809,0.064748,2.261761,0.404917,1.035792,-0.022332,-0.054800,0.064700,2.261800,0.404900,1.035800,-0.022300,,,,,,,1
422,1787907430.0855,1787907430.0999,0.05625,-0.052155,0.174874,2.029457,0.423379,1.397456,-0.016874,-0.055211,0.042460,2.310829,0.401730,0.903563,-0.024877,-0.055200,0.042500,2.310800,0.401700,0.903600,-0.024900,,,,,,,0
423,1787907430.1409,1787907430.155,0.05537,-0.052155,0.144194,2.075476,0.409573,1.356039,-0.016874,-0.057697,-0.018436,2.268190,0.418064,0.777951,-0.024855,-0.057700,-0.018400,2.268200,0.418100,0.778000,-0.024900,,,,,,,0
424,1787907430.1795,1787907430.193,0.03862,-0.052155,0.115049,2.116893,0.406505,1.316156,-0.018408,-0.059794,-0.042024,2.327407,0.410659,0.611115,-0.025408,-0.059800,-0.042000,2.327400,0.410700,0.611100,-0.025400,,,,,,,0
425,1787907430.241,1787907430.2561,0.06154,-0.052155,0.067495,2.204330,0.404971,1.225651,-0.018408,-0.059254,-0.062024,2.380535,0.402856,0.473469,-0.025012,-0.059300,-0.062000,2.380500,0.402900,0.473500,-0.025000,,,,,,,0
426,1787907430.276,1787907430.291,0.03496,-0.052155,0.041417,2.245748,0.408039,1.161223,-0.019942,-0.062066,-0.079046,2.439741,0.380671,0.365485,-0.024165,-0.062100,-0.079000,2.439700,0.380700,0.365500,-0.024200,,,,,,,0
427,1787907430.3274,1787907430.342,0.05138,-0.052155,-0.001534,2.296369,0.412641,1.044641,-0.023010,-0.061172,-0.103463,2.510136,0.348023,0.276305,-0.022500,-0.061200,-0.103500,2.510100,0.348000,0.276300,-0.022500,,,,,,,0
428,1787907430.3765,1787907430.391,0.04914,-0.052155,-0.039884,2.337787,0.400369,0.918854,-0.023010,-0.059691,-0.116246,2.584272,0.293553,0.231182,-0.022979,-0.059700,-0.116200,2.584300,0.293600,0.231200,-0.023000,,,,,,,0
429,1787907430.4432,1787907430.458,0.06667,-0.052155,-0.073631,2.409884,0.372757,0.737845,-0.023010,-0.061101,-0.127944,2.640451,0.232166,0.208458,-0.023188,-0.061100,-0.127900,2.640500,0.232200,0.208500,-0.023200,,,,,,,0
430,1787907430.492,1787907430.506,0.0488,-0.052155,-0.098175,2.468175,0.349748,0.613592,-0.023010,-0.059265,-0.141844,2.714221,0.145058,0.204202,-0.022513,-0.059300,-0.141800,2.714200,0.145100,0.204200,-0.022500,,,,,,,0
431,1787907430.559,1787907430.5731,0.06705,-0.052155,-0.116583,2.546408,0.300660,0.467864,-0.023010,-0.059611,-0.151996,2.782098,0.048420,0.200249,-0.022815,-0.059600,-0.152000,2.782100,0.048400,0.200200,-0.022800,,,,,,,0
432,1787907430.5964,1787907430.6101,0.03736,-0.052155,-0.122718,2.587826,0.268447,0.403437,-0.023010,-0.058113,-0.161869,2.841665,-0.038449,0.196698,-0.022739,-0.058100,-0.161900,2.841700,-0.038400,0.196700,-0.022700,,,,,,,0
433,1787907430.6475,1787907430.661,0.05112,-0.052155,-0.131922,2.647651,0.216291,0.320602,-0.023010,-0.058950,-0.171095,2.897400,-0.120860,0.181910,-0.023645,-0.059000,-0.171100,2.897400,-0.120900,0.181900,-0.023600,,,,,,,0
434,1787907430.714,1787907430.729,0.0665,-0.052155,-0.150330,2.721282,0.134990,0.250039,-0.023010,-0.058545,-0.178414,2.944719,-0.197151,0.169420,-0.023539,-0.058500,-0.178400,2.944700,-0.197200,0.169400,-0.023500,,,,,,,0
435,1787907430.7516,1787907430.7649,0.03758,-0.052155,-0.158000,2.765767,0.085903,0.222427,-0.023010,-0.057902,-0.186181,2.992545,-0.245056,0.147548,-0.023690,-0.057900,-0.186200,2.992500,-0.245100,0.147500,-0.023700,,,,,,,0
436,1787907430.8025,1787907430.8168,0.0509,-0.052155,-0.167204,2.830195,0.009204,0.194816,-0.023010,-0.059925,-0.191863,3.017211,-0.279310,0.137197,-0.022244,-0.059900,-0.191900,3.017200,-0.279300,0.137200,-0.022200,,,,,,,0
437,1787907430.8691,1787907430.885,0.06663,-0.052155,-0.177942,2.902292,-0.092039,0.165670,-0.023010,-0.059059,-0.192684,3.040008,-0.296419,0.129827,-0.023343,-0.059100,-0.192700,3.040000,-0.296400,0.129800,-0.023300,,,,,,,0
438,1787907430.9361,1787907430.9498,0.06698,-0.052155,-0.187146,2.955981,-0.181010,0.145728,-0.023010,-0.055764,-0.195407,3.058069,-0.316910,0.108909,-0.020152,-0.055800,-0.195400,3.058100,-0.316900,0.108900,-0.020200,,,,,,,1
439,1787907430.9735,1787907430.9881,0.03737,-0.052155,-0.188680,2.965185,-0.219359,0.141126,-0.023010,-0.055600,-0.196643,3.058515,-0.313880,0.112266,-0.019995,-0.055600,-0.196600,3.058500,-0.313900,0.112300,-0.020000,,,,,,,1
440,1787907431.0245,1787907431.0391,0.05102,-0.052155,-0.190214,2.969787,-0.265379,0.134990,-0.023010,-0.054116,-0.194714,3.060989,-0.316280,0.114527,-0.021309,-0.054100,-0.194700,3.061000,-0.316300,0.114500,-0.021300,,,,,,,0
441,1787907431.091,1787907431.1051,0.06652,-0.052155,-0.191748,2.969787,-0.303728,0.121184,-0.023010,-0.047924,-0.175516,3.103184,-0.382211,0.160497,-0.026985,-0.047900,-0.175500,3.103200,-0.382200,0.160500,-0.027000,,,,,,,0
442,1787907431.1306,1787907431.1452,0.03959,-0.052155,-0.193282,2.969787,-0.311398,0.119651,-0.023010,-0.046693,-0.177828,3.112351,-0.391387,0.160317,-0.027151,-0.046700,-0.177800,3.112400,-0.391400,0.160300,-0.027200,,,,,,,0
443,1787907431.1875,1787907431.2022,0.0569,-0.052155,-0.193282,2.969787,-0.312932,0.119651,-0.023010,-0.046939,-0.179880,3.109650,-0.394615,0.164473,-0.025838,-0.046900,-0.179900,3.109600,-0.394600,0.164500,-0.025800,,,,,,,0
444,1787907431.2538,1787907431.2692,0.06636,-0.050621,-0.182544,2.969787,-0.342078,0.139592,-0.023010,-0.048558,-0.180798,3.115562,-0.403961,0.164566,-0.024329,-0.048600,-0.180800,3.115600,-0.404000,0.164600,-0.024300,,,,,,,0
445,1787907431.293,1787907431.3082,0.03911,-0.049087,-0.179476,2.969787,-0.363553,0.154932,-0.023010,-0.047833,-0.184130,3.119161,-0.407227,0.170847,-0.025472,-0.047800,-0.184100,3.119200,-0.407200,0.170800,-0.025500,,,,,,,0
446,1787907431.3503,1787907431.3649,0.05733,-0.049087,-0.184078,2.969787,-0.389631,0.161068,-0.023010,-0.047352,-0.184690,3.111061,-0.405403,0.172604,-0.024601,-0.047400,-0.184700,3.111100,-0.405400,0.172600,-0.024600,,,,,,,0
447,1787907431.4058,1787907431.4212,0.05556,-0.049087,-0.181010,2.969787,-0.400369,0.167204,-0.023010,-0.047099,-0.185614,3.108139,-0.402536,0.174960,-0.025194,-0.047100,-0.185600,3.108100,-0.402500,0.175000,-0.025200,,,,,,,0
448,1787907431.4614,1787907431.4761,0.05558,-0.049087,-0.182544,2.969787,-0.400369,0.171806,-0.023010,-0.047080,-0.182538,3.101743,-0.399585,0.175362,-0.024696,-0.047100,-0.182500,3.101700,-0.399600,0.175400,-0.024700,,,,,,,0
449,1787907431.5008,1787907431.5149,0.03937,-0.049087,-0.182544,2.969787,-0.400369,0.173340,-0.023010,-0.048393,-0.184574,3.111283,-0.404672,0.173255,-0.024500,-0.048400,-0.184600,3.111300,-0.404700,0.173300,-0.024500,,,,,,,0
450,1787907431.5577,1787907431.5711,0.05686,-0.049087,-0.181010,2.969787,-0.400369,0.173340,-0.023010,-0.047414,-0.187053,3.104938,-0.404444,0.172485,-0.024873,-0.047400,-0.187100,3.104900,-0.404400,0.172500,-0.024900,,,,,,,0
451,1787907431.5969,1787907431.6131,0.03928,-0.049087,-0.182544,2.969787,-0.400369,0.173340,-0.023010,-0.045837,-0.187593,3.102301,-0.405328,0.171736,-0.025336,-0.045800,-0.187600,3.102300,-0.405300,0.171700,-0.025300,,,,,,,0
452,1787907431.6566,1787907431.6722,0.05963,-0.049087,-0.181010,2.969787,-0.400369,0.173340,-0.023010,-0.048086,-0.186866,3.103967,-0.405688,0.170851,-0.024369,-0.048100,-0.186900,3.104000,-0.405700,0.170900,-0.024400,,,,,,,0
453,1787907431.7118,1787907431.7261,0.05525,-0.049087,-0.184078,2.969787,-0.400369,0.173340,-0.023010,-0.047654,-0.187515,3.105164,-0.407231,0.168728,-0.026087,-0.047700,-0.187500,3.105200,-0.407200,0.168700,-0.026100,,,,,,,0
454,1787907431.7514,1787907431.7669,0.03962,-0.049087,-0.184078,2.969787,-0.400369,0.173340,-0.023010,-0.045959,-0.189206,3.104343,-0.407106,0.169587,-0.023722,-0.046000,-0.189200,3.104300,-0.407100,0.169600,-0.023700,,,,,,,0
455,1787907431.8082,1787907431.8231,0.05676,-0.049087,-0.184078,2.969787,-0.400369,0.173340,-0.023010,-0.047197,-0.187975,3.103955,-0.407870,0.168530,-0.025497,-0.047200,-0.188000,3.104000,-0.407900,0.168500,-0.025500,,,,,,,0
456,1787907431.8636,1787907431.878,0.05544,-0.049087,-0.184078,2.969787,-0.400369,0.173340,-0.023010,-0.046370,-0.189109,3.112177,-0.411608,0.168085,-0.023230,-0.046400,-0.189100,3.112200,-0.411600,0.168100,-0.023200,,,,,,,1
457,1787907431.9028,1787907431.9181,0.03915,-0.049087,-0.184078,2.969787,-0.400369,0.173340,-0.023010,-0.047559,-0.186312,3.110361,-0.414962,0.166171,-0.024125,-0.047600,-0.186300,3.110400,-0.415000,0.166200,-0.024100,,,,,,,1
458,1787907431.9598,1787907431.9752,0.05703,-0.049087,-0.184078,2.969787,-0.400369,0.173340,-0.023010,-0.047261,-0.186929,3.112254,-0.414676,0.169718,-0.025242,-0.047300,-0.186900,3.112300,-0.414700,0.169700,-0.025200,,,,,,,0
459,1787907431.9987,1787907432.013,0.03884,-0.049087,-0.184078,2.969787,-0.406505,0.173340,-0.023010,-0.038283,-0.178303,3.160067,-0.422378,0.179002,-0.022837,-0.038300,-0.178300,3.160100,-0.422400,0.179000,-0.022800,,,,,,,0
460,1787907432.0587,1787907432.0742,0.06004,-0.049087,-0.184078,2.969787,-0.409573,0.173340,-0.023010,-0.036868,-0.182193,3.163483,-0.422769,0.176843,-0.022774,-0.036900,-0.182200,3.163500,-0.422800,0.176800,-0.022800,,,,,,,0
461,1787907432.1249,1787907432.14,0.06624,-0.047553,-0.184078,2.969787,-0.415709,0.174874,-0.023010,-0.036715,-0.182799,3.167296,-0.422314,0.172370,-0.022113,-0.036700,-0.182800,3.167300,-0.422300,0.172400,-0.022100,,,,,,,0
462,1787907432.1644,1787907432.179,0.03945,-0.044485,-0.182544,2.969787,-0.417243,0.176408,-0.023010,-0.034692,-0.180889,3.166636,-0.421774,0.174619,-0.021249,-0.034700,-0.180900,3.166600,-0.421800,0.174600,-0.021200,,,,,,,0
463,1787907432.2215,1787907432.236,0.05716,-0.042951,-0.182544,2.969787,-0.417243,0.176408,-0.023010,-0.034137,-0.181672,3.172878,-0.427050,0.171612,-0.020560,-0.034100,-0.181700,3.172900,-0.427000,0.171600,-0.020600,,,,,,,0
464,1787907432.2779,1787907432.2931,0.05636,-0.042951,-0.182544,2.969787,-0.417243,0.176408,-0.023010,-0.036324,-0.188072,3.165724,-0.426216,0.170001,-0.022751,-0.036300,-0.188100,3.165700,-0.426200,0.170000,-0.022800,,,,,,,0
465,1787907432.3343,1787907432.3491,0.05636,-0.042951,-0.181010,2.969787,-0.418777,0.176408,-0.023010,-0.037759,-0.189252,3.165287,-0.426592,0.167683,-0.019518,-0.037800,-0.189300,3.165300,-0.426600,0.167700,-0.019500,,,,,,,0
466,1787907432.3734,1787907432.3882,0.03915,-0.042951,-0.181010,2.969787,-0.418777,0.176408,-0.023010,-0.036870,-0.189368,3.163110,-0.427527,0.169886,-0.020019,-0.036900,-0.189400,3.163100,-0.427500,0.169900,-0.020000,,,,,,,0
467,1787907432.4314,1787907432.445,0.05798,-0.042951,-0.184078,2.969787,-0.418777,0.176408,-0.023010,-0.035403,-0.190707,3.163829,-0.423196,0.167698,-0.021047,-0.035400,-0.190700,3.163800,-0.423200,0.167700,-0.021000,,,,,,,0
468,1787907432.4979,1787907432.5111,0.06647,-0.042951,-0.184078,2.969787,-0.423379,0.174874,-0.023010,-0.038492,-0.190783,3.160049,-0.423782,0.168050,-0.021812,-0.038500,-0.190800,3.160000,-0.423800,0.168000,-0.021800,,,,,,,0
469,1787907432.5372,1787907432.5522,0.03929,-0.042951,-0.184078,2.969787,-0.423379,0.174874,-0.023010,-0.037683,-0.190563,3.162064,-0.424023,0.168972,-0.021647,-0.037700,-0.190600,3.162100,-0.424000,0.169000,-0.021600,,,,,,,0
470,1787907432.5936,1787907432.609,0.05647,-0.042951,-0.184078,2.969787,-0.423379,0.174874,-0.023010,-0.037584,-0.189651,3.159317,-0.426394,0.172042,-0.021928,-0.037600,-0.189700,3.159300,-0.426400,0.172000,-0.021900,,,,,,,0
471,1787907432.6503,1787907432.664,0.05666,-0.042951,-0.184078,2.969787,-0.423379,0.174874,-0.023010,-0.038115,-0.190452,3.160287,-0.426493,0.172383,-0.022205,-0.038100,-0.190500,3.160300,-0.426500,0.172400,-0.022200,,,,,,,0
472,1787907432.6901,1787907432.705,0.03976,-0.042951,-0.184078,2.969787,-0.423379,0.174874,-0.023010,-0.037548,-0.190933,3.159487,-0.427326,0.174831,-0.023072,-0.037500,-0.190900,3.159500,-0.427300,0.174800,-0.023100,,,,,,,0
473,1787907432.7467,1787907432.7611,0.0567,-0.042951,-0.184078,2.969787,-0.423379,0.174874,-0.023010,-0.038213,-0.190138,3.160450,-0.426934,0.174488,-0.020186,-0.038200,-0.190100,3.160500,-0.426900,0.174500,-0.020200,,,,,,,0
474,1787907432.8035,1787907432.8171,0.05677,-0.042951,-0.184078,2.969787,-0.423379,0.174874,-0.023010,-0.038122,-0.190299,3.160560,-0.426067,0.176283,-0.020882,-0.038100,-0.190300,3.160600,-0.426100,0.176300,-0.020900,,,,,,,0
475,1787907432.843,1787907432.858,0.03951,-0.042951,-0.184078,2.969787,-0.423379,0.174874,-0.023010,-0.036708,-0.190066,3.163141,-0.430958,0.176097,-0.020999,-0.036700,-0.190100,3.163100,-0.431000,0.176100,-0.021000,,,,,,,1
476,1787907432.9002,1787907432.9151,0.0572,-0.042951,-0.184078,2.969787,-0.423379,0.174874,-0.023010,-0.036144,-0.191114,3.160430,-0.431011,0.175592,-0.021220,-0.036100,-0.191100,3.160400,-0.431000,0.175600,-0.021200,,,,,,,1
477,1787907432.9566,1787907432.9711,0.05639,-0.042951,-0.184078,2.969787,-0.423379,0.174874,-0.023010,-0.038069,-0.192185,3.165197,-0.432784,0.173318,-0.021428,-0.038100,-0.192200,3.165200,-0.432800,0.173300,-0.021400,,,,,,,0
478,1787907432.9962,1787907433.011,0.03963,-0.042951,-0.184078,2.969787,-0.423379,0.174874,-0.023010,-0.034808,-0.190784,3.161954,-0.454770,0.177712,-0.025027,-0.034800,-0.190800,3.162000,-0.454800,0.177700,-0.025000,,,,,,,0
479,1787907433.0535,1787907433.0678,0.05725,-0.042951,-0.184078,2.969787,-0.423379,0.174874,-0.023010,-0.034398,-0.191769,3.164098,-0.457710,0.180570,-0.024051,-0.034400,-0.191800,3.164100,-0.457700,0.180600,-0.024100,,,,,,,0
480,1787907433.109,1787907433.123,0.05552,-0.042951,-0.184078,2.969787,-0.432583,0.174874,-0.023010,-0.035042,-0.191247,3.162280,-0.454863,0.180065,-0.023623,-0.035000,-0.191200,3.162300,-0.454900,0.180100,-0.023600,,,,,,,0
481,1787907433.1486,1787907433.163,0.03958,-0.042951,-0.184078,2.969787,-0.444854,0.174874,-0.023010,-0.034563,-0.189544,3.163948,-0.457364,0.177622,-0.023653,-0.034600,-0.189500,3.163900,-0.457400,0.177600,-0.023700,,,,,,,0
482,1787907433.2052,1787907433.22,0.05661,-0.042951,-0.184078,2.969787,-0.450990,0.177942,-0.023010,-0.032941,-0.188443,3.162690,-0.456754,0.173196,-0.022493,-0.032900,-0.188400,3.162700,-0.456800,0.173200,-0.022500,,,,,,,0
483,1787907433.2609,1787907433.2751,0.05574,-0.042951,-0.184078,2.969787,-0.452524,0.177942,-0.023010,-0.034060,-0.190126,3.159541,-0.458824,0.174062,-0.022491,-0.034100,-0.190100,3.159500,-0.458800,0.174100,-0.022500,,,,,,,0
484,1787907433.3003,1787907433.3151,0.03937,-0.042951,-0.184078,2.969787,-0.452524,0.177942,-0.023010,-0.034721,-0.193713,3.163610,-0.460912,0.173762,-0.021686,-0.034700,-0.193700,3.163600,-0.460900,0.173800,-0.021700,,,,,,,0
485,1787907433.3568,1787907433.3711,0.0565,-0.042951,-0.184078,2.969787,-0.452524,0.177942,-0.023010,-0.035891,-0.193454,3.157138,-0.450823,0.169226,-0.021155,-0.035900,-0.193500,3.157100,-0.450800,0.169200,-0.021200,,,,,,,0
486,1787907433.396,1787907433.4102,0.03914,-0.042951,-0.184078,2.969787,-0.454058,0.177942,-0.023010,-0.035196,-0.193543,3.159015,-0.456283,0.167378,-0.020763,-0.035200,-0.193500,3.159000,-0.456300,0.167400,-0.020800,,,,,,,0
487,1787907433.4529,1787907433.4679,0.05693,-0.042951,-0.188680,2.969787,-0.454058,0.177942,-0.023010,-0.034142,-0.195506,3.158909,-0.456069,0.166236,-0.020790,-0.034100,-0.195500,3.158900,-0.456100,0.166200,-0.020800,,,,,,,0
488,1787907433.5218,1787907433.5372,0.06895,-0.042951,-0.190214,2.969787,-0.454058,0.174874,-0.023010,-0.033664,-0.195614,3.163084,-0.458930,0.165072,-0.021895,-0.033700,-0.195600,3.163100,-0.458900,0.165100,-0.021900,,,,,,,0
489,1787907433.561,1787907433.5761,0.03913,-0.042951,-0.190214,2.969787,-0.454058,0.171806,-0.023010,-0.035338,-0.198846,3.163855,-0.456339,0.165178,-0.021244,-0.035300,-0.198800,3.163900,-0.456300,0.165200,-0.021200,,,,,,,0
490,1787907433.6186,1787907433.6329,0.05758,-0.042951,-0.190214,2.969787,-0.454058,0.171806,-0.023010,-0.035324,-0.197252,3.163483,-0.457192,0.165468,-0.020784,-0.035300,-0.197300,3.163500,-0.457200,0.165500,-0.020800,,,,,,,0
491,1787907433.7854,1787907433.7989,0.16684,-0.042951,-0.194816,2.969787,-0.454058,0.171806,-0.023010,-0.042941,-0.196605,2.968918,-0.448117,0.181971,-0.023163,-0.042900,-0.196600,2.968900,-0.448100,0.182000,-0.023200,,,,,,,0
