step,t_obs,t_cmd,dt,pos_shoulder_pan,pos_shoulder_lift,pos_elbow_flex,pos_wrist_flex,pos_wrist_roll,pos_gripper,cmd_shoulder_pan,cmd_shoulder_lift,cmd_elbow_flex,cmd_wrist_flex,cmd_wrist_roll,cmd_gripper,sent_shoulder_pan,sent_shoulder_lift,sent_elbow_flex,sent_wrist_flex,sent_wrist_roll,sent_gripper,velraw_shoulder_pan,velraw_shoulder_lift,velraw_elbow_flex,velraw_wrist_flex,velraw_wrist_roll,velraw_gripper,chunk_start
0,1786707714.2352,1786707714.5191,0.21446,0.6154,-89.0989,96.7033,61.9780,-83.2967,3.2407,-0.2677,-89.5377,99.1056,61.2656,-83.3673,2.5528,-0.2677,-89.5377,99.1056,61.2656,-83.3673,2.5528,0,0,0,0,0,0,1
1,1786707714.5203,1786707714.5253,0.28502,0.6154,-89.0989,96.7033,61.9780,-83.2967,3.2407,1.4195,-90.7944,100.0567,61.4793,-80.5125,2.6423,1.4195,-90.7944,100.0567,61.4793,-80.5125,2.6423,0,0,0,0,0,0,1
2,1786707714.5537,1786707714.5581,0.03342,0.6154,-89.0989,96.7033,61.9780,-83.2967,3.2407,-0.9354,-89.1404,100.1174,62.9796,-83.2303,2.3011,-0.9354,-89.1404,100.1174,62.9796,-83.2303,2.3011,0,0,0,0,0,0,0
3,1786707714.587,1786707714.5911,0.03328,0.6154,-89.8022,97.0549,61.9780,-83.0330,2.9762,0.0895,-85.8891,98.3319,62.8025,-84.6527,2.9873,0.0895,-85.8891,98.3319,62.8025,-84.6527,2.9873,0,-150,150,0,100,-100,0
4,1786707714.6204,1786707714.6246,0.0334,0.7033,-90.2418,97.3187,62.2418,-82.4176,2.7778,0.5709,-84.6504,97.1393,62.9398,-83.0798,2.8199,0.5709,-84.6504,97.1393,62.9398,-83.0798,2.8199,50,-150,150,150,250,-100,0
5,1786707714.6537,1786707714.6589,0.03338,0.4396,-89.2747,97.3187,62.5055,-82.9451,2.9101,-0.3052,-86.8371,98.8132,64.2422,-84.2007,2.8826,-0.3052,-86.8371,98.8132,64.2422,-84.2007,2.8826,-50,400,0,150,-150,0,0
6,1786707714.6871,1786707714.6912,0.03336,0.1758,-87.5165,97.1429,62.6813,-83.7363,2.9101,-1.1551,-86.0163,96.6392,64.4965,-83.7333,2.6236,-1.1551,-86.0163,96.6392,64.4965,-83.7333,2.6236,0,600,-100,0,-300,0,0
7,1786707714.7205,1786707714.7258,0.03341,0.3516,-86.7253,97.1429,63.1209,-84.0000,2.9101,-1.0729,-87.6766,95.9136,65.0022,-85.0579,2.6950,-1.0729,-87.6766,95.9136,65.0022,-85.0579,2.6950,50,350,0,150,-150,0,0
8,1786707714.7539,1786707714.7583,0.0334,-0.3516,-86.8132,97.2308,63.5604,-83.9121,2.9101,-1.1655,-87.7945,98.1138,65.6903,-85.0565,2.6630,-1.1655,-87.7945,98.1138,65.6903,-85.0565,2.6630,-250,-50,50,200,0,0,0
9,1786707714.7873,1786707714.7916,0.03338,-0.6154,-87.1648,96.7912,64.0879,-84.2637,2.9101,-0.9673,-88.9009,100.5796,64.5799,-85.3707,2.2264,-0.9673,-88.9009,100.5796,64.5799,-85.3707,2.2264,-100,-200,-200,150,-150,0,0
10,1786707714.8207,1786707714.8249,0.0334,-0.7033,-87.6044,96.7033,64.8791,-84.8791,2.9101,-0.5157,-88.3440,97.3400,65.6363,-85.6405,2.5728,-0.5157,-88.3440,97.3400,65.6363,-85.6405,2.5728,-50,-200,-50,300,-200,0,0
11,1786707714.8541,1786707714.8582,0.03337,-0.7912,-88.1319,97.1429,64.7033,-84.8791,2.7778,0.7589,-83.0409,93.4410,63.8087,-83.9491,2.7350,0.7589,-83.0409,93.4410,63.8087,-83.9491,2.7350,-50,-200,100,50,0,-50,0
12,1786707714.8875,1786707714.8916,0.03337,-0.7912,-88.1319,97.3187,64.8791,-85.1429,2.7116,0.2214,-87.1577,97.0500,64.4052,-84.7931,2.4718,0.2214,-87.1577,97.0500,64.4052,-84.7931,2.4718,0,0,0,0,-150,0,0
13,1786707714.9208,1786707714.925,0.03338,-0.7033,-87.7802,96.6154,65.0549,-84.9670,2.7116,-0.8044,-86.2257,95.8036,66.1188,-85.0862,2.5087,-0.8044,-86.2257,95.8036,66.1188,-85.0862,2.5087,50,50,-250,50,150,0,0
14,1786707714.9542,1786707714.9584,0.03338,-0.3516,-87.0769,95.4725,64.5275,-84.7033,2.7116,-0.1516,-87.9651,93.8827,65.8193,-83.9684,2.2093,-0.1516,-87.9651,93.8827,65.8193,-83.9684,2.2093,150,250,-450,-150,150,0,0
15,1786707714.9877,1786707714.9921,0.03348,-0.6154,-86.9890,95.2088,64.7912,-85.0549,2.7116,0.1606,-86.2473,95.2819,64.9626,-84.1238,2.4144,0.1606,-86.2473,95.2819,64.9626,-84.1238,2.4144,-150,50,-50,50,-100,0,0
16,1786707715.021,1786707715.0253,0.0333,-0.6154,-87.4286,95.2088,65.3187,-84.7912,2.5794,0.0246,-86.2111,94.3540,66.4885,-85.3713,2.4203,0.0246,-86.2111,94.3540,66.4885,-85.3713,2.4203,50,-100,0,150,150,0,0
17,1786707715.0544,1786707715.0585,0.03338,-0.3516,-87.6923,95.2088,65.2308,-84.6154,2.5794,1.6093,-86.7262,91.4595,68.4300,-85.8294,2.4068,1.6093,-86.7262,91.4595,68.4300,-85.8294,2.4068,100,-100,0,-50,100,0,0
18,1786707715.0878,1786707715.0918,0.03344,-0.3516,-87.3407,95.2967,65.2308,-84.8791,2.5794,2.7927,-84.0306,87.7801,69.4409,-86.9239,2.6471,2.7927,-84.0306,87.7801,69.4409,-86.9239,2.6471,0,150,0,0,-100,0,0
19,1786707715.1211,1786707715.1253,0.03335,0.1758,-87.1648,94.5055,66.7253,-85.2308,2.5794,1.7782,-88.6688,88.8177,71.2689,-86.9863,2.1869,1.7782,-88.6688,88.8177,71.2689,-86.9863,2.1869,250,50,-350,550,-50,0,0
20,1786707715.1545,1786707715.1588,0.03336,1.4945,-86.4615,93.0110,68.1319,-85.9341,2.5794,-1.4678,-88.3017,89.5917,67.1238,-84.7850,2.3481,-1.4678,-88.3017,89.5917,67.1238,-84.7850,2.3481,400,150,-550,300,-200,0,0
21,1786707715.188,1786707715.1924,0.03347,1.5824,-85.3187,91.4286,69.0989,-86.3736,2.5132,0.8125,-87.5164,93.0751,67.2013,-86.4745,2.6578,0.8125,-87.5164,93.0751,67.2013,-86.4745,2.6578,100,400,-550,300,-150,-50,0
22,1786707715.2214,1786707715.226,0.03338,0.3516,-85.5824,91.1648,69.8022,-85.8462,2.5132,-1.3193,-88.9772,91.4245,68.6822,-84.5952,2.2199,-1.3193,-88.9772,91.4245,68.6822,-84.5952,2.2199,-500,-250,0,300,300,0,0
23,1786707715.2547,1786707715.2589,0.03336,-0.6154,-86.6374,92.2198,69.0989,-85.3187,2.5132,-1.0186,-86.7503,93.1765,67.6344,-86.2713,2.5165,-1.0186,-86.7503,93.1765,67.6344,-86.2713,2.5165,-400,-300,300,-350,250,0,0
24,1786707715.2881,1786707715.2923,0.03337,-0.7033,-87.6923,93.2747,68.2198,-85.2308,2.5132,-0.7945,-85.6304,91.5444,68.0990,-85.8093,2.4093,-0.7945,-85.6304,91.5444,68.0990,-85.8093,2.4093,-50,-350,400,-350,50,0,0
25,1786707715.3215,1786707715.3256,0.03337,-0.6154,-87.8681,93.3626,68.2198,-85.5824,2.5132,-3.0522,-86.4452,87.8426,67.7703,-84.8395,2.2444,-3.0522,-86.4452,87.8426,67.7703,-84.8395,2.2444,50,0,0,0,-150,0,0
26,1786707715.3548,1786707715.359,0.03337,-0.4396,-87.2527,93.2747,68.3077,-85.8462,2.5132,0.0441,-84.9950,92.7268,66.4265,-86.2564,2.4266,0.0441,-84.9950,92.7268,66.4265,-86.2564,2.4266,50,100,0,0,-200,0,0
27,1786707715.3882,1786707715.3926,0.03342,-0.9670,-86.4615,92.3956,68.2198,-85.4945,2.5132,-1.6602,-82.4738,89.1368,64.0175,-83.8004,2.3442,-1.6602,-82.4738,89.1368,64.0175,-83.8004,2.3442,-100,300,-300,-50,100,0,0
28,1786707715.4217,1786707715.4259,0.03342,-2.2857,-85.8462,91.1648,67.5165,-85.6703,2.5132,-3.5886,-80.3924,84.6484,62.3574,-80.2731,2.4457,-3.5886,-80.3924,84.6484,62.3574,-80.2731,2.4457,-550,200,-400,-250,-100,0,0
29,1786707715.455,1786707715.4592,0.03332,-2.0220,-84.9670,90.9890,66.1978,-85.7582,2.5132,-0.7096,-78.5305,76.2541,63.8533,-79.7575,2.0591,-0.7096,-78.5305,80.9890,63.8533,-79.7575,2.0591,150,250,-150,-500,-50,0,0
30,1786707715.4884,1786707715.4926,0.03338,-1.5824,-83.1209,90.9890,64.7033,-84.6154,2.5132,0.1993,-88.0846,90.8589,64.7654,-85.3837,2.0230,0.1993,-88.0846,90.8589,64.7654,-85.3837,2.0230,300,650,50,-500,300,0,0
31,1786707715.5218,1786707715.526,0.03347,-2.6374,-81.1868,89.6703,64.2637,-82.5934,2.5132,-0.6953,-84.4258,86.2799,68.1205,-84.6733,2.4037,-0.6953,-84.4258,86.2799,68.1205,-84.6733,2.4037,-450,700,-500,-200,750,0,0
32,1786707715.5551,1786707715.5593,0.0333,-1.9341,-80.3077,87.5604,64.7912,-81.5385,2.4471,0.9986,-83.4683,83.2690,69.1642,-82.9041,2.3567,0.9986,-83.4683,83.2690,69.1642,-82.9041,2.3567,350,500,-700,150,550,-50,0
33,1786707715.5885,1786707715.5927,0.03342,-0.4396,-81.0989,86.7692,65.8462,-82.3297,2.4471,-0.9582,-84.5875,85.7919,68.2305,-84.1430,2.5625,-0.9582,-84.5875,85.7919,68.2305,-84.1430,2.5625,600,-200,-350,200,-250,0,0
34,1786707715.6219,1786707715.6263,0.03337,-0.2637,-83.0330,86.4176,67.3407,-83.3846,2.4471,-2.4643,-85.4975,90.1603,66.2989,-86.2369,2.3768,-2.4643,-85.4975,90.1603,66.2989,-86.2369,2.3768,50,-750,-150,500,-350,0,0
35,1786707715.6553,1786707715.6595,0.03342,-0.7912,-83.6484,86.4176,67.6044,-83.3846,2.4471,-3.1578,-87.0050,90.2160,69.4239,-85.8630,2.3122,-3.1578,-87.0050,90.2160,69.4239,-85.8630,2.3122,-150,-150,-50,100,-100,0,0
36,1786707715.6887,1786707715.6928,0.03337,-1.2308,-84.4396,87.9121,67.0769,-84.2637,2.4471,-2.6147,-83.5548,89.3586,67.0355,-85.9170,2.2778,-2.6147,-83.5548,89.3586,67.0355,-85.9170,2.2778,-100,-250,450,-250,-300,0,0
37,1786707715.7221,1786707715.7263,0.03338,-2.2857,-85.4066,89.4066,66.9011,-85.1429,2.4471,-0.6806,-87.5694,89.8016,71.1722,-86.5283,2.3861,-0.6806,-87.5694,89.8016,71.1722,-86.5283,2.3861,-350,-350,550,-50,-200,0,0
38,1786707715.7554,1786707715.7596,0.03337,-2.4615,-85.4945,89.5824,67.0769,-85.0549,2.4471,-1.5128,-90.8692,88.3556,72.4953,-85.2357,2.2217,-1.5128,-90.8692,88.3556,72.4953,-85.2357,2.2217,0,0,150,50,100,0,0
39,1786707715.7888,1786707715.7929,0.03337,-1.6703,-85.6703,89.5824,67.6044,-85.6703,2.4471,-1.7726,-89.5714,87.8350,75.5379,-86.4725,2.5144,-1.7726,-89.5714,87.8350,75.5379,-86.4725,2.5144,200,0,0,300,-250,0,0
40,1786707715.8222,1786707715.8268,0.03341,-1.2308,-86.9011,89.6703,69.7143,-85.6703,2.4471,-0.4682,-89.3951,88.3804,76.0126,-84.7102,2.1572,-0.4682,-89.3951,88.3804,76.0126,-84.7102,2.1572,200,-350,0,750,0,0,0
41,1786707715.8557,1786707715.861,0.03342,-1.8462,-88.6593,89.6703,71.9121,-85.5824,2.4471,-0.7735,-89.9275,89.5412,74.6674,-83.8077,2.1530,-0.7735,-89.9275,89.5412,74.6674,-83.8077,2.1530,-250,-550,0,700,50,0,0
42,1786707715.889,1786707715.8935,0.03336,-1.5824,-89.6264,89.5824,73.4945,-85.7582,2.4471,-2.2004,-90.5713,84.6506,76.2713,-80.6894,2.4171,-2.2004,-90.5713,84.6506,76.2713,-80.6894,2.4171,-100,-550,-50,450,-100,0,0
43,1786707715.9224,1786707715.9268,0.03336,-0.7912,-89.5385,89.7582,73.7582,-85.2308,2.4471,-1.2902,-88.5866,86.3477,74.7221,-82.3860,2.4696,-1.2902,-88.5866,86.3477,74.7221,-82.3860,2.4696,350,50,100,150,150,0,0
44,1786707715.9558,1786707715.96,0.03342,-1.4945,-89.9780,89.8462,74.1099,-83.4725,2.4471,-1.5401,-86.8864,82.4289,75.7254,-78.8610,2.6762,-1.5401,-86.8864,82.4289,75.7254,-78.8610,2.6762,-250,-150,0,100,500,0,0
45,1786707715.9891,1786707715.9933,0.03333,-1.9341,-89.6264,89.0549,74.5495,-82.2418,2.4471,-1.1107,-87.9186,85.3881,75.7705,-81.1469,2.6477,-1.1107,-87.9186,85.3881,75.7705,-81.1469,2.6477,50,0,-250,50,450,0,0
46,1786707716.0225,1786707716.0268,0.03341,-1.2308,-88.4835,87.7363,74.9011,-81.4505,2.4471,-2.9672,-87.9622,88.0042,73.9654,-83.5205,2.6211,-2.9672,-87.9622,88.0042,73.9654,-83.5205,2.6211,200,400,-450,50,200,0,0
47,1786707716.0559,1786707716.0604,0.03337,-1.3187,-87.7802,86.1538,75.1648,-80.6593,2.4471,-1.8198,-87.5406,88.9619,73.2011,-82.2382,2.4738,-1.8198,-87.5406,88.9619,73.2011,-82.2382,2.4738,0,150,-500,100,150,0,0
48,1786707716.0893,1786707716.0934,0.03338,-2.1978,-88.1319,85.8901,74.7253,-81.0110,2.4471,-1.9055,-88.4244,90.0737,71.6955,-84.2498,2.7182,-1.9055,-88.4244,90.0737,71.6955,-84.2498,2.7182,-250,-200,-200,-200,0,0,0
49,1786707716.1227,1786707716.1269,0.03338,-2.3736,-88.2198,87.0330,73.9341,-82.3297,2.4471,-1.1946,-87.2723,89.0186,70.0326,-82.7193,2.8322,-1.1946,-87.2723,89.0186,70.0326,-82.7193,2.8322,-100,-50,400,-300,-500,0,0
50,1786707716.1561,1786707716.2696,0.03343,-2.1099,-88.3077,88.7912,73.1429,-83.1209,2.4471,-3.7652,-87.1371,87.9280,71.6106,-84.8988,2.0367,-3.7652,-87.1371,87.9280,71.6106,-84.8988,2.0367,100,-50,550,-250,-200,0,1
51,1786707716.2708,1786707716.2758,0.1147,-1.3187,-87.4286,89.5824,70.9451,-83.0330,2.5794,-1.2898,-81.0947,84.0148,72.4955,-83.2943,1.7137,-1.2898,-81.0947,84.0148,72.4955,-83.2943,1.7137,0,0,0,-100,0,0,1
52,1786707716.3041,1786707716.3085,0.03331,-1.4066,-87.7802,89.5824,70.8571,-83.0330,2.5794,-2.5734,-84.8200,88.0340,71.4861,-82.7148,2.0345,-2.5734,-84.8200,88.0340,71.4861,-82.7148,2.0345,0,-100,0,0,0,0,0
53,1786707716.3375,1786707716.3419,0.0334,-1.4945,-86.9011,89.2308,71.3846,-83.0330,2.2487,-1.0405,-71.4422,72.0063,72.2914,-78.4760,2.0596,-1.0405,-76.7253,79.1429,72.2914,-78.4760,2.0596,0,250,-150,100,0,-150,0
54,1786707716.3709,1786707716.3755,0.03342,-1.5824,-85.4066,88.2637,71.9121,-83.0330,2.1825,-1.9732,-65.6974,66.3868,70.8997,-75.8905,2.2630,-1.9732,-75.3187,78.0879,70.8997,-75.8905,2.2630,0,500,-350,200,0,0,0
55,1786707716.4043,1786707716.4088,0.03337,-2.1099,-84.0000,87.1209,71.9121,-82.2418,2.1825,-3.5941,-60.6710,62.7396,70.2332,-73.1962,2.2285,-3.5941,-73.7363,76.8571,70.2332,-73.1962,2.2285,-200,550,-350,0,200,0,0
56,1786707716.4377,1786707716.4423,0.03336,-2.1978,-81.1868,84.8352,71.6484,-80.0440,2.2487,-2.3105,-53.5164,53.1632,71.3337,-70.3414,2.0586,-2.3105,-70.7473,74.3956,71.3337,-70.3414,2.0586,-50,900,-800,0,800,0,0
57,1786707716.4711,1786707716.4768,0.03344,-2.1978,-78.2857,82.2857,71.1209,-77.5824,2.2487,-2.4364,-50.6404,52.7484,71.4262,-70.3011,1.9686,-2.4364,-67.8462,71.9341,71.4262,-70.3011,1.9686,0,950,-900,-250,700,0,0
58,1786707716.5045,1786707716.5096,0.03336,-2.9890,-75.7363,80.0000,71.2088,-74.8571,2.2487,-1.1852,-43.8184,46.5130,70.9637,-65.4657,2.0216,-1.1852,-65.2967,69.6484,70.9637,-65.4657,2.0216,-300,900,-800,50,950,0,0
59,1786707716.5378,1786707716.5428,0.03339,-2.7253,-72.7473,77.7143,71.3846,-73.0110,2.2487,-0.6886,-42.5640,44.1091,72.7971,-66.2558,2.1629,-0.6886,-62.3956,67.3626,72.7971,-66.2558,2.1629,50,950,-800,50,550,0,0
60,1786707716.5712,1786707716.5761,0.03335,-1.7582,-70.0220,75.2527,71.3846,-71.7802,2.2487,1.1366,-38.7711,41.2955,74.8940,-65.3906,1.9686,1.1366,-59.6703,64.9890,74.8940,-65.3906,1.9686,350,950,-850,0,250,0,0
61,1786707716.6047,1786707716.6096,0.03346,-1.4066,-67.2967,72.9670,71.8242,-69.4945,2.2487,3.0907,-37.6465,37.0231,75.3875,-59.9315,2.1243,3.0907,-56.8571,62.5275,75.3875,-59.9315,2.1243,50,900,-800,200,750,0,0
62,1786707716.638,1786707716.6428,0.03334,-0.9670,-64.3956,70.5934,73.1429,-67.8242,2.2487,5.4213,-37.0836,42.2733,74.4519,-57.8424,2.1868,5.4213,-54.0440,60.2418,74.4519,-57.8424,2.1868,0,1000,-750,400,600,0,0
63,1786707716.6714,1786707716.6766,0.03342,0.6154,-61.5824,68.3077,74.0220,-66.5055,2.2487,6.7074,-30.3490,38.0672,75.5797,-53.9284,2.4628,6.7074,-51.2308,57.9560,75.5797,-56.2418,2.4628,550,900,-800,300,400,0,0
64,1786707716.7048,1786707716.7096,0.03339,2.8132,-58.9451,65.9341,74.0220,-63.9560,2.2487,6.4049,-30.3508,34.4270,77.3794,-51.4477,2.5301,6.4049,-48.5934,55.5824,77.3794,-53.5165,2.5301,700,950,-800,0,900,0,0
65,1786707716.7382,1786707716.7428,0.03337,4.2198,-56.1319,63.4725,74.4615,-60.9670,2.2487,6.1006,-28.0645,34.8729,77.4605,-49.2577,2.5265,6.1006,-45.6923,53.2088,77.4605,-50.7033,2.5265,550,950,-850,-50,950,0,0
66,1786707716.7716,1786707716.7765,0.03342,4.9231,-53.3187,61.1868,75.7802,-58.4176,2.2487,6.8782,-25.3883,31.7649,76.6273,-45.6188,2.2012,6.8782,-42.8791,50.8352,76.6273,-47.9780,2.2012,300,950,-800,450,900,0,0
67,1786707716.805,1786707716.81,0.03338,5.1868,-50.5055,58.8132,76.3956,-55.6044,2.2487,11.4298,-30.0046,38.4017,77.0154,-41.9734,2.6711,11.4298,-40.0659,48.4615,77.0154,-45.1648,2.6711,50,950,-800,150,950,0,0
68,1786707716.8384,1786707716.8434,0.03341,5.4505,-47.6044,56.4396,76.3956,-52.8791,2.2487,14.4035,-22.9837,27.9854,80.1053,-34.9806,2.7343,14.4035,-37.1648,46.0879,80.1053,-42.4396,2.7343,0,950,-800,50,900,0,0
69,1786707716.8718,1786707716.8768,0.03343,6.5055,-44.7912,54.0659,76.5714,-50.0659,2.3148,15.3808,-22.1177,29.0045,78.9257,-28.6754,2.1924,15.3808,-34.3516,43.7143,78.9257,-39.7143,2.1924,350,950,-800,0,1000,50,0
70,1786707716.9052,1786707716.9103,0.03337,8.7912,-41.8022,51.7802,77.3626,-47.4286,2.4471,16.6150,-22.4036,25.0598,81.4662,-31.8892,2.7573,16.6150,-31.3626,41.3407,81.4662,-36.9890,2.7573,800,950,-800,300,850,50,0
71,1786707716.9386,1786707716.9437,0.03343,11.6923,-38.9890,49.3187,78.4176,-44.6154,2.3810,16.7503,-23.8414,28.5811,79.0100,-30.8330,2.7550,16.7503,-28.5495,38.9670,79.0100,-34.1758,2.7550,950,950,-850,400,950,-50,0
72,1786707716.9719,1786707716.9769,0.03335,13.8901,-36.0000,46.9451,79.3846,-41.8022,2.5132,16.8171,-23.3965,31.2306,77.5642,-29.7982,2.5978,16.8171,-25.6484,36.6813,77.5642,-31.5385,2.5978,800,1000,-800,300,950,100,0
73,1786707717.0053,1786707717.0102,0.03338,14.8571,-33.0989,44.6593,80.0879,-39.1648,2.5794,15.6992,-26.3456,33.0317,78.5707,-30.2456,2.6225,15.6992,-26.3456,34.3077,78.5707,-30.2456,2.6225,350,1000,-800,250,950,0,0
74,1786707717.0387,1786707717.0435,0.03342,15.2088,-30.1978,42.1978,79.2088,-36.3516,2.5132,16.6589,-25.8957,32.4251,78.7412,-28.7482,2.7310,16.6589,-25.8957,32.4251,78.7412,-28.7482,2.7310,150,950,-800,-450,950,-50,0
75,1786707717.0721,1786707717.0769,0.03338,15.3846,-28.0879,40.0000,78.1538,-33.9780,2.5132,17.3903,-26.9694,34.5647,78.2484,-26.9600,2.6390,17.3903,-26.9694,34.5647,78.2484,-26.9600,2.6390,50,850,-750,-450,800,0,0
76,1786707717.1055,1786707717.1101,0.03342,15.7363,-27.2967,37.8022,78.5055,-32.0440,2.5132,19.7174,-29.6696,37.6160,78.2610,-31.8498,2.4373,19.7174,-29.6696,37.6160,78.2610,-31.8498,2.4373,150,300,-750,100,600,0,0
77,1786707717.1389,1786707717.1433,0.03338,16.2637,-27.2967,36.5714,78.5934,-30.1978,2.5132,20.1414,-27.9903,38.8344,76.1890,-31.7570,2.7083,20.1414,-27.9903,38.8344,76.1890,-31.7570,2.7083,200,0,-450,-100,650,0,0
78,1786707717.1723,1786707717.1766,0.03337,17.1429,-27.8242,36.8352,78.2418,-29.4066,2.5132,19.0679,-29.7520,39.5836,72.3992,-31.9936,2.6947,19.0679,-29.7520,39.5836,72.3992,-31.9936,2.6947,200,-100,150,-150,150,0,0
79,1786707717.2056,1786707717.21,0.03334,18.2857,-28.2637,38.2418,77.9780,-29.9341,2.5132,21.6399,-29.6352,41.2418,71.7371,-27.0965,2.4971,21.6399,-29.6352,41.2418,71.7371,-27.0965,2.4971,400,-150,400,-50,-100,0,0
80,1786707717.2391,1786707717.2438,0.03342,18.8132,-28.2637,39.3846,76.0440,-31.0769,2.5132,19.1905,-31.6419,43.0703,72.6401,-28.1362,2.5528,19.1905,-31.6419,43.0703,72.6401,-28.1362,2.5528,0,0,400,-650,-500,0,0
81,1786707717.2724,1786707717.2772,0.03339,18.9890,-28.1758,40.2637,73.9341,-30.7253,2.5132,19.5439,-32.8962,43.0925,72.6257,-28.5470,2.6510,19.5439,-32.8962,43.0925,72.6257,-28.5470,2.6510,50,0,350,-800,250,0,0
82,1786707717.3058,1786707717.3104,0.03338,19.0769,-28.8791,41.6703,73.6703,-29.3187,2.5132,19.4578,-34.4773,47.0437,71.3756,-29.6735,2.5943,19.4578,-34.4773,47.0437,71.3756,-29.6735,2.5943,100,-200,450,-150,400,0,0
83,1786707717.3392,1786707717.3443,0.03341,19.3407,-30.0220,42.8132,73.8462,-29.0549,2.5132,18.3214,-35.6781,46.2947,68.1590,-30.9571,2.5371,18.3214,-35.6781,46.2947,68.1590,-30.9571,2.5371,150,-350,400,0,100,0,0
84,1786707717.3727,1786707717.377,0.03343,19.6044,-31.1648,43.6923,72.4396,-29.6703,2.5132,17.3059,-35.4266,47.0384,70.4224,-31.4313,2.6503,17.3059,-35.4266,47.0384,70.4224,-31.4313,2.6503,150,-400,250,-250,-250,0,0
85,1786707717.406,1786707717.4103,0.03338,19.3407,-32.6593,45.1868,71.3846,-30.1978,2.5132,16.9986,-29.0237,40.9343,71.1182,-30.0244,2.6801,16.9986,-29.0237,40.9343,71.1182,-30.0244,2.6801,-50,-550,500,-450,-150,0,0
86,1786707717.4394,1786707717.4446,0.0334,18.3736,-33.0989,46.2418,70.0659,-30.6374,2.5132,18.9279,-27.9662,41.3064,68.9733,-29.9566,2.6878,18.9279,-27.9662,41.3064,68.9733,-29.9566,2.6878,-300,-200,400,-500,-100,0,0
87,1786707717.4728,1786707717.4776,0.03339,17.5824,-32.9231,46.2418,70.2418,-30.5495,2.5132,18.9495,-26.4287,38.7310,69.4720,-26.5428,2.5953,18.9495,-26.4287,38.7310,69.4720,-26.5428,2.5953,-350,100,0,-150,50,0,0
88,1786707717.5062,1786707717.5108,0.0334,17.8462,-31.3407,45.0110,70.8571,-30.1099,2.5132,18.6884,-23.9852,35.4411,71.0023,-26.7282,2.6671,18.6884,-23.9852,35.4411,71.0023,-26.7282,2.6671,50,350,-500,250,250,0,0
89,1786707717.5397,1786707717.5446,0.03344,18.5495,-29.0549,43.0769,70.3297,-29.6703,2.5132,17.4008,-23.5033,36.7035,69.8861,-26.0002,2.8294,17.4008,-23.5033,36.7035,69.8861,-26.0002,2.8294,250,800,-700,-200,100,0,0
90,1786707717.573,1786707717.5776,0.03331,18.8132,-26.6813,41.1429,70.1538,-28.3516,2.5132,16.3558,-22.0879,34.5426,70.8811,-23.5829,2.9151,16.3558,-22.0879,34.5426,70.8811,-23.5829,2.9151,150,800,-700,50,450,0,0
91,1786707717.6064,1786707717.6112,0.0334,18.4615,-25.0989,39.5604,70.0659,-27.4725,2.5132,17.9665,-12.7134,27.9204,72.9941,-18.6776,2.9868,17.9665,-14.9231,29.3846,72.9941,-18.6776,2.9868,-50,650,-450,50,300,0,0
92,1786707717.6398,1786707717.6444,0.03345,17.5824,-23.7802,38.2418,70.4176,-26.4176,2.5794,18.7975,-13.3289,26.5088,74.3895,-19.0256,2.7711,18.7975,-13.6044,28.0659,74.3895,-19.0256,2.7711,-300,400,-450,100,350,50,0
93,1786707717.6732,1786707717.678,0.03337,17.2308,-21.6703,36.4835,71.4725,-23.9560,2.5794,17.4878,-12.2437,28.1313,74.2175,-23.1052,3.0162,17.4878,-12.2437,28.1313,74.2175,-23.1052,3.0162,-250,700,-550,350,850,0,0
94,1786707717.7065,1786707717.7113,0.03334,17.8462,-18.5934,33.9341,72.7033,-21.7582,2.5794,17.4653,-13.9796,29.0336,73.4126,-22.5158,2.9121,17.4653,-13.9796,29.0336,73.4126,-22.5158,2.9121,150,1100,-900,450,950,0,0
95,1786707717.7399,1786707717.7449,0.03342,18.1978,-15.6923,32.1758,72.8791,-21.1429,2.5794,16.4137,-12.1621,26.9114,74.7435,-17.3803,2.8868,16.4137,-12.1621,26.9114,74.7435,-17.3803,2.8868,50,1000,-650,0,350,0,0
96,1786707717.7733,1786707717.778,0.03337,18.1099,-14.0220,31.9121,72.8791,-21.6703,2.6455,16.6300,-11.9129,28.5338,74.5214,-15.7845,2.8365,16.6300,-11.9129,28.5338,74.5214,-15.7845,2.8365,-50,500,-100,0,-250,50,0
97,1786707717.8067,1786707717.8115,0.03337,17.4945,-13.0549,31.4725,73.8462,-22.1978,2.6455,17.4973,-14.1322,30.1581,75.6608,-16.9034,2.8571,17.4973,-14.1322,30.1581,75.6608,-16.9034,2.8571,-200,350,-250,300,-300,0,0
98,1786707717.8401,1786707717.8448,0.0334,17.1429,-12.5275,30.5055,73.8462,-21.4945,2.6455,18.1082,-14.0372,31.4459,72.2504,-14.7309,2.5890,18.1082,-14.0372,31.4459,72.2504,-14.7309,2.5890,-50,250,-350,100,200,0,0
99,1786707717.8735,1786707717.8781,0.03338,17.2308,-12.5275,30.5934,74.1099,-19.7363,2.6455,18.8009,-13.1987,29.2604,74.4474,-15.4819,2.6477,18.8009,-13.1987,29.2604,74.4474,-15.4819,2.6477,50,0,0,150,650,0,0
100,1786707717.9068,1786707718.0197,0.03337,17.6703,-12.7912,31.5604,74.8132,-17.7143,2.6455,19.8320,-8.0574,26.7152,75.1375,-10.9457,2.3519,19.8320,-8.0574,26.7152,75.1375,-10.9457,2.3519,100,-50,350,300,650,0,1
101,1786707718.0209,1786707718.026,0.11405,18.4615,-12.5275,31.2088,74.3736,-16.2198,2.6455,19.9067,-4.6732,23.5816,75.8936,-9.8708,2.8092,19.9067,-4.6732,23.5816,75.8936,-9.8708,2.8092,0,-100,-100,0,150,0,1
102,1786707718.0542,1786707718.0591,0.0333,18.2857,-12.4396,31.1209,74.1978,-16.0440,2.6455,19.6392,-0.9755,17.6526,75.5200,-9.6264,3.6222,19.6392,-2.4396,21.1209,75.5200,-9.6264,3.6222,-50,0,0,0,100,0,0
103,1786707718.0876,1786707718.0923,0.03337,18.5495,-11.4725,30.4176,75.1648,-14.9011,2.6455,20.5843,-2.2678,22.1341,74.2440,-11.4331,2.8845,20.5843,-2.2678,22.1341,74.2440,-11.4331,2.8845,0,350,-350,200,450,0,0
104,1786707718.121,1786707718.1256,0.03342,19.3407,-9.0989,27.9560,75.2527,-12.7033,2.9101,19.7621,-1.4583,18.3535,77.8724,-12.7202,2.3169,19.7621,-1.4583,18.3535,77.8724,-12.7202,2.3169,250,900,-650,100,800,150,0
105,1786707718.1543,1786707718.1589,0.03336,19.8681,-6.1099,25.4066,74.4615,-11.6484,2.9101,20.2021,-2.2976,17.0440,76.8456,-12.1328,3.3133,20.2021,-2.2976,17.0440,76.8456,-12.1328,3.3133,150,1000,-900,-300,400,50,0
106,1786707718.1877,1786707718.1925,0.03338,19.8681,-3.7363,23.4725,74.7253,-11.8242,2.6455,20.6909,-4.1284,18.7141,76.1689,-12.0493,3.1999,20.6909,-4.1284,18.7141,76.1689,-12.0493,3.1999,50,850,-650,150,-150,-150,0
107,1786707718.2211,1786707718.2259,0.03338,19.8681,-2.8571,21.8901,75.7802,-12.4396,2.8439,20.2152,-0.9248,16.6676,76.1544,-11.5393,3.0952,20.2152,-0.9248,16.6676,76.1544,-11.5393,3.0952,0,150,-600,400,-250,150,0
108,1786707718.2545,1786707718.2587,0.03337,19.9560,-3.2088,21.0989,75.8681,-12.3516,2.9762,20.8234,-1.0026,21.0722,74.8288,-12.0406,2.6360,20.8234,-1.0026,21.0722,74.8288,-12.0406,2.6360,0,-100,-300,50,0,100,0
109,1786707718.288,1786707718.2922,0.03352,20.1319,-3.2967,20.6593,75.6923,-12.0000,2.9762,21.1351,-2.1498,21.4148,73.4973,-12.3274,2.9566,21.1351,-2.1498,21.4148,73.4973,-12.3274,2.9566,0,-50,-150,0,100,0,0
110,1786707718.3213,1786707718.3255,0.03329,20.3956,-2.2418,20.3956,75.5165,-12.0000,2.9101,22.8461,-1.1402,21.8808,74.9794,-10.8407,2.6343,22.8461,-1.1402,21.8808,74.9794,-10.8407,2.6343,100,450,-150,50,0,-50,0
111,1786707718.3547,1786707718.359,0.03338,20.5714,-1.1868,21.3626,74.3736,-12.0879,2.9101,22.0958,-0.4802,20.7416,72.7465,-11.4765,2.5270,22.0958,-0.4802,20.7416,72.7465,-11.4765,2.5270,50,450,250,-450,-50,0,0
112,1786707718.388,1786707718.3924,0.03337,21.0110,-1.0110,21.9780,74.9890,-11.7363,2.9101,20.7934,-1.9145,21.9546,72.8225,-12.5061,2.7002,20.7934,-1.9145,21.9546,72.8225,-12.5061,2.7002,200,50,250,300,150,0,0
113,1786707718.4214,1786707718.4259,0.03341,21.8022,-0.6593,21.8022,74.8132,-11.4725,2.8439,19.5270,0.4075,17.6562,74.5292,-11.6510,2.7286,19.5270,0.4075,17.6562,74.5292,-11.6510,2.7286,300,100,-100,150,250,0,0
114,1786707718.4548,1786707718.4592,0.03338,21.7143,-0.6593,21.8022,73.5824,-12.1758,2.8439,21.0951,1.7396,17.6195,73.4801,-11.3563,2.5873,21.0951,1.7396,17.6195,73.4801,-11.3563,2.5873,-50,50,0,-450,-200,0,0
115,1786707718.4882,1786707718.4924,0.03337,21.0110,-0.3956,22.0659,74.0220,-12.0000,2.8439,21.9588,1.4969,18.5608,73.0902,-11.7840,2.6175,21.9588,1.4969,18.5608,73.0902,-11.7840,2.6175,-250,50,100,250,100,0,0
116,1786707718.5217,1786707718.5263,0.03348,20.5714,0.6593,21.4505,74.2857,-11.5604,2.8439,23.1304,1.7985,16.6625,73.1118,-11.0152,2.7261,23.1304,1.7985,16.6625,73.1118,-11.0152,2.7261,-250,350,-350,200,100,0,0
117,1786707718.555,1786707718.5595,0.03333,20.9231,1.6264,20.3077,73.4066,-11.8242,2.7778,24.9286,4.6852,18.5293,71.7502,-11.3938,2.9903,24.9286,4.6852,18.5293,71.7502,-11.3938,2.9903,100,250,-400,-250,-100,-50,0
118,1786707718.5884,1786707718.5931,0.0334,21.8901,1.8022,19.6044,73.4066,-11.6484,2.7778,26.0738,2.6933,19.0903,69.2017,-10.1648,2.8285,26.0738,2.6933,19.0903,69.2017,-10.1648,2.8285,400,100,-250,0,100,0,0
119,1786707718.6218,1786707718.6264,0.03341,23.2967,2.4176,19.5165,73.0549,-11.5604,2.7778,24.5883,3.8953,17.7502,70.6755,-10.9262,2.5593,24.5883,3.8953,17.7502,70.6755,-10.9262,2.5593,550,200,0,0,50,0,0
120,1786707718.6551,1786707718.6597,0.03334,24.4396,3.5604,19.6923,71.2088,-11.2088,2.7778,24.7685,6.3071,14.7811,72.0492,-8.7470,2.8001,24.7685,6.3071,14.7811,72.0492,-8.7470,2.8001,400,400,50,-550,100,0,0
121,1786707718.6886,1786707718.6927,0.03343,24.6154,4.1758,19.6923,70.5055,-11.0330,2.7778,23.6550,6.5632,14.9521,70.9661,-10.6923,3.3829,23.6550,6.5632,14.9521,70.9661,-10.6923,3.3829,0,250,0,-250,0,0,0
122,1786707718.722,1786707718.7266,0.03338,24.6154,4.9670,18.9011,71.3846,-10.9451,2.7778,24.9130,6.4524,18.3874,69.4024,-10.8773,2.9773,24.9130,6.4524,18.3874,69.4024,-10.8773,2.9773,0,250,-350,300,0,0,0
123,1786707718.7553,1786707718.7599,0.03335,24.1758,5.8462,17.5824,71.2088,-10.7692,2.9762,24.9866,9.0004,14.0040,70.4524,-9.4876,2.8418,24.9866,9.0004,14.0040,70.4524,-9.4876,2.8418,-150,300,-550,50,100,100,0
124,1786707718.7887,1786707718.7932,0.0334,24.0000,6.2857,17.8462,70.5055,-10.7692,2.9101,24.4946,9.9784,13.8385,68.2754,-9.7957,3.1150,24.4946,9.9784,13.8385,68.2754,-9.7957,3.1150,-50,150,50,-300,0,0,0
125,1786707718.8221,1786707718.8268,0.0334,24.3516,7.3407,18.6374,70.3297,-10.4176,2.9101,22.4756,8.4616,12.8815,68.9676,-9.5805,3.3611,22.4756,8.4616,12.8815,68.9676,-9.5805,3.3611,100,300,250,0,50,0,0
126,1786707718.8555,1786707718.8601,0.03338,24.7912,9.0989,18.5495,69.6264,-10.2418,2.9101,22.8204,11.1742,12.6320,67.8543,-9.2711,3.2088,22.8204,11.1742,12.6320,67.8543,-9.2711,3.2088,200,600,50,-200,100,0,0
127,1786707718.8889,1786707718.8934,0.0334,24.5275,9.5385,17.2308,69.2747,-10.1538,2.9101,24.0735,13.0525,10.7753,69.3198,-9.1755,3.0966,24.0735,13.0525,10.7753,69.3198,-9.1755,3.0966,-100,50,-450,-150,50,0,0
128,1786707718.9223,1786707718.9269,0.03339,23.9121,9.5385,15.8242,68.8352,-9.8901,2.9101,23.3227,10.5590,13.1237,70.3548,-10.1150,3.2360,23.3227,10.5590,13.1237,70.3548,-10.1150,3.2360,-150,0,-450,-250,50,0,0
129,1786707718.9557,1786707718.9603,0.03341,23.5604,10.4176,14.3297,68.6593,-9.7143,2.9101,23.5651,11.7923,10.7554,70.7469,-8.9315,3.1806,23.5651,11.7923,10.7554,70.7469,-8.9315,3.1806,-200,300,-450,-100,100,0,0
130,1786707718.9891,1786707718.9938,0.03337,23.5604,12.0000,13.1868,69.3626,-9.8901,2.9101,22.9556,11.0676,11.9958,70.8283,-9.0991,3.3096,22.9556,11.0676,11.9958,70.8283,-9.0991,3.3096,0,550,-400,200,-100,0,0
131,1786707719.0224,1786707719.0272,0.03338,23.8242,12.4396,13.0989,70.1538,-9.5385,2.9101,23.8789,11.8009,10.7162,71.7556,-9.6973,3.6924,23.8789,11.8009,10.7162,71.7556,-9.6973,3.6924,150,200,-50,300,0,0,0
132,1786707719.0558,1786707719.0603,0.03334,24.0000,12.2637,13.0110,70.3297,-9.5385,2.9101,23.7003,13.2839,9.7862,72.0853,-8.9259,3.1692,23.7003,13.2839,9.7862,72.0853,-8.9259,3.1692,100,-50,0,150,0,0,0
133,1786707719.0892,1786707719.0934,0.03341,23.9121,12.2637,12.7473,70.5055,-9.5385,3.1085,24.6741,13.6603,9.3211,70.2723,-7.9611,3.2218,24.6741,13.6603,9.3211,70.2723,-7.9611,3.2218,-50,0,-50,0,0,150,0
134,1786707719.1226,1786707719.1273,0.03345,23.5604,13.1429,12.0440,71.3846,-9.2747,3.1085,25.9414,14.4064,9.0330,69.5412,-8.8525,3.1774,25.9414,14.4064,9.0330,69.5412,-8.8525,3.1774,-100,250,-250,250,150,0,0
135,1786707719.156,1786707719.1606,0.03338,23.7363,13.8462,11.6044,70.8571,-8.9231,3.1085,25.0696,10.6144,12.4970,68.7285,-9.7378,3.2311,25.0696,10.6144,12.4970,68.7285,-9.7378,3.2311,0,250,-200,-100,150,0,0
136,1786707719.1894,1786707719.1936,0.03337,24.4396,14.2857,11.2527,70.1538,-8.9231,3.1085,25.6749,12.7293,12.0387,67.4155,-8.9551,3.3225,25.6749,12.7293,12.0387,67.4155,-8.9551,3.3225,200,100,-100,-200,0,0,0
137,1786707719.2228,1786707719.2272,0.0334,25.1429,14.2857,11.4286,69.3626,-9.3626,3.1085,25.1623,10.6787,13.3184,67.8594,-9.4157,3.2754,25.1623,10.6787,13.3184,67.8594,-9.4157,3.2754,300,50,50,-200,-100,0,0
138,1786707719.2562,1786707719.2605,0.0334,25.2308,13.9341,12.0440,68.7473,-9.2747,3.1746,25.0686,11.1397,13.0201,67.9504,-8.1740,3.1022,25.0686,11.1397,13.0201,67.9504,-8.1740,3.1022,0,-100,250,-200,0,50,0
139,1786707719.2896,1786707719.2938,0.03345,25.2308,13.4945,12.6593,68.3956,-9.3626,3.1746,25.8787,11.2293,10.7136,68.7264,-7.8736,3.5792,25.8787,11.2293,10.7136,68.7264,-7.8736,3.5792,0,-150,200,-150,0,0,0
140,1786707719.323,1786707719.3271,0.03334,25.2308,13.4066,12.9231,68.3956,-9.0110,3.1746,23.6941,10.6920,14.3909,67.2762,-8.5989,9.7286,23.6941,10.6920,14.3909,67.2762,-8.5989,9.7286,0,0,50,50,200,0,0
141,1786707719.3564,1786707719.3606,0.03339,25.2308,13.4066,12.7473,68.4835,-8.6593,3.1746,24.3961,12.0905,13.9335,67.2148,-7.8640,13.7220,24.3961,12.0905,13.9335,67.2148,-7.8640,13.1746,0,0,-150,50,200,0,0
142,1786707719.3898,1786707719.3942,0.03344,24.9670,13.4066,12.3956,68.1319,-8.6593,3.7698,26.0368,11.7134,15.2518,67.1591,-7.7164,17.1364,26.0368,11.7134,15.2518,67.1591,-7.7164,13.9683,-50,0,-150,-50,0,100,0
143,1786707719.4232,1786707719.4279,0.0334,24.7033,13.4066,12.7473,67.5165,-8.3956,5.5556,25.7780,11.9363,15.0971,67.1443,-8.3492,19.2856,25.7780,11.9363,15.0971,67.1443,-8.3492,15.8862,-100,0,100,-250,150,700,0
144,1786707719.4567,1786707719.462,0.03345,24.6154,13.1429,13.9780,67.6923,-8.2198,8.2672,24.1729,10.2680,18.4383,65.9135,-10.4368,18.9066,24.1729,10.2680,18.4383,65.9135,-10.4368,18.6640,-100,-50,450,50,100,1200,0
145,1786707719.49,1786707719.4947,0.03334,25.0549,12.8791,14.5055,67.6923,-8.2198,10.8466,24.4774,10.2521,18.0477,66.9395,-9.5959,19.7699,24.4774,10.2521,18.0477,66.9395,-9.5959,19.7699,250,-150,300,0,0,1250,0
146,1786707719.5234,1786707719.528,0.03338,25.2308,12.2637,15.1209,66.9890,-8.9231,13.4921,23.4319,10.4105,17.9476,66.1433,-10.0948,18.4054,23.4319,10.4105,17.9476,66.1433,-10.0948,18.4054,0,-200,250,-250,-350,1100,0
147,1786707719.5568,1786707719.5613,0.03339,24.9670,11.7363,16.4396,66.5495,-9.6264,15.7407,23.6076,10.3689,17.2890,66.5980,-9.3243,18.4578,23.6076,10.3689,17.2890,66.5980,-9.3243,18.4578,-50,-250,400,0,-300,1050,0
148,1786707719.5901,1786707719.5947,0.03333,24.7033,11.3846,16.9670,66.6374,-9.6264,17.1296,24.1163,11.6878,17.0357,67.3200,-8.9262,18.1461,24.1163,11.6878,17.0357,67.3200,-8.9262,18.1461,-100,-150,200,50,0,350,0
149,1786707719.6235,1786707719.6282,0.03343,24.4396,11.2967,16.8791,66.6374,-9.4505,17.1296,25.6788,10.5370,18.5599,67.5352,-8.8692,17.8123,25.6788,10.5370,18.5599,67.5352,-8.8692,17.8123,-100,-50,-50,0,100,50,0
150,1786707719.657,1786707719.7685,0.03342,24.4396,11.3846,16.7912,66.8132,-9.2747,17.3942,24.4985,13.4880,11.5660,67.6371,-10.5841,18.6985,24.4985,13.4880,11.5660,67.6371,-10.5841,18.6985,0,0,-50,100,50,100,1
151,1786707719.7697,1786707719.7746,0.11273,25.0549,11.1209,17.8462,66.9890,-9.0110,17.5265,24.9095,13.4096,13.8874,69.5212,-8.6943,19.4018,24.9095,13.4096,13.8874,69.5212,-8.6943,19.4018,50,0,50,0,0,0,1
152,1786707719.803,1786707719.8076,0.03327,25.0549,11.1209,17.9341,66.9890,-9.0110,17.5926,24.6544,13.2330,13.5779,69.7238,-7.9674,19.0784,24.6544,13.2330,13.5779,69.7238,-7.9674,19.0784,0,0,50,0,0,50,0
153,1786707719.8363,1786707719.841,0.03338,25.0549,11.7363,17.2308,67.8681,-9.0110,18.1217,24.3573,13.5626,15.1830,68.2701,-9.1786,19.0071,24.3573,13.5626,15.1830,68.2701,-9.1786,19.0071,0,300,-300,350,0,250,0
154,1786707719.8698,1786707719.8747,0.03347,24.9670,12.4396,15.9121,68.7473,-8.9231,18.3862,23.5307,11.6595,17.3400,69.0334,-8.8257,18.6007,23.5307,11.6595,17.3400,69.0334,-8.8257,18.6007,-50,250,-400,350,0,50,0
155,1786707719.9031,1786707719.9077,0.03334,24.8791,12.7912,15.1209,68.4835,-9.0110,18.3201,24.0728,14.1662,16.2837,67.7527,-10.2511,19.8738,24.0728,14.1662,16.2837,67.7527,-10.2511,19.8738,0,150,-300,-50,-50,0,0
156,1786707719.9365,1786707719.941,0.03338,24.6154,12.7033,15.3846,68.2198,-9.0110,18.3862,24.7042,12.5541,18.9086,66.8081,-10.1896,18.9622,24.7042,12.5541,18.9086,66.8081,-10.1896,18.9622,-100,-50,100,0,0,0,0
157,1786707719.9699,1786707719.9745,0.03336,24.5275,12.4396,16.3516,68.3077,-9.3626,18.9815,25.5408,14.1266,17.8513,65.9824,-11.2526,19.4078,25.5408,14.1266,17.8513,65.9824,-11.2526,19.4078,-50,-100,400,100,-100,250,0
158,1786707720.0033,1786707720.008,0.03342,24.7033,12.1758,17.1429,67.4286,-9.8022,19.0476,24.0924,13.9505,17.2649,66.1073,-8.3032,18.9253,24.0924,13.9505,17.2649,66.1073,-8.3032,18.9253,50,-100,250,-300,-150,150,0
159,1786707720.0367,1786707720.0413,0.03337,24.7912,12.7033,17.6703,66.7253,-10.1538,18.9815,24.4659,15.1905,15.0160,65.7726,-9.8676,19.1908,24.4659,15.1905,15.0160,65.7726,-9.8676,19.1908,50,300,150,-250,-50,-50,0
160,1786707720.0701,1786707720.0746,0.03338,24.7912,13.2308,17.4066,66.6374,-10.3297,18.9815,24.7141,14.4071,14.0523,65.1951,-11.4224,19.3270,24.7141,14.4071,14.0523,65.1951,-11.4224,19.3270,50,200,0,-50,-50,0,0
161,1786707720.1034,1786707720.1082,0.03338,24.7033,13.8462,16.6154,66.5495,-10.0659,18.9815,25.0410,14.3238,14.8298,66.1697,-9.8062,19.4964,25.0410,14.3238,14.8298,66.1697,-9.8062,19.4964,-50,150,-250,0,100,0,0
162,1786707720.1368,1786707720.1415,0.03339,24.7033,14.1978,15.4725,66.0220,-10.5934,18.9815,24.7803,14.7985,14.0009,66.0489,-10.1376,19.1883,24.7803,14.7985,14.0009,66.0489,-10.1376,19.1883,0,100,-300,-200,-100,0,0
163,1786707720.1702,1786707720.1747,0.03335,24.7033,14.1978,15.1209,65.8462,-10.7692,18.9815,25.9586,14.9422,11.6750,69.2402,-9.0336,19.6011,25.9586,14.9422,11.6750,69.2402,-9.0336,19.6011,0,0,-250,-100,-50,0,0
164,1786707720.2037,1786707720.2078,0.03349,24.7033,14.3736,14.7692,65.9341,-10.4176,18.9153,27.1456,16.1903,12.0352,68.5870,-7.7380,19.2371,27.1456,16.1903,12.0352,68.5870,-7.7380,19.2371,0,50,-100,0,100,0,0
165,1786707720.237,1786707720.2416,0.03332,24.7912,14.5495,13.9780,66.4615,-9.8901,19.1799,26.6477,17.9556,9.7515,69.7009,-8.2391,19.4557,26.6477,17.9556,9.7515,69.7009,-8.2391,19.4557,50,100,-350,250,100,100,0
166,1786707720.2704,1786707720.2749,0.03337,25.4945,15.1648,12.7473,67.4286,-9.0110,19.0476,27.1257,18.5167,7.9540,69.1972,-7.6771,19.5249,27.1257,18.5167,7.9540,69.1972,-7.6771,19.5249,250,250,-450,250,300,-100,0
167,1786707720.3038,1786707720.3086,0.03343,25.9341,16.0440,11.8681,68.2198,-8.8352,19.2460,26.5260,17.0967,11.9740,67.1364,-8.6766,19.9169,26.5260,17.0967,11.9740,67.1364,-8.6766,19.9169,150,250,-300,250,0,50,0
168,1786707720.3372,1786707720.3418,0.03339,26.1978,17.0110,10.4615,68.3956,-8.4835,19.2460,25.5007,16.9549,10.8063,67.0047,-9.6172,20.0244,25.5007,16.9549,10.8063,67.0047,-9.6172,20.0244,100,350,-500,50,50,0,0
169,1786707720.3705,1786707720.375,0.03334,26.3736,17.1868,9.5824,68.1319,-8.8352,19.5106,25.5530,19.5005,12.0026,67.3972,-10.1325,19.9313,25.5530,19.5005,12.0026,67.3972,-10.1325,19.9313,50,-50,-200,-150,-100,50,0
170,1786707720.4039,1786707720.4085,0.03341,26.2857,17.0989,9.9341,67.5165,-9.2747,19.6429,24.6717,16.3560,11.7101,66.4187,-9.9095,19.8584,24.6717,16.3560,11.7101,66.4187,-9.9095,19.8584,0,-50,50,-300,-150,150,0
171,1786707720.4373,1786707720.4422,0.03339,26.1099,17.2747,10.7253,67.4286,-9.6264,19.6429,24.6240,20.1652,12.5241,64.4831,-11.5640,19.5962,24.6240,20.1652,12.5241,64.4831,-11.5640,19.5962,-50,0,300,0,-100,0,0
172,1786707720.4707,1786707720.4753,0.03336,25.7582,18.2418,10.9011,67.0769,-9.5385,19.5767,26.8961,18.5509,13.1730,66.6628,-9.4877,20.0272,26.8961,18.5509,13.1730,66.6628,-9.4877,20.0272,-150,300,0,-150,0,-50,0
173,1786707720.5041,1786707720.5089,0.03341,25.5824,18.7692,11.3407,66.2857,-10.0659,19.5767,25.0085,18.5189,12.8670,64.1557,-11.6506,20.1490,25.0085,18.5189,12.8670,64.1557,-11.6506,20.1490,-100,200,100,-150,-200,0,0
174,1786707720.5375,1786707720.5421,0.03337,25.8462,18.5934,11.9560,65.7582,-10.6813,19.7090,24.6938,18.6268,13.6391,65.3819,-10.2386,19.8916,24.6938,18.6268,13.6391,65.3819,-10.2386,19.8916,50,-50,200,-200,-100,50,0
175,1786707720.5708,1786707720.5754,0.03335,26.1978,18.5055,12.0440,65.4945,-10.9451,19.8413,26.2177,20.1492,13.5319,64.8076,-10.3421,20.0699,26.2177,20.1492,13.5319,64.8076,-10.3421,20.0699,100,0,50,-100,-150,50,0
176,1786707720.6042,1786707720.6087,0.0334,25.9341,18.4176,12.3956,65.1429,-10.7692,19.8413,25.5743,18.6151,12.2355,65.9693,-11.1978,19.6551,25.5743,18.6151,12.2355,65.9693,-11.1978,19.6551,50,0,100,-150,0,0,0
177,1786707720.6376,1786707720.6423,0.03344,25.5824,18.5934,12.5714,65.1429,-10.5055,19.8413,24.6680,21.1246,15.0092,65.7590,-10.0455,20.0333,24.6680,21.1246,15.0092,65.7590,-10.0455,20.0333,-100,50,50,0,100,0,0
178,1786707720.671,1786707720.6755,0.03333,25.5824,18.7692,12.3956,65.3187,-10.7692,19.8413,25.4422,20.4921,14.9580,64.2209,-9.3711,19.7068,25.4422,20.4921,14.9580,64.2209,-9.3711,19.7068,0,50,-100,100,-50,0,0
179,1786707720.7044,1786707720.7089,0.03342,25.5824,18.8571,12.3077,65.4066,-10.6813,19.8413,24.5948,20.0956,13.9436,66.0965,-10.3999,19.9700,24.5948,20.0956,13.9436,66.0965,-10.3999,19.9700,50,50,-50,50,50,0,0
180,1786707720.7378,1786707720.7427,0.03342,25.5824,19.0330,13.0110,64.9670,-9.9780,19.8413,25.6236,18.1343,14.3776,66.1496,-11.4987,19.5170,25.6236,18.1343,14.3776,66.1496,-11.4987,19.5170,0,100,250,-100,250,0,0
181,1786707720.7711,1786707720.7757,0.03332,25.4945,19.0330,13.1868,64.7912,-10.3297,19.8413,23.4932,20.0284,13.1226,64.9191,-11.7304,19.7736,23.4932,20.0284,13.1226,64.9191,-11.7304,19.7736,-50,0,-50,0,-50,0,0
182,1786707720.8045,1786707720.8091,0.03338,25.4945,18.6813,13.1868,65.0549,-11.0330,19.7751,22.6382,20.4496,16.4899,64.5572,-12.7593,19.5766,22.6382,20.4496,16.4899,64.5572,-12.7593,19.5766,0,-150,-50,150,-300,-50,0
183,1786707720.8379,1786707720.8422,0.03343,25.4945,18.3297,13.1868,65.0549,-11.2967,19.7090,22.5640,19.5556,12.8495,65.9767,-10.7700,13.9101,22.5640,19.5556,12.8495,65.9767,-10.7700,13.9101,0,-200,0,0,-50,0,0
184,1786707720.8713,1786707720.8757,0.0334,24.7912,18.7692,13.0110,65.1429,-11.6484,19.7090,23.5098,20.2414,13.7161,64.4971,-11.4607,12.8889,23.5098,20.2414,13.7161,64.4971,-11.4607,12.8889,-250,150,-50,50,-150,0,0
185,1786707720.9047,1786707720.9094,0.03336,24.3516,18.9451,12.9231,65.3187,-11.7363,19.1799,22.0541,19.6184,12.7979,65.3380,-9.6201,8.6178,22.0541,19.6184,12.7979,65.3380,-9.6201,8.9815,-100,0,0,100,-50,-350,0
186,1786707720.94,1786707720.9453,0.03527,24.1758,19.0330,12.8352,65.4066,-11.4725,17.3942,22.9334,18.0493,13.2946,62.4474,-10.0322,1.4841,22.9334,18.0493,13.2946,62.4474,-10.0322,6.9312,-100,0,0,50,50,-750,0
187,1786707720.9715,1786707720.9765,0.03157,23.9121,19.0330,12.8352,65.2308,-11.3846,14.9471,22.0708,19.2324,12.9464,62.2812,-10.5877,0.8112,22.0708,19.2324,12.9464,62.2812,-10.5877,4.5503,-100,0,0,0,50,-1100,0
188,1786707721.0049,1786707721.0098,0.03335,23.6484,18.6813,12.6593,64.7033,-10.5934,12.1032,21.6309,15.7322,13.8463,61.3947,-12.5887,2.4742,21.6309,15.7322,13.8463,61.3947,-12.5887,2.4742,-50,-100,-100,-250,300,-1250,0
189,1786707721.0383,1786707721.043,0.03337,23.3846,18.4176,12.8352,63.6484,-10.5055,9.4577,21.4617,15.7881,15.4828,60.6642,-13.4430,3.0772,21.4617,15.7881,15.4828,60.6642,-13.4430,3.0772,-50,-150,50,-400,-50,-1200,0
190,1786707721.0716,1786707721.0762,0.03337,22.9451,18.2418,13.0110,62.8571,-11.3846,6.8122,22.8939,18.5238,14.4682,62.1728,-11.7022,4.8908,22.8939,18.5238,14.4682,62.1728,-11.7022,4.8908,-150,0,100,-250,-200,-1200,0
191,1786707721.105,1786707721.1095,0.03338,22.7692,17.1868,13.8901,61.9780,-12.3516,5.1587,21.2449,18.1486,12.5564,61.7789,-13.0864,4.4684,21.2449,18.1486,12.5564,61.7789,-13.0864,4.4684,-50,-350,200,-250,-400,-600,0
192,1786707721.1384,1786707721.143,0.03342,22.7692,16.9231,14.2418,61.8022,-12.0879,4.8942,21.7364,18.5374,15.2022,60.7839,-13.4927,4.1206,21.7364,18.5374,15.2022,60.7839,-13.4927,4.1206,-50,0,150,-150,100,-250,0
193,1786707721.1718,1786707721.1762,0.03338,22.8571,17.5385,13.4505,62.1538,-12.1758,5.0926,21.0278,17.5918,14.1788,60.5160,-13.7828,3.7787,21.0278,17.5918,14.1788,60.5160,-13.7828,3.7787,50,200,-300,150,150,100,0
194,1786707721.2052,1786707721.2098,0.03339,22.5934,17.7143,13.1868,61.6264,-12.6154,4.7619,20.8694,19.9457,13.9889,60.0213,-13.9263,3.9943,20.8694,19.9457,13.9889,60.0213,-13.9263,3.9943,-100,50,-200,-250,-100,-200,0
195,1786707721.2386,1786707721.2429,0.03344,22.2418,17.6264,13.4505,61.0989,-13.1429,4.3651,21.1517,18.7072,12.5490,60.1078,-14.5854,3.9492,21.1517,18.7072,12.5490,60.1078,-14.5854,3.9492,-100,-50,100,-150,-200,-250,0
196,1786707721.272,1786707721.2762,0.03338,22.0659,17.8022,13.5385,60.8352,-13.4066,4.3651,20.9609,17.9437,13.5750,60.8740,-14.5216,4.3701,20.9609,17.9437,13.5750,60.8740,-14.5216,4.3701,-100,-50,0,-100,-50,0,0
197,1786707721.3054,1786707721.3095,0.03337,22.0659,18.2418,13.0989,60.7473,-13.8462,4.2328,21.1233,17.6899,13.8585,61.3928,-15.3964,4.8869,21.1233,17.6899,13.8585,61.3928,-15.3964,4.8869,0,150,-200,0,-150,-50,0
198,1786707721.3388,1786707721.3429,0.03339,21.9780,17.9780,12.9231,60.7473,-14.0220,4.2989,19.7897,13.8868,13.5527,61.8431,-15.2840,5.2077,19.7897,13.8868,13.5527,61.8431,-15.2840,5.2077,-50,-150,-100,0,-50,0,0
199,1786707721.3722,1786707721.377,0.03341,21.9780,17.7143,13.2747,60.7473,-14.5495,4.4974,18.1028,14.7192,10.3524,63.4412,-15.3197,4.4786,18.1028,14.7192,10.3524,63.4412,-15.3197,4.4786,0,-100,100,-50,-150,50,0
200,1786707721.4055,1786707721.5197,0.03337,21.6264,17.2747,13.2747,61.0989,-14.8132,4.6958,20.2490,16.0224,6.4309,63.5130,-12.4623,3.4445,20.2490,16.0224,6.4309,63.5130,-12.4623,3.4445,-150,-100,0,100,-100,100,1
201,1786707721.5209,1786707721.526,0.11533,19.3407,15.8681,11.2527,62.7692,-14.9890,4.5635,18.6147,13.4628,4.6718,60.2607,-13.2848,2.7353,18.6147,13.4628,4.6718,60.2607,-13.2848,2.7353,-150,0,-100,100,-50,0,1
202,1786707721.5542,1786707721.5589,0.0333,19.2527,15.8681,10.9890,62.7692,-14.9890,4.5635,18.6887,16.0228,5.0546,61.2555,-14.9282,4.9079,18.6887,16.0228,5.0546,61.2555,-14.9282,4.9079,-50,0,-100,0,50,0,0
203,1786707721.5876,1786707721.5926,0.03346,19.2527,15.6044,10.0220,62.8571,-14.6374,3.8360,21.3370,13.3818,6.3430,61.8026,-12.1658,3.8757,21.3370,13.3818,6.3430,61.8026,-12.1658,3.8757,0,-50,-300,50,0,-350,0
204,1786707721.6209,1786707721.6258,0.03332,19.1648,15.6044,8.7033,62.1538,-13.8462,3.4392,19.7504,13.0555,8.3161,59.6883,-15.0458,3.5567,19.7504,13.0555,8.3161,59.6883,-15.0458,3.5567,0,-50,-500,-300,350,-100,0
205,1786707721.6543,1786707721.6591,0.03338,19.5165,15.6923,8.0000,61.8901,-13.7582,3.7037,20.2980,11.7983,6.2121,60.0336,-12.8467,2.9784,20.2980,11.7983,6.2121,60.0336,-12.8467,2.9784,0,0,-250,-200,50,100,0
206,1786707721.6877,1786707721.6924,0.03337,20.1319,15.5165,8.3516,61.4505,-13.4066,3.6376,18.7333,12.4125,5.5185,62.1430,-14.6138,3.2366,18.7333,12.4125,5.5185,62.1430,-14.6138,3.2366,200,-50,150,-150,150,-50,0
207,1786707721.7211,1786707721.726,0.03341,20.3956,15.1648,8.8791,60.4835,-13.6703,3.3730,20.7662,13.2528,7.1011,59.0552,-14.2392,4.0155,20.7662,13.2528,7.1011,59.0552,-14.2392,4.0155,50,-150,250,-300,-100,-100,0
208,1786707721.7545,1786707721.7588,0.03345,20.2198,15.1648,8.7033,61.2747,-13.7582,3.3730,21.9827,13.2583,5.3622,62.1702,-11.0579,3.1238,21.9827,13.2583,5.3622,62.1702,-11.0579,3.1238,0,0,-50,200,-50,0,0
209,1786707721.7879,1786707721.7922,0.03338,19.9560,15.1648,7.9121,61.5385,-14.1978,3.5053,20.6629,14.1916,5.3306,62.6843,-13.4105,3.3142,20.6629,14.1916,5.3306,62.6843,-13.4105,3.3142,-100,0,-250,100,-200,50,0
210,1786707721.8213,1786707721.8259,0.03338,20.3956,14.9890,7.5604,61.7143,-13.2308,3.4392,21.6341,12.8613,5.0749,62.5353,-14.9840,3.8292,21.6341,12.8613,5.0749,62.5353,-14.9840,3.8292,250,-50,-150,50,300,-50,0
211,1786707721.8547,1786707721.859,0.03338,21.0110,14.9890,7.2967,62.0659,-12.5275,3.3069,21.6903,13.3208,5.6674,63.7246,-13.1609,5.6675,21.6903,13.3208,5.6674,63.7246,-13.1609,5.6675,200,0,-50,200,150,-100,0
212,1786707721.8881,1786707721.8927,0.03341,21.3626,15.0769,7.2088,62.0659,-12.6154,3.5053,22.0470,14.4881,6.7827,60.1969,-13.9902,8.1061,22.0470,14.4881,6.7827,60.1969,-13.9902,8.1061,100,50,-50,0,100,50,0
213,1786707721.9215,1786707721.9262,0.03338,21.4505,15.0769,7.2088,62.6813,-13.1429,3.9683,21.5770,14.3584,4.8605,61.1166,-15.4659,12.0903,21.5770,14.3584,4.8605,61.1166,-15.4659,12.0903,50,0,0,250,-200,250,0
214,1786707721.9549,1786707721.9596,0.0334,21.3626,15.2527,7.2967,62.6813,-13.3187,5.4894,20.8080,16.5437,5.0035,61.1556,-15.1831,16.4155,20.8080,16.5437,5.0035,61.1556,-15.1831,15.7540,-50,50,0,100,-50,600,0
215,1786707721.9883,1786707721.9931,0.03341,21.0989,15.4286,7.2967,61.8022,-14.1099,7.4735,20.9471,17.2457,4.0436,61.8933,-14.2995,18.0068,20.9471,17.2457,4.0436,61.8933,-14.2995,17.8042,-100,100,0,-300,-200,850,0
216,1786707722.0217,1786707722.0267,0.03339,21.1868,16.0440,6.9451,61.7143,-14.7253,10.1190,18.7966,17.1687,2.9969,60.1244,-14.3377,19.2922,18.7966,17.1687,2.9969,60.1244,-14.3377,19.2922,0,100,-100,0,-300,1200,0
217,1786707722.0551,1786707722.0598,0.03339,21.4505,17.0110,6.3297,61.7143,-14.4615,12.8307,20.8164,15.6702,5.0232,59.6375,-14.4971,19.3041,20.8164,15.6702,5.0232,59.6375,-14.4971,19.3041,50,350,-200,0,150,1250,0
218,1786707722.0885,1786707722.0931,0.0334,21.0989,17.3626,5.8022,61.3626,-14.4615,15.2116,18.6647,16.2133,4.7007,60.2232,-14.3295,20.9453,18.6647,16.2133,4.7007,60.2232,-14.3295,20.9453,-50,150,-150,-50,0,1150,0
219,1786707722.1218,1786707722.1266,0.03338,20.4835,17.3626,5.7143,60.3956,-14.4615,16.6667,18.2242,16.3334,6.5317,60.4568,-14.3031,20.4678,18.2242,16.3334,6.5317,60.4568,-14.3031,20.4678,-250,0,-50,-250,0,550,0
220,1786707722.1553,1786707722.1598,0.03341,19.9560,17.2747,5.8901,60.3956,-14.5495,17.9233,19.1207,16.2952,4.3787,62.4279,-16.3228,20.3597,19.1207,16.2952,4.3787,62.4279,-16.3228,20.3597,-200,-50,100,50,0,450,0
221,1786707722.1887,1786707722.1933,0.03343,19.8681,17.2747,5.9780,60.3956,-14.5495,19.0476,18.6292,15.6668,5.8712,63.1530,-14.5615,19.9146,18.6292,15.6668,5.8712,63.1530,-14.5615,19.9146,-50,0,0,0,0,550,0
222,1786707722.2221,1786707722.227,0.03336,19.7802,17.2747,6.5055,61.3626,-14.9890,19.1138,19.2101,15.9977,4.7080,64.3427,-14.5510,19.3420,19.2101,15.9977,4.7080,64.3427,-14.5510,19.3420,0,0,150,300,-100,150,0
223,1786707722.2555,1786707722.26,0.0334,19.6044,17.2747,6.5055,62.1538,-15.6044,19.1799,17.9793,16.5246,3.7011,61.0173,-15.9543,19.3721,17.9793,16.5246,3.7011,61.0173,-15.9543,19.3721,-100,0,0,350,-350,-100,0
224,1786707722.2888,1786707722.2931,0.03338,19.6044,17.2747,6.3297,63.0330,-15.2527,19.1138,18.2944,16.0837,4.9452,62.6887,-16.0527,18.7489,18.2944,16.0837,4.9452,62.6887,-16.0527,18.7489,0,0,-50,300,0,-50,0
225,1786707722.3222,1786707722.327,0.03342,19.5165,17.2747,6.0659,63.0330,-15.1648,19.1138,18.3850,16.6775,5.9940,62.6880,-13.8777,18.6720,18.3850,16.6775,5.9940,62.6880,-13.8777,18.6720,-50,0,-100,50,100,0,0
226,1786707722.3556,1786707722.3602,0.03338,19.3407,17.2747,5.9780,62.7692,-15.6044,19.1138,20.0200,16.7569,7.5362,62.6932,-12.9900,18.7236,20.0200,16.7569,7.5362,62.6932,-12.9900,18.7236,-50,0,-50,-50,-150,-50,0
227,1786707722.389,1786707722.3937,0.03338,19.3407,17.2747,6.5055,62.7692,-15.2527,18.9153,19.7235,15.6201,6.6372,62.8257,-13.4485,19.0862,19.7235,15.6201,6.6372,62.8257,-13.4485,19.0862,0,0,200,0,200,-50,0
228,1786707722.4224,1786707722.427,0.03343,19.6044,17.2747,7.0330,62.5055,-14.2857,18.9815,18.6238,16.8931,4.8384,62.2926,-14.2096,19.2928,18.6238,16.8931,4.8384,62.2926,-14.2096,19.2928,100,0,250,-50,400,50,0
229,1786707722.4559,1786707722.4614,0.03345,19.7802,17.1868,7.2088,62.6813,-14.1978,18.9815,17.5114,16.5436,3.7525,63.3620,-13.9098,19.5895,17.5114,16.5436,3.7525,63.3620,-13.9098,19.5895,50,0,100,100,50,50,0
230,1786707722.4892,1786707722.4939,0.03334,19.5165,17.3626,6.6813,62.6813,-14.2857,18.9153,17.1093,17.0868,6.2272,61.6799,-14.9731,19.1506,17.1093,17.0868,6.2272,61.6799,-14.9731,19.1506,-100,0,-200,0,0,-50,0
231,1786707722.5226,1786707722.5274,0.03342,19.0769,17.5385,5.9780,62.8571,-14.2857,19.1138,17.8259,16.3943,5.5880,62.1744,-13.9508,19.3411,17.8259,16.3943,5.5880,62.1744,-13.9508,19.3411,-150,50,-150,50,0,100,0
232,1786707722.556,1786707722.5606,0.03336,18.9011,17.5385,6.1538,62.8571,-14.5495,19.0476,17.9351,17.2411,5.5938,61.6149,-13.7642,19.2736,17.9351,17.2411,5.5938,61.6149,-13.7642,19.2736,-50,0,-50,0,-50,-50,0
233,1786707722.5894,1786707722.594,0.03337,18.9011,17.5385,6.5934,62.4176,-14.4615,19.1138,18.4879,16.1009,6.0812,59.2057,-14.1686,19.6386,18.4879,16.1009,6.0812,59.2057,-14.1686,19.6386,0,0,200,-200,50,0,0
234,1786707722.6228,1786707722.6276,0.0334,18.9011,17.5385,6.5934,62.1538,-14.2857,19.1138,18.2236,16.2132,7.3428,60.1452,-14.7253,19.8427,18.2236,16.2132,7.3428,60.1452,-14.7253,19.8427,0,0,0,-50,100,0,0
235,1786707722.6562,1786707722.6611,0.03341,18.9011,17.5385,6.5934,61.1868,-14.2857,19.2460,18.3490,16.6758,7.8737,59.3063,-14.4721,19.9972,18.3490,16.6758,7.8737,59.3063,-14.4721,19.9972,0,0,0,-300,0,100,0
236,1786707722.6896,1786707722.6943,0.03344,18.9011,17.5385,7.0330,60.3077,-14.1099,19.5767,18.9538,16.5751,7.3130,59.6286,-14.5245,20.1701,18.9538,16.5751,7.3130,59.6286,-14.5245,20.1701,0,0,100,-250,100,150,0
237,1786707722.7229,1786707722.7277,0.03332,18.9011,17.4505,7.4725,60.2198,-14.3736,19.5767,17.8098,16.4503,8.5083,59.1524,-13.9668,20.3363,17.8098,16.4503,8.5083,59.1524,-13.9668,20.3363,0,-50,150,-50,-50,0,0
238,1786707722.7564,1786707722.761,0.03343,18.9011,17.4505,7.4725,60.1319,-14.2857,19.6429,17.8916,16.9125,8.4233,59.9457,-13.6360,20.1233,17.8916,16.9125,8.4233,59.9457,-13.6360,20.1233,0,0,0,0,0,50,0
239,1786707722.7898,1786707722.7944,0.03344,18.9011,17.4505,7.7363,59.7802,-14.2857,19.8413,17.9698,18.0174,7.8333,62.9577,-13.7332,20.2630,17.9698,18.0174,7.8333,62.9577,-13.7332,20.2630,0,0,50,-150,0,100,0
240,1786707722.8232,1786707722.8279,0.03336,18.9011,17.3626,7.9121,59.6923,-14.1099,19.9074,17.8748,16.9292,5.6569,63.1169,-11.7767,19.8802,17.8748,16.9292,5.6569,63.1169,-11.7767,19.8802,0,-50,50,-50,50,50,0
241,1786707722.8565,1786707722.8611,0.03338,18.9011,17.6264,7.8242,60.3077,-14.0220,19.9074,17.9058,17.9526,6.1270,61.8624,-13.0831,20.1298,17.9058,17.9526,6.1270,61.8624,-13.0831,20.1298,0,150,0,200,50,0,0
242,1786707722.89,1786707722.8949,0.03343,18.9011,17.7143,7.3846,61.4505,-13.4945,19.9074,17.0999,18.3609,2.9030,63.8341,-12.6483,20.3067,17.0999,18.3609,2.9030,63.8341,-12.6483,20.3067,0,50,-100,300,250,0,0
243,1786707722.9233,1786707722.928,0.03337,18.9011,17.8022,6.7692,61.6264,-12.8791,19.9074,17.2378,18.0576,7.2495,62.5761,-13.1349,20.1641,17.2378,18.0576,7.2495,62.5761,-13.1349,20.1641,0,0,-200,150,350,0,0
244,1786707722.9568,1786707722.9615,0.03342,18.9011,18.2418,6.3297,61.8022,-13.0549,19.9074,17.7597,19.3451,5.3756,63.0479,-12.1547,20.4253,17.7597,19.3451,5.3756,63.0479,-12.1547,20.4253,0,150,-200,0,-100,0,0
245,1786707722.9902,1786707722.9948,0.03342,18.9011,18.3297,5.8022,62.1538,-13.1429,19.9074,18.0079,20.4388,6.8805,60.6777,-14.4623,20.5719,18.0079,20.4388,6.8805,60.6777,-14.4623,20.5719,0,50,-250,100,0,0,0
246,1786707723.0235,1786707723.0282,0.03336,18.9011,18.6813,5.9780,62.1538,-12.8791,19.9074,19.3117,20.0386,8.1901,62.9987,-13.5751,20.9034,19.3117,20.0386,8.1901,62.9987,-13.5751,20.9034,0,100,50,0,100,0,0
247,1786707723.0569,1786707723.0616,0.03337,18.9011,19.2088,6.2418,62.1538,-12.8791,20.1720,20.0445,17.7240,9.7158,62.2069,-13.0386,18.9630,20.0445,17.7240,9.7158,62.2069,-13.0386,18.9630,0,200,100,0,50,100,0
248,1786707723.0903,1786707723.0954,0.03342,19.0769,19.2088,7.0330,61.5385,-13.3187,20.3704,20.4250,19.1267,10.0547,61.9854,-14.0502,20.4667,20.4250,19.1267,10.0547,61.9854,-14.0502,20.4667,50,0,250,-250,-100,150,0
249,1786707723.1237,1786707723.1285,0.03337,19.6044,18.9451,7.8242,61.5385,-13.1429,20.0397,20.3422,20.8797,6.9925,61.2270,-13.5249,18.5206,20.3422,20.8797,6.9925,61.2270,-13.5249,18.5206,150,-100,250,-50,50,-50,0
250,1786707723.1571,1786707723.2713,0.0334,19.7802,18.5055,8.5275,61.6264,-13.4066,19.5106,18.4164,20.7500,4.8684,62.1167,-14.7852,20.6039,18.4164,20.7500,4.8684,62.1167,-14.7852,20.6039,100,-150,200,50,-100,-250,1
251,1786707723.2724,1786707723.2769,0.11531,19.9560,20.0879,7.3846,61.6264,-13.4945,18.8492,17.2773,21.1166,5.1733,61.3666,-15.1087,20.7573,17.2773,21.1166,5.1733,61.3666,-15.1087,20.7573,0,100,0,0,0,-50,1
252,1786707723.3058,1786707723.3103,0.03339,19.9560,20.1758,7.3846,61.6264,-13.4945,18.7831,16.4194,20.0295,4.2855,61.7322,-15.5197,20.7664,16.4194,20.0295,4.2855,61.7322,-15.5197,20.7664,0,50,0,0,0,-50,0
253,1786707723.3391,1786707723.3434,0.03333,19.5165,20.2637,6.8571,61.7143,-14.1099,19.1138,16.0011,18.6247,1.4100,63.2576,-14.8254,20.4665,16.0011,18.6247,1.4100,63.2576,-14.8254,20.4665,-50,50,-250,0,-150,100,0
254,1786707723.3725,1786707723.3771,0.03342,18.6374,20.3516,5.8022,61.7143,-14.7253,19.8413,16.5857,23.8792,1.3458,64.8208,-11.5357,20.8535,16.5857,23.8792,1.3458,64.8208,-11.5357,20.8535,-300,50,-400,0,-200,300,0
255,1786707723.4059,1786707723.4105,0.03337,18.4615,19.8242,4.7473,62.2418,-14.9011,19.9074,16.6535,18.2289,7.2718,60.7685,-13.9107,20.4734,16.6535,18.2289,7.2718,60.7685,-13.9107,20.4734,-50,-150,-350,250,0,50,0
256,1786707723.4393,1786707723.4442,0.03341,18.4615,20.0000,3.6044,63.4725,-14.3736,20.1720,16.0850,18.0344,7.1120,61.8785,-13.7746,19.1838,16.0850,18.0344,7.1120,61.8785,-13.7746,19.1838,0,0,-350,400,100,150,0
257,1786707723.4727,1786707723.4773,0.03337,18.4615,20.1758,3.6044,63.4725,-13.4066,20.1058,16.4595,17.5548,9.4494,62.5300,-15.5435,20.1627,16.4595,17.5548,9.4494,62.5300,-15.5435,20.1627,0,50,-100,50,300,-50,0
258,1786707723.5061,1786707723.5108,0.0334,18.4615,19.5604,5.0110,62.4176,-13.6703,19.9074,15.1427,17.1946,7.9296,62.0607,-13.7120,20.4935,15.1427,17.1946,7.9296,62.0607,-13.7120,20.4935,0,-300,450,-400,-150,-50,0
259,1786707723.5395,1786707723.5439,0.03341,18.4615,18.9451,6.5055,62.2418,-14.6374,19.7090,15.8221,17.0048,7.8925,62.3049,-14.0630,16.6344,15.8221,17.0048,7.8925,62.3049,-14.0630,16.6344,0,-250,500,-150,-350,-100,0
260,1786707723.573,1786707723.5775,0.03345,18.1099,18.5055,7.3846,62.1538,-14.9011,20.0397,16.1727,18.3233,6.0684,62.8497,-14.7280,14.5901,16.1727,18.3233,6.0684,62.8497,-14.7280,14.5901,-100,-150,200,0,-100,150,0
261,1786707723.6063,1786707723.6109,0.03333,18.0220,18.3297,7.5604,62.0659,-14.5495,19.8413,15.4170,17.2690,7.1108,62.4887,-13.1010,19.0450,15.4170,17.2690,7.1108,62.4887,-13.1010,19.0450,-50,-50,150,-50,100,50,0
262,1786707723.6397,1786707723.6443,0.03338,18.0220,18.4176,6.8571,62.2418,-14.7253,18.4524,16.3178,18.7913,10.4017,61.1444,-13.4889,18.6845,16.3178,18.7913,10.4017,61.1444,-13.4889,18.6845,0,0,-250,50,-50,-600,0
263,1786707723.6731,1786707723.6777,0.0334,17.9341,18.4176,6.8571,62.2418,-14.3736,16.7989,15.5299,16.2709,8.6738,60.7801,-13.9234,18.7494,15.5299,16.2709,8.6738,60.7801,-13.9234,18.7494,-50,0,100,50,100,-750,0
264,1786707723.7065,1786707723.711,0.0334,17.9341,18.2418,7.8242,61.7143,-14.0220,15.8730,17.4469,16.4014,7.2016,61.5946,-13.8370,18.8342,17.4469,16.4014,7.2016,61.5946,-13.8370,18.8342,0,-50,300,-200,100,-600,0
265,1786707723.7398,1786707723.7447,0.03339,17.8462,17.9780,8.7912,61.3626,-14.1978,16.3360,16.9449,17.4844,9.3924,59.8215,-13.4856,19.0211,16.9449,17.4844,9.3924,59.8215,-13.4856,19.0211,-50,-50,350,-150,-100,150,0
266,1786707723.7732,1786707723.7778,0.0334,17.9341,17.5385,9.0549,61.3626,-14.1978,17.4603,17.4025,15.0667,9.7767,62.2799,-13.8715,18.6279,17.4025,15.0667,9.7767,62.2799,-13.8715,18.6279,0,-200,50,0,0,450,0
267,1786707723.8066,1786707723.8112,0.03337,18.1099,17.6264,8.3516,61.0989,-14.1978,18.0556,14.8815,18.9499,8.3856,62.3786,-11.2196,19.1047,14.8815,18.9499,8.3856,62.3786,-11.2196,19.1047,100,50,-300,-100,0,400,0
268,1786707723.84,1786707723.8446,0.03337,18.1099,17.4505,8.7033,60.6593,-14.1978,18.0556,16.7764,18.4051,8.3847,60.4246,-12.0342,18.0537,16.7764,18.4051,8.3847,60.4246,-12.0342,18.0537,0,-150,100,-100,0,0,0
269,1786707723.8734,1786707723.878,0.03342,17.9341,17.0989,9.1429,61.0110,-13.6703,18.3862,16.6281,18.2390,6.3794,63.7812,-11.1325,11.6183,16.6281,18.2390,6.3794,63.7812,-11.1325,11.6183,0,-200,50,0,150,200,0
270,1786707723.9068,1786707723.9113,0.03335,17.4945,17.5385,8.7033,61.5385,-12.5275,18.1217,14.6219,18.9865,5.0051,61.6247,-12.4931,8.8526,14.6219,18.9865,5.0051,61.6247,-12.4931,8.8526,-200,150,-50,150,350,0,0
271,1786707723.9402,1786707723.945,0.03343,17.4066,17.8901,7.7363,62.0659,-12.2637,17.2619,13.7714,16.3001,9.3416,61.3072,-13.0134,6.2288,13.7714,16.3001,9.3416,61.3072,-13.0134,6.9974,0,50,-350,250,150,-350,0
272,1786707723.9736,1786707723.9784,0.03342,17.4945,18.2418,6.7692,62.4176,-12.3516,14.9471,14.4094,16.4142,8.1097,61.0281,-14.0431,3.7209,14.4094,16.4142,8.1097,61.0281,-14.0431,4.5503,50,100,-300,150,0,-1050,0
273,1786707724.007,1786707724.0117,0.03334,16.9670,18.2418,6.9451,61.9780,-12.7912,12.1032,14.6254,16.3577,7.6571,61.2148,-13.6274,3.1823,14.6254,16.3577,7.6571,61.2148,-13.6274,3.1823,-150,0,-50,-150,-150,-1200,0
274,1786707724.0404,1786707724.0451,0.0334,16.7033,17.7143,7.6484,61.5385,-13.4066,9.5238,14.7872,15.3955,7.7941,60.8077,-14.3492,1.9694,14.7872,15.3955,7.7941,60.8077,-14.3492,1.9694,-100,-200,300,-50,-150,-1200,0
275,1786707724.0738,1786707724.0784,0.03343,16.7033,17.5385,7.7363,61.5385,-13.4945,6.9444,15.5536,14.6683,8.8153,59.5619,-14.0809,3.4833,15.5536,14.6683,8.8153,59.5619,-14.0809,3.4833,0,-50,0,-50,-50,-1100,0
276,1786707724.1072,1786707724.1117,0.03337,16.7033,17.2747,7.8242,61.2747,-13.7582,5.0265,15.5614,16.2717,9.5680,61.0900,-14.6908,4.4036,15.5614,16.2717,9.5680,61.0900,-14.6908,4.4036,0,-100,0,-100,-100,-800,0
277,1786707724.1405,1786707724.1453,0.03338,16.7033,16.9231,8.3516,60.6593,-13.8462,4.1667,15.1142,17.8835,5.5522,60.8075,-14.6556,5.4347,15.1142,17.8835,5.5522,60.8075,-14.6556,5.4347,0,-100,150,-200,0,-500,0
278,1786707724.1739,1786707724.1785,0.03339,16.7033,16.8352,8.9670,60.3956,-14.1978,4.2328,15.8688,18.5530,6.7811,61.2970,-15.4000,5.0266,15.8688,18.5530,6.7811,61.2970,-15.4000,5.0266,0,-50,150,-150,-150,0,0
279,1786707724.2073,1786707724.212,0.0334,16.7033,17.4505,8.4396,60.8352,-14.3736,4.8280,15.1861,19.1514,7.2977,62.2276,-15.9740,5.3014,15.1861,19.1514,7.2977,62.2276,-15.9740,5.3014,0,200,0,100,0,200,0
280,1786707724.2408,1786707724.2453,0.03344,16.7033,17.9780,7.8242,61.0110,-14.6374,4.8942,15.8646,15.2119,7.2948,62.6472,-16.5597,4.5573,15.8646,15.2119,7.2948,62.6472,-16.5597,4.5573,0,150,-250,50,-100,50,0
281,1786707724.2741,1786707724.2787,0.03333,16.7033,18.1538,7.7363,61.3626,-15.1648,4.8942,15.1719,15.7526,8.5057,61.5995,-18.2373,4.4805,15.1719,15.7526,8.5057,61.5995,-18.2373,4.4805,0,50,0,100,-200,0,0
282,1786707724.3075,1786707724.3121,0.03342,16.7033,18.0659,7.7363,61.7143,-15.6923,4.8942,15.1949,15.9580,6.1675,62.6950,-18.0689,4.3892,15.1949,15.9580,6.1675,62.6950,-18.0689,4.3892,0,50,0,150,-150,0,0
283,1786707724.3409,1786707724.3454,0.0334,16.7033,17.3626,8.0879,61.6264,-16.4835,4.7619,14.4608,12.0975,4.1481,64.5953,-17.4196,4.3817,14.4608,12.0975,4.1481,64.5953,-17.4196,4.3817,0,-300,100,-50,-300,0,0
284,1786707724.3743,1786707724.3791,0.03339,16.7033,17.2747,8.1758,62.1538,-17.1868,4.4974,14.0105,12.6508,2.5096,65.6567,-17.7931,4.0641,14.0105,12.6508,2.5096,65.6567,-17.7931,4.0641,0,0,0,100,-350,-150,0
285,1786707724.4078,1786707724.4122,0.03344,16.7033,16.9231,7.2088,63.2967,-17.1868,4.6296,13.1591,12.6586,2.1991,66.7230,-19.5333,4.0604,13.1591,12.6586,2.1991,66.7230,-19.5333,4.0604,0,-100,-250,400,0,50,0
286,1786707724.4411,1786707724.4459,0.03334,16.5275,16.4835,6.0659,64.3516,-17.3626,4.3651,12.1223,12.1235,1.7364,67.4334,-19.7162,4.5266,12.1223,12.1235,1.7364,67.4334,-19.7162,4.5266,-50,-150,-400,350,0,-100,0
287,1786707724.4745,1786707724.4791,0.03336,16.0879,16.3077,5.4505,65.3187,-17.9780,4.2989,12.2439,11.3049,-0.9116,68.7128,-19.1399,4.1169,12.2439,11.3049,-0.9116,68.7128,-19.1399,4.1169,-200,-50,-200,350,-150,-50,0
288,1786707724.5079,1786707724.5124,0.03341,15.4725,16.3077,4.9231,66.2857,-18.9451,4.2989,10.1751,9.9145,-3.6140,70.9015,-19.9235,3.8881,10.1751,9.9145,-3.6140,70.9015,-19.9235,3.8881,-200,0,-150,350,-350,0,0
289,1786707724.5412,1786707724.5459,0.03338,15.4725,16.1319,4.2198,67.2527,-18.9451,4.2989,9.8248,6.5462,-4.6443,72.5730,-19.6225,3.8462,9.8248,6.5462,-4.6443,72.5730,-19.6225,3.8462,0,-50,-150,300,0,50,0
290,1786707724.5747,1786707724.5795,0.03341,14.9451,15.8681,2.5495,68.7473,-19.1209,4.1005,7.8598,4.3345,-5.7227,75.5760,-20.6423,3.5169,7.8598,5.7802,-5.7227,75.5760,-20.6423,3.5169,-250,-100,-600,550,0,-50,0
291,1786707724.608,1786707724.6133,0.03337,14.1538,14.9890,1.1429,70.5055,-19.3846,4.0344,6.4830,-0.6612,-6.1940,77.7049,-18.5019,3.1702,6.4830,4.9011,-6.1940,77.7049,-18.5019,3.1702,-250,-350,-450,600,-100,0,0
292,1786707724.6414,1786707724.6458,0.03341,13.3626,13.6703,0.2637,72.3516,-19.6484,3.8360,6.3848,0.1585,-10.5675,82.0262,-20.1016,2.5938,6.3848,3.5824,-9.9121,82.0262,-20.1016,2.5938,-200,-450,-300,650,-100,-150,0
293,1786707724.6748,1786707724.6791,0.03337,12.1319,12.3516,-0.9670,74.4615,-19.9121,3.5714,5.2309,-0.2873,-10.2893,77.0680,-22.6682,2.8645,5.2309,2.1758,-10.2893,77.0680,-22.6682,2.8645,-400,-500,-450,750,-150,-100,0
294,1786707724.7082,1786707724.713,0.0334,11.3407,11.0330,-2.1978,76.9231,-19.6484,3.2407,3.6139,-4.4618,-8.8581,78.4838,-25.2909,2.7337,3.6139,0.7692,-8.8581,78.4838,-25.2909,2.7337,-350,-400,-450,800,100,-150,0
295,1786707724.7416,1786707724.7463,0.03339,9.7582,9.2747,-4.4835,78.7692,-20.6154,3.1746,3.3090,-0.4577,-14.5436,79.6211,-22.7314,2.6450,3.3090,-0.4577,-14.5436,79.6211,-22.7314,2.6450,-500,-550,-800,600,-450,0,0
296,1786707724.775,1786707724.7796,0.03338,7.6484,6.9011,-5.8901,79.5604,-22.3736,3.0423,3.1147,-4.4170,-12.6521,80.8826,-22.9074,2.9643,3.1147,-3.3626,-12.6521,80.8826,-22.9074,2.9643,-750,-800,-500,150,-600,-50,0
297,1786707724.8084,1786707724.8132,0.03339,5.8022,4.7912,-6.9451,79.2967,-23.6044,2.9101,2.0352,-2.1109,-11.2802,78.9075,-23.0262,2.6534,2.0352,-2.1109,-11.2802,78.9075,-23.0262,2.6534,-650,-700,-350,-50,-500,-50,0
298,1786707724.8418,1786707724.8465,0.03341,4.7473,3.2088,-8.5275,79.8242,-23.1648,2.9101,0.3533,-3.8854,-11.7087,78.1025,-23.1434,2.7142,0.3533,-3.8854,-11.7087,78.1025,-23.1434,2.7142,-400,-550,-600,150,300,0,0
299,1786707724.8752,1786707724.8797,0.03337,3.8681,1.7143,-9.1429,80.1758,-22.9890,2.9101,-0.8754,-4.9478,-11.6211,77.0326,-20.1201,2.9588,-0.8754,-4.9478,-11.6211,77.0326,-20.1201,2.9588,-350,-500,-200,50,100,0,0
300,1786707724.9085,1786707725.0226,0.03337,2.9011,0.3077,-9.3187,79.2088,-23.1648,2.9101,5.1380,4.7074,-15.7176,82.1374,-15.4790,2.7670,5.1380,4.7074,-15.7176,82.1374,-15.4790,2.7670,-400,-450,-50,-200,-50,0,1
301,1786707725.0238,1786707725.0287,0.11523,0.0000,-1.8901,-9.4945,77.8022,-20.8791,2.9101,5.9684,10.3097,-23.0843,88.7193,-14.6010,2.3639,5.9684,8.0220,-19.4945,87.8022,-14.6010,2.3639,-250,-50,0,-50,50,0,1
302,1786707725.057,1786707725.062,0.03328,-0.1758,-2.0659,-9.4945,77.7143,-20.7912,2.9101,6.0832,13.5737,-25.9497,91.4702,-14.3084,2.7081,6.0832,7.9341,-19.4945,87.7143,-14.3084,2.7081,-100,-100,0,-50,50,0,0
303,1786707725.0904,1786707725.0955,0.0334,0.4396,-1.7143,-10.3736,78.4176,-19.8242,2.7778,6.3223,14.8976,-30.4984,93.3609,-10.4520,2.6316,6.3223,8.4615,-20.6374,88.6813,-10.4520,2.6316,150,100,-350,350,250,-100,0
304,1786707725.1238,1786707725.1287,0.03338,2.1978,0.3077,-12.9231,80.8791,-17.6264,2.7778,8.4767,16.6853,-30.8441,94.3039,-11.0719,2.5166,8.4767,10.7473,-23.3626,91.3187,-11.0719,2.5166,500,750,-700,700,700,0,0
305,1786707725.1573,1786707725.1618,0.03345,3.8681,3.3846,-15.7363,83.9560,-15.3407,2.7778,10.1642,16.3372,-27.1346,91.4133,-12.0749,2.6617,10.1642,13.7363,-26.0000,91.4133,-12.0749,2.6617,550,950,-900,1050,800,0,0
306,1786707725.1906,1786707725.1952,0.03337,5.6264,6.6374,-18.0220,86.5934,-13.3187,2.7778,10.5466,14.8731,-23.3168,88.5663,-12.1201,2.8506,10.5466,14.8731,-23.3168,88.5663,-12.1201,2.8506,550,1100,-750,900,750,0,0
307,1786707725.224,1786707725.2286,0.03341,7.4725,9.8901,-20.1319,88.5275,-12.7912,2.7778,12.2106,15.0901,-22.2835,86.5076,-13.4233,2.7085,12.2106,15.0901,-22.2835,86.5076,-13.4233,2.7085,600,1150,-700,800,150,0,0
308,1786707725.2574,1786707725.2621,0.0334,8.7912,12.6154,-21.4505,88.5275,-13.0549,2.7778,15.6878,15.1318,-22.9291,87.5375,-8.2349,2.4869,15.6878,15.1318,-22.9291,87.5375,-8.2349,2.4869,450,1000,-500,0,-50,0,0
309,1786707725.2908,1786707725.2954,0.03334,9.9341,14.1099,-21.5385,87.4725,-13.2308,2.7778,13.2356,17.7089,-24.8179,87.8155,-10.6588,2.7650,13.2356,17.7089,-24.8179,87.8155,-10.6588,2.7650,400,500,0,-350,0,0,0
310,1786707725.3242,1786707725.3288,0.0334,11.4286,14.8132,-21.2747,87.0330,-13.1429,2.7778,14.8760,12.3816,-16.1279,82.7445,-10.7242,2.8554,14.8760,12.3816,-16.1279,82.7445,-10.7242,2.8554,600,250,50,-300,0,0,0
311,1786707725.3576,1786707725.362,0.03345,12.9231,15.8681,-21.2747,87.4725,-11.9121,2.7778,14.1404,9.8727,-14.4056,82.7030,-9.7240,2.7172,14.1404,9.8727,-14.4056,82.7030,-9.7240,2.7172,550,450,0,150,450,0,0
312,1786707725.391,1786707725.3957,0.03339,13.8022,17.0989,-21.8022,86.8571,-11.7363,2.7778,13.1816,9.2197,-13.8742,80.1495,-10.0642,2.6806,13.1816,9.2197,-13.8742,80.1495,-10.0642,2.6806,300,450,-200,-250,250,0,0
313,1786707725.4244,1786707725.4293,0.0334,13.9780,17.2747,-21.1868,85.0989,-11.1209,2.7778,12.6816,11.4426,-16.0914,79.9998,-9.2413,2.8877,12.6816,11.4426,-16.0914,79.9998,-9.2413,2.8877,50,50,350,-550,250,0,0
314,1786707725.4578,1786707725.4627,0.03337,13.8022,16.3077,-18.9890,83.1648,-10.7692,2.7778,11.9892,12.1863,-14.9947,78.8592,-9.9669,2.8935,11.9892,12.1863,-14.9947,78.8592,-9.9669,2.8935,0,-450,650,-650,100,0,0
315,1786707725.4912,1786707725.4959,0.0334,13.1868,14.6374,-16.5275,81.9341,-10.3297,2.7778,11.5442,12.5250,-14.7419,79.8551,-9.9757,2.9751,11.5442,12.5250,-14.7419,79.8551,-9.9757,2.9751,-200,-550,850,-400,150,0,0
316,1786707725.5246,1786707725.5293,0.03344,12.5714,13.8462,-15.2088,80.9670,-10.1538,2.7778,11.6776,13.2631,-13.2910,81.2851,-7.2532,2.7971,11.6776,13.2631,-13.2910,81.2851,-7.2532,2.7971,-200,-300,300,-300,0,0,0
317,1786707725.558,1786707725.5626,0.03336,12.3077,13.9341,-15.2088,80.4396,-10.1538,2.7778,13.4375,16.6039,-17.5675,81.8230,-7.8256,2.6894,13.4375,16.6039,-17.5675,81.8230,-7.8256,2.6894,-100,50,0,-150,-50,0,0
318,1786707725.5914,1786707725.596,0.03338,12.3956,14.3736,-14.3297,80.8791,-9.6264,2.7778,13.5316,15.5066,-16.2172,81.8046,-7.4659,2.7594,13.5316,15.5066,-16.2172,81.8046,-7.4659,2.7594,0,150,300,150,50,0,0
319,1786707725.6248,1786707725.6296,0.03339,12.5714,14.9011,-13.7143,81.6703,-8.3077,2.7778,12.9320,15.7692,-14.8051,82.1600,-9.7733,2.7355,12.9320,15.7692,-14.8051,82.1600,-9.7733,2.7355,100,150,150,150,500,0,0
320,1786707725.6582,1786707725.6631,0.03341,12.9231,15.9560,-13.9780,81.1429,-8.3956,2.7778,13.8257,14.9624,-13.5203,82.0996,-8.6600,3.1248,13.8257,14.9624,-13.5203,82.0996,-8.6600,3.1248,100,350,-100,-200,-50,0,0
321,1786707725.6915,1786707725.6964,0.03337,13.0989,16.1319,-14.1538,81.8462,-8.6593,2.7778,12.2980,15.0599,-15.3838,80.8152,-9.6278,2.8619,12.2980,15.0599,-15.3838,80.8152,-9.6278,2.8619,50,100,-50,200,-50,0,0
322,1786707725.7249,1786707725.7297,0.03337,13.2747,16.0440,-13.5385,81.8462,-9.3626,2.7778,11.9351,14.2647,-12.0988,78.9279,-10.3918,3.1963,11.9351,14.2647,-12.0988,78.9279,-10.3918,3.1963,50,0,250,0,-200,0,0
323,1786707725.7583,1786707725.763,0.03337,13.1868,16.0440,-13.1868,81.4945,-9.2747,2.7778,11.5751,15.1131,-12.8085,78.5785,-9.9879,3.1369,11.5751,15.1131,-12.8085,78.5785,-9.9879,3.1369,50,0,150,-100,50,0,0
324,1786707725.7916,1786707725.7963,0.03338,12.8352,16.0440,-13.0110,80.3516,-9.7143,2.9101,11.6833,15.3429,-14.3116,78.1207,-8.9004,2.8629,11.6833,15.3429,-14.3116,78.1207,-8.9004,2.8629,-150,50,50,-400,0,50,0
325,1786707725.8251,1786707725.8298,0.03344,12.4835,16.2198,-12.6593,79.6484,-9.8022,2.9101,11.2524,17.0207,-15.1765,76.4299,-6.5172,3.2583,11.2524,17.0207,-15.1765,76.4299,-6.5172,3.2583,-150,0,100,-100,-50,0,0
326,1786707725.8584,1786707725.8633,0.03335,12.2198,16.2198,-12.6593,79.0330,-9.5385,2.9101,11.2742,18.4051,-16.0174,74.7320,-6.1163,3.2160,11.2742,18.4051,-16.0174,74.7320,-6.1163,3.2160,-50,0,0,-150,50,0,0
327,1786707725.8919,1786707725.8962,0.0335,12.0440,16.7473,-13.0989,78.1538,-8.4835,2.9101,11.8203,18.2530,-14.0232,73.3465,-5.8413,3.2894,11.8203,18.2530,-14.0232,73.3465,-5.8413,3.2894,-100,250,-150,-250,250,0,0
328,1786707725.9252,1786707725.9294,0.03331,12.0440,17.8901,-13.8022,76.6593,-7.5165,2.9101,11.3660,17.6479,-12.9624,71.2129,-6.6933,3.0934,11.3660,17.6479,-12.9624,71.2129,-6.6933,3.0934,0,400,-250,-550,350,0,0
329,1786707725.9587,1786707725.9633,0.03342,12.0440,18.4176,-13.6264,75.2527,-6.9890,2.9101,12.2133,18.8365,-12.7556,71.0793,-7.9518,3.3398,12.2133,18.8365,-12.7556,71.0793,-7.9518,3.3398,0,200,-50,-450,150,0,0
330,1786707725.992,1786707725.9969,0.03336,11.9560,18.5055,-12.6593,73.8462,-6.9890,2.9101,12.0517,18.7938,-13.3764,70.3171,-8.2536,3.2650,12.0517,18.7938,-13.3764,70.3171,-8.2536,3.2650,0,50,350,-500,0,0,0
331,1786707726.0254,1786707726.03,0.03339,12.0440,18.8571,-12.5714,72.7912,-7.6044,2.9762,11.1590,19.2701,-13.9259,72.5989,-8.1854,3.6433,11.1590,19.2701,-13.9259,72.5989,-8.1854,3.6433,50,50,0,-350,-150,0,0
332,1786707726.0588,1786707726.0632,0.0334,12.0440,19.1209,-12.5714,72.0000,-7.8681,3.0423,11.9698,20.1340,-13.8654,71.2373,-7.7726,3.5474,11.9698,20.1340,-13.8654,71.2373,-7.7726,3.5474,0,50,0,-250,-100,50,0
333,1786707726.0922,1786707726.0968,0.03337,11.9560,19.5604,-12.5714,72.0000,-7.8681,3.1746,12.4997,20.9085,-13.3688,69.9502,-7.5480,3.5336,12.4997,20.9085,-13.3688,69.9502,-7.5480,3.5336,0,150,0,-50,0,50,0
334,1786707726.1256,1786707726.1305,0.03343,11.8681,20.2637,-12.5714,72.4396,-7.8681,3.2407,12.0356,21.5480,-14.2804,69.4793,-7.9419,3.4179,12.0356,21.5480,-14.2804,69.4793,-7.9419,3.4179,0,200,0,150,0,0,0
335,1786707726.1589,1786707726.1636,0.03333,11.8681,21.0549,-12.5714,71.7363,-7.8681,3.3069,12.2158,19.2573,-9.3385,67.3630,-10.7273,3.2571,12.2158,19.2573,-9.3385,67.3630,-10.7273,3.2571,0,250,0,-100,0,0,0
336,1786707726.1924,1786707726.1967,0.03342,11.7802,21.4945,-12.6593,70.5934,-7.9560,3.3069,12.0428,21.0275,-10.4244,68.3800,-10.1081,3.4934,12.0428,21.0275,-10.4244,68.3800,-10.1081,3.4934,-50,200,0,-400,-50,0,0
337,1786707726.2258,1786707726.2304,0.03339,11.7802,21.5824,-12.3956,69.6264,-8.2198,3.3069,11.5458,21.0638,-9.4914,67.9265,-10.6387,9.6596,11.5458,21.0638,-9.4914,67.9265,-10.6387,9.6596,0,0,100,-350,0,0,0
338,1786707726.2591,1786707726.2637,0.03334,11.7802,21.3187,-11.2527,68.6593,-9.4505,3.3069,11.0929,20.5608,-7.4886,65.4341,-11.6619,11.6250,11.0929,20.5608,-7.4886,65.4341,-11.6619,11.6250,0,-100,400,-250,-400,0,0
339,1786707726.2925,1786707726.2977,0.03345,11.7802,21.4066,-10.2857,68.4835,-9.9780,3.6376,10.9112,21.7351,-8.3565,66.2588,-11.7974,16.8727,10.9112,21.7351,-8.3565,66.2588,-11.7974,13.8360,0,0,350,-50,-100,50,0
340,1786707726.3259,1786707726.3308,0.03336,11.5165,21.6703,-9.1429,67.7802,-10.5934,5.5556,11.0062,19.9689,-6.6452,66.5751,-10.6509,17.6277,11.0062,19.9689,-6.6452,66.5751,-10.6509,15.8201,-100,50,400,-250,-50,800,0
341,1786707726.3593,1786707726.3641,0.03337,11.2527,21.8462,-8.3516,66.4615,-11.1209,8.2672,10.2653,20.2965,-9.8319,68.6266,-11.2220,18.2378,10.2653,20.2965,-9.8319,68.6266,-11.2220,18.2378,-50,50,200,-350,-200,1300,0
342,1786707726.3927,1786707726.3973,0.03339,11.2527,22.0220,-7.8242,66.6374,-10.9451,10.9127,10.0311,20.1195,-11.9303,70.5690,-11.4707,16.6525,10.0311,20.1195,-11.9303,70.5690,-11.4707,16.6525,-50,50,100,0,50,1300,0
343,1786707726.426,1786707726.4303,0.03338,11.2527,21.7582,-7.3846,67.4286,-11.0330,13.4259,11.1687,21.8217,-10.8175,70.9456,-10.3346,15.0125,11.1687,21.8217,-10.8175,70.9456,-10.3346,15.0125,0,-50,150,300,0,1100,0
344,1786707726.4595,1786707726.464,0.03341,10.9890,21.7582,-8.1758,68.7473,-11.2088,15.2116,10.8783,21.4022,-12.3673,72.1142,-10.3602,11.7189,10.8783,21.4022,-12.3673,72.1142,-10.3602,11.7189,-100,0,-400,450,-50,750,0
345,1786707726.4928,1786707726.4973,0.03337,10.9890,22.1978,-9.4945,69.6264,-10.9451,15.6746,11.4473,22.3868,-9.4519,70.4844,-10.0016,11.2584,11.4473,22.3868,-9.4519,70.4844,-10.0016,11.2584,0,150,-450,350,100,400,0
346,1786707726.5262,1786707726.5305,0.03338,10.9890,22.3736,-10.1099,70.4176,-10.6813,14.8148,12.0403,21.5787,-6.3689,68.1009,-11.4490,13.4088,12.0403,21.5787,-6.3689,68.1009,-11.4490,13.4088,0,50,-200,300,200,-300,0
347,1786707726.5596,1786707726.5639,0.03341,11.1648,22.5495,-9.8462,70.6813,-10.6813,13.0952,11.0290,21.3589,-7.9156,68.6622,-11.7404,14.1813,11.0290,21.3589,-7.9156,68.6622,-11.7404,14.1813,50,0,150,0,0,-850,0
348,1786707726.593,1786707726.5973,0.03343,11.1648,22.5495,-8.6154,69.3626,-11.0330,12.5661,11.3033,22.5163,-8.6398,67.7401,-11.5189,16.9384,11.3033,22.5163,-8.6398,67.7401,-11.5189,16.9384,0,0,350,-400,-150,-500,0
349,1786707726.6264,1786707726.6311,0.03336,11.1648,22.4615,-7.5604,68.7473,-11.4725,12.6984,12.3810,22.2781,-8.0756,67.6920,-10.0476,19.3936,12.3810,22.2781,-8.0756,67.6920,-10.0476,19.3936,0,0,400,-250,-200,0,0
350,1786707726.6598,1786707726.7725,0.03336,11.3407,22.6374,-7.6484,68.3956,-11.4725,14.1534,10.8235,23.5241,-12.7031,69.4261,-9.9960,3.1752,10.8235,23.5241,-12.7031,69.4261,-9.9960,8.1217,50,100,-100,-100,0,700,1
351,1786707726.7736,1786707726.7786,0.11387,11.6923,22.7253,-7.9121,67.8681,-10.5934,18.1878,9.7806,24.4298,-10.7211,68.5083,-11.3836,3.1057,9.7806,24.4298,-10.7211,68.5083,-11.3836,8.2540,50,0,0,-100,0,200,1
352,1786707726.8069,1786707726.8119,0.03328,11.6923,22.7253,-7.9121,67.7802,-10.5934,18.4524,9.7545,24.6178,-13.5197,69.3481,-11.3679,3.2254,9.7545,24.6178,-13.5197,69.3481,-11.3679,8.4524,0,0,0,-50,0,150,0
353,1786707726.8403,1786707726.8454,0.03338,11.5165,23.3407,-8.7033,68.3077,-10.9451,18.0556,10.4865,21.8245,-8.6507,68.5808,-12.5618,2.0334,10.4865,21.8245,-8.6507,68.5808,-12.5618,7.8571,-50,250,-300,250,-100,-150,0
354,1786707726.8738,1786707726.8789,0.03348,10.9890,24.1319,-10.2857,68.5714,-11.1209,16.3360,10.5351,22.4466,-12.1564,68.6344,-12.0458,3.5224,10.5351,22.4466,-12.1564,68.6344,-12.0458,5.9392,-200,350,-550,50,-50,-950,0
355,1786707726.9071,1786707726.9119,0.03331,10.7253,24.1319,-11.1648,68.4835,-11.4725,13.5582,8.8335,21.0391,-12.6029,67.8128,-14.3648,3.5970,8.8335,21.0391,-12.6029,67.8128,-14.3648,3.5970,-50,0,-350,0,-100,-1150,0
356,1786707726.9405,1786707726.9454,0.0334,10.7253,24.1319,-11.0769,68.5714,-11.6484,10.8466,9.5640,21.6969,-10.2011,68.0039,-12.4797,3.8420,9.5640,21.6969,-10.2011,68.0039,-12.4797,3.8420,0,0,50,50,-100,-1200,0
357,1786707726.9739,1786707726.9783,0.03343,10.4615,24.0440,-11.0769,68.4835,-11.9121,8.3333,10.2705,21.0624,-10.1682,68.8115,-13.0937,3.6379,10.2705,21.0624,-10.1682,68.8115,-13.0937,3.6379,-100,0,0,-50,-100,-1050,0
358,1786707727.0073,1786707727.0116,0.03335,10.1978,23.9560,-10.7253,68.3077,-12.7912,6.4153,8.4766,19.8413,-10.5159,68.2120,-14.1474,3.6436,8.4766,19.8413,-10.5159,68.2120,-14.1474,3.6436,-150,0,100,-50,-350,-950,0
359,1786707727.0407,1786707727.0451,0.03343,10.2857,23.7802,-10.1978,68.2198,-12.7912,5.5556,8.6676,20.5299,-9.9359,67.9113,-14.1107,3.8017,8.6676,20.5299,-9.9359,67.9113,-14.1107,3.8017,50,-100,200,-50,0,-350,0
360,1786707727.074,1786707727.0783,0.03334,10.1099,23.3407,-10.1099,68.3077,-13.0549,4.9603,8.4640,19.6209,-8.7218,69.4448,-12.4469,3.9082,8.4640,19.6209,-8.7218,69.4448,-12.4469,3.9082,-50,-150,0,0,-50,-200,0
361,1786707727.1074,1786707727.1117,0.0334,9.8462,23.1648,-9.8462,68.1319,-13.7582,4.6296,7.9913,16.7147,-9.2543,69.4206,-13.2485,3.7447,7.9913,16.7147,-9.2543,69.4206,-13.2485,3.7447,-50,-50,100,-100,-250,-150,0
362,1786707727.1409,1786707727.1453,0.03342,9.5824,22.9011,-9.3187,68.3077,-13.2308,4.4312,6.6743,19.1635,-10.1139,69.4953,-14.0050,3.6689,6.6743,19.1635,-10.1139,69.4953,-14.0050,3.6689,-100,-100,200,50,150,-100,0
363,1786707727.1743,1786707727.179,0.03343,9.2308,21.9341,-9.0549,69.0110,-13.0549,4.1005,5.7960,15.9988,-10.8239,70.1541,-14.8408,3.6000,5.7960,15.9988,-10.8239,70.1541,-14.8408,3.6000,-100,-350,0,300,50,-100,0
364,1786707727.2076,1786707727.212,0.03335,8.7912,21.2308,-9.0549,69.0989,-13.5824,3.9683,5.7625,16.5674,-13.2683,71.1342,-13.7638,3.9717,5.7625,16.5674,-13.2683,71.1342,-13.7638,3.9717,-200,-250,0,0,-200,-50,0
365,1786707727.241,1786707727.2453,0.03338,8.0000,20.5275,-9.2308,69.5385,-14.1978,3.9021,4.0782,17.1056,-16.1893,71.0804,-15.2413,3.3898,4.0782,17.1056,-16.1893,71.0804,-15.2413,3.3898,-300,-300,-50,150,-200,-50,0
366,1786707727.2744,1786707727.279,0.03343,7.2967,20.3516,-9.8462,70.2418,-13.9341,3.9021,5.1031,15.6722,-12.9458,72.4357,-15.3204,3.8579,5.1031,15.6722,-12.9458,72.4357,-15.3204,3.8579,-200,0,-250,250,100,0,0
367,1786707727.3078,1786707727.3121,0.03337,6.4176,20.3516,-11.3407,70.5055,-14.0220,3.7037,4.6877,16.1180,-15.6886,76.1645,-15.2261,3.4989,4.6877,16.1180,-15.6886,76.1645,-15.2261,3.4989,-300,0,-450,150,-150,-50,0
368,1786707727.3412,1786707727.3461,0.03343,5.8901,20.1758,-12.4835,70.9451,-14.8132,3.7698,4.0319,17.7122,-17.7417,77.3212,-17.4428,3.5034,4.0319,17.7122,-17.7417,77.3212,-17.4428,3.5034,-200,-50,-400,150,-400,50,0
369,1786707727.3746,1786707727.3796,0.03337,5.7143,19.8242,-13.0110,72.8791,-14.9011,3.6376,2.5997,15.5511,-20.3995,78.4845,-18.8281,3.4676,2.5997,15.5511,-20.3995,78.4845,-18.8281,3.4676,-50,-100,-150,700,-50,-100,0
370,1786707727.408,1786707727.4127,0.03336,5.2747,19.7363,-13.9780,74.9011,-15.5165,3.6376,2.8448,12.3978,-19.3512,79.0591,-20.0427,3.6550,2.8448,12.3978,-19.3512,79.0591,-20.0427,3.6550,-100,-50,-300,800,-300,0,0
371,1786707727.4414,1786707727.4463,0.03343,4.8352,20.0000,-15.5604,76.3077,-17.1868,3.6376,2.5347,10.4021,-18.2344,82.1612,-23.4502,3.7145,2.5347,10.4021,-18.2344,82.1612,-23.4502,3.7145,-150,50,-600,450,-600,0,0
372,1786707727.4747,1786707727.4799,0.03334,4.3956,19.4725,-16.4396,77.2747,-18.3297,3.6376,5.2494,5.0389,-17.0877,82.4893,-28.6909,3.5410,5.2494,9.2088,-17.0877,82.4893,-28.5055,3.5410,-150,-150,-200,300,-400,0,0
373,1786707727.5081,1786707727.5131,0.0334,3.9560,17.4505,-16.4396,78.5055,-19.5604,3.6376,3.5686,2.0497,-18.2975,81.8049,-26.4562,3.5004,3.5686,7.0989,-18.2975,81.8049,-26.4562,3.5004,-200,-700,-50,300,-450,0,0
374,1786707727.5416,1786707727.5466,0.03345,3.8681,15.2527,-16.2637,80.3516,-22.0220,3.6376,5.2206,1.9501,-14.6470,82.3361,-27.0584,3.7903,5.2206,4.9011,-14.6470,82.3361,-27.0584,3.7903,-50,-750,50,650,-700,0,0
375,1786707727.5749,1786707727.58,0.03335,4.3077,13.2308,-16.3516,80.7912,-24.5714,3.6376,3.6022,0.4926,-17.2679,81.1788,-25.9839,3.8198,3.6022,2.9670,-17.2679,81.1788,-25.9839,3.8198,150,-700,0,100,-950,0,0
376,1786707727.6084,1786707727.614,0.03341,4.9231,11.3846,-16.4396,80.8791,-26.1538,3.6376,3.1100,-1.7157,-16.9117,80.9571,-27.2743,3.8418,3.1100,1.1209,-16.9117,80.9571,-27.2743,3.8418,250,-600,-100,50,-400,0,0
377,1786707727.6418,1786707727.6463,0.03341,4.9231,9.4505,-16.3516,81.4066,-25.7143,3.6376,-0.6367,-3.0600,-18.9239,81.2955,-25.9178,4.0763,-0.6367,-0.8132,-18.9239,81.2955,-25.9178,4.0763,50,-650,50,300,100,0,0
378,1786707727.6752,1786707727.6801,0.03339,4.6593,7.4286,-16.3516,80.8791,-25.8022,3.6376,0.7990,-5.3533,-13.1487,77.3477,-25.8840,3.7058,0.7990,-2.9231,-13.1487,77.3477,-25.8840,3.7058,-50,-700,0,-250,-50,0,0
379,1786707727.7085,1786707727.7135,0.03335,3.7802,5.3187,-16.4396,81.2308,-25.7143,3.6376,-0.3028,-7.5895,-11.4359,77.1945,-24.6081,3.9021,-0.3028,-5.0330,-11.4359,77.1945,-24.6081,3.9021,-350,-700,0,50,100,0,0
380,1786707727.7419,1786707727.7469,0.03337,2.6374,3.2967,-16.7033,80.6154,-25.8901,3.6376,1.4585,-9.8061,-7.2127,75.4077,-26.6952,3.6143,1.4585,-7.0549,-7.2127,75.4077,-26.6952,3.6143,-350,-700,-150,-100,0,0,0
381,1786707727.7753,1786707727.78,0.03339,1.6703,1.0989,-16.2637,79.0330,-25.4505,3.6376,0.2236,-13.7153,-4.1728,75.5388,-28.2288,3.6728,0.2236,-9.2527,-6.0879,75.5388,-28.2288,3.6728,-350,-700,200,-550,200,0,0
382,1786707727.8087,1786707727.8132,0.03339,1.2308,-1.4505,-13.9780,77.6264,-25.2747,3.6376,-0.5560,-18.1383,-0.3223,74.2242,-29.0845,3.5876,-0.5560,-11.8022,-3.6264,74.2242,-29.0845,3.5876,-200,-900,550,-400,50,0,0
383,1786707727.8421,1786707727.8471,0.0334,1.2308,-4.0000,-10.8132,76.9231,-26.5055,3.6376,0.0847,-22.1623,1.6818,74.0133,-27.2856,3.4427,0.0847,-14.3516,-0.3736,74.0133,-27.2856,3.4427,0,-850,1050,-300,-350,0,0
384,1786707727.8755,1786707727.8804,0.03339,1.0549,-6.1099,-7.6484,76.1319,-27.7363,3.6376,0.6674,-24.8775,8.0856,72.7170,-28.2151,3.3706,0.6674,-16.4615,2.8791,72.7170,-28.2151,3.3706,0,-750,1050,-250,-450,0,0
385,1786707727.9089,1786707727.9137,0.0334,0.7912,-8.1319,-4.4835,75.3407,-27.7363,3.6376,0.1959,-27.9243,6.1833,74.8444,-29.9860,3.1881,0.1959,-18.4835,5.8681,74.8444,-29.9860,3.1881,-100,-650,1050,-200,50,0,0
386,1786707727.9423,1786707727.9468,0.03341,0.7033,-10.4176,-1.4066,74.5495,-27.3846,3.6376,0.3959,-27.0181,6.6389,74.1575,-28.2255,3.0539,0.3959,-20.7692,6.6389,74.1575,-28.2255,3.0539,-50,-800,1050,-300,250,0,0
387,1786707727.9756,1786707727.9801,0.03337,0.4396,-12.7912,1.5824,74.1978,-28.5275,3.5714,-0.4695,-27.1591,7.6783,72.3219,-30.1773,3.1941,-0.4695,-23.1429,7.6783,72.3219,-30.1773,3.1941,-50,-750,1000,-100,-300,0,0
388,1786707728.009,1786707728.0139,0.03338,0.3516,-15.1648,4.0440,74.4615,-29.0549,3.3730,0.1350,-28.2978,7.6492,72.8501,-32.0962,3.2149,0.1350,-25.4286,7.6492,72.8501,-32.0962,3.2149,0,-800,800,50,-100,-50,0
389,1786707728.0424,1786707728.0474,0.03337,0.4396,-17.2747,5.8901,73.9341,-29.3187,3.3730,-0.1147,-31.4984,10.7137,70.2410,-30.6532,2.9593,-0.1147,-27.6264,10.7137,70.2410,-30.6532,2.9593,50,-700,650,-50,-50,-50,0
390,1786707728.0758,1786707728.0808,0.0334,0.4396,-19.4725,6.9451,73.4066,-30.2857,3.3730,-1.0713,-34.3277,12.4548,69.0145,-29.6846,2.7214,-1.0713,-29.8242,12.4548,69.0145,-29.6846,2.7214,0,-700,350,-250,-300,0,0
391,1786707728.1092,1786707728.1141,0.03337,0.4396,-22.0220,8.0879,73.1429,-31.0769,3.2407,-0.6389,-36.9476,16.9573,65.5716,-30.8333,2.8168,-0.6389,-32.2857,16.9573,65.5716,-30.8333,2.8168,0,-800,450,-50,-200,-100,0
392,1786707728.1426,1786707728.1475,0.03344,0.0000,-24.5714,10.1978,71.6484,-30.5495,3.1085,-2.0930,-40.6018,21.4835,61.2975,-31.6280,3.0132,-2.0930,-35.0110,20.4615,61.2975,-31.6280,3.0132,-200,-900,700,-450,200,-50,0
393,1786707728.1759,1786707728.1808,0.03334,-0.3516,-27.1209,12.6593,69.4505,-30.1099,3.0423,-2.1866,-42.9102,23.6500,60.4022,-30.6571,2.8588,-2.1866,-37.4725,23.0989,60.4022,-30.6571,2.8588,-100,-850,800,-650,250,-50,0
394,1786707728.2094,1786707728.2146,0.03342,-0.8791,-29.4945,15.8242,66.8132,-30.8132,3.0423,-3.1851,-47.6797,28.7871,58.4934,-32.8893,2.9899,-3.1851,-39.8462,26.2637,58.4934,-32.8893,2.9899,-150,-800,1100,-900,-250,0,0
395,1786707728.2427,1786707728.2474,0.03338,-1.3187,-31.9560,18.9011,64.3516,-30.9890,3.0423,-3.1255,-45.9792,27.4338,56.6542,-31.7961,2.9664,-3.1255,-42.3077,27.4338,56.6542,-31.7961,2.9664,-150,-800,1100,-800,-200,0,0
396,1786707728.2761,1786707728.2817,0.0334,-1.9341,-34.4176,22.0659,62.2418,-30.9011,3.0423,-2.4096,-46.5321,35.4412,51.8332,-34.8742,3.1253,-2.4096,-44.6813,32.4176,51.9780,-34.8742,3.1253,-200,-850,1050,-700,50,0,0
397,1786707728.3096,1786707728.3143,0.03346,-2.4615,-36.8791,24.7033,60.2198,-31.3407,3.0423,-2.1808,-48.9543,37.8070,48.8773,-35.3398,2.9261,-2.1808,-47.2308,35.1429,49.9560,-35.3398,2.9261,-200,-800,900,-700,-200,0,0
398,1786707728.343,1786707728.3479,0.03338,-2.7253,-39.3407,27.2527,57.9341,-32.2198,3.0423,-2.8024,-50.9847,42.3732,47.1186,-34.3458,2.9671,-2.8024,-49.6044,37.6923,47.5824,-34.3458,2.9671,-50,-800,800,-900,-350,0,0
399,1786707728.3763,1786707728.3811,0.03338,-2.7253,-41.8901,30.4176,55.1209,-33.6264,3.0423,-3.2919,-53.3668,45.0325,46.0902,-35.4024,2.8712,-3.2919,-52.3297,40.7692,46.0902,-35.4024,2.8712,0,-900,1050,-950,-500,0,0
400,1786707728.4098,1786707728.5238,0.03342,-2.3736,-44.5275,33.4945,52.3956,-33.9780,3.0423,3.3107,-36.7721,32.7906,54.3893,-28.6354,1.7018,3.3107,-39.8022,32.7906,54.3893,-28.6354,1.7018,150,-900,1050,-900,-100,0,1
401,1786707728.5249,1786707728.5307,0.11516,-3.2527,-49.8022,40.0000,48.0000,-34.8571,3.0423,2.7987,-33.0727,29.0614,56.7291,-23.2284,2.2110,2.7987,-39.8901,30.0879,56.7291,-24.8571,2.2110,0,-200,300,-250,0,0,1
402,1786707728.5582,1786707728.5632,0.03329,-3.1648,-50.2418,40.4396,47.6484,-34.8571,3.0423,5.6089,-27.6399,23.0327,59.5885,-18.8998,2.4960,5.6089,-40.2418,30.4396,57.6484,-24.8571,2.4960,50,-150,200,-150,0,0,0
403,1786707728.5916,1786707728.5966,0.03337,-2.4615,-49.8022,40.1758,48.1758,-34.3297,2.7778,4.8151,-28.9531,23.6898,61.0611,-17.6072,2.3677,4.8151,-39.6264,30.0000,58.3516,-24.1538,2.3677,250,250,-100,100,150,-150,0
404,1786707728.625,1786707728.6303,0.03343,-0.4396,-47.8681,38.3297,50.4615,-31.8681,2.7116,5.0703,-25.4347,25.6547,58.6651,-12.6420,2.7287,5.0703,-37.4286,27.8901,58.6651,-21.4286,2.7287,650,500,-750,800,1000,-50,0
405,1786707728.6584,1786707728.6632,0.03336,1.8462,-44.8791,35.6044,53.3626,-28.9670,2.6455,5.1369,-21.0011,21.7336,62.2746,-12.3360,3.2685,5.1369,-34.4396,25.2527,62.2746,-18.6154,3.2685,700,1050,-950,1000,1000,-50,0
406,1786707728.6918,1786707728.6963,0.0334,3.6044,-41.7143,33.4066,55.6484,-26.4176,2.6455,7.5454,-22.2189,22.8698,60.3843,-12.6604,2.7672,7.5454,-31.2747,23.1429,60.3843,-15.9780,2.7672,750,1100,-750,800,900,0,0
407,1786707728.7252,1786707728.7301,0.03341,3.9560,-38.6374,31.3846,57.3187,-23.5165,2.7778,7.3053,-19.4584,16.6458,64.7197,-13.2849,2.8017,7.3053,-28.2857,21.0330,64.7197,-13.2849,2.8017,100,1000,-700,600,950,50,0
408,1786707728.7586,1786707728.7636,0.03341,4.4835,-35.8242,29.0110,58.9011,-20.5275,2.7778,8.0574,-17.7428,17.2693,68.5486,-9.6198,2.7830,8.0574,-25.3846,18.6593,68.5486,-10.1758,2.7830,100,1000,-750,450,1050,0,0
409,1786707728.7919,1786707728.797,0.03332,5.4505,-32.9231,26.7253,60.3077,-17.9780,2.7778,7.7765,-15.3698,17.8020,69.2089,-8.8687,2.9498,7.7765,-22.4835,17.8020,69.2089,-8.8687,2.9498,300,1000,-750,450,850,0,0
410,1786707728.8253,1786707728.8303,0.0334,6.4176,-29.9341,24.2637,63.0330,-15.5165,2.7778,11.3250,-13.9676,16.3719,69.0130,-9.6040,3.1055,11.3250,-19.4945,16.3719,69.0130,-9.6040,3.1055,250,1000,-800,850,850,0,0
411,1786707728.8587,1786707728.8639,0.03341,7.1209,-26.9451,22.5055,65.6703,-12.7912,2.7778,12.4401,-8.6921,9.1686,70.6111,-6.6075,2.9993,12.4401,-16.5055,12.2418,70.6111,-6.6075,2.9993,250,1000,-650,850,950,0,0
412,1786707728.8921,1786707728.897,0.03339,7.9121,-23.8681,21.0989,66.9890,-11.3846,2.7778,12.4834,-8.4198,12.8886,68.3568,-9.5691,3.0117,12.4834,-13.5165,12.8886,68.3568,-9.5691,3.0117,300,1050,-450,500,500,0,0
413,1786707728.9256,1786707728.9305,0.03348,9.1429,-20.7912,18.9890,67.8681,-10.8571,2.7778,12.3148,-5.3515,8.8548,70.7047,-10.2835,3.1731,12.3148,-10.3516,8.8548,70.7047,-10.2835,3.1731,350,1050,-800,300,150,0,0
414,1786707728.9589,1786707728.9637,0.03333,10.4615,-17.8022,16.9670,69.0110,-10.5055,2.7778,12.8682,-6.8535,11.5149,68.6431,-10.3391,3.1271,12.8682,-7.3626,11.5149,68.6431,-10.3391,3.1271,350,1000,-750,350,250,0,0
415,1786707728.9924,1786707728.9972,0.03343,11.3407,-14.7253,15.0330,69.5385,-10.8571,2.7778,12.9445,-5.4200,10.8739,69.3467,-9.4116,3.0084,12.9445,-5.4200,10.8739,69.3467,-9.4116,3.0084,250,1050,-600,200,-150,0,0
416,1786707729.0258,1786707729.0305,0.03341,12.0440,-11.6484,13.1868,69.1868,-10.8571,2.7778,12.1108,-6.9732,14.2290,69.1404,-10.1729,3.0470,12.1108,-6.9732,14.2290,69.1404,-10.1729,3.0470,250,1050,-550,-100,0,0,0
417,1786707729.0591,1786707729.0637,0.03336,12.2198,-8.9231,12.7473,68.7473,-10.4176,2.7778,11.5422,-6.0361,13.3104,69.0135,-7.8463,3.7706,11.5422,-6.0361,13.3104,69.0135,-7.8463,3.7706,50,900,-250,-100,100,0,0
418,1786707729.0926,1786707729.0973,0.03347,12.1319,-7.3407,13.7143,69.0110,-10.4176,2.7778,11.3025,-7.4579,16.7772,68.9136,-7.1357,3.2586,11.3025,-7.4579,16.7772,68.9136,-7.1357,3.2586,-50,550,350,0,0,0,0
419,1786707729.126,1786707729.1308,0.03334,12.0440,-6.7253,14.5934,69.0989,-9.7143,3.0423,13.4848,-7.3946,17.9992,70.1408,-7.2229,3.1914,13.4848,-7.3946,17.9992,70.1408,-7.2229,3.1914,-50,150,250,50,250,150,0
420,1786707729.1594,1786707729.164,0.0334,11.9560,-6.7253,15.2967,68.8352,-8.7473,3.1085,13.9397,-6.8313,18.3274,67.9598,-7.3929,3.5663,13.9397,-6.8313,18.3274,67.9598,-7.3929,3.5663,-50,50,150,-100,300,50,0
421,1786707729.1927,1786707729.1974,0.03339,12.0440,-7.0769,16.6154,69.4505,-8.2198,3.1085,15.3064,-5.7495,18.4669,65.8985,-8.6390,3.0407,15.3064,-5.7495,18.4669,65.8985,-8.6390,3.0407,50,-100,450,50,200,0,0
422,1786707729.2261,1786707729.2308,0.0334,12.7473,-6.8132,17.7582,69.5385,-7.9560,3.2407,14.5076,-6.3024,20.1199,65.0530,-8.2893,3.3162,14.5076,-6.3024,20.1199,65.0530,-8.2893,3.3162,200,150,350,50,150,0,0
423,1786707729.2595,1786707729.2644,0.03337,13.5385,-5.8462,18.2857,68.1319,-8.2198,3.2407,14.0408,-5.5827,20.4419,64.0489,-7.4790,3.3185,14.0408,-5.5827,20.4419,64.0489,-7.4790,3.3185,250,300,200,-450,-150,0,0
424,1786707729.2929,1786707729.2977,0.03337,14.4176,-5.5824,19.3407,66.8132,-8.3956,3.2407,16.9753,-4.7735,17.5464,66.1306,-5.8675,2.8712,16.9753,-4.7735,17.5464,66.1306,-5.8675,2.8712,300,100,350,-550,-150,0,0
425,1786707729.3262,1786707729.3309,0.03336,14.5055,-5.5824,20.0440,65.9341,-7.9560,3.2407,14.1823,-1.9765,17.7027,64.1965,-5.4127,3.2018,14.1823,-1.9765,17.7027,64.1965,-5.4127,3.2018,50,-50,200,-350,100,0,0
426,1786707729.3597,1786707729.3643,0.0334,14.4176,-4.7912,19.6923,65.4945,-7.2527,3.1085,14.4642,-3.1965,18.4970,65.1402,-4.8308,3.4120,14.4642,-3.1965,18.4970,65.1402,-4.8308,3.4120,0,250,0,-150,250,-50,0
427,1786707729.393,1786707729.3977,0.03337,15.0330,-3.8242,19.3407,65.9341,-6.1978,3.1085,14.1323,-4.8822,20.5484,63.2283,-5.2305,3.1848,14.1323,-4.8822,20.5484,63.2283,-5.2305,3.1848,200,350,-150,200,350,0,0
428,1786707729.4264,1786707729.4312,0.03341,15.3846,-2.6813,19.4286,65.5824,-5.8462,3.1746,13.7402,-2.2949,17.1161,62.6382,-4.9703,3.0769,13.7402,-2.2949,17.1161,62.6382,-4.9703,3.0769,150,400,50,-50,150,0,0
429,1786707729.4598,1786707729.4648,0.03341,15.2088,-2.5055,20.2198,64.7033,-5.9341,3.1746,12.9893,-3.6440,20.1588,61.6375,-2.9250,3.2312,12.9893,-3.6440,20.1588,61.6375,-2.9250,3.2312,-50,0,150,-350,50,0,0
430,1786707729.4932,1786707729.4981,0.03339,14.8571,-2.5055,20.6593,64.0000,-5.4066,3.1746,11.9793,-2.2357,17.3519,60.6541,-2.0488,3.3289,11.9793,-2.2357,17.3519,60.6541,-2.0488,3.3289,-150,0,250,-250,150,0,0
431,1786707729.5266,1786707729.5313,0.0334,14.0659,-2.5055,20.4835,62.7692,-4.9670,3.1746,12.0159,-4.1542,19.1607,58.5897,0.0909,3.3249,12.0159,-4.1542,19.1607,58.5897,0.0909,3.3249,-250,0,-50,-350,50,0,0
432,1786707729.56,1786707729.5644,0.03338,13.3626,-2.0659,20.2198,62.0659,-3.5604,3.1746,11.7411,-4.0168,20.4562,60.6479,-1.3652,3.5008,11.7411,-4.0168,20.4562,60.6479,-1.3652,3.5008,-250,200,-150,-200,450,0,0
433,1786707729.5934,1786707729.598,0.03336,13.0110,-1.8022,19.7802,60.8352,-2.5055,3.1746,12.3343,-4.9110,24.7064,58.8529,-3.3918,3.8940,12.3343,-4.9110,24.7064,58.8529,-3.3918,3.8940,-150,100,-200,-500,350,0,0
434,1786707729.6268,1786707729.6316,0.03337,12.6593,-1.8901,20.0440,60.0440,-1.6264,3.1746,11.3042,-2.9236,20.6121,60.0666,-0.9984,3.8894,11.3042,-2.9236,20.6121,60.0666,-0.9984,3.8894,-50,0,50,-350,350,0,0
435,1786707729.6601,1786707729.6644,0.03338,12.6593,-2.5055,21.4505,59.5165,-2.0659,3.4392,13.0934,-2.1885,19.0531,60.9389,-0.4133,3.5844,13.0934,-2.1885,19.0531,60.9389,-0.4133,3.5844,-50,-300,600,-150,-200,150,0
436,1786707729.6936,1786707729.6986,0.03347,12.3077,-2.5055,23.2967,59.9560,-2.7692,3.5053,14.1153,-1.6658,16.8970,62.7445,-1.6569,3.3788,14.1153,-1.6658,16.8970,62.7445,-1.6569,3.3788,-100,-100,650,200,-300,50,0
437,1786707729.7269,1786707729.7317,0.03333,12.0440,-1.5385,24.0000,60.6593,-2.4176,3.5053,14.0399,-2.1661,20.5133,60.4398,-3.9318,4.1411,14.0399,-2.1661,20.5133,60.4398,-3.9318,4.1411,-100,300,250,300,50,0,0
438,1786707729.7603,1786707729.765,0.03339,12.6593,-1.0110,23.6484,61.2747,-1.8022,3.5053,13.5319,-1.8274,20.7847,61.7689,-0.9497,3.9008,13.5319,-1.8274,20.7847,61.7689,-0.9497,3.9008,150,150,-200,200,150,0,0
439,1786707729.7937,1786707729.7984,0.03343,13.3626,-1.1868,22.3297,61.8022,-2.2418,3.5053,13.8684,-1.4640,21.5647,61.0937,-2.8247,3.8291,13.8684,-1.4640,21.5647,61.0937,-2.8247,3.8291,200,-50,-400,100,0,0,0
440,1786707729.8271,1786707729.8318,0.03334,13.5385,-1.3626,21.0989,61.2747,-3.3846,3.7037,12.7242,-2.1059,22.2779,58.4925,-0.3060,3.8666,12.7242,-2.1059,22.2779,58.4925,-0.3060,3.8666,50,-100,-450,-200,-450,50,0
441,1786707729.8605,1786707729.8651,0.0334,13.6264,-1.3626,21.3626,61.0989,-3.2088,3.7037,12.6346,-2.0538,23.4984,58.1987,-1.0447,3.9919,12.6346,-2.0538,23.4984,58.1987,-1.0447,3.9919,50,0,200,-50,100,0,0
442,1786707729.8939,1786707729.8987,0.0334,13.2747,-1.1868,22.4176,60.7473,-1.9780,3.6376,13.4469,-2.7733,22.1882,58.2235,0.1686,3.5057,13.4469,-2.7733,22.1882,58.2235,0.1686,3.5057,-100,100,350,-50,300,50,0
443,1786707729.9273,1786707729.9323,0.03338,13.0110,-1.0110,23.3846,59.6044,-1.3626,3.7037,15.7645,2.3526,18.3395,58.8811,0.7855,3.6580,15.7645,2.3526,18.3395,58.8811,0.7855,3.6580,-50,50,300,-450,200,0,0
444,1786707729.9606,1786707729.9653,0.03339,13.0989,-1.0989,23.3846,59.3407,-1.0989,3.7037,14.5625,-1.5656,18.5522,58.7460,-3.2561,3.9261,14.5625,-1.5656,18.5522,58.7460,-3.2561,3.9261,0,-50,0,-100,150,0,0
445,1786707729.994,1786707729.9987,0.03335,13.5385,-1.0110,22.4176,59.3407,-0.3077,3.7037,13.9655,1.8697,17.8146,60.5384,0.0508,3.6404,13.9655,1.8697,17.8146,60.5384,0.0508,3.6404,150,100,-250,0,250,0,0
446,1786707730.0274,1786707730.0322,0.03341,14.3297,-0.1319,21.0989,59.2527,-0.5714,3.7037,13.0082,1.8890,16.4994,59.9472,-2.0733,3.5887,13.0082,1.8890,16.4994,59.9472,-2.0733,3.5887,250,250,-500,-50,50,0,0
447,1786707730.0608,1786707730.0654,0.03337,14.6813,0.7473,20.3956,59.4286,-1.3626,3.7037,13.4358,0.1117,18.7053,61.1573,-3.0037,3.6236,13.4358,0.1117,18.7053,61.1573,-3.0037,3.6236,0,300,-200,-50,-250,0,0
448,1786707730.0941,1786707730.0989,0.03337,14.4176,1.6264,19.7802,60.0440,-1.6264,3.6376,12.2837,2.3412,17.1612,61.0449,-3.6190,3.8836,12.2837,2.3412,17.1612,61.0449,-3.6190,3.8836,-100,300,-250,200,-100,0,0
449,1786707730.1276,1786707730.1327,0.03345,13.8022,1.7143,19.4286,59.7802,-2.2418,3.7698,12.2932,1.9375,21.4146,57.3466,-2.7403,3.6002,12.2932,1.9375,21.4146,57.3466,-2.7403,3.6002,-200,50,-150,-100,-150,0,0
450,1786707730.1609,1786707730.2731,0.03334,13.2747,1.6264,19.4286,60.5714,-2.6813,3.6376,14.8684,3.1593,15.1079,62.7342,-0.3798,2.4076,14.8684,3.1593,15.1079,62.7342,-0.3798,2.4076,-200,-50,0,350,-150,-100,1
451,1786707730.2742,1786707730.2794,0.11331,12.9231,2.4176,21.4505,58.3736,-2.5934,3.6376,16.3219,6.5445,14.7488,61.0050,0.0646,2.5622,16.3219,6.5445,14.7488,61.0050,0.0646,2.5622,0,50,250,-50,100,0,1
452,1786707730.3076,1786707730.3124,0.03334,12.9231,2.4176,21.4505,57.9341,-2.8571,3.7037,17.5748,7.3438,8.8055,63.0495,1.4043,2.7751,17.5748,7.3438,11.3626,63.0495,1.4043,2.7751,0,0,0,-150,-150,0,0
453,1786707730.341,1786707730.3461,0.03338,13.0989,3.1209,20.7473,58.9011,-1.9780,3.2407,16.5330,10.3286,11.4056,61.8236,0.5696,2.8920,16.5330,10.3286,11.4056,61.8236,0.5696,2.8920,50,100,-250,250,300,-250,0
454,1786707730.3744,1786707730.379,0.03339,14.5934,5.3187,18.5495,60.5714,-0.3956,3.1085,18.4435,9.8366,10.4504,62.6579,1.7457,2.7230,18.4435,9.8366,10.4504,62.6579,1.7457,2.7230,500,750,-600,550,550,0,0
455,1786707730.4077,1786707730.4127,0.03336,15.8242,7.8681,16.3516,61.5385,-0.2198,3.0423,18.7244,8.7514,13.5320,62.3436,2.0353,2.5400,18.7244,8.7514,13.5320,62.3436,2.0353,2.5400,350,850,-800,300,200,0,0
456,1786707730.4411,1786707730.4455,0.03341,16.7912,9.3626,14.7692,61.5385,-0.0440,3.0423,17.6461,6.9521,16.6418,62.2941,2.1009,2.7475,17.6461,6.9521,16.6418,62.2941,2.1009,2.7475,300,600,-550,0,50,0,0
457,1786707730.4745,1786707730.4789,0.0334,17.4945,9.3626,14.5055,61.3626,0.8352,2.9101,17.3390,7.2243,11.9038,61.9391,1.6008,2.8243,17.3390,7.2243,11.9038,61.9391,1.6008,2.8243,300,0,-200,-100,300,-100,0
458,1786707730.5079,1786707730.5124,0.03337,17.4945,8.9231,15.3846,61.5385,1.1868,2.9101,17.6468,10.0026,9.6596,61.4085,3.4342,2.5292,17.6468,10.0026,9.6596,61.4085,3.4342,2.5292,50,-150,250,50,150,0,0
459,1786707730.5413,1786707730.5463,0.03338,17.1429,8.8352,16.3516,61.8022,1.1868,2.9101,19.4328,7.3075,11.4170,62.1512,4.8955,2.4647,19.4328,7.3075,11.4170,62.1512,4.8955,2.4647,-100,-100,350,50,0,0,0
460,1786707730.5747,1786707730.5794,0.03339,16.9670,9.8022,16.4396,61.8022,1.8022,2.8439,17.5703,5.7141,14.1970,62.5696,1.2698,3.2982,17.5703,5.7141,14.1970,62.5696,1.2698,3.2982,-100,300,0,0,300,-50,0
461,1786707730.6081,1786707730.6123,0.03337,17.4945,10.5055,15.3846,61.9780,3.2967,2.7778,17.6693,6.2201,12.3513,61.4177,1.4192,2.7641,17.6693,6.2201,12.3513,61.4177,1.4192,2.7641,150,250,-300,100,450,-50,0
462,1786707730.6415,1786707730.6458,0.03342,18.2857,10.4176,14.5055,61.8901,3.2967,2.9101,19.3243,7.7317,11.4014,59.5531,3.7953,2.2080,19.3243,7.7317,11.4014,59.5531,3.7953,2.2080,250,0,-350,0,0,100,0
463,1786707730.6749,1786707730.6791,0.03343,18.3736,9.5385,14.4176,61.6264,2.4176,2.8439,17.3543,7.8797,12.1724,57.8805,1.5780,3.5296,17.3543,7.8797,12.1724,57.8805,1.5780,3.5296,0,-300,0,-100,-300,-100,0
464,1786707730.7083,1786707730.7125,0.03336,18.3736,9.2747,13.9780,60.9231,1.9780,2.6455,17.3654,9.3324,7.5760,61.0302,2.7626,2.5529,17.3654,9.3324,7.5760,61.0302,2.7626,2.5529,0,-50,-150,-300,-250,-100,0
465,1786707730.7417,1786707730.746,0.03339,18.1099,9.3626,13.6264,59.3407,1.9780,2.8439,16.4560,6.1973,13.1770,60.9196,0.9607,6.5255,16.4560,6.1973,13.1770,60.9196,0.9607,6.5255,-100,50,-100,-500,0,50,0
466,1786707730.7751,1786707730.7797,0.03343,17.9341,9.7143,13.5385,59.5165,2.1538,3.0423,16.5746,10.0027,10.8210,60.7149,0.7482,8.7249,16.5746,10.0027,10.8210,60.7149,0.7482,8.7249,-50,50,-50,-100,100,50,0
467,1786707730.8084,1786707730.8128,0.03335,17.5824,9.8901,13.4505,60.0440,1.9780,3.2407,16.3095,8.5493,9.9296,59.1284,0.9130,9.6648,16.3095,8.5493,9.9296,59.1284,0.9130,9.6648,-100,50,-50,200,100,0,0
468,1786707730.8418,1786707730.8467,0.03339,17.3187,10.0659,13.5385,60.3956,1.4505,4.4974,16.7074,9.0839,11.3562,59.1816,0.7514,9.3375,16.7074,9.0839,11.3562,59.1816,0.7514,9.3375,-100,50,50,50,-200,500,0
469,1786707730.8752,1786707730.8801,0.03341,16.8791,10.0659,13.0110,59.9560,1.3626,6.4815,16.1839,10.3573,11.9103,59.9118,1.5821,10.0306,16.1839,10.3573,11.9103,59.9118,1.5821,10.0306,-150,0,-200,-100,-50,900,0
470,1786707730.9086,1786707730.913,0.03338,16.7912,10.0659,12.5714,59.5165,1.3626,8.0026,15.7339,9.7988,13.1995,59.2301,0.7204,10.4313,15.7339,9.7988,13.1995,59.2301,0.7204,10.4313,-50,0,-250,-150,0,750,0
471,1786707730.942,1786707730.9462,0.03337,16.7912,10.2418,12.7473,59.7802,1.3626,8.4656,16.7987,13.2526,11.6216,60.0695,0.0525,14.3753,16.7987,13.2526,11.6216,60.0695,0.0525,14.3753,0,50,50,100,0,200,0
472,1786707730.9754,1786707730.9799,0.03341,16.5275,10.5055,13.2747,59.7802,0.8352,9.1270,16.9659,10.8378,12.1386,60.1972,-0.2930,18.2989,16.9659,10.8378,12.1386,60.1972,-0.2930,18.2989,-100,100,200,50,-250,300,0
473,1786707731.0088,1786707731.0131,0.03341,16.3516,11.1209,13.4505,59.9560,0.6593,10.1190,15.1163,12.1489,11.6907,60.5339,-0.2565,20.0578,15.1163,12.1489,11.6907,60.5339,-0.2565,20.0578,-50,200,100,100,-150,350,0
474,1786707731.0422,1786707731.0464,0.03339,16.3516,11.6484,13.3626,60.0440,0.1319,12.0370,14.2754,12.8944,12.0864,57.9076,-2.1744,21.7714,14.2754,12.8944,12.0864,57.9076,-2.1744,21.7714,0,150,0,0,-150,800,0
475,1786707731.0756,1786707731.0798,0.03339,16.3516,12.0879,13.2747,60.0440,0.0440,14.7487,15.6925,11.9357,11.9855,60.6421,-1.4792,21.3840,15.6925,11.9357,11.9855,60.6421,-1.4792,21.3840,0,50,0,0,0,1250,0
476,1786707731.109,1786707731.1135,0.03342,15.7363,12.7912,13.2747,59.6044,-0.4835,17.3280,15.6261,11.6417,15.0208,59.8804,-1.2274,21.8948,15.6261,11.6417,15.0208,59.8804,-1.2274,21.8948,-200,250,0,-150,-50,1200,0
477,1786707731.1424,1786707731.1467,0.03335,15.3846,12.7912,13.2747,58.8132,-1.0110,19.1138,15.4390,11.7818,12.6473,61.0751,-0.4271,21.0218,15.4390,11.7818,12.6473,61.0751,-0.4271,21.0218,-150,0,0,-250,-250,950,0
478,1786707731.1758,1786707731.18,0.03342,15.2967,12.7912,13.5385,58.9890,-0.9231,19.9074,15.3712,11.8615,13.4808,61.3347,-1.3000,21.3077,15.3712,11.8615,13.4808,61.3347,-1.3000,21.3077,0,0,100,0,50,350,0
479,1786707731.2092,1786707731.2138,0.03336,15.3846,12.7033,14.1538,59.8681,-1.0110,20.1720,16.2674,14.7114,16.7783,60.4008,-1.7313,20.2379,16.2674,14.7114,16.7783,60.4008,-1.7313,20.2379,-50,-50,300,300,0,200,0
480,1786707731.2426,1786707731.2469,0.03344,15.5604,12.7033,14.1538,60.4835,-1.1868,20.3042,15.6621,12.1036,14.9588,61.1330,-1.1479,20.2089,15.6621,12.1036,14.9588,61.1330,-1.1479,20.2089,100,0,-50,200,50,50,0
481,1786707731.276,1786707731.2802,0.03336,15.7363,12.9670,14.0659,60.3956,-1.3626,20.3704,16.2773,13.1892,13.7667,61.2292,-1.5331,19.7230,16.2773,13.1892,13.7667,61.2292,-1.5331,19.7230,50,150,0,0,-100,50,0
482,1786707731.3094,1786707731.3137,0.03341,15.8242,13.5824,14.4176,60.3956,-1.3626,20.1720,16.3615,15.1850,13.9756,60.7474,-2.6016,20.5562,16.3615,15.1850,13.9756,60.7474,-2.6016,20.5562,0,250,150,-50,0,-50,0
483,1786707731.3427,1786707731.3471,0.03338,15.6484,13.4945,14.1538,60.6593,-1.5385,20.0397,16.6330,13.9233,13.8124,60.4542,-1.1480,21.1747,16.6330,13.9233,13.8124,60.4542,-1.1480,21.1747,-100,0,-100,100,-50,-50,0
484,1786707731.3761,1786707731.3803,0.03337,15.6484,13.6703,14.0659,60.6593,-1.8022,20.3042,17.4647,13.0653,14.0770,60.9932,-1.7698,20.1091,17.4647,13.0653,14.0770,60.9932,-1.7698,20.1091,0,100,-50,0,-150,100,0
485,1786707731.4096,1786707731.4141,0.03346,16.0000,13.9341,13.9780,60.7473,-1.8901,20.6349,18.7282,16.8677,12.8032,62.2608,-1.7231,20.5795,18.7282,16.8677,12.8032,62.2608,-1.7231,20.5795,100,150,-50,0,50,100,0
486,1786707731.4429,1786707731.4474,0.03335,16.3516,13.6703,14.0659,60.6593,-1.7143,20.4365,16.7895,14.5758,14.9676,61.5682,-2.1344,20.7206,16.7895,14.5758,14.9676,61.5682,-2.1344,20.7206,100,-100,0,0,100,0,0
487,1786707731.4763,1786707731.4807,0.03334,16.9670,13.8462,13.6264,61.0989,-1.7143,20.3704,15.4240,12.6666,14.9608,62.6923,-1.8416,19.9054,15.4240,12.6666,14.9608,62.6923,-1.8416,19.9054,200,50,-150,250,0,-50,0
488,1786707731.5098,1786707731.514,0.03349,17.3187,14.1978,13.3626,61.3626,-1.7143,20.4365,16.2781,13.5315,15.0712,61.2295,-1.4793,19.7700,16.2781,13.5315,15.0712,61.2295,-1.4793,19.7700,50,200,-50,150,0,50,0
489,1786707731.5431,1786707731.5474,0.03332,17.0549,13.8462,14.0659,61.3626,-1.7143,20.3042,15.6434,14.3534,13.0671,61.4352,-1.5338,19.7468,15.6434,14.3534,13.0671,61.4352,-1.5338,19.7468,50,-50,250,0,0,-50,0
490,1786707731.5765,1786707731.5808,0.03341,16.5275,13.5824,14.5934,61.5385,-1.7143,19.9735,16.6455,16.0841,13.7279,60.3264,0.0407,20.0811,16.6455,16.0841,13.7279,60.3264,0.0407,20.0811,-200,-100,200,0,0,-150,0
491,1786707731.6099,1786707731.6144,0.0334,16.0000,13.9341,14.2418,61.6264,-1.3626,19.9074,17.0435,16.0403,11.7542,62.5378,-0.1160,19.6341,17.0435,16.0403,11.7542,62.5378,-0.1160,19.6341,-150,200,-200,0,50,0,0
492,1786707731.6433,1786707731.6475,0.03335,16.0879,14.4615,13.6264,61.3626,-1.1868,19.9074,16.7881,15.2786,13.0910,61.0269,-0.5275,19.5177,16.7881,15.2786,13.0910,61.0269,-0.5275,19.5177,-50,200,-250,-50,50,0,0
493,1786707731.6766,1786707731.6809,0.03339,16.3516,14.9011,13.1868,61.3626,-0.9231,19.9074,16.7806,14.5822,13.1183,61.1951,-1.2949,19.7993,16.7806,14.5822,13.1183,61.1951,-1.2949,19.7993,100,150,-200,50,150,0,0
494,1786707731.71,1786707731.7147,0.03339,16.4396,15.1648,12.6593,61.6264,-1.0110,19.7751,15.8831,15.7526,11.7850,60.5840,0.7715,20.1025,15.8831,15.7526,11.7850,60.5840,0.7715,20.1025,0,50,-100,200,-50,-50,0
495,1786707731.7434,1786707731.7478,0.0334,16.4396,14.9890,12.8352,61.5385,-1.0110,19.7751,15.7635,15.4634,11.8189,59.2580,0.8904,20.2147,15.7635,15.4634,11.8189,59.2580,0.8904,20.2147,0,0,0,0,0,0,0
496,1786707731.7768,1786707731.7811,0.0334,16.3516,15.0769,12.6593,61.1868,-0.5714,19.7751,15.7668,14.2203,13.2259,59.0823,-0.3807,20.2519,15.7668,14.2203,13.2259,59.0823,-0.3807,20.2519,-50,50,-50,-100,150,0,0
497,1786707731.8102,1786707731.815,0.03341,16.2637,15.2527,12.3956,60.5714,0.0440,19.9074,15.6292,14.3834,12.5606,59.7916,0.9896,20.0968,15.6292,14.3834,12.5606,59.7916,0.9896,20.0968,-50,50,-100,-150,150,50,0
498,1786707731.8436,1786707731.848,0.03339,16.1758,14.9890,12.7473,60.1319,-0.0440,19.9735,17.2193,16.3361,14.3477,58.7333,-1.6683,20.5544,17.2193,16.3361,14.3477,58.7333,-1.6683,20.5544,0,-50,50,-150,100,50,0
499,1786707731.877,1786707731.8813,0.0334,16.1758,14.9011,12.8352,60.0440,-0.1319,19.9074,16.9609,14.7460,12.9157,59.7204,0.7996,20.2009,16.9609,14.7460,12.9157,59.7204,0.7996,20.2009,0,0,50,0,-50,-50,0
500,1786707731.9104,1786707732.0218,0.03341,16.1758,14.9890,12.8352,59.6923,0.2198,20.1058,17.1900,17.5185,13.0014,57.2070,-5.1757,21.8985,17.1900,17.5185,13.0014,57.2070,-5.1757,21.8985,0,50,0,0,50,100,1
501,1786707732.023,1786707732.0277,0.11257,16.4396,15.0769,12.8352,59.7802,0.3077,20.0397,15.1970,14.9747,13.3069,61.1057,-1.0891,20.7255,15.1970,14.9747,13.3069,61.1057,-1.0891,20.7255,0,-50,0,0,0,0,1
502,1786707732.0563,1786707732.0608,0.03331,16.4396,15.0769,12.8352,59.7802,0.3956,20.0397,15.3697,13.9613,14.5127,59.8573,-2.8309,20.4881,15.3697,13.9613,14.5127,59.8573,-2.8309,20.4881,0,0,0,0,50,0,0
503,1786707732.0898,1786707732.0945,0.03347,16.3516,15.0769,12.8352,59.8681,-0.2198,20.3042,17.0496,16.2199,9.3754,63.1551,0.9183,19.7155,17.0496,16.2199,9.3754,63.1551,0.9183,19.7155,0,0,0,50,-200,150,0
504,1786707732.1231,1786707732.1278,0.0333,16.1758,14.8132,13.1868,60.2198,-1.2747,20.3042,14.9079,16.8910,12.4468,60.0885,-1.0197,19.8681,14.9079,16.8910,12.4468,60.0885,-1.0197,19.8681,-100,-150,0,200,-400,0,0
505,1786707732.1565,1786707732.1612,0.03341,16.1758,14.9011,13.3626,60.6593,-1.6264,20.1058,14.6901,17.2593,8.7465,60.7027,-0.7544,19.5902,14.6901,17.2593,8.7465,60.7027,-0.7544,19.5902,0,0,50,100,-150,-100,0
506,1786707732.1899,1786707732.1947,0.03337,16.2637,15.6044,12.7473,61.1868,-1.1868,20.0397,15.8648,16.9907,9.5714,59.4549,0.2604,20.0664,15.8648,16.9907,9.5714,59.4549,0.2604,20.0664,50,250,-250,150,100,0,0
507,1786707732.2232,1786707732.2279,0.03337,16.0000,16.1319,12.1319,61.0110,-1.0110,19.9735,15.1812,16.2926,11.0430,57.6386,-1.1607,20.0488,15.1812,16.2926,11.0430,57.6386,-1.1607,20.0488,-150,150,-200,0,100,0,0
508,1786707732.2566,1786707732.2617,0.03341,15.8242,16.3077,11.2527,60.4835,-0.6593,19.9735,14.4198,17.3862,11.1331,55.9581,1.1140,19.9195,14.4198,17.3862,11.1331,55.9581,1.1140,19.9195,-100,50,-350,-200,150,0,0
509,1786707732.2901,1786707732.2947,0.03344,15.8242,16.3956,11.2527,59.3407,-0.5714,19.9735,13.7956,18.8028,10.3936,57.6659,0.1178,19.9500,13.7956,18.8028,10.3936,57.6659,0.1178,19.9500,0,50,0,-400,0,0,0
510,1786707732.3235,1786707732.3281,0.03338,15.3846,16.5714,11.5165,58.1978,-0.8352,19.9735,14.3939,16.8915,10.9874,58.0349,1.4432,19.9041,14.3939,16.8915,10.9874,58.0349,1.4432,19.9041,-150,50,200,-450,-100,0,0
511,1786707732.3568,1786707732.3615,0.03335,15.0330,17.4505,11.2527,57.8462,-0.3956,19.9735,14.1869,16.6518,13.7422,57.1788,1.0031,19.8491,14.1869,16.6518,13.7422,57.1788,1.0031,19.8491,-150,300,-50,-150,150,0,0
512,1786707732.3902,1786707732.3949,0.03339,14.9451,17.5385,11.1648,58.1099,0.3077,19.9735,13.7568,17.6294,11.4947,57.3493,0.4530,19.5751,13.7568,17.6294,11.4947,57.3493,0.4530,19.5751,0,50,0,100,250,0,0
513,1786707732.4236,1786707732.4282,0.03341,14.8571,17.2747,11.6923,57.7582,0.4835,19.9735,14.3805,18.8126,12.2843,57.5249,0.3223,19.7425,14.3805,18.8126,12.2843,57.5249,0.3223,19.7425,0,-150,100,-100,150,0,0
514,1786707732.457,1786707732.4618,0.03339,14.8571,17.1868,12.3077,57.4945,0.4835,19.8413,13.2477,18.9232,9.4370,58.8516,-0.0093,18.6854,13.2477,18.9232,9.4370,58.8516,-0.0093,18.6854,0,50,250,-100,0,-100,0
515,1786707732.4904,1786707732.4953,0.03343,14.7692,17.8901,12.1319,57.6703,0.4835,19.8413,15.5877,20.1818,10.0159,58.8614,0.5159,20.0102,15.5877,20.1818,10.0159,58.8614,0.5159,20.0102,-50,250,-100,100,0,0,0
516,1786707732.5238,1786707732.5284,0.03337,14.5934,18.1538,11.4286,58.0220,0.3956,19.5106,14.2263,19.7434,9.3837,59.2901,0.5351,19.6340,14.2263,19.7434,9.3837,59.2901,0.5351,19.6340,-50,50,-300,100,-50,-200,0
517,1786707732.5572,1786707732.5615,0.03344,14.5055,18.7692,10.5495,58.4615,0.3956,19.1138,14.8593,20.7101,8.7959,58.4762,0.2647,20.1074,14.8593,20.7101,8.7959,58.4762,0.2647,20.1074,0,200,-350,150,0,-250,0
518,1786707732.5907,1786707732.5949,0.03341,14.5934,19.0330,10.1978,58.6374,0.3956,19.4444,13.7266,20.2288,9.3192,58.1569,0.5815,19.9595,13.7266,20.2288,9.3192,58.1569,0.5815,19.9595,50,150,-100,50,0,200,0
519,1786707732.624,1786707732.6282,0.03334,14.5934,19.2967,9.8462,58.6374,0.3956,19.7090,14.9373,22.6947,7.8109,59.2426,0.1240,20.1150,14.9373,22.6947,7.8109,59.2426,0.1240,20.1150,0,100,-100,0,0,100,0
520,1786707732.6574,1786707732.6617,0.0334,14.5055,19.5604,9.7582,58.6374,0.3956,19.7090,15.2313,22.4160,9.5942,57.7977,-0.8833,19.9521,15.2313,22.4160,9.5942,57.7977,-0.8833,19.9521,-50,50,-50,0,0,0,0
521,1786707732.6908,1786707732.6953,0.03338,14.5055,19.8242,9.1429,58.9011,0.3956,19.7751,15.0704,20.3588,10.3756,59.7634,-1.7537,20.2661,15.0704,20.3588,10.3756,59.7634,-1.7537,20.2661,0,0,-250,150,0,0,0
522,1786707732.7242,1786707732.7284,0.03339,14.7692,20.7033,8.8791,58.8132,0.0440,19.7751,16.0597,21.9867,11.0939,59.0478,-1.7415,20.4160,16.0597,21.9867,11.0939,59.0478,-1.7415,20.4160,100,350,0,50,-200,0,0
523,1786707732.7576,1786707732.7618,0.0334,14.7692,20.6154,9.4066,58.5495,-0.5714,19.9074,14.9884,23.9814,7.7437,59.7053,-1.6331,20.3786,14.9884,23.9814,7.7437,59.7053,-1.6331,20.3786,0,-50,150,-150,-250,50,0
524,1786707732.791,1786707732.7958,0.03343,14.7692,20.3516,9.9341,58.7253,-0.7473,20.0397,15.3984,24.8005,7.5709,58.9344,-2.2436,20.5830,15.3984,24.8005,7.5709,58.9344,-2.2436,20.5830,0,-100,200,50,-50,50,0
525,1786707732.8244,1786707732.8294,0.03336,14.8571,21.0549,9.5824,59.1648,-0.7473,20.1720,16.5887,25.1536,8.9223,57.3101,-2.9857,20.1850,16.5887,25.1536,8.9223,57.3101,-2.9857,20.1850,50,150,-200,200,0,50,0
526,1786707732.8577,1786707732.8621,0.03338,14.8571,22.1978,8.6154,59.1648,-1.0989,20.2381,15.5386,25.3823,7.7969,59.3357,-3.3523,19.9001,15.5386,25.3823,7.7969,59.3357,-3.3523,19.9001,0,400,-350,0,-100,0,0
527,1786707732.8911,1786707732.8961,0.03338,15.3846,22.6374,8.3516,58.9890,-1.6264,20.1720,15.4366,25.7825,8.6505,59.1520,-2.8426,19.9033,15.4366,25.7825,8.6505,59.1520,-2.8426,19.9033,150,100,-100,-50,-150,-50,0
528,1786707732.9245,1786707732.9295,0.03336,15.3846,22.8132,8.6154,58.7253,-1.8901,20.1058,15.3649,25.7609,7.5225,61.1640,-3.4113,20.2679,15.3649,25.7609,7.5225,61.1640,-3.4113,20.2679,0,50,50,0,-50,-50,0
529,1786707732.9579,1786707732.963,0.03341,15.2967,22.9890,8.4396,59.1648,-1.8901,20.0397,14.3758,26.0853,8.9111,59.3185,-4.8035,19.6665,14.3758,26.0853,8.9111,59.3185,-4.8035,19.6665,-50,50,-50,150,0,-50,0
530,1786707732.9913,1786707732.996,0.03336,15.2088,22.9890,8.0000,59.9560,-2.2418,20.0397,14.0141,24.8184,7.2624,62.0722,-4.6578,20.2999,14.0141,24.8184,7.2624,62.0722,-4.6578,20.2999,0,0,-150,250,-100,0,0
531,1786707733.0247,1786707733.0292,0.03339,15.0330,23.2527,7.9121,60.3077,-2.8571,19.9074,14.1984,26.1942,6.4016,60.8677,-6.4902,20.2688,14.1984,26.1942,6.4016,60.8677,-6.4902,20.2688,-50,100,0,50,-250,-50,0
532,1786707733.058,1786707733.0627,0.03336,14.9451,23.2527,8.0000,60.3956,-3.2967,19.9735,13.9062,25.8022,8.9722,58.3660,-6.6397,20.3741,13.9062,25.8022,8.9722,58.3660,-6.6397,20.3741,-50,0,50,0,-150,-50,0
533,1786707733.0914,1786707733.0961,0.0334,14.8571,23.4286,7.3846,60.6593,-4.0000,20.1058,14.0117,26.2730,9.3747,58.8842,-6.1260,20.3823,14.0117,26.2730,9.3747,58.8842,-6.1260,20.3823,-50,50,-200,100,-200,100,0
534,1786707733.1248,1786707733.1299,0.03341,14.7692,23.5165,7.1209,60.3077,-4.7033,20.1720,14.1422,26.5453,9.8213,57.9681,-6.5748,20.3394,14.1422,26.5453,9.8213,57.9681,-6.5748,20.3394,-50,100,-50,-200,-250,0,0
535,1786707733.1582,1786707733.1629,0.03338,14.7692,23.6044,7.7363,59.7802,-4.7912,20.1720,13.6396,25.5035,7.9314,57.9603,-6.0139,19.8260,13.6396,25.5035,7.9314,57.9603,-6.0139,19.8260,0,50,150,-250,0,0,0
536,1786707733.1916,1786707733.1963,0.03336,14.6813,23.6044,8.4396,59.5165,-5.0549,20.1720,13.7345,26.4978,7.9659,58.5665,-5.6418,15.8391,13.7345,26.4978,7.9659,58.5665,-5.6418,15.8391,-50,0,250,-100,-100,0,0
537,1786707733.225,1786707733.2294,0.03344,14.5934,23.6044,8.2637,59.3407,-5.0549,20.0397,12.8992,24.4553,5.2441,59.5475,-3.0812,9.2430,12.8992,24.4553,5.2441,59.5475,-3.0812,9.9735,-50,0,-100,-50,0,-50,0
538,1786707733.2584,1786707733.2632,0.03336,14.5055,23.6044,8.0000,59.3407,-5.0549,19.4444,12.2738,23.3416,7.1805,57.6100,-3.9034,3.8663,12.2738,23.3416,7.1805,57.6100,-3.9034,9.2460,0,0,-100,0,0,-200,0
539,1786707733.2917,1786707733.2967,0.03337,14.2418,23.6923,7.4725,59.5165,-4.6154,17.5926,12.4663,22.9481,7.8553,57.1523,-5.0712,0.4435,12.4663,22.9481,7.8553,57.1523,-5.0712,7.2619,-100,50,-150,50,100,-750,0
540,1786707733.3251,1786707733.3303,0.03341,13.9780,23.1648,6.6813,59.3407,-3.8242,14.9471,12.0264,21.9100,7.5359,56.6262,-4.8452,1.5860,12.0264,21.9100,7.5359,56.6262,-4.8452,4.4841,-100,-200,-350,-100,250,-1250,0
541,1786707733.3586,1786707733.3634,0.03343,13.9780,22.7253,6.9451,58.6374,-4.0879,12.1032,12.6708,22.3364,6.9336,57.5165,-4.6502,2.2512,12.6708,22.3364,6.9336,57.5165,-4.6502,2.2512,0,-150,0,-200,50,-1250,0
542,1786707733.3919,1786707733.3967,0.03332,13.8022,22.2857,7.5604,58.1978,-4.3516,9.5238,12.8715,23.4575,4.4497,58.2770,-5.0847,2.6960,12.8715,23.4575,4.4497,58.2770,-5.0847,2.6960,-50,-150,250,-150,-100,-1150,0
543,1786707733.4253,1786707733.4299,0.03339,13.8022,22.2857,7.2967,58.2857,-4.3516,6.8122,11.6870,23.3259,6.6277,56.5001,-6.8097,2.7293,11.6870,23.3259,6.6277,56.5001,-6.8097,2.7293,0,0,-100,0,0,-1250,0
544,1786707733.4587,1786707733.4634,0.03343,13.8022,22.5495,6.5055,58.5495,-4.3516,5.0265,12.4878,25.2804,2.4390,58.9945,-5.8639,3.0297,12.4878,25.2804,2.4390,58.9945,-5.8639,3.0297,0,50,-300,100,0,-700,0
545,1786707733.4921,1786707733.4969,0.03336,13.5385,22.7253,6.0659,58.3736,-4.7912,4.3651,12.2311,23.5571,2.9928,59.4264,-5.6565,3.3717,12.2311,23.5571,2.9928,59.4264,-5.6565,3.3717,-100,100,-200,0,-100,-300,0
546,1786707733.5255,1786707733.5303,0.03341,13.4505,23.0769,5.7143,58.1099,-5.0549,4.0344,11.7366,24.4314,3.5959,60.8215,-7.9202,3.2470,11.7366,24.4314,3.5959,60.8215,-7.9202,3.2470,-100,200,-100,-50,-100,-150,0
547,1786707733.5588,1786707733.5638,0.03334,13.4505,23.6044,4.9231,58.7253,-4.8791,3.8360,11.9901,23.2629,2.1540,60.7262,-5.9993,3.0450,11.9901,23.2629,2.1540,60.7262,-5.9993,3.0450,0,250,-200,300,50,-100,0
548,1786707733.5922,1786707733.5967,0.03342,13.3626,23.6044,4.7473,59.7802,-5.3187,3.6376,10.9165,23.4820,1.0122,60.4646,-8.3876,3.4084,10.9165,23.4820,1.0122,60.4646,-8.3876,3.4084,0,0,-50,350,-100,-50,0
549,1786707733.6256,1786707733.6303,0.03337,13.3626,23.6044,4.2198,60.2198,-6.1099,3.5053,11.0498,22.3274,3.2745,60.0144,-8.4562,3.6316,11.0498,22.3274,3.2745,60.0144,-8.4562,3.6316,0,0,-200,150,-250,-100,0
550,1786707733.659,1786707733.7708,0.03337,13.0110,23.5165,3.6044,60.2198,-6.3736,3.5053,12.1999,26.2579,-4.1658,61.0282,-6.2392,2.6837,12.1999,26.2579,-4.1658,61.0282,-6.2392,2.6837,-100,-50,-200,0,-150,0,1
551,1786707733.772,1786707733.7767,0.11297,12.9231,22.9890,3.9560,60.2198,-6.7253,3.5053,11.3506,25.7163,-5.4229,61.6270,-6.5992,2.5503,11.3506,25.7163,-5.4229,61.6270,-6.5992,2.5503,0,0,0,0,0,0,1
552,1786707733.8053,1786707733.8097,0.03334,12.9231,22.9890,3.9560,60.2198,-6.8132,3.5053,14.4555,25.2611,-3.1109,62.8154,-7.8023,2.9137,14.4555,25.2611,-3.1109,62.8154,-7.8023,2.9137,0,0,0,0,0,0,0
553,1786707733.8387,1786707733.843,0.03342,12.9231,23.4286,3.2527,60.9231,-6.6374,3.1746,13.0843,23.5877,-5.4238,62.4707,-7.4572,2.7685,13.0843,23.5877,-5.4238,62.4707,-7.4572,2.7685,0,250,-300,300,0,-200,0
554,1786707733.8721,1786707733.8762,0.03338,13.0989,24.5714,1.4945,62.0659,-6.4615,3.0423,12.5611,24.6153,-8.2920,64.2358,-7.6573,2.6800,12.5611,24.6153,-8.2920,64.2358,-7.6573,2.6800,50,350,-600,450,50,-100,0
555,1786707733.9055,1786707733.9096,0.0334,13.5385,24.5714,-0.4396,62.1538,-6.4615,3.0423,12.7602,24.5211,-6.0633,62.7322,-7.2096,3.5829,12.7602,24.5211,-6.0633,62.7322,-7.2096,3.5829,100,-50,-650,50,0,0,0
556,1786707733.9388,1786707733.943,0.03333,13.3626,24.3077,-2.1099,63.2967,-6.4615,2.9101,13.1565,23.7551,-7.2718,64.0668,-5.8190,2.8031,13.1565,23.7551,-7.2718,64.0668,-5.8190,2.8031,0,-50,-600,400,0,-50,0
557,1786707733.9722,1786707733.9766,0.03343,13.2747,24.6593,-3.2527,64.0000,-6.4615,3.1085,14.0154,24.2680,-8.3352,64.6155,-6.4431,2.6652,14.0154,24.2680,-8.3352,64.6155,-6.4431,2.6652,0,150,-500,400,0,50,0
558,1786707734.0056,1786707734.0098,0.03338,13.3626,24.6593,-3.2527,64.0000,-6.0220,3.1085,13.1400,23.8222,-5.6037,65.0554,-5.2501,2.7245,13.1400,23.8222,-5.6037,65.0554,-5.2501,2.7245,50,0,0,0,150,50,0
559,1786707734.039,1786707734.0432,0.03339,13.5385,24.6593,-3.6923,64.6154,-5.7582,2.9101,13.8588,24.0914,-9.4169,63.9811,-4.5991,2.8202,13.8588,24.0914,-9.4169,63.9811,-4.5991,2.8202,50,0,-200,200,50,-50,0
560,1786707734.0724,1786707734.0766,0.03342,13.5385,24.6593,-3.8681,64.9670,-5.6703,2.9101,13.5262,24.0856,-8.4987,64.4060,-4.2527,2.7108,13.5262,24.0856,-8.4987,64.4060,-4.2527,2.7108,0,0,-100,150,0,0,0
561,1786707734.1058,1786707734.11,0.03339,13.5385,24.6593,-3.9560,65.0549,-4.8791,2.9101,13.3864,23.2884,-6.8342,62.4052,-4.8388,2.6075,13.3864,23.2884,-6.8342,62.4052,-4.8388,2.6075,0,0,0,50,300,0,0
562,1786707734.1392,1786707734.1434,0.03341,13.6264,24.7473,-4.4835,65.0549,-4.5275,2.9101,13.9203,22.0054,-6.5309,63.6308,-3.0984,2.7560,13.9203,22.0054,-6.5309,63.6308,-3.0984,2.7560,50,50,-200,0,50,0,0
563,1786707734.1726,1786707734.177,0.03338,13.6264,24.8352,-4.6593,64.8791,-4.4396,2.9101,13.0201,20.7662,-5.3749,63.0398,-2.8300,2.8155,13.0201,20.7662,-5.3749,63.0398,-2.8300,2.8155,0,50,-150,-100,0,0,0
564,1786707734.206,1786707734.2103,0.03337,13.6264,24.6593,-4.6593,64.5275,-3.8242,2.9101,12.1829,19.9635,-6.6055,64.0826,-3.6962,2.7210,12.1829,19.9635,-6.6055,64.0826,-3.6962,2.7210,0,-50,0,-150,200,0,0
565,1786707734.2394,1786707734.2437,0.03341,13.6264,24.2198,-4.5714,64.5275,-3.2088,2.9101,12.6151,21.5157,-8.5929,64.5840,-1.6683,2.4999,12.6151,21.5157,-8.5929,64.5840,-1.6683,2.4999,0,-150,50,0,150,0,0
566,1786707734.2728,1786707734.277,0.03342,13.5385,24.0440,-4.4835,64.6154,-3.2088,2.9101,11.0693,18.6146,-7.5151,63.9017,-0.1797,2.6901,11.0693,18.6146,-7.5151,63.9017,-0.1797,2.6901,0,-50,50,50,0,0,0
567,1786707734.3062,1786707734.3104,0.03339,13.5385,24.0440,-4.7473,64.9670,-2.7692,2.9101,9.3499,24.5815,-10.8166,64.5265,-1.9048,8.1016,9.3499,24.5815,-10.8166,64.5265,-1.9048,8.1016,0,0,-100,150,100,0,0
568,1786707734.3396,1786707734.3438,0.03337,13.1868,24.0440,-4.9231,64.8791,-1.4505,2.9101,11.2268,26.3316,-11.2990,63.4662,-4.5711,11.5201,11.2268,26.3316,-11.2990,63.4662,-4.5711,11.5201,-100,0,0,-50,450,0,0
569,1786707734.373,1786707734.3774,0.03344,12.4835,24.0440,-5.0989,64.8791,-1.1868,3.2407,11.0312,27.6087,-12.9601,63.1297,-5.1974,17.0345,11.0312,27.6087,-12.9601,63.1297,-5.1974,13.3730,-200,0,-50,0,200,50,0
570,1786707734.4064,1786707734.412,0.03337,12.3077,24.8352,-6.2418,64.8791,-1.8022,4.8280,11.1918,26.1610,-12.6998,64.4545,-3.6334,19.7227,11.1918,26.1610,-12.6998,64.4545,-3.6334,15.2249,-50,100,-350,0,-250,600,0
571,1786707734.4398,1786707734.4447,0.03338,12.3077,26.5055,-7.6484,64.8791,-2.5934,7.5397,11.0479,25.8500,-11.9539,64.0232,-3.1970,20.6186,11.0479,25.8500,-11.9539,64.0232,-3.1970,18.0026,0,550,-450,0,-200,1250,0
572,1786707734.4732,1786707734.4777,0.03341,12.3077,27.1209,-8.1758,65.0549,-2.6813,10.2513,12.6890,26.2247,-12.2155,64.5573,-3.2535,20.5709,12.6890,26.2247,-12.2155,64.5573,-3.2535,20.5709,0,150,-100,100,-50,1150,0
573,1786707734.5066,1786707734.5109,0.03341,12.3077,27.1209,-8.2637,65.2308,-2.4176,12.8968,10.4109,23.5039,-12.6121,64.1979,-1.8631,21.2674,10.4109,23.5039,-12.6121,64.1979,-1.8631,21.2674,0,0,0,100,100,1250,0
574,1786707734.5399,1786707734.5444,0.03336,12.5714,27.1209,-8.2637,65.2308,-2.4176,15.5423,11.4905,26.3045,-15.1196,64.4344,-1.8216,18.8744,11.4905,26.3045,-15.1196,64.4344,-1.8216,18.8744,100,0,0,0,0,1200,0
575,1786707734.5733,1786707734.5777,0.03339,12.7473,27.0330,-8.4396,65.2308,-1.9780,17.7249,11.1162,28.1489,-15.2935,65.5813,-3.3479,18.8719,11.1162,28.1489,-15.2935,65.5813,-3.3479,18.8719,100,0,-50,0,50,900,0
576,1786707734.6067,1786707734.6113,0.03341,12.6593,26.9451,-9.0549,65.2308,-1.7143,18.6508,12.1653,26.3823,-12.7171,64.1950,-0.7862,17.7157,12.1653,26.3823,-12.7171,64.1950,-0.7862,17.7157,-50,0,-150,0,150,550,0
577,1786707734.6401,1786707734.6447,0.03337,12.5714,27.2967,-9.7582,65.5824,-1.7143,18.5847,11.0359,26.5945,-12.7515,65.3459,-2.1585,18.7335,11.0359,26.5945,-12.7515,65.3459,-2.1585,18.7335,0,50,-250,100,0,-50,0
578,1786707734.6736,1786707734.6778,0.03345,12.6593,27.9121,-9.8462,65.6703,-1.7143,18.0556,11.9895,26.0741,-14.2756,64.8990,-2.5676,20.2686,11.9895,26.0741,-14.2756,64.8990,-2.5676,20.2686,0,300,0,0,0,-200,0
579,1786707734.707,1786707734.7117,0.0334,12.6593,28.0000,-9.8462,65.6703,-1.4505,17.9894,11.2170,27.8470,-10.2939,65.4475,-3.9142,20.6762,11.2170,27.8470,-10.2939,65.4475,-3.9142,20.6762,0,0,0,0,100,-100,0
580,1786707734.7403,1786707734.7451,0.03338,12.5714,28.0000,-10.0220,65.6703,-1.4505,18.9153,11.5128,24.5721,-11.1519,65.3916,-2.8141,20.3627,11.5128,24.5721,-11.1519,65.3916,-2.8141,20.3627,0,0,-50,0,0,400,0
581,1786707734.7737,1786707734.7784,0.0334,12.5714,28.1758,-10.1099,65.6703,-1.6264,19.6429,12.5984,26.7853,-13.9911,66.7933,-3.3499,22.0710,12.5984,26.7853,-13.9911,66.7933,-3.3499,22.0710,0,50,0,0,0,300,0
582,1786707734.8071,1786707734.8119,0.03337,12.5714,28.4396,-10.0220,65.6703,-1.7143,19.7090,12.0806,28.2623,-15.3069,67.3807,-1.6721,20.9461,12.0806,28.2623,-15.3069,67.3807,-1.6721,20.9461,0,50,0,0,-50,50,0
583,1786707734.8405,1786707734.8451,0.03337,12.7473,28.2637,-9.8462,66.2857,-1.7143,20.3704,11.0472,26.0468,-12.1843,67.0447,-3.0573,20.3730,11.0472,26.0468,-12.1843,67.0447,-3.0573,20.3730,50,-50,50,200,0,300,0
584,1786707734.8738,1786707734.8784,0.03338,12.7473,28.5275,-10.5495,66.9890,-1.5385,21.0317,10.2296,26.7103,-11.2381,66.5119,-3.8100,20.6424,10.2296,26.7103,-11.2381,66.5119,-3.8100,20.6424,50,50,-250,250,0,300,0
585,1786707734.9072,1786707734.9117,0.0334,12.6593,28.7033,-11.3407,66.9890,-1.2747,20.8995,10.0935,26.7520,-11.9400,67.6895,-3.2110,20.5506,10.0935,26.7520,-11.9400,67.6895,-3.2110,20.5506,0,50,-350,0,100,0,0
586,1786707734.9406,1786707734.9453,0.03338,12.3956,28.7033,-11.4286,67.0769,-1.7143,20.5026,11.5299,28.4550,-15.2340,69.3717,-3.7199,20.7502,11.5299,28.4550,-15.2340,69.3717,-3.7199,20.7502,-50,0,0,0,-200,-200,0
587,1786707734.974,1786707734.9789,0.03341,12.3956,28.7033,-10.8132,67.4286,-1.8022,20.5026,11.3628,29.4230,-15.7872,68.7641,-4.0793,20.3212,11.3628,29.4230,-15.7872,68.7641,-4.0793,20.3212,-50,0,250,150,0,0,0
588,1786707735.0074,1786707735.0121,0.03337,12.3956,28.7912,-10.9011,68.3956,-1.9780,20.5688,10.3879,25.9831,-14.4156,70.7329,-3.9557,20.8611,10.3879,25.9831,-14.4156,70.7329,-3.9557,20.8611,0,0,100,350,-50,50,0
589,1786707735.0408,1786707735.0457,0.0334,12.4835,29.3187,-11.7802,68.7473,-2.2418,20.5688,9.6972,26.3974,-14.7791,70.4021,-3.9351,21.0595,9.6972,26.3974,-14.7791,70.4021,-3.9351,21.0595,0,150,-300,200,-50,0,0
590,1786707735.0742,1786707735.0787,0.03338,12.3956,29.3187,-12.3077,69.0989,-2.2418,20.7011,10.3599,26.6245,-11.8304,68.8237,-4.0326,21.1603,10.3599,26.6245,-11.8304,68.8237,-4.0326,21.1603,-50,0,-150,100,0,100,0
591,1786707735.1076,1786707735.1121,0.03337,12.3077,29.1429,-12.3077,69.8901,-2.2418,20.7011,9.3611,29.5424,-13.7173,70.2701,-2.7104,20.5677,9.3611,29.5424,-13.7173,70.2701,-2.7104,20.5677,-50,-50,0,250,0,0,0
592,1786707735.1409,1786707735.1455,0.03338,12.2198,29.0549,-11.9560,69.8901,-2.2418,20.7672,10.3134,28.7513,-13.1168,69.6706,-3.4112,20.9308,10.3134,28.7513,-13.1168,69.6706,-3.4112,20.9308,-50,0,50,0,0,0,0
593,1786707735.1743,1786707735.1789,0.03341,12.2198,29.0549,-11.4286,69.8901,-2.3297,20.5688,9.2309,29.1213,-11.4775,68.6355,-4.2563,21.1329,9.2309,29.1213,-11.4775,68.6355,-4.2563,21.1329,0,-50,150,0,0,-100,0
594,1786707735.2077,1786707735.2123,0.03337,12.2198,29.4066,-11.6044,69.9780,-2.2418,20.7011,9.6599,28.5302,-12.6826,67.6325,-3.9685,20.6018,9.6599,28.5302,-12.6826,67.6325,-3.9685,20.6018,0,150,-50,50,50,50,0
595,1786707735.2411,1786707735.2459,0.03343,12.2198,29.4945,-11.6923,69.9780,-2.6813,20.7672,9.8836,29.3117,-12.3955,68.0961,-3.5231,20.4468,9.8836,29.3117,-12.3955,68.0961,-3.5231,20.4468,0,0,0,0,-150,50,0
596,1786707735.2746,1786707735.2792,0.03342,12.1319,29.4945,-11.5165,69.6264,-2.6813,20.5688,9.3725,27.6275,-11.6548,67.7930,-3.9536,20.7874,9.3725,27.6275,-11.6548,67.7930,-3.9536,20.7874,0,0,50,-100,0,-50,0
597,1786707735.308,1786707735.3123,0.03339,12.1319,29.5824,-11.5165,69.6264,-2.6813,20.5688,9.3690,27.7676,-11.4872,68.5661,-4.3557,20.7297,9.3690,27.7676,-11.4872,68.5661,-4.3557,20.7297,0,0,0,0,0,-50,0
598,1786707735.3413,1786707735.3457,0.03335,12.1319,29.2308,-11.1648,69.5385,-2.6813,20.5688,10.0943,28.9865,-12.5262,68.8424,-4.7558,20.8848,10.0943,28.9865,-12.5262,68.8424,-4.7558,20.8848,0,-150,100,0,0,0,0
599,1786707735.3747,1786707735.3789,0.03339,12.1319,29.0549,-11.0769,69.5385,-2.8571,20.5688,8.4533,25.9138,-10.2447,69.6962,-3.3424,18.1175,8.4533,25.9138,-10.2447,69.6962,-3.3424,18.1175,0,-100,50,0,-100,0,0
600,1786707735.4081,1786707735.5232,0.03343,12.1319,29.2308,-11.0769,69.5385,-3.0330,20.5688,10.7409,32.0587,-14.7077,69.5339,-2.9032,21.9669,10.7409,32.0587,-14.7077,69.5339,-2.9032,21.9669,0,100,0,0,-50,0,1
601,1786707735.5243,1786707735.5295,0.11622,11.7802,28.1758,-10.1099,69.8022,-2.8571,18.6508,10.0663,31.1838,-18.3866,70.0242,-5.1832,21.1538,10.0663,31.1838,-18.3866,70.0242,-5.1832,21.1538,0,0,0,0,0,-50,1
602,1786707735.5576,1786707735.5625,0.0333,11.7802,28.1758,-10.1099,69.8022,-2.8571,18.5847,12.0584,29.9025,-19.6786,72.4192,-4.1630,21.1990,12.0584,29.9025,-19.6786,72.4192,-4.1630,21.1990,0,0,0,0,0,-50,0
603,1786707735.591,1786707735.5958,0.03337,11.7802,28.5275,-10.3736,69.9780,-3.1209,19.0476,11.4934,28.3470,-16.0923,72.7885,-4.7812,18.0601,11.4934,28.3470,-16.0923,72.7885,-4.7812,18.0601,0,0,-100,50,0,350,0
604,1786707735.6244,1786707735.6291,0.0334,12.0440,29.4945,-12.2198,70.8571,-3.3846,20.0397,11.8885,28.1739,-15.1336,71.0446,-5.5962,19.8766,11.8885,28.1739,-15.1336,71.0446,-5.5962,19.8766,50,400,-500,350,-150,450,0
605,1786707735.6578,1786707735.6627,0.03341,12.2198,29.6703,-13.8901,72.0000,-3.3846,20.2381,11.5393,30.3315,-18.0886,73.8597,-3.4838,20.3596,11.5393,30.3315,-18.0886,73.8597,-3.4838,20.3596,50,50,-600,450,0,100,0
606,1786707735.6912,1786707735.6957,0.03338,12.2198,29.7582,-14.3297,72.0879,-3.4725,19.9735,10.3505,28.4460,-15.1087,73.2303,-3.9730,20.4237,10.3505,28.4460,-15.1087,73.2303,-3.9730,20.4237,0,0,-100,0,0,-100,0
607,1786707735.7246,1786707735.7292,0.03341,12.2198,29.9341,-14.4176,72.0879,-3.3846,19.9735,9.6007,28.6017,-18.9813,74.8370,-4.1134,20.4799,9.6007,28.6017,-18.9813,74.8370,-4.1134,20.4799,0,0,0,0,0,0,0
608,1786707735.758,1786707735.7629,0.03338,12.0440,30.4615,-14.4176,72.8791,-3.0330,20.1720,10.5189,29.5758,-18.5898,74.6742,-4.2377,19.9429,10.5189,29.5758,-18.5898,74.6742,-4.2377,19.9429,-50,150,0,200,100,100,0
609,1786707735.7913,1786707735.796,0.03337,11.8681,30.3736,-14.0659,73.9341,-3.1209,20.1720,11.4974,28.6898,-14.3602,74.3148,-5.7854,19.2055,11.4974,28.6898,-14.3602,74.3148,-5.7854,19.2055,-50,-50,150,400,-50,-100,0
610,1786707735.8247,1786707735.8293,0.03337,11.8681,30.2857,-14.3297,74.1978,-3.2088,20.1720,11.3890,27.6848,-14.5044,73.4400,-5.9407,16.8343,11.3890,27.6848,-14.5044,73.4400,-5.9407,16.8343,0,-50,-50,50,-50,0,0
611,1786707735.8581,1786707735.8627,0.0334,11.9560,30.2857,-14.7692,74.1978,-3.5604,19.8413,11.1356,27.8364,-13.2449,73.2874,-6.1863,18.7282,11.1356,27.8364,-13.2449,73.2874,-6.1863,18.7282,0,0,-150,0,-150,-150,0
612,1786707735.8916,1786707735.896,0.03344,11.9560,30.2857,-14.5934,74.2857,-4.0000,18.9153,10.1112,30.0305,-14.4363,71.6068,-6.3448,19.8056,10.1112,30.0305,-14.4363,71.6068,-6.3448,19.8056,0,0,50,50,-100,-400,0
613,1786707735.9249,1786707735.9291,0.03334,11.9560,30.2857,-13.4505,74.2857,-4.3516,17.9894,10.8874,29.7262,-11.4642,69.8617,-6.3066,19.9866,10.8874,29.7262,-11.4642,69.8617,-6.3066,19.9866,0,0,350,0,-100,-550,0
614,1786707735.9583,1786707735.9627,0.0334,11.9560,30.2857,-13.1868,73.7582,-4.6154,17.8571,10.9504,29.0688,-12.9179,70.4569,-6.3204,19.7770,10.9504,29.0688,-12.9179,70.4569,-6.3204,19.7770,0,-50,100,-250,-100,-50,0
615,1786707735.9917,1786707735.9959,0.03339,11.9560,30.3736,-13.0110,72.7033,-4.7033,18.9153,10.2242,28.8334,-11.3100,70.5000,-6.1587,19.7071,10.2242,28.8334,-11.3100,70.5000,-6.1587,19.7071,0,0,50,-350,-50,500,0
616,1786707736.0251,1786707736.0297,0.0334,11.9560,30.1978,-12.5714,72.4396,-4.7033,19.1799,10.7954,29.6497,-11.7513,71.0083,-5.1758,20.3760,10.7954,29.6497,-11.7513,71.0083,-5.1758,20.3760,0,0,50,-100,0,50,0
617,1786707736.0585,1786707736.0631,0.03339,11.9560,30.0220,-12.2198,72.3516,-4.7033,19.2460,11.0331,30.5297,-12.2811,71.1942,-6.4431,20.3419,11.0331,30.5297,-12.2811,71.1942,-6.4431,20.3419,0,0,50,-50,0,50,0
618,1786707736.0919,1786707736.0967,0.03337,11.9560,30.0220,-11.6923,72.2637,-4.7033,19.6429,10.7751,30.3460,-13.0182,71.4089,-5.7060,20.2213,10.7751,30.3460,-13.0182,71.4089,-5.7060,20.2213,0,0,200,-50,0,200,0
619,1786707736.1252,1786707736.1298,0.03336,11.9560,30.1978,-11.7802,72.2637,-4.8791,19.8413,10.3835,29.5520,-12.8076,72.2455,-5.3034,19.8255,10.3835,29.5520,-12.8076,72.2455,-5.3034,19.8255,0,50,-50,0,-50,50,0
620,1786707736.1586,1786707736.1633,0.03338,11.9560,30.1978,-11.7802,72.2637,-4.9670,19.8413,11.1192,31.7766,-13.7211,72.5233,-5.5366,20.0628,11.1192,31.7766,-13.7211,72.5233,-5.5366,20.0628,0,0,0,0,-50,0,0
621,1786707736.192,1786707736.1967,0.0334,11.9560,30.1978,-11.7802,72.4396,-4.8791,19.7751,10.1964,29.4277,-16.3997,75.0251,-5.2686,15.4960,10.1964,29.4277,-16.3997,75.0251,-5.2686,15.4960,0,0,0,50,50,-50,0
622,1786707736.2254,1786707736.23,0.03338,11.9560,30.3736,-12.0440,72.7033,-4.8791,19.7751,10.8772,34.2208,-20.1835,77.5400,-7.4806,18.6145,10.8772,34.2208,-20.1835,77.5400,-7.4806,18.6145,0,100,-150,100,0,0,0
623,1786707736.2588,1786707736.263,0.03339,11.9560,31.0769,-13.0989,73.4066,-4.7912,19.5106,11.0422,32.2921,-19.1077,76.1440,-7.2323,19.5503,11.0422,32.2921,-19.1077,76.1440,-7.2323,19.5503,0,250,-250,300,0,-50,0
624,1786707736.2921,1786707736.2963,0.03337,11.9560,31.6923,-15.1209,75.2527,-5.0549,18.9815,12.0315,33.4056,-21.3991,78.6466,-6.2884,19.4378,12.0315,33.4056,-21.3991,78.6466,-6.2884,19.4378,0,200,-650,600,-100,-250,0
625,1786707736.3255,1786707736.3305,0.03341,11.9560,32.5714,-16.5275,76.5714,-5.4945,19.0476,11.3259,33.8443,-20.3918,76.4723,-5.9920,19.5782,11.3259,33.8443,-20.3918,76.4723,-5.9920,19.5782,0,200,-450,500,-250,50,0
626,1786707736.3589,1786707736.3637,0.03339,12.0440,33.0110,-17.5824,77.4505,-5.3187,19.1138,11.6784,32.7744,-19.9532,76.0728,-6.3498,17.6935,11.6784,32.7744,-19.9532,76.0728,-6.3498,17.6935,0,200,-350,300,50,50,0
627,1786707736.3924,1786707736.3971,0.03341,12.0440,33.3626,-17.8462,77.6264,-5.3187,19.2460,10.3292,31.5306,-19.3403,75.2781,-6.2295,10.4065,10.3292,31.5306,-19.3403,75.2781,-6.2295,10.4065,0,150,-100,150,0,50,0
628,1786707736.4257,1786707736.4301,0.03339,12.0440,33.2747,-17.8462,77.5385,-5.3187,19.0476,10.2077,32.6371,-20.0225,74.1002,-4.0146,2.2955,10.2077,32.6371,-20.0225,74.1002,-4.0146,8.8492,0,-50,0,0,0,-150,0
629,1786707736.4592,1786707736.4644,0.03345,11.8681,33.0110,-17.8462,77.1868,-5.3187,17.3942,9.1500,33.4605,-17.4001,72.0183,-6.8155,3.0163,9.1500,33.4605,-17.4001,72.0183,-6.8155,6.9974,0,-100,0,-150,0,-600,0
630,1786707736.4926,1786707736.4971,0.03336,11.7802,33.0989,-17.8462,76.6593,-4.8791,14.6164,9.6377,31.0513,-15.9642,72.3281,-7.6168,2.8961,9.6377,31.0513,-15.9642,72.3281,-7.6168,4.2857,-50,0,0,-100,150,-1200,0
631,1786707736.526,1786707736.531,0.0334,11.6923,33.3626,-17.6703,75.4286,-4.2637,11.9709,9.3836,34.3607,-19.6428,72.9163,-6.4752,4.4930,9.3836,34.3607,-19.6428,72.9163,-6.4752,4.4930,0,50,100,-400,300,-1250,0
632,1786707736.5593,1786707736.5642,0.0334,11.6923,32.9231,-16.5275,74.8132,-4.4396,9.3254,9.5960,34.5166,-15.0625,72.1559,-8.6618,5.3946,9.5960,34.5166,-15.0625,72.1559,-8.6618,5.3946,-50,-250,350,-200,0,-1100,0
633,1786707736.5927,1786707736.5974,0.03336,11.6923,32.3956,-16.0879,74.8132,-5.3187,7.2751,9.2719,35.7244,-19.6587,72.1553,-6.7038,6.0757,9.2719,35.7244,-19.6587,72.1553,-6.7038,6.0757,0,-250,150,0,-300,-1000,0
634,1786707736.6261,1786707736.6306,0.03338,11.6923,32.7473,-15.9121,74.5495,-5.8462,6.6138,8.4831,35.8541,-17.4060,72.7966,-7.7144,5.7978,8.4831,35.8541,-17.4060,72.7966,-7.7144,5.7978,0,100,50,-50,-200,-200,0
635,1786707736.6596,1786707736.6639,0.03349,11.6923,33.7143,-15.8242,74.4615,-5.8462,6.6799,8.9878,32.8453,-18.5471,71.8255,-5.1793,5.6023,8.9878,32.8453,-18.5471,71.8255,-5.1793,5.6023,0,400,100,-50,-50,50,0
636,1786707736.6929,1786707736.6975,0.03334,11.5165,34.4176,-15.9121,74.4615,-5.6703,6.4153,8.4531,34.1901,-16.8032,71.0074,-7.7217,4.5060,8.4531,34.1901,-16.8032,71.0074,-7.7217,4.5060,-50,350,-50,0,50,-100,0
637,1786707736.7262,1786707736.7309,0.03332,11.4286,34.4176,-16.0000,74.2857,-5.4066,5.9524,8.4944,34.9509,-18.0258,71.7681,-5.6942,3.4646,8.4944,34.9509,-18.0258,71.7681,-5.6942,3.4646,-50,0,-50,0,100,-200,0
638,1786707736.7596,1786707736.7646,0.03338,11.4286,33.9780,-16.0879,73.8462,-5.1429,5.4894,10.0054,35.4189,-16.6562,70.7898,-6.2543,3.3391,10.0054,35.4189,-16.6562,70.7898,-6.2543,3.3391,0,-200,-50,-150,150,-150,0
639,1786707736.793,1786707736.7978,0.03341,11.4286,33.9780,-16.0879,73.8462,-5.1429,4.5635,9.1374,32.6948,-17.3857,72.3334,-8.1376,2.7523,9.1374,32.6948,-17.3857,72.3334,-8.1376,2.7523,0,-50,0,0,0,-400,0
640,1786707736.8264,1786707736.831,0.03338,11.4286,34.4176,-16.0879,73.6703,-5.1429,4.1005,9.4969,35.4091,-17.8305,70.4443,-7.9148,3.0108,9.4969,35.4091,-17.8305,70.4443,-7.9148,3.0108,0,200,0,0,0,-200,0
641,1786707736.8598,1786707736.8646,0.03344,11.4286,34.3297,-16.0879,73.6703,-5.4066,3.6376,8.6020,33.7068,-17.8966,70.7569,-9.4164,3.0229,8.6020,33.7068,-17.8966,70.7569,-9.4164,3.0229,0,-50,0,0,-50,-200,0
642,1786707736.8932,1786707736.898,0.0334,11.4286,33.7143,-16.0879,73.6703,-5.6703,3.5053,9.0263,33.5357,-17.4994,70.6571,-8.9507,2.5666,9.0263,33.5357,-17.4994,70.6571,-8.9507,2.5666,0,-150,0,0,-100,-50,0
643,1786707736.9266,1786707736.931,0.03335,11.3407,33.7143,-16.0879,73.4945,-5.9341,3.5053,9.4071,30.5239,-13.5759,69.8127,-11.1386,2.3782,9.4071,30.5239,-13.5759,69.8127,-11.1386,2.3782,0,-50,0,0,-150,0,0
644,1786707736.96,1786707736.965,0.03342,11.2527,33.7143,-16.0879,73.4066,-6.4615,3.1085,10.0227,29.4975,-14.8892,70.3133,-11.3672,2.1423,10.0227,29.4975,-14.8892,70.3133,-11.3672,2.1423,0,0,0,-50,-200,-150,0
645,1786707736.9934,1786707736.998,0.03335,11.2527,33.0110,-15.5604,73.1429,-6.9011,2.8439,9.9243,29.2385,-15.4142,70.1631,-9.1253,2.4009,9.9243,29.2385,-15.4142,70.1631,-9.1253,2.4009,0,-350,100,-150,-200,-150,0
646,1786707737.0268,1786707737.0314,0.0334,11.2527,31.7802,-14.5055,72.9670,-7.7802,2.6455,8.4032,29.0150,-20.1627,74.6663,-12.0818,2.3737,8.4032,29.0150,-20.1627,74.6663,-12.0818,2.3737,0,-400,350,-50,-250,-100,0
647,1786707737.0602,1786707737.065,0.03342,11.2527,31.3407,-14.4176,72.9670,-7.8681,2.6455,9.3918,28.8027,-16.8800,71.9871,-10.4252,2.8097,9.3918,28.8027,-16.8800,71.9871,-10.4252,2.8097,0,-150,0,0,-50,0,0
648,1786707737.0936,1786707737.0982,0.03337,10.9890,31.1648,-14.4176,73.1429,-7.8681,2.6455,8.4754,28.3693,-20.0861,73.4741,-11.1836,2.7219,8.4754,28.3693,-20.0861,73.4741,-11.1836,2.7219,-50,-50,0,50,0,0,0
649,1786707737.1269,1786707737.1316,0.03336,10.9890,31.1648,-14.8571,73.6703,-8.2198,2.6455,9.3707,28.8687,-19.5935,73.8308,-10.7605,2.7027,9.3707,28.8687,-19.5935,73.8308,-10.7605,2.7027,0,0,-100,200,-150,0,0
650,1786707737.1603,1786707737.2745,0.03343,10.9011,31.1648,-15.2088,73.7582,-8.5714,2.6455,10.3412,31.7143,-26.1930,77.3332,-8.3920,1.7186,10.3412,31.7143,-25.6484,77.3332,-8.3920,1.7186,-50,0,-150,50,-150,0,1
651,1786707737.2757,1786707737.2804,0.11534,10.9011,31.1648,-15.6484,74.1099,-8.5714,2.6455,12.4954,31.5077,-28.9233,75.9354,-5.3645,2.0979,12.4954,31.5077,-25.6484,75.9354,-5.3645,2.0979,0,0,0,0,0,0,1
652,1786707737.3089,1786707737.3144,0.03323,10.9011,31.1648,-15.6484,74.1099,-8.5714,2.6455,12.4216,31.5247,-24.9262,74.7829,-6.2385,2.6063,12.4216,31.5247,-24.9262,74.7829,-6.2385,2.6063,0,0,0,0,0,0,0
653,1786707737.3423,1786707737.3472,0.03338,11.2527,31.5165,-16.5275,75.0769,-8.2198,2.5132,11.3985,30.7761,-28.8293,75.2803,-6.1208,2.2623,11.3985,30.7761,-26.7912,75.2803,-6.1208,2.2623,100,50,-350,250,0,-100,0
654,1786707737.3757,1786707737.3809,0.03339,11.8681,32.2198,-18.3736,75.6044,-6.8132,2.5794,13.1011,32.6193,-28.7466,76.6391,-5.2795,2.2929,13.1011,32.6193,-28.6374,76.6391,-5.2795,2.2929,200,250,-650,200,500,0,0
655,1786707737.4091,1786707737.4137,0.0334,11.8681,32.3077,-19.8681,75.6923,-6.3736,2.5132,11.7569,32.1980,-27.3446,75.0084,-7.7156,2.0478,11.7569,32.1980,-27.3446,75.0084,-7.7156,2.0478,0,50,-500,50,100,-50,0
656,1786707737.4425,1786707737.447,0.03338,11.7802,32.6593,-21.2747,76.3077,-5.7582,2.5132,11.6703,34.9131,-29.5975,75.8064,-5.4646,2.5525,11.6703,34.9131,-29.5975,75.8064,-5.4646,2.5525,0,50,-550,100,150,0,0
657,1786707737.4758,1786707737.4801,0.03337,11.8681,33.0989,-22.3297,76.5714,-5.6703,2.3810,11.9825,34.8819,-29.3683,76.7618,-7.1636,2.0018,11.9825,34.8819,-29.3683,76.7618,-7.1636,2.0018,0,150,-450,100,50,-50,0
658,1786707737.5092,1786707737.5146,0.0334,12.0440,33.4505,-23.0330,76.4835,-5.8462,2.4471,11.5830,33.0886,-30.8701,75.9786,-7.2714,2.7252,11.5830,33.0886,-30.8701,75.9786,-7.2714,2.7252,100,200,-200,0,-50,50,0
659,1786707737.5426,1786707737.547,0.03338,12.1319,34.6813,-24.4396,76.7473,-5.8462,2.3810,12.3217,32.9647,-27.5934,75.0140,-7.5912,2.6103,12.3217,32.9647,-27.5934,75.0140,-7.5912,2.6103,0,400,-550,100,0,-50,0
660,1786707737.576,1786707737.5803,0.0334,12.0440,35.1209,-25.4945,76.7473,-5.9341,2.4471,11.6132,33.5841,-28.9255,74.6317,-7.1707,2.1793,11.6132,33.5841,-28.9255,74.6317,-7.1707,2.1793,-50,150,-350,0,-50,0,0
661,1786707737.6094,1786707737.6139,0.03341,12.1319,35.1209,-26.0220,76.6593,-5.9341,2.5132,11.3150,35.4431,-28.1318,74.7753,-7.3045,2.3937,11.3150,35.4431,-28.1318,74.7753,-7.3045,2.3937,0,0,-200,-50,0,50,0
662,1786707737.6428,1786707737.6472,0.0334,12.0440,35.0330,-26.1099,76.3956,-5.9341,2.5132,10.4977,33.0814,-26.9233,75.7454,-6.6669,2.3091,10.4977,33.0814,-26.9233,75.7454,-6.6669,2.3091,-50,0,0,-100,0,0,0
663,1786707737.6762,1786707737.6805,0.03335,11.8681,35.2967,-26.1099,76.3077,-5.9341,2.5132,10.8177,34.8238,-30.2221,76.7317,-6.5396,2.2955,10.8177,34.8238,-30.2221,76.7317,-6.5396,2.2955,-50,0,0,0,0,0,0
664,1786707737.7096,1786707737.7139,0.03341,11.6923,35.5604,-26.1099,76.3956,-6.0220,2.5132,10.5739,35.1188,-29.3979,76.8745,-6.9136,2.3731,10.5739,35.1188,-29.3979,76.8745,-6.9136,2.3731,-50,100,0,0,-50,0,0
665,1786707737.743,1786707737.7473,0.03338,11.6923,35.6484,-26.1978,76.6593,-6.0220,2.5132,11.4933,36.0833,-31.5549,77.6015,-5.6197,2.6038,11.4933,36.0833,-31.5549,77.6015,-5.6197,2.6038,0,0,0,100,0,0,0
666,1786707737.7763,1786707737.7811,0.03338,11.6923,35.6484,-26.8132,76.8352,-6.0220,2.5132,12.0659,38.1139,-31.7042,77.2800,-5.4476,2.5269,12.0659,38.1139,-31.7042,77.2800,-5.4476,2.5269,0,0,-200,100,0,0,0
667,1786707737.8097,1786707737.8143,0.03341,11.6923,36.0879,-27.6044,77.1868,-5.7582,2.5132,12.4598,32.8438,-32.2836,77.1634,-4.9906,2.2675,12.4598,32.8438,-32.2836,77.1634,-4.9906,2.2675,0,150,-200,100,50,0,0
668,1786707737.8431,1786707737.8474,0.03337,11.9560,37.2308,-28.4835,77.1868,-5.4945,2.5132,10.9475,35.9233,-29.3665,77.7225,-5.2589,2.6486,10.9475,35.9233,-29.3665,77.7225,-5.2589,2.6486,100,400,-300,0,50,0,0
669,1786707737.8765,1786707737.8809,0.03343,12.1319,37.9341,-28.9231,77.2747,-5.2308,2.5132,10.6500,35.2197,-30.6259,78.0781,-5.1709,3.4033,10.6500,35.2197,-30.6259,78.0781,-5.1709,3.4033,100,350,-100,0,100,0,0
670,1786707737.9099,1786707737.9141,0.03337,12.1319,37.9341,-28.9231,77.5385,-5.2308,2.5794,10.6407,35.5523,-31.2794,78.1216,-5.8071,2.4878,10.6407,35.5523,-31.2794,78.1216,-5.8071,2.4878,0,0,0,150,0,0,0
671,1786707737.9433,1786707737.9488,0.03338,11.9560,37.7582,-28.7473,77.8901,-5.2308,2.7778,10.5334,34.3915,-30.6799,79.9507,-5.5471,2.4532,10.5334,34.3915,-30.6799,79.9507,-5.5471,2.4532,-100,-50,100,100,0,100,0
672,1786707737.9767,1786707737.9809,0.03339,11.8681,37.6703,-29.0110,77.9780,-5.2308,2.7116,11.2298,36.3685,-33.0739,79.3740,-7.3402,2.5583,11.2298,36.3685,-33.0739,79.3740,-7.3402,2.5583,-50,-50,-150,0,0,-50,0
673,1786707738.0101,1786707738.0146,0.03339,11.8681,37.5824,-29.0989,78.5055,-5.2308,2.6455,12.5620,36.2773,-35.1910,79.4827,-5.0147,2.6582,12.5620,36.2773,-35.1910,79.4827,-5.0147,2.6582,0,0,-50,200,0,-50,0
674,1786707738.0435,1786707738.0478,0.03339,11.8681,37.5824,-29.1868,79.1209,-5.5824,2.5794,11.7254,37.0101,-37.5193,83.8588,-6.9291,2.8747,11.7254,37.0101,-37.5193,83.8588,-6.9291,2.8747,0,0,0,100,-200,-50,0
675,1786707738.0768,1786707738.0811,0.03333,11.9560,37.5824,-30.3297,79.2088,-5.9341,2.5794,11.5987,32.8572,-37.3839,86.8160,-6.6192,2.6816,11.5987,32.8572,-37.3839,86.8160,-6.6192,2.6816,50,0,-450,0,-150,0,0
676,1786707738.1102,1786707738.1149,0.03342,11.9560,37.7582,-32.0000,80.2637,-5.9341,2.5794,11.8082,38.0111,-41.7496,86.0247,-6.2340,2.7812,11.8082,38.0111,-41.7496,86.0247,-6.2340,2.7812,0,100,-650,300,0,0,0
677,1786707738.1436,1786707738.1484,0.0334,11.9560,37.7582,-33.2308,82.4615,-6.0220,2.5794,11.9577,38.4159,-35.8878,80.9579,-6.0538,2.6257,11.9577,38.4159,-35.8878,80.9579,-6.0538,2.6257,0,0,-400,750,-50,0,0
678,1786707738.177,1786707738.1815,0.0334,12.0440,37.4945,-34.3736,84.4835,-6.0220,2.5794,12.0974,40.4948,-36.9446,80.2638,-6.3472,8.3911,12.0974,40.4948,-36.9446,80.2638,-6.3472,8.3911,50,-50,-400,800,0,0,0
679,1786707738.2105,1786707738.215,0.03344,12.0440,37.5824,-35.5165,85.0110,-6.0220,2.5794,12.5039,40.3067,-32.4609,77.5010,-5.3316,12.6001,12.5039,40.3067,-32.4609,77.5010,-5.3316,12.5794,0,0,-550,250,0,0,0
680,1786707738.2438,1786707738.2488,0.03333,12.1319,38.7253,-35.6923,83.9560,-6.0220,2.9762,13.4569,37.3478,-37.1267,81.3083,-4.0266,12.9785,13.4569,37.3478,-37.1267,81.3083,-4.0266,12.9785,0,400,-50,-350,0,100,0
681,1786707738.2772,1786707738.2819,0.03345,12.2198,39.7802,-34.6374,81.6703,-5.8462,4.6296,12.0957,36.1732,-34.8442,80.1463,-7.4159,14.5415,12.0957,36.1732,-34.8442,80.1463,-7.4159,14.5415,0,300,450,-700,0,850,0
682,1786707738.3106,1786707738.3153,0.03334,12.8352,39.9560,-33.0549,80.0879,-4.9670,7.3413,12.8712,41.5518,-36.5288,79.8599,-6.5387,15.8818,12.8712,41.5518,-36.5288,79.8599,-6.5387,15.8818,200,100,550,-650,300,1200,0
683,1786707738.347,1786707738.3544,0.03645,12.8352,39.7802,-32.7912,79.9121,-4.8791,9.9868,12.8382,41.9511,-37.9510,80.5691,-4.4198,16.5164,12.8382,41.9511,-37.9510,80.5691,-4.4198,16.5164,0,-50,100,0,0,1200,0
684,1786707738.3774,1786707738.3826,0.03035,12.7473,39.6044,-33.4066,80.4396,-5.4066,12.1693,13.5065,36.9626,-35.1360,81.4816,-5.4049,15.9679,13.5065,36.9626,-35.1360,81.4816,-5.4049,15.9679,0,-50,-250,150,-150,950,0
685,1786707738.4108,1786707738.4155,0.0334,12.5714,39.8681,-34.7253,80.5275,-5.2308,13.8228,11.5451,37.1526,-35.5011,82.0148,-6.3130,14.9192,11.5451,37.1526,-35.5011,82.0148,-6.3130,14.9192,-100,0,-450,0,0,800,0
686,1786707738.4442,1786707738.4497,0.0334,12.7473,41.0110,-35.2527,80.9670,-4.8791,14.4180,12.6391,39.9805,-38.0528,82.6422,-5.1938,13.9014,12.6391,39.9805,-38.0528,82.6422,-5.1938,13.9014,100,350,-250,100,100,300,0
687,1786707738.4775,1786707738.4823,0.03336,13.0110,41.4505,-34.7253,81.4945,-5.1429,14.3519,12.9126,39.2827,-36.3567,81.9798,-5.4941,14.3935,12.9126,39.2827,-36.3567,81.9798,-5.4941,14.3935,150,100,250,150,0,-50,0
688,1786707738.511,1786707738.5154,0.03343,12.8352,41.5385,-34.6374,81.9341,-5.4066,14.0212,11.5861,37.4629,-32.8000,81.2658,-6.0746,14.0659,11.5861,37.4629,-32.8000,81.2658,-6.0746,14.0659,-50,50,100,200,-100,-250,0
689,1786707738.5444,1786707738.5492,0.03337,12.8352,41.3626,-34.9011,81.9341,-5.2308,14.1534,11.1780,39.3697,-34.9302,81.4377,-5.8512,14.4373,11.1780,39.3697,-34.9302,81.4377,-5.8512,14.4373,0,0,-100,0,50,0,0
690,1786707738.5777,1786707738.5824,0.03335,12.6593,40.6593,-34.3736,81.9341,-5.2308,14.1534,12.0896,39.4453,-34.6422,81.9525,-6.0898,15.2154,12.0896,39.4453,-34.6422,81.9525,-6.0898,15.2154,0,-250,200,0,0,0,0
691,1786707738.6111,1786707738.6156,0.03338,12.4835,40.3956,-33.4945,81.9341,-5.2308,14.1534,11.3852,39.1956,-34.0940,80.6883,-7.0508,15.2825,11.3852,39.1956,-34.0940,80.6883,-7.0508,15.2825,-50,-50,250,0,0,-50,0
692,1786707738.6446,1786707738.6497,0.03349,12.4835,40.6593,-33.4945,81.9341,-5.2308,14.4841,10.1035,38.8188,-33.8230,80.9624,-6.4742,15.2117,10.1035,38.8188,-33.8230,80.9624,-6.4742,15.2117,0,50,50,0,0,100,0
693,1786707738.6779,1786707738.6827,0.03333,12.3956,40.6593,-33.5824,81.6703,-5.6703,14.8148,11.2368,39.3289,-32.0149,79.7248,-7.5083,16.7719,11.2368,39.3289,-32.0149,79.7248,-7.5083,16.7719,0,0,0,-100,-150,100,0
694,1786707738.7113,1786707738.7159,0.03336,12.1319,40.6593,-33.3187,81.4945,-5.7582,14.8148,11.1904,38.6721,-31.6906,80.1006,-7.3210,17.5028,11.1904,38.6721,-31.6906,80.1006,-7.3210,17.5028,-100,0,100,-150,-50,0,0
695,1786707738.7447,1786707738.7495,0.03343,12.0440,40.5714,-32.7033,81.0549,-6.1978,15.4101,11.2918,39.0110,-32.6735,79.3114,-7.1076,17.7775,11.2918,39.0110,-32.6735,79.3114,-7.1076,17.7775,0,0,100,-150,-100,200,0
696,1786707738.778,1786707738.7828,0.03334,12.1319,40.5714,-32.0000,80.8791,-6.2857,16.3360,11.7630,38.8547,-32.0695,78.7436,-7.3053,17.3260,11.7630,38.8547,-32.0695,78.7436,-7.3053,17.3260,0,0,250,0,0,450,0
697,1786707738.8114,1786707738.816,0.03339,12.1319,40.5714,-32.0000,80.4396,-6.2857,16.7989,10.8862,38.6881,-32.8963,79.6792,-7.1791,17.7525,10.8862,38.6881,-32.8963,79.6792,-7.1791,17.7525,0,0,0,-100,0,150,0
698,1786707738.8448,1786707738.8498,0.03341,12.1319,40.5714,-31.9121,80.0000,-6.3736,16.7989,11.3344,38.2958,-30.9121,78.9911,-6.0510,16.8447,11.3344,38.2958,-30.9121,78.9911,-6.0510,16.8447,0,0,0,-150,-50,0,0
699,1786707738.8782,1786707738.8827,0.03341,12.1319,40.5714,-31.9121,80.0000,-6.4615,17.0635,11.0823,35.7434,-29.8001,79.7372,-5.5302,17.5330,11.0823,35.7434,-29.8001,79.7372,-5.5302,17.5330,0,0,0,0,-50,150,0
700,1786707738.9116,1786707739.0231,0.03337,12.1319,40.5714,-31.7363,79.8242,-6.1978,16.9312,9.1817,41.0714,-37.2292,82.6851,-7.1248,18.2963,9.1817,41.0714,-37.2292,82.6851,-7.1248,18.2963,0,0,100,0,50,-100,1
701,1786707739.0242,1786707739.0297,0.11262,12.0440,38.9890,-29.9780,80.0000,-5.7582,17.3280,11.9526,41.1598,-37.8365,85.2112,-8.3894,18.1938,11.9526,41.1598,-37.8365,85.2112,-8.3894,18.1938,0,-50,0,0,0,50,1
702,1786707739.0576,1786707739.0622,0.03332,12.0440,38.9890,-29.8901,80.0000,-5.7582,17.3280,13.1615,41.0927,-37.9958,83.6366,-8.0021,19.4370,13.1615,41.0927,-37.9958,83.6366,-8.0021,19.4370,0,0,50,0,0,0,0
703,1786707739.0909,1786707739.0956,0.03338,12.1319,39.3407,-30.2418,80.7912,-6.2857,17.6587,13.6305,41.3794,-38.3992,85.0717,-7.5110,19.3793,13.6305,41.3794,-38.3992,85.0717,-7.5110,19.3793,0,150,-150,50,-100,150,0
704,1786707739.1244,1786707739.129,0.03342,12.3956,40.5714,-32.2637,82.2857,-6.9890,18.2540,12.7238,41.0071,-38.5382,84.8514,-7.4254,19.5503,12.7238,41.0071,-38.5382,84.8514,-7.4254,19.5503,100,450,-600,550,-250,250,0
705,1786707739.1577,1786707739.1621,0.03339,12.6593,41.4505,-34.1978,83.4286,-6.9011,18.7169,13.4735,39.9249,-36.3960,84.4846,-8.0909,19.3768,13.4735,39.9249,-36.3960,84.4846,-8.0909,19.3768,150,400,-700,350,50,200,0
706,1786707739.1911,1786707739.196,0.0334,12.6593,41.4505,-34.9011,83.9560,-6.9011,18.9153,13.5962,40.7772,-36.3359,84.7986,-7.7845,19.3495,13.5962,40.7772,-36.3359,84.7986,-7.7845,19.3495,0,0,-200,100,0,100,0
707,1786707739.2245,1786707739.2293,0.03341,12.6593,41.3626,-34.9890,84.1319,-6.9011,18.9815,12.6432,38.9155,-38.3767,86.3837,-9.2018,19.4898,12.6432,38.9155,-38.3767,86.3837,-9.2018,19.4898,-50,-50,-50,0,0,50,0
708,1786707739.2579,1786707739.2626,0.03337,12.8352,41.3626,-34.9890,84.4835,-6.9011,18.9815,13.5523,39.3502,-37.2427,85.8421,-8.9895,19.7228,13.5523,39.3502,-37.2427,85.8421,-8.9895,19.7228,50,0,0,100,0,0,0
709,1786707739.2913,1786707739.2963,0.03337,12.8352,41.4505,-35.1648,85.1868,-7.4286,19.0476,13.7640,40.2150,-36.8490,85.1773,-9.0428,20.0114,13.7640,40.2150,-36.8490,85.1773,-9.0428,20.0114,0,50,-50,300,-150,50,0
710,1786707739.3247,1786707739.3294,0.03338,12.7473,41.4505,-35.5165,85.5385,-7.7802,19.3122,14.2928,40.3189,-37.8067,85.1606,-8.7142,19.8410,14.2928,40.3189,-37.8067,85.1606,-8.7142,19.8410,-50,0,-250,200,-150,100,0
711,1786707739.358,1786707739.3628,0.03336,12.9231,41.3626,-35.6044,85.5385,-7.7802,19.5106,14.0348,40.0474,-37.0659,85.1478,-9.0035,19.9662,14.0348,40.0474,-37.0659,85.1478,-9.0035,19.9662,50,0,0,0,0,100,0
712,1786707739.3914,1786707739.3961,0.03338,13.0110,41.3626,-35.6923,85.5385,-7.7802,19.5106,12.5295,40.9948,-38.8799,85.7491,-9.0583,19.9300,12.5295,40.9948,-38.8799,85.7491,-9.0583,19.9300,0,0,-50,0,0,0,0
713,1786707739.4248,1786707739.4295,0.03338,13.0989,41.4505,-35.6923,85.5385,-7.7802,19.5106,12.0669,41.0837,-39.6605,85.3200,-10.0931,20.2149,12.0669,41.0837,-39.6605,85.3200,-10.0931,20.2149,50,50,0,0,0,0,0
714,1786707739.4582,1786707739.4632,0.03342,13.0110,41.5385,-35.6923,85.7143,-7.8681,19.5106,13.3978,42.1213,-41.8835,86.3029,-8.9709,20.3871,13.3978,42.1213,-41.8835,86.3029,-8.9709,20.3871,-50,50,0,50,0,0,0
715,1786707739.4916,1786707739.4965,0.03341,12.7473,41.7143,-36.6593,85.7143,-8.3077,19.7090,12.9721,42.3151,-38.4861,82.9861,-8.4338,19.7950,12.9721,42.3151,-38.4861,82.9861,-8.4338,19.7950,-50,100,-350,0,-150,150,0
716,1786707739.525,1786707739.5293,0.03338,12.6593,42.3297,-37.8901,86.0659,-8.3956,19.9074,12.3058,40.4518,-36.7611,82.7857,-8.3569,19.8983,12.3058,40.4518,-36.7611,82.7857,-8.3569,19.8983,-50,200,-400,100,-50,100,0
717,1786707739.5583,1786707739.563,0.03334,12.7473,42.5934,-38.3297,85.8901,-8.1319,19.8413,12.1857,42.1842,-39.9161,83.5725,-8.3023,20.2141,12.1857,42.1842,-39.9161,83.5725,-8.3023,20.2141,0,50,-250,0,50,-50,0
718,1786707739.5917,1786707739.5964,0.03337,12.7473,42.5934,-37.8022,84.9231,-8.1319,19.7751,11.9118,44.5086,-41.9646,84.0108,-9.5506,20.4479,11.9118,44.5086,-41.9646,84.0108,-9.5506,20.4479,0,0,200,-350,0,-50,0
719,1786707739.6251,1786707739.6297,0.0334,12.6593,42.5934,-36.7473,84.5714,-8.1319,19.9074,10.1329,43.3933,-41.8729,83.5504,-10.2713,20.2481,10.1329,43.3933,-41.8729,83.5504,-10.2713,20.2481,0,0,400,-200,0,0,0
720,1786707739.6585,1786707739.6633,0.03344,12.6593,43.2088,-36.6593,84.6593,-8.4835,20.0397,10.8349,43.4624,-41.2492,84.5095,-10.4614,19.7055,10.8349,43.4624,-41.2492,84.5095,-10.4614,19.7055,0,300,100,50,-150,100,0
721,1786707739.6919,1786707739.6969,0.03333,12.2198,44.1758,-37.8022,84.5714,-9.0110,20.0397,10.7119,42.9901,-39.8260,83.2744,-10.3690,17.4504,10.7119,42.9901,-39.8260,83.2744,-10.3690,17.4504,-200,400,-400,-50,-200,0,0
722,1786707739.7253,1786707739.7303,0.03344,11.8681,44.3516,-38.7692,84.7473,-9.1868,19.9074,10.2910,43.8003,-41.0243,83.6495,-8.5656,19.8196,10.2910,43.8003,-41.0243,83.6495,-8.5656,19.8196,-150,50,-300,0,-100,0,0
723,1786707739.7587,1786707739.7636,0.03337,11.8681,44.2637,-39.0330,84.6593,-9.1868,19.3783,10.3588,45.2090,-40.8638,83.1167,-8.1798,19.5487,10.3588,45.2090,-40.8638,83.1167,-8.1798,19.5487,0,-50,-100,0,0,-200,0
724,1786707739.7921,1786707739.797,0.0334,11.7802,44.2637,-39.0330,84.4835,-8.9231,18.5847,12.2571,44.4747,-42.0852,83.8215,-7.2561,17.1219,12.2571,44.4747,-42.0852,83.8215,-7.2561,17.1219,-50,0,0,-50,0,-350,0
725,1786707739.8256,1786707739.83,0.03347,11.7802,44.9670,-39.2088,84.3956,-8.3956,18.7169,11.4429,44.5988,-39.4511,81.8946,-8.9080,18.8527,11.4429,44.5988,-39.4511,81.8946,-8.9080,18.8527,0,200,-100,-50,200,150,0
726,1786707739.8588,1786707739.8632,0.03327,11.9560,45.3187,-39.6484,84.3956,-7.8681,19.2460,11.8347,44.4301,-39.3310,81.9823,-8.7815,18.9903,11.8347,44.4301,-39.3310,81.9823,-8.7815,18.9903,50,100,-100,0,200,300,0
727,1786707739.8922,1786707739.8969,0.03341,12.1319,45.3187,-39.8242,84.0440,-7.8681,18.9815,11.2142,44.6351,-39.8669,81.8049,-7.6767,19.2340,11.2142,44.6351,-39.8669,81.8049,-7.6767,19.2340,50,0,-50,-150,0,-100,0
728,1786707739.9256,1786707739.9306,0.03338,12.1319,45.3187,-39.2088,83.3407,-7.9560,18.9815,11.2565,44.1668,-39.9658,81.9442,-7.1828,19.0320,11.2565,44.1668,-39.9658,81.9442,-7.1828,19.0320,0,0,250,-200,-50,0,0
729,1786707739.959,1786707739.9639,0.03339,12.1319,45.3187,-39.1209,83.1648,-7.6923,19.0476,12.3251,44.7560,-40.5636,82.4667,-8.6040,19.2629,12.3251,44.7560,-40.5636,82.4667,-8.6040,19.2629,0,0,50,-50,100,100,0
730,1786707739.9924,1786707739.9971,0.03337,12.1319,45.3187,-39.1209,83.0769,-7.4286,19.0476,12.2694,42.6203,-37.6611,82.4285,-8.9687,19.3045,12.2694,42.6203,-37.6611,82.4285,-8.9687,19.3045,0,0,0,-50,50,50,0
731,1786707740.0257,1786707740.0304,0.03337,12.2198,45.3187,-39.1209,83.0769,-7.6044,19.0476,12.4266,43.5989,-37.8424,81.3670,-10.3999,19.0808,12.4266,43.5989,-37.8424,81.3670,-10.3999,19.0808,0,0,0,0,-50,0,0
732,1786707740.0592,1786707740.0638,0.03341,12.3077,45.2308,-38.7692,83.0769,-7.9560,19.0476,12.6591,44.4906,-38.8973,80.9266,-10.0867,18.7707,12.6591,44.4906,-38.8973,80.9266,-10.0867,18.7707,0,-50,0,0,-100,0,0
733,1786707740.0925,1786707740.0972,0.03337,12.3077,44.8791,-38.1538,82.7253,-8.4835,18.9815,11.9006,43.6958,-40.3466,82.4452,-9.8119,19.1150,11.9006,43.6958,-40.3466,82.4452,-9.8119,19.1150,0,-100,300,-100,-250,0,0
734,1786707740.126,1786707740.1309,0.03342,12.3077,45.0549,-38.0659,82.3736,-8.7473,18.9815,13.1521,45.4770,-39.9616,81.9375,-9.7818,19.0357,13.1521,45.4770,-39.9616,81.9375,-9.7818,19.0357,0,0,0,-100,-150,0,0
735,1786707740.1593,1786707740.1642,0.03337,12.3077,45.0549,-38.5934,82.6374,-8.7473,18.9815,11.7912,42.1256,-37.7869,82.7865,-9.7319,18.9597,11.7912,42.1256,-37.7869,82.7865,-9.7319,18.9597,0,0,-150,50,0,0,0
736,1786707740.1927,1786707740.1974,0.03337,12.3077,45.0549,-38.5934,82.7253,-8.8352,18.9815,12.6876,44.1885,-39.1468,83.5660,-9.9976,19.2405,12.6876,44.1885,-39.1468,83.5660,-9.9976,19.2405,0,0,0,50,0,0,0
737,1786707740.2261,1786707740.2307,0.03337,12.3956,45.0549,-38.3297,82.7253,-8.8352,18.9815,11.3620,44.4410,-40.9502,84.6340,-11.0125,17.8606,11.3620,44.4410,-40.9502,84.6340,-11.0125,17.8606,50,0,100,0,0,0,0
738,1786707740.2595,1786707740.2641,0.03342,12.3956,45.0549,-37.8901,83.2527,-8.9231,18.9815,12.3357,46.4763,-44.8889,85.8246,-9.7309,17.4757,12.3357,46.4763,-44.8889,85.8246,-9.7309,17.4757,0,0,200,150,-50,0,0
739,1786707740.2929,1786707740.2975,0.03336,12.3956,45.0549,-38.5055,83.8681,-9.3626,18.7831,10.8593,45.0987,-44.9251,87.2746,-7.8171,10.6269,10.8593,45.0987,-44.9251,87.2746,-7.8171,10.6269,0,0,-150,250,-150,-50,0
740,1786707740.3262,1786707740.3309,0.03336,12.1319,45.7582,-40.1758,84.8352,-9.3626,18.1217,11.7089,45.6180,-42.4620,85.1906,-9.8544,10.7532,11.7089,45.6180,-42.4620,85.1906,-9.8544,10.7532,-50,300,-650,300,-50,-250,0
741,1786707740.3596,1786707740.3643,0.03338,12.1319,46.3736,-41.6703,85.8901,-8.5714,17.3942,10.1136,45.5807,-43.8695,86.6083,-9.8572,7.1017,10.1136,45.5807,-43.8695,86.6083,-9.8572,7.1958,0,300,-550,350,300,-200,0
742,1786707740.393,1786707740.3979,0.03342,12.0440,46.4615,-41.8462,86.1538,-8.3956,15.6085,9.7531,46.8955,-44.1703,86.4584,-9.5785,3.8526,9.7531,46.8955,-44.1703,86.4584,-9.5785,5.2116,0,0,-100,150,0,-750,0
743,1786707740.4264,1786707740.4313,0.03339,11.8681,46.4615,-41.9341,86.2418,-8.8352,12.8307,10.7032,45.7831,-41.9484,85.4568,-9.3400,2.2220,10.7032,45.7831,-41.9484,85.4568,-9.3400,2.5000,-50,0,0,0,-150,-1250,0
744,1786707740.4599,1786707740.465,0.03346,11.6044,46.8132,-42.2857,86.3297,-8.9231,10.1190,10.3411,45.1323,-41.8823,84.1063,-8.5104,2.1726,10.3411,45.1323,-41.8823,84.1063,-8.5104,2.1726,-100,50,-100,50,-50,-1250,0
745,1786707740.4932,1786707740.4976,0.03333,11.6044,46.9890,-42.1099,86.0659,-8.9231,7.4074,9.5334,47.0964,-42.3099,83.4778,-9.9529,2.8316,9.5334,47.0964,-42.3099,83.4778,-9.9529,2.8316,0,50,0,-50,0,-1200,0
746,1786707740.5266,1786707740.531,0.0334,11.6044,46.8132,-41.7582,85.4505,-8.8352,5.2910,9.8355,45.9815,-41.7422,83.0472,-10.1725,3.0778,9.8355,45.9815,-41.7422,83.0472,-10.1725,3.0778,0,-50,100,-200,0,-900,0
747,1786707740.56,1786707740.5651,0.03343,11.5165,47.0769,-41.7582,84.9231,-9.0110,4.4312,9.7357,47.2819,-43.3161,83.8713,-9.9442,3.3248,9.7357,47.2819,-43.3161,83.8713,-9.9442,3.3248,0,0,0,-150,-50,-550,0
748,1786707740.5934,1786707740.598,0.03334,11.5165,47.2527,-41.5824,84.6593,-9.1868,4.2328,10.2180,47.9148,-43.2846,84.1393,-9.9877,3.6576,10.2180,47.9148,-43.2846,84.1393,-9.9877,3.6576,0,100,50,-150,-50,-100,0
749,1786707740.6267,1786707740.6315,0.03337,11.5165,47.2527,-41.8462,84.6593,-9.1868,3.9683,9.7256,45.9727,-41.2847,83.5051,-10.4438,3.4466,9.7256,45.9727,-41.2847,83.5051,-10.4438,3.4466,0,0,-100,0,0,-100,0
750,1786707740.6601,1786707740.772,0.03339,11.5165,47.5165,-42.1099,84.6593,-9.2747,3.9683,10.2622,50.0338,-52.9168,87.7110,-11.1270,2.3137,10.2622,50.0338,-51.3187,87.7110,-11.1270,2.3137,0,100,-50,0,0,-50,1
751,1786707740.7732,1786707740.778,0.11305,11.4286,47.0769,-41.3187,84.3956,-9.3626,3.7037,12.8158,47.7739,-54.2405,88.9397,-12.8859,0.9011,12.8158,47.7739,-51.3187,88.9397,-12.8859,0.9011,0,0,0,0,0,-50,1
752,1786707740.8065,1786707740.8116,0.03332,11.4286,47.0769,-41.3187,84.3956,-9.4505,3.6376,10.8186,45.8400,-52.5185,88.6943,-11.9611,1.6898,10.8186,45.8400,-51.3187,88.6943,-11.9611,1.6898,0,0,0,0,0,-50,0
753,1786707740.8398,1786707740.8447,0.03331,11.6923,47.4286,-42.0220,85.0989,-10.2418,2.9101,12.3369,48.6786,-55.5162,92.7921,-10.5134,1.7218,12.3369,48.6786,-52.1978,92.7921,-10.5134,1.7218,0,200,-350,300,-300,-200,0
754,1786707740.8732,1786707740.8778,0.03342,11.8681,47.7802,-44.0440,86.9451,-10.9451,2.0503,10.4445,49.0582,-57.5798,93.4130,-12.1080,1.7333,10.4445,49.0582,-54.3956,93.4130,-12.1080,1.7333,100,150,-650,550,-200,-450,0
755,1786707740.9066,1786707740.9116,0.03335,11.8681,48.2198,-46.5055,88.9670,-10.5934,1.9841,12.0513,48.4952,-61.0784,92.7633,-11.7427,1.7603,12.0513,48.4952,-56.7692,92.7633,-11.7427,1.7603,0,150,-800,700,50,0,0
756,1786707740.94,1786707740.9448,0.03339,11.8681,49.0110,-48.7912,90.9890,-10.4176,2.0503,11.8154,48.8361,-56.4840,90.5142,-10.3623,1.8219,11.8154,48.8361,-56.4840,90.5142,-10.3623,1.8219,0,300,-750,650,100,0,0
757,1786707740.9734,1786707740.9781,0.03338,11.5165,49.2747,-50.9890,91.6044,-10.6813,2.0503,11.9932,47.2432,-57.3517,91.8812,-11.9109,1.8075,11.9932,47.2432,-57.3517,91.8812,-11.9109,1.8075,-150,100,-750,400,-150,0,0
758,1786707741.0069,1786707741.0115,0.03349,11.4286,49.3626,-52.3077,91.2527,-10.5055,2.0503,10.1154,49.8286,-60.2691,90.7429,-11.1737,2.7460,10.1154,49.8286,-60.2691,90.7429,-11.1737,2.7460,-50,50,-450,-100,0,0,0
759,1786707741.0402,1786707741.0446,0.03337,11.5165,49.3626,-53.3626,91.0769,-10.5055,2.0503,11.2288,52.2099,-63.3484,92.8233,-10.2772,2.0376,11.2288,52.2099,-63.3484,92.8233,-10.2772,2.0376,50,0,-450,-50,0,0,0
760,1786707741.0736,1786707741.0778,0.03335,11.5165,49.2747,-55.2088,91.0769,-10.5934,2.2487,9.8920,48.6006,-60.6582,91.8952,-12.0507,2.5780,9.8920,48.6006,-60.6582,91.8952,-12.0507,2.5780,0,-50,-550,0,0,50,0
761,1786707741.1069,1786707741.1113,0.03338,11.3407,50.2418,-57.6703,91.1648,-10.5934,2.3148,12.3269,49.3109,-63.6643,91.7862,-8.9807,2.7088,12.3269,49.3109,-63.6643,91.7862,-8.9807,2.7088,-50,300,-900,0,50,0,0
762,1786707741.1404,1786707741.1452,0.03344,11.0769,51.5604,-59.6923,92.0440,-10.8571,2.1825,12.4298,50.0253,-62.8941,92.2601,-10.9459,4.5308,12.4298,50.0253,-62.8941,92.2601,-10.9459,4.5308,-100,450,-650,350,0,0,0
763,1786707741.1737,1786707741.1785,0.03335,10.9890,52.0000,-60.4835,91.6923,-11.2967,2.4471,11.9682,49.6528,-61.8265,90.2592,-10.4623,2.7601,11.9682,49.6528,-61.8265,90.2592,-10.4623,2.7601,-50,250,-350,-200,-100,100,0
764,1786707741.2072,1786707741.2122,0.03344,11.4286,52.0000,-60.5714,92.0440,-11.1209,2.9101,12.3540,51.7018,-63.4872,91.4208,-10.1295,2.2310,12.3540,51.7018,-63.4872,91.4208,-10.1295,2.2310,150,0,0,150,100,250,0
765,1786707741.2405,1786707741.2454,0.03336,11.7802,52.0000,-60.6593,91.6044,-10.7692,3.6376,12.6588,50.5496,-61.5900,90.6861,-9.3471,2.7402,12.6588,50.5496,-61.5900,90.6861,-9.3471,2.7402,100,0,-50,-200,100,400,0
766,1786707741.2739,1786707741.2787,0.03336,12.0440,52.0879,-60.9231,91.1648,-10.5934,3.3730,12.4213,48.6304,-60.6888,90.6779,-10.2315,1.9463,12.4213,48.6304,-60.6888,90.6779,-10.2315,1.9463,100,100,0,-50,50,0,0
767,1786707741.3073,1786707741.3118,0.03344,12.3077,52.4396,-61.3626,91.1648,-10.1538,2.8439,13.0458,50.2532,-58.0827,91.7516,-9.6056,2.5519,13.0458,50.2532,-58.0827,91.7516,-9.6056,2.5519,100,200,-150,0,150,-250,0
768,1786707741.3407,1786707741.3454,0.03335,12.3077,52.3516,-60.7473,91.1648,-10.1538,2.5794,13.2270,50.3135,-62.2830,91.9682,-10.5175,2.5223,13.2270,50.3135,-62.2830,91.9682,-10.5175,2.5223,0,0,250,0,0,-100,0
769,1786707741.3741,1786707741.3784,0.03337,12.4835,51.8242,-59.5165,91.4286,-10.3297,2.6455,12.8421,48.1037,-58.1830,91.2651,-10.5449,2.4980,12.8421,48.1037,-58.1830,91.2651,-10.5449,2.4980,0,-150,400,150,-100,0,0
770,1786707741.4075,1786707741.4125,0.03347,12.7473,51.7363,-58.7253,91.6044,-10.4176,2.6455,11.7948,48.3497,-62.5231,91.7386,-14.1464,3.2252,11.7948,48.3497,-62.5231,91.7386,-14.1464,3.2252,100,-50,300,50,-50,0,0
771,1786707741.4409,1786707741.4459,0.03332,12.7473,51.8242,-58.5495,91.4286,-10.5055,2.6455,13.7968,48.8144,-59.0013,91.5643,-13.3846,3.1455,13.7968,48.8144,-59.0013,91.5643,-13.3846,3.1455,0,50,50,-100,0,0,0
772,1786707741.4742,1786707741.479,0.03336,12.7473,51.8242,-58.6374,91.4286,-10.9451,2.7778,13.2016,49.8196,-60.5843,92.9462,-10.9930,6.1161,13.2016,49.8196,-60.5843,92.9462,-10.9930,6.1161,0,0,0,0,-250,50,0
773,1786707741.5077,1786707741.5121,0.03345,12.6593,51.7363,-59.1648,91.5165,-12.0000,2.9101,12.8600,45.7090,-59.7893,91.8984,-12.6572,5.1940,12.8600,45.7090,-59.7893,91.8984,-12.6572,5.1940,-50,0,-200,0,-350,100,0
774,1786707741.5411,1786707741.546,0.03343,12.5714,51.7363,-59.2527,91.9560,-12.0000,3.3730,12.8694,47.6285,-59.5022,91.4879,-12.6455,6.3098,12.8694,47.6285,-59.5022,91.4879,-12.6455,6.3098,0,0,0,150,-100,250,0
775,1786707741.5744,1786707741.5791,0.03331,12.9231,51.6484,-59.2527,92.2198,-11.2088,4.1005,12.8346,48.3048,-59.6624,90.8606,-12.2294,7.3045,12.8346,48.3048,-59.6624,90.8606,-12.2294,7.3045,150,0,0,50,250,300,0
776,1786707741.6078,1786707741.6124,0.03341,13.0989,51.4725,-59.0769,91.7802,-11.7363,4.8280,12.8638,46.7676,-58.9792,91.1491,-14.2557,6.7610,12.8638,46.7676,-58.9792,91.1491,-14.2557,6.7610,50,-50,100,-150,-300,300,0
777,1786707741.6412,1786707741.646,0.03341,13.0989,51.3846,-59.0769,91.5165,-12.0879,5.8862,13.5678,48.0410,-58.4641,90.5773,-12.1495,8.0614,13.5678,48.0410,-58.4641,90.5773,-12.1495,8.0614,0,-50,0,-150,-200,450,0
778,1786707741.6746,1786707741.6793,0.03335,13.0989,51.0330,-58.8132,91.5165,-12.3516,6.0847,12.9495,48.9402,-60.9764,90.3210,-10.8932,6.2454,12.9495,48.9402,-60.9764,90.3210,-10.8932,6.2454,0,-150,150,0,-50,250,0
779,1786707741.7079,1786707741.7127,0.03336,13.0989,50.8571,-58.4615,91.1648,-12.8791,6.3492,12.5845,48.7844,-59.0892,91.9468,-10.7177,4.1734,12.5845,48.7844,-59.0892,91.9468,-10.7177,4.1734,0,0,150,-50,-150,50,0
780,1786707741.7413,1786707741.746,0.03337,13.0989,50.8571,-58.5495,90.9890,-12.1758,6.7460,11.8009,48.5347,-57.0205,90.7798,-11.2811,3.8500,11.8009,48.5347,-57.0205,90.7798,-11.2811,3.8500,0,0,0,-100,150,200,0
781,1786707741.7747,1786707741.7795,0.03341,13.0989,50.8571,-59.0769,91.2527,-11.4725,6.1508,11.0600,47.7102,-58.5536,93.3053,-12.9025,3.9896,11.0600,47.7102,-58.5536,93.3053,-12.9025,3.9896,0,0,-100,100,250,0,0
782,1786707741.8081,1786707741.8128,0.03342,13.0110,50.7692,-58.8132,91.4286,-11.5604,5.0265,12.6443,48.7460,-59.8047,93.9623,-10.0191,3.7622,12.6443,48.7460,-59.8047,93.9623,-10.0191,3.7622,0,-50,0,150,-50,-550,0
783,1786707741.8415,1786707741.8466,0.0334,12.6593,50.6813,-58.1099,91.4286,-12.3516,4.6296,11.2871,48.3919,-58.3801,94.8983,-13.0340,3.8424,11.2871,48.3919,-58.3801,94.8983,-13.0340,3.8424,-150,0,250,0,-250,-150,0
784,1786707741.8749,1786707741.8796,0.03333,12.5714,50.6813,-58.1978,92.3956,-12.5275,4.2989,12.0445,47.2692,-59.4126,93.6561,-11.6379,4.2328,12.0445,47.2692,-59.4126,93.6561,-11.6379,4.2328,0,0,-50,350,-100,-150,0
785,1786707741.9083,1786707741.9129,0.0334,12.8352,50.6813,-58.3736,93.7143,-12.4396,4.2989,11.2841,46.5765,-59.1217,93.7390,-13.1838,4.1817,11.2841,46.5765,-59.1217,93.7390,-13.1838,4.1817,100,0,-100,400,50,0,0
786,1786707741.9417,1786707741.9469,0.03342,12.8352,50.5055,-58.3736,93.5385,-12.3516,4.2328,10.7303,47.2200,-56.4008,93.0296,-12.7959,4.1296,10.7303,47.2200,-56.4008,93.0296,-12.7959,4.1296,0,0,0,0,50,-50,0
787,1786707741.975,1786707741.9796,0.03334,12.5714,50.3297,-58.3736,93.3626,-12.3516,4.2989,11.0400,47.6874,-57.8994,92.4495,-13.8684,4.0701,11.0400,47.6874,-57.8994,92.4495,-13.8684,4.0701,-100,-100,0,0,0,0,0
788,1786707742.0084,1786707742.0131,0.03342,12.3077,50.2418,-57.9341,93.3626,-12.6154,4.2989,10.9769,47.5742,-55.9183,93.7757,-14.8780,3.5646,10.9769,47.5742,-55.9183,93.7757,-14.8780,3.5646,-100,-50,50,0,-100,0,0
789,1786707742.0418,1786707742.0465,0.03339,12.2198,50.1538,-57.0549,92.9231,-13.3187,4.2328,10.5367,46.2377,-57.8277,95.5256,-16.1187,3.2761,10.5367,46.2377,-57.8277,95.5256,-16.1187,3.2761,-50,0,250,-150,-250,0,0
790,1786707742.0752,1786707742.0802,0.03339,12.1319,50.1538,-56.5275,93.0110,-14.0220,3.9683,10.6164,46.4336,-57.9423,94.6468,-16.4728,3.0714,10.6164,46.4336,-57.9423,94.6468,-16.4728,3.0714,0,0,200,-50,-250,-150,0
791,1786707742.1086,1786707742.1133,0.03337,12.1319,50.0659,-56.5275,94.3297,-14.9011,3.6376,10.4550,41.9484,-58.9230,96.0767,-16.3034,3.0831,10.4550,41.9484,-58.9230,96.0767,-16.3034,3.0831,0,-50,50,500,-300,-150,0
792,1786707742.142,1786707742.1468,0.03339,12.1319,49.8901,-56.6154,94.4176,-15.1648,3.5053,10.2534,43.2048,-55.4202,93.9732,-16.9514,3.1554,10.2534,43.2048,-55.4202,93.9732,-16.9514,3.1554,0,-100,-50,100,-100,-100,0
793,1786707742.1754,1786707742.18,0.03338,11.8681,49.1868,-56.8791,94.4176,-15.5165,3.3730,10.5259,43.1226,-57.7074,93.2828,-15.6553,3.4791,10.5259,43.1226,-57.7074,93.2828,-15.6553,3.4791,-150,-150,-100,0,-100,-50,0
794,1786707742.2088,1786707742.2132,0.03341,11.6044,48.3956,-56.7912,94.5934,-16.0440,3.3730,10.3312,42.7046,-54.7742,95.3151,-15.1016,3.5054,10.3312,42.7046,-54.7742,95.3151,-15.1016,3.5054,-50,-300,0,50,-200,0,0
795,1786707742.2422,1786707742.2469,0.03343,11.5165,47.6923,-56.4396,93.9780,-15.7802,3.3730,10.2791,42.2067,-54.9418,92.3094,-15.5396,3.0727,10.2791,42.2067,-54.9418,92.3094,-15.5396,3.0727,-50,-200,150,-200,150,0,0
796,1786707742.2756,1786707742.2806,0.03337,11.2527,47.0769,-56.1758,94.1538,-15.5165,3.3730,10.1230,41.9461,-55.6289,93.0022,-16.2255,3.1788,10.1230,41.9461,-55.6289,93.0022,-16.2255,3.1788,-50,-250,100,50,100,0,0
797,1786707742.3089,1786707742.3136,0.03337,11.1648,46.6374,-55.2967,94.8571,-15.5165,3.3730,9.8031,42.0692,-55.7212,93.1820,-15.4043,3.1881,9.8031,42.0692,-55.7212,93.1820,-15.4043,3.1881,-50,-150,350,250,0,0,0
798,1786707742.3423,1786707742.3467,0.03337,10.9890,46.5495,-55.2088,94.2418,-15.7802,3.3069,8.8501,39.2130,-56.8673,96.1748,-16.9270,2.9456,8.8501,39.2130,-56.8673,96.1748,-16.9270,2.9456,-50,0,0,-100,-50,0,0
799,1786707742.3757,1786707742.3804,0.03338,10.7253,46.5495,-55.2088,93.8022,-15.7802,3.3069,9.8412,38.3594,-55.7011,94.4386,-19.7817,2.9585,9.8412,38.3594,-55.7011,94.4386,-19.7817,2.9585,-100,0,0,-200,0,0,0
800,1786707742.4091,1786707742.5244,0.0334,10.3736,45.9341,-55.2088,94.5055,-16.1319,3.2407,10.6513,47.4678,-59.2018,94.0387,-14.0636,2.1283,10.6513,47.4678,-59.2018,94.0387,-14.0636,2.1283,-150,-150,0,350,-150,0,1
801,1786707742.5256,1786707742.5308,0.11647,10.1978,42.8571,-55.0330,94.6813,-19.1209,3.2407,10.5860,47.3315,-60.9774,95.1560,-12.9187,1.7372,10.5860,47.3315,-60.9774,95.1560,-12.9187,1.7372,50,-250,0,50,-100,0,1
802,1786707742.5588,1786707742.5636,0.03329,10.2857,42.6813,-55.0330,94.6813,-19.2088,3.2407,10.3381,46.2380,-60.7812,94.2582,-13.2731,1.6486,10.3381,46.2380,-60.7812,94.2582,-13.2731,1.6486,50,-50,0,0,-50,0,0
803,1786707742.5922,1786707742.5969,0.03337,10.4615,42.8571,-55.4725,94.7692,-18.6813,2.7116,8.5851,46.4552,-56.7364,94.2768,-13.9362,1.7376,8.5851,46.4552,-56.7364,94.2768,-13.9362,1.7376,50,0,-250,0,150,-250,0
804,1786707742.6257,1786707742.6303,0.03347,10.4615,44.3516,-57.1429,94.7692,-16.7473,2.3148,8.4754,45.3026,-56.8908,93.0599,-15.1295,1.5981,8.4754,45.3026,-56.8908,93.0599,-15.1295,1.5981,0,500,-500,-50,700,-250,0
805,1786707742.659,1786707742.6638,0.03333,10.1099,45.9341,-57.9341,94.4176,-15.2527,2.3148,8.7615,45.3309,-56.4717,93.6465,-14.0704,1.9190,8.7615,45.3309,-56.4717,93.6465,-14.0704,1.9190,-100,550,-350,-150,600,0,0
806,1786707742.6925,1786707742.6975,0.03345,9.6703,46.3736,-57.3187,93.9780,-15.1648,2.2487,8.9670,44.1781,-56.6546,94.1372,-14.6999,1.9798,8.9670,44.1781,-56.6546,94.1372,-14.6999,1.9798,-150,100,300,-50,50,-50,0
807,1786707742.7258,1786707742.7303,0.0333,9.2308,46.4615,-56.4396,93.5385,-15.4286,2.1825,9.4397,46.1431,-60.1697,94.7114,-14.0242,2.3325,9.4397,46.1431,-60.1697,94.7114,-14.0242,2.3325,-150,50,350,-150,-50,-50,0
808,1786707742.7591,1786707742.7637,0.03339,9.2308,46.4615,-56.4396,94.1538,-14.9011,2.1825,8.9407,45.7368,-57.5617,95.0844,-12.5240,1.8556,8.9407,45.7368,-57.5617,95.0844,-12.5240,1.8556,0,0,0,300,100,0,0
809,1786707742.7926,1786707742.7974,0.03342,9.2308,46.3736,-56.7033,93.9780,-14.8132,2.1825,9.1451,45.1626,-56.0710,94.6267,-13.0713,1.8999,9.1451,45.1626,-56.0710,94.6267,-13.0713,1.8999,0,-50,-100,-100,0,0,0
810,1786707742.826,1786707742.8306,0.03339,9.5824,46.6374,-57.3187,94.5934,-14.0220,2.1825,8.2684,47.1824,-59.4250,96.5746,-11.6857,1.9888,8.2684,47.1824,-59.4250,96.5746,-11.6857,1.9888,50,100,-250,250,250,0,0
811,1786707742.8594,1786707742.8638,0.03342,9.5824,46.6374,-57.0549,94.4176,-13.5824,2.1825,8.9797,44.9501,-58.5242,97.6776,-11.1503,1.9018,8.9797,44.9501,-58.5242,97.6776,-11.1503,1.9018,50,0,50,-100,50,0,0
812,1786707742.8928,1786707742.8975,0.03338,9.4945,47.0769,-56.5275,95.0330,-13.4066,2.1825,8.8000,43.2536,-54.6186,96.5582,-13.7286,1.5620,8.8000,43.2536,-54.6186,96.5582,-13.7286,1.5620,0,200,150,100,-50,0,0
813,1786707742.9262,1786707742.9311,0.03345,9.2308,47.6923,-56.6154,96.4396,-12.4396,2.1825,9.4429,44.3805,-56.6904,95.5237,-12.9795,1.7394,9.4429,44.3805,-56.6904,95.5237,-12.9795,1.7394,-50,300,0,450,350,0,0
814,1786707742.9596,1786707742.9644,0.03337,9.1429,47.7802,-56.7033,96.3516,-12.7033,2.1825,8.8413,44.5812,-57.0526,94.5606,-12.6185,1.9111,8.8413,44.5812,-57.0526,94.5606,-12.6185,1.9111,-50,50,0,-100,-200,0,0
815,1786707742.993,1786707742.9975,0.03341,9.1429,47.6044,-56.2637,95.7363,-13.3187,2.1825,10.1388,45.1037,-54.5623,94.1645,-13.6897,1.6896,10.1388,45.1037,-54.5623,94.1645,-13.6897,1.6896,0,-100,200,-250,-250,0,0
816,1786707743.0263,1786707743.031,0.03334,9.3187,47.5165,-56.2637,95.3846,-12.9670,2.1825,9.2974,44.0764,-58.6908,95.4959,-12.6395,1.8223,9.2974,44.0764,-58.6908,95.4959,-12.6395,1.8223,50,-50,50,-100,150,0,0
817,1786707743.0597,1786707743.0644,0.0334,9.5824,47.5165,-55.6484,94.6813,-13.2308,2.1825,9.3797,43.8175,-55.4918,94.7545,-13.0122,1.9326,9.3797,43.8175,-55.4918,94.7545,-13.0122,1.9326,100,0,150,-200,-150,0,0
818,1786707743.0931,1786707743.0977,0.03335,9.7582,47.6044,-54.7692,95.1209,-13.4066,2.1825,9.3350,44.0528,-55.5912,94.4162,-13.6301,1.7159,9.3350,44.0528,-55.5912,94.4162,-13.6301,1.7159,100,0,300,50,-100,0,0
819,1786707743.1266,1786707743.1315,0.03348,9.7582,47.6044,-54.7692,95.2967,-13.2308,2.1825,10.4230,45.7396,-56.4073,95.2407,-11.9451,1.9094,10.4230,45.7396,-56.4073,95.2407,-11.9451,1.9094,0,0,0,50,50,0,0
820,1786707743.1599,1786707743.1643,0.03335,9.6703,47.6044,-54.7692,94.5934,-13.4066,2.1825,9.8601,41.1725,-53.3380,94.8533,-12.9446,1.7079,9.8601,41.1725,-53.3380,94.8533,-12.9446,1.7079,-50,0,0,-250,-50,0,0
821,1786707743.1933,1786707743.198,0.0334,9.6703,47.6044,-54.9451,94.7692,-13.0549,2.1825,10.0238,42.9238,-56.7997,94.6670,-12.0290,2.0033,10.0238,42.9238,-56.7997,94.6670,-12.0290,2.0033,0,0,-100,0,0,0,0
822,1786707743.2267,1786707743.231,0.03335,9.7582,47.6044,-54.6813,94.9451,-12.7033,2.1825,10.2253,44.2556,-56.0029,93.0416,-13.5621,1.9950,10.2253,44.2556,-56.0029,93.0416,-13.5621,1.9950,0,0,200,50,150,0,0
823,1786707743.2601,1786707743.2643,0.0334,9.9341,47.4286,-53.9780,94.7692,-12.7033,2.1825,9.7461,45.2356,-60.6312,92.9632,-12.5415,2.0849,9.7461,45.2356,-60.6312,92.9632,-12.5415,2.0849,50,-50,300,-100,0,0,0
824,1786707743.2934,1786707743.2978,0.03337,10.1099,47.3407,-53.9780,94.3297,-12.9670,2.1825,10.7417,45.5365,-57.9416,93.5532,-13.6186,1.9931,10.7417,45.5365,-57.9416,93.5532,-13.6186,1.9931,50,0,0,-50,-50,0,0
825,1786707743.3268,1786707743.3316,0.03337,10.1099,47.3407,-55.2967,93.8022,-13.0549,2.1825,10.7521,42.9560,-56.6743,93.1950,-11.8529,2.0257,10.7521,42.9560,-56.6743,93.1950,-11.8529,2.0257,0,0,-550,-250,-50,0,0
826,1786707743.3602,1786707743.3651,0.03341,10.1099,47.3407,-56.8791,93.8022,-12.9670,2.1825,10.8093,45.0713,-55.0878,92.9844,-12.6375,2.6597,10.8093,45.0713,-55.0878,92.9844,-12.6375,2.6597,0,0,-600,0,0,0,0
827,1786707743.3937,1786707743.3981,0.03347,10.1978,47.0769,-57.3187,93.5385,-12.9670,2.1825,11.3575,41.1396,-55.4429,93.5970,-10.8171,2.5581,11.3575,41.1396,-55.4429,93.5970,-10.8171,2.5581,50,-100,-150,-50,0,0,0
828,1786707743.427,1786707743.4312,0.0333,10.3736,46.4615,-56.5275,93.3626,-12.8791,2.2487,10.3631,40.8611,-55.0597,92.5543,-12.9391,2.5072,10.3631,40.8611,-55.0597,92.5543,-12.9391,2.5072,50,-150,350,-100,50,50,0
829,1786707743.4604,1786707743.4649,0.03342,10.6374,45.9341,-55.3846,93.4505,-12.3516,2.3148,10.0208,40.6057,-56.5838,92.4341,-11.6736,2.2451,10.0208,40.6057,-56.5838,92.4341,-11.6736,2.2451,100,-200,450,100,250,50,0
830,1786707743.4938,1786707743.498,0.03335,10.7253,45.7582,-55.1209,93.0989,-11.8242,2.3148,8.9058,39.8081,-52.7357,93.7443,-9.7425,1.9324,8.9058,39.8081,-52.7357,93.7443,-9.7425,1.9324,50,-50,50,0,250,0,0
831,1786707743.5271,1786707743.5314,0.03339,10.5495,45.5824,-55.1209,92.9231,-11.9121,2.3148,9.8624,43.1788,-54.7253,91.8581,-9.6933,1.9944,9.8624,43.1788,-54.7253,91.8581,-9.6933,1.9944,-50,-50,0,-100,-50,0,0
832,1786707743.5606,1786707743.5651,0.03342,10.1978,45.1429,-55.1209,93.1868,-11.3846,2.3148,9.1549,39.4572,-55.2952,94.7153,-8.5384,1.6653,9.1549,39.4572,-55.2952,94.7153,-8.5384,1.6653,-150,-200,0,100,250,0,0
833,1786707743.594,1786707743.5983,0.03338,9.9341,44.9670,-54.6813,93.2747,-10.5934,2.3148,9.6101,42.7273,-54.1245,93.2284,-9.2643,2.1156,9.6101,42.7273,-54.1245,93.2284,-9.2643,2.1156,-100,-50,200,0,350,0,0
834,1786707743.6273,1786707743.6315,0.03335,9.8462,44.9670,-54.6813,92.9231,-9.8901,2.1825,10.5919,41.5194,-57.8407,93.3664,-9.5745,2.1295,10.5919,41.5194,-57.8407,93.3664,-9.5745,2.1295,-50,0,0,-150,200,-50,0
835,1786707743.661,1786707743.6669,0.03371,9.8462,44.9670,-54.1538,93.1868,-9.7143,2.1825,9.2132,39.6000,-55.0551,93.9607,-9.1321,1.9997,9.2132,39.6000,-55.0551,93.9607,-9.1321,1.9997,0,0,100,50,50,0,0
836,1786707743.6942,1786707743.7,0.03318,10.1099,44.9670,-53.9780,93.2747,-9.8022,2.2487,8.8397,40.7926,-52.1063,94.3609,-10.2335,1.6657,8.8397,40.7926,-52.1063,94.3609,-10.2335,1.6657,50,0,50,50,-50,0,0
837,1786707743.7276,1786707743.7332,0.03337,10.1099,44.7912,-53.9780,93.3626,-9.7143,2.2487,8.1189,40.9859,-49.4580,92.1176,-10.6180,2.0620,8.1189,40.9859,-49.4580,92.1176,-10.6180,2.0620,50,-50,0,0,0,0,0
838,1786707743.7609,1786707743.7666,0.03338,9.9341,44.4396,-53.3626,93.6264,-9.8901,2.1825,9.3215,40.7414,-49.9688,92.0278,-10.0639,2.3160,9.3215,40.7414,-49.9688,92.0278,-10.0639,2.3160,-100,-100,50,100,-50,0,0
839,1786707743.7943,1786707743.799,0.03335,9.5824,44.2637,-51.6923,93.3626,-10.2418,2.1825,9.4990,41.6580,-52.3101,91.5954,-10.3158,1.9700,9.4990,41.6580,-52.3101,91.5954,-10.3158,1.9700,-150,-100,550,-150,-200,0,0
840,1786707743.8277,1786707743.832,0.03338,9.2308,44.1758,-50.3736,92.6593,-10.2418,2.2487,8.7644,42.6267,-50.9675,91.9212,-11.1299,1.7231,8.7644,42.6267,-50.9675,91.9212,-11.1299,1.7231,-150,-50,400,-250,0,50,0
841,1786707743.8611,1786707743.8652,0.03339,9.2308,44.3516,-50.2857,92.3077,-10.2418,2.2487,8.8316,39.8977,-47.3673,90.6474,-11.1396,1.9384,8.8316,39.8977,-47.3673,90.6474,-11.1396,1.9384,0,100,100,-150,0,0,0
842,1786707743.8944,1786707743.8987,0.03337,9.2308,44.3516,-50.2857,92.3077,-10.5055,2.1825,8.7899,41.8723,-49.8890,90.4751,-11.8028,1.8458,8.7899,41.8723,-49.8890,90.4751,-11.8028,1.8458,0,0,0,50,-50,-50,0
843,1786707743.9278,1786707743.932,0.03337,9.3187,43.9121,-50.1978,91.6923,-10.7692,2.1825,8.5118,43.3865,-50.8780,91.2380,-11.0815,1.7970,8.5118,43.3865,-50.8780,91.2380,-11.0815,1.7970,50,-100,0,-100,-100,0,0
844,1786707743.9612,1786707743.9656,0.03341,9.4066,43.4725,-49.6703,91.0769,-11.1209,2.1825,8.8252,42.1309,-52.2204,91.2901,-11.9703,1.7363,8.8252,42.1309,-52.2204,91.2901,-11.9703,1.7363,50,-150,250,-250,-150,0,0
845,1786707743.9946,1786707743.9991,0.03338,9.3187,43.4725,-49.7582,91.4286,-11.1209,2.1825,7.8561,41.9861,-52.8010,91.5983,-13.2732,1.7441,7.8561,41.9861,-52.8010,91.5983,-13.2732,1.7441,0,50,0,100,-50,0,0
846,1786707744.028,1786707744.0323,0.0334,9.2308,43.8242,-49.9341,91.4286,-11.6484,2.1825,7.9420,41.7508,-47.6819,88.8253,-10.5555,2.1649,7.9420,41.7508,-47.6819,88.8253,-10.5555,2.1649,-50,100,-50,0,-150,0,0
847,1786707744.0614,1786707744.0657,0.03342,8.9670,43.9121,-50.2857,91.4286,-12.3516,2.1825,8.0337,36.5327,-48.6975,91.1061,-12.1448,1.9533,8.0337,36.5327,-48.6975,91.1061,-12.1448,1.9533,-100,50,-50,0,-250,0,0
848,1786707744.0948,1786707744.099,0.03335,8.8791,43.8242,-50.1099,90.9011,-12.3516,2.1825,7.9341,39.1291,-50.2175,92.5407,-10.6182,1.9326,7.9341,39.1291,-50.2175,92.5407,-10.6182,1.9326,-50,-50,0,-200,50,0,0
849,1786707744.1282,1786707744.1324,0.03344,8.7033,43.4725,-49.0549,89.8462,-12.2637,2.1825,7.1944,41.2475,-50.9309,91.4446,-12.2790,1.9970,7.1944,41.2475,-50.9309,91.4446,-12.2790,1.9970,-50,-50,400,-500,50,0,0
850,1786707744.1615,1786707744.2771,0.03335,8.6154,43.2088,-48.7033,90.3736,-11.8242,2.1825,10.0684,45.0803,-55.6282,93.6541,-12.0725,0.5361,10.0684,45.0803,-55.6282,93.6541,-12.0725,0.5361,0,-100,0,100,150,0,1
851,1786707744.2784,1786707744.2804,0.11686,8.0879,43.1209,-49.1429,91.1648,-12.0879,2.1825,8.0381,42.2394,-48.1705,90.9703,-12.5626,2.1896,8.0381,42.2394,-48.1705,90.9703,-12.5626,2.1896,-100,0,-50,0,-50,0,1
