step,t_obs,t_cmd,dt,pos_shoulder_pan,pos_shoulder_lift,pos_elbow_flex,pos_wrist_flex,pos_wrist_roll,pos_gripper,cmd_shoulder_pan,cmd_shoulder_lift,cmd_elbow_flex,cmd_wrist_flex,cmd_wrist_roll,cmd_gripper,sent_shoulder_pan,sent_shoulder_lift,sent_elbow_flex,sent_wrist_flex,sent_wrist_roll,sent_gripper,velraw_shoulder_pan,velraw_shoulder_lift,velraw_elbow_flex,velraw_wrist_flex,velraw_wrist_roll,velraw_gripper,chunk_start
0,1700000000.0000,1700000000.0020,0.0000,-53.1429,-23.8681,56.7033,54.9011,-107.6923,33.1854,-53.1429,-23.8681,56.7033,54.9011,-107.6923,33.1854,-53.1429,-23.8681,56.7033,54.9011,-107.6923,33.1854,0.0000,0.0000,0.0000,0.0000,0.0000,0.0000,1
1,1700000000.2200,1700000000.2220,0.2200,-53.1429,-23.8681,56.7033,54.9011,-107.6923,33.1854,-61.7582,-30.1978,47.8242,46.9011,-115.6923,25.4461,-61.7582,-30.1978,47.8242,46.9011,-115.6923,25.4461,0.0000,0.0000,0.0000,0.0000,0.0000,0.0000,1
2,1700000000.2533,1700000000.2553,0.0333,-55.1550,-25.5063,54.4468,53.0584,-109.5991,31.0752,-54.1978,-20.4396,54.5055,54.9011,-107.6923,32.2522,-54.1978,-20.4396,54.5055,54.9011,-107.6923,32.2522,0.0000,0.0000,0.0000,0.0000,0.0000,0.0000,0
3,1700000000.2867,1700000000.2887,0.0333,-54.9314,-24.1950,54.4617,53.4829,-109.1446,31.3961,-62.5494,-26.5055,44.8352,46.9890,-115.7802,24.7462,-62.5494,-26.5055,44.8352,46.9890,-115.7802,24.7462,0.0000,0.0000,0.0000,0.0000,0.0000,0.0000,0
4,1700000000.3200,1700000000.3220,0.0333,-56.7106,-24.7930,52.0152,51.9871,-110.7262,29.5830,-54.7253,-16.4835,50.8132,55.2527,-107.7802,31.9412,-54.7253,-16.4835,50.8132,55.2527,-107.7802,31.9412,0.0000,0.0000,0.0000,0.0000,0.0000,0.0000,0
5,1700000000.3533,1700000000.3553,0.0333,-56.2470,-22.6424,51.7097,52.7393,-110.0240,30.2260,-62.8132,-22.3736,40.6154,47.6044,-116.4835,24.6685,-62.8132,-22.3736,40.6154,47.6044,-116.4835,24.6685,0.0000,0.0000,0.0000,0.0000,0.0000,0.0000,0
6,1700000000.3867,1700000000.3887,0.0333,-57.7805,-22.5728,48.8902,51.5565,-111.5637,28.7107,-54.9890,-12.1758,46.1538,56.4835,-109.1868,31.9412,-54.9890,-12.1758,46.1538,56.4835,-109.1868,31.9412,0.0000,0.0000,0.0000,0.0000,0.0000,0.0000,0
7,1700000000.4200,1700000000.4220,0.0333,-57.1286,-19.8820,48.1948,52.6914,-110.9971,29.5915,-63.5165,-17.9780,35.6044,49.9780,-117.9780,24.6685,-63.5165,-17.9780,35.6044,49.9780,-117.9780,24.6685,0.0000,0.0000,0.0000,0.0000,0.0000,0.0000,0
8,1700000000.4533,1700000000.4553,0.0333,-58.6205,-19.3892,44.9951,52.0664,-112.6611,28.2492,-55.8681,-8.0440,40.7912,59.9121,-110.8571,31.9412,-55.8681,-8.0440,40.7912,59.9121,-110.8571,31.9412,0.0000,0.0000,0.0000,0.0000,0.0000,0.0000,0
9,1700000000.4867,1700000000.4887,0.0333,-57.9777,-16.4530,43.9267,53.8735,-112.2311,29.2558,-64.1319,-14.1099,30.3297,53.9341,-119.5604,24.6685,-64.1319,-14.1099,30.3297,53.9341,-119.5604,24.6685,0.0000,0.0000,0.0000,0.0000,0.0000,0.0000,0
10,1700000000.5200,1700000000.5220,0.0333,-59.4150,-15.8465,40.4712,53.8875,-113.9781,28.0051,-56.3077,-4.4396,36.2198,63.6923,-111.7363,31.9412,-56.3077,-4.4396,36.2198,63.6923,-111.7363,31.9412,0.0000,0.0000,0.0000,0.0000,0.0000,0.0000,0
11,1700000000.5533,1700000000.5553,0.0333,-58.6893,-12.8943,39.3907,56.1459,-113.4437,29.0783,-64.3077,-11.0330,26.6374,56.8352,-119.8242,24.6685,-64.3077,-11.0330,26.6374,56.8352,-119.8242,24.6685,0.0000,0.0000,0.0000,0.0000,0.0000,0.0000,0
12,1700000000.5867,1700000000.5887,0.0333,-60.0015,-12.4126,36.1496,56.3046,-114.9645,27.8759,-56.4835,-1.7143,33.4066,65.4506,-111.7363,31.9412,-56.4835,-1.7143,33.4066,65.4506,-111.7363,31.9412,0.0000,0.0000,0.0000,0.0000,0.0000,0.0000,0
13,1700000000.6200,1700000000.6220,0.0333,-59.1798,-9.6437,35.4525,58.4113,-114.1951,28.9843,-64.5714,-8.6593,24.9670,57.6264,-119.6484,24.6685,-64.5714,-8.6593,24.9670,57.6264,-119.6484,24.6685,0.0000,0.0000,0.0000,0.0000,0.0000,0.0000,0
14,1700000000.6533,1700000000.6553,0.0333,-60.4391,-9.3890,32.7877,58.2305,-115.4949,27.8076,-56.9231,-0.0440,32.7912,65.6264,-111.6484,31.9412,-56.9231,-0.0440,32.7912,65.6264,-111.6484,31.9412,0.0000,0.0000,0.0000,0.0000,0.0000,0.0000,0
15,1700000000.6867,1700000000.6887,0.0333,-59.6179,-6.9704,32.7886,59.9340,-114.5780,28.9346,-65.3626,-7.7802,24.6154,57.5385,-119.6484,24.6685,-65.3626,-7.7802,24.6154,57.5385,-119.6484,24.6685,0.0000,0.0000,0.0000,0.0000,0.0000,0.0000,0
16,1700000000.7200,1700000000.7220,0.0333,-60.9596,-7.1800,30.7115,59.3822,-115.7866,27.7715,-57.8022,0.3956,32.5275,65.5385,-111.7363,31.9412,-57.8022,0.3956,32.5275,65.5385,-111.7363,31.9412,0.0000,0.0000,0.0000,0.0000,0.0000,0.0000,0
17,1700000000.7533,1700000000.7553,0.0333,-60.2222,-5.2193,31.1730,60.8002,-114.8212,28.9083,-66.1538,-7.5165,24.3516,57.6264,-119.8242,24.6685,-66.1538,-7.5165,24.3516,57.6264,-119.8242,24.6685,0.0000,0.0000,0.0000,0.0000,0.0000,0.0000,0
18,1700000000.7867,1700000000.7887,0.0333,-61.6075,-5.8139,29.4394,60.0692,-116.0136,27.7523,-58.3297,0.5714,32.3516,65.5385,-111.9121,31.9412,-58.3297,0.5714,32.3516,65.5385,-111.9121,31.9412,0.0000,0.0000,0.0000,0.0000,0.0000,0.0000,0
19,1700000000.8200,1700000000.8220,0.0333,-60.8420,-4.1613,30.1795,61.3289,-115.0360,28.8944,-66.6813,-7.4286,24.2637,57.5385,-119.9121,24.6685,-66.6813,-7.4286,24.2637,57.5385,-119.9121,24.6685,0.0000,0.0000,0.0000,0.0000,0.0000,0.0000,0
20,1700000000.8533,1700000000.8553,0.0333,-62.2058,-5.0069,28.6761,60.4559,-116.1982,27.7422,-59.6483,0.5714,32.1758,65.2747,-111.9121,31.9412,-59.6483,0.5714,32.1758,65.2747,-111.9121,31.9412,0.0000,0.0000,0.0000,0.0000,0.0000,0.0000,0
21,1700000000.8867,1700000000.8887,0.0333,-61.6085,-3.5632,29.5655,61.5658,-115.1766,28.8871,-68.5275,-7.2527,24.1758,56.4835,-119.9121,24.6685,-68.5275,-7.2527,24.1758,56.4835,-119.9121,24.6685,0.0000,0.0000,0.0000,0.0000,0.0000,0.0000,0
22,1700000000.9200,1700000000.9220,0.0333,-63.2244,-4.5181,28.1958,60.3952,-116.3053,27.7369,-60.9670,0.8352,32.2637,63.6044,-111.9121,31.9412,-60.9670,0.8352,32.2637,63.6044,-111.9121,31.9412,0.0000,0.0000,0.0000,0.0000,0.0000,0.0000,0
23,1700000000.9533,1700000000.9553,0.0333,-62.6972,-3.1326,29.2296,61.1344,-115.2582,28.8832,-69.4066,-7.1648,24.3516,54.9011,-120.0000,24.6685,-69.4066,-7.1648,24.3516,54.9011,-120.0000,24.6685,0.0000,0.0000,0.0000,0.0000,0.0000,0.0000,0
24,1700000000.9867,1700000000.9887,0.0333,-64.2642,-4.1762,27.9899,59.6986,-116.3884,27.7340,-62.0220,0.9231,32.6154,62.2857,-112.0879,31.9412,-62.0220,0.9231,32.6154,62.2857,-112.0879,31.9412,0.0000,0.0000,0.0000,0.0000,0.0000,0.0000,0
25,1700000001.0200,1700000001.0220,0.0333,-63.7405,-2.8564,29.1654,60.2945,-115.3634,28.8811,-70.3736,-6.6374,24.7033,54.1978,-120.1758,24.6685,-70.3736,-6.6374,24.7033,54.1978,-120.1758,24.6685,0.0000,0.0000,0.0000,0.0000,0.0000,0.0000,0
26,1700000001.0533,1700000001.0553,0.0333,-65.2897,-3.8350,28.0314,58.8902,-116.5104,27.7325,-62.5495,2.0659,32.6154,62.2857,-112.1758,31.9412,-62.5495,2.0659,32.6154,62.2857,-112.1758,31.9412,0.0000,0.0000,0.0000,0.0000,0.0000,0.0000,0
27,1700000001.0867,1700000001.0887,0.0333,-64.6497,-2.3078,29.1964,59.6723,-115.4773,28.8800,-70.7253,-4.9670,24.5275,54.3736,-120.0879,24.6685,-70.7253,-4.9670,24.5275,54.3736,-120.0879,24.6685,0.0000,0.0000,0.0000,0.0000,0.0000,0.0000,0
28,1700000001.1200,1700000001.1220,0.0333,-66.0687,-2.9960,28.0098,58.4519,-116.5762,27.7317,-62.7253,4.0000,32.4396,62.9890,-112.0879,31.9412,-62.7253,4.0000,32.4396,62.9890,-112.0879,31.9412,0.0000,0.0000,0.0000,0.0000,0.0000,0.0000,0
29,1700000001.1533,1700000001.1553,0.0333,-65.2878,-1.1854,29.1356,59.4969,-115.5064,28.8794,-70.7253,-3.2088,24.2637,55.7802,-119.9121,24.6685,-70.7253,-3.2088,24.2637,55.7802,-119.9121,24.6685,0.0000,0.0000,0.0000,0.0000,0.0000,0.0000,0
30,1700000001.1867,1700000001.1887,0.0333,-66.5577,-1.7091,27.8975,58.6408,-116.5565,27.7313,-62.6374,5.4066,31.9121,64.3077,-111.8242,31.9412,-62.6374,5.4066,31.9121,64.3077,-111.8242,31.9412,0.0000,0.0000,0.0000,0.0000,0.0000,0.0000,0
31,1700000001.2200,1700000001.2220,0.0333,-65.6421,0.1325,28.9177,59.9461,-115.4286,28.8791,-70.5495,-2.0659,23.4725,56.8352,-119.7363,24.6685,-70.5495,-2.0659,23.4725,56.8352,-119.7363,24.6685,0.0000,0.0000,0.0000,0.0000,0.0000,0.0000,0
32,1700000001.2533,1700000001.2553,0.0333,-66.7882,-0.4364,27.5339,59.2296,-116.4553,27.7311,-62.3736,6.3736,31.0330,65.1868,-111.7363,31.9412,-62.3736,6.3736,31.0330,65.1868,-111.7363,31.9412,0.0000,0.0000,0.0000,0.0000,0.0000,0.0000,0
33,1700000001.2867,1700000001.2887,0.0333,-65.7572,1.3261,28.4232,60.6017,-115.3305,28.8790,-70.1978,-1.2747,22.6813,57.4506,-119.6484,24.6685,-70.1978,-1.2747,22.6813,57.4506,-119.6484,24.6685,0.0000,0.0000,0.0000,0.0000,0.0000,0.0000,0
34,1700000001.3200,1700000001.3220,0.0333,-66.7943,0.6530,26.9639,59.8759,-116.3597,27.7310,-61.6703,7.0769,30.5055,65.4506,-111.6484,31.9412,-61.6703,7.0769,30.5055,65.4506,-111.6484,31.9412,0.0000,0.0000,0.0000,0.0000,0.0000,0.0000,0
35,1700000001.3533,1700000001.3553,0.0333,-65.5976,2.3155,27.8640,61.1599,-115.2367,28.8789,-69.2308,-0.8352,22.4176,57.3626,-119.6484,24.6685,-69.2308,-0.8352,22.4176,57.3626,-119.6484,24.6685,0.0000,0.0000,0.0000,0.0000,0.0000,0.0000,0
36,1700000001.3867,1700000001.3887,0.0333,-66.4461,1.5001,26.4798,60.2853,-116.2882,27.7309,-61.0549,7.1648,30.4176,65.2747,-111.6484,32.1745,-61.0549,7.1648,30.4176,65.2747,-111.6484,32.1745,0.0000,0.0000,0.0000,0.0000,0.0000,0.0000,0
37,1700000001.4200,1700000001.4220,0.0333,-65.1870,2.9662,27.4806,61.4345,-115.1823,28.9425,-68.7912,-0.8352,22.4176,57.0989,-119.6484,25.0573,-68.7912,-0.8352,22.4176,57.0989,-119.6484,25.0573,0.0000,0.0000,0.0000,0.0000,0.0000,0.0000,0
38,1700000001.4533,1700000001.4553,0.0333,-66.0288,1.9824,26.1939,60.4359,-116.2468,27.8832,-60.5275,7.1648,30.2418,65.0989,-111.6484,32.3300,-60.5275,7.1648,30.2418,65.0989,-111.6484,32.3300,0.0000,0.0000,0.0000,0.0000,0.0000,0.0000,0
39,1700000001.4867,1700000001.4887,0.0333,-64.7439,3.3236,27.2226,61.5099,-115.1508,29.0956,-68.3516,-0.8352,22.0659,57.1868,-119.6484,25.0573,-68.3516,-0.8352,22.0659,57.1868,-119.6484,25.0573,0.0000,0.0000,0.0000,0.0000,0.0000,0.0000,0
40,1700000001.5200,1700000001.5220,0.0333,-65.5865,2.2473,25.9121,60.5142,-116.2228,27.9945,-60.1758,7.1648,30.0659,65.2747,-111.6484,32.3300,-60.1758,7.1648,30.0659,65.2747,-111.6484,32.3300,0.0000,0.0000,0.0000,0.0000,0.0000,0.0000,0
41,1700000001.5533,1700000001.5553,0.0333,-64.3228,3.5200,26.9677,61.6107,-115.1324,29.1766,-67.8242,-0.8352,22.0659,57.2747,-119.6484,25.0573,-67.8242,-0.8352,22.0659,57.2747,-119.6484,25.0573,0.0000,0.0000,0.0000,0.0000,0.0000,0.0000,0
42,1700000001.5867,1700000001.5887,0.0333,-65.1406,2.3928,25.7220,60.6120,-116.2088,28.0535,-59.3846,7.1648,30.0659,65.3626,-111.6484,32.1745,-59.3846,7.1648,30.0659,65.3626,-111.6484,32.1745,0.0000,0.0000,0.0000,0.0000,0.0000,0.0000,0
43,1700000001.6200,1700000001.6220,0.0333,-63.7963,3.6279,26.8260,61.7062,-115.1218,29.1771,-67.0330,-0.8352,22.1538,57.4506,-119.6484,24.8240,-67.0330,-0.8352,22.1538,57.4506,-119.6484,24.8240,0.0000,0.0000,0.0000,0.0000,0.0000,0.0000,0
44,1700000001.6533,1700000001.6553,0.0333,-64.5522,2.4728,25.6386,60.7260,-116.2007,27.9902,-58.9451,7.0769,30.2418,65.4506,-111.6484,32.0967,-58.9451,7.0769,30.2418,65.4506,-111.6484,32.0967,0.0000,0.0000,0.0000,0.0000,0.0000,0.0000,0
45,1700000001.6867,1700000001.6887,0.0333,-63.2426,3.6644,26.8084,61.8142,-115.1157,29.1098,-66.5934,-0.9231,22.2418,57.4506,-119.6484,24.8240,-66.5934,-0.9231,22.2418,57.4506,-119.6484,24.8240,0.0000,0.0000,0.0000,0.0000,0.0000,0.0000,0
46,1700000001.7200,1700000001.7220,0.0333,-64.0252,2.4771,25.6479,60.8091,-116.1960,27.9413,-58.4176,7.0769,30.2418,65.4506,-111.6484,32.0189,-58.4176,7.0769,30.2418,65.4506,-111.6484,32.0189,0.0000,0.0000,0.0000,0.0000,0.0000,0.0000,0
47,1700000001.7533,1700000001.7553,0.0333,-62.7155,3.6676,26.8154,61.8782,-115.1121,29.0531,-66.3297,-0.9231,22.2418,57.4506,-119.6484,24.7462,-66.3297,-0.9231,22.2418,57.4506,-119.6484,24.7462,0.0000,0.0000,0.0000,0.0000,0.0000,0.0000,0
48,1700000001.7867,1700000001.7887,0.0333,-63.5596,2.4795,25.6530,60.8584,-116.1933,27.8788,-58.2418,7.1648,30.0659,65.4506,-111.6484,32.0189,-58.2418,7.1648,30.0659,65.4506,-111.6484,32.0189,0.0000,0.0000,0.0000,0.0000,0.0000,0.0000,0
49,1700000001.8200,1700000001.8220,0.0333,-62.3176,3.6921,26.7745,61.9161,-115.1100,29.0076,-66.2418,-0.8352,22.0659,57.2747,-119.6484,24.7462,-66.2418,-0.8352,22.0659,57.2747,-119.6484,24.7462,0.0000,0.0000,0.0000,0.0000,0.0000,0.0000,0
50,1700000001.8533,1700000001.8553,0.0333,-63.2341,2.5204,25.5779,60.8470,-116.1917,27.8457,-58.4176,7.2527,30.0659,65.1868,-111.6484,32.0189,-58.4176,7.2527,30.0659,65.1868,-111.6484,32.0189,0.0000,0.0000,0.0000,0.0000,0.0000,0.0000,1
51,1700000002.0733,1700000002.0753,0.2200,-59.2500,6.5972,29.4179,64.4158,-112.4016,31.5085,-66.5055,-0.7473,22.3297,57.1868,-119.6484,24.7462,-66.5055,-0.7473,22.3297,57.1868,-119.6484,24.7462,0.0000,0.0000,0.0000,0.0000,0.0000,0.0000,1
52,1700000002.1067,1700000002.1087,0.0333,-60.9445,4.6964,27.6165,62.7507,-114.1289,29.6647,-58.5934,7.2527,30.5934,65.1868,-111.6484,32.0189,-58.5934,7.2527,30.5934,65.1868,-111.6484,32.0189,0.0000,0.0000,0.0000,0.0000,0.0000,0.0000,0
53,1700000002.1400,1700000002.1420,0.0333,-60.3954,5.3580,28.3730,63.3118,-113.5377,30.3066,-66.5934,-0.7473,23.1209,57.0989,-119.6484,24.7462,-66.5934,-0.7473,23.1209,57.0989,-119.6484,24.7462,0.0000,0.0000,0.0000,0.0000,0.0000,0.0000,0
54,1700000002.1733,1700000002.1753,0.0333,-61.8430,3.7779,27.0383,61.8808,-114.9942,28.7906,-58.6813,7.2527,31.4725,65.0989,-111.6484,32.0189,-58.6813,7.2527,31.4725,65.0989,-111.6484,32.0189,0.0000,0.0000,0.0000,0.0000,0.0000,0.0000,0
55,1700000002.2067,1700000002.2087,0.0333,-61.1046,4.6772,28.1652,62.6220,-114.1967,29.6708,-67.0330,-0.7473,23.5604,57.0989,-119.6484,24.7462,-67.0330,-0.7473,23.5604,57.0989,-119.6484,24.7462,0.0000,0.0000,0.0000,0.0000,0.0000,0.0000,0
56,1700000002.2400,1700000002.2420,0.0333,-62.4891,3.2733,26.9949,61.3499,-115.4961,28.3281,-59.2088,7.2527,31.9121,65.0989,-111.6484,32.0189,-59.2088,7.2527,31.9121,65.0989,-111.6484,32.0189,0.0000,0.0000,0.0000,0.0000,0.0000,0.0000,0
57,1700000002.2733,1700000002.2753,0.0333,-61.7230,4.3032,28.2446,62.2134,-114.5790,29.3344,-67.2088,-0.7473,24.1758,57.0989,-119.6484,24.7462,-67.2088,-0.7473,24.1758,57.0989,-119.6484,24.7462,0.0000,0.0000,0.0000,0.0000,0.0000,0.0000,0
58,1700000002.3067,1700000002.3087,0.0333,-63.0042,2.9961,27.2106,61.0353,-115.7873,28.0834,-59.2967,7.2527,32.2637,65.0989,-111.6484,32.0189,-59.2967,7.2527,32.2637,65.0989,-111.6484,32.0189,0.0000,0.0000,0.0000,0.0000,0.0000,0.0000,0
59,1700000002.3400,1700000002.3420,0.0333,-62.1383,4.0978,28.4948,61.9713,-114.8008,29.1565,-67.3846,-0.7473,24.2637,57.0989,-119.6484,24.7462,-67.3846,-0.7473,24.2637,57.0989,-119.6484,24.7462,0.0000,0.0000,0.0000,0.0000,0.0000,0.0000,0
60,1700000002.3733,1700000002.3753,0.0333,-63.3636,2.8438,27.4195,60.8490,-115.9562,27.9540,-59.3846,7.3407,32.3516,65.0989,-111.6484,32.0189,-59.3846,7.3407,32.3516,65.0989,-111.6484,32.0189,0.0000,0.0000,0.0000,0.0000,0.0000,0.0000,0
61,1700000002.4067,1700000002.4087,0.0333,-62.4343,4.0077,28.6729,61.8279,-114.9294,29.0623,-67.3846,-0.6593,24.3516,57.0989,-119.6484,24.7462,-67.3846,-0.6593,24.3516,57.0989,-119.6484,24.7462,0.0000,0.0000,0.0000,0.0000,0.0000,0.0000,0
62,1700000002.4400,1700000002.4420,0.0333,-63.5905,2.7998,27.5747,60.7387,-116.0542,27.8855,-59.3846,7.3407,32.5275,65.0989,-111.6484,32.0189,-59.3846,7.3407,32.5275,65.0989,-111.6484,32.0189,0.0000,0.0000,0.0000,0.0000,0.0000,0.0000,0
63,1700000002.4733,1700000002.4753,0.0333,-62.6082,3.9750,28.8334,61.7430,-115.0040,29.0125,-67.3846,-0.5714,24.8791,57.0110,-119.6484,24.7462,-67.3846,-0.5714,24.8791,57.0110,-119.6484,24.7462,0.0000,0.0000,0.0000,0.0000,0.0000,0.0000,0
64,1700000002.5067,1700000002.5087,0.0333,-63.7237,2.7983,27.8285,60.6530,-116.1110,27.8493,-59.3846,7.6923,33.0549,65.0110,-111.6484,32.0189,-59.3846,7.6923,33.0549,65.0110,-111.6484,32.0189,0.0000,0.0000,0.0000,0.0000,0.0000,0.0000,0
65,1700000002.5400,1700000002.5420,0.0333,-62.7103,4.0650,29.1567,61.6568,-115.0473,28.9862,-67.3846,0.1319,25.0549,57.0110,-119.6484,24.7462,-67.3846,0.1319,25.0549,57.0110,-119.6484,24.7462,0.0000,0.0000,0.0000,0.0000,0.0000,0.0000,0
66,1700000002.5733,1700000002.5753,0.0333,-63.8020,3.0470,28.1143,60.5867,-116.1440,27.8301,-59.3846,8.4835,33.0549,65.0989,-111.6484,32.0189,-59.3846,8.4835,33.0549,65.0989,-111.6484,32.0189,0.0000,0.0000,0.0000,0.0000,0.0000,0.0000,0
67,1700000002.6067,1700000002.6087,0.0333,-62.7703,4.4540,29.3699,61.6260,-115.0725,28.9722,-67.4725,0.8352,25.0549,57.0989,-119.6484,24.7462,-67.4725,0.8352,25.0549,57.0989,-119.6484,24.7462,0.0000,0.0000,0.0000,0.0000,0.0000,0.0000,0
68,1700000002.6400,1700000002.6420,0.0333,-63.8685,3.5174,28.2733,60.5833,-116.1631,27.8200,-59.4725,9.0989,33.0549,65.0989,-111.6484,31.8634,-59.4725,9.0989,33.0549,65.0989,-111.6484,31.8634,0.0000,0.0000,0.0000,0.0000,0.0000,0.0000,0
69,1700000002.6733,1700000002.6753,0.0333,-62.8418,4.9620,29.4885,61.6234,-115.0870,28.9224,-67.5604,1.2747,24.8791,57.0989,-119.6484,23.8908,-67.5604,1.2747,24.8791,57.0989,-119.6484,23.8908,0.0000,0.0000,0.0000,0.0000,0.0000,0.0000,0
70,1700000002.7067,1700000002.7087,0.0333,-63.9439,4.0077,28.3171,60.5812,-116.1742,27.5506,-59.5604,9.4505,32.7912,65.0989,-111.6484,29.7639,-59.5604,9.4505,32.7912,65.0989,-111.6484,29.7639,0.0000,0.0000,0.0000,0.0000,0.0000,0.0000,0
71,1700000002.7400,1700000002.7420,0.0333,-62.9201,5.4164,29.4541,61.6218,-115.0955,28.1540,-67.5604,1.4505,24.7912,57.0989,-119.6484,20.3916,-67.5604,1.4505,24.7912,57.0989,-119.6484,20.3916,0.0000,0.0000,0.0000,0.0000,0.0000,0.0000,0
72,1700000002.7733,1700000002.7753,0.0333,-64.0039,4.3900,28.2691,60.5800,-116.1807,26.0376,-59.5604,9.4505,32.7912,65.0989,-111.6484,24.8650,-59.5604,9.4505,32.7912,65.0989,-111.6484,24.8650,0.0000,0.0000,0.0000,0.0000,0.0000,0.0000,0
73,1700000002.8067,1700000002.8087,0.0333,-62.9661,5.6997,29.4183,61.6209,-115.1004,25.7179,-67.5604,1.4505,24.7912,57.0989,-119.6484,14.4818,-67.5604,1.4505,24.7912,57.0989,-119.6484,14.4818,0.0000,0.0000,0.0000,0.0000,0.0000,0.0000,0
74,1700000002.8400,1700000002.8420,0.0333,-64.0391,4.6000,28.2424,60.5793,-116.1844,22.6544,-59.5604,9.4505,32.7912,65.0989,-111.6484,18.1776,-59.5604,9.4505,32.7912,65.0989,-111.6484,18.1776,0.0000,0.0000,0.0000,0.0000,0.0000,0.0000,0
75,1700000002.8733,1700000002.8753,0.0333,-62.9931,5.8554,29.3984,61.6203,-115.1032,21.4338,-67.5604,1.4505,24.7912,57.0989,-119.6484,7.3279,-67.5604,1.4505,24.7912,57.0989,-119.6484,7.3279,0.0000,0.0000,0.0000,0.0000,0.0000,0.0000,0
76,1700000002.9067,1700000002.9087,0.0333,-64.0598,4.7153,28.2276,60.5789,-116.1866,17.5878,-59.5604,9.4505,32.8791,65.0989,-111.6484,11.1014,-59.5604,9.4505,32.8791,65.0989,-111.6484,11.1014,0.0000,0.0000,0.0000,0.0000,0.0000,0.0000,0
77,1700000002.9400,1700000002.9420,0.0333,-63.0090,5.9409,29.4097,61.6200,-115.1049,15.8193,-67.5604,1.4505,25.0549,57.0989,-119.6484,0.3294,-67.5604,1.4505,25.0549,57.0989,-119.6484,0.3294,0.0000,0.0000,0.0000,0.0000,0.0000,0.0000,0
78,1700000002.9733,1700000002.9753,0.0333,-64.0720,4.7787,28.3030,60.5786,-116.1878,11.5960,-59.5604,9.4505,33.0549,65.1868,-111.6484,4.8805,-59.5604,9.4505,33.0549,65.1868,-111.6484,4.8805,0.0000,0.0000,0.0000,0.0000,0.0000,0.0000,0
79,1700000003.0067,1700000003.0087,0.0333,-63.0183,5.9878,29.5106,61.6401,-115.1058,9.7650,-67.5604,1.4505,25.0549,57.1868,-119.6484,-2.7032,-67.5604,1.4505,25.0549,57.1868,-119.6484,-2.7032,0.0000,0.0000,0.0000,0.0000,0.0000,0.0000,0
80,1700000003.0400,1700000003.0420,0.0333,-64.0791,4.8135,28.3783,60.6143,-116.1885,6.3655,-59.5604,9.4505,33.0549,65.1868,-111.6484,5.6581,-59.5604,9.4505,33.0549,65.1868,-111.6484,5.6581,0.0000,0.0000,0.0000,0.0000,0.0000,0.0000,0
81,1700000003.0733,1700000003.0753,0.0333,-63.0238,6.0136,29.5668,61.6675,-115.1064,6.1727,-67.5604,1.4505,25.0549,57.1868,-119.6484,-0.9148,-67.5604,1.4505,25.0549,57.1868,-119.6484,-0.9148,0.0000,0.0000,0.0000,0.0000,0.0000,0.0000,0
82,1700000003.1067,1700000003.1087,0.0333,-64.0833,4.8327,28.4202,60.6355,-116.1890,4.2403,-59.3846,9.4505,33.0549,65.1868,-111.6484,6.2802,-59.3846,9.4505,33.0549,65.1868,-111.6484,6.2802,0.0000,0.0000,0.0000,0.0000,0.0000,0.0000,0
83,1700000003.1400,1700000003.1420,0.0333,-62.9859,6.0278,29.5980,61.6838,-115.1067,4.7965,-67.2967,1.3626,25.0549,57.1868,-119.6484,-1.3036,-67.2967,1.3626,25.0549,57.1868,-119.6484,-1.3036,0.0000,0.0000,0.0000,0.0000,0.0000,0.0000,0
84,1700000003.1733,1700000003.1753,0.0333,-63.9927,4.8204,28.4435,60.6480,-116.1892,3.1333,-59.1209,9.2747,33.0549,65.1868,-111.6484,5.8137,-59.1209,9.2747,33.0549,65.1868,-111.6484,5.8137,0.0000,0.0000,0.0000,0.0000,0.0000,0.0000,0
85,1700000003.2067,1700000003.2087,0.0333,-62.8549,5.9732,29.6154,61.6934,-115.1069,3.8641,-67.1209,1.2747,25.0549,57.2747,-119.6484,-1.4591,-67.1209,1.2747,25.0549,57.2747,-119.6484,-1.4591,0.0000,0.0000,0.0000,0.0000,0.0000,0.0000,0
86,1700000003.2400,1700000003.2420,0.0333,-63.8512,4.7572,28.4564,60.6757,-116.1894,2.4127,-59.1209,9.1868,33.0549,65.4506,-111.6484,5.8137,-59.1209,9.1868,33.0549,65.4506,-111.6484,5.8137,0.0000,0.0000,0.0000,0.0000,0.0000,0.0000,0
87,1700000003.2733,1700000003.2753,0.0333,-62.7464,5.9036,29.6251,61.7755,-115.1070,3.3400,-67.1209,1.1868,25.0549,57.4506,-119.6484,-1.4591,-67.1209,1.1868,25.0549,57.4506,-119.6484,-1.4591,0.0000,0.0000,0.0000,0.0000,0.0000,0.0000,0
88,1700000003.3067,1700000003.3087,0.0333,-63.7681,4.6829,28.4636,60.7793,-116.1894,2.0315,-58.9451,8.8352,32.8791,65.4506,-111.6484,5.8137,-58.9451,8.8352,32.8791,65.4506,-111.6484,5.8137,0.0000,0.0000,0.0000,0.0000,0.0000,0.0000,0
89,1700000003.3400,1700000003.3420,0.0333,-62.6417,5.7575,29.5858,61.8552,-115.1071,3.0627,-66.2418,0.3077,23.8242,57.5385,-119.5604,-1.4591,-66.2418,0.3077,23.8242,57.5385,-119.5604,-1.4591,0.0000,0.0000,0.0000,0.0000,0.0000,0.0000,0
90,1700000003.3733,1700000003.3753,0.0333,-63.4825,4.3471,28.1215,60.8609,-116.1685,1.8299,-57.4506,6.9890,30.0659,66.4176,-111.2967,5.8914,-57.4506,6.9890,30.0659,66.4176,-111.2967,5.8914,0.0000,0.0000,0.0000,0.0000,0.0000,0.0000,0
91,1700000003.4067,1700000003.4087,0.0333,-62.0737,5.0308,28.6157,62.1408,-115.0073,2.9372,-64.6593,-2.7692,20.0440,60.1758,-118.3297,-1.3036,-64.6593,-2.7692,20.0440,60.1758,-118.3297,-1.3036,0.0000,0.0000,0.0000,0.0000,0.0000,0.0000,0
92,1700000003.4400,1700000003.4420,0.0333,-62.6776,3.0121,26.4373,61.6882,-115.7992,1.7810,-55.8681,3.2967,25.7582,70.0220,-109.3626,5.9692,-55.8681,3.2967,25.7582,70.0220,-109.3626,5.9692,0.0000,0.0000,0.0000,0.0000,0.0000,0.0000,0
93,1700000003.4733,1700000003.4753,0.0333,-61.0872,3.0858,26.2647,63.6078,-114.2650,2.9229,-62.5494,-6.7253,15.3846,64.3077,-116.3077,-1.3036,-62.5494,-6.7253,15.3846,64.3077,-116.3077,-1.3036,0.0000,0.0000,0.0000,0.0000,0.0000,0.0000,0
94,1700000003.5067,1700000003.5087,0.0333,-61.4287,0.5466,23.4997,63.7690,-114.7519,1.7706,-52.9670,-0.7473,21.0989,75.0330,-106.5495,5.9692,-52.9670,-0.7473,21.0989,75.0330,-106.5495,5.9692,0.0000,0.0000,0.0000,0.0000,0.0000,0.0000,0
95,1700000003.5400,1700000003.5420,0.0333,-59.4525,0.2117,22.8895,66.3635,-112.7968,2.9153,-59.2967,-10.6813,10.7253,70.2857,-112.1758,-1.3036,-59.2967,-10.6813,10.7253,70.2857,-112.1758,-1.3036,0.0000,0.0000,0.0000,0.0000,0.0000,0.0000,0
96,1700000003.5733,1700000003.5753,0.0333,-59.4161,-2.6075,19.7981,67.2669,-112.6488,1.7650,-49.3626,-4.5275,16.0000,81.8901,-101.6264,5.9692,-49.3626,-4.5275,16.0000,81.8901,-101.6264,5.9692,0.0000,0.0000,0.0000,0.0000,0.0000,0.0000,0
97,1700000003.6067,1700000003.6087,0.0333,-57.0681,-3.1044,18.8329,70.6351,-110.0216,2.9113,-54.9011,-14.3736,5.0989,78.1099,-106.6374,-1.2258,-54.9011,-14.3736,5.0989,78.1099,-106.6374,-1.2258,0.0000,0.0000,0.0000,0.0000,0.0000,0.0000,0
98,1700000003.6400,1700000003.6420,0.0333,-56.5620,-6.0210,15.3425,72.3568,-109.2150,1.7833,-44.4396,-8.1319,10.4615,90.1538,-94.9451,6.0469,-44.4396,-8.1319,10.4615,90.1538,-94.9451,6.0469,0.0000,0.0000,0.0000,0.0000,0.0000,0.0000,0
99,1700000003.6733,1700000003.6753,0.0333,-53.7308,-6.5673,14.1021,76.4561,-105.8137,2.9458,-49.4506,-17.8022,0.0879,86.0220,-99.0769,-1.2258,-49.4506,-17.8022,0.0879,86.0220,-99.0769,-1.2258,0.0000,0.0000,0.0000,0.0000,0.0000,0.0000,0
100,1700000003.7067,1700000003.7087,0.0333,-52.7311,-9.4750,10.5406,78.6595,-104.2080,1.8084,-38.1099,-11.2967,6.2418,97.0110,-86.4176,6.0469,-38.1099,-11.2967,6.2418,97.0110,-86.4176,6.0469,0.0000,0.0000,0.0000,0.0000,0.0000,0.0000,1
101,1700000003.9267,1700000003.9287,0.2200,-40.6367,-11.0444,6.8625,93.7506,-89.3672,5.5285,-42.6813,-20.5275,-3.1648,91.2967,-89.3187,-1.2258,-42.6813,-20.5275,-3.1648,91.2967,-89.3187,-1.2258,0.0000,0.0000,0.0000,0.0000,0.0000,0.0000,1
102,1700000003.9600,1700000003.9620,0.0333,-41.1142,-13.4987,4.3141,93.1854,-89.3556,3.6869,-30.9011,-13.8462,4.2198,100.7033,-75.3407,6.0469,-30.9011,-13.8462,4.2198,100.7033,-75.3407,6.0469,0.0000,0.0000,0.0000,0.0000,0.0000,0.0000,0
103,1700000003.9933,1700000003.9953,0.0333,-38.7289,-13.5886,4.2902,94.9170,-86.0151,4.3304,-34.6813,-23.1648,-3.8681,93.0549,-77.0110,-1.3036,-34.6813,-23.1648,-3.8681,93.0549,-77.0110,-1.3036,0.0000,0.0000,0.0000,0.0000,0.0000,0.0000,0
104,1700000004.0267,1700000004.0287,0.0333,-37.7836,-16.0670,2.2168,94.4881,-83.8690,2.7943,-22.7253,-16.1319,3.9560,101.0549,-62.2418,5.9692,-22.7253,-16.1319,3.9560,101.0549,-62.2418,5.9692,0.0000,0.0000,0.0000,0.0000,0.0000,0.0000,0
105,1700000004.0600,1700000004.0620,0.0333,-34.2667,-16.0838,2.6588,96.0007,-78.7141,3.6599,-26.8571,-24.9231,-4.3956,92.6154,-63.7363,-1.3813,-26.8571,-24.9231,-4.3956,92.6154,-63.7363,-1.3813,0.0000,0.0000,0.0000,0.0000,0.0000,0.0000,0
106,1700000004.0933,1700000004.0953,0.0333,-32.5362,-18.3715,0.8660,95.2209,-75.1441,2.2854,-15.0769,-17.5385,2.8132,100.0000,-49.1429,5.8914,-15.0769,-17.5385,2.8132,100.0000,-49.1429,5.8914,0.0000,0.0000,0.0000,0.0000,0.0000,0.0000,0
107,1700000004.1267,1700000004.1287,0.0333,-28.4585,-18.1559,1.3609,96.3217,-68.9466,3.2686,-19.3846,-26.0659,-6.1538,91.5604,-50.5494,-1.3036,-19.3846,-26.0659,-6.1538,91.5604,-50.5494,-1.3036,0.0000,0.0000,0.0000,0.0000,0.0000,0.0000,0
108,1700000004.1600,1700000004.1620,0.0333,-26.3393,-20.2031,-0.5489,95.2250,-64.5616,2.0220,-7.8681,-18.4176,0.7033,99.1209,-36.2198,5.8914,-7.8681,-18.4176,0.7033,99.1209,-36.2198,5.8914,0.0000,0.0000,0.0000,0.0000,0.0000,0.0000,0
109,1700000004.1933,1700000004.1953,0.0333,-22.0253,-19.7410,-0.2307,96.1224,-57.8063,3.0770,-12.7912,-26.5934,-8.6154,90.5934,-37.4506,-1.3813,-12.7912,-26.5934,-8.6154,90.5934,-37.4506,-1.3813,0.0000,0.0000,0.0000,0.0000,0.0000,0.0000,0
110,1700000004.2267,1700000004.2287,0.0333,-19.8687,-21.5145,-2.3616,94.8489,-52.9544,1.8614,-1.9780,-18.5055,-1.9341,97.6264,-22.8571,5.8914,-1.9780,-18.5055,-1.9341,97.6264,-22.8571,5.8914,0.0000,0.0000,0.0000,0.0000,0.0000,0.0000,0
111,1700000004.2600,1700000004.2620,0.0333,-15.6903,-20.7357,-2.2529,95.4886,-45.7807,2.9602,-7.6044,-26.4176,-10.9011,88.1319,-24.2637,-1.3813,-7.6044,-26.4176,-10.9011,88.1319,-24.2637,-1.3813,0.0000,0.0000,0.0000,0.0000,0.0000,0.0000,0
112,1700000004.2933,1700000004.2953,0.0333,-13.8018,-22.2062,-4.4507,93.7941,-40.6521,1.7765,2.4176,-18.3297,-3.2527,93.7582,-10.3736,5.8914,2.4176,-18.3297,-3.2527,93.7582,-10.3736,5.8914,0.0000,0.0000,0.0000,0.0000,0.0000,0.0000,0
113,1700000004.3267,1700000004.3287,0.0333,-10.0137,-21.2029,-4.1463,93.7858,-33.4351,2.8984,-3.9121,-26.0659,-11.1648,83.0330,-13.3626,-1.3813,-3.9121,-26.0659,-11.1648,83.0330,-13.3626,-1.3813,0.0000,0.0000,0.0000,0.0000,0.0000,0.0000,0
114,1700000004.3600,1700000004.3620,0.0333,-8.5887,-22.4615,-5.9300,91.3091,-28.6508,1.7316,5.4066,-17.6264,-3.1648,88.8352,-1.7582,5.8914,5.4066,-17.6264,-3.1648,88.8352,-1.7582,5.8914,0.0000,0.0000,0.0000,0.0000,0.0000,0.0000,0
115,1700000004.3933,1700000004.3953,0.0333,-5.3201,-21.2101,-5.2272,90.7393,-22.2409,2.8657,-1.7143,-24.9231,-11.3407,79.7802,-8.0000,-1.3813,-1.7143,-24.9231,-11.3407,79.7802,-8.0000,-1.3813,0.0000,0.0000,0.0000,0.0000,0.0000,0.0000,0
116,1700000004.4267,1700000004.4287,0.0333,-4.4779,-22.1711,-6.7809,88.2150,-18.8465,1.7078,6.9890,-16.1319,-3.3407,86.9011,0.3516,5.8914,6.9890,-16.1319,-3.3407,86.9011,0.3516,5.8914,0.0000,0.0000,0.0000,0.0000,0.0000,0.0000,0
117,1700000004.4600,1700000004.4620,0.0333,-1.7998,-20.6081,-5.9066,87.9124,-14.2706,2.8485,-0.6593,-22.9890,-11.4286,78.2857,-7.6484,-1.3813,-0.6593,-22.9890,-11.4286,78.2857,-7.6484,-1.3813,0.0000,0.0000,0.0000,0.0000,0.0000,0.0000,0
118,1700000004.4933,1700000004.4953,0.0333,-1.5334,-21.2243,-7.3099,85.6950,-12.6922,1.6952,7.4286,-13.7582,-3.5165,85.7582,0.4396,5.8914,7.4286,-13.7582,-3.5165,85.7582,0.4396,5.8914,0.0000,0.0000,0.0000,0.0000,0.0000,0.0000,0
119,1700000004.5267,1700000004.5287,0.0333,0.5596,-19.2920,-6.3459,85.7096,-9.5622,2.8393,-0.7473,-20.3516,-11.8681,77.3187,-7.5604,-1.3813,-0.7473,-20.3516,-11.8681,77.3187,-7.5604,-1.3813,0.0000,0.0000,0.0000,0.0000,0.0000,0.0000,0
120,1700000004.5600,1700000004.5620,0.0333,0.2544,-19.5662,-7.7493,83.7769,-9.0851,1.6886,7.1648,-10.8571,-4.4835,84.9670,0.4396,5.8914,7.1648,-10.8571,-4.4835,84.9670,0.4396,5.8914,0.0000,0.0000,0.0000,0.0000,0.0000,0.0000,0
121,1700000004.5933,1700000004.5953,0.0333,1.8684,-17.3122,-6.9193,84.0510,-6.8149,2.8345,-1.1868,-17.0989,-13.2747,76.5275,-7.4725,-1.3036,-1.1868,-17.0989,-13.2747,76.5275,-7.4725,-1.3036,0.0000,0.0000,0.0000,0.0000,0.0000,0.0000,0
122,1700000004.6267,1700000004.6287,0.0333,1.1548,-17.2570,-8.5345,82.3181,-6.9716,1.7062,6.1978,-7.3407,-6.3297,84.0879,0.5275,5.9692,6.1978,-7.3407,-6.3297,84.0879,0.5275,5.9692,0.0000,0.0000,0.0000,0.0000,0.0000,0.0000,0
123,1700000004.6600,1700000004.6620,0.0333,2.3326,-14.6906,-7.9742,82.7257,-5.1842,2.8685,-2.2418,-13.4066,-15.9121,75.8242,-7.4725,-1.3813,-2.2418,-13.4066,-15.9121,75.8242,-7.4725,-1.3813,0.0000,0.0000,0.0000,0.0000,0.0000,0.0000,0
124,1700000004.6933,1700000004.6953,0.0333,1.2643,-14.3583,-9.9915,81.1361,-5.7296,1.7098,5.4066,-3.3846,-9.5824,83.6484,0.5275,5.8914,5.4066,-3.3846,-9.5824,83.6484,0.5275,5.8914,0.0000,0.0000,0.0000,0.0000,0.0000,0.0000,0
125,1700000004.7267,1700000004.7287,0.0333,2.2317,-11.5182,-9.8875,81.7147,-4.2382,2.8499,-2.6813,-9.3626,-19.3407,75.6484,-7.4725,-1.3813,-2.6813,-9.3626,-19.3407,75.6484,-7.4725,-1.3813,0.0000,0.0000,0.0000,0.0000,0.0000,0.0000,0
126,1700000004.7600,1700000004.7620,0.0333,1.0843,-10.9603,-12.2899,80.3174,-5.0091,1.6963,5.2308,0.7473,-13.0989,83.6484,0.5275,5.8914,5.2308,0.7473,-13.0989,83.6484,0.5275,5.8914,0.0000,0.0000,0.0000,0.0000,0.0000,0.0000,0
127,1700000004.7933,1700000004.7953,0.0333,2.0527,-7.9303,-12.4955,81.0847,-3.6895,2.8401,-3.0330,-5.2308,-23.1209,75.6484,-7.4725,-1.3036,-3.0330,-5.2308,-23.1209,75.6484,-7.4725,-1.3036,0.0000,0.0000,0.0000,0.0000,0.0000,0.0000,0
128,1700000004.8267,1700000004.8287,0.0333,0.8649,-7.2316,-15.1958,79.8325,-4.5912,1.7103,4.0879,4.8791,-17.3187,83.6484,0.5275,5.9692,4.0879,4.8791,-17.3187,83.6484,0.5275,5.9692,0.0000,0.0000,0.0000,0.0000,0.0000,0.0000,0
129,1700000004.8600,1700000004.8620,0.0333,1.6177,-4.0972,-15.7353,80.7114,-3.3711,2.8715,-4.5275,-1.2747,-27.4286,75.7363,-7.4725,-1.3813,-4.5275,-1.2747,-27.4286,75.7363,-7.4725,-1.3813,0.0000,0.0000,0.0000,0.0000,0.0000,0.0000,0
130,1700000004.8933,1700000004.8953,0.0333,0.1825,-3.3667,-18.7070,79.5655,-4.3487,1.7120,2.8571,8.4835,-21.2747,83.8242,0.5275,5.8914,2.8571,8.4835,-21.2747,83.8242,0.5275,5.8914,0.0000,0.0000,0.0000,0.0000,0.0000,0.0000,0
131,1700000004.9267,1700000004.9287,0.0333,0.8071,-0.2998,-19.3596,80.5464,-3.1865,2.8515,-5.4945,2.0659,-30.8571,76.3516,-7.4725,-1.3813,-5.4945,2.0659,-30.8571,76.3516,-7.4725,-1.3813,0.0000,0.0000,0.0000,0.0000,0.0000,0.0000,0
132,1700000004.9600,1700000004.9620,0.0333,-0.6646,0.3125,-22.2816,79.5802,-4.2081,1.6974,2.0659,11.5604,-24.5275,85.2308,0.5275,5.8914,2.0659,11.5604,-24.5275,85.2308,0.5275,5.8914,0.0000,0.0000,0.0000,0.0000,0.0000,0.0000,0
133,1700000004.9933,1700000004.9953,0.0333,-0.0269,3.2236,-22.8523,80.8817,-3.0793,2.8409,-6.3736,4.9670,-34.1978,78.0220,-7.4725,-1.3813,-6.3736,4.9670,-34.1978,78.0220,-7.4725,-1.3813,0.0000,0.0000,0.0000,0.0000,0.0000,0.0000,0
134,1700000005.0267,1700000005.0287,0.0333,-1.5092,3.6748,-25.7357,80.2230,-4.1265,1.6897,1.3626,14.3736,-27.6044,86.4615,0.5275,5.8914,1.3626,14.3736,-27.6044,86.4615,0.5275,5.8914,0.0000,0.0000,0.0000,0.0000,0.0000,0.0000,0
135,1700000005.0600,1700000005.0620,0.0333,-0.8385,6.4438,-26.2106,81.6600,-3.0172,2.8353,-6.9890,7.7802,-36.7473,78.6374,-7.4725,-1.3036,-6.9890,7.7802,-36.7473,78.6374,-7.4725,-1.3036,0.0000,0.0000,0.0000,0.0000,0.0000,0.0000,0
136,1700000005.0933,1700000005.0953,0.0333,-2.2749,6.7897,-28.8883,80.9638,-4.0791,1.7069,0.7473,16.8352,-29.7143,86.8132,0.5275,6.0469,0.7473,16.8352,-29.7143,86.8132,0.5275,6.0469,0.0000,0.0000,0.0000,0.0000,0.0000,0.0000,0
137,1700000005.1267,1700000005.1287,0.0333,-1.5691,9.3895,-29.0982,82.3111,-2.9811,2.8902,-7.4286,9.8901,-38.8571,78.9890,-7.4725,-1.1480,-7.4286,9.8901,-38.8571,78.9890,-7.4725,-1.1480,0.0000,0.0000,0.0000,0.0000,0.0000,0.0000,0
138,1700000005.1600,1700000005.1620,0.0333,-2.9376,9.5191,-31.5784,81.5459,-4.0517,1.7892,0.5714,18.7692,-31.6483,86.9890,0.5275,6.1247,0.5714,18.7692,-31.6483,86.9890,0.5275,6.1247,0.0000,0.0000,0.0000,0.0000,0.0000,0.0000,0
139,1700000005.1933,1700000005.1953,0.0333,-2.1181,11.9131,-31.5961,82.7996,-2.9602,2.9712,-7.4286,11.4725,-40.3517,79.1648,-7.4725,-1.1480,-7.4286,11.4725,-40.3517,79.1648,-7.4725,-1.1480,0.0000,0.0000,0.0000,0.0000,0.0000,0.0000,0
140,1700000005.2267,1700000005.2287,0.0333,-3.3583,11.7991,-33.8213,81.9624,-4.0357,1.8481,0.5714,20.2637,-33.2308,87.2527,0.5275,6.1247,0.5714,20.2637,-33.2308,87.2527,0.5275,6.1247,0.0000,0.0000,0.0000,0.0000,0.0000,0.0000,0
141,1700000005.2600,1700000005.2620,0.0333,-2.4405,13.9898,-33.6712,83.1810,-2.9481,3.0141,-7.3407,12.7912,-42.0220,79.3407,-7.4725,-1.0703,-7.3407,12.7912,-42.0220,79.3407,-7.4725,-1.0703,0.0000,0.0000,0.0000,0.0000,0.0000,0.0000,0
142,1700000005.2933,1700000005.2953,0.0333,-3.5850,13.6796,-35.7934,82.2964,-4.0265,1.9005,0.6593,21.4066,-34.5494,87.3407,0.5275,6.2025,0.6593,21.4066,-34.5494,87.3407,0.5275,6.2025,0.0000,0.0000,0.0000,0.0000,0.0000,0.0000,0
143,1700000005.3267,1700000005.3287,0.0333,-2.5937,15.6794,-35.4773,83.4583,-2.9410,3.0734,-7.2527,14.0220,-42.8132,79.2527,-7.4725,-1.0703,-7.2527,14.0220,-42.8132,79.2527,-7.4725,-1.0703,0.0000,0.0000,0.0000,0.0000,0.0000,0.0000,0
144,1700000005.3600,1700000005.3620,0.0333,-3.6818,15.2505,-37.3416,82.4896,-4.0211,1.9437,0.7473,22.6374,-34.9890,87.2527,0.5275,6.2025,0.7473,22.6374,-34.9890,87.2527,0.5275,6.2025,0.0000,0.0000,0.0000,0.0000,0.0000,0.0000,0
145,1700000005.3933,1700000005.3953,0.0333,-2.6474,17.1623,-36.7437,83.5867,-2.9370,3.1048,-7.2527,15.2527,-43.2527,79.2527,-7.4725,-1.0703,-7.2527,15.2527,-43.2527,79.2527,-7.4725,-1.0703,0.0000,0.0000,0.0000,0.0000,0.0000,0.0000,0
146,1700000005.4267,1700000005.4287,0.0333,-3.7230,16.6681,-38.3979,82.5885,-4.0180,1.9665,0.7473,23.6923,-35.4286,87.3407,0.5275,6.2025,0.7473,23.6923,-35.4286,87.3407,0.5275,6.2025,0.0000,0.0000,0.0000,0.0000,0.0000,0.0000,0
147,1700000005.4600,1700000005.4620,0.0333,-2.6790,18.4860,-37.6433,83.6830,-2.9346,3.1214,-7.2527,16.0440,-43.5165,79.3407,-7.4725,-1.0703,-7.2527,16.0440,-43.5165,79.3407,-7.4725,-1.0703,0.0000,0.0000,0.0000,0.0000,0.0000,0.0000,0
148,1700000005.4933,1700000005.4953,0.0333,-3.7472,17.8540,-39.1359,82.6828,-4.0162,1.9786,0.6593,24.3077,-35.5165,87.3407,0.5275,6.2025,0.6593,24.3077,-35.5165,87.3407,0.5275,6.2025,0.0000,0.0000,0.0000,0.0000,0.0000,0.0000,0
149,1700000005.5267,1700000005.5287,0.0333,-2.7180,19.5243,-38.2161,83.7557,-2.9332,3.1302,-7.3407,16.3956,-43.5165,79.3407,-7.4725,-1.0703,-7.3407,16.3956,-43.5165,79.3407,-7.4725,-1.0703,0.0000,0.0000,0.0000,0.0000,0.0000,0.0000,0
150,1700000005.5600,1700000005.5620,0.0333,-3.7977,18.7145,-39.5631,82.7388,-4.0152,1.9849,0.6593,24.3956,-35.3407,87.3407,0.5275,6.2025,0.6593,24.3956,-35.3407,87.3407,0.5275,6.2025,0.0000,0.0000,0.0000,0.0000,0.0000,0.0000,1
151,1700000005.7800,1700000005.7820,0.2200,-0.1109,23.6086,-35.9503,86.5231,-0.2257,5.6866,-7.3407,16.3956,-43.1648,79.3407,-7.4725,-1.0703,-7.3407,16.3956,-43.1648,79.3407,-7.4725,-1.0703,0.0000,0.0000,0.0000,0.0000,0.0000,0.0000,1
152,1700000005.8133,1700000005.8153,0.0333,-1.7994,21.7418,-37.7838,84.8687,-1.9530,3.8443,0.6593,24.4835,-35.0769,87.3407,0.5275,6.2025,0.6593,24.4835,-35.0769,87.3407,0.5275,6.2025,0.0000,0.0000,0.0000,0.0000,0.0000,0.0000,0
153,1700000005.8467,1700000005.8487,0.0333,-1.2252,22.4514,-37.0959,85.4381,-1.3618,4.4873,-7.3407,16.5714,-42.9011,79.1648,-7.4725,-1.0703,-7.3407,16.5714,-42.9011,79.1648,-7.4725,-1.0703,0.0000,0.0000,0.0000,0.0000,0.0000,0.0000,0
154,1700000005.8800,1700000005.8820,0.0333,-2.6535,20.9296,-38.5712,83.9931,-2.8183,2.9720,0.6593,24.8352,-34.3736,87.0769,0.5275,6.2025,0.6593,24.8352,-34.3736,87.0769,0.5275,6.2025,0.0000,0.0000,0.0000,0.0000,0.0000,0.0000,0
155,1700000005.9133,1700000005.9153,0.0333,-1.8797,21.9404,-37.5045,84.7034,-2.0208,3.8528,-7.3407,17.3626,-42.2857,78.7253,-7.4725,-1.0703,-7.3407,17.3626,-42.2857,78.7253,-7.4725,-1.0703,0.0000,0.0000,0.0000,0.0000,0.0000,0.0000,0
156,1700000005.9467,1700000005.9487,0.0333,-3.1552,20.7556,-38.7196,83.3265,-3.3202,2.5105,0.6593,25.9780,-34.3736,86.6374,0.5275,6.2025,0.6593,25.9780,-34.3736,86.6374,0.5275,6.2025,0.0000,0.0000,0.0000,0.0000,0.0000,0.0000,0
157,1700000005.9800,1700000005.9820,0.0333,-2.2643,22.1072,-37.6151,84.0891,-2.4031,3.5171,-7.3407,18.5934,-42.5494,78.5495,-7.4725,-1.0703,-7.3407,18.5934,-42.5494,78.5495,-7.4725,-1.0703,0.0000,0.0000,0.0000,0.0000,0.0000,0.0000,0
158,1700000006.0133,1700000006.0153,0.0333,-3.4499,21.1978,-38.8691,82.8131,-3.6114,2.2664,0.6593,27.1209,-35.0769,86.4615,0.5275,6.2025,0.6593,27.1209,-35.0769,86.4615,0.5275,6.2025,0.0000,0.0000,0.0000,0.0000,0.0000,0.0000,0
159,1700000006.0467,1700000006.0487,0.0333,-2.4902,22.7308,-37.9054,83.6535,-2.6249,3.3395,-7.3407,19.6484,-43.4286,78.3736,-7.4725,-1.0703,-7.3407,19.6484,-43.4286,78.3736,-7.4725,-1.0703,0.0000,0.0000,0.0000,0.0000,0.0000,0.0000,0
160,1700000006.0800,1700000006.0820,0.0333,-3.6230,21.9330,-39.3090,82.4373,-3.7804,2.1372,0.5714,28.1758,-35.9560,86.2857,0.5275,6.2025,0.5714,28.1758,-35.9560,86.2857,0.5275,6.2025,0.0000,0.0000,0.0000,0.0000,0.0000,0.0000,0
161,1700000006.1133,1700000006.1153,0.0333,-2.6434,23.5487,-38.4569,83.3238,-2.7536,3.2456,-7.4286,20.7033,-44.6593,78.2857,-7.4725,-1.0703,-7.4286,20.7033,-44.6593,78.2857,-7.4725,-1.0703,0.0000,0.0000,0.0000,0.0000,0.0000,0.0000,0
162,1700000006.1467,1700000006.1487,0.0333,-3.7610,22.8123,-40.0332,82.1633,-3.8783,2.0689,0.3956,29.2308,-37.1868,86.2857,0.5275,6.2025,0.3956,29.2308,-37.1868,86.2857,0.5275,6.2025,0.0000,0.0000,0.0000,0.0000,0.0000,0.0000,0
163,1700000006.1800,1700000006.1820,0.0333,-2.7902,24.4735,-39.3098,83.1128,-2.8282,3.1959,-8.0440,21.7582,-45.7143,78.2857,-7.4725,-1.0703,-8.0440,21.7582,-45.7143,78.2857,-7.4725,-1.0703,0.0000,0.0000,0.0000,0.0000,0.0000,0.0000,0
164,1700000006.2133,1700000006.2153,0.0333,-4.0172,23.7707,-40.9374,82.0010,-3.9352,2.0327,-0.2198,30.1978,-38.3297,86.2857,0.5275,6.2025,-0.2198,30.1978,-38.3297,86.2857,0.5275,6.2025,0.0000,0.0000,0.0000,0.0000,0.0000,0.0000,0
165,1700000006.2467,1700000006.2487,0.0333,-3.1303,25.4341,-40.2747,82.9879,-2.8715,3.1696,-8.3077,22.6374,-46.8571,78.2857,-7.4725,-1.0703,-8.3077,22.6374,-46.8571,78.2857,-7.4725,-1.0703,0.0000,0.0000,0.0000,0.0000,0.0000,0.0000,0
166,1700000006.2800,1700000006.2820,0.0333,-4.3395,24.7103,-41.9476,81.9048,-3.9682,2.0136,-0.3956,31.0769,-39.3846,86.2857,0.5275,6.2025,-0.3956,31.0769,-39.3846,86.2857,0.5275,6.2025,0.0000,0.0000,0.0000,0.0000,0.0000,0.0000,0
167,1700000006.3133,1700000006.3153,0.0333,-3.4184,26.3580,-41.2962,82.9139,-2.8966,3.1557,-8.4835,23.4286,-47.7363,78.2857,-7.4725,-1.0703,-8.4835,23.4286,-47.7363,78.2857,-7.4725,-1.0703,0.0000,0.0000,0.0000,0.0000,0.0000,0.0000,0
168,1700000006.3467,1700000006.3487,0.0333,-4.6014,25.5999,-42.9329,81.8479,-3.9873,2.0035,-0.7473,31.6923,-40.1758,86.2857,0.5275,6.2025,-0.7473,31.6923,-40.1758,86.2857,0.5275,6.2025,0.0000,0.0000,0.0000,0.0000,0.0000,0.0000,0
169,1700000006.3800,1700000006.3820,0.0333,-3.7012,27.1767,-42.2322,82.8701,-2.9112,3.1483,-9.0110,23.9560,-48.5275,78.2857,-7.4725,-1.0703,-9.0110,23.9560,-48.5275,78.2857,-7.4725,-1.0703,0.0000,0.0000,0.0000,0.0000,0.0000,0.0000,0
170,1700000006.4133,1700000006.4153,0.0333,-4.9413,26.3431,-43.8321,81.8141,-3.9984,1.9981,-1.0989,32.1319,-40.7033,86.2857,0.5275,6.2025,-1.0989,32.1319,-40.7033,86.2857,0.5275,6.2025,0.0000,0.0000,0.0000,0.0000,0.0000,0.0000,0
171,1700000006.4467,1700000006.4487,0.0333,-4.0439,27.8413,-43.0369,82.8441,-2.9196,3.1444,-9.1868,24.3956,-48.7912,78.2857,-7.4725,-1.0703,-9.1868,24.3956,-48.7912,78.2857,-7.4725,-1.0703,0.0000,0.0000,0.0000,0.0000,0.0000,0.0000,0
172,1700000006.4800,1700000006.4820,0.0333,-5.2451,26.9495,-44.4993,81.7941,-4.0048,1.9953,-1.1868,32.5714,-40.7912,86.2857,0.5275,6.2025,-1.1868,32.5714,-40.7912,86.2857,0.5275,6.2025,0.0000,0.0000,0.0000,0.0000,0.0000,0.0000,0
173,1700000006.5133,1700000006.5153,0.0333,-4.2972,28.4045,-43.5569,82.8287,-2.9245,3.1424,-9.2747,24.6593,-48.7912,78.2857,-7.4725,-1.0703,-9.2747,24.6593,-48.7912,78.2857,-7.4725,-1.0703,0.0000,0.0000,0.0000,0.0000,0.0000,0.0000,0
174,1700000006.5467,1700000006.5487,0.0333,-5.4597,27.4352,-44.8872,81.7823,-4.0086,1.9938,-1.2747,32.6593,-40.7912,86.2857,0.5275,6.2025,-1.2747,32.6593,-40.7912,86.2857,0.5275,6.2025,0.0000,0.0000,0.0000,0.0000,0.0000,0.0000,0
175,1700000006.5800,1700000006.5820,0.0333,-4.4823,28.7873,-43.8462,82.8196,-2.9274,3.1413,-9.2747,24.6593,-48.7912,78.2857,-7.4725,-1.0703,-9.2747,24.6593,-48.7912,78.2857,-7.4725,-1.0703,0.0000,0.0000,0.0000,0.0000,0.0000,0.0000,0
176,1700000006.6133,1700000006.6153,0.0333,-5.6016,27.7189,-45.1029,81.7753,-4.0107,1.9930,-1.2747,32.6593,-40.7912,86.2857,0.5275,6.2025,-1.2747,32.6593,-40.7912,86.2857,0.5275,6.2025,0.0000,0.0000,0.0000,0.0000,0.0000,0.0000,0
177,1700000006.6467,1700000006.6487,0.0333,-4.5911,28.9976,-44.0072,82.8142,-2.9290,3.1407,-9.2747,24.7473,-48.7912,78.2857,-7.4725,-1.0703,-9.2747,24.7473,-48.7912,78.2857,-7.4725,-1.0703,0.0000,0.0000,0.0000,0.0000,0.0000,0.0000,0
178,1700000006.6800,1700000006.6820,0.0333,-5.6849,27.8975,-45.2230,81.7711,-4.0120,1.9926,-1.2747,32.7473,-40.6154,86.2857,0.5275,6.2025,-1.2747,32.7473,-40.6154,86.2857,0.5275,6.2025,0.0000,0.0000,0.0000,0.0000,0.0000,0.0000,0
179,1700000006.7133,1700000006.7153,0.0333,-4.6549,29.1527,-44.0520,82.8110,-2.9300,3.1404,-9.2747,24.7473,-48.5275,78.2857,-7.4725,-0.9925,-9.2747,24.7473,-48.5275,78.2857,-7.4725,-0.9925,0.0000,0.0000,0.0000,0.0000,0.0000,0.0000,0
180,1700000006.7467,1700000006.7487,0.0333,-5.7339,28.0125,-45.1894,81.7687,-4.0127,2.0136,-1.2747,32.7473,-40.5275,86.2857,0.5275,6.2802,-1.2747,32.7473,-40.5275,86.2857,0.5275,6.2802,0.0000,0.0000,0.0000,0.0000,0.0000,0.0000,0
181,1700000006.7800,1700000006.7820,0.0333,-4.6924,29.2379,-44.0046,82.8091,-2.9306,3.1769,-9.2747,24.8352,-48.5275,78.2857,-7.4725,-0.9925,-9.2747,24.8352,-48.5275,78.2857,-7.4725,-0.9925,0.0000,0.0000,0.0000,0.0000,0.0000,0.0000,0
182,1700000006.8133,1700000006.8153,0.0333,-5.7626,28.0984,-45.1541,81.7672,-4.0131,2.0401,-1.2747,33.0110,-40.5275,86.2857,0.5275,6.2802,-1.2747,33.0110,-40.5275,86.2857,0.5275,6.2802,0.0000,0.0000,0.0000,0.0000,0.0000,0.0000,0
183,1700000006.8467,1700000006.8487,0.0333,-4.7145,29.3699,-43.9783,82.8080,-2.9309,3.1962,-9.2747,25.2747,-48.5275,78.2857,-7.4725,-0.9148,-9.2747,25.2747,-48.5275,78.2857,-7.4725,-0.9148,0.0000,0.0000,0.0000,0.0000,0.0000,0.0000,0
184,1700000006.8800,1700000006.8820,0.0333,-5.7795,28.3100,-45.1344,81.7663,-4.0134,2.0753,-1.2747,33.4506,-40.7033,86.2857,0.5275,6.3580,-1.2747,33.4506,-40.7033,86.2857,0.5275,6.3580,0.0000,0.0000,0.0000,0.0000,0.0000,0.0000,0
185,1700000006.9133,1700000006.9153,0.0333,-4.7274,29.6404,-44.0083,82.8073,-2.9311,3.2430,-9.2747,25.6264,-48.7033,78.2857,-7.4725,-0.9148,-9.2747,25.6264,-48.7033,78.2857,-7.4725,-0.9148,0.0000,0.0000,0.0000,0.0000,0.0000,0.0000,0
186,1700000006.9467,1700000006.9487,0.0333,-5.7895,28.6015,-45.2015,81.7658,-4.0135,2.1094,-1.2747,33.6264,-40.7033,86.2857,0.5275,6.5913,-1.2747,33.6264,-40.7033,86.2857,0.5275,6.5913,0.0000,0.0000,0.0000,0.0000,0.0000,0.0000,0
187,1700000006.9800,1700000006.9820,0.0333,-4.7350,29.9020,-44.0583,82.8069,-2.9312,3.3314,-9.2747,25.6264,-48.7033,78.2857,-7.4725,0.4072,-9.2747,25.6264,-48.7033,78.2857,-7.4725,0.4072,0.0000,0.0000,0.0000,0.0000,0.0000,0.0000,0
188,1700000007.0133,1700000007.0153,0.0333,-5.7953,28.7954,-45.2388,81.7655,-4.0136,2.5341,-1.3626,33.6264,-40.7033,86.2857,0.5275,9.5462,-1.3626,33.6264,-40.7033,86.2857,0.5275,9.5462,0.0000,0.0000,0.0000,0.0000,0.0000,0.0000,0
189,1700000007.0467,1700000007.0487,0.0333,-4.7600,30.0457,-44.0861,82.8067,-2.9312,4.4459,-9.3626,25.6264,-48.6154,78.2857,-7.4725,4.6840,-9.3626,25.6264,-48.6154,78.2857,-7.4725,4.6840,0.0000,0.0000,0.0000,0.0000,0.0000,0.0000,0
190,1700000007.0800,1700000007.0820,0.0333,-5.8350,28.9020,-45.2372,81.7653,-4.0137,4.5108,-1.3626,33.6264,-40.5275,86.2857,0.5275,14.8339,-1.3626,33.6264,-40.5275,86.2857,0.5275,14.8339,0.0000,0.0000,0.0000,0.0000,0.0000,0.0000,0
191,1700000007.1133,1700000007.1153,0.0333,-4.7905,30.1247,-44.0403,82.8065,-2.9313,7.3254,-9.3626,25.6264,-48.4396,78.2857,-7.4725,10.4383,-9.3626,25.6264,-48.4396,78.2857,-7.4725,10.4383,0.0000,0.0000,0.0000,0.0000,0.0000,0.0000,0
192,1700000007.1467,1700000007.1487,0.0333,-5.8583,28.9605,-45.1583,81.7652,-4.0137,8.1741,-1.3626,33.6264,-40.4396,86.2857,0.5275,20.5104,-1.3626,33.6264,-40.4396,86.2857,0.5275,20.5104,0.0000,0.0000,0.0000,0.0000,0.0000,0.0000,0
193,1700000007.1800,1700000007.1820,0.0333,-4.8083,30.1681,-43.9591,82.8065,-2.9313,11.5376,-9.3626,25.6264,-48.4396,78.2857,-7.4725,15.4927,-9.3626,25.6264,-48.4396,78.2857,-7.4725,15.4927,0.0000,0.0000,0.0000,0.0000,0.0000,0.0000,0
194,1700000007.2133,1700000007.2153,0.0333,-5.8720,28.9926,-45.0977,81.7652,-4.0137,12.6160,-1.3626,33.7143,-40.4396,86.4615,0.5275,24.3984,-1.3626,33.7143,-40.4396,86.4615,0.5275,24.3984,0.0000,0.0000,0.0000,0.0000,0.0000,0.0000,0
195,1700000007.2467,1700000007.2487,0.0333,-4.8188,30.2146,-43.9139,82.8469,-2.9313,15.8285,-9.3626,25.7143,-48.3517,78.5495,-7.4725,17.9811,-9.3626,25.7143,-48.3517,78.5495,-7.4725,17.9811,0.0000,0.0000,0.0000,0.0000,0.0000,0.0000,0
196,1700000007.2800,1700000007.2820,0.0333,-5.8800,29.0499,-45.0417,81.8571,-4.0137,16.4154,-1.3626,33.7143,-40.3517,86.5495,0.5275,25.3315,-1.3626,33.7143,-40.3517,86.5495,0.5275,25.3315,0.0000,0.0000,0.0000,0.0000,0.0000,0.0000,0
197,1700000007.3133,1700000007.3153,0.0333,-4.8250,30.2571,-43.8498,82.9379,-2.9313,18.8464,-9.3626,25.7143,-48.3517,78.6374,-7.4725,18.0588,-9.3626,25.7143,-48.3517,78.6374,-7.4725,18.0588,0.0000,0.0000,0.0000,0.0000,0.0000,0.0000,0
198,1700000007.3467,1700000007.3487,0.0333,-5.8848,29.0814,-44.9939,81.9473,-4.0137,18.6316,-1.3626,33.7143,-40.3517,86.9011,0.5275,25.3315,-1.3626,33.7143,-40.3517,86.9011,0.5275,25.3315,0.0000,0.0000,0.0000,0.0000,0.0000,0.0000,0
199,1700000007.3800,1700000007.3820,0.0333,-4.8286,30.2804,-43.8141,83.0883,-2.9313,20.4584,-9.3626,25.7143,-48.3517,79.2527,-7.4725,18.0588,-9.3626,25.7143,-48.3517,79.2527,-7.4725,18.0588,0.0000,0.0000,0.0000,0.0000,0.0000,0.0000,0
200,1700000007.4133,1700000007.4153,0.0333,-5.8875,29.0987,-44.9673,82.2049,-4.0137,19.8041,-1.3626,33.7143,-40.4396,87.6044,0.5275,25.3315,-1.3626,33.7143,-40.4396,87.6044,0.5275,25.3315,0.0000,0.0000,0.0000,0.0000,0.0000,0.0000,1
201,1700000007.6333,1700000007.6353,0.2200,-2.1446,33.0749,-41.0933,86.6451,-0.2254,24.6554,-9.6264,25.6264,-48.4396,80.2198,-7.4725,18.0588,-9.6264,25.6264,-48.4396,80.2198,-7.4725,18.0588,0.0000,0.0000,0.0000,0.0000,0.0000,0.0000,1
202,1700000007.6667,1700000007.6687,0.0333,-3.8920,31.1471,-42.9603,85.1651,-1.9528,22.8569,-1.9780,33.6264,-40.4396,89.0110,0.5275,25.3315,-1.9780,33.6264,-40.4396,89.0110,0.5275,25.3315,0.0000,0.0000,0.0000,0.0000,0.0000,0.0000,0
203,1700000007.7000,1700000007.7020,0.0333,-3.4450,31.7888,-42.3197,86.0510,-1.3616,23.5316,-10.3297,25.6264,-48.4396,81.8901,-7.4725,18.0588,-10.3297,25.6264,-48.4396,81.8901,-7.4725,18.0588,0.0000,0.0000,0.0000,0.0000,0.0000,0.0000,0
204,1700000007.7333,1700000007.7353,0.0333,-5.0529,30.1939,-43.8750,85.0926,-2.8182,22.0394,-2.4176,33.6264,-40.4396,90.4176,0.5275,25.3315,-2.4176,33.6264,-40.4396,90.4176,0.5275,25.3315,0.0000,0.0000,0.0000,0.0000,0.0000,0.0000,0
205,1700000007.7667,1700000007.7687,0.0333,-4.4374,31.0823,-43.0019,86.3191,-2.0207,22.9370,-10.5934,25.6264,-48.4396,82.6813,-7.5604,18.0588,-10.5934,25.6264,-48.4396,82.6813,-7.5604,18.0588,0.0000,0.0000,0.0000,0.0000,0.0000,0.0000,0
206,1700000007.8000,1700000007.8020,0.0333,-5.8752,29.6702,-44.3838,85.4812,-3.3411,21.6070,-2.6813,33.4506,-40.4396,91.1209,0.2637,25.3315,-2.6813,33.4506,-40.4396,91.1209,0.2637,25.3315,0.0000,0.0000,0.0000,0.0000,0.0000,0.0000,0
207,1700000007.8333,1700000007.8353,0.0333,-5.1292,30.6486,-43.3814,86.7802,-2.4819,22.6225,-10.9451,25.2747,-48.6154,83.9121,-7.8242,18.0588,-10.9451,25.2747,-48.6154,83.9121,-7.8242,18.0588,0.0000,0.0000,0.0000,0.0000,0.0000,0.0000,0
208,1700000007.8667,1700000007.8687,0.0333,-6.4875,29.2578,-44.7116,86.1196,-3.7552,21.3782,-3.5604,33.0110,-40.9670,92.9670,0.1758,25.3315,-3.5604,33.0110,-40.9670,92.9670,0.1758,25.3315,0.0000,0.0000,0.0000,0.0000,0.0000,0.0000,0
209,1700000007.9000,1700000007.9020,0.0333,-5.8039,30.2292,-43.7599,87.6968,-2.8183,22.4561,-11.8242,24.4835,-50.2857,86.9890,-7.8242,18.0588,-11.8242,24.4835,-50.2857,86.9890,-7.8242,18.0588,0.0000,0.0000,0.0000,0.0000,0.0000,0.0000,0
210,1700000007.9333,1700000007.9353,0.0333,-7.2100,28.7421,-45.4184,87.5338,-4.0114,21.2572,-4.0879,31.5165,-44.3956,97.8901,0.1758,25.3315,-4.0879,31.5165,-44.3956,97.8901,0.1758,25.3315,0.0000,0.0000,0.0000,0.0000,0.0000,0.0000,0
211,1700000007.9667,1700000007.9687,0.0333,-6.4808,29.4602,-45.1585,89.9192,-3.0134,22.3680,-12.1758,22.7253,-53.8901,92.5275,-7.9121,18.0588,-12.1758,22.7253,-53.8901,92.5275,-7.9121,18.0588,0.0000,0.0000,0.0000,0.0000,0.0000,0.0000,0
212,1700000008.0000,1700000008.0020,0.0333,-7.8109,27.7171,-47.3775,90.5200,-4.1810,21.1931,-4.1758,29.7582,-46.9451,102.1099,0.0879,25.3315,-4.1758,29.7582,-46.9451,102.1099,0.0879,25.3315,0.0000,0.0000,0.0000,0.0000,0.0000,0.0000,0
213,1700000008.0333,1700000008.0353,0.0333,-6.9619,28.2454,-47.2676,93.1895,-3.1635,22.3215,-12.0879,20.9670,-55.1209,94.8132,-7.9121,18.0588,-12.0879,20.9670,-55.1209,94.8132,-7.9121,18.0588,0.0000,0.0000,0.0000,0.0000,0.0000,0.0000,0
214,1700000008.0667,1700000008.0687,0.0333,-8.1591,26.3617,-49.2634,93.5635,-4.2953,21.1593,-4.0000,28.3516,-46.9451,102.8132,0.0879,25.3315,-4.0000,28.3516,-46.9451,102.8132,0.0879,25.3315,0.0000,0.0000,0.0000,0.0000,0.0000,0.0000,0
215,1700000008.1000,1700000008.1020,0.0333,-7.1877,26.8767,-48.6742,95.6940,-3.2506,22.2968,-11.8242,19.8242,-55.2088,94.8132,-7.9121,18.0588,-11.8242,19.8242,-55.2088,94.8132,-7.9121,18.0588,0.0000,0.0000,0.0000,0.0000,0.0000,0.0000,0
216,1700000008.1333,1700000008.1353,0.0333,-8.2706,25.0514,-50.3349,95.4911,-4.3617,21.1413,-3.7363,27.3846,-47.3846,102.8132,0.0879,25.3315,-3.7363,27.3846,-47.3846,102.8132,0.0879,25.3315,0.0000,0.0000,0.0000,0.0000,0.0000,0.0000,0
217,1700000008.1667,1700000008.1687,0.0333,-7.2116,25.6553,-49.5851,97.1777,-3.3011,22.2838,-11.4725,19.0330,-55.3846,94.8132,-7.8242,18.0588,-11.4725,19.0330,-55.3846,94.8132,-7.8242,18.0588,0.0000,0.0000,0.0000,0.0000,0.0000,0.0000,0
218,1700000008.2000,1700000008.2020,0.0333,-8.2067,23.9414,-51.0590,96.6330,-4.3792,21.1319,-3.0330,26.5055,-47.3846,103.0769,0.2637,25.3315,-3.0330,26.5055,-47.3846,103.0769,0.2637,25.3315,0.0000,0.0000,0.0000,0.0000,0.0000,0.0000,0
219,1700000008.2333,1700000008.2353,0.0333,-6.9984,24.6050,-50.1252,98.1173,-3.2725,22.2769,-10.6813,17.7143,-55.3846,95.3407,-7.7363,18.0588,-10.6813,17.7143,-55.3846,95.3407,-7.7363,18.0588,0.0000,0.0000,0.0000,0.0000,0.0000,0.0000,0
220,1700000008.2667,1700000008.2687,0.0333,-7.8585,22.8216,-51.4618,97.4777,-4.3365,21.1268,-2.4176,24.3956,-47.3846,104.5714,0.1758,25.3315,-2.4176,24.3956,-47.3846,104.5714,0.1758,25.3315,0.0000,0.0000,0.0000,0.0000,0.0000,0.0000,0
221,1700000008.3000,1700000008.3020,0.0333,-6.5878,23.2290,-50.4256,99.1117,-3.2610,22.2733,-10.1538,15.0769,-55.0330,98.1538,-8.0000,18.0588,-10.1538,15.0769,-55.0330,98.1538,-8.0000,18.0588,0.0000,0.0000,0.0000,0.0000,0.0000,0.0000,0
222,1700000008.3333,1700000008.3353,0.0333,-7.4207,21.1191,-51.5965,98.8910,-4.3905,21.1242,-1.6264,21.8462,-46.9451,107.2967,-0.0879,25.3315,-1.6264,21.8462,-46.9451,107.2967,-0.0879,25.3315,0.0000,0.0000,0.0000,0.0000,0.0000,0.0000,0
223,1700000008.3667,1700000008.3687,0.0333,-6.0674,21.3073,-50.4144,100.8272,-3.3650,22.2713,-8.5714,12.6154,-54.9451,99.9121,-8.7912,18.0588,-8.5714,12.6154,-54.9451,99.9121,-8.7912,18.0588,0.0000,0.0000,0.0000,0.0000,0.0000,0.0000,0
224,1700000008.4000,1700000008.4020,0.0333,-6.6522,19.0577,-51.5658,100.6164,-4.6583,21.1228,0.5714,19.6484,-46.8571,108.0000,-2.2857,25.3315,0.5714,19.6484,-46.8571,108.0000,-2.2857,25.3315,0.0000,0.0000,0.0000,0.0000,0.0000,0.0000,0
225,1700000008.4333,1700000008.4353,0.0333,-4.9651,19.2106,-50.3692,102.3171,-4.0928,22.2703,-6.6374,11.2088,-54.8571,99.5604,-12.0440,18.0588,-6.6374,11.2088,-54.8571,99.5604,-12.0440,18.0588,0.0000,0.0000,0.0000,0.0000,0.0000,0.0000,0
226,1700000008.4667,1700000008.4687,0.0333,-5.3557,17.1396,-51.5097,101.6821,-5.9880,21.1220,2.0659,19.2088,-46.1538,106.4176,-5.5385,25.3315,2.0659,19.2088,-46.1538,106.4176,-5.5385,25.3315,0.0000,0.0000,0.0000,0.0000,0.0000,0.0000,0
227,1700000008.5000,1700000008.5020,0.0333,-3.6223,17.6752,-50.1486,102.7729,-5.8808,22.2698,-5.5824,11.5604,-53.5385,97.1868,-14.5934,18.0588,-5.5824,11.5604,-53.5385,97.1868,-14.5934,18.0588,0.0000,0.0000,0.0000,0.0000,0.0000,0.0000,0
228,1700000008.5333,1700000008.5353,0.0333,-4.0801,16.0926,-51.0101,101.4862,-7.9575,21.1216,2.5055,19.8242,-45.1868,104.5714,-7.8242,25.3315,2.5055,19.8242,-45.1868,104.5714,-7.8242,25.3315,0.0000,0.0000,0.0000,0.0000,0.0000,0.0000,0
229,1700000008.5667,1700000008.5687,0.0333,-2.5420,17.0584,-49.5302,102.1968,-7.9257,22.2695,-5.4945,12.0879,-53.0110,96.3956,-17.3187,17.9811,-5.4945,12.0879,-53.0110,96.3956,-17.3187,17.9811,0.0000,0.0000,0.0000,0.0000,0.0000,0.0000,0
230,1700000008.6000,1700000008.6020,0.0333,-3.2316,15.7720,-50.4148,100.8606,-10.1646,21.1002,2.5055,20.2637,-44.9231,104.3956,-10.9890,24.6317,2.5055,20.2637,-44.9231,104.3956,-10.9890,24.6317,0.0000,0.0000,0.0000,0.0000,0.0000,0.0000,0
231,1700000008.6333,1700000008.6353,0.0333,-1.8917,16.9345,-49.0191,101.6748,-10.3611,22.0631,-5.4945,12.5275,-52.9231,96.3956,-20.8352,16.0370,-5.4945,12.5275,-52.9231,96.3956,-20.8352,16.0370,0.0000,0.0000,0.0000,0.0000,0.0000,0.0000,0
232,1700000008.6667,1700000008.6687,0.0333,-2.7331,15.7939,-50.0113,100.4589,-12.8576,20.4201,2.3297,20.7912,-44.9231,104.3956,-14.8571,21.0547,2.3297,20.7912,-44.9231,104.3956,-14.8571,21.0547,0.0000,0.0000,0.0000,0.0000,0.0000,0.0000,0
233,1700000008.7000,1700000008.7020,0.0333,-1.5507,17.0873,-48.7182,101.3656,-13.3342,20.5931,-5.7582,13.3187,-52.9231,96.3956,-25.2308,10.6716,-5.7582,13.3187,-52.9231,96.3956,-25.2308,10.6716,0.0000,0.0000,0.0000,0.0000,0.0000,0.0000,0
234,1700000008.7333,1700000008.7353,0.0333,-2.5334,16.1119,-49.7868,100.2209,-16.1698,17.8880,2.2418,21.7582,-44.9231,104.3956,-20.3077,13.9008,2.2418,21.7582,-44.9231,104.3956,-20.3077,13.9008,0.0000,0.0000,0.0000,0.0000,0.0000,0.0000,0
235,1700000008.7667,1700000008.7687,0.0333,-1.4181,17.5732,-48.5507,101.1824,-17.1561,16.8009,-5.7582,14.2857,-53.1868,96.3077,-32.0000,2.1957,-5.7582,14.2857,-53.1868,96.3077,-32.0000,2.1957,0.0000,0.0000,0.0000,0.0000,0.0000,0.0000,0
236,1700000008.8000,1700000008.8020,0.0333,-2.4318,16.7224,-49.7289,100.0596,-20.6941,12.8188,2.2418,22.7253,-45.2747,104.1319,-28.3077,5.1916,2.2418,22.7253,-45.2747,104.1319,-28.3077,5.1916,0.0000,0.0000,0.0000,0.0000,0.0000,0.0000,0
237,1700000008.8333,1700000008.8353,0.0333,-1.3403,18.2760,-48.5970,100.9976,-22.5089,10.7392,-5.7582,15.0769,-53.2747,96.1319,-40.7912,-3.0920,-5.7582,15.0769,-53.2747,96.1319,-40.7912,-3.0920,0.0000,0.0000,0.0000,0.0000,0.0000,0.0000,0
238,1700000008.8667,1700000008.8687,0.0333,-2.3721,17.4480,-49.7858,99.8769,-26.8665,6.9681,2.2418,23.3407,-45.1868,104.1319,-37.2747,5.5804,2.2418,23.3407,-45.1868,104.1319,-37.2747,5.5804,0.0000,0.0000,0.0000,0.0000,0.0000,0.0000,0
239,1700000008.9000,1700000008.9020,0.0333,-1.2945,18.9731,-48.6170,100.8569,-29.3473,6.5897,-5.7582,15.6044,-53.0110,96.1319,-49.4945,-0.6037,-5.7582,15.6044,-53.0110,96.1319,-49.4945,-0.6037,0.0000,0.0000,0.0000,0.0000,0.0000,0.0000,0
240,1700000008.9333,1700000008.9353,0.0333,-2.3370,18.1013,-49.7337,99.7686,-34.1495,4.6284,2.2418,24.0440,-45.0110,104.0440,-45.6264,6.4357,2.2418,24.0440,-45.0110,104.0440,-45.6264,6.4357,0.0000,0.0000,0.0000,0.0000,0.0000,0.0000,0
241,1700000008.9667,1700000008.9687,0.0333,-1.2676,19.6393,-48.5335,100.7534,-36.8850,5.1212,-5.8462,16.5714,-53.0989,95.6044,-57.1429,-1.3813,-5.8462,16.5714,-53.0989,95.6044,-57.1429,-1.3813,0.0000,0.0000,0.0000,0.0000,0.0000,0.0000,0
242,1700000009.0000,1700000009.0020,0.0333,-2.3370,18.8453,-49.6937,99.5674,-41.7135,3.3483,2.0659,25.0989,-45.0110,102.2857,-52.0440,5.5026,2.0659,25.0989,-45.0110,102.2857,-52.0440,5.5026,0.0000,0.0000,0.0000,0.0000,0.0000,0.0000,0
243,1700000009.0333,1700000009.0353,0.0333,-1.3087,20.4638,-48.5037,100.1935,-44.1758,3.9357,-6.0220,17.8022,-53.0110,92.4396,-62.3297,-1.8479,-6.0220,17.8022,-53.0110,92.4396,-62.3297,-1.8479,0.0000,0.0000,0.0000,0.0000,0.0000,0.0000,0
244,1700000009.0667,1700000009.0687,0.0333,-2.4095,19.7749,-49.6491,98.4075,-48.5028,2.3588,1.5385,26.4176,-45.0110,98.5055,-56.0879,5.3471,1.5385,26.4176,-45.0110,98.5055,-56.0879,5.3471,0.0000,0.0000,0.0000,0.0000,0.0000,0.0000,0
245,1700000009.1000,1700000009.1020,0.0333,-1.4874,21.4941,-48.4704,98.4301,-50.3107,3.1735,-6.9890,18.9451,-53.1868,88.5714,-65.4066,-1.9256,-6.9890,18.9451,-53.1868,88.5714,-65.4066,-1.9256,0.0000,0.0000,0.0000,0.0000,0.0000,0.0000,0
246,1700000009.1333,1700000009.1353,0.0333,-2.7723,20.8344,-49.6690,96.1593,-53.9089,1.7833,0.7473,27.4725,-45.2747,94.6374,-58.3736,5.3471,0.7473,27.4725,-45.2747,94.6374,-58.3736,5.3471,0.0000,0.0000,0.0000,0.0000,0.0000,0.0000,0
247,1700000009.1667,1700000009.1687,0.0333,-1.9503,22.5524,-48.5523,95.8087,-54.9731,2.7549,-7.4286,20.0000,-53.2747,85.0549,-67.2527,-1.9256,-7.4286,20.0000,-53.2747,85.0549,-67.2527,-1.9256,0.0000,0.0000,0.0000,0.0000,0.0000,0.0000,0
248,1700000009.2000,1700000009.2020,0.0333,-3.2298,21.8918,-49.7524,93.3318,-57.9000,1.4788,0.4835,28.5275,-45.1868,91.7363,-60.1319,5.3471,0.4835,28.5275,-45.1868,91.7363,-60.1319,5.3471,0.0000,0.0000,0.0000,0.0000,0.0000,0.0000,0
249,1700000009.2333,1700000009.2353,0.0333,-2.3625,23.6092,-48.5921,92.9643,-58.4319,2.5335,-8.0440,21.1429,-53.0989,82.9451,-69.0110,-1.9256,-8.0440,21.1429,-53.0989,82.9451,-69.0110,-1.9256,0.0000,0.0000,0.0000,0.0000,0.0000,0.0000,0
250,1700000009.2667,1700000009.2687,0.0333,-3.6894,22.9709,-49.7375,90.6565,-60.9535,1.3177,-0.3956,29.6703,-45.0989,90.5055,-61.9780,5.3471,-0.3956,29.6703,-45.0989,90.5055,-61.9780,5.3471,0.0000,0.0000,0.0000,0.0000,0.0000,0.0000,1
251,1700000009.4867,1700000009.4887,0.2200,-0.9648,28.7423,-45.7687,90.5323,-61.8082,4.8542,-8.7473,22.1978,-53.2747,82.3297,-70.9451,-1.9256,-8.7473,22.1978,-53.2747,82.3297,-70.9451,-1.9256,0.0000,0.0000,0.0000,0.0000,0.0000,0.0000,1
252,1700000009.5200,1700000009.5220,0.0333,-2.7824,27.0485,-47.6763,88.6430,-63.9860,3.0057,-0.9231,30.7253,-45.2747,90.3297,-63.8242,5.3471,-0.9231,30.7253,-45.2747,90.3297,-63.8242,5.3471,0.0000,0.0000,0.0000,0.0000,0.0000,0.0000,0
253,1700000009.5533,1700000009.5553,0.0333,-2.3482,28.0001,-47.0659,89.0315,-63.9474,3.6441,-9.0989,23.1648,-53.2747,82.3297,-72.5275,-1.9256,-9.0989,23.1648,-53.2747,82.3297,-72.5275,-1.9256,0.0000,0.0000,0.0000,0.0000,0.0000,0.0000,0
254,1700000009.5867,1700000009.5887,0.0333,-3.9248,26.7487,-48.6438,87.4878,-65.9925,2.1255,-1.6264,31.5165,-45.2747,90.4176,-64.8791,5.3471,-1.6264,31.5165,-45.2747,90.4176,-64.8791,5.3471,0.0000,0.0000,0.0000,0.0000,0.0000,0.0000,0
255,1700000009.6200,1700000009.6220,0.0333,-3.3880,27.9826,-47.7876,88.1626,-65.7271,3.0039,-10.0659,23.8681,-53.2747,82.4176,-72.9670,-1.9256,-10.0659,23.8681,-53.2747,82.4176,-72.9670,-1.9256,0.0000,0.0000,0.0000,0.0000,0.0000,0.0000,0
256,1700000009.6533,1700000009.6553,0.0333,-4.9477,26.9178,-49.1821,86.8394,-67.4528,1.6598,-2.3297,32.0440,-45.2747,90.4176,-64.9670,5.3471,-2.3297,32.0440,-45.2747,90.4176,-64.9670,5.3471,0.0000,0.0000,0.0000,0.0000,0.0000,0.0000,0
257,1700000009.6867,1700000009.6887,0.0333,-4.3362,28.2445,-48.1891,87.6635,-66.8603,2.6652,-10.5055,24.1319,-53.2747,82.4176,-72.9670,-1.9256,-10.5055,24.1319,-53.2747,82.4176,-72.9670,-1.9256,0.0000,0.0000,0.0000,0.0000,0.0000,0.0000,0
258,1700000009.7200,1700000009.7220,0.0333,-5.7771,27.1801,-49.4815,86.4552,-68.3158,1.4135,-2.5055,32.1319,-45.1868,90.4176,-65.1429,5.4249,-2.5055,32.1319,-45.1868,90.4176,-65.1429,5.4249,0.0000,0.0000,0.0000,0.0000,0.0000,0.0000,0
259,1700000009.7533,1700000009.7553,0.0333,-5.0130,28.4617,-48.3901,87.3679,-67.5596,2.5072,-10.5934,24.1319,-53.0989,82.3297,-73.2308,-1.8479,-10.5934,24.1319,-53.0989,82.3297,-73.2308,-1.8479,0.0000,0.0000,0.0000,0.0000,0.0000,0.0000,0
260,1700000009.7867,1700000009.7887,0.0333,-6.3163,27.3411,-49.5868,86.2074,-68.9113,1.3198,-2.5934,32.1319,-45.0110,90.3297,-65.2308,5.4249,-2.5934,32.1319,-45.0110,90.3297,-65.2308,5.4249,0.0000,0.0000,0.0000,0.0000,0.0000,0.0000,0
261,1700000009.8200,1700000009.8220,0.0333,-5.4468,28.5810,-48.4239,87.1569,-68.0340,2.4390,-10.5934,24.1319,-52.9231,82.3297,-73.2308,-1.8479,-10.5934,24.1319,-52.9231,82.3297,-73.2308,-1.8479,0.0000,0.0000,0.0000,0.0000,0.0000,0.0000,0
262,1700000009.8533,1700000009.8553,0.0333,-6.6488,27.4295,-49.5673,86.0450,-69.2727,1.2702,-2.5055,32.2198,-44.9231,90.3297,-65.2308,5.4249,-2.5055,32.2198,-44.9231,90.3297,-65.2308,5.4249,0.0000,0.0000,0.0000,0.0000,0.0000,0.0000,0
263,1700000009.8867,1700000009.8887,0.0333,-5.6811,28.6693,-48.3870,87.0319,-68.3093,2.4030,-10.4176,24.2198,-52.8352,82.3297,-73.2308,-1.8479,-10.4176,24.2198,-52.8352,82.3297,-73.2308,-1.8479,0.0000,0.0000,0.0000,0.0000,0.0000,0.0000,0
264,1700000009.9200,1700000009.9220,0.0333,-6.7873,27.5177,-49.5175,85.9488,-69.4823,1.2440,-2.2418,32.2198,-44.8352,90.3297,-65.2308,5.4249,-2.2418,32.2198,-44.8352,90.3297,-65.2308,5.4249,0.0000,0.0000,0.0000,0.0000,0.0000,0.0000,0
265,1700000009.9533,1700000009.9553,0.0333,-5.7257,28.7346,-48.3275,86.9579,-68.4690,2.3839,-10.1538,24.2198,-52.5714,82.3297,-73.2308,-1.8479,-10.1538,24.2198,-52.5714,82.3297,-73.2308,-1.8479,0.0000,0.0000,0.0000,0.0000,0.0000,0.0000,0
266,1700000009.9867,1700000009.9887,0.0333,-6.7599,27.5662,-49.4061,85.8919,-69.6039,1.2301,-2.0659,32.2198,-44.1319,90.2418,-65.2308,5.4249,-2.0659,32.2198,-44.1319,90.2418,-65.2308,5.4249,0.0000,0.0000,0.0000,0.0000,0.0000,0.0000,0
267,1700000010.0200,1700000010.0220,0.0333,-5.6636,28.7706,-48.0657,86.8938,-68.5616,2.3738,-10.0659,24.2198,-52.0440,82.2418,-73.2308,-1.8479,-10.0659,24.2198,-52.0440,82.2418,-73.2308,-1.8479,0.0000,0.0000,0.0000,0.0000,0.0000,0.0000,0
268,1700000010.0533,1700000010.0553,0.0333,-6.6918,27.5928,-49.0767,85.8223,-69.6745,1.2228,-2.0659,32.2198,-44.0440,90.2418,-65.2308,5.4249,-2.0659,32.2198,-44.0440,90.2418,-65.2308,5.4249,0.0000,0.0000,0.0000,0.0000,0.0000,0.0000,0
269,1700000010.0867,1700000010.0887,0.0333,-5.6114,28.7903,-47.7977,86.8402,-68.6153,2.3685,-10.0659,24.2198,-52.0440,82.3297,-73.2308,-1.8479,-10.0659,24.2198,-52.0440,82.3297,-73.2308,-1.8479,0.0000,0.0000,0.0000,0.0000,0.0000,0.0000,0
270,1700000010.1200,1700000010.1220,0.0333,-6.6518,27.6074,-48.8768,85.8013,-69.7154,1.2189,-2.0659,32.2198,-44.0440,90.3297,-65.2308,5.4249,-2.0659,32.2198,-44.0440,90.3297,-65.2308,5.4249,0.0000,0.0000,0.0000,0.0000,0.0000,0.0000,0
271,1700000010.1533,1700000010.1553,0.0333,-5.5807,28.8011,-47.6486,86.8443,-68.6465,2.3656,-10.0659,24.2198,-51.9560,82.3297,-73.2308,-1.8479,-10.0659,24.2198,-51.9560,82.3297,-73.2308,-1.8479,0.0000,0.0000,0.0000,0.0000,0.0000,0.0000,0
272,1700000010.1867,1700000010.1887,0.0333,-6.6283,27.6154,-48.7433,85.8045,-69.7392,1.2168,-2.0659,32.2198,-43.6923,90.3297,-65.2308,5.4249,-2.0659,32.2198,-43.6923,90.3297,-65.2308,5.4249,0.0000,0.0000,0.0000,0.0000,0.0000,0.0000,0
273,1700000010.2200,1700000010.2220,0.0333,-5.5627,28.8071,-47.4596,86.8468,-68.6646,2.3641,-9.9780,24.2198,-50.9890,81.9780,-73.3187,-1.8479,-9.9780,24.2198,-50.9890,81.9780,-73.3187,-1.8479,0.0000,0.0000,0.0000,0.0000,0.0000,0.0000,0
274,1700000010.2533,1700000010.2553,0.0333,-6.5939,27.6198,-48.3566,85.7253,-69.7739,1.2157,-1.8022,32.2198,-42.1099,89.2747,-65.3187,5.4249,-1.8022,32.2198,-42.1099,89.2747,-65.3187,5.4249,0.0000,0.0000,0.0000,0.0000,0.0000,0.0000,0
275,1700000010.2867,1700000010.2887,0.0333,-5.4748,28.8104,-46.7691,86.5429,-68.7120,2.3634,-9.4505,24.2198,-49.1429,80.5714,-73.3187,-1.8479,-9.4505,24.2198,-49.1429,80.5714,-73.3187,-1.8479,0.0000,0.0000,0.0000,0.0000,0.0000,0.0000,0
276,1700000010.3200,1700000010.3220,0.0333,-6.4034,27.6223,-47.3723,85.1674,-69.8100,1.2152,-1.1868,32.2198,-40.4396,88.0440,-65.3187,5.2693,-1.1868,32.2198,-40.4396,88.0440,-65.3187,5.2693,0.0000,0.0000,0.0000,0.0000,0.0000,0.0000,0
277,1700000010.3533,1700000010.3553,0.0333,-5.1850,28.8121,-45.6105,85.8300,-68.7395,2.3205,-8.9231,24.2198,-48.0879,79.6923,-73.3187,-2.0034,-8.9231,24.2198,-48.0879,79.6923,-73.3187,-2.0034,0.0000,0.0000,0.0000,0.0000,0.0000,0.0000,0
278,1700000010.3867,1700000010.3887,0.0333,-6.0580,27.6236,-46.2401,84.4163,-69.8309,1.1416,-0.8352,32.2198,-40.0000,87.4286,-65.3187,5.2693,-0.8352,32.2198,-40.0000,87.4286,-65.3187,5.2693,0.0000,0.0000,0.0000,0.0000,0.0000,0.0000,0
279,1700000010.4200,1700000010.4220,0.0333,-4.8382,28.8131,-44.6542,85.1101,-68.7554,2.2670,-8.7473,24.2198,-48.0000,79.2527,-73.3187,-2.0034,-8.7473,24.2198,-48.0000,79.2527,-73.3187,-2.0034,0.0000,0.0000,0.0000,0.0000,0.0000,0.0000,0
280,1700000010.4533,1700000010.4553,0.0333,-5.7512,27.6243,-45.5045,83.7610,-69.8431,1.1027,-0.3077,32.2198,-39.9121,87.0769,-65.3187,5.2693,-0.3077,32.2198,-39.9121,87.0769,-65.3187,5.2693,0.0000,0.0000,0.0000,0.0000,0.0000,0.0000,0
281,1700000010.4867,1700000010.4887,0.0333,-4.4799,28.8137,-44.0833,84.5247,-68.7647,2.2387,-8.1319,24.2198,-47.9121,79.0769,-73.3187,-2.0034,-8.1319,24.2198,-47.9121,79.0769,-73.3187,-2.0034,0.0000,0.0000,0.0000,0.0000,0.0000,0.0000,0
282,1700000010.5200,1700000010.5220,0.0333,-5.3328,27.6247,-45.0563,83.2699,-69.8501,1.0821,-0.0440,32.2198,-39.7363,87.0769,-65.3187,5.2693,-0.0440,32.2198,-39.7363,87.0769,-65.3187,5.2693,0.0000,0.0000,0.0000,0.0000,0.0000,0.0000,0
283,1700000010.5533,1700000010.5553,0.0333,-4.0976,28.8140,-43.7043,84.1468,-68.7701,2.2238,-7.9560,24.2198,-47.0330,79.0769,-73.3187,-2.0034,-7.9560,24.2198,-47.0330,79.0769,-73.3187,-2.0034,0.0000,0.0000,0.0000,0.0000,0.0000,0.0000,0
284,1700000010.5867,1700000010.5887,0.0333,-4.9987,27.6250,-44.5502,82.9790,-69.8542,1.0712,0.0440,32.2198,-38.2418,87.0769,-65.3187,5.2693,0.0440,32.2198,-38.2418,87.0769,-65.3187,5.2693,0.0000,0.0000,0.0000,0.0000,0.0000,0.0000,0
285,1700000010.6200,1700000010.6220,0.0333,-3.8210,28.8141,-42.9470,83.9229,-68.7732,2.2158,-7.9560,24.2198,-45.4506,79.0769,-73.3187,-2.0034,-7.9560,24.2198,-45.4506,79.0769,-73.3187,-2.0034,0.0000,0.0000,0.0000,0.0000,0.0000,0.0000,0
286,1700000010.6533,1700000010.6553,0.0333,-4.7867,27.6251,-43.5833,82.8067,-69.8566,1.0655,0.0440,32.2198,-36.6593,87.0769,-65.3187,5.2693,0.0440,32.2198,-36.6593,87.0769,-65.3187,5.2693,0.0000,0.0000,0.0000,0.0000,0.0000,0.0000,0
287,1700000010.6867,1700000010.6887,0.0333,-3.6585,28.8142,-41.8236,83.7903,-68.7750,2.2117,-7.9560,24.2198,-44.1319,79.0769,-73.3187,-2.0034,-7.9560,24.2198,-44.1319,79.0769,-73.3187,-2.0034,0.0000,0.0000,0.0000,0.0000,0.0000,0.0000,0
288,1700000010.7200,1700000010.7220,0.0333,-4.6622,27.6251,-42.4102,82.7046,-69.8580,1.0624,0.0440,32.2198,-35.6923,87.0769,-65.3187,5.2693,0.0440,32.2198,-35.6923,87.0769,-65.3187,5.2693,0.0000,0.0000,0.0000,0.0000,0.0000,0.0000,0
289,1700000010.7533,1700000010.7553,0.0333,-3.5631,28.8143,-40.7030,83.7117,-68.7760,2.2094,-7.9560,24.2198,-43.3407,79.0769,-73.3187,-2.0034,-7.9560,24.2198,-43.3407,79.0769,-73.3187,-2.0034,0.0000,0.0000,0.0000,0.0000,0.0000,0.0000,0
290,1700000010.7867,1700000010.7887,0.0333,-4.5891,27.6252,-41.3733,82.6442,-69.8588,1.0608,0.0440,32.2198,-35.3407,87.0769,-65.3187,5.2693,0.0440,32.2198,-35.3407,87.0769,-65.3187,5.2693,0.0000,0.0000,0.0000,0.0000,0.0000,0.0000,0
291,1700000010.8200,1700000010.8220,0.0333,-3.5070,28.8143,-39.8402,83.6652,-68.7766,2.2083,-7.9560,24.2198,-43.1648,79.0769,-73.3187,-2.0034,-7.9560,24.2198,-43.1648,79.0769,-73.3187,-2.0034,0.0000,0.0000,0.0000,0.0000,0.0000,0.0000,0
292,1700000010.8533,1700000010.8553,0.0333,-4.5461,27.6252,-40.6851,82.6083,-69.8592,1.0600,0.0440,32.2198,-34.8132,86.7253,-65.3187,5.2693,0.0440,32.2198,-34.8132,86.7253,-65.3187,5.2693,0.0000,0.0000,0.0000,0.0000,0.0000,0.0000,0
293,1700000010.8867,1700000010.8887,0.0333,-3.4741,28.8143,-39.1928,83.5566,-68.7770,2.2076,-7.9560,24.2198,-42.3736,77.9341,-73.2308,-2.0034,-7.9560,24.2198,-42.3736,77.9341,-73.2308,-2.0034,0.0000,0.0000,0.0000,0.0000,0.0000,0.0000,0
294,1700000010.9200,1700000010.9220,0.0333,-4.5209,27.6252,-40.0012,82.2616,-69.8386,1.0595,0.0440,32.1319,-34.2857,85.0549,-65.1429,5.2693,0.0440,32.1319,-34.2857,85.0549,-65.1429,5.2693,0.0000,0.0000,0.0000,0.0000,0.0000,0.0000,0
295,1700000010.9533,1700000010.9553,0.0333,-3.4547,28.7916,-38.5487,82.9050,-68.7193,2.2073,-7.9560,24.1319,-42.4615,76.5275,-73.1429,-2.0034,-7.9560,24.1319,-42.4615,76.5275,-73.1429,-2.0034,0.0000,0.0000,0.0000,0.0000,0.0000,0.0000,0
296,1700000010.9867,1700000010.9887,0.0333,-4.5060,27.5856,-39.5431,81.4360,-69.7737,1.0593,0.0440,32.1319,-34.7253,84.0879,-65.1429,5.2693,0.0440,32.1319,-34.7253,84.0879,-65.1429,5.2693,0.0000,0.0000,0.0000,0.0000,0.0000,0.0000,0
297,1700000011.0200,1700000011.0220,0.0333,-3.4434,28.7622,-38.3187,82.0468,-68.6699,2.2071,-8.0440,24.0440,-42.7253,75.5604,-73.1429,-2.0034,-8.0440,24.0440,-42.7253,75.5604,-73.1429,-2.0034,0.0000,0.0000,0.0000,0.0000,0.0000,0.0000,0
298,1700000011.0533,1700000011.0553,0.0333,-4.5178,27.5411,-39.4386,80.5528,-69.7361,1.0591,-0.1319,31.9560,-34.7253,83.0330,-65.2308,5.2693,-0.1319,31.9560,-34.7253,83.0330,-65.2308,5.2693,0.0000,0.0000,0.0000,0.0000,0.0000,0.0000,0
299,1700000011.0867,1700000011.0887,0.0333,-3.4935,28.6837,-38.2407,81.1241,-68.6622,2.2070,-8.2198,23.9560,-42.7253,74.9451,-73.2308,-2.0034,-8.2198,23.9560,-42.7253,74.9451,-73.2308,-2.0034,0.0000,0.0000,0.0000,0.0000,0.0000,0.0000,0
300,1700000011.1200,1700000011.1220,0.0333,-4.5973,27.4601,-39.3804,79.7008,-69.7511,1.0591,-0.3077,31.9560,-34.7253,82.9451,-65.2308,5.2693,-0.3077,31.9560,-34.7253,82.9451,-65.2308,5.2693,0.0000,0.0000,0.0000,0.0000,0.0000,0.0000,1
301,1700000011.3400,1700000011.3420,0.2200,-1.0490,31.3332,-35.3974,82.3687,-65.9802,4.7543,-8.3077,23.9560,-42.7253,74.9451,-73.2308,-2.0034,-8.3077,23.9560,-42.7253,74.9451,-73.2308,-2.0034,0.0000,0.0000,0.0000,0.0000,0.0000,0.0000,1
302,1700000011.3733,1700000011.3753,0.0333,-2.7443,29.4239,-37.2597,80.6588,-67.7084,2.9118,-0.3077,31.8681,-34.7253,83.1209,-65.2308,5.2693,-0.3077,31.8681,-34.7253,83.1209,-65.2308,5.2693,0.0000,0.0000,0.0000,0.0000,0.0000,0.0000,0
303,1700000011.4067,1700000011.4087,0.0333,-2.1752,30.0565,-36.6156,81.2259,-67.1179,3.5546,-8.3077,23.7802,-42.5494,75.2088,-73.2308,-2.0034,-8.3077,23.7802,-42.5494,75.2088,-73.2308,-2.0034,0.0000,0.0000,0.0000,0.0000,0.0000,0.0000,0
304,1700000011.4400,1700000011.4420,0.0333,-3.6075,28.4322,-38.1236,79.8399,-68.5749,2.0392,-0.3077,31.7802,-34.5494,83.2088,-65.2308,5.2693,-0.3077,31.7802,-34.5494,83.2088,-65.2308,5.2693,0.0000,0.0000,0.0000,0.0000,0.0000,0.0000,0
305,1700000011.4733,1700000011.4753,0.0333,-2.8368,29.2987,-37.2153,80.6159,-67.7778,2.9199,-8.3077,23.6923,-42.5494,75.2088,-73.2308,-2.0034,-8.3077,23.6923,-42.5494,75.2088,-73.2308,-2.0034,0.0000,0.0000,0.0000,0.0000,0.0000,0.0000,0
306,1700000011.5067,1700000011.5087,0.0333,-4.1145,27.8477,-38.5709,79.3705,-69.0775,1.5776,-0.3956,31.6923,-34.6374,83.2967,-65.2308,5.2693,-0.3956,31.6923,-34.6374,83.2967,-65.2308,5.2693,0.0000,0.0000,0.0000,0.0000,0.0000,0.0000,0
307,1700000011.5400,1700000011.5420,0.0333,-3.2460,28.8427,-37.5712,80.2748,-68.1606,2.5841,-8.3956,23.6044,-42.6374,75.2967,-73.2308,-2.0034,-8.3956,23.6044,-42.6374,75.2967,-73.2308,-2.0034,0.0000,0.0000,0.0000,0.0000,0.0000,0.0000,0
308,1700000011.5733,1700000011.5753,0.0333,-4.4487,27.4870,-38.8587,79.1282,-69.3691,1.3333,-0.4835,31.5165,-34.7253,83.2967,-65.1429,5.2693,-0.4835,31.5165,-34.7253,83.2967,-65.1429,5.2693,0.0000,0.0000,0.0000,0.0000,0.0000,0.0000,0
309,1700000011.6067,1700000011.6087,0.0333,-3.5226,28.5299,-37.8083,80.0883,-68.3618,2.4065,-8.7473,23.4286,-42.8132,75.3846,-73.0549,-2.0034,-8.7473,23.4286,-42.8132,75.3846,-73.0549,-2.0034,0.0000,0.0000,0.0000,0.0000,0.0000,0.0000,0
310,1700000011.6400,1700000011.6420,0.0333,-4.7428,27.2096,-39.0802,79.0049,-69.4804,1.2041,-1.0989,31.1648,-35.3407,83.6484,-65.0549,5.2693,-1.0989,31.1648,-35.3407,83.6484,-65.0549,5.2693,0.0000,0.0000,0.0000,0.0000,0.0000,0.0000,0
311,1700000011.6733,1700000011.6753,0.0333,-3.8918,28.2333,-38.1298,80.0744,-68.4256,2.3125,-9.3626,22.6374,-43.7802,76.6154,-73.0549,-2.0034,-9.3626,22.6374,-43.7802,76.6154,-73.0549,-2.0034,0.0000,0.0000,0.0000,0.0000,0.0000,0.0000,0
312,1700000011.7067,1700000011.7087,0.0333,-5.1695,26.7850,-39.5658,79.2777,-69.5290,1.1358,-1.5385,30.1099,-35.8681,85.4066,-65.0549,5.2693,-1.5385,30.1099,-35.8681,85.4066,-65.0549,5.2693,0.0000,0.0000,0.0000,0.0000,0.0000,0.0000,0
313,1700000011.7400,1700000011.7420,0.0333,-4.3215,27.6455,-38.6261,80.6894,-68.4626,2.2628,-9.6264,21.6703,-43.6044,77.8462,-73.1429,-2.0034,-9.6264,21.6703,-43.6044,77.8462,-73.1429,-2.0034,0.0000,0.0000,0.0000,0.0000,0.0000,0.0000,0
314,1700000011.7733,1700000011.7753,0.0333,-5.5604,26.0991,-39.8913,80.0345,-69.5782,1.0996,-1.6264,29.3187,-35.5165,86.1978,-65.1429,5.2693,-1.6264,29.3187,-35.5165,86.1978,-65.1429,5.2693,0.0000,0.0000,0.0000,0.0000,0.0000,0.0000,0
315,1700000011.8067,1700000011.8087,0.0333,-4.6416,26.9323,-38.7795,81.4541,-68.5210,2.2365,-9.7143,21.0549,-43.4286,78.1978,-73.1429,-2.0034,-9.7143,21.0549,-43.4286,78.1978,-73.1429,-2.0034,0.0000,0.0000,0.0000,0.0000,0.0000,0.0000,0
316,1700000011.8400,1700000011.8420,0.0333,-5.8264,25.4112,-39.9610,80.7041,-69.6226,1.0805,-1.8022,28.9670,-35.4286,86.1978,-65.0549,5.2693,-1.8022,28.9670,-35.4286,86.1978,-65.0549,5.2693,0.0000,0.0000,0.0000,0.0000,0.0000,0.0000,0
317,1700000011.8733,1700000011.8753,0.0333,-4.8865,26.3315,-38.8091,81.9695,-68.5339,2.2226,-10.1538,20.8791,-43.4286,78.1978,-73.0549,-2.0034,-10.1538,20.8791,-43.4286,78.1978,-73.0549,-2.0034,0.0000,0.0000,0.0000,0.0000,0.0000,0.0000,0
318,1700000011.9067,1700000011.9087,0.0333,-6.1167,24.9204,-39.9831,81.1007,-69.6115,1.0704,-2.2418,28.7912,-35.5165,86.1978,-65.0549,5.2693,-2.2418,28.7912,-35.5165,86.1978,-65.0549,5.2693,0.0000,0.0000,0.0000,0.0000,0.0000,0.0000,0
319,1700000011.9400,1700000011.9420,0.0333,-5.2117,25.9222,-38.8480,82.2748,-68.5254,2.2152,-10.2418,20.6154,-43.6044,78.1978,-73.0549,-2.0034,-10.2418,20.6154,-43.6044,78.1978,-73.0549,-2.0034,0.0000,0.0000,0.0000,0.0000,0.0000,0.0000,0
320,1700000011.9733,1700000011.9753,0.0333,-6.3865,24.5487,-40.0568,81.3357,-69.6051,1.0650,-2.2418,28.3516,-35.7802,86.1978,-65.0549,5.2693,-2.2418,28.3516,-35.7802,86.1978,-65.0549,5.2693,0.0000,0.0000,0.0000,0.0000,0.0000,0.0000,0
321,1700000012.0067,1700000012.0087,0.0333,-5.4185,25.5330,-38.9699,82.4556,-68.5205,2.2113,-10.2418,20.1758,-43.8681,78.1978,-73.0549,-2.0034,-10.2418,20.1758,-43.8681,78.1978,-73.0549,-2.0034,0.0000,0.0000,0.0000,0.0000,0.0000,0.0000,0
322,1700000012.0400,1700000012.0420,0.0333,-6.5450,24.1465,-40.2147,81.4749,-69.6013,1.0622,-2.2418,27.8242,-35.9560,86.1978,-65.0549,5.2693,-2.2418,27.8242,-35.9560,86.1978,-65.0549,5.2693,0.0000,0.0000,0.0000,0.0000,0.0000,0.0000,0
323,1700000012.0733,1700000012.0753,0.0333,-5.5399,25.0983,-39.1324,82.5627,-68.5177,2.2093,-10.2418,19.2967,-43.9560,78.1978,-73.0549,-2.0034,-10.2418,19.2967,-43.9560,78.1978,-73.0549,-2.0034,0.0000,0.0000,0.0000,0.0000,0.0000,0.0000,0
324,1700000012.1067,1700000012.1087,0.0333,-6.6381,23.5968,-40.3583,81.5573,-69.5991,1.0607,-2.4176,26.5934,-35.9560,86.1978,-65.0549,5.2693,-2.4176,26.5934,-35.9560,86.1978,-65.0549,5.2693,0.0000,0.0000,0.0000,0.0000,0.0000,0.0000,0
325,1700000012.1400,1700000012.1420,0.0333,-5.6524,24.3723,-39.2395,82.6262,-68.5160,2.2082,-10.5055,17.7143,-43.7802,78.6374,-73.0549,-2.0034,-10.5055,17.7143,-43.7802,78.6374,-73.0549,-2.0034,0.0000,0.0000,0.0000,0.0000,0.0000,0.0000,0
326,1700000012.1733,1700000012.1753,0.0333,-6.7858,22.6492,-40.3935,81.7074,-69.5979,1.0599,-2.5934,24.7473,-35.6044,87.3407,-65.0549,5.2693,-2.5934,24.7473,-35.6044,87.3407,-65.0549,5.2693,0.0000,0.0000,0.0000,0.0000,0.0000,0.0000,0
327,1700000012.2067,1700000012.2087,0.0333,-5.8067,23.1922,-39.1764,83.0050,-68.5151,2.2076,-10.5934,15.9560,-43.4286,79.7802,-73.0549,-2.0034,-10.5934,15.9560,-43.4286,79.7802,-73.0549,-2.0034,0.0000,0.0000,0.0000,0.0000,0.0000,0.0000,0
328,1700000012.2400,1700000012.2420,0.0333,-6.9246,21.3194,-40.2570,82.2622,-69.5972,1.0595,-2.5934,23.3407,-35.4286,87.9560,-65.0549,5.2693,-2.5934,23.3407,-35.4286,87.9560,-65.0549,5.2693,0.0000,0.0000,0.0000,0.0000,0.0000,0.0000,0
329,1700000012.2733,1700000012.2753,0.0333,-5.9131,21.8425,-39.0299,83.5737,-68.5145,2.2073,-10.5934,14.7253,-43.4286,79.8681,-73.0549,-2.0034,-10.5934,14.7253,-43.4286,79.8681,-73.0549,-2.0034,0.0000,0.0000,0.0000,0.0000,0.0000,0.0000,0
330,1700000012.3067,1700000012.3087,0.0333,-7.0062,20.0005,-40.1478,82.7202,-69.5967,1.0592,-2.5055,22.3736,-35.7802,87.8681,-65.0549,5.2693,-2.5055,22.3736,-35.7802,87.8681,-65.0549,5.2693,0.0000,0.0000,0.0000,0.0000,0.0000,0.0000,0
331,1700000012.3400,1700000012.3420,0.0333,-5.9550,20.6147,-39.0378,83.9059,-68.5142,2.2071,-10.3297,14.2857,-43.8681,79.6044,-73.0549,-2.0034,-10.3297,14.2857,-43.8681,79.6044,-73.0549,-2.0034,0.0000,0.0000,0.0000,0.0000,0.0000,0.0000,0
332,1700000012.3733,1700000012.3753,0.0333,-6.9767,18.9767,-40.2654,82.9151,-69.5965,1.0591,-2.2418,22.4615,-35.6923,86.6374,-65.0549,5.2693,-2.2418,22.4615,-35.6923,86.6374,-65.0549,5.2693,0.0000,0.0000,0.0000,0.0000,0.0000,0.0000,0
333,1700000012.4067,1700000012.4087,0.0333,-5.8709,19.8786,-39.1032,83.7725,-68.5140,2.2070,-10.1538,14.5494,-43.5165,77.7582,-73.0549,-2.0034,-10.1538,14.5494,-43.5165,77.7582,-73.0549,-2.0034,0.0000,0.0000,0.0000,0.0000,0.0000,0.0000,0
334,1700000012.4400,1700000012.4420,0.0333,-6.8712,18.4994,-40.2248,82.3872,-69.5963,1.0591,-2.0659,22.6374,-35.5165,85.0549,-65.0549,5.2693,-2.0659,22.6374,-35.5165,85.0549,-65.0549,5.2693,0.0000,0.0000,0.0000,0.0000,0.0000,0.0000,0
335,1700000012.4733,1700000012.4753,0.0333,-5.7489,19.5703,-39.0282,83.0017,-68.5139,2.2070,-10.0659,14.6374,-43.4286,76.6154,-73.0549,-2.0034,-10.0659,14.6374,-43.4286,76.6154,-73.0549,-2.0034,0.0000,0.0000,0.0000,0.0000,0.0000,0.0000,0
336,1700000012.5067,1700000012.5087,0.0333,-6.7571,18.2936,-40.1465,81.5307,-69.5963,1.0590,-1.9780,22.6374,-35.4286,84.2637,-65.0549,5.2693,-1.9780,22.6374,-35.4286,84.2637,-65.0549,5.2693,0.0000,0.0000,0.0000,0.0000,0.0000,0.0000,0
337,1700000012.5400,1700000012.5420,0.0333,-5.6410,19.4178,-38.9475,82.1602,-68.5138,2.2070,-9.9780,14.9890,-43.3407,75.8242,-73.0549,-2.0034,-9.9780,14.9890,-43.3407,75.8242,-73.0549,-2.0034,0.0000,0.0000,0.0000,0.0000,0.0000,0.0000,0
338,1700000012.5733,1700000012.5753,0.0333,-6.6539,18.2716,-40.0640,80.7008,-69.5962,1.0590,-1.7143,23.3407,-35.3407,83.7363,-65.0549,5.2693,-1.7143,23.3407,-35.3407,83.7363,-65.0549,5.2693,0.0000,0.0000,0.0000,0.0000,0.0000,0.0000,0
339,1700000012.6067,1700000012.6087,0.0333,-5.5002,19.5835,-38.8636,81.4000,-68.5138,2.2070,-9.6264,15.8681,-43.3407,75.7363,-73.1429,-2.0034,-9.6264,15.8681,-43.3407,75.7363,-73.1429,-2.0034,0.0000,0.0000,0.0000,0.0000,0.0000,0.0000,0
340,1700000012.6400,1700000012.6420,0.0333,-6.4639,18.6219,-40.0014,80.0954,-69.6171,1.0590,-1.5385,24.4835,-35.3407,83.8242,-65.1429,5.2693,-1.5385,24.4835,-35.3407,83.8242,-65.1429,5.2693,0.0000,0.0000,0.0000,0.0000,0.0000,0.0000,0
341,1700000012.6733,1700000012.6753,0.0333,-5.3136,20.1390,-38.8169,80.9543,-68.5507,2.2070,-9.5385,17.0989,-43.3407,75.9121,-73.1429,-2.0034,-9.5385,17.0989,-43.3407,75.9121,-73.1429,-2.0034,0.0000,0.0000,0.0000,0.0000,0.0000,0.0000,0
342,1700000012.7067,1700000012.7087,0.0333,-6.3003,19.3522,-39.9666,79.7929,-69.6452,1.0590,-1.5385,25.7143,-35.3407,84.0000,-65.1429,5.2693,-1.5385,25.7143,-35.3407,84.0000,-65.1429,5.2693,0.0000,0.0000,0.0000,0.0000,0.0000,0.0000,0
343,1700000012.7400,1700000012.7420,0.0333,-5.1882,20.9988,-38.7910,80.7619,-68.5721,2.2070,-9.5385,18.3297,-43.3407,75.9121,-73.1429,-2.0034,-9.5385,18.3297,-43.3407,75.9121,-73.1429,-2.0034,0.0000,0.0000,0.0000,0.0000,0.0000,0.0000,0
344,1700000012.7733,1700000012.7753,0.0333,-6.2042,20.3080,-39.9472,79.6448,-69.6615,1.0590,-1.4505,26.9451,-35.5165,83.7363,-65.1429,5.2693,-1.4505,26.9451,-35.5165,83.7363,-65.1429,5.2693,0.0000,0.0000,0.0000,0.0000,0.0000,0.0000,0
345,1700000012.8067,1700000012.8087,0.0333,-5.0940,22.0257,-38.8212,80.5872,-68.5845,2.2069,-9.3626,19.6484,-43.7802,75.7363,-73.2308,-2.0034,-9.3626,19.6484,-43.7802,75.7363,-73.2308,-2.0034,0.0000,0.0000,0.0000,0.0000,0.0000,0.0000,0
346,1700000012.8400,1700000012.8420,0.0333,-6.0909,21.4104,-40.0815,79.4699,-69.6920,1.0590,-1.2747,28.2637,-35.8681,83.7363,-65.2308,5.2693,-1.2747,28.2637,-35.8681,83.7363,-65.2308,5.2693,0.0000,0.0000,0.0000,0.0000,0.0000,0.0000,0
347,1700000012.8733,1700000012.8753,0.0333,-4.9661,23.1841,-39.0107,80.4526,-68.6286,2.2069,-9.2747,20.8791,-43.8681,75.5604,-73.2308,-2.0034,-9.2747,20.8791,-43.8681,75.5604,-73.2308,-2.0034,0.0000,0.0000,0.0000,0.0000,0.0000,0.0000,0
348,1700000012.9067,1700000012.9087,0.0333,-5.9724,22.5876,-40.2452,79.3258,-69.7256,1.0590,-1.1868,29.4066,-35.6044,83.1209,-65.2308,5.2693,-1.1868,29.4066,-35.6044,83.1209,-65.2308,5.2693,0.0000,0.0000,0.0000,0.0000,0.0000,0.0000,0
349,1700000012.9400,1700000012.9420,0.0333,-4.8547,24.3524,-39.0658,80.1999,-68.6542,2.2069,-9.1868,21.8462,-43.5165,74.5934,-73.2308,-2.0034,-9.1868,21.8462,-43.5165,74.5934,-73.2308,-2.0034,0.0000,0.0000,0.0000,0.0000,0.0000,0.0000,0
350,1700000012.9733,1700000012.9753,0.0333,-5.8665,23.7038,-40.1969,78.9085,-69.7450,1.0590,-1.1868,30.1978,-35.5165,81.9780,-65.2308,5.2693,-1.1868,30.1978,-35.5165,81.9780,-65.2308,5.2693,0.0000,0.0000,0.0000,0.0000,0.0000,0.0000,1
351,1700000013.1933,1700000013.1953,0.2200,-1.9955,29.2982,-36.1923,81.4327,-65.9792,4.7543,-9.1868,22.5494,-43.5165,73.3626,-73.2308,-2.0034,-9.1868,22.5494,-43.5165,73.3626,-73.2308,-2.0034,0.0000,0.0000,0.0000,0.0000,0.0000,0.0000,1
352,1700000013.2267,1700000013.2287,0.0333,-3.6751,27.5516,-38.0537,79.5739,-67.7076,2.9118,-1.1868,30.9011,-35.5165,80.8352,-65.2308,5.2693,-1.1868,30.9011,-35.5165,80.8352,-65.2308,5.2693,0.0000,0.0000,0.0000,0.0000,0.0000,0.0000,0
353,1700000013.2600,1700000013.2620,0.0333,-3.0939,28.4185,-37.4089,79.8644,-67.1173,3.5546,-9.1868,23.0769,-43.5165,72.5714,-73.2308,-2.0034,-9.1868,23.0769,-43.5165,72.5714,-73.2308,-2.0034,0.0000,0.0000,0.0000,0.0000,0.0000,0.0000,0
354,1700000013.2933,1700000013.2953,0.0333,-4.5169,27.0360,-38.9610,78.1846,-68.5744,2.0392,-1.2747,31.3407,-35.5165,80.4835,-65.2308,5.2693,-1.2747,31.3407,-35.5165,80.4835,-65.2308,5.2693,0.0000,0.0000,0.0000,0.0000,0.0000,0.0000,0
355,1700000013.3267,1700000013.3287,0.0333,-3.7597,28.1501,-38.0856,78.7141,-67.7775,2.9199,-9.3626,23.6044,-43.5165,72.4835,-73.2308,-2.0034,-9.3626,23.6044,-43.5165,72.4835,-73.2308,-2.0034,0.0000,0.0000,0.0000,0.0000,0.0000,0.0000,0
356,1700000013.3600,1700000013.3620,0.0333,-5.0683,26.9736,-39.4658,77.2790,-69.0773,1.5776,-1.3626,31.9560,-35.4286,80.5714,-65.2308,5.2693,-1.3626,31.9560,-35.4286,80.5714,-65.2308,5.2693,0.0000,0.0000,0.0000,0.0000,0.0000,0.0000,0
357,1700000013.3933,1700000013.3953,0.0333,-4.2028,28.2631,-38.4398,78.0373,-68.1604,2.5841,-9.3626,24.3956,-43.4286,72.5714,-73.2308,-2.0034,-9.3626,24.3956,-43.4286,72.5714,-73.2308,-2.0034,0.0000,0.0000,0.0000,0.0000,0.0000,0.0000,0
358,1700000013.4267,1700000013.4287,0.0333,-5.4079,27.2622,-39.7076,76.7784,-69.3690,1.3333,-1.3626,32.8352,-35.4286,80.5714,-65.2308,5.2693,-1.3626,32.8352,-35.4286,80.5714,-65.2308,5.2693,0.0000,0.0000,0.0000,0.0000,0.0000,0.0000,0
359,1700000013.4600,1700000013.4620,0.0333,-4.4631,28.7045,-38.6202,77.6520,-68.3826,2.4065,-9.3626,25.2747,-43.4286,72.6593,-73.2308,-2.0034,-9.3626,25.2747,-43.4286,72.6593,-73.2308,-2.0034,0.0000,0.0000,0.0000,0.0000,0.0000,0.0000,0
360,1700000013.4933,1700000013.4953,0.0333,-5.6074,27.8169,-39.8422,76.5020,-69.5382,1.2041,-1.2747,33.7143,-35.4286,80.7473,-65.2308,5.2693,-1.2747,33.7143,-35.4286,80.7473,-65.2308,5.2693,0.0000,0.0000,0.0000,0.0000,0.0000,0.0000,0
361,1700000013.5267,1700000013.5287,0.0333,-4.5955,29.3432,-38.7205,77.4799,-68.5115,2.3125,-9.2747,26.2418,-43.4286,72.7473,-73.2308,-2.0034,-9.2747,26.2418,-43.4286,72.7473,-73.2308,-2.0034,0.0000,0.0000,0.0000,0.0000,0.0000,0.0000,0
362,1700000013.5600,1700000013.5620,0.0333,-5.6883,28.5405,-39.9170,76.3898,-69.6364,1.1358,-1.2747,34.5934,-35.4286,80.7473,-65.2308,5.2693,-1.2747,34.5934,-35.4286,80.7473,-65.2308,5.2693,0.0000,0.0000,0.0000,0.0000,0.0000,0.0000,0
363,1700000013.5933,1700000013.5953,0.0333,-4.6575,30.1070,-38.7763,77.3935,-68.5863,2.2628,-9.2747,26.9451,-43.4286,72.7473,-73.2308,-2.0034,-9.2747,26.9451,-43.4286,72.7473,-73.2308,-2.0034,0.0000,0.0000,0.0000,0.0000,0.0000,0.0000,0
364,1700000013.6267,1700000013.6287,0.0333,-5.7359,29.2887,-39.9586,76.3233,-69.6933,1.0996,-1.2747,35.2088,-35.4286,80.7473,-65.2308,5.2693,-1.2747,35.2088,-35.4286,80.7473,-65.2308,5.2693,0.0000,0.0000,0.0000,0.0000,0.0000,0.0000,0
365,1700000013.6600,1700000013.6620,0.0333,-4.6940,30.8209,-38.8074,77.3423,-68.6296,2.2365,-9.2747,27.3846,-43.4286,72.7473,-73.2308,-2.0034,-9.2747,27.3846,-43.4286,72.7473,-73.2308,-2.0034,0.0000,0.0000,0.0000,0.0000,0.0000,0.0000,0
366,1700000013.6933,1700000013.6953,0.0333,-5.7638,29.9315,-39.9818,76.2839,-69.7263,1.0805,-1.2747,35.3846,-35.4286,80.7473,-65.2308,5.2693,-1.2747,35.3846,-35.4286,80.7473,-65.2308,5.2693,0.0000,0.0000,0.0000,0.0000,0.0000,0.0000,0
367,1700000013.7267,1700000013.7287,0.0333,-4.7154,31.3428,-38.8246,77.3119,-68.6548,2.2226,-9.2747,27.3846,-43.4286,72.7473,-73.2308,-2.0034,-9.2747,27.3846,-43.4286,72.7473,-73.2308,-2.0034,0.0000,0.0000,0.0000,0.0000,0.0000,0.0000,0
368,1700000013.7600,1700000013.7620,0.0333,-5.7802,30.3184,-39.9947,76.2605,-69.7455,1.0704,-1.2747,35.3846,-35.4286,80.7473,-65.2308,5.2693,-1.2747,35.3846,-35.4286,80.7473,-65.2308,5.2693,0.0000,0.0000,0.0000,0.0000,0.0000,0.0000,0
369,1700000013.7933,1700000013.7953,0.0333,-4.7280,31.6296,-38.8343,77.2940,-68.6694,2.2152,-9.3626,27.3846,-43.4286,72.7473,-73.2308,-2.0034,-9.3626,27.3846,-43.4286,72.7473,-73.2308,-2.0034,0.0000,0.0000,0.0000,0.0000,0.0000,0.0000,0
370,1700000013.8267,1700000013.8287,0.0333,-5.8104,30.5310,-40.0018,76.2467,-69.7566,1.0650,-1.4505,35.2967,-35.6923,80.7473,-65.2308,5.2693,-1.4505,35.2967,-35.6923,80.7473,-65.2308,5.2693,0.0000,0.0000,0.0000,0.0000,0.0000,0.0000,0
371,1700000013.8600,1700000013.8620,0.0333,-4.7921,31.7644,-38.9066,77.2833,-68.6779,2.2113,-9.5385,27.2967,-43.7802,72.7473,-73.2308,-2.0034,-9.5385,27.2967,-43.7802,72.7473,-73.2308,-2.0034,0.0000,0.0000,0.0000,0.0000,0.0000,0.0000,0
372,1700000013.8933,1700000013.8953,0.0333,-5.9007,30.6081,-40.1452,76.2385,-69.7631,1.0622,-1.5385,35.1209,-35.8681,80.7473,-65.2308,5.2693,-1.5385,35.1209,-35.8681,80.7473,-65.2308,5.2693,0.0000,0.0000,0.0000,0.0000,0.0000,0.0000,0
373,1700000013.9267,1700000013.9287,0.0333,-4.8819,31.7761,-39.0582,77.2770,-68.6828,2.2093,-9.6264,26.8571,-43.9560,72.7473,-73.2308,-2.0034,-9.6264,26.8571,-43.9560,72.7473,-73.2308,-2.0034,0.0000,0.0000,0.0000,0.0000,0.0000,0.0000,0
374,1700000013.9600,1700000013.9620,0.0333,-5.9899,30.5030,-40.3030,76.2337,-69.7668,1.0607,-1.7143,34.2418,-36.8352,80.9231,-65.2308,5.2693,-1.7143,34.2418,-36.8352,80.9231,-65.2308,5.2693,0.0000,0.0000,0.0000,0.0000,0.0000,0.0000,0
375,1700000013.9933,1700000013.9953,0.0333,-4.9914,31.4706,-39.4217,77.3138,-68.6856,2.2082,-10.0659,25.0989,-46.3297,74.0659,-73.2308,-2.0034,-10.0659,25.0989,-46.3297,74.0659,-73.2308,-2.0034,0.0000,0.0000,0.0000,0.0000,0.0000,0.0000,0
376,1700000014.0267,1700000014.0287,0.0333,-6.1765,29.8216,-41.1772,76.5657,-69.7690,1.0599,-2.5934,31.7802,-40.2637,83.8242,-65.2308,5.2693,-2.5934,31.7802,-40.2637,83.8242,-65.2308,5.2693,0.0000,0.0000,0.0000,0.0000,0.0000,0.0000,0
377,1700000014.0600,1700000014.0620,0.0333,-5.3397,30.3285,-40.9451,78.2376,-68.6873,2.2076,-10.7692,22.3736,-49.8462,77.5824,-73.2308,-2.0034,-10.7692,22.3736,-49.8462,77.5824,-73.2308,-2.0034,0.0000,0.0000,0.0000,0.0000,0.0000,0.0000,0
378,1700000014.0933,1700000014.0953,0.0333,-6.6078,28.2697,-43.2072,78.0867,-69.7702,1.0595,-2.9451,28.9670,-43.0769,87.6044,-65.2308,5.2693,-2.9451,28.9670,-43.0769,87.6044,-65.2308,5.2693,0.0000,0.0000,0.0000,0.0000,0.0000,0.0000,0
379,1700000014.1267,1700000014.1287,0.0333,-5.7523,28.4502,-43.1741,80.2789,-68.6882,2.2073,-11.0330,19.6484,-52.1319,81.8901,-73.2308,-2.0034,-11.0330,19.6484,-52.1319,81.8901,-73.2308,-2.0034,0.0000,0.0000,0.0000,0.0000,0.0000,0.0000,0
380,1700000014.1600,1700000014.1620,0.0333,-6.9856,26.1722,-45.4506,80.6500,-69.7710,1.0592,-3.1209,25.9780,-45.4506,92.7912,-65.2308,5.2693,-3.1209,25.9780,-45.4506,92.7912,-65.2308,5.2693,0.0000,0.0000,0.0000,0.0000,0.0000,0.0000,0
381,1700000014.1933,1700000014.1953,0.0333,-6.0830,26.1219,-45.4506,83.4466,-68.6888,2.2071,-11.2088,16.1319,-55.2088,87.8681,-73.2308,-2.0034,-11.2088,16.1319,-55.2088,87.8681,-73.2308,-2.0034,0.0000,0.0000,0.0000,0.0000,0.0000,0.0000,0
382,1700000014.2267,1700000014.2287,0.0333,-7.2801,23.5364,-47.9305,84.4650,-69.7714,1.0591,-3.2088,22.1099,-49.1429,98.9451,-65.2308,5.2693,-3.2088,22.1099,-49.1429,98.9451,-65.2308,5.2693,0.0000,0.0000,0.0000,0.0000,0.0000,0.0000,0
383,1700000014.2600,1700000014.2620,0.0333,-6.3293,23.1672,-48.2386,87.8003,-68.6891,2.2070,-11.2088,12.0879,-58.8132,93.8462,-73.2308,-2.0812,-11.2088,12.0879,-58.8132,93.8462,-73.2308,-2.0812,0.0000,0.0000,0.0000,0.0000,0.0000,0.0000,0
384,1700000014.2933,1700000014.2953,0.0333,-7.4689,20.2998,-50.9260,89.1928,-69.7716,1.0379,-3.2088,17.9780,-52.3077,104.9231,-65.2308,5.1916,-3.2088,17.9780,-52.3077,104.9231,-65.2308,5.1916,0.0000,0.0000,0.0000,0.0000,0.0000,0.0000,0
385,1700000014.3267,1700000014.3287,0.0333,-6.4739,19.6989,-51.2772,92.8161,-68.6893,2.1704,-11.2088,7.7802,-61.6264,100.3516,-73.2308,-2.0812,-11.2088,7.7802,-61.6264,100.3516,-73.2308,-2.0812,0.0000,0.0000,0.0000,0.0000,0.0000,0.0000,0
386,1700000014.3600,1700000014.3620,0.0333,-7.5798,16.6142,-53.9073,94.5518,-69.7718,1.0112,-3.2088,13.2308,-53.8022,109.2308,-64.8791,5.0361,-3.2088,13.2308,-53.8022,109.2308,-64.8791,5.0361,0.0000,0.0000,0.0000,0.0000,0.0000,0.0000,0
387,1700000014.3933,1700000014.3953,0.0333,-6.5589,15.7385,-53.8806,97.9328,-68.6056,2.1086,-11.2088,2.1538,-61.1868,100.7912,-72.8791,-2.2367,-11.2088,2.1538,-61.1868,100.7912,-72.8791,-2.2367,0.0000,0.0000,0.0000,0.0000,0.0000,0.0000,0
388,1700000014.4267,1700000014.4287,0.0333,-7.6449,12.2227,-55.7374,98.5912,-69.6242,0.9238,-3.2088,6.4615,-52.5714,108.8791,-65.1429,5.0361,-3.2088,6.4615,-52.5714,108.8791,-65.1429,5.0361,0.0000,0.0000,0.0000,0.0000,0.0000,0.0000,0
389,1700000014.4600,1700000014.4620,0.0333,-6.6088,10.7316,-54.9328,100.9609,-68.5561,2.0450,-11.2088,-5.2308,-59.6044,100.8791,-73.1429,-2.2367,-11.2088,-5.2308,-59.6044,100.8791,-73.1429,-2.2367,0.0000,0.0000,0.0000,0.0000,0.0000,0.0000,0
390,1700000014.4933,1700000014.4953,0.0333,-7.6832,6.6004,-56.1200,100.9421,-69.6493,0.8776,-2.9451,-0.8352,-49.2308,108.8791,-65.1429,5.0361,-2.9451,-0.8352,-49.2308,108.8791,-65.1429,5.0361,0.0000,0.0000,0.0000,0.0000,0.0000,0.0000,0
391,1700000014.5267,1700000014.5287,0.0333,-6.5766,4.6760,-54.3692,102.7702,-68.5752,2.0114,-10.7692,-12.3516,-53.2747,100.8791,-73.1429,-2.2367,-10.7692,-12.3516,-53.2747,100.8791,-73.1429,-2.2367,0.0000,0.0000,0.0000,0.0000,0.0000,0.0000,0
392,1700000014.5600,1700000014.5620,0.0333,-7.5558,0.2691,-54.0911,102.3346,-69.6639,0.8532,-2.7692,-7.8681,-40.7033,108.8791,-64.9670,5.0361,-2.7692,-7.8681,-40.7033,108.8791,-64.9670,5.0361,0.0000,0.0000,0.0000,0.0000,0.0000,0.0000,0
393,1700000014.5933,1700000014.5953,0.0333,-6.4379,-1.8369,-50.6887,103.8421,-68.5444,1.9936,-10.7692,-19.9121,-43.6923,100.8791,-72.9670,-2.2367,-10.7692,-19.9121,-43.6923,100.8791,-72.9670,-2.2367,0.0000,0.0000,0.0000,0.0000,0.0000,0.0000,0
394,1700000014.6267,1700000014.6287,0.0333,-7.4495,-6.5150,-48.9107,103.1596,-69.5985,0.8402,-2.7692,-16.2198,-30.3297,108.8791,-64.9670,5.0361,-2.7692,-16.2198,-30.3297,108.8791,-64.9670,5.0361,0.0000,0.0000,0.0000,0.0000,0.0000,0.0000,0
395,1700000014.6600,1700000014.6620,0.0333,-6.3564,-9.0267,-44.1885,104.4770,-68.4946,1.9842,-10.7692,-29.0549,-32.2637,100.8791,-73.0549,-2.1589,-10.7692,-29.0549,-32.2637,100.8791,-73.0549,-2.1589,0.0000,0.0000,0.0000,0.0000,0.0000,0.0000,0
396,1700000014.6933,1700000014.6953,0.0333,-7.3870,-14.2102,-41.1580,103.6483,-69.5816,0.8546,-2.7692,-25.8022,-18.3736,108.6154,-65.2308,5.3471,-2.7692,-25.8022,-18.3736,108.6154,-65.2308,5.3471,0.0000,0.0000,0.0000,0.0000,0.0000,0.0000,0
397,1700000014.7267,1700000014.7287,0.0333,-6.3085,-17.2103,-35.3676,104.7924,-68.5446,2.0795,-10.7692,-38.6374,-20.2198,99.9121,-73.2308,-1.9256,-10.7692,-38.6374,-20.2198,99.9121,-73.2308,-1.9256,0.0000,0.0000,0.0000,0.0000,0.0000,0.0000,0
398,1700000014.7600,1700000014.7620,0.0333,-7.3503,-22.7559,-31.5179,103.6683,-69.6615,0.9875,-2.7692,-35.4725,-5.9780,107.2967,-65.2308,5.3471,-2.7692,-35.4725,-5.9780,107.2967,-65.2308,5.3471,0.0000,0.0000,0.0000,0.0000,0.0000,0.0000,0
399,1700000014.7933,1700000014.7953,0.0333,-6.2804,-26.0471,-25.0273,104.5040,-68.6054,2.1761,-10.7692,-48.7473,-8.0879,98.6813,-73.2308,-1.9256,-10.7692,-48.7473,-8.0879,98.6813,-73.2308,-1.9256,0.0000,0.0000,0.0000,0.0000,0.0000,0.0000,0
400,1700000014.8267,1700000014.8287,0.0333,-7.3288,-31.9221,-20.7223,103.1629,-69.7079,1.0578,-2.7692,-46.2857,6.2418,105.7143,-65.2308,5.4249,-2.7692,-46.2857,6.2418,105.7143,-65.2308,5.4249,0.0000,0.0000,0.0000,0.0000,0.0000,0.0000,1
401,1700000015.0467,1700000015.0487,0.2200,-3.5572,-44.2960,2.3484,105.2610,-65.9731,4.8907,-10.7692,-60.2637,5.1868,96.0440,-73.2308,-1.8479,-10.7692,-60.2637,5.1868,96.0440,-73.2308,-1.8479,0.0000,0.0000,0.0000,0.0000,0.0000,0.0000,1
402,1700000015.0800,1700000015.0820,0.0333,-5.2416,-48.4286,3.0697,103.1380,-67.7030,3.0534,-2.7692,-58.5055,20.3077,101.9341,-65.2308,5.4249,-2.7692,-58.5055,20.3077,101.9341,-65.2308,5.4249,0.0000,0.0000,0.0000,0.0000,0.0000,0.0000,0
403,1700000015.1133,1700000015.1153,0.0333,-4.6642,-51.0366,7.4505,102.8607,-67.1137,3.7000,-10.7692,-73.0110,19.5165,91.6484,-73.1429,-1.8479,-10.7692,-73.0110,19.5165,91.6484,-73.1429,-1.8479,0.0000,0.0000,0.0000,0.0000,0.0000,0.0000,0
404,1700000015.1467,1700000015.1487,0.0333,-6.0900,-56.7238,10.5170,100.2781,-68.5508,2.1874,-2.7692,-72.0440,34.4615,97.2747,-65.2308,5.3471,-2.7692,-72.0440,34.4615,97.2747,-65.2308,5.3471,0.0000,0.0000,0.0000,0.0000,0.0000,0.0000,0
405,1700000015.1800,1700000015.1820,0.0333,-5.3144,-60.6888,16.6022,99.5863,-67.7594,3.0489,-10.7692,-86.7253,32.8791,86.8132,-73.2308,-2.0034,-10.7692,-86.7253,32.8791,86.8132,-73.2308,-2.0034,0.0000,0.0000,0.0000,0.0000,0.0000,0.0000,0
406,1700000015.2133,1700000015.2153,0.0333,-6.5884,-67.4273,20.7388,96.6442,-69.0635,1.6714,-2.7692,-85.2308,46.7692,91.8242,-65.3187,5.1138,-2.7692,-85.2308,46.7692,91.8242,-65.3187,5.1138,0.0000,0.0000,0.0000,0.0000,0.0000,0.0000,0
407,1700000015.2467,1700000015.2487,0.0333,-5.6964,-72.0350,27.3541,95.5340,-68.1709,2.6099,-10.7692,-99.2967,44.0440,81.4505,-73.3187,-2.2367,-10.7692,-99.2967,44.0440,81.4505,-73.3187,-2.2367,0.0000,0.0000,0.0000,0.0000,0.0000,0.0000,0
408,1700000015.2800,1700000015.2820,0.0333,-6.8812,-79.0906,31.5957,92.2901,-69.3979,1.2885,-2.7692,-96.8352,56.3517,87.7802,-65.4066,5.0361,-2.7692,-96.8352,56.3517,87.7802,-65.4066,5.0361,0.0000,0.0000,0.0000,0.0000,0.0000,0.0000,0
409,1700000015.3133,1700000015.3153,0.0333,-5.9208,-83.6831,37.8871,91.2513,-68.4466,2.3103,-10.7692,-109.4945,51.7802,78.7253,-74.5495,-2.2367,-10.7692,-109.4945,51.7802,78.7253,-74.5495,-2.2367,0.0000,0.0000,0.0000,0.0000,0.0000,0.0000,0
410,1700000015.3467,1700000015.3487,0.0333,-7.0532,-90.3633,41.4179,88.3661,-69.9012,1.0706,-2.7692,-103.6044,63.2088,86.0220,-68.4835,5.1916,-2.7692,-103.6044,63.2088,86.0220,-68.4835,5.1916,0.0000,0.0000,0.0000,0.0000,0.0000,0.0000,0
411,1700000015.3800,1700000015.3820,0.0333,-6.0527,-93.7903,46.9558,87.8262,-69.5633,2.1942,-10.7692,-110.9011,56.7912,78.1099,-78.1538,-2.0812,-10.7692,-110.9011,56.7912,78.1099,-78.1538,-2.0812,0.0000,0.0000,0.0000,0.0000,0.0000,0.0000,0
412,1700000015.4133,1700000015.4153,0.0333,-7.1542,-98.2187,49.4553,85.5882,-71.6109,1.0285,-2.7692,-101.3187,66.4615,85.8462,-70.8571,5.1916,-2.7692,-101.3187,66.4615,85.8462,-70.8571,5.1916,0.0000,0.0000,0.0000,0.0000,0.0000,0.0000,0
413,1700000015.4467,1700000015.4487,0.0333,-6.1301,-99.0210,53.7773,85.6476,-71.4312,2.1636,-10.7692,-107.7363,60.8352,76.4396,-78.8571,-2.0812,-10.7692,-107.7363,60.8352,76.4396,-78.8571,-2.0812,0.0000,0.0000,0.0000,0.0000,0.0000,0.0000,0
414,1700000015.4800,1700000015.4820,0.0333,-7.2136,-101.2766,55.5710,83.5267,-73.2012,1.0062,-2.7692,-98.7692,71.2088,81.0989,-70.6813,5.2693,-2.7692,-98.7692,71.2088,81.0989,-70.6813,5.2693,0.0000,0.0000,0.0000,0.0000,0.0000,0.0000,0
415,1700000015.5133,1700000015.5153,0.0333,-6.1756,-100.6277,59.5451,82.9675,-72.6006,2.1686,-10.7692,-106.9451,65.4945,69.3187,-78.5934,-1.9256,-10.7692,-106.9451,65.4945,69.3187,-78.5934,-1.9256,0.0000,0.0000,0.0000,0.0000,0.0000,0.0000,0
416,1700000015.5467,1700000015.5487,0.0333,-7.2484,-102.2627,61.0571,79.8237,-74.0290,1.0523,-2.7692,-99.4725,76.2198,72.3956,-70.5055,5.3471,-2.7692,-99.4725,76.2198,72.3956,-70.5055,5.3471,0.0000,0.0000,0.0000,0.0000,0.0000,0.0000,0
417,1700000015.5800,1700000015.5820,0.0333,-6.2023,-101.5406,64.9105,78.1127,-73.1892,2.2233,-10.7692,-108.0879,71.1209,59.4725,-77.8022,-1.9256,-10.7692,-108.0879,71.1209,59.4725,-77.8022,-1.9256,0.0000,0.0000,0.0000,0.0000,0.0000,0.0000,0
418,1700000015.6133,1700000015.6153,0.0333,-7.2689,-103.2351,66.4888,73.8193,-74.2887,1.0921,-2.7692,-100.4396,81.7582,62.6374,-68.9231,5.3471,-2.7692,-100.4396,81.7582,62.6374,-68.9231,5.3471,0.0000,0.0000,0.0000,0.0000,0.0000,0.0000,0
419,1700000015.6467,1700000015.6487,0.0333,-6.2180,-102.5116,70.3694,71.2437,-73.0098,2.2522,-10.7692,-108.6154,76.3077,50.6813,-76.7473,-1.9256,-10.7692,-108.6154,76.3077,50.6813,-76.7473,-1.9256,0.0000,0.0000,0.0000,0.0000,0.0000,0.0000,0
420,1700000015.6800,1700000015.6820,0.0333,-7.2810,-104.0913,71.8785,66.5075,-73.9006,1.1131,-2.7692,-100.7912,86.5055,55.5165,-68.9231,5.4249,-2.7692,-100.7912,86.5055,55.5165,-68.9231,5.4249,0.0000,0.0000,0.0000,0.0000,0.0000,0.0000,0
421,1700000015.7133,1700000015.7153,0.0333,-6.2272,-103.2372,75.5958,63.9759,-72.7142,2.2887,-10.7692,-108.7912,80.0000,46.3736,-76.9231,-1.9256,-10.7692,-108.7912,80.0000,46.3736,-76.9231,-1.9256,0.0000,0.0000,0.0000,0.0000,0.0000,0.0000,0
422,1700000015.7467,1700000015.7487,0.0333,-7.2880,-104.6746,76.7151,59.9215,-73.7174,1.1397,-2.7692,-100.7033,88.8791,54.2857,-68.9231,5.2693,-2.7692,-100.7033,88.8791,54.2857,-68.9231,5.2693,0.0000,0.0000,0.0000,0.0000,0.0000,0.0000,0
423,1700000015.7800,1700000015.7820,0.0333,-6.2327,-103.6468,79.8064,58.6233,-72.5747,2.2656,-10.7692,-108.7033,81.5824,46.8132,-77.1868,-2.0034,-10.7692,-108.7033,81.5824,46.8132,-77.1868,-2.0034,0.0000,0.0000,0.0000,0.0000,0.0000,0.0000,0
424,1700000015.8133,1700000015.8153,0.0333,-7.2922,-104.9555,80.2578,55.9031,-73.6740,1.1017,-2.7692,-100.7033,90.2857,56.1319,-70.4176,5.2693,-2.7692,-100.7033,90.2857,56.1319,-70.4176,5.2693,0.0000,0.0000,0.0000,0.0000,0.0000,0.0000,0
425,1700000015.8467,1700000015.8487,0.0333,-6.2358,-103.8550,82.8063,55.9558,-72.8978,2.2380,-10.7692,-108.7033,83.0769,50.2418,-79.9121,-2.0034,-10.7692,-108.7033,83.0769,50.2418,-79.9121,-2.0034,0.0000,0.0000,0.0000,0.0000,0.0000,0.0000,0
426,1700000015.8800,1700000015.8820,0.0333,-7.2946,-105.1098,82.8750,54.6396,-74.5697,1.0816,-2.7692,-100.7033,91.8681,60.8791,-73.6703,5.3471,-2.7692,-100.7033,91.8681,60.8791,-73.6703,5.3471,0.0000,0.0000,0.0000,0.0000,0.0000,0.0000,0
427,1700000015.9133,1700000015.9153,0.0333,-6.2377,-103.9693,85.1605,56.0768,-74.3553,2.2446,-10.7692,-108.7033,84.7473,55.4286,-82.9890,-1.9256,-10.7692,-108.7033,84.7473,55.4286,-82.9890,-1.9256,0.0000,0.0000,0.0000,0.0000,0.0000,0.0000,0
428,1700000015.9467,1700000015.9487,0.0333,-7.2961,-105.1945,85.0555,55.9275,-76.4132,1.1076,-2.7692,-100.7033,93.5385,65.9780,-76.1319,5.3471,-2.7692,-100.7033,93.5385,65.9780,-76.1319,5.3471,0.0000,0.0000,0.0000,0.0000,0.0000,0.0000,0
429,1700000015.9800,1700000015.9820,0.0333,-6.2388,-104.0322,87.2113,58.2425,-76.3461,2.2635,-10.7692,-108.7033,86.5055,60.1758,-85.0989,-1.9256,-10.7692,-108.7033,86.5055,60.1758,-85.0989,-1.9256,0.0000,0.0000,0.0000,0.0000,0.0000,0.0000,0
430,1700000016.0133,1700000016.0153,0.0333,-7.2969,-105.2411,87.0320,58.6878,-78.4324,1.1213,-2.7692,-100.7033,95.7363,69.8462,-77.8901,5.3471,-2.7692,-100.7033,95.7363,69.8462,-77.8901,5.3471,0.0000,0.0000,0.0000,0.0000,0.0000,0.0000,0
431,1700000016.0467,1700000016.0487,0.0333,-6.2395,-104.0667,89.2441,61.2579,-78.3031,2.2735,-10.9451,-108.7033,88.7912,62.9011,-86.1538,-1.9256,-10.9451,-108.7033,88.7912,62.9011,-86.1538,-1.9256,0.0000,0.0000,0.0000,0.0000,0.0000,0.0000,0
432,1700000016.0800,1700000016.0820,0.0333,-7.3385,-105.2667,89.1290,61.6364,-80.1744,1.1286,-3.1209,-100.7033,97.8462,71.3407,-77.9780,5.3471,-3.1209,-100.7033,97.8462,71.3407,-77.9780,5.3471,0.0000,0.0000,0.0000,0.0000,0.0000,0.0000,0
433,1700000016.1133,1700000016.1153,0.0333,-6.3534,-104.0856,91.3443,63.8716,-79.6509,2.2788,-11.2088,-108.7033,90.9011,63.3407,-85.9780,-1.9256,-11.2088,-108.7033,90.9011,63.3407,-85.9780,-1.9256,0.0000,0.0000,0.0000,0.0000,0.0000,0.0000,0
434,1700000016.1467,1700000016.1487,0.0333,-7.4874,-105.2807,91.2317,63.7493,-81.1590,1.1324,-3.2088,-100.7033,99.9560,71.5165,-77.9780,5.1916,-3.2088,-100.7033,99.9560,71.5165,-77.9780,5.1916,0.0000,0.0000,0.0000,0.0000,0.0000,0.0000,0
435,1700000016.1800,1700000016.1820,0.0333,-6.4881,-104.0960,93.4489,65.5384,-80.4008,2.2392,-11.3846,-108.7033,92.9231,63.5165,-85.9780,-2.0812,-11.3846,-108.7033,92.9231,63.5165,-85.9780,-2.0812,0.0000,0.0000,0.0000,0.0000,0.0000,0.0000,0
436,1700000016.2133,1700000016.2153,0.0333,-7.6317,-105.2884,93.3153,65.0727,-81.7301,1.0612,-4.0879,-100.7033,101.0989,71.6923,-77.9780,5.1916,-4.0879,-100.7033,101.0989,71.6923,-77.9780,5.1916,0.0000,0.0000,0.0000,0.0000,0.0000,0.0000,0
437,1700000016.2467,1700000016.2487,0.0333,-6.8041,-104.1018,95.2934,66.5974,-80.8358,2.1874,-12.8791,-108.6154,93.0989,64.5714,-85.9780,-2.0812,-12.8791,-108.6154,93.0989,64.5714,-85.9780,-2.0812,0.0000,0.0000,0.0000,0.0000,0.0000,0.0000,0
438,1700000016.2800,1700000016.2820,0.0333,-8.2229,-105.2699,94.7357,66.1307,-82.0615,1.0236,-5.4945,-100.6154,101.0989,74.0659,-77.9780,5.1916,-5.4945,-100.6154,101.0989,74.0659,-77.9780,5.1916,0.0000,0.0000,0.0000,0.0000,0.0000,0.0000,0
439,1700000016.3133,1700000016.3153,0.0333,-7.5857,-104.0653,96.3528,67.9585,-81.0882,2.1600,-14.0220,-108.6154,93.0989,67.6484,-85.9780,-2.0812,-14.0220,-108.6154,93.0989,67.6484,-85.9780,-2.0812,0.0000,0.0000,0.0000,0.0000,0.0000,0.0000,0
440,1700000016.3467,1700000016.3487,0.0333,-9.0889,-105.2429,95.5259,67.8871,-82.2537,1.0036,-6.1978,-100.6154,101.0989,77.1429,-77.9780,5.1916,-6.1978,-100.6154,101.0989,77.1429,-77.9780,5.1916,0.0000,0.0000,0.0000,0.0000,0.0000,0.0000,0
441,1700000016.3800,1700000016.3820,0.0333,-8.4137,-104.0453,96.9422,70.0190,-81.2346,2.1455,-14.2857,-108.6154,93.0989,70.2857,-85.8022,-2.0812,-14.2857,-108.6154,93.0989,70.2857,-85.8022,-2.0812,0.0000,0.0000,0.0000,0.0000,0.0000,0.0000,0
442,1700000016.4133,1700000016.4153,0.0333,-9.7851,-105.2281,95.9655,70.0804,-82.3233,0.9931,-6.2857,-100.6154,101.0989,78.5495,-76.5714,5.2693,-6.2857,-100.6154,101.0989,78.5495,-76.5714,5.2693,0.0000,0.0000,0.0000,0.0000,0.0000,0.0000,0
443,1700000016.4467,1700000016.4487,0.0333,-8.9678,-104.0342,97.2701,72.0311,-80.9523,2.1590,-14.1978,-108.6154,93.0989,70.8132,-82.9890,-2.0034,-14.1978,-108.6154,93.0989,70.8132,-82.9890,-2.0034,0.0000,0.0000,0.0000,0.0000,0.0000,0.0000,0
444,1700000016.4800,1700000016.4820,0.0333,-10.1893,-105.2199,96.2100,71.7506,-81.4378,1.0241,-6.0220,-100.6154,101.0989,79.0769,-73.4066,5.3471,-6.0220,-100.6154,101.0989,79.0769,-73.4066,5.3471,0.0000,0.0000,0.0000,0.0000,0.0000,0.0000,0
445,1700000016.5133,1700000016.5153,0.0333,-9.2160,-104.0282,97.4525,73.4381,-79.5235,2.2028,-14.0220,-108.6154,93.0989,71.8681,-80.2637,-2.0034,-14.0220,-108.6154,93.0989,71.8681,-80.2637,-2.0034,0.0000,0.0000,0.0000,0.0000,0.0000,0.0000,0
446,1700000016.5467,1700000016.5487,0.0333,-10.3384,-105.2154,96.3461,73.0765,-79.6999,1.0560,-6.0220,-100.6154,101.0989,80.7473,-71.7363,5.2693,-6.0220,-100.6154,101.0989,80.7473,-71.7363,5.2693,0.0000,0.0000,0.0000,0.0000,0.0000,0.0000,0
447,1700000016.5800,1700000016.5820,0.0333,-9.3303,-104.0249,97.5539,74.8433,-77.8018,2.2047,-14.0220,-108.6154,93.0989,73.6264,-79.6484,-1.9256,-14.0220,-108.6154,93.0989,73.6264,-79.6484,-1.9256,0.0000,0.0000,0.0000,0.0000,0.0000,0.0000,0
448,1700000016.6133,1700000016.6153,0.0333,-10.4261,-105.2129,96.4217,74.5630,-78.2419,1.0786,-6.0220,-100.7033,101.0989,82.1538,-71.5604,5.3471,-6.0220,-100.7033,101.0989,82.1538,-71.5604,5.3471,0.0000,0.0000,0.0000,0.0000,0.0000,0.0000,0
449,1700000016.6467,1700000016.6487,0.0333,-9.3975,-104.0458,97.6104,76.3115,-76.6494,2.2424,-14.0220,-108.7033,93.0989,74.9451,-79.5604,-1.9256,-14.0220,-108.7033,93.0989,74.9451,-79.5604,-1.9256,0.0000,0.0000,0.0000,0.0000,0.0000,0.0000,0
