step,t_obs,t_cmd,dt,pos_shoulder_pan,pos_shoulder_lift,pos_elbow_flex,pos_wrist_flex,pos_wrist_roll,pos_gripper,cmd_shoulder_pan,cmd_shoulder_lift,cmd_elbow_flex,cmd_wrist_flex,cmd_wrist_roll,cmd_gripper,sent_shoulder_pan,sent_shoulder_lift,sent_elbow_flex,sent_wrist_flex,sent_wrist_roll,sent_gripper,velraw_shoulder_pan,velraw_shoulder_lift,velraw_elbow_flex,velraw_wrist_flex,velraw_wrist_roll,velraw_gripper,chunk_start
0,1787058141.1244,1787058141.5861,2.09015,-0.1758,-97.5385,96.8791,78.1538,-87.7802,2.4471,0.1109,-96.5107,97.9111,76.3878,-87.7477,1.7051,0.1109,-96.5107,97.9111,76.3878,-87.7477,1.7051,0,0,0,0,0,0,1
1,1787058141.5873,1787058141.5931,0.46292,-0.1758,-97.5385,96.8791,78.1538,-87.7802,2.4471,-0.0902,-95.8949,97.2479,75.9232,-88.1340,1.7479,-0.0902,-95.8949,97.2479,75.9232,-88.1340,1.7479,0,0,0,0,0,0,1
2,1787058141.6206,1787058141.6254,0.0333,-0.1758,-97.5385,96.8791,78.1538,-87.7802,2.4471,0.2303,-96.6264,97.7335,76.1912,-87.7044,1.8331,0.2303,-96.6264,97.7335,76.1912,-87.7044,1.8331,0,0,0,0,0,0,0
3,1787058141.654,1787058141.6586,0.03341,-0.1758,-97.2747,96.8791,77.5385,-87.7802,2.2487,0.0263,-96.9567,97.8162,76.6304,-88.0015,1.9427,0.0263,-96.9567,97.8162,76.6304,-88.0015,1.9427,0,100,0,-100,0,-100,0
4,1787058141.6874,1787058141.6919,0.03338,-0.1758,-96.9231,96.8791,76.9231,-87.7802,2.1825,-0.0222,-96.9697,97.6228,76.2305,-88.2832,1.9177,-0.0222,-96.9697,97.6228,76.2305,-88.2832,1.9177,0,100,0,-250,0,0,0
5,1787058141.7208,1787058141.7254,0.03337,-0.1758,-96.7473,96.9670,77.0110,-87.7802,2.1825,-0.0188,-96.5946,98.3221,76.5252,-88.5102,1.8994,-0.0188,-96.5946,98.3221,76.5252,-88.5102,1.8994,0,50,0,50,0,0,0
6,1787058141.7542,1787058141.7588,0.03342,-0.1758,-96.6593,96.9670,76.8352,-87.8681,2.1825,-0.1062,-96.7748,97.5911,76.3160,-88.4509,1.9269,-0.1062,-96.7748,97.5911,76.3160,-88.4509,1.9269,0,0,0,-50,0,0,0
7,1787058141.7875,1787058141.792,0.03334,-0.1758,-96.6593,97.0549,76.7473,-88.1319,2.1825,0.1652,-96.2645,96.7461,75.7683,-88.5730,1.9817,0.1652,-96.2645,96.7461,75.7683,-88.5730,1.9817,0,0,50,-50,-100,0,0
8,1787058141.8209,1787058141.8254,0.03341,-0.1758,-96.6593,97.0549,76.7473,-88.1319,2.1825,-0.1023,-96.4817,97.0279,76.6235,-87.9343,1.8605,-0.1023,-96.4817,97.0279,76.6235,-87.9343,1.8605,0,0,0,0,0,0,0
9,1787058141.8543,1787058141.8589,0.03339,-0.1758,-96.6593,96.9670,76.5714,-88.1319,2.1825,0.3101,-96.9236,97.6804,76.5500,-87.7445,1.6502,0.3101,-96.9236,97.6804,76.5500,-87.7445,1.6502,0,0,-50,-50,0,0,0
10,1787058141.8877,1787058141.8922,0.03336,-0.1758,-96.6593,96.9670,76.4835,-88.1319,2.1825,-0.0965,-96.5378,97.9906,77.2445,-88.2439,1.9822,-0.0965,-96.5378,97.9906,77.2445,-88.2439,1.9822,0,0,0,0,0,0,0
11,1787058141.9211,1787058141.9256,0.03339,-0.1758,-96.6593,96.9670,76.5714,-88.0440,2.1825,-0.7825,-95.9926,96.6381,76.6229,-88.5840,1.9028,-0.7825,-95.9926,96.6381,76.6229,-88.5840,1.9028,0,0,0,0,50,0,0
12,1787058141.9545,1787058141.959,0.03341,-0.1758,-96.6593,97.0549,76.6593,-88.1319,2.1825,-0.3265,-95.9706,97.0009,77.1612,-88.3205,2.0306,-0.3265,-95.9706,97.0009,77.1612,-88.3205,2.0306,0,0,50,50,0,0,0
13,1787058141.9878,1787058141.9921,0.03336,-0.1758,-96.6593,96.8791,76.7473,-88.3077,2.1825,0.0735,-96.3008,97.0085,76.6608,-88.2778,2.0096,0.0735,-96.3008,97.0085,76.6608,-88.2778,2.0096,0,0,-50,0,-100,0,0
14,1787058142.0213,1787058142.026,0.03348,-0.1758,-96.7473,96.8791,76.7473,-88.3077,2.1825,-0.1541,-96.0340,96.6325,77.0543,-88.5252,1.9738,-0.1541,-96.0340,96.6325,77.0543,-88.5252,1.9738,0,-50,0,0,0,0,0
15,1787058142.0546,1787058142.0587,0.0333,-0.1758,-96.7473,96.8791,76.7473,-88.3077,2.1825,0.0068,-96.9882,96.9980,77.0052,-88.4368,2.0189,0.0068,-96.9882,96.9980,77.0052,-88.4368,2.0189,0,0,0,0,0,0,0
16,1787058142.088,1787058142.0921,0.03341,-0.1758,-96.7473,96.8791,76.7473,-88.3077,2.1825,0.2446,-96.2897,97.2427,76.9705,-88.0079,2.0887,0.2446,-96.2897,97.2427,76.9705,-88.0079,2.0887,0,0,0,0,0,0,0
17,1787058142.1214,1787058142.1256,0.03338,-0.1758,-96.7473,96.8791,76.7473,-88.3077,2.1825,0.1113,-96.5519,97.2633,77.0216,-88.3586,1.9461,0.1113,-96.5519,97.2633,77.0216,-88.3586,1.9461,0,0,0,0,0,0,0
18,1787058142.1548,1787058142.159,0.0334,-0.1758,-96.7473,96.8791,76.7473,-88.3077,2.1825,-0.2424,-96.7549,97.1605,76.2914,-88.9183,2.0139,-0.2424,-96.7549,97.1605,76.2914,-88.9183,2.0139,0,0,0,0,0,0,0
19,1787058142.1882,1787058142.1924,0.03339,-0.1758,-96.7473,96.8791,76.7473,-88.3077,2.1825,-0.5623,-96.0648,96.5188,76.3921,-88.3258,1.9069,-0.5623,-96.0648,96.5188,76.3921,-88.3258,1.9069,0,0,0,0,0,0,0
20,1787058142.2216,1787058142.2258,0.03341,-0.1758,-96.7473,96.8791,76.6593,-88.4835,2.1825,-0.2958,-96.5731,97.3832,76.4579,-88.2475,1.8635,-0.2958,-96.5731,97.3832,76.4579,-88.2475,1.8635,0,0,0,0,-50,0,0
21,1787058142.255,1787058142.2592,0.03338,-0.1758,-96.7473,96.8791,76.6593,-88.3956,2.1825,-0.1301,-95.9729,96.8898,76.7663,-88.6934,1.8823,-0.1301,-95.9729,96.8898,76.7663,-88.6934,1.8823,0,0,0,0,50,0,0
22,1787058142.2884,1787058142.2926,0.03342,-0.1758,-96.6593,96.8791,76.6593,-88.3956,2.1825,0.0259,-96.1916,96.7307,77.3829,-87.9741,1.9968,0.0259,-96.1916,96.7307,77.3829,-87.9741,1.9968,0,0,0,0,0,0,0
23,1787058142.3218,1787058142.326,0.03342,-0.1758,-96.6593,96.8791,76.6593,-88.3956,2.1825,-0.0094,-96.1525,97.1854,76.4708,-88.3612,2.1214,-0.0094,-96.1525,97.1854,76.4708,-88.3612,2.1214,0,0,0,0,0,0,0
24,1787058142.3552,1787058142.3597,0.03336,-0.1758,-96.7473,96.8791,76.7473,-88.3956,2.1825,-0.0094,-97.3993,97.4368,77.5326,-88.3528,2.1599,-0.0094,-97.3993,97.4368,77.5326,-88.3528,2.1599,0,0,0,50,0,0,0
25,1787058142.3885,1787058142.3926,0.03335,-0.1758,-96.7473,96.8791,76.6593,-88.3956,2.1825,-0.1382,-96.5909,97.5219,76.5855,-88.3024,1.8962,-0.1382,-96.5909,97.5219,76.5855,-88.3024,1.8962,0,0,0,0,0,0,0
26,1787058142.422,1787058142.4261,0.03341,-0.1758,-96.7473,96.8791,76.8352,-88.3956,2.1825,-0.3669,-96.1675,97.4842,76.9793,-88.4146,1.9330,-0.3669,-96.1675,97.4842,76.9793,-88.4146,1.9330,0,50,0,0,0,0,0
27,1787058142.4553,1787058142.4598,0.03338,-0.1758,-96.8352,96.8791,76.9231,-88.3956,2.1825,0.2472,-96.8312,97.2723,76.5119,-87.8569,1.8441,0.2472,-96.8312,97.2723,76.5119,-87.8569,1.8441,0,-100,0,0,0,0,0
28,1787058142.4887,1787058142.4932,0.03337,-0.1758,-96.8352,96.8791,76.9231,-88.3956,2.1825,0.0554,-96.2283,96.8769,76.1195,-88.3720,1.7469,0.0554,-96.2283,96.8769,76.1195,-88.3720,1.7469,0,0,0,0,0,0,0
29,1787058142.5221,1787058142.5267,0.03338,-0.1758,-96.8352,96.8791,76.9231,-88.3956,2.1825,0.0879,-96.8835,96.9522,76.8395,-88.3212,1.8660,0.0879,-96.8835,96.9522,76.8395,-88.3212,1.8660,0,0,0,0,0,0,0
30,1787058142.5555,1787058142.56,0.03341,-0.1758,-96.7473,96.8791,76.6593,-88.4835,2.1825,-0.2204,-97.2163,96.8647,77.3028,-87.5865,2.0975,-0.2204,-97.2163,96.8647,77.3028,-87.5865,2.0975,0,0,0,-100,-50,0,0
31,1787058142.5889,1787058142.5934,0.03338,-0.1758,-96.7473,96.8791,76.7473,-88.4835,2.1825,0.1125,-96.9310,96.4884,76.2727,-87.8640,1.9065,0.1125,-96.9310,96.4884,76.2727,-87.8640,1.9065,0,0,0,0,0,0,0
32,1787058142.6223,1787058142.6268,0.03344,-0.1758,-96.8352,96.8791,76.9231,-88.3956,2.1825,0.3085,-96.8072,97.1068,76.9645,-88.3644,1.9208,0.3085,-96.8072,97.1068,76.9645,-88.3644,1.9208,0,-50,0,100,0,0,0
33,1787058142.6557,1787058142.6602,0.03338,-0.1758,-96.8352,96.8791,76.7473,-88.2198,2.1825,0.0457,-97.1375,96.9171,76.8073,-88.4155,1.7456,0.0457,-97.1375,96.9171,76.8073,-88.4155,1.7456,0,0,0,-50,50,0,0
34,1787058142.6891,1787058142.6933,0.03338,-0.1758,-96.7473,96.8791,76.7473,-88.3077,2.1825,0.0255,-96.8546,96.6108,76.6220,-88.6470,1.6641,0.0255,-96.8546,96.6108,76.6220,-88.6470,1.6641,0,50,0,0,-50,0,0
35,1787058142.7225,1787058142.7275,0.0334,-0.1758,-96.7473,96.8791,76.7473,-88.3956,2.1825,0.3467,-97.0836,97.2018,76.5980,-88.1794,1.9737,0.3467,-97.0836,97.2018,76.5980,-88.1794,1.9737,0,0,0,0,-50,0,0
36,1787058142.7559,1787058142.7604,0.03339,-0.1758,-96.7473,96.8791,76.7473,-88.3956,2.1825,0.1149,-96.1971,96.6748,77.1784,-88.2237,2.0031,0.1149,-96.1971,96.6748,77.1784,-88.2237,2.0031,0,0,0,0,0,0,0
37,1787058142.7893,1787058142.7939,0.03349,-0.1758,-96.7473,96.8791,76.7473,-88.3956,2.1825,-0.0286,-97.6708,96.1637,76.6868,-87.8376,1.8078,-0.0286,-97.6708,96.1637,76.6868,-87.8376,1.8078,0,0,0,0,0,0,0
38,1787058142.8227,1787058142.8275,0.03331,-0.1758,-96.7473,96.8791,76.7473,-88.3956,2.1825,-0.1013,-97.9186,97.3004,76.4263,-88.1235,1.8772,-0.1013,-97.9186,97.3004,76.4263,-88.1235,1.8772,0,0,0,0,0,0,0
39,1787058142.8561,1787058142.8604,0.03344,-0.1758,-96.8352,96.7912,76.7473,-88.3956,2.1825,-0.3427,-96.7669,97.0283,77.0891,-88.2625,2.0763,-0.3427,-96.7669,97.0283,77.0891,-88.2625,2.0763,0,0,-50,0,0,0,0
40,1787058142.8895,1787058142.8938,0.03336,-0.1758,-97.2747,96.7912,76.7473,-88.3956,2.1825,-0.0834,-97.4875,96.3475,76.7724,-88.1664,1.7862,-0.0834,-97.4875,96.3475,76.7724,-88.1664,1.7862,0,-200,0,0,0,0,0
41,1787058142.9228,1787058142.9275,0.0334,-0.1758,-97.2747,96.7912,76.7473,-88.3956,2.1825,0.2539,-96.9291,96.7854,77.0092,-88.0786,1.9069,0.2539,-96.9291,96.7854,77.0092,-88.0786,1.9069,0,0,0,0,0,0,0
42,1787058142.9562,1787058142.9605,0.0334,-0.1758,-97.2747,96.7912,76.7473,-88.3956,2.1825,0.0693,-97.9988,96.7278,76.3150,-88.7230,1.7893,0.0693,-97.9988,96.7278,76.3150,-88.7230,1.7893,0,0,0,0,0,0,0
43,1787058142.9896,1787058142.9939,0.03336,-0.1758,-97.2747,96.8791,76.7473,-88.3956,2.1825,0.2874,-97.2108,96.6793,76.7111,-88.4728,1.9428,0.2874,-97.2108,96.6793,76.7111,-88.4728,1.9428,0,0,50,0,0,0,0
44,1787058143.023,1787058143.0275,0.0334,-0.1758,-97.3626,96.8791,76.7473,-88.3956,2.1825,0.0187,-97.4380,96.6387,76.9111,-88.3320,2.0929,0.0187,-97.4380,96.6387,76.9111,-88.3320,2.0929,0,0,0,0,0,0,0
45,1787058143.0565,1787058143.0608,0.03347,-0.1758,-97.5385,96.8791,76.7473,-88.3956,2.1825,0.3648,-97.8238,96.5508,76.4529,-88.5419,1.9395,0.3648,-97.8238,96.5508,76.4529,-88.5419,1.9395,0,-50,0,0,0,0,0
46,1787058143.0898,1787058143.094,0.03331,-0.1758,-97.5385,96.8791,76.7473,-88.3956,2.1825,-0.0123,-97.7694,95.9238,76.4884,-88.5037,1.8260,-0.0123,-97.7694,95.9238,76.4884,-88.5037,1.8260,0,0,0,0,0,0,0
47,1787058143.1232,1787058143.1277,0.03342,-0.1758,-97.5385,96.8791,76.7473,-88.3956,2.1825,-0.2906,-97.6464,95.6034,77.0851,-88.5279,1.8671,-0.2906,-97.6464,95.6034,77.0851,-88.5279,1.8671,0,0,0,0,0,0,0
48,1787058143.1566,1787058143.1609,0.03338,-0.0879,-97.5385,96.7912,76.7473,-88.3956,2.1825,0.2646,-96.9529,95.6979,77.3169,-88.0971,1.9289,0.2646,-96.9529,95.6979,77.3169,-88.0971,1.9289,50,0,-50,0,0,0,0
49,1787058143.19,1787058143.1942,0.03338,0.0000,-97.6264,96.5275,76.7473,-88.3956,2.1825,-0.0820,-96.8197,95.2292,76.5347,-88.6111,1.8275,-0.0820,-96.8197,95.2292,76.5347,-88.6111,1.8275,50,-50,-50,0,0,0,0
50,1787058143.2234,1787058143.4392,0.03341,0.0000,-97.6264,96.3516,76.9231,-88.3956,2.1825,0.4998,-97.2180,97.8558,75.6911,-88.5781,1.6063,0.4998,-97.2180,97.8558,75.6911,-88.5781,1.6063,0,0,-50,50,0,0,1
51,1787058143.4403,1787058143.4462,0.21696,0.0000,-97.3626,95.8242,76.9231,-88.4835,2.1825,0.7377,-97.5885,97.8591,76.3001,-89.3241,1.5101,0.7377,-97.5885,97.8591,76.3001,-89.3241,1.5101,0,0,0,0,0,0,1
52,1787058143.4736,1787058143.4779,0.03331,0.0000,-97.3626,95.8242,76.8352,-88.4835,2.1825,1.2211,-97.6942,97.4686,76.0408,-88.9880,1.4990,1.2211,-97.6942,97.4686,76.0408,-88.9880,1.4990,0,0,0,0,0,0,0
53,1787058143.507,1787058143.5112,0.03337,0.0000,-97.3626,96.1758,76.6593,-88.6593,2.0503,0.3630,-97.5252,97.6039,76.0666,-89.5201,1.5644,0.3630,-97.5252,97.6039,76.0666,-89.5201,1.5644,0,0,100,-50,0,-50,0
54,1787058143.5404,1787058143.5446,0.03341,0.6154,-97.3626,96.7033,76.5714,-88.7473,1.9841,0.8797,-97.5583,97.2871,76.8772,-89.4419,1.6605,0.8797,-97.5583,97.2871,76.8772,-89.4419,1.6605,200,0,250,-50,-50,-50,0
55,1787058143.5738,1787058143.5779,0.03339,0.7033,-97.3626,96.7033,76.5714,-89.1868,1.9841,1.1197,-97.1665,97.2655,76.5923,-89.4083,1.5050,1.1197,-97.1665,97.2655,76.5923,-89.4083,1.5050,-50,0,0,0,-100,0,0
56,1787058143.6072,1787058143.6113,0.03341,0.4396,-97.2747,96.7033,76.6593,-89.0110,1.9841,1.0298,-97.2485,97.7985,76.4102,-89.0681,1.5069,1.0298,-97.2485,97.7985,76.4102,-89.0681,1.5069,-50,50,0,50,-100,0,0
57,1787058143.6406,1787058143.6448,0.03339,0.6154,-97.2747,96.7033,76.6593,-89.0110,1.9841,0.7143,-98.1243,98.6658,76.8642,-89.6362,1.6194,0.7143,-98.1243,98.6658,76.8642,-89.6362,1.6194,50,0,0,0,0,0,0
58,1787058143.674,1787058143.6782,0.03341,0.8791,-97.2747,96.8791,76.6593,-88.9231,1.9841,0.9871,-96.9113,97.0702,76.9425,-89.3407,1.6494,0.9871,-96.9113,97.0702,76.9425,-89.3407,1.6494,50,0,100,0,50,0,0
59,1787058143.7074,1787058143.7116,0.03338,0.8791,-97.3626,97.2308,76.7473,-89.1868,1.9841,1.1349,-97.0555,97.6245,76.6354,-88.6381,1.6197,1.1349,-97.0555,97.6245,76.6354,-88.6381,1.6197,0,-50,100,0,-100,0,0
60,1787058143.7408,1787058143.7451,0.03341,0.8791,-97.3626,97.1429,76.7473,-89.0989,1.9841,1.0582,-98.0964,98.4803,76.9644,-89.4719,1.5619,1.0582,-98.0964,98.4803,76.9644,-89.4719,1.5619,0,0,50,0,0,0,0
61,1787058143.7742,1787058143.7784,0.0334,0.7912,-97.4505,97.0549,76.7473,-89.0989,1.9841,0.9143,-97.6503,98.1223,76.4182,-88.9211,1.5792,0.9143,-97.6503,98.1223,76.4182,-88.9211,1.5792,-50,-50,-50,0,0,0,0
62,1787058143.8076,1787058143.8117,0.03338,0.7912,-97.6264,97.2308,76.7473,-89.1868,1.9841,0.7078,-98.1468,98.5717,76.6860,-89.0678,1.4823,0.7078,-98.1468,98.5717,76.6860,-89.0678,1.4823,0,-50,100,0,-50,0,0
63,1787058143.841,1787058143.8451,0.03343,0.7912,-97.6264,97.2308,76.7473,-89.2747,1.9841,0.5502,-98.2020,97.7385,76.7833,-89.8343,1.6305,0.5502,-98.2020,97.7385,76.7833,-89.8343,1.6305,0,0,0,0,-50,0,0
64,1787058143.8744,1787058143.8785,0.03335,0.7912,-97.6264,97.2308,76.7473,-89.2747,1.9841,0.7434,-98.6925,98.3146,76.5999,-89.4393,1.6355,0.7434,-98.6925,98.3146,76.5999,-89.4393,1.6355,0,0,0,0,0,0,0
65,1787058143.9078,1787058143.9119,0.03342,0.7912,-97.6264,97.2308,76.7473,-89.4505,1.9841,1.0831,-97.6488,97.3092,76.2327,-88.9004,1.6421,1.0831,-97.6488,97.3092,76.2327,-88.9004,1.6421,0,0,0,0,-50,0,0
66,1787058143.9412,1787058143.9453,0.0334,0.7912,-97.8901,97.2308,76.7473,-89.4505,1.9841,0.7958,-98.8311,97.1881,76.9862,-89.8010,1.6016,0.7958,-98.8311,97.1881,76.9862,-89.8010,1.6016,0,-150,0,0,0,0,0
67,1787058143.9745,1787058143.9786,0.03336,0.7912,-97.8901,97.1429,76.7473,-89.4505,1.9841,0.6486,-97.9254,98.0358,76.9599,-89.2640,1.6071,0.6486,-97.9254,98.0358,76.9599,-89.2640,1.6071,0,0,0,0,0,0,0
68,1787058144.0079,1787058144.0121,0.03341,0.7912,-98.1538,97.0549,76.7473,-89.5385,1.9841,0.9147,-97.9479,97.9449,76.3844,-88.9678,1.6406,0.9147,-97.9479,97.9449,76.3844,-88.9678,1.6406,0,-50,-50,0,-50,0,0
69,1787058144.0414,1787058144.0455,0.03345,0.7912,-98.2418,97.0549,76.7473,-89.4505,1.9841,0.6155,-97.3890,98.2413,76.5551,-89.2925,1.5560,0.6155,-97.3890,98.2413,76.5551,-89.2925,1.5560,0,-50,0,0,0,0,0
70,1787058144.0747,1787058144.0788,0.03335,0.7912,-98.2418,97.1429,76.7473,-89.3626,1.9841,0.8913,-98.5357,97.6391,76.8319,-89.5611,1.4946,0.8913,-98.5357,97.6391,76.8319,-89.5611,1.4946,0,0,50,0,50,0,0
71,1787058144.1081,1787058144.1122,0.03338,0.7912,-98.2418,97.1429,76.7473,-89.3626,1.9841,0.7990,-98.0916,97.2075,76.6882,-89.1746,1.6496,0.7990,-98.0916,97.2075,76.6882,-89.1746,1.6496,0,0,0,0,0,0,0
72,1787058144.1415,1787058144.1457,0.03342,0.7912,-98.2418,97.1429,76.7473,-89.3626,1.9841,0.8428,-98.6741,98.7067,77.0282,-89.2427,1.4912,0.8428,-98.6741,98.7067,77.0282,-89.2427,1.4912,0,0,0,0,0,0,0
73,1787058144.1749,1787058144.1791,0.03338,0.7912,-98.2418,97.1429,76.7473,-89.2747,1.9841,0.8645,-98.3794,97.8450,77.1903,-88.9039,1.5811,0.8645,-98.3794,97.8450,77.1903,-88.9039,1.5811,0,0,0,0,50,0,0
74,1787058144.2084,1787058144.2125,0.03348,0.7912,-98.2418,97.2308,76.7473,-89.2747,1.9841,1.2536,-97.9812,98.1646,77.2778,-88.8126,1.5534,1.2536,-97.9812,98.1646,77.2778,-88.8126,1.5534,0,0,50,0,0,0,0
75,1787058144.2417,1787058144.2459,0.03332,0.7912,-98.2418,97.3187,76.7473,-89.2747,1.9841,0.8078,-97.5722,98.2227,76.7894,-89.3211,1.5308,0.8078,-97.5722,98.2227,76.7894,-89.3211,1.5308,0,0,0,0,0,0,0
76,1787058144.2751,1787058144.2792,0.03335,0.7912,-98.2418,97.3187,76.7473,-89.2747,1.9841,0.7548,-97.6052,98.6230,77.8438,-89.4787,1.5977,0.7548,-97.6052,98.6230,77.8438,-89.4787,1.5977,0,0,0,0,0,0,0
77,1787058144.3085,1787058144.3126,0.03345,0.7912,-98.2418,97.3187,76.7473,-89.3626,1.9841,0.5890,-98.1984,97.8733,76.6919,-88.8347,1.5519,0.5890,-98.1984,97.8733,76.6919,-88.8347,1.5519,0,0,0,0,-50,0,0
78,1787058144.3419,1787058144.3462,0.03339,0.7912,-98.2418,97.3187,77.0989,-89.3626,1.9841,0.7491,-98.3547,98.0727,76.9675,-88.8250,1.4765,0.7491,-98.3547,98.0727,76.9675,-88.8250,1.4765,0,0,0,150,0,0,0
79,1787058144.3752,1787058144.3794,0.03334,0.7912,-98.3297,97.2308,77.0989,-89.2747,1.9841,0.7155,-98.1126,98.1095,77.1972,-89.2161,1.5369,0.7155,-98.1126,98.1095,77.1972,-89.2161,1.5369,0,0,-50,100,0,0,0
80,1787058144.4087,1787058144.4128,0.03341,0.7912,-98.3297,97.2308,76.9231,-89.1868,1.9841,0.9490,-98.5641,97.6341,76.2415,-88.8681,1.6449,0.9490,-98.5641,97.6341,76.2415,-88.8681,1.6449,0,0,0,-50,0,0,0
81,1787058144.4421,1787058144.4462,0.03343,0.7912,-98.3297,97.2308,77.0110,-89.1868,1.9841,0.9097,-98.1479,98.6090,77.0064,-89.1051,1.6383,0.9097,-98.1479,98.6090,77.0064,-89.1051,1.6383,0,0,0,50,0,0,0
82,1787058144.4755,1787058144.4796,0.03336,0.7912,-98.3297,97.2308,76.9231,-89.1868,1.9841,0.8152,-97.6202,97.4804,76.9284,-88.8740,1.5041,0.8152,-97.6202,97.4804,76.9284,-88.8740,1.5041,0,0,0,-50,0,0,0
83,1787058144.5088,1787058144.513,0.03339,0.7912,-98.3297,97.2308,77.0110,-89.1868,1.9841,0.7572,-98.4846,98.5627,77.4439,-88.9784,1.5859,0.7572,-98.4846,98.5627,77.4439,-88.9784,1.5859,0,0,0,0,0,0,0
84,1787058144.5423,1787058144.5465,0.03343,0.7912,-98.3297,97.2308,77.0989,-89.1868,1.9841,0.4160,-98.0477,98.2492,77.1753,-89.4104,1.4411,0.4160,-98.0477,98.2492,77.1753,-89.4104,1.4411,0,0,0,50,50,0,0
85,1787058144.5756,1787058144.5798,0.03335,0.7912,-98.3297,97.1429,77.0989,-89.1868,1.9841,0.9226,-97.5042,98.0800,75.8205,-89.6497,1.5285,0.9226,-97.5042,98.0800,75.8205,-89.6497,1.5285,0,0,-50,0,-50,0,0
86,1787058144.609,1787058144.6131,0.03341,0.7912,-98.3297,97.2308,77.0989,-89.1868,1.9841,0.8085,-97.6717,97.7889,77.2483,-89.5900,1.4899,0.8085,-97.6717,97.7889,77.2483,-89.5900,1.4899,0,0,50,0,0,0,0
87,1787058144.6425,1787058144.6466,0.03341,0.7912,-98.2418,97.2308,76.7473,-89.1868,1.9841,0.8103,-98.4192,97.3601,76.9066,-89.1771,1.5636,0.8103,-98.4192,97.3601,76.9066,-89.1771,1.5636,0,0,0,-100,0,0,0
88,1787058144.6758,1787058144.68,0.03338,0.7912,-98.0659,97.2308,76.6593,-89.3626,1.9841,1.0824,-98.0297,97.7751,76.8221,-89.0018,1.5865,1.0824,-98.0297,97.7751,76.8221,-89.0018,1.5865,0,100,0,50,-50,0,0
89,1787058144.71,1787058144.7142,0.03416,0.7912,-98.2418,97.2308,76.8352,-89.2747,1.9841,0.6274,-97.8930,97.6526,77.1006,-88.9849,1.4743,0.6274,-97.8930,97.6526,77.1006,-88.9849,1.4743,0,-50,0,100,50,0,0
90,1787058144.7427,1787058144.7475,0.03269,0.7912,-98.2418,97.2308,76.8352,-89.2747,1.9841,1.0504,-98.0162,97.6336,76.7096,-89.4704,1.6712,1.0504,-98.0162,97.6336,76.7096,-89.4704,1.6712,0,0,0,0,0,0,0
91,1787058144.776,1787058144.7804,0.03334,0.7912,-98.2418,97.2308,76.8352,-89.2747,1.9841,0.7359,-97.9054,97.6758,76.8276,-88.6331,1.3850,0.7359,-97.9054,97.6758,76.8276,-88.6331,1.3850,0,0,0,0,0,0,0
92,1787058144.8094,1787058144.8136,0.03337,0.7912,-98.2418,97.2308,76.8352,-89.3626,1.9841,0.7817,-98.1858,97.4730,77.4412,-88.8173,1.4685,0.7817,-98.1858,97.4730,77.4412,-88.8173,1.4685,0,0,0,0,-50,0,0
93,1787058144.8428,1787058144.8471,0.03345,0.7912,-98.2418,97.2308,76.9231,-89.2747,1.9180,0.8876,-98.2758,98.0167,77.2071,-89.0868,1.6629,0.8876,-98.2758,98.0167,77.2071,-89.0868,1.6629,0,0,0,50,50,-50,0
94,1787058144.8762,1787058144.8804,0.03334,0.7912,-98.2418,97.2308,76.9231,-89.1868,1.9180,0.9582,-98.6266,97.7025,77.3408,-89.4802,1.4877,0.9582,-98.6266,97.7025,77.3408,-89.4802,1.4877,0,0,0,0,0,0,0
95,1787058144.9095,1787058144.9138,0.03336,0.7912,-98.2418,97.2308,77.0110,-89.1868,1.9180,0.7779,-97.8526,98.2964,77.9161,-89.1917,1.5611,0.7779,-97.8526,98.2964,77.9161,-89.1917,1.5611,0,0,0,0,0,0,0
96,1787058144.943,1787058144.9471,0.03344,0.7912,-98.2418,97.2308,77.0989,-89.1868,1.8519,1.1781,-98.5451,97.4915,77.8285,-89.1767,1.5554,1.1781,-98.5451,97.4915,77.8285,-89.1767,1.5554,0,0,0,50,0,0,0
97,1787058144.9764,1787058144.9806,0.03344,0.7912,-98.2418,97.2308,77.3626,-89.1868,1.8519,0.9801,-98.1627,97.9631,78.1315,-89.7397,1.6114,0.9801,-98.1627,97.9631,78.1315,-89.7397,1.6114,0,0,0,150,0,0,0
98,1787058145.0097,1787058145.0139,0.03331,0.7912,-98.2418,97.1429,77.4505,-89.1868,1.8519,1.1647,-98.8270,97.2113,78.5435,-90.4455,1.6665,1.1647,-98.8270,97.2113,78.5435,-90.4455,1.6665,0,0,0,50,0,0,0
99,1787058145.0432,1787058145.0474,0.03343,0.7912,-98.2418,97.1429,77.6264,-89.1868,1.8519,1.0707,-97.8125,96.2756,78.8941,-90.4889,1.5015,1.0707,-97.8125,96.2756,78.8941,-90.4889,1.5015,0,0,0,50,-50,0,0
100,1787058145.0765,1787058145.296,0.03336,0.7912,-98.4176,97.0549,77.9780,-89.7143,1.8519,1.8699,-98.1310,97.6196,78.0564,-91.1851,1.4044,1.8699,-98.1310,97.6196,78.0564,-91.1851,1.4044,0,-50,-50,100,-200,0,1
101,1787058145.2971,1787058145.3021,0.22059,0.7912,-98.4176,96.6154,78.6813,-90.1538,1.8519,2.2357,-98.0012,97.2354,78.0390,-90.5779,1.3370,2.2357,-98.0012,97.2354,78.0390,-90.5779,1.3370,0,0,0,0,0,0,1
102,1787058145.3304,1787058145.3348,0.03328,0.7912,-98.4176,96.6154,78.6813,-90.1538,1.8519,2.2634,-98.3948,97.8108,77.7932,-90.8572,1.2359,2.2634,-98.3948,97.8108,77.7932,-90.8572,1.2359,0,0,0,0,0,0,0
103,1787058145.3638,1787058145.3681,0.03337,1.0549,-98.4176,96.6154,78.5055,-90.1538,1.8519,1.9480,-98.4848,97.9363,77.7003,-90.9348,1.1103,1.9480,-98.4848,97.9363,77.7003,-90.9348,1.1103,100,0,0,-50,0,0,0
104,1787058145.3972,1787058145.4015,0.03337,1.7582,-98.3297,96.9670,78.3297,-90.4176,1.8519,2.0248,-98.3249,97.3999,77.9564,-91.2013,1.1795,2.0248,-98.3249,97.3999,77.9564,-91.2013,1.1795,250,50,100,-50,-50,0,0
105,1787058145.4306,1787058145.4348,0.03339,1.7582,-98.2418,96.9670,78.1538,-90.6813,1.7857,2.1564,-98.2562,97.4660,78.2310,-90.7310,1.2776,2.1564,-98.2562,97.4660,78.2310,-90.7310,1.2776,0,0,50,-50,-150,-50,0
106,1787058145.464,1787058145.4683,0.03341,1.4066,-98.2418,96.9670,78.1538,-90.5934,1.7857,1.9138,-98.0630,97.8084,77.5945,-91.2749,1.2553,1.9138,-98.0630,97.8084,77.5945,-91.2749,1.2553,-100,0,0,0,0,0,0
107,1787058145.4973,1787058145.5016,0.03338,1.4945,-98.2418,96.9670,78.1538,-90.6813,1.7857,2.0581,-97.8616,97.4299,77.4620,-90.8034,1.1551,2.0581,-97.8616,97.4299,77.4620,-90.8034,1.1551,50,0,0,0,0,0,0
108,1787058145.5307,1787058145.535,0.0334,1.5824,-98.2418,96.9670,78.0659,-90.8571,1.7857,1.8483,-98.4235,98.0569,78.1083,-91.0976,1.0805,1.8483,-98.4235,98.0569,78.1083,-91.0976,1.0805,50,0,0,-50,-50,0,0
109,1787058145.5641,1787058145.5683,0.03338,1.5824,-98.2418,96.9670,77.9780,-90.8571,1.7857,1.8459,-98.2233,97.5703,77.6692,-91.1446,1.1089,1.8459,-98.2233,97.5703,77.6692,-91.1446,1.1089,0,0,0,-50,0,0,0
110,1787058145.5975,1787058145.6017,0.03337,1.5824,-98.2418,96.9670,77.9780,-90.8571,1.7857,2.0680,-98.3446,97.6957,77.7713,-91.3135,1.1528,2.0680,-98.3446,97.6957,77.7713,-91.3135,1.1528,0,0,0,0,0,0,0
111,1787058145.6309,1787058145.6351,0.03338,1.5824,-98.2418,96.9670,77.9780,-90.8571,1.7857,1.9666,-98.1345,97.2829,77.2655,-91.2440,1.1713,1.9666,-98.1345,97.2829,77.2655,-91.2440,1.1713,0,0,0,0,0,0,0
112,1787058145.6643,1787058145.6685,0.0334,1.5824,-98.2418,96.9670,77.9780,-90.8571,1.7857,2.0924,-98.1614,97.9235,77.3992,-91.5151,1.2649,2.0924,-98.1614,97.9235,77.3992,-91.5151,1.2649,0,0,0,0,0,0,0
113,1787058145.6977,1787058145.7019,0.0334,1.5824,-98.1538,96.9670,77.8901,-90.8571,1.7857,2.1478,-98.2905,97.8199,77.3530,-91.7797,1.3036,2.1478,-98.2905,97.8199,77.3530,-91.7797,1.3036,0,50,0,-50,0,0,0
114,1787058145.7311,1787058145.7353,0.03338,1.5824,-98.1538,96.9670,77.8022,-91.0330,1.7857,2.3133,-98.5983,98.0333,77.5533,-91.3714,1.1891,2.3133,-98.5983,98.0333,77.5533,-91.3714,1.1891,0,0,0,0,-50,0,0
115,1787058145.7644,1787058145.7688,0.03338,1.5824,-98.0659,96.9670,77.8022,-91.2967,1.7857,1.7947,-98.7125,98.0369,77.4091,-91.4343,1.0735,1.7947,-98.7125,98.0369,77.4091,-91.4343,1.0735,0,50,0,0,-100,0,0
116,1787058145.7978,1787058145.802,0.03337,1.6703,-98.0659,96.9670,77.8022,-91.2967,1.7857,2.3004,-98.4395,97.8658,77.4056,-91.4123,0.9351,2.3004,-98.4395,97.8658,77.4056,-91.4123,0.9351,50,0,0,0,0,0,0
117,1787058145.8312,1787058145.8355,0.03338,1.8462,-98.1538,96.9670,77.8022,-91.3846,1.7857,2.1818,-98.6285,97.6883,77.0605,-91.7934,1.1517,2.1818,-98.6285,97.6883,77.0605,-91.7934,1.1517,50,0,0,0,-50,0,0
118,1787058145.8646,1787058145.8692,0.03343,1.9341,-98.1538,96.9670,77.8022,-91.3846,1.7196,2.2280,-98.1147,98.0344,77.1702,-90.9153,1.0851,2.2280,-98.1147,98.0344,77.1702,-90.9153,1.0851,50,0,0,0,0,-50,0
119,1787058145.898,1787058145.9027,0.03339,1.9341,-98.1538,96.9670,77.7143,-91.3846,1.7196,2.0316,-98.4428,97.9028,77.2261,-91.2364,1.0048,2.0316,-98.4428,97.9028,77.2261,-91.2364,1.0048,0,0,0,-50,0,0,0
120,1787058145.9314,1787058145.936,0.03344,1.9341,-98.1538,97.0549,77.6264,-91.2967,1.7196,2.0958,-98.0560,97.5333,77.1913,-91.4695,1.0832,2.0958,-98.0560,97.5333,77.1913,-91.4695,1.0832,0,0,0,0,50,0,0
121,1787058145.9648,1787058145.9693,0.03334,1.9341,-98.1538,97.0549,77.6264,-91.2967,1.7196,2.5115,-98.7781,97.1905,77.4669,-91.3531,0.9706,2.5115,-98.7781,97.1905,77.4669,-91.3531,0.9706,0,0,0,0,0,0,0
122,1787058145.9982,1787058146.003,0.03343,1.9341,-98.1538,97.0549,77.6264,-91.3846,1.7196,2.4191,-98.3517,97.6427,78.0050,-91.0461,1.0505,2.4191,-98.3517,97.6427,78.0050,-91.0461,1.0505,0,0,0,0,-50,0,0
123,1787058146.0316,1787058146.036,0.03337,1.9341,-98.2418,97.0549,77.6264,-91.3846,1.7196,2.7305,-98.7190,97.4648,77.8951,-91.2028,1.1630,2.7305,-98.7190,97.4648,77.8951,-91.2028,1.1630,0,-50,0,0,0,0,0
124,1787058146.065,1787058146.0694,0.03344,2.1099,-98.2418,97.0549,77.6264,-91.3846,1.7196,2.4435,-97.7514,97.1932,78.0760,-91.2171,1.1363,2.4435,-97.7514,97.1932,78.0760,-91.2171,1.1363,50,0,0,0,0,0,0
125,1787058146.0984,1787058146.103,0.03338,2.2857,-98.3297,97.0549,77.6264,-91.3846,1.7196,2.1317,-97.9882,96.9885,77.3328,-91.0661,1.1344,2.1317,-97.9882,96.9885,77.3328,-91.0661,1.1344,50,0,0,0,0,0,0
126,1787058146.1318,1787058146.1363,0.03337,2.3736,-98.3297,97.0549,77.6264,-91.3846,1.7196,2.2947,-97.9536,97.5513,77.7769,-91.3339,1.0138,2.2947,-97.9536,97.5513,77.7769,-91.3339,1.0138,0,0,0,0,0,0,0
127,1787058146.1651,1787058146.17,0.03337,2.3736,-98.3297,97.0549,77.6264,-91.3846,1.7196,2.4630,-97.8670,97.0386,77.4923,-91.0229,0.9643,2.4630,-97.8670,97.0386,77.4923,-91.0229,0.9643,0,0,0,0,0,0,0
128,1787058146.1986,1787058146.203,0.03346,2.3736,-98.3297,97.0549,77.6264,-91.3846,1.7196,2.2539,-97.8679,97.3130,77.7978,-90.4867,1.0897,2.2539,-97.8679,97.3130,77.7978,-90.4867,1.0897,0,0,0,0,0,0,0
129,1787058146.232,1787058146.2366,0.03339,2.3736,-98.3297,97.0549,77.6264,-91.3846,1.7196,2.7505,-98.2413,97.4521,77.6181,-90.9627,1.0004,2.7505,-98.2413,97.4521,77.6181,-90.9627,1.0004,0,0,0,0,0,0,0
130,1787058146.2654,1787058146.27,0.03338,2.3736,-98.3297,97.0549,77.6264,-91.2088,1.7196,2.5672,-98.4775,97.1194,77.9288,-90.9384,1.0263,2.5672,-98.4775,97.1194,77.9288,-90.9384,1.0263,0,0,0,0,50,0,0
131,1787058146.2988,1787058146.303,0.03338,2.3736,-98.3297,97.0549,77.6264,-91.2088,1.7196,2.3829,-98.1809,97.0552,77.2212,-90.4133,1.0757,2.3829,-98.1809,97.0552,77.2212,-90.4133,1.0757,0,0,0,0,0,0,0
132,1787058146.3321,1787058146.3364,0.03336,2.3736,-98.3297,97.0549,77.6264,-91.2088,1.7196,2.9860,-98.5380,97.4616,78.1894,-90.6626,1.1400,2.9860,-98.5380,97.4616,78.1894,-90.6626,1.1400,0,0,0,0,0,0,0
133,1787058146.3655,1787058146.3697,0.03339,2.3736,-98.3297,97.0549,77.6264,-91.0330,1.7196,2.5793,-97.7722,96.8967,77.1450,-90.9788,1.0805,2.5793,-97.7722,96.8967,77.1450,-90.9788,1.0805,0,0,0,0,100,0,0
134,1787058146.3989,1787058146.4031,0.0334,2.3736,-98.3297,97.0549,77.8022,-91.0330,1.7196,2.5216,-98.0465,97.1105,77.4529,-90.8413,1.1088,2.5216,-98.0465,97.1105,77.4529,-90.8413,1.1088,0,0,0,0,0,0,0
135,1787058146.4323,1787058146.4366,0.03337,2.3736,-98.3297,97.0549,77.6264,-91.0330,1.7196,2.8598,-98.1691,96.9894,77.9605,-90.8623,1.0823,2.8598,-98.1691,96.9894,77.9605,-90.8623,1.0823,0,0,0,-50,0,0,0
136,1787058146.4657,1787058146.4699,0.03341,2.3736,-98.3297,97.0549,77.5385,-91.0330,1.7196,2.8547,-98.1371,96.3484,78.1832,-91.0136,1.0741,2.8547,-98.1371,96.3484,78.1832,-91.0136,1.0741,0,0,0,0,0,0,0
137,1787058146.4991,1787058146.5036,0.03337,2.4615,-98.3297,96.9670,77.8022,-91.0330,1.7196,2.9749,-98.4893,95.1189,77.8294,-90.8236,1.0723,2.9749,-98.4893,95.1189,77.8294,-90.8236,1.0723,50,0,0,100,0,0,0
138,1787058146.5325,1787058146.5368,0.03341,2.4615,-98.4176,96.7912,77.8022,-91.0330,1.7196,2.9827,-98.3049,94.6846,78.5634,-90.8368,1.0745,2.9827,-98.3049,94.6846,78.5634,-90.8368,1.0745,0,-50,-100,0,0,0,0
139,1787058146.5658,1787058146.57,0.03335,2.4615,-98.4176,96.4396,77.8022,-91.0330,1.7196,3.2521,-99.1221,93.8520,78.4238,-91.2574,0.9021,3.2521,-99.1221,93.8520,78.4238,-91.2574,0.9021,0,0,-50,0,0,0,0
140,1787058146.5992,1787058146.6034,0.03339,2.6374,-98.5055,95.8242,77.9780,-91.0330,1.7196,3.5509,-97.7068,91.4438,79.4723,-91.8429,0.8762,3.5509,-97.7068,91.4438,79.4723,-91.8429,0.8762,100,-50,-200,100,0,0,0
141,1787058146.6326,1787058146.638,0.03341,2.7253,-98.6813,95.4725,78.1538,-91.0330,1.7196,3.6418,-97.0771,89.3107,79.8576,-93.5576,1.0025,3.6418,-97.0771,89.3107,79.8576,-93.5576,1.0025,50,-50,-150,100,0,0,0
142,1787058146.666,1787058146.6702,0.03341,3.0769,-98.5934,94.8571,78.6813,-91.2967,1.7196,3.8610,-97.9040,86.6276,80.7939,-94.8371,0.9216,3.8610,-97.9040,86.6276,80.7939,-94.8371,0.9216,100,0,-150,200,-100,0,0
143,1787058146.6993,1787058146.7036,0.03333,3.5165,-97.8901,93.5385,79.2088,-92.1758,1.7196,4.6586,-96.0291,84.2347,81.8632,-96.5737,0.9254,4.6586,-96.0291,84.2347,81.8632,-96.5737,0.9254,200,250,-450,150,-300,0,0
144,1787058146.7328,1787058146.737,0.03342,3.4286,-97.9780,91.6923,79.9121,-93.3187,1.7196,5.1114,-94.9039,80.7125,82.8520,-98.3707,0.7856,5.1114,-94.9039,80.7125,82.8520,-98.3707,0.7856,0,100,-650,200,-400,0,0
145,1787058146.7661,1787058146.7704,0.03338,3.5165,-97.8022,89.5824,80.7912,-94.6374,1.7196,6.2472,-93.0790,76.1318,84.1756,-99.6696,0.7153,6.2472,-93.0790,76.1318,84.1756,-99.6696,0.7153,50,50,-650,300,-450,0,0
146,1787058146.7995,1787058146.8037,0.03338,4.3956,-96.8352,87.2088,81.6703,-96.1319,1.5873,7.9765,-90.0285,71.5345,85.4752,-99.7317,0.6743,7.9765,-90.0285,71.5345,85.4752,-99.7317,0.6743,250,400,-800,350,-550,-100,0
147,1787058146.8329,1787058146.8371,0.03338,5.2747,-95.6044,84.3077,82.6374,-97.5385,1.5212,10.3598,-85.4435,65.8753,87.4486,-99.7829,0.3648,10.3598,-85.4435,65.8753,87.4486,-99.7829,0.3648,300,350,-1000,300,-500,-50,0
148,1787058146.8663,1787058146.8705,0.0334,5.9780,-94.0220,80.8791,83.9560,-98.3297,1.4550,12.4466,-82.8199,60.8822,89.1186,-100.1028,0.3242,12.4466,-82.8199,60.8822,89.1186,-100.1028,0.3242,250,450,-1100,450,-250,0,0
149,1787058146.8997,1787058146.9041,0.03338,7.6484,-91.4725,76.8352,85.2747,-98.7692,1.3889,14.0296,-77.6531,55.3341,88.5167,-98.5210,0.1167,14.0296,-77.6531,55.3341,88.5167,-98.5210,0.1167,450,850,-1350,450,-150,-50,0
150,1787058146.9331,1787058147.149,0.03338,9.6703,-88.4835,72.5275,86.8571,-99.2088,1.3228,17.8971,-62.9244,46.9161,89.1588,-97.9212,1.2817,17.8971,-62.9244,46.9161,89.1588,-97.9212,1.2817,700,1000,-1500,550,-200,-50,1
151,1787058147.1502,1787058147.1556,0.21711,13.5385,-78.8132,58.1978,88.1758,-98.8571,1.2566,20.6206,-57.0740,41.5018,90.2632,-95.9678,1.1229,20.6206,-57.0740,41.5018,90.2632,-95.9678,1.1229,50,100,-150,0,0,0,1
152,1787058147.1834,1787058147.1882,0.03325,13.6264,-78.5495,57.8462,88.1758,-98.8571,1.2566,22.9741,-52.4582,37.5776,90.2730,-91.3272,0.8728,22.9741,-52.4582,37.5776,90.2730,-91.3272,0.8728,0,100,-100,0,0,0,0
153,1787058147.2168,1787058147.2215,0.03337,14.2418,-77.5824,56.7912,89.0549,-98.0659,1.2566,25.0774,-47.4517,33.2321,90.3821,-88.4221,0.8748,25.0774,-47.4517,33.2321,90.3821,-88.4221,0.8748,50,300,-350,350,350,0,0
154,1787058147.2502,1787058147.255,0.03341,16.7912,-75.1209,54.2418,89.5824,-96.3077,1.2566,26.8319,-42.6470,28.9943,90.7471,-84.5198,0.7124,26.8319,-42.6470,28.9943,90.7471,-84.5198,0.7124,900,950,-900,250,550,0,0
155,1787058147.2835,1787058147.2881,0.03335,19.9560,-70.6374,49.7582,89.9341,-93.6703,1.3228,29.0408,-37.5923,25.1843,90.1535,-80.4413,0.6391,29.0408,-37.5923,25.1843,90.1535,-80.4413,0.6391,1050,1400,-1300,100,850,0,0
156,1787058147.3169,1787058147.3215,0.0334,22.7692,-64.3956,44.3077,90.1978,-90.8571,1.3228,31.4051,-33.0416,21.3153,89.6420,-77.0232,0.6449,31.4051,-33.0416,21.3153,89.6420,-77.0232,0.6449,1050,2150,-1900,100,1000,0,0
157,1787058147.3503,1787058147.355,0.03337,24.7033,-57.5385,38.6813,90.1978,-87.4286,1.3228,32.6466,-29.3982,17.7593,89.5639,-72.0577,0.5576,32.6466,-29.3982,17.7593,89.5639,-72.0577,0.5576,600,2300,-1850,0,1050,0,0
158,1787058147.3837,1787058147.3882,0.03339,27.0769,-50.5055,33.4945,90.1978,-84.0000,1.3228,33.9638,-24.8250,14.6339,88.6633,-68.1161,0.5396,33.9638,-24.8250,14.6339,88.6633,-68.1161,0.5396,850,2250,-1850,0,1250,0,0
159,1787058147.4171,1787058147.422,0.03337,29.1868,-43.6484,28.6593,90.1978,-80.3077,1.3228,35.0316,-19.9686,12.1615,88.0462,-65.1015,0.5889,35.0316,-19.9686,12.1615,88.0462,-65.1015,0.5889,750,2300,-1650,0,1250,0,0
160,1787058147.4505,1787058147.4551,0.03343,31.2088,-37.4066,24.1758,89.6703,-76.4396,1.3228,35.8909,-16.9882,9.8860,87.1499,-61.6694,0.3504,35.8909,-16.9882,9.8860,87.1499,-61.6694,0.3504,700,2050,-1500,-150,1300,0,0
161,1787058147.4839,1787058147.4884,0.03336,32.6154,-31.3407,20.4835,88.6154,-72.4835,1.3228,36.4541,-13.5375,7.1036,87.5801,-59.7503,0.5745,36.4541,-13.5375,7.1036,87.5801,-59.7503,0.5745,450,2100,-1150,-350,1350,0,0
162,1787058147.5172,1787058147.5218,0.03336,33.8462,-25.6264,17.3187,88.5275,-68.7033,1.2566,37.1180,-10.1661,5.2316,86.2614,-57.6486,0.6034,37.1180,-10.1661,5.2316,86.2614,-57.6486,0.6034,400,1950,-1050,0,1300,-50,0
163,1787058147.5506,1787058147.5552,0.03343,34.8132,-20.7912,14.2418,88.2637,-65.3626,1.2566,37.2300,-8.0400,3.0144,86.2177,-57.0853,0.6608,37.2300,-8.0400,3.0144,86.2177,-57.0853,0.6608,350,1650,-1100,-100,1150,0,0
164,1787058147.584,1787058147.5886,0.03336,35.6044,-16.4835,11.4286,87.5604,-62.6374,1.2566,37.6137,-5.1196,0.8748,86.0874,-56.1984,0.7950,37.6137,-5.1196,0.8748,86.0874,-56.1984,0.7950,250,1450,-900,-200,1000,0,0
165,1787058147.6174,1787058147.622,0.03342,36.1319,-12.6154,8.9670,87.0330,-60.5275,1.2566,37.7745,-2.8131,-1.4147,84.1625,-55.5301,0.6251,37.7745,-2.8131,-1.4147,84.1625,-55.5301,0.6251,150,1350,-850,-150,650,0,0
166,1787058147.6508,1787058147.6553,0.03333,36.6593,-9.2747,6.5934,86.7692,-59.0330,1.2566,37.7627,-0.6739,-1.9580,84.0760,-55.1612,0.4199,37.7627,-0.6739,-1.9580,84.0760,-55.1612,0.4199,200,1100,-800,-50,550,0,0
167,1787058147.6842,1787058147.6885,0.03345,37.0110,-6.3736,4.3077,85.9780,-57.8022,1.2566,37.2750,1.3475,-2.8932,83.2278,-56.1512,0.4938,37.2750,1.3475,-2.8932,83.2278,-56.1512,0.4938,150,950,-800,-250,400,0,0
168,1787058147.7176,1787058147.7231,0.0334,37.1868,-3.6484,2.4615,84.9231,-56.9231,1.2566,37.7780,2.6624,-4.1702,82.1635,-56.3500,0.3978,37.7780,2.6624,-4.1702,82.1635,-56.3500,0.3978,50,1000,-650,-400,300,0,0
169,1787058147.751,1787058147.7559,0.03341,37.1868,-1.0989,1.1429,84.5714,-56.8352,1.2566,37.4064,3.7480,-5.1330,82.5631,-57.1691,0.6779,37.4064,3.7480,-5.1330,82.5631,-57.1691,0.6779,0,800,-500,-100,100,0,0
170,1787058147.7844,1787058147.789,0.03336,37.0989,1.0989,-0.1758,83.6044,-56.9231,1.2566,36.8752,4.5013,-5.5116,80.9610,-57.1783,0.7415,36.8752,4.5013,-5.5116,80.9610,-57.1783,0.7415,-50,750,-450,-300,0,0,0
171,1787058147.8178,1787058147.8223,0.03337,37.0989,2.8571,-1.4066,83.3407,-56.9231,1.2566,37.0473,6.5459,-6.4426,81.0255,-57.5187,1.3163,37.0473,6.5459,-6.4426,81.0255,-57.5187,1.3163,0,600,-450,-50,0,0,0
172,1787058147.8512,1787058147.8556,0.03342,37.0989,4.0879,-2.1099,82.6374,-56.9231,1.2566,36.9812,7.3668,-7.4882,80.2658,-58.1393,2.4723,36.9812,7.3668,-7.4882,80.2658,-58.1393,2.4723,0,450,-250,-300,0,0,0
173,1787058147.8845,1787058147.889,0.03338,37.0989,5.3187,-3.0769,81.8462,-57.0110,1.3228,36.8746,8.6084,-7.5889,80.5798,-58.5763,5.0275,36.8746,8.6084,-7.5889,80.5798,-58.5763,5.0275,0,400,-350,-300,0,0,0
174,1787058147.918,1787058147.9222,0.03344,37.1868,6.7253,-4.2198,81.4066,-57.3626,1.7857,36.9597,8.9371,-7.7598,80.9880,-58.2031,9.0843,36.9597,8.9371,-7.7598,80.9880,-58.2031,9.0843,50,550,-350,-200,-150,200,0
175,1787058147.9514,1787058147.9559,0.03339,37.1868,8.0440,-4.7473,81.0549,-57.7143,2.8439,37.1487,10.0580,-7.5318,81.4467,-58.2547,13.7490,37.1487,10.0580,-7.5318,81.4467,-58.2547,13.7490,0,450,-150,-100,-100,550,0
176,1787058147.9847,1787058147.9892,0.03334,37.1868,9.0110,-5.0989,81.4066,-57.8022,4.6296,37.4170,10.6480,-7.2276,81.2906,-57.7333,18.6947,37.4170,10.6480,-7.2276,81.2906,-57.7333,18.6947,0,300,-100,250,-50,650,0
177,1787058148.0181,1787058148.0226,0.03343,37.1868,9.8901,-5.0989,81.4066,-57.8022,7.4735,37.6309,11.2310,-5.3807,81.2431,-58.2725,22.7939,37.6309,11.2310,-5.3807,81.2431,-58.2725,22.7939,0,250,0,0,0,1250,0
178,1787058148.0515,1787058148.0561,0.0334,37.1868,10.6813,-5.0989,81.4066,-57.8022,10.7143,37.3456,10.5190,-6.6043,81.1648,-57.7713,26.2954,37.3456,10.5190,-6.6043,81.1648,-57.7713,26.2954,0,300,0,0,0,1450,0
179,1787058148.0849,1787058148.0895,0.03341,37.1868,11.2967,-5.0110,81.4066,-57.8901,14.0873,37.5858,11.3222,-4.8671,80.2211,-58.3583,28.5130,37.5858,11.3222,-4.8671,80.2211,-58.3583,28.5130,0,250,50,0,-50,1550,0
180,1787058148.1183,1787058148.1229,0.03339,37.1868,11.3846,-4.6593,81.4066,-57.8022,17.7249,37.3276,11.6057,-3.2411,79.0945,-58.3778,29.4045,37.3276,11.6057,-3.2411,79.0945,-58.3778,29.4045,0,0,150,0,50,1650,0
181,1787058148.1517,1787058148.1562,0.03338,37.1868,11.7363,-4.5714,80.8791,-57.9780,21.2302,37.6287,11.8274,-1.8770,78.2580,-58.7527,29.5178,37.6287,11.8274,-1.8770,78.2580,-58.7527,29.5178,0,100,0,-250,-100,1650,0
182,1787058148.1851,1787058148.1896,0.0334,37.1868,11.9121,-3.8681,79.8242,-57.9780,24.2725,37.4111,11.8939,0.4668,76.2889,-59.2136,29.3349,37.4111,11.8939,0.4668,76.2889,-59.2136,29.3349,0,50,300,-350,0,1450,0
183,1787058148.2186,1787058148.223,0.03344,37.0989,12.2637,-2.6374,79.3846,-58.1538,26.1243,37.2551,10.6194,0.9376,75.1311,-59.2310,28.7564,37.2551,10.6194,0.9376,75.1311,-59.2310,28.7564,-50,150,400,-200,-100,900,0
184,1787058148.252,1787058148.2565,0.03339,37.0989,12.3516,-1.0549,78.3297,-58.5055,27.0503,36.5388,11.4990,3.0139,73.4925,-59.5700,28.3880,36.5388,11.4990,3.0139,73.4925,-59.5700,28.3880,0,0,550,-400,-100,400,0
185,1787058148.2853,1787058148.2896,0.03338,37.0989,12.3516,0.2637,76.9231,-58.6813,27.4471,36.4002,10.9661,3.3223,72.3493,-60.2364,27.9838,36.4002,10.9661,3.3223,72.3493,-60.2364,27.9838,0,0,450,-500,-100,250,0
186,1787058148.3188,1787058148.3234,0.03343,37.0989,12.2637,1.4066,75.5165,-59.0330,27.5794,36.2529,10.4549,4.2662,71.6409,-60.0502,27.9423,36.2529,10.4549,4.2662,71.6409,-60.0502,27.9423,0,-50,400,-450,-100,100,0
187,1787058148.3521,1787058148.3567,0.03335,37.0110,12.2637,2.5495,74.1978,-59.4725,27.5794,36.1497,10.8223,4.8551,71.1175,-61.0617,27.8978,36.1497,10.8223,4.8551,71.1175,-61.0617,27.8978,-50,0,400,-450,-150,0,0
188,1787058148.3856,1787058148.3901,0.03345,36.7473,12.2637,3.6044,73.2308,-59.5604,27.5794,35.2701,11.1607,6.2716,70.4785,-61.3279,27.9391,35.2701,11.1607,6.2716,70.4785,-61.3279,27.9391,-100,0,350,-300,-50,0,0
189,1787058148.419,1787058148.4235,0.03339,36.6593,12.2637,4.5714,72.4396,-60.0000,27.5794,35.3394,10.7618,6.0644,69.4708,-62.2751,28.0140,35.3394,10.7618,6.0644,69.4708,-62.2751,28.0140,-50,0,300,-300,-150,0,0
190,1787058148.4523,1787058148.4568,0.03334,36.3077,12.2637,5.3626,71.6484,-60.7033,27.6455,35.0787,11.4051,6.4879,69.5800,-62.8695,28.3644,35.0787,11.4051,6.4879,69.5800,-62.8695,28.3644,-150,0,250,-250,-200,50,0
191,1787058148.4857,1787058148.4902,0.03338,35.9560,12.2637,5.8901,70.9451,-61.1429,27.7116,35.2580,11.8864,6.7376,68.9675,-63.4000,28.6723,35.2580,11.8864,6.7376,68.9675,-63.4000,28.6723,-100,0,150,-250,-200,50,0
192,1787058148.5191,1787058148.5236,0.03337,35.5165,12.2637,6.3297,70.1538,-61.9341,27.9101,34.3001,11.8560,6.7780,68.6935,-63.8404,28.7705,34.3001,11.8560,6.7780,68.6935,-63.8404,28.7705,-150,0,200,-350,-300,50,0
193,1787058148.5525,1787058148.5567,0.03343,35.3407,12.2637,6.8571,70.0659,-62.2857,28.1746,34.3969,11.1234,6.6878,68.6516,-64.7303,29.0652,34.3969,11.1234,6.6878,68.6516,-64.7303,29.0652,-50,0,200,0,-150,100,0
194,1787058148.5858,1787058148.59,0.03335,35.2527,12.2637,6.8571,69.3626,-63.0769,28.3730,34.5438,11.1562,6.9025,68.2482,-65.3659,29.3143,34.5438,11.1562,6.9025,68.2482,-65.3659,29.3143,0,0,0,-250,-250,50,0
195,1787058148.6193,1787058148.6234,0.03342,35.1648,12.2637,6.8571,69.1868,-63.6923,28.6376,34.3830,11.4699,8.2209,68.4668,-65.9635,29.3627,34.3830,11.4699,8.2209,68.4668,-65.9635,29.3627,0,0,0,-150,-200,100,0
196,1787058148.6527,1787058148.6569,0.03345,35.1648,12.2637,7.0330,68.9231,-64.4835,28.8360,34.2254,10.5988,7.9918,67.8857,-66.5637,29.5342,34.2254,10.5988,7.9918,67.8857,-66.5637,29.5342,0,0,50,-50,-250,100,0
197,1787058148.6861,1787058148.6907,0.03341,34.9890,12.2637,7.5604,68.5714,-64.9231,28.9683,34.2752,11.3700,9.2207,68.3023,-67.1019,29.6019,34.2752,11.3700,9.2207,68.3023,-67.1019,29.6019,-100,0,150,-50,-150,50,0
198,1787058148.7195,1787058148.7241,0.03337,34.8132,12.2637,8.0879,68.6593,-65.5385,29.1667,34.0877,11.1355,8.4123,67.4209,-67.9873,29.7151,34.0877,11.1355,8.4123,67.4209,-67.9873,29.7151,0,0,150,50,-250,100,0
199,1787058148.7528,1787058148.7573,0.03336,34.7253,12.2637,8.7033,68.3956,-66.2418,29.2328,34.0807,10.9668,8.3719,66.2068,-68.1555,29.7440,34.0807,10.9668,8.3719,66.2068,-68.1555,29.7440,-50,0,150,-100,-200,50,0
200,1787058148.7862,1787058149.0083,0.03338,34.7253,12.2637,9.0549,68.3077,-66.7692,29.2989,33.5331,14.4456,7.1677,66.6059,-65.9148,29.5479,33.5331,14.4456,7.1677,66.6059,-65.9148,29.5479,0,0,100,-50,-200,50,1
201,1787058149.0095,1787058149.0147,0.22324,34.5495,12.2637,8.9670,66.5495,-67.7363,29.4312,33.5765,15.1027,7.9380,67.2506,-65.8417,29.4523,33.5765,15.1027,7.9380,67.2506,-65.8417,29.4523,0,0,0,0,0,0,1
202,1787058149.0428,1787058149.0471,0.03329,34.5495,12.2637,8.9670,66.5495,-67.7363,29.4312,33.6359,15.7493,7.5212,67.7439,-65.2516,29.4541,33.6359,15.7493,7.5212,67.7439,-65.2516,29.4541,0,0,0,0,0,0,0
203,1787058149.0762,1787058149.0808,0.03342,34.2857,12.8791,8.9670,66.9011,-67.2967,29.4312,33.4243,15.7550,8.0433,67.2311,-65.3691,29.4025,33.4243,15.7550,8.0433,67.2311,-65.3691,29.4025,-100,150,0,100,150,0,0
204,1787058149.1096,1787058149.1142,0.03338,34.1099,14.3736,8.7912,67.0769,-66.4176,29.4312,33.5834,16.5596,8.4398,67.0427,-64.9168,29.3714,33.5834,16.5596,8.4398,67.0427,-64.9168,29.3714,-100,550,-100,100,250,0,0
205,1787058149.1429,1787058149.1475,0.03338,33.8462,15.5165,8.8791,67.0769,-66.0659,29.4974,33.3362,16.0577,8.7488,66.4596,-64.7711,29.3597,33.3362,16.0577,8.7488,66.4596,-64.7711,29.3597,-150,300,50,100,100,100,0
206,1787058149.1763,1787058149.1807,0.03337,33.9341,15.9560,8.8791,67.0769,-65.7143,29.4974,33.2044,15.7780,9.0809,66.2956,-64.6658,29.2780,33.2044,15.7780,9.0809,66.2956,-64.6658,29.2780,0,150,0,-100,50,-50,0
207,1787058149.2097,1787058149.2139,0.03343,34.0220,16.2198,8.7912,66.9011,-65.4505,29.5635,33.0265,15.8781,8.1169,65.9409,-64.7704,29.3455,33.0265,15.8781,8.1169,65.9409,-64.7704,29.3455,50,100,-50,-200,100,50,0
208,1787058149.2431,1787058149.2477,0.03337,33.9341,16.2198,8.8791,66.6374,-65.4505,29.4312,33.5568,16.0916,9.1079,65.9360,-65.4301,29.3479,33.5568,16.0916,9.1079,65.9360,-65.4301,29.3479,0,0,50,0,50,-100,0
209,1787058149.2765,1787058149.281,0.03337,33.7582,16.2198,8.8791,66.4615,-65.3626,29.4312,33.3962,15.9308,9.5544,66.6475,-65.6165,29.2824,33.3962,15.9308,9.5544,66.6475,-65.6165,29.2824,-50,0,0,-50,0,0,0
210,1787058149.3099,1787058149.3142,0.0334,33.6703,16.2198,8.9670,66.3736,-65.4505,29.4312,33.6967,16.3720,8.5736,65.7953,-65.1996,29.4085,33.6967,16.3720,8.5736,65.7953,-65.1996,29.4085,-50,0,0,-50,-50,0,0
211,1787058149.3433,1787058149.3478,0.03338,33.6703,16.2198,9.2308,66.1978,-65.4505,29.4312,33.5872,16.5192,9.5426,65.7441,-65.6003,29.2376,33.5872,16.5192,9.5426,65.7441,-65.6003,29.2376,0,0,100,-50,-50,0,0
212,1787058149.3766,1787058149.3812,0.03337,33.7582,16.2198,9.2308,66.1099,-65.4505,29.4312,33.8333,16.8422,8.7540,65.0792,-65.5851,29.5517,33.8333,16.8422,8.7540,65.0792,-65.5851,29.5517,50,0,0,0,0,0,0
213,1787058149.41,1787058149.4147,0.0334,33.7582,16.2198,9.3187,66.0220,-65.4505,29.4312,33.5877,16.7861,9.9639,64.9581,-65.4444,29.4794,33.5877,16.7861,9.9639,64.9581,-65.4444,29.4794,0,0,0,0,0,0,0
214,1787058149.4434,1787058149.448,0.03336,33.7582,16.4835,9.3187,65.7582,-65.4505,29.4312,33.3934,16.7205,10.1302,63.6536,-65.8139,29.4130,33.3934,16.7205,10.1302,63.6536,-65.8139,29.4130,0,100,0,-100,0,0,0
215,1787058149.4768,1787058149.4813,0.03337,33.7582,16.4835,9.4945,65.4945,-65.2747,29.4312,32.7538,16.4401,10.1035,64.3581,-65.4013,29.1129,32.7538,16.4401,10.1035,64.3581,-65.4013,29.1129,0,0,100,-50,100,0,0
216,1787058149.5102,1787058149.5148,0.03343,33.7582,16.4835,9.7582,64.9670,-65.3626,29.4312,33.4936,16.8390,10.1142,63.1221,-65.6788,28.8399,33.4936,16.8390,10.1142,63.1221,-65.6788,28.8399,0,0,100,-150,-50,0,0
217,1787058149.5436,1787058149.5482,0.03338,33.5824,16.4835,9.7582,64.7912,-65.4505,29.2989,33.5009,17.0150,10.6844,63.3458,-65.0640,27.7945,33.5009,17.0150,10.6844,63.3458,-65.0640,27.7945,-100,0,0,-50,-50,-50,0
218,1787058149.5769,1787058149.5815,0.03335,33.5824,16.4835,9.7582,64.5275,-65.4505,29.1005,33.7021,17.1187,10.9019,62.4541,-65.5114,25.7871,33.7021,17.1187,10.9019,62.4541,-65.5114,25.7871,0,0,0,-150,0,-50,0
219,1787058149.6103,1787058149.6149,0.03342,33.5824,16.4835,10.0220,64.0879,-65.4505,28.7037,34.0665,17.1773,9.4869,62.6270,-65.1452,22.4847,34.0665,17.1773,9.4869,62.6270,-65.1452,22.4847,0,0,50,-200,0,-200,0
220,1787058149.6437,1787058149.6482,0.03338,33.5824,16.4835,10.2857,63.5604,-65.5385,27.5132,33.3453,17.3721,10.2179,61.5873,-65.3959,18.8160,33.3453,17.3721,10.2179,61.5873,-65.3959,18.8160,0,0,150,-200,-50,-600,0
221,1787058149.6771,1787058149.6816,0.03336,33.6703,16.6593,10.1978,63.3846,-65.5385,25.8598,33.4624,18.5429,8.7720,61.1825,-66.4563,14.7342,33.4624,18.5429,8.7720,61.1825,-66.4563,14.7342,50,100,0,-50,0,-650,0
222,1787058149.7105,1787058149.7151,0.03344,33.6703,16.8352,10.0220,62.7692,-65.6264,23.5450,33.3676,17.6226,9.1687,60.8554,-67.0679,10.2350,33.3676,17.6226,9.1687,60.8554,-67.0679,10.2350,0,50,-100,-200,0,-1000,0
223,1787058149.7439,1787058149.7485,0.03337,33.6703,17.0989,10.0220,62.1538,-65.8022,20.7672,34.1276,18.1718,8.6650,61.1745,-66.9217,6.6398,34.1276,18.1718,8.6650,61.1745,-66.9217,6.6398,0,50,50,-200,-50,-1300,0
224,1787058149.7773,1787058149.7818,0.03336,33.6703,17.3626,9.6703,61.8022,-66.2418,17.5926,33.7884,18.4142,9.3076,61.8326,-66.8075,4.2070,33.7884,18.4142,9.3076,61.8326,-66.8075,4.2070,0,100,-100,-150,-150,-1400,0
225,1787058149.8106,1787058149.8152,0.03338,33.6703,17.6264,9.2308,61.8022,-66.4176,14.0873,34.1190,17.4435,9.6533,61.9650,-65.9558,4.3727,34.1190,17.4435,9.6533,61.9650,-65.9558,4.3727,0,100,-150,0,-50,-1550,0
226,1787058149.844,1787058149.8486,0.03338,33.8462,17.8901,9.1429,61.7143,-66.4176,10.8466,33.8988,18.7775,9.9894,62.6573,-66.2087,3.2617,33.8988,18.7775,9.9894,62.6573,-66.2087,3.2617,50,100,-50,-50,-50,-1450,0
227,1787058149.8774,1787058149.882,0.03337,33.9341,17.8901,9.1429,61.7143,-66.5934,8.9286,34.2397,18.5155,9.0476,62.9860,-67.4413,3.0341,34.2397,18.5155,9.0476,62.9860,-67.4413,3.0341,50,0,0,0,-50,-1100,0
228,1787058149.9108,1787058149.9153,0.0334,33.9341,17.9780,9.3187,61.9780,-66.5055,8.3995,33.9698,18.2040,9.9394,62.5010,-66.8559,2.1403,33.9698,18.2040,9.9394,62.5010,-66.8559,2.1403,0,0,50,50,0,-250,0
229,1787058149.9442,1787058149.9486,0.03338,33.9341,18.1538,9.1429,62.2418,-66.5934,8.3333,34.0866,18.8272,10.1622,62.6410,-67.6678,2.2435,34.0866,18.8272,10.1622,62.6410,-67.6678,2.2435,0,100,-50,100,-50,0,0
230,1787058149.9776,1787058149.9821,0.03343,33.9341,18.1538,9.2308,62.1538,-66.7692,8.2011,34.1485,18.8165,10.1363,62.6263,-67.3824,2.4072,34.1485,18.8165,10.1363,62.6263,-67.3824,2.4072,0,0,0,-50,-100,-50,0
231,1787058150.0109,1787058150.0153,0.03335,33.9341,18.1538,9.4945,62.1538,-66.9451,8.1349,33.9944,18.0179,10.0600,62.1031,-67.6479,2.1727,33.9944,18.0179,10.0600,62.1031,-67.6479,2.1727,0,0,50,0,-50,-50,0
232,1787058150.0444,1787058150.0486,0.03341,33.9341,18.1538,9.4945,62.1538,-67.1209,8.1349,33.7359,18.1859,10.1711,62.4893,-67.4057,1.7219,33.7359,18.1859,10.1711,62.4893,-67.4057,1.7219,0,0,0,0,0,0,0
233,1787058150.0777,1787058150.0822,0.03338,33.9341,18.1538,9.4945,62.1538,-67.1209,8.1349,33.8817,17.4210,10.6917,62.5456,-67.0117,1.6737,33.8817,17.4210,10.6917,62.5456,-67.0117,1.6737,0,0,0,0,0,0,0
234,1787058150.1111,1787058150.1157,0.03336,33.9341,18.1538,9.4945,62.1538,-67.1209,8.1349,33.4701,17.4886,10.6899,63.4898,-66.1383,1.4138,33.4701,17.4886,10.6899,63.4898,-66.1383,1.4138,0,0,0,0,0,0,0
235,1787058150.1445,1787058150.1491,0.03339,33.9341,18.0659,9.6703,62.1538,-67.1209,8.1349,32.9492,16.5288,8.8268,65.1472,-66.6621,1.4411,32.9492,16.5288,8.8268,65.1472,-66.6621,1.4411,0,-50,50,0,0,0,0
236,1787058150.1779,1787058150.1824,0.03341,33.9341,18.0659,9.6703,62.4176,-67.0330,7.9365,32.0885,14.6414,8.6916,66.7026,-65.9119,1.4184,32.0885,14.6414,8.6916,66.7026,-65.9119,1.4184,0,0,0,100,0,-100,0
237,1787058150.2113,1787058150.2158,0.03337,33.7582,17.8901,9.4066,63.2967,-67.0330,7.9365,31.4764,12.8277,6.9257,68.5051,-65.6916,1.1643,31.4764,12.8277,6.9257,68.5051,-65.6916,1.1643,0,-100,-150,350,0,0,0
238,1787058150.2446,1787058150.2492,0.03338,33.3187,17.2747,9.2308,64.5275,-66.8571,7.9365,30.4870,10.4448,3.9206,72.3828,-65.0428,1.3003,30.4870,10.4448,3.9206,72.3828,-65.0428,1.3003,-100,-200,-100,400,50,0,0
239,1787058150.278,1787058150.2825,0.03338,32.7912,16.2198,8.8791,66.0220,-66.4176,7.9365,28.8811,6.8182,1.4949,75.2042,-65.1892,1.2605,28.8811,6.8182,1.4949,75.2042,-65.1892,1.2605,-150,-350,-100,500,150,0,0
240,1787058150.3114,1787058150.316,0.03341,32.0000,15.4286,7.8242,68.3077,-65.8901,7.9365,26.8463,4.7854,-0.6124,77.6854,-64.3859,0.7648,26.8463,4.7854,-0.6124,77.6854,-64.3859,0.7648,-300,-250,-400,700,200,0,0
241,1787058150.3448,1787058150.3494,0.03341,30.9451,14.3736,6.3297,70.6813,-65.9780,7.9365,23.7336,0.7984,-3.8155,79.7105,-63.7364,1.0389,23.7336,0.7984,-3.8155,79.7105,-63.7364,1.0389,-350,-300,-500,750,0,0,0
242,1787058150.3782,1787058150.3827,0.0334,29.7143,12.3516,4.6593,73.4945,-65.5385,7.9365,21.6888,-2.1131,-5.6170,80.9354,-64.8166,0.8793,21.6888,-2.1131,-5.6170,80.9354,-64.8166,0.8793,-450,-600,-550,900,100,0,0
243,1787058150.4117,1787058150.4161,0.03342,27.8681,9.8901,2.5495,75.6044,-65.0110,7.9365,18.0274,-5.0680,-8.0755,81.6147,-64.6781,0.8950,18.0274,-5.0680,-8.0755,81.6147,-64.6781,0.8950,-550,-850,-750,650,150,0,0
244,1787058150.445,1787058150.4497,0.03337,25.6703,6.9890,0.1758,77.7143,-64.9231,7.9365,15.3144,-7.6002,-8.6502,81.2271,-64.3678,0.9718,15.3144,-7.6002,-8.6502,81.2271,-64.3678,0.9718,-750,-1000,-800,800,0,0,0
245,1787058150.4785,1787058150.4832,0.03343,23.2088,3.9121,-1.9341,78.9451,-64.9231,7.9365,11.9776,-10.8664,-8.3255,80.0122,-63.8632,0.8000,11.9776,-10.8664,-8.3255,80.0122,-63.8632,0.8000,-800,-1000,-750,450,0,0,0
246,1787058150.5119,1787058150.5162,0.03341,20.5714,0.8352,-3.7802,79.5604,-64.9231,7.9365,9.3221,-12.4795,-8.5420,76.9268,-63.8075,0.8938,9.3221,-12.4795,-8.5420,76.9268,-63.8075,0.8938,-950,-1050,-550,200,0,0,0
247,1787058150.5452,1787058150.55,0.03332,17.7582,-2.2418,-4.6593,79.5604,-64.6593,7.9365,6.3864,-15.4140,-6.2631,73.1132,-63.9773,0.8341,6.3864,-15.4140,-6.2631,73.1132,-63.9773,0.8341,-1000,-1050,-400,0,100,0,0
248,1787058150.5786,1787058150.5832,0.03343,14.6813,-5.0549,-5.1868,78.9451,-64.5714,7.8704,4.3623,-17.2783,-4.7889,67.5523,-64.5207,0.3977,4.3623,-17.2783,-4.7889,67.5523,-64.5207,0.3977,-1000,-1000,-250,-200,50,-50,0
249,1787058150.612,1787058150.6162,0.03338,11.7802,-7.6923,-5.1868,77.0110,-64.4835,7.8042,2.9853,-19.7104,-2.5274,62.7240,-63.5280,0.2063,2.9853,-19.7104,-2.5274,62.7240,-63.5280,0.2063,-1000,-850,0,-650,0,-50,0
250,1787058150.6454,1787058150.8614,0.03344,8.8791,-10.4176,-4.3956,74.2857,-64.4835,7.8042,0.5132,-17.4884,-1.1545,62.4652,-58.9799,2.7833,0.5132,-17.4884,-1.1545,62.4652,-58.9799,2.7833,-1000,-900,250,-800,0,0,1
251,1787058150.8625,1787058150.8684,0.2171,3.7802,-16.6593,-2.2857,64.0879,-64.0440,7.8042,-0.9178,-19.3775,2.3521,57.4807,-57.2676,2.3987,-0.9178,-19.3775,2.3521,57.4807,-57.2676,2.3987,-50,0,50,-150,0,0,1
252,1787058150.8958,1787058150.9003,0.03327,3.5165,-16.6593,-2.1978,63.8242,-64.0440,7.8042,-1.4143,-18.3001,3.3372,51.1722,-55.6112,2.3870,-1.4143,-18.3001,3.3372,51.1722,-55.6112,2.3870,-50,0,0,-100,0,0,0
253,1787058150.9292,1787058150.934,0.03342,2.5495,-16.7473,-1.3187,62.5934,-63.0769,7.8042,-1.4587,-18.0510,6.1188,43.9195,-53.6841,2.1253,-1.4587,-18.0510,6.1188,43.9195,-53.6841,2.1253,-400,-50,350,-500,350,0,0
254,1787058150.9627,1787058150.9668,0.03343,1.2308,-16.8352,0.8791,59.7802,-60.8791,7.8042,-3.0899,-19.4975,10.8645,35.6272,-52.4473,2.1174,-3.0899,-19.4975,10.8645,35.6272,-52.4473,2.1174,-450,-50,700,-750,800,0,0
255,1787058150.996,1787058151.0001,0.03331,0.1758,-16.8352,3.3407,55.7363,-58.0659,7.8042,-3.0304,-21.3885,13.5514,28.2515,-50.9481,2.3669,-3.0304,-21.3885,13.5514,28.2515,-50.9481,2.3669,-400,0,800,-1400,900,0,0
256,1787058151.0294,1787058151.0336,0.0334,-1.0549,-16.7473,6.1538,50.6374,-55.9560,7.8042,-3.0991,-21.5675,17.6821,22.4650,-50.0427,2.2772,-3.0991,-21.5675,17.6821,22.4650,-50.0427,2.2772,-350,50,1000,-1750,750,0,0
257,1787058151.0628,1787058151.0674,0.0334,-1.8462,-17.2747,9.6703,44.7473,-54.1099,7.8042,-2.9050,-21.8499,20.0566,18.1726,-49.5015,2.3281,-2.9050,-21.8499,20.0566,18.1726,-49.5015,2.3281,-350,-250,1150,-1900,600,0,0
258,1787058151.0962,1787058151.1003,0.0334,-2.2857,-17.8901,12.7473,38.7692,-52.7033,7.8042,-2.8631,-22.9047,22.5453,14.6318,-49.4194,2.3058,-2.8631,-22.9047,22.5453,14.6318,-49.4194,2.3058,-150,-200,1050,-2100,550,0,0
259,1787058151.1296,1787058151.1337,0.03336,-2.3736,-18.5055,16.0879,32.5275,-51.6484,7.8042,-2.5958,-23.4866,24.5645,13.6156,-49.6593,2.5837,-2.5958,-23.4866,24.5645,13.6156,-49.6593,2.5837,-50,-250,1100,-2050,400,0,0
260,1787058151.1629,1787058151.1671,0.03338,-2.4615,-19.2088,18.9890,26.9011,-50.8571,7.8042,-2.6748,-23.1522,26.9261,12.6160,-50.0909,2.3397,-2.6748,-23.1522,26.9261,12.6160,-50.0909,2.3397,-50,-250,1050,-1950,200,0,0
261,1787058151.1963,1787058151.2005,0.03337,-2.2857,-19.6484,21.7143,22.4176,-50.6813,7.8042,-2.3176,-24.4716,29.1070,11.6039,-49.9144,2.3363,-2.3176,-24.4716,29.1070,11.6039,-49.9144,2.3363,50,-150,1000,-1600,100,0,0
262,1787058151.2297,1787058151.2351,0.03338,-2.0220,-20.0000,24.1758,18.9011,-50.6813,7.8042,-2.3033,-24.3271,30.4582,11.2812,-50.0896,2.3440,-2.3033,-24.3271,30.4582,11.2812,-50.0896,2.3440,100,-100,800,-1150,0,0,0
263,1787058151.2631,1787058151.2672,0.0334,-1.9341,-20.6154,26.6374,16.5275,-50.5934,7.8042,-1.7310,-25.3415,31.1800,9.4590,-50.3502,2.3285,-1.7310,-25.3415,31.1800,9.4590,-50.3502,2.3285,0,-250,800,-850,50,0,0
264,1787058151.2965,1787058151.3006,0.03338,-1.9341,-20.9670,28.7473,15.0330,-50.5055,7.8042,-1.9835,-24.8786,32.8503,7.8680,-50.3845,2.1590,-1.9835,-24.8786,32.8503,7.8680,-50.3845,2.1590,0,-50,750,-550,50,0,0
265,1787058151.3299,1787058151.3341,0.03343,-1.9341,-21.3187,30.2418,13.3626,-50.4176,7.8042,-1.6697,-24.9662,34.0868,7.7669,-50.5604,2.0343,-1.6697,-24.9662,34.0868,7.7669,-50.5604,2.0343,0,-100,550,-550,50,0,0
266,1787058151.3632,1787058151.3674,0.03332,-2.0220,-21.4066,31.5604,11.5165,-50.4176,7.8042,-1.5147,-23.7149,35.8998,4.9338,-51.0173,1.9878,-1.5147,-23.7149,35.8998,4.9338,-51.0173,1.9878,-50,0,450,-650,0,0,0
267,1787058151.3966,1787058151.4008,0.03343,-2.0220,-21.7582,33.0549,10.3736,-50.5055,7.8042,-2.1120,-23.4150,36.7125,3.2250,-50.8523,2.2920,-2.1120,-23.4150,36.7125,3.2250,-50.8523,2.2920,0,-100,500,-400,0,0,0
268,1787058151.43,1787058151.4341,0.03339,-1.9341,-21.7582,34.5495,8.9670,-50.4176,7.8042,-1.5309,-22.9437,37.5600,0.4992,-50.8784,2.2068,-1.5309,-22.9437,37.5600,0.4992,-50.8784,2.2068,50,-50,500,-450,50,0,0
269,1787058151.4634,1787058151.4676,0.0334,-1.9341,-21.7582,36.1319,6.9451,-50.4176,7.8042,-2.1755,-22.3550,39.8018,-2.0594,-50.4923,2.2301,-2.1755,-22.3550,39.8018,-2.0594,-50.4923,2.2301,0,0,550,-700,0,0,0
270,1787058151.4968,1787058151.5019,0.03335,-1.9341,-21.5824,37.2747,4.7473,-50.4176,7.8042,-2.0148,-22.1656,40.9137,-4.4401,-50.6984,2.1143,-2.0148,-22.1656,40.9137,-4.4401,-50.6984,2.1143,0,50,400,-750,50,0,0
271,1787058151.5302,1787058151.5343,0.03338,-1.9341,-21.6703,38.5934,2.3736,-50.4176,7.8042,-2.1315,-22.2036,42.1565,-6.5135,-50.8043,2.2285,-2.1315,-22.2036,42.1565,-6.5135,-50.8043,2.2285,0,-50,450,-800,0,0,0
272,1787058151.5635,1787058151.5677,0.03336,-1.9341,-21.7582,40.0879,0.0000,-50.5055,7.8042,-2.2492,-20.9196,43.9864,-8.3167,-50.3415,2.2384,-2.2492,-20.9196,43.9864,-8.3167,-50.3415,2.2384,0,-50,500,-750,-50,0,0
273,1787058151.5969,1787058151.6011,0.03342,-2.0220,-21.7582,41.4066,-2.3736,-50.5055,7.8042,-2.6039,-20.9716,44.1827,-9.8280,-50.5873,2.2220,-2.6039,-20.9716,44.1827,-9.8280,-50.5873,2.2220,0,0,450,-800,0,0,0
274,1787058151.6304,1787058151.6345,0.0334,-2.0220,-21.1429,42.7253,-4.4835,-50.3297,7.8042,-2.9666,-20.6649,45.6582,-11.4110,-50.4291,2.2090,-2.9666,-20.6649,45.6582,-11.4110,-50.4291,2.2090,0,250,450,-750,100,0,0
275,1787058151.6637,1787058151.6682,0.03335,-2.0220,-20.7033,43.8681,-6.2418,-50.4176,7.8042,-3.3622,-20.0677,45.6077,-12.6084,-49.7264,2.2470,-3.3622,-20.0677,45.6077,-12.6084,-49.7264,2.2470,0,200,350,-600,-50,0,0
276,1787058151.6971,1787058151.7014,0.03338,-2.1978,-20.2637,44.8352,-8.0000,-50.4176,7.8042,-3.1918,-19.4673,46.3257,-13.1398,-50.3177,2.1970,-3.1918,-19.4673,46.3257,-13.1398,-50.3177,2.1970,-50,150,300,-600,0,0,0
277,1787058151.7305,1787058151.735,0.03343,-2.4615,-19.9121,45.5385,-9.4945,-50.3297,7.8042,-3.3709,-20.0200,46.4049,-13.4819,-49.7404,2.3603,-3.3709,-20.0200,46.4049,-13.4819,-49.7404,2.3603,-100,200,300,-500,0,0,0
278,1787058151.7639,1787058151.7684,0.03335,-2.9011,-19.3846,46.0659,-10.6374,-50.4176,7.8042,-3.8792,-18.8772,45.8030,-13.4844,-49.6782,2.3818,-3.8792,-18.8772,45.8030,-13.4844,-49.6782,2.3818,-100,200,150,-350,-50,0,0
279,1787058151.7972,1787058151.8016,0.03337,-3.1648,-19.2967,46.5934,-11.3407,-50.1538,7.8042,-4.1614,-18.3286,47.1900,-13.3294,-49.4696,2.2510,-4.1614,-18.3286,47.1900,-13.3294,-49.4696,2.2510,-100,0,300,-300,150,0,0
280,1787058151.8307,1787058151.8349,0.03345,-3.2527,-18.8571,46.5934,-11.6923,-50.0659,7.8042,-4.2001,-17.9645,47.1678,-13.1680,-49.6892,2.2989,-4.2001,-17.9645,47.1678,-13.1680,-49.6892,2.2989,-50,150,0,-100,0,0,0
281,1787058151.864,1787058151.8681,0.03335,-3.4286,-18.2418,46.9451,-12.0440,-50.0659,7.8042,-4.4232,-17.8458,46.7492,-13.1694,-49.0170,2.2196,-4.4232,-17.8458,46.7492,-13.1694,-49.0170,2.2196,-100,200,150,-50,0,0,0
282,1787058151.8975,1787058151.9016,0.03342,-3.6044,-17.8022,47.3846,-12.1319,-50.0659,7.8042,-4.6421,-17.5550,47.1229,-13.1082,-49.7595,2.3979,-4.6421,-17.5550,47.1229,-13.1082,-49.7595,2.3979,0,150,200,-100,0,0,0
283,1787058151.9308,1787058151.9351,0.03335,-3.8681,-17.3626,47.4725,-12.0440,-49.7143,7.8042,-4.7722,-17.7622,47.3695,-12.8361,-49.8940,2.3763,-4.7722,-17.7622,47.3695,-12.8361,-49.8940,2.3763,-100,200,50,0,150,0,0
284,1787058151.9642,1787058151.9684,0.03341,-3.9560,-17.0989,47.5604,-12.0440,-49.7143,7.8042,-5.1997,-17.4738,47.5645,-12.8112,-49.5325,2.3682,-5.1997,-17.4738,47.5645,-12.8112,-49.5325,2.3682,-50,50,0,0,0,0,0
285,1787058151.9976,1787058152.0019,0.03343,-4.1319,-17.1868,47.6484,-12.1319,-49.8022,7.8042,-4.9215,-17.5653,47.7019,-12.6131,-49.4538,2.3134,-4.9215,-17.5653,47.7019,-12.6131,-49.4538,2.3134,-50,-50,100,-50,-50,0,0
286,1787058152.031,1787058152.0355,0.03338,-4.3956,-17.1868,47.8242,-12.1319,-49.6264,7.8042,-5.1576,-17.7916,48.4090,-12.0321,-49.2422,2.3006,-5.1576,-17.7916,48.4090,-12.0321,-49.2422,2.3006,-150,0,50,0,100,0,0
287,1787058152.0644,1787058152.0688,0.03335,-4.5714,-17.1868,48.1758,-12.0440,-49.6264,7.8042,-5.1412,-17.4843,47.9339,-12.2718,-49.4696,2.3153,-5.1412,-17.4843,47.9339,-12.2718,-49.4696,2.3153,-50,0,100,0,0,0,0
288,1787058152.0978,1787058152.102,0.03345,-4.6593,-17.0989,48.5275,-11.9560,-49.6264,7.8042,-4.8067,-17.4949,47.7210,-12.0671,-49.5071,2.4558,-4.8067,-17.4949,47.7210,-12.0671,-49.5071,2.4558,-50,50,150,0,0,0,0
289,1787058152.1312,1787058152.1354,0.0334,-4.5714,-17.0989,48.6154,-11.9560,-49.6264,7.8042,-4.4067,-17.5990,47.6728,-11.9864,-49.5122,2.4629,-4.4067,-17.5990,47.6728,-11.9864,-49.5122,2.4629,50,0,50,0,0,0,0
290,1787058152.1646,1787058152.1688,0.03337,-4.5714,-17.0989,48.6154,-11.8681,-49.7143,7.8042,-4.4730,-17.2893,48.2404,-12.3114,-49.9516,2.2874,-4.4730,-17.2893,48.2404,-12.3114,-49.9516,2.2874,0,0,0,50,-50,0,0
291,1787058152.198,1787058152.2022,0.03338,-4.5714,-17.0989,48.6154,-11.8681,-49.7143,7.8042,-5.2676,-16.7622,48.5783,-12.6534,-49.5697,2.3943,-5.2676,-16.7622,48.5783,-12.6534,-49.5697,2.3943,0,0,0,0,0,0,0
292,1787058152.2314,1787058152.2355,0.03341,-4.5714,-17.0110,48.7912,-11.8681,-49.7143,7.8042,-5.4041,-17.4625,48.1774,-12.3824,-49.6650,2.2761,-5.4041,-17.4625,48.1774,-12.3824,-49.6650,2.2761,0,0,0,0,0,0,0
293,1787058152.2648,1787058152.269,0.03345,-4.6593,-16.6593,48.8791,-11.8681,-49.7143,7.8042,-5.3216,-16.8858,47.3740,-12.3382,-49.7925,2.3334,-5.3216,-16.8858,47.3740,-12.3382,-49.7925,2.3334,0,100,50,0,0,0,0
294,1787058152.2982,1787058152.3025,0.03333,-4.8352,-16.5714,48.9670,-11.8681,-49.7143,7.7381,-4.8122,-16.7850,47.8924,-11.9064,-49.7842,2.3422,-4.8122,-16.7850,47.8924,-11.9064,-49.7842,2.3422,-50,50,50,0,0,-50,0
295,1787058152.3316,1787058152.3359,0.03343,-4.9231,-16.4835,48.9670,-11.8681,-49.7143,7.7381,-5.5738,-15.7820,47.5900,-12.3051,-49.7282,2.3748,-5.5738,-15.7820,47.5900,-12.3051,-49.7282,2.3748,-50,0,0,0,0,0,0
296,1787058152.365,1787058152.3692,0.03339,-4.9231,-16.3956,48.8791,-11.8681,-49.7143,7.7381,-5.8902,-15.9140,47.8961,-11.9621,-49.3818,2.1946,-5.8902,-15.9140,47.8961,-11.9621,-49.3818,2.1946,0,0,-50,0,0,0,0
297,1787058152.3984,1787058152.4025,0.03338,-5.0110,-16.0440,48.8791,-11.8681,-49.7143,7.7381,-5.6429,-16.8949,46.9802,-11.7480,-49.6711,2.5096,-5.6429,-16.8949,46.9802,-11.7480,-49.6711,2.5096,-50,150,0,0,0,0,0
298,1787058152.4318,1787058152.4359,0.0334,-5.1868,-15.6044,48.8791,-11.8681,-49.7143,7.7381,-5.3019,-15.9223,48.1601,-11.8376,-49.4538,2.3672,-5.3019,-15.9223,48.1601,-11.8376,-49.4538,2.3672,-50,150,0,0,0,0,0
299,1787058152.4651,1787058152.4693,0.03338,-5.4505,-15.6044,48.9670,-11.7802,-49.7143,7.7381,-5.5427,-16.0071,47.9815,-11.9499,-49.0997,2.3566,-5.5427,-16.0071,47.9815,-11.9499,-49.0997,2.3566,-100,0,0,50,0,0,0
300,1787058152.4985,1787058152.7201,0.0334,-5.4505,-15.5165,48.9670,-11.7802,-49.7143,7.7381,-6.8300,-14.6905,49.4539,-10.7385,-49.0791,6.5136,-6.8300,-14.6905,49.4539,-10.7385,-49.0791,6.5136,0,50,0,0,0,0,1
301,1787058152.7212,1787058152.7263,0.22269,-5.2747,-15.3407,48.9670,-11.8681,-49.6264,7.7381,-6.5820,-14.8636,50.0566,-10.1409,-48.4176,5.1474,-6.5820,-14.8636,50.0566,-10.1409,-48.4176,5.1474,0,0,0,0,0,0,1
302,1787058152.7546,1787058152.7589,0.03334,-5.2747,-15.3407,48.9670,-11.8681,-49.6264,7.7381,-6.7184,-14.9469,49.7437,-9.9246,-48.6519,4.4002,-6.7184,-14.9469,49.7437,-9.9246,-48.6519,4.4002,0,0,0,0,0,0,0
303,1787058152.7879,1787058152.7921,0.03335,-5.5385,-15.1648,49.2308,-11.3407,-49.4505,7.7381,-7.0335,-14.6065,50.5479,-10.2043,-48.7650,3.5657,-7.0335,-14.6065,50.5479,-10.2043,-48.7650,3.5657,-50,50,50,100,0,0,0
304,1787058152.8213,1787058152.8256,0.03341,-5.9780,-14.9890,49.8462,-10.7253,-49.0989,7.7381,-6.7467,-14.5281,51.0463,-10.3173,-47.9732,3.1397,-6.7467,-14.5281,51.0463,-10.3173,-47.9732,3.1397,-150,50,200,300,200,0,0
305,1787058152.8547,1787058152.8589,0.0334,-6.2418,-14.4615,49.8462,-10.7253,-49.0989,7.7381,-7.0059,-15.2252,51.7000,-10.2720,-48.9081,2.9499,-7.0059,-15.2252,51.7000,-10.2720,-48.9081,2.9499,-50,200,0,0,0,0,0
306,1787058152.8881,1787058152.8923,0.03339,-6.2418,-14.4615,50.7253,-10.7253,-49.0110,7.7381,-6.9567,-14.9165,51.1929,-11.0818,-49.0961,2.7352,-6.9567,-14.9165,51.1929,-11.0818,-49.0961,2.7352,0,0,250,0,50,0,0
307,1787058152.9215,1787058152.9257,0.03338,-6.4176,-14.5495,51.1648,-11.0769,-48.9231,7.7381,-6.8021,-14.8174,51.7567,-11.5607,-48.9963,2.7936,-6.8021,-14.8174,51.7567,-11.5607,-48.9963,2.7936,-100,-50,150,-100,0,0,0
308,1787058152.9549,1787058152.959,0.0334,-6.5055,-14.5495,51.1648,-11.0769,-48.8352,7.7381,-6.1953,-14.4862,52.0451,-11.8358,-48.8410,2.7410,-6.1953,-14.4862,52.0451,-11.8358,-48.8410,2.7410,0,0,0,0,50,0,0
309,1787058152.9883,1787058152.9924,0.03338,-6.5055,-14.5495,51.3407,-11.3407,-48.9231,7.7381,-6.7492,-14.1593,51.8721,-12.6636,-48.3396,2.9293,-6.7492,-14.1593,51.8721,-12.6636,-48.3396,2.9293,0,0,50,-50,0,0,0
310,1787058153.0217,1787058153.0259,0.03344,-6.4176,-14.5495,51.6923,-11.6044,-48.9231,7.7381,-6.5637,-15.0508,53.2013,-12.7132,-48.4198,3.0247,-6.5637,-15.0508,53.2013,-12.7132,-48.4198,3.0247,50,0,150,-50,0,0,0
311,1787058153.0551,1787058153.0592,0.03336,-6.4176,-14.5495,51.6923,-11.9560,-48.8352,7.7381,-6.1599,-14.1897,52.4940,-13.7271,-48.6287,3.4454,-6.1599,-14.1897,52.4940,-13.7271,-48.6287,3.4454,0,0,0,-100,50,0,0
312,1787058153.0885,1787058153.0926,0.0334,-6.4176,-14.5495,52.1319,-12.3956,-48.9231,7.7381,-6.5233,-15.1850,53.2027,-14.0328,-48.9802,3.8167,-6.5233,-15.1850,53.2027,-14.0328,-48.9802,3.8167,0,0,100,-200,0,0,0
313,1787058153.1218,1787058153.126,0.03338,-6.4176,-14.6374,52.5714,-12.7473,-48.9231,7.7381,-6.2946,-14.7779,52.9122,-15.2147,-49.0007,4.9660,-6.2946,-14.7779,52.9122,-15.2147,-49.0007,4.9660,0,-50,100,-150,0,0,0
314,1787058153.1553,1787058153.1595,0.03342,-6.4176,-14.6374,52.5714,-13.4505,-48.8352,7.7381,-6.3450,-14.9956,53.7848,-14.7578,-49.0718,7.4470,-6.3450,-14.9956,53.7848,-14.7578,-49.0718,7.4470,0,0,0,-300,50,0,0
315,1787058153.1886,1787058153.1927,0.03335,-6.4176,-14.6374,52.8352,-13.8901,-48.9231,7.7381,-6.2006,-16.1408,54.3307,-15.8171,-48.2266,10.7233,-6.2006,-16.1408,54.3307,-15.8171,-48.2266,10.7233,0,0,100,-100,-50,0,0
316,1787058153.222,1787058153.2261,0.0334,-6.4176,-14.6374,53.1868,-14.4176,-48.9231,8.2011,-6.2085,-15.4593,54.2713,-16.8461,-48.5839,14.5420,-6.2085,-15.4593,54.2713,-16.8461,-48.5839,14.5420,0,0,100,-150,0,100,0
317,1787058153.2554,1787058153.2596,0.0334,-6.4176,-14.9011,53.8022,-14.7692,-48.9231,9.1270,-6.2061,-15.9578,54.4951,-16.0743,-48.0257,18.2981,-6.2061,-15.9578,54.4951,-16.0743,-48.0257,18.2981,0,-50,250,-150,50,400,0
318,1787058153.2889,1787058153.2931,0.03343,-6.5055,-14.9011,53.8901,-15.4725,-48.9231,10.4497,-6.1862,-15.5576,54.8453,-16.1511,-48.2017,21.3905,-6.1862,-15.5576,54.8453,-16.1511,-48.2017,21.3905,-50,0,50,-300,0,550,0
319,1787058153.3223,1787058153.3264,0.0334,-6.5055,-14.9011,54.1538,-15.8242,-48.7473,12.8968,-6.2894,-16.0969,55.0124,-15.5085,-47.7899,23.2746,-6.2894,-16.0969,55.0124,-15.5085,-47.7899,23.2746,0,0,100,-200,0,1150,0
320,1787058153.3556,1787058153.3598,0.03338,-6.5055,-14.9890,54.5055,-15.8242,-48.6593,15.7407,-6.2803,-15.7267,55.0504,-15.3727,-47.6432,23.8159,-6.2803,-15.7267,55.0504,-15.3727,-47.6432,23.8159,0,-50,100,0,50,1250,0
321,1787058153.389,1787058153.3932,0.03338,-6.5934,-14.9890,54.6813,-15.8242,-48.4835,18.3862,-6.0997,-16.0866,55.1212,-15.8443,-47.4373,23.5411,-6.0997,-16.0866,55.1212,-15.8443,-47.4373,23.5411,-50,0,50,0,0,1250,0
322,1787058153.4224,1787058153.4266,0.03337,-6.5934,-14.9890,54.7692,-15.8242,-48.3077,20.5026,-6.2410,-16.1124,56.0594,-15.4973,-48.0977,22.4594,-6.2410,-16.1124,56.0594,-15.4973,-48.0977,22.4594,0,0,50,0,50,800,0
323,1787058153.4558,1787058153.46,0.03343,-6.5934,-14.9890,54.8571,-15.8242,-48.2198,21.4286,-6.4066,-16.0945,55.6537,-15.4160,-48.0913,21.4804,-6.4066,-16.0945,55.6537,-15.4160,-48.0913,21.4804,0,0,50,0,50,550,0
324,1787058153.4892,1787058153.4938,0.03338,-6.5934,-15.1648,55.2088,-15.8242,-48.2198,21.4947,-6.2848,-16.9396,55.9431,-15.9898,-47.9324,20.2862,-6.2848,-16.9396,55.9431,-15.9898,-47.9324,20.2862,0,0,100,0,0,0,0
325,1787058153.5226,1787058153.5271,0.03336,-6.5934,-15.1648,55.3846,-15.8242,-48.2198,21.2963,-6.3816,-16.7474,55.8917,-16.4419,-47.9258,19.1387,-6.3816,-16.7474,55.8917,-16.4419,-47.9258,19.1387,0,0,50,0,0,-100,0
326,1787058153.556,1787058153.5605,0.03342,-6.6813,-15.6044,55.4725,-15.9121,-48.2198,20.8333,-6.6877,-16.9729,56.8357,-16.5756,-47.9737,18.4108,-6.6877,-16.9729,56.8357,-16.5756,-47.9737,18.4108,-50,-150,0,0,0,-150,0
327,1787058153.5894,1787058153.5939,0.03338,-6.6813,-15.6923,55.5604,-16.0879,-48.2198,20.0397,-6.7450,-17.7117,56.3524,-17.0946,-48.3363,17.6508,-6.7450,-17.7117,56.3524,-17.0946,-48.3363,17.6508,0,-50,50,-50,0,-400,0
328,1787058153.6227,1787058153.6273,0.03338,-6.6813,-15.7802,55.9121,-16.4396,-48.2198,19.3122,-7.0035,-17.9998,56.6279,-16.6122,-48.4655,17.4635,-7.0035,-17.9998,56.6279,-16.6122,-48.4655,17.4635,0,-50,100,-100,0,-300,0
329,1787058153.6561,1787058153.6607,0.03341,-6.6813,-16.2198,56.2637,-16.5275,-48.2198,18.6508,-7.6447,-18.3870,57.2168,-17.4471,-48.3475,17.8397,-7.6447,-18.3870,57.2168,-17.4471,-48.3475,17.8397,0,-150,50,-100,0,-300,0
330,1787058153.6895,1787058153.6941,0.03338,-6.7692,-16.4835,56.3516,-16.5275,-48.2198,18.1878,-7.2904,-17.2409,57.5089,-17.3879,-48.4106,18.1879,-7.2904,-17.2409,57.5089,-17.3879,-48.4106,18.1879,0,-100,50,0,0,-200,0
331,1787058153.7229,1787058153.7278,0.03338,-6.7692,-16.6593,56.7912,-16.7912,-48.2198,18.1878,-7.4754,-17.8667,57.2614,-17.8720,-48.9166,18.6011,-7.4754,-17.8667,57.2614,-17.8720,-48.9166,18.6011,0,-50,150,-100,0,0,0
332,1787058153.7563,1787058153.7612,0.03341,-6.8571,-16.6593,57.1429,-17.1429,-48.2198,18.2540,-7.8700,-18.3332,58.7835,-17.7828,-49.1855,18.9900,-7.8700,-18.3332,58.7835,-17.7828,-49.1855,18.9900,-50,0,50,-150,0,50,0
333,1787058153.7898,1787058153.794,0.03345,-6.9451,-16.7473,57.1429,-17.1429,-48.3956,18.2540,-8.4445,-19.9232,58.5208,-17.9560,-49.2816,19.4727,-8.4445,-19.9232,58.5208,-17.9560,-49.2816,19.4727,-50,-50,0,0,-100,0,0
334,1787058153.8231,1787058153.8278,0.03333,-7.1209,-17.0989,57.7582,-17.5824,-48.6593,18.5185,-8.6108,-19.7242,58.8546,-17.8055,-49.6045,19.7994,-8.6108,-19.7242,58.8546,-17.8055,-49.6045,19.7994,-100,-100,200,-100,-100,100,0
335,1787058153.8565,1787058153.8607,0.03342,-7.3846,-17.6264,58.1099,-17.4945,-48.8352,18.9153,-8.7279,-20.0315,59.3941,-18.3183,-50.3274,20.1195,-8.7279,-20.0315,59.3941,-18.3183,-50.3274,20.1195,-100,-100,100,-50,0,200,0
336,1787058153.8898,1787058153.894,0.0333,-7.5604,-17.9780,58.3736,-17.4066,-49.0989,19.2460,-8.9962,-21.3412,59.8917,-17.7258,-49.7058,20.5818,-8.9962,-21.3412,59.8917,-17.7258,-49.7058,20.5818,-50,-200,100,50,-100,150,0
337,1787058153.9232,1787058153.9273,0.0334,-7.7363,-18.1538,58.9890,-17.7582,-49.3626,19.5767,-9.2815,-21.2949,60.1052,-18.2854,-50.4053,21.0326,-9.2815,-21.2949,60.1052,-18.2854,-50.4053,21.0326,-100,-50,250,-150,-50,100,0
338,1787058153.9566,1787058153.9608,0.03341,-8.0000,-18.8571,59.5165,-17.7582,-49.6264,19.9074,-8.9878,-22.8424,61.0051,-18.5652,-50.6183,21.3410,-8.9878,-22.8424,61.0051,-18.5652,-50.6183,21.3410,-50,-250,200,0,-50,200,0
339,1787058153.99,1787058153.9941,0.03337,-8.0879,-19.3846,59.9560,-17.8462,-49.6264,20.3704,-9.3826,-23.1423,61.1990,-18.7480,-50.2187,22.1456,-9.3826,-23.1423,61.1990,-18.7480,-50.2187,22.1456,-50,-200,150,0,0,200,0
340,1787058154.0234,1787058154.0275,0.03338,-8.0879,-20.0000,60.4835,-18.1978,-49.9780,20.7672,-9.5672,-24.1592,62.1764,-18.9707,-50.4347,22.6768,-9.5672,-24.1592,62.1764,-18.9707,-50.4347,22.6768,0,-200,100,-100,-100,150,0
341,1787058154.0568,1787058154.0612,0.03342,-8.1758,-20.7033,61.0989,-18.1978,-50.0659,21.2302,-9.5504,-23.7422,61.9054,-19.1513,-50.1108,22.7955,-9.5504,-23.7422,61.9054,-19.1513,-50.1108,22.7955,0,-200,200,0,0,200,0
342,1787058154.0902,1787058154.0944,0.03336,-8.4396,-21.4066,61.7143,-18.1978,-49.9780,21.8254,-9.8160,-24.0246,61.5984,-18.9147,-50.1418,23.1163,-9.8160,-24.0246,61.5984,-18.9147,-50.1418,23.1163,-50,-200,250,0,0,300,0
343,1787058154.1235,1787058154.1278,0.03338,-8.5275,-21.6703,61.8901,-18.3736,-49.8901,22.0899,-9.5442,-24.5040,61.3753,-19.4413,-50.6230,23.1600,-9.5442,-24.5040,61.3753,-19.4413,-50.6230,23.1600,-50,-100,100,-50,50,150,0
344,1787058154.1569,1787058154.1611,0.03339,-8.6154,-21.8462,61.8901,-18.3736,-49.8901,22.4868,-9.5655,-24.6947,62.5508,-19.8006,-50.5289,23.0776,-9.5655,-24.6947,62.5508,-19.8006,-50.5289,23.0776,-50,-50,0,0,0,150,0
345,1787058154.1903,1787058154.1944,0.03341,-8.6154,-22.1099,61.9780,-18.5495,-50.0659,22.6190,-8.9252,-24.9835,61.8906,-20.2326,-50.6207,23.0633,-8.9252,-24.9835,61.8906,-20.2326,-50.6207,23.0633,0,-150,0,-100,-100,100,0
346,1787058154.2238,1787058154.2279,0.03342,-8.7033,-22.2857,62.2418,-18.9890,-50.3297,22.6190,-9.1129,-24.5997,61.9253,-20.6357,-50.4767,23.0190,-9.1129,-24.5997,61.9253,-20.6357,-50.4767,23.0190,-50,0,0,-100,-100,0,0
347,1787058154.2572,1787058154.2613,0.0334,-8.7912,-22.2857,62.5055,-19.3407,-50.2418,22.6190,-8.7831,-24.4191,61.6722,-20.5413,-51.4453,22.8023,-8.7831,-24.4191,61.6722,-20.5413,-51.4453,22.8023,0,0,100,-150,0,0,0
348,1787058154.2905,1787058154.2947,0.03338,-8.7033,-22.2857,62.5055,-19.6923,-50.2418,22.6190,-8.8036,-24.1854,61.8194,-20.7597,-51.3735,22.3268,-8.8036,-24.1854,61.8194,-20.7597,-51.3735,22.3268,0,0,0,-100,0,0,0
349,1787058154.3239,1787058154.3282,0.0334,-8.7033,-22.2857,62.5055,-19.6923,-50.7692,22.6190,-9.9442,-24.8977,62.3051,-21.1554,-51.9804,22.0424,-9.9442,-24.8977,62.3051,-21.1554,-51.9804,22.0424,0,0,0,0,-150,0,0
350,1787058154.3573,1787058154.5726,0.03335,-8.7033,-22.2857,62.5055,-19.7802,-50.7692,22.5529,-10.2117,-26.9807,65.1539,-21.3422,-50.3284,23.0285,-10.2117,-26.9807,65.1539,-21.3422,-50.3284,23.0285,0,0,0,-50,0,-50,1
351,1787058154.5737,1787058154.5794,0.2164,-9.3187,-22.5495,62.6813,-20.2198,-51.5604,22.2222,-10.9231,-29.1906,65.7718,-20.9799,-50.2159,23.0125,-10.9231,-29.1906,65.7718,-20.9799,-50.2159,23.0125,0,0,0,0,-50,0,1
352,1787058154.607,1787058154.6113,0.03334,-9.4066,-22.5495,62.6813,-20.2198,-51.4725,22.2222,-11.7107,-31.1595,65.9399,-19.9539,-50.5744,22.7379,-11.7107,-31.1595,65.9399,-19.9539,-50.5744,22.7379,0,0,0,0,50,0,0
353,1787058154.6404,1787058154.6445,0.03335,-9.9341,-23.4286,63.6484,-20.2198,-51.2967,22.4868,-12.5919,-34.2715,66.1992,-18.0185,-51.0378,22.7194,-12.5919,-34.2715,66.1992,-18.0185,-51.0378,22.7194,-200,-200,200,0,50,200,0
354,1787058154.6738,1787058154.678,0.03342,-10.6374,-25.6264,65.3187,-19.9560,-50.9451,22.4868,-13.8924,-38.2339,66.2421,-14.4218,-51.8213,22.6167,-13.8924,-38.2339,66.2421,-14.4218,-51.8213,22.6167,-200,-800,650,50,150,0,0
355,1787058154.7072,1787058154.7113,0.03339,-11.5165,-27.9121,66.0220,-19.0769,-51.0330,22.4868,-15.6419,-42.9888,65.0049,-9.5904,-53.2955,22.4461,-15.6419,-42.9888,65.0049,-9.5904,-53.2955,22.4461,-300,-800,200,300,-50,0,0
356,1787058154.7405,1787058154.7447,0.03335,-12.3956,-30.7253,66.1099,-17.4066,-51.3846,22.4868,-17.3248,-47.0189,64.6522,-3.5996,-55.1331,22.1277,-17.3248,-47.0189,64.6522,-3.5996,-55.1331,22.1277,-300,-850,50,550,-100,0,0
357,1787058154.774,1787058154.7781,0.03341,-13.7143,-34.0659,66.1099,-14.8571,-52.1758,22.4868,-18.6622,-50.8178,63.2717,3.7738,-57.4503,21.5204,-18.6622,-50.8178,63.2717,3.7738,-57.4503,21.5204,-400,-1150,0,800,-250,0,0
358,1787058154.8073,1787058154.8115,0.03339,-15.2088,-38.0220,66.1099,-11.3407,-53.3187,22.3545,-19.9359,-54.9123,61.7428,11.9908,-60.4780,20.5153,-19.9359,-54.9123,61.7428,11.9908,-60.4780,20.5153,-500,-1300,0,1150,-350,0,0
359,1787058154.8408,1787058154.8449,0.03343,-16.8791,-41.8901,65.9341,-6.9451,-54.9011,22.0238,-20.9639,-59.1329,61.1203,20.5104,-63.5913,18.9135,-20.9639,-59.1329,61.1203,20.5104,-63.5913,18.9135,-600,-1300,0,1500,-500,-150,0
360,1787058154.8741,1787058154.8782,0.03336,-18.1978,-45.7582,65.2308,-1.8462,-56.9231,21.2963,-21.1619,-62.3645,59.2448,28.0869,-66.8099,16.4321,-21.1619,-62.3645,59.2448,28.0869,-66.8099,16.4321,-450,-1300,-250,1650,-650,-250,0
361,1787058154.9076,1787058154.9119,0.03344,-19.1648,-49.8022,64.6154,4.2198,-59.2088,20.4365,-21.1189,-65.5886,60.7762,34.6142,-69.9083,13.6316,-21.1189,-65.5886,60.7762,34.6142,-69.9083,13.6316,-400,-1400,-200,2000,-850,-350,0
362,1787058154.9409,1787058154.9452,0.03335,-19.8681,-53.8462,63.8242,10.8132,-61.9341,18.7831,-21.2462,-67.6852,60.2185,40.1027,-71.3803,10.4478,-21.2462,-67.6852,60.2185,40.1027,-71.3803,10.4478,-250,-1400,-200,2200,-850,-750,0
363,1787058154.9743,1787058154.9784,0.0334,-20.3077,-57.5385,63.0330,17.3187,-64.7473,16.9974,-20.6730,-70.2458,61.7570,44.7350,-73.8156,7.0086,-20.6730,-70.2458,61.7570,44.7350,-73.8156,7.0086,-150,-1250,-350,2250,-950,-800,0
364,1787058155.0078,1787058155.0119,0.03343,-20.5714,-61.1429,63.0330,24.1758,-67.4725,14.8810,-19.7111,-71.9639,62.5895,48.3645,-75.1943,5.0212,-19.7111,-71.9639,62.5895,48.3645,-75.1943,5.0212,-50,-1200,0,2300,-850,-900,0
365,1787058155.0411,1787058155.0453,0.03338,-20.5714,-64.3077,63.0330,30.6813,-69.7582,12.2354,-19.7706,-73.2133,63.4569,51.1934,-76.4347,4.3435,-19.7706,-73.2133,63.4569,51.1934,-76.4347,4.3435,0,-1000,0,2150,-700,-1200,0
366,1787058155.0746,1787058155.0787,0.03341,-20.3956,-67.0330,63.5604,36.3956,-71.9560,9.4577,-18.9098,-74.9026,65.2114,54.3755,-77.4168,5.7298,-18.9098,-74.9026,65.2114,54.3755,-77.4168,5.7298,100,-900,150,2000,-750,-1300,0
367,1787058155.1079,1787058155.112,0.03338,-19.9560,-69.1429,63.9121,41.6703,-73.7143,7.4735,-17.9512,-77.6747,67.1324,57.9780,-77.4081,7.5913,-17.9512,-77.6747,67.1324,57.9780,-77.4081,7.5913,150,-700,100,1800,-550,-1050,0
368,1787058155.1413,1787058155.1455,0.03337,-19.5165,-71.0769,64.7033,46.2418,-75.0330,6.7460,-18.2678,-79.4730,69.0444,61.3607,-77.6161,9.0806,-18.2678,-79.4730,69.0444,61.3607,-77.6161,9.0806,150,-650,350,1550,-500,-350,0
369,1787058155.1748,1787058155.1789,0.03346,-19.3407,-73.2747,66.1978,50.2857,-75.8242,7.0106,-17.3820,-82.2328,71.7100,63.4705,-78.6772,9.3631,-17.3820,-82.2328,71.7100,63.4705,-78.6772,9.3631,50,-750,450,1350,-250,200,0
370,1787058155.2081,1787058155.2123,0.03336,-18.9011,-75.5604,67.8681,54.3297,-76.4396,7.9365,-17.0152,-85.4031,74.3111,65.0571,-79.5253,9.4736,-17.0152,-85.4031,74.3111,65.0571,-79.5253,9.4736,150,-750,600,1400,-200,450,0
371,1787058155.2415,1787058155.2457,0.0334,-18.4615,-77.8462,69.8022,57.8462,-77.4066,8.5317,-16.5087,-86.9215,76.3323,65.8683,-79.6023,9.3310,-16.5087,-86.9215,76.3323,65.8683,-79.6023,9.3310,100,-750,650,1150,-250,300,0
372,1787058155.2749,1787058155.2791,0.03338,-17.8462,-80.3956,72.0000,60.5714,-78.1978,8.7963,-15.5824,-89.4734,78.9378,66.2262,-80.2473,9.1570,-15.5824,-89.4734,78.9378,66.2262,-80.2473,9.1570,250,-850,750,900,-300,100,0
373,1787058155.3083,1787058155.3125,0.03342,-17.1429,-82.8571,74.2857,62.7692,-78.8132,8.8624,-15.3792,-91.6412,80.9683,66.7936,-80.8634,9.1775,-15.3792,-91.6412,80.9683,66.7936,-80.8634,9.1775,250,-900,750,800,-200,0,0
374,1787058155.3417,1787058155.3458,0.03336,-16.7033,-85.3187,76.4835,64.0000,-79.3407,8.8624,-14.5889,-93.7880,82.9196,66.8634,-81.5869,9.0189,-14.5889,-93.7880,82.9196,66.8634,-81.5869,9.0189,150,-800,750,450,-150,0,0
375,1787058155.3751,1787058155.3792,0.03341,-16.3516,-87.7802,78.7692,65.0549,-79.9560,8.8624,-14.0815,-94.2460,83.9680,67.0891,-81.2641,9.0044,-14.0815,-94.2460,83.9680,67.0891,-81.2641,9.0044,100,-800,750,350,-200,0,0
376,1787058155.4085,1787058155.4126,0.03337,-15.7363,-89.9780,80.8791,65.7582,-80.4835,8.8624,-13.5787,-95.8411,85.8168,67.9433,-80.9840,8.9654,-13.5787,-95.8411,85.8168,67.9433,-80.9840,8.9654,150,-750,750,250,-200,0,0
377,1787058155.4419,1787058155.4461,0.03345,-14.9451,-91.7363,82.5495,66.2857,-80.6593,8.8624,-13.3097,-97.0849,87.6653,67.5537,-80.2127,8.8211,-13.3097,-97.0849,87.6653,67.5537,-80.2127,8.8211,250,-550,550,200,-100,0,0
378,1787058155.4753,1787058155.4794,0.03336,-14.3297,-93.0549,84.0440,66.9011,-80.6593,8.8624,-12.7150,-98.3033,89.1644,67.4446,-79.7406,8.6521,-12.7150,-98.3033,89.1644,67.4446,-79.7406,8.6521,200,-500,450,200,0,0,0
379,1787058155.5087,1787058155.5129,0.0334,-14.0659,-94.9011,85.8901,66.9011,-80.6593,8.8624,-12.1062,-99.3321,90.6113,67.2922,-78.5993,8.1872,-12.1062,-99.3321,90.6113,67.2922,-78.5993,8.1872,100,-650,650,50,0,0,0
380,1787058155.5421,1787058155.5464,0.0334,-13.8022,-96.4835,87.8242,66.9011,-80.3956,8.8624,-11.9655,-100.6598,91.7729,66.7508,-78.2783,7.5418,-11.9655,-100.6598,91.7729,66.7508,-78.2783,7.5418,50,-500,650,0,0,0,0
381,1787058155.5754,1787058155.5796,0.03337,-13.0989,-97.4505,89.3187,66.9011,-79.9560,8.7963,-11.1310,-100.7179,91.9044,67.5809,-78.2657,6.5883,-11.1310,-100.7179,91.9044,67.5809,-78.2657,6.5883,250,-250,550,0,200,-50,0
382,1787058155.6089,1787058155.613,0.03343,-12.4835,-98.3297,90.8132,66.9011,-79.4286,8.2672,-10.6280,-100.7422,92.0289,69.8108,-78.1676,5.6008,-10.6280,-100.7422,92.0289,69.8108,-78.1676,5.6008,150,-250,500,0,150,-150,0
383,1787058155.6423,1787058155.6464,0.03338,-12.3077,-99.2088,91.6044,67.0769,-79.0769,7.4735,-9.9343,-101.3851,91.6991,71.3733,-77.8825,5.1448,-9.9343,-101.3851,91.6991,71.3733,-77.8825,5.1448,100,-350,200,50,100,-400,0
384,1787058155.6757,1787058155.6799,0.0334,-11.6923,-99.9121,91.6923,68.0440,-78.8132,6.4815,-9.2026,-100.9024,91.7202,73.6362,-77.7216,4.8393,-9.2026,-100.9024,91.7202,73.6362,-77.7216,4.8393,200,-250,50,350,150,-550,0
385,1787058155.709,1787058155.7131,0.03338,-10.7253,-100.7033,91.6923,69.6264,-78.8132,6.0185,-8.6507,-100.5286,92.1927,75.2500,-78.3327,4.7436,-8.6507,-100.5286,92.1927,75.2500,-78.3327,4.7436,350,-350,0,500,0,-150,0
386,1787058155.7425,1787058155.7466,0.03342,-10.1099,-100.6154,91.6923,71.1209,-78.5495,5.5556,-7.9414,-99.9725,92.5597,76.6725,-78.2262,4.4377,-7.9414,-99.9725,92.5597,76.6725,-78.2262,4.4377,200,50,0,500,100,-250,0
387,1787058155.7758,1787058155.78,0.03337,-9.9341,-100.6154,92.1319,72.8791,-78.5495,5.2910,-6.8403,-100.3960,92.7392,77.7703,-77.5881,4.2756,-6.8403,-100.3960,92.7392,77.7703,-77.5881,4.2756,100,0,100,600,0,-150,0
388,1787058155.8092,1787058155.8133,0.03338,-9.2308,-100.6154,92.6593,74.4615,-78.3736,4.9603,-5.9953,-100.0508,93.4172,78.4154,-76.1345,3.7472,-5.9953,-100.0508,93.4172,78.4154,-76.1345,3.7472,250,0,250,500,100,-150,0
389,1787058155.8426,1787058155.8468,0.03342,-8.1758,-100.4396,92.9231,75.8681,-78.4615,4.6296,-5.2876,-99.9345,94.3092,78.5507,-74.8785,3.6004,-5.2876,-99.9345,94.3092,78.5507,-74.8785,3.6004,300,50,50,500,-50,-100,0
390,1787058155.876,1787058155.8801,0.03336,-7.2088,-100.4396,93.3626,76.7473,-77.7582,4.2328,-4.3882,-100.4009,94.4428,78.6484,-73.0776,3.5516,-4.3882,-100.4009,94.4428,78.6484,-73.0776,3.5516,350,0,100,300,150,-200,0
391,1787058155.9094,1787058155.9135,0.03343,-6.4176,-100.5275,94.1538,77.3626,-76.7033,4.0344,-3.7065,-100.4470,95.0759,78.5380,-71.9397,3.2090,-3.7065,-100.4470,95.0759,78.5380,-71.9397,3.2090,250,0,250,200,350,-50,0
392,1787058155.9428,1787058155.9474,0.03342,-5.8022,-100.5275,94.5934,77.8022,-75.4725,3.8360,-3.2167,-100.3086,95.5323,78.2187,-70.4686,3.0351,-3.2167,-100.3086,95.5323,78.2187,-70.4686,3.0351,200,0,150,150,450,-100,0
393,1787058155.9762,1787058155.9808,0.03338,-5.1868,-100.4396,94.8571,77.9780,-74.0659,3.6376,-2.6275,-99.9602,96.8315,77.9446,-69.6314,2.9458,-2.6275,-99.9602,96.8315,77.9446,-69.6314,2.9458,250,50,100,50,450,-100,0
394,1787058156.0096,1787058156.0141,0.03337,-4.3077,-100.3516,95.2088,77.9780,-72.9231,3.3730,-2.1316,-100.4951,96.8967,77.6362,-69.3879,2.9432,-2.1316,-100.4951,96.8967,77.6362,-69.3879,2.9432,300,0,100,0,300,-100,0
395,1787058156.0429,1787058156.0475,0.03336,-3.6044,-100.2637,95.5604,77.9780,-71.7802,3.3069,-1.5407,-100.3435,97.9509,77.5259,-69.6988,2.7847,-1.5407,-100.3435,97.9509,77.5259,-69.6988,2.7847,250,50,150,0,400,-50,0
396,1787058156.0763,1787058156.0809,0.03339,-2.9890,-100.2637,95.9121,77.9780,-70.9011,3.3069,-1.2735,-100.9277,98.7874,77.0149,-69.3700,3.2329,-1.2735,-100.9277,98.7874,77.0149,-69.3700,3.2329,200,0,100,0,300,0,0
397,1787058156.1098,1787058156.1144,0.03346,-2.5495,-100.2637,96.5275,77.9780,-70.6374,3.2407,-0.6534,-100.8441,99.0453,77.4119,-69.2870,2.9035,-0.6534,-100.8441,99.0453,77.4119,-69.2870,2.9035,200,0,200,0,50,-50,0
398,1787058156.1431,1787058156.1475,0.03333,-2.1099,-100.4396,96.9670,77.8022,-70.2857,3.2407,-0.7698,-100.2949,99.9542,76.6910,-69.4696,3.0985,-0.7698,-100.2949,99.9542,76.6910,-69.4696,3.0985,100,0,150,-50,150,0,0
399,1787058156.1765,1787058156.1811,0.03343,-1.8462,-100.4396,97.0549,77.8022,-70.0220,3.1746,0.0096,-100.9872,100.2033,76.9847,-69.4300,3.2579,0.0096,-100.9872,100.2033,76.9847,-69.4300,3.2579,100,0,0,0,100,0,0
400,1787058156.2099,1787058156.4307,0.03339,-1.4945,-100.1758,97.0549,77.6264,-70.0220,3.1746,-2.2348,-99.3696,97.1341,78.0592,-70.0177,2.8456,-2.2348,-99.3696,97.1341,78.0592,-70.0177,2.8456,150,50,0,-100,0,0,1
401,1787058156.4319,1787058156.4373,0.22191,-0.4396,-100.6154,97.1429,77.5385,-69.8462,3.1746,-2.0477,-99.6150,97.5127,77.9084,-69.9312,2.9894,-2.0477,-99.6150,97.5127,77.9084,-69.9312,2.9894,50,0,0,0,0,0,1
402,1787058156.4651,1787058156.4699,0.03325,-0.2637,-100.6154,97.1429,77.5385,-69.9341,3.1746,-1.6242,-100.0867,98.0030,78.4567,-70.4345,2.9882,-1.6242,-100.0867,98.0030,78.4567,-70.4345,2.9882,50,0,0,0,-50,0,0
403,1787058156.4985,1787058156.5028,0.03338,-0.6154,-100.5275,97.0549,77.6264,-70.0220,3.1746,-2.2287,-99.7182,97.2341,78.4383,-70.5686,3.0957,-2.2287,-99.7182,97.2341,78.4383,-70.5686,3.0957,0,0,-50,0,-50,0,0
404,1787058156.5319,1787058156.5361,0.0334,-1.5824,-100.3516,97.0549,78.0659,-70.0220,3.1746,-2.0375,-99.8825,97.1347,78.7229,-70.5684,2.9979,-2.0375,-99.8825,97.1347,78.7229,-70.5684,2.9979,-400,50,0,150,0,0,0
405,1787058156.5652,1787058156.5694,0.03334,-1.5824,-100.3516,96.9670,78.1538,-70.1099,3.1746,-1.5934,-99.8464,97.2285,78.2462,-70.1412,3.0712,-1.5934,-99.8464,97.2285,78.2462,-70.1412,3.0712,0,0,-50,50,-50,0,0
406,1787058156.5986,1787058156.6028,0.03338,-1.4066,-100.3516,96.9670,78.2418,-70.3736,3.1746,-1.7576,-100.1546,98.2619,78.4847,-70.4477,2.9945,-1.7576,-100.1546,98.2619,78.4847,-70.4477,2.9945,100,0,0,50,-50,0,0
407,1787058156.632,1787058156.6361,0.03342,-1.6703,-100.3516,96.9670,78.2418,-70.2857,3.1746,-1.9216,-100.4367,97.3180,78.4090,-70.3578,2.8657,-1.9216,-100.4367,97.3180,78.4090,-70.3578,2.8657,-100,0,0,0,0,0,0
408,1787058156.6654,1787058156.6696,0.03336,-1.8462,-100.3516,97.0549,78.2418,-70.1978,3.1746,-1.5740,-99.8377,97.3683,78.8170,-70.3647,2.9992,-1.5740,-99.8377,97.3683,78.8170,-70.3647,2.9992,-50,0,0,0,0,0,0
409,1787058156.6988,1787058156.703,0.03343,-1.8462,-100.3516,97.0549,78.2418,-70.1978,3.1746,-1.8574,-99.8343,98.0726,78.6510,-70.4182,2.8417,-1.8574,-99.8343,98.0726,78.6510,-70.4182,2.8417,0,0,0,0,0,0,0
410,1787058156.7322,1787058156.7363,0.03335,-1.8462,-100.3516,96.9670,78.2418,-70.3736,3.1746,-1.7362,-99.5058,97.4283,79.0236,-70.4124,2.6898,-1.7362,-99.5058,97.4283,79.0236,-70.4124,2.6898,0,0,-50,0,-50,0,0
411,1787058156.7655,1787058156.7698,0.03337,-1.7582,-100.3516,96.9670,78.3297,-70.3736,3.1746,-1.7122,-100.0014,97.6794,78.5224,-70.4533,2.8178,-1.7122,-100.0014,97.6794,78.5224,-70.4533,2.8178,50,0,0,0,0,0,0
412,1787058156.799,1787058156.8031,0.03342,-1.7582,-100.3516,96.9670,78.3297,-70.3736,3.0423,-1.8786,-100.2558,97.9984,78.7850,-69.8857,2.9034,-1.8786,-100.2558,97.9984,78.7850,-69.8857,2.9034,0,0,0,0,0,-50,0
413,1787058156.8323,1787058156.8364,0.03336,-1.7582,-100.3516,97.0549,78.3297,-70.3736,3.0423,-1.8315,-100.2839,97.6272,78.6128,-70.5211,2.7867,-1.8315,-100.2839,97.6272,78.6128,-70.5211,2.7867,0,0,50,0,0,0,0
414,1787058156.8657,1787058156.8699,0.03337,-1.7582,-100.3516,97.0549,78.3297,-70.3736,3.0423,-1.7533,-100.1745,97.6797,78.7312,-70.2557,2.8152,-1.7533,-100.1745,97.6797,78.7312,-70.2557,2.8152,0,0,0,0,0,0,0
415,1787058156.8991,1787058156.9032,0.03337,-1.7582,-100.3516,97.0549,78.3297,-70.3736,2.9762,-1.8014,-100.4163,96.9647,78.6881,-69.9566,2.8270,-1.8014,-100.4163,96.9647,78.6881,-69.9566,2.8270,0,0,0,0,0,-50,0
416,1787058156.9325,1787058156.9366,0.03344,-1.7582,-100.3516,97.0549,78.3297,-70.3736,2.9762,-1.7983,-100.0038,97.0553,78.1886,-70.4407,2.8887,-1.7983,-100.0038,97.0553,78.1886,-70.4407,2.8887,0,0,0,0,0,0,0
417,1787058156.9659,1787058156.97,0.03336,-1.7582,-100.3516,97.0549,78.3297,-70.3736,2.9762,-1.2931,-99.8456,96.9302,78.6243,-70.6558,2.7830,-1.2931,-99.8456,96.9302,78.6243,-70.6558,2.7830,0,0,0,0,0,0,0
418,1787058156.9992,1787058157.0034,0.03337,-1.7582,-100.3516,96.9670,78.3297,-70.3736,2.9762,-1.7380,-99.8686,97.0649,78.7605,-70.3068,2.8184,-1.7380,-99.8686,97.0649,78.7605,-70.3068,2.8184,0,0,0,0,0,0,0
419,1787058157.0326,1787058157.037,0.03338,-1.7582,-100.3516,96.9670,78.3297,-70.3736,2.9762,-1.6264,-100.0636,96.7812,78.9100,-70.2596,2.8729,-1.6264,-100.0636,96.7812,78.9100,-70.2596,2.8729,0,0,0,0,0,0,0
420,1787058157.066,1787058157.0702,0.03343,-1.7582,-100.3516,96.9670,78.3297,-70.3736,2.9762,-1.7694,-99.7610,96.7332,78.8987,-70.4612,2.7834,-1.7694,-99.7610,96.7332,78.8987,-70.4612,2.7834,0,0,0,0,0,0,0
421,1787058157.0994,1787058157.1035,0.03335,-1.7582,-100.3516,96.9670,78.3297,-70.3736,2.9762,-1.5572,-99.8938,97.0783,78.2624,-70.5181,2.8182,-1.5572,-99.8938,97.0783,78.2624,-70.5181,2.8182,0,0,0,0,0,0,0
422,1787058157.1328,1787058157.137,0.03343,-1.7582,-100.3516,96.9670,78.4176,-70.3736,2.9762,-1.5176,-99.8023,96.5145,78.5988,-70.8517,3.0034,-1.5176,-99.8023,96.5145,78.5988,-70.8517,3.0034,0,0,0,50,0,0,0
423,1787058157.1662,1787058157.1703,0.03337,-1.7582,-100.3516,96.9670,78.4176,-70.3736,2.9762,-1.7931,-100.6135,96.8901,78.8226,-70.4084,2.9467,-1.7931,-100.6135,96.8901,78.8226,-70.4084,2.9467,0,0,0,0,0,0,0
424,1787058157.1995,1787058157.2036,0.03333,-1.7582,-100.4396,96.9670,78.5055,-70.3736,2.9762,-1.8967,-100.7625,97.2605,79.0160,-70.2802,2.8881,-1.8967,-100.7625,97.2605,79.0160,-70.2802,2.8881,0,-50,0,50,0,0,0
425,1787058157.233,1787058157.2372,0.03345,-1.7582,-100.4396,96.9670,78.5055,-70.3736,2.9762,-1.7158,-100.0535,97.0664,78.7397,-71.0271,2.8901,-1.7158,-100.0535,97.0664,78.7397,-71.0271,2.8901,0,0,0,0,0,0,0
426,1787058157.2663,1787058157.2705,0.03338,-1.7582,-100.4396,96.9670,78.5055,-70.3736,2.9762,-1.9708,-99.9520,97.1617,79.0629,-70.8547,2.9020,-1.9708,-99.9520,97.1617,79.0629,-70.8547,2.9020,0,0,0,0,0,0,0
427,1787058157.2997,1787058157.3039,0.03335,-1.7582,-100.4396,96.9670,78.5055,-70.4615,2.9762,-1.6165,-99.7774,96.6218,78.7142,-70.5644,2.8689,-1.6165,-99.7774,96.6218,78.7142,-70.5644,2.8689,0,0,0,0,-50,0,0
428,1787058157.3331,1787058157.3372,0.03338,-1.7582,-100.4396,96.9670,78.5934,-70.5495,2.9762,-1.3921,-100.3315,97.5227,78.8753,-70.7181,2.8722,-1.3921,-100.3315,97.5227,78.8753,-70.7181,2.8722,0,0,0,0,0,0,0
429,1787058157.3665,1787058157.3707,0.03344,-1.7582,-100.4396,96.9670,78.5934,-70.5495,2.9762,-1.7596,-100.1494,97.2299,78.5464,-70.4004,2.9344,-1.7596,-100.1494,97.2299,78.5464,-70.4004,2.9344,0,0,0,0,0,0,0
430,1787058157.3999,1787058157.404,0.03336,-1.7582,-100.5275,96.9670,78.6813,-70.5495,2.9762,-1.3635,-99.9916,96.7378,79.1792,-70.3864,2.9939,-1.3635,-99.9916,96.7378,79.1792,-70.3864,2.9939,0,-50,0,0,0,0,0
431,1787058157.4332,1787058157.4374,0.03337,-1.7582,-100.5275,96.9670,78.6813,-70.5495,2.9762,-1.5033,-100.0159,96.9609,78.6165,-70.3681,2.8621,-1.5033,-100.0159,96.9609,78.6165,-70.3681,2.8621,0,0,0,0,0,0,0
432,1787058157.4666,1787058157.4709,0.0334,-1.7582,-100.5275,96.9670,78.6813,-70.5495,2.9762,-1.3308,-100.4108,97.0162,78.8447,-70.7571,2.8271,-1.3308,-100.4108,97.0162,78.8447,-70.7571,2.8271,0,0,0,0,0,0,0
433,1787058157.5,1787058157.5042,0.03335,-1.7582,-100.5275,96.9670,78.6813,-70.5495,2.9762,-1.7472,-100.2320,96.9100,78.8918,-70.2851,2.8882,-1.7472,-100.2320,96.9100,78.8918,-70.2851,2.8882,0,0,0,0,0,0,0
434,1787058157.5334,1787058157.5375,0.0334,-1.7582,-100.5275,96.9670,78.6813,-70.5495,2.9762,-1.4965,-100.5699,97.5544,78.5712,-70.6233,2.9313,-1.4965,-100.5699,97.5544,78.5712,-70.6233,2.9313,0,0,0,0,0,0,0
435,1787058157.5668,1787058157.571,0.03343,-1.7582,-100.5275,96.9670,78.6813,-70.5495,2.9762,-1.5187,-100.1423,96.7174,78.9206,-71.0106,2.9032,-1.5187,-100.1423,96.7174,78.9206,-71.0106,2.9032,0,0,0,0,0,0,0
436,1787058157.6002,1787058157.6042,0.03332,-1.7582,-100.5275,96.9670,78.6813,-70.5495,2.9762,-2.0270,-100.1264,97.3475,78.5156,-70.6964,2.8912,-2.0270,-100.1264,97.3475,78.5156,-70.6964,2.8912,0,0,0,0,0,0,0
437,1787058157.6336,1787058157.6379,0.0334,-1.7582,-100.5275,96.9670,78.6813,-70.5495,2.9762,-1.8280,-99.7978,97.4957,78.6637,-70.5330,2.9782,-1.8280,-99.7978,97.4957,78.6637,-70.5330,2.9782,0,0,0,0,0,0,0
438,1787058157.667,1787058157.6713,0.03343,-1.7582,-100.5275,96.9670,78.6813,-70.5495,2.9762,-1.5636,-100.1415,96.9229,78.3958,-70.2407,2.9914,-1.5636,-100.1415,96.9229,78.3958,-70.2407,2.9914,0,0,0,0,0,0,0
439,1787058157.7003,1787058157.7045,0.03336,-1.7582,-100.5275,96.9670,78.6813,-70.5495,2.9762,-1.4746,-99.2503,96.8256,79.0432,-70.3892,2.8244,-1.4746,-99.2503,96.8256,79.0432,-70.3892,2.8244,0,0,0,0,0,0,0
440,1787058157.7337,1787058157.7379,0.03338,-1.7582,-100.5275,96.9670,78.6813,-70.5495,2.9762,-1.5465,-99.6606,96.7642,78.7546,-70.7415,2.8825,-1.5465,-99.6606,96.7642,78.7546,-70.7415,2.8825,0,0,0,0,0,0,0
441,1787058157.7672,1787058157.7721,0.03346,-1.7582,-100.5275,96.9670,78.6813,-70.5495,2.9762,-1.8949,-99.8627,96.5892,79.1788,-70.5699,2.9495,-1.8949,-99.8627,96.5892,79.1788,-70.5699,2.9495,0,0,0,0,0,0,0
442,1787058157.8005,1787058157.8051,0.03334,-1.7582,-100.4396,96.9670,78.6813,-70.5495,2.9762,-1.5501,-100.1245,96.8051,78.3796,-70.4004,2.8801,-1.5501,-100.1245,96.8051,78.3796,-70.4004,2.8801,0,50,0,0,0,0,0
443,1787058157.8339,1787058157.8385,0.03337,-1.7582,-100.4396,96.9670,78.6813,-70.5495,2.9762,-1.7412,-99.1601,96.5371,78.4974,-70.5968,2.7986,-1.7412,-99.1601,96.5371,78.4974,-70.5968,2.7986,0,0,0,0,0,0,0
444,1787058157.8673,1787058157.872,0.03338,-1.7582,-100.4396,96.9670,78.6813,-70.5495,2.9762,-1.7393,-100.3444,96.6852,79.1414,-70.3353,2.8490,-1.7393,-100.3444,96.6852,79.1414,-70.3353,2.8490,0,0,0,0,0,0,0
445,1787058157.9007,1787058157.9048,0.03338,-1.7582,-100.3516,96.9670,78.6813,-70.5495,2.9762,-1.5920,-99.7875,96.4238,78.7393,-70.0372,2.9026,-1.5920,-99.7875,96.4238,78.7393,-70.0372,2.9026,0,100,0,0,0,0,0
446,1787058157.934,1787058157.9381,0.03339,-1.7582,-100.2637,96.9670,78.6813,-70.5495,2.9762,-1.7417,-100.1530,96.5729,78.6193,-69.9877,2.9002,-1.7417,-100.1530,96.5729,78.6193,-69.9877,2.9002,0,0,0,0,0,0,0
447,1787058157.9674,1787058157.9716,0.03338,-1.7582,-100.1758,96.8791,78.6813,-70.6374,2.9762,-1.8496,-100.1244,96.8951,78.5164,-70.7203,2.9707,-1.8496,-100.1244,96.8951,78.5164,-70.7203,2.9707,0,50,0,0,-50,0,0
448,1787058158.0009,1787058158.005,0.03343,-1.7582,-100.1758,96.8791,78.6813,-70.5495,2.9762,-1.8557,-99.4571,96.9550,79.1449,-70.3595,2.9179,-1.8557,-99.4571,96.9550,79.1449,-70.3595,2.9179,0,0,0,0,0,0,0
449,1787058158.0342,1787058158.0383,0.03334,-1.7582,-100.1758,96.8791,78.6813,-70.6374,2.9762,-1.6957,-100.0586,97.1177,78.8261,-70.4771,2.9490,-1.6957,-100.0586,97.1177,78.8261,-70.4771,2.9490,0,0,0,0,-50,0,0
450,1787058158.0676,1787058158.284,0.03338,-1.7582,-100.1758,96.8791,78.6813,-70.6374,2.9762,-1.5134,-99.5198,97.5415,78.8790,-72.1637,2.6175,-1.5134,-99.5198,97.5415,78.8790,-72.1637,2.6175,0,0,0,0,0,0,1
451,1787058158.2851,1787058158.2898,0.21753,-1.7582,-100.1758,96.8791,78.6813,-70.6374,2.9762,-1.6576,-100.9413,96.8041,78.3860,-71.5616,2.5866,-1.6576,-100.9413,96.8041,78.3860,-71.5616,2.5866,0,0,0,0,0,0,1
452,1787058158.3184,1787058158.3227,0.03331,-1.7582,-100.1758,96.8791,78.6813,-70.6374,2.9762,-1.8726,-100.4330,97.1410,78.2850,-71.6883,2.4323,-1.8726,-100.4330,97.1410,78.2850,-71.6883,2.4323,0,0,0,0,0,0,0
453,1787058158.3518,1787058158.356,0.03337,-1.7582,-100.1758,96.8791,78.6813,-70.8132,2.9101,-1.8621,-100.7276,97.4570,78.8070,-71.6623,2.4022,-1.8621,-100.7276,97.4570,78.8070,-71.6623,2.4022,0,0,0,0,-150,0,0
454,1787058158.3852,1787058158.3894,0.0334,-1.7582,-100.1758,96.8791,78.6813,-71.1648,2.8439,-1.5455,-100.5749,97.8596,78.2451,-71.3346,2.2848,-1.5455,-100.5749,97.8596,78.2451,-71.3346,2.2848,0,0,0,0,-100,-50,0
455,1787058158.4186,1787058158.4227,0.03339,-1.7582,-100.1758,96.8791,78.6813,-71.2527,2.7778,-1.3881,-100.0955,97.6956,78.3417,-71.9153,2.4885,-1.3881,-100.0955,97.6956,78.3417,-71.9153,2.4885,0,0,0,0,-50,0,0
456,1787058158.4519,1787058158.4562,0.03336,-1.7582,-100.0879,96.8791,78.6813,-71.2527,2.7116,-2.0646,-100.8390,96.9866,78.1758,-71.3465,2.4541,-2.0646,-100.8390,96.9866,78.1758,-71.3465,2.4541,0,50,0,0,0,0,0
457,1787058158.4853,1787058158.4896,0.03341,-1.7582,-100.0879,96.8791,78.6813,-71.4286,2.7116,-2.0061,-100.1836,97.2052,78.7088,-71.7541,2.5852,-2.0061,-100.1836,97.2052,78.7088,-71.7541,2.5852,0,0,0,0,-50,0,0
458,1787058158.5187,1787058158.523,0.03339,-1.7582,-100.1758,96.8791,78.6813,-71.4286,2.7116,-1.6572,-100.6136,97.6429,78.5120,-71.6986,2.6155,-1.6572,-100.6136,97.6429,78.5120,-71.6986,2.6155,0,-50,0,0,0,0,0
459,1787058158.552,1787058158.5562,0.03333,-1.7582,-100.1758,96.8791,78.6813,-71.4286,2.7116,-1.7928,-99.4090,96.6728,78.9160,-72.2072,2.5717,-1.7928,-99.4090,96.6728,78.9160,-72.2072,2.5717,0,0,0,0,0,0,0
460,1787058158.5855,1787058158.5896,0.03341,-1.7582,-100.1758,96.8791,78.6813,-71.4286,2.7116,-1.7926,-100.6247,97.6137,77.8562,-71.8041,2.4688,-1.7926,-100.6247,97.6137,77.8562,-71.8041,2.4688,0,0,0,0,0,0,0
461,1787058158.6189,1787058158.6231,0.0334,-1.7582,-100.1758,96.8791,78.6813,-71.6044,2.7116,-2.3533,-99.2299,97.0145,78.4974,-71.7486,2.4374,-2.3533,-99.2299,97.0145,78.4974,-71.7486,2.4374,0,0,0,0,-50,0,0
462,1787058158.6522,1787058158.6564,0.03334,-1.7582,-100.0879,96.8791,78.5934,-71.6044,2.7116,-1.9580,-100.3440,97.0336,77.6425,-71.3290,2.8645,-1.9580,-100.3440,97.0336,77.6425,-71.3290,2.8645,0,50,0,-50,0,0,0
463,1787058158.6856,1787058158.6898,0.0334,-1.7582,-100.1758,96.8791,78.5055,-71.6044,2.7116,-1.9773,-100.3068,97.7906,79.0551,-71.7563,2.5809,-1.9773,-100.3068,97.7906,79.0551,-71.7563,2.5809,0,-50,0,-50,0,0,0
464,1787058158.719,1787058158.7232,0.0334,-1.7582,-100.1758,96.8791,78.4176,-71.6044,2.7116,-1.9138,-100.1453,98.1769,78.8801,-71.8089,2.5550,-1.9138,-100.1453,98.1769,78.8801,-71.8089,2.5550,0,0,0,0,0,0,0
465,1787058158.7524,1787058158.7565,0.03335,-1.7582,-100.1758,96.9670,78.4176,-71.6044,2.7116,-1.8539,-100.1579,97.9419,78.5351,-71.4644,2.6136,-1.8539,-100.1579,97.9419,78.5351,-71.4644,2.6136,0,0,0,0,0,0,0
466,1787058158.7858,1787058158.79,0.03344,-1.7582,-100.2637,97.0549,78.6813,-71.6044,2.7116,-1.7526,-99.9360,98.1329,78.2057,-71.8203,2.4956,-1.7526,-99.9360,98.1329,78.2057,-71.8203,2.4956,0,0,50,0,0,0,0
467,1787058158.8191,1787058158.8232,0.03333,-1.7582,-100.2637,97.0549,78.6813,-71.6044,2.7116,-1.8146,-100.0944,97.4928,78.1911,-71.3153,2.5012,-1.8146,-100.0944,97.4928,78.1911,-71.3153,2.5012,0,0,0,0,0,0,0
468,1787058158.8525,1787058158.8568,0.03342,-1.7582,-100.2637,97.0549,78.6813,-71.6044,2.7116,-2.0245,-100.5623,97.6677,78.2967,-71.6523,2.5731,-2.0245,-100.5623,97.6677,78.2967,-71.6523,2.5731,0,0,0,0,0,0,0
469,1787058158.8859,1787058158.8901,0.03337,-1.7582,-100.2637,97.0549,78.6813,-71.6044,2.7116,-2.0120,-99.7621,97.0010,78.9389,-72.1118,2.5331,-2.0120,-99.7621,97.0010,78.9389,-72.1118,2.5331,0,0,0,0,0,0,0
470,1787058158.9193,1787058158.9235,0.03337,-1.7582,-100.2637,97.0549,78.6813,-71.6044,2.7116,-1.9352,-98.9391,98.4566,78.7212,-71.9433,2.7394,-1.9352,-98.9391,98.4566,78.7212,-71.9433,2.7394,0,0,0,0,0,0,0
471,1787058158.9527,1787058158.9571,0.0334,-1.7582,-100.2637,97.0549,78.6813,-71.6044,2.7116,-2.0404,-100.1062,97.6976,78.5103,-71.3865,2.7004,-2.0404,-100.1062,97.6976,78.5103,-71.3865,2.7004,0,0,0,0,0,0,0
472,1787058158.986,1787058158.9901,0.03332,-1.7582,-100.1758,97.1429,78.6813,-71.6044,2.7116,-2.0017,-99.6291,97.1753,78.4059,-71.1008,2.6209,-2.0017,-99.6291,97.1753,78.4059,-71.1008,2.6209,0,50,50,0,0,0,0
473,1787058159.0194,1787058159.024,0.03341,-1.7582,-100.0879,97.1429,78.6813,-71.6044,2.7116,-2.0143,-99.7004,97.8911,79.1713,-70.7220,2.5338,-2.0143,-99.7004,97.8911,79.1713,-70.7220,2.5338,0,50,0,0,0,0,0
474,1787058159.0528,1787058159.0572,0.03337,-1.7582,-100.0879,96.9670,78.6813,-71.5165,2.7116,-1.9897,-100.3677,97.8378,78.5025,-71.0714,2.5829,-1.9897,-100.3677,97.8378,78.5025,-71.0714,2.5829,0,0,-50,0,50,0,0
475,1787058159.0862,1787058159.0904,0.03341,-1.7582,-100.0879,96.9670,78.6813,-71.3407,2.7116,-1.7827,-99.9378,97.2995,79.0954,-71.8670,2.6682,-1.7827,-99.9378,97.2995,79.0954,-71.8670,2.6682,0,0,0,0,0,0,0
476,1787058159.1195,1787058159.1237,0.03335,-1.7582,-100.0879,96.9670,78.6813,-71.4286,2.7116,-2.0548,-100.0473,96.9009,78.6701,-71.3810,2.4385,-2.0548,-100.0473,96.9009,78.6701,-71.3810,2.4385,0,0,0,0,-50,0,0
477,1787058159.153,1787058159.1571,0.03341,-1.7582,-100.0879,96.9670,78.6813,-71.4286,2.7116,-1.8203,-99.2113,98.0455,78.6015,-72.1982,2.5346,-1.8203,-99.2113,98.0455,78.6015,-72.1982,2.5346,0,0,0,0,0,0,0
478,1787058159.1863,1787058159.1905,0.03338,-1.7582,-100.0879,96.9670,78.6813,-71.4286,2.7116,-2.2245,-100.2726,98.1175,77.8077,-71.6571,2.5082,-2.2245,-100.2726,98.1175,77.8077,-71.6571,2.5082,0,0,0,0,0,0,0
479,1787058159.2197,1787058159.224,0.03339,-1.7582,-100.0879,96.9670,78.6813,-71.6044,2.7116,-1.7020,-99.2866,97.3356,77.9804,-71.7608,2.6864,-1.7020,-99.2866,97.3356,77.9804,-71.7608,2.6864,0,0,0,0,-50,0,0
480,1787058159.2531,1787058159.2572,0.03335,-1.7582,-100.0879,97.0549,78.5934,-71.6923,2.7116,-1.5670,-100.5229,98.1844,78.6112,-71.2799,2.5619,-1.5670,-100.5229,98.1844,78.6112,-71.2799,2.5619,0,0,50,-50,-50,0,0
481,1787058159.2865,1787058159.2907,0.03343,-1.7582,-100.0000,97.0549,78.5055,-71.6044,2.7116,-1.7561,-99.7600,98.0299,78.6299,-72.0304,2.8041,-1.7561,-99.7600,98.0299,78.6299,-72.0304,2.8041,0,0,0,0,0,0,0
482,1787058159.3199,1787058159.3241,0.0334,-1.7582,-100.0000,97.0549,78.5055,-71.6044,2.7116,-2.1163,-99.7045,98.6079,79.2327,-71.5982,2.6403,-2.1163,-99.7045,98.6079,79.2327,-71.5982,2.6403,50,0,0,0,0,0,0
483,1787058159.3532,1787058159.3574,0.03332,-1.7582,-100.0000,97.0549,78.5055,-71.7802,2.7116,-1.6302,-100.3451,98.3899,78.3186,-71.4446,2.6707,-1.6302,-100.3451,98.3899,78.3186,-71.4446,2.6707,0,0,0,0,-100,0,0
484,1787058159.3866,1787058159.3908,0.03343,-1.7582,-100.0000,97.0549,78.6813,-71.6923,2.7116,-1.8597,-99.6025,98.0127,78.7341,-71.7352,2.8074,-1.8597,-99.6025,98.0127,78.7341,-71.7352,2.8074,0,0,0,100,0,0,0
485,1787058159.42,1787058159.4242,0.03337,-1.7582,-100.0000,97.0549,78.5934,-71.6923,2.7116,-1.8873,-99.7358,97.9969,78.8117,-72.3235,2.8057,-1.8873,-99.7358,97.9969,78.8117,-72.3235,2.8057,0,0,0,0,0,0,0
486,1787058159.4534,1787058159.4578,0.03341,-1.7582,-100.0000,97.0549,78.6813,-71.6923,2.7116,-1.9303,-99.7035,98.1314,78.6990,-72.2592,2.6349,-1.9303,-99.7035,98.1314,78.6990,-72.2592,2.6349,0,0,0,50,0,0,0
487,1787058159.4868,1787058159.491,0.03335,-1.7582,-100.0000,97.0549,78.6813,-71.7802,2.7116,-2.1098,-99.6086,98.0607,78.4901,-71.8774,2.5984,-2.1098,-99.6086,98.0607,78.4901,-71.8774,2.5984,0,0,0,0,0,0,0
488,1787058159.5202,1787058159.5244,0.03341,-1.7582,-100.0000,97.0549,78.6813,-71.8681,2.7116,-1.7394,-99.7731,97.4029,78.5404,-71.8678,2.7067,-1.7394,-99.7731,97.4029,78.5404,-71.8678,2.7067,0,0,0,0,0,0,0
489,1787058159.5535,1787058159.5576,0.03334,-1.7582,-100.0000,97.0549,78.6813,-71.8681,2.7116,-1.7789,-98.8594,98.3240,78.4534,-71.7640,2.4895,-1.7789,-98.8594,98.3240,78.4534,-71.7640,2.4895,0,0,0,0,0,0,0
490,1787058159.5869,1787058159.5911,0.03342,-1.7582,-100.0000,97.0549,78.6813,-71.8681,2.7116,-1.8277,-99.9009,97.5130,78.8037,-72.2640,2.5518,-1.8277,-99.9009,97.5130,78.8037,-72.2640,2.5518,0,0,0,0,0,0,0
491,1787058159.6203,1787058159.6245,0.03337,-1.7582,-99.9121,97.0549,78.6813,-71.8681,2.7116,-1.6559,-99.8194,97.7327,78.3502,-72.4231,2.6070,-1.6559,-99.8194,97.7327,78.3502,-72.4231,2.6070,0,50,0,0,0,0,0
492,1787058159.6537,1787058159.6582,0.03338,-1.7582,-99.8242,97.0549,78.6813,-71.9560,2.7116,-2.0622,-99.1441,97.8961,78.6000,-71.5206,2.6050,-2.0622,-99.1441,97.8961,78.6000,-71.5206,2.6050,0,50,0,0,0,0,0
493,1787058159.6871,1787058159.6916,0.0334,-1.7582,-99.8242,97.0549,78.6813,-71.9560,2.7116,-2.1373,-99.0428,96.7863,77.9617,-71.7385,2.7433,-2.1373,-99.0428,96.7863,77.9617,-71.7385,2.7433,0,0,0,0,0,0,0
494,1787058159.7205,1787058159.7251,0.03345,-1.7582,-99.8242,97.0549,78.6813,-71.9560,2.7116,-1.7653,-100.2398,97.5164,78.8390,-71.7058,2.5149,-1.7653,-100.2398,97.5164,78.8390,-71.7058,2.5149,0,0,0,0,0,0,0
495,1787058159.7539,1787058159.7584,0.03337,-1.7582,-99.6484,96.9670,78.6813,-71.9560,2.7116,-2.1018,-99.5998,97.9120,78.5562,-71.8126,2.5452,-2.1018,-99.5998,97.9120,78.5562,-71.8126,2.5452,0,100,0,0,0,0,0
496,1787058159.7873,1787058159.7918,0.0334,-1.7582,-99.6484,96.9670,78.6813,-71.9560,2.7116,-1.7751,-99.8058,97.3979,79.2625,-71.3051,2.6981,-1.7751,-99.8058,97.3979,79.2625,-71.3051,2.6981,0,0,0,0,0,0,0
497,1787058159.8207,1787058159.8253,0.03339,-1.7582,-99.7363,97.0549,78.6813,-71.9560,2.7116,-1.6922,-99.7423,97.4442,78.4660,-71.0849,2.6714,-1.6922,-99.7423,97.4442,78.4660,-71.0849,2.6714,0,0,50,0,0,0,0
498,1787058159.8541,1787058159.8587,0.03338,-1.7582,-99.7363,97.0549,78.7692,-71.9560,2.7116,-1.6340,-99.5154,97.2239,78.1514,-71.2110,2.7889,-1.6340,-99.5154,97.2239,78.1514,-71.2110,2.7889,0,0,0,0,0,0,0
499,1787058159.8875,1787058159.892,0.0334,-1.7582,-99.7363,97.0549,78.7692,-71.8681,2.7116,-1.6357,-100.0236,97.1765,78.4972,-71.7062,2.5838,-1.6357,-100.0236,97.1765,78.4972,-71.7062,2.5838,0,0,0,0,50,0,0
500,1787058159.9208,1787058160.1429,0.03335,-1.7582,-99.6484,96.9670,78.5934,-71.6923,2.7116,-1.9592,-97.0556,94.5627,79.2300,-71.5545,2.5630,-1.9592,-97.0556,94.5627,79.2300,-71.5545,2.5630,0,0,-50,-50,50,0,1
501,1787058160.144,1787058160.1495,0.22323,-1.7582,-99.7363,96.9670,78.6813,-71.6044,2.7116,-1.2327,-97.3416,96.2820,79.0493,-72.2858,2.4923,-1.2327,-97.3416,96.2820,79.0493,-72.2858,2.4923,0,0,0,0,0,0,1
502,1787058160.1773,1787058160.182,0.03329,-1.7582,-99.7363,96.9670,78.6813,-71.6044,2.7116,-2.0537,-97.6676,96.1610,79.3118,-72.4271,2.2924,-2.0537,-97.6676,96.1610,79.3118,-72.4271,2.2924,0,0,0,0,0,0,0
503,1787058160.2107,1787058160.215,0.0334,-1.7582,-99.3846,96.7912,78.7692,-71.6923,2.7116,-1.9938,-97.9845,95.9750,79.1562,-72.6235,2.3399,-1.9938,-97.9845,95.9750,79.1562,-72.6235,2.3399,0,200,0,0,-50,0,0
504,1787058160.2441,1787058160.249,0.03339,-1.7582,-98.6813,96.7033,78.9451,-72.0440,2.7116,-1.6659,-97.8066,96.6285,79.0865,-72.6802,2.3501,-1.6659,-97.8066,96.6285,79.0865,-72.6802,2.3501,0,250,-50,100,-100,0,0
505,1787058160.2775,1787058160.282,0.03341,-1.7582,-98.6813,96.6154,78.9451,-72.3077,2.7116,-1.4978,-97.7765,96.4622,79.6658,-72.6784,2.2209,-1.4978,-97.7765,96.4622,79.6658,-72.6784,2.2209,0,0,0,0,-100,0,0
506,1787058160.3109,1787058160.3151,0.03338,-1.7582,-98.5934,96.6154,78.9451,-72.3956,2.7116,-1.7087,-97.5420,96.1362,79.1189,-72.3151,2.1983,-1.7087,-97.5420,96.1362,79.1189,-72.3151,2.1983,0,50,-50,0,-50,0,0
507,1787058160.3444,1787058160.349,0.03344,-1.7582,-98.5055,96.6154,79.2088,-72.3956,2.7116,-1.7713,-97.6115,96.5563,79.1016,-72.4110,2.1366,-1.7713,-97.6115,96.5563,79.1016,-72.4110,2.1366,0,0,0,100,0,0,0
508,1787058160.3777,1787058160.382,0.03335,-1.7582,-98.5055,96.6154,79.2088,-72.3956,2.7116,-1.6200,-97.3148,96.3957,78.9543,-72.7132,2.3833,-1.6200,-97.3148,96.3957,78.9543,-72.7132,2.3833,0,0,0,0,0,0,0
509,1787058160.4111,1787058160.416,0.0334,-1.7582,-98.5055,96.6154,79.2088,-72.3956,2.6455,-1.6897,-97.7537,96.0197,79.4419,-72.6572,2.2461,-1.6897,-97.7537,96.0197,79.4419,-72.6572,2.2461,0,0,0,0,0,-50,0
510,1787058160.4445,1787058160.449,0.0334,-1.7582,-98.5055,96.6154,79.1209,-72.4835,2.5794,-1.8770,-98.0972,96.6975,79.3006,-73.0976,2.3515,-1.8770,-98.0972,96.6975,79.3006,-73.0976,2.3515,0,0,0,0,0,0,0
511,1787058160.4779,1787058160.4821,0.03341,-1.7582,-98.5055,96.6154,79.2088,-72.4835,2.5132,-1.7229,-97.7418,96.5858,79.0649,-72.1317,2.4365,-1.7229,-97.7418,96.5858,79.0649,-72.1317,2.4365,0,0,0,50,0,-50,0
512,1787058160.5113,1787058160.516,0.03337,-1.7582,-98.5055,96.6154,79.2088,-72.4835,2.5132,-2.0713,-97.1591,96.5479,79.2691,-72.5815,2.4453,-2.0713,-97.1591,96.5479,79.2691,-72.5815,2.4453,0,0,0,0,0,0,0
513,1787058160.5447,1787058160.5493,0.0334,-1.7582,-98.5055,96.6154,79.2088,-72.3956,2.5132,-1.8384,-97.9820,95.6219,79.8585,-72.5239,2.3646,-1.8384,-97.9820,95.6219,79.8585,-72.5239,2.3646,0,0,0,0,50,0,0
514,1787058160.5781,1787058160.583,0.03337,-1.7582,-98.4176,96.6154,79.2088,-72.4835,2.5132,-1.7252,-97.5412,96.3919,79.1520,-72.4825,2.4657,-1.7252,-97.5412,96.3919,79.1520,-72.4825,2.4657,0,0,0,0,0,0,0
515,1787058160.6115,1787058160.6134,0.03344,-1.7582,-98.5055,96.5275,79.2967,-72.4835,2.5132,-1.7477,-98.4990,96.5298,79.2891,-72.5855,2.5128,-1.7477,-98.4990,96.5298,79.2891,-72.5855,2.5128,0,-50,-50,50,0,0,0
