step,t_obs,t_cmd,dt,pos_shoulder_pan,pos_shoulder_lift,pos_elbow_flex,pos_wrist_flex,pos_wrist_roll,pos_gripper,cmd_shoulder_pan,cmd_shoulder_lift,cmd_elbow_flex,cmd_wrist_flex,cmd_wrist_roll,cmd_gripper,sent_shoulder_pan,sent_shoulder_lift,sent_elbow_flex,sent_wrist_flex,sent_wrist_roll,sent_gripper,velraw_shoulder_pan,velraw_shoulder_lift,velraw_elbow_flex,velraw_wrist_flex,velraw_wrist_roll,velraw_gripper,chunk_start
0,1786708867.8769,1786708868.168,1.84172,0.8791,-97.8901,96.7033,76.0440,-84.0000,2.5794,1.1232,-96.7642,97.7774,76.7920,-84.3276,1.8034,1.1232,-96.7642,97.7774,76.7920,-84.3276,1.8034,0,0,0,0,0,0,1
1,1786708868.1691,1786708868.1744,0.29223,0.8791,-97.8901,96.7033,76.0440,-84.0000,2.5794,0.9152,-97.3003,97.6551,77.0980,-84.3761,1.6633,0.9152,-97.3003,97.6551,77.0980,-84.3761,1.6633,0,0,0,0,0,0,1
2,1786708868.2025,1786708868.207,0.03338,0.8791,-97.8901,96.7033,76.0440,-84.0000,2.5132,0.6623,-97.3958,96.9841,76.9228,-84.4853,1.6123,0.6623,-97.3958,96.9841,76.9228,-84.4853,1.6123,0,0,0,0,0,0,0
3,1786708868.2359,1786708868.2401,0.03338,0.8791,-97.8901,96.7912,76.3956,-84.0879,2.2487,0.8271,-96.9515,98.5480,77.0924,-84.4400,1.6593,0.8271,-96.9515,98.5480,77.0924,-84.4400,1.6593,0,0,50,150,0,-150,0
4,1786708868.2693,1786708868.2736,0.03343,0.9670,-97.8901,96.7912,76.4835,-84.2637,2.1164,0.9253,-96.2589,96.6611,77.6412,-84.3136,1.6166,0.9253,-96.2589,96.6611,77.6412,-84.3136,1.6166,0,0,0,0,-150,-50,0
5,1786708868.3027,1786708868.3068,0.03334,0.9670,-97.6264,97.0549,76.6593,-84.2637,2.1164,0.7744,-95.8654,97.3609,77.3765,-84.3261,1.6676,0.7744,-95.8654,97.3609,77.3765,-84.3261,1.6676,0,100,100,50,0,0,0
6,1786708868.3361,1786708868.3403,0.03342,0.9670,-97.1868,97.1429,77.0110,-84.2637,2.1164,0.4364,-96.2397,97.9337,77.3467,-83.9121,1.8106,0.4364,-96.2397,97.9337,77.3467,-83.9121,1.8106,0,150,50,100,0,0,0
7,1786708868.3695,1786708868.3738,0.03337,0.9670,-96.8352,96.9670,77.0110,-84.2637,2.1164,1.0031,-96.4217,96.6854,77.9744,-84.5561,1.7036,1.0031,-96.4217,96.6854,77.9744,-84.5561,1.7036,0,100,-100,0,0,0,0
8,1786708868.4029,1786708868.407,0.0334,0.8791,-96.8352,97.0549,77.0989,-84.2637,2.1164,0.7121,-97.3034,97.0110,78.3424,-84.7013,1.6901,0.7121,-97.3034,97.0110,78.3424,-84.7013,1.6901,0,0,50,0,0,0,0
9,1786708868.4362,1786708868.4403,0.03335,0.8791,-96.8352,96.8791,77.2747,-84.2637,2.1164,0.7581,-97.1926,97.7558,77.9051,-84.4926,1.8336,0.7581,-97.1926,97.7558,77.9051,-84.4926,1.8336,0,0,0,50,0,0,0
10,1786708868.4696,1786708868.4738,0.03337,0.8791,-97.0110,96.7912,77.6264,-84.3516,2.1164,1.0162,-97.2486,97.2500,78.1774,-84.6717,1.6990,1.0162,-97.2486,97.2500,78.1774,-84.6717,1.6990,0,-50,-50,100,0,0,0
11,1786708868.503,1786708868.5073,0.0334,0.8791,-97.0989,96.9670,77.7143,-84.3516,2.1164,0.7655,-97.1812,98.1092,78.2216,-84.2798,1.8082,0.7655,-97.1812,98.1092,78.2216,-84.2798,1.8082,0,0,50,100,0,0,0
12,1786708868.5364,1786708868.5405,0.03337,0.8791,-97.0989,96.9670,77.7143,-84.3516,2.1164,0.7089,-96.4948,94.5039,78.6677,-83.4931,1.7750,0.7089,-96.4948,94.5039,78.6677,-83.4931,1.7750,0,0,50,0,0,0,0
13,1786708868.5698,1786708868.574,0.0334,0.8791,-97.0989,96.9670,77.7143,-84.3516,2.1164,2.8284,-91.5281,79.4697,82.4371,-78.3180,1.6903,2.8284,-91.5281,86.9670,82.4371,-78.3180,1.6903,0,0,0,0,0,0,0
14,1786708868.6032,1786708868.6076,0.03343,0.8791,-97.0110,96.7912,77.8901,-84.0879,2.1164,5.5818,-85.9402,70.7984,85.5484,-75.0407,1.7020,5.5818,-87.0110,86.7912,85.5484,-75.0407,1.7020,0,50,-50,0,50,0,0
15,1786708868.6366,1786708868.6411,0.03337,1.2308,-96.6593,95.3846,78.5055,-83.1209,2.1164,5.7455,-84.0511,69.6206,85.1093,-73.3696,1.7436,5.7455,-86.4835,85.0330,85.1093,-73.3696,1.7436,200,0,-600,200,300,0,0
16,1786708868.67,1786708868.6744,0.03341,2.9011,-94.6374,92.8352,80.3516,-80.5714,2.1164,6.2345,-85.7841,70.9034,84.3011,-74.2406,1.8699,6.2345,-85.7841,82.4835,84.3011,-74.2406,1.8699,500,650,-750,550,1000,0,0
17,1786708868.7033,1786708868.7078,0.03337,4.4835,-91.8242,90.1099,81.6703,-77.8462,2.1164,6.9917,-84.5324,69.6219,83.4924,-75.8215,1.9270,6.9917,-84.5324,79.6703,83.4924,-75.8215,1.9270,500,900,-950,550,950,0,0
18,1786708868.7367,1786708868.7411,0.03338,4.5714,-89.7143,87.8242,82.1099,-76.0879,2.1164,10.1662,-82.8426,64.0328,85.1319,-72.9665,1.7726,10.1662,-82.8426,77.4725,85.1319,-72.9665,1.7726,0,650,-700,150,650,0,0
19,1786708868.7701,1786708868.7746,0.03342,5.4505,-87.7802,85.4505,82.7253,-75.9121,2.1164,12.7375,-79.0643,60.5966,84.6485,-69.9865,1.8711,12.7375,-79.0643,75.0989,84.6485,-69.9865,1.8711,250,650,-800,250,-50,0,0
20,1786708868.8035,1786708868.808,0.03335,6.7692,-86.1099,83.1648,83.3407,-76.3516,2.1164,14.2663,-74.3176,55.8519,85.9144,-67.1958,1.8300,14.2663,-75.9341,72.9011,85.9144,-67.1958,1.8300,500,550,-800,300,-200,0,0
21,1786708868.8369,1786708868.8413,0.0334,8.9670,-84.0000,80.7912,84.0440,-75.1209,2.1164,15.7278,-67.3813,50.9679,85.2346,-62.8581,1.7614,15.7278,-73.6484,70.5275,85.2346,-64.9451,1.7614,750,800,-750,300,450,0,0
22,1786708868.8703,1786708868.8748,0.03342,11.4286,-81.1868,78.4176,84.2198,-72.9231,2.1164,15.9219,-61.3760,47.2478,85.7827,-56.9857,1.7106,15.9219,-70.8352,68.0659,85.7827,-62.5714,1.7106,850,900,-850,50,900,0,0
23,1786708868.9037,1786708868.908,0.03336,13.0110,-78.3736,76.1319,84.6593,-69.9341,2.1164,15.3381,-57.7838,44.4358,86.2988,-57.1350,1.7205,15.3381,-68.0220,65.8681,86.2988,-59.5824,1.7205,550,950,-800,100,1000,0,0
24,1786708868.937,1786708868.9414,0.03338,13.8901,-75.5604,73.7582,84.9231,-67.2967,2.1164,12.9792,-64.3969,52.7822,83.4431,-62.4984,1.7281,12.9792,-65.1209,63.4066,83.4431,-62.4984,1.7281,300,1000,-850,0,900,0,0
25,1786708868.9705,1786708868.9749,0.03341,14.3297,-72.8352,71.3846,85.4505,-64.6593,2.1164,11.2311,-69.9951,60.5631,79.8240,-69.0027,1.6917,11.2311,-69.9951,61.2088,79.8240,-69.0027,1.6917,250,850,-800,200,900,0,0
26,1786708869.0038,1786708869.0083,0.03338,13.8901,-70.0220,69.0989,85.0989,-62.7253,2.1164,6.5380,-88.4972,79.2297,79.1811,-77.3549,1.6419,6.5380,-79.7582,78.7473,79.1811,-72.5495,1.6419,-150,1000,-800,-150,750,0,0
27,1786708869.0372,1786708869.0417,0.03337,12.7473,-68.1758,66.8132,83.3407,-62.6374,2.1164,5.0043,-91.0525,85.4964,78.2703,-78.6310,1.5645,5.0043,-78.0000,76.5495,78.2703,-72.8132,1.5645,-400,600,-750,-550,100,0,0
28,1786708869.0706,1786708869.075,0.03337,10.9890,-67.9121,65.6703,81.0549,-64.4835,2.1164,4.6650,-91.9137,88.2557,77.8544,-79.3190,1.5784,4.6650,-78.0000,75.6703,77.8544,-74.8352,1.5784,-550,250,-550,-800,-650,0,0
29,1786708869.104,1786708869.1084,0.0334,8.5275,-69.8462,65.7582,80.3516,-67.3846,2.1164,4.6667,-92.5158,89.2593,77.6280,-79.2172,1.6621,4.6667,-80.1978,76.0220,77.6280,-77.6484,1.6621,-800,-550,0,-150,-1000,0,0
30,1786708869.1374,1786708869.1418,0.03337,6.6813,-73.0989,67.8681,79.2967,-70.1099,2.1164,4.1298,-93.2725,91.0884,77.3598,-80.0089,1.6043,4.1298,-83.5385,78.2198,77.3598,-80.0089,1.6043,-550,-1200,750,-350,-950,0,0
31,1786708869.1707,1786708869.1751,0.03338,6.1538,-75.8242,71.2088,78.8571,-72.8352,2.1164,4.3878,-93.3093,90.8194,77.7514,-79.6335,1.4671,4.3878,-86.2637,81.7363,77.7514,-79.6335,1.4671,-100,-850,1100,-150,-1000,0,0
32,1786708869.2042,1786708869.2092,0.03342,5.8901,-78.5495,74.3736,78.4176,-75.7363,2.1164,4.1521,-92.4247,89.8785,77.8089,-79.7458,1.5018,4.1521,-88.9011,84.7253,77.8089,-79.7458,1.5018,-50,-900,1050,-200,-950,0,0
33,1786708869.2375,1786708869.2422,0.03338,4.9231,-81.1868,77.2747,78.4176,-77.1429,2.0503,4.2575,-92.9412,89.6659,77.7827,-79.8984,1.4858,4.2575,-91.5385,87.7143,77.7827,-79.8984,1.4858,-400,-900,1050,0,-600,0,0
34,1786708869.271,1786708869.2757,0.03345,4.7473,-84.0879,80.4396,78.4176,-77.8462,2.0503,3.1102,-94.0052,91.6690,77.9827,-80.8578,1.4879,3.1102,-94.0052,90.9670,77.9827,-80.8578,1.4879,0,-950,1050,0,-250,0,0
35,1786708869.3044,1786708869.309,0.03339,5.0989,-87.1648,83.6044,78.4176,-78.8132,2.0503,3.8280,-94.4289,92.1896,77.7450,-80.9174,1.6793,3.8280,-94.4289,92.1896,77.7450,-80.9174,1.6793,200,-1050,1000,0,-300,0,0
36,1786708869.3377,1786708869.3423,0.03335,4.1319,-89.8022,86.5055,78.4176,-79.4286,2.0503,3.3256,-94.0925,91.7012,78.0580,-82.3596,1.7299,3.3256,-94.0925,91.7012,78.0580,-82.3596,1.7299,-300,-900,1000,0,-300,0,0
37,1786708869.3712,1786708869.376,0.03343,3.6923,-91.7363,89.3187,78.4176,-79.8681,2.0503,3.0006,-94.4789,91.0793,78.0658,-82.5033,1.7086,3.0006,-94.4789,91.0793,78.0658,-82.5033,1.7086,0,-600,1050,0,-150,0,0
38,1786708869.4046,1786708869.409,0.03344,4.1319,-92.1758,90.4615,78.4176,-81.0110,2.0503,2.6703,-95.9584,92.8445,77.6579,-82.7195,1.6158,2.6703,-95.9584,92.8445,77.6579,-82.7195,1.6158,200,-250,550,0,-250,0,0
39,1786708869.438,1786708869.4425,0.03339,3.4286,-92.7912,90.5495,78.4176,-81.5385,2.0503,2.2812,-95.6275,92.4822,77.9924,-82.9764,1.6438,2.2812,-95.6275,92.4822,77.9924,-82.9764,1.6438,-200,-150,0,0,-250,0,0
40,1786708869.4713,1786708869.476,0.03334,2.9890,-94.4615,91.6044,78.3297,-81.8901,2.0503,2.0570,-96.0578,93.4650,77.9782,-83.3756,1.6559,2.0570,-96.0578,93.4650,77.9782,-83.3756,1.6559,-50,-650,200,-50,-150,0,0
41,1786708869.5048,1786708869.509,0.03343,3.0769,-94.9011,92.5714,78.3297,-82.5055,2.0503,2.0530,-95.5031,92.6910,78.3630,-83.7766,1.6612,2.0530,-95.5031,92.6910,78.3630,-83.7766,1.6612,0,-350,400,0,-250,0,0
42,1786708869.5382,1786708869.543,0.03344,2.5495,-95.1648,92.6593,78.3297,-82.8571,2.0503,2.2073,-95.1562,93.2869,77.8463,-83.6837,1.6409,2.2073,-95.1562,93.2869,77.8463,-83.6837,1.6409,-150,-50,0,0,-150,0,0
43,1786708869.5715,1786708869.576,0.03333,2.1978,-95.3407,93.3626,78.2418,-83.0330,2.0503,2.5721,-95.2921,93.5541,78.0403,-84.2914,1.7837,2.5721,-95.2921,93.5541,78.0403,-84.2914,1.7837,-50,-50,200,-50,-50,0,0
44,1786708869.6049,1786708869.6091,0.03339,2.6374,-95.0769,93.3626,78.2418,-83.2967,2.0503,2.8722,-95.9084,93.2772,77.7783,-82.5683,1.6812,2.8722,-95.9084,93.2772,77.7783,-82.5683,1.6812,100,50,0,0,-100,0,0
45,1786708869.6383,1786708869.643,0.03341,2.6374,-95.3407,93.5385,78.2418,-83.7363,2.0503,2.8936,-96.0392,92.7861,78.1201,-82.7702,1.6440,2.8936,-96.0392,92.7861,78.1201,-82.7702,1.6440,0,0,100,0,-250,0,0
46,1786708869.6717,1786708869.6763,0.03337,2.4615,-95.6923,93.5385,78.2418,-83.4725,2.0503,3.3570,-95.2988,91.9716,78.7968,-82.2929,1.7493,3.3570,-95.2988,91.9716,78.7968,-82.2929,1.7493,-100,-100,0,0,100,0,0
47,1786708869.7052,1786708869.71,0.03347,2.4615,-95.7802,93.5385,78.2418,-83.0330,2.0503,3.4519,-94.9424,90.5784,79.3182,-81.7165,1.6606,3.4519,-94.9424,90.5784,79.3182,-81.7165,1.6606,0,-50,0,0,50,0,0
48,1786708869.7385,1786708869.7431,0.03332,2.5495,-95.6044,93.5385,78.3297,-82.9451,2.0503,3.4387,-94.8693,90.6996,79.3680,-82.4350,1.6460,3.4387,-94.8693,90.6996,79.3680,-82.4350,1.6460,0,0,0,50,0,0,0
49,1786708869.7719,1786708869.7764,0.03341,2.9011,-95.3407,93.2747,78.8571,-82.5055,2.0503,3.2118,-95.0013,92.2734,79.2107,-83.3354,1.5702,3.2118,-95.0013,92.2734,79.2107,-83.3354,1.5702,150,100,-100,150,150,0,0
50,1786708869.8053,1786708869.9169,0.03341,3.1648,-95.1648,93.0110,78.8571,-82.5934,2.0503,1.8437,-94.8081,88.7778,81.3474,-81.8825,1.3316,1.8437,-94.8081,88.7778,81.3474,-81.8825,1.3316,50,50,-150,0,-50,0,1
51,1786708869.9181,1786708869.923,0.11275,3.2527,-95.3407,93.1868,78.9451,-83.0330,2.0503,2.8159,-91.7139,81.4861,82.0734,-80.0284,1.3668,2.8159,-91.7139,83.1868,82.0734,-80.0284,1.3668,0,0,0,0,0,0,1
52,1786708869.9513,1786708869.9563,0.03326,3.2527,-95.3407,93.1868,78.9451,-83.0330,2.0503,1.8505,-92.9071,81.9347,84.2496,-80.5591,1.2753,1.8505,-92.9071,83.1868,84.2496,-80.5591,1.2753,0,0,0,0,0,0,0
53,1786708869.9848,1786708869.9897,0.03344,3.1648,-94.6374,92.8352,79.5604,-82.5055,1.9180,2.6800,-92.0548,80.5754,84.2410,-80.0050,1.3959,2.6800,-92.0548,82.5714,84.2410,-80.0050,1.3959,-50,250,-50,250,250,-100,0
54,1786708870.0182,1786708870.0226,0.0334,2.7253,-93.4945,90.7253,80.9670,-81.1868,1.8519,3.3057,-90.1501,78.9921,84.1718,-79.5167,1.4973,3.3057,-90.1501,80.2857,84.1718,-79.5167,1.4973,-150,300,-700,550,550,-50,0
55,1786708870.0515,1786708870.0564,0.03335,2.2857,-93.2308,88.0879,82.2857,-80.7473,1.8519,4.1544,-84.1542,71.0283,84.9723,-77.5526,1.4359,4.1544,-84.1542,77.7363,84.9723,-77.5526,1.4359,-150,100,-900,450,150,0,0
56,1786708870.0849,1786708870.0893,0.03338,2.9890,-92.4396,85.7143,83.1648,-80.5714,1.8519,6.4797,-75.4401,60.8186,89.4244,-72.1372,1.3588,6.4797,-82.2637,75.3626,89.4244,-72.1372,1.3588,250,250,-800,300,50,0,0
57,1786708870.1183,1786708870.1232,0.03339,3.6044,-90.4176,83.4286,83.7802,-79.6044,1.8519,9.5417,-69.4412,53.0315,90.3804,-67.2284,1.4262,9.5417,-79.9780,73.1648,90.3804,-69.4286,1.4262,300,800,-750,250,200,0,0
58,1786708870.1517,1786708870.1561,0.0334,4.0440,-87.4286,80.9670,84.8352,-77.4945,1.8519,10.2008,-67.9186,50.4510,91.7776,-64.0295,1.0226,10.2008,-76.9890,70.7033,91.7776,-66.9670,1.0226,50,1000,-800,300,750,0,0
59,1786708870.1851,1786708870.1895,0.03337,5.9780,-84.6154,78.6813,86.9451,-74.5055,1.8519,12.5111,-61.1092,43.9867,93.7616,-59.3475,1.2453,12.5111,-74.2637,68.4176,93.7616,-64.2418,1.2453,700,950,-800,700,950,0,0
60,1786708870.2185,1786708870.2228,0.03338,8.1758,-81.8901,76.3956,89.0549,-71.9560,1.7196,14.5287,-54.6287,37.5692,94.9986,-54.7885,1.0380,14.5287,-71.6264,66.1319,94.9986,-61.5165,1.0380,850,950,-750,700,850,-100,0
61,1786708870.2519,1786708870.2563,0.03341,9.0549,-79.1648,74.0220,90.8132,-69.0549,1.7196,18.5920,-45.9867,29.6355,96.2660,-46.8713,1.1644,18.5920,-68.8132,63.6703,96.2660,-58.6154,1.1644,200,900,-800,600,950,0,0
62,1786708870.2852,1786708870.2896,0.03336,11.0769,-76.4396,71.6484,92.5714,-66.3297,1.7196,21.4349,-41.8402,27.5161,95.1159,-41.0849,1.3369,21.4349,-66.1758,61.3846,95.1159,-55.9780,1.3369,750,900,-850,600,900,0,0
63,1786708870.3186,1786708870.3236,0.03342,13.8901,-73.7143,69.3626,93.8901,-63.6923,1.7196,25.1016,-35.7498,22.6927,95.8679,-34.3242,1.1447,24.3297,-63.2747,58.9231,95.8679,-53.2527,1.1447,950,1000,-800,500,800,0,0
64,1786708870.352,1786708870.3566,0.0334,16.1758,-70.9011,66.9011,94.4176,-60.7912,1.7196,26.3522,-31.4461,18.0495,97.6112,-30.3378,1.2044,26.3522,-60.4615,56.6374,97.6112,-50.5275,1.2044,800,950,-850,50,950,0,0
65,1786708870.3854,1786708870.3898,0.03337,18.9890,-68.0879,64.5275,94.5055,-58.0659,1.7196,27.3992,-26.7620,15.9313,97.8337,-25.3267,1.4270,27.3992,-57.6484,54.2637,97.8337,-47.8022,1.4270,950,950,-800,0,1000,0,0
66,1786708870.4188,1786708870.4233,0.0334,22.1538,-65.2747,62.1538,95.3846,-55.4286,1.7196,28.8067,-23.3039,14.3005,97.5811,-20.8217,1.3506,28.8067,-54.9231,51.8901,97.5811,-45.0769,1.3506,1100,950,-800,300,850,0,0
67,1786708870.4522,1786708870.4566,0.03335,24.1758,-62.5495,59.7802,96.6154,-52.6154,1.7196,31.0114,-20.9186,12.0703,97.7023,-16.9226,1.5544,31.0114,-52.1978,49.5165,97.7023,-42.2637,1.5544,750,900,-750,400,950,0,0
68,1786708870.4855,1786708870.49,0.03339,25.4066,-59.7363,57.4066,96.6154,-49.8901,1.7196,33.8521,-17.4498,8.8565,97.8352,-12.4553,1.5764,33.8521,-49.4725,47.0549,97.8352,-39.5385,1.5764,350,950,-800,50,900,0,0
69,1786708870.5189,1786708870.5234,0.03341,27.4286,-56.8352,54.9451,96.7033,-47.1648,1.7196,35.4913,-13.6531,5.3671,98.8137,-10.7077,1.4917,35.4913,-46.4835,44.6813,98.8137,-36.8132,1.4917,700,1000,-800,0,1000,0,0
70,1786708870.5523,1786708870.5567,0.03335,29.8901,-54.1099,52.7473,97.0549,-44.3516,1.7196,36.3851,-10.2747,4.6249,98.4230,-10.8087,1.4974,36.3851,-43.7582,42.3956,98.4230,-34.0000,1.4974,800,900,-750,150,950,0,0
71,1786708870.5857,1786708870.5901,0.0334,32.3516,-51.3846,50.1978,97.6703,-41.6264,1.7196,37.5570,-8.9370,4.3504,98.8475,-10.4383,1.4715,37.5570,-40.9451,39.8462,98.8475,-31.2747,1.4715,850,900,-850,200,950,0,0
72,1786708870.6192,1786708870.6236,0.03349,33.8462,-48.4835,47.7363,98.0220,-38.9011,1.7196,37.5455,-7.7513,2.8823,98.4689,-10.6143,1.6511,37.5455,-38.0440,37.4725,98.4689,-28.5495,1.6511,500,950,-850,100,900,0,0
73,1786708870.6525,1786708870.6574,0.03329,34.7253,-45.5824,45.3626,98.1099,-36.1758,1.7196,38.6090,-7.1915,2.9782,97.8564,-9.9473,1.6416,38.6090,-35.1429,35.0110,97.8564,-25.7363,1.6416,350,950,-800,0,950,0,0
74,1786708870.6859,1786708870.6907,0.03346,35.6923,-42.6813,42.9890,97.8462,-33.4505,1.7196,38.7028,-5.3963,2.1433,96.6828,-10.9159,1.7644,38.7028,-32.2418,32.7253,96.6828,-23.0110,1.7644,350,950,-800,-100,950,0,0
75,1786708870.7193,1786708870.7243,0.03341,36.6593,-39.6923,40.6154,97.8462,-30.7253,1.7196,38.3012,-5.5760,3.9909,94.4515,-12.1633,1.6444,38.3012,-29.2527,30.2637,94.4515,-20.2857,1.6444,350,1000,-850,0,950,0,0
76,1786708870.7526,1786708870.7571,0.03331,37.5385,-36.7912,38.2418,97.5824,-27.9121,1.7196,38.3509,-5.5309,5.4396,93.7767,-12.7526,1.5380,38.3509,-26.4396,27.9780,93.7767,-17.5604,1.5380,300,950,-800,-100,950,0,0
77,1786708870.786,1786708870.7904,0.0334,37.7143,-33.8901,35.8681,96.1758,-25.1868,1.7196,38.6244,-6.4359,6.0899,91.6870,-12.4306,1.6527,38.6244,-23.5385,25.5165,91.6870,-14.8352,1.6527,50,1000,-800,-350,950,0,0
78,1786708870.8195,1786708870.8239,0.03342,37.6264,-30.9890,33.3187,94.9451,-22.4615,1.7196,39.4594,-6.5025,7.2290,91.3983,-10.7147,1.5471,39.4594,-20.4615,23.0549,91.3983,-12.1099,1.5471,0,1050,-850,-500,950,0,0
79,1786708870.8529,1786708870.8583,0.03341,37.6264,-28.0000,31.1209,94.1538,-19.6484,1.7196,38.6326,-8.0520,9.7802,90.7904,-11.3990,1.6095,38.6326,-17.4725,20.6813,90.7904,-11.3990,1.6095,-50,950,-800,-250,950,0,0
80,1786708870.8863,1786708870.8919,0.03347,38.2418,-25.0110,28.6593,92.8352,-17.0110,1.7196,37.7696,-9.5974,12.2343,86.8639,-12.2806,1.7273,37.7696,-14.4835,18.2198,86.8639,-12.2806,1.7273,200,1000,-800,-450,900,0,0
81,1786708870.9196,1786708870.9243,0.0333,38.5934,-21.8462,26.1978,91.9560,-14.9011,1.7196,38.6406,-8.6192,12.0700,87.1553,-13.2693,1.5026,38.6406,-11.4066,15.9341,87.1553,-13.2693,1.5026,100,1050,-800,-400,650,0,0
82,1786708870.953,1786708870.9577,0.03335,38.5055,-18.8571,23.9121,91.1648,-14.2857,1.7196,37.8068,-9.4416,13.3813,84.7802,-12.6924,2.7185,37.8068,-9.4416,13.4725,84.7802,-12.6924,2.7185,0,1000,-800,-250,300,0,0
83,1786708870.9864,1786708870.9906,0.03337,38.0659,-15.6923,21.4505,89.0549,-14.1978,1.7196,38.5979,-10.2185,14.2254,83.5939,-13.3373,2.5153,38.5979,-10.2185,14.2254,83.5939,-13.3373,2.5153,-200,1000,-850,-750,0,0,0
84,1786708871.0198,1786708871.0241,0.03345,37.9780,-12.8791,19.0769,87.3846,-13.7582,1.9841,40.8312,-10.0576,14.3585,83.4927,-13.5275,1.7746,40.8312,-10.0576,14.3585,83.4927,-13.5275,1.7746,-50,1000,-800,-600,150,150,0
85,1786708871.0532,1786708871.0578,0.03335,38.1538,-11.2967,17.6703,85.7143,-13.7582,2.1825,40.1565,-11.3564,15.0181,82.2931,-13.3504,1.8699,40.1565,-11.3564,15.0181,82.2931,-13.3504,1.8699,0,550,-500,-550,0,0,0
86,1786708871.0865,1786708871.0906,0.03336,38.9451,-11.0330,17.4945,85.0110,-13.6703,2.0503,40.2708,-11.7291,15.9364,81.6460,-14.5470,1.8044,40.2708,-11.7291,15.9364,81.6460,-14.5470,1.8044,300,100,0,-150,50,-50,0
87,1786708871.1199,1786708871.1243,0.03343,39.9121,-10.9451,17.4945,84.2198,-13.6703,2.0503,40.2615,-11.6308,16.3710,80.8919,-22.5658,1.7533,40.2615,-11.6308,16.3710,80.8919,-22.5658,1.7533,300,50,0,-150,0,0,0
88,1786708871.1533,1786708871.1577,0.03334,40.0879,-10.9451,17.4945,82.8132,-13.9341,1.9841,39.4058,-10.8596,18.8952,78.1564,-22.9167,3.4739,39.4058,-10.8596,18.8952,78.1564,-22.9167,3.4739,50,0,0,-550,-50,0,0
89,1786708871.1867,1786708871.1921,0.0334,39.9121,-10.8571,17.4945,82.4615,-15.1648,1.9841,38.7391,-11.7206,19.3389,76.9685,-21.0036,7.0456,38.7391,-11.7206,19.3389,76.9685,-21.0036,7.0456,0,50,0,-50,-400,0,0
90,1786708871.2201,1786708871.2243,0.03338,39.5604,-10.7692,17.9341,81.1429,-17.5385,2.2487,38.1895,-11.4206,21.1204,77.5132,-17.7227,9.5107,38.1895,-11.4206,21.1204,77.5132,-17.7227,9.5107,-100,0,50,-350,-950,100,0
91,1786708871.2534,1786708871.2579,0.03337,39.2088,-10.7692,18.9011,79.2967,-20.0000,3.5714,38.5927,-11.4950,19.0960,78.7447,-19.2036,2.7333,38.5927,-11.4950,19.0960,78.7447,-19.2036,2.7333,-100,0,350,-650,-950,650,0
92,1786708871.2868,1786708871.291,0.0334,39.1209,-10.6813,19.9560,78.5055,-20.7912,5.6217,38.0967,-11.6373,19.8184,77.6723,-21.0191,2.6311,38.0967,-11.6373,19.8184,77.6723,-21.0191,2.6311,0,50,350,-250,-300,900,0
93,1786708871.3203,1786708871.3245,0.03345,39.1209,-10.6813,20.6593,79.0330,-20.0000,7.1429,38.2235,-11.4694,20.8497,77.9200,-23.1004,2.7982,38.2235,-11.4694,20.8497,77.9200,-23.1004,2.7982,0,0,350,50,300,600,0
94,1786708871.3537,1786708871.3586,0.03338,38.9451,-10.6813,20.6593,78.3297,-19.6484,7.4735,36.9845,-12.4470,21.9459,75.6849,-21.8445,9.4166,36.9845,-12.4470,21.9459,75.6849,-21.8445,9.4166,-50,0,50,-150,300,50,0
95,1786708871.387,1786708871.392,0.03337,38.6813,-10.7692,20.7473,78.0659,-20.3516,6.4815,36.3415,-12.4397,23.5077,75.5964,-22.9142,11.2846,36.3415,-12.4397,23.5077,75.5964,-22.9142,11.2846,-100,0,0,0,-200,-200,0
96,1786708871.4204,1786708871.425,0.03336,38.1538,-10.7692,21.7143,77.8901,-21.3187,4.6958,36.7967,-13.9723,24.7953,74.9196,-22.1993,12.9987,36.7967,-13.9723,24.7953,74.9196,-22.1993,12.9987,-150,0,250,50,-300,-750,0
97,1786708871.4538,1786708871.4585,0.03346,37.4505,-10.7692,22.6813,76.4835,-22.0220,4.0344,37.0809,-14.3696,23.5155,74.8204,-23.6349,10.8409,37.0809,-14.3696,23.5155,74.8204,-23.6349,10.8409,-200,0,350,-450,-300,-300,0
98,1786708871.4872,1786708871.4914,0.03334,37.0110,-11.0330,24.0000,76.1319,-21.9341,4.2989,37.6539,-14.9831,25.1871,73.5735,-21.9464,13.9571,37.6539,-14.9831,25.1871,73.5735,-21.9464,13.9571,-250,-50,500,-150,50,0,0
99,1786708871.5206,1786708871.5248,0.03337,36.9231,-11.3846,24.2637,75.9560,-22.3736,5.6878,37.1410,-14.5933,24.8051,72.2116,-21.7760,16.6815,37.1410,-14.5933,24.8051,72.2116,-21.7760,15.9524,0,-100,0,50,-200,550,0
100,1786708871.554,1786708871.6646,0.03341,37.2747,-11.7363,24.1758,74.6374,-22.9011,8.5979,38.1114,-10.4079,27.0771,73.6514,-22.8705,20.3521,38.1114,-10.4079,27.0771,73.6514,-22.8705,20.3521,200,-150,-50,-450,-350,1400,1
101,1786708871.6658,1786708871.6703,0.11184,37.0110,-12.0879,24.8791,72.9670,-22.1978,14.0873,38.5408,-10.9221,27.7975,72.9742,-22.9578,22.6201,38.5408,-10.9221,27.7975,72.9742,-22.9578,22.6201,-100,0,0,-100,0,450,1
102,1786708871.6991,1786708871.7035,0.03326,37.0110,-12.1758,24.8791,72.7912,-22.1978,14.7487,38.3683,-10.8944,28.2566,71.7805,-23.3425,25.7050,38.3683,-10.8944,28.2566,71.7805,-23.3425,24.8148,0,-50,0,-50,0,250,0
103,1786708871.7325,1786708871.7369,0.0334,37.3626,-11.9121,25.7582,72.6154,-22.5495,15.7407,37.1201,-10.7343,28.8755,71.2501,-23.3246,26.4400,37.1201,-10.7343,28.8755,71.2501,-23.3246,26.0053,200,0,200,-100,-50,500,0
104,1786708871.7658,1786708871.7702,0.03337,37.8022,-11.1209,27.2527,72.6154,-22.9011,17.9894,36.8164,-10.6423,28.8512,71.2225,-23.3202,27.3472,36.8164,-10.6423,28.8512,71.2225,-23.3202,27.3472,150,300,500,0,-100,850,0
105,1786708871.7993,1786708871.8035,0.03349,37.9780,-10.4176,28.3956,72.0000,-22.9011,20.7672,37.5172,-10.0122,28.5911,70.5621,-22.8158,28.3561,37.5172,-10.0122,28.5911,70.5621,-22.8158,28.3561,50,200,300,-150,-100,1250,0
106,1786708871.8326,1786708871.8368,0.03328,37.6264,-10.3297,28.6593,71.8242,-22.9890,23.2143,36.4376,-10.5518,29.2846,69.5089,-23.2703,27.8349,36.4376,-10.5518,29.2846,69.5089,-23.2703,27.8349,-50,0,150,-50,-50,1050,0
107,1786708871.866,1786708871.8702,0.03341,37.0989,-10.3297,28.5714,71.0330,-22.9890,25.1984,35.9439,-10.1836,29.5876,68.5168,-23.1477,28.3233,35.9439,-10.1836,29.5876,68.5168,-23.1477,28.3233,-100,0,-50,-300,0,1000,0
108,1786708871.8994,1786708871.9036,0.03339,36.8352,-10.1538,28.9231,70.3297,-22.9011,26.0582,35.1431,-10.9937,31.2116,67.6292,-22.3986,28.8881,35.1431,-10.9937,31.2116,67.6292,-22.3986,28.8881,-50,50,200,-250,0,500,0
109,1786708871.9328,1786708871.9371,0.03335,36.7473,-9.8901,29.7143,69.8022,-22.9011,26.6534,35.8373,-10.4792,31.2583,67.6652,-22.9213,28.8989,35.8373,-10.4792,31.2583,67.6652,-22.9213,28.8989,0,100,250,-150,-50,300,0
110,1786708871.9662,1786708871.9705,0.03342,36.3956,-9.8901,30.5055,68.8352,-22.9011,27.5132,35.8089,-10.2501,31.3229,67.2409,-21.7540,29.1177,35.8089,-10.2501,31.3229,67.2409,-21.7540,29.1177,-100,0,250,-300,0,450,0
111,1786708871.9996,1786708872.0039,0.0334,35.9560,-9.8901,30.9451,68.4835,-22.9890,27.9101,35.6604,-9.1870,30.8048,66.9676,-22.2326,29.8605,35.6604,-9.1870,30.8048,66.9676,-22.2326,29.8605,-200,0,100,0,-50,200,0
112,1786708872.0329,1786708872.0373,0.03335,35.8681,-9.8022,31.0330,68.0440,-22.5495,28.3069,35.3555,-8.5813,30.6489,66.9798,-22.6646,30.0869,35.3555,-8.5813,30.6489,66.9798,-22.6646,30.0869,0,0,50,-150,150,200,0
113,1786708872.0663,1786708872.0707,0.03338,36.1319,-9.3626,31.0330,67.6923,-22.6374,28.9021,35.0264,-7.1876,29.7135,67.2477,-23.4991,29.8253,35.0264,-7.1876,29.7135,67.2477,-23.4991,29.8253,150,150,0,-100,-100,200,0
114,1786708872.0997,1786708872.104,0.03341,36.1319,-8.6593,31.0330,67.5165,-22.7253,29.2328,34.2714,-7.6810,30.4293,66.5724,-23.9250,29.9688,34.2714,-7.6810,30.4293,66.5724,-23.9250,29.9688,0,250,0,-50,0,200,0
115,1786708872.1331,1786708872.1374,0.03341,35.7802,-7.8681,31.0330,67.5165,-22.9011,29.2989,34.8084,-7.3705,31.6198,65.3895,-24.4545,30.3611,34.8084,-7.3705,31.6198,65.3895,-24.4545,30.3611,-100,300,0,-50,0,50,0
116,1786708872.1665,1786708872.1707,0.03335,35.0769,-7.4286,31.1209,67.0769,-23.4286,29.5635,34.8259,-6.5659,31.1877,64.3022,-26.8575,30.0910,34.8259,-6.5659,31.1877,64.3022,-26.8575,30.0910,-250,300,0,-150,-100,100,0
117,1786708872.1999,1786708872.2042,0.03342,34.8132,-7.3407,31.6484,66.3736,-23.6923,29.7619,35.1029,-6.9063,32.3150,64.0850,-26.1786,29.8691,35.1029,-6.9063,32.3150,64.0850,-26.1786,29.8691,-100,0,200,-250,-100,100,0
118,1786708872.2333,1786708872.2375,0.03338,34.8132,-6.9011,31.7363,65.4066,-24.5714,29.7619,34.9851,-5.6275,31.6775,63.5410,-25.8237,30.2700,34.9851,-5.6275,31.6775,63.5410,-25.8237,30.2700,0,200,50,-300,-400,0,0
119,1786708872.2666,1786708872.2708,0.03336,35.1648,-6.8132,32.0000,64.6154,-25.8022,29.7619,34.6837,-5.2807,31.4630,63.4257,-27.3909,30.3513,34.6837,-5.2807,31.4630,63.4257,-27.3909,30.3513,150,0,50,-350,-500,0,0
120,1786708872.3001,1786708872.3043,0.03342,35.2527,-6.1978,32.0879,64.7033,-25.4505,29.9603,35.7247,-6.1901,31.8881,63.2553,-26.5150,30.3392,35.7247,-6.1901,31.8881,63.2553,-26.5150,30.3392,50,150,0,150,150,50,0
121,1786708872.3334,1786708872.3376,0.03337,35.2527,-5.4945,32.0879,63.7363,-25.9780,30.0265,35.7857,-5.7844,31.7266,63.0679,-27.2539,30.4161,35.7857,-5.7844,31.7266,63.0679,-27.2539,30.4161,0,250,0,-250,-250,0,0
122,1786708872.3668,1786708872.371,0.03338,34.9890,-5.4066,32.1758,64.0000,-26.5934,30.0926,35.4812,-5.2452,32.3207,63.4072,-26.9918,30.4339,35.4812,-5.2452,32.3207,63.4072,-26.9918,30.4339,-100,0,0,-50,-300,50,0
123,1786708872.4002,1786708872.4047,0.0334,35.1648,-5.4066,32.1758,63.9121,-26.5055,30.0926,34.9335,-4.2208,32.0884,63.6532,-28.9568,30.5473,34.9335,-4.2208,32.0884,63.6532,-28.9568,30.5473,50,0,0,0,50,0,0
124,1786708872.4336,1786708872.4389,0.03334,35.5165,-5.3187,32.0879,63.4725,-26.6813,30.2249,34.3841,-4.7481,32.6650,63.3529,-28.9772,30.4941,34.3841,-4.7481,32.6650,63.3529,-28.9772,30.4941,150,50,-50,0,-50,100,0
125,1786708872.467,1786708872.4713,0.03347,35.5165,-4.5275,32.2637,63.8242,-27.2088,30.2249,33.8961,-4.4412,32.2135,63.5896,-30.6912,30.5649,33.8961,-4.4412,32.2135,63.5896,-30.6912,30.5649,0,300,50,50,-100,0,0
126,1786708872.5005,1786708872.5051,0.03344,35.1648,-4.3516,32.6154,63.8242,-28.0879,30.2249,34.5406,-4.6298,31.9739,63.2017,-29.7038,30.4441,34.5406,-4.6298,31.9739,63.2017,-29.7038,30.4441,-150,100,150,0,-350,0,0
127,1786708872.5338,1786708872.5381,0.03332,34.6374,-4.2637,32.6154,63.8242,-28.7912,30.2249,34.3371,-4.0261,31.8241,63.4910,-29.5811,30.1646,34.3371,-4.0261,31.8241,63.4910,-29.5811,30.1646,-150,50,0,0,-200,0,0
128,1786708872.5671,1786708872.5713,0.03336,34.3736,-4.2637,32.5275,63.3846,-29.5824,30.2249,34.3968,-3.0243,30.9997,64.6528,-29.9222,30.0851,34.3968,-3.0243,30.9997,64.6528,-29.9222,30.0851,-150,0,-50,-150,-450,0,0
129,1786708872.6006,1786708872.6048,0.03343,34.3736,-3.9121,32.5275,63.3846,-29.2308,30.2249,34.4248,-3.0548,31.3413,64.4035,-29.9747,29.8151,34.4248,-3.0548,31.3413,64.4035,-29.9747,29.8151,0,50,0,0,150,0,0
130,1786708872.6339,1786708872.6382,0.03337,34.5495,-3.2967,32.5275,64.0000,-29.5824,30.2249,34.3300,-3.4018,31.6107,64.3126,-30.4024,29.5674,34.3300,-3.4018,31.6107,64.3126,-30.4024,29.5674,50,250,0,200,-100,0,0
131,1786708872.6673,1786708872.6715,0.03337,34.7253,-2.8571,32.6154,64.0879,-29.7582,30.0926,34.3401,-4.0355,32.3827,64.8116,-29.7518,29.4840,34.3401,-4.0355,32.3827,64.8116,-29.7518,29.4840,50,100,0,50,-50,-50,0
132,1786708872.7007,1786708872.7049,0.03338,34.7253,-2.8571,32.6154,64.1758,-29.9341,29.8280,33.9593,-3.7068,32.8888,65.4021,-29.9309,29.3511,33.9593,-3.7068,32.8888,65.4021,-29.9309,29.3511,0,0,0,50,-100,-100,0
133,1786708872.7341,1786708872.7384,0.03347,34.6374,-3.0330,32.7033,64.0879,-29.8462,29.7619,34.8893,-1.9157,31.0928,66.0748,-29.8717,29.3036,34.8893,-1.9157,31.0928,66.0748,-29.8717,29.3036,0,-50,50,-50,50,-50,0
134,1786708872.7674,1786708872.7716,0.0333,34.4615,-3.0330,32.9670,64.5275,-29.8462,29.6958,34.6908,-1.5259,30.6188,65.9056,-29.5906,29.1385,34.6908,-1.5259,30.6188,65.9056,-29.5906,29.1385,-100,0,100,100,0,0,0
135,1786708872.8009,1786708872.805,0.03341,34.3736,-2.4176,32.9670,65.4066,-29.8462,29.4312,35.0902,-1.2828,29.9089,65.2433,-29.8193,29.1525,35.0902,-1.2828,29.9089,65.2433,-29.8193,29.1525,0,200,0,400,0,-200,0
136,1786708872.8343,1786708872.8386,0.03342,34.3736,-1.6264,32.4396,65.0549,-29.8462,29.4312,35.0389,-0.5522,28.9600,65.1288,-28.6669,29.1408,35.0389,-0.5522,28.9600,65.1288,-28.6669,29.1408,0,300,-150,-150,-50,0,0
137,1786708872.8676,1786708872.8719,0.03336,34.3736,-1.3626,32.0879,65.0549,-29.8462,29.4312,35.0519,-0.9462,30.1275,64.9891,-29.1907,28.6657,35.0519,-0.9462,30.1275,64.9891,-29.1907,28.6657,0,100,-150,-150,0,-50,0
138,1786708872.901,1786708872.9052,0.03338,34.6374,-1.0110,31.5604,65.4066,-29.5824,29.4312,35.0251,-0.4791,29.9890,64.6445,-28.5694,28.8892,35.0251,-0.4791,29.9890,64.6445,-28.5694,28.8892,50,100,-150,150,100,0,0
139,1786708872.9344,1786708872.9386,0.03341,34.8132,-0.9231,31.3846,64.9670,-29.4066,29.2989,35.1572,-0.9772,30.5877,64.5982,-29.1322,28.6980,35.1572,-0.9772,30.5877,64.5982,-29.1322,28.6980,100,100,-50,-250,0,-150,0
140,1786708872.9678,1786708872.9721,0.03339,34.9011,-0.6593,31.3846,65.3187,-29.2308,29.1005,35.0413,-0.5912,30.5042,64.4153,-28.9705,28.8973,35.0413,-0.5912,30.5042,64.4153,-28.9705,28.8973,50,100,0,0,50,-50,0
141,1786708873.0012,1786708873.0054,0.03337,34.9011,-0.5714,31.4725,65.2308,-29.2308,28.9021,34.8543,-0.3554,30.8927,64.2123,-29.6418,28.7898,34.8543,-0.3554,30.8927,64.2123,-29.6418,28.7898,0,0,0,0,0,-150,0
142,1786708873.0345,1786708873.0387,0.03337,34.9011,-0.3956,31.4725,64.7912,-29.2308,28.9021,34.7777,-0.8316,31.3745,63.4677,-30.1324,28.5459,34.7777,-0.8316,31.3745,63.4677,-30.1324,28.5459,0,50,0,-150,0,0,0
143,1786708873.068,1786708873.0722,0.03341,34.8132,-0.3956,31.4725,64.7033,-29.3187,28.9021,35.5506,-0.5810,32.1832,63.6679,-30.7354,28.0444,35.5506,-0.5810,32.1832,63.6679,-30.7354,28.0444,-50,0,0,-50,0,0,0
144,1786708873.1014,1786708873.1055,0.0334,34.8132,-0.3956,31.6484,64.1758,-29.6703,28.8360,35.7293,-0.1167,31.5965,64.8530,-31.3166,27.8515,35.7293,-0.1167,31.5965,64.8530,-31.3166,27.8515,0,0,50,-150,-100,0,0
145,1786708873.1347,1786708873.1389,0.03337,34.8132,-0.3956,32.0000,64.0000,-30.2857,28.5714,35.7532,0.4097,31.4444,64.8249,-30.6019,28.3467,35.7532,0.4097,31.4444,64.8249,-30.6019,28.3467,0,0,150,-100,-150,-100,0
146,1786708873.1681,1786708873.1724,0.0334,34.9890,-0.2198,31.9121,64.0879,-30.6374,28.3069,35.9089,-0.4870,31.7739,64.3490,-30.3065,28.2120,35.9089,-0.4870,31.7739,64.3490,-30.3065,28.2120,50,50,0,50,-150,-50,0
147,1786708873.2016,1786708873.2058,0.03343,35.1648,0.0440,31.9121,64.2637,-30.5495,28.3069,35.8537,0.5541,31.1347,64.3613,-30.7641,28.0531,35.8537,0.5541,31.1347,64.3613,-30.7641,28.0531,50,100,0,100,50,0,0
148,1786708873.2349,1786708873.2391,0.03337,35.2527,0.0440,31.9121,64.2637,-30.4615,28.3069,36.1488,0.9372,30.7189,64.2068,-30.0870,28.1517,36.1488,0.9372,30.7189,64.2068,-30.0870,28.1517,0,0,0,0,0,0,0
149,1786708873.2683,1786708873.2725,0.03335,35.3407,0.3077,31.7363,64.3516,-30.4615,28.3069,36.4935,0.8712,30.7176,64.4621,-29.8489,27.8072,36.4935,0.8712,30.7176,64.4621,-29.8489,27.8072,0,50,0,0,0,0,0
150,1786708873.3017,1786708873.4122,0.0334,35.3407,0.6593,31.4725,64.5275,-30.3736,28.3069,35.1709,1.1295,34.4674,63.7781,-30.5673,27.8844,35.1709,1.1295,34.4674,63.7781,-30.5673,27.8844,0,100,-100,100,0,0,1
151,1786708873.4134,1786708873.4179,0.11177,35.6923,0.7473,31.2967,64.5275,-30.2857,28.0423,34.9071,0.9535,34.4726,62.8730,-31.6832,27.8882,34.9071,0.9535,34.4726,62.8730,-31.6832,27.8882,0,0,-50,0,0,0,1
152,1786708873.4467,1786708873.4509,0.03323,35.6923,0.7473,31.2967,64.5275,-30.2857,28.0423,34.8589,0.9898,34.1792,62.5700,-31.8031,28.1163,34.8589,0.9898,34.1792,62.5700,-31.8031,28.1163,0,0,0,0,0,0,0
153,1786708873.4801,1786708873.4843,0.03346,35.5165,0.7473,31.9121,64.0000,-30.7253,28.0423,34.7351,1.0072,34.0820,62.3817,-31.6972,28.1524,34.7351,1.0072,34.0820,62.3817,-31.6972,28.1524,-50,0,200,-150,-150,0,0
154,1786708873.5134,1786708873.5176,0.03331,35.3407,0.3956,32.8791,63.4725,-31.2527,28.0423,34.6845,-0.3483,35.4793,62.3308,-32.0537,24.8639,34.6845,-0.3483,35.4793,62.3308,-32.0537,24.8639,-50,-150,350,-150,-150,0,0
155,1786708873.5468,1786708873.551,0.03335,35.3407,0.3077,33.1429,63.2088,-31.2527,28.0423,35.1303,-0.1944,34.0613,62.2991,-31.1689,27.4908,35.1303,-0.1944,34.0613,62.2991,-31.1689,27.4908,0,-50,150,-50,-100,0,0
156,1786708873.5802,1786708873.5843,0.0334,35.2527,0.1319,33.7582,63.0330,-31.3407,27.5794,35.3437,0.2205,34.7641,61.9995,-31.3096,27.5028,35.3437,0.2205,34.7641,61.9995,-31.3096,27.5028,-50,-50,200,-50,0,-350,0
157,1786708873.6136,1786708873.6177,0.03338,35.2527,-0.1319,34.1099,62.9451,-31.3407,26.8519,34.8782,-0.2734,35.3005,61.1621,-32.4657,27.2371,34.8782,-0.2734,35.3005,61.1621,-32.4657,27.2371,0,-50,100,-50,0,-350,0
158,1786708873.6469,1786708873.651,0.03337,35.2527,-0.1319,34.1978,62.7692,-31.3407,26.9841,34.9638,1.1069,35.1390,60.9926,-32.2297,27.5767,34.9638,1.1069,35.1390,60.9926,-32.2297,27.5767,0,0,0,-100,0,150,0
159,1786708873.6803,1786708873.6846,0.0334,35.2527,-0.1319,34.8132,62.2418,-31.6923,27.1825,35.0329,0.5391,35.5765,60.8905,-32.0090,27.6890,35.0329,0.5391,35.5765,60.8905,-32.0090,27.6890,0,0,200,-150,-100,50,0
160,1786708873.7138,1786708873.718,0.03341,35.2527,0.1319,34.9011,61.8901,-31.8681,27.1825,34.9699,0.0648,35.7012,60.6216,-32.3373,27.3627,34.9699,0.0648,35.7012,60.6216,-32.3373,27.3627,0,100,50,-150,0,-50,0
161,1786708873.7471,1786708873.7513,0.03338,35.2527,0.3077,35.0769,61.7143,-31.8681,27.3148,35.4028,-0.1169,36.5704,60.8352,-32.2632,24.3902,35.4028,-0.1169,36.5704,60.8352,-32.2632,24.3902,0,0,0,-50,0,50,0
162,1786708873.7805,1786708873.7846,0.03337,35.2527,0.1319,35.3407,61.5385,-31.8681,27.2487,35.1289,-0.3283,36.6374,60.2600,-32.8217,26.6330,35.1289,-0.3283,36.6374,60.2600,-32.8217,26.6330,0,-100,100,-50,0,0,0
163,1786708873.8139,1786708873.8182,0.03341,35.2527,0.0440,35.6044,61.4505,-32.0440,26.9180,34.5955,-0.6825,36.8754,60.1883,-32.1655,20.8908,34.5955,-0.6825,36.8754,60.1883,-32.1655,20.8908,0,-50,50,-50,-100,-100,0
164,1786708873.8473,1786708873.8515,0.03339,35.2527,-0.2198,35.8681,61.1868,-32.3077,25.9921,34.6746,0.7324,36.8067,60.9602,-32.3880,17.6878,34.6746,0.7324,36.8067,60.9602,-32.3880,17.6878,0,-100,100,-100,-50,-450,0
165,1786708873.8807,1786708873.8859,0.03339,35.2527,-0.3956,36.3077,60.9231,-32.3077,25.3307,34.3221,0.7691,36.2508,60.8089,-32.5689,12.6984,34.3221,0.7691,36.2508,60.8089,-32.5689,15.1323,0,-50,150,-100,0,-350,0
166,1786708873.9142,1786708873.9193,0.03345,35.1648,-0.1319,36.2198,60.9231,-32.3077,23.2804,34.3715,-0.1410,36.7284,59.3379,-33.3867,7.4659,34.3715,-0.1410,36.7284,59.3379,-33.3867,12.8836,0,50,-50,0,0,-750,0
167,1786708873.9475,1786708873.9524,0.03337,35.1648,0.0440,36.1319,60.8352,-32.4835,20.6349,34.8765,0.3918,36.1107,59.6622,-33.0159,4.3001,34.8765,0.3918,36.1107,59.6622,-33.0159,10.1720,0,50,0,-50,-100,-1200,0
168,1786708873.9809,1786708873.9859,0.03334,35.0769,0.0440,36.1319,60.1319,-32.8352,17.9233,34.6795,0.1016,37.3262,59.3008,-33.3362,3.3689,34.6795,0.1016,37.3262,59.3008,-33.3362,7.5926,-50,0,0,-300,-50,-1250,0
169,1786708874.0143,1786708874.019,0.03342,35.0769,0.1319,36.1319,59.7802,-32.9231,15.2778,35.3260,0.2677,37.0683,59.5891,-32.9770,4.6995,35.3260,0.2677,37.0683,59.5891,-32.9770,4.9471,0,50,0,-150,0,-1150,0
170,1786708874.0477,1786708874.0521,0.03341,35.1648,0.1319,36.3077,59.6923,-32.9231,12.5661,35.1170,-0.9941,36.6773,59.5915,-33.2908,4.9329,35.1170,-0.9941,36.6773,59.5915,-33.2908,4.9329,50,0,100,-50,0,-1250,0
171,1786708874.081,1786708874.0854,0.03334,35.1648,0.1319,36.3956,59.6923,-32.7473,10.0529,34.7082,-0.1874,36.6123,59.6529,-32.4376,4.8090,34.7082,-0.1874,36.6123,59.6529,-32.4376,4.8090,0,0,50,0,0,-1100,0
172,1786708874.1144,1786708874.119,0.0334,35.1648,-0.0440,36.3956,59.6923,-32.8352,8.6640,34.6173,-0.4903,36.7716,59.5404,-32.5812,4.6879,34.6173,-0.4903,36.7716,59.5404,-32.5812,4.6879,0,0,0,0,-50,-800,0
173,1786708874.1478,1786708874.152,0.03337,35.1648,-0.2198,36.3956,59.6923,-32.9231,8.3333,34.5844,-0.0276,36.8681,60.0869,-32.9732,4.3100,34.5844,-0.0276,36.8681,60.0869,-32.9732,4.3100,0,-50,0,0,0,-150,0
174,1786708874.1812,1786708874.1856,0.03338,35.1648,-0.2198,36.3956,59.6923,-32.8352,8.2011,34.6853,-0.7307,36.8297,60.5547,-32.8604,3.7502,34.6853,-0.7307,36.8297,60.5547,-32.8604,3.7502,0,0,0,0,50,-50,0
175,1786708874.2146,1786708874.2188,0.03338,35.1648,-0.2198,36.3956,59.6923,-32.9231,8.0026,34.4097,-0.4111,37.0348,60.6408,-32.9832,3.2226,34.4097,-0.4111,37.0348,60.6408,-32.9832,3.2226,0,0,0,0,0,-100,0
176,1786708874.248,1786708874.2522,0.03341,35.1648,-0.3077,36.3956,59.7802,-32.9231,7.8042,34.3958,-0.4657,36.7731,60.7345,-34.0743,3.2727,34.3958,-0.4657,36.7731,60.7345,-34.0743,3.2727,0,0,0,0,0,-100,0
177,1786708874.2813,1786708874.2856,0.03336,35.1648,-0.3077,36.3956,59.7802,-32.9231,7.5397,34.2454,-1.7262,35.5189,63.7073,-34.4352,3.4193,34.2454,-1.7262,35.5189,63.7073,-34.4352,3.4193,0,0,0,0,0,-100,0
178,1786708874.3147,1786708874.3189,0.03337,35.1648,-0.3077,36.3956,59.8681,-33.1868,7.5397,34.4290,-2.6024,34.7396,64.7901,-34.1724,3.1003,34.4290,-2.6024,34.7396,64.7901,-34.1724,3.1003,0,0,0,0,-50,-50,0
179,1786708874.3481,1786708874.3524,0.0334,34.9890,-0.4835,36.0440,60.6593,-33.8901,7.5397,33.9706,-2.7362,34.1344,66.6262,-34.6868,2.7439,33.9706,-2.7362,34.1344,66.6262,-34.6868,2.7439,-50,-50,-150,250,-250,0,0
180,1786708874.3815,1786708874.3857,0.03335,34.9011,-1.2747,35.3407,62.1538,-33.8901,7.4074,33.7863,-3.4465,31.4667,69.2373,-35.4990,2.7317,33.7863,-3.4465,31.4667,69.2373,-35.4990,2.7317,-50,-250,-300,550,0,-50,0
181,1786708874.4149,1786708874.4193,0.03341,34.6374,-1.5385,34.9890,63.7363,-34.2418,7.3413,30.8944,-5.8343,25.3055,75.1001,-37.4055,2.6905,30.8944,-5.8343,25.3055,73.9121,-37.4055,2.6905,-100,-150,-150,500,-100,0,0
182,1786708874.4483,1786708874.4528,0.0334,34.3736,-1.9780,34.3736,65.5824,-34.7692,7.2751,29.7444,-6.5988,21.7139,77.7522,-37.7757,2.5929,29.7444,-6.5988,24.1978,75.9341,-37.7757,2.5929,-100,-200,-250,600,-200,-50,0
183,1786708874.4816,1786708874.4861,0.03335,33.6703,-2.3297,32.5275,68.6593,-35.4725,7.2751,28.1092,-7.4250,20.5303,79.2800,-41.6003,2.9605,28.1092,-7.4250,22.2637,78.9231,-41.6003,2.9605,-150,-150,-500,1100,-200,0,0
184,1786708874.515,1786708874.5194,0.03342,32.2637,-2.7692,30.3297,71.2088,-36.7033,7.2751,27.9682,-10.5234,17.7446,82.6045,-40.7080,2.5443,27.9682,-10.5234,19.8901,81.3846,-40.7080,2.5443,-450,-150,-750,850,-500,0,0
185,1786708874.5484,1786708874.5527,0.03337,30.5934,-3.6484,27.6923,73.7582,-37.6703,7.2751,26.8518,-11.1055,13.0831,85.1492,-43.2445,2.8286,26.8518,-11.1055,17.4286,84.1099,-43.2445,2.8286,-550,-300,-900,850,-350,0,0
186,1786708874.5818,1786708874.5862,0.03337,29.2747,-4.8791,25.1429,76.4835,-38.9890,7.1429,23.7022,-13.2228,9.7638,86.1353,-45.9627,2.5216,23.7022,-13.2228,14.8791,86.1353,-45.9627,2.5216,-350,-450,-900,950,-500,-100,0
187,1786708874.6152,1786708874.6195,0.03338,28.3077,-6.3736,23.0330,79.3846,-40.1319,7.1429,20.1682,-16.5020,7.5940,86.7205,-49.1319,2.4627,20.1682,-16.5020,12.7692,86.7205,-49.1319,2.4627,-300,-500,-700,1000,-350,0,0
188,1786708874.6485,1786708874.653,0.03338,27.3407,-8.0440,20.7473,82.0220,-42.5055,7.1429,18.5073,-17.1641,4.6960,86.7081,-49.3783,2.4990,18.5073,-17.1641,10.4835,86.7081,-49.3783,2.4990,-350,-500,-750,1000,-800,0,0
189,1786708874.682,1786708874.6865,0.03342,25.2308,-10.0659,18.5495,83.6923,-44.8791,7.1429,15.9312,-18.5189,1.5820,88.4098,-53.4727,2.2953,15.9312,-18.5189,8.1099,88.4098,-53.4727,2.2953,-750,-700,-750,550,-800,0,0
190,1786708874.7153,1786708874.7197,0.03337,22.6813,-12.0000,16.0879,84.6593,-46.7253,7.0767,13.9294,-20.3815,1.2153,86.7329,-55.7448,2.3404,13.9294,-20.3815,5.8242,86.7329,-55.7448,2.3404,-850,-600,-800,300,-650,0,0
191,1786708874.7487,1786708874.7536,0.03336,19.8681,-13.7582,13.7143,85.6264,-48.1319,7.0106,12.2985,-21.5673,1.4154,84.8004,-58.5828,2.4419,12.2985,-21.5673,3.3626,84.8004,-58.4835,2.4419,-1000,-600,-800,250,-450,0,0
192,1786708874.7822,1786708874.7871,0.03347,17.4066,-15.5165,11.4286,86.7692,-50.7692,7.0106,9.0524,-23.2051,-0.9423,81.6853,-59.9642,2.2935,9.0524,-23.2051,1.1648,81.6853,-59.9642,2.2935,-800,-600,-800,450,-900,0,0
193,1786708874.8155,1786708874.8202,0.03333,15.5604,-17.0989,9.2308,86.0659,-53.5824,7.0106,5.4956,-24.2065,0.4615,76.3220,-61.7008,2.3077,5.4956,-24.2065,0.4615,76.3220,-61.7008,2.3077,-750,-500,-700,-300,-1000,0,0
194,1786708874.8488,1786708874.8535,0.03334,13.7143,-18.5055,6.9451,84.4835,-56.3077,7.0106,3.1582,-25.0142,0.7494,71.8802,-64.0049,2.1994,3.3626,-25.0142,0.7494,74.2198,-64.0049,2.1994,-600,-450,-800,-550,-900,0,0
195,1786708874.8823,1786708874.8871,0.03345,11.0769,-20.0000,5.2747,82.1099,-58.2418,7.0106,0.4556,-27.4481,2.5705,67.4764,-66.1907,2.0953,0.7253,-27.4481,2.5705,71.6703,-66.1907,2.0953,-900,-500,-500,-750,-700,0,0
196,1786708874.9156,1786708874.92,0.03334,8.3516,-21.3187,4.3956,79.1209,-60.2637,7.0106,-1.9577,-27.8948,6.3323,60.8640,-66.7581,2.2173,-1.9577,-27.8948,6.3323,68.7692,-66.7581,2.2173,-950,-450,-300,-1000,-700,0,0
197,1786708874.949,1786708874.9534,0.03338,5.1868,-22.9011,4.3077,76.3956,-62.5495,6.9444,-2.8832,-29.5403,8.1231,57.6238,-66.7947,2.1967,-2.8832,-29.5403,8.1231,66.0440,-66.7947,2.1967,-1050,-550,0,-950,-700,0,0
198,1786708874.9824,1786708874.9868,0.03343,2.4615,-24.3077,5.2747,73.7582,-64.1319,6.9444,-4.6521,-30.3288,11.5104,52.0015,-68.8914,1.8416,-4.6521,-30.3288,11.5104,63.4066,-68.8914,1.8416,-900,-500,450,-900,-450,0,0
199,1786708875.0158,1786708875.0202,0.03337,0.3516,-25.7143,6.8571,70.9451,-65.0989,6.9444,-6.4747,-30.9236,16.4232,46.0904,-68.9476,1.9285,-6.4747,-30.9236,16.4232,60.5934,-68.9476,1.9285,-850,-500,550,-900,-350,0,0
200,1786708875.0492,1786708875.1628,0.03336,-1.4066,-27.0330,8.8791,68.3956,-66.2418,6.8122,-4.2782,-33.0260,9.4659,61.2702,-72.8783,1.1355,-4.2782,-33.0260,9.4659,61.2702,-72.8783,1.1355,-550,-400,650,-900,-400,-50,1
201,1786708875.1639,1786708875.1685,0.11476,-5.4505,-28.6154,15.7363,62.8571,-68.1758,6.8122,-5.5262,-33.4009,9.5294,58.0513,-74.3289,0.8554,-5.5262,-33.4009,9.5294,58.0513,-74.3289,0.8554,-200,-50,300,-250,-100,0,1
202,1786708875.1972,1786708875.2016,0.03328,-5.7143,-28.6154,16.0000,62.3297,-68.4396,6.8122,-6.0623,-32.7004,12.3210,52.2468,-76.1097,0.8776,-6.0623,-32.7004,12.3210,52.3297,-76.1097,0.8776,-50,0,200,-100,-50,0,0
203,1786708875.2306,1786708875.235,0.03336,-5.3626,-29.2308,15.9121,61.5385,-69.4945,6.5476,-6.4592,-31.3820,13.2923,46.2771,-75.1897,0.7214,-6.4592,-31.3820,13.2923,51.3626,-75.1897,0.7214,100,-250,0,-350,-350,-50,0
204,1786708875.2639,1786708875.2684,0.03337,-5.4505,-30.0220,15.3846,59.3407,-71.8681,6.4815,-7.1682,-30.6635,15.7497,40.6211,-76.1827,0.8127,-7.1682,-30.6635,15.7497,48.9890,-76.1827,0.8127,0,-200,-200,-650,-850,-50,0
205,1786708875.2973,1786708875.3017,0.0334,-5.7143,-30.1978,15.2088,56.3516,-73.7143,6.4815,-6.6508,-30.7058,17.7924,35.9585,-77.1884,0.8171,-6.6508,-30.7058,17.7924,46.0000,-77.1884,0.8171,-100,-50,-100,-1050,-850,0,0
206,1786708875.3307,1786708875.3351,0.03341,-6.2418,-30.1978,15.7363,53.7143,-74.4176,6.4815,-4.9835,-30.5619,21.7153,31.9639,-75.4837,0.8070,-4.9835,-30.5619,21.7153,43.2747,-75.4837,0.8070,-150,0,150,-900,-250,0,0
207,1786708875.3641,1786708875.3685,0.03338,-6.7692,-30.1978,16.9670,50.9890,-75.3846,6.4815,-4.9124,-33.4267,25.3357,28.5510,-74.5590,0.6384,-4.9124,-33.4267,25.3357,40.7253,-74.5590,0.6384,-150,0,450,-900,-350,0,0
208,1786708875.3975,1786708875.402,0.03341,-6.5055,-30.0220,18.9890,48.2637,-75.5604,6.4153,-4.4888,-33.1099,27.8268,26.7737,-73.6770,0.8381,-4.4888,-33.1099,27.8268,38.0000,-73.6770,0.8381,100,100,550,-900,-200,0,0
209,1786708875.4309,1786708875.4353,0.03334,-5.8022,-30.1978,21.6264,45.7143,-75.0330,6.3492,-5.0211,-34.6721,30.8331,22.9707,-72.7702,0.6149,-5.0211,-34.6721,30.8331,35.3626,-72.7702,0.6149,200,0,900,-900,200,-50,0
210,1786708875.4642,1786708875.4687,0.03337,-5.1868,-30.9011,24.6154,43.0769,-74.6813,6.3492,-4.6787,-34.5644,31.0896,22.9941,-72.1040,0.7637,-4.6787,-34.5644,31.0896,32.8132,-72.1040,0.7637,250,-200,1000,-900,50,0,0
211,1786708875.4976,1786708875.502,0.03337,-5.1868,-31.5165,27.2527,40.4396,-73.9780,6.2831,-4.5513,-35.2165,33.7513,21.2553,-71.0457,0.6173,-4.5513,-35.2165,33.7513,30.0879,-71.0457,0.6173,0,-200,950,-900,250,0,0
212,1786708875.531,1786708875.5354,0.03339,-5.3626,-31.7802,29.3626,37.9780,-73.2747,6.2831,-4.0810,-35.4782,35.7706,18.3659,-70.9573,0.6189,-4.0810,-35.4782,35.7706,27.5385,-70.9573,0.6189,50,-100,750,-850,250,0,0
213,1786708875.5644,1786708875.5687,0.0334,-5.3626,-32.2198,31.0330,35.2527,-72.3956,6.2831,-3.8860,-34.9149,37.5923,16.8692,-71.0215,0.5933,-3.8860,-34.9149,37.5923,24.9890,-71.0215,0.5933,-50,-100,550,-850,250,0,0
214,1786708875.5978,1786708875.6022,0.03337,-5.1868,-32.8352,33.2308,32.6154,-71.9560,6.2831,-3.5372,-33.6691,37.6834,15.8361,-71.2552,0.6745,-3.5372,-33.6691,37.6834,22.2637,-71.2552,0.6745,100,-200,750,-950,200,0,0
215,1786708875.6312,1786708875.6355,0.03337,-4.4835,-33.0110,35.3407,29.9780,-71.8681,6.2831,-4.1072,-34.5476,40.0293,14.2567,-71.0649,0.5560,-4.1072,-34.5476,40.0293,19.6264,-71.0649,0.5560,200,-100,700,-850,50,0,0
216,1786708875.6646,1786708875.6689,0.0334,-4.1319,-32.7473,36.8352,27.4286,-71.8681,6.2831,-4.0593,-34.4877,42.0462,11.3870,-70.5507,0.8568,-4.0593,-34.4877,42.0462,17.0769,-70.5507,0.8568,150,150,500,-900,0,0,0
217,1786708875.6979,1786708875.7023,0.03338,-4.1319,-32.6593,38.2418,24.7033,-71.6044,6.2831,-2.5455,-33.5743,42.1101,9.0669,-69.9917,0.8383,-2.5455,-33.5743,42.1101,14.3516,-69.9917,0.8383,0,0,500,-900,50,0,0
218,1786708875.7313,1786708875.7356,0.03339,-4.3077,-32.8352,40.1758,22.0659,-71.2527,6.2169,-2.6501,-33.9200,43.4683,6.5803,-69.9870,0.8310,-2.6501,-33.9200,43.4683,11.8022,-69.9870,0.8310,-100,-50,700,-900,100,-50,0
219,1786708875.7647,1786708875.7691,0.03335,-4.3077,-32.8352,41.4066,19.4286,-70.6374,6.2169,-2.6203,-33.9546,46.4033,4.0583,-70.2359,0.8042,-2.6203,-33.9546,46.4033,9.0769,-70.2359,0.8042,-100,0,450,-900,200,0,0
220,1786708875.7981,1786708875.8026,0.03344,-3.8681,-32.6593,42.6374,16.7033,-70.5495,6.2169,-3.4040,-33.3102,48.0347,2.4763,-70.2450,1.0185,-3.4040,-33.3102,48.0347,6.3516,-70.2450,1.0185,150,50,450,-950,0,0,0
221,1786708875.8315,1786708875.8358,0.03334,-3.2527,-32.6593,44.3956,14.2418,-70.5495,6.2169,-3.4888,-32.8415,46.0498,2.9583,-70.2302,0.8479,-3.4888,-32.8415,46.0498,3.8901,-70.2302,0.8479,200,0,600,-850,0,0,0
222,1786708875.8648,1786708875.8692,0.03335,-3.1648,-32.6593,46.3297,11.4286,-70.7253,6.2169,-3.3256,-31.9265,45.7622,3.0360,-69.6133,0.7722,-3.3256,-31.9265,45.7622,3.0360,-69.6133,0.7722,50,0,650,-900,-50,0,0
223,1786708875.8983,1786708875.9026,0.03346,-3.5165,-32.3956,47.2088,8.8791,-70.6374,6.2169,-2.7225,-29.8078,46.1828,1.3955,-70.9519,0.7334,-2.7225,-29.8078,46.1828,1.3955,-70.9519,0.7334,-100,100,150,-900,50,0,0
224,1786708875.9316,1786708875.937,0.03338,-3.7802,-31.7802,47.2088,7.0330,-70.2857,6.2169,-2.4781,-29.3910,46.0523,2.5907,-70.8544,0.7553,-2.4781,-29.3910,46.0523,2.5907,-70.8544,0.7553,-50,200,0,-650,200,0,0
225,1786708875.965,1786708875.9695,0.03339,-3.7802,-30.9890,47.1209,5.2747,-70.5495,6.2169,-1.9447,-28.2746,46.0065,2.6328,-70.9509,0.6714,-1.9447,-28.2746,46.0065,2.6328,-70.9509,0.6714,0,250,0,-600,-150,0,0
226,1786708875.9984,1786708876.0026,0.03332,-3.3407,-30.0220,47.0330,4.0440,-70.7253,6.2169,-2.1836,-28.2181,46.5286,1.8730,-70.7184,0.6322,-2.1836,-28.2181,46.5286,1.8730,-70.7184,0.6322,100,300,0,-500,0,0,0
227,1786708876.0318,1786708876.036,0.03341,-2.9011,-29.1429,47.1209,4.0440,-70.7253,6.2169,-2.6478,-29.0822,48.5864,0.4742,-70.5867,0.6286,-2.6478,-29.0822,48.5864,0.4742,-70.5867,0.6286,200,250,0,0,0,0,0
228,1786708876.0651,1786708876.0694,0.03338,-2.5495,-28.3516,47.2967,3.6044,-70.6374,6.1508,-2.6291,-28.8511,50.0738,-1.6523,-70.8770,0.7633,-2.6291,-28.8511,50.0738,-1.6523,-70.8770,0.7633,150,300,50,-200,0,0,0
229,1786708876.0985,1786708876.1028,0.03338,-2.4615,-28.3516,48.0879,2.6374,-70.8132,6.1508,-3.0474,-28.7406,49.3313,-2.2308,-70.6162,0.7411,-3.0474,-28.7406,49.3313,-2.2308,-70.6162,0.7411,50,0,300,-250,-50,0,0
230,1786708876.1319,1786708876.1361,0.03337,-2.4615,-28.5275,49.3187,1.0549,-70.8132,6.1508,-3.4086,-29.5098,51.6064,-3.4715,-70.2856,0.7851,-3.4086,-29.5098,51.6064,-3.4715,-70.2856,0.7851,0,0,450,-550,0,0,0
231,1786708876.1653,1786708876.1696,0.03338,-2.9890,-28.5275,49.6703,0.0000,-70.6374,6.1508,-3.7157,-31.5023,53.0693,-4.2373,-70.4981,0.6597,-3.7157,-31.5023,53.0693,-4.2373,-70.4981,0.6597,-150,0,100,-350,50,0,0
232,1786708876.1987,1786708876.2031,0.03343,-2.9890,-28.3516,50.0220,-1.0549,-70.6374,6.1508,-3.5698,-32.5930,54.7817,-4.6255,-70.5012,0.6930,-3.5698,-32.5930,54.7817,-4.6255,-70.5012,0.6930,0,50,150,-300,0,0,0
233,1786708876.2321,1786708876.237,0.03342,-2.9011,-28.8791,51.5165,-2.1978,-70.7253,6.1508,-3.9424,-32.0784,56.3740,-7.7682,-69.2653,0.8224,-3.9424,-32.0784,56.3740,-7.7682,-69.2653,0.8224,100,-250,450,-400,0,0,0
234,1786708876.2655,1786708876.2697,0.03332,-2.9011,-29.9341,53.3626,-2.9011,-70.8132,6.1508,-4.1170,-32.0685,56.6913,-7.3994,-69.1727,0.8062,-4.1170,-32.0685,56.6913,-7.3994,-69.1727,0.8062,0,-400,650,-250,-50,0,0
235,1786708876.2988,1786708876.3032,0.03338,-3.1648,-30.1099,54.9451,-3.9560,-70.2857,6.1508,-3.7218,-30.0029,55.3133,-5.3254,-69.2534,0.7565,-3.7218,-30.0029,55.3133,-5.3254,-69.2534,0.7565,-100,-50,550,-250,250,0,0
236,1786708876.3322,1786708876.3366,0.0334,-3.6044,-30.0220,56.0879,-5.0989,-69.8462,6.1508,-3.8584,-29.9912,55.5053,-5.3062,-69.0177,0.9331,-3.8584,-29.9912,55.5053,-5.3062,-69.0177,0.9331,-200,50,450,-400,300,0,0
237,1786708876.3656,1786708876.3698,0.03336,-3.6923,-29.7582,56.0879,-5.0110,-69.8462,6.1508,-3.6278,-28.8678,55.8463,-5.5800,-68.8561,0.9941,-3.6278,-28.8678,55.8463,-5.5800,-68.8561,0.9941,0,50,0,50,0,0,0
238,1786708876.399,1786708876.4033,0.03342,-3.7802,-29.4945,56.0000,-4.8352,-69.6703,6.1508,-3.9275,-26.2711,54.0732,-6.4183,-69.4958,1.0331,-3.9275,-26.2711,54.0732,-6.4183,-69.4958,1.0331,-50,150,0,100,50,0,0
239,1786708876.4323,1786708876.4367,0.03332,-3.6044,-29.1429,56.3516,-5.0110,-69.4945,6.1508,-3.7120,-25.9763,54.1947,-6.6097,-69.3151,0.9301,-3.7120,-25.9763,54.1947,-6.6097,-69.3151,0.9301,0,150,100,-100,50,0,0
240,1786708876.4657,1786708876.4704,0.03338,-3.5165,-27.8242,56.1758,-5.3626,-69.5824,6.1508,-3.6239,-23.8558,53.7604,-7.0505,-68.8861,0.9791,-3.6239,-23.8558,53.7604,-7.0505,-68.8861,0.9791,50,350,0,-100,0,0,0
241,1786708876.4991,1786708876.5034,0.03343,-3.4286,-26.5934,56.0879,-5.6264,-69.5824,6.1508,-3.8073,-24.1255,53.0322,-6.3133,-69.1914,0.7960,-3.8073,-24.1255,53.0322,-6.3133,-69.1914,0.7960,50,450,-50,-150,0,0,0
242,1786708876.5325,1786708876.5367,0.03337,-3.4286,-25.5385,56.0879,-5.8022,-69.3187,6.1508,-3.5097,-23.5455,52.6312,-7.2932,-69.6831,0.9806,-3.5097,-23.5455,52.6312,-7.2932,-69.6831,0.9806,0,350,0,-50,50,0,0
243,1786708876.5659,1786708876.5701,0.03338,-3.4286,-24.5714,55.7363,-5.8901,-69.3187,6.1508,-3.9601,-22.8651,53.1520,-7.0213,-69.9725,0.9342,-3.9601,-22.8651,53.1520,-7.0213,-69.9725,0.9342,0,250,-100,0,0,0,0
244,1786708876.5993,1786708876.6036,0.03342,-3.5165,-23.9560,55.2967,-6.2418,-69.4945,6.1508,-4.3632,-22.4238,53.6896,-8.8076,-70.1927,0.9711,-4.3632,-22.4238,53.6896,-8.8076,-70.1927,0.9711,-50,250,-150,-150,-50,0,0
245,1786708876.6327,1786708876.637,0.03335,-3.5165,-23.4286,55.2967,-6.4176,-69.6703,6.1508,-4.2372,-21.9672,52.9822,-8.1157,-69.7805,0.9327,-4.2372,-21.9672,52.9822,-8.1157,-69.7805,0.9327,0,200,0,-50,-100,0,0
246,1786708876.6661,1786708876.6704,0.03344,-3.6923,-22.8132,55.2967,-7.2088,-69.7582,6.1508,-4.2967,-21.5572,53.8161,-8.8597,-70.4177,1.0736,-4.2967,-21.5572,53.8161,-8.8597,-70.4177,1.0736,-50,200,0,-300,-50,0,0
247,1786708876.6995,1786708876.7038,0.03336,-3.6923,-22.2857,55.1209,-7.6484,-69.7582,6.1508,-4.0668,-20.4275,53.8511,-9.2747,-69.7781,1.0976,-4.0668,-20.4275,53.8511,-9.2747,-69.7781,1.0976,0,200,-50,-100,0,0,0
248,1786708876.7328,1786708876.7376,0.03335,-3.6923,-21.9341,55.0330,-8.0000,-69.9341,6.1508,-4.3865,-21.1138,54.6535,-9.5733,-69.1822,0.9520,-4.3865,-21.1138,54.6535,-9.5733,-69.1822,0.9520,0,150,0,-100,-50,0,0
249,1786708876.7662,1786708876.7706,0.03342,-3.6923,-21.3187,55.0330,-8.5275,-69.8462,6.1508,-4.0293,-19.6452,53.6634,-9.3455,-69.3756,1.0520,-4.0293,-19.6452,53.6634,-9.3455,-69.3756,1.0520,0,250,0,-200,0,0,0
250,1786708876.7997,1786708876.9125,0.03343,-3.7802,-21.1429,55.0330,-9.0549,-69.5824,6.1508,-4.6334,-20.4880,55.4658,-10.6220,-70.2531,5.2768,-4.6334,-20.4880,55.4658,-10.6220,-70.2531,5.2768,0,100,0,-150,100,0,1
251,1786708876.9136,1786708876.9182,0.11397,-3.7802,-20.0879,54.7692,-9.1429,-69.5824,6.1508,-4.2978,-19.6003,56.2100,-10.1947,-70.0813,1.6476,-4.2978,-19.6003,56.2100,-10.1947,-70.0813,1.6476,0,0,0,0,0,0,1
252,1786708876.9469,1786708876.9513,0.03328,-3.8681,-20.0879,54.7692,-9.1429,-69.5824,6.1508,-4.0053,-20.8245,56.9157,-10.4258,-69.4523,2.6235,-4.0053,-20.8245,56.9157,-10.4258,-69.4523,2.6235,-50,0,0,0,0,0,0
253,1786708876.9803,1786708876.9846,0.03338,-3.8681,-20.0879,55.2088,-9.6703,-69.5824,6.1508,-3.7818,-19.9247,55.7431,-11.6837,-69.0142,3.1434,-3.7818,-19.9247,55.7431,-11.6837,-69.0142,3.1434,0,0,100,-200,0,0,0
254,1786708877.0137,1786708877.018,0.03337,-3.8681,-20.3516,56.0879,-10.1099,-69.5824,6.1508,-3.9477,-19.9827,56.5489,-11.9329,-69.1693,7.6699,-3.9477,-19.9827,56.5489,-11.9329,-69.1693,7.6699,0,-50,300,-150,0,0,0
255,1786708877.0471,1786708877.0515,0.03345,-3.8681,-20.4396,56.1758,-10.7253,-69.4066,6.1508,-4.8021,-19.6350,56.5221,-13.5529,-68.1254,14.0574,-4.8021,-19.6350,56.5221,-13.5529,-68.1254,14.0574,0,0,100,-150,50,0,0
256,1786708877.0805,1786708877.0847,0.03336,-3.8681,-20.0879,56.2637,-11.3407,-69.4066,6.2169,-5.5234,-20.7565,56.7968,-13.1113,-67.4526,15.3203,-5.5234,-20.7565,56.7968,-13.1113,-67.4526,15.3203,0,100,0,-200,0,0,0
257,1786708877.1138,1786708877.1181,0.03337,-4.0440,-20.0000,56.4396,-11.7802,-68.8791,7.1429,-5.5860,-20.6233,56.5677,-12.8965,-68.0520,18.7757,-5.5860,-20.6233,56.5677,-12.8965,-68.0520,17.4074,0,50,50,-200,200,400,0
258,1786708877.1473,1786708877.1516,0.03342,-4.4835,-20.0000,56.6154,-12.3077,-68.5275,9.4577,-6.3998,-20.3930,57.4861,-11.9122,-67.0715,18.1865,-6.3998,-20.3930,57.4861,-11.9122,-67.0715,18.1865,-200,0,50,-200,250,1050,0
259,1786708877.1806,1786708877.1848,0.03338,-5.0110,-19.9121,56.7912,-12.2198,-68.6154,11.9048,-7.1089,-20.6013,57.8814,-12.1031,-67.2832,17.6270,-7.1089,-20.6013,57.8814,-12.1031,-67.2832,17.6270,-200,50,100,50,-50,1150,0
260,1786708877.214,1786708877.2182,0.03338,-5.3626,-20.0879,57.0549,-12.2198,-68.0879,14.2857,-7.7973,-20.2463,57.4319,-11.8525,-67.5276,16.7657,-7.7973,-20.2463,57.4319,-11.8525,-67.5276,16.7657,-50,-50,150,0,150,1150,0
261,1786708877.2474,1786708877.2516,0.03337,-5.8901,-20.0879,57.6703,-12.3956,-68.0000,15.6085,-7.3018,-20.8466,58.0528,-12.2124,-67.6003,15.6503,-7.3018,-20.8466,58.0528,-12.2124,-67.6003,15.6503,-150,0,250,-50,100,600,0
262,1786708877.2808,1786708877.2852,0.0334,-6.4176,-20.0879,57.5824,-12.3077,-67.9121,15.7407,-7.6431,-20.7898,59.0102,-13.2597,-66.5384,14.6743,-7.6431,-20.7898,59.0102,-13.2597,-66.5384,14.6743,-150,0,-50,50,50,0,0
263,1786708877.3142,1786708877.3186,0.03339,-6.5934,-20.0879,57.9341,-12.4835,-67.9121,15.4101,-6.9763,-20.8261,58.7765,-12.9475,-66.7204,16.1116,-6.9763,-20.8261,58.7765,-12.9475,-66.7204,16.1116,-100,0,100,-50,0,-150,0
264,1786708877.3476,1786708877.3518,0.03339,-6.6813,-20.0879,58.3736,-12.9231,-67.6484,15.0794,-7.2247,-20.1565,58.2221,-13.7870,-66.8534,15.3399,-7.2247,-20.1565,58.2221,-13.7870,-66.8534,15.3399,-50,0,150,-200,50,-200,0
265,1786708877.3809,1786708877.3852,0.03338,-6.6813,-20.0879,58.5495,-12.9231,-67.3846,15.1455,-7.2910,-20.2573,58.8187,-13.7940,-66.5913,15.3492,-7.2910,-20.2573,58.8187,-13.7940,-66.5913,15.3492,0,0,100,0,100,50,0
266,1786708877.4143,1786708877.4186,0.03341,-6.6813,-20.0000,58.4615,-13.3626,-67.2967,15.4762,-7.5315,-20.2321,59.5322,-14.2100,-66.6202,16.7061,-7.5315,-20.2321,59.5322,-14.2100,-66.6202,16.7061,0,50,-50,-150,0,250,0
267,1786708877.4477,1786708877.4519,0.03341,-6.6813,-20.0000,58.6374,-13.5385,-67.2088,15.4101,-7.5821,-20.5272,59.7551,-14.4449,-66.6988,16.1850,-7.5821,-20.5272,59.7551,-14.4449,-66.6988,16.1850,0,0,0,-50,0,-50,0
268,1786708877.4811,1786708877.4853,0.03334,-6.6813,-20.0879,59.0769,-13.8901,-67.2088,15.7407,-8.1472,-20.6582,58.8156,-14.9126,-66.9773,15.4771,-8.1472,-20.6582,58.8156,-14.9126,-66.9773,15.4771,0,-50,150,-150,0,250,0
269,1786708877.5145,1786708877.5188,0.03342,-6.7692,-20.0879,59.3407,-14.1538,-67.2088,16.0714,-8.2286,-21.6093,59.2332,-14.0200,-66.3694,14.5542,-8.2286,-21.6093,59.2332,-14.0200,-66.3694,14.5542,0,0,100,-50,0,250,0
270,1786708877.5479,1786708877.5522,0.03338,-6.9451,-20.0879,59.3407,-14.4176,-67.2088,15.6746,-10.1715,-24.0391,58.9227,-14.7723,-66.8999,12.2755,-10.1715,-24.0391,58.9227,-14.7723,-66.8999,12.2755,-50,0,0,-100,0,-150,0
271,1786708877.5813,1786708877.5854,0.03337,-7.0330,-20.4396,59.4286,-14.4176,-67.0330,15.2116,-10.5167,-26.1984,59.9951,-14.5759,-66.6468,14.0011,-10.5167,-26.1984,59.9951,-14.5759,-66.6468,14.0011,-50,-150,0,0,100,-250,0
272,1786708877.6146,1786708877.6188,0.03337,-7.6484,-21.3187,59.5165,-14.1538,-67.0330,14.4180,-10.9659,-26.2814,59.2697,-13.6701,-66.6150,14.2860,-10.9659,-26.2814,59.2697,-13.6701,-66.6150,14.2860,-250,-300,0,0,0,-250,0
273,1786708877.6481,1786708877.6523,0.03345,-8.6154,-22.5495,59.9560,-14.1538,-66.7692,13.4921,-11.2024,-25.9503,58.2376,-11.9666,-66.1255,14.6370,-11.2024,-25.9503,58.2376,-11.9666,-66.1255,14.6370,-350,-400,200,0,50,-450,0
274,1786708877.6814,1786708877.6856,0.03333,-9.7582,-23.4286,60.0440,-13.8901,-66.7692,13.4921,-10.3373,-26.2564,57.7197,-12.7036,-66.0719,14.7475,-10.3373,-26.2564,57.7197,-12.7036,-66.0719,14.7475,-400,-350,50,100,0,50,0
275,1786708877.7149,1786708877.7191,0.03345,-10.3736,-23.7802,59.7802,-13.0989,-66.6813,14.0212,-9.5423,-24.6476,57.3726,-13.0268,-66.4654,14.9421,-9.5423,-24.6476,57.3726,-13.0268,-66.4654,14.9421,-150,-50,-150,250,0,250,0
276,1786708877.7482,1786708877.7525,0.03337,-10.3736,-23.8681,59.6923,-12.8352,-66.5055,14.2857,-9.3270,-23.4765,55.4902,-13.0860,-66.5717,15.2190,-9.3270,-23.4765,55.4902,-13.0860,-66.5717,15.2190,0,-100,0,250,150,100,0
277,1786708877.7816,1786708877.7858,0.03336,-9.7582,-23.8681,59.6044,-12.8352,-66.7692,14.4841,-10.8517,-28.5598,54.2169,-7.7271,-67.7974,11.1204,-10.8517,-28.5598,54.2169,-7.7271,-67.7974,11.1204,200,0,0,0,-100,50,0
278,1786708877.815,1786708877.8193,0.0334,-9.4945,-23.3407,59.0769,-12.8352,-66.7692,14.6825,-12.3190,-34.9381,54.0250,-0.6809,-69.1001,5.0774,-12.3190,-33.2527,54.0250,-2.8352,-69.1001,5.0774,50,200,-200,0,0,150,0
279,1786708877.8483,1786708877.8527,0.03335,-9.7582,-23.2527,58.0220,-12.2198,-67.1209,14.3519,-13.1298,-41.2266,56.4894,1.4826,-70.2516,2.6073,-13.1298,-33.3407,56.4894,-2.0440,-70.2516,4.2196,0,0,-400,350,-50,-100,0
280,1786708877.8818,1786708877.8862,0.03342,-10.7253,-25.0110,57.4945,-9.8462,-68.0879,12.8307,-13.3782,-45.5696,57.0192,7.2199,-70.0897,1.2046,-13.3782,-35.3626,57.0192,0.5055,-70.0897,2.4339,-350,-450,-200,700,-300,-800,0
281,1786708877.9152,1786708877.9202,0.0334,-11.8681,-27.8242,57.4945,-6.8571,-68.7033,10.0529,-14.8704,-52.0376,59.6027,8.9574,-68.9899,0.8338,-14.8704,-38.1758,59.6027,3.5824,-68.9899,0.8338,-400,-950,0,1050,-150,-1150,0
282,1786708877.9485,1786708877.9533,0.03335,-12.7473,-30.3736,57.7582,-3.9560,-69.1429,7.0106,-15.7046,-58.2012,62.1976,12.9770,-68.7104,2.3306,-15.7046,-40.6374,62.1976,6.4835,-68.7104,2.3306,-350,-850,100,950,-50,-1350,0
283,1786708877.982,1786708877.9868,0.03345,-13.2747,-32.6593,58.4615,-1.1429,-68.9670,4.8280,-16.5321,-62.9737,61.5170,22.2535,-69.4334,2.0487,-16.5321,-43.0110,61.5170,9.2088,-69.4334,2.0487,-250,-750,200,950,50,-900,0
284,1786708878.0153,1786708878.0201,0.03339,-13.9780,-35.2967,60.2198,1.6703,-69.0549,3.3730,-16.8968,-69.4620,62.5535,29.4164,-69.4718,1.3217,-16.8968,-45.6484,62.5535,12.0220,-69.4718,1.3217,-250,-900,600,950,-50,-800,0
285,1786708878.0487,1786708878.0535,0.03338,-15.0330,-37.6703,61.7143,4.5714,-69.2308,3.1085,-15.0943,-76.6799,65.1667,34.5086,-70.0394,1.4554,-15.0943,-47.9341,65.1667,15.0110,-70.0394,1.4554,-300,-750,450,950,-50,-100,0
286,1786708878.0821,1786708878.0869,0.03343,-16.0000,-39.8681,62.3297,7.4725,-69.1429,2.6455,-15.1629,-83.6092,71.0297,37.2986,-70.0308,1.2219,-15.1629,-50.2198,71.0297,17.8242,-70.0308,1.2219,-450,-750,200,950,50,-200,0
287,1786708878.1155,1786708878.1203,0.03337,-16.0000,-42.5055,63.2967,10.1978,-69.4066,2.2487,-15.1060,-88.6424,74.9573,36.5101,-69.4900,1.3532,-15.1060,-52.9451,73.4725,20.6374,-69.4900,1.3532,0,-900,300,950,-100,-300,0
288,1786708878.1489,1786708878.1537,0.03338,-15.2967,-45.4066,65.5824,13.0110,-69.6703,2.0503,-13.9377,-95.5211,80.8585,37.0753,-69.1627,1.3118,-13.9377,-55.8462,76.0220,23.4505,-69.1627,1.3118,300,-950,850,900,-100,-100,0
289,1786708878.1824,1786708878.1871,0.03345,-15.2967,-47.9560,68.9231,16.0000,-69.7582,1.9841,-13.1208,-101.7757,85.7855,36.6883,-68.3436,1.1910,-13.1208,-58.3077,79.3626,26.3516,-68.3436,1.1910,0,-850,1100,1000,-50,-50,0
290,1786708878.2158,1786708878.2205,0.03341,-15.2967,-50.3297,72.0879,18.8132,-69.3187,1.9841,-11.3204,-106.0935,88.4276,38.7941,-69.9454,0.9510,-11.3204,-60.6813,82.5275,29.2527,-69.9454,0.9510,0,-800,1100,950,150,0,0
291,1786708878.2491,1786708878.2539,0.03336,-14.5934,-52.9670,75.1648,21.7143,-69.0549,1.9180,-9.6197,-110.9906,91.8691,40.1337,-69.9195,0.9755,-9.6197,-63.3187,85.6044,32.1538,-69.9195,0.9755,250,-900,1050,950,100,0,0
292,1786708878.2825,1786708878.2873,0.0334,-13.1868,-55.6044,78.1538,24.5275,-69.1429,1.7196,-8.9609,-111.7316,92.2281,44.3754,-71.1549,0.8872,-8.9609,-65.9560,88.5934,34.8791,-71.1549,0.8872,450,-900,950,950,0,-50,0
293,1786708878.3159,1786708878.3207,0.03338,-11.7802,-58.1538,81.3187,27.3407,-69.7582,1.7196,-8.5461,-110.1735,91.4993,47.1160,-70.9287,1.0269,-8.5461,-68.5934,91.4993,37.7802,-70.9287,1.0269,500,-850,1050,1000,-200,0,0
294,1786708878.3493,1786708878.3541,0.0334,-10.6374,-60.7912,84.4835,30.2418,-69.9341,1.7196,-7.3312,-108.9350,91.4735,48.5897,-70.5895,0.9412,-7.3312,-71.2308,91.4735,40.6813,-70.5895,0.9412,400,-900,1050,950,-100,0,0
295,1786708878.3827,1786708878.3875,0.03343,-9.9341,-63.5165,87.3846,33.0549,-70.5495,1.7196,-7.0257,-106.2440,92.3624,52.4490,-71.9985,0.8321,-7.0257,-73.9560,92.3624,43.4945,-71.9985,0.8321,250,-900,1000,950,-250,0,0
296,1786708878.4162,1786708878.4209,0.03342,-9.4945,-66.2418,89.6703,35.9560,-70.2857,1.7196,-5.6847,-105.4551,93.3105,53.8301,-72.5407,0.9022,-5.6847,-76.5934,93.3105,46.3956,-72.5407,0.9022,100,-950,800,1000,200,0,0
297,1786708878.4495,1786708878.4543,0.03334,-8.3516,-68.9670,91.0769,38.7692,-70.9890,1.7196,-5.0164,-104.1045,94.0054,56.2029,-73.3805,1.0393,-5.0164,-79.3187,94.0054,49.2088,-73.3805,1.0393,350,-900,450,950,-300,0,0
298,1786708878.4829,1786708878.4881,0.03342,-7.2088,-72.0440,92.3077,41.5824,-71.9560,1.7196,-5.0635,-103.4947,93.8320,59.0421,-76.5508,1.0668,-5.0635,-82.3956,93.8320,51.9341,-76.5508,1.0668,500,-1050,400,950,-350,0,0
299,1786708878.5163,1786708878.5214,0.03338,-6.5055,-74.3297,93.3626,44.3956,-72.3077,1.7196,-3.9842,-104.3324,94.4948,63.7437,-78.5041,1.0668,-3.9842,-84.6813,94.4948,54.8352,-78.5041,1.0668,250,-850,400,950,0,0,0
300,1786708878.5497,1786708878.6608,0.03338,-6.0659,-77.0549,93.6264,47.2967,-73.6264,1.7196,-4.9832,-79.4795,95.0089,50.9031,-75.0995,1.0584,-4.9832,-79.4795,95.0089,50.9031,-75.0995,1.0584,150,-900,50,1000,-450,0,1
301,1786708878.662,1786708878.6664,0.11232,-4.4835,-82.7692,94.4176,53.0989,-77.4945,1.7196,-4.9743,-79.0543,95.6146,49.7137,-75.3437,1.1942,-4.9743,-79.0543,95.6146,49.7137,-75.3437,1.1942,150,-200,0,250,-250,0,1
302,1786708878.6953,1786708878.6995,0.03327,-4.6593,-83.2967,94.5055,53.5385,-77.5824,1.7196,-5.5202,-79.0510,95.4154,48.7305,-74.2484,1.0986,-5.5202,-79.0510,95.4154,48.7305,-74.2484,1.0986,-50,-150,0,200,0,0,0
303,1786708878.7287,1786708878.733,0.0334,-4.8352,-83.2088,95.1209,53.1868,-77.2308,1.7196,-5.9291,-81.1250,95.8286,47.2362,-74.2936,1.1896,-5.9291,-81.1250,95.8286,47.2362,-74.2936,1.1896,-50,-50,250,-100,150,0,0
304,1786708878.7622,1786708878.767,0.03348,-4.8352,-81.4505,95.2088,51.5165,-76.0000,1.7196,-6.4372,-81.0935,96.1244,45.5437,-73.3364,0.9880,-6.4372,-81.0935,96.1244,45.5437,-73.3364,0.9880,0,500,0,-550,400,0,0
305,1786708878.7955,1786708878.8002,0.03333,-5.0989,-80.3077,95.3846,49.7582,-75.3846,1.7196,-5.3957,-81.3908,95.7748,46.5690,-73.3813,1.4004,-5.3957,-81.3908,95.7748,46.5690,-73.3813,1.4004,-50,200,50,-600,200,0,0
306,1786708878.8289,1786708878.8335,0.03339,-5.7143,-80.4835,95.5604,48.3516,-74.6813,1.6534,-5.5584,-84.2459,96.0910,47.5373,-73.6517,1.1716,-5.5584,-84.2459,96.0910,47.5373,-73.6517,1.1716,-150,0,50,-500,200,-50,0
307,1786708878.8622,1786708878.867,0.03337,-5.8901,-81.4505,95.5604,47.7363,-74.1538,1.6534,-5.0459,-84.0029,95.7210,50.6389,-73.5653,4.0008,-5.0459,-84.0029,95.7210,50.6389,-73.5653,4.0008,0,-400,0,-150,150,0,0
308,1786708878.8957,1786708878.9003,0.03342,-5.6264,-81.8901,95.6484,48.0879,-74.1538,1.6534,-5.1128,-86.3394,95.8753,54.4203,-74.0341,1.5841,-5.1128,-86.3394,95.8753,54.4203,-74.0341,1.5841,50,-200,50,100,0,0,0
309,1786708878.9291,1786708878.934,0.03346,-5.3626,-82.5934,95.6484,48.6154,-74.2418,1.8519,-6.1190,-87.7311,95.2609,57.8847,-74.6798,1.5519,-6.1190,-87.7311,95.2609,57.8847,-74.6798,1.5519,100,-200,0,150,0,0,0
310,1786708878.9624,1786708878.9667,0.03331,-5.5385,-83.9121,95.6484,50.4615,-74.3297,2.4471,-4.6247,-90.2130,94.7684,60.7086,-74.3494,1.5223,-4.6247,-90.2130,94.7684,60.7086,-74.3494,1.5223,-50,-400,0,750,-50,300,0
311,1786708878.9958,1786708879.0,0.0334,-5.7143,-85.5824,95.6484,53.1868,-74.2418,2.2487,-5.6301,-90.0601,94.3513,62.2824,-73.9649,1.3438,-5.6301,-90.0601,94.3513,62.2824,-73.9649,1.3438,-100,-550,0,850,50,-100,0
312,1786708879.0292,1786708879.0335,0.03338,-5.7143,-87.2527,95.5604,56.0000,-74.1538,1.9180,-3.3243,-91.8596,95.1887,62.9758,-74.3144,1.5304,-3.3243,-91.8596,95.1887,62.9758,-74.3144,1.5304,0,-550,0,1000,0,-200,0
313,1786708879.0626,1786708879.0668,0.03337,-5.3626,-88.5714,95.4725,58.4615,-74.1538,1.8519,-2.7822,-93.5335,95.7713,62.5847,-73.8989,1.6044,-2.7822,-93.5335,95.7713,62.5847,-73.8989,1.6044,150,-500,0,800,50,-50,0
314,1786708879.096,1786708879.1003,0.03337,-4.8352,-89.2747,95.4725,60.2198,-74.2418,1.8519,-4.8844,-90.1762,95.7414,59.2885,-74.4145,1.5456,-4.8844,-90.1762,95.7414,59.2885,-74.4145,1.5456,150,-250,0,700,0,0,0
315,1786708879.1293,1786708879.1335,0.03337,-4.3956,-90.7692,95.5604,60.9231,-74.2418,1.8519,-5.9433,-90.6550,95.4561,59.9333,-73.7391,1.4329,-5.9433,-90.6550,95.4561,59.9333,-73.7391,1.4329,150,-550,0,300,0,0,0
316,1786708879.1627,1786708879.1669,0.03338,-3.8681,-92.0000,95.5604,60.7473,-74.2418,1.8519,-5.5313,-90.2779,95.9780,58.6308,-73.7391,1.5415,-5.5313,-90.2779,95.9780,58.6308,-73.7391,1.5415,200,-650,0,-50,50,0,0
317,1786708879.1961,1786708879.2004,0.0334,-4.7473,-91.5604,95.5604,60.2198,-74.2418,1.8519,-4.8118,-91.2698,93.7135,58.0532,-73.3057,1.5289,-4.8118,-91.2698,93.7135,58.0532,-73.3057,1.5289,-200,200,0,-200,0,0,0
318,1786708879.2295,1786708879.2339,0.03338,-5.5385,-90.8571,95.5604,59.6923,-73.8901,1.8519,-6.3177,-96.2365,93.2717,61.0230,-74.0887,1.2057,-6.3177,-96.2365,93.2717,61.0230,-74.0887,1.2057,-300,250,0,-150,150,0,0
319,1786708879.2629,1786708879.2671,0.0334,-4.9231,-90.8571,95.3846,59.1648,-73.8022,1.8519,-5.5945,-95.1063,92.6684,64.3989,-74.4970,1.2065,-5.5945,-95.1063,92.6684,64.3989,-74.4970,1.2065,350,50,-50,-150,0,0,0
320,1786708879.2962,1786708879.3004,0.03331,-5.1868,-91.7363,95.0330,59.6044,-74.1538,1.8519,-5.0191,-94.6458,91.2846,67.6378,-75.8153,1.1797,-5.0191,-94.6458,91.2846,67.6378,-75.8153,1.1797,0,-250,-200,200,-150,0,0
321,1786708879.3296,1786708879.3339,0.03341,-5.9780,-93.7582,94.9451,61.2747,-74.0659,1.8519,-4.8606,-93.1133,93.3577,64.9750,-75.4225,1.2102,-4.8606,-93.1133,93.3577,64.9750,-75.4225,1.2102,-400,-800,0,500,50,0,0
322,1786708879.3631,1786708879.3673,0.03346,-5.2747,-93.8462,94.4176,63.7363,-74.6813,1.8519,-3.1018,-94.2355,94.1370,64.5847,-74.8194,1.3470,-3.1018,-94.2355,94.1370,64.5847,-74.8194,1.3470,200,-50,-200,900,-250,0,0
323,1786708879.3964,1786708879.4006,0.03331,-5.0110,-93.7582,93.9780,65.3187,-75.2088,1.8519,-3.8322,-91.6844,93.9167,63.4404,-75.3724,1.3193,-3.8322,-91.6844,93.9167,63.4404,-75.3724,1.3193,300,0,-200,400,-300,0,0
324,1786708879.4298,1786708879.434,0.0334,-5.0989,-93.7582,94.5934,65.4066,-74.7692,1.8519,-3.9622,-90.8532,93.3926,64.3939,-77.2253,1.3135,-3.9622,-90.8532,93.3926,64.3939,-77.2253,1.3135,-150,0,150,150,200,0,0
325,1786708879.4632,1786708879.4673,0.03339,-4.0440,-93.1429,94.9451,64.6154,-75.0330,1.8519,-3.2780,-90.7623,93.4240,66.5521,-77.1086,1.2777,-3.2780,-90.7623,93.4240,66.5521,-77.1086,1.2777,400,150,100,-250,-100,0,0
326,1786708879.4965,1786708879.5008,0.03337,-3.9560,-92.4396,94.8571,64.2637,-76.0000,1.8519,-1.1866,-90.2258,93.7170,67.8280,-77.3338,1.2732,-1.1866,-90.2258,93.7170,67.8280,-77.3338,1.2732,-50,250,0,-50,-350,0,0
327,1786708879.5299,1786708879.534,0.03337,-4.3077,-92.0000,94.8571,65.3187,-76.2637,1.8519,-0.7994,-90.2913,94.1619,67.8929,-77.1690,1.1220,-0.7994,-90.2913,94.1619,67.8929,-77.1690,1.1220,-200,200,0,250,-50,0,0
328,1786708879.5633,1786708879.5675,0.03339,-3.0769,-91.5604,94.8571,66.4615,-76.7033,1.8519,-0.3702,-91.4352,94.4553,69.6130,-78.0799,1.0731,-0.3702,-91.4352,94.4553,69.6130,-78.0799,1.0731,450,150,0,400,-150,0,0
329,1786708879.5967,1786708879.6009,0.03336,-1.9341,-91.0330,94.8571,66.9890,-76.9670,1.8519,1.9600,-92.9917,94.4055,70.4353,-77.5056,1.2234,1.9600,-92.9917,94.4055,70.4353,-77.5056,1.2234,300,200,0,150,-150,0,0
330,1786708879.6301,1786708879.6344,0.03342,-1.7582,-91.4725,94.8571,67.8681,-77.3187,1.8519,2.4081,-92.1587,94.9191,69.8367,-77.7477,1.0549,2.4081,-92.1587,94.9191,69.8367,-77.7477,1.0549,100,-200,0,200,-100,0,0
331,1786708879.6635,1786708879.6677,0.03338,-0.8791,-92.2637,94.8571,69.0110,-77.1429,1.8519,4.6716,-92.9216,94.8932,70.9359,-76.5631,1.1806,4.6716,-92.9216,94.8932,70.9359,-76.5631,1.1806,250,-250,0,400,100,0,0
332,1786708879.6969,1786708879.7012,0.0334,0.9670,-92.3516,95.0330,69.0989,-77.2308,1.8519,4.1630,-92.8163,95.4029,70.6139,-76.8509,1.2007,4.1630,-92.8163,95.4029,70.6139,-76.8509,1.2007,650,-100,50,50,0,0,0
333,1786708879.7302,1786708879.7345,0.03337,1.9341,-92.3516,95.0330,69.7143,-77.1429,1.8519,3.0799,-93.2722,94.5210,71.5340,-77.0566,1.0759,3.0799,-93.2722,94.5210,71.5340,-77.0566,1.0759,350,50,0,200,100,0,0
334,1786708879.7636,1786708879.7683,0.03339,2.6374,-92.6154,95.2088,69.9780,-76.8791,1.7857,3.2709,-94.5927,94.0570,73.6837,-77.0236,1.1801,3.2709,-94.5927,94.0570,73.6837,-77.0236,1.1801,250,-100,50,100,50,0,0
335,1786708879.797,1786708879.8015,0.03337,3.1648,-92.9670,95.2088,70.5934,-77.0549,1.7196,3.1224,-94.9580,93.9139,74.2572,-77.5184,1.0294,3.1224,-94.9580,93.9139,74.2572,-77.5184,1.0294,150,-100,0,250,50,-50,0
336,1786708879.8304,1786708879.8347,0.0334,2.8132,-93.6703,95.2088,71.6484,-76.9670,1.7196,1.7528,-95.4297,93.7793,74.8831,-77.7564,0.9388,1.7528,-95.4297,93.7793,74.8831,-77.7564,0.9388,-100,-250,0,300,50,0,0
337,1786708879.8638,1786708879.8679,0.03337,2.6374,-94.2857,95.2088,72.7912,-77.1429,1.7196,1.3442,-95.5440,94.1078,74.1137,-77.2642,0.9854,1.3442,-95.5440,94.1078,74.1137,-77.2642,0.9854,-50,-200,0,400,-100,0,0
338,1786708879.8971,1786708879.9013,0.03337,2.6374,-94.8132,95.2088,73.4945,-77.4945,1.7196,1.9071,-94.3549,94.4796,73.4025,-77.6235,1.0325,1.9071,-94.3549,94.4796,73.4025,-77.6235,1.0325,0,-150,0,200,-200,0,0
339,1786708879.9305,1786708879.9347,0.03338,2.1099,-95.0769,95.2088,73.5824,-77.4945,1.7196,2.4114,-95.9121,95.9076,73.5703,-77.0995,1.0400,2.4114,-95.9121,95.9076,73.5703,-77.0995,1.0400,-150,-100,0,100,0,0,0
340,1786708879.9639,1786708879.9681,0.03338,1.7582,-94.8132,95.2088,73.4945,-77.3187,1.7196,3.3016,-94.3281,94.7081,72.3751,-76.3289,1.0593,3.3016,-94.3281,94.7081,72.3751,-76.3289,1.0593,-150,100,0,0,100,0,0
341,1786708879.9973,1786708880.0016,0.0334,1.9341,-94.9011,95.3846,73.4945,-77.4066,1.7196,2.2573,-93.2687,95.2123,72.0771,-76.9594,1.0647,2.2573,-93.2687,95.2123,72.0771,-76.9594,1.0647,100,-100,100,0,-50,0,0
342,1786708880.0307,1786708880.0349,0.03341,2.4615,-95.1648,95.4725,73.1429,-77.0549,1.7196,3.2291,-94.9078,95.3219,72.2782,-76.5413,1.0346,3.2291,-94.9078,95.3219,72.2782,-76.5413,1.0346,200,-100,50,-150,150,0,0
343,1786708880.0641,1786708880.0683,0.03337,2.7253,-94.4615,95.4725,72.7912,-77.1429,1.7196,3.5903,-94.2645,95.6764,71.6512,-76.2071,1.0355,3.5903,-94.2645,95.6764,71.6512,-76.2071,1.0355,150,250,0,-200,-50,0,0
344,1786708880.0975,1786708880.1016,0.03337,2.4615,-94.2857,95.4725,72.7912,-76.7912,1.7196,3.3166,-94.5006,95.0046,71.9183,-76.3903,1.0266,3.3166,-94.5006,95.0046,71.9183,-76.3903,1.0266,-100,0,0,0,50,0,0
345,1786708880.1308,1786708880.1349,0.03337,2.8132,-94.4615,95.4725,72.4396,-76.6154,1.7196,3.4263,-94.9917,95.4566,72.3889,-76.2170,1.1161,3.4263,-94.9917,95.4566,72.3889,-76.2170,1.1161,150,-50,0,-150,100,0,0
346,1786708880.1642,1786708880.1683,0.03338,3.1648,-94.4615,95.4725,72.4396,-76.7912,1.7196,4.5749,-94.6553,95.3307,72.1905,-76.1113,1.0584,4.5749,-94.6553,95.3307,72.1905,-76.1113,1.0584,200,0,0,0,-100,0,0
347,1786708880.1976,1786708880.2018,0.0334,2.9890,-94.4615,95.4725,72.4396,-76.7033,1.7196,4.0765,-95.3940,95.6119,72.0443,-76.4127,1.0901,4.0765,-95.3940,95.6119,72.0443,-76.4127,1.0901,-50,0,0,0,0,0,0
348,1786708880.231,1786708880.2352,0.03338,3.2527,-94.4615,95.4725,72.4396,-76.3516,1.7196,5.7433,-97.5764,96.4866,72.9297,-76.5189,1.0814,5.7433,-97.5764,96.4866,72.9297,-76.5189,1.0814,150,0,0,0,150,0,0
349,1786708880.2644,1786708880.2685,0.03337,3.9560,-94.7253,95.4725,72.4396,-76.6154,1.7196,5.9985,-97.8074,96.3426,73.3635,-76.3368,1.0522,5.9985,-97.8074,96.3426,73.3635,-76.3368,1.0522,350,-50,0,0,-100,0,0
350,1786708880.2977,1786708880.4077,0.03337,3.8681,-95.5165,95.7363,72.6154,-76.6154,1.7196,5.0350,-93.3036,96.3604,73.2443,-76.4146,1.1473,5.0350,-93.3036,96.3604,73.2443,-76.4146,1.1473,0,-250,100,50,-50,0,1
351,1786708880.4089,1786708880.4138,0.11118,5.0110,-97.2747,95.8242,73.1429,-76.4396,1.7196,4.4897,-94.2702,97.5022,72.9509,-77.2245,1.0194,4.4897,-94.2702,97.5022,72.9509,-77.2245,1.0194,-150,-100,0,50,100,0,1
352,1786708880.4422,1786708880.4469,0.03331,5.2747,-97.0989,95.9121,73.1429,-76.4396,1.7196,4.5193,-93.7869,97.2976,73.2343,-77.7889,1.0095,4.5193,-93.7869,97.2976,73.2343,-77.7889,1.0095,50,100,50,0,0,0,0
353,1786708880.4756,1786708880.4802,0.03336,5.3626,-96.7473,96.2637,73.1429,-76.8791,1.7196,4.6383,-93.9000,96.7134,73.5372,-77.5918,1.0279,4.6383,-93.9000,96.7134,73.5372,-77.5918,1.0279,0,150,150,0,-50,0,0
354,1786708880.509,1786708880.5145,0.03344,4.5714,-95.7802,96.4396,73.1429,-77.0549,1.7196,4.2835,-93.8276,97.0740,73.7705,-77.1086,1.1790,4.2835,-93.8276,97.0740,73.7705,-77.1086,1.1790,-250,200,100,0,-50,0,0
355,1786708880.5424,1786708880.547,0.03335,4.7473,-95.0769,96.4396,73.1429,-77.2308,1.7196,4.6810,-93.7781,96.8056,73.4267,-77.8378,1.1871,4.6810,-93.7781,96.8056,73.4267,-77.8378,1.1871,-50,250,0,0,-50,0,0
356,1786708880.5758,1786708880.5803,0.0334,4.9231,-94.8132,96.5275,73.2308,-77.3187,1.7196,4.1182,-94.4287,97.2775,73.2542,-77.4816,1.1640,4.1182,-94.4287,97.2775,73.2542,-77.4816,1.1640,50,100,50,50,-150,0,0
357,1786708880.6092,1786708880.614,0.03345,4.7473,-94.7253,96.5275,73.2308,-77.3187,1.7196,4.4456,-94.5852,96.5425,73.9488,-77.4050,1.1964,4.4456,-94.5852,96.5425,73.9488,-77.4050,1.1964,0,0,0,0,50,0,0
358,1786708880.6426,1786708880.6472,0.03336,4.7473,-94.8132,96.6154,73.2308,-77.4066,1.7196,4.4227,-94.8575,97.0686,73.8163,-77.0045,1.1603,4.4227,-94.8575,97.0686,73.8163,-77.0045,1.1603,-50,-50,50,0,0,0,0
359,1786708880.676,1786708880.6805,0.03342,4.6593,-94.8132,96.6154,73.4945,-77.3187,1.7196,4.6661,-94.7361,96.4616,73.7824,-77.5313,1.1449,4.6661,-94.7361,96.4616,73.7824,-77.5313,1.1449,-50,0,0,50,-50,0,0
360,1786708880.7094,1786708880.714,0.03339,4.5714,-94.8132,96.6154,73.4945,-77.4066,1.7196,4.2956,-94.5294,96.9551,73.8146,-77.2295,1.2803,4.2956,-94.5294,96.9551,73.8146,-77.2295,1.2803,0,0,0,0,0,0,0
361,1786708880.7427,1786708880.7474,0.03336,4.6593,-94.8132,96.6154,73.4945,-77.4945,1.7196,4.5978,-94.7485,96.7627,73.5032,-76.7680,1.1244,4.5978,-94.7485,96.7627,73.5032,-76.7680,1.1244,50,0,0,0,0,0,0
362,1786708880.7762,1786708880.781,0.03343,4.6593,-94.8132,96.6154,73.5824,-77.4945,1.7196,4.3821,-95.3380,96.7313,73.8186,-77.6125,1.0869,4.3821,-95.3380,96.7313,73.8186,-77.6125,1.0869,0,0,0,0,0,0,0
363,1786708880.8096,1786708880.814,0.03341,4.6593,-94.8132,96.6154,73.5824,-77.4066,1.7196,4.6248,-95.1573,96.8571,73.9337,-77.5239,1.0858,4.6248,-95.1573,96.8571,73.9337,-77.5239,1.0858,0,0,0,0,50,0,0
364,1786708880.843,1786708880.8472,0.03342,4.6593,-94.9890,96.6154,73.5824,-77.4066,1.7196,4.5235,-95.1095,97.0631,74.0199,-77.6521,1.0275,4.5235,-95.1095,97.0631,74.0199,-77.6521,1.0275,0,-100,0,0,0,0,0
365,1786708880.8763,1786708880.881,0.03333,4.6593,-94.9890,96.6154,73.5824,-77.4066,1.7196,4.7563,-95.0266,96.5630,73.9627,-77.8668,1.0635,4.7563,-95.0266,96.5630,73.9627,-77.8668,1.0635,0,0,0,0,0,0,0
366,1786708880.9098,1786708880.9144,0.03343,4.6593,-94.9890,96.6154,73.5824,-77.4066,1.7196,4.5125,-95.1302,96.8099,73.8667,-77.9460,1.0965,4.5125,-95.1302,96.8099,73.8667,-77.9460,1.0965,0,0,0,0,0,0,0
367,1786708880.9431,1786708880.948,0.03335,4.6593,-94.9890,96.6154,73.5824,-77.4945,1.7196,4.3879,-94.9951,97.1884,73.7331,-78.0729,1.0702,4.3879,-94.9951,97.1884,73.7331,-78.0729,1.0702,0,0,0,0,-50,0,0
368,1786708880.9765,1786708880.981,0.0334,4.6593,-94.9890,96.6154,73.5824,-77.6703,1.7196,4.2808,-94.4728,97.5828,72.9055,-77.6595,1.0842,4.2808,-94.4728,97.5828,72.9055,-77.6595,1.0842,0,0,0,0,-50,0,0
369,1786708881.01,1786708881.0146,0.03348,4.6593,-94.9890,96.6154,73.5824,-77.7582,1.7196,4.4625,-95.3791,96.9081,73.6708,-78.0738,1.1434,4.4625,-95.3791,96.9081,73.6708,-78.0738,1.1434,0,0,0,0,-50,0,0
370,1786708881.0433,1786708881.048,0.03332,4.6593,-94.9890,96.7033,73.4945,-77.7582,1.7196,4.4282,-95.0753,97.0934,72.8835,-77.8465,1.1593,4.4282,-95.0753,97.0934,72.8835,-77.8465,1.1593,0,0,50,-50,0,0,0
371,1786708881.0767,1786708881.0812,0.03338,4.6593,-94.9890,96.7033,73.4945,-77.7582,1.7196,4.6103,-94.7163,96.7045,72.9250,-77.7588,1.1082,4.6103,-94.7163,96.7045,72.9250,-77.7588,1.1082,0,0,0,0,0,0,0
372,1786708881.1101,1786708881.1146,0.03343,4.6593,-95.0769,96.7033,73.4066,-77.6703,1.7196,4.4627,-94.1662,96.3182,73.4618,-77.6271,1.1823,4.4627,-94.1662,96.3182,73.4618,-77.6271,1.1823,0,0,0,-50,50,0,0
373,1786708881.1435,1786708881.1482,0.03337,4.6593,-95.0769,96.7033,73.3187,-77.6703,1.7196,4.4757,-94.8588,96.6044,73.2134,-77.7786,1.1901,4.4757,-94.8588,96.6044,73.2134,-77.7786,1.1901,0,0,0,-50,0,0,0
374,1786708881.1769,1786708881.1815,0.0334,4.6593,-94.9011,96.7033,73.3187,-77.6703,1.7196,4.6238,-95.6944,97.9373,73.0017,-77.4162,1.1464,4.6238,-95.6944,97.9373,73.0017,-77.4162,1.1464,0,50,0,0,0,0,0
375,1786708881.2103,1786708881.2148,0.03342,4.6593,-94.9890,96.7033,73.3187,-77.6703,1.7196,4.3961,-95.1123,96.8366,72.9771,-77.3639,1.1734,4.3961,-95.1123,96.8366,72.9771,-77.3639,1.1734,0,0,0,0,0,0,0
376,1786708881.2437,1786708881.2483,0.03342,4.6593,-95.1648,96.8791,73.3187,-77.6703,1.7196,4.1533,-93.6030,96.5605,73.2408,-77.3160,1.1809,4.1533,-93.6030,96.5605,73.2408,-77.3160,1.1809,0,-100,50,0,0,0,0
377,1786708881.2771,1786708881.2817,0.03333,4.6593,-95.2527,96.9670,73.3187,-77.6703,1.7196,4.2620,-95.2104,96.9305,73.6241,-77.9415,1.1756,4.2620,-95.2104,96.9305,73.6241,-77.9415,1.1756,0,-50,0,0,0,0,0
378,1786708881.3105,1786708881.3148,0.03345,4.6593,-95.0769,96.7912,73.3187,-77.6703,1.7196,4.4697,-94.4577,96.1712,73.2046,-77.3801,1.2195,4.4697,-94.4577,96.1712,73.2046,-77.3801,1.2195,0,50,-50,0,0,0,0
379,1786708881.3438,1786708881.3485,0.03334,4.6593,-94.7253,96.7912,73.3187,-77.7582,1.7196,4.3672,-94.6980,96.8164,73.4097,-77.7298,1.2703,4.3672,-94.6980,96.8164,73.4097,-77.7298,1.2703,0,100,0,0,-50,0,0
380,1786708881.3772,1786708881.3816,0.03336,4.6593,-94.9011,96.7912,73.3187,-77.7582,1.7196,4.1813,-94.4438,96.6250,72.7402,-77.2144,1.0811,4.1813,-94.4438,96.6250,72.7402,-77.2144,1.0811,0,0,0,0,0,0,0
381,1786708881.4106,1786708881.4147,0.03342,4.6593,-94.9011,96.7912,73.3187,-77.7582,1.7196,4.0866,-93.7887,96.8927,72.9666,-77.3215,1.1569,4.0866,-93.7887,96.8927,72.9666,-77.3215,1.1569,0,0,0,0,0,0,0
382,1786708881.4441,1786708881.4482,0.03344,4.6593,-94.9011,96.7912,73.3187,-77.7582,1.7196,4.0043,-95.1215,97.3277,72.5787,-77.7431,1.1761,4.0043,-95.1215,97.3277,72.5787,-77.7431,1.1761,0,0,0,0,0,0,0
383,1786708881.4774,1786708881.482,0.03337,4.6593,-94.7253,96.7912,73.3187,-77.6703,1.7196,3.8719,-93.7575,96.8354,72.9031,-77.4575,1.1181,3.8719,-93.7575,96.8354,72.9031,-77.4575,1.1181,0,100,0,0,0,0,0
384,1786708881.5108,1786708881.5154,0.0334,4.6593,-94.9890,96.7033,73.3187,-77.6703,1.7196,4.0882,-94.0635,96.8055,72.7832,-77.4379,1.0405,4.0882,-94.0635,96.8055,72.7832,-77.4379,1.0405,0,-50,-50,0,0,0,0
385,1786708881.5442,1786708881.5488,0.03337,4.4835,-94.9890,96.7033,73.2308,-77.6703,1.7196,4.3707,-94.2586,96.9236,72.7779,-77.2317,1.1048,4.3707,-94.2586,96.9236,72.7779,-77.2317,1.1048,-50,0,0,0,0,0,0
386,1786708881.5776,1786708881.5822,0.0334,4.3077,-94.7253,96.7033,73.2308,-77.5824,1.7196,4.0880,-94.2114,96.7108,72.8124,-77.6185,1.0455,4.0880,-94.2114,96.7108,72.8124,-77.6185,1.0455,-50,50,0,0,50,0,0
387,1786708881.611,1786708881.6156,0.03338,4.3077,-94.7253,96.7033,73.2308,-77.5824,1.7196,4.3575,-93.9179,96.3918,72.8794,-77.9802,1.0248,4.3575,-93.9179,96.3918,72.8794,-77.9802,1.0248,0,0,0,0,0,0,0
388,1786708881.6444,1786708881.6489,0.0334,4.3077,-94.6374,96.7033,73.2308,-77.5824,1.7196,3.7235,-93.9054,96.6254,73.0324,-77.6741,1.0438,3.7235,-93.9054,96.6254,73.0324,-77.6741,1.0438,0,50,0,0,0,0,0
389,1786708881.6778,1786708881.6823,0.0334,4.3077,-94.6374,96.7033,73.2308,-77.6703,1.7196,3.8972,-94.3064,96.8431,72.4412,-77.7012,1.0057,3.8972,-94.3064,96.8431,72.4412,-77.7012,1.0057,0,0,0,0,-50,0,0
390,1786708881.7112,1786708881.7158,0.03346,4.3077,-94.6374,96.7033,73.2308,-77.5824,1.7196,3.8573,-93.3366,96.4498,72.4276,-77.9253,1.0458,3.8573,-93.3366,96.4498,72.4276,-77.9253,1.0458,0,0,0,0,0,0,0
391,1786708881.7446,1786708881.7489,0.03336,4.3077,-94.6374,96.7033,73.0549,-77.5824,1.7196,3.7794,-93.5397,96.4424,72.1615,-77.7138,1.0857,3.7794,-93.5397,96.4424,72.1615,-77.7138,1.0857,0,0,0,-50,0,0,0
392,1786708881.778,1786708881.7826,0.03341,4.2198,-94.2857,96.7033,72.8791,-77.5824,1.7196,3.7392,-94.0318,96.6475,72.2553,-77.4628,1.0390,3.7392,-94.0318,96.6475,72.2553,-77.4628,1.0390,-50,150,0,-50,0,0,0
393,1786708881.8114,1786708881.816,0.03339,4.2198,-94.2857,96.7033,72.8791,-77.5824,1.7196,3.9961,-93.9040,97.3026,72.0916,-77.4668,1.0835,3.9961,-93.9040,97.3026,72.0916,-77.4668,1.0835,0,0,0,0,0,0,0
394,1786708881.8447,1786708881.8493,0.03335,4.2198,-94.2857,96.7033,72.8791,-77.5824,1.7196,3.9208,-94.0776,96.6952,72.6061,-77.5042,1.0987,3.9208,-94.0776,96.6952,72.6061,-77.5042,1.0987,0,0,0,0,0,0,0
395,1786708881.8781,1786708881.8827,0.03337,4.2198,-94.2857,96.7033,72.8791,-77.5824,1.7196,3.6885,-94.3392,96.5265,72.8171,-77.9427,1.0788,3.6885,-94.3392,96.5265,72.8171,-77.9427,1.0788,0,0,0,0,0,0,0
396,1786708881.9115,1786708881.9162,0.0334,4.2198,-94.2857,96.7033,72.8791,-77.5824,1.7196,3.5353,-94.5055,96.9652,72.4685,-77.9350,1.1265,3.5353,-94.5055,96.9652,72.4685,-77.9350,1.1265,0,0,0,0,0,0,0
397,1786708881.9449,1786708881.9495,0.03341,4.2198,-94.2857,96.7033,72.8791,-77.6703,1.7196,3.5723,-93.8993,96.6434,72.4572,-77.8305,1.0985,3.5723,-93.8993,96.6434,72.4572,-77.8305,1.0985,0,0,0,0,-50,0,0
398,1786708881.9784,1786708881.9826,0.03343,4.0440,-94.2857,96.7033,72.8791,-77.6703,1.7196,3.2973,-95.0614,97.3172,72.3521,-77.2533,0.9729,3.2973,-95.0614,97.3172,72.3521,-77.2533,0.9729,-50,0,0,0,0,0,0
399,1786708882.0117,1786708882.0163,0.03338,3.9560,-94.2857,96.7033,72.8791,-77.5824,1.7196,3.7318,-94.2759,96.8004,71.6343,-77.3381,0.9625,3.7318,-94.2759,96.8004,71.6343,-77.3381,0.9625,-50,0,0,0,50,0,0
400,1786708882.0451,1786708882.1568,0.03335,3.8681,-94.5495,96.7033,72.8791,-77.5824,1.7196,4.6619,-93.1204,97.4805,72.6726,-77.5717,1.3564,4.6619,-93.1204,97.4805,72.6726,-77.5717,1.3564,0,0,0,0,0,0,1
401,1786708882.158,1786708882.1629,0.11288,3.6044,-94.5495,96.7033,72.2637,-77.4945,1.7196,4.0249,-93.8652,97.4040,73.1213,-77.6664,1.1355,4.0249,-93.8652,97.4040,73.1213,-77.6664,1.1355,0,0,0,0,0,0,1
402,1786708882.1912,1786708882.1958,0.03327,3.6923,-94.5495,96.7033,72.2637,-77.4945,1.7196,4.2613,-94.1086,97.4138,73.0799,-77.7215,1.0528,4.2613,-94.1086,97.4138,73.0799,-77.7215,1.0528,50,0,0,0,0,0,0
403,1786708882.2246,1786708882.2292,0.03338,3.6923,-94.4615,96.7033,72.6154,-77.4945,1.7196,4.3282,-94.2236,97.2426,73.2444,-77.5969,1.1242,4.3282,-94.2236,97.2426,73.2444,-77.5969,1.1242,0,50,0,50,0,0,0
404,1786708882.2581,1786708882.2627,0.03344,3.6923,-94.3736,96.7912,72.7033,-77.5824,1.7196,4.3349,-93.5773,97.3630,73.3308,-77.8257,1.1246,4.3349,-93.5773,97.3630,73.3308,-77.8257,1.1246,0,50,50,0,0,0,0
405,1786708882.2915,1786708882.2957,0.03339,3.6923,-94.3736,96.7912,72.7912,-77.5824,1.7196,4.3923,-93.5211,97.4392,73.2423,-77.5733,1.0829,4.3923,-93.5211,97.4392,73.2423,-77.5733,1.0829,0,0,0,0,0,0,0
406,1786708882.3249,1786708882.3299,0.03341,3.6923,-94.2857,96.8791,72.7912,-77.5824,1.7196,4.2468,-93.6166,97.5189,73.9379,-77.4441,1.0648,4.2468,-93.6166,97.5189,73.9379,-77.4441,1.0648,0,50,0,0,0,0,0
407,1786708882.3582,1786708882.3629,0.03337,3.6923,-94.2857,96.8791,72.8791,-77.5824,1.7196,4.1725,-93.4501,97.5405,73.5347,-77.8228,1.2653,4.1725,-93.4501,97.5405,73.5347,-77.8228,1.2653,0,0,0,0,0,0,0
408,1786708882.3916,1786708882.3963,0.03337,3.6923,-94.2857,96.8791,73.2308,-77.5824,1.7196,3.9259,-94.0589,97.5718,73.0696,-77.9348,1.0833,3.9259,-94.0589,97.5718,73.0696,-77.9348,1.0833,0,0,0,150,0,0,0
409,1786708882.425,1786708882.4297,0.03336,3.6923,-94.2857,96.8791,73.2308,-77.6703,1.7196,3.8553,-94.8929,97.9210,73.4282,-78.0550,1.1564,3.8553,-94.8929,97.9210,73.4282,-78.0550,1.1564,0,0,0,0,-50,0,0
410,1786708882.4583,1786708882.463,0.03338,3.6923,-94.3736,96.8791,73.2308,-77.6703,1.7196,3.9975,-93.3934,96.9681,72.9174,-78.0096,1.1499,3.9975,-93.3934,96.9681,72.9174,-78.0096,1.1499,0,0,0,0,0,0,0
411,1786708882.4917,1786708882.4964,0.03341,3.7802,-94.5495,96.8791,73.2308,-77.6703,1.7196,4.4238,-94.1159,97.8612,72.9990,-77.6583,1.2020,4.4238,-94.1159,97.8612,72.9990,-77.6583,1.2020,50,-100,0,0,0,0,0
412,1786708882.5251,1786708882.5298,0.03337,3.7802,-94.4615,96.8791,73.2308,-77.6703,1.7196,4.1139,-94.6672,97.5637,73.1490,-78.4555,1.0130,4.1139,-94.6672,97.5637,73.1490,-78.4555,1.0130,0,50,0,0,0,0,0
413,1786708882.5585,1786708882.5632,0.03337,3.7802,-94.2857,96.9670,73.2308,-77.6703,1.7196,4.1207,-94.5315,97.9036,73.2561,-78.7362,1.1236,4.1207,-94.5315,97.9036,73.2561,-78.7362,1.1236,0,100,0,0,0,0,0
414,1786708882.5919,1786708882.5968,0.0334,3.7802,-94.5495,96.9670,73.2308,-77.9341,1.7196,3.9826,-94.4270,97.8303,72.8889,-78.3030,1.0711,3.9826,-94.4270,97.8303,72.8889,-78.3030,1.0711,0,-100,0,0,-150,0,0
415,1786708882.6253,1786708882.6299,0.03341,3.7802,-94.5495,96.9670,73.2308,-78.1978,1.7196,4.1917,-94.4705,98.1733,72.9478,-78.4595,1.0880,4.1917,-94.4705,98.1733,72.9478,-78.4595,1.0880,0,0,0,0,-100,0,0
416,1786708882.6587,1786708882.6633,0.03338,3.7802,-94.5495,96.9670,73.2308,-78.1978,1.7196,4.1275,-94.7997,97.6522,73.5023,-78.5630,1.0184,4.1275,-94.7997,97.6522,73.5023,-78.5630,1.0184,0,0,0,0,0,0,0
417,1786708882.6921,1786708882.6968,0.03341,3.7802,-94.5495,96.9670,73.2308,-78.1978,1.7196,4.1102,-94.9517,97.7925,72.9586,-78.1449,1.0632,4.1102,-94.9517,97.7925,72.9586,-78.1449,1.0632,0,0,0,0,0,0,0
418,1786708882.7254,1786708882.7298,0.03334,3.7802,-94.6374,96.9670,73.3187,-78.1978,1.7196,4.1181,-95.1669,97.9447,72.8259,-78.5166,0.9894,4.1181,-95.1669,97.9447,72.8259,-78.5166,0.9894,0,-50,0,50,0,0,0
419,1786708882.7588,1786708882.7633,0.03341,3.7802,-94.6374,96.9670,73.3187,-78.1978,1.7196,4.1207,-94.6152,97.3581,73.3318,-78.6530,0.8821,4.1207,-94.6152,97.3581,73.3318,-78.6530,0.8821,0,0,0,0,0,0,0
420,1786708882.7923,1786708882.7965,0.03342,3.7802,-94.7253,96.9670,73.3187,-78.1978,1.7196,4.0753,-94.8799,97.6956,73.1845,-78.3043,0.9348,4.0753,-94.8799,97.6956,73.1845,-78.3043,0.9348,0,0,0,0,0,0,0
421,1786708882.8256,1786708882.8298,0.03336,3.7802,-94.8132,96.9670,73.3187,-78.2857,1.7196,4.0296,-94.4650,98.3997,72.5546,-78.5253,0.9114,4.0296,-94.4650,98.3997,72.5546,-78.5253,0.9114,0,0,0,0,0,0,0
422,1786708882.8591,1786708882.8637,0.03344,3.7802,-94.8132,96.9670,73.3187,-78.2857,1.7196,4.1088,-95.1793,97.8351,73.3126,-78.4990,0.9837,4.1088,-95.1793,97.8351,73.3126,-78.4990,0.9837,0,0,0,0,0,0,0
423,1786708882.8924,1786708882.8972,0.03332,3.7802,-94.8132,97.0549,73.2308,-78.2857,1.7196,4.0566,-95.0058,97.8461,73.4737,-78.6550,0.8582,4.0566,-95.0058,97.8461,73.4737,-78.6550,0.8582,0,0,50,-50,0,0,0
424,1786708882.9258,1786708882.9304,0.03346,3.7802,-94.9011,97.0549,73.4066,-78.2857,1.7196,4.2200,-94.2631,97.6219,73.5564,-78.7138,0.9633,4.2200,-94.2631,97.6219,73.5564,-78.7138,0.9633,0,0,0,50,0,0,0
425,1786708882.9592,1786708882.9639,0.03339,3.8681,-94.9011,97.0549,73.4066,-78.2857,1.7196,4.0691,-95.4269,98.2537,73.3446,-78.7158,0.9303,4.0691,-95.4269,98.2537,73.3446,-78.7158,0.9303,50,0,0,0,0,0,0
426,1786708882.9926,1786708882.9973,0.03336,3.8681,-94.9011,97.0549,73.4066,-78.2857,1.7196,4.2567,-94.6323,97.6696,73.3445,-78.0907,0.9419,4.2567,-94.6323,97.6696,73.3445,-78.0907,0.9419,0,0,0,0,0,0,0
427,1786708883.026,1786708883.0305,0.03338,3.8681,-95.0769,97.0549,73.4066,-78.2857,1.7196,3.8545,-95.1335,97.7874,73.1682,-78.5154,0.8409,3.8545,-95.1335,97.7874,73.1682,-78.5154,0.8409,0,-50,0,0,0,0,0
428,1786708883.0594,1786708883.064,0.03343,3.8681,-95.1648,97.0549,73.4066,-78.2857,1.7196,4.0241,-94.1548,97.1963,73.4898,-78.6087,0.9172,4.0241,-94.1548,97.1963,73.4898,-78.6087,0.9172,0,0,0,0,0,0,0
429,1786708883.0927,1786708883.0974,0.03335,3.8681,-95.0769,97.0549,73.4066,-78.2857,1.5873,3.8123,-94.3923,97.6151,73.2786,-78.4582,0.9895,3.8123,-94.3923,97.6151,73.2786,-78.4582,0.9895,0,0,0,0,0,-50,0
430,1786708883.1261,1786708883.1308,0.03339,3.8681,-95.0769,97.0549,73.4066,-78.2857,1.5873,3.7966,-94.3758,97.6517,73.1412,-79.2084,0.8437,3.7966,-94.3758,97.6517,73.1412,-79.2084,0.8437,0,0,0,0,0,0,0
431,1786708883.1596,1786708883.1642,0.03342,3.8681,-94.8132,97.0549,73.4066,-78.3736,1.5873,3.9178,-94.2299,97.4100,72.8591,-78.3895,0.8994,3.9178,-94.2299,97.4100,72.8591,-78.3895,0.8994,0,100,0,0,0,0,0
432,1786708883.1929,1786708883.1973,0.03338,3.8681,-94.8132,97.0549,73.4066,-78.6374,1.5873,4.1962,-94.2604,97.1816,72.9256,-78.5213,0.9833,4.1962,-94.2604,97.1816,72.9256,-78.5213,0.9833,0,0,0,0,-100,0,0
433,1786708883.2264,1786708883.2307,0.03344,3.8681,-94.8132,97.0549,73.4066,-78.7253,1.5873,3.8739,-94.4396,97.5248,73.2456,-78.6733,0.9995,3.8739,-94.4396,97.5248,73.2456,-78.6733,0.9995,0,0,0,0,0,0,0
434,1786708883.2597,1786708883.2639,0.03335,3.8681,-94.8132,97.0549,73.4066,-78.7253,1.5873,3.5069,-94.9199,97.8777,72.7268,-78.9117,0.9276,3.5069,-94.9199,97.8777,72.7268,-78.9117,0.9276,0,0,0,0,0,0,0
435,1786708883.2931,1786708883.2978,0.03342,3.8681,-94.8132,97.0549,73.4066,-78.7253,1.5873,3.8333,-94.3519,97.3233,72.7763,-78.5980,0.9400,3.8333,-94.3519,97.3233,72.7763,-78.5980,0.9400,0,0,0,0,0,0,0
436,1786708883.3265,1786708883.3312,0.03334,3.8681,-94.8132,97.0549,73.4066,-78.7253,1.5873,3.7789,-94.2218,97.8462,72.7422,-78.7296,0.9391,3.7789,-94.2218,97.8462,72.7422,-78.7296,0.9391,0,0,0,0,0,0,0
437,1786708883.3599,1786708883.3646,0.03338,3.8681,-94.8132,97.0549,73.3187,-78.6374,1.5873,3.3631,-94.6083,97.7288,72.4790,-79.0226,0.9183,3.3631,-94.6083,97.7288,72.4790,-79.0226,0.9183,0,0,0,-50,50,0,0
438,1786708883.3932,1786708883.3979,0.03337,3.8681,-94.8132,97.0549,73.3187,-78.6374,1.5873,3.2744,-94.2369,97.5183,72.5503,-78.9608,0.9897,3.2744,-94.2369,97.5183,72.5503,-78.9608,0.9897,0,0,0,0,0,0,0
439,1786708883.4267,1786708883.4313,0.03342,3.7802,-94.8132,97.0549,73.3187,-78.7253,1.5873,3.5085,-93.7779,97.3702,73.1083,-78.8592,0.9620,3.5085,-93.7779,97.3702,73.1083,-78.8592,0.9620,0,0,0,0,-50,0,0
440,1786708883.4601,1786708883.4645,0.0334,3.6923,-94.8132,97.0549,73.3187,-78.7253,1.5873,3.5417,-94.9095,97.8903,72.9711,-78.9416,0.8966,3.5417,-94.9095,97.8903,72.9711,-78.9416,0.8966,-50,0,0,0,0,0,0
441,1786708883.4935,1786708883.4979,0.03342,3.6044,-94.7253,97.0549,73.3187,-78.7253,1.5873,3.7269,-94.8354,97.6792,73.1991,-78.9338,0.9787,3.7269,-94.8354,97.6792,73.1991,-78.9338,0.9787,-50,50,0,0,0,0,0
442,1786708883.5269,1786708883.5314,0.03339,3.6044,-94.9011,97.0549,73.3187,-78.7253,1.5873,3.6108,-94.7895,98.0197,73.0213,-78.9929,0.9193,3.6108,-94.7895,98.0197,73.0213,-78.9929,0.9193,0,-100,0,0,0,0,0
443,1786708883.5602,1786708883.5647,0.03332,3.6923,-94.9890,97.0549,73.3187,-78.7253,1.5873,3.4847,-95.1824,97.8172,73.1631,-78.3365,0.9611,3.4847,-95.1824,97.8172,73.1631,-78.3365,0.9611,50,-50,0,0,0,0,0
444,1786708883.5936,1786708883.5982,0.03341,3.6923,-94.9890,97.0549,73.3187,-78.7253,1.5873,3.4970,-94.8259,97.5244,72.8929,-78.5742,0.7728,3.4970,-94.8259,97.5244,72.8929,-78.5742,0.7728,0,0,0,0,0,0,0
445,1786708883.6271,1786708883.6317,0.03348,3.6923,-94.9890,97.0549,73.3187,-78.7253,1.5873,3.6433,-94.8418,97.5283,72.8365,-78.0912,0.8015,3.6433,-94.8418,97.5283,72.8365,-78.0912,0.8015,0,0,0,0,0,0,0
446,1786708883.6603,1786708883.6652,0.03326,3.6923,-94.9890,97.0549,73.3187,-78.6374,1.5873,3.1172,-95.5257,97.7915,73.2404,-77.9054,0.8299,3.1172,-95.5257,97.7915,73.2404,-77.9054,0.8299,0,0,0,0,50,0,0
447,1786708883.6938,1786708883.6984,0.03343,3.6923,-94.9890,97.0549,73.3187,-78.6374,1.5873,3.1985,-94.8353,98.0087,72.9753,-78.3797,0.8276,3.1985,-94.8353,98.0087,72.9753,-78.3797,0.8276,0,0,0,0,0,0,0
448,1786708883.7272,1786708883.7315,0.03347,3.6044,-95.0769,97.0549,73.3187,-78.4615,1.5873,3.5814,-95.5592,97.8148,73.6365,-78.3167,0.8323,3.5814,-95.5592,97.8148,73.6365,-78.3167,0.8323,0,0,0,0,100,0,0
449,1786708883.7606,1786708883.7653,0.03334,3.4286,-95.0769,97.0549,73.3187,-78.4615,1.5873,3.4337,-95.2971,97.7076,73.3734,-78.4944,0.8735,3.4337,-95.2971,97.7076,73.3734,-78.4944,0.8735,-50,-50,0,0,0,0,0
450,1786708883.7939,1786708883.9069,0.03335,3.3407,-95.0769,97.0549,73.3187,-78.3736,1.5873,4.0257,-94.2082,97.6810,73.7216,-78.2433,0.8968,4.0257,-94.2082,97.6810,73.7216,-78.2433,0.8968,-50,0,0,0,0,0,1
451,1786708883.9081,1786708883.913,0.11415,3.4286,-95.2527,97.0549,73.3187,-78.3736,1.5873,3.4619,-93.9375,97.4660,73.6109,-78.6469,0.9459,3.4619,-93.9375,97.4660,73.6109,-78.6469,0.9459,0,0,0,0,0,0,1
452,1786708883.9413,1786708883.9461,0.03326,3.4286,-95.2527,97.0549,73.3187,-78.4615,1.5873,3.3895,-94.6173,97.5166,73.5535,-78.4705,0.9968,3.3895,-94.6173,97.5166,73.5535,-78.4705,0.9968,0,0,0,0,-50,0,0
453,1786708883.9747,1786708883.9795,0.03341,3.4286,-95.0769,97.0549,73.3187,-78.4615,1.5873,3.2681,-94.7435,97.7926,73.3165,-78.2593,0.9999,3.2681,-94.7435,97.7926,73.3165,-78.2593,0.9999,0,0,0,0,0,0,0
454,1786708884.0081,1786708884.0123,0.03335,3.4286,-94.9011,97.0549,73.3187,-78.4615,1.5873,3.3995,-94.4938,97.3891,73.8904,-78.4176,1.0856,3.3995,-94.4938,97.3891,73.8904,-78.4176,1.0856,0,50,0,0,0,0,0
455,1786708884.0415,1786708884.046,0.03345,3.4286,-94.9890,97.0549,73.3187,-78.4615,1.5873,3.3933,-94.1541,97.4130,73.3308,-78.3430,1.0813,3.3933,-94.1541,97.4130,73.3308,-78.3430,1.0813,0,0,0,0,0,0,0
456,1786708884.075,1786708884.0796,0.03343,3.4286,-94.9011,97.0549,73.4066,-78.5495,1.5873,3.3556,-94.5502,97.4258,73.3404,-78.6006,0.9980,3.3556,-94.5502,97.4258,73.3404,-78.6006,0.9980,0,50,0,0,0,0,0
457,1786708884.1083,1786708884.113,0.03332,3.4286,-94.9011,97.0549,73.4066,-78.5495,1.5873,3.3735,-94.6273,97.1685,73.0208,-78.7559,0.9673,3.3735,-94.6273,97.1685,73.0208,-78.7559,0.9673,0,0,0,0,0,0,0
458,1786708884.1417,1786708884.1462,0.03343,3.4286,-94.9011,97.0549,73.4066,-78.5495,1.5873,3.3860,-94.8683,97.5791,73.8164,-78.9601,1.0199,3.3860,-94.8683,97.5791,73.8164,-78.9601,1.0199,0,0,0,0,0,0,0
459,1786708884.1751,1786708884.18,0.03338,3.4286,-94.9011,97.0549,73.4066,-78.5495,1.5873,3.0523,-94.7467,97.6918,73.2192,-79.3872,0.9402,3.0523,-94.7467,97.6918,73.2192,-79.3872,0.9402,0,0,0,0,0,0,0
460,1786708884.2085,1786708884.213,0.03337,3.4286,-94.9011,97.0549,73.4945,-78.5495,1.5873,3.3692,-94.3338,97.5791,73.7959,-78.6833,0.8945,3.3692,-94.3338,97.5791,73.7959,-78.6833,0.8945,0,0,0,0,0,0,0
461,1786708884.2419,1786708884.246,0.03338,3.4286,-94.8132,97.0549,73.4945,-78.7253,1.5873,2.9466,-93.7440,97.7877,73.5985,-79.2505,0.9788,2.9466,-93.7440,97.7877,73.5985,-79.2505,0.9788,0,0,0,0,-50,0,0
462,1786708884.2753,1786708884.2799,0.03342,3.4286,-94.8132,97.0549,73.4945,-78.8132,1.5873,3.0046,-94.8077,97.5251,73.3303,-79.1814,0.8987,3.0046,-94.8077,97.5251,73.3303,-79.1814,0.8987,0,50,0,0,-50,0,0
463,1786708884.3086,1786708884.3133,0.03334,3.4286,-94.7253,97.0549,73.4945,-78.9011,1.5873,3.1786,-95.0702,97.8933,73.3727,-79.2852,0.9160,3.1786,-95.0702,97.8933,73.3727,-79.2852,0.9160,0,50,0,0,-50,0,0
464,1786708884.342,1786708884.3467,0.03342,3.3407,-94.9890,97.0549,73.4945,-78.9011,1.5873,3.1136,-94.6099,97.4475,72.9945,-79.4028,1.0467,3.1136,-94.6099,97.4475,72.9945,-79.4028,1.0467,0,-100,0,0,0,0,0
465,1786708884.3754,1786708884.38,0.03338,3.3407,-94.9890,97.0549,73.4945,-78.9011,1.5873,2.9971,-94.8859,97.6973,73.0842,-79.2801,0.9612,2.9971,-94.8859,97.6973,73.0842,-79.2801,0.9612,0,0,0,0,0,0,0
466,1786708884.4088,1786708884.4134,0.03336,3.3407,-94.9011,97.0549,73.4945,-78.9011,1.5873,2.8466,-94.1649,97.7485,72.6360,-79.2413,1.1123,2.8466,-94.1649,97.7485,72.6360,-79.2413,1.1123,0,50,0,0,0,0,0
467,1786708884.4422,1786708884.4467,0.03339,3.3407,-94.9011,97.0549,73.4945,-78.9890,1.5873,3.0158,-94.9330,97.8784,72.3935,-79.2759,0.9105,3.0158,-94.9330,97.8784,72.3935,-79.2759,0.9105,0,0,0,0,0,0,0
468,1786708884.4755,1786708884.4801,0.03336,3.3407,-94.8132,97.0549,73.3187,-78.9890,1.5873,2.8962,-94.0064,97.4394,72.0870,-79.3108,0.9718,2.8962,-94.0064,97.4394,72.0870,-79.3108,0.9718,0,50,0,-50,0,0,0
469,1786708884.5089,1786708884.5136,0.03342,3.3407,-94.8132,97.0549,73.0549,-78.9011,1.5873,2.9657,-94.1935,97.6217,72.3054,-79.6017,1.0945,2.9657,-94.1935,97.6217,72.3054,-79.6017,1.0945,0,0,0,-50,0,0,0
470,1786708884.5423,1786708884.5468,0.03333,3.3407,-94.7253,97.0549,72.7912,-78.9011,1.5873,3.0280,-94.3263,98.2996,72.2775,-79.4237,0.9068,3.0280,-94.3263,98.2996,72.2775,-79.4237,0.9068,0,0,0,-50,0,0,0
471,1786708884.5757,1786708884.5804,0.03343,3.3407,-94.7253,97.0549,72.7912,-78.9890,1.5873,3.0217,-94.7192,97.8441,72.7474,-79.4691,0.8864,3.0217,-94.7192,97.8441,72.7474,-79.4691,0.8864,0,0,0,0,0,0,0
472,1786708884.6091,1786708884.6137,0.03337,3.3407,-94.7253,97.0549,72.7912,-79.0769,1.5873,2.8110,-95.0323,98.0806,72.6595,-79.3853,0.9538,2.8110,-95.0323,98.0806,72.6595,-79.3853,0.9538,0,0,0,0,-50,0,0
473,1786708884.6424,1786708884.6472,0.03337,3.3407,-94.8132,97.0549,72.7912,-79.1648,1.5873,2.9191,-94.4396,97.7693,73.0829,-79.5034,0.9460,2.9191,-94.4396,97.7693,73.0829,-79.5034,0.9460,0,0,0,0,0,0,0
474,1786708884.6758,1786708884.6804,0.03337,3.1648,-94.8132,97.0549,72.7912,-79.2527,1.5873,2.9254,-95.1124,98.1555,72.4112,-79.4445,0.8928,2.9254,-95.1124,98.1555,72.4112,-79.4445,0.8928,-100,0,0,0,0,0,0
475,1786708884.712,1786708884.7177,0.03622,2.9890,-94.8132,97.0549,72.7912,-79.2527,1.5873,2.6456,-94.3641,97.9369,72.6852,-79.5003,0.8694,2.6456,-94.3641,97.9369,72.6852,-79.5003,0.8694,-50,0,0,0,0,0,0
476,1786708884.7427,1786708884.7478,0.03063,2.9890,-94.8132,97.0549,72.7912,-79.2527,1.5873,2.9099,-94.7565,97.8188,72.7328,-79.3584,0.9594,2.9099,-94.7565,97.8188,72.7328,-79.3584,0.9594,0,0,0,0,0,0,0
477,1786708884.7761,1786708884.7811,0.0334,2.9890,-94.8132,97.0549,72.7912,-79.2527,1.5873,3.0452,-94.4499,97.7111,72.8261,-79.6296,0.9556,3.0452,-94.4499,97.7111,72.8261,-79.6296,0.9556,0,0,0,0,0,0,0
478,1786708884.8095,1786708884.8146,0.0334,2.9890,-94.8132,97.0549,72.7912,-79.2527,1.5873,3.0665,-93.6640,97.6759,73.0885,-79.3158,0.9131,3.0665,-93.6640,97.6759,73.0885,-79.3158,0.9131,0,0,0,0,0,0,0
479,1786708884.8428,1786708884.8479,0.03337,2.9890,-94.8132,97.0549,72.7912,-79.2527,1.5873,2.7837,-94.3788,97.9106,72.8460,-79.5084,1.0005,2.7837,-94.3788,97.9106,72.8460,-79.5084,1.0005,0,0,0,0,0,0,0
480,1786708884.8763,1786708884.8807,0.03341,2.9890,-94.6374,97.0549,72.7912,-79.2527,1.5873,3.1087,-94.2494,97.9306,72.2556,-79.2827,0.9338,3.1087,-94.2494,97.9306,72.2556,-79.2827,0.9338,0,100,0,0,0,0,0
481,1786708884.9096,1786708884.9143,0.03336,2.9890,-94.5495,97.0549,72.7912,-79.2527,1.5873,2.5172,-94.4914,97.8094,72.8662,-79.1005,0.8867,2.5172,-94.4914,97.8094,72.8662,-79.1005,0.8867,0,0,0,0,0,0,0
482,1786708884.943,1786708884.9477,0.03342,2.9890,-94.6374,97.0549,72.7033,-79.2527,1.5873,3.0772,-95.0132,97.6441,73.0822,-79.6866,0.7752,3.0772,-95.0132,97.6441,73.0822,-79.6866,0.7752,0,-50,0,0,0,0,0
483,1786708884.9764,1786708884.9807,0.03338,2.9890,-94.6374,97.0549,72.7912,-79.2527,1.5873,3.3579,-93.7106,97.0450,73.3453,-79.3223,0.9649,3.3579,-93.7106,97.0450,73.3453,-79.3223,0.9649,0,0,0,50,0,0,0
484,1786708885.0098,1786708885.014,0.03338,2.9890,-94.6374,97.0549,72.9670,-79.2527,1.5212,2.8430,-94.1137,97.6483,72.6807,-79.3312,0.9142,2.8430,-94.1137,97.6483,72.6807,-79.3312,0.9142,0,0,0,50,0,-50,0
485,1786708885.0432,1786708885.048,0.03344,2.9890,-94.4615,97.0549,72.9670,-79.2527,1.5212,2.7395,-93.9852,97.8747,72.9830,-79.3822,0.8050,2.7395,-93.9852,97.8747,72.9830,-79.3822,0.8050,0,0,0,0,0,0,0
486,1786708885.0766,1786708885.0812,0.03335,2.9890,-94.3736,97.0549,72.8791,-79.3407,1.5212,2.4245,-94.4013,97.6867,72.9746,-79.4542,0.8600,2.4245,-94.4013,97.6867,72.9746,-79.4542,0.8600,0,50,0,-50,-50,0,0
487,1786708885.1099,1786708885.1146,0.03337,2.9890,-94.3736,97.0549,72.8791,-79.3407,1.5212,2.8983,-94.8344,97.9998,72.5191,-79.6885,0.7904,2.8983,-94.8344,97.9998,72.5191,-79.6885,0.7904,0,0,0,0,0,0,0
488,1786708885.1433,1786708885.148,0.0334,2.9890,-94.3736,97.0549,72.8791,-79.3407,1.5212,2.7128,-93.7105,97.6477,73.0984,-79.1808,0.8194,2.7128,-93.7105,97.6477,73.0984,-79.1808,0.8194,0,0,0,0,0,0,0
489,1786708885.1767,1786708885.1815,0.03339,2.9890,-94.3736,97.0549,72.8791,-79.3407,1.5212,3.0851,-93.8328,97.5840,72.5643,-79.4239,0.8932,3.0851,-93.8328,97.5840,72.5643,-79.4239,0.8932,0,0,0,0,0,0,0
490,1786708885.2101,1786708885.2147,0.03337,2.9890,-94.3736,97.0549,72.8791,-79.3407,1.4550,2.5691,-94.3532,98.0482,72.6323,-79.2705,0.7825,2.5691,-94.3532,98.0482,72.6323,-79.2705,0.7825,0,0,0,0,0,-50,0
491,1786708885.2435,1786708885.2481,0.03338,2.9890,-94.2857,97.0549,72.8791,-79.3407,1.4550,2.6897,-93.6687,97.9950,72.5057,-79.1691,0.8708,2.6897,-93.6687,97.9950,72.5057,-79.1691,0.8708,0,0,0,0,0,0,0
492,1786708885.2769,1786708885.2816,0.03345,2.9890,-94.2857,97.0549,72.8791,-79.3407,1.4550,2.4930,-94.2524,97.3814,72.3606,-79.2891,0.8733,2.4930,-94.2524,97.3814,72.3606,-79.2891,0.8733,0,0,0,0,0,0,0
493,1786708885.3103,1786708885.3145,0.03332,2.9890,-94.2857,97.0549,72.8791,-79.3407,1.4550,2.8794,-94.0153,97.1199,72.6673,-79.3037,0.8094,2.8794,-94.0153,97.1199,72.6673,-79.3037,0.8094,0,0,0,0,0,0,0
494,1786708885.3437,1786708885.3479,0.03343,2.9890,-94.2857,97.0549,72.8791,-79.3407,1.4550,2.6433,-94.2373,97.5364,72.3453,-79.2116,0.8798,2.6433,-94.2373,97.5364,72.3453,-79.2116,0.8798,0,0,0,0,0,0,0
495,1786708885.3771,1786708885.3817,0.03339,2.9890,-94.2857,97.0549,72.8791,-79.3407,1.4550,2.7549,-93.9332,97.3313,72.3121,-78.9738,0.8572,2.7549,-93.9332,97.3313,72.3121,-78.9738,0.8572,0,0,0,0,0,0,0
496,1786708885.4105,1786708885.4151,0.03339,2.9890,-94.2857,97.0549,72.8791,-79.3407,1.4550,2.4474,-94.9282,97.1724,71.9656,-78.9866,0.8312,2.4474,-94.9282,97.1724,71.9656,-78.9866,0.8312,0,0,0,0,0,0,0
497,1786708885.4438,1786708885.4484,0.03333,2.9890,-94.2857,97.0549,72.8791,-79.3407,1.4550,2.5219,-93.9778,97.7303,71.9337,-79.5577,0.9051,2.5219,-93.9778,97.7303,71.9337,-79.5577,0.9051,0,0,0,0,0,0,0
498,1786708885.4772,1786708885.4818,0.03338,2.9890,-94.3736,97.0549,72.7912,-79.3407,1.4550,2.3898,-94.0932,97.3263,72.2958,-79.3166,0.8756,2.3898,-94.0932,97.3263,72.2958,-79.3166,0.8756,0,0,0,-50,0,0,0
499,1786708885.5106,1786708885.5152,0.03343,2.9890,-94.3736,97.0549,72.6154,-79.3407,1.4550,2.2587,-94.0242,97.3972,72.0160,-79.7711,0.9528,2.2587,-94.0242,97.3972,72.0160,-79.7711,0.9528,0,-50,0,-50,0,0,0
500,1786708885.544,1786708885.6548,0.0334,2.9890,-94.2857,97.0549,72.6154,-79.3407,1.4550,3.2196,-92.3061,97.1749,72.1380,-79.5019,0.9106,3.2196,-92.3061,97.1749,72.1380,-79.5019,0.9106,0,50,0,0,0,0,1
501,1786708885.6559,1786708885.6608,0.11193,2.6374,-94.2857,97.0549,72.5275,-79.4286,1.4550,3.5651,-92.7967,96.8982,72.2484,-78.9650,0.7876,3.5651,-92.7967,96.8982,72.2484,-78.9650,0.7876,0,0,0,0,0,0,1
502,1786708885.6892,1786708885.6939,0.03322,2.6374,-94.2857,97.0549,72.5275,-79.4286,1.4550,3.3516,-93.9548,98.1264,72.2606,-78.4910,0.7811,3.3516,-93.9548,98.1264,72.2606,-78.4910,0.7811,0,0,0,0,0,0,0
503,1786708885.7226,1786708885.7272,0.0334,2.6374,-94.0220,97.0549,72.5275,-79.4286,1.4550,3.3337,-93.5965,98.0215,72.2671,-79.3911,0.6702,3.3337,-93.5965,98.0215,72.2671,-79.3911,0.6702,0,150,0,0,0,0,0
504,1786708885.756,1786708885.7606,0.03345,2.8132,-94.0220,97.0549,72.5275,-79.1648,1.4550,2.9242,-93.5098,97.4892,71.7850,-79.3631,0.6454,2.9242,-93.5098,97.4892,71.7850,-79.3631,0.6454,50,-50,0,0,50,0,0
505,1786708885.7893,1786708885.7941,0.03333,2.9011,-94.0220,97.1429,72.5275,-79.1648,1.4550,3.1140,-93.6004,97.9912,72.2906,-79.8530,0.6001,3.1140,-93.6004,97.9912,72.2906,-79.8530,0.6001,50,0,50,0,50,0,0
506,1786708885.8227,1786708885.8274,0.03337,2.9011,-94.0220,97.1429,72.3516,-79.2527,1.4550,2.9358,-93.3588,98.0132,71.6667,-79.0561,0.7174,2.9358,-93.3588,98.0132,71.6667,-79.0561,0.7174,0,0,0,-100,-50,0,0
507,1786708885.8562,1786708885.861,0.03346,2.9011,-94.0220,97.1429,72.4396,-79.3407,1.4550,3.0210,-93.0638,97.4660,72.0273,-79.4390,0.7597,3.0210,-93.0638,97.4660,72.0273,-79.4390,0.7597,0,0,0,50,-50,0,0
508,1786708885.8895,1786708885.8941,0.03332,2.9011,-94.0220,97.1429,72.2637,-79.4286,1.4550,3.0499,-93.4127,97.5157,72.0424,-79.1073,0.7618,3.0499,-93.4127,97.5157,72.0424,-79.1073,0.7618,0,0,0,-50,-50,0,0
509,1786708885.9229,1786708885.9274,0.03337,2.9011,-93.8462,97.1429,72.2637,-79.4286,1.4550,3.1960,-93.5122,97.5917,72.9926,-79.3365,1.0771,3.1960,-93.5122,97.5917,72.9926,-79.3365,1.0771,0,100,0,0,0,0,0
510,1786708885.9562,1786708885.9608,0.03337,2.9011,-93.8462,97.1429,72.2637,-79.4286,1.4550,3.1333,-93.4647,97.5650,72.2037,-79.5172,0.8983,3.1333,-93.4647,97.5650,72.2037,-79.5172,0.8983,0,0,0,0,0,0,0
511,1786708885.9896,1786708885.9943,0.03341,2.9011,-93.8462,97.1429,72.4396,-79.5165,1.4550,3.2213,-93.4202,97.8124,72.1922,-79.4816,1.0200,3.2213,-93.4202,97.8124,72.1922,-79.4816,1.0200,0,0,0,50,0,0,0
512,1786708886.023,1786708886.0276,0.03337,2.9011,-93.8462,97.1429,72.4396,-79.5165,1.4550,3.2482,-93.1544,96.9433,72.3156,-79.4170,1.1443,3.2482,-93.1544,96.9433,72.3156,-79.4170,1.1443,0,0,0,0,0,0,0
513,1786708886.0564,1786708886.061,0.03338,2.9011,-93.8462,97.1429,72.4396,-79.5165,1.4550,3.0551,-93.3960,97.5340,72.6277,-79.6803,1.0523,3.0551,-93.3960,97.5340,72.6277,-79.6803,1.0523,0,0,0,0,0,0,0
514,1786708886.0898,1786708886.0944,0.03337,2.9011,-93.8462,96.9670,72.4396,-79.5165,1.4550,2.8831,-93.3496,97.6019,72.3259,-80.1918,0.8837,2.8831,-93.3496,97.6019,72.3259,-80.1918,0.8837,0,0,-50,0,0,0,0
515,1786708886.1232,1786708886.1279,0.03343,2.9011,-93.8462,96.9670,72.4396,-79.5165,1.4550,2.9717,-94.4246,97.8468,73.1986,-79.9141,1.1069,2.9717,-94.4246,97.8468,73.1986,-79.9141,1.1069,0,0,0,0,0,0,0
516,1786708886.1566,1786708886.1612,0.03337,2.9011,-93.8462,96.9670,72.4396,-79.6923,1.4550,2.8845,-94.4651,97.9610,72.5094,-80.8607,0.9654,2.8845,-94.4651,97.9610,72.5094,-80.8607,0.9654,0,0,0,0,-50,0,0
517,1786708886.19,1786708886.1946,0.03348,2.9011,-94.1099,96.9670,72.5275,-79.6923,1.4550,3.1215,-93.9849,97.6159,72.2588,-80.2276,0.9918,3.1215,-93.9849,97.6159,72.2588,-80.2276,0.9918,0,-100,0,0,0,0,0
518,1786708886.2233,1786708886.2279,0.03327,2.9011,-94.1978,96.9670,72.5275,-79.9560,1.4550,2.8506,-93.5440,97.6150,72.3897,-79.9537,0.9793,2.8506,-93.5440,97.6150,72.3897,-79.9537,0.9793,0,-50,0,-50,-50,0,0
519,1786708886.2567,1786708886.2613,0.0334,2.9011,-94.1978,96.9670,72.4396,-80.2198,1.4550,2.5346,-94.3238,97.6117,72.9085,-80.3196,0.9537,2.5346,-94.3238,97.6117,72.9085,-80.3196,0.9537,0,0,0,0,-50,0,0
520,1786708886.2902,1786708886.2948,0.03347,2.9011,-94.1978,96.9670,72.4396,-80.1319,1.4550,3.1527,-94.1734,97.9054,72.7041,-80.2193,0.9064,3.1527,-94.1734,97.9054,72.7041,-80.2193,0.9064,0,0,0,0,50,0,0
521,1786708886.3235,1786708886.328,0.03328,2.9011,-94.2857,97.0549,72.4396,-80.1319,1.4550,3.2175,-93.4323,97.5050,72.1874,-80.2089,0.9992,3.2175,-93.4323,97.5050,72.1874,-80.2089,0.9992,0,0,50,0,0,0,0
522,1786708886.3569,1786708886.3615,0.03347,2.9011,-94.2857,97.0549,72.4396,-80.1319,1.4550,3.0574,-93.0663,97.2063,72.5200,-80.1818,0.9377,3.0574,-93.0663,97.2063,72.5200,-80.1818,0.9377,0,0,0,0,0,0,0
523,1786708886.3903,1786708886.395,0.03337,2.9011,-94.1099,97.0549,72.4396,-80.0440,1.4550,2.6497,-94.4642,97.8063,73.1304,-80.3492,0.9640,2.6497,-94.4642,97.8063,73.1304,-80.3492,0.9640,0,50,0,0,50,0,0
524,1786708886.4237,1786708886.4282,0.03338,2.9011,-93.9341,96.9670,72.4396,-80.2198,1.4550,3.0098,-93.2881,97.3782,73.1125,-79.9912,0.9005,3.0098,-93.2881,97.3782,73.1125,-79.9912,0.9005,0,100,0,0,0,0,0
525,1786708886.457,1786708886.4617,0.03334,2.9011,-94.1099,97.0549,72.6154,-80.2198,1.4550,2.4993,-93.9643,97.4552,72.8606,-80.2707,0.8177,2.4993,-93.9643,97.4552,72.8606,-80.2707,0.8177,0,0,50,100,0,0,0
526,1786708886.4904,1786708886.495,0.03343,2.9011,-94.1978,97.0549,72.7033,-80.2198,1.4550,2.9483,-93.8530,97.3389,72.8562,-80.1761,0.8439,2.9483,-93.8530,97.3389,72.8562,-80.1761,0.8439,0,0,0,50,0,0,0
527,1786708886.5238,1786708886.5284,0.03337,2.9011,-94.1978,97.0549,72.7033,-80.2198,1.4550,3.0810,-93.8090,97.6640,72.8669,-80.3423,0.8844,3.0810,-93.8090,97.6640,72.8669,-80.3423,0.8844,0,0,0,0,0,0,0
528,1786708886.5572,1786708886.5617,0.03338,2.9011,-94.1978,97.0549,72.7033,-80.2198,1.4550,3.0851,-93.4656,97.0219,72.8152,-80.6988,0.8786,3.0851,-93.4656,97.0219,72.8152,-80.6988,0.8786,0,0,0,0,0,0,0
529,1786708886.5906,1786708886.5951,0.03337,2.9011,-94.1978,97.0549,72.7033,-80.2198,1.4550,2.5632,-93.0929,97.5205,72.6786,-80.4045,0.9549,2.5632,-93.0929,97.5205,72.6786,-80.4045,0.9549,0,0,0,0,0,0,0
530,1786708886.6239,1786708886.6285,0.03337,2.9011,-94.1978,97.0549,72.7033,-80.2198,1.4550,2.7097,-93.8598,97.2020,72.6306,-80.2131,0.8720,2.7097,-93.8598,97.2020,72.6306,-80.2131,0.8720,0,0,0,0,0,0,0
531,1786708886.6573,1786708886.6621,0.03342,2.9011,-94.1978,97.0549,72.7033,-80.3077,1.4550,2.7520,-93.6340,97.3867,72.8408,-80.3194,0.9113,2.7520,-93.6340,97.3867,72.8408,-80.3194,0.9113,0,0,0,0,-50,0,0
532,1786708886.6907,1786708886.6953,0.03339,2.9011,-94.1978,97.0549,72.7033,-80.3077,1.4550,2.7539,-92.6170,97.0946,72.5566,-80.1159,0.9967,2.7539,-92.6170,97.0946,72.5566,-80.1159,0.9967,0,0,0,0,0,0,0
533,1786708886.7241,1786708886.7287,0.03336,2.9011,-94.1978,97.0549,72.7033,-80.3077,1.4550,2.8898,-93.7910,97.0137,72.4702,-80.5888,1.0171,2.8898,-93.7910,97.0137,72.4702,-80.5888,1.0171,0,0,0,0,0,0,0
534,1786708886.7576,1786708886.7595,0.03346,2.9011,-94.0220,97.0549,72.7033,-80.3077,1.4550,2.8876,-94.0478,97.0526,72.7256,-80.3323,1.4625,2.8876,-94.0478,97.0526,72.7256,-80.3323,1.4625,0,0,0,0,0,0,0
