step,t_obs,t_cmd,dt,pos_shoulder_pan,pos_shoulder_lift,pos_elbow_flex,pos_wrist_flex,pos_wrist_roll,pos_gripper,cmd_shoulder_pan,cmd_shoulder_lift,cmd_elbow_flex,cmd_wrist_flex,cmd_wrist_roll,cmd_gripper,sent_shoulder_pan,sent_shoulder_lift,sent_elbow_flex,sent_wrist_flex,sent_wrist_roll,sent_gripper,velraw_shoulder_pan,velraw_shoulder_lift,velraw_elbow_flex,velraw_wrist_flex,velraw_wrist_roll,velraw_gripper,chunk_start
0,1786707649.3556,1786707649.6367,0.05399,0.0879,-90.4176,97.2308,61.0989,-84.1758,2.9101,-0.9330,-90.2290,98.1269,63.4291,-86.6083,2.4703,-0.9330,-90.2290,98.1269,63.4291,-86.6083,2.4703,0,0,0,0,0,0,1
1,1786707649.6378,1786707649.6433,0.28219,0.0879,-90.4176,97.2308,61.0989,-84.1758,2.9101,-1.0682,-89.3417,97.0390,64.2957,-86.2819,2.6266,-1.0682,-89.3417,97.0390,64.2957,-86.2819,2.6266,0,0,0,0,0,0,1
2,1786707649.6712,1786707649.6761,0.03334,0.0879,-90.4176,97.2308,61.0989,-84.1758,2.9101,-0.8598,-90.4267,99.9205,60.9930,-83.8349,1.9449,-0.8598,-90.4267,99.9205,60.9930,-83.8349,1.9449,0,0,0,0,0,0,0
3,1786707649.7045,1786707649.71,0.03336,-0.2637,-90.4176,97.2308,62.0659,-85.0549,2.9101,-1.1665,-88.9066,96.9059,62.5820,-83.2687,2.0532,-1.1665,-88.9066,96.9059,62.5820,-83.2687,2.0532,-150,0,0,350,-400,0,0
4,1786707649.738,1786707649.7422,0.03346,-0.7912,-90.3297,97.3187,63.2088,-85.3187,2.5794,-1.5322,-88.5896,95.1294,65.7646,-84.0566,2.1169,-1.5322,-88.5896,95.1294,65.7646,-84.0566,2.1169,-100,0,50,500,-150,-200,0
5,1786707649.7713,1786707649.7755,0.03332,-0.7912,-89.9780,97.4066,62.9451,-84.7912,2.4471,0.1485,-87.8863,96.6771,63.3788,-82.1813,2.0052,0.1485,-87.8863,96.6771,63.3788,-82.1813,2.0052,-50,150,50,-100,200,-50,0
6,1786707649.8047,1786707649.8089,0.0334,-0.7033,-89.8022,96.8791,62.8571,-84.0879,2.4471,0.7968,-88.4585,94.0675,63.6040,-83.7353,1.8218,0.7968,-88.4585,94.0675,63.6040,-83.7353,1.8218,50,50,-150,0,200,0,0
7,1786707649.8381,1786707649.8424,0.03342,-0.7033,-89.1868,96.1758,63.2088,-83.7363,2.4471,-0.1491,-89.0206,94.4775,63.0335,-82.3255,1.8629,-0.1491,-89.0206,94.4775,63.0335,-82.3255,1.8629,0,200,-250,150,0,0,0
8,1786707649.8715,1786707649.8757,0.03336,-0.0879,-88.8352,95.6484,63.2088,-83.2088,2.3148,-0.2565,-89.3282,95.1346,65.6631,-83.5781,1.9540,-0.2565,-89.3282,95.1346,65.6631,-83.5781,1.9540,150,50,-200,0,200,-50,0
9,1786707649.9049,1786707649.9093,0.03343,0.1758,-88.9231,95.4725,63.2088,-83.2088,2.3148,-0.0951,-89.2922,96.8861,64.6132,-83.2531,2.1210,-0.0951,-89.2922,96.8861,64.6132,-83.2531,2.1210,100,0,-50,0,0,0,0
10,1786707649.9383,1786707649.9426,0.03341,-0.3516,-89.2747,95.5604,63.7363,-83.2967,2.3148,-0.0872,-90.2774,96.5838,66.2729,-82.9762,1.8709,-0.0872,-90.2774,96.5838,66.2729,-82.9762,1.8709,-250,-150,50,50,0,0,0
11,1786707649.9717,1786707649.9758,0.03335,-0.3516,-89.3626,95.8242,64.7033,-83.4725,2.3148,0.5153,-90.9509,93.9463,67.8819,-82.9020,1.7046,0.5153,-90.9509,93.9463,67.8819,-82.9020,1.7046,0,0,50,300,-100,0,0
12,1786707650.0051,1786707650.0094,0.03345,0.0000,-89.8901,96.0879,65.3187,-83.3846,2.2487,1.0458,-88.0314,95.4611,67.2434,-82.9021,1.9807,1.0458,-88.0314,95.4611,67.2434,-82.9021,1.9807,150,-150,150,200,100,0,0
13,1786707650.0385,1786707650.0427,0.03342,0.0000,-90.3297,95.6484,66.2857,-83.2967,2.1825,1.5347,-89.9398,95.5090,67.4474,-82.6102,2.1418,1.5347,-89.9398,95.5090,67.4474,-82.6102,2.1418,0,-200,-200,250,50,0,0
14,1786707650.0719,1786707650.0761,0.03336,0.0879,-90.0659,95.2967,66.7253,-83.2088,2.1825,1.5642,-90.1320,95.9823,67.9761,-82.5342,2.1177,1.5642,-90.1320,95.9823,67.9761,-82.5342,2.1177,0,150,-200,250,0,0,0
15,1786707650.1053,1786707650.1097,0.03338,0.6154,-89.4505,95.4725,66.8132,-83.2088,2.1825,0.7986,-89.5380,97.2613,69.1979,-83.7017,2.0433,0.7986,-89.5380,97.2613,69.1979,-83.7017,2.0433,200,250,50,0,-50,0,0
16,1786707650.1387,1786707650.143,0.03339,0.7912,-89.8022,95.7363,67.2527,-83.1209,2.1825,0.9248,-89.2989,96.7128,68.6613,-83.8688,1.9553,0.9248,-89.2989,96.7128,68.6613,-83.8688,1.9553,50,-100,100,150,0,0,0
17,1786707650.1721,1786707650.177,0.03345,0.7033,-89.8901,96.0879,67.8681,-83.3846,2.1825,1.8943,-89.5875,94.5103,70.7214,-82.7635,2.1543,1.8943,-89.5875,94.5103,70.7214,-82.7635,2.1543,0,0,50,250,-100,0,0
18,1786707650.2055,1786707650.21,0.03332,0.7033,-89.8901,96.2637,67.9560,-83.5604,2.1825,1.2515,-89.3212,93.9874,70.5753,-81.4825,1.9369,1.2515,-89.3212,93.9874,70.5753,-81.4825,1.9369,0,0,100,0,0,0,0
19,1786707650.2389,1786707650.2431,0.03341,1.0549,-89.8901,95.8242,68.3956,-83.3846,2.1825,1.9004,-88.7630,93.4772,68.9839,-81.4594,2.0686,1.9004,-88.7630,93.4772,68.9839,-81.4594,2.0686,150,0,-200,200,0,0,0
20,1786707650.2722,1786707650.277,0.03338,1.1429,-89.8901,95.2088,69.2747,-82.5934,2.1825,0.9621,-90.0651,94.7372,68.6744,-80.4866,2.0901,0.9621,-90.0651,94.7372,68.6744,-80.4866,2.0901,50,0,-250,350,300,0,0
21,1786707650.3056,1786707650.3101,0.03338,1.1429,-89.8901,95.0330,69.1868,-82.1538,2.1825,0.9299,-88.3121,93.6989,66.9771,-81.9880,2.0720,0.9299,-88.3121,93.6989,66.9771,-81.9880,2.0720,0,0,-100,0,100,0,0
22,1786707650.3391,1786707650.3434,0.03343,1.2308,-90.0659,95.1209,68.9231,-81.6264,2.1825,-0.3556,-89.2326,93.0376,69.1519,-80.4523,2.0024,-0.3556,-89.2326,93.0376,69.1519,-80.4523,2.0024,50,0,50,-100,150,0,0
23,1786707650.3724,1786707650.3766,0.03335,1.1429,-90.0659,95.1209,68.3077,-81.6264,2.1825,-2.3101,-89.5926,89.7141,68.6177,-78.8169,1.9947,-2.3101,-89.5926,89.7141,68.6177,-78.8169,1.9947,-50,0,-50,-150,50,0,0
24,1786707650.4058,1786707650.4101,0.0334,0.7033,-89.7143,94.7692,67.8681,-81.8901,2.1825,-1.8671,-90.2543,91.5535,69.8418,-80.9080,1.9171,-1.8671,-90.2543,91.5535,69.8418,-80.9080,1.9171,-100,100,-100,-200,-100,0,0
25,1786707650.4392,1786707650.4433,0.03341,-0.6154,-89.7143,94.2418,68.4835,-81.0110,2.1825,-1.0055,-90.4761,94.5359,69.6269,-80.9786,1.8791,-1.0055,-90.4761,94.5359,69.6269,-80.9786,1.8791,-400,0,-150,250,150,0,0
26,1786707650.4726,1786707650.4767,0.03339,-1.4066,-89.7143,93.3626,69.0110,-79.9560,2.1825,0.5654,-87.7069,93.9929,67.8569,-80.9589,2.2042,0.5654,-87.7069,93.9929,67.8569,-80.9589,2.2042,-150,50,-300,250,450,0,0
27,1786707650.506,1786707650.5102,0.03336,-0.8791,-90.3297,93.5385,69.1868,-80.4835,2.1825,-1.5859,-89.1304,90.3721,68.7635,-78.2402,2.2114,-1.5859,-89.1304,90.3721,68.7635,-78.2402,2.2114,50,-250,-50,50,-200,0,0
28,1786707650.5394,1786707650.5437,0.03338,-0.2637,-89.8901,94.2418,68.9231,-80.8352,2.1825,-0.5745,-90.4903,93.6629,69.9750,-81.2720,2.1350,-0.5745,-90.4903,93.6629,69.9750,-81.2720,2.1350,250,0,300,-100,-300,0,0
29,1786707650.5728,1786707650.5769,0.03342,-0.2637,-89.0110,94.2418,68.5714,-80.3956,2.1825,-1.1707,-88.5601,93.8056,67.4633,-82.3363,2.2525,-1.1707,-88.5601,93.8056,67.4633,-82.3363,2.2525,-50,350,-50,-200,100,0,0
30,1786707650.6061,1786707650.6105,0.03337,-0.4396,-89.3626,94.1538,69.2747,-79.5165,2.1825,-0.5987,-87.6849,90.3764,69.0673,-80.9141,2.2486,-0.5987,-87.6849,90.3764,69.0673,-80.9141,2.2486,0,-150,-50,250,300,0,0
31,1786707650.6396,1786707650.6437,0.0334,-0.7033,-89.9780,94.3297,69.3626,-79.7802,2.1825,-1.3724,-86.7964,87.2535,69.8658,-81.8189,2.1590,-1.3724,-86.7964,87.2535,69.8658,-81.8189,2.1590,-100,-150,100,0,-250,0,0
32,1786707650.673,1786707650.6772,0.03343,-0.8791,-89.5385,93.9780,69.2747,-80.6593,2.1825,-1.1175,-88.3158,87.8779,70.0841,-80.3636,2.1809,-1.1175,-88.3158,87.8779,70.0841,-80.3636,2.1809,-50,50,-150,-50,-300,0,0
33,1786707650.7064,1786707650.7106,0.03337,-0.8791,-88.2198,92.5714,69.6264,-81.0989,2.1825,-1.0147,-85.4026,83.4040,73.7861,-81.8022,2.3041,-1.0147,-85.4026,83.4040,73.7861,-81.8022,2.3041,0,550,-450,150,-150,0,0
34,1786707650.7397,1786707650.7441,0.03339,-0.8791,-87.8681,90.8132,69.8901,-81.0110,2.1825,-1.1712,-88.5836,89.5527,73.9111,-80.6790,2.2713,-1.1712,-88.5836,89.5527,73.9111,-80.6790,2.2713,0,50,-600,50,50,0,0
35,1786707650.7731,1786707650.7776,0.0334,-0.8791,-88.0440,89.4066,70.6813,-80.7473,2.1825,0.0299,-82.7591,78.7707,74.0977,-79.6472,2.5006,0.0299,-82.7591,79.2308,74.0977,-79.6472,2.5006,0,-50,-500,150,150,0,0
36,1786707650.8065,1786707650.8108,0.03338,-0.8791,-88.1319,87.5604,72.1758,-81.0989,2.1825,-2.0586,-82.4458,81.8502,74.4354,-80.0836,2.3802,-2.0586,-82.4458,81.8502,74.4354,-80.0836,2.3802,0,0,-700,500,-100,0,0
37,1786707650.84,1786707650.8443,0.03345,-0.8791,-88.3077,85.9780,72.9670,-80.3956,2.1825,-1.3490,-70.4025,67.6211,72.7598,-71.5231,2.5334,-1.3490,-78.2198,75.7143,72.7598,-71.5231,2.5334,0,0,-500,200,200,0,0
38,1786707650.8733,1786707650.8777,0.03337,-0.7912,-86.6374,84.1319,73.3187,-80.3956,2.1825,0.1376,-65.7928,63.8505,76.8223,-67.4819,2.6037,0.1376,-76.3736,73.8681,76.8223,-70.3956,2.6037,50,400,-650,100,100,0,0
39,1786707650.9067,1786707650.9111,0.03338,-0.7912,-84.0000,82.4615,73.3187,-79.6923,2.2487,-1.1482,-59.1635,57.5656,77.2510,-62.9292,2.5961,-1.1482,-73.6484,72.1978,77.2510,-69.5165,2.5961,0,850,-500,0,250,0,0
40,1786707650.9401,1786707650.9445,0.03339,-0.9670,-80.9231,80.0000,73.1429,-77.3187,2.3148,1.9852,-56.7932,56.2298,76.8647,-56.0034,2.7145,1.9852,-70.6593,69.5604,76.8647,-66.9670,2.7145,-100,1100,-850,-100,850,50,0
41,1786707650.9736,1786707650.9783,0.03344,-0.6154,-78.1978,77.5385,74.2857,-74.5055,2.3148,3.2907,-58.5990,58.5841,77.2198,-53.9837,2.5504,3.2907,-67.8462,67.1868,77.2198,-64.1538,2.5504,100,950,-800,450,1150,0,0
42,1786707651.0069,1786707651.0114,0.03334,-0.2637,-75.5604,75.3407,75.7802,-71.7802,2.4471,5.1366,-61.0819,57.6993,78.8437,-49.3729,2.8721,5.1366,-65.1209,65.0769,78.8437,-61.4286,2.8721,100,900,-750,600,950,50,0
43,1786707651.0403,1786707651.0446,0.03337,0.4396,-72.6593,72.9670,76.2198,-68.7912,2.4471,5.3073,-55.5159,55.3072,79.4153,-49.6487,2.7513,5.3073,-62.3956,62.6154,79.4153,-58.4396,2.7513,50,900,-800,150,1050,0,0
44,1786707651.0737,1786707651.0781,0.0334,2.3736,-70.1099,70.5934,77.0989,-66.3297,2.5132,6.4959,-62.6309,62.6008,78.8416,-51.1978,2.8601,6.4959,-62.6309,62.6008,78.8416,-56.0659,2.8601,650,850,-800,400,850,50,0
45,1786707651.107,1786707651.1114,0.03338,3.9560,-67.2088,68.3077,78.1538,-63.5165,2.5132,7.9081,-58.4460,60.0785,76.8127,-45.4749,2.7263,7.9081,-58.4460,60.0785,76.8127,-53.0769,2.7263,400,950,-800,400,1000,0,0
46,1786707651.1405,1786707651.1447,0.03343,4.2198,-65.3626,66.7253,78.0659,-60.6154,2.5794,9.4582,-56.8791,58.7339,76.7046,-42.2454,2.7096,9.4582,-56.8791,58.7339,76.7046,-50.2637,2.7096,150,600,-600,-50,950,50,0
47,1786707651.1739,1786707651.1785,0.03343,5.5385,-63.9560,65.5824,77.8901,-57.9780,2.5794,10.9149,-56.1940,58.6822,75.2084,-42.3371,2.7008,10.9149,-56.1940,58.6822,75.2084,-47.6264,2.7008,450,500,-400,-100,950,0,0
48,1786707651.2072,1786707651.2115,0.03332,7.4725,-62.0220,63.4725,77.2747,-55.4286,2.5794,9.5678,-62.9655,67.2596,74.8111,-45.7433,2.7002,9.5678,-62.9655,67.2596,74.8111,-45.7433,2.7002,700,650,-650,-200,850,0,0
49,1786707651.2406,1786707651.2449,0.03342,8.6154,-59.8242,62.2418,76.5714,-52.6154,2.5794,8.2047,-68.4521,75.5899,74.1518,-52.6169,2.6030,8.2047,-68.4521,72.1538,74.1518,-52.6169,2.6030,450,750,-500,-250,950,0,0
50,1786707651.274,1786707651.3893,0.0334,8.9670,-58.6813,62.2418,75.7802,-50.0659,2.5794,15.0142,-33.4409,34.7347,83.0315,-34.5201,2.6243,15.0142,-55.3626,60.4176,83.0315,-41.2967,2.6243,150,250,0,-300,950,0,1
51,1786707651.3904,1786707651.3953,0.1164,8.4396,-65.3626,70.4176,74.8132,-51.3846,2.5794,17.2491,-31.5729,32.5900,81.3784,-34.1065,2.5555,17.2491,-55.5385,60.5934,81.3784,-41.4725,2.5555,150,-550,650,0,-600,0,1
52,1786707651.4237,1786707651.4283,0.03328,8.5275,-66.2418,71.1209,74.8132,-51.6484,2.5794,18.1771,-27.8584,26.7644,83.3843,-29.3047,2.5219,18.1771,-56.2418,61.1209,83.3843,-41.6484,2.5219,0,-350,350,0,-100,0,0
53,1786707651.4571,1786707651.4616,0.0334,8.7912,-66.1538,70.7692,75.5165,-51.0330,2.5794,18.7886,-28.4487,26.1212,80.5652,-28.4598,2.7069,18.7886,-56.0659,60.6813,80.5652,-40.7692,2.7069,-150,0,-100,200,350,0,0
54,1786707651.4905,1786707651.4955,0.03342,11.2527,-64.2198,69.0989,77.8901,-48.8352,2.5794,20.2144,-20.3561,22.9700,80.7145,-24.5996,2.7994,20.2144,-53.7802,58.7473,80.7145,-38.4835,2.7994,800,800,-600,900,700,0,0
55,1786707651.5239,1786707651.5285,0.03337,14.5055,-60.8791,66.4615,80.1758,-45.9341,2.5794,20.8051,-14.7915,16.4914,84.4257,-21.1021,2.3963,20.8051,-50.5275,56.1099,84.4257,-35.4945,2.3963,1100,1050,-900,850,1050,0,0
56,1786707651.5573,1786707651.5617,0.03337,16.6154,-58.0659,64.1758,81.3187,-43.1209,2.5794,22.6516,-13.4066,12.8241,85.9875,-18.0095,2.6177,22.6516,-47.8022,53.9121,85.9875,-32.7692,2.6177,850,950,-750,400,900,0,0
57,1786707651.5907,1786707651.5953,0.0334,17.9341,-55.4286,61.8901,81.9341,-40.3956,2.5132,23.8124,-6.6873,9.2853,87.1934,-17.8156,2.3074,23.8124,-45.0769,51.5385,87.1934,-29.9560,2.3074,400,900,-850,250,900,0,0
58,1786707651.624,1786707651.6285,0.03337,19.3407,-52.7033,59.2527,83.5165,-37.5824,2.5132,23.1742,-6.8265,11.0595,86.7226,-17.0296,2.9779,23.1742,-42.2637,48.9890,86.7226,-27.2308,2.9779,500,900,-850,350,900,0,0
59,1786707651.6574,1786707651.6618,0.03338,21.0989,-49.8022,57.0549,85.1868,-34.8571,2.5132,23.6854,-6.0846,7.0259,89.2841,-13.6502,2.4634,23.6854,-39.4505,46.7912,89.2841,-24.5055,2.4634,650,950,-800,600,950,0,0
60,1786707651.6909,1786707651.6953,0.03344,21.9780,-46.8132,54.6813,85.4505,-32.1319,2.6455,25.3877,-3.2891,2.7905,89.7455,-12.6834,2.6352,25.3877,-36.4615,44.4176,89.7455,-21.7802,2.6352,350,1000,-850,100,900,100,0
61,1786707651.7242,1786707651.7286,0.03336,22.1538,-44.0879,52.2198,86.4176,-29.4066,2.6455,26.8118,0.7138,-0.3443,90.7558,-9.5320,2.8566,26.8118,-33.7363,41.9560,90.7558,-19.0549,2.8566,50,950,-800,100,950,0,0
62,1786707651.7576,1786707651.7621,0.03338,23.0330,-41.1868,49.8462,88.1758,-26.4176,2.6455,27.3364,1.4563,-5.2324,91.9274,-8.7405,2.5839,27.3364,-30.8352,39.4945,91.9274,-16.0659,2.5839,150,950,-850,650,1050,0,0
63,1786707651.791,1786707651.7955,0.03342,24.8791,-38.1978,47.5604,89.0549,-23.9560,2.6455,26.9557,-1.3426,-1.7179,92.1489,-7.5447,2.7245,26.9557,-27.9341,37.2967,92.1489,-13.5165,2.7245,550,1000,-750,350,800,0,0
64,1786707651.8244,1786707651.8289,0.03338,25.9341,-35.3846,45.1868,89.9341,-21.1429,2.6455,28.3340,7.6986,-9.5265,91.6276,-4.2865,3.0659,28.3340,-25.0330,34.8352,91.6276,-10.7912,3.0659,350,1000,-800,200,900,0,0
65,1786707651.8578,1786707651.8621,0.03336,25.9341,-32.5714,42.6374,90.9011,-18.3297,2.6455,29.0147,4.8292,-7.3175,91.1335,-3.7004,3.1119,29.0147,-22.1319,32.3736,91.1335,-7.9780,3.1119,0,950,-800,300,950,0,0
66,1786707651.8911,1786707651.8957,0.03338,26.2857,-29.6703,40.2637,90.9890,-15.6044,2.7778,28.5990,5.0079,-6.9033,89.1005,-3.2772,3.4325,28.5990,-19.2308,30.0000,89.1005,-5.2527,3.4325,0,1000,-750,50,900,50,0
67,1786707651.9245,1786707651.929,0.0334,27.5165,-26.5934,37.9780,90.5495,-12.7912,2.9101,28.0890,2.3285,-8.0096,88.5395,-2.7733,3.1329,28.0890,-16.2418,27.6264,88.5395,-2.7733,3.1329,350,1000,-800,-150,950,50,0
68,1786707651.958,1786707651.963,0.03344,27.9560,-23.6044,35.5165,90.3736,-9.9780,3.0423,31.1831,6.1225,-7.8170,87.3312,-4.8861,3.8483,31.1831,-13.1648,25.1648,87.3312,-4.8861,3.8483,50,1050,-800,-50,950,100,0
69,1786707651.9913,1786707651.9961,0.03333,27.8681,-20.5275,33.0549,89.2308,-7.4286,3.0423,31.3423,3.9610,-6.7693,86.3114,-4.5648,3.7753,31.3423,-10.2637,22.7033,86.3114,-4.5648,3.7753,0,1050,-850,-450,950,0,0
70,1786707652.0247,1786707652.0294,0.03341,28.0440,-17.6264,30.5934,88.4396,-5.7582,3.3069,31.2962,4.4408,-7.3998,86.5459,-3.9535,3.7587,31.2962,-7.2747,20.3297,86.5459,-3.9535,3.7587,50,1000,-850,-250,600,150,0
71,1786707652.0581,1786707652.063,0.03338,29.2747,-14.6374,28.3077,87.6484,-5.7582,3.4392,33.3818,1.3336,-3.3902,84.9381,-2.6107,4.0400,33.3818,-4.1978,17.9560,84.9381,-2.6107,4.0400,400,1000,-800,-200,-150,150,0
72,1786707652.0915,1786707652.0959,0.03343,30.4176,-11.5604,25.8462,87.1209,-5.3187,3.4392,34.8109,2.3595,-1.0983,84.3368,-2.9798,3.7902,34.8109,-1.1209,15.5824,84.3368,-2.9798,3.7902,500,1050,-850,-100,0,0,0
73,1786707652.1249,1786707652.1292,0.03335,31.2967,-8.4835,23.3846,86.6813,-4.2637,3.5053,35.0081,4.6812,-0.7491,84.2251,-4.1783,3.7541,35.0081,1.8681,13.1209,84.2251,-4.1783,3.7541,300,1000,-800,-200,400,50,0
74,1786707652.1583,1786707652.1626,0.03337,32.2637,-5.4066,21.0110,85.2747,-3.9121,3.5053,36.6213,7.6718,-1.4310,82.7686,-8.0357,3.8783,36.6213,4.9451,10.6593,82.7686,-8.0357,3.8783,450,1000,-800,-500,100,0,0
75,1786707652.1916,1786707652.1965,0.03337,33.3187,-2.3297,18.5495,84.9231,-4.2637,3.5053,38.7852,4.9535,0.4439,81.8334,-6.5711,3.8394,38.7852,4.9535,8.1978,81.8334,-6.5711,3.8394,350,1050,-850,-100,-50,0,0
76,1786707652.225,1786707652.23,0.03337,34.7253,0.7473,16.1758,84.3956,-5.2308,3.5714,37.2106,3.2803,4.9367,79.4818,-6.8063,3.5689,37.2106,3.2803,5.8242,79.4818,-6.8063,3.5689,450,1050,-800,-200,-250,0,0
77,1786707652.2585,1786707652.2632,0.03344,35.9560,2.9451,13.8901,82.8132,-6.5495,3.5714,38.2670,8.1930,3.4574,81.1331,-2.7716,3.7986,38.2670,8.1930,3.5385,81.1331,-2.7716,3.7986,400,700,-800,-550,-400,0,0
78,1786707652.2918,1786707652.2967,0.03339,37.0989,3.3846,11.7802,82.0220,-6.6374,3.5714,37.7515,5.3478,4.2830,81.2273,-3.0059,3.6063,37.7515,5.3478,4.2830,81.2273,-3.0059,3.6063,400,250,-650,-300,-200,0,0
79,1786707652.3253,1786707652.3299,0.03344,37.5385,3.3846,9.3187,81.0549,-5.4945,3.5714,35.7987,4.8318,7.0431,78.3618,-4.3711,3.5160,35.7987,4.8318,7.0431,78.3618,-4.3711,3.5160,150,0,-850,-400,350,0,0
80,1786707652.3586,1786707652.3628,0.03337,37.5385,4.1758,7.3846,80.8791,-4.3516,3.5714,36.8181,3.5347,12.2404,78.5917,-3.8613,3.4155,36.8181,3.5347,12.2404,78.5917,-3.8613,3.4155,0,350,-800,-250,400,0,0
81,1786707652.392,1786707652.3963,0.03337,37.0110,4.6154,7.6484,80.7912,-4.2637,3.5714,37.7597,1.8784,12.3256,78.0184,-3.1194,3.6407,37.7597,1.8784,12.3256,78.0184,-3.1194,3.6407,-100,200,-50,50,0,0,0
82,1786707652.4254,1786707652.4297,0.03337,36.3956,4.8791,9.4945,80.2637,-4.4396,3.5053,36.7155,3.5041,12.5922,77.1454,-3.5713,3.7971,36.7155,3.5041,12.5922,77.1454,-3.5713,3.7971,-250,100,700,-150,-100,0,0
83,1786707652.4588,1786707652.4631,0.03341,36.5714,4.9670,11.2527,78.9451,-3.9121,3.5053,36.7697,2.2253,14.3483,75.5801,-2.0821,3.6033,36.7697,2.2253,14.3483,75.5801,-2.0821,3.6033,100,50,700,-400,100,-50,0
84,1786707652.4922,1786707652.4965,0.03339,36.9231,4.8791,12.1319,78.4176,-4.0000,3.5714,35.6349,3.2012,16.9548,76.3000,-1.7445,3.7121,35.6349,3.2012,16.9548,76.3000,-1.7445,3.7121,100,0,350,-100,0,50,0
85,1786707652.5256,1786707652.5299,0.03344,37.0110,4.7033,12.9231,77.0989,-3.3846,3.5714,35.3597,2.1178,14.5757,76.2801,-0.7563,3.3528,35.3597,2.1178,14.5757,76.2801,-0.7563,3.3528,50,-50,300,-450,100,0,0
86,1786707652.559,1786707652.5632,0.0334,36.8352,4.6154,14.6813,76.5714,-2.6813,3.5714,35.0419,5.6439,10.8121,76.3969,-1.8271,3.8576,35.0419,5.6439,10.8121,76.3969,-1.8271,3.8576,0,0,500,-50,250,0,0
87,1786707652.5924,1786707652.5966,0.03339,36.1319,4.7912,16.0000,76.9231,-1.8901,3.5053,34.5186,4.0725,13.9736,75.1229,-2.0482,3.4682,34.5186,4.0725,13.9736,75.1229,-2.0482,3.4682,-250,100,500,200,300,-50,0
88,1786707652.6258,1786707652.6301,0.03335,35.4286,4.9670,15.7363,76.6593,-2.0659,3.5714,34.8809,2.2880,12.8267,76.3822,-3.2240,3.4534,34.8809,2.2880,12.8267,76.3822,-3.2240,3.4534,-250,50,-100,-100,100,50,0
89,1786707652.6591,1786707652.6635,0.03338,35.1648,4.8791,14.8571,76.2198,-2.1538,3.5714,35.5546,4.3180,10.8363,75.7283,-2.7214,3.2741,35.5546,4.3180,10.8363,75.7283,-2.7214,3.2741,-100,0,-300,-150,0,0,0
90,1786707652.6926,1786707652.6971,0.03342,35.1648,4.6154,14.5055,75.6923,-2.5934,3.5714,33.5721,2.6389,14.6697,74.1446,-3.3203,3.2881,33.5721,2.6389,14.6697,74.1446,-3.3203,3.2881,0,-100,-150,-300,-150,0,0
91,1786707652.726,1786707652.7303,0.03343,35.2527,4.5275,13.9780,76.1319,-2.5934,3.5053,34.3884,3.7456,13.1477,74.0530,-2.7817,3.4322,34.3884,3.7456,13.1477,74.0530,-2.7817,3.4322,0,-50,-200,150,-100,0,0
92,1786707652.7594,1786707652.7636,0.03337,35.2527,4.5275,13.5385,75.0769,-2.9451,3.5053,34.1873,3.5088,13.9798,74.8003,-1.2890,3.2311,34.1873,3.5088,13.9798,74.8003,-1.2890,3.2311,0,0,-200,-500,-150,0,0
93,1786707652.7928,1786707652.7971,0.0334,34.8132,4.5275,13.5385,74.6374,-2.8571,3.5053,33.5708,3.7609,12.6041,74.1018,-2.1456,3.3452,33.5708,3.7609,12.6041,74.1018,-2.1456,3.3452,-150,0,-50,-250,50,0,0
94,1786707652.8261,1786707652.8302,0.03334,34.2857,4.5275,14.0659,74.9890,-2.2418,3.5053,33.4854,6.2574,11.9049,71.0276,-1.9157,3.3322,33.4854,6.2574,11.9049,71.0276,-1.9157,3.3322,-150,0,200,150,200,0,0
95,1786707652.8595,1786707652.8637,0.0334,33.9341,4.8791,14.1538,74.6374,-2.0659,3.5053,33.2981,6.7386,11.1256,71.5593,-0.5118,3.4541,33.2981,6.7386,11.1256,71.5593,-0.5118,3.4541,-150,100,0,-200,150,0,0
96,1786707652.893,1786707652.8977,0.03348,34.0220,5.4066,13.9780,73.7582,-2.1538,3.5053,33.6705,7.5591,9.4729,70.8333,0.0834,3.6574,33.6705,7.5591,9.4729,70.8333,0.0834,3.6574,0,200,0,-300,0,0,0
97,1786707652.9263,1786707652.9306,0.0333,34.0220,6.3736,13.2747,72.4396,-1.6264,3.5053,33.2473,6.9155,13.3351,69.8857,0.4274,3.4691,33.2473,6.9155,13.3351,69.8857,0.4274,3.4691,50,300,-300,-450,100,0,0
98,1786707652.9597,1786707652.9639,0.03344,33.9341,7.3407,12.4835,71.7363,-0.8352,3.5053,33.2111,6.3134,14.1481,68.7678,-0.9835,3.6550,33.2111,6.3134,14.1481,68.7678,-0.9835,3.6550,0,350,-250,-200,250,0,0
99,1786707652.9931,1786707652.9976,0.03338,33.6703,7.5165,12.3077,71.2088,-0.4835,3.5053,33.2216,6.4140,14.4051,68.9605,1.6678,3.7605,33.2216,6.4140,14.4051,68.9605,1.6678,3.7605,-50,50,-100,-50,100,0,0
100,1786707653.0265,1786707653.1398,0.0334,33.5824,7.3407,12.5714,69.8901,-0.6593,3.5053,37.0364,11.2740,5.9510,73.4616,4.1216,2.8988,37.0364,11.2740,5.9510,73.4616,4.1216,2.8988,-50,-50,50,-450,0,0,1
101,1786707653.1409,1786707653.1457,0.11443,33.4066,7.5165,14.3297,69.5385,0.8352,3.5053,36.2264,10.4560,8.8098,70.4501,1.3010,2.9690,36.2264,10.4560,8.8098,70.4501,1.3010,2.9690,0,50,0,-50,100,0,1
102,1786707653.1743,1786707653.1785,0.03332,33.5824,7.3407,14.1538,69.2747,1.0989,3.5053,35.6755,9.0474,10.1278,70.5652,2.5284,3.0556,35.6755,9.0474,10.1278,70.5652,2.5284,3.0556,50,-100,-50,-100,50,0,0
103,1786707653.2076,1786707653.2119,0.03337,33.7582,7.8681,13.4505,69.6264,1.0989,3.3069,35.2047,12.1507,6.8330,70.1210,1.7229,3.2908,35.2047,12.1507,6.8330,70.1210,1.7229,3.2908,100,250,-150,0,50,-100,0
104,1786707653.241,1786707653.2453,0.0334,34.5495,9.4505,12.4835,70.1538,1.7143,3.3069,36.2121,10.0892,7.1189,71.1262,2.7065,3.4310,36.2121,10.0892,7.1189,71.1262,2.7065,3.4310,300,500,-300,150,150,0,0
105,1786707653.2744,1786707653.2786,0.03338,35.0769,11.0330,11.4286,70.0659,1.6264,3.3069,34.9753,10.0742,9.7222,69.2283,1.1173,3.0636,34.9753,10.0742,9.7222,69.2283,1.1173,3.0636,200,500,-300,0,-100,0,0
106,1786707653.3078,1786707653.3123,0.03341,35.3407,11.8242,10.2857,70.2418,1.6264,3.3069,35.1836,9.0584,12.1557,67.9396,1.4748,3.3114,35.1836,9.0584,12.1557,67.9396,1.4748,3.3114,100,200,-450,100,-50,0,0
107,1786707653.3412,1786707653.3455,0.03339,35.4286,11.7363,10.1978,70.0659,1.8901,3.3069,36.6025,9.1511,12.6578,69.4538,1.9093,3.3923,36.6025,9.1511,12.6578,69.4538,1.9093,3.3923,100,-50,0,-50,100,0,0
108,1786707653.3746,1786707653.3788,0.03338,35.3407,11.3846,11.2527,68.9231,1.6264,3.3069,36.3295,9.4232,10.1175,69.9305,3.6977,3.5335,36.3295,9.4232,10.1175,69.9305,3.6977,3.5335,-50,-150,300,-450,-100,0,0
109,1786707653.408,1786707653.4123,0.03341,35.2527,11.3846,12.2198,68.6593,1.6264,3.3069,37.3433,8.5002,12.4555,69.0374,3.4538,3.7601,37.3433,8.5002,12.4555,69.0374,3.4538,3.7601,0,0,350,-250,0,0,0
110,1786707653.4414,1786707653.4455,0.03337,35.6044,11.4725,12.3077,69.5385,2.4176,3.3069,35.8005,8.1020,11.6179,69.5451,2.4675,6.2291,35.8005,8.1020,11.6179,69.5451,2.4675,6.2291,150,0,50,400,200,0,0
111,1786707653.4748,1786707653.479,0.03338,36.2198,11.4725,12.1319,69.3626,2.6813,3.3069,33.7277,8.4590,12.1522,70.2212,2.7627,11.9364,33.7277,8.4590,12.1522,70.2212,2.7627,11.9364,200,0,0,-50,50,0,0
112,1786707653.5082,1786707653.5128,0.03342,36.5714,11.1209,12.2198,69.1868,2.4176,3.9021,35.9629,7.7106,9.5642,70.3787,4.9318,6.1403,35.9629,7.7106,9.5642,70.3787,4.9318,6.1403,100,-100,0,-200,-50,200,0
113,1786707653.5416,1786707653.5461,0.03341,35.8681,11.1209,12.5714,69.9780,2.5055,5.6217,34.1099,6.9785,9.7401,71.3683,5.4332,4.3722,34.1099,6.9785,9.7401,71.3683,5.4332,4.3722,-150,0,150,200,50,800,0
114,1786707653.575,1786707653.5793,0.0334,34.9011,11.1209,12.4835,70.0659,3.2088,7.7381,33.9551,7.7365,10.9842,71.0887,4.5831,3.8312,33.9551,7.7365,10.9842,71.0887,4.5831,3.8312,-300,0,50,0,250,950,0
115,1786707653.6083,1786707653.6125,0.03335,34.5495,11.1209,11.8681,70.2418,4.1758,9.1931,33.3780,8.2982,8.9752,70.6800,3.4490,3.5212,33.3780,8.2982,8.9752,70.6800,3.4490,3.5212,-150,0,-200,0,300,800,0
116,1786707653.6417,1786707653.6459,0.03338,34.2857,10.8571,11.7802,70.4176,4.0879,9.4577,34.6209,9.4123,11.0406,68.8730,4.1013,3.9528,34.6209,9.4123,11.0406,68.8730,4.1013,3.9528,-50,-100,-50,50,0,200,0
117,1786707653.6751,1786707653.6793,0.03339,34.2857,10.8571,11.7802,70.4176,3.8242,8.1349,34.3120,9.9564,10.0974,67.5907,4.1386,3.9382,34.3120,9.9564,10.0974,67.5907,4.1386,3.9382,0,0,0,0,-100,-700,0
118,1786707653.7085,1786707653.7128,0.0334,34.3736,11.1209,11.6923,70.3297,3.7363,6.1508,33.8857,9.2908,9.8846,68.5838,3.8399,3.6218,33.8857,9.2908,9.8846,68.5838,3.8399,3.6218,50,50,-50,0,0,-950,0
119,1786707653.742,1786707653.7465,0.03346,34.3736,11.1209,11.6923,68.9231,3.9121,5.1587,34.8985,7.5655,11.6666,67.3731,2.4086,3.5522,34.8985,7.5655,11.6666,67.3731,2.4086,3.5522,0,0,0,-450,100,-500,0
120,1786707653.7753,1786707653.7795,0.03331,34.3736,11.0330,11.6044,68.4835,3.8242,4.6958,35.6440,9.3281,11.0154,69.5963,3.1543,3.7530,35.6440,9.3281,11.0154,69.5963,3.1543,3.7530,0,-50,0,-50,-50,-250,0
121,1786707653.8087,1786707653.8131,0.03345,34.2857,10.7692,11.8681,68.7473,3.4725,4.2989,35.4889,8.4556,9.8790,70.1365,2.9366,3.4090,35.4889,8.4556,9.8790,70.1365,2.9366,3.4090,-50,-50,0,50,-200,-200,0
122,1786707653.8421,1786707653.8463,0.03337,34.6374,10.5934,12.2198,68.6593,3.2088,4.1667,34.4153,8.6309,8.7632,71.1920,2.3606,3.5198,34.4153,8.6309,8.7632,71.1920,2.3606,3.5198,150,-50,100,-50,-200,-100,0
123,1786707653.8755,1786707653.8797,0.0334,35.0769,10.5934,11.8681,69.5385,3.2088,3.8360,32.5236,7.6861,8.3298,74.3574,1.9705,3.5460,32.5236,7.6861,8.3298,74.3574,1.9705,3.5460,150,0,-150,300,0,-100,0
124,1786707653.9089,1786707653.9132,0.03339,35.0769,10.5934,11.0769,70.1538,2.8571,3.8360,34.6130,8.5271,9.4877,70.5220,2.8570,3.5038,34.6130,8.5271,9.4877,70.5220,2.8570,3.5038,0,0,-250,200,-150,-50,0
125,1786707653.9423,1786707653.9467,0.03337,34.4615,10.5055,10.6374,70.9451,2.5055,3.7698,33.1313,7.4533,6.6696,73.2538,4.2205,9.0237,33.1313,7.4533,6.6696,73.2538,4.2205,9.0237,-250,-50,-200,150,-150,-50,0
126,1786707653.9756,1786707653.9799,0.03337,33.5824,10.4176,10.5495,72.4396,2.5934,3.6376,32.8879,9.1373,7.8252,71.4055,2.7729,11.3219,32.8879,9.1373,7.8252,71.4055,2.7729,11.3219,-250,0,0,500,0,-50,0
127,1786707654.009,1786707654.0133,0.0334,33.4945,10.4176,10.5495,72.5275,3.3846,3.9021,33.3740,9.8751,5.9413,72.8725,1.6145,11.9788,33.3740,9.8751,5.9413,72.8725,1.6145,11.9788,-50,0,50,0,250,0,0
128,1786707654.0424,1786707654.0467,0.03341,33.4066,10.4176,10.1099,72.1758,3.2967,5.6878,32.0166,9.4515,8.4823,72.1077,1.7804,16.6503,32.0166,9.4515,8.4823,72.1077,1.7804,15.9524,-50,0,-150,-100,0,750,0
129,1786707654.0758,1786707654.0801,0.03336,33.7582,10.5934,9.2308,71.9121,2.5055,8.0688,32.8634,7.1852,9.0931,73.5028,1.9177,18.3244,32.8634,7.1852,9.0931,73.5028,1.9177,18.3244,200,100,-350,-100,-250,1100,0
130,1786707654.1093,1786707654.1134,0.03344,33.4945,10.6813,8.5275,71.7363,2.2418,10.5820,32.2870,9.6279,9.8585,72.8121,1.6894,19.4923,32.2870,9.6279,9.8585,72.8121,1.6894,19.4923,-50,50,-350,-100,-50,1050,0
131,1786707654.1426,1786707654.1468,0.03336,33.0549,10.5055,8.9670,72.3516,2.2418,13.2275,33.3855,8.8642,8.3958,72.8248,1.2835,20.9247,33.3855,8.8642,8.3958,72.8248,1.2835,20.9247,-100,0,100,100,0,1150,0
132,1786707654.176,1786707654.1804,0.0334,32.6154,10.0659,9.8462,72.8791,2.1538,15.5423,34.1052,8.1779,9.3040,72.9273,0.5821,21.0067,34.1052,8.1779,9.3040,72.9273,0.5821,21.0067,-100,-150,300,250,-50,1050,0
133,1786707654.2094,1786707654.2137,0.03337,32.7033,10.1538,9.8462,72.6154,1.7143,17.5265,33.6784,9.1189,10.8674,69.6702,2.0647,20.3441,33.6784,9.1189,10.8674,69.6702,2.0647,20.3441,0,50,50,-100,-200,950,0
134,1786707654.2428,1786707654.2471,0.03339,33.3187,10.0659,9.7582,72.5275,1.2747,18.6508,32.4598,8.9591,11.0245,70.6222,1.0592,19.6784,32.4598,8.9591,11.0245,70.6222,1.0592,19.6784,200,0,-50,-100,-250,650,0
135,1786707654.2762,1786707654.2803,0.03341,33.6703,9.9780,10.3736,72.0879,1.4505,19.0476,33.0773,10.4260,10.8466,69.5746,-0.0155,19.6757,33.0773,10.4260,10.8466,69.5746,-0.0155,19.6757,50,-50,300,-50,0,150,0
136,1786707654.3096,1786707654.3138,0.03338,33.5824,10.0659,10.9011,71.3846,1.5385,19.0476,32.5490,9.2543,13.0778,67.7770,0.3715,19.0473,32.5490,9.2543,13.0778,67.7770,0.3715,19.0473,0,50,250,-200,50,0,0
137,1786707654.343,1786707654.3472,0.03343,33.1429,10.6813,10.9011,70.5055,0.7473,19.0476,33.0222,10.0387,10.9948,69.3029,1.3573,18.9299,33.0222,10.0387,10.9948,69.3029,1.3573,18.9299,-150,150,0,-300,-250,0,0
138,1786707654.3763,1786707654.3808,0.03336,32.8791,10.7692,11.6044,69.3626,0.5714,19.0476,34.2815,9.6825,12.2531,71.7126,-0.4726,20.4589,34.2815,9.6825,12.2531,71.7126,-0.4726,20.4589,-50,50,250,-350,-50,0,0
139,1786707654.4097,1786707654.4139,0.03337,32.8791,10.7692,12.4835,69.0110,0.8352,19.0476,32.6555,10.7279,11.4786,71.1722,-0.7751,20.7080,32.6555,10.7279,11.4786,71.1722,-0.7751,20.7080,0,0,400,-100,100,0,0
140,1786707654.4431,1786707654.4473,0.03341,33.2308,10.9451,12.5714,69.8901,0.5714,19.2460,32.7546,10.5620,11.8514,70.3861,-0.1857,21.0368,32.7546,10.5620,11.8514,70.3861,-0.1857,21.0368,150,50,50,350,-150,-50,0
141,1786707654.4765,1786707654.4807,0.03338,33.7582,11.1209,12.5714,70.8571,-0.0440,19.9735,32.3839,11.4300,13.1705,70.1974,1.3665,19.6365,32.3839,11.4300,13.1705,70.1974,1.3665,19.6365,150,50,0,350,-250,350,0
142,1786707654.51,1786707654.5144,0.03347,33.5824,11.1209,12.5714,70.5055,-0.0440,20.3042,32.8905,12.3276,12.1602,70.6203,0.7281,20.2233,32.8905,12.3276,12.1602,70.6203,0.7281,20.2233,-50,0,0,-100,0,100,0
143,1786707654.5433,1786707654.5476,0.03336,33.2308,11.6484,12.7473,70.0659,0.3077,20.2381,33.0593,12.2801,11.2832,71.3646,0.2066,20.2065,33.0593,12.2801,11.2832,71.3646,0.2066,20.2065,-100,100,50,-100,200,0,0
144,1786707654.5767,1786707654.5816,0.03339,32.9670,12.2637,13.0110,70.6813,0.5714,19.8413,33.1110,13.0090,8.5340,72.2240,0.3586,20.4692,33.1110,13.0090,8.5340,72.2240,0.3586,20.4692,0,250,100,100,150,-150,0
145,1786707654.6101,1786707654.6151,0.03342,32.9670,12.3516,12.6593,70.6813,0.3077,19.9735,33.2844,11.7716,9.6463,72.2650,0.0265,20.7201,33.2844,11.7716,9.6463,72.2650,0.0265,20.7201,0,0,-150,150,-200,100,0
146,1786707654.6435,1786707654.6481,0.03333,33.2308,12.8791,12.0440,71.3846,0.3956,20.3042,32.3701,11.7116,10.4092,71.3311,0.3823,21.7567,32.3701,11.7116,10.4092,71.3311,0.3823,21.7567,100,200,-150,350,100,150,0
147,1786707654.6768,1786707654.6814,0.03338,33.4066,12.9670,11.1648,71.7363,0.2198,20.2381,32.4381,12.0722,11.1578,71.4232,0.9086,21.9628,32.4381,12.0722,11.1578,71.4232,0.9086,21.9628,50,50,-300,200,-100,-50,0
148,1786707654.7103,1786707654.7146,0.03342,33.3187,12.9670,11.1648,71.2967,0.2198,20.8333,31.9176,11.7498,10.3335,71.2550,0.5889,21.5332,31.9176,11.7498,10.3335,71.2550,0.5889,21.5332,0,0,0,-150,0,350,0
149,1786707654.7437,1786707654.7482,0.0334,32.9670,12.8791,11.6044,71.4725,0.3077,21.2302,32.9136,10.8595,11.8579,71.1577,1.5507,21.4248,32.9136,10.8595,11.8579,71.1577,1.5507,21.4248,-100,-50,200,50,50,300,0
150,1786707654.7771,1786707654.8908,0.03342,32.6154,12.9670,11.6044,71.6484,0.3077,21.2302,31.3834,17.1396,9.2400,73.2730,-0.5415,22.4654,31.3834,17.1396,9.2400,73.2730,-0.5415,22.4654,-150,50,0,150,0,0,1
151,1786707654.8919,1786707654.8971,0.11483,32.8791,12.9670,12.0440,71.2088,1.0989,21.2963,32.1215,17.6157,10.1218,71.3193,-1.0177,22.8054,32.1215,17.6157,10.1218,71.3193,-1.0177,22.8054,150,0,0,-100,0,0,1
152,1786707654.9253,1786707654.9301,0.03335,32.9670,12.9670,12.0440,71.2088,1.0989,21.2963,32.0056,17.0605,11.0840,70.5000,-0.8787,22.3273,32.0056,17.0605,11.0840,70.5000,-0.8787,22.3273,50,0,0,0,-50,0,0
153,1786707654.9586,1786707654.9633,0.03338,32.9670,13.3187,11.7802,71.3846,0.4835,21.7593,31.8911,16.4028,12.2619,70.3005,-2.0766,22.3308,31.8911,16.4028,12.2619,70.3005,-2.0766,22.3308,0,250,-50,100,-150,200,0
154,1786707654.992,1786707654.9967,0.03337,32.7033,14.7253,11.5165,71.1209,-0.3077,21.9577,32.5742,14.7193,10.8455,70.0004,-3.4576,22.3037,32.5742,14.7193,10.8455,70.0004,-3.4576,22.3037,-100,450,-50,-50,-300,100,0
155,1786707655.0254,1786707655.0301,0.03338,32.4396,15.4286,11.6044,70.5934,-1.0110,21.9577,31.9927,16.3753,12.8193,67.5315,-3.7048,22.5139,31.9927,16.3753,12.8193,67.5315,-3.7048,22.5139,-100,200,0,-150,-200,0,0
156,1786707655.0589,1786707655.0636,0.03348,32.4396,15.6044,11.5165,70.3297,-2.0659,21.9577,31.8575,14.4013,13.4685,68.7846,-1.0117,22.3531,31.8575,14.4013,13.4685,68.7846,-1.0117,22.3531,0,50,0,-50,-350,0,0
157,1786707655.0922,1786707655.0965,0.03332,32.3516,15.2527,11.5165,69.5385,-2.6813,22.0899,32.1222,16.8030,11.5793,68.7616,-0.5159,22.5474,32.1222,16.8030,11.5793,68.7616,-0.5159,22.5474,-50,-150,0,-200,-200,50,0
158,1786707655.1256,1786707655.1299,0.03342,32.3516,15.1648,12.0440,68.7473,-2.4176,22.2222,33.1829,19.4462,10.2059,70.5014,0.2926,22.6149,33.1829,19.4462,10.2059,70.5014,0.2926,22.6149,0,0,150,-200,100,50,0
159,1786707655.159,1786707655.1633,0.03338,32.3516,15.2527,12.3077,68.6593,-1.4505,22.2884,32.7134,18.7194,10.3988,70.4097,0.3804,22.0626,32.7134,18.7194,10.3988,70.4097,0.3804,22.0626,0,0,100,50,350,0,0
160,1786707655.1924,1786707655.1971,0.0334,32.5275,16.8352,11.4286,69.4505,-0.8352,22.2884,33.1778,20.3521,8.3949,71.1343,1.5016,22.4021,33.1778,20.3521,8.3949,71.1343,1.5016,22.4021,100,450,-350,250,250,0,0
161,1786707655.2258,1786707655.2308,0.03339,32.6154,17.8901,10.7253,69.7143,-0.4835,22.2884,32.9064,20.3266,8.9816,71.6033,1.3560,22.0054,32.9064,20.3266,8.9816,71.6033,1.3560,22.0054,50,400,-350,100,100,0,0
162,1786707655.2591,1786707655.2638,0.03336,32.7033,18.6813,10.2857,70.2418,0.1319,22.2884,32.5347,18.4326,9.0594,73.9836,0.3065,22.1867,32.5347,18.4326,9.0594,73.9836,0.3065,22.1867,50,300,-150,150,150,0,0
163,1786707655.2925,1786707655.2971,0.03337,32.7912,19.1209,9.6703,70.6813,0.4835,22.2884,32.1867,16.5665,11.2062,72.4577,0.2440,21.6049,32.1867,16.5665,11.2062,72.4577,0.2440,21.6049,50,200,-250,150,100,0,0
164,1786707655.326,1786707655.3306,0.03348,32.7912,18.9451,9.4945,71.3846,0.3956,22.2884,32.2521,19.6455,9.4732,71.2641,0.0682,22.0171,32.2521,19.6455,9.4732,71.2641,0.0682,22.0171,0,0,-50,200,-50,0,0
165,1786707655.3593,1786707655.364,0.03335,32.7033,17.9780,9.6703,72.1758,0.3077,22.2222,32.7052,18.8553,12.0738,70.6471,1.1716,21.7526,32.7052,18.8553,12.0738,70.6471,1.1716,21.7526,-50,-350,0,250,0,0,0
166,1786707655.3927,1786707655.397,0.03335,32.6154,17.5385,10.1978,71.8242,0.3077,22.1561,31.1138,18.3695,10.4631,70.6165,1.0228,21.3378,31.1138,18.3695,10.4631,70.6165,1.0228,21.3378,-50,-50,250,0,0,0,0
167,1786707655.4261,1786707655.4311,0.03343,32.7033,17.8901,10.6374,71.0330,0.4835,21.9577,31.5476,17.2027,8.7391,69.3145,2.6913,14.5094,31.5476,17.2027,8.7391,69.3145,2.6913,14.5094,50,50,150,-300,100,-50,0
168,1786707655.4595,1786707655.4645,0.03341,32.3516,18.0659,10.8132,70.9451,0.6593,21.6931,30.5866,15.6008,11.0262,67.5673,1.2465,8.6189,30.5866,15.6008,11.0262,67.5673,1.2465,11.6270,-50,50,150,-50,0,-100,0
169,1786707655.4928,1786707655.4972,0.03329,32.0879,17.8901,10.1978,70.3297,1.1868,20.9656,30.2085,16.4816,8.9692,65.9058,0.7950,5.8433,30.2085,16.4816,8.9692,65.9058,0.7950,10.8333,-100,-100,-200,-100,100,-300,0
170,1786707655.5262,1786707655.5307,0.03344,31.8242,17.0110,9.6703,69.0110,1.6264,19.1799,29.7735,14.8039,11.9682,65.9024,-0.9795,3.3443,29.7735,14.8039,11.9682,65.9024,-0.9795,8.7831,-150,-300,-100,-400,150,-950,0
171,1786707655.5596,1786707655.5651,0.03336,31.3846,16.8352,9.6703,67.6044,1.0110,16.5344,29.8443,14.9532,12.5398,66.3813,-1.6254,6.9579,29.8443,14.9532,12.5398,66.3813,-1.6254,6.9579,-150,-50,-50,-500,-250,-1150,0
172,1786707655.593,1786707655.5973,0.0334,31.0330,16.8352,9.7582,66.9011,0.1319,13.7566,30.5035,17.3300,11.9269,64.9762,-0.1660,8.1190,30.5035,17.3300,11.9269,64.9762,-0.1660,8.1190,-150,0,0,-350,-250,-1300,0
173,1786707655.6264,1786707655.6307,0.03341,30.7692,16.3077,10.8132,66.8132,-0.5714,11.3757,31.1808,18.5732,15.5036,65.6995,-1.2397,12.3965,31.1808,18.5732,15.5036,65.6995,-1.2397,12.3965,-100,-150,400,0,-250,-1050,0
174,1786707655.6598,1786707655.6642,0.03335,30.7692,16.3077,11.2527,66.1099,-0.4835,9.7884,30.7702,18.2191,15.4765,65.1763,-2.0357,13.6791,30.7702,18.2191,15.4765,65.1763,-2.0357,13.6791,0,0,200,-300,50,-850,0
175,1786707655.6932,1786707655.6975,0.03339,30.7692,17.2747,11.4286,65.9341,-0.3956,9.4577,30.7714,18.4342,15.7910,63.8169,-1.8503,19.6005,30.7714,18.4342,15.7910,63.8169,-1.8503,19.4577,0,350,0,-50,100,-100,0
176,1786707655.7265,1786707655.7309,0.03338,30.7692,17.4505,12.7473,65.4945,-1.1868,10.6481,30.5025,18.2640,16.7943,63.5324,-2.6260,20.3538,30.5025,18.2640,16.7943,63.5324,-2.6260,20.3538,0,200,500,-150,-350,750,0
177,1786707655.76,1786707655.7643,0.03347,30.7692,17.4505,13.8022,64.6154,-1.3626,12.8307,30.3972,18.8224,16.6681,62.5651,-3.3124,18.5179,30.3972,18.8224,16.6681,62.5651,-3.3124,18.5179,0,0,400,-350,-50,850,0
178,1786707655.7933,1786707655.7976,0.03334,30.7692,17.4505,14.5055,64.0879,-1.8901,15.5423,29.6209,18.6499,18.1273,60.4522,-4.5340,17.9520,29.6209,18.6499,18.1273,60.4522,-4.5340,17.9520,0,0,200,-150,-150,1250,0
179,1786707655.8268,1786707655.8311,0.03341,30.7692,17.4505,14.8571,63.5604,-2.4176,17.4603,30.6625,17.1235,19.5266,61.0196,-3.6403,17.0664,30.6625,17.1235,19.5266,61.0196,-3.6403,17.0664,0,0,100,-200,-200,800,0
180,1786707655.8601,1786707655.8646,0.03338,30.5934,17.3626,15.7363,62.5934,-3.2967,18.1217,30.3202,19.0794,15.7570,62.7995,-4.1376,14.2512,30.3202,19.0794,15.7570,62.7995,-4.1376,14.2512,0,0,200,-300,-300,550,0
181,1786707655.8935,1786707655.8981,0.0334,30.6813,16.9231,16.7912,61.8901,-3.3846,17.6587,30.0640,19.4923,15.5196,61.9342,-5.9912,10.4167,30.0640,19.4923,15.5196,61.9342,-5.9912,10.4167,0,-150,400,-200,-50,-150,0
182,1786707655.927,1786707655.9313,0.03343,30.7692,16.8352,16.8791,62.0659,-3.5604,16.4683,29.6935,18.4828,14.3550,62.6594,-6.6457,6.8406,29.6935,18.4828,14.3550,62.6594,-6.6457,6.8406,0,0,0,-50,0,-600,0
183,1786707655.9603,1786707655.9646,0.03333,30.7692,17.3626,16.0000,62.4176,-4.6154,14.4841,29.1867,17.2883,15.4024,61.9599,-6.8336,5.3427,29.1867,17.2883,15.4024,61.9599,-6.8336,5.3427,0,150,-250,50,-400,-750,0
184,1786707655.9937,1786707655.9981,0.03345,30.5934,17.4505,15.1209,62.5055,-5.4945,12.0370,30.3872,16.4065,17.3382,62.2029,-6.5328,3.0321,30.3872,16.4065,17.3382,62.2029,-6.5328,3.0321,-50,50,-350,0,-350,-1150,0
185,1786707656.0271,1786707656.0317,0.03338,30.3297,17.0989,15.1209,62.4176,-5.9341,9.5238,30.2117,17.7548,14.7017,62.7162,-6.7824,3.3822,30.2117,17.7548,14.7017,62.7162,-6.7824,3.3822,-50,-100,0,0,-200,-1150,0
186,1786707656.0605,1786707656.0651,0.03337,30.4176,16.7473,15.8242,62.0659,-5.9341,7.0106,30.1471,16.5768,14.0004,63.8180,-7.5695,3.0304,30.1471,16.5768,14.0004,63.8180,-7.5695,3.0304,50,-150,250,-150,0,-1100,0
187,1786707656.094,1786707656.0985,0.03351,30.4176,16.7473,16.0000,62.2418,-6.2857,5.4894,29.7097,17.5173,12.5371,65.5756,-7.4790,3.2204,29.7097,17.5173,12.5371,65.5756,-7.4790,3.2204,0,0,50,50,-50,-800,0
188,1786707656.1273,1786707656.1317,0.03329,30.4176,16.9231,15.0330,62.7692,-6.8132,4.6958,28.7425,16.5810,9.3963,65.7924,-9.4200,2.9191,28.7425,16.5810,9.3963,65.7924,-9.4200,2.9191,0,50,-300,150,-200,-350,0
189,1786707656.1607,1786707656.1648,0.03337,30.3297,17.0989,13.7143,63.9121,-7.0769,4.2328,29.6096,17.2645,10.0484,65.0040,-10.0145,3.2608,29.6096,17.2645,10.0484,65.0040,-10.0145,3.2608,-50,0,-450,350,-50,-200,0
190,1786707656.1941,1786707656.1983,0.03342,29.9780,17.1868,12.3077,64.8791,-7.7802,3.8360,29.8839,17.1993,9.4399,66.2604,-10.7417,3.6918,29.8839,17.1993,9.4399,66.2604,-10.7417,3.6918,-100,50,-450,350,-200,-250,0
191,1786707656.2275,1786707656.2319,0.03343,29.8901,17.0989,11.2527,64.8791,-8.9231,3.7698,27.9785,17.0893,8.8373,67.0345,-9.6186,3.6737,27.9785,17.0893,8.8373,67.0345,-9.6186,3.6737,-50,-50,-350,100,-400,0,0
192,1786707656.2609,1786707656.2651,0.0334,29.9780,17.1868,10.5495,65.4066,-9.5385,3.7698,28.5903,16.6297,9.1407,68.8280,-11.3803,3.8874,28.5903,16.6297,9.1407,68.8280,-11.3803,3.8874,0,0,-250,150,-200,0,0
193,1786707656.2943,1786707656.2987,0.03337,29.7143,17.2747,9.8462,66.1978,-9.7143,3.7698,28.0231,14.1275,8.6175,68.4248,-10.7691,3.5804,28.0231,14.1275,8.6175,68.4248,-10.7691,3.5804,0,50,-300,300,-200,0,0
194,1786707656.3277,1786707656.332,0.03336,29.3626,17.2747,9.7582,66.6374,-9.7143,3.7698,27.5969,15.1286,8.9562,69.4043,-12.9132,3.4284,27.5969,15.1286,8.9562,69.4043,-12.9132,3.4284,-150,0,0,200,50,0,0
195,1786707656.361,1786707656.3653,0.03337,29.0110,16.7473,9.5824,67.4286,-10.5055,3.7698,26.6402,14.4425,8.9159,67.8832,-10.6835,3.4480,26.6402,14.4425,8.9159,67.8832,-10.6835,3.4480,-100,-200,-50,300,-250,0,0
196,1786707656.3944,1786707656.3986,0.03337,28.5714,16.0440,9.5824,67.8681,-10.9451,3.6376,27.4837,14.8903,7.0268,69.1040,-12.1742,3.2435,27.4837,14.8903,7.0268,69.1040,-12.1742,3.2435,-200,-300,0,150,-200,-50,0
197,1786707656.4279,1786707656.4321,0.03345,28.0440,16.0440,9.5824,68.2198,-11.4725,3.6376,26.9363,12.8374,8.6103,68.5228,-11.8908,3.5127,26.9363,12.8374,8.6103,68.5228,-11.8908,3.5127,-200,0,0,50,-150,0,0
198,1786707656.4612,1786707656.4655,0.0334,27.8681,16.0440,9.1429,68.5714,-11.7363,3.6376,27.7006,14.2692,6.7845,69.5773,-13.2859,3.5218,27.7006,14.2692,6.7845,69.5773,-13.2859,3.5218,0,0,-200,100,-100,0,0
199,1786707656.4946,1786707656.4991,0.03338,27.7802,16.0440,8.7033,68.6593,-11.7363,3.5714,26.8218,12.0103,5.9208,68.9547,-14.3374,3.3495,26.8218,12.0103,5.9208,68.9547,-14.3374,3.3495,-50,0,-250,0,-100,-50,0
200,1786707656.528,1786707656.6389,0.03341,27.7802,15.7802,8.7033,68.7473,-12.4396,3.5714,27.7549,16.2052,-1.1580,71.6624,-11.0932,3.0754,27.7549,16.2052,-1.1580,71.6624,-11.0932,3.0754,0,-100,0,100,-200,0,1
201,1786707656.6401,1786707656.6446,0.11203,27.3407,15.4286,8.0879,69.0110,-13.9341,3.5714,29.4389,13.2646,-1.1692,71.8447,-11.1694,3.4100,29.4389,13.2646,-1.1692,71.8447,-11.1694,3.4100,-50,-50,0,100,-50,0,1
202,1786707656.6734,1786707656.6777,0.03333,27.3407,15.4286,8.0000,69.0110,-13.9341,3.5714,28.4289,12.5677,1.0087,69.9689,-11.6161,3.1178,28.4289,12.5677,1.0087,69.9689,-11.6161,3.1178,0,0,-50,0,0,0,0
203,1786707656.7068,1786707656.7113,0.03336,27.6044,15.4286,7.0330,69.8901,-13.3187,3.5714,27.8030,11.5502,1.4709,69.4587,-10.4368,3.6104,27.8030,11.5502,1.4709,69.4587,-10.4368,3.6104,100,0,-350,350,100,0,0
204,1786707656.7401,1786707656.7443,0.03337,28.2198,15.4286,5.4505,70.7692,-12.2637,3.5053,28.2888,10.8468,2.4206,69.0254,-9.5240,3.7207,28.2888,10.8468,2.4206,69.0254,-9.5240,3.7207,200,0,-550,400,400,-50,0
205,1786707656.7735,1786707656.778,0.03342,28.4835,14.9011,4.4835,70.3297,-11.6484,3.5714,27.5130,10.4811,3.5955,69.4362,-10.6192,3.5157,27.5130,10.4811,3.5955,69.4362,-10.6192,3.5157,0,-200,-400,-100,200,0,0
206,1786707656.807,1786707656.8116,0.03346,28.4835,14.2857,4.4835,69.5385,-10.8571,3.5714,26.8376,8.2873,4.7573,67.9079,-9.3675,2.9756,26.8376,8.2873,4.7573,67.9079,-9.3675,2.9756,0,-250,0,-200,250,0,0
207,1786707656.8403,1786707656.8447,0.03329,28.0440,13.8462,4.5714,69.7143,-10.7692,3.5714,28.1170,3.7605,6.7837,70.2831,-13.4133,2.8637,28.1170,3.7605,6.7837,70.2831,-13.4133,2.8637,-100,-150,50,0,0,0,0
208,1786707656.8737,1786707656.8779,0.03341,27.6044,13.1429,5.1868,69.0989,-10.7692,3.3069,27.4712,5.1946,3.3258,74.9167,-12.5336,3.0715,27.4712,5.1946,3.3258,74.9167,-12.5336,3.0715,-100,-250,200,-200,50,-100,0
209,1786707656.9071,1786707656.9115,0.03339,27.5165,11.5604,6.1538,68.6593,-10.6813,3.1746,27.7514,6.9465,4.5054,73.6104,-12.9904,3.2421,27.7514,6.9465,4.5054,73.6104,-12.9904,3.2421,-100,-500,300,-100,100,-50,0
210,1786707656.9405,1786707656.9451,0.03341,27.6923,9.7143,6.5934,70.2418,-11.3846,3.1746,28.4777,5.6775,4.8746,76.5105,-14.7908,3.1683,28.4777,5.6775,4.8746,76.5105,-14.7908,3.1683,50,-650,100,400,-300,0,0
211,1786707656.9739,1786707656.9783,0.03339,27.9560,8.7473,6.0659,71.7363,-12.4396,3.1746,27.3399,5.4210,3.9726,74.3160,-12.6257,3.4592,27.3399,5.4210,3.9726,74.3160,-12.6257,3.4592,100,-250,-150,550,-400,0,0
212,1786707657.0073,1786707657.0127,0.03337,28.1319,8.5714,5.8022,73.2308,-13.2308,3.1746,25.7375,7.7546,-0.1725,74.2948,-12.8858,3.1452,25.7375,7.7546,-0.1725,74.2948,-12.8858,3.1452,50,-100,-100,550,-250,0,0
213,1786707657.0407,1786707657.045,0.0334,27.9560,8.3956,5.8901,74.7253,-13.6703,3.1746,28.2091,7.2126,3.1505,71.7825,-12.9556,3.0477,28.2091,7.2126,3.1505,71.7825,-12.9556,3.0477,-50,-100,50,550,-200,0,0
214,1786707657.0741,1786707657.0784,0.03344,27.2527,8.7473,5.0989,74.3736,-13.2308,3.1746,27.9234,12.0645,0.0732,71.1885,-11.6562,3.2945,27.9234,12.0645,0.0732,71.1885,-11.6562,3.2945,-200,150,-100,-50,100,0,0
215,1786707657.1075,1786707657.1117,0.03334,26.8132,9.0110,3.6044,73.2308,-13.3187,3.1746,27.3516,9.8337,3.8358,71.5370,-16.7322,3.3906,27.3516,9.8337,3.8358,71.5370,-16.7322,3.3906,-200,150,-550,-400,-50,0,0
216,1786707657.1408,1786707657.1454,0.03339,27.0769,9.1868,2.9011,72.0879,-12.7912,3.1746,27.7698,4.7225,6.6490,71.1949,-12.6040,2.9754,27.7698,4.7225,6.6490,71.1949,-12.6040,2.9754,100,0,-200,-350,200,0,0
217,1786707657.1742,1786707657.1788,0.03336,27.2527,9.8022,2.8132,72.0000,-12.6154,3.1746,27.2120,6.7890,3.0935,72.5025,-14.6721,3.3953,27.2120,6.7890,3.0935,72.5025,-14.6721,3.3953,100,200,-150,-50,0,0,0
218,1786707657.2076,1786707657.2122,0.03337,27.6044,9.8901,4.3077,71.7363,-12.8791,3.1746,26.8388,8.5029,-1.0645,71.9777,-12.9208,4.7253,26.8388,8.5029,-1.0645,71.9777,-12.9208,4.7253,150,0,500,-100,-100,0,0
219,1786707657.241,1786707657.2456,0.03338,27.6923,9.8901,6.0659,72.4396,-13.0549,3.1746,25.7819,10.0253,-0.6767,72.8073,-12.5819,3.4526,25.7819,10.0253,-0.6767,72.8073,-12.5819,3.4526,50,0,550,350,-50,0,0
220,1786707657.2744,1786707657.2785,0.03342,27.5165,9.8901,6.2418,72.3516,-13.4945,3.5714,26.6078,10.7877,-2.0899,72.2875,-12.5177,7.0936,26.6078,10.7877,-2.0899,72.2875,-12.5177,7.0936,-50,0,200,50,-200,350,0
221,1786707657.3077,1786707657.3121,0.03338,27.0769,10.5934,4.7473,72.3516,-13.3187,4.1005,26.3974,8.1819,-0.7722,72.7492,-11.7249,3.8480,26.3974,8.1819,-0.7722,72.7492,-11.7249,3.8480,-150,300,-400,-50,-50,350,0
222,1786707657.3411,1786707657.3453,0.03337,26.7253,11.2088,2.7253,72.5275,-12.7033,4.2328,25.0858,11.5216,-2.4598,70.4854,-11.6856,4.2792,25.0858,11.5216,-2.4598,70.4854,-11.6856,4.2792,-100,250,-700,0,250,50,0
223,1786707657.3745,1786707657.3791,0.03341,26.5495,11.2967,1.4945,72.1758,-12.6154,4.6958,28.4478,8.3192,3.2014,71.6812,-11.3558,11.1805,28.4478,8.3192,3.2014,71.6812,-11.3558,11.1805,-50,0,-550,-200,100,150,0
224,1786707657.408,1786707657.4122,0.03342,26.4615,11.1209,0.7912,72.3516,-12.2637,4.2989,24.8078,9.4444,-0.0476,71.7444,-11.8247,12.9376,24.8078,9.4444,-0.0476,71.7444,-11.8247,12.9376,-50,-100,-300,150,100,-150,0
225,1786707657.4413,1786707657.4456,0.03334,26.2857,11.0330,0.7033,71.3846,-12.0000,4.7619,23.9771,11.7582,-0.2509,71.5459,-12.9064,18.5478,23.9771,11.7582,-0.2509,71.5459,-12.9064,15.0265,-100,-50,-50,-400,50,200,0
226,1786707657.4747,1786707657.4791,0.0334,26.1099,11.0330,1.0549,71.8242,-12.0000,6.4153,25.6704,12.5806,-0.4423,69.0148,-13.5152,20.5594,25.6704,12.5806,-0.4423,69.0148,-13.5152,16.8122,-50,0,100,0,0,750,0
227,1786707657.5081,1786707657.5126,0.0334,25.4066,11.8242,1.2308,71.8242,-12.4396,9.1931,24.2560,13.1409,-1.8127,72.5396,-12.8470,20.9361,24.2560,13.1409,-1.8127,72.5396,-12.8470,19.5238,-200,300,100,0,50,1250,0
228,1786707657.5415,1786707657.5459,0.0334,25.0549,12.7912,1.1429,71.0330,-12.9670,11.9048,24.2282,16.2684,-4.2627,72.6970,-13.6148,22.0739,24.2282,16.2684,-4.2627,72.6970,-13.6148,22.0739,-150,300,0,-250,-200,1250,0
229,1786707657.5749,1786707657.5794,0.03338,24.8791,13.4066,0.7912,70.2418,-12.6154,14.4841,24.0704,14.5636,-2.0524,73.9435,-13.8427,21.6653,24.0704,14.5636,-2.0524,73.9435,-13.8427,21.6653,0,250,-200,-350,200,1150,0
230,1786707657.6082,1786707657.6125,0.03336,24.8791,14.3736,-0.3516,70.5934,-13.3187,17.1296,24.2107,14.6700,-2.4026,73.7149,-13.8454,22.3495,24.2107,14.6700,-2.4026,73.7149,-13.8454,22.3495,0,300,-350,50,-200,1200,0
231,1786707657.6416,1786707657.6458,0.03338,24.8791,15.2527,-1.4066,71.7363,-13.4945,19.0476,24.0986,16.4812,-5.2571,74.3500,-13.7935,22.2403,24.0986,16.4812,-5.2571,74.3500,-13.7935,22.2403,50,250,-350,350,-100,900,0
232,1786707657.675,1786707657.6792,0.0334,24.7033,15.4286,-1.2308,72.8791,-13.4945,20.1058,23.3515,17.0217,-3.7273,73.9857,-13.8615,21.5247,23.3515,17.0217,-3.7273,73.9857,-13.8615,21.5247,-50,50,100,350,0,350,0
233,1786707657.7084,1786707657.7127,0.03338,24.6154,15.9560,-1.2308,73.3187,-13.2308,20.7011,22.4629,16.4834,-3.3616,74.5577,-14.8990,21.8099,22.4629,16.4834,-3.3616,74.5577,-14.8990,21.8099,-50,200,50,150,150,250,0
234,1786707657.7418,1786707657.7461,0.03341,24.2637,16.9231,-1.6703,73.1429,-13.7582,20.8333,22.8040,16.6799,-2.2072,73.4374,-13.6240,21.8312,22.8040,16.6799,-2.2072,73.4374,-13.6240,21.8312,-100,300,-150,-50,-150,0,0
235,1786707657.7752,1786707657.7796,0.03337,23.8242,17.0989,-1.6703,73.6703,-14.1978,21.0979,23.4468,16.7277,-2.3218,72.8536,-14.2734,21.5351,23.4468,16.7277,-2.3218,72.8536,-14.2734,21.5351,-150,100,0,250,-150,150,0
236,1786707657.8087,1786707657.813,0.03349,23.4725,17.2747,-1.4066,73.7582,-13.7582,21.2963,21.9792,18.1645,-2.5294,72.0597,-14.4376,21.0530,21.9792,18.1645,-2.5294,72.0597,-14.4376,21.0530,-100,50,100,100,300,150,0
237,1786707657.842,1786707657.8462,0.03334,23.2967,17.2747,-1.4066,73.1429,-14.0220,21.2963,22.0872,17.4130,-2.2758,72.7977,-14.4522,21.4496,22.0872,17.4130,-2.2758,72.7977,-14.4522,21.4496,-100,0,0,-200,0,0,0
238,1786707657.8754,1786707657.88,0.03336,23.2967,17.8022,-1.4066,72.7912,-14.2857,21.2963,22.3494,18.2011,-1.9492,71.8189,-14.8664,21.1862,22.3494,18.2011,-1.9492,71.8189,-14.8664,21.1862,0,150,0,-100,-50,0,0
239,1786707657.9088,1786707657.9131,0.03343,23.0330,18.1538,-1.4066,72.5275,-14.3736,21.2963,20.9763,18.1320,-2.0633,72.2204,-14.4979,21.2097,20.9763,18.1320,-2.0633,72.2204,-14.4979,21.2097,-50,100,0,-150,-50,0,0
240,1786707657.9421,1786707657.9463,0.03335,22.8571,18.4176,-1.3187,72.7033,-14.3736,21.2963,21.7434,19.1397,-1.8544,71.3147,-15.5209,21.4938,21.7434,19.1397,-1.8544,71.3147,-15.5209,21.4938,-50,50,0,100,-50,0,0
241,1786707657.9755,1786707657.9797,0.0334,22.4176,18.6813,-1.4066,72.1758,-14.5495,21.2963,22.5688,18.6233,-0.2525,70.8429,-15.6336,21.1874,22.5688,18.6233,-0.2525,70.8429,-15.6336,21.1874,-100,50,-50,-200,-50,0,0
242,1786707658.009,1786707658.0141,0.03345,22.2418,19.0330,-1.4066,72.0879,-14.9890,21.3624,22.0103,19.9127,-0.9129,70.7267,-15.6091,20.9519,22.0103,19.9127,-0.9129,70.7267,-15.6091,20.9519,-50,100,0,-50,-200,50,0
243,1786707658.0424,1786707658.047,0.03335,22.0659,19.2967,-0.9670,71.2967,-15.0769,21.2963,21.9725,18.8845,-0.3222,70.7103,-15.5442,21.4353,21.9725,18.8845,-0.3222,70.7103,-15.5442,21.4353,-50,50,100,-250,0,0,0
244,1786707658.0757,1786707658.0803,0.03334,22.0659,19.8242,-0.4396,71.3846,-15.3407,21.2963,22.9634,17.6447,0.9103,71.2693,-15.5013,21.5293,22.9634,17.6447,0.9103,71.2693,-15.5013,21.5293,-50,250,150,150,-100,0,0
245,1786707658.1091,1786707658.1137,0.03339,22.3297,20.0879,-0.3516,71.2088,-15.3407,21.2963,23.5545,18.8907,2.0091,71.1403,-14.9452,21.5045,23.5545,18.8907,2.0091,71.1403,-14.9452,21.5045,100,150,50,0,-50,0,0
246,1786707658.1425,1786707658.1471,0.0334,22.6813,20.0879,0.4396,71.0330,-15.3407,21.4286,23.0987,19.5450,0.8517,70.5508,-15.0041,21.4033,23.0987,19.5450,0.8517,70.5508,-15.0041,21.4033,100,0,250,0,-50,100,0
247,1786707658.1759,1786707658.1804,0.03338,22.9451,20.0000,1.3187,71.2967,-15.3407,21.2963,23.9421,18.9731,2.6002,70.3485,-15.7678,21.0897,23.9421,18.9731,2.6002,70.3485,-15.7678,21.0897,150,-50,300,50,0,-100,0
248,1786707658.2093,1786707658.2141,0.0334,22.9451,20.3516,1.4066,70.8571,-15.2527,21.2963,23.6707,19.4952,1.7222,71.3115,-15.4594,21.3468,23.6707,19.4952,1.7222,71.3115,-15.4594,21.3468,0,150,50,-50,50,0,0
249,1786707658.2426,1786707658.2473,0.03338,23.0330,20.3516,1.5824,70.6813,-15.5165,21.3624,23.7960,18.3373,1.9244,70.0716,-13.7521,21.4464,23.7960,18.3373,1.9244,70.0716,-13.7521,21.4464,50,0,0,-100,-100,50,0
250,1786707658.276,1786707658.3874,0.03337,23.1209,20.3516,2.0220,70.9451,-15.4286,21.4286,23.3092,21.5010,2.1901,69.0385,-18.3853,22.2809,23.3092,21.5010,2.1901,69.0385,-18.3853,22.2809,0,0,100,100,0,0,1
251,1786707658.3885,1786707658.3934,0.11252,23.4725,20.3516,2.0220,70.4176,-14.2857,21.3624,22.4376,19.5463,1.4127,71.5366,-18.3810,22.0035,22.4376,19.5463,1.4127,71.5366,-18.3810,22.0035,0,0,0,-50,50,0,1
252,1786707658.4219,1786707658.4268,0.03339,23.4725,20.3516,2.0220,70.4176,-14.1978,21.3624,21.5464,19.7031,0.4240,71.0936,-17.5670,22.1506,21.5464,19.7031,0.4240,71.0936,-17.5670,22.1506,0,0,0,0,50,0,0
253,1786707658.4552,1786707658.46,0.03332,23.2967,20.3516,2.0220,70.4176,-14.8132,21.5608,22.2555,18.1508,2.7713,69.5400,-18.6758,22.7677,22.2555,18.1508,2.7713,69.5400,-18.6758,22.7677,0,0,0,0,-200,100,0
254,1786707658.4886,1786707658.4933,0.03341,22.8571,20.3516,1.8462,70.7692,-16.3077,21.8254,21.0931,17.9582,1.0436,70.7572,-16.5167,23.2989,21.0931,17.9582,1.0436,70.7572,-16.5167,23.2989,-200,0,-50,150,-450,200,0
255,1786707658.522,1786707658.5266,0.03339,22.6813,20.3516,1.9341,70.3297,-16.9231,22.0899,20.1850,16.2429,2.1049,70.5439,-17.0659,22.7157,20.1850,16.2429,2.1049,70.5439,-17.0659,22.7157,-100,0,-50,-50,-300,50,0
256,1786707658.5554,1786707658.5601,0.03338,22.3297,20.2637,2.1978,70.1538,-17.0989,22.4868,20.6324,17.8275,1.8361,70.1502,-17.0839,23.3911,20.6324,17.8275,1.8361,70.1502,-17.0839,23.3911,-50,-50,100,-50,-150,250,0
257,1786707658.5888,1786707658.5934,0.03337,21.8901,19.8242,2.2857,70.1538,-16.8352,22.4868,20.2954,17.2670,2.0159,69.6439,-15.7658,23.1349,20.2954,17.2670,2.0159,69.6439,-15.7658,23.1349,-200,-150,50,0,50,0,0
258,1786707658.6222,1786707658.6272,0.03344,21.5385,19.7363,2.3736,70.3297,-16.6593,22.7513,19.8715,17.7404,2.4052,67.7060,-15.2060,23.1837,19.8715,17.7404,2.4052,67.7060,-15.2060,23.1837,-100,-100,50,100,0,100,0
259,1786707658.6556,1786707658.6603,0.03335,21.0989,19.7363,2.3736,69.8022,-16.4835,22.8175,19.9509,17.7032,2.5195,68.3034,-17.2274,23.1028,19.9509,17.7032,2.5195,68.3034,-17.2274,23.1028,-100,0,0,-150,0,0,0
260,1786707658.6889,1786707658.6937,0.03337,20.9231,19.7363,2.4615,69.2747,-16.0440,22.8836,19.4970,17.0692,5.8027,67.1732,-17.3896,23.2711,19.4970,17.0692,5.8027,67.1732,-17.3896,23.2711,-50,0,50,-300,150,0,0
261,1786707658.7224,1786707658.7267,0.03342,20.7473,19.7363,2.6374,68.5714,-16.3077,22.8836,20.5641,18.3019,4.3180,68.6949,-18.9010,23.1448,20.5641,18.3019,4.3180,68.6949,-18.9010,23.1448,-50,0,50,-300,0,0,0
262,1786707658.7557,1786707658.7603,0.03339,20.5714,19.6484,3.2527,67.9560,-16.8352,22.8836,21.6286,18.3070,6.6035,68.2645,-17.8162,21.8778,21.6286,18.3070,6.6035,68.2645,-17.8162,21.8778,-50,-50,250,-150,-250,0,0
263,1786707658.7891,1786707658.7937,0.03336,20.7473,19.4725,4.1319,67.7802,-17.6264,22.8836,20.4269,19.2394,5.5155,67.8285,-19.0507,22.6795,20.4269,19.2394,5.5155,67.8285,-19.0507,22.6795,0,-50,250,0,-200,0,0
264,1786707658.8225,1786707658.8272,0.0334,21.0110,19.3846,4.8352,67.9560,-18.0659,22.5529,20.3403,19.5736,4.6929,68.9555,-19.7746,22.6702,20.3403,19.5736,4.6929,68.9555,-19.7746,22.6702,150,0,250,100,-250,-50,0
265,1786707658.8559,1786707658.8608,0.03343,21.0110,19.3846,5.1868,67.7802,-18.2418,22.2884,20.7419,18.3306,1.7705,70.1110,-20.6565,21.3635,20.7419,18.3306,1.7705,70.1110,-20.6565,21.3635,-50,0,100,-50,0,-150,0
266,1786707658.8893,1786707658.8939,0.03334,20.9231,19.6484,4.7473,68.2198,-18.7692,22.4868,19.5558,19.6224,4.0200,69.1798,-19.3519,22.1516,19.5558,19.6224,4.0200,69.1798,-19.3519,22.1516,-50,50,-200,200,-150,100,0
267,1786707658.9227,1786707658.9273,0.03338,20.9231,19.5604,4.1319,68.9231,-19.6484,22.1561,20.2762,18.8891,7.0108,67.1793,-18.9448,22.1171,20.2762,18.8891,7.0108,67.1793,-18.9448,22.1171,0,-50,-100,250,-250,-50,0
268,1786707658.9561,1786707658.9603,0.03345,20.7473,19.6484,3.4286,69.1868,-19.5604,21.8254,19.6911,19.7879,4.5751,68.1497,-19.8467,21.9952,19.6911,19.7879,4.5751,68.1497,-19.8467,21.9952,-100,0,-250,100,-50,-200,0
269,1786707658.9895,1786707658.9941,0.03337,20.6593,19.8242,3.6923,68.3956,-19.1209,21.9577,18.3719,21.1754,4.6623,66.0032,-19.8018,22.1693,18.3719,21.1754,4.6623,66.0032,-19.8018,22.1693,-50,50,150,-300,200,50,0
270,1786707659.0229,1786707659.0274,0.03337,20.5714,19.7363,4.3077,68.0440,-19.4725,21.9577,18.4196,23.1162,3.5101,66.9495,-20.5870,22.6392,18.4196,23.1162,3.5101,66.9495,-20.5870,22.6392,-50,-50,250,-200,-50,0,0
271,1786707659.0562,1786707659.0612,0.03338,20.1319,20.1758,4.3956,67.9560,-19.5604,21.9577,19.7007,23.0634,4.3393,65.7017,-21.0538,22.7854,19.7007,23.0634,4.3393,65.7017,-21.0538,22.7854,-200,100,50,0,-50,0,0
272,1786707659.0896,1786707659.0943,0.03339,20.0440,21.1429,4.1319,67.6923,-19.9121,22.2222,19.0653,22.4844,3.0289,65.6545,-21.0878,21.6775,19.0653,22.4844,3.0289,65.6545,-21.0878,21.6775,-50,300,-100,-50,-100,150,0
273,1786707659.123,1786707659.1278,0.03337,20.1319,21.6703,4.0440,67.1648,-20.3516,22.3545,19.4298,24.8205,3.6026,65.2922,-20.8748,22.7678,19.4298,24.8205,3.6026,65.2922,-20.8748,22.7678,0,150,-50,-100,-150,150,0
274,1786707659.1564,1786707659.161,0.03338,20.1319,21.6703,4.1319,66.8132,-20.5275,22.0899,18.2972,26.0927,3.3426,66.6746,-19.6307,20.1883,18.2972,26.0927,3.3426,66.6746,-19.6307,20.1883,0,0,50,-150,-50,-100,0
275,1786707659.1898,1786707659.1943,0.03338,20.0440,22.4615,4.1319,66.5495,-20.5275,21.9577,19.3334,25.8419,1.7232,65.7718,-19.5997,16.5876,19.3334,25.8419,1.7232,65.7718,-19.5997,16.5876,0,250,0,-100,0,0,0
276,1786707659.2231,1786707659.2277,0.03337,19.9560,23.6923,3.9560,66.8132,-20.2637,22.0238,19.0833,26.4532,-1.8643,68.0304,-19.9901,21.6061,19.0833,26.4532,-1.8643,68.0304,-19.9901,21.6061,0,400,0,150,100,50,0
277,1786707659.2565,1786707659.2614,0.03339,19.8681,24.2198,3.2527,66.9011,-20.0000,21.0979,19.4686,27.4223,-1.4891,67.9349,-21.5407,20.4145,19.4686,27.4223,-1.4891,67.9349,-21.5407,20.4145,0,250,-250,50,100,-350,0
278,1786707659.2899,1786707659.2946,0.03342,19.8681,24.7473,1.6703,66.9011,-20.0000,19.5767,18.8299,26.5227,-3.4616,69.7362,-22.3518,21.4929,18.8299,26.5227,-3.4616,69.7362,-22.3518,21.4929,0,150,-550,0,0,-650,0
279,1786707659.3233,1786707659.3281,0.03339,19.8681,25.6264,0.1758,67.6044,-20.3516,19.1799,20.6779,25.9309,0.5839,68.8446,-21.4142,21.3708,20.6779,25.9309,0.5839,68.8446,-21.4142,21.3708,0,250,-550,250,-200,-450,0
280,1786707659.3567,1786707659.361,0.03338,19.8681,25.8901,-0.8791,68.4835,-21.1429,19.7751,18.7293,26.8300,-2.4166,67.9159,-23.0573,20.4726,18.7293,26.8300,-2.4166,67.9159,-23.0573,20.4726,0,50,-350,300,-350,150,0
281,1786707659.3901,1786707659.3943,0.03338,20.0440,25.9780,-1.4945,68.8352,-21.1429,20.6349,19.6048,25.5226,-0.3325,68.0854,-21.1435,15.5053,19.6048,25.5226,-0.3325,68.0854,-21.1435,15.5053,100,50,-150,100,0,350,0
282,1786707659.4235,1786707659.4282,0.0334,20.3077,26.0659,-1.4945,68.5714,-21.5824,20.5026,16.7413,22.8997,-0.0871,67.7218,-22.3038,9.7334,16.7413,22.8997,-0.0871,67.7218,-22.3038,10.4365,150,50,0,-100,-250,-150,0
283,1786707659.4569,1786707659.4617,0.03345,20.3077,26.0659,-1.4945,68.4835,-22.3736,19.3783,17.0313,23.4882,-0.0551,67.6956,-22.0413,4.7456,17.0313,23.4882,-0.0551,67.6956,-22.0413,9.1799,0,0,0,-50,-450,-350,0
284,1786707659.4903,1786707659.4954,0.03333,19.8681,24.9231,-0.9670,68.3956,-22.1978,16.9974,16.6389,23.6319,1.3572,67.0337,-21.1353,2.1926,16.6389,23.6319,1.3572,67.0337,-21.1353,6.6005,-250,-350,250,-50,0,-1150,0
285,1786707659.5236,1786707659.5286,0.03336,19.2527,24.2198,-0.7033,68.1319,-22.1978,14.1534,15.4440,23.3377,-2.4164,66.1896,-23.1874,2.0283,15.4440,23.3377,-2.4164,66.1896,-23.1874,3.7566,-250,-300,50,-50,0,-1250,0
286,1786707659.5571,1786707659.5619,0.03345,19.0769,24.1319,-0.0879,67.6923,-22.1099,11.6402,17.2587,24.0154,-1.2356,66.5712,-24.2778,3.8865,17.2587,24.0154,-1.2356,66.5712,-24.2778,3.8865,0,0,200,-150,0,-1200,0
287,1786707659.5905,1786707659.5948,0.0334,18.6374,23.9560,0.2637,67.1648,-22.1978,8.9286,17.3688,25.5856,-2.0974,64.5830,-21.5334,4.9737,17.3688,25.5856,-2.0974,64.5830,-21.5334,4.9737,-150,-100,150,-200,50,-1250,0
288,1786707659.6238,1786707659.6286,0.03335,18.5495,24.0440,-0.1758,67.0769,-23.1648,6.8122,14.7447,24.0143,-3.9089,67.2744,-22.1636,4.9546,14.7447,24.0143,-3.9089,67.2744,-22.1636,4.9546,-100,50,-250,0,-350,-850,0
289,1786707659.6573,1786707659.6616,0.03344,18.5495,24.3077,-1.0549,66.4615,-23.3407,6.0185,17.1936,24.7848,-1.8871,65.8461,-21.8766,3.9928,17.1936,24.7848,-1.8871,65.8461,-21.8766,3.9928,0,100,-350,-100,-200,-450,0
290,1786707659.6906,1786707659.6952,0.03335,18.2857,24.7473,-1.8462,65.8462,-22.7253,5.9524,17.0677,22.3442,-1.1932,65.7861,-23.3200,3.3689,17.0677,22.3442,-1.1932,65.7861,-23.3200,3.3689,-100,150,-300,-250,200,0,0
291,1786707659.724,1786707659.7283,0.0334,17.8462,24.7473,-2.5495,66.1099,-22.5495,5.0926,18.4242,23.2709,0.2925,64.6571,-23.6599,3.1058,18.4242,23.2709,0.2925,64.6571,-23.6599,3.1058,-200,0,-150,100,50,-400,0
292,1786707659.7574,1786707659.7616,0.03342,17.9341,24.3077,-1.9341,65.7582,-22.8132,4.2989,16.4057,24.2234,0.8605,64.1745,-23.6948,3.6447,16.4057,24.2234,0.8605,64.1745,-23.6948,3.6447,0,-150,100,50,0,-350,0
293,1786707659.7908,1786707659.795,0.03336,18.4615,23.6923,-0.8791,65.1429,-23.2527,3.9021,17.3015,22.6459,2.6436,64.2789,-24.9016,3.1780,17.3015,22.6459,2.6436,64.2789,-24.9016,3.1780,200,-150,400,-200,-150,-200,0
294,1786707659.8242,1786707659.8284,0.0334,18.4615,23.8681,-0.4396,64.7912,-23.4286,3.9021,17.0553,23.3067,1.7863,64.4179,-24.1196,3.6354,17.0553,23.3067,1.7863,64.4179,-24.1196,3.6354,-50,0,100,-100,0,0,0
295,1786707659.8576,1786707659.8618,0.0334,18.4615,24.0440,0.2637,64.8791,-23.9560,3.6376,17.5348,22.6152,1.7855,64.3620,-25.8962,3.7430,17.5348,22.6152,1.7855,64.3620,-25.8962,3.7430,0,50,150,-50,-150,-50,0
296,1786707659.891,1786707659.8952,0.03339,18.4615,23.5165,0.9670,64.6154,-24.2198,3.6376,17.3533,20.0484,2.9964,65.0000,-25.2947,3.3336,17.3533,20.0484,2.9964,65.0000,-25.2947,3.3336,0,-150,300,-50,-100,0,0
297,1786707659.9244,1786707659.9289,0.03338,18.4615,23.3407,0.9670,64.6154,-24.3077,3.6376,18.7650,21.2705,1.9181,66.0359,-27.5205,2.9268,18.7650,21.2705,1.9181,66.0359,-27.5205,2.9268,0,0,0,0,-50,0,0
298,1786707659.9578,1786707659.962,0.03339,18.4615,22.6374,1.5824,64.6154,-24.8352,3.5714,19.5033,17.6064,3.1345,65.8569,-28.4155,3.5323,19.5033,17.6064,3.1345,65.8569,-28.4155,3.5323,0,-200,150,0,-200,0,0
299,1786707659.9911,1786707659.9953,0.03338,18.6374,21.8462,2.1099,64.9670,-25.7143,3.3069,17.8633,19.6725,3.4163,65.0271,-29.2824,3.6179,17.8633,19.6725,3.4163,65.0271,-29.2824,3.6179,50,-250,200,50,-300,-100,0
300,1786707660.0245,1786707660.1392,0.03338,18.9890,21.0549,2.2857,65.1429,-26.8571,3.3069,18.1199,22.4407,-8.8911,66.4510,-24.8115,3.4022,18.1199,22.4407,-6.9231,66.4510,-24.8115,3.4022,100,-200,100,50,-350,0,1
301,1786707660.1403,1786707660.1457,0.11576,18.6374,20.4396,3.0769,65.1429,-28.6154,3.4392,18.4956,22.5993,-8.6021,63.4399,-23.8902,3.7166,18.4956,22.5993,-6.9231,63.4399,-23.8902,3.7166,0,0,0,0,0,0,1
302,1786707660.1736,1786707660.1785,0.03333,18.6374,20.4396,2.9890,65.0549,-28.8791,3.4392,17.5616,20.5178,-5.4368,64.8383,-23.9925,3.5279,17.5616,20.5178,-5.4368,64.8383,-23.9925,3.5279,0,0,0,-50,-150,0,0
303,1786707660.207,1786707660.2117,0.03338,18.6374,21.0549,2.4615,65.1429,-28.0879,3.4392,16.7348,18.9748,-5.5162,64.3791,-23.3648,3.4434,16.7348,18.9748,-5.5162,64.3791,-23.3648,3.4434,0,250,-200,0,250,0,0
304,1786707660.2404,1786707660.245,0.03338,18.5495,22.0220,0.4396,64.5275,-26.5055,3.4392,17.9212,18.8373,-4.3481,64.1904,-27.2351,3.5171,17.9212,18.8373,-4.3481,64.1904,-27.2351,3.5171,-100,400,-800,-200,600,0,0
305,1786707660.2737,1786707660.2783,0.03336,18.1978,22.2857,-1.5824,64.2637,-25.2747,3.4392,16.2199,19.5372,-6.8146,63.9509,-24.4253,3.6316,16.2199,19.5372,-6.8146,63.9509,-24.4253,3.6316,-100,100,-750,-150,450,0,0
306,1786707660.3071,1786707660.3115,0.0334,18.1978,22.2857,-2.2857,64.7033,-25.4505,3.4392,15.8715,20.5583,-5.5535,62.9002,-24.7476,3.7287,15.8715,20.5583,-5.5535,62.9002,-24.7476,3.7287,50,0,-200,200,0,0,0
307,1786707660.3406,1786707660.3452,0.03344,18.1978,22.1978,-2.7253,64.3516,-25.7143,3.4392,16.1514,19.9738,-5.3974,62.9156,-26.5405,6.5723,16.1514,19.9738,-5.3974,62.9156,-26.5405,6.5723,0,-50,-200,-150,-50,0,0
308,1786707660.3739,1786707660.3787,0.03337,17.6703,22.1978,-3.2527,63.6484,-25.4505,3.4392,16.5350,21.0667,-8.1178,64.0044,-26.4499,6.5724,16.5350,21.0667,-8.1178,64.0044,-26.4499,6.5724,-200,0,-250,-250,0,0,0
309,1786707660.4073,1786707660.412,0.03338,17.3187,22.1978,-3.3407,63.4725,-25.6264,3.7698,15.9181,20.7626,-7.6842,64.6857,-25.8355,5.1475,15.9181,20.7626,-7.6842,64.6857,-25.8355,5.1475,-150,0,-50,-100,0,150,0
310,1786707660.4407,1786707660.4453,0.03339,17.2308,22.2857,-3.9560,63.7363,-26.0659,4.9603,16.2975,19.0165,-5.1802,63.4196,-26.2951,4.2000,16.2975,19.0165,-5.1802,63.4196,-26.2951,4.2000,0,50,-250,100,-150,550,0
311,1786707660.4741,1786707660.4786,0.03337,17.2308,22.2857,-4.7473,64.0879,-25.9780,5.3571,15.8894,22.0321,-6.3355,61.9090,-28.5939,7.7299,15.8894,22.0321,-6.3355,61.9090,-28.5939,7.7299,0,0,-300,50,50,300,0
312,1786707660.5075,1786707660.5121,0.03341,17.1429,22.1099,-4.8352,63.8242,-25.9780,4.8942,16.6378,19.1303,-2.1934,58.4602,-27.5706,5.8358,16.6378,19.1303,-2.1934,58.4602,-27.5706,5.8358,0,-50,-50,0,0,-200,0
313,1786707660.5409,1786707660.546,0.03347,16.8791,21.9341,-4.3956,62.8571,-26.5934,4.6296,15.7699,19.0322,-2.3760,58.4848,-28.9116,7.0181,15.7699,19.0322,-2.3760,58.4848,-28.9116,7.0181,-150,0,100,-300,-300,-50,0
314,1786707660.5743,1786707660.5789,0.03334,16.8791,21.9341,-3.8681,61.3626,-27.7363,5.0265,15.1074,23.1155,-3.5066,60.8283,-28.8563,14.4604,15.1074,23.1155,-3.5066,60.8283,-28.8563,14.4604,0,0,100,-550,-400,50,0
315,1786707660.6077,1786707660.612,0.03337,16.7033,21.9341,-2.7253,60.2198,-28.0879,5.9524,15.2189,22.8791,-3.9851,60.1001,-29.2562,16.6585,15.2189,22.8791,-3.9851,60.1001,-29.2562,16.0847,-50,0,400,-500,-150,400,0
316,1786707660.6411,1786707660.6455,0.03342,16.4396,22.3736,-2.8132,60.1319,-28.4396,7.2090,14.0634,21.1434,-4.8989,60.8203,-28.5754,17.5148,14.0634,21.1434,-4.8989,60.8203,-28.5754,17.4074,-100,200,-50,0,-150,650,0
317,1786707660.6745,1786707660.6789,0.03339,16.1758,23.1648,-2.9011,60.5714,-28.6154,9.5899,15.1543,21.4280,-4.7067,61.8011,-27.8729,18.1105,15.1543,21.4280,-4.7067,61.8011,-27.8729,18.1105,-50,300,-50,200,-150,900,0
318,1786707660.7079,1786707660.7121,0.03338,15.6484,23.4286,-2.9011,60.6593,-28.7033,12.3016,13.8171,18.9298,-4.4101,62.0560,-28.9673,17.9485,13.8171,18.9298,-4.4101,62.0560,-28.9673,17.9485,-200,100,0,50,0,1250,0
319,1786707660.7413,1786707660.7458,0.0334,15.5604,23.4286,-2.9890,60.9231,-28.5275,14.4841,12.7293,22.2678,-8.1387,63.2992,-27.4877,17.5896,12.7293,22.2678,-8.1387,63.2992,-27.4877,17.5896,0,0,0,50,50,850,0
320,1786707660.7746,1786707660.779,0.03337,15.5604,23.0769,-2.9890,61.3626,-28.7912,15.6085,13.6482,19.9996,-4.8059,64.1102,-28.2784,17.1883,13.6482,19.9996,-4.8059,64.1102,-28.2784,17.1883,0,-50,0,150,0,700,0
321,1786707660.8081,1786707660.8123,0.03345,15.0330,22.8132,-3.2527,62.3297,-28.7912,16.0714,14.0778,22.3017,-7.6012,62.1677,-27.0024,16.2551,14.0778,22.3017,-7.6012,62.1677,-27.0024,16.2551,-150,-100,-50,300,0,200,0
322,1786707660.8415,1786707660.8456,0.03338,14.8571,22.8132,-4.1319,62.8571,-28.4396,16.2698,14.8079,22.8420,-4.9626,63.4215,-26.9637,15.8504,14.8079,22.8420,-4.9626,63.4215,-26.9637,15.8504,-50,0,-300,250,150,100,0
323,1786707660.8749,1786707660.879,0.0334,14.8571,22.9890,-4.7473,62.6813,-28.1758,16.1376,14.9991,22.2690,-4.8135,63.6755,-26.0784,15.6744,14.9991,22.2690,-4.8135,63.6755,-26.0784,15.6744,0,100,-250,0,50,0,0
324,1786707660.9082,1786707660.9127,0.03337,15.1209,23.4286,-4.9231,62.1538,-27.7363,16.0714,13.5152,22.7155,-7.4099,65.1725,-27.9613,15.6832,13.5152,22.7155,-7.4099,65.1725,-27.9613,15.6832,50,200,-50,-300,150,-100,0
325,1786707660.9416,1786707660.9459,0.03337,15.1209,23.5165,-4.3956,63.0330,-27.2967,15.8730,12.5821,24.2779,-9.6553,65.2454,-25.9628,15.1838,12.5821,24.2779,-9.6553,65.2454,-25.9628,15.1838,0,50,200,200,150,-100,0
326,1786707660.975,1786707660.9796,0.03343,15.0330,23.6923,-4.6593,64.0000,-27.3846,15.7407,12.8952,21.7550,-9.8532,67.4997,-27.9957,15.0315,12.8952,21.7550,-9.8532,67.4997,-27.9957,15.0315,-50,0,0,250,-100,0,0
327,1786707661.0084,1786707661.0128,0.03341,14.7692,24.3077,-5.9780,64.4396,-27.7363,15.5423,14.9345,25.8614,-7.2638,62.3216,-31.0984,15.7575,14.9345,25.8614,-7.2638,62.3216,-31.0984,15.7575,-100,150,-400,100,-200,-100,0
328,1786707661.0418,1786707661.0461,0.0334,14.5934,24.6593,-7.1209,64.8791,-27.8242,15.5423,13.5806,23.8818,-9.8912,65.0894,-28.1401,15.3015,13.5806,23.8818,-9.8912,65.0894,-28.1401,15.3015,-50,150,-350,50,0,50,0
329,1786707661.0752,1786707661.0799,0.03341,14.7692,24.6593,-7.0330,66.1978,-28.5275,15.4762,12.7368,21.5821,-7.5913,64.0048,-28.8716,15.6640,12.7368,21.5821,-7.5913,64.0048,-28.8716,15.6640,50,0,100,450,-300,-50,0
330,1786707661.1086,1786707661.1133,0.03336,14.9451,24.7473,-6.5934,65.8462,-29.4066,15.4762,12.7120,23.1667,-6.2955,63.2566,-30.1803,15.2399,12.7120,23.1667,-6.2955,63.2566,-30.1803,15.2399,150,0,200,-200,-400,0,0
331,1786707661.142,1786707661.1467,0.03339,14.7692,24.8352,-6.5934,64.7912,-29.2308,15.4762,14.1554,23.0843,-5.8009,63.5659,-29.1817,15.5143,14.1554,23.0843,-5.8009,63.5659,-29.1817,15.5143,-50,50,0,-400,50,0,0
332,1786707661.1754,1786707661.1802,0.03337,14.4176,24.8352,-6.2418,64.0000,-29.1429,15.4762,13.7093,21.2773,-6.9586,65.5765,-27.9822,15.7076,13.7093,21.2773,-6.9586,65.5765,-27.9822,15.7076,-100,0,150,-200,0,0,0
333,1786707661.2087,1786707661.2135,0.03337,14.4176,24.6593,-5.8901,63.8242,-29.1429,15.6085,14.4756,21.5950,-3.7109,62.8791,-28.7442,15.6185,14.4756,21.5950,-3.7109,62.8791,-28.7442,15.6185,0,-50,150,0,0,100,0
334,1786707661.2421,1786707661.2468,0.0334,14.5055,24.6593,-5.8901,64.1758,-28.8791,15.6085,13.6054,23.2728,-7.5659,63.2408,-30.2202,15.8198,13.6054,23.2728,-7.5659,63.2408,-30.2202,15.8198,50,0,0,100,100,0,0
335,1786707661.2755,1786707661.28,0.03337,14.6813,24.6593,-5.7143,64.9670,-28.8791,15.5423,14.5720,23.1376,-7.6024,63.9020,-29.2437,15.7128,14.5720,23.1376,-7.6024,63.9020,-29.2437,15.7128,50,0,100,250,-100,-100,0
336,1786707661.3089,1786707661.3136,0.03343,14.7692,24.6593,-5.5385,64.2637,-29.5824,15.5423,13.7680,24.1783,-9.0173,61.5308,-28.4691,15.3009,13.7680,24.1783,-9.0173,61.5308,-28.4691,15.3009,50,0,100,-300,-200,0,0
337,1786707661.3423,1786707661.3469,0.03335,14.5934,24.7473,-5.8022,63.5604,-29.6703,15.5423,14.7319,24.1222,-6.1281,63.4327,-29.1320,15.9027,14.7319,24.1222,-6.1281,63.4327,-29.1320,15.9027,-50,50,-100,-350,-50,0,0
338,1786707661.3757,1786707661.3803,0.0334,14.5934,24.9231,-6.4176,63.8242,-29.2308,15.4762,14.9102,23.8056,-2.7214,60.9188,-28.8080,15.6486,14.9102,23.8056,-2.7214,60.9188,-28.8080,15.6486,0,100,-200,200,100,-50,0
339,1786707661.4091,1786707661.4138,0.03341,14.6813,25.0110,-6.5934,62.9451,-29.2308,15.6746,14.6053,22.5180,-6.1379,61.6569,-27.6973,15.7429,14.6053,22.5180,-6.1379,61.6569,-27.6973,15.7429,0,0,-100,-350,0,50,0
340,1786707661.4425,1786707661.4471,0.0334,14.7692,24.9231,-5.5385,62.8571,-29.2308,15.7407,14.0278,21.5519,-5.1600,61.6773,-28.9051,15.5578,14.0278,21.5519,-5.1600,61.6773,-28.9051,15.5578,50,-50,350,0,0,50,0
341,1786707661.4758,1786707661.4801,0.03337,14.8571,24.6593,-4.0440,62.3297,-28.7033,15.8069,13.1977,24.2939,-7.4815,61.2775,-29.0357,16.4360,13.1977,24.2939,-7.4815,61.2775,-29.0357,16.4360,50,-100,500,-200,200,-100,0
342,1786707661.5092,1786707661.5138,0.03337,14.8571,24.2198,-3.6044,62.2418,-28.7033,15.6746,13.8831,23.9632,-4.5578,59.5765,-29.4534,17.3682,13.8831,23.9632,-4.5578,59.5765,-29.4534,17.3682,0,-100,250,50,100,100,0
343,1786707661.5426,1786707661.5473,0.03338,14.7692,24.4835,-4.3077,62.0659,-28.9670,15.8730,14.1913,24.4465,-3.7272,59.1079,-29.4750,17.5434,14.1913,24.4465,-3.7272,59.1079,-29.4750,17.5434,0,0,-200,50,-150,50,0
344,1786707661.576,1786707661.5803,0.0334,14.7692,25.1868,-5.1868,61.0110,-29.1429,16.5344,14.3027,24.4430,-5.1128,59.7346,-29.3199,18.1075,14.3027,24.4430,-5.1128,59.7346,-29.3199,18.1075,0,250,-300,-300,-50,300,0
345,1786707661.6095,1786707661.6144,0.03346,14.6813,25.2747,-5.1868,60.3077,-29.2308,16.9312,14.5945,25.2113,-4.9807,59.0669,-28.4970,17.5411,14.5945,25.2113,-4.9807,59.0669,-28.4970,17.5411,0,0,-50,-250,-50,200,0
346,1786707661.6428,1786707661.6475,0.03333,14.6813,25.1868,-4.6593,60.2198,-29.2308,17.2619,13.5852,24.9532,-6.4971,59.5564,-27.5408,18.0142,13.5852,24.9532,-6.4971,59.5564,-27.5408,18.0142,0,0,200,-50,0,200,0
347,1786707661.6762,1786707661.6804,0.0334,14.7692,25.3626,-4.5714,59.8681,-29.0549,17.2619,13.7901,24.3939,-4.2057,59.6506,-28.8849,17.9470,13.7901,24.3939,-4.2057,59.6506,-28.8849,17.9470,50,50,0,-100,50,0,0
348,1786707661.7096,1786707661.7138,0.03344,14.5934,25.4505,-4.9231,59.7802,-28.5275,17.5265,13.6390,24.9057,-5.3886,59.5121,-27.8192,17.7069,13.6390,24.9057,-5.3886,59.5121,-27.8192,17.7069,-100,0,-100,-50,200,100,0
349,1786707661.743,1786707661.7473,0.03336,14.5055,25.5385,-5.0110,59.6923,-28.7912,17.5926,14.3933,24.8718,-3.9113,59.0974,-28.7172,17.6115,14.3933,24.8718,-3.9113,59.0974,-28.7172,17.6115,0,0,-50,-50,-50,50,0
350,1786707661.7763,1786707661.8908,0.03337,14.5055,25.5385,-4.8352,59.6044,-28.8791,17.5265,13.4592,21.5106,-4.2666,64.1112,-38.2176,18.2996,13.4592,21.5106,-4.2666,64.1112,-38.2176,18.2996,0,0,50,-50,0,0,1
351,1786707661.892,1786707661.8971,0.11565,14.5055,25.4505,-4.2198,59.4286,-28.7912,17.5265,13.7992,25.2353,-6.2432,62.9020,-32.3342,18.8375,13.7992,25.2353,-6.2432,62.9020,-32.3342,18.8375,0,0,0,0,0,0,1
352,1786707661.9253,1786707661.9299,0.03328,14.5055,25.4505,-4.2198,59.4286,-28.7912,17.5265,13.7764,25.0749,-5.1816,62.4830,-32.3152,19.3124,13.7764,25.0749,-5.1816,62.4830,-32.3152,19.3124,0,0,0,0,0,0,0
353,1786707661.9587,1786707661.9633,0.03342,14.5055,25.5385,-4.6593,60.0440,-29.6703,18.0556,13.9391,26.4567,-8.0527,62.9423,-31.2119,19.3501,13.9391,26.4567,-8.0527,62.9423,-31.2119,19.3501,0,50,-150,100,-300,250,0
354,1786707661.9921,1786707661.9966,0.03337,14.4176,25.5385,-5.0989,61.1868,-30.9011,18.5847,14.3807,25.3458,-6.8922,62.5468,-32.1332,19.3065,14.3807,25.3458,-6.8922,62.5468,-32.1332,19.3065,-50,0,-100,400,-350,200,0
355,1786707662.0254,1786707662.0303,0.03338,14.4176,25.9780,-5.3626,61.8022,-30.9011,18.7169,13.8673,26.0528,-7.0158,61.6146,-32.3455,19.5838,13.8673,26.0528,-7.0158,61.6146,-32.3455,19.5838,0,200,0,200,-50,100,0
356,1786707662.0588,1786707662.0631,0.03337,14.4176,26.2418,-5.9780,61.8901,-31.1648,18.9153,13.5144,23.4032,-6.7506,61.5109,-31.8653,19.2263,13.5144,23.4032,-6.7506,61.5109,-31.8653,19.2263,0,50,-200,100,-50,100,0
357,1786707662.0922,1786707662.0968,0.03341,14.4176,26.2418,-5.9780,61.8901,-31.5165,19.1138,13.1360,24.6429,-9.6630,61.7635,-31.8633,19.3083,13.1360,24.6429,-9.6630,61.7635,-31.8633,19.3083,0,0,0,0,-100,100,0
358,1786707662.1256,1786707662.1301,0.0334,14.4176,26.2418,-5.9780,61.8022,-31.6044,19.0476,12.8474,25.1455,-9.7949,61.5938,-31.7657,17.3575,12.8474,25.1455,-9.7949,61.5938,-31.7657,17.3575,0,0,0,0,-50,-50,0
359,1786707662.159,1786707662.1636,0.03338,14.3297,26.1538,-6.4176,61.8901,-31.6044,19.0476,12.2266,26.3521,-11.1501,62.3805,-30.6671,18.3067,12.2266,26.3521,-11.1501,62.3805,-30.6671,18.3067,-50,0,-150,50,-50,0,0
360,1786707662.1923,1786707662.1966,0.03334,14.0659,26.3297,-7.3846,61.8901,-31.5165,18.7831,13.5384,24.8735,-9.0752,62.6760,-29.1671,17.8923,13.5384,24.8735,-9.0752,62.6760,-29.1671,17.8923,-50,50,-300,0,50,-200,0
361,1786707662.2257,1786707662.2303,0.03341,13.8022,26.8571,-8.0879,62.0659,-31.4286,17.9894,12.8564,25.1150,-8.0312,61.2328,-30.9462,18.0984,12.8564,25.1150,-8.0312,61.2328,-30.9462,18.0984,-100,200,-250,50,-50,-300,0
362,1786707662.2591,1786707662.2639,0.03337,13.7143,26.9451,-8.4396,61.9780,-30.5495,17.9894,12.6813,24.0917,-8.2099,60.9524,-29.5065,18.1160,12.6813,24.0917,-8.2099,60.9524,-29.5065,18.1160,-50,0,-150,-50,300,0,0
363,1786707662.2925,1786707662.2971,0.0334,13.7143,26.9451,-7.8242,61.8901,-30.3736,18.0556,12.8432,22.7027,-7.2597,61.3652,-29.4013,18.3157,12.8432,22.7027,-7.2597,61.3652,-29.4013,18.3157,0,0,250,-50,50,0,0
364,1786707662.3259,1786707662.3307,0.03342,13.7143,26.7692,-7.5604,61.5385,-30.4615,18.1217,12.2923,25.3947,-9.9688,59.2496,-27.5029,18.6031,12.2923,25.3947,-9.9688,59.2496,-27.5029,18.6031,0,-50,150,-100,-100,50,0
365,1786707662.3593,1786707662.3639,0.03333,13.7143,26.5055,-7.3846,61.3626,-29.9341,18.1217,13.1379,26.1990,-9.0920,59.1458,-30.2641,18.5794,13.1379,26.1990,-9.0920,59.1458,-30.2641,18.5794,0,-100,50,0,150,0,0
366,1786707662.3926,1786707662.3972,0.03335,13.6264,26.4176,-7.2088,61.0110,-29.2308,18.1878,13.1074,24.8995,-7.4388,57.9508,-28.2959,18.2884,13.1074,24.8995,-7.4388,57.9508,-28.2959,18.2884,-50,0,50,0,250,50,0
367,1786707662.4261,1786707662.4303,0.03345,13.6264,27.0330,-7.5604,59.7802,-28.7033,18.2540,13.5653,25.5680,-7.1922,54.8487,-27.6958,18.4803,13.5653,25.5680,-7.1922,54.8487,-27.6958,18.4803,0,150,-150,-450,250,50,0
368,1786707662.4595,1786707662.4638,0.03341,13.6264,27.1209,-7.2967,59.3407,-28.7912,18.1878,12.4548,25.1828,-9.3144,56.8400,-27.5092,18.6352,12.4548,25.1828,-9.3144,56.8400,-27.5092,18.6352,0,0,50,-150,-50,0,0
369,1786707662.4928,1786707662.4975,0.03338,13.7143,27.1209,-7.0330,57.8462,-28.3516,18.2540,12.7199,24.8703,-5.9415,56.6154,-28.9636,18.9748,12.7199,24.8703,-5.9415,56.6154,-28.9636,18.9748,50,0,100,-450,200,0,0
370,1786707662.5262,1786707662.531,0.03337,13.6264,27.1209,-7.2088,56.6154,-28.0879,18.3201,11.1790,26.5345,-9.5557,57.3911,-25.8685,18.9108,11.1790,26.5345,-9.5557,57.3911,-25.8685,18.9108,-50,0,0,-500,100,0,0
371,1786707662.5596,1786707662.5643,0.03341,13.4505,27.2088,-7.5604,56.7033,-28.5275,18.3862,12.2076,27.0155,-13.0742,62.4594,-24.6200,18.8628,12.2076,27.0155,-13.0742,62.4594,-24.6200,18.8628,-50,50,-150,50,-150,0,0
372,1786707662.5931,1786707662.5977,0.03344,13.0989,27.3846,-7.5604,57.2308,-28.6154,18.4524,12.5918,29.3431,-14.5996,61.8084,-23.4885,19.0311,12.5918,29.3431,-14.5996,61.8084,-23.4885,19.0311,-100,100,0,250,0,50,0
373,1786707662.6265,1786707662.6311,0.0334,12.9231,27.9121,-8.4396,57.9341,-27.2967,18.5847,12.3276,25.1845,-17.2705,63.0666,-24.8893,18.8282,12.3276,25.1845,-17.2705,63.0666,-24.8893,18.8282,-50,200,-150,200,300,0,0
374,1786707662.6599,1786707662.6646,0.03343,13.0110,28.6154,-10.3736,59.6044,-25.7143,18.5847,13.2787,27.9154,-15.7497,63.3800,-21.7858,18.5228,13.2787,27.9154,-15.7497,63.3800,-21.7858,18.5228,50,250,-600,550,550,0,0
375,1786707662.6933,1786707662.6981,0.03336,13.0110,29.4945,-12.3077,61.0110,-25.1868,18.5847,14.0443,27.6923,-16.0456,63.5306,-24.4676,19.3089,14.0443,27.6923,-16.0456,63.5306,-24.4676,19.3089,0,300,-700,550,150,0,0
376,1786707662.7266,1786707662.7313,0.03335,13.1868,29.5824,-13.3626,61.8901,-25.0989,18.5847,14.7153,29.2607,-15.0938,63.0126,-24.8803,18.9975,14.7153,29.2607,-15.0938,63.0126,-24.8803,18.9975,50,50,-250,350,0,0,0
377,1786707662.76,1786707662.7646,0.03337,13.5385,29.4945,-13.5385,62.3297,-24.9231,18.7169,15.3343,30.3750,-18.1326,63.9952,-24.1779,19.4266,15.3343,30.3750,-18.1326,63.9952,-24.1779,19.4266,150,0,-50,150,150,50,0
378,1786707662.7934,1786707662.798,0.03338,14.0659,29.6703,-13.5385,62.4176,-24.9231,18.7831,15.4163,30.1265,-15.4649,63.9113,-23.8067,19.2002,15.4163,30.1265,-15.4649,63.9113,-23.8067,19.2002,200,50,0,0,0,0,0
379,1786707662.8267,1786707662.8313,0.03339,14.6813,30.6374,-14.0659,63.0330,-24.6593,18.9815,15.8986,29.7519,-14.3856,64.5624,-22.8084,19.4575,15.8986,29.7519,-14.3856,64.5624,-22.8084,19.4575,200,300,-250,100,150,100,0
380,1786707662.8601,1786707662.8645,0.03338,14.9451,30.8132,-14.5934,63.2088,-24.3077,18.9815,15.3457,29.1315,-12.6856,63.8031,-23.5437,18.8191,15.3457,29.1315,-12.6856,63.8031,-23.5437,18.8191,100,100,-250,0,200,50,0
381,1786707662.8936,1786707662.8985,0.03346,15.2967,30.7253,-14.3297,63.3846,-23.7802,19.1138,15.1651,29.5067,-15.1959,65.5734,-22.8609,18.7552,15.1651,29.5067,-15.1959,65.5734,-22.8609,18.7552,150,-50,50,150,200,50,0
382,1786707662.9269,1786707662.9318,0.03336,15.2967,30.6374,-13.3626,63.5604,-23.5165,18.9815,16.4943,30.3900,-13.2410,65.2123,-22.7975,18.6538,16.4943,30.3900,-13.2410,65.2123,-22.7975,18.6538,0,-50,350,150,100,-50,0
383,1786707662.9603,1786707662.965,0.03336,15.2088,30.6374,-13.1868,64.0879,-23.6044,18.7831,15.4292,29.2629,-13.5756,64.3860,-24.6646,16.9405,15.4292,29.2629,-13.5756,64.3860,-24.6646,16.9405,-50,0,100,200,-150,-50,0
384,1786707662.9937,1786707662.9984,0.03339,15.2967,30.6374,-13.1868,64.5275,-23.1648,18.7831,15.3573,30.5482,-17.0925,65.1619,-23.2024,11.7846,15.3573,30.5482,-17.0925,65.1619,-23.2024,11.7846,0,0,0,100,100,50,0
385,1786707663.0271,1786707663.032,0.03337,15.4725,30.6374,-13.1868,64.5275,-23.6923,18.3201,15.2241,28.4400,-15.7678,64.5700,-23.2979,5.3178,15.2241,28.4400,-15.7678,64.5700,-23.2979,8.1217,50,0,0,0,-150,-300,0
386,1786707663.0605,1786707663.0649,0.0334,15.5604,30.8132,-13.5385,64.7912,-24.1319,16.6005,13.4112,27.0682,-11.0598,60.6563,-25.0495,6.5231,13.4112,27.0682,-11.0598,60.6563,-25.0495,6.5231,0,0,-50,100,-250,-550,0
387,1786707663.094,1786707663.0989,0.0335,15.5604,30.9890,-14.2418,64.7912,-23.7802,13.8889,15.2214,29.3293,-12.9184,61.6093,-23.0989,9.9927,15.2214,29.3293,-12.9184,61.6093,-23.0989,9.9927,0,50,-250,0,200,-1300,0
388,1786707663.1272,1786707663.132,0.03325,15.2967,30.6374,-13.8022,64.0879,-23.9560,11.2434,15.2615,28.5439,-8.9001,63.0523,-21.4661,15.1659,15.2615,28.5439,-8.9001,63.0523,-21.4661,15.1659,-50,-150,200,-150,-100,-1200,0
389,1786707663.1606,1786707663.1653,0.03337,14.9451,30.3736,-13.0110,62.9451,-24.5714,9.3915,15.3118,30.3584,-12.5777,61.6450,-22.7010,15.6777,15.3118,30.3584,-12.5777,61.6450,-22.7010,15.6777,-100,-200,350,-450,-250,-950,0
390,1786707663.194,1786707663.1987,0.03342,14.7692,30.2857,-12.2198,62.7692,-23.8681,8.6640,14.4643,29.0593,-13.2784,61.0779,-24.3459,15.9737,14.4643,29.0593,-13.2784,61.0779,-24.3459,15.9737,-50,0,250,0,350,-450,0
391,1786707663.2274,1786707663.2321,0.03339,15.0330,30.3736,-11.4286,62.7692,-22.9011,9.5899,14.4866,28.9467,-13.0266,60.7887,-23.9057,14.7069,14.4866,28.9467,-13.0266,60.7887,-23.9057,14.7069,50,50,250,0,300,450,0
392,1786707663.2608,1786707663.2654,0.03337,15.1209,30.4615,-11.5165,62.1538,-22.8132,11.5741,14.9304,29.1981,-12.4667,61.2421,-24.4849,13.6396,14.9304,29.1981,-12.4667,61.2421,-24.4849,13.6396,0,0,50,-150,100,900,0
393,1786707663.2942,1786707663.2991,0.03347,15.0330,30.3736,-12.0440,61.7143,-23.4286,13.3598,15.3670,28.7114,-12.8209,62.0795,-22.8612,13.0699,15.3670,28.7114,-12.8209,62.0795,-22.8612,13.0699,0,-50,-200,-150,-250,800,0
394,1786707663.3276,1786707663.3321,0.03334,15.0330,30.3736,-12.0440,61.6264,-23.7802,14.1534,14.6962,26.7032,-9.9866,60.2419,-23.9646,10.5755,14.6962,26.7032,-9.9866,60.2419,-23.9646,10.5755,0,0,0,-50,-150,300,0
395,1786707663.361,1786707663.3656,0.03344,15.0330,30.3736,-12.0440,61.7143,-23.7802,13.8889,13.8110,26.8940,-11.2195,60.7004,-23.3779,7.3175,13.8110,26.8940,-11.2195,60.7004,-23.3779,7.3175,0,0,0,0,-50,0,0
396,1786707663.3943,1786707663.399,0.03332,15.0330,30.0220,-11.6923,61.4505,-23.4286,12.6323,14.0733,27.8983,-13.3541,62.2457,-22.0847,4.5555,14.0733,27.8983,-13.3541,62.2457,-22.0847,4.5555,0,-50,50,-50,150,-500,0
397,1786707663.4277,1786707663.4325,0.03337,14.8571,29.5824,-10.8132,60.9231,-23.5165,10.8466,13.9077,28.2859,-12.7789,60.7884,-23.7060,3.1799,13.9077,28.2859,-12.7789,60.7884,-23.7060,3.1799,-50,-200,300,-100,0,-800,0
398,1786707663.4611,1786707663.4657,0.03338,14.7692,29.5824,-11.0769,61.2747,-23.0769,8.5979,13.3793,27.5816,-14.8440,61.0065,-23.8888,3.7510,13.3793,27.5816,-14.8440,61.0065,-23.8888,3.7510,-50,0,50,50,100,-1000,0
399,1786707663.4945,1786707663.499,0.03337,14.7692,29.5824,-11.5165,61.6264,-22.9011,6.3492,14.3943,27.7000,-12.1134,60.8360,-24.6893,4.9180,14.3943,27.7000,-12.1134,60.8360,-24.6893,4.9180,0,0,-150,100,50,-1150,0
400,1786707663.5279,1786707663.641,0.03345,14.5934,29.5824,-11.9560,61.3626,-23.3407,5.0926,14.5781,31.1229,-19.7578,66.6171,-19.1907,10.0475,14.5781,31.1229,-19.7578,66.6171,-19.1907,10.0475,-50,0,-150,-150,-150,-500,1
401,1786707663.6422,1786707663.6473,0.11425,14.7692,29.6703,-11.6923,61.1868,-24.2198,5.0265,12.7132,30.4384,-21.2953,65.2913,-18.9384,9.2710,12.7132,30.4384,-21.2953,65.2913,-18.9384,9.2710,0,0,0,0,-50,-150,1
402,1786707663.6755,1786707663.6801,0.0333,14.7692,29.6703,-11.6923,61.1868,-24.3077,5.0926,13.6609,31.5498,-20.5731,64.1861,-20.8342,13.0117,13.6609,31.5498,-20.5731,64.1861,-20.8342,13.0117,0,0,0,0,-50,0,0
403,1786707663.7088,1786707663.7136,0.03337,14.5055,30.1099,-12.2198,61.8901,-23.6923,5.5556,13.1204,32.1974,-20.7960,63.6885,-20.9484,16.7102,13.1204,32.1974,-20.7960,63.6885,-20.9484,15.7540,-100,50,-150,300,100,200,0
404,1786707663.7422,1786707663.7473,0.03341,14.2418,31.3407,-14.4176,63.2088,-22.4615,7.5397,13.1414,31.0728,-20.6788,63.0374,-21.1497,18.0087,13.1414,31.0728,-20.6788,63.0374,-21.1497,17.8704,-150,450,-800,500,500,1050,0
405,1786707663.7756,1786707663.7804,0.03336,14.0659,32.1319,-16.5275,63.2088,-22.0220,10.2513,13.5034,30.6861,-19.9042,62.9102,-20.7747,19.7069,13.5034,30.6861,-19.9042,62.9102,-20.7747,19.7069,-50,250,-750,50,200,1150,0
406,1786707663.809,1786707663.8136,0.0334,13.9780,32.2198,-17.2308,63.0330,-21.9341,12.8307,13.3068,29.2170,-16.8027,63.0037,-18.9597,18.7221,13.3068,29.2170,-16.8027,63.0037,-18.9597,18.7221,0,50,-250,0,0,1150,0
407,1786707663.8424,1786707663.847,0.03339,13.9780,32.1319,-17.3187,63.0330,-21.4945,15.3439,14.5746,32.1325,-19.6886,64.0426,-21.2462,20.0675,14.5746,32.1325,-19.6886,64.0426,-21.2462,20.0675,0,0,0,0,150,1100,0
408,1786707663.8758,1786707663.8804,0.03341,14.0659,32.0440,-17.2308,62.8571,-20.7033,16.9974,14.1783,32.0396,-18.2550,65.1171,-20.3295,19.4412,14.1783,32.0396,-18.2550,65.1171,-20.3295,19.4412,50,-50,-50,-100,250,850,0
409,1786707663.9092,1786707663.9138,0.03338,14.1538,31.9560,-16.5275,63.4725,-20.1758,17.9894,14.8213,32.9510,-21.0386,65.2553,-19.7366,19.2467,14.8213,32.9510,-21.0386,65.2553,-19.7366,19.2467,50,-50,300,250,200,500,0
410,1786707663.9426,1786707663.9471,0.03337,14.2418,32.5714,-16.7033,64.0000,-20.4396,18.3201,15.0494,34.1718,-21.2791,66.5247,-19.9552,19.1327,15.0494,34.1718,-21.2791,66.5247,-19.9552,19.1327,50,200,-50,350,-50,150,0
411,1786707663.976,1786707663.9809,0.03342,14.5055,33.2747,-18.0220,64.7033,-20.0879,18.4524,13.5674,31.9552,-20.1872,65.6707,-22.5214,19.4524,13.5674,31.9552,-20.1872,65.6707,-22.5214,19.4524,100,250,-400,300,50,50,0
412,1786707664.0094,1786707664.014,0.03343,14.6813,33.9780,-18.9011,65.0549,-20.2637,18.6508,12.4164,32.5508,-20.1642,66.8386,-21.3062,19.1703,12.4164,32.5508,-20.1642,66.8386,-21.3062,19.1703,100,200,-350,150,-150,50,0
413,1786707664.0427,1786707664.0473,0.03335,14.5934,34.0659,-18.9890,65.4066,-20.6154,18.8492,13.7798,32.4745,-19.6847,66.5195,-21.1965,19.3097,13.7798,32.4745,-19.6847,66.5195,-21.1965,19.3097,0,50,0,100,-200,100,0
414,1786707664.0762,1786707664.0808,0.03342,14.1538,34.0659,-18.9890,65.4066,-21.5824,18.8492,14.0157,33.1273,-18.7451,66.3534,-20.3576,19.3272,14.0157,33.1273,-18.7451,66.3534,-20.3576,19.3272,-150,0,0,0,-400,0,0
415,1786707664.1096,1786707664.1142,0.0334,13.9780,34.0659,-18.9890,65.8462,-21.3187,18.9153,12.3106,29.8761,-18.1453,64.7376,-21.9805,18.6970,12.3106,29.8761,-18.1453,64.7376,-21.9805,18.6970,-50,0,0,150,100,50,0
416,1786707664.143,1786707664.1477,0.0334,13.9780,34.0659,-18.8132,65.7582,-20.9670,18.9815,11.7078,30.2920,-16.4548,64.1378,-22.2671,19.2372,11.7078,30.2920,-16.4548,64.1378,-22.2671,19.2372,0,0,100,-50,100,0,0
417,1786707664.1763,1786707664.181,0.03338,13.9780,33.7143,-18.2857,65.4945,-21.3187,18.8492,11.7096,30.2241,-19.3296,66.5729,-20.4544,19.6010,11.7096,30.2241,-19.3296,66.5729,-20.4544,19.6010,50,-50,150,-50,-50,-50,0
418,1786707664.2098,1786707664.2145,0.03342,13.5385,33.0989,-17.5824,64.7912,-21.7582,18.9815,11.4670,31.6837,-19.5457,67.8508,-21.8428,19.9546,11.4670,31.6837,-19.5457,67.8508,-21.8428,19.9546,-150,-150,200,-300,-150,0,0
419,1786707664.2431,1786707664.248,0.03337,13.2747,33.0110,-17.1429,65.1429,-21.5824,19.2460,11.3761,28.8799,-18.8685,69.7291,-20.9512,20.0712,11.3761,28.8799,-18.8685,69.7291,-20.9512,20.0712,-100,-100,150,150,100,150,0
420,1786707664.2765,1786707664.2811,0.0334,13.0989,33.0110,-17.7582,66.3736,-21.1429,19.5106,10.4016,30.0152,-19.7846,69.2523,-23.6009,20.3206,10.4016,30.0152,-19.7846,69.2523,-23.6009,20.3206,-50,0,-100,450,200,100,0
421,1786707664.31,1786707664.3146,0.03343,13.0989,33.0110,-18.1099,67.6044,-21.2308,19.7090,11.4143,29.8728,-19.6774,68.7477,-21.5170,20.1347,11.4143,29.8728,-19.6774,68.7477,-21.5170,20.1347,0,0,-200,400,0,100,0
422,1786707664.3433,1786707664.348,0.03336,12.8352,33.0110,-18.1978,68.2198,-21.8462,19.9074,8.9977,29.3972,-21.7460,67.0164,-24.6145,20.1850,8.9977,29.3972,-21.7460,67.0164,-24.6145,20.1850,-100,0,-50,150,-250,50,0
423,1786707664.3767,1786707664.3817,0.0334,12.7473,33.0110,-18.1978,68.0440,-22.8132,19.9074,11.2161,28.8751,-17.3601,66.5259,-23.3019,20.0467,11.2161,28.8751,-17.3601,66.5259,-23.3019,20.0467,-50,0,0,-50,-350,50,0
424,1786707664.4101,1786707664.4149,0.03338,12.4835,33.0110,-18.6374,68.0440,-23.4286,19.9074,10.1301,29.1384,-20.0097,67.0717,-22.4873,19.8369,10.1301,29.1384,-20.0097,67.0717,-22.4873,19.8369,-100,0,-100,0,-200,0,0
425,1786707664.4435,1786707664.4481,0.03338,12.3077,33.0989,-19.0769,67.1648,-23.4286,19.9074,11.8344,29.5484,-18.4583,66.0281,-21.3991,20.3468,11.8344,29.5484,-18.4583,66.0281,-21.3991,20.3468,-50,0,-150,-300,0,0,0
426,1786707664.4769,1786707664.4816,0.03342,12.1319,33.0110,-18.9011,66.9890,-22.9890,19.9074,11.3034,29.2027,-18.8934,67.4128,-20.5845,20.0275,11.3034,29.2027,-18.8934,67.4128,-20.5845,20.0275,-50,0,100,-150,200,0,0
427,1786707664.5103,1786707664.5149,0.03338,12.1319,33.0110,-18.3736,66.9011,-22.4615,19.9074,11.6831,29.9291,-16.1376,65.7458,-20.3085,20.3853,11.6831,29.9291,-16.1376,65.7458,-20.3085,20.3853,0,0,200,0,150,0,0
428,1786707664.5437,1786707664.5483,0.03337,12.2198,32.9231,-18.1978,66.5495,-21.6703,19.9074,12.7705,30.5618,-17.2937,67.5877,-21.2332,20.3031,12.7705,30.5618,-17.2937,67.5877,-21.2332,20.3031,0,0,50,-100,250,0,0
429,1786707664.5771,1786707664.5816,0.03339,12.3077,32.9231,-18.0220,66.8132,-21.3187,19.9735,11.5758,28.6393,-15.1653,67.0852,-21.1127,19.9768,11.5758,28.6393,-15.1653,67.0852,-21.1127,19.9768,50,0,150,150,150,0,0
430,1786707664.6105,1786707664.6153,0.03341,12.3956,32.9231,-17.4066,66.8132,-21.4066,20.1058,11.0575,29.7611,-14.7563,65.3586,-20.9956,20.1549,11.0575,29.7611,-14.7563,65.3586,-20.9956,20.1549,50,0,200,0,-50,100,0
431,1786707664.6438,1786707664.6485,0.03338,12.4835,32.3956,-16.7912,66.8132,-21.4066,20.0397,10.5256,30.8173,-15.5220,65.4313,-21.3973,20.4422,10.5256,30.8173,-15.5220,65.4313,-21.3973,20.4422,0,-200,150,0,0,0,0
432,1786707664.6772,1786707664.6818,0.03337,12.2198,31.9560,-15.7363,66.1978,-21.4945,20.0397,9.9563,30.6989,-13.7163,65.4597,-21.8997,20.3765,9.9563,30.6989,-13.7163,65.4597,-21.8997,20.3765,-150,-250,300,-250,0,0,0
433,1786707664.7106,1786707664.7153,0.03337,12.1319,31.9560,-15.7363,65.7582,-21.4945,20.1720,9.2069,30.4214,-13.6998,65.4228,-22.2957,20.5567,9.2069,30.4214,-13.6998,65.4228,-22.2957,20.5567,0,0,0,-150,0,0,0
434,1786707664.744,1786707664.7483,0.03343,11.8681,31.9560,-15.2088,65.6703,-21.6703,20.1720,9.1446,31.0380,-12.9452,63.3032,-22.9159,20.7826,9.1446,31.0380,-12.9452,63.3032,-22.9159,20.7826,-50,0,200,0,-50,0,0
435,1786707664.7774,1786707664.7816,0.03337,11.6923,31.8681,-14.5055,65.6703,-22.1099,20.1720,10.3229,29.3424,-10.8674,62.1446,-22.8979,20.7837,10.3229,29.3424,-10.8674,62.1446,-22.8979,20.7837,-100,0,200,0,-100,0,0
436,1786707664.8108,1786707664.8157,0.03343,11.6923,31.8681,-13.9780,64.8791,-22.4615,20.3042,9.4230,29.4935,-10.6421,62.8522,-21.8631,20.4100,9.4230,29.4935,-10.6421,62.8522,-21.8631,20.4100,0,0,150,-200,-150,50,0
437,1786707664.8442,1786707664.8488,0.03339,11.6923,31.3407,-13.0110,63.5604,-22.5495,20.3704,9.6892,29.6135,-12.3378,63.4599,-20.7218,20.7710,9.6892,29.6135,-12.3378,63.4599,-20.7218,20.7710,0,-200,300,-350,-50,0,0
438,1786707664.8776,1786707664.8822,0.03338,11.6044,30.9890,-12.3077,63.2088,-22.4615,20.3704,10.0967,30.1480,-11.6442,63.6264,-20.1883,20.7383,10.0967,30.1480,-11.6442,63.6264,-20.1883,20.7383,0,-50,150,0,50,0,0
439,1786707664.911,1786707664.9156,0.03339,11.6044,30.9890,-12.3956,63.3846,-21.8462,20.5026,10.1241,31.0002,-14.5765,64.8027,-19.3467,20.5094,10.1241,31.0002,-14.5765,64.8027,-19.3467,20.5094,0,0,0,50,200,50,0
440,1786707664.9443,1786707664.949,0.03337,11.6044,30.9890,-12.3956,63.3846,-21.3187,20.5026,10.0283,31.6479,-15.5218,64.5770,-19.6544,20.8396,10.0283,31.6479,-15.5218,64.5770,-19.6544,20.8396,0,0,0,0,150,0,0
441,1786707664.9777,1786707664.9823,0.03339,11.6044,31.1648,-12.6593,63.6484,-20.8791,20.5026,11.0657,31.0149,-12.2031,64.1285,-20.2752,20.9882,11.0657,31.0149,-12.2031,64.1285,-20.2752,20.9882,0,100,-150,150,150,0,0
442,1786707665.0111,1786707665.0157,0.0334,11.6044,31.4286,-13.5385,63.9121,-20.7033,20.5688,11.2393,31.5076,-14.7828,66.0084,-19.9673,20.4709,11.2393,31.5076,-14.7828,66.0084,-19.9673,20.4709,0,150,-250,100,100,0,0
443,1786707665.0445,1786707665.0493,0.03337,11.6923,31.5165,-14.2418,63.9121,-20.7033,20.6349,10.2015,30.5885,-12.3032,63.1012,-21.1343,20.8401,10.2015,30.5885,-12.3032,63.1012,-21.1343,20.8401,50,50,-250,0,0,50,0
444,1786707665.0779,1786707665.0825,0.03344,11.6923,31.6044,-14.2418,64.3516,-20.6154,20.5688,10.7492,31.1933,-13.4631,66.1678,-19.9733,20.8145,10.7492,31.1933,-13.4631,66.1678,-19.9733,20.8145,0,50,0,200,0,-50,0
445,1786707665.1113,1786707665.1155,0.03336,11.6923,31.6044,-13.9780,64.7033,-20.8791,20.5688,11.3328,31.0687,-15.6560,66.6389,-21.1861,20.4941,11.3328,31.0687,-15.6560,66.6389,-21.1861,20.4941,0,0,0,250,-50,0,0
446,1786707665.1447,1786707665.1493,0.03344,11.6923,31.6923,-13.5385,64.9670,-20.7912,20.5026,11.3545,31.9141,-17.1107,65.4652,-21.2184,19.9604,11.3545,31.9141,-17.1107,65.4652,-21.2184,19.9604,0,0,150,50,0,0,0
447,1786707665.1781,1786707665.1827,0.03332,11.6923,31.6923,-13.6264,65.4066,-20.6154,20.5026,11.3445,32.6575,-15.7393,66.3166,-20.5715,20.6253,11.3445,32.6575,-15.7393,66.3166,-20.5715,20.6253,0,0,-50,100,50,0,0
448,1786707665.2115,1786707665.2161,0.0334,11.6923,31.9560,-14.9451,65.4066,-20.9670,20.3704,11.3772,31.7672,-13.3973,65.0824,-21.3683,21.1139,11.3772,31.7672,-13.3973,65.0824,-21.3683,21.1139,0,0,-300,50,-150,-50,0
449,1786707665.2449,1786707665.2493,0.0334,11.6923,32.3956,-15.6484,65.4066,-20.9670,20.4365,10.8102,31.2340,-13.8096,64.9147,-20.6906,20.9337,10.8102,31.2340,-13.8096,64.9147,-20.6906,20.9337,0,200,-300,0,0,0,0
450,1786707665.2782,1786707665.3887,0.03335,11.6923,32.3956,-15.0330,65.4066,-21.0549,20.7011,9.8252,35.9082,-21.4527,68.1461,-20.8648,20.9694,9.8252,35.9082,-21.4527,68.1461,-20.8648,20.9694,0,0,300,0,-50,100,1
451,1786707665.3899,1786707665.395,0.11169,11.6923,32.3077,-14.4176,64.9670,-21.0549,20.6349,11.6866,37.1098,-20.3364,67.2162,-16.6065,22.5498,11.6866,37.1098,-20.3364,67.2162,-16.6065,22.5498,0,0,0,0,0,0,1
452,1786707665.4232,1786707665.428,0.03327,11.6923,32.3077,-14.4176,64.9670,-21.0549,20.6349,10.5285,34.5450,-17.7707,66.0776,-18.3690,21.6620,10.5285,34.5450,-17.7707,66.0776,-18.3690,21.6620,0,0,0,0,0,0,0
453,1786707665.4566,1786707665.4614,0.03347,11.8681,32.7473,-15.1209,65.4945,-20.6154,21.2302,9.4901,34.1748,-17.0938,67.4786,-18.9238,21.5822,9.4901,34.1748,-17.0938,67.4786,-18.9238,21.5822,100,150,-300,250,200,350,0
454,1786707665.49,1786707665.4943,0.03332,11.8681,33.8022,-16.4396,66.2857,-19.8242,21.6270,11.9211,33.0140,-17.3204,67.0201,-18.4277,22.0458,11.9211,33.0140,-17.3204,67.0201,-18.4277,22.0458,0,300,-550,350,300,250,0
455,1786707665.5233,1786707665.528,0.03337,11.5165,33.8901,-16.5275,66.4615,-19.7363,21.4286,10.4034,33.6829,-17.6684,66.3575,-18.7788,21.9895,10.4034,33.6829,-17.6684,66.3575,-18.7788,21.9895,-100,50,-50,0,0,-50,0
456,1786707665.5567,1786707665.561,0.0334,11.5165,33.8022,-16.5275,66.4615,-19.5604,21.6270,11.6362,34.8164,-19.5884,65.8183,-18.7163,21.8851,11.6362,34.8164,-19.5884,65.8183,-18.7163,21.8851,0,0,0,0,100,100,0
457,1786707665.5901,1786707665.5946,0.03341,11.6923,33.8022,-16.8791,66.2857,-19.4725,21.6931,11.1941,34.2605,-19.7738,65.9701,-20.7576,21.8118,11.1941,34.2605,-19.7738,65.9701,-20.7576,21.8118,150,0,-50,-50,50,100,0
458,1786707665.6236,1786707665.6283,0.03342,11.7802,34.2418,-17.7582,66.2857,-19.4725,21.6931,10.5131,34.7777,-18.4023,66.3505,-18.4777,22.1090,10.5131,34.7777,-18.4023,66.3505,-18.4777,22.1090,50,100,-300,0,0,0,0
459,1786707665.6569,1786707665.662,0.03336,11.7802,34.3297,-18.4615,66.1978,-19.7363,21.6931,9.7987,34.1492,-20.4795,68.9414,-22.1316,22.1254,9.7987,34.1492,-20.4795,68.9414,-22.1316,22.1254,0,0,-200,0,-150,0,0
460,1786707665.6904,1786707665.6951,0.03346,11.7802,34.4176,-18.2857,66.1978,-20.3516,21.7593,11.0126,33.6497,-18.4531,67.8516,-21.4964,21.9376,11.0126,33.6497,-18.4531,67.8516,-21.4964,21.9376,0,50,100,0,-250,0,0
461,1786707665.7237,1786707665.7284,0.03334,11.6923,34.5055,-18.4615,66.6374,-20.7912,21.8254,10.1988,33.8805,-18.0961,67.8179,-22.3511,22.0569,10.1988,33.8805,-18.0961,67.8179,-22.3511,22.0569,0,0,0,50,-100,50,0
462,1786707665.7571,1786707665.7617,0.03338,11.6923,34.5055,-18.7253,67.5165,-21.3187,21.8254,10.8393,33.3716,-19.0331,68.4556,-21.4426,22.0323,10.8393,33.3716,-19.0331,68.4556,-21.4426,22.0323,0,0,-100,300,-150,0,0
463,1786707665.7905,1786707665.795,0.0334,11.6923,34.5055,-18.4615,67.4286,-21.5824,21.8254,10.9801,33.1627,-18.5457,68.5070,-23.2059,21.7924,10.9801,33.1627,-18.5457,68.5070,-23.2059,21.7924,0,0,50,-100,-100,0,0
464,1786707665.8239,1786707665.8285,0.03342,11.6923,34.5055,-18.6374,67.6044,-21.6703,21.8254,10.8408,32.8023,-18.6315,67.9211,-21.1003,21.6141,10.8408,32.8023,-18.6315,67.9211,-21.1003,21.6141,0,0,-50,0,0,0,0
465,1786707665.8573,1786707665.8619,0.03342,11.6923,34.4176,-18.6374,67.7802,-22.1099,21.8254,11.1240,34.0835,-18.3161,67.9859,-22.1224,22.0711,11.1240,34.0835,-18.3161,67.9859,-22.1224,22.0711,0,0,0,50,-200,0,0
466,1786707665.8907,1786707665.8957,0.03337,11.6923,34.3297,-18.6374,67.6923,-22.5495,21.8254,10.8460,33.6907,-16.9814,67.2449,-23.5904,21.9431,10.8460,33.6907,-16.9814,67.2449,-23.5904,21.9431,0,0,0,-50,-250,0,0
467,1786707665.9241,1786707665.929,0.03336,11.6923,34.4176,-18.5495,67.6923,-22.3736,21.8254,11.5220,34.7519,-17.3920,67.7586,-24.2292,21.7265,11.5220,34.7519,-17.3920,67.7586,-24.2292,21.7265,0,50,0,0,50,0,0
468,1786707665.9575,1786707665.962,0.03338,11.6923,34.4176,-18.2857,67.5165,-22.8132,21.8254,11.2862,36.5046,-19.1046,67.9086,-23.8231,21.9758,11.2862,36.5046,-19.1046,67.9086,-23.8231,21.9758,0,0,150,-50,-200,0,0
469,1786707665.9908,1786707665.9961,0.03336,11.7802,34.5934,-18.1099,67.5165,-23.4286,21.8254,11.2451,35.4654,-17.0423,67.3160,-23.7876,21.6053,11.2451,35.4654,-17.0423,67.3160,-23.7876,21.6053,50,50,0,0,-250,0,0
470,1786707666.0243,1786707666.029,0.03345,11.7802,35.3846,-18.7253,67.6923,-23.4286,21.8254,11.4509,34.2475,-17.1350,66.9700,-21.9327,21.8500,11.4509,34.2475,-17.1350,66.9700,-21.9327,21.8500,0,300,-200,0,0,0,0
471,1786707666.0577,1786707666.062,0.03338,11.7802,35.6484,-18.9011,67.6044,-23.5165,21.8254,11.0307,35.1864,-16.5512,66.8782,-22.6474,22.0947,11.0307,35.1864,-16.5512,66.8782,-22.6474,22.0947,0,150,-50,0,-50,0,0
472,1786707666.0911,1786707666.0956,0.03341,11.7802,35.1209,-18.1099,67.0769,-23.1648,21.8254,10.7351,35.8411,-16.3376,66.7032,-22.3815,22.2089,10.7351,35.8411,-16.3376,66.7032,-22.3815,22.2089,0,-200,350,-250,0,0,0
473,1786707666.1244,1786707666.1288,0.03335,11.7802,35.0330,-17.5824,66.9890,-22.8132,21.8254,10.9960,35.9390,-15.7634,66.7618,-20.8259,21.8126,10.9960,35.9390,-15.7634,66.7618,-20.8259,21.8126,0,0,250,-50,200,0,0
474,1786707666.1578,1786707666.1621,0.0334,11.7802,35.2088,-17.3187,66.9011,-22.7253,21.8254,12.0012,33.2781,-14.0540,66.5165,-21.5399,22.1843,12.0012,33.2781,-14.0540,66.5165,-21.5399,22.1843,0,0,50,-50,50,0,0
475,1786707666.1912,1786707666.1954,0.0334,11.7802,35.2967,-16.9670,66.9011,-22.2857,21.8254,11.4619,33.8420,-14.4490,66.0782,-21.7775,22.2535,11.4619,33.8420,-14.4490,66.0782,-21.7775,22.2535,0,50,150,0,100,0,0
476,1786707666.2246,1786707666.2288,0.03337,11.9560,34.9451,-16.2637,66.5495,-21.9341,21.8254,12.2441,33.3233,-12.0836,63.5760,-22.5611,22.0865,12.2441,33.3233,-12.0836,63.5760,-22.5611,22.0865,50,-150,150,-100,150,0,0
477,1786707666.2579,1786707666.2621,0.03337,11.9560,34.4176,-15.6484,66.1978,-22.1099,21.8254,10.6046,33.6108,-13.9081,64.9432,-22.5771,22.0670,10.6046,33.6108,-13.9081,64.9432,-22.5771,22.0670,0,-150,250,-150,-100,0,0
478,1786707666.2913,1786707666.2968,0.03339,12.0440,34.0659,-15.1209,65.4066,-22.1978,21.8254,11.1988,35.6460,-16.2855,67.3834,-22.0955,22.2259,11.1988,35.6460,-16.2855,67.3834,-22.0955,22.2259,0,-150,200,-250,-50,0,0
479,1786707666.3247,1786707666.329,0.03336,11.8681,33.8901,-14.6813,64.7033,-22.3736,21.8254,9.9992,34.5981,-15.0896,66.9991,-22.3468,22.2028,9.9992,34.5981,-15.0896,66.9991,-22.3468,22.2028,50,-100,250,-150,-100,0,0
480,1786707666.3581,1786707666.3622,0.03342,11.6923,34.1538,-15.2967,65.0549,-22.3736,21.8254,11.3404,36.7351,-15.7557,67.4133,-21.6712,21.7411,11.3404,36.7351,-15.7557,67.4133,-21.6712,21.7411,-100,150,-200,50,0,0,0
481,1786707666.3915,1786707666.396,0.03336,11.6923,34.6813,-15.9121,65.8462,-22.3736,21.8254,10.9712,37.5743,-16.7741,67.7973,-22.6690,21.9162,10.9712,37.5743,-16.7741,67.7973,-22.6690,21.9162,0,200,-150,350,0,0,0
482,1786707666.4249,1786707666.4296,0.03343,11.6923,35.2967,-15.9121,66.2857,-22.3736,21.8254,11.5981,37.6619,-17.5304,68.9726,-22.2984,21.8303,11.5981,37.6619,-17.5304,68.9726,-22.2984,21.8303,0,150,-50,100,0,0,0
483,1786707666.4583,1786707666.4629,0.03336,11.6923,36.1758,-16.4396,66.6374,-22.5495,21.8254,11.6403,38.7601,-17.4586,69.0879,-22.1390,21.7321,11.6403,38.7601,-17.4586,69.0879,-22.1390,21.7321,0,250,-150,100,-50,0,0
484,1786707666.4916,1786707666.4962,0.03336,11.7802,36.5275,-17.1429,67.3407,-22.5495,21.8254,12.7471,37.7745,-17.0851,67.7746,-22.1986,21.8708,12.7471,37.7745,-17.0851,67.7746,-22.1986,21.8708,0,150,-200,250,0,0,0
485,1786707666.5251,1786707666.5298,0.03343,11.8681,37.2308,-17.2308,67.6923,-22.5495,21.8254,12.2266,37.9377,-17.0935,67.7835,-21.5673,21.5846,12.2266,37.9377,-17.0935,67.7835,-21.5673,21.5846,50,200,-100,100,0,0,0
486,1786707666.5585,1786707666.5631,0.03342,12.0440,37.3187,-17.2308,67.6044,-22.5495,21.8254,12.2427,38.0053,-17.1149,67.0976,-20.9236,18.7330,12.2427,38.0053,-17.1149,67.0976,-20.9236,18.7330,50,0,0,0,0,0,0
487,1786707666.5918,1786707666.5961,0.03334,12.1319,37.2308,-17.2308,67.5165,-22.2857,21.8254,13.6264,39.2800,-15.9872,65.8988,-21.1845,20.9681,13.6264,39.2800,-15.9872,65.8988,-21.1845,20.9681,0,-50,0,0,100,0,0
488,1786707666.6252,1786707666.6299,0.03341,12.1319,37.3187,-17.2308,67.4286,-21.8462,21.2302,12.7328,36.9986,-15.1372,64.6320,-21.7321,21.2894,12.7328,36.9986,-15.1372,64.6320,-21.7321,21.2894,0,50,0,-50,200,-150,0
489,1786707666.6586,1786707666.6632,0.03337,12.3956,37.7582,-16.9670,66.6374,-21.8462,20.5026,11.1880,36.7350,-15.0678,65.7533,-22.5317,21.4600,11.1880,36.7350,-15.0678,65.7533,-22.5317,21.4600,100,150,50,-200,0,-350,0
490,1786707666.6921,1786707666.6967,0.03348,12.5714,37.7582,-16.4396,66.0220,-21.9341,20.7672,12.3437,36.9251,-15.4986,65.7109,-21.4117,21.3927,12.3437,36.9251,-15.4986,65.7109,-21.4117,21.3927,50,-50,200,-250,-50,150,0
491,1786707666.7254,1786707666.7304,0.03335,12.2198,37.1429,-16.2637,65.9341,-22.1978,21.0979,11.8019,37.7017,-16.2787,65.0886,-22.3162,21.1459,11.8019,37.7017,-16.2787,65.0886,-22.3162,21.1459,-150,-200,50,0,-50,100,0
492,1786707666.7588,1786707666.7632,0.03339,12.1319,37.0549,-16.1758,65.7582,-22.0220,21.0979,11.3484,36.9599,-14.2517,64.2702,-23.0183,20.0970,11.3484,36.9599,-14.2517,64.2702,-23.0183,20.0970,-100,-50,50,-50,50,0,0
493,1786707666.7922,1786707666.7969,0.0334,12.3077,37.0549,-16.1758,65.6703,-22.1978,21.0317,11.2143,36.5781,-15.2969,64.4220,-22.6186,19.6703,11.2143,36.5781,-15.2969,64.4220,-22.6186,19.6703,50,0,0,0,-50,-50,0
494,1786707666.8256,1786707666.8302,0.03337,12.1319,36.9670,-15.8242,64.9670,-22.5495,20.7011,11.9791,37.8995,-14.5360,64.6805,-22.1878,16.2537,11.9791,37.8995,-14.5360,64.6805,-22.1878,16.2537,-50,0,200,-200,-200,-200,0
495,1786707666.8589,1786707666.8632,0.03335,12.1319,36.7033,-15.3846,64.7033,-22.5495,20.1720,11.6677,37.8234,-14.5149,64.3030,-21.2214,15.0324,11.6677,37.8234,-14.5149,64.3030,-21.2214,15.0324,0,-50,200,0,0,-250,0
496,1786707666.8924,1786707666.897,0.03342,12.1319,36.8791,-15.2967,64.7033,-22.5495,19.5106,10.9240,34.6940,-12.5184,63.1341,-20.6965,12.6591,10.9240,34.6940,-12.5184,63.1341,-20.6965,12.6591,0,100,50,0,0,-250,0
497,1786707666.9258,1786707666.9302,0.03343,12.1319,36.9670,-15.2967,64.5275,-22.1099,17.8571,10.7152,35.9312,-14.8456,63.4614,-22.0816,13.2772,10.7152,35.9312,-14.8456,63.4614,-22.0816,13.2772,0,50,0,0,50,-800,0
498,1786707666.9592,1786707666.964,0.03337,12.0440,36.5275,-14.7692,63.9121,-21.6703,15.9392,10.3994,35.9658,-15.4093,63.5135,-21.4112,13.5428,10.3994,35.9658,-15.4093,63.5135,-21.4112,13.5428,-50,-150,100,-250,200,-900,0
499,1786707666.9926,1786707666.9973,0.0334,11.8681,36.0000,-14.0659,63.7363,-21.9341,14.4180,9.5766,34.6788,-16.1410,64.8498,-20.8672,12.6772,9.5766,34.6788,-16.1410,64.8498,-20.8672,12.6772,-50,-200,250,-100,-100,-750,0
500,1786707667.0259,1786707667.1386,0.03334,11.8681,36.0000,-14.5055,63.7363,-21.9341,14.2196,11.0698,36.8234,-20.4662,64.6483,-22.9901,15.8163,11.0698,36.8234,-20.4662,64.6483,-22.9901,15.8163,0,0,-250,0,-100,-50,1
501,1786707667.1397,1786707667.145,0.11383,11.4286,35.2088,-15.7363,64.2637,-21.3187,13.1614,12.3447,39.0590,-21.7020,65.5346,-22.0911,16.2320,12.3447,39.0590,-21.7020,65.5346,-22.0911,16.2320,0,-50,-50,0,0,-100,1
502,1786707667.1731,1786707667.1777,0.03331,11.4286,35.2088,-15.9121,64.3516,-21.3187,13.0952,11.1628,37.5947,-22.0371,65.0218,-22.7652,17.3837,11.1628,37.5947,-22.0371,65.0218,-22.7652,17.3837,0,0,-50,0,0,-50,0
503,1786707667.2064,1786707667.211,0.03338,11.6923,35.7363,-16.9670,64.8791,-21.7582,13.3598,10.0984,37.2388,-20.8449,65.5425,-22.7696,21.7285,10.0984,37.2388,-20.8449,65.5425,-22.7696,21.7285,100,300,-350,150,-50,150,0
504,1786707667.2398,1786707667.2442,0.03338,12.1319,36.7033,-18.7253,65.0549,-22.1978,14.9471,10.9964,39.6416,-25.1971,68.3281,-20.7192,23.7800,10.9964,39.6416,-25.1971,68.3281,-20.7192,23.7800,150,300,-600,0,-200,650,0
505,1786707667.2732,1786707667.2778,0.03341,11.8681,36.9670,-20.3956,65.1429,-22.3736,16.8651,11.0396,38.0691,-22.4034,65.5322,-20.5168,24.1404,11.0396,38.0691,-22.4034,65.5322,-20.5168,24.1404,0,50,-550,0,-100,850,0
506,1786707667.3067,1786707667.3112,0.03343,11.6044,37.4066,-21.3626,65.5824,-21.9341,19.3122,11.3176,40.1840,-23.0513,63.8328,-21.8790,22.7323,11.3176,40.1840,-23.0513,63.8328,-21.8790,22.7323,-100,150,-300,100,50,1100,0
507,1786707667.3401,1786707667.3443,0.03341,11.5165,37.9341,-22.6813,66.7253,-21.3187,21.2302,10.6062,39.2683,-22.8868,65.4289,-21.2289,20.2041,10.6062,39.2683,-22.8868,65.4289,-21.2289,20.2041,0,300,-500,350,300,950,0
508,1786707667.3734,1786707667.378,0.03338,11.6044,38.2857,-22.6813,66.6374,-21.5824,21.8915,9.8390,38.6134,-22.3717,65.2218,-21.1590,20.0320,9.8390,38.6134,-22.3717,65.2218,-21.1590,20.0320,0,100,0,50,-100,400,0
509,1786707667.4069,1786707667.4113,0.03348,11.5165,38.4615,-22.5934,66.0220,-21.6703,21.4286,10.3188,37.9907,-20.3702,65.0012,-20.5123,19.6251,10.3188,37.9907,-20.3702,65.0012,-20.5123,19.6251,-50,50,0,-200,50,-300,0
510,1786707667.4402,1786707667.445,0.03331,11.3407,38.4615,-22.5055,65.7582,-21.4066,20.5688,12.1015,40.0493,-23.3456,65.9769,-20.3425,20.9259,12.1015,40.0493,-23.3456,65.9769,-20.3425,20.9259,-100,0,0,-100,50,-400,0
511,1786707667.4736,1786707667.478,0.03334,11.3407,38.3736,-22.0659,65.3187,-21.1429,20.1720,11.1683,39.4068,-20.3632,65.0519,-20.2296,20.6370,11.1683,39.4068,-20.3632,65.0519,-20.2296,20.6370,0,0,100,-100,100,-200,0
512,1786707667.507,1786707667.5112,0.03341,11.6044,38.4615,-21.4505,65.3187,-20.9670,20.3704,11.8038,40.0408,-21.1765,63.9204,-20.8691,21.3988,11.8038,40.0408,-21.1765,63.9204,-20.8691,21.3988,50,50,250,50,50,100,0
513,1786707667.5404,1786707667.5451,0.03343,11.7802,39.0769,-21.3626,65.2308,-20.7912,20.5688,11.3698,40.3242,-21.8472,64.8381,-20.8358,21.1394,11.3698,40.3242,-21.8472,64.8381,-20.8358,21.1394,50,150,0,0,100,200,0
514,1786707667.5738,1786707667.5787,0.03341,11.7802,39.2527,-21.3626,64.7033,-20.8791,20.7672,10.8911,39.1728,-20.3384,65.2773,-20.4271,21.0796,10.8911,39.1728,-20.3384,65.2773,-20.4271,21.0796,0,100,0,-200,-50,100,0
515,1786707667.6072,1786707667.6118,0.03334,11.7802,39.5165,-21.6264,64.7033,-20.8791,20.8995,10.9379,40.8908,-23.3874,66.6877,-19.6633,21.4612,10.9379,40.8908,-23.3874,66.6877,-19.6633,21.4612,0,100,-100,0,0,50,0
516,1786707667.6405,1786707667.6452,0.03337,11.7802,39.4286,-21.4505,64.8791,-20.7033,20.8995,10.9532,40.7194,-22.3100,65.8784,-18.6720,21.4074,10.9532,40.7194,-22.3100,65.8784,-18.6720,21.4074,0,-50,100,50,50,0,0
517,1786707667.674,1786707667.6787,0.03344,11.7802,39.6044,-21.4505,65.3187,-20.3516,21.0317,10.6714,39.4301,-23.0332,68.1025,-18.6200,21.1348,10.6714,39.4301,-23.0332,68.1025,-18.6200,21.1348,0,-50,50,200,150,50,0
518,1786707667.7074,1786707667.712,0.03339,11.7802,39.9560,-22.0659,65.5824,-19.7363,21.0979,11.0495,39.7286,-21.9330,67.4351,-19.1399,21.2085,11.0495,39.7286,-21.9330,67.4351,-19.1399,21.2085,0,150,-250,150,250,50,0
519,1786707667.7407,1786707667.7455,0.03339,11.7802,40.0440,-22.5055,65.7582,-19.4725,21.0317,11.4157,39.5783,-20.7695,66.8895,-19.3102,21.5268,11.4157,39.5783,-20.7695,66.8895,-19.3102,21.5268,0,50,-100,50,150,0,0
520,1786707667.7741,1786707667.7784,0.03339,11.7802,39.8681,-22.5055,66.2857,-19.4725,21.0317,12.7510,41.1031,-21.2048,67.2162,-20.4682,22.0686,12.7510,41.1031,-21.2048,67.2162,-20.4682,22.0686,0,-50,-50,150,0,0,0
521,1786707667.8075,1786707667.8124,0.03338,11.7802,39.6923,-21.9780,66.2857,-19.5604,21.0979,11.9548,39.4585,-20.4748,65.8276,-20.2827,21.8760,11.9548,39.4585,-20.4748,65.8276,-20.2827,21.8760,0,-100,200,0,-50,50,0
522,1786707667.8409,1786707667.8456,0.03342,12.0440,39.7802,-21.9780,66.2857,-19.9121,21.4286,12.8939,40.5900,-19.5646,63.7466,-21.0218,22.1162,12.8939,40.5900,-19.5646,63.7466,-21.0218,22.1162,100,0,0,0,-100,150,0
523,1786707667.8743,1786707667.879,0.03334,12.2198,40.0440,-21.6264,65.9341,-20.0879,21.4947,14.1647,38.7787,-18.3240,63.7218,-20.9312,21.6068,14.1647,38.7787,-18.3240,63.7218,-20.9312,21.6068,0,200,100,-200,-50,0,0
524,1786707667.9076,1786707667.9123,0.03338,12.2198,40.0440,-20.9231,64.9670,-20.3516,21.6270,13.5909,41.0679,-19.5485,63.2198,-20.9926,21.7640,13.5909,41.0679,-19.5485,63.2198,-20.9926,21.7640,0,0,200,-300,-100,100,0
525,1786707667.9411,1786707667.9453,0.03341,12.5714,39.6923,-20.2198,64.3516,-20.6154,21.6270,12.6180,38.2565,-17.7490,63.4035,-21.5981,21.5418,12.6180,38.2565,-17.7490,63.4035,-21.5981,21.5418,100,-150,300,-250,-100,0,0
526,1786707667.9745,1786707667.9791,0.03343,12.9231,39.3407,-19.8681,64.0000,-20.6154,21.6931,13.6799,39.8215,-19.1468,63.3248,-22.1615,21.3142,13.6799,39.8215,-19.1468,63.3248,-22.1615,21.3142,50,-50,200,-100,0,50,0
527,1786707668.0078,1786707668.0127,0.03334,12.9231,39.1648,-19.9560,63.8242,-21.0549,21.6931,14.0371,40.2564,-19.7305,64.4016,-21.4178,21.7396,14.0371,40.2564,-19.7305,64.4016,-21.4178,21.7396,0,0,-50,-50,-150,0,0
528,1786707668.0412,1786707668.046,0.03341,13.0110,39.0769,-19.8681,63.8242,-21.4945,21.6270,14.0787,40.4944,-19.8316,64.8752,-21.2080,21.3926,14.0787,40.4944,-19.8316,64.8752,-21.2080,21.3926,50,-50,50,0,-150,-50,0
529,1786707668.0746,1786707668.0792,0.03336,13.1868,39.5165,-19.9560,63.9121,-21.4945,21.6931,12.8978,39.5087,-18.7773,64.4603,-21.9181,21.4330,12.8978,39.5087,-18.7773,64.4603,-21.9181,21.4330,100,200,0,0,0,0,0
530,1786707668.108,1786707668.1127,0.03344,13.2747,39.6923,-19.9560,64.0879,-21.4945,21.6270,14.3707,39.2316,-16.5539,64.7806,-22.3201,21.5785,14.3707,39.2316,-16.5539,64.7806,-22.3201,21.5785,50,150,0,100,0,-50,0
531,1786707668.1414,1786707668.146,0.03334,13.2747,39.5165,-19.7802,64.0879,-21.7582,21.5608,15.0787,40.3821,-16.5565,63.4828,-22.2488,21.4208,15.0787,40.3821,-16.5565,63.4828,-22.2488,21.4208,0,-50,50,0,-50,-50,0
532,1786707668.1748,1786707668.1795,0.03339,13.2747,39.3407,-18.9890,64.0879,-22.0220,21.5608,14.6966,39.8509,-15.6367,62.7271,-22.2343,21.1369,14.6966,39.8509,-15.6367,62.7271,-22.2343,21.1369,0,-50,250,0,-100,0,0
533,1786707668.2081,1786707668.2127,0.03336,13.7143,39.3407,-18.3736,63.7363,-22.0220,21.5608,13.6530,37.7415,-14.2232,61.7483,-22.4496,21.3579,13.6530,37.7415,-14.2232,61.7483,-22.4496,21.3579,250,0,200,-200,0,0,0
534,1786707668.2416,1786707668.2464,0.03343,13.8901,39.1648,-17.6703,63.1209,-22.0220,21.4286,14.0503,39.1616,-15.1339,62.9592,-22.6739,20.5522,14.0503,39.1616,-15.1339,62.9592,-22.6739,20.5522,50,0,200,-250,0,-50,0
535,1786707668.2749,1786707668.2794,0.03337,13.8901,38.5495,-16.7912,62.4176,-22.1099,21.4286,13.3868,39.2348,-15.7847,61.9999,-23.9203,20.9525,13.3868,39.2348,-15.7847,61.9999,-23.9203,20.9525,0,-250,350,-200,-50,0,0
536,1786707668.3083,1786707668.313,0.03341,13.8022,38.1978,-16.5275,62.5055,-22.1978,21.0317,14.5478,37.7824,-11.4703,59.3800,-22.8553,21.0197,14.5478,37.7824,-11.4703,59.3800,-22.8553,21.0197,0,-200,100,50,-50,-200,0
537,1786707668.3417,1786707668.3464,0.0334,13.8022,38.3736,-16.7033,62.5055,-22.9011,20.9656,13.3752,39.0682,-16.3085,61.9600,-23.1358,20.9547,13.3752,39.0682,-16.3085,61.9600,-23.1358,20.9547,0,50,-100,50,-150,0,0
538,1786707668.3751,1786707668.3796,0.03337,13.8901,38.1099,-16.0000,61.5385,-22.9890,20.9656,12.5408,37.5914,-13.8152,60.5601,-23.7269,20.7902,12.5408,37.5914,-13.8152,60.5601,-23.7269,20.7902,50,-50,100,-350,-100,0,0
539,1786707668.4085,1786707668.4131,0.03341,13.9780,37.8462,-15.0330,60.4835,-22.9011,20.9656,12.9403,38.3753,-13.8248,60.3255,-24.2970,20.7523,12.9403,38.3753,-13.8248,60.3255,-24.2970,20.7523,0,-50,400,-300,50,0,0
540,1786707668.442,1786707668.4468,0.03343,13.6264,37.8462,-15.0330,60.5714,-23.3407,20.9656,14.3156,38.3533,-14.7825,61.4179,-23.1167,20.9318,14.3156,38.3533,-14.7825,61.4179,-23.1167,20.9318,-50,0,0,0,-100,0,0
541,1786707668.4753,1786707668.48,0.03332,13.6264,37.7582,-15.0330,60.5714,-23.5165,20.9656,14.1584,39.7415,-14.7629,61.1158,-23.2672,20.8858,14.1584,39.7415,-14.7629,61.1158,-23.2672,20.8858,0,0,0,0,-100,0,0
542,1786707668.5087,1786707668.5132,0.03342,13.7143,37.7582,-15.0330,60.7473,-23.5165,21.0317,13.6360,40.7346,-15.9038,60.8894,-23.0322,21.0325,13.6360,40.7346,-15.9038,60.8894,-23.0322,21.0325,50,0,0,100,0,50,0
543,1786707668.5421,1786707668.5468,0.03337,13.8901,38.0220,-15.1209,60.7473,-23.5165,21.0317,12.2921,39.9925,-15.0276,60.7501,-23.7857,21.0386,12.2921,39.9925,-15.0276,60.7501,-23.7857,21.0386,100,0,0,0,0,0,0
544,1786707668.5755,1786707668.5801,0.03343,13.8901,38.5495,-15.5604,60.7473,-23.5165,21.0317,11.5032,39.2039,-16.7029,62.2546,-22.6659,20.8956,11.5032,39.2039,-16.7029,62.2546,-22.6659,20.8956,0,250,-200,0,0,0,0
545,1786707668.6089,1786707668.6135,0.03343,13.5385,38.6374,-15.6484,60.7473,-23.6044,21.0317,12.4145,37.3789,-13.4735,60.9056,-24.6093,20.7280,12.4145,37.3789,-13.4735,60.9056,-24.6093,20.7280,-200,0,-50,0,-50,0,0
546,1786707668.6423,1786707668.6468,0.03335,13.0989,38.6374,-15.7363,61.0110,-23.3407,21.0317,12.4239,39.8701,-16.0626,62.5770,-24.5729,21.0665,12.4239,39.8701,-16.0626,62.5770,-24.5729,21.0665,-200,0,-50,50,150,0,0
547,1786707668.6757,1786707668.6803,0.03338,13.0989,38.1978,-15.8242,61.1868,-23.3407,21.0317,11.9740,39.6182,-16.5968,63.7332,-24.1281,20.5432,11.9740,39.6182,-16.5968,63.7332,-24.1281,20.5432,0,-100,0,50,100,0,0
548,1786707668.709,1786707668.7133,0.03338,13.0989,37.8462,-15.9121,61.1868,-24.2198,21.0317,12.9400,40.0963,-17.3481,62.5309,-23.6162,20.9166,12.9400,40.0963,-17.3481,62.5309,-23.6162,20.9166,0,-100,0,0,-350,0,0
549,1786707668.7425,1786707668.7471,0.03343,13.0989,38.3736,-16.5275,62.0659,-24.1319,20.8995,12.5714,40.2624,-17.4070,63.1054,-23.5510,20.5395,12.5714,40.2624,-17.4070,63.1054,-23.5510,20.5395,0,200,-200,250,50,-100,0
550,1786707668.7758,1786707668.8896,0.03335,13.0989,38.8132,-17.0549,62.2418,-23.8681,20.8995,14.7044,40.2364,-25.6758,65.6370,-22.0168,22.0713,14.7044,40.2364,-25.6758,65.6370,-22.0168,22.0713,0,200,-200,50,50,0,1
551,1786707668.8908,1786707668.896,0.11496,13.0989,38.9011,-17.3187,62.4176,-23.8681,20.7672,14.2154,40.3572,-23.1457,67.4699,-21.9858,22.3907,14.2154,40.3572,-23.1457,67.4699,-21.9858,22.3907,0,0,0,0,0,0,1
552,1786707668.9241,1786707668.9288,0.03335,13.0989,38.9890,-17.4945,62.5055,-23.8681,20.7672,13.7295,39.7003,-25.5208,68.5456,-23.2309,22.0468,13.7295,39.7003,-25.5208,68.5456,-23.2309,22.0468,0,50,-50,50,0,0,0
553,1786707668.9575,1786707668.9621,0.03334,13.2747,39.1648,-18.6374,63.4725,-23.2527,21.2302,14.8620,41.5897,-22.9571,67.1655,-25.2624,22.3217,14.8620,41.5897,-22.9571,67.1655,-25.2624,22.3217,0,50,-400,200,150,300,0
554,1786707668.9909,1786707668.9955,0.03344,13.4505,39.4286,-21.0110,65.3187,-23.0769,21.7593,14.4752,38.7110,-21.6486,66.3480,-25.3474,22.2320,14.4752,38.7110,-21.6486,66.3480,-25.3474,22.2320,50,50,-750,650,100,250,0
555,1786707669.0243,1786707669.029,0.03339,13.5385,40.1319,-23.0330,66.4615,-24.0440,21.7593,13.5668,39.3623,-22.1654,65.1375,-25.6491,22.4408,13.5668,39.3623,-22.1654,65.1375,-25.6491,22.4408,50,200,-750,350,-350,0,0
556,1786707669.0577,1786707669.062,0.03339,13.7143,40.4835,-23.6484,66.3736,-24.5714,21.8254,14.1532,38.9449,-20.5776,63.6513,-25.6437,22.2195,14.1532,38.9449,-20.5776,63.6513,-25.6437,22.2195,100,250,-150,50,-300,0,0
557,1786707669.0911,1786707669.096,0.03342,13.8022,40.0440,-23.0330,65.4066,-25.0110,21.8915,13.8856,40.2297,-20.7954,62.1511,-24.9997,22.2567,13.8856,40.2297,-20.7954,62.1511,-24.9997,22.2567,50,-100,100,-300,-150,50,0
558,1786707669.1245,1786707669.1288,0.03338,13.8901,39.5165,-21.9780,64.5275,-25.1868,21.8915,13.9661,40.6493,-23.7650,63.8671,-25.4360,22.4919,13.9661,40.6493,-23.7650,63.8671,-25.4360,22.4919,0,-150,400,-250,-50,0,0
559,1786707669.1579,1786707669.1625,0.03345,13.8901,39.6044,-21.6264,63.8242,-25.0110,21.9577,13.6489,39.9335,-21.7476,63.4702,-24.5856,22.4124,13.6489,39.9335,-21.7476,63.4702,-24.5856,22.4124,0,50,100,-200,0,50,0
560,1786707669.1913,1786707669.1959,0.03335,13.8901,39.9560,-22.1538,63.5604,-25.0989,22.0899,10.8061,36.8208,-23.1202,62.7492,-24.6702,21.9303,10.8061,36.8208,-23.1202,62.7492,-24.6702,21.9303,0,150,-200,-100,0,50,0
561,1786707669.2247,1786707669.2293,0.03338,13.9780,40.1319,-22.7692,63.7363,-25.0110,22.0899,12.2228,38.7417,-24.2912,64.5618,-26.0195,22.5775,12.2228,38.7417,-24.2912,64.5618,-26.0195,22.5775,50,50,-300,50,50,0,0
562,1786707669.2581,1786707669.2623,0.0334,13.5385,39.3407,-22.7692,63.2088,-24.9231,22.0238,11.7430,38.7366,-23.1392,64.8691,-27.0426,22.7188,11.7430,38.7366,-23.1392,64.8691,-27.0426,22.7188,0,-250,0,-150,50,-50,0
563,1786707669.2915,1786707669.2964,0.03339,12.9231,38.6374,-23.0330,63.4725,-25.1868,22.2222,12.9161,39.6170,-22.7507,64.1320,-28.4713,22.7548,12.9161,39.6170,-22.7507,64.1320,-28.4713,22.7548,-300,-300,-100,50,-100,50,0
564,1786707669.3248,1786707669.3292,0.03336,12.7473,38.9011,-23.3846,64.0000,-26.0659,22.4206,12.1471,38.6239,-23.4261,65.9234,-26.7830,22.7164,12.1471,38.6239,-23.4261,65.9234,-26.7830,22.7164,-50,100,-150,200,-300,100,0
565,1786707669.3582,1786707669.3629,0.03343,12.7473,39.2527,-23.3846,64.0000,-26.9451,22.4206,12.3884,38.5338,-23.0842,65.7530,-27.6041,22.8540,12.3884,38.5338,-23.0842,65.7530,-27.6041,22.8540,0,100,50,0,-350,0,0
566,1786707669.3916,1786707669.3962,0.03337,12.8352,39.1648,-23.3846,64.4396,-27.5604,22.4206,11.9834,36.8917,-23.0689,66.6882,-26.7483,22.4072,11.9834,36.8917,-23.0689,66.6882,-26.7483,22.4072,50,0,0,50,-300,0,0
567,1786707669.4251,1786707669.4298,0.03344,12.8352,39.0769,-23.3846,64.8791,-27.2967,22.4206,12.1875,39.3758,-24.6624,65.3114,-27.3214,22.6122,12.1875,39.3758,-24.6624,65.3114,-27.3214,22.6122,0,-50,0,150,50,0,0
568,1786707669.4584,1786707669.4627,0.03337,12.6593,38.6374,-23.3846,65.2308,-27.2967,22.4206,10.8217,38.4756,-23.2953,64.1655,-27.0644,22.5020,10.8217,38.4756,-23.2953,64.1655,-27.0644,22.5020,-50,-200,0,150,0,0,0
569,1786707669.4918,1786707669.4965,0.03339,12.6593,38.4615,-23.3846,65.4066,-27.2967,22.4206,13.1657,35.8152,-20.2571,67.6390,-26.3132,22.4157,13.1657,35.8152,-20.2571,67.6390,-26.3132,22.4157,0,0,-50,100,0,0,0
570,1786707669.5252,1786707669.5298,0.0334,12.4835,38.6374,-23.8242,64.9670,-27.2967,22.4206,11.8904,36.0469,-21.8138,67.5410,-26.7224,22.5138,11.8904,36.0469,-21.8138,67.5410,-26.7224,22.5138,-100,50,-200,-100,0,0,0
571,1786707669.5586,1786707669.5629,0.03335,12.3077,38.1978,-23.1209,64.4396,-26.9451,22.4206,12.0686,37.4962,-21.0083,68.1878,-26.0310,22.2844,12.0686,37.4962,-21.0083,68.1878,-26.0310,22.2844,0,-150,200,-150,150,0,0
572,1786707669.592,1786707669.5966,0.03341,12.3077,37.4945,-21.8901,65.5824,-27.0330,22.4206,11.9080,36.8962,-23.1472,67.0947,-26.0234,20.2959,11.9080,36.8962,-23.1472,67.0947,-26.0234,20.2959,0,-200,400,350,-50,0,0
573,1786707669.6254,1786707669.63,0.03337,12.3077,37.6703,-21.7143,66.5495,-26.6813,22.4206,11.6341,39.3003,-24.0939,65.2142,-28.0800,22.2227,11.6341,39.3003,-24.0939,65.2142,-28.0800,22.2227,0,0,100,400,150,0,0
574,1786707669.6587,1786707669.6634,0.03339,12.3077,37.7582,-22.1538,66.4615,-26.5934,21.8915,11.6262,38.3400,-23.1320,65.9992,-27.1862,21.9959,11.6262,38.3400,-23.1320,65.9992,-27.1862,21.9959,0,50,-150,-50,0,-250,0
575,1786707669.6921,1786707669.6968,0.0334,12.3077,37.8462,-22.8571,66.1978,-26.8571,21.0979,12.4930,39.0383,-21.3320,66.1432,-27.6283,22.2331,12.4930,39.0383,-21.3320,66.1432,-27.6283,22.2331,0,50,-300,-50,0,-300,0
576,1786707669.7256,1786707669.7305,0.03342,12.3077,38.1099,-23.0330,65.9341,-27.3846,21.2302,13.4869,41.2330,-23.6320,68.4465,-28.3250,22.8200,13.4869,41.2330,-23.6320,68.4465,-28.3250,22.8200,0,100,-50,-100,-200,0,0
577,1786707669.7589,1786707669.7636,0.03334,12.3956,38.4615,-22.6813,66.0220,-27.2967,21.8254,13.6190,41.3681,-24.0841,67.0837,-28.8532,22.4216,13.6190,41.3681,-24.0841,67.0837,-28.8532,22.4216,0,100,100,50,50,300,0
578,1786707669.7923,1786707669.7969,0.03336,12.6593,38.9890,-22.3297,66.3736,-27.8242,22.1561,12.4657,41.9816,-26.4849,67.4559,-29.1147,22.2349,12.4657,41.9816,-26.4849,67.4559,-29.1147,22.2349,150,200,50,-50,-100,200,0
579,1786707669.8257,1786707669.8305,0.03344,12.9231,39.9560,-23.2967,67.1648,-28.3516,22.1561,12.9726,42.5965,-25.3563,66.2461,-29.4464,22.2928,12.9726,42.5965,-25.3563,66.2461,-29.4464,22.2928,50,450,-200,350,-200,0,0
580,1786707669.8591,1786707669.8637,0.03337,12.9231,40.6593,-24.6154,67.3407,-28.6154,22.1561,12.8620,43.6958,-21.1289,64.7365,-30.7940,22.3614,12.8620,43.6958,-21.1289,64.7365,-30.7940,22.3614,0,200,-450,100,-100,0,0
581,1786707669.8925,1786707669.897,0.0334,12.8352,41.3626,-25.3187,66.8132,-28.8791,22.1561,12.4568,44.8462,-23.4557,64.2521,-31.0989,22.4468,12.4568,44.8462,-23.4557,64.2521,-31.0989,22.4468,0,250,-200,-50,-100,0,0
582,1786707669.9259,1786707669.9308,0.03346,12.8352,42.1538,-24.7912,65.7582,-29.6703,22.1561,13.3457,43.9270,-24.6466,65.5650,-30.6577,21.8763,13.3457,43.9270,-24.6466,65.5650,-30.6577,21.8763,0,250,50,-300,-200,0,0
583,1786707669.9593,1786707669.9643,0.03337,12.8352,42.7692,-23.6484,64.9670,-30.2857,22.1561,13.2627,44.1083,-23.6882,65.6857,-31.4348,22.1273,13.2627,44.1083,-23.6882,65.6857,-31.4348,22.1273,0,250,400,-300,-150,0,0
584,1786707669.9927,1786707669.9973,0.03334,12.9231,42.8571,-23.6484,65.2308,-30.2857,22.0899,13.2320,45.9698,-26.1164,67.0264,-31.7044,20.4004,13.2320,45.9698,-26.1164,67.0264,-31.7044,20.4004,50,0,0,150,0,-50,0
585,1786707670.0261,1786707670.0306,0.03342,12.9231,42.8571,-24.0000,65.4066,-30.8132,22.0899,14.6453,43.2343,-22.1056,67.5673,-30.3968,21.3483,14.6453,43.2343,-22.1056,67.5673,-30.3968,21.3483,0,0,-150,50,-200,0,0
586,1786707670.0595,1786707670.0641,0.03338,12.9231,43.4725,-24.7033,65.9341,-31.1648,21.6270,13.4275,44.3127,-22.7762,64.0957,-31.9768,21.6320,13.4275,44.3127,-22.7762,64.0957,-31.9768,21.6320,0,150,-200,250,-100,-150,0
587,1786707670.0929,1786707670.0976,0.03344,13.0989,43.9121,-25.5824,66.5495,-30.9890,21.0317,15.1215,44.7896,-25.2386,66.2816,-30.2147,21.4836,15.1215,44.7896,-25.2386,66.2816,-30.2147,21.4836,50,150,-300,100,0,-250,0
588,1786707670.1262,1786707670.1309,0.03333,13.4505,43.6484,-25.2308,66.1099,-30.9011,21.2302,13.9778,43.8402,-23.4424,66.3398,-29.9602,20.8325,13.9778,43.8402,-23.4424,66.3398,-29.9602,20.8325,150,-150,200,-50,0,0,0
589,1786707670.1597,1786707670.1645,0.03345,13.5385,43.6484,-24.6154,65.4066,-31.0769,21.3624,14.2703,44.3933,-23.6819,67.6979,-29.1038,14.5469,14.2703,44.3933,-23.6819,67.6979,-29.1038,14.5469,50,0,300,-250,-50,50,0
590,1786707670.193,1786707670.1978,0.03335,13.7143,43.4725,-24.6154,65.6703,-30.6374,21.0317,12.5030,43.4350,-25.5880,67.4483,-29.4702,11.2407,12.5030,43.4350,-25.5880,67.4483,-29.4702,11.2407,0,-50,0,150,50,-150,0
591,1786707670.2264,1786707670.2309,0.0334,13.7143,43.4725,-24.6154,66.3736,-30.1099,20.4365,10.7091,37.3853,-23.1915,66.6757,-27.6938,4.4681,10.7091,37.3853,-23.1915,66.6757,-27.6938,10.3042,0,0,0,250,200,-200,0
592,1786707670.2598,1786707670.2642,0.03336,13.7143,43.2967,-24.8791,66.4615,-30.0220,18.5847,11.1966,41.4550,-25.6618,66.2297,-30.3285,3.6214,11.1966,41.4550,-25.6618,66.2297,-30.3285,8.2540,0,-50,-50,50,50,-800,0
593,1786707670.2932,1786707670.2977,0.03339,12.9231,42.5934,-25.2308,66.4615,-29.3187,15.9392,12.3093,40.8720,-25.7729,66.2257,-29.3879,3.0426,12.3093,40.8720,-25.7729,66.2257,-29.3879,5.6085,-350,-200,-100,0,150,-1200,0
594,1786707670.3266,1786707670.3311,0.03343,12.5714,41.4505,-25.4066,66.4615,-28.7912,13.0952,10.2670,38.6480,-27.0101,64.5757,-30.3893,3.5797,10.2670,38.6480,-27.0101,64.5757,-30.3893,3.5797,-200,-450,-50,0,250,-1250,0
595,1786707670.36,1786707670.3644,0.03336,12.5714,41.1868,-25.5824,66.4615,-29.2308,10.5159,11.2846,39.9040,-23.8399,66.1902,-29.6959,4.9676,11.2846,39.9040,-23.8399,66.1902,-29.6959,4.9676,0,0,-100,0,-200,-1150,0
596,1786707670.3934,1786707670.3979,0.03339,12.3956,41.1868,-25.9341,66.1099,-29.7582,7.6720,11.2391,42.1704,-26.4372,65.0483,-30.9781,5.6136,11.2391,42.1704,-26.4372,65.0483,-30.9781,5.6136,-100,0,-150,-150,-250,-1250,0
597,1786707670.4268,1786707670.4311,0.03344,12.0440,40.8352,-26.1099,65.4066,-29.6703,6.1508,12.1809,40.1534,-22.4382,64.7617,-30.6615,6.9687,12.1809,40.1534,-22.4382,64.7617,-30.6615,6.9687,-150,-100,0,-300,0,-600,0
598,1786707670.4601,1786707670.4643,0.03334,11.9560,41.0989,-26.2857,65.2308,-30.0220,5.8862,11.9743,41.3009,-22.8692,66.1295,-30.2503,6.3765,11.9743,41.3009,-22.8692,66.1295,-30.2503,6.3765,-50,150,-50,-50,-150,-200,0
599,1786707670.4936,1786707670.4982,0.03341,11.9560,41.2747,-26.1099,65.1429,-30.3736,6.5476,11.9645,41.4572,-22.7536,65.4409,-30.0014,6.0118,11.9645,41.4572,-22.7536,65.4409,-30.0014,6.0118,0,100,50,0,-50,300,0
600,1786707670.527,1786707670.6386,0.03341,11.9560,41.0989,-25.0549,65.2308,-30.3736,6.7460,14.3863,40.3494,-32.6097,67.1479,-32.1268,14.7212,14.3863,40.3494,-32.6097,67.1479,-32.1268,14.7212,0,-100,400,0,0,0,1
601,1786707670.6398,1786707670.6449,0.11282,11.9560,41.0989,-23.9121,65.1429,-30.2857,6.2169,14.4867,44.0980,-34.1602,67.1028,-32.2146,17.7163,14.4867,44.0980,-33.9121,67.1028,-32.2146,16.2169,0,0,50,-50,0,0,1
602,1786707670.6731,1786707670.678,0.0333,12.0440,41.0989,-23.8242,65.1429,-30.2857,6.2169,14.2888,43.4275,-35.3464,67.5404,-31.5962,18.3190,14.2888,43.4275,-33.8242,67.5404,-31.5962,16.2169,0,0,0,0,0,0,0
603,1786707670.7065,1786707670.7114,0.03339,12.3956,41.6264,-24.5275,65.7582,-30.9890,6.7460,14.5214,41.8954,-36.0646,67.8981,-29.8359,18.7926,14.5214,41.8954,-34.7912,67.8981,-29.8359,16.9444,100,100,-300,100,-200,350,0
604,1786707670.7399,1786707670.7449,0.03341,13.0110,42.5055,-26.7253,66.5495,-31.4286,8.7302,14.2777,42.4769,-38.0941,67.2575,-31.6081,18.3669,14.2777,42.4769,-37.0769,67.2575,-31.6081,18.3669,250,300,-600,300,-150,750,0
605,1786707670.7733,1786707670.7782,0.03338,13.3626,42.4176,-29.4505,67.0769,-30.7253,11.3757,15.1364,42.3161,-34.5360,65.8180,-31.0461,18.9168,15.1364,42.3161,-34.5360,65.8180,-31.0461,18.9168,100,-100,-950,150,250,1200,0
606,1786707670.8067,1786707670.8113,0.03341,13.5385,42.5934,-32.1758,66.9890,-30.4615,13.8889,14.1913,42.2411,-36.3006,68.1547,-28.0409,18.4118,14.1913,42.2411,-36.3006,68.1547,-28.0409,18.4118,100,0,-850,-50,150,1050,0
607,1786707670.84,1786707670.8446,0.03334,14.0659,42.9451,-33.5824,66.7253,-30.8132,15.7407,13.1094,41.0120,-38.5630,70.9228,-26.1528,16.4702,13.1094,41.0120,-38.5630,70.9228,-26.1528,16.4702,150,100,-650,0,-150,950,0
608,1786707670.8734,1786707670.8781,0.03341,14.4176,42.9451,-33.6703,66.5495,-30.2857,16.6005,13.6433,43.2808,-36.4477,69.5497,-27.9990,17.3670,13.6433,43.2808,-36.4477,69.5497,-27.9990,17.3670,150,0,-50,-50,300,400,0
609,1786707670.9068,1786707670.9114,0.03337,14.3297,43.0330,-34.4615,67.8681,-28.6154,16.4021,13.4799,43.1761,-35.3522,70.1435,-28.7980,16.0194,13.4799,43.1761,-35.3522,70.1435,-28.7980,16.0194,-50,0,-300,550,550,-100,0
610,1786707670.9402,1786707670.945,0.03337,14.2418,43.2967,-35.4286,69.2747,-27.8242,16.2037,12.6197,42.0831,-33.5696,68.5109,-29.0819,16.1693,12.6197,42.0831,-33.5696,68.5109,-29.0819,16.1693,0,50,-450,500,350,-200,0
611,1786707670.9735,1786707670.9782,0.03337,14.0659,43.6484,-35.3407,69.2747,-28.1758,16.2037,12.5631,43.6839,-34.7939,67.3209,-29.1201,16.7395,12.5631,43.6839,-34.7939,67.3209,-29.1201,16.7395,-50,100,0,50,-200,0,0
612,1786707671.007,1786707671.012,0.03349,13.6264,43.6484,-34.2857,68.5714,-28.7912,16.2698,13.2765,42.6149,-32.5597,67.9931,-28.9559,16.2702,13.2765,42.6149,-32.5597,67.9931,-28.9559,16.2702,-150,0,350,-250,-300,50,0
613,1786707671.0403,1786707671.045,0.03329,13.5385,43.6484,-33.8462,68.1319,-28.8791,16.2698,13.2629,42.5140,-33.0067,67.9322,-27.9334,17.4969,13.2629,42.5140,-33.0067,67.9322,-27.9334,17.4969,-100,-50,300,-100,100,0,0
614,1786707671.0737,1786707671.0783,0.03341,13.5385,43.8242,-33.5824,67.8681,-28.7033,16.2698,14.1141,40.4980,-32.4213,69.7017,-29.3464,19.2828,14.1141,40.4980,-32.4213,69.7017,-29.3464,19.2828,0,50,50,-100,50,-50,0
615,1786707671.1071,1786707671.1117,0.0334,13.5385,43.5604,-33.3187,67.8681,-28.7033,16.6667,14.2308,42.4827,-32.9517,70.9010,-28.0300,19.8493,14.2308,42.4827,-32.9517,70.9010,-28.0300,19.8493,0,-50,100,0,-50,250,0
616,1786707671.1405,1786707671.1452,0.03339,13.6264,43.1209,-33.1429,68.3077,-28.8791,17.6587,14.0057,43.2302,-32.9722,71.6709,-27.2644,18.6218,14.0057,43.2302,-32.9722,71.6709,-27.2644,18.6218,0,-100,100,50,0,400,0
617,1786707671.1739,1786707671.1785,0.03337,13.8022,42.8571,-32.9670,69.4505,-29.1429,18.5185,13.6160,43.8058,-33.3543,70.5399,-27.2287,21.9947,13.6160,43.8058,-33.3543,70.5399,-27.2287,21.9947,100,-100,100,400,-50,450,0
618,1786707671.2073,1786707671.2122,0.03342,13.8022,43.2088,-32.9670,70.0659,-28.3516,18.5185,13.7703,43.6911,-33.1685,71.1814,-27.2836,23.0944,13.7703,43.6911,-33.1685,71.1814,-27.2836,23.0944,0,200,0,200,200,-50,0
619,1786707671.2407,1786707671.2454,0.03337,13.8022,43.5604,-33.0549,70.0659,-27.9121,18.4524,14.4525,44.1607,-33.8909,71.9178,-27.1565,23.1513,14.4525,44.1607,-33.8909,71.9178,-27.1565,23.1513,0,150,0,50,150,-50,0
620,1786707671.274,1786707671.2787,0.03337,13.8022,43.5604,-33.1429,70.3297,-27.8242,19.5106,14.6213,44.3350,-33.8047,70.9466,-28.1184,20.6940,14.6213,44.3350,-33.8047,70.9466,-28.1184,20.6940,0,0,0,50,0,400,0
621,1786707671.3074,1786707671.3121,0.03338,13.9780,43.8242,-33.5824,70.8571,-27.6484,21.0317,15.1214,43.3759,-33.8752,72.1086,-26.8975,20.4958,15.1214,43.3759,-33.8752,72.1086,-26.8975,20.4958,50,100,-200,200,50,650,0
622,1786707671.3408,1786707671.3454,0.03337,14.1538,44.0000,-33.6703,70.7692,-27.9121,21.6931,13.9278,45.5040,-34.1915,72.3807,-26.1212,20.2588,13.9278,45.5040,-34.1915,72.3807,-26.1212,20.2588,50,100,0,0,-100,500,0
623,1786707671.3742,1786707671.3788,0.03338,14.2418,44.0000,-33.6703,71.0330,-27.6484,21.2963,14.0373,46.3061,-36.9864,73.3183,-26.2605,20.4202,14.0373,46.3061,-36.9864,73.3183,-26.2605,20.4202,0,0,0,0,100,-150,0
624,1786707671.4076,1786707671.4125,0.03344,14.2418,44.1758,-33.8462,71.4725,-26.9451,20.7011,14.6969,46.8334,-34.8781,71.7488,-26.5628,20.3790,14.6969,46.8334,-34.8781,71.7488,-26.5628,20.3790,0,100,0,150,300,-250,0
625,1786707671.441,1786707671.4456,0.03336,14.2418,45.2308,-34.7253,72.0879,-26.8571,20.6349,14.5351,45.7127,-35.0197,71.7726,-27.4133,20.6977,14.5351,45.7127,-35.0197,71.7726,-27.4133,20.6977,0,350,-350,200,50,-50,0
626,1786707671.4744,1786707671.479,0.03339,14.2418,45.8462,-35.6923,72.1758,-26.8571,20.5688,13.9914,42.8616,-32.4108,71.8647,-27.8583,20.3756,13.9914,42.8616,-32.4108,71.8647,-27.8583,20.3756,0,250,-450,100,0,-50,0
627,1786707671.5078,1786707671.5121,0.03341,14.2418,45.6703,-35.6044,71.9121,-27.0330,20.6349,14.5906,44.7255,-34.5912,71.4867,-26.7416,20.9382,14.5906,44.7255,-34.5912,71.4867,-26.7416,20.9382,0,-100,0,-150,0,50,0
628,1786707671.5412,1786707671.5458,0.03344,14.3297,44.8791,-34.2857,71.6484,-27.3846,20.5688,14.0026,44.7586,-33.0651,70.7539,-28.0013,20.9580,14.0026,44.7586,-33.0651,70.7539,-28.0013,20.9580,50,-150,450,-50,-150,0,0
629,1786707671.5746,1786707671.5791,0.03334,14.4176,44.3516,-33.5824,71.4725,-27.1209,20.7011,14.2238,42.3043,-31.3500,70.6718,-27.1696,20.8141,14.2238,42.3043,-31.3500,70.6718,-27.1696,20.8141,0,-200,350,-100,100,50,0
630,1786707671.608,1786707671.6126,0.03341,14.5055,44.6154,-33.6703,71.2967,-27.2088,20.7672,12.8333,41.4254,-34.1116,72.0861,-26.7090,20.4812,12.8333,41.4254,-34.1116,72.0861,-26.7090,20.4812,0,100,0,-100,50,50,0
631,1786707671.6413,1786707671.6462,0.03337,14.5055,44.4396,-33.0549,70.9451,-27.5604,20.7672,12.6429,40.7012,-32.8548,72.2862,-24.9108,20.3127,12.6429,40.7012,-32.8548,72.2862,-24.9108,20.3127,0,-150,300,-100,-200,0,0
632,1786707671.6747,1786707671.6794,0.03338,14.1538,43.4725,-32.5275,71.1209,-27.2088,20.7011,14.0256,41.8806,-32.6183,73.5929,-22.9540,20.5235,14.0256,41.8806,-32.6183,73.5929,-22.9540,20.5235,-50,-300,300,0,150,0,0
633,1786707671.7081,1786707671.7127,0.0334,13.8901,42.7692,-32.3516,71.5604,-26.3297,20.5688,13.7946,41.5752,-32.4221,73.1500,-21.3232,20.6660,13.7946,41.5752,-32.4221,73.1500,-21.3232,20.6660,-100,-250,50,150,350,0,0
634,1786707671.7415,1786707671.7457,0.0334,13.8022,42.7692,-32.4396,72.1758,-24.9231,20.5688,14.0099,42.3260,-32.6345,71.9032,-22.9998,20.8962,14.0099,42.3260,-32.6345,71.9032,-22.9998,20.8962,0,0,-50,250,550,0,0
635,1786707671.7749,1786707671.7791,0.03338,13.8901,42.7692,-32.4396,72.4396,-23.6044,20.5026,12.1391,43.1337,-33.6116,73.8545,-22.6497,20.9925,12.1391,43.1337,-33.6116,73.8545,-22.6497,20.9925,0,0,0,150,500,0,0
636,1786707671.8083,1786707671.813,0.0334,13.9780,42.8571,-32.4396,72.1758,-23.1648,20.5688,12.2371,44.1224,-32.8892,72.9076,-24.6948,20.8513,12.2371,44.1224,-32.8892,72.9076,-24.6948,20.8513,50,0,0,-150,50,0,0
637,1786707671.8417,1786707671.8465,0.03341,13.7143,43.1209,-32.8791,72.5275,-23.2527,20.6349,10.9150,45.2627,-35.2005,75.3888,-21.6931,20.7266,10.9150,45.2627,-35.2005,75.3888,-21.6931,20.7266,-100,100,-150,150,-50,0,0
638,1786707671.8751,1786707671.8797,0.03337,13.3626,43.5604,-33.0549,73.0549,-23.5165,20.6349,12.4239,42.9017,-31.4845,73.2823,-22.5323,20.6513,12.4239,42.9017,-31.4845,73.2823,-22.5323,20.6513,-100,150,-150,300,-50,0,0
639,1786707671.9085,1786707671.9135,0.03341,13.0110,44.1758,-33.5824,73.4945,-24.0440,20.6349,12.5575,43.0306,-32.8316,76.9132,-21.9661,20.3105,12.5575,43.0306,-32.8316,76.9132,-21.9661,20.3105,-100,200,-200,100,-100,0,0
640,1786707671.9419,1786707671.9466,0.03343,12.8352,44.4396,-34.2857,74.1099,-23.5165,20.6349,12.1525,42.1111,-29.5626,74.5499,-26.3790,20.0368,12.1525,42.1111,-29.5626,74.5499,-26.3790,20.0368,-50,50,-250,200,100,0,0
641,1786707671.9753,1786707671.9798,0.03334,12.8352,44.0000,-33.8462,74.4615,-22.9011,20.5026,12.7677,42.4841,-30.0230,75.3592,-23.4832,20.6341,12.7677,42.4841,-30.0230,75.3592,-23.4832,20.6341,0,-100,0,50,250,-50,0
642,1786707672.0087,1786707672.0132,0.03342,12.8352,43.5604,-32.4396,74.9011,-23.2527,20.3704,12.1886,44.9128,-30.6480,73.3888,-25.3822,20.6754,12.1886,44.9128,-30.6480,73.3888,-25.3822,20.6754,0,-150,450,200,-150,-100,0
643,1786707672.0421,1786707672.047,0.03339,12.8352,43.2088,-31.3846,74.7253,-24.0440,20.4365,11.8275,41.9574,-27.7121,72.3649,-25.5041,20.3854,11.8275,41.9574,-27.7121,72.3649,-25.5041,20.3854,0,-100,300,-50,-300,50,0
644,1786707672.0755,1786707672.0801,0.03339,12.8352,43.3846,-31.3846,74.2857,-24.4835,20.5026,12.8543,41.0892,-27.0015,72.0209,-25.8999,20.0871,12.8543,41.0892,-27.0015,72.0209,-25.8999,20.0871,0,150,0,-200,-150,50,0
645,1786707672.1089,1786707672.1136,0.03344,12.8352,44.0000,-30.8571,73.5824,-24.7473,20.4365,11.6029,41.3383,-28.5292,72.2012,-27.7634,14.5626,11.6029,41.3383,-28.5292,72.2012,-27.7634,14.5626,0,300,100,-250,-100,-50,0
646,1786707672.1423,1786707672.147,0.03338,12.9231,43.4725,-29.4505,72.7912,-25.2747,20.3704,11.3074,41.9954,-29.4549,74.6293,-25.9275,12.0668,11.3074,41.9954,-29.4549,74.6293,-25.9275,12.0668,0,-150,500,-300,-200,-50,0
647,1786707672.1756,1786707672.1803,0.03336,12.9231,42.7692,-28.7473,72.7033,-26.3297,19.7090,12.5014,41.0413,-27.2116,74.7035,-26.0263,8.0606,12.5014,41.0413,-27.2116,74.7035,-26.0263,9.5767,0,-250,150,-50,-350,-200,0
648,1786707672.209,1786707672.2138,0.03342,12.6593,42.5055,-29.2747,73.0549,-26.7692,17.8571,12.1829,41.1710,-29.4408,73.6584,-27.1898,6.2706,12.1829,41.1710,-29.4408,73.6584,-27.1898,7.5926,-100,-150,-150,50,-100,-750,0
649,1786707672.2425,1786707672.2471,0.03343,12.6593,42.1538,-29.5385,73.5824,-26.2418,15.1455,11.8624,41.2186,-27.9054,73.7408,-24.3730,5.0918,11.8624,41.2186,-27.9054,73.7408,-24.3730,5.0918,0,-100,-100,150,150,-1300,0
650,1786707672.2759,1786707672.387,0.03341,12.7473,41.9780,-29.4505,73.4945,-26.6813,12.4339,10.0011,42.8521,-37.8748,74.6306,-27.6859,20.9974,10.0011,42.8521,-37.8748,74.6306,-27.6859,16.7460,0,-50,0,-50,-150,-1350,1
651,1786707672.3881,1786707672.3932,0.11224,12.6593,41.8022,-28.8352,73.4945,-25.1868,6.7460,10.1274,40.8840,-35.5717,75.2454,-26.6171,18.5396,10.1274,40.8840,-35.5717,75.2454,-26.6171,16.6138,0,0,0,0,100,-300,1
652,1786707672.4214,1786707672.4263,0.0333,12.6593,41.8022,-28.8352,73.4945,-25.0989,6.2169,10.8231,42.7452,-35.8601,74.3948,-26.8171,18.8926,10.8231,42.7452,-35.8601,74.3948,-26.8171,16.2169,0,0,0,0,50,-250,0
653,1786707672.4548,1786707672.4594,0.03339,12.2198,41.8022,-29.3626,73.9341,-25.6264,6.4153,10.3513,42.9527,-36.5827,75.1966,-27.2689,18.4067,10.3513,42.9527,-36.5827,75.1966,-27.2689,16.6138,-200,0,-300,200,-150,0,0
654,1786707672.4882,1786707672.4926,0.03336,12.0440,42.1538,-31.2088,74.1099,-26.0659,8.2011,9.8037,44.1741,-35.2814,74.8507,-27.0238,18.4179,9.8037,44.1741,-35.2814,74.8507,-27.0238,18.4179,-150,50,-500,100,-100,700,0
655,1786707672.5216,1786707672.526,0.0334,11.7802,42.8571,-33.4066,74.5495,-26.5055,10.9788,10.1471,44.0277,-35.6367,74.5384,-25.6622,17.5154,10.1471,44.0277,-35.6367,74.5384,-25.6622,17.5154,-50,250,-750,150,-150,1250,0
656,1786707672.555,1786707672.5593,0.03345,11.5165,43.4725,-34.2857,74.6374,-26.6813,13.5582,10.5326,45.8639,-38.1014,74.3267,-28.2367,16.4764,10.5326,45.8639,-38.1014,74.3267,-28.2367,16.4764,-100,250,-200,0,-50,1300,0
657,1786707672.5883,1786707672.5926,0.03332,11.4286,43.8242,-34.4615,74.5495,-26.2418,15.4762,10.4792,46.2264,-37.4657,74.4393,-26.6150,16.7428,10.4792,46.2264,-37.4657,74.4393,-26.6150,16.7428,-50,100,-50,-50,150,950,0
658,1786707672.6218,1786707672.6264,0.03342,11.4286,44.5275,-35.4286,74.5495,-26.2418,16.1376,10.4977,46.0037,-35.0795,72.5817,-27.4703,17.5099,10.4977,46.0037,-35.0795,72.5817,-27.4703,17.5099,0,150,-300,0,100,300,0
659,1786707672.6552,1786707672.6598,0.03342,11.4286,45.3187,-36.5714,74.5495,-26.6813,16.0714,11.0512,46.4573,-37.9163,72.4524,-26.3643,17.9924,11.0512,46.4573,-37.9163,72.4524,-26.3643,17.9924,0,300,-350,0,-150,0,0
660,1786707672.6886,1786707672.6941,0.0334,11.4286,45.3187,-36.3077,73.9341,-26.8571,16.6005,10.8879,46.5539,-37.0042,72.5049,-26.2412,17.0765,10.8879,46.5539,-37.0042,72.5049,-26.2412,17.0765,0,0,-50,-100,-50,200,0
661,1786707672.7219,1786707672.7263,0.03336,11.4286,45.5824,-35.9560,73.4066,-26.6813,17.1296,10.4747,45.5912,-34.4173,72.3629,-25.4698,17.1435,10.4747,45.5912,-34.4173,72.3629,-25.4698,17.1435,0,100,100,-250,50,200,0
662,1786707672.7554,1786707672.7602,0.03343,11.4286,45.9341,-36.3077,73.2308,-26.5934,16.9974,11.0940,47.0146,-37.0157,72.3985,-27.1899,17.8164,11.0940,47.0146,-37.0157,72.3985,-27.1899,17.8164,0,150,-150,-50,0,-100,0
663,1786707672.7887,1786707672.793,0.03334,11.4286,45.9341,-36.6593,72.9670,-26.2418,16.9974,12.0547,46.1752,-36.1292,73.1501,-25.7908,17.6026,12.0547,46.1752,-36.1292,73.1501,-25.7908,17.6026,0,0,-150,-100,150,0,0
664,1786707672.8222,1786707672.8265,0.03343,11.4286,46.2857,-36.7473,72.8791,-26.4176,17.2619,12.1287,44.1650,-34.0568,74.7739,-24.9239,17.6016,12.1287,44.1650,-34.0568,74.7739,-24.9239,17.6016,0,50,0,-50,50,150,0
665,1786707672.8556,1786707672.8599,0.03342,11.6044,46.4615,-36.6593,72.9670,-26.8571,17.3280,11.0522,44.8023,-34.4564,74.6367,-26.0003,16.8296,11.0522,44.8023,-34.4564,74.6367,-26.0003,16.8296,50,100,0,50,-250,0,0
666,1786707672.889,1786707672.8938,0.03342,11.6923,45.7582,-35.7802,73.1429,-26.1538,17.3280,11.6728,45.5929,-32.3655,76.4825,-24.6387,17.3291,11.6728,45.5929,-32.3655,76.4825,-24.6387,17.3291,50,-300,250,150,250,0,0
667,1786707672.9223,1786707672.927,0.03333,11.6923,45.3187,-35.3407,73.6703,-25.9780,17.1958,12.2076,43.6070,-33.5654,76.7504,-25.2918,17.4258,12.2076,43.6070,-33.5654,76.7504,-25.2918,17.4258,0,-250,200,150,200,-50,0
668,1786707672.9557,1786707672.9602,0.03338,11.6923,45.4945,-34.9890,74.2857,-26.0659,17.1296,12.9339,43.3550,-34.9320,78.3346,-24.9549,17.3377,12.9339,43.3550,-34.9320,78.3346,-24.9549,17.3377,0,100,100,250,-50,0,0
669,1786707672.9891,1786707672.9937,0.03342,11.8681,45.2308,-34.5495,75.2527,-25.8022,17.1958,13.2111,45.1539,-34.8767,74.8309,-25.6106,17.7206,13.2111,45.1539,-34.8767,74.8309,-25.6106,17.7206,100,-100,200,300,100,50,0
670,1786707673.0225,1786707673.0271,0.03339,12.0440,44.7033,-34.9011,76.1319,-25.6264,17.1958,14.1999,44.2951,-35.1292,74.5224,-24.4719,17.5786,14.1999,44.2951,-35.1292,74.5224,-24.4719,17.5786,50,-150,-100,250,0,0,0
671,1786707673.056,1786707673.0608,0.03347,12.3956,44.8791,-34.9890,76.5714,-25.6264,17.3280,14.4183,44.3042,-36.9109,74.3166,-24.4623,17.7031,14.4183,44.3042,-36.9109,74.3166,-24.4623,17.7031,150,0,-50,150,0,50,0
672,1786707673.0893,1786707673.0942,0.03332,12.9231,45.0549,-35.0769,76.1319,-25.2747,17.3280,13.5144,43.1252,-34.2205,75.6279,-24.0731,17.5976,13.5144,43.1252,-34.2205,75.6279,-24.0731,17.5976,200,50,-50,-250,150,0,0
673,1786707673.1227,1786707673.1274,0.03338,13.2747,44.8791,-35.3407,75.2527,-24.9231,17.3942,14.2279,42.0443,-31.6043,75.9178,-23.6945,17.9849,14.2279,42.0443,-31.6043,75.9178,-23.6945,17.9849,100,-50,-50,-350,100,50,0
674,1786707673.1561,1786707673.1606,0.03339,13.4505,44.6154,-35.8681,75.2527,-24.7473,17.3942,14.7583,42.0559,-30.9759,76.2199,-25.1030,17.8647,14.7583,42.0559,-30.9759,76.2199,-25.1030,17.8647,50,-50,-150,0,50,0,0
675,1786707673.1895,1786707673.1937,0.0334,13.6264,44.0879,-34.9890,75.4286,-24.4835,17.5265,13.6012,42.6722,-31.4908,73.8300,-25.2255,17.8618,13.6012,42.6722,-31.4908,73.8300,-25.2255,17.8618,50,-200,400,50,100,0,0
676,1786707673.2229,1786707673.228,0.03342,13.8901,43.6484,-33.5824,75.6044,-24.6593,17.5265,12.7548,40.1869,-28.9648,73.9541,-24.7254,17.6307,12.7548,40.1869,-28.9648,73.9541,-24.7254,17.6307,100,-100,500,50,-100,0,0
677,1786707673.2563,1786707673.2605,0.03338,13.9780,43.5604,-32.7912,75.2527,-24.9231,17.5265,13.9976,41.4498,-28.2936,72.8028,-25.3714,18.0462,13.9976,41.4498,-28.2936,72.8028,-25.3714,18.0462,50,-100,250,-100,-150,0,0
678,1786707673.2897,1786707673.294,0.0334,13.6264,42.8571,-31.9121,74.4615,-24.9231,17.4603,14.2818,42.5049,-30.5592,74.1885,-24.9102,17.6460,14.2818,42.5049,-30.5592,74.1885,-24.9102,17.6460,-150,-250,350,-300,0,-50,0
679,1786707673.323,1786707673.3275,0.03338,13.6264,41.8901,-30.2418,73.6703,-24.9231,17.5926,14.5755,41.8407,-31.7004,76.0923,-26.4817,17.7546,14.5755,41.8407,-31.7004,76.0923,-26.4817,17.7546,0,-300,600,-350,0,100,0
680,1786707673.3565,1786707673.3606,0.03341,13.8901,42.0659,-30.0659,73.8462,-25.0989,17.5926,14.6929,42.3810,-30.7470,76.5107,-25.3234,17.6520,14.6929,42.3810,-30.7470,76.5107,-25.3234,17.6520,50,-50,0,0,0,0,0
681,1786707673.3899,1786707673.3941,0.03341,14.0659,42.3297,-30.8571,74.7253,-25.5385,17.5926,14.1833,40.5927,-31.7424,76.3778,-24.6346,17.7200,14.1833,40.5927,-31.7424,76.3778,-24.6346,17.7200,50,150,-300,300,-150,0,0
682,1786707673.4233,1786707673.4275,0.03338,14.1538,42.4176,-31.2967,75.3407,-25.8022,17.5926,14.4062,41.9829,-28.3772,73.6410,-24.7649,17.6274,14.4062,41.9829,-28.3772,73.6410,-24.7649,17.6274,50,50,-200,350,-50,0,0
683,1786707673.4566,1786707673.461,0.03339,14.2418,42.2418,-31.2088,75.4286,-25.1868,17.5926,14.4971,41.7695,-30.1991,72.9714,-23.7179,17.1765,14.4971,41.7695,-30.1991,72.9714,-23.7179,17.1765,0,-100,50,50,200,0,0
684,1786707673.49,1786707673.4944,0.03337,14.2418,41.8901,-30.5934,75.0769,-25.1868,17.5926,14.2674,44.8717,-29.4005,73.1471,-24.7754,17.2799,14.2674,44.8717,-29.4005,73.1471,-24.7754,17.2799,0,-150,200,-150,0,0,0
685,1786707673.5234,1786707673.528,0.03341,14.3297,41.9780,-30.2418,74.2857,-24.6593,17.4603,15.6250,44.8970,-29.8571,74.8765,-23.6741,17.0015,15.6250,44.8970,-29.8571,74.8765,-23.6741,17.0015,50,50,150,-250,150,-50,0
686,1786707673.5569,1786707673.5612,0.03348,14.3297,42.3297,-30.0659,74.0220,-24.6593,17.4603,14.7461,44.1038,-32.9801,74.2003,-26.3007,16.1400,14.7461,44.1038,-32.9801,74.2003,-26.3007,16.1400,0,100,100,-100,100,0,0
687,1786707673.5902,1786707673.5944,0.03331,14.5055,43.3846,-30.1538,74.2857,-24.6593,17.1958,15.3904,43.8122,-29.0993,74.6546,-25.3495,17.0773,15.3904,43.8122,-29.0993,74.6546,-25.3495,17.0773,0,400,0,100,0,-100,0
688,1786707673.6236,1786707673.6279,0.03341,14.6813,43.6484,-30.5934,74.4615,-24.5714,16.8651,13.2164,44.1611,-26.1339,74.8054,-24.9470,17.0016,13.2164,44.1611,-26.1339,74.8054,-24.9470,17.0016,50,50,-100,50,0,-150,0
689,1786707673.657,1786707673.6613,0.03341,14.6813,43.7363,-31.3846,74.5495,-24.9231,16.7328,14.3051,46.6916,-27.7311,73.6739,-24.3941,17.2353,14.3051,46.6916,-27.7311,73.6739,-24.3941,17.2353,0,0,-250,50,-150,0,0
690,1786707673.6904,1786707673.6946,0.03338,14.6813,43.8242,-31.3846,74.4615,-24.9231,16.9312,14.5214,44.4071,-30.8059,74.0262,-25.5651,16.9677,14.5214,44.4071,-30.8059,74.0262,-25.5651,16.9677,0,50,150,0,0,50,0
691,1786707673.7238,1786707673.7286,0.03338,14.6813,44.2637,-29.9780,73.9341,-24.9231,16.9974,14.3139,45.9326,-31.3671,74.1699,-24.5257,17.0302,14.3139,45.9326,-31.3671,74.1699,-24.5257,17.0302,0,50,500,-150,0,50,0
692,1786707673.7572,1786707673.7616,0.03343,14.7692,45.0549,-29.4505,73.8462,-25.1868,16.9974,13.5856,42.7369,-30.2860,73.3174,-25.0489,16.8432,13.5856,42.7369,-30.2860,73.3174,-25.0489,16.8432,50,200,200,0,-50,0,0
693,1786707673.7906,1786707673.7948,0.03337,14.6813,45.0549,-29.9780,73.8462,-25.1868,16.9974,13.8672,45.2149,-30.4932,75.3605,-23.3840,8.9503,13.8672,45.2149,-30.4932,75.3605,-23.3840,8.9503,0,0,-300,0,-50,0,0
694,1786707673.824,1786707673.8283,0.03342,14.4176,44.8791,-30.7692,74.0220,-24.9231,16.9974,13.9344,46.7176,-34.2263,73.9847,-23.8135,7.3737,13.9344,46.7176,-34.2263,73.9847,-23.8135,7.3737,-150,0,-300,50,50,0,0
695,1786707673.8574,1786707673.8616,0.03338,14.3297,44.2637,-30.6813,73.9341,-24.7473,16.5344,15.4837,45.9250,-31.8604,73.2455,-25.1581,7.6450,15.4837,45.9250,-31.8604,73.2455,-25.1581,7.6450,0,-250,50,-50,0,-200,0
696,1786707673.8908,1786707673.895,0.0334,14.3297,44.4396,-31.0330,74.4615,-24.3956,14.6164,15.0045,46.7827,-31.5350,72.4531,-24.1616,8.6050,15.0045,46.7827,-31.5350,72.4531,-24.1616,8.6050,0,100,-150,250,100,-950,0
697,1786707673.9242,1786707673.9284,0.03337,14.5055,45.0549,-31.4725,74.1978,-24.6593,12.0370,13.8513,44.2156,-30.5298,72.0269,-26.2137,11.6080,13.8513,44.2156,-30.5298,72.0269,-26.2137,11.6080,50,200,-250,-100,-100,-1150,0
698,1786707673.9576,1786707673.9621,0.03343,14.6813,45.4945,-31.3846,73.4066,-24.6593,10.1852,14.4481,45.2698,-28.1285,70.4493,-25.4098,13.4925,14.4481,45.2698,-28.1285,70.4493,-25.4098,13.4925,50,200,50,-300,-100,-850,0
699,1786707673.991,1786707673.9953,0.03342,14.4176,45.4066,-31.2967,72.8791,-24.5714,9.6561,14.4618,44.6445,-28.0737,71.0342,-26.4826,13.8031,14.4618,44.6445,-28.0737,71.0342,-26.4826,13.8031,-50,-100,0,-150,50,-50,0
700,1786707674.0244,1786707674.1412,0.03336,14.4176,44.9670,-30.3297,72.0879,-24.9231,9.9868,13.7356,48.5800,-39.6410,74.1724,-26.7619,15.3122,13.7356,48.5800,-39.0110,74.1724,-26.7619,15.3122,0,-200,250,-300,-50,0,1
701,1786707674.1423,1786707674.1475,0.11793,14.5055,44.7033,-29.0110,71.3846,-25.9780,12.9630,14.5249,49.5035,-40.0157,73.6351,-27.0868,16.0190,14.5249,49.5035,-39.0110,73.6351,-27.0868,16.0190,0,-50,100,-50,0,150,1
702,1786707674.1756,1786707674.1807,0.03327,14.5055,44.7033,-29.0110,71.3846,-25.9780,13.2275,13.7409,47.3494,-39.5110,75.7704,-26.3738,13.7223,13.7409,47.3494,-39.0110,75.7704,-26.3738,13.7223,0,0,0,0,0,100,0
703,1786707674.209,1786707674.214,0.03344,14.5055,45.3187,-29.8022,72.0879,-26.4176,14.0212,13.4332,50.0390,-40.2085,73.2729,-28.3059,14.5416,13.4332,50.0390,-39.9780,73.2729,-28.3059,14.5416,0,250,-250,150,-100,400,0
704,1786707674.2423,1786707674.2472,0.03333,14.4176,46.4615,-32.2637,73.5824,-26.4176,14.8810,13.6437,48.9800,-43.2853,74.6412,-25.4015,14.1514,13.6437,48.9800,-42.6154,74.6412,-25.4015,14.1514,0,400,-700,550,50,450,0
705,1786707674.2757,1786707674.2805,0.03341,14.2418,47.6923,-35.0769,74.4615,-26.8571,14.7487,13.1887,48.3228,-43.1842,75.6799,-25.5133,16.2864,13.1887,48.3228,-43.1842,75.6799,-25.5133,16.2864,-50,400,-1000,550,-50,-50,0
706,1786707674.3091,1786707674.3137,0.03336,14.1538,48.3956,-37.9780,74.3736,-27.4725,14.3519,13.3376,47.1249,-42.8380,77.0448,-25.9663,16.4746,13.3376,47.1249,-42.8380,77.0448,-25.9663,16.4746,0,250,-950,-50,-250,-100,0
707,1786707674.3426,1786707674.3474,0.03344,13.9780,48.3077,-40.1758,74.5495,-27.0330,14.6825,13.2826,45.9086,-41.7922,77.5406,-25.7923,15.4959,13.2826,45.9086,-41.7922,77.5406,-25.7923,15.4959,-50,0,-1050,100,200,0,0
708,1786707674.3759,1786707674.381,0.03337,13.9780,48.0440,-40.6154,75.5165,-26.3297,15.5423,14.7006,48.1027,-39.8224,75.5399,-23.6797,15.4747,14.7006,48.1027,-39.8224,75.5399,-23.6797,15.4747,0,-50,-150,250,350,400,0
709,1786707674.4093,1786707674.4138,0.03336,13.9780,47.6044,-40.7912,76.1319,-26.4176,15.4762,13.2108,47.2994,-42.9777,75.6181,-22.9134,14.5547,13.2108,47.2994,-42.9777,75.6181,-22.9134,14.5547,0,-150,-50,250,-50,-50,0
710,1786707674.4427,1786707674.4473,0.0334,14.0659,47.6923,-40.4396,75.9560,-25.5385,15.3439,12.9399,47.5723,-41.9167,75.6094,-23.1940,14.6616,12.9399,47.5723,-41.9167,75.6094,-23.1940,14.6616,0,50,100,-50,300,-150,0
711,1786707674.4761,1786707674.4807,0.03337,14.1538,47.8681,-40.4396,75.8681,-24.4835,15.1455,13.4793,46.4964,-39.4812,75.2299,-25.2904,14.9599,13.4793,46.4964,-39.4812,75.2299,-25.2904,14.9599,0,100,50,0,400,-100,0
712,1786707674.5094,1786707674.5141,0.03338,13.8901,47.8681,-40.7912,75.8681,-24.2198,15.0132,12.8865,47.0075,-40.5653,76.0482,-25.9311,14.7292,12.8865,47.0075,-40.5653,76.0482,-25.9311,14.7292,-50,0,-150,0,150,0,0
713,1786707674.5429,1786707674.5473,0.03344,13.8022,47.7802,-41.0549,75.7802,-24.3077,15.0132,13.5962,46.6968,-40.2147,75.0427,-25.0602,15.5742,13.5962,46.6968,-40.2147,75.0427,-25.0602,15.5742,-50,-100,0,0,0,0,0
714,1786707674.5763,1786707674.5812,0.0334,13.6264,47.6923,-40.7033,75.6923,-25.2747,14.9471,14.1914,47.3788,-39.2480,73.8268,-23.8819,15.4097,14.1914,47.3788,-39.2480,73.8268,-23.8819,15.4097,-50,0,150,0,-300,-50,0
715,1786707674.6097,1786707674.6146,0.0334,13.8022,47.6923,-40.5275,75.6044,-25.1868,15.0132,14.0379,47.9788,-38.4061,74.1541,-23.8659,15.6825,14.0379,47.9788,-38.4061,74.1541,-23.8659,15.6825,100,0,50,0,0,0,0
716,1786707674.643,1786707674.6478,0.03336,13.8901,47.6923,-40.0879,74.8132,-24.5714,15.1455,13.2841,46.0885,-34.8756,73.7340,-24.2040,15.4602,13.2841,46.0885,-34.8756,73.7340,-24.2040,15.4602,50,0,250,-300,200,100,0
717,1786707674.6764,1786707674.6811,0.03338,13.8901,47.6923,-39.6484,74.7253,-24.3956,15.2778,14.1426,47.6145,-37.5730,73.3592,-24.8589,15.6515,14.1426,47.6145,-37.5730,73.3592,-24.8589,15.6515,0,0,100,-50,50,100,0
718,1786707674.7099,1786707674.7145,0.03346,13.8901,47.3407,-38.6813,74.2857,-24.3956,15.2778,13.4495,48.2809,-39.0691,74.4956,-24.0693,17.4806,13.4495,48.2809,-39.0691,74.4956,-24.0693,17.4806,0,-50,350,-100,0,0,0
719,1786707674.7432,1786707674.7477,0.03329,13.8901,46.9011,-37.6264,73.8462,-24.4835,15.4101,14.6804,46.2924,-36.9755,73.3778,-25.7528,16.0438,14.6804,46.2924,-36.9755,73.3778,-25.7528,16.0438,0,-150,300,-200,-50,0,0
720,1786707674.7766,1786707674.7811,0.0334,13.8901,47.0769,-37.8901,74.0220,-24.3956,15.9392,14.1736,46.7417,-35.6234,72.7893,-23.3633,15.9891,14.1736,46.7417,-35.6234,72.7893,-23.3633,15.9891,0,100,50,50,50,200,0
721,1786707674.81,1786707674.8152,0.03342,13.8901,47.4286,-38.4176,74.1099,-24.6593,16.6005,13.7620,49.0284,-41.5375,75.8443,-25.0658,16.1535,13.7620,49.0284,-41.5375,75.8443,-25.0658,16.1535,0,150,-200,50,-50,300,0
722,1786707674.8433,1786707674.8476,0.03334,14.0659,47.2527,-37.9780,73.5824,-25.0989,16.4021,14.3787,49.9599,-40.1904,74.7849,-25.1693,16.2762,14.3787,49.9599,-40.1904,74.7849,-25.1693,16.2762,50,-50,200,-250,-150,0,0
723,1786707674.8768,1786707674.8812,0.03345,14.0659,47.2527,-37.1868,73.4945,-25.0110,16.1376,13.7012,47.8366,-37.3456,73.0974,-25.2926,16.7436,13.7012,47.8366,-37.3456,73.0974,-25.2926,16.7436,0,100,350,50,50,-200,0
724,1786707674.9101,1786707674.9145,0.03336,14.0659,48.4835,-37.7143,74.1978,-25.0989,16.2037,14.1087,48.4393,-36.2357,73.9246,-25.8981,16.4704,14.1087,48.4393,-36.2357,73.9246,-25.8981,16.4704,0,450,-150,250,-50,0,0
725,1786707674.9435,1786707674.9477,0.03337,13.9780,48.7473,-38.2418,74.0220,-25.0989,16.4021,12.2170,44.8915,-35.3224,73.3783,-25.8742,16.6873,12.2170,44.8915,-35.3224,73.3783,-25.8742,16.6873,0,100,-150,0,0,100,0
726,1786707674.9769,1786707674.9811,0.03338,13.9780,48.4835,-37.8022,73.4945,-25.1868,16.3360,12.4610,44.8838,-36.9716,72.4747,-27.0355,15.7850,12.4610,44.8838,-36.9716,72.4747,-27.0355,15.7850,0,-150,50,-150,-50,-50,0
727,1786707675.0103,1786707675.0148,0.03342,13.7143,47.9560,-36.7473,73.4066,-25.6264,16.3360,13.8133,45.0362,-34.7339,73.5149,-25.5333,16.4060,13.8133,45.0362,-34.7339,73.5149,-25.5333,16.4060,-150,-200,400,-100,-100,0,0
728,1786707675.0437,1786707675.0481,0.03337,13.4505,46.8132,-36.5714,73.0549,-25.9780,16.0714,13.6476,48.0028,-37.7701,73.9876,-26.7268,16.4897,13.6476,48.0028,-37.7701,73.9876,-26.7268,16.4897,-100,-400,0,-150,-150,-200,0
729,1786707675.077,1786707675.0813,0.03338,13.5385,46.3736,-36.7473,73.2308,-26.2418,16.1376,13.6849,45.4430,-38.4336,74.4926,-26.9617,16.4143,13.6849,45.4430,-38.4336,74.4926,-26.9617,16.4143,50,-100,-100,100,-50,0,0
730,1786707675.1104,1786707675.1146,0.0334,13.7143,46.6374,-36.9231,73.4945,-26.3297,16.3360,14.7698,46.4316,-35.4655,73.5746,-26.3239,17.0740,14.7698,46.4316,-35.4655,73.5746,-26.3239,17.0740,50,0,0,100,50,100,0
731,1786707675.1439,1786707675.1481,0.03343,13.7143,47.0769,-37.7143,73.7582,-26.5934,16.3360,13.8551,46.3990,-38.0194,73.6521,-25.9751,17.0190,13.8551,46.3990,-38.0194,73.6521,-25.9751,17.0190,0,200,-300,150,-100,0,0
732,1786707675.1772,1786707675.1814,0.03332,13.8022,46.9011,-37.3626,73.4945,-26.5055,16.6005,12.4841,44.8555,-36.5857,74.2855,-27.8600,17.1353,12.4841,44.8555,-36.5857,74.2855,-27.8600,17.1353,50,-50,0,-100,50,100,0
733,1786707675.2106,1786707675.2147,0.0334,13.9780,46.7253,-36.7473,73.4945,-26.4176,16.7328,13.5194,45.6769,-34.2815,72.1153,-27.4996,17.5061,13.5194,45.6769,-34.2815,72.1153,-27.4996,17.5061,50,-100,250,0,0,50,0
734,1786707675.244,1786707675.2486,0.03343,13.6264,46.1978,-36.8352,73.4945,-26.8571,16.7328,12.7623,46.8283,-38.1103,75.4766,-27.5983,17.1240,12.7623,46.8283,-38.1103,75.4766,-27.5983,17.1240,-150,-100,-50,0,-150,0,0
735,1786707675.2774,1786707675.2817,0.03334,13.5385,46.1099,-36.3956,73.1429,-27.2088,16.9312,13.0976,46.0520,-35.9542,73.9430,-26.1003,16.7309,13.0976,46.0520,-35.9542,73.9430,-26.1003,16.7309,-50,0,50,-100,-50,100,0
736,1786707675.3107,1786707675.315,0.03339,13.6264,46.1978,-35.6044,72.7033,-27.2967,16.9312,13.1811,45.3113,-36.8139,75.0113,-26.6060,17.0818,13.1811,45.3113,-36.8139,75.0113,-26.6060,17.0818,0,0,300,-100,0,-50,0
737,1786707675.3442,1786707675.349,0.03344,13.6264,46.2857,-36.0440,73.1429,-27.0330,16.8651,12.5634,45.5101,-35.4583,74.5031,-25.9039,16.6784,12.5634,45.5101,-35.4583,74.5031,-25.9039,16.6784,0,0,-200,50,50,0,0
738,1786707675.3775,1786707675.3821,0.03336,13.5385,46.1099,-36.4835,73.7582,-26.7692,16.8651,12.2721,44.8553,-35.3774,73.3462,-27.1408,16.7370,12.2721,44.8553,-35.3774,73.3462,-27.1408,16.7370,-50,-100,-100,250,50,0,0
739,1786707675.4109,1786707675.4155,0.03339,13.4505,46.0220,-36.2198,73.7582,-26.6813,16.8651,13.9377,45.2557,-37.0257,74.0378,-25.2401,17.6305,13.9377,45.2557,-37.0257,74.0378,-25.2401,17.6305,-50,-50,50,0,-50,0,0
740,1786707675.4443,1786707675.4493,0.03341,13.3626,45.9341,-36.0440,73.5824,-26.5934,16.8651,12.1037,44.8717,-35.9659,74.2192,-25.7490,17.4998,12.1037,44.8717,-35.9659,74.2192,-25.7490,17.4998,0,-50,50,0,50,0,0
741,1786707675.4778,1786707675.482,0.03343,13.4505,45.8462,-36.2198,73.5824,-26.5934,17.0635,13.0813,46.9553,-39.4025,77.1210,-24.5705,17.1816,13.0813,46.9553,-39.4025,77.1210,-24.5705,17.1816,0,-50,-100,-50,0,50,0
742,1786707675.5111,1786707675.516,0.03335,13.6264,45.8462,-36.4835,73.8462,-26.3297,17.1296,12.0180,49.0950,-36.1518,75.7079,-26.5463,17.1222,12.0180,49.0950,-36.1518,75.7079,-26.5463,17.1222,50,0,-150,50,0,50,0
743,1786707675.5445,1786707675.55,0.03337,13.6264,46.1978,-36.8352,74.4615,-25.6264,17.1296,12.2602,47.5069,-37.2567,74.9719,-26.6022,16.7150,12.2602,47.5069,-37.2567,74.9719,-26.6022,16.7150,0,50,-150,150,200,0,0
744,1786707675.5779,1786707675.5825,0.03341,13.2747,46.9890,-37.2747,75.3407,-25.5385,17.1296,13.0365,47.2630,-34.0938,71.8185,-27.9026,16.5226,13.0365,47.2630,-34.0938,71.8185,-27.9026,16.5226,-100,250,-100,300,50,0,0
745,1786707675.6113,1786707675.616,0.03337,13.1868,47.5165,-37.2747,75.0769,-26.0659,16.9312,12.4237,47.2569,-33.6326,71.1028,-27.6922,16.9473,12.4237,47.2569,-33.6326,71.1028,-27.6922,16.9473,-50,200,0,-100,-150,-50,0
746,1786707675.6447,1786707675.6497,0.03342,13.1868,47.2527,-36.7473,74.0220,-26.7692,16.7989,13.2242,46.5402,-30.0784,69.8640,-26.8291,17.2496,13.2242,46.5402,-30.0784,69.8640,-26.8291,17.2496,0,-150,150,-250,-250,-50,0
747,1786707675.678,1786707675.6824,0.03335,13.1868,47.2527,-35.4286,72.6154,-27.2088,16.9312,12.9598,43.8981,-29.9171,70.2565,-27.4846,17.2403,12.9598,43.8981,-29.9171,70.2565,-27.4846,17.2403,0,0,450,-550,-100,50,0
748,1786707675.7115,1786707675.7161,0.03342,13.2747,46.9011,-33.8462,71.4725,-27.0330,16.9974,12.8079,46.2327,-30.5245,70.5518,-26.9198,17.2098,12.8079,46.2327,-30.5245,70.5518,-26.9198,17.2098,50,-100,500,-400,150,50,0
749,1786707675.7449,1786707675.7494,0.0334,13.2747,46.1099,-32.4396,70.9451,-27.1209,16.9974,13.0369,45.0469,-32.1006,71.6670,-27.4340,17.4331,13.0369,45.0469,-32.1006,71.6670,-27.4340,17.4331,0,-250,500,-50,0,0,0
750,1786707675.7782,1786707675.8931,0.03337,13.2747,45.3187,-32.1758,70.9451,-27.2088,17.0635,13.6131,46.9991,-41.5759,72.7018,-27.1102,18.7719,13.6131,46.9991,-41.5759,72.7018,-27.1102,18.7719,0,-250,0,0,0,50,1
751,1786707675.8943,1786707675.8995,0.11604,13.3626,45.4066,-32.4396,71.2088,-27.2967,17.0635,13.9640,47.4033,-41.8440,72.7370,-25.7046,18.7794,13.9640,47.4033,-41.8440,72.7370,-25.7046,18.7794,0,0,0,0,0,0,1
752,1786707675.9276,1786707675.9323,0.03329,13.3626,45.4066,-32.5275,71.2088,-27.2967,17.1296,12.5990,46.2826,-40.8177,73.4483,-25.3326,18.9354,12.5990,46.2826,-40.8177,73.4483,-25.3326,18.9354,0,0,0,0,0,0,0
753,1786707675.9609,1786707675.9656,0.03337,13.4505,45.9341,-33.4066,71.7363,-26.7692,17.7249,12.9116,46.7366,-39.7719,74.0257,-24.0720,19.3233,12.9116,46.7366,-39.7719,74.0257,-24.0720,19.3233,50,250,-350,100,150,300,0
754,1786707675.9943,1786707675.999,0.03339,13.3626,46.4615,-35.6923,72.7033,-26.1538,18.2540,12.8399,44.8503,-38.8151,74.1260,-23.4484,19.0993,12.8399,44.8503,-38.8151,74.1260,-23.4484,19.0993,0,300,-900,300,200,300,0
755,1786707676.0277,1786707676.0323,0.03336,13.2747,46.5495,-37.7143,73.2308,-25.3626,18.5185,14.1795,46.2550,-39.1619,73.1491,-23.0965,19.0280,14.1795,46.2550,-39.1619,73.1491,-23.0965,19.0280,-50,0,-700,150,200,150,0
756,1786707676.0612,1786707676.0657,0.03348,13.1868,46.4615,-38.5055,73.2308,-24.5714,18.6508,12.2146,45.8916,-39.2023,73.7548,-23.3681,18.6780,12.2146,45.8916,-39.2023,73.7548,-23.3681,18.6780,0,0,-300,50,350,50,0
757,1786707676.0945,1786707676.0994,0.03338,13.3626,46.2857,-38.3297,73.2308,-24.3077,18.6508,12.5423,47.1251,-40.5049,74.2731,-22.2476,18.5281,12.5423,47.1251,-40.5049,74.2731,-22.2476,18.5281,0,-150,100,0,50,0,0
758,1786707676.1279,1786707676.1326,0.03337,13.5385,46.3736,-38.4176,73.3187,-24.0440,18.6508,12.2536,46.1118,-40.6537,73.3544,-22.9996,18.5302,12.2536,46.1118,-40.6537,73.3544,-22.9996,18.5302,100,50,0,0,100,0,0
759,1786707676.1613,1786707676.166,0.03337,13.2747,46.8132,-39.1209,73.6703,-23.4286,18.6508,12.1523,44.9343,-39.4046,72.8271,-23.1192,18.3157,12.1523,44.9343,-39.4046,72.8271,-23.1192,18.3157,-150,150,-250,100,200,0,0
760,1786707676.1947,1786707676.1992,0.03339,13.0989,46.9011,-39.5604,73.4945,-23.0769,18.6508,13.4271,47.5238,-39.4446,72.7300,-22.8316,18.9822,13.4271,47.5238,-39.4446,72.7300,-22.8316,18.9822,0,100,-100,0,150,0,0
761,1786707676.228,1786707676.2326,0.03333,13.0110,46.6374,-39.2967,73.1429,-23.2527,18.5847,11.5287,44.6886,-37.9199,72.8756,-24.2869,18.9224,11.5287,44.6886,-37.9199,72.8756,-24.2869,18.9224,-50,-100,50,-100,-50,0,0
762,1786707676.2614,1786707676.266,0.03342,13.0989,46.8132,-39.2967,73.1429,-23.2527,18.7169,12.9429,46.0189,-38.3375,74.7699,-23.0432,18.9035,12.9429,46.0189,-38.3375,74.7699,-23.0432,18.9035,50,50,0,0,0,100,0
763,1786707676.2948,1786707676.2996,0.03337,13.1868,47.2527,-39.2088,73.1429,-23.6923,18.7831,13.5614,46.9684,-37.4941,73.7839,-27.1704,18.7549,13.5614,46.9684,-37.4941,73.7839,-27.1704,18.7549,0,200,50,0,-100,50,0
764,1786707676.3281,1786707676.3326,0.03337,13.0110,47.0769,-38.8571,73.3187,-23.8681,18.7831,15.9579,46.0055,-38.7907,77.4609,-25.9656,19.1744,15.9579,46.0055,-38.7907,77.4609,-25.9656,19.1744,-100,-50,100,50,0,0,0
765,1786707676.3616,1786707676.3662,0.03344,13.1868,46.9011,-38.5934,73.7582,-23.7802,18.7831,15.0266,45.8507,-36.0044,74.2704,-25.2490,17.8370,15.0266,45.8507,-36.0044,74.2704,-25.2490,17.8370,50,-50,50,100,150,0,0
766,1786707676.3949,1786707676.3995,0.03334,13.6264,46.8132,-38.4176,74.1978,-24.9231,18.8492,14.0985,45.5391,-36.6775,75.1974,-26.6653,18.8013,14.0985,45.5391,-36.6775,75.1974,-26.6653,18.8013,200,-50,50,100,-500,0,0
767,1786707676.4283,1786707676.4329,0.03337,14.3297,46.8132,-38.4176,74.7253,-25.0989,18.5185,14.8687,46.6319,-36.0777,72.6386,-25.9683,18.2679,14.8687,46.6319,-36.0777,72.6386,-25.9683,18.2679,300,0,0,200,0,-100,0
768,1786707676.4617,1786707676.466,0.03342,14.5934,46.6374,-37.8022,74.5495,-25.1868,18.1878,15.0705,47.1729,-36.1540,72.6529,-26.2538,18.3256,15.0705,47.1729,-36.1540,72.6529,-26.2538,18.3256,150,-100,200,-100,50,-150,0
769,1786707676.4952,1786707676.4993,0.03344,14.5055,46.6374,-37.1868,74.1978,-25.5385,18.3201,15.3894,47.0069,-35.9104,74.3041,-26.5014,18.5502,15.3894,47.0069,-35.9104,74.3041,-26.5014,18.5502,0,0,200,-50,-150,50,0
770,1786707676.5286,1786707676.5328,0.03343,14.5934,46.6374,-37.0110,73.5824,-25.7143,18.3201,16.1578,49.0176,-38.0281,75.7328,-26.6105,18.2999,16.1578,49.0176,-38.0281,75.7328,-26.6105,18.2999,50,0,50,-150,-50,0,0
771,1786707676.5619,1786707676.5661,0.03331,14.7692,46.6374,-36.8352,73.6703,-26.0659,18.3201,16.1611,47.9703,-37.9382,75.3840,-26.6225,16.5220,16.1611,47.9703,-37.9382,75.3840,-26.6225,16.5220,50,0,50,50,-100,0,0
772,1786707676.5953,1786707676.5994,0.0334,15.1209,47.1648,-37.2747,74.5495,-26.3297,18.2540,15.4066,47.1364,-37.2428,74.6795,-26.7308,17.3969,15.4066,47.1364,-37.2428,74.6795,-26.7308,17.3969,200,250,-200,300,-100,0,0
773,1786707676.6287,1786707676.6329,0.03339,15.2967,47.7802,-37.7143,74.6374,-26.3297,17.8571,14.3547,44.9137,-39.3136,75.0162,-26.3827,11.9110,14.3547,44.9137,-39.3136,75.0162,-26.3827,11.9110,50,350,-250,0,0,-100,0
774,1786707676.6621,1786707676.6667,0.03339,15.2967,47.6923,-37.7143,74.5495,-26.3297,17.1958,14.7599,47.7273,-38.2458,73.8104,-27.8544,17.2088,14.7599,47.7273,-38.2458,73.8104,-27.8544,17.2088,0,0,0,-50,0,-300,0
775,1786707676.6955,1786707676.7002,0.03336,15.2088,46.7253,-37.9780,74.6374,-26.3297,16.6005,16.2164,46.7876,-37.2787,72.8772,-26.8508,16.9862,16.2164,46.7876,-37.2787,72.8772,-26.8508,16.9862,-50,-400,-150,0,0,-300,0
776,1786707676.7289,1786707676.734,0.03345,15.1209,46.4615,-38.3297,74.3736,-26.7692,15.6746,15.5673,48.1026,-37.0264,74.7158,-25.1405,17.3992,15.5673,48.1026,-37.0264,74.7158,-25.1405,17.3992,-50,0,-150,-100,-200,-450,0
777,1786707676.7623,1786707676.767,0.0334,15.2088,46.8132,-38.1538,73.8462,-27.1209,16.0714,16.5384,48.9980,-37.2919,72.2269,-27.3381,16.3073,16.5384,48.9980,-37.2919,72.2269,-27.3381,16.3073,0,150,0,-200,-150,150,0
778,1786707676.7957,1786707676.7999,0.03335,15.2967,47.0769,-37.8901,73.9341,-26.3297,16.7328,16.2198,49.2029,-36.0629,71.5683,-27.2688,17.1548,16.2198,49.2029,-36.0629,71.5683,-27.2688,17.1548,50,100,100,-50,250,300,0
779,1786707676.8291,1786707676.8332,0.03341,15.4725,47.7802,-37.8022,74.0220,-26.0659,16.6005,15.8454,48.8131,-37.9117,70.8179,-26.8218,17.2528,15.8454,48.8131,-37.9117,70.8179,-26.8218,17.2528,100,300,0,50,0,0,0
780,1786707676.8624,1786707676.8666,0.03336,15.5604,48.2198,-37.3626,73.4945,-26.6813,16.3360,14.7698,47.0195,-35.7358,70.7998,-27.1053,16.9466,14.7698,47.0195,-35.7358,70.7998,-27.1053,16.9466,50,200,150,-200,-200,-150,0
781,1786707676.8959,1786707676.9001,0.03347,15.6484,48.2198,-37.1868,72.2637,-26.7692,16.6667,14.4837,45.7671,-36.0956,72.1503,-27.4455,17.1053,14.4837,45.7671,-36.0956,72.1503,-27.4455,17.1053,50,0,50,-350,0,200,0
782,1786707676.9292,1786707676.9338,0.03334,15.6484,48.1319,-37.2747,71.6484,-26.8571,16.6667,13.8554,47.3141,-34.3424,71.4767,-26.6959,17.0630,13.8554,47.3141,-34.3424,71.4767,-26.6959,17.0630,0,-50,0,-200,-50,0,0
783,1786707676.9627,1786707676.967,0.03344,15.3846,47.1648,-36.8352,71.6484,-27.0330,16.7328,14.0691,46.7710,-34.3278,70.6694,-27.3292,16.8837,14.0691,46.7710,-34.3278,70.6694,-27.3292,16.8837,-50,-400,200,0,-50,0,0
784,1786707676.996,1786707677.0002,0.03335,15.1209,46.9890,-36.2198,71.6484,-26.9451,16.7328,15.0856,48.8036,-35.0367,71.2833,-26.2097,16.8453,15.0856,48.8036,-35.0367,71.2833,-26.2097,16.8453,-150,0,250,-50,50,0,0
785,1786707677.0295,1786707677.0336,0.03342,15.0330,46.8132,-35.6923,71.1209,-26.9451,16.7328,14.0479,46.8149,-34.2272,69.8674,-26.3976,16.8946,14.0479,46.8149,-34.2272,69.8674,-26.3976,16.8946,0,-50,100,-200,-50,0,0
786,1786707677.0628,1786707677.067,0.03338,15.2088,46.8132,-35.6923,71.1209,-26.9451,16.7328,13.5580,46.3531,-32.9969,69.4168,-26.2831,17.0965,13.5580,46.3531,-32.9969,69.4168,-26.2831,17.0965,50,0,0,0,-50,0,0
787,1786707677.0963,1786707677.1005,0.03344,15.0330,47.0769,-35.2527,70.6813,-26.7692,16.7328,14.7000,48.4390,-32.5484,68.8611,-27.0943,17.0672,14.7000,48.4390,-32.5484,68.8611,-27.0943,17.0672,0,100,150,-200,100,0,0
788,1786707677.1296,1786707677.1344,0.03337,14.8571,46.6374,-34.4615,69.9780,-26.5055,16.7328,13.6345,47.0154,-32.8796,69.8044,-26.4273,16.8358,13.6345,47.0154,-32.8796,69.8044,-26.4273,16.8358,-50,-150,300,-250,50,0,0
789,1786707677.163,1786707677.168,0.03339,14.7692,46.8132,-33.9341,69.5385,-26.5934,16.7328,14.2227,47.6819,-32.5608,69.6166,-25.2398,17.0086,14.2227,47.6819,-32.5608,69.6166,-25.2398,17.0086,-50,100,200,-150,50,0,0
790,1786707677.1964,1786707677.2011,0.03338,14.8571,47.1648,-33.9341,69.5385,-26.6813,16.7328,14.9622,49.5690,-36.3807,71.0922,-26.0460,13.9601,14.9622,49.5690,-36.3807,71.0922,-26.0460,13.9601,0,200,0,0,0,0,0
791,1786707677.2298,1786707677.2347,0.03336,14.6813,47.1648,-33.6703,69.5385,-26.2418,16.7328,14.4461,46.4146,-33.3460,70.5828,-26.4676,10.7276,14.4461,46.4146,-33.3460,70.5828,-26.4676,10.7276,-50,0,100,0,200,0,0
792,1786707677.2632,1786707677.2678,0.0334,14.7692,47.7802,-34.1978,69.8901,-25.9780,16.2698,14.5337,47.7338,-32.9589,69.9088,-26.8408,8.3242,14.5337,47.7338,-32.9589,69.9088,-26.8408,8.3242,50,300,-50,100,200,-100,0
793,1786707677.2966,1786707677.3012,0.03338,14.8571,48.2198,-34.9011,70.0659,-26.5055,14.8148,12.6064,44.8743,-30.5920,68.0638,-25.6635,6.2637,12.6064,44.8743,-30.5920,68.0638,-25.6635,6.2637,50,250,-300,0,-300,-700,0
794,1786707677.33,1786707677.3353,0.03344,14.8571,47.7802,-34.3736,69.8022,-26.5934,12.3677,14.3458,48.8288,-31.8724,69.6905,-25.3534,8.2742,14.3458,48.8288,-31.8724,69.6905,-25.3534,8.2742,0,-150,250,-100,0,-1050,0
795,1786707677.3634,1786707677.3683,0.03344,14.5055,46.9011,-33.0549,69.1868,-26.4176,10.1852,14.7752,49.2326,-33.4459,71.6129,-25.0416,8.6506,14.7752,49.2326,-33.4459,71.6129,-25.0416,8.6506,0,-300,450,-200,0,-1000,0
796,1786707677.3967,1786707677.4014,0.03331,14.3297,46.1099,-32.3516,68.7473,-25.7143,8.5979,14.8050,48.8779,-34.0154,72.0185,-25.3669,12.4944,14.8050,48.8779,-34.0154,72.0185,-25.3669,12.4944,-100,-300,300,-150,250,-750,0
797,1786707677.4301,1786707677.435,0.0334,14.4176,46.4615,-32.8791,69.4505,-25.6264,8.2011,14.6016,47.8765,-31.4461,70.9068,-25.8392,12.3205,14.6016,47.8765,-31.4461,70.9068,-25.8392,12.3205,50,100,-250,100,50,-50,0
798,1786707677.4635,1786707677.468,0.03338,14.6813,47.3407,-33.6703,70.3297,-25.8022,9.3254,14.4487,48.9859,-32.8321,71.0714,-26.2945,11.8109,14.4487,48.9859,-32.8321,71.0714,-26.2945,11.8109,100,300,-350,350,-50,450,0
799,1786707677.497,1786707677.5012,0.03344,14.6813,47.5165,-33.3187,70.2418,-25.8022,10.7804,15.0962,46.7904,-30.5025,70.1516,-26.7197,11.8664,15.0962,46.7904,-30.5025,70.1516,-26.7197,11.8664,0,200,100,0,0,650,0
800,1786707677.5304,1786707677.6433,0.03343,14.6813,47.3407,-32.7912,70.2418,-25.9780,11.2434,16.8020,49.5839,-43.6474,74.4230,-26.0528,17.1427,16.8020,49.5839,-41.9121,74.4230,-26.0528,17.1427,0,-100,150,0,-100,100,1
801,1786707677.6445,1786707677.6497,0.11407,14.7692,46.8132,-31.9121,70.0659,-26.4176,11.5741,14.8286,49.4230,-41.0096,72.8394,-28.4538,18.0023,14.8286,49.4230,-41.0096,72.8394,-28.4538,18.0023,0,-50,50,0,0,50,1
802,1786707677.6777,1786707677.6825,0.03326,14.7692,46.8132,-31.8242,70.0659,-26.5055,11.5741,13.5856,47.6876,-40.8808,73.0981,-29.1593,18.4779,13.5856,47.6876,-40.8808,73.0981,-29.1593,18.4779,0,0,50,0,-50,0,0
803,1786707677.7111,1786707677.7157,0.03337,14.8571,47.2527,-32.5275,70.6813,-26.9451,12.3677,13.0413,48.5945,-40.8147,73.0834,-29.6953,17.1708,13.0413,48.5945,-40.8147,73.0834,-29.6953,17.1708,0,50,-300,250,-150,500,0
804,1786707677.7445,1786707677.7492,0.03346,14.5934,48.0440,-34.7253,71.6484,-28.0000,14.2196,12.5794,45.5842,-39.5590,72.6379,-29.7643,16.0373,12.5794,45.5842,-39.5590,72.6379,-29.7643,16.0373,-150,250,-850,400,-400,750,0
805,1786707677.7779,1786707677.7825,0.03334,14.2418,48.3077,-37.2747,72.3516,-28.5275,15.9392,13.2557,45.3265,-39.1590,73.4044,-29.4029,16.3546,13.2557,45.3265,-39.1590,73.4044,-29.4029,16.3546,-150,100,-900,250,-250,800,0
806,1786707677.8113,1786707677.816,0.03338,13.9780,47.8681,-38.7692,72.0879,-28.9670,16.6005,12.0977,45.4798,-37.9687,73.6209,-24.7497,15.7453,12.0977,45.4798,-37.9687,73.6209,-24.7497,15.7453,-100,-100,-500,-100,-150,200,0
807,1786707677.8446,1786707677.8492,0.03337,13.8901,47.0769,-38.5055,72.3516,-29.0549,16.4021,12.7421,46.3323,-38.4220,74.2492,-28.0918,16.0958,12.7421,46.3323,-38.4220,74.2492,-28.0918,16.0958,0,-300,200,50,0,-50,0
808,1786707677.878,1786707677.8823,0.03338,13.6264,46.9890,-38.0659,72.7912,-28.6154,15.9392,14.0288,46.6701,-38.0804,71.1689,-28.8930,15.8330,14.0288,46.6701,-38.0804,71.1689,-28.8930,15.8330,-50,0,200,150,50,-250,0
809,1786707677.9114,1786707677.9161,0.0334,13.5385,46.9890,-38.5055,73.1429,-27.7363,15.9392,13.7778,47.5451,-39.7439,71.6250,-29.2704,14.8877,13.7778,47.5451,-39.7439,71.6250,-29.2704,14.8877,-50,0,-200,100,350,0,0
810,1786707677.9448,1786707677.9496,0.03343,13.8022,47.0769,-38.3297,72.7912,-28.0000,15.8730,13.5826,45.2392,-37.8669,71.6299,-28.8441,16.2776,13.5826,45.2392,-37.8669,71.6299,-28.8441,16.2776,100,50,100,50,-200,0,0
811,1786707677.9782,1786707677.9827,0.03334,13.8022,47.1648,-38.6813,72.2637,-28.7033,15.5423,14.1540,43.4303,-37.7235,72.6875,-26.8998,16.0932,14.1540,43.4303,-37.7235,72.6875,-26.8998,16.0932,0,50,-50,-200,-350,-150,0
812,1786707678.0116,1786707678.0162,0.03338,13.8022,47.0769,-39.0330,72.0879,-28.7033,15.4762,12.7528,44.6127,-39.5833,71.7294,-29.1805,16.4620,12.7528,44.6127,-39.5833,71.7294,-29.1805,16.4620,0,-100,-150,-50,0,0,0
813,1786707678.045,1786707678.0496,0.03342,13.8022,46.1099,-38.3297,72.0000,-28.2637,15.8069,12.9202,43.2168,-40.8737,72.8619,-28.0418,15.9183,12.9202,43.2168,-40.8737,72.8619,-28.0418,15.9183,0,-350,300,-100,200,100,0
814,1786707678.0784,1786707678.083,0.03342,13.7143,45.8462,-38.1538,72.0879,-27.7363,15.9392,13.8432,45.8523,-39.7098,72.7609,-28.3131,16.2378,13.8432,45.8523,-39.7098,72.7609,-28.3131,16.2378,-50,-50,100,0,300,100,0
815,1786707678.1118,1786707678.116,0.03337,13.6264,45.8462,-38.9451,72.1758,-28.0000,15.8730,14.0312,45.9769,-40.7523,73.4751,-28.7206,16.1774,14.0312,45.9769,-40.7523,73.4751,-28.7206,16.1774,-50,0,-250,50,-100,-50,0
816,1786707678.1452,1786707678.1497,0.03341,13.6264,46.0220,-39.2088,72.4396,-28.0879,15.9392,15.3547,44.5997,-40.8414,73.9024,-29.2042,16.0967,15.3547,44.5997,-40.8414,73.9024,-29.2042,16.0967,0,0,-50,50,-50,50,0
817,1786707678.1785,1786707678.1831,0.03335,13.8022,46.4615,-39.2967,72.7912,-28.5275,15.9392,15.0102,43.9691,-42.7240,76.2986,-29.5719,16.4756,15.0102,43.9691,-42.7240,76.2986,-29.5719,16.4756,50,200,0,150,-100,0,0
818,1786707678.212,1786707678.2168,0.03347,13.9780,46.4615,-39.5604,73.0549,-28.7912,15.9392,14.1295,43.8552,-40.4702,72.0613,-30.2633,16.6982,14.1295,43.8552,-40.4702,72.0613,-30.2633,16.6982,100,0,-150,50,-150,0,0
819,1786707678.2453,1786707678.25,0.03334,14.1538,46.3736,-40.1758,73.9341,-29.0549,16.0714,13.8228,44.5280,-37.3475,71.9929,-29.6049,16.0494,13.8228,44.5280,-37.3475,71.9929,-29.6049,16.0494,50,-50,-200,350,-100,0,0
820,1786707678.2787,1786707678.2832,0.03338,14.3297,46.3736,-40.5275,75.0769,-29.4945,16.2037,14.4415,44.8108,-38.7409,72.1053,-28.1357,16.3473,14.4415,44.8108,-38.7409,72.1053,-28.1357,16.3473,50,0,-200,500,-100,100,0
821,1786707678.3121,1786707678.3167,0.03336,14.4176,46.3736,-39.9121,74.5495,-29.4945,16.1376,13.2332,44.0821,-39.0056,72.2671,-28.4798,16.1927,13.2332,44.0821,-39.0056,72.2671,-28.4798,16.1927,50,0,200,-200,0,-50,0
822,1786707678.3455,1786707678.35,0.0334,14.4176,46.1978,-38.8571,73.4066,-29.1429,16.1376,14.1780,43.1906,-37.4238,72.8133,-26.3981,16.7579,14.1780,43.1906,-37.4238,72.8133,-26.3981,16.7579,0,-50,350,-350,150,0,0
823,1786707678.3788,1786707678.3834,0.03336,14.2418,46.0220,-38.7692,73.0549,-28.7033,16.0714,14.0589,44.8544,-40.2081,73.0023,-27.0904,16.4717,14.0589,44.8544,-40.2081,73.0023,-27.0904,16.4717,-100,-50,150,-150,250,-50,0
824,1786707678.4123,1786707678.4169,0.03342,14.1538,45.7582,-38.6813,72.9670,-28.5275,16.2698,14.2049,46.3336,-42.2877,73.1412,-28.0480,16.5758,14.2049,46.3336,-42.2877,73.1412,-28.0480,16.5758,-50,-150,50,0,-50,150,0
825,1786707678.4456,1786707678.4503,0.03339,14.2418,45.8462,-38.5934,73.0549,-27.7363,16.2698,14.7355,47.1819,-42.2124,72.9464,-25.0453,16.8306,14.7355,47.1819,-42.2124,72.9464,-25.0453,16.8306,50,50,0,50,250,0,0
826,1786707678.479,1786707678.4835,0.03336,14.2418,46.5495,-39.6484,73.0549,-28.0879,16.3360,13.1500,44.8733,-41.2131,71.5907,-25.3258,16.6757,13.1500,44.8733,-41.2131,71.5907,-25.3258,16.6757,0,250,-200,0,-100,50,0
827,1786707678.5125,1786707678.5171,0.03344,14.3297,47.0769,-40.5275,73.0549,-27.9121,16.3360,13.1103,47.0242,-41.3602,72.4903,-25.4797,16.8080,13.1103,47.0242,-41.3602,72.4903,-25.4797,16.8080,50,200,-350,0,0,0,0
828,1786707678.5458,1786707678.5505,0.03339,14.2418,47.0769,-40.4396,72.5275,-26.7692,16.3360,13.6131,47.7521,-40.5927,71.7393,-25.9620,17.0204,13.6131,47.7521,-40.5927,71.7393,-25.9620,17.0204,0,0,50,-200,400,0,0
829,1786707678.5792,1786707678.5838,0.03335,13.9780,46.9011,-40.4396,72.2637,-26.4176,16.3360,13.2033,47.9103,-40.7985,72.4296,-28.6938,16.9337,13.2033,47.9103,-40.7985,72.4296,-28.6938,16.9337,-100,-100,0,-150,50,0,0
830,1786707678.6126,1786707678.6171,0.03337,13.9780,47.2527,-40.4396,72.3516,-26.3297,16.5344,13.3378,48.4172,-42.2259,72.1198,-27.5100,17.1369,13.3378,48.4172,-42.2259,72.1198,-27.5100,17.1369,0,100,0,50,50,100,0
831,1786707678.646,1786707678.6508,0.03343,13.9780,47.7802,-40.5275,72.3516,-26.7692,16.6005,14.2025,50.7204,-41.9086,72.0224,-27.2654,16.9076,14.2025,50.7204,-41.9086,72.0224,-27.2654,16.9076,0,200,-50,0,-150,0,0
832,1786707678.6793,1786707678.684,0.03335,13.9780,48.1319,-41.0549,72.3516,-27.8242,16.6667,12.8824,46.3076,-41.4899,72.6426,-27.6042,16.8948,12.8824,46.3076,-41.4899,72.6426,-27.6042,16.8948,0,100,-250,0,-250,0,0
833,1786707678.7127,1786707678.7174,0.0334,14.0659,48.8352,-41.5824,72.3516,-27.5604,16.7328,14.6004,48.2900,-39.4762,72.2956,-28.9992,15.4462,14.6004,48.2900,-39.4762,72.2956,-28.9992,15.4462,50,150,-150,0,50,0,0
834,1786707678.7462,1786707678.7508,0.03341,13.8901,49.5385,-41.5824,72.3516,-27.5604,16.7328,13.6844,47.9029,-41.3859,72.2095,-28.6075,16.3543,13.6844,47.9029,-41.3859,72.2095,-28.6075,16.3543,0,250,0,0,0,0,0
835,1786707678.7795,1786707678.7842,0.03339,13.7143,49.2747,-41.1429,72.0879,-28.1758,16.3360,13.8835,48.9475,-40.6432,71.1554,-27.2129,16.8043,13.8835,48.9475,-40.6432,71.1554,-27.2129,16.8043,-50,-150,250,-50,-250,-50,0
836,1786707678.8129,1786707678.8175,0.03334,13.8022,48.7473,-40.6154,72.0000,-28.2637,15.9392,13.2622,48.9425,-40.0592,71.7903,-28.4649,16.8839,13.2622,48.9425,-40.0592,71.7903,-28.4649,16.8839,50,-200,250,-50,-50,-250,0
837,1786707678.8463,1786707678.8512,0.03341,13.8901,48.9231,-40.7033,71.8242,-28.0000,16.3360,12.8202,48.1391,-39.1950,71.5418,-28.9682,16.7108,12.8202,48.1391,-39.1950,71.5418,-28.9682,16.7108,50,50,-50,-100,100,250,0
838,1786707678.8797,1786707678.8851,0.03342,13.8022,48.9231,-40.6154,71.6484,-27.9121,16.5344,12.6449,46.8444,-38.5403,70.3431,-30.0476,16.3467,12.6449,46.8444,-38.5403,70.3431,-30.0476,16.3467,-50,0,100,-50,-50,150,0
839,1786707678.9131,1786707678.918,0.03338,13.6264,48.6593,-40.0879,71.5604,-28.4396,16.5344,13.2613,51.2239,-37.7818,71.2312,-29.8257,16.5943,13.2613,51.2239,-37.7818,71.2312,-29.8257,16.5943,0,-100,150,0,-100,0,0
840,1786707678.9465,1786707678.9513,0.03339,13.6264,48.1319,-39.4725,71.0330,-29.1429,16.4683,13.6842,49.9047,-39.3903,71.3171,-29.6578,16.8192,13.6842,49.9047,-39.3903,71.3171,-29.6578,16.8192,-50,-150,200,-200,-250,0,0
841,1786707678.9798,1786707678.9845,0.03336,13.7143,48.0440,-39.0330,70.9451,-29.4066,16.4683,15.1492,49.4989,-38.6319,71.3604,-29.7984,16.7618,15.1492,49.4989,-38.6319,71.3604,-29.7984,16.7618,50,0,150,0,-50,0,0
842,1786707679.0133,1786707679.018,0.03342,13.8022,48.4835,-39.2088,71.0330,-29.4066,16.5344,14.4441,50.8177,-38.0069,69.6620,-31.4803,16.7486,14.4441,50.8177,-38.0069,69.6620,-31.4803,16.7486,50,150,0,50,0,0,0
843,1786707679.0466,1786707679.0516,0.03337,14.0659,48.8352,-39.4725,71.0330,-29.5824,16.6005,13.2922,49.4608,-37.6858,69.4839,-30.6401,16.8489,13.2922,49.4608,-37.6858,69.4839,-30.6401,16.8489,50,150,-100,0,-50,50,0
844,1786707679.08,1786707679.0848,0.03335,14.1538,49.0110,-38.9451,70.6813,-30.2857,16.6005,14.1998,48.2532,-38.0930,68.7893,-30.4434,16.3079,14.1998,48.2532,-38.0930,68.7893,-30.4434,16.3079,50,100,200,-200,-250,0,0
845,1786707679.1134,1786707679.1182,0.03345,14.1538,49.2747,-38.5934,70.1538,-30.6374,16.6005,14.6879,47.7746,-36.4488,68.6582,-30.0431,16.5850,14.6879,47.7746,-36.4488,68.6582,-30.0431,16.5850,0,150,200,-150,-250,0,0
846,1786707679.1469,1786707679.1515,0.03342,14.0659,49.0989,-38.5934,69.6264,-30.3736,16.5344,14.7174,49.5555,-36.3091,68.5458,-30.2824,16.0110,14.7174,49.5555,-36.3091,68.5458,-30.2824,16.0110,-50,0,0,-200,100,-50,0
847,1786707679.1802,1786707679.1844,0.03332,14.1538,48.5714,-38.0659,69.0989,-30.2857,16.6005,13.7003,48.4346,-35.9902,66.9765,-31.0837,16.3792,13.7003,48.4346,-35.9902,66.9765,-31.0837,16.3792,50,-200,200,-200,50,50,0
848,1786707679.2136,1786707679.2182,0.0334,14.3297,48.5714,-37.3626,68.8352,-30.2857,16.4021,13.9375,47.7683,-35.3850,67.5701,-30.0752,16.6111,13.9375,47.7683,-35.3850,67.5701,-30.0752,16.6111,50,100,300,-100,0,-100,0
849,1786707679.247,1786707679.2517,0.03342,14.3297,48.8352,-37.0110,68.3077,-30.5495,16.4021,13.5412,48.7500,-36.4109,68.1415,-29.2687,16.1004,13.5412,48.7500,-36.4109,68.1415,-29.2687,16.1004,-50,150,150,-200,-100,0,0
850,1786707679.2803,1786707679.3926,0.03336,14.2418,48.5714,-36.5714,67.7802,-30.5495,16.4021,16.8402,50.8119,-44.3461,72.4239,-28.1174,17.7729,16.8402,50.8119,-44.3461,72.4239,-28.1174,17.7729,0,-100,150,-150,0,0,1
851,1786707679.3938,1786707679.3958,0.11349,14.1538,48.5714,-36.7473,67.9560,-29.7582,16.2037,14.0601,47.6448,-35.8541,67.9103,-30.1210,16.1151,14.0601,47.6448,-35.8541,67.9103,-30.1210,16.1151,0,0,0,0,0,0,1
