step,t_obs,t_cmd,dt,pos_shoulder_pan,pos_shoulder_lift,pos_elbow_flex,pos_wrist_flex,pos_wrist_roll,pos_gripper,cmd_shoulder_pan,cmd_shoulder_lift,cmd_elbow_flex,cmd_wrist_flex,cmd_wrist_roll,cmd_gripper,sent_shoulder_pan,sent_shoulder_lift,sent_elbow_flex,sent_wrist_flex,sent_wrist_roll,sent_gripper,velraw_shoulder_pan,velraw_shoulder_lift,velraw_elbow_flex,velraw_wrist_flex,velraw_wrist_roll,velraw_gripper,chunk_start
0,1786708358.3545,1786708358.8466,0.44514,-0.0879,-96.6593,96.7033,73.5824,-86.9890,3.7037,-0.1442,-95.9881,97.8335,74.2555,-87.1031,4.0694,-0.1442,-95.9881,97.8335,74.2555,-87.1031,4.0694,0,0,0,0,0,0,1
1,1786708358.8477,1786708358.8527,0.49325,-0.0879,-96.6593,96.7033,73.5824,-86.9890,3.7037,-0.1370,-96.1379,97.7580,74.3675,-87.1895,4.0646,-0.1370,-96.1379,97.7580,74.3675,-87.1895,4.0646,0,0,0,0,0,0,1
2,1786708358.8815,1786708358.8864,0.03381,-0.0879,-96.6593,96.7033,73.5824,-86.9890,3.7037,-0.1320,-96.0348,98.0802,74.5442,-87.3504,4.0236,-0.1320,-96.0348,98.0802,74.5442,-87.3504,4.0236,0,0,0,0,0,0,0
3,1786708358.9145,1786708358.919,0.03299,-0.0879,-96.5714,96.8791,73.8462,-86.9890,3.7037,-0.2366,-96.3659,98.2130,74.4827,-87.3810,3.9893,-0.2366,-96.3659,98.2130,74.4827,-87.3810,3.9893,0,0,100,100,0,0,0
4,1786708358.9478,1786708358.9524,0.03335,-0.0879,-96.4835,97.1429,74.1099,-86.9890,3.7698,-0.1026,-96.3908,97.9776,74.6805,-87.4620,3.9820,-0.1026,-96.3908,97.9776,74.6805,-87.4620,3.9820,0,0,100,100,0,0,0
5,1786708358.9813,1786708358.986,0.03341,-0.0879,-96.4835,97.1429,74.1099,-86.9890,3.7698,-0.2821,-96.4575,97.9241,74.7193,-87.3814,3.9810,-0.2821,-96.4575,97.9241,74.7193,-87.3814,3.9810,0,0,0,0,0,0,0
6,1786708359.0146,1786708359.019,0.03339,-0.0879,-96.4835,97.1429,74.1978,-87.2527,3.7698,-0.1742,-96.4405,97.9236,74.7952,-87.5809,3.9544,-0.1742,-96.4405,97.9236,74.7952,-87.5809,3.9544,0,0,0,50,-50,0,0
7,1786708359.048,1786708359.0522,0.03336,-0.0879,-96.4835,97.1429,74.1978,-87.3407,3.7698,-0.2346,-96.4294,97.7539,74.8751,-87.3473,3.9829,-0.2346,-96.4294,97.7539,74.8751,-87.3473,3.9829,0,0,0,0,0,0,0
8,1786708359.0814,1786708359.0861,0.0334,-0.0879,-96.4835,97.1429,74.4615,-87.3407,3.7698,-0.1908,-96.4774,97.7540,74.8304,-87.4045,3.9653,-0.1908,-96.4774,97.7540,74.8304,-87.4045,3.9653,0,0,0,100,0,0,0
9,1786708359.1149,1786708359.1193,0.03346,-0.0879,-96.4835,97.1429,74.5495,-87.3407,3.7698,-0.2142,-96.4793,97.7665,74.8764,-87.5083,3.9997,-0.2142,-96.4793,97.7665,74.8764,-87.5083,3.9997,0,0,0,50,0,0,0
10,1786708359.1482,1786708359.1525,0.03337,-0.0879,-96.4835,97.1429,74.5495,-87.3407,3.7698,-0.1881,-96.5213,97.6154,74.9333,-87.5908,4.0374,-0.1881,-96.5213,97.6154,74.9333,-87.5908,4.0374,0,0,0,0,0,0,0
11,1786708359.1816,1786708359.1868,0.03334,-0.0879,-96.4835,97.1429,74.5495,-87.3407,3.7698,-0.2211,-96.3497,97.5244,74.8693,-87.4783,4.0218,-0.2211,-96.3497,97.5244,74.8693,-87.4783,4.0218,0,0,0,0,0,0,0
12,1786708359.215,1786708359.2192,0.03338,-0.0879,-96.4835,97.1429,74.6374,-87.3407,3.7698,-0.1630,-96.5519,97.7537,74.8509,-87.5968,4.0130,-0.1630,-96.5519,97.7537,74.8509,-87.5968,4.0130,0,0,0,0,0,0,0
13,1786708359.2484,1786708359.2526,0.03341,-0.0879,-96.4835,97.1429,74.6374,-87.3407,3.7698,-0.1832,-96.6261,97.7441,74.9839,-87.5847,4.0339,-0.1832,-96.6261,97.7441,74.9839,-87.5847,4.0339,0,0,0,0,0,0,0
14,1786708359.2817,1786708359.2859,0.03338,-0.0879,-96.4835,97.1429,74.6374,-87.3407,3.7698,-0.1883,-96.6122,97.6077,75.0398,-87.6888,4.0472,-0.1883,-96.6122,97.6077,75.0398,-87.6888,4.0472,0,0,0,0,0,0,0
15,1786708359.3152,1786708359.3196,0.03341,-0.0879,-96.4835,97.1429,74.6374,-87.3407,3.7698,-0.1588,-96.7474,97.6220,75.0289,-87.8180,4.0175,-0.1588,-96.7474,97.6220,75.0289,-87.8180,4.0175,0,0,0,0,0,0,0
16,1786708359.3485,1786708359.3527,0.03337,-0.0879,-96.4835,97.1429,74.6374,-87.3407,3.7698,-0.1507,-96.7437,97.4527,75.0293,-87.7606,4.0533,-0.1507,-96.7437,97.4527,75.0293,-87.7606,4.0533,0,0,0,0,0,0,0
17,1786708359.3819,1786708359.3862,0.0334,-0.0879,-96.4835,97.1429,74.6374,-87.3407,3.7698,-0.1518,-96.4620,97.5028,74.9584,-87.7558,4.0610,-0.1518,-96.4620,97.5028,74.9584,-87.7558,4.0610,0,0,0,0,0,0,0
18,1786708359.4154,1786708359.4195,0.03343,-0.0879,-96.4835,97.1429,74.6374,-87.3407,3.7698,-0.1699,-96.5742,97.4359,74.9818,-87.7147,4.0752,-0.1699,-96.5742,97.4359,74.9818,-87.7147,4.0752,0,0,0,0,0,0,0
19,1786708359.4487,1786708359.4527,0.03334,-0.0879,-96.4835,97.1429,74.6374,-87.3407,3.7698,-0.1271,-96.5021,97.4023,74.9503,-87.6898,4.0277,-0.1271,-96.5021,97.4023,74.9503,-87.6898,4.0277,0,0,0,0,0,0,0
20,1786708359.4821,1786708359.487,0.03341,-0.0879,-96.4835,97.1429,74.6374,-87.3407,3.7698,-0.1410,-96.6657,97.4680,74.9754,-87.6972,4.0586,-0.1410,-96.6657,97.4680,74.9754,-87.6972,4.0586,0,0,0,0,0,0,0
21,1786708359.5155,1786708359.5198,0.03336,-0.0879,-96.4835,97.1429,74.6374,-87.3407,3.7698,-0.1735,-96.8176,97.4914,74.9115,-87.7046,4.0141,-0.1735,-96.8176,97.4914,74.9115,-87.7046,4.0141,0,0,0,0,0,0,0
22,1786708359.5488,1786708359.5529,0.03332,-0.0879,-96.4835,97.1429,74.6374,-87.3407,3.7698,-0.2333,-96.5353,97.2522,75.0298,-87.5823,4.0415,-0.2333,-96.5353,97.2522,75.0298,-87.5823,4.0415,0,0,0,0,0,0,0
23,1786708359.5822,1786708359.5864,0.03341,-0.0879,-96.4835,97.1429,74.6374,-87.3407,3.7698,-0.2131,-96.7626,97.5243,75.0660,-87.6916,4.1318,-0.2131,-96.7626,97.5243,75.0660,-87.6916,4.1318,0,0,0,0,0,0,0
24,1786708359.6156,1786708359.6197,0.03336,-0.0879,-96.4835,97.1429,74.6374,-87.3407,3.7698,-0.1366,-96.7171,97.3967,75.0441,-87.6185,4.0700,-0.1366,-96.7171,97.3967,75.0441,-87.6185,4.0700,0,0,0,0,0,0,0
25,1786708359.649,1786708359.653,0.03338,-0.0879,-96.4835,97.1429,74.6374,-87.3407,3.7698,-0.2339,-96.8106,97.4746,75.0274,-87.7512,4.0399,-0.2339,-96.8106,97.4746,75.0274,-87.7512,4.0399,0,0,0,0,0,0,0
26,1786708359.6824,1786708359.6865,0.03341,-0.0879,-96.4835,97.1429,74.6374,-87.3407,3.7698,-0.2476,-96.8068,97.6197,75.0890,-87.6236,4.0118,-0.2476,-96.8068,97.6197,75.0890,-87.6236,4.0118,0,0,0,0,0,0,0
27,1786708359.7157,1786708359.7202,0.03339,-0.0879,-96.4835,97.1429,74.6374,-87.3407,3.7698,-0.2315,-96.9131,97.4321,75.1939,-87.6107,4.0060,-0.2315,-96.9131,97.4321,75.1939,-87.6107,4.0060,0,0,0,0,0,0,0
28,1786708359.7491,1786708359.7534,0.0334,-0.0879,-96.4835,97.1429,74.6374,-87.3407,3.7698,-0.2017,-96.8168,97.3776,75.0557,-87.5733,4.0375,-0.2017,-96.8168,97.3776,75.0557,-87.5733,4.0375,0,0,0,0,0,0,0
29,1786708359.7825,1786708359.7867,0.0334,-0.0879,-96.4835,97.1429,74.7253,-87.3407,3.7698,-0.3448,-96.9675,97.4042,75.1353,-87.6088,4.0097,-0.3448,-96.9675,97.4042,75.1353,-87.6088,4.0097,0,0,0,0,0,0,0
30,1786708359.8159,1786708359.82,0.03334,-0.0879,-96.4835,97.1429,74.7253,-87.3407,3.7698,-0.1982,-96.9275,97.3089,75.1553,-87.5505,4.0381,-0.1982,-96.9275,97.3089,75.1553,-87.5505,4.0381,0,0,0,0,0,0,0
31,1786708359.8493,1786708359.8535,0.03343,-0.0879,-96.4835,97.1429,74.7253,-87.3407,3.7698,-0.2360,-97.0599,97.5755,75.1495,-87.4306,4.0157,-0.2360,-97.0599,97.5755,75.1495,-87.4306,4.0157,0,0,0,0,0,0,0
32,1786708359.8827,1786708359.8868,0.03337,-0.0879,-96.4835,97.1429,74.7253,-87.3407,3.7698,-0.2130,-97.0220,97.7368,75.0965,-87.5747,3.9828,-0.2130,-97.0220,97.7368,75.0965,-87.5747,3.9828,0,0,0,0,0,0,0
33,1786708359.9161,1786708359.9201,0.03338,-0.0879,-96.4835,97.1429,74.7253,-87.3407,3.7698,-0.2334,-96.9716,97.8153,75.1775,-87.4989,3.9965,-0.2334,-96.9716,97.8153,75.1775,-87.4989,3.9965,0,0,0,0,0,0,0
34,1786708359.9495,1786708359.9538,0.03342,-0.0879,-96.4835,97.1429,74.7253,-87.3407,3.7698,-0.1980,-97.0627,97.8464,75.0680,-87.5248,3.9470,-0.1980,-97.0627,97.8464,75.0680,-87.5248,3.9470,0,0,0,0,0,0,0
35,1786708359.9829,1786708359.9871,0.03338,-0.0879,-96.4835,97.1429,74.7253,-87.3407,3.7698,-0.1919,-96.9805,97.7517,75.1114,-87.4402,3.9525,-0.1919,-96.9805,97.7517,75.1114,-87.4402,3.9525,0,0,0,0,0,0,0
36,1786708360.0162,1786708360.0204,0.03336,-0.0879,-96.4835,97.1429,74.7253,-87.3407,3.7698,-0.2626,-96.8686,97.4740,75.0373,-87.5294,4.0631,-0.2626,-96.8686,97.4740,75.0373,-87.5294,4.0631,0,0,0,0,0,0,0
37,1786708360.0496,1786708360.0537,0.03337,-0.0879,-96.4835,97.1429,74.7253,-87.3407,3.7698,-0.2087,-96.9191,97.6490,75.1208,-87.4930,3.9963,-0.2087,-96.9191,97.6490,75.1208,-87.4930,3.9963,0,0,0,0,0,0,0
38,1786708360.083,1786708360.0871,0.0334,-0.0879,-96.4835,97.1429,74.7253,-87.3407,3.7698,-0.2058,-96.9159,97.7968,75.1070,-87.4838,4.0106,-0.2058,-96.9159,97.7968,75.1070,-87.4838,4.0106,0,0,0,0,0,0,0
39,1786708360.1164,1786708360.1205,0.03337,-0.0879,-96.4835,97.1429,74.7253,-87.3407,3.7698,-0.2087,-96.8825,97.7798,75.0315,-87.4998,4.0036,-0.2087,-96.8825,97.7798,75.0315,-87.4998,4.0036,0,0,0,0,0,0,0
40,1786708360.1498,1786708360.1541,0.03344,-0.0879,-96.4835,97.1429,74.7253,-87.3407,3.7698,-0.2344,-96.9747,97.8074,74.9951,-87.4469,4.0151,-0.2344,-96.9747,97.8074,74.9951,-87.4469,4.0151,0,0,0,0,0,0,0
41,1786708360.1832,1786708360.1874,0.03338,-0.0879,-96.4835,97.1429,74.7253,-87.3407,3.7698,-0.1631,-96.9226,97.7597,74.9869,-87.5531,3.9872,-0.1631,-96.9226,97.7597,74.9869,-87.5531,3.9872,0,0,0,0,0,0,0
42,1786708360.2166,1786708360.2207,0.03336,-0.0879,-96.4835,97.1429,74.7253,-87.3407,3.7698,-0.1889,-96.9429,97.6566,75.0277,-87.3588,4.0383,-0.1889,-96.9429,97.6566,75.0277,-87.3588,4.0383,0,0,0,0,0,0,0
43,1786708360.25,1786708360.2543,0.03342,-0.0879,-96.4835,97.1429,74.7253,-87.3407,3.7698,-0.1005,-97.0491,98.0151,75.0513,-87.4314,4.0371,-0.1005,-97.0491,98.0151,75.0513,-87.4314,4.0371,0,0,0,0,0,0,0
44,1786708360.2834,1786708360.2876,0.03341,-0.0879,-96.4835,97.1429,74.7253,-87.3407,3.7698,-0.1781,-97.0850,97.5389,75.0245,-87.3237,4.0511,-0.1781,-97.0850,97.5389,75.0245,-87.3237,4.0511,0,0,0,0,0,0,0
45,1786708360.3167,1786708360.3208,0.03334,-0.0879,-96.4835,97.1429,74.7253,-87.3407,3.7698,-0.1189,-97.0430,97.5870,75.0503,-87.5759,4.0560,-0.1189,-97.0430,97.5870,75.0503,-87.5759,4.0560,0,0,0,0,0,0,0
46,1786708360.3501,1786708360.3545,0.03338,-0.0879,-96.4835,97.1429,74.7253,-87.3407,3.7698,-0.0956,-97.1856,97.7534,75.0235,-87.5707,4.0574,-0.0956,-97.1856,97.7534,75.0235,-87.5707,4.0574,0,0,0,0,0,0,0
47,1786708360.3835,1786708360.3876,0.03339,-0.0879,-96.4835,97.1429,74.7253,-87.3407,3.7698,-0.1235,-97.0651,97.3110,75.1633,-87.5723,4.0906,-0.1235,-97.0651,97.3110,75.1633,-87.5723,4.0906,0,0,0,0,0,0,0
48,1786708360.4169,1786708360.4225,0.03338,-0.0879,-96.4835,97.1429,74.7253,-87.3407,3.7698,0.1073,-97.1471,97.1482,75.3543,-87.5553,4.1411,0.1073,-97.1471,97.1482,75.3543,-87.5553,4.1411,0,0,0,0,0,0,0
49,1786708360.4503,1786708360.4546,0.03343,-0.0879,-96.4835,97.0549,74.7253,-87.3407,3.7698,-0.0509,-97.3318,97.4375,75.1702,-87.5567,4.1318,-0.0509,-97.3318,97.4375,75.1702,-87.5567,4.1318,0,0,0,0,0,0,0
50,1786708360.4837,1786708360.7008,0.03338,-0.0879,-96.5714,97.0549,74.9011,-87.3407,3.7698,-0.2780,-94.0231,96.5757,74.8802,-87.7792,4.1396,-0.2780,-94.0231,96.5757,74.8802,-87.7792,4.1396,0,-50,-50,50,0,0,1
51,1786708360.702,1786708360.7067,0.21831,-0.0879,-96.9231,97.0549,74.9890,-87.3407,3.7698,-0.4253,-94.0653,96.7608,75.0288,-87.8293,4.1611,-0.4253,-94.0653,96.7608,75.0288,-87.8293,4.1611,0,0,0,0,0,0,1
52,1786708360.7354,1786708360.7396,0.03335,-0.0879,-96.9231,97.0549,74.9890,-87.3407,3.7698,-0.3605,-94.0898,96.6728,75.0600,-87.9547,4.1332,-0.3605,-94.0898,96.6728,75.0600,-87.9547,4.1332,0,0,0,0,0,0,0
53,1786708360.7687,1786708360.7731,0.03335,-0.0879,-96.4835,96.8791,74.9890,-87.4286,3.7698,-0.4260,-94.1434,96.7066,75.1917,-88.0523,4.1340,-0.4260,-94.1434,96.7066,75.1917,-88.0523,4.1340,0,0,-50,0,0,0,0
54,1786708360.8021,1786708360.8062,0.03336,-0.0879,-95.5165,96.8791,74.9890,-87.5165,3.7698,-0.4040,-94.2706,96.9400,75.1428,-88.1689,4.0786,-0.4040,-94.2706,96.9400,75.1428,-88.1689,4.0786,0,300,0,0,-50,0,0
55,1786708360.8355,1786708360.8396,0.03339,-0.0879,-95.3407,96.8791,74.9890,-87.8681,3.7698,-0.3485,-94.2961,96.6250,75.2666,-88.2271,4.0371,-0.3485,-94.2961,96.6250,75.2666,-88.2271,4.0371,0,50,0,0,-150,0,0
56,1786708360.8689,1786708360.8729,0.0334,-0.0879,-95.3407,96.8791,74.9890,-87.8681,3.7698,-0.3245,-94.0823,96.3195,75.0770,-87.9837,3.9881,-0.3245,-94.0823,96.3195,75.0770,-87.9837,3.9881,0,0,0,0,0,0,0
57,1786708360.9022,1786708360.9064,0.03337,-0.0879,-95.3407,96.8791,74.9890,-87.9560,3.7698,-0.4252,-94.2315,96.5667,75.2966,-88.0502,4.0419,-0.4252,-94.2315,96.5667,75.2966,-88.0502,4.0419,0,0,0,0,0,0,0
58,1786708360.9356,1786708360.9397,0.03338,-0.0879,-95.3407,96.7912,74.9890,-87.9560,3.7698,-0.3279,-94.2979,96.4161,75.2829,-88.1159,4.0343,-0.3279,-94.2979,96.4161,75.2829,-88.1159,4.0343,0,0,-50,0,0,0,0
59,1786708360.969,1786708360.9731,0.03338,-0.0879,-95.2527,96.7912,74.9890,-88.0440,3.7698,-0.3538,-94.2259,96.2469,75.2725,-88.0554,4.0647,-0.3538,-94.2259,96.2469,75.2725,-88.0554,4.0647,0,0,0,0,-50,0,0
60,1786708361.0024,1786708361.0068,0.03338,-0.0879,-95.1648,96.7912,74.9890,-88.0440,3.7698,-0.3428,-93.9963,96.1268,75.2275,-87.9346,4.0882,-0.3428,-93.9963,96.1268,75.2275,-87.9346,4.0882,0,50,0,0,0,0,0
61,1786708361.0357,1786708361.0399,0.03336,-0.0879,-95.1648,96.7033,74.9890,-88.0440,3.7698,-0.3095,-94.1389,96.0886,75.2074,-88.1468,4.0554,-0.3095,-94.1389,96.0886,75.2074,-88.1468,4.0554,0,0,0,0,0,0,0
62,1786708361.0691,1786708361.0733,0.03342,-0.0879,-95.1648,96.6154,74.9890,-88.0440,3.7698,-0.4085,-94.0501,96.2019,75.2203,-88.3544,4.1057,-0.4085,-94.0501,96.2019,75.2203,-88.3544,4.1057,0,0,-50,0,0,0,0
63,1786708361.1025,1786708361.1078,0.03336,-0.0879,-95.1648,96.5275,74.9890,-88.0440,3.7698,-0.4514,-94.2048,96.1516,75.1403,-88.2156,4.0862,-0.4514,-94.2048,96.1516,75.1403,-88.2156,4.0862,0,0,0,0,0,0,0
64,1786708361.1359,1786708361.1399,0.03337,-0.0879,-94.9890,96.5275,74.9890,-88.0440,3.7698,-0.4403,-93.9345,95.9811,75.1170,-88.2462,4.0635,-0.4403,-93.9345,95.9811,75.1170,-88.2462,4.0635,0,50,0,0,0,0,0
65,1786708361.1693,1786708361.1736,0.03343,-0.0879,-94.9890,96.4396,74.9890,-88.0440,3.7698,-0.4346,-94.0175,96.0387,75.1430,-88.2084,4.0678,-0.4346,-94.0175,96.0387,75.1430,-88.2084,4.0678,0,0,0,0,0,0,0
66,1786708361.2027,1786708361.207,0.03336,-0.0879,-94.9890,96.2637,74.9890,-88.0440,3.7698,-0.3705,-94.0513,96.0081,75.0355,-88.2337,4.0640,-0.3705,-94.0513,96.0081,75.0355,-88.2337,4.0640,0,0,-50,0,0,0,0
67,1786708361.2361,1786708361.2403,0.03341,-0.0879,-94.9890,96.2637,74.9890,-88.0440,3.7698,-0.3189,-94.0916,95.7490,75.0147,-88.0976,4.0566,-0.3189,-94.0916,95.7490,75.0147,-88.0976,4.0566,0,0,0,0,0,0,0
68,1786708361.2695,1786708361.2736,0.0334,-0.0879,-94.9890,96.2637,74.9890,-88.0440,3.7698,-0.2740,-93.8170,95.7240,74.8719,-87.9752,4.0359,-0.2740,-93.8170,95.7240,74.8719,-87.9752,4.0359,0,0,0,0,0,0,0
69,1786708361.3028,1786708361.3068,0.03333,-0.0879,-94.9890,96.2637,74.9890,-88.0440,3.7698,-0.3979,-94.0326,95.7815,74.9538,-87.9325,4.0092,-0.3979,-94.0326,95.7815,74.9538,-87.9325,4.0092,0,0,0,0,0,0,0
70,1786708361.3362,1786708361.3403,0.03342,-0.0879,-94.9011,96.0879,74.9890,-88.0440,3.7698,-0.2219,-93.9158,95.3517,74.8754,-87.9296,3.9746,-0.2219,-93.9158,95.3517,74.8754,-87.9296,3.9746,0,50,-50,0,0,0,0
71,1786708361.3696,1786708361.3738,0.03338,-0.0879,-94.9011,96.0879,74.9890,-88.0440,3.7698,-0.2986,-94.0151,95.4170,74.9947,-87.9388,4.0129,-0.2986,-94.0151,95.4170,74.9947,-87.9388,4.0129,0,0,0,0,0,0,0
72,1786708361.403,1786708361.4074,0.03338,-0.0879,-94.9011,96.0000,74.9890,-88.0440,3.7698,-0.4006,-94.0201,95.3447,75.1958,-87.7872,4.0130,-0.4006,-94.0201,95.3447,75.1958,-87.7872,4.0130,0,0,-50,0,0,0,0
73,1786708361.4364,1786708361.4405,0.03337,-0.0879,-94.9011,95.9121,74.9890,-88.0440,3.7698,-0.4161,-94.2525,95.5142,75.0901,-87.8464,3.9662,-0.4161,-94.2525,95.5142,75.0901,-87.8464,3.9662,0,0,-50,0,0,0,0
74,1786708361.4697,1786708361.4738,0.03339,-0.0879,-94.9011,95.8242,74.9890,-88.0440,3.7698,-0.4857,-94.2419,95.4438,75.0191,-87.8954,3.9268,-0.4857,-94.2419,95.4438,75.0191,-87.8954,3.9268,0,0,0,0,0,0,0
75,1786708361.5031,1786708361.5072,0.03337,-0.0879,-94.9011,95.8242,74.9890,-88.0440,3.7698,-0.4595,-94.4273,95.5852,75.1147,-87.6925,3.9208,-0.4595,-94.4273,95.5852,75.1147,-87.6925,3.9208,0,0,0,0,0,0,0
76,1786708361.5365,1786708361.5406,0.03341,-0.0879,-94.9011,95.8242,74.9890,-88.0440,3.7698,-0.5984,-94.4135,95.4574,75.3767,-87.8447,3.9830,-0.5984,-94.4135,95.4574,75.3767,-87.8447,3.9830,0,0,0,0,0,0,0
77,1786708361.5699,1786708361.574,0.0334,-0.0879,-94.9011,95.8242,74.9890,-88.0440,3.7698,-0.5361,-94.2823,95.1554,75.3928,-87.7745,3.9851,-0.5361,-94.2823,95.1554,75.3928,-87.7745,3.9851,0,0,0,0,0,0,0
78,1786708361.6033,1786708361.6074,0.0334,-0.0879,-94.9011,95.8242,74.9890,-88.0440,3.7698,-0.6340,-94.1080,94.6301,75.4513,-87.6517,4.0263,-0.6340,-94.1080,94.6301,75.4513,-87.6517,4.0263,0,0,0,0,0,0,0
79,1786708361.6367,1786708361.641,0.03339,-0.0879,-94.9011,95.8242,74.9890,-88.0440,3.7698,-0.5139,-93.9683,93.9725,75.7035,-87.3293,4.0118,-0.5139,-93.9683,93.9725,75.7035,-87.3293,4.0118,0,0,0,0,0,0,0
80,1786708361.6701,1786708361.6743,0.03336,-0.0879,-94.9011,95.5604,74.9890,-88.0440,3.7698,-0.5000,-93.7293,93.3262,75.9440,-87.4301,4.1039,-0.5000,-93.7293,93.3262,75.9440,-87.4301,4.1039,0,0,-100,0,0,0,0
81,1786708361.7035,1786708361.7076,0.03337,-0.1758,-94.8132,95.2967,75.0769,-87.8681,3.7698,-0.6840,-93.9951,92.6714,76.1102,-87.5376,4.0565,-0.6840,-93.9951,92.6714,76.1102,-87.5376,4.0565,0,50,-100,0,100,0,0
82,1786708361.7369,1786708361.741,0.0334,-0.1758,-94.8132,95.0330,75.5165,-87.8681,3.7698,-0.6412,-93.2509,90.6051,76.6266,-87.3338,4.0518,-0.6412,-93.2509,90.6051,76.6266,-87.3338,4.0518,0,0,-100,150,0,0,0
83,1786708361.7703,1786708361.7748,0.03344,-0.1758,-94.7253,94.6813,75.7802,-87.8681,3.7698,-0.6266,-92.5503,88.5996,77.4792,-87.1523,4.0908,-0.6266,-92.5503,88.5996,77.4792,-87.1523,4.0908,0,0,-50,100,0,0,0
84,1786708361.8036,1786708361.8078,0.03333,-0.1758,-94.2857,94.0659,76.1319,-87.8681,3.7698,-0.7043,-91.4732,86.0161,78.1210,-86.8644,4.0920,-0.7043,-91.4732,86.0161,78.1210,-86.8644,4.0920,0,200,-250,150,0,0,0
85,1786708361.8371,1786708361.8413,0.03341,-0.1758,-93.4066,92.5714,76.7473,-87.6044,3.7698,-0.7186,-89.9348,82.7937,79.1705,-86.7886,4.1110,-0.7186,-89.9348,82.7937,79.1705,-86.7886,4.1110,0,250,-400,200,100,0,0
86,1786708361.8704,1786708361.8748,0.03338,-0.1758,-92.8791,90.7253,77.3626,-87.4286,3.7698,-0.8314,-87.8139,79.7423,80.4301,-86.4709,4.1773,-0.8314,-87.8139,80.5495,80.4301,-86.4709,4.1773,0,200,-600,250,100,0,0
87,1786708361.9038,1786708361.908,0.03335,-0.1758,-91.8242,88.7033,78.0659,-87.1648,3.7698,-0.7143,-85.3370,76.1845,81.8024,-86.2091,4.2207,-0.7143,-85.3370,78.2637,81.8024,-86.2091,4.2207,0,400,-800,250,50,0,0
88,1786708361.9372,1786708361.9416,0.03341,-0.1758,-90.3297,86.1538,79.0330,-87.0769,3.7698,-0.7800,-82.9791,72.6831,83.3485,-85.3888,4.2183,-0.7800,-82.9791,75.8022,83.3485,-85.3888,4.2183,0,400,-800,350,50,0,0
89,1786708361.9705,1786708361.975,0.03334,-0.3516,-88.4835,83.6923,80.2637,-86.8132,3.7698,-0.5820,-79.8597,68.2061,85.1325,-84.1026,4.1927,-0.5820,-79.8597,73.4286,85.1325,-84.1026,4.1927,-50,600,-800,350,100,0,0
90,1786708362.004,1786708362.0084,0.03342,-0.4396,-86.4615,81.4945,81.5824,-86.1978,3.7698,-0.2207,-76.7595,63.8795,87.1182,-82.6454,4.2366,-0.2207,-76.7595,71.1429,87.1182,-82.6454,4.2366,-50,700,-750,400,200,0,0
91,1786708362.0374,1786708362.0419,0.03338,-0.5275,-84.2637,79.1209,82.9890,-85.4066,3.7698,0.3905,-73.2530,58.8151,89.1593,-80.3016,4.2690,0.3905,-73.8242,68.7692,89.1593,-80.3016,4.2690,-50,800,-800,500,300,0,0
92,1786708362.0708,1786708362.0754,0.0334,-0.5275,-81.6264,76.7473,84.6593,-84.3516,3.8360,1.2942,-69.9403,53.8564,91.2413,-77.6337,4.3496,1.2942,-71.1868,66.3956,91.2413,-77.6337,4.3496,0,900,-850,550,300,0,0
93,1786708362.1041,1786708362.1086,0.03336,-0.4396,-78.8132,74.3736,86.4176,-82.8571,3.8360,3.1190,-66.4022,48.7660,92.9124,-74.3781,4.4796,3.1190,-68.4615,64.1099,92.9124,-74.3781,4.4796,50,900,-750,600,450,0,0
94,1786708362.1375,1786708362.1419,0.03335,0.2637,-76.0000,72.0879,88.3516,-80.8352,3.8360,5.1510,-63.3739,44.7201,93.8274,-71.1664,4.5381,5.1510,-65.6484,61.7363,93.8274,-71.1664,4.5381,250,900,-750,700,750,0,0
95,1786708362.1709,1786708362.1753,0.03341,1.3187,-73.1868,69.7143,90.1978,-78.6374,3.8360,7.6529,-59.9620,40.5639,94.0876,-67.4237,4.5672,7.6529,-62.8352,59.3626,94.0876,-68.3736,4.5672,250,950,-800,650,650,0,0
96,1786708362.2043,1786708362.2088,0.03343,2.7253,-70.3736,67.2527,91.6044,-76.0000,4.1005,10.9866,-57.0512,36.4299,94.2528,-62.9695,4.5772,10.9866,-60.1099,56.9890,94.2528,-65.5604,4.5772,550,950,-850,500,950,150,0
97,1786708362.2376,1786708362.242,0.03335,4.5714,-67.6484,64.9670,92.4835,-73.1868,4.2328,14.0790,-53.6916,32.7161,94.0868,-59.0275,4.6357,14.0790,-57.2088,54.7033,94.0868,-62.8352,4.6357,650,950,-800,300,950,50,0
98,1786708362.2711,1786708362.2757,0.03341,6.7692,-64.9231,62.5934,93.0110,-70.2857,4.2989,17.4750,-50.6035,29.7049,93.9586,-54.8809,4.6617,17.1209,-54.4835,52.2418,93.9586,-59.9341,4.6617,800,950,-800,200,900,50,0
99,1786708362.3044,1786708362.3089,0.03339,9.3187,-62.1099,60.2198,93.2747,-67.7363,4.3651,20.6196,-47.6122,26.6433,93.5879,-50.6230,4.6763,19.7582,-51.6703,49.8681,93.5879,-57.4725,4.6763,850,950,-750,50,900,50,0
100,1786708362.3378,1786708362.5597,0.03336,12.1319,-59.2967,57.7582,93.3626,-64.9231,4.3651,16.5812,-48.0707,43.3216,92.9514,-58.7113,3.8777,16.5812,-48.0707,43.3216,92.9514,-58.7113,3.8777,1000,950,-800,50,950,0,1
101,1786708362.5608,1786708362.5657,0.22303,19.2527,-52.0879,52.1319,93.3626,-58.1538,4.4312,18.9399,-44.8823,39.0062,92.2937,-54.9583,3.7009,18.9399,-44.8823,42.1319,92.2937,-54.9583,3.7009,150,50,-50,0,100,0,1
102,1786708362.5941,1786708362.5987,0.03328,19.2527,-52.0879,52.1319,93.3626,-58.0659,4.4312,21.5877,-42.6753,36.1398,91.6073,-51.5461,3.6251,21.5877,-42.6753,42.1319,91.6073,-51.5461,3.6251,0,0,0,0,50,0,0
103,1786708362.6275,1786708362.632,0.03339,18.9890,-51.0330,51.1648,93.0110,-57.4505,4.1005,24.4073,-40.7267,32.4755,91.2987,-45.7314,3.7358,24.4073,-40.7692,40.8132,91.2987,-47.2747,3.7358,-50,200,-250,0,100,-150,0
104,1786708362.6609,1786708362.666,0.03336,19.3407,-48.4835,48.6154,92.3956,-55.6044,3.9021,27.6553,-38.6043,29.9811,90.7745,-41.7359,3.6835,27.6553,-38.6043,38.2637,90.7745,-45.2527,3.6835,50,750,-850,-250,600,-50,0
105,1786708362.6943,1786708362.699,0.03345,21.1868,-45.4066,46.0659,91.9560,-52.7033,3.9021,30.8068,-36.5859,26.6957,90.3686,-35.8839,3.8293,30.8068,-36.5859,35.7143,90.3686,-42.3516,3.8293,650,1000,-850,-150,950,0,0
106,1786708362.7276,1786708362.7321,0.03332,23.6484,-42.5934,43.7802,91.5165,-49.9780,3.9021,33.5472,-34.1158,25.1713,90.1889,-32.1340,3.9427,33.5472,-34.1158,33.5165,90.1889,-39.7143,3.9427,900,900,-750,-150,900,0,0
107,1786708362.7611,1786708362.7656,0.03345,26.1978,-40.0440,41.4066,91.0769,-47.1648,3.9021,36.2848,-32.6062,23.4298,89.6052,-28.3486,4.0347,36.2848,-32.6062,31.0549,89.6052,-36.8132,4.0347,900,900,-750,-200,950,0,0
108,1786708362.7944,1786708362.8003,0.03335,28.8352,-37.7582,38.9451,90.7253,-44.4396,3.9021,38.8224,-31.2754,21.5654,89.4357,-25.8278,4.0853,38.8224,-31.2754,28.6813,89.4357,-34.0879,4.0853,850,800,-850,-150,950,0,0
109,1786708362.8278,1786708362.8323,0.0334,31.5604,-35.5604,36.6593,90.2857,-41.7143,3.9021,40.9538,-28.9428,21.0771,89.3257,-24.4986,4.1407,40.9538,-28.9428,26.3956,89.3257,-31.3626,4.1407,900,700,-800,-150,900,0,0
110,1786708362.8613,1786708362.8661,0.03341,34.3736,-33.6264,34.2857,89.9341,-39.0769,3.9021,43.0332,-27.5299,20.5731,88.5098,-22.4527,4.2958,43.0332,-27.5299,24.0220,88.5098,-28.7253,4.2958,950,650,-800,-100,900,0,0
111,1786708362.8946,1786708362.8995,0.03335,37.0110,-31.6923,31.9121,89.7582,-36.1758,3.9021,44.3969,-25.7277,19.8275,88.1709,-21.9558,4.4930,44.3969,-25.7277,21.5604,88.1709,-25.7363,4.4930,900,650,-750,0,950,0,0
112,1786708362.928,1786708362.9324,0.0334,39.2967,-29.7582,29.5385,89.2308,-33.5385,3.9683,46.0059,-24.2390,18.4051,87.5482,-21.3671,4.4979,46.0059,-24.2390,19.1868,87.5482,-23.0989,4.4979,750,650,-800,-200,950,0,0
113,1786708362.9614,1786708362.9657,0.03338,41.0549,-27.9121,27.1648,88.6154,-30.7253,4.1667,47.1240,-22.1106,18.1636,87.4234,-21.0563,4.8296,47.1240,-22.1106,18.1636,87.4234,-21.0563,4.8296,650,650,-750,-200,950,100,0
114,1786708362.9947,1786708362.9991,0.03337,42.8132,-26.1538,24.7912,88.3516,-27.9121,4.2328,48.0780,-20.3708,17.7292,87.0992,-20.5372,4.9496,48.0780,-20.3708,17.7292,87.0992,-20.5372,4.9496,600,600,-800,-100,950,50,0
115,1786708363.0281,1786708363.0324,0.0334,44.5714,-24.3956,22.6813,87.8242,-25.3626,4.4974,48.7754,-18.2462,16.8190,86.4948,-20.4514,5.0479,48.7754,-18.2462,16.8190,86.4948,-20.4514,5.0479,550,550,-750,-200,800,50,0
116,1786708363.0615,1786708363.0657,0.03339,45.8901,-22.5495,21.3626,87.6484,-23.6044,4.5635,49.2744,-16.4032,16.2191,86.0914,-20.5501,5.4727,49.2744,-16.4032,16.2191,86.0914,-20.5501,5.4727,500,600,-450,-100,650,0,0
117,1786708363.095,1786708363.0994,0.03343,47.0330,-20.5275,20.3956,87.2088,-22.6374,4.5635,49.6256,-14.8864,16.0226,85.9281,-20.4499,5.8402,49.6256,-14.8864,16.0226,85.9281,-20.4499,5.8402,400,700,-350,-150,300,0,0
118,1786708363.1283,1786708363.1328,0.03338,47.9121,-18.5055,19.4286,86.5934,-22.0220,4.8942,50.0669,-12.6462,15.4905,85.1884,-20.8082,7.3184,50.0669,-12.6462,15.4905,85.1884,-20.8082,7.3184,300,650,-350,-200,200,150,0
119,1786708363.1617,1786708363.166,0.03339,48.4396,-16.7473,18.8132,86.5055,-21.6703,5.2910,50.2013,-11.1558,15.1634,84.4034,-20.5660,8.7198,50.2013,-11.1558,15.1634,84.4034,-20.5660,8.7198,200,550,-250,0,150,200,0
120,1786708363.1951,1786708363.1994,0.03335,48.8791,-14.9011,18.1099,85.9780,-21.4945,5.9524,50.5899,-9.4189,14.3406,83.8755,-20.7057,11.0462,50.5899,-9.4189,14.3406,83.8755,-20.7057,11.0462,150,650,-200,-200,0,200,0
121,1786708363.2284,1786708363.2327,0.03335,49.2308,-12.9670,17.5824,85.2747,-21.2308,7.1429,50.8430,-8.3479,14.2464,82.9173,-20.9292,13.3327,50.8430,-8.3479,14.2464,82.9173,-20.9292,13.3327,150,650,-200,-250,100,550,0
122,1786708363.2618,1786708363.266,0.03337,49.6703,-11.1209,17.0549,84.7473,-21.2308,8.5317,50.5403,-6.8938,13.6056,82.4652,-21.1055,15.4073,50.5403,-6.8938,13.6056,82.4652,-21.1055,15.4073,100,600,-150,-150,0,600,0
123,1786708363.2952,1786708363.2995,0.03339,50.1099,-9.6264,16.7033,83.9560,-21.2308,10.3175,50.5462,-5.7611,14.2034,81.6222,-21.0269,17.3283,50.5462,-5.7611,14.2034,81.6222,-21.0269,17.3283,150,550,-150,-250,0,800,0
124,1786708363.3286,1786708363.333,0.0334,50.3736,-8.2198,16.1758,83.3407,-21.2308,12.2354,50.3332,-5.9792,13.7538,81.3172,-21.0527,19.1187,50.3332,-5.9792,13.7538,81.3172,-21.0527,19.1187,50,500,-100,-200,0,800,0
125,1786708363.362,1786708363.3662,0.03337,50.3736,-6.9011,16.0879,82.5495,-21.2308,14.1534,49.8954,-4.7092,14.8884,80.5471,-21.2300,20.4087,49.8954,-4.7092,14.8884,80.5471,-21.2300,20.4087,0,450,-50,-300,0,950,0
126,1786708363.3953,1786708363.3996,0.03337,50.2857,-6.2857,16.0000,82.1978,-21.2308,16.0053,49.9879,-3.8850,15.3515,79.8391,-21.1686,21.4633,49.9879,-3.8850,15.3515,79.8391,-21.1686,21.4633,-50,250,0,-100,0,800,0
127,1786708363.4287,1786708363.4341,0.0334,50.1099,-5.4945,15.9121,81.4945,-21.2308,17.6587,49.5182,-3.0989,14.8878,78.5725,-21.1873,22.1935,49.5182,-3.0989,14.8878,78.5725,-21.1873,22.1935,-50,250,0,-200,0,800,0
128,1786708363.4621,1786708363.4662,0.03335,50.0220,-4.5275,15.9121,80.6154,-21.2308,19.0476,49.1595,-2.4567,15.5333,77.8211,-21.5973,22.6049,49.1595,-2.4567,15.5333,77.8211,-21.5973,22.6049,-50,350,0,-350,0,650,0
129,1786708363.4955,1786708363.4996,0.0334,49.9341,-3.4725,15.9121,80.0000,-21.2308,20.1720,48.8850,-1.9735,16.0338,76.6398,-21.0950,22.7727,48.8850,-1.9735,16.0338,76.6398,-21.0950,22.7727,-50,300,0,-200,0,550,0
130,1786708363.5289,1786708363.5334,0.03338,49.9341,-2.5934,16.0879,78.9451,-21.2308,21.0317,48.7710,-1.5987,16.3412,75.7733,-21.0003,22.8483,48.7710,-1.5987,16.3412,75.7733,-21.0003,22.8483,0,350,50,-400,0,350,0
131,1786708363.5623,1786708363.5666,0.03343,49.6703,-2.0659,16.4396,78.1538,-21.2308,21.6270,48.4163,-0.7466,17.3397,74.7924,-20.8509,22.6921,48.4163,-0.7466,17.3397,74.7924,-20.8509,22.6921,-50,200,100,-200,0,250,0
132,1786708363.5956,1786708363.6,0.03334,49.2308,-1.6264,16.4396,77.0989,-21.2308,21.9577,48.0750,-1.0337,17.1462,74.7111,-21.2585,22.7550,48.0750,-1.0337,17.1462,74.7111,-21.2585,22.7550,-150,150,0,-350,0,100,0
133,1786708363.629,1786708363.6332,0.03337,48.7912,-0.9231,16.9670,76.0440,-21.2308,22.1561,47.9475,-0.5700,18.0928,73.9875,-21.1927,22.6418,47.9475,-0.5700,18.0928,73.9875,-21.1927,22.6418,-150,250,200,-350,0,100,0
134,1786708363.6624,1786708363.6667,0.03343,48.4396,-0.7473,17.4066,75.8681,-21.2308,22.2884,47.7292,-0.1949,18.1993,74.0361,-20.5845,22.7164,47.7292,-0.1949,18.1993,74.0361,-20.5845,22.7164,-100,100,150,0,0,50,0
135,1786708363.6958,1786708363.7001,0.03339,48.4396,-0.3956,17.8462,74.9011,-21.2308,22.2884,47.2021,0.5174,18.3274,73.7173,-20.6126,22.5551,47.2021,0.5174,18.3274,73.7173,-20.6126,22.5551,0,150,150,-250,0,0,0
136,1786708363.7292,1786708363.7337,0.03338,48.3516,-0.0440,18.1978,74.5495,-21.1429,22.2884,47.6135,0.9194,18.7514,73.6038,-20.9022,22.5432,47.6135,0.9194,18.7514,73.6038,-20.9022,22.5432,0,100,100,-100,50,0,0
137,1786708363.7626,1786708363.7669,0.03335,48.0000,0.5714,18.2857,74.5495,-21.0549,22.2884,47.3467,0.6006,18.6154,73.5597,-21.1972,22.5728,47.3467,0.6006,18.6154,73.5597,-21.1972,22.5728,-150,250,0,-50,50,0,0
138,1786708363.7959,1786708363.8002,0.03337,47.6484,1.0110,18.7253,73.9341,-21.0549,22.2884,47.4572,0.5928,19.1931,73.0882,-20.7794,22.5081,47.4572,0.5928,19.1931,73.0882,-20.7794,22.5081,-100,50,150,-300,0,0,0
139,1786708363.8293,1786708363.834,0.03338,47.5604,1.0110,18.9011,74.1978,-20.9670,22.2884,47.4379,0.4110,18.6034,73.6166,-21.0697,22.5438,47.4379,0.4110,18.6034,73.6166,-21.0697,22.5438,-50,50,50,150,50,0,0
140,1786708363.8627,1786708363.8674,0.03341,47.6484,1.0110,18.9890,73.5824,-20.9670,22.2884,47.5042,0.9685,19.6757,72.8257,-20.9125,22.4578,47.5042,0.9685,19.6757,72.8257,-20.9125,22.4578,50,0,0,-300,0,0,0
141,1786708363.8961,1786708363.9002,0.0334,47.8242,1.0989,18.9890,73.4945,-20.9670,22.3545,47.4103,0.7558,19.6305,72.3847,-21.3151,22.4634,47.4103,0.7558,19.6305,72.3847,-21.3151,22.4634,50,0,0,-100,0,0,0
142,1786708363.9295,1786708363.9336,0.03335,47.9121,1.1868,19.4286,73.4066,-20.9670,22.2884,47.3700,-0.0736,19.9232,72.4921,-21.2171,22.4624,47.3700,-0.0736,19.9232,72.4921,-21.2171,22.4624,50,100,200,100,0,-50,0
143,1786708363.9629,1786708363.9673,0.0334,47.9121,1.2747,19.7802,72.9670,-20.9670,22.2884,46.7687,0.6214,20.9299,72.1319,-21.2975,22.3636,46.7687,0.6214,20.9299,72.1319,-21.2975,22.3636,0,0,150,-200,0,0,0
144,1786708363.9963,1786708364.0009,0.03347,47.9121,1.2747,19.9560,72.7033,-20.9670,22.2884,46.9967,0.7896,20.9884,72.2629,-21.2305,22.4606,46.9967,0.7896,20.9884,72.2629,-21.2305,22.4606,0,0,100,-100,0,0,0
145,1786708364.0296,1786708364.0337,0.03328,47.6484,1.1868,20.4835,72.6154,-20.9670,22.2884,46.7783,0.6479,21.7091,71.7297,-21.1029,22.3842,46.7783,0.6479,21.7091,71.7297,-21.1029,22.3842,-100,-50,200,0,0,0,0
146,1786708364.063,1786708364.0671,0.03337,47.2967,1.2747,20.8352,72.7912,-20.9670,22.2884,46.8992,-0.3121,20.4990,71.9898,-21.3867,22.3368,46.8992,-0.3121,20.4990,71.9898,-21.3867,22.3368,-150,0,200,50,0,0,0
147,1786708364.0964,1786708364.1005,0.03344,47.1209,1.2747,21.4505,72.4396,-20.9670,22.2884,46.9010,0.2237,21.6956,71.8617,-22.0276,22.2855,46.9010,0.2237,21.6956,71.8617,-22.0276,22.2855,-50,0,200,-150,0,0,0
148,1786708364.1298,1786708364.1351,0.03336,47.1209,1.2747,21.4505,72.3516,-20.9670,22.2884,46.8640,-0.1927,22.2640,71.8648,-22.2374,22.2744,46.8640,-0.1927,22.2640,71.8648,-22.2374,22.2744,0,0,0,-50,0,0,0
149,1786708364.1631,1786708364.1677,0.03335,47.2088,1.2747,21.5385,72.0879,-21.3187,22.2884,46.8287,0.3851,21.8050,71.5876,-21.8782,22.5087,46.8287,0.3851,21.8050,71.5876,-21.8782,22.5087,0,0,0,-150,-150,0,0
150,1786708364.1966,1786708364.4144,0.03346,47.3846,1.1868,22.1538,72.0879,-21.5824,22.2884,41.1696,0.4082,20.4092,71.9314,-22.7398,24.8728,41.1696,0.4082,20.4092,71.9314,-22.7398,24.8728,50,-50,200,0,-150,0,1
151,1786708364.4156,1786708364.4204,0.219,47.2088,1.1868,22.2418,71.7363,-21.6703,22.2884,40.9828,0.0889,22.2755,71.4054,-23.3055,24.9002,40.9828,0.0889,22.2755,71.4054,-23.3055,24.9002,0,0,0,-150,0,0,1
152,1786708364.4489,1786708364.4531,0.03328,47.2088,1.1868,22.2418,71.7363,-21.6703,22.2884,40.8319,-0.2989,23.4019,70.7782,-23.6979,24.9302,40.8319,-0.2989,23.4019,70.7782,-23.6979,24.9302,0,0,0,0,0,0,0
153,1786708364.4823,1786708364.4865,0.03343,46.5934,1.1868,22.5055,71.8242,-22.1978,22.9497,40.8834,0.3076,23.9931,70.3981,-23.7797,25.0051,40.8834,0.3076,23.9931,70.3981,-23.7797,25.0051,-150,0,0,50,-300,250,0
154,1786708364.5156,1786708364.5197,0.03331,44.7473,1.1868,23.1209,71.2967,-22.8132,23.8095,40.8401,0.1508,24.7684,70.0042,-23.8441,25.1103,40.8401,0.1508,24.7684,70.0042,-23.8441,25.1103,-600,0,200,-250,-250,400,0
155,1786708364.549,1786708364.5531,0.0334,42.9011,1.1868,23.8242,70.7692,-23.0769,24.2063,40.5108,0.0936,25.7262,69.4062,-24.1141,25.2146,40.5108,0.0936,25.7262,69.4062,-24.1141,25.2146,-650,0,250,-200,-50,250,0
156,1786708364.5823,1786708364.5865,0.03335,41.9341,1.1868,24.4396,70.5934,-23.0769,24.4709,40.3064,-0.0656,26.0074,68.6874,-24.0652,25.3232,40.3064,-0.0656,26.0074,68.6874,-24.0652,25.3232,-350,0,200,-50,0,150,0
157,1786708364.6158,1786708364.6201,0.03344,41.3187,1.1868,25.2308,69.9780,-23.5165,24.6693,40.3371,-0.0957,26.8630,68.0031,-24.3428,25.3784,40.3371,-0.0957,26.8630,68.0031,-24.3428,25.3784,-150,0,250,-250,-150,100,0
158,1786708364.6492,1786708364.6533,0.03338,41.4066,1.1868,25.8462,69.5385,-23.6923,24.8677,40.0658,-0.0980,27.3395,67.2563,-24.2678,25.3316,40.0658,-0.0980,27.3395,67.2563,-24.2678,25.3316,0,0,150,-250,0,100,0
159,1786708364.6825,1786708364.6867,0.03336,41.2308,1.2747,26.5495,68.8352,-23.8681,25.0000,39.8812,-0.2563,28.3617,66.5583,-24.4834,25.2839,39.8812,-0.2563,28.3617,66.5583,-24.4834,25.2839,-50,0,200,-250,-100,100,0
160,1786708364.7159,1786708364.7201,0.03342,40.7033,1.2747,27.0769,68.2198,-23.9560,25.0000,39.5731,0.0225,28.3892,65.7108,-24.7133,25.1122,39.5731,0.0225,28.3892,65.7108,-24.7133,25.1122,-150,0,200,-200,0,0,0
161,1786708364.7493,1786708364.7535,0.03338,40.1758,1.1868,27.7802,67.2527,-24.1319,25.0000,39.6249,0.3301,29.1126,65.2625,-24.5867,24.9905,39.6249,0.3301,29.1126,65.2625,-24.5867,24.9905,-200,-50,250,-250,-50,0,0
162,1786708364.7827,1786708364.7869,0.03338,39.9121,1.2747,28.2198,66.9011,-24.2198,24.9339,39.1544,0.1801,29.7800,64.5196,-24.7996,24.9791,39.1544,0.1801,29.7800,64.5196,-24.7996,24.9791,-100,50,100,-100,-50,-50,0
163,1786708364.8161,1786708364.8205,0.0334,39.9121,1.2747,28.7473,65.9341,-24.3077,24.9339,38.9218,0.3036,29.8699,63.9401,-25.3053,24.8938,38.9218,0.3036,29.8699,63.9401,-25.3053,24.8938,0,0,150,-350,50,0,0
164,1786708364.8495,1786708364.8536,0.03337,39.9121,1.1868,29.3626,65.3187,-24.4835,24.9339,38.4991,0.4718,29.7460,63.2900,-25.2344,24.9067,38.4991,0.4718,29.7460,63.2900,-25.2344,24.9067,0,-50,250,-300,-50,50,0
165,1786708364.8828,1786708364.887,0.03337,39.6484,1.1868,29.5385,65.0549,-24.7473,25.0661,38.1996,0.8516,30.4244,62.9995,-25.2220,24.9139,38.1996,0.8516,30.4244,62.9995,-25.2220,24.9139,-100,0,0,-100,-100,50,0
166,1786708364.9163,1786708364.9205,0.03343,39.2088,1.1868,29.6264,64.2637,-24.9231,25.0661,37.8473,0.9610,30.4236,62.6551,-25.6450,24.9400,37.8473,0.9610,30.4236,62.6551,-25.6450,24.9400,-150,0,50,-300,-50,0,0
167,1786708364.9497,1786708364.9538,0.03338,38.8571,1.1868,30.0659,63.8242,-24.8352,25.0000,37.5179,1.0676,30.8843,62.2239,-25.7833,24.8701,37.5179,1.0676,30.8843,62.2239,-25.7833,24.8701,-100,0,200,-100,50,-50,0
168,1786708364.983,1786708364.9871,0.03337,38.5934,1.1868,30.2418,63.4725,-25.0110,25.0000,37.3702,1.6961,31.0215,62.3323,-25.4178,24.6962,37.3702,1.6961,31.0215,62.3323,-25.4178,24.6962,-100,0,0,-150,-100,0,0
169,1786708365.0164,1786708365.0208,0.0334,38.3297,1.1868,30.4176,63.0330,-25.2747,25.0000,37.1259,1.8422,31.1771,62.0752,-25.5221,24.1633,37.1259,1.8422,31.1771,62.0752,-25.5221,24.1633,-50,0,50,-150,-100,0,0
170,1786708365.0498,1786708365.0541,0.03339,38.0659,1.2747,30.5934,62.9451,-25.1868,24.9339,37.1523,2.1448,30.7135,62.1457,-25.3437,23.0698,37.1523,2.1448,30.7135,62.1457,-25.3437,23.0698,-50,0,50,-50,50,-50,0
171,1786708365.0832,1786708365.0874,0.03338,37.9780,1.4505,30.6813,62.8571,-25.1868,24.6032,36.5943,2.0437,31.1693,61.9651,-25.1061,20.7743,36.5943,2.0437,31.1693,61.9651,-25.1061,20.7743,-100,100,0,0,0,-100,0
172,1786708365.1166,1786708365.1207,0.03337,37.8901,1.6264,30.6813,62.8571,-25.1868,24.0741,36.0492,1.9654,31.3022,61.5345,-25.3099,17.8798,36.0492,1.9654,31.3022,61.5345,-25.3099,17.8798,-50,50,0,0,0,-250,0
173,1786708365.15,1786708365.154,0.0334,37.6264,1.7143,30.6813,62.7692,-25.1868,22.8836,35.3123,1.9515,31.6851,61.1397,-25.1264,14.5354,35.3123,1.9515,31.6851,61.1397,-25.1264,14.5354,-100,0,0,-50,0,-600,0
174,1786708365.1833,1786708365.1874,0.03338,37.1868,1.7143,30.8571,62.1538,-25.3626,21.1640,34.7931,1.7807,32.1761,61.1667,-24.8840,11.0417,34.7931,1.7807,32.1761,61.1667,-24.8840,11.0417,-100,0,50,-200,0,-700,0
175,1786708365.2167,1786708365.2209,0.03337,36.5714,1.6264,31.0330,61.5385,-25.3626,18.9153,34.5446,1.7578,32.4643,61.3505,-24.5118,7.4950,34.5446,1.7578,32.4643,61.3505,-24.5118,8.5847,-150,0,50,-250,0,-1000,0
176,1786708365.2502,1786708365.2547,0.03346,36.0440,1.7143,31.2967,61.4505,-25.3626,16.4021,34.3693,1.8415,32.4726,61.8652,-24.3911,4.7621,34.3693,1.8415,32.4726,61.8652,-24.3911,6.0053,-150,50,100,-50,0,-1150,0
177,1786708365.2835,1786708365.2879,0.03337,35.6044,1.7143,31.4725,61.4505,-25.1868,13.6243,34.5035,2.1751,32.5297,62.3610,-24.2137,3.4577,34.5035,2.1751,32.5297,62.3610,-24.2137,3.4577,-150,0,50,0,50,-1250,0
178,1786708365.3169,1786708365.321,0.03337,35.2527,1.7143,31.6484,61.4505,-24.9231,11.0450,34.7251,1.8267,32.8310,62.6949,-24.4419,2.9434,34.7251,1.8267,32.8310,62.6949,-24.4419,2.9434,-150,0,100,0,100,-1200,0
179,1786708365.3503,1786708365.3545,0.03341,35.1648,1.7143,31.6484,61.5385,-24.7473,8.3333,34.9229,2.2102,33.0432,62.8570,-24.3539,3.1457,34.9229,2.2102,33.0432,62.8570,-24.3539,3.1457,-50,0,0,50,50,-1200,0
180,1786708365.3837,1786708365.3878,0.03338,35.1648,1.7143,31.8242,61.8901,-24.7473,6.0847,34.7750,1.9809,33.3044,62.8120,-24.1167,3.4076,34.7750,1.9809,33.3044,62.8120,-24.1167,3.4076,0,0,50,50,0,-1150,0
181,1786708365.4171,1786708365.4212,0.03337,35.1648,1.5385,32.0879,61.9780,-24.7473,5.1587,34.7402,2.2119,33.6039,62.6901,-24.3246,3.5394,34.7402,2.2119,33.6039,62.6901,-24.3246,3.5394,0,-50,100,50,0,-450,0
182,1786708365.4504,1786708365.4548,0.03338,35.1648,1.5385,32.3516,61.9780,-24.5714,4.6958,35.0148,2.2034,33.7287,62.7635,-24.1731,3.6676,35.0148,2.2034,33.7287,62.7635,-24.1731,3.6676,0,0,100,0,100,-250,0
183,1786708365.4838,1786708365.4879,0.03337,35.1648,1.5385,32.6154,61.9780,-24.5714,4.3651,34.9490,1.8053,33.3891,62.8572,-24.2823,3.5896,34.9490,1.8053,33.3891,62.8572,-24.2823,3.5896,0,0,100,0,0,-150,0
184,1786708365.5172,1786708365.5213,0.03338,35.1648,1.6264,32.7033,61.9780,-24.5714,4.1667,34.9121,1.3032,33.1446,63.2750,-24.1699,3.5016,34.9121,1.3032,33.1446,63.2750,-24.1699,3.5016,0,0,50,0,0,-50,0
185,1786708365.5506,1786708365.5547,0.03337,35.1648,1.6264,32.7033,62.1538,-24.5714,3.9683,34.9982,0.6262,32.8410,64.0561,-24.3423,3.4633,34.9982,0.6262,32.8410,64.0561,-24.3423,3.4633,0,0,0,50,0,-100,0
186,1786708365.584,1786708365.5882,0.03344,35.1648,1.6264,32.7033,62.5055,-24.5714,3.8360,34.9342,-0.1356,31.7662,65.1966,-24.3545,3.4641,34.9342,-0.1356,31.7662,65.1966,-24.3545,3.4641,0,0,0,150,0,-50,0
187,1786708365.6174,1786708365.6216,0.03335,35.1648,1.5385,32.7033,62.9451,-24.5714,3.7698,35.1237,-1.2526,30.6416,66.9386,-24.6131,3.5580,35.1237,-1.2526,30.6416,66.9386,-24.6131,3.5580,0,0,0,150,0,-50,0
188,1786708365.6507,1786708365.6549,0.03339,35.1648,0.9231,32.5275,63.7363,-24.5714,3.7037,35.1347,-2.5948,29.2992,69.0138,-24.7601,3.6503,35.1347,-2.5948,29.2992,69.0138,-24.7601,3.6503,0,-200,0,300,0,-50,0
189,1786708365.6842,1786708365.6885,0.03342,35.0769,0.4835,31.9121,64.9670,-24.5714,3.7037,35.0700,-4.1085,27.3866,71.3457,-25.2695,3.6963,35.0700,-4.1085,27.3866,71.3457,-25.2695,3.6963,0,-150,-250,450,0,0,0
190,1786708365.7175,1786708365.7217,0.03337,35.0769,-0.1319,31.4725,66.9011,-24.5714,3.7037,35.1946,-5.2546,25.5838,73.7115,-25.3960,3.6883,35.1946,-5.2546,25.5838,73.7115,-25.3960,3.6883,0,-200,-150,500,0,0,0
191,1786708365.7509,1786708365.755,0.03337,35.0769,-0.7473,30.5934,68.5714,-24.7473,3.7037,35.0001,-6.7560,23.7779,75.9261,-25.8755,3.7109,35.0001,-6.7560,23.7779,75.9261,-25.8755,3.7109,0,-200,-300,550,50,0,0
192,1786708365.7843,1786708365.7885,0.03337,35.0769,-1.5385,29.1868,70.3297,-25.0110,3.7037,34.5772,-8.5795,21.3988,78.1220,-26.3273,3.6901,34.5772,-8.5795,21.3988,78.1220,-26.3273,3.6901,0,-300,-500,650,-50,0,0
193,1786708365.8177,1786708365.8219,0.03342,35.0769,-2.6813,27.5165,72.5275,-25.3626,3.7037,34.4441,-10.0916,19.3366,80.1452,-26.7410,3.6574,34.4441,-10.0916,19.3366,80.1452,-26.7410,3.6574,0,-350,-550,700,-100,0,0
194,1786708365.8511,1786708365.8556,0.0334,34.9011,-4.0879,25.8462,74.7253,-25.7143,3.7037,33.7307,-12.0328,16.9808,81.7664,-26.9873,3.6030,33.7307,-12.0328,16.9808,81.7664,-26.9873,3.6030,-50,-450,-550,750,-150,0,0
195,1786708365.8845,1786708365.8892,0.03338,34.8132,-5.5824,23.9121,76.9231,-26.1538,3.7037,33.0919,-14.1401,14.3291,83.4106,-27.2133,3.5812,33.0919,-14.1401,14.3291,83.4106,-27.2133,3.5812,-50,-500,-600,700,-150,0,0
196,1786708365.9178,1786708365.9224,0.03336,34.3736,-7.1648,21.8901,78.5934,-26.5055,3.7037,32.1468,-15.8522,12.2092,84.5046,-27.0701,3.4830,32.1468,-15.8522,12.2092,84.5046,-27.0701,3.4830,-150,-550,-700,550,-150,0,0
197,1786708365.9513,1786708365.9558,0.03343,33.8462,-9.0110,19.7802,80.5275,-26.6813,3.7037,30.8620,-17.5228,10.0532,84.8407,-27.2894,3.4672,30.8620,-17.5228,10.0532,84.8407,-27.2894,3.4672,-150,-600,-700,650,-50,0,0
198,1786708365.9846,1786708365.9891,0.03334,33.2308,-10.8571,17.4066,82.2857,-26.7692,3.7037,29.1886,-19.4158,7.9916,84.6945,-27.3301,3.3627,29.1886,-19.4158,7.9916,84.6945,-27.3301,3.3627,-200,-650,-800,500,-50,0,0
199,1786708366.018,1786708366.0225,0.03342,32.3516,-12.7912,15.2088,83.0769,-26.8571,3.7037,27.4588,-20.3725,5.9515,83.7150,-26.8921,3.3256,27.4588,-20.3725,5.9515,83.7150,-26.8921,3.3256,-300,-650,-750,300,-50,0,0
200,1786708366.0514,1786708366.2733,0.03337,31.1209,-14.5495,13.0989,83.5165,-26.9451,3.7037,29.4304,-2.9516,4.7939,84.5080,-19.7420,3.4604,29.4304,-8.1538,4.7939,84.5080,-19.7420,3.4604,-400,-650,-700,150,-50,0,1
201,1786708366.2744,1786708366.2794,0.22299,27.9560,-18.1538,8.2637,83.6044,-26.9451,3.6376,29.7742,-1.4110,4.4950,83.8426,-19.0112,3.5343,29.7742,-8.1538,4.4950,83.8426,-19.0112,3.5343,-100,0,0,0,0,0,1
202,1786708366.3077,1786708366.3122,0.0333,27.6923,-18.1538,8.2637,83.6044,-26.9451,3.6376,29.7390,0.3019,3.5831,83.6737,-18.7731,3.6096,29.7390,-8.1538,3.5831,83.6737,-18.7731,3.6096,-150,0,0,0,0,0,0
203,1786708366.3411,1786708366.3456,0.03336,28.0440,-17.6264,7.5604,83.6044,-26.0659,3.6376,29.9266,1.7931,3.3354,83.2209,-18.8376,3.5585,29.9266,-7.4505,3.3354,83.2209,-18.8376,3.5585,150,200,-250,0,350,0,0
204,1786708366.3745,1786708366.3789,0.03343,28.9231,-15.6923,6.3297,83.6044,-23.9560,3.6376,29.4967,2.1605,3.3607,82.3463,-19.2726,3.4642,29.4967,-5.2527,3.3607,82.3463,-19.2726,3.4642,300,450,-400,0,750,0,0
205,1786708366.4078,1786708366.4122,0.03334,29.3626,-12.6154,5.6264,83.5165,-21.8462,3.6376,29.3563,4.0835,3.0602,81.7220,-20.4034,3.3635,29.3563,-2.1758,3.0602,81.7220,-20.4034,3.3635,250,1000,-300,-50,800,0,0
206,1786708366.4413,1786708366.4457,0.03342,29.3626,-9.3626,5.3626,82.9890,-21.0549,3.6376,29.3333,4.8806,2.9509,80.8460,-21.4269,3.2551,29.3333,1.1648,2.9509,80.8460,-21.4269,3.2551,0,1050,-100,-200,250,0,0
207,1786708366.4746,1786708366.4788,0.03332,29.0989,-6.0220,5.2747,82.4615,-21.2308,3.6376,29.2738,5.9031,2.7636,79.6915,-22.7000,3.1026,29.2738,4.4176,2.7636,79.6915,-22.7000,3.1026,-150,1100,-50,-200,-50,0,0
208,1786708366.508,1786708366.5122,0.0334,28.9231,-2.8571,5.1868,81.8462,-21.4066,3.6376,29.2140,6.8037,2.5873,78.6371,-23.8016,2.9850,29.2140,6.8037,2.5873,78.6371,-23.8016,2.9850,-100,1100,0,-250,-100,0,0
209,1786708366.5414,1786708366.5459,0.03346,28.9231,0.1319,4.9231,80.9670,-22.0220,3.5053,29.1484,7.2060,2.5628,78.0047,-24.7640,2.9278,29.1484,7.2060,2.5628,78.0047,-24.7640,2.9278,0,950,-100,-300,-200,-100,0
210,1786708366.5747,1786708366.5789,0.03329,29.0110,3.0330,4.7473,80.0000,-22.7253,3.3069,29.3175,8.5202,2.2774,77.0108,-25.7267,2.9682,29.3175,8.5202,2.2774,77.0108,-25.7267,2.9682,50,1000,-50,-300,-250,-100,0
211,1786708366.6082,1786708366.6123,0.03342,29.1868,5.4945,4.7473,79.1209,-23.6044,3.3069,29.2707,9.0425,1.8620,76.2197,-26.3092,2.8999,29.2707,9.0425,1.8620,76.2197,-26.3092,2.8999,50,900,0,-350,-300,0,0
212,1786708366.6415,1786708366.6456,0.03336,29.2747,7.1648,4.7473,78.3297,-24.4835,3.3069,29.6069,10.0778,1.4199,75.7038,-26.7403,2.9452,29.6069,10.0778,1.4199,75.7038,-26.7403,2.9452,50,550,0,-250,-300,0,0
213,1786708366.6749,1786708366.6791,0.03338,29.3626,8.3077,4.3956,77.3626,-25.2747,3.3069,29.1910,10.4428,1.1954,75.2909,-27.0920,3.0311,29.1910,10.4428,1.1954,75.2909,-27.0920,3.0311,0,350,-150,-300,-250,0,0
214,1786708366.7083,1786708366.7124,0.03337,29.1868,9.4505,3.8681,76.8352,-25.8022,3.3069,29.4609,11.4716,0.5628,74.9254,-27.3636,3.1580,29.4609,11.4716,0.5628,74.9254,-27.3636,3.1580,-50,350,-150,-200,-200,0,0
215,1786708366.7417,1786708366.7461,0.03345,29.0110,10.3297,3.6044,76.2198,-26.2418,3.3069,29.6201,12.0574,0.3679,74.5267,-27.5318,3.1505,29.6201,12.0574,0.3679,74.5267,-27.5318,3.1505,-100,350,-150,-200,-150,0,0
216,1786708366.7751,1786708366.7793,0.03335,28.9231,11.2088,3.1648,75.7802,-26.5934,3.3069,29.7526,12.4918,0.1787,73.9179,-27.6274,3.1438,29.7526,12.4918,0.1787,73.9179,-27.6274,3.1438,0,300,-150,-150,-100,0,0
217,1786708366.8084,1786708366.8126,0.03337,29.0110,12.0000,2.7253,75.1648,-27.0330,3.3069,29.5826,12.6972,-0.1648,73.7083,-27.9002,3.1810,29.5826,12.6972,-0.1648,73.7083,-27.9002,3.1810,50,300,-150,-200,-50,0,0
218,1786708366.8418,1786708366.846,0.03338,29.0989,12.6154,2.3736,74.7253,-27.1209,3.3069,29.6098,12.9054,-0.1860,73.0394,-28.0827,3.1519,29.6098,12.9054,-0.1860,73.0394,-28.0827,3.1519,0,250,-100,-150,-50,0,0
219,1786708366.8752,1786708366.8794,0.03337,29.1868,12.8791,2.2857,74.3736,-27.3846,3.3069,29.4404,13.3184,-0.2551,72.6133,-28.3392,3.2890,29.4404,13.3184,-0.2551,72.6133,-28.3392,3.2890,50,50,-50,-100,-100,0,0
220,1786708366.9086,1786708366.9127,0.0334,29.2747,13.0549,2.1978,73.7582,-27.7363,3.3069,28.9739,13.2507,-0.3344,72.0956,-29.1118,3.6245,28.9739,13.2507,-0.3344,72.0956,-29.1118,3.6245,0,50,-50,-200,-100,0,0
221,1786708366.942,1786708366.9463,0.03338,29.2747,13.4945,1.9341,73.3187,-27.9121,3.3069,28.9629,13.3150,-0.1109,71.9274,-29.3964,4.0535,28.9629,13.3150,-0.1109,71.9274,-29.3964,4.0535,0,150,-100,-150,-50,0,0
222,1786708366.9754,1786708366.9798,0.03346,29.1868,13.5824,1.8462,72.7912,-28.4396,3.3069,28.9644,13.1963,-0.0147,71.9081,-29.8688,5.2494,28.9644,13.1963,-0.0147,71.9081,-29.8688,5.2494,-50,50,0,-200,-250,0,0
223,1786708367.0087,1786708367.0129,0.03332,29.1868,13.5824,1.8462,72.5275,-28.7912,3.5714,28.9579,13.1455,0.2279,72.2478,-30.3173,7.8743,28.9579,13.1455,0.2279,72.2478,-30.3173,7.8743,0,0,0,-50,-100,100,0
224,1786708367.0421,1786708367.0462,0.03337,29.1868,13.5824,1.7582,72.3516,-29.2308,4.0344,28.9705,12.5786,0.8263,72.2963,-30.7548,11.5416,28.9705,12.5786,0.8263,72.2963,-30.7548,11.5416,0,0,0,-100,-200,250,0
225,1786708367.0755,1786708367.0797,0.0334,29.1868,13.5824,1.7582,72.3516,-29.6703,5.3571,28.7488,12.1227,1.6179,72.2740,-30.9942,15.7762,28.7488,12.1227,1.6179,72.2740,-30.9942,15.5556,0,0,0,0,-150,450,0
226,1786708367.1089,1786708367.1132,0.03338,29.2747,13.5824,1.7582,72.4396,-30.1978,7.4074,28.8761,11.4592,2.5448,72.1213,-30.8590,19.7771,28.8761,11.4592,2.5448,72.1213,-30.8590,17.6720,50,0,0,50,-150,850,0
227,1786708367.1423,1786708367.1466,0.03338,29.2747,13.5824,2.1099,72.3516,-30.4615,9.9206,28.2812,11.1279,3.1294,72.0092,-30.6157,23.3270,28.2812,11.1279,3.1294,72.0092,-30.6157,20.2513,0,0,100,-50,-100,1200,0
228,1786708367.1757,1786708367.1803,0.03342,29.2747,13.4945,2.5495,72.3516,-30.4615,12.6323,28.0201,10.7259,4.1707,71.6988,-31.0914,25.7882,28.0201,10.7259,4.1707,71.6988,-31.0914,22.9630,0,0,150,0,0,1250,0
229,1786708367.2091,1786708367.2134,0.03337,28.9231,13.4945,3.1648,72.3516,-30.4615,15.2778,27.8454,10.0874,4.9868,71.4458,-31.2044,27.3588,27.8454,10.0874,4.9868,71.4458,-31.2044,25.6746,-150,0,200,0,0,1250,0
230,1786708367.2424,1786708367.2467,0.03337,28.5714,13.4945,3.7802,72.1758,-30.7253,17.9233,27.7176,9.9898,5.7254,71.1502,-32.0926,28.2858,27.7176,9.9898,5.7254,71.1502,-32.0926,28.2540,-100,0,200,0,-100,1200,0
231,1786708367.2759,1786708367.2801,0.03345,28.2198,13.4945,4.6593,71.9121,-30.9011,20.5688,27.4058,9.5475,6.8967,70.7208,-32.0817,28.8051,27.4058,9.5475,6.8967,70.7208,-32.0817,28.8051,-100,0,300,-150,-50,1200,0
232,1786708367.3093,1786708367.314,0.03342,27.8681,13.4945,5.3626,71.6484,-31.2527,23.2804,27.3270,9.4012,7.6049,70.2990,-32.3269,29.1905,27.3270,9.4012,7.6049,70.2990,-32.3269,29.1905,-50,0,250,-50,-250,1200,0
233,1786708367.3426,1786708367.347,0.0333,27.6923,13.3187,6.2418,71.2088,-31.6923,25.3968,27.2303,9.0265,8.4227,69.9497,-32.7547,29.4800,27.2303,9.0265,8.4227,69.9497,-32.7547,29.4800,-100,-100,300,-150,-150,950,0
234,1786708367.376,1786708367.3801,0.03338,27.6923,13.2308,7.2967,70.8571,-31.9560,26.7196,27.2695,8.6302,8.8811,69.6570,-33.1792,29.5938,27.2695,8.6302,8.8811,69.6570,-33.1792,29.5938,0,-50,350,-100,-100,500,0
235,1786708367.4094,1786708367.4138,0.03346,27.6923,13.0549,8.0000,70.3297,-32.3077,27.6455,27.0859,8.7097,9.6239,69.1446,-33.5779,29.7269,27.0859,8.7097,9.6239,69.1446,-33.5779,29.7269,0,0,250,-250,-200,450,0
236,1786708367.4428,1786708367.4471,0.03333,27.7802,12.7033,8.7912,70.2418,-32.7473,28.3069,26.8290,8.4765,10.1125,68.7048,-34.3209,29.8233,26.8290,8.4765,10.1125,68.7048,-34.3209,29.8233,0,-100,250,-50,-150,350,0
237,1786708367.4762,1786708367.4804,0.03343,27.8681,12.4396,9.4066,69.8022,-33.0110,28.7037,26.9135,8.4182,10.7500,68.3135,-34.4085,29.8582,26.9135,8.4182,10.7500,68.3135,-34.4085,29.8582,50,-50,200,-200,-100,200,0
238,1786708367.5095,1786708367.5137,0.03331,27.6044,12.1758,10.0220,69.3626,-33.5385,29.0344,26.8407,8.3785,11.2004,68.0464,-35.1471,29.9188,26.8407,8.3785,11.2004,68.0464,-35.1471,29.9188,-50,-100,150,-100,-150,150,0
239,1786708367.5429,1786708367.547,0.03338,27.3407,12.0879,10.6374,68.9231,-33.8022,29.2328,26.6190,8.2385,11.4888,67.9674,-36.2356,29.9006,26.6190,8.2385,11.4888,67.9674,-36.2356,29.9006,-100,0,200,-150,-100,50,0
240,1786708367.5763,1786708367.5804,0.03341,27.0769,12.0879,11.1648,68.6593,-34.3297,29.6296,26.1984,8.3886,11.8473,67.9686,-37.0753,29.9189,26.1984,8.3886,11.8473,67.9686,-37.0753,29.9189,-100,0,150,-100,-200,250,0
241,1786708367.6097,1786708367.6141,0.03338,27.0769,12.0879,11.5165,68.4835,-35.2088,29.6296,25.8056,8.4829,12.4529,67.6482,-37.8378,29.9930,25.8056,8.4829,12.4529,67.6482,-37.8378,29.9930,0,0,100,-50,-250,0,0
242,1786708367.6431,1786708367.6472,0.03337,27.0769,12.0879,11.7802,68.4835,-36.0879,29.5635,25.5223,8.2712,12.5771,67.5974,-39.1034,30.1104,25.5223,8.2712,12.5771,67.5974,-39.1034,30.1104,0,0,50,0,-350,0,0
243,1786708367.6765,1786708367.6806,0.03342,26.7253,12.0000,12.3077,68.1319,-36.8791,29.6296,25.3400,8.4146,13.2507,67.4615,-39.8784,30.1543,25.3400,8.4146,13.2507,67.4615,-39.8784,30.1543,-100,-50,200,-100,-250,0,0
244,1786708367.7098,1786708367.7139,0.03335,26.2857,11.9121,12.5714,67.9560,-37.5824,29.6958,24.8209,8.5079,13.6382,67.5053,-41.1048,30.0961,24.8209,8.5079,13.6382,67.5053,-41.1048,30.0961,-200,-50,50,0,-300,50,0
245,1786708367.7433,1786708367.7474,0.03347,25.6703,11.8242,13.0989,67.7802,-38.7253,29.6296,24.6749,8.2615,14.1157,67.2366,-42.1860,30.1831,24.6749,8.2615,14.1157,67.2366,-42.1860,30.1831,-200,0,100,0,-400,-50,0
246,1786708367.7766,1786708367.7807,0.0333,25.3187,11.7363,13.6264,67.7802,-39.5165,29.8942,24.2535,8.7406,14.8464,66.9054,-42.8760,30.2582,24.2535,8.7406,14.8464,66.9054,-42.8760,30.2582,-100,-50,150,0,-250,50,0
247,1786708367.81,1786708367.8148,0.03341,25.1429,11.6484,14.0659,67.8681,-40.7473,29.8942,24.0756,8.1962,15.1033,66.7986,-44.0427,30.1166,24.0756,8.1962,15.1033,66.7986,-44.0427,30.1166,-100,-50,150,50,-400,0,0
248,1786708367.8434,1786708367.848,0.03343,25.0549,11.6484,14.6813,67.5165,-41.6264,29.7619,23.8463,8.6284,15.5406,66.5895,-44.9311,30.1369,23.8463,8.6284,15.5406,66.5895,-44.9311,30.1369,0,0,150,-100,-300,-50,0
249,1786708367.8768,1786708367.881,0.03338,24.7912,11.6484,14.9451,67.1648,-42.5055,29.8280,23.6991,8.9260,15.2925,66.6549,-45.7099,29.9479,23.6991,8.9260,15.2925,66.6549,-45.7099,29.9479,-50,0,150,-100,-250,50,0
250,1786708367.9103,1786708368.1321,0.03349,24.5275,11.5604,15.2088,67.0769,-43.5604,29.8942,25.3170,9.8669,13.8297,67.0804,-46.0410,29.2238,25.3170,9.8669,13.8297,67.0804,-46.0410,29.2238,-100,0,50,-50,-350,0,1
251,1786708368.1333,1786708368.1381,0.223,24.0879,11.5604,15.2967,66.9890,-45.3187,29.8280,25.1570,8.5009,14.3461,66.7454,-46.5300,29.1210,25.1570,8.5009,14.3461,66.7454,-46.5300,29.1210,0,0,0,0,0,0,1
252,1786708368.1666,1786708368.1708,0.03328,24.0879,11.5604,15.2967,66.9890,-45.3187,29.8280,24.8923,8.0569,14.6642,66.6362,-46.6531,28.9005,24.8923,8.0569,14.6642,66.6362,-46.6531,28.9005,0,0,0,0,0,0,0
253,1786708368.1999,1786708368.2044,0.03337,24.1758,11.5604,15.2967,66.9890,-45.8462,29.5635,24.6753,7.6768,14.8130,66.3245,-46.7609,28.6721,24.6753,7.6768,14.8130,66.3245,-46.7609,28.6721,50,0,0,0,-200,-100,0
254,1786708368.2334,1786708368.2378,0.03348,24.2637,11.2967,15.2967,66.9890,-46.1978,29.2328,24.7883,7.6669,14.6403,66.2333,-47.0219,28.5759,24.7883,7.6669,14.6403,66.2333,-47.0219,28.5759,50,-50,0,0,-100,-150,0
255,1786708368.2667,1786708368.2709,0.0333,24.3516,11.1209,15.2967,66.9011,-46.3736,29.0344,24.6680,7.5898,14.4433,65.9549,-47.0963,28.4796,24.6680,7.5898,14.4433,65.9549,-47.0963,28.4796,50,-100,0,-50,-50,-100,0
256,1786708368.3001,1786708368.3044,0.03341,24.5275,11.1209,15.2967,66.5495,-46.7253,28.8360,24.4668,7.3184,14.2825,66.0396,-47.0617,28.3693,24.4668,7.3184,14.2825,66.0396,-47.0617,28.3693,50,0,0,-100,-100,-100,0
257,1786708368.3335,1786708368.3376,0.03336,24.6154,11.0330,15.2967,66.4615,-46.9011,28.7698,24.2524,7.2617,14.3236,66.0085,-46.9969,28.2999,24.2524,7.2617,14.3236,66.0085,-46.9969,28.2999,50,-50,0,-50,-50,-50,0
258,1786708368.3669,1786708368.3711,0.03342,24.6154,11.0330,15.2967,66.4615,-46.9011,28.6376,24.2518,7.1766,14.0959,65.9808,-47.2771,28.2334,24.2518,7.1766,14.0959,65.9808,-47.2771,28.2334,0,0,0,0,0,-50,0
259,1786708368.4003,1786708368.4044,0.03338,24.6154,11.0330,15.2967,66.3736,-46.9011,28.4392,24.2702,6.9710,13.4584,65.6521,-47.3291,28.1038,24.2702,6.9710,13.4584,65.6521,-47.3291,28.1038,0,0,0,-50,0,-50,0
260,1786708368.4337,1786708368.4378,0.03339,24.6154,11.0330,15.2967,66.1978,-46.9011,28.4392,24.0489,7.0751,13.5834,65.5113,-47.0985,27.9648,24.0489,7.0751,13.5834,65.5113,-47.0985,27.9648,0,0,0,-50,0,0,0
261,1786708368.4671,1786708368.4714,0.03337,24.6154,10.8571,15.2967,66.0220,-46.9011,28.3069,23.7530,7.2872,13.6384,65.0804,-46.8560,27.7852,23.7530,7.2872,13.6384,65.0804,-46.8560,27.7852,0,-100,0,-100,0,-50,0
262,1786708368.5004,1786708368.5047,0.0334,24.5275,10.5934,15.2967,65.9341,-46.9011,28.1746,23.8516,7.2022,13.7385,64.8709,-47.2110,27.6756,23.8516,7.2022,13.7385,64.8709,-47.2110,27.6756,0,-50,0,0,0,-100,0
263,1786708368.5338,1786708368.538,0.03339,24.4396,10.5055,15.2967,65.5824,-46.9011,28.0423,23.8660,6.8986,13.5117,64.3108,-47.1009,27.3303,23.8660,6.8986,13.5117,64.3108,-47.1009,27.3303,-50,-50,0,-100,0,-50,0
264,1786708368.5672,1786708368.5714,0.03342,24.2637,10.5055,15.2967,65.2308,-46.9011,27.9101,23.8560,6.3015,13.7839,64.2523,-47.2388,27.0945,23.8560,6.3015,13.7839,64.2523,-47.2388,27.0945,-50,0,0,-150,0,-50,0
265,1786708368.6006,1786708368.6048,0.03338,24.0879,10.2418,15.3846,64.8791,-46.8132,27.5132,23.4986,6.1123,13.4523,64.0063,-47.6244,26.7284,23.4986,6.1123,13.4523,64.0063,-47.6244,26.7284,-50,-50,0,-100,0,-250,0
266,1786708368.634,1786708368.6384,0.03338,24.0879,9.9780,15.3846,64.7033,-46.8132,27.4471,23.4727,5.4189,13.0134,63.8354,-47.5956,26.3130,23.4727,5.4189,13.0134,63.8354,-47.5956,26.3130,0,-100,0,-100,0,0,0
267,1786708368.6674,1786708368.6718,0.0334,24.1758,9.4505,15.3846,64.4396,-47.0769,27.1825,23.3953,5.2393,13.3310,63.2276,-48.0327,25.9724,23.3953,5.2393,13.3310,63.2276,-48.0327,25.9724,50,-150,0,-50,-150,-100,0
268,1786708368.7008,1786708368.705,0.03339,24.0879,9.0110,15.2967,64.2637,-47.3407,26.7857,23.1160,4.5924,13.3291,63.2812,-48.0386,25.5230,23.1160,4.5924,13.3291,63.2812,-48.0386,25.5230,-50,-150,0,0,-100,-150,0
269,1786708368.7342,1786708368.7384,0.03338,23.9121,8.6593,15.2967,63.8242,-47.6044,26.3889,22.9573,4.4554,13.2517,62.9950,-47.9724,24.9733,22.9573,4.4554,13.2517,62.9950,-47.9724,24.9733,-50,-100,0,-150,-100,-150,0
270,1786708368.7675,1786708368.7717,0.03337,23.6484,8.1319,15.2967,63.6484,-47.6044,25.9921,22.8966,3.8920,12.8471,63.0473,-48.5515,24.9433,22.8966,3.8920,12.8471,63.0473,-48.5515,24.9433,-100,-200,0,-50,0,-200,0
271,1786708368.8009,1786708368.805,0.03337,23.4725,7.6923,15.2088,63.4725,-47.6044,25.5952,22.8427,3.8667,12.9706,63.4119,-48.2532,24.6715,22.8427,3.8667,12.9706,63.4119,-48.2532,24.6715,-50,-150,-50,-50,0,-250,0
272,1786708368.8343,1786708368.8384,0.0334,23.3846,7.3407,15.2088,63.4725,-47.9560,25.3307,22.5498,3.8773,12.5170,63.5693,-48.2300,24.5909,22.5498,3.8773,12.5170,63.5693,-48.2300,24.5909,-50,-150,0,0,-150,-100,0
273,1786708368.8677,1786708368.8719,0.03338,23.2967,7.0769,15.2088,63.5604,-47.9560,25.1323,22.4271,3.8953,12.7692,63.5950,-48.3936,24.4031,22.4271,3.8953,12.7692,63.5950,-48.3936,24.4031,0,-50,0,50,0,-150,0
274,1786708368.9011,1786708368.9055,0.03341,23.1209,7.0769,14.9451,63.5604,-48.0440,24.8677,22.2699,3.8472,12.4345,63.4720,-48.6898,24.2711,22.2699,3.8472,12.4345,63.4720,-48.6898,24.2711,-100,0,-100,0,-50,-100,0
275,1786708368.9345,1786708368.9386,0.0334,22.8571,6.9890,14.8571,63.5604,-48.0440,24.6693,22.2902,3.7247,12.2045,63.5729,-48.5060,24.3627,22.2902,3.7247,12.2045,63.5729,-48.5060,24.3627,-50,-50,-50,0,0,-100,0
276,1786708368.9679,1786708368.972,0.03338,22.6813,6.9890,14.8571,63.5604,-48.2198,24.5370,22.2698,4.4284,11.6939,63.6381,-48.4354,24.1635,22.2698,4.4284,11.6939,63.6381,-48.4354,24.1635,-50,0,0,0,-50,-50,0
277,1786708369.0012,1786708369.0055,0.03336,22.5934,6.9890,14.6813,63.5604,-48.2198,24.4709,22.0341,4.0921,12.0265,63.3888,-48.9057,24.1026,22.0341,4.0921,12.0265,63.3888,-48.9057,24.1026,-50,0,-50,0,-50,0,0
278,1786708369.0346,1786708369.0387,0.03338,22.5934,6.9890,14.4176,63.5604,-48.3077,24.2725,22.0912,4.8291,12.2588,63.4872,-48.7324,24.0293,22.0912,4.8291,12.2588,63.4872,-48.7324,24.0293,0,0,-150,0,0,-100,0
279,1786708369.0681,1786708369.0721,0.03344,22.5934,6.9011,14.3297,63.5604,-48.6593,24.2725,21.7450,4.6035,12.0288,63.3333,-48.8784,23.9442,21.7450,4.6035,12.0288,63.3333,-48.8784,23.9442,0,-50,0,0,-150,0,0
280,1786708369.1014,1786708369.1058,0.03336,22.4176,6.9011,14.3297,63.5604,-48.5714,24.2725,21.8409,5.4645,11.8557,63.4855,-48.5598,23.9745,21.8409,5.4645,11.8557,63.4855,-48.5598,23.9745,-50,0,0,0,50,0,0
281,1786708369.1348,1786708369.139,0.03337,22.2418,6.9011,14.3297,63.5604,-48.5714,24.2725,21.7767,5.6747,11.9131,63.4110,-48.7418,23.9573,21.7767,5.6747,11.9131,63.4110,-48.7418,23.9573,-50,0,0,0,0,0,0
282,1786708369.1683,1786708369.1725,0.03348,22.1538,6.9011,14.3297,63.5604,-48.4835,24.2063,21.4287,5.6355,11.8153,63.6976,-48.9110,23.8835,21.4287,5.6355,11.8153,63.6976,-48.9110,23.8835,-50,0,0,0,50,-50,0
283,1786708369.2016,1786708369.2056,0.03329,22.1538,6.9011,14.2418,63.5604,-48.4835,24.2063,21.3443,6.0629,11.3870,63.7555,-49.1069,23.8498,21.3443,6.0629,11.3870,63.7555,-49.1069,23.8498,0,0,-50,0,0,0,0
284,1786708369.2349,1786708369.2391,0.03338,22.0659,6.9011,14.1538,63.5604,-48.5714,24.2063,21.2290,6.3434,11.6159,63.9560,-48.6316,23.8531,21.2290,6.3434,11.6159,63.9560,-48.6316,23.8531,0,0,-50,0,0,0,0
285,1786708369.2684,1786708369.2726,0.03345,21.8901,6.9011,13.8901,63.5604,-48.7473,24.2063,21.2634,6.3308,11.1451,64.0418,-48.7136,23.8280,21.2634,6.3308,11.1451,64.0418,-48.7136,23.8280,-50,0,-100,0,-50,0,0
286,1786708369.3018,1786708369.3061,0.03337,21.7143,6.9011,13.8022,63.5604,-48.7473,24.2063,21.3479,6.3612,11.2716,64.2062,-48.8878,23.7931,21.3479,6.3612,11.2716,64.2062,-48.8878,23.7931,-100,0,-50,0,0,0,0
287,1786708369.3351,1786708369.3393,0.03338,21.5385,6.9011,13.5385,63.5604,-48.6593,24.2063,21.0844,6.3388,11.1925,64.3970,-48.9880,23.7538,21.0844,6.3388,11.1925,64.3970,-48.9880,23.7538,-50,0,-50,0,50,0,0
288,1786708369.3686,1786708369.3727,0.03344,21.4505,6.9011,13.4505,63.7363,-48.6593,24.2063,20.9093,6.4763,10.7118,64.8760,-49.0180,23.6821,20.9093,6.4763,10.7118,64.8760,-49.0180,23.6821,0,0,0,0,0,0,0
289,1786708369.4019,1786708369.4061,0.03334,21.6264,6.9011,13.4505,64.0000,-48.6593,23.9418,21.0578,6.4482,10.7478,64.7107,-49.0328,23.5676,21.0578,6.4482,10.7478,64.7107,-49.0328,23.5676,50,0,0,100,0,-150,0
290,1786708369.4353,1786708369.4394,0.03338,21.6264,6.9011,13.1868,64.2637,-48.7473,23.9418,21.1741,6.4148,10.6147,64.8402,-49.2536,23.5882,21.1741,6.4148,10.6147,64.8402,-49.2536,23.5882,0,0,-50,100,-50,0,0
291,1786708369.4687,1786708369.4728,0.03337,21.6264,6.9011,13.0989,64.3516,-48.8352,23.8095,21.1031,6.5208,11.0943,65.1186,-49.2654,23.4601,21.1031,6.5208,11.0943,65.1186,-49.2654,23.4601,0,0,-50,50,-50,-100,0
292,1786708369.5021,1786708369.5063,0.0334,21.5385,6.9011,13.0989,64.4396,-48.8352,23.8095,21.1258,6.5699,10.2280,65.2982,-50.0305,23.1427,21.1258,6.5699,10.2280,65.2982,-50.0305,23.1427,0,0,0,50,0,0,0
293,1786708369.5354,1786708369.5397,0.03338,21.4505,6.9011,13.0989,64.6154,-48.8352,23.6111,20.7960,6.3312,10.5118,65.9672,-50.0078,22.6074,20.7960,6.3312,10.5118,65.9672,-50.0078,22.6074,-50,0,0,50,0,-50,0
294,1786708369.5688,1786708369.573,0.03339,21.3626,6.9011,13.0110,64.7912,-49.1868,23.3466,20.8996,6.7052,9.7722,66.9158,-50.1156,21.7494,20.8996,6.7052,9.7722,66.9158,-50.1156,21.7494,0,0,0,100,-100,-150,0
295,1786708369.6022,1786708369.6064,0.03341,21.3626,6.9011,12.8352,65.1429,-49.6264,23.0159,21.0644,6.8035,9.3749,67.8391,-50.4690,20.5075,21.0644,6.8035,9.3749,67.8391,-50.4690,20.5075,0,0,0,50,-200,-100,0
296,1786708369.6356,1786708369.6397,0.03337,21.3626,7.0769,12.3956,66.0220,-49.7143,22.4206,21.0004,6.8423,8.7671,68.8226,-51.3562,18.1183,21.0004,6.8423,8.7671,68.8226,-51.3562,18.1183,0,50,-200,250,0,-250,0
297,1786708369.669,1786708369.6731,0.03337,21.3626,7.1648,11.8681,66.5495,-49.8901,21.5608,20.9011,6.9030,8.3319,69.2202,-52.5892,14.5033,20.9011,6.9030,8.3319,69.2202,-52.5892,14.5033,0,50,-200,200,-50,-400,0
298,1786708369.7024,1786708369.7066,0.03339,21.1868,7.1648,11.4286,67.6044,-50.5934,20.3704,20.6847,7.5173,8.7921,69.2775,-53.1828,8.3871,20.6847,7.5173,8.7921,69.2775,-53.1828,10.1720,-50,0,-150,350,-250,-550,0
299,1786708369.7358,1786708369.7403,0.03341,21.1868,7.1648,10.9011,68.1319,-51.3846,18.3862,20.3878,7.9915,8.2504,68.8998,-54.0165,4.0084,20.3878,7.9915,8.2504,68.8998,-54.0165,8.1217,0,0,-150,200,-250,-850,0
300,1786708369.7692,1786708369.9875,0.03337,21.2747,7.6044,10.7253,68.3956,-52.2637,15.9392,25.9209,9.5000,7.4703,67.9444,-57.0949,15.8629,25.9209,9.5000,7.4703,67.9444,-57.0949,15.8629,0,150,-50,50,-300,-1150,1
301,1786708369.9887,1786708369.9937,0.21954,20.7473,8.4835,10.1099,68.5714,-53.6703,8.6640,25.8088,8.4562,7.9385,67.9268,-59.1220,14.8751,25.8088,8.4562,7.9385,67.9268,-59.1220,14.8751,50,0,0,0,0,-100,1
302,1786708370.022,1786708370.0264,0.03333,20.8352,8.4835,10.0220,68.5714,-53.7582,8.5317,25.9130,7.5502,8.5227,67.5760,-61.3381,13.4798,25.9130,7.5502,8.5227,67.5760,-61.3381,13.4798,50,0,0,0,-50,0,0
303,1786708370.0554,1786708370.0596,0.03339,21.0110,8.6593,9.9341,68.2198,-54.6374,8.7963,25.9214,7.1129,8.5570,67.2398,-63.3269,11.9549,25.9214,7.1129,8.5570,67.2398,-63.3269,11.9549,50,50,0,-50,-100,0,0
304,1786708370.0888,1786708370.093,0.03338,22.4176,8.6593,9.8462,67.9560,-57.0110,10.4497,25.8907,6.6352,8.1259,67.0175,-65.2678,10.0823,25.8907,6.6352,8.1259,67.0175,-65.2678,10.0823,500,0,-50,-100,-700,750,0
305,1786708370.1222,1786708370.1264,0.03344,23.9121,8.6593,9.8462,67.7802,-59.5604,11.7063,25.5896,6.1881,7.9511,66.7692,-67.3295,8.0269,25.5896,6.1881,7.9511,66.7692,-67.3295,8.0269,500,0,0,-50,-900,500,0
306,1786708370.1556,1786708370.1597,0.03333,24.7912,8.6593,9.7582,67.5165,-62.0220,12.0370,25.0004,5.4801,8.2026,66.5493,-70.6472,6.2961,25.0004,5.4801,8.2026,66.5493,-70.6472,6.2961,400,0,-50,-100,-850,200,0
307,1786708370.189,1786708370.1934,0.03341,24.8791,8.6593,9.6703,67.1648,-64.0440,10.9788,24.5179,4.8226,8.3739,66.4786,-74.0814,4.5942,24.5179,4.8226,8.3739,66.4786,-74.0814,4.5942,0,0,0,-100,-700,-500,0
308,1786708370.2224,1786708370.2267,0.03338,24.6154,8.4835,9.6703,67.0769,-66.3297,9.0608,24.0121,3.7693,8.3245,66.8316,-78.0645,3.7844,24.0121,3.7693,8.3245,66.8316,-76.5934,3.7844,-100,-100,0,-100,-750,-850,0
309,1786708370.2557,1786708370.26,0.03336,24.1758,8.2198,9.6703,66.9890,-68.9670,7.2090,23.4117,2.9269,8.4892,67.0402,-81.7866,2.8642,23.4117,2.9269,8.4892,67.0402,-79.4066,2.8642,-250,-50,0,-50,-800,-850,0
310,1786708370.2892,1786708370.2935,0.03342,24.0879,7.6044,9.6703,66.9890,-71.8681,5.6217,22.9863,2.1037,8.0882,67.4214,-85.1626,2.8130,22.9863,2.1037,8.0882,67.4214,-82.2198,2.8130,-50,-200,0,0,-1000,-700,0
311,1786708370.3225,1786708370.3268,0.03338,24.0879,6.8132,9.6703,67.0769,-74.6813,4.6958,22.6476,1.0101,8.6096,67.5345,-86.9253,2.4714,22.6476,1.0101,8.6096,67.5345,-85.1209,2.4714,50,-250,0,50,-950,-450,0
312,1786708370.3559,1786708370.3603,0.03338,24.0000,6.0220,9.6703,67.0769,-77.6703,4.0344,22.2141,0.0085,8.7831,67.7991,-88.2972,2.1434,22.2141,0.0085,8.7831,67.7991,-87.9341,2.1434,0,-300,0,0,-1000,-350,0
313,1786708370.3893,1786708370.3938,0.03341,23.6484,5.1429,9.6703,67.0769,-80.2198,3.5053,21.8514,-1.2647,9.2395,68.1342,-89.2047,2.0684,21.8514,-1.2647,9.2395,68.1342,-89.2047,2.0684,-100,-300,0,0,-950,-200,0
314,1786708370.4227,1786708370.4269,0.03334,22.9451,4.1758,9.6703,67.4286,-83.0330,3.0423,21.7135,-2.0935,9.8947,68.2746,-89.9330,1.9026,21.7135,-2.0935,9.8947,68.2746,-89.9330,1.9026,-250,-300,0,50,-950,-200,0
315,1786708370.4561,1786708370.4603,0.0334,22.4176,3.1209,9.7582,67.6923,-85.5824,2.7116,21.3967,-3.4784,9.9939,68.7304,-90.6130,1.8907,21.3967,-3.4784,9.9939,68.7304,-90.6130,1.8907,-150,-350,50,100,-800,-150,0
316,1786708370.4895,1786708370.4936,0.0334,22.0659,1.9780,10.1099,67.8681,-87.1648,2.5132,21.4700,-4.5119,10.5578,68.9072,-91.3559,1.8802,21.4700,-4.5119,10.5578,68.9072,-91.3559,1.8802,-150,-400,50,50,-600,-150,0
317,1786708370.5228,1786708370.5269,0.03338,21.8022,0.9231,10.1978,68.2198,-88.4835,2.4471,21.2589,-5.8474,11.0770,69.0524,-91.8348,1.9438,21.2589,-5.8474,11.0770,69.0524,-91.8348,1.9438,-50,-400,50,150,-450,0,0
318,1786708370.5562,1786708370.5604,0.03342,21.8022,-0.2198,10.5495,68.3956,-89.5385,2.4471,21.0742,-6.7191,11.8556,68.9022,-92.3934,1.9179,21.0742,-6.7191,11.8556,68.9022,-92.3934,1.9179,0,-350,100,50,-350,0,0
319,1786708370.5896,1786708370.5937,0.03336,21.9780,-1.5385,11.1648,68.5714,-90.4176,2.3810,20.8302,-7.3211,12.5442,68.3899,-93.0982,1.9632,20.8302,-7.3211,12.5442,68.3899,-93.0982,1.9632,50,-450,250,100,-300,-50,0
320,1786708370.623,1786708370.6274,0.03343,21.8022,-2.6813,11.7802,68.5714,-91.2967,2.3148,20.8652,-7.8025,13.0009,67.7298,-93.7026,1.9997,20.8652,-7.8025,13.0009,67.7298,-93.7026,1.9997,-50,-400,200,0,-300,-50,0
321,1786708370.6564,1786708370.6606,0.03334,21.5385,-3.5604,12.3956,68.5714,-91.8242,2.3148,20.5564,-8.2101,14.0079,66.4508,-94.3533,1.9345,20.5564,-8.2101,14.0079,66.4508,-94.3533,1.9345,-100,-300,200,0,-100,0,0
322,1786708370.6898,1786708370.694,0.0334,21.0110,-4.3516,13.0110,68.3077,-92.6154,2.3148,20.4138,-8.3495,14.7036,64.8914,-95.1217,1.9027,20.4138,-8.3495,14.7036,64.8914,-95.1217,1.9027,-150,-250,200,-100,-300,0,0
323,1786708370.7232,1786708370.7273,0.03338,20.7473,-4.7912,13.7143,67.6044,-93.3187,2.3148,20.2125,-8.2104,15.9978,62.8582,-95.8732,1.8648,20.2125,-8.2104,15.9978,62.8582,-95.8732,1.8648,-100,-200,250,-300,-250,0,0
324,1786708370.7566,1786708370.7607,0.0334,20.7473,-5.1429,14.5934,66.4615,-94.0220,2.3148,19.9963,-8.4334,16.3479,61.0633,-96.3324,1.8654,19.9963,-8.4334,16.3479,61.0633,-96.3324,1.8654,0,-100,250,-350,-250,0,0
325,1786708370.7899,1786708370.794,0.03337,20.7473,-5.2308,15.3846,65.1429,-94.8132,2.3148,19.7566,-8.0452,17.3382,58.9079,-97.0171,1.7990,19.7566,-8.0452,17.3382,58.9079,-97.0171,1.7990,0,-50,300,-450,-250,0,0
326,1786708370.8234,1786708370.8282,0.03348,20.6593,-5.2308,16.2637,63.5604,-95.5165,2.3148,19.3475,-8.0696,18.2581,56.6329,-97.7593,1.7667,19.3475,-8.0696,18.2581,56.6329,-97.7593,1.7667,0,0,350,-500,-250,0,0
327,1786708370.8567,1786708370.8614,0.03333,20.3956,-5.2308,16.9670,61.7143,-96.0440,2.3148,19.0727,-7.8717,18.6795,54.8847,-98.2755,1.7481,19.0727,-7.8717,18.6795,54.8847,-98.2755,1.7481,-50,0,250,-600,-150,0,0
328,1786708370.8902,1786708370.895,0.03342,19.9560,-5.2308,18.0220,59.8681,-96.7473,2.3148,18.6824,-7.7387,19.6075,52.9037,-99.0019,1.7114,18.6824,-7.7387,19.6075,52.9037,-99.0019,1.7114,-150,0,350,-600,-200,0,0
329,1786708370.9235,1786708370.928,0.03339,19.5165,-5.2308,18.6374,57.9341,-97.3626,2.3148,18.4304,-7.5318,20.0080,51.2148,-99.8628,1.6759,18.4304,-7.5318,20.0080,51.2148,-99.8628,1.6759,-150,0,200,-650,-250,0,0
330,1786708370.957,1786708370.9615,0.03344,19.1648,-5.2308,19.4286,56.0000,-98.0659,2.1825,18.3160,-7.4188,20.0982,50.1419,-100.8110,1.6423,18.3160,-7.4188,20.0982,50.1419,-100.8110,1.6423,-100,0,300,-600,-250,-50,0
331,1786708370.9904,1786708370.995,0.03338,18.9890,-5.2308,20.0440,54.2418,-98.7692,2.1825,17.9191,-7.0759,20.5112,49.2645,-101.8375,1.6783,17.9191,-7.0759,20.5112,49.2645,-101.8375,1.6783,-50,0,200,-600,-250,0,0
332,1786708371.0238,1786708371.0286,0.03339,18.7253,-5.2308,20.0440,52.7473,-99.6484,2.1825,17.5724,-6.7193,20.6781,48.6715,-103.1581,1.6811,17.5724,-6.7193,20.6781,48.6715,-103.1581,1.6811,-50,0,0,-500,-250,0,0
333,1786708371.0572,1786708371.062,0.03342,18.5495,-5.2308,20.4835,51.5165,-100.6154,2.1825,17.3574,-6.5337,20.2697,48.3972,-104.8902,1.7034,17.3574,-6.5337,20.2697,48.3972,-104.8902,1.7034,-50,0,100,-450,-350,0,0
334,1786708371.0905,1786708371.0947,0.03334,18.1978,-5.2308,20.6593,50.5495,-101.6703,2.1825,16.9981,-6.2149,20.4044,48.2701,-106.4281,1.6874,16.9981,-6.2149,20.4044,48.2701,-106.4281,1.6874,-150,0,0,-350,-400,0,0
335,1786708371.1239,1786708371.1281,0.03339,17.7582,-5.2308,20.7473,49.8462,-102.9890,2.1825,16.6063,-5.7273,20.5285,48.3211,-107.8196,1.7362,16.6063,-5.7273,20.5285,48.3211,-107.8196,1.7362,-150,0,0,-250,-450,0,0
336,1786708371.1573,1786708371.1614,0.03335,17.4945,-5.2308,20.7473,49.4945,-104.4835,2.1825,16.3149,-5.7540,20.5417,48.2803,-109.0729,1.7080,16.3149,-5.7540,20.5417,48.2803,-109.0729,1.7080,-100,0,0,-100,-500,0,0
337,1786708371.1907,1786708371.1948,0.03341,17.2308,-5.2308,20.7473,49.2308,-105.8901,2.1825,15.8426,-5.4062,20.1086,48.2678,-110.1359,1.7136,15.8426,-5.4062,20.1086,48.2678,-110.1359,1.7136,-100,0,0,-100,-500,0,0
338,1786708371.224,1786708371.2282,0.03337,16.8791,-5.2308,20.7473,49.0549,-107.1209,2.1825,15.6564,-5.4761,20.6086,48.1887,-111.0255,1.6974,15.6564,-5.4761,20.6086,48.1887,-111.0255,1.6974,-100,0,0,-100,-400,0,0
339,1786708371.2575,1786708371.2619,0.03341,16.5275,-4.9670,20.8352,48.9670,-108.4396,2.1825,15.4759,-5.2424,20.6945,48.0011,-111.7926,1.6796,15.4759,-5.2424,20.6945,48.0011,-111.7926,1.6796,-150,100,0,0,-500,0,0
340,1786708371.2908,1786708371.295,0.03337,16.1758,-4.9670,21.0110,48.9670,-109.4066,2.1825,15.3675,-4.9280,20.9860,47.8802,-111.9952,1.7235,15.3675,-4.9280,20.9860,47.8802,-111.9952,1.7235,-100,0,100,0,-350,0,0
341,1786708371.3242,1786708371.3284,0.0334,16.0000,-4.9670,21.0110,48.7912,-110.4615,2.1825,15.4322,-4.8475,21.5041,47.2876,-112.5226,1.7251,15.4322,-4.8475,21.5041,47.2876,-112.5226,1.7251,-100,0,0,-50,-350,0,0
342,1786708371.3576,1786708371.3617,0.03337,15.8242,-4.7912,21.2747,48.5275,-110.9890,2.1825,15.3402,-4.8410,21.6572,46.6518,-112.8997,1.7493,15.3402,-4.8410,21.6572,46.6518,-112.8997,1.7493,-100,50,100,-100,-200,0,0
343,1786708371.391,1786708371.3952,0.03339,15.6484,-4.6154,21.6264,48.0879,-111.6044,2.1825,15.4299,-4.4232,22.5293,46.4465,-112.7955,1.7602,15.4299,-4.4232,22.5293,46.4465,-112.7955,1.7602,-100,50,100,-150,-200,0,0
344,1786708371.4244,1786708371.4285,0.03337,15.6484,-4.4396,21.8022,47.5604,-112.0440,2.1825,15.3384,-4.6518,22.4293,45.9652,-112.7118,1.7510,15.3384,-4.6518,22.4293,45.9652,-112.7118,1.7510,0,50,50,-200,-150,0,0
345,1786708371.4578,1786708371.4622,0.03341,15.6484,-4.3516,22.2418,47.2088,-112.2198,2.1825,15.4616,-4.8854,22.8832,45.4415,-112.8861,1.7523,15.4616,-4.8854,22.8832,45.4415,-112.8861,1.7523,0,50,150,-100,-50,0,0
346,1786708371.4911,1786708371.4954,0.03337,15.6484,-4.2637,22.5055,46.8571,-112.3077,2.1825,15.4138,-4.5537,22.9741,45.1826,-112.5264,1.7404,15.4138,-4.5537,22.9741,45.1826,-112.5264,1.7404,0,50,50,-150,-50,0,0
347,1786708371.5245,1786708371.5287,0.03337,15.6484,-4.1758,22.8571,46.3297,-112.3956,2.1825,15.4927,-4.6396,23.4655,44.9391,-112.3701,1.6532,15.4927,-4.6396,23.4655,44.9391,-112.3701,1.6532,0,0,50,-200,0,0,0
348,1786708371.5579,1786708371.5621,0.0334,15.6484,-4.1758,23.2088,46.0659,-112.4835,2.1825,15.3647,-4.8206,23.2000,44.8543,-112.2452,1.6876,15.3647,-4.8206,23.2000,44.8543,-112.2452,1.6876,0,0,150,-50,0,0,0
349,1786708371.5913,1786708371.5954,0.03338,15.6484,-4.1758,23.3846,45.7143,-112.3956,2.1825,15.3371,-4.5274,23.5373,44.8111,-112.1871,1.6361,15.3371,-4.5274,23.5373,44.8111,-112.1871,1.6361,0,0,100,-150,50,0,0
350,1786708371.6247,1786708371.8451,0.03338,15.6484,-4.1758,23.4725,45.5385,-112.4835,2.1825,16.6038,-3.6462,23.2501,44.7366,-114.0642,2.0647,16.6038,-3.6462,23.2501,44.7366,-114.0642,2.0647,0,0,0,-50,-50,0,1
351,1786708371.8463,1786708371.8516,0.22159,15.6484,-4.0879,23.8242,45.3626,-112.3956,2.1825,16.5444,-3.5616,23.7410,44.0905,-113.9184,1.9307,16.5444,-3.5616,23.7410,44.0905,-113.9184,1.9307,0,0,0,0,0,0,1
352,1786708371.8796,1786708371.8851,0.03335,15.6484,-4.0879,23.8242,45.3626,-112.4835,2.1825,16.3615,-3.7070,24.0005,43.4882,-113.5555,1.8710,16.3615,-3.7070,24.0005,43.4882,-113.5555,1.8710,0,0,0,0,-50,0,0
353,1786708371.913,1786708371.9173,0.03341,15.7363,-3.8242,23.9121,44.8352,-112.9231,2.1825,16.1244,-4.1745,24.6434,42.7306,-113.3588,1.8153,16.1244,-4.1745,24.6434,42.7306,-113.3588,1.8153,0,50,0,-200,-200,0,0
354,1786708371.9464,1786708371.9506,0.03336,15.7363,-3.4725,24.2637,44.3956,-113.2747,2.1825,16.0833,-4.1454,24.8424,42.2955,-113.3093,1.8005,16.0833,-4.1454,24.8424,42.2955,-113.3093,1.8005,0,100,100,-150,-250,0,0
355,1786708371.9798,1786708371.984,0.03343,15.8242,-3.4725,24.7033,43.8681,-113.2747,2.1825,15.8393,-4.1549,25.0360,41.8830,-113.3375,1.8522,15.8393,-4.1549,25.0360,41.8830,-113.3375,1.8522,0,0,150,-200,0,0,0
356,1786708372.0132,1786708372.018,0.03341,16.0000,-3.4725,24.9670,43.3407,-113.2747,2.1825,15.6827,-4.5798,24.8624,41.6073,-113.2949,1.8668,15.6827,-4.5798,24.8624,41.6073,-113.2949,1.8668,50,0,100,-150,0,0,0
357,1786708372.0466,1786708372.051,0.03337,16.0879,-3.4725,24.9670,42.8132,-113.2747,2.1825,15.4385,-4.1206,25.5737,41.3827,-113.1555,1.9107,15.4385,-4.1206,25.5737,41.3827,-113.1555,1.9107,0,0,0,-200,0,0,0
358,1786708372.08,1786708372.0841,0.03341,16.0879,-3.4725,25.0549,42.4615,-113.2747,2.1825,15.1644,-4.3267,25.1877,41.3168,-113.3010,1.8773,15.1644,-4.3267,25.1877,41.3168,-113.3010,1.8773,0,0,50,-150,0,0,0
359,1786708372.1134,1786708372.118,0.0334,16.0879,-3.4725,25.4066,42.1978,-113.2747,2.1825,14.9203,-4.1257,25.2961,41.2713,-112.9610,1.8569,14.9203,-4.1257,25.2961,41.2713,-112.9610,1.8569,0,0,100,-100,0,0,0
360,1786708372.1468,1786708372.1519,0.0334,15.7363,-3.4725,25.5824,42.1099,-113.2747,2.1825,14.5484,-4.1779,24.9363,41.2710,-112.9319,1.8923,14.5484,-4.1779,24.9363,41.2710,-112.9319,1.8923,-100,0,50,-50,0,0,0
361,1786708372.1802,1786708372.185,0.03344,15.4725,-3.4725,25.5824,42.0220,-113.2747,2.1825,14.1091,-4.1519,24.8758,41.3243,-112.9409,1.8786,14.1091,-4.1519,24.8758,41.3243,-112.9409,1.8786,-100,0,0,-50,0,0,0
362,1786708372.2135,1786708372.2181,0.0333,15.1209,-3.4725,25.5824,41.9341,-113.2747,2.1825,13.6166,-4.6625,24.4631,41.3583,-112.8574,1.8334,13.6166,-4.6625,24.4631,41.3583,-112.8574,1.8334,-150,0,0,-50,0,0,0
363,1786708372.247,1786708372.2515,0.03343,14.7692,-3.4725,25.5824,41.8462,-113.2747,2.1825,13.1777,-4.8842,24.3105,41.4650,-112.8232,1.8663,13.1777,-4.8842,24.3105,41.4650,-112.8232,1.8663,-100,0,0,-50,0,0,0
364,1786708372.2804,1786708372.2849,0.03341,14.3297,-3.4725,25.5824,41.8462,-113.2747,2.1825,12.8818,-4.7062,24.4188,41.2286,-112.6088,1.8208,12.8818,-4.7062,24.4188,41.2286,-112.6088,1.8208,-150,0,0,0,0,0,0
365,1786708372.3137,1786708372.3187,0.03335,13.8901,-3.4725,25.5824,41.8462,-113.2747,2.1825,12.6673,-4.9833,24.4628,41.0622,-112.7178,1.8107,12.6673,-4.9833,24.4628,41.0622,-112.7178,1.8107,-150,0,0,0,0,0,0
366,1786708372.3471,1786708372.3516,0.03341,13.5385,-3.4725,25.5824,41.8462,-113.2747,2.1825,12.4200,-4.8817,24.3404,40.9698,-112.6109,1.7653,12.4200,-4.8817,24.3404,40.9698,-112.6109,1.7653,-100,0,0,0,0,0,0
367,1786708372.3805,1786708372.3849,0.03333,13.1868,-3.4725,25.5824,41.7582,-113.1868,2.1825,12.3078,-4.9305,24.7383,40.6008,-112.3915,1.8350,12.3078,-4.9305,24.7383,40.6008,-112.3915,1.8350,-100,0,0,-50,0,0,0
368,1786708372.4138,1786708372.4183,0.03338,13.0110,-3.4725,25.5824,41.7582,-113.1868,2.1825,12.1494,-4.9442,24.7030,40.4013,-112.1001,1.8661,12.1494,-4.9442,24.7030,40.4013,-112.1001,1.8661,-100,0,0,0,0,0,0
369,1786708372.4473,1786708372.4517,0.03341,12.8352,-3.4725,25.5824,41.3187,-112.9231,2.1825,12.0281,-5.3172,25.3507,40.1272,-112.1461,1.8310,12.0281,-5.3172,25.3507,40.1272,-112.1461,1.8310,-50,0,0,-150,100,0,0
370,1786708372.4806,1786708372.4851,0.03339,12.5714,-3.4725,25.5824,41.1429,-112.7473,2.1825,11.8078,-5.3322,25.5650,39.8874,-111.8619,1.8575,11.8078,-5.3322,25.5650,39.8874,-111.8619,1.8575,-50,0,0,-50,50,0,0
371,1786708372.514,1786708372.5185,0.03336,12.4835,-3.4725,25.6703,40.7912,-112.7473,2.1825,11.6294,-5.9060,25.7574,39.6465,-111.6934,1.8747,11.6294,-5.9060,25.7574,39.6465,-111.6934,1.8747,-100,0,0,-100,0,0,0
372,1786708372.5474,1786708372.5521,0.03341,12.3077,-3.4725,25.9341,40.5275,-112.4835,2.1825,11.5465,-6.1797,26.3722,39.1782,-111.7794,1.8774,11.5465,-6.1797,26.3722,39.1782,-111.7794,1.8774,-50,0,50,-100,100,0,0
373,1786708372.5808,1786708372.5853,0.03337,12.1319,-3.4725,25.9341,40.3516,-112.3077,2.1825,11.3958,-6.6076,26.8920,38.7747,-111.5908,1.9095,11.3958,-6.6076,26.8920,38.7747,-111.5908,1.9095,-50,0,0,-50,50,0,0
374,1786708372.6142,1786708372.6185,0.03344,12.0440,-3.5604,26.3736,39.9121,-112.3077,2.1825,11.2973,-7.0453,27.7569,38.4467,-111.0076,1.9030,11.2973,-7.0453,27.7569,38.4467,-111.0076,1.9030,-50,0,150,-150,0,0,0
375,1786708372.6476,1786708372.6521,0.03336,11.8681,-3.8242,26.9011,39.5604,-112.1319,2.1825,11.3588,-7.7364,28.5431,37.9830,-110.9692,1.9438,11.3588,-7.7364,28.5431,37.9830,-110.9692,1.9438,-100,-100,150,-150,50,0,0
376,1786708372.6811,1786708372.6856,0.03346,11.7802,-4.0879,27.6923,39.2088,-111.7802,2.1825,11.4661,-8.5103,29.6192,37.1656,-110.3260,1.9403,11.4661,-8.5103,29.6192,37.1656,-110.3260,1.9403,0,-100,250,-100,150,0,0
377,1786708372.7144,1786708372.7189,0.03336,11.6923,-4.5275,28.3956,38.8571,-111.5165,2.1825,11.3782,-9.6374,31.3570,36.2715,-109.0257,2.0683,11.3782,-9.6374,31.3570,36.2715,-109.0257,2.0683,0,-150,300,-100,50,0,0
378,1786708372.7478,1786708372.7525,0.03335,11.7802,-5.0549,29.1868,38.2418,-111.1648,2.1825,11.6315,-10.7698,32.7332,35.1820,-107.5719,2.1038,11.6315,-10.7698,32.7332,35.1820,-107.5719,2.1038,50,-200,250,-200,150,0,0
379,1786708372.7812,1786708372.7855,0.03347,11.7802,-5.8462,30.5055,37.4505,-110.4615,2.1825,11.8671,-12.2791,34.4589,33.7635,-105.5711,2.1459,11.8671,-12.2791,34.4589,33.7635,-105.5711,2.1459,0,-200,450,-300,200,0,0
380,1786708372.8146,1786708372.8188,0.03332,11.7802,-6.9890,31.9121,36.6593,-109.3187,2.1825,11.8338,-14.3780,36.7428,31.9372,-103.1158,2.1794,11.8338,-14.3780,36.7428,31.9372,-103.1158,2.1794,0,-400,450,-250,400,0,0
381,1786708372.848,1786708372.8523,0.03341,11.6923,-8.1319,33.3187,35.5165,-108.0000,2.1825,11.8396,-16.5247,38.8042,29.9289,-100.4549,2.2562,11.8396,-16.5247,38.8042,29.9289,-100.4549,2.2562,0,-400,500,-350,450,0,0
382,1786708372.8814,1786708372.886,0.03344,11.6923,-9.7143,34.9890,34.1978,-106.0659,2.1825,11.9030,-18.3981,41.0574,28.0367,-99.0205,2.2432,11.9030,-18.3981,41.0574,28.0367,-99.0205,2.2432,0,-500,600,-400,650,0,0
383,1786708372.9148,1786708372.919,0.03335,11.6923,-11.5604,36.9231,32.6154,-104.0440,2.1825,11.6921,-20.6488,43.1050,26.1913,-97.8399,2.2354,11.6921,-20.6488,43.1050,26.1913,-97.8399,2.2354,0,-650,650,-550,700,0,0
384,1786708372.9481,1786708372.953,0.03338,11.7802,-13.5824,38.9451,30.8571,-102.0220,2.1825,11.6596,-22.7803,45.1950,24.8380,-97.4663,2.1845,11.6596,-22.7803,45.1950,24.8380,-97.4663,2.1845,50,-650,650,-600,650,0,0
385,1786708372.9816,1786708372.986,0.03342,11.7802,-15.4286,41.0549,29.0110,-100.5275,2.1825,11.3457,-24.8360,47.0338,23.6485,-97.5153,2.1871,11.3457,-24.8360,47.0338,23.6485,-97.5153,2.1871,0,-650,750,-600,600,0,0
386,1786708373.0149,1786708373.0191,0.03338,11.7802,-17.5385,43.1648,27.5165,-99.4725,2.1825,11.2183,-27.1882,48.7853,23.0439,-97.7440,2.1829,11.2183,-27.1882,48.7853,23.0439,-97.7440,2.1829,0,-700,700,-550,350,0,0
387,1786708373.0484,1786708373.0525,0.03342,11.6923,-19.6484,45.0989,26.1978,-98.9451,2.1825,10.9349,-29.6265,50.7401,22.4799,-97.9572,2.1397,10.9349,-29.6265,50.7401,22.4799,-97.9572,2.1397,-50,-700,700,-500,150,0,0
388,1786708373.0817,1786708373.0859,0.03338,11.6923,-21.8462,47.0330,25.0549,-98.6813,2.1825,10.4839,-32.2325,52.2468,22.8301,-97.5864,2.2215,10.4839,-32.1978,52.2468,22.8301,-97.5864,2.2215,0,-700,650,-350,100,0,0
389,1786708373.1151,1786708373.1195,0.0334,11.5165,-24.2198,48.8791,24.3516,-98.5055,2.1825,10.1546,-35.2864,54.0257,23.1449,-97.8880,2.1501,10.1546,-34.4835,54.0257,23.1449,-97.8880,2.1501,-100,-800,650,-250,50,0,0
390,1786708373.1485,1786708373.1527,0.03337,11.1648,-26.5934,50.7253,24.0879,-98.3297,2.1825,9.7441,-38.3621,56.1514,23.9014,-97.6250,2.1679,9.7441,-36.8571,56.1514,23.9014,-97.6250,2.1679,-100,-850,600,-50,100,0,0
391,1786708373.1819,1786708373.1865,0.03341,10.5495,-29.0549,52.4835,24.0000,-98.2418,2.1825,9.4062,-41.6120,57.4894,25.0887,-97.4808,2.2027,9.4062,-39.3187,57.4894,25.0887,-97.4808,2.2027,-200,-800,550,-50,50,0,0
392,1786708373.2153,1786708373.2197,0.03337,10.1099,-31.4286,54.2418,24.0879,-98.1538,2.1825,8.8824,-45.3449,59.2132,26.4775,-97.4508,2.0879,8.8824,-41.7802,59.2132,26.4775,-97.4508,2.0879,-150,-850,650,0,50,0,0
393,1786708373.2487,1786708373.253,0.0334,9.7582,-33.8901,56.0000,24.5275,-97.9780,2.1825,8.2567,-49.4034,61.2444,28.1665,-97.0591,2.0615,8.2567,-44.2418,61.2444,28.1665,-97.0591,2.0615,-150,-850,550,100,50,0,0
394,1786708373.2821,1786708373.2865,0.03344,9.4945,-36.3516,57.4945,25.5824,-97.8901,2.1825,7.3823,-53.0480,63.1866,30.4414,-96.6871,2.0722,7.3823,-46.7033,63.1866,30.4414,-96.6871,2.0722,-100,-800,500,350,0,0,0
395,1786708373.3155,1786708373.3197,0.03334,9.2308,-38.9011,59.4286,26.6374,-97.5385,2.1825,6.5969,-56.7151,64.7778,32.8953,-96.1698,2.1026,6.5969,-49.2527,64.7778,32.8953,-96.1698,2.1026,-150,-850,650,350,100,0,0
396,1786708373.3489,1786708373.3533,0.03342,8.4396,-41.5385,61.2747,28.2198,-97.2747,2.1825,5.8131,-60.4732,66.7585,35.3765,-95.1983,2.0599,5.8131,-51.8022,66.7585,35.3765,-95.1983,2.0599,-250,-900,700,550,150,0,0
397,1786708373.3823,1786708373.3869,0.03341,7.4725,-44.0000,63.1209,30.1538,-96.8352,2.1825,4.7682,-64.7084,68.5211,38.5586,-93.8959,2.0689,4.7682,-54.3516,68.5211,38.5586,-93.8959,2.0689,-300,-800,600,700,150,0,0
398,1786708373.4156,1786708373.42,0.03334,6.6813,-46.5495,64.9670,32.2637,-96.2198,2.1825,4.1986,-68.5343,69.7125,42.0420,-92.5876,2.1138,4.1986,-56.9011,69.7125,42.0420,-92.5876,2.1138,-300,-850,600,700,200,0,0
399,1786708373.449,1786708373.4535,0.0334,6.0659,-49.1868,66.9011,34.5495,-95.3407,2.1825,3.5959,-72.1663,70.8898,45.4456,-90.8658,2.1062,3.5959,-59.5385,70.8898,44.8132,-90.8658,2.1062,-200,-900,650,750,300,0,0
400,1786708373.4825,1786708373.7034,0.03342,5.4505,-51.7363,68.4835,37.2747,-94.1978,2.1825,6.2232,-47.6994,59.3234,37.7589,-93.0663,1.4174,6.2232,-48.2418,61.0330,37.7589,-93.0663,1.4174,-150,-850,550,900,350,0,1
401,1786708373.7045,1786708373.71,0.22206,3.6923,-58.2418,71.0330,44.3077,-91.2967,2.1825,7.7977,-46.6507,55.7238,40.0971,-91.1027,1.1913,7.7977,-48.2418,61.0330,40.0971,-91.1027,1.1913,-100,-100,0,100,50,0,1
402,1786708373.7378,1786708373.7426,0.03326,3.6923,-58.3297,71.0330,44.3956,-91.2967,2.1825,9.4419,-46.2399,52.8596,42.5770,-89.0613,0.9564,9.4419,-48.3297,61.0330,42.5770,-89.0613,0.9564,0,-50,0,0,0,0,0
403,1786708373.7712,1786708373.776,0.03342,4.3077,-57.8022,70.7692,43.8681,-91.2967,1.9180,11.4916,-45.9779,50.3157,45.7398,-86.1769,0.6758,11.4916,-47.6264,60.5934,45.7398,-86.1769,0.6758,150,300,0,-100,0,-150,0
404,1786708373.8046,1786708373.809,0.03336,6.0659,-55.5165,68.9231,42.8132,-90.5934,1.6534,13.5903,-45.4455,47.6384,48.7819,-82.9802,0.7410,13.5903,-45.4455,58.6593,48.7819,-82.9802,0.7410,650,650,-550,-400,200,-100,0
405,1786708373.838,1786708373.8425,0.03341,8.5275,-52.5275,66.2857,42.7253,-89.1868,1.5873,15.5721,-45.3095,45.9783,51.4710,-79.2804,0.7357,15.5721,-45.3095,55.9341,51.4710,-79.2804,0.7357,800,1050,-950,50,350,-50,0
406,1786708373.8714,1786708373.8758,0.03338,10.5495,-49.6264,63.8242,44.3077,-86.8132,1.5212,17.6937,-44.7743,43.8719,53.7637,-75.1145,0.8538,17.6937,-44.7743,53.5604,53.7637,-76.5495,0.8538,700,950,-800,350,800,-50,0
407,1786708373.9047,1786708373.9091,0.03335,12.0440,-47.6923,61.8022,46.9451,-84.2637,1.5212,19.6495,-44.8696,43.7924,55.3302,-70.1717,0.8854,19.6495,-44.8696,51.4505,55.3302,-73.8242,0.8854,500,750,-700,900,900,0,0
408,1786708373.9381,1786708373.9425,0.03342,14.0659,-46.4615,59.6044,49.6703,-81.2747,1.5212,21.8735,-44.1173,43.2138,55.8435,-65.0312,0.9353,21.8735,-44.1173,49.2527,55.8435,-71.0110,0.9353,650,450,-700,850,1000,0,0
409,1786708373.9715,1786708373.9758,0.03339,16.4396,-45.8462,57.1429,51.9560,-78.8132,1.4550,23.9620,-43.9842,43.5930,55.9189,-60.4307,0.9262,23.9620,-43.9842,46.8791,55.9189,-68.3736,0.9262,800,200,-800,850,900,0,0
410,1786708374.0049,1786708374.0092,0.03336,18.6374,-45.0549,54.9451,53.4505,-75.9121,1.4550,25.7555,-43.8169,43.9000,55.8014,-55.3559,0.9422,25.7555,-43.8169,44.6813,55.8014,-65.5604,0.9422,750,250,-750,550,950,0,0
411,1786708374.0383,1786708374.0427,0.0334,20.3956,-44.4396,52.7473,54.2418,-73.1868,1.4550,27.4643,-43.4421,44.5062,55.1235,-50.9100,0.9917,27.4643,-43.4421,44.5062,55.1235,-62.8352,0.9917,650,250,-750,250,900,0,0
412,1786708374.0717,1786708374.0761,0.03342,22.3297,-44.0879,50.4615,54.6813,-70.4615,1.4550,29.0839,-42.7284,44.6373,54.4465,-47.6370,1.0703,29.0839,-42.7284,44.6373,54.4465,-60.1099,1.0703,650,150,-750,200,950,0,0
413,1786708374.1051,1786708374.1094,0.03335,24.2637,-43.8242,48.8791,54.6813,-67.7363,1.4550,30.2290,-41.6769,45.2857,54.0435,-45.4286,1.1486,30.2290,-41.6769,45.2857,54.0435,-57.3846,1.1486,650,100,-650,0,850,0,0
414,1786708374.1385,1786708374.1427,0.03341,26.2857,-43.2967,48.0879,54.6813,-65.0110,1.4550,31.4180,-40.4412,45.2308,53.3059,-43.8426,1.0762,31.4180,-40.4412,45.2308,53.3059,-54.7473,1.0762,700,150,-250,0,950,0,0
415,1786708374.1719,1786708374.1762,0.03343,27.8681,-42.4176,47.8242,54.5934,-62.1978,1.4550,32.1725,-39.0257,45.3125,52.9616,-42.7362,1.0538,32.1725,-39.0257,45.3125,52.9616,-51.9341,1.0538,550,300,-50,-50,950,0,0
416,1786708374.2052,1786708374.2107,0.03331,29.2747,-41.3626,47.8242,54.2418,-59.5604,1.4550,32.6579,-36.9900,44.9608,52.3394,-42.7464,1.0776,32.6579,-36.9900,44.9608,52.3394,-49.2088,1.0776,450,350,0,-100,950,0,0
417,1786708374.2386,1786708374.2429,0.03342,30.0659,-40.2198,47.8242,53.8022,-56.7473,1.4550,32.7330,-34.7213,44.4948,51.8803,-43.8027,1.0497,32.7330,-34.7213,44.4948,51.8803,-46.3956,1.0497,300,350,0,-150,950,0,0
418,1786708374.272,1786708374.2764,0.0334,30.9451,-38.7253,47.4725,53.3626,-54.0220,1.4550,32.5715,-32.2459,43.8270,51.3835,-44.2267,1.0562,32.5715,-32.2459,43.8270,51.3835,-44.2267,1.0562,300,450,-150,-200,950,0,0
419,1786708374.3054,1786708374.3096,0.03337,31.6484,-36.9670,47.0330,52.9231,-51.2967,1.4550,32.2402,-30.1741,43.3385,51.0133,-45.7518,0.9924,32.2402,-30.1741,43.3385,51.0133,-45.7518,0.9924,250,600,-150,-150,950,0,0
420,1786708374.3388,1786708374.3429,0.0334,32.0000,-34.9451,46.5934,52.3956,-48.6593,1.4550,32.2360,-28.1579,42.1415,50.7379,-46.2183,0.9282,32.2360,-28.1579,42.1415,50.7379,-46.2183,0.9282,200,650,-150,-150,850,0,0
421,1786708374.3722,1786708374.3766,0.03341,32.0000,-32.7473,46.0659,52.0440,-47.1648,1.4550,31.8691,-26.0930,41.2526,50.2773,-47.2959,0.7271,31.8691,-26.0930,41.2526,50.2773,-47.2959,0.7271,0,750,-200,-150,600,0,0
422,1786708374.4056,1786708374.4097,0.03337,31.5604,-30.5495,45.2747,51.6923,-47.0769,1.4550,31.5537,-24.1135,40.8922,49.7203,-48.0221,0.7520,31.5537,-24.1135,40.8922,49.7203,-48.0221,0.7520,-150,750,-200,-150,0,0,0
423,1786708374.439,1786708374.4431,0.03341,31.5604,-28.5275,44.3956,51.1648,-47.3407,1.4550,31.5719,-22.7025,40.5181,48.8675,-47.7731,0.5933,31.5719,-22.7025,40.5181,48.8675,-47.7731,0.5933,0,700,-300,-150,-100,0,0
424,1786708374.4724,1786708374.4767,0.03341,31.6484,-26.5934,43.6923,50.6374,-47.7802,1.4550,31.5704,-21.1216,40.6303,48.1830,-47.2536,0.6663,31.5704,-21.1216,40.6303,48.1830,-47.2536,0.6663,0,650,-200,-150,-150,0,0
425,1786708374.5058,1786708374.51,0.03337,31.8242,-24.5714,43.2527,49.9341,-47.7802,1.4550,31.7748,-19.6686,39.9906,47.0751,-47.1714,0.6955,31.7748,-19.6686,39.9906,47.0751,-47.1714,0.6955,50,650,-200,-200,0,0,0
426,1786708374.5392,1786708374.5434,0.03347,31.9121,-22.9011,43.1648,49.4066,-47.7802,1.4550,31.8128,-18.1332,40.1096,46.1960,-45.5888,0.6829,31.8128,-18.1332,40.1096,46.1960,-45.5888,0.6829,0,550,0,-200,0,0,0
427,1786708374.5726,1786708374.5767,0.03335,31.9121,-21.2308,42.8132,48.6154,-47.6044,1.4550,32.1325,-17.0185,40.2092,45.0919,-45.3895,0.8813,32.1325,-17.0185,40.2092,45.0919,-45.3895,0.8813,0,600,-150,-300,50,0,0
428,1786708374.606,1786708374.6101,0.0334,31.8242,-19.6484,42.5495,47.5604,-46.9890,1.4550,31.9684,-15.9296,39.8082,44.0728,-44.1084,0.7362,31.9684,-15.9296,39.8082,44.0728,-44.1084,0.7362,-50,500,-150,-350,200,0,0
429,1786708374.6393,1786708374.6436,0.03335,31.8242,-18.3297,42.5495,46.6813,-46.2857,1.4550,32.1240,-15.2022,39.8360,42.9793,-43.9402,1.0181,32.1240,-15.2022,39.8360,42.9793,-43.9402,1.0181,0,450,0,-250,200,0,0
430,1786708374.6728,1786708374.6769,0.03343,31.7363,-17.0110,42.4615,45.6264,-45.5824,1.4550,31.9037,-14.6140,39.9499,42.1130,-43.7539,1.6209,31.9037,-14.6140,39.9499,42.1130,-43.7539,1.6209,-50,450,-50,-300,200,0,0
431,1786708374.7062,1786708374.7106,0.03345,31.8242,-15.8681,42.4615,44.7473,-44.9670,1.4550,31.9658,-14.1790,40.6395,41.0893,-43.9548,2.8766,31.9658,-14.1790,40.6395,41.0893,-43.9548,2.8766,50,400,0,-300,200,0,0
432,1786708374.7395,1786708374.7437,0.03333,31.8242,-15.0769,42.3736,43.6923,-44.6154,1.5873,31.5280,-14.4408,41.1740,40.4333,-44.9751,5.1527,31.5280,-14.4408,41.1740,40.4333,-44.9751,5.1527,0,300,0,-350,50,100,0
433,1786708374.773,1786708374.7771,0.03342,31.9121,-14.5495,42.3736,42.8132,-44.6154,2.0503,31.3299,-14.3323,41.5886,40.0463,-45.5843,7.7670,31.3299,-14.3323,41.5886,40.0463,-45.5843,7.7670,50,250,0,-300,50,100,0
434,1786708374.8063,1786708374.8105,0.03337,31.9121,-14.4615,42.4615,41.9341,-44.7033,3.1085,30.9620,-14.5571,42.0247,39.7969,-46.7322,11.1045,30.9620,-14.5571,42.0247,39.7969,-46.7322,11.1045,0,0,50,-250,0,500,0
435,1786708374.8397,1786708374.8439,0.0334,31.8242,-14.4615,42.4615,41.3187,-45.2308,4.6958,30.6684,-14.8706,42.6096,39.4632,-47.6972,14.3429,30.6684,-14.8706,42.6096,39.4632,-47.6972,14.3429,-50,0,0,-250,-200,800,0
436,1786708374.8732,1786708374.8774,0.03347,31.5604,-14.4615,42.4615,40.7912,-45.8462,6.9444,30.3712,-15.4222,43.1739,39.2466,-48.3987,17.1028,30.3712,-15.4222,43.1739,39.2466,-48.3987,17.1028,-100,0,0,-200,-150,950,0
437,1786708374.9065,1786708374.9109,0.03331,31.1209,-14.4615,42.7253,40.4396,-46.5495,9.3254,30.2210,-15.6961,44.0865,38.7059,-48.9019,19.4645,30.2210,-15.6961,44.0865,38.7059,-48.9019,19.4645,-100,0,150,-100,-250,1100,0
438,1786708374.9399,1786708374.9441,0.03339,30.8571,-14.4615,43.2527,40.0879,-47.3407,12.0370,29.9644,-16.0567,44.9349,38.5838,-49.7013,21.1854,29.9644,-16.0567,44.9349,38.5838,-49.7013,21.1854,-100,0,200,-150,-300,1200,0
439,1786708374.9734,1786708374.9775,0.03347,30.5934,-14.5495,43.7802,39.5604,-47.9560,14.7487,30.1346,-15.8594,44.8808,38.3665,-49.9236,22.1423,30.1346,-15.8594,44.8808,38.3665,-49.9236,22.1423,-100,0,200,-150,-250,1200,0
440,1786708375.0067,1786708375.0109,0.03335,30.5055,-14.5495,44.6593,39.2967,-48.4835,17.0635,29.8507,-16.4022,45.5541,38.1660,-49.8560,22.7099,29.8507,-16.4022,45.5541,38.1660,-49.8560,22.7099,-50,0,300,-100,-200,1100,0
441,1786708375.0401,1786708375.0446,0.03337,30.3297,-14.5495,44.8352,39.2088,-49.0110,19.0476,29.9653,-16.2879,45.7988,38.1196,-49.5730,22.9351,29.9653,-16.2879,45.7988,38.1196,-49.5730,22.9351,0,0,100,-50,-150,800,0
442,1786708375.0735,1786708375.078,0.03342,30.2418,-14.5495,45.1868,38.9451,-49.3626,20.3042,29.8291,-16.2706,46.5910,37.7429,-49.2087,23.0545,29.8291,-16.2706,46.5910,37.7429,-49.2087,23.0545,-50,0,150,-100,-150,700,0
443,1786708375.1069,1786708375.1111,0.03338,30.1538,-14.6374,45.7143,38.6813,-49.3626,21.2302,29.7609,-16.2530,46.9414,37.7246,-49.2073,23.1332,29.7609,-16.2530,46.9414,37.7246,-49.2073,23.1332,0,-50,150,-50,0,400,0
444,1786708375.1403,1786708375.1447,0.03342,29.9780,-14.5495,46.3297,38.4176,-49.3626,21.7593,29.6310,-16.4485,47.2548,37.5117,-49.0624,23.2638,29.6310,-16.4485,47.2548,37.5117,-49.0624,23.2638,-50,0,150,-100,0,250,0
445,1786708375.1737,1786708375.1779,0.03338,29.8901,-14.5495,46.9451,38.3297,-49.3626,22.2222,29.9657,-15.9353,48.1239,37.1577,-48.7319,23.3508,29.9657,-15.9353,48.1239,37.1577,-48.7319,23.3508,-50,0,200,-50,0,200,0
446,1786708375.2071,1786708375.2113,0.03339,29.8901,-14.5495,47.2088,38.0659,-49.2747,22.5529,29.9747,-15.3936,48.7862,36.8113,-49.2180,23.4365,29.9747,-15.3936,48.7862,36.8113,-49.2180,23.4365,0,0,100,-100,50,150,0
447,1786708375.2405,1786708375.2447,0.03338,29.9780,-14.6374,47.8242,37.8022,-49.2747,22.7513,29.8923,-15.1333,48.3029,36.6435,-48.9303,23.4302,29.8923,-15.1333,48.3029,36.6435,-48.9303,23.4302,50,-50,250,-100,0,100,0
448,1786708375.2739,1786708375.278,0.03342,29.9780,-14.5495,48.4396,37.4505,-49.3626,23.0159,29.9768,-14.9872,49.0321,36.4117,-48.6331,23.5346,29.9768,-14.9872,49.0321,36.4117,-48.6331,23.5346,0,0,250,-100,0,100,0
449,1786708375.3073,1786708375.3115,0.03342,29.9780,-14.5495,48.5275,37.3626,-49.2747,23.0159,29.9574,-14.5064,49.5554,36.0668,-49.5115,23.5080,29.9574,-14.5064,49.5554,36.0668,-49.5115,23.5080,0,50,0,0,50,0,0
450,1786708375.3407,1786708375.5598,0.03337,30.0659,-14.5495,48.7912,37.0110,-49.2747,23.0159,35.1231,-15.8392,49.4458,33.1621,-50.7945,22.5121,35.1231,-15.8392,49.4458,33.1621,-50.7945,22.5121,50,0,50,-150,0,0,1
451,1786708375.561,1786708375.5662,0.22028,30.0659,-14.3736,49.7582,36.5714,-49.3626,23.0159,35.2493,-15.5678,49.8887,32.7801,-50.9023,22.4998,35.2493,-15.5678,49.8887,32.7801,-50.9023,22.4998,0,0,0,0,0,0,1
452,1786708375.5943,1786708375.5991,0.03328,30.0659,-14.3736,49.7582,36.5714,-49.3626,23.0159,35.2412,-15.1547,50.3966,32.6657,-50.9695,22.3202,35.2412,-15.1547,50.3966,32.6657,-50.9695,22.3202,0,0,0,0,0,0,0
453,1786708375.6277,1786708375.6323,0.03339,30.5055,-14.3736,49.9341,35.6044,-49.7143,22.7513,35.3690,-15.3472,50.7424,32.4482,-50.9499,22.3008,35.3690,-15.3472,50.7424,32.4482,-50.9499,22.3008,250,0,50,-350,-150,-100,0
454,1786708375.661,1786708375.6655,0.03338,32.0879,-14.3736,50.3736,34.2857,-50.2418,22.5529,35.6342,-15.2528,50.9151,32.3539,-50.9569,22.2656,35.6342,-15.2528,50.9151,32.3539,-50.9569,22.2656,550,0,150,-400,-150,-100,0
455,1786708375.6944,1786708375.699,0.03341,33.7582,-14.3736,50.7253,33.7582,-50.5934,22.4868,35.5075,-15.1759,51.2280,32.3658,-50.9953,22.2031,35.5075,-15.1759,51.2280,32.3658,-50.9953,22.2031,600,0,150,-200,-150,0,0
456,1786708375.7279,1786708375.7324,0.03342,34.5495,-14.3736,50.8132,33.4945,-50.6813,22.5529,35.3631,-15.1176,50.9582,32.3740,-51.2387,22.1344,35.3631,-15.1176,50.9582,32.3740,-51.2387,22.1344,250,0,0,-150,0,50,0
457,1786708375.7612,1786708375.7659,0.03334,34.6374,-14.3736,51.1648,33.2308,-50.6813,22.4868,35.3782,-15.1481,51.0803,32.3247,-51.2316,21.9892,35.3782,-15.1481,51.0803,32.3247,-51.2316,21.9892,50,0,100,-50,0,-50,0
458,1786708375.7946,1786708375.7992,0.03337,34.4615,-14.3736,51.1648,33.0549,-50.5934,22.4868,35.2753,-14.8614,50.9705,32.2583,-51.3014,21.7985,35.2753,-14.8614,50.9705,32.2583,-51.3014,21.7985,-50,0,0,-100,50,0,0
459,1786708375.828,1786708375.8327,0.03342,34.5495,-14.3736,51.2527,32.8791,-50.5934,22.2884,35.4009,-14.6479,50.8040,31.8107,-51.5177,21.5407,35.4009,-14.6479,50.8040,31.8107,-51.5177,21.5407,50,0,50,-100,0,-100,0
460,1786708375.8613,1786708375.8659,0.03335,35.0769,-14.3736,51.3407,32.7912,-50.8571,22.0899,35.1927,-14.5407,50.8372,31.9499,-51.3920,20.9173,35.1927,-14.5407,50.8372,31.9499,-51.3920,20.9173,200,0,0,-50,-100,-150,0
461,1786708375.8947,1786708375.8993,0.03338,35.1648,-14.3736,51.3407,32.6154,-51.1209,21.8915,35.3639,-14.3533,50.7167,31.7406,-51.7451,19.9211,35.3639,-14.3533,50.7167,31.7406,-51.7451,19.9211,50,0,0,-50,-50,-50,0
462,1786708375.9281,1786708375.9327,0.03337,34.9890,-14.3736,51.3407,32.4396,-51.1209,21.4286,35.2238,-14.6373,50.4051,31.7401,-52.0565,18.5835,35.2238,-14.6373,50.4051,31.7401,-52.0565,18.5835,-100,0,0,-50,0,-200,0
463,1786708375.9615,1786708375.9663,0.03339,34.7253,-14.1978,51.3407,32.4396,-51.2967,20.7672,35.1490,-14.8980,50.3741,31.7207,-52.2571,16.8493,35.1490,-14.8980,50.3741,31.7207,-52.2571,16.8493,-100,50,0,0,-50,-250,0
464,1786708375.9949,1786708375.9993,0.0334,34.7253,-14.1099,51.3407,32.4396,-51.5604,19.7751,35.2721,-15.1091,50.2606,31.5461,-52.5031,14.8755,35.2721,-15.1091,50.2606,31.5461,-52.5031,14.8755,0,50,0,0,-50,-450,0
465,1786708376.0284,1786708376.0329,0.03346,34.9890,-14.1099,51.3407,32.4396,-51.8242,18.5847,35.2447,-15.3676,49.8619,31.9149,-53.0509,12.5317,35.2447,-15.3676,49.8619,31.9149,-53.0509,12.5317,100,0,0,0,-100,-500,0
466,1786708376.0617,1786708376.0663,0.03336,35.0769,-14.1099,51.3407,32.3516,-52.1758,17.1958,35.5631,-15.3373,49.5599,32.2953,-53.5026,10.5310,35.5631,-15.3373,49.5599,32.2953,-53.5026,10.5310,100,0,0,-50,-100,-600,0
467,1786708376.0951,1786708376.0997,0.0334,35.0769,-14.1099,51.3407,32.3516,-52.5275,15.3439,35.6298,-15.4171,49.0718,32.1818,-53.5753,8.3712,35.6298,-15.4171,49.0718,32.1818,-53.5753,8.3712,0,0,0,0,-100,-850,0
468,1786708376.1285,1786708376.1333,0.03338,34.9890,-14.1099,51.3407,32.3516,-52.8791,13.4921,36.0548,-15.4420,49.1045,32.6389,-53.5745,6.4307,36.0548,-15.4420,49.1045,32.6389,-53.5745,6.4307,-50,0,0,0,-100,-850,0
469,1786708376.1619,1786708376.1667,0.03337,34.9011,-14.1099,51.1648,32.3516,-53.0549,11.7063,36.2409,-15.6882,49.3475,32.8179,-53.3591,4.3798,36.2409,-15.6882,49.3475,32.8179,-53.3591,4.3798,-50,0,-100,0,-50,-800,0
470,1786708376.1952,1786708376.2,0.03337,35.2527,-14.1099,51.1648,32.3516,-53.1429,9.6561,36.2998,-15.5416,49.3042,32.9699,-53.4490,2.8911,36.2998,-15.5416,49.3042,32.9699,-53.4490,2.8911,100,0,0,0,-50,-900,0
471,1786708376.2286,1786708376.2331,0.03337,35.7802,-14.1099,51.1648,32.3516,-53.1429,7.7381,36.2910,-15.9961,49.3775,32.9194,-53.4486,1.6852,36.2910,-15.9961,49.3775,32.9194,-53.4486,1.6852,200,0,0,0,0,-850,0
472,1786708376.262,1786708376.2665,0.03341,35.9560,-14.1099,51.1648,32.5275,-53.3187,5.7540,36.5199,-16.1626,49.8160,33.0317,-53.3593,0.7993,36.5199,-16.1626,49.8160,33.0317,-53.3593,0.7993,0,0,0,50,-50,-900,0
473,1786708376.2954,1786708376.2999,0.03334,35.9560,-14.1099,51.1648,32.6154,-53.3187,4.1005,36.3570,-17.1271,50.1118,33.3502,-53.2299,0.4293,36.3570,-17.1271,50.1118,33.3502,-53.2299,0.4293,0,0,0,0,0,-750,0
474,1786708376.3288,1786708376.3333,0.0334,35.6923,-14.1978,51.1648,32.6154,-53.2308,2.9101,36.3210,-17.8997,50.3001,33.3864,-53.0543,0.1911,36.3210,-17.8997,50.3001,33.3864,-53.0543,0.1911,-100,-50,0,0,0,-600,0
475,1786708376.3622,1786708376.3665,0.03344,35.6923,-14.4615,51.1648,32.8791,-53.1429,2.1164,36.3938,-19.2784,50.5064,33.5215,-52.9009,0.4398,36.3938,-19.2784,50.5064,33.5215,-52.9009,0.4398,0,-50,0,100,50,-350,0
476,1786708376.3955,1786708376.4003,0.03335,36.0440,-14.9890,51.1648,33.0549,-53.1429,1.6534,36.2098,-20.0938,50.8183,33.6462,-52.7143,0.9082,36.2098,-20.0938,50.8183,33.6462,-52.7143,0.9082,100,-150,0,50,0,-200,0
477,1786708376.429,1786708376.4334,0.03341,36.1319,-15.8681,51.1648,33.1429,-53.2308,1.5212,35.5927,-21.5900,50.9379,34.3708,-52.5283,1.2481,35.5927,-21.5900,50.9379,34.3708,-52.5283,1.2481,50,-250,0,0,-50,0,0
478,1786708376.4623,1786708376.4669,0.03336,36.0440,-16.9231,51.2527,33.2308,-53.2308,1.5212,35.3976,-23.5664,51.1983,35.0052,-52.6737,1.5149,35.3976,-23.5664,51.1983,35.0052,-52.6737,1.5149,-50,-350,50,50,0,0,0
479,1786708376.4957,1786708376.5003,0.0334,35.7802,-17.9780,51.2527,33.6703,-53.0549,1.5212,34.5895,-26.1263,50.9605,36.2831,-52.8827,1.7355,34.5895,-26.1263,50.9605,36.2831,-52.8827,1.7355,-50,-400,0,150,50,0,0
480,1786708376.5291,1786708376.5335,0.03337,35.6923,-19.3846,51.4286,34.2857,-52.9670,1.5212,33.6309,-28.6097,50.7580,37.8559,-53.4614,2.0098,33.6309,-28.6097,50.7580,37.8559,-53.4614,2.0098,-50,-450,50,200,0,0,0
481,1786708376.5625,1786708376.567,0.03338,35.5165,-21.2308,51.4286,35.0769,-52.9670,1.5873,32.1310,-31.5332,49.8063,39.8627,-54.1052,2.1429,32.1310,-31.4945,49.8063,39.8627,-54.1052,2.1429,-50,-600,0,250,0,0,0
482,1786708376.5959,1786708376.6008,0.0334,34.9011,-23.5165,51.4286,36.3077,-53.2308,1.7196,30.6775,-34.5083,49.0440,42.0165,-54.5574,2.2304,30.6775,-33.8681,49.0440,42.0165,-54.5574,2.2304,-150,-800,0,450,-50,100,0
483,1786708376.6292,1786708376.634,0.03335,33.7582,-25.8022,51.3407,37.7143,-53.5824,1.8519,28.6212,-37.2763,47.7726,44.1148,-55.3239,2.3007,28.6212,-36.0659,47.7726,44.1148,-55.3239,2.3007,-300,-800,0,450,-150,50,0
484,1786708376.6626,1786708376.6674,0.0334,32.5275,-28.2637,51.1648,39.3846,-53.8462,1.9180,26.3963,-40.0310,46.6911,45.9645,-55.8711,2.1855,26.3963,-38.5275,46.6911,45.9645,-55.8711,2.1855,-450,-850,-100,600,-150,50,0
485,1786708376.696,1786708376.7005,0.03337,31.0330,-30.6374,50.7253,41.3187,-54.5495,1.9180,23.9905,-42.4647,45.3166,47.3341,-56.6307,2.1401,23.9905,-40.9890,45.3166,47.3341,-56.6307,2.1401,-450,-800,-100,700,-250,0,0
486,1786708376.7294,1786708376.7341,0.03343,29.2747,-32.9231,49.8462,43.2527,-55.1648,1.9180,21.2349,-44.9631,44.7719,48.2477,-57.0209,2.0593,21.2349,-43.2747,44.7719,48.2477,-57.0209,2.0593,-600,-750,-300,650,-200,0,0
487,1786708376.7629,1786708376.7676,0.03343,27.1648,-35.4725,48.9670,44.8352,-55.6923,1.9180,18.6333,-47.3655,43.7871,48.7654,-57.4135,2.0012,18.6333,-45.8242,43.7871,48.7654,-57.4135,2.0012,-700,-850,-300,600,-250,0,0
488,1786708376.7962,1786708376.801,0.03336,25.0549,-37.9341,48.0000,46.1538,-56.2198,1.9180,15.7517,-49.4197,43.0693,49.0827,-57.3899,1.9660,15.7517,-48.2857,43.0693,49.0827,-57.3899,1.9660,-700,-800,-300,400,-200,0,0
489,1786708376.8296,1786708376.8345,0.03336,22.5934,-40.3956,47.2967,47.2088,-56.6593,1.9180,13.0619,-50.9905,42.8001,49.1009,-57.3705,2.0120,13.0619,-50.7473,42.8001,49.1009,-57.3705,2.0120,-800,-850,-250,300,-100,0,0
490,1786708376.8629,1786708376.8675,0.03335,20.0440,-42.8571,46.4176,47.8242,-56.7473,1.9180,10.5586,-52.2578,42.5658,48.2637,-57.2077,1.8944,10.5586,-52.2578,42.5658,48.2637,-57.2077,1.8944,-900,-800,-300,250,0,0,0
491,1786708376.8963,1786708376.9008,0.0334,17.4066,-45.4945,45.8901,48.2637,-56.9231,1.9180,7.8819,-53.5173,42.7849,46.8844,-56.5597,1.8485,7.8819,-53.5173,42.7849,46.8844,-56.5597,1.8485,-900,-850,-150,150,-50,0,0
492,1786708376.9297,1786708376.9339,0.0334,14.6813,-47.7802,45.3626,48.0879,-56.9231,1.9180,5.4740,-54.1907,43.4903,44.7900,-55.9099,1.7988,5.4740,-54.1907,43.4903,44.7900,-55.9099,1.7988,-950,-800,-200,-100,0,0,0
493,1786708376.9631,1786708376.9673,0.03336,11.9560,-49.7143,45.2747,47.7363,-56.9231,1.9180,3.2729,-54.4578,44.1643,41.8168,-54.7743,1.6270,3.2729,-54.4578,44.1643,41.8168,-54.7743,1.6270,-950,-700,0,-50,50,0,0
494,1786708376.9965,1786708377.0006,0.0334,9.4066,-51.0330,45.2747,46.5934,-56.6593,1.9180,1.1489,-54.8401,45.0525,38.4399,-53.3843,1.4306,1.1489,-54.8401,45.0525,38.4399,-53.3843,1.4306,-900,-450,0,-400,100,0,0
495,1786708377.0299,1786708377.0346,0.03338,7.1209,-52.0000,45.2747,44.9231,-55.8681,1.9180,-0.3917,-54.5487,45.8625,35.3323,-51.7380,1.3413,-0.3917,-54.5487,45.8625,35.3323,-51.7380,1.3413,-750,-250,0,-600,250,0,0
496,1786708377.0633,1786708377.0676,0.03344,4.9231,-52.6154,45.4505,42.7253,-54.9890,1.9180,-1.9047,-54.2043,46.8903,32.9747,-50.7393,1.2581,-1.9047,-54.2043,46.8903,32.9747,-50.7393,1.2581,-750,-200,50,-700,300,0,0
497,1786708377.0966,1786708377.1008,0.03333,2.8132,-52.8791,45.9780,40.1758,-53.7582,1.9180,-2.8833,-53.7632,47.5574,30.8745,-49.6199,1.2277,-2.8833,-53.7632,47.5574,30.8745,-49.6199,1.2277,-700,-100,200,-850,400,0,0
498,1786708377.1301,1786708377.1343,0.03341,0.9670,-52.9670,46.6813,37.4505,-52.5275,1.9180,-3.8103,-53.3726,48.3766,29.4343,-48.6467,1.2027,-3.8103,-53.3726,48.3766,29.4343,-48.6467,1.2027,-700,-50,200,-900,450,0,0
499,1786708377.1635,1786708377.1677,0.03341,-0.8791,-52.9670,47.5604,35.1648,-51.2967,1.8519,-4.2920,-52.7563,48.7175,27.9331,-47.6895,1.2165,-4.2920,-52.7563,48.7175,27.9331,-47.6895,1.2165,-650,0,300,-800,400,0,0
500,1786708377.1968,1786708377.4144,0.03338,-2.0220,-52.9670,48.1758,33.1429,-50.3297,1.8519,1.2911,-37.7832,34.7674,39.2504,-44.6206,1.6900,1.2911,-42.9670,38.7912,38.8352,-44.6206,1.6900,-350,0,250,-700,300,0,1
501,1786708377.4155,1786708377.4205,0.21868,-3.7802,-52.9670,48.7912,28.8352,-48.0440,1.7857,2.6146,-33.2525,28.9364,45.3239,-41.8296,1.7982,2.6146,-42.9670,38.7912,38.8352,-41.8296,1.7982,-50,0,0,-50,0,0,1
502,1786708377.4489,1786708377.4537,0.03333,-3.8681,-52.9670,48.7912,28.8352,-48.0440,1.7857,3.6359,-30.3556,24.4183,50.9223,-38.2248,1.7080,3.6359,-42.8791,38.7912,38.8352,-38.2248,1.7080,-50,0,0,0,0,0,0
503,1786708377.4822,1786708377.4869,0.03336,-3.6923,-52.0879,48.4396,29.4505,-47.1648,1.8519,4.7150,-26.5204,19.7379,56.7306,-34.2761,1.6472,4.7150,-41.8242,38.3516,39.7143,-36.9011,1.6472,0,350,-50,100,150,0,0
504,1786708377.5156,1786708377.52,0.03338,-1.5824,-49.4505,46.5055,31.8242,-44.5275,1.8519,5.7320,-23.6640,15.8970,62.4681,-30.3944,1.5787,5.7320,-39.0989,36.1538,42.2637,-34.0879,1.5787,750,700,-750,750,950,0,0
505,1786708377.549,1786708377.5534,0.0334,0.6154,-46.2857,43.8681,34.8132,-41.7143,1.8519,6.9093,-20.7479,11.9750,67.8153,-26.4217,1.5671,6.9093,-35.8462,33.6044,45.1648,-31.4505,1.5671,750,1100,-950,1000,850,0,0
506,1786708377.5824,1786708377.5868,0.03337,3.1648,-43.2088,41.7582,37.7143,-38.9890,1.8519,8.2385,-18.3756,8.7117,72.7965,-23.2244,1.6489,8.2385,-32.7692,31.4945,48.0659,-28.5495,1.6489,950,1050,-750,950,900,0,0
507,1786708377.6158,1786708377.6201,0.0334,4.6593,-40.2198,39.5604,40.5275,-36.1758,1.8519,9.3777,-16.7579,6.7487,76.4147,-19.6860,1.6980,9.3777,-29.9560,29.2967,50.8791,-25.9121,1.6980,500,1000,-800,950,950,0,0
508,1786708377.6492,1786708377.6536,0.0334,5.4505,-37.3187,37.2747,43.2527,-33.3626,1.8519,10.9207,-15.8064,5.7888,79.2202,-16.5228,1.7662,10.9207,-26.9670,26.9231,53.6923,-22.9231,1.7662,200,950,-750,950,950,0,0
509,1786708377.6826,1786708377.6872,0.03338,6.7692,-34.3297,34.8132,46.2418,-30.5495,1.8519,12.2522,-15.6446,6.0316,81.1031,-13.5981,1.8336,12.2522,-24.0659,24.5495,56.5934,-20.1978,1.8336,450,950,-800,1000,1000,0,0
510,1786708377.716,1786708377.7205,0.0334,8.0879,-31.3407,32.5275,49.0549,-27.9121,1.8519,13.7658,-15.9605,6.4757,82.4003,-10.5996,1.9056,13.7658,-20.9890,22.2637,59.4066,-17.6484,1.9056,400,1000,-800,950,900,0,0
511,1786708377.7493,1786708377.7537,0.03339,10.1099,-28.3516,30.4176,51.7802,-25.1868,1.8519,15.3200,-16.9475,7.6355,82.8748,-8.3348,1.9642,15.3200,-18.0000,20.0659,62.2198,-14.8352,1.9642,700,1050,-750,950,1000,0,0
512,1786708377.7827,1786708377.7872,0.03337,11.6044,-25.3626,28.0440,54.6813,-22.4615,1.8519,16.9740,-17.9167,8.4650,83.2147,-6.0754,2.0988,16.9740,-17.9167,17.7802,64.9451,-12.1099,2.0988,500,1050,-750,1000,900,0,0
513,1786708377.8161,1786708377.8205,0.03338,12.9231,-22.3736,25.7582,57.4945,-19.6484,1.8519,18.7785,-18.1345,9.4736,83.4784,-4.3942,2.1952,18.7785,-18.1345,15.3187,67.8462,-9.2967,2.1952,450,1050,-800,900,950,0,0
514,1786708377.8495,1786708377.8538,0.03337,14.2418,-20.0879,23.4725,60.2198,-16.8352,1.8519,20.5952,-18.5809,10.5357,83.4253,-2.8175,2.3137,20.5952,-18.5809,13.2967,70.5714,-6.5714,2.3137,500,850,-800,950,950,0,0
515,1786708377.8829,1786708377.8874,0.03341,15.8242,-19.1209,21.5385,63.2088,-14.0220,1.8519,22.3979,-19.3105,11.7502,83.5915,-1.4654,2.4583,22.3979,-19.3105,11.7502,73.5604,-3.5824,2.4583,550,400,-650,1000,1000,0,0
516,1786708377.9162,1786708377.9206,0.03337,17.9341,-19.1209,19.3407,66.0220,-11.2967,1.9180,23.7204,-18.9278,12.5029,83.0817,0.0413,2.4890,23.7204,-18.9278,12.5029,76.2857,-0.9451,2.4890,700,0,-750,950,900,50,0
517,1786708377.9496,1786708377.954,0.0334,19.7802,-19.2088,16.9670,68.6593,-8.5714,2.1164,25.6529,-19.3018,13.6189,82.8312,1.2475,2.5829,25.6529,-19.3018,13.6189,79.0989,1.2475,2.5829,600,-50,-750,900,950,50,0
518,1786708377.983,1786708377.9874,0.03338,21.2747,-19.2088,15.8242,71.2967,-5.7582,2.1825,27.2113,-19.2762,14.9018,82.3325,2.7146,2.6324,27.2113,-19.2762,14.9018,81.5604,2.7146,2.6324,600,0,-550,800,950,50,0
519,1786708378.0164,1786708378.0207,0.03342,22.5934,-19.1209,15.7363,74.5495,-3.1209,2.1825,28.8167,-19.1729,15.9441,81.7400,3.4142,2.7437,28.8167,-19.1729,15.9441,81.7400,3.4142,2.7437,400,0,0,1000,900,0,0
520,1786708378.0498,1786708378.055,0.03337,24.1758,-18.8571,16.0000,77.0989,-0.7473,2.1825,30.3649,-18.7802,17.2765,80.4852,4.3026,2.8262,30.3649,-18.7802,17.2765,80.4852,4.3026,2.8262,600,50,100,950,800,0,0
521,1786708378.0832,1786708378.088,0.03342,25.9341,-18.8571,16.5275,78.7692,0.7473,2.3148,31.5886,-19.1388,17.9271,79.2523,5.2610,2.9291,31.5886,-19.1388,17.9271,79.2523,5.2610,2.9291,550,0,200,550,450,100,0
522,1786708378.1166,1786708378.1211,0.03337,27.8681,-18.9451,16.9670,79.0330,1.8901,2.4471,32.8979,-18.2065,18.6921,78.2593,5.6249,3.0493,32.8979,-18.2065,18.6921,78.2593,5.6249,3.0493,700,-50,100,250,450,50,0
523,1786708378.15,1786708378.1544,0.03337,29.4505,-18.9451,17.8462,78.8571,3.2088,2.5794,33.7197,-17.7846,19.2863,77.1754,6.2031,3.1477,33.7197,-17.7846,19.2863,77.1754,6.2031,3.1477,500,0,300,-100,450,100,0
524,1786708378.1833,1786708378.1877,0.03338,30.5055,-18.3297,18.4615,78.6813,4.0000,2.7116,34.3914,-16.9259,19.4169,76.2031,6.3211,3.2146,34.3914,-16.9259,19.4169,76.2031,6.3211,3.2146,300,150,250,-100,250,50,0
525,1786708378.2167,1786708378.2213,0.03341,31.5604,-17.7143,19.1648,78.0659,4.7912,2.7778,35.4079,-15.9762,19.7507,75.6123,6.7146,3.3382,35.4079,-15.9762,19.7507,75.6123,6.7146,3.3382,400,200,250,-200,250,0,0
526,1786708378.2502,1786708378.2547,0.03343,32.7033,-17.0989,19.4286,77.2747,5.3187,2.9101,35.2661,-15.0285,19.3610,74.6988,6.5741,3.3780,35.2661,-15.0285,19.3610,74.6988,6.5741,3.3780,400,250,50,-250,150,50,0
527,1786708378.2835,1786708378.2878,0.03334,33.9341,-16.3077,19.6044,76.6593,5.7582,3.0423,35.2912,-13.7150,19.6199,74.3008,6.7844,3.3580,35.2912,-13.7150,19.6199,74.3008,6.7844,3.3580,400,250,50,-200,100,50,0
528,1786708378.317,1786708378.3215,0.03346,34.4615,-15.4286,19.6923,75.9560,5.9341,3.0423,35.1035,-13.1014,19.6555,73.7091,6.6092,3.5178,35.1035,-13.1014,19.6555,73.7091,6.6092,3.5178,200,350,50,-300,100,50,0
529,1786708378.3503,1786708378.3547,0.03333,34.6374,-14.4615,19.7802,75.2527,6.1099,3.0423,35.0024,-12.4639,19.2908,73.3125,7.0731,3.4880,35.0024,-12.4639,19.2908,73.3125,7.0731,3.4880,50,350,50,-350,100,0,0
530,1786708378.3837,1786708378.388,0.03342,34.4615,-13.4066,19.8681,74.8132,6.1978,3.0423,34.6887,-11.5589,19.3207,72.6554,7.3608,3.4659,34.6887,-11.5589,19.3207,72.6554,7.3608,3.4659,-100,350,50,-150,0,0,0
531,1786708378.4172,1786708378.4216,0.03347,34.3736,-12.6154,19.8681,74.1099,6.4615,3.1746,34.6192,-11.0548,19.3082,72.1802,7.2377,3.4621,34.6192,-11.0548,19.3082,72.1802,7.2377,3.4621,-50,300,0,-200,50,50,0
532,1786708378.4505,1786708378.4546,0.03334,34.2857,-11.9121,19.8681,73.6703,6.7253,3.2407,34.4942,-10.6911,19.4936,71.8414,7.8732,3.4922,34.4942,-10.6911,19.4936,71.8414,7.8732,3.4922,-50,250,0,-100,100,0,0
533,1786708378.4839,1786708378.4885,0.03338,34.3736,-11.2088,19.8681,73.0549,6.8132,3.2407,34.3534,-10.3393,19.5092,71.5073,8.5446,3.4369,34.3534,-10.3393,19.5092,71.5073,8.5446,3.4369,50,200,0,-250,50,0,0
534,1786708378.5173,1786708378.5219,0.03343,34.4615,-10.6813,19.8681,72.7033,7.2527,3.2407,33.9666,-10.0350,19.3784,71.1378,9.1200,3.5270,33.9666,-10.0350,19.3784,71.1378,9.1200,3.5270,50,200,0,-150,100,0,0
535,1786708378.5507,1786708378.5549,0.03337,34.5495,-10.4176,19.8681,72.2637,7.7802,3.2407,33.8193,-9.8061,19.3916,70.7560,9.8744,3.5049,33.8193,-9.8061,19.3916,70.7560,9.8744,3.5049,50,100,0,-150,150,0,0
536,1786708378.5841,1786708378.5887,0.03341,34.6374,-10.0659,19.8681,71.8242,8.3077,3.2407,33.6595,-9.7383,20.0699,70.2253,10.8572,3.6440,33.6595,-9.7383,20.0699,70.2253,10.8572,3.6440,50,100,0,-100,150,0,0
537,1786708378.6175,1786708378.622,0.0334,34.3736,-9.7143,19.8681,71.3846,8.8352,3.2407,33.5143,-9.2582,20.1518,69.7106,11.4853,3.7012,33.5143,-9.2582,20.1518,69.7106,11.4853,3.7012,-100,150,0,-150,200,0,0
538,1786708378.6509,1786708378.6553,0.03335,34.1099,-9.5385,20.2198,70.9451,9.6264,3.2407,33.2290,-9.1381,20.7407,68.9215,12.5114,3.7960,33.2290,-9.1381,20.7407,68.9215,12.5114,3.7960,-150,50,150,-200,200,0,0
539,1786708378.6843,1786708378.6889,0.03345,33.8462,-9.1868,20.3077,70.4176,10.4176,3.2407,33.3171,-9.3089,21.0323,67.6278,12.9675,4.0054,33.3171,-9.3089,21.0323,67.6278,12.9675,4.0054,-50,100,50,-200,250,0,0
540,1786708378.7177,1786708378.7223,0.03336,33.6703,-9.0989,20.6593,69.8022,11.1209,3.3069,33.3450,-8.8587,21.6518,66.5799,12.8528,4.4195,33.3450,-8.8587,21.6518,66.5799,12.8528,4.4195,-100,100,100,-200,200,50,0
541,1786708378.7511,1786708378.7558,0.03345,33.5824,-9.0110,21.1868,69.0110,11.9121,3.4392,33.7668,-8.6311,22.5127,64.6846,13.0095,4.9982,33.7668,-8.6311,22.5127,64.6846,13.0095,4.9982,-50,0,200,-250,300,50,0
542,1786708378.7845,1786708378.789,0.03335,33.5824,-8.7473,21.5385,67.6923,12.0000,3.8360,33.9113,-8.9242,22.6212,63.2068,12.1777,5.7361,33.9113,-8.9242,22.6212,63.2068,12.1777,5.7361,0,100,100,-450,0,200,0
543,1786708378.8178,1786708378.8224,0.03336,33.5824,-8.5714,22.2418,66.9890,12.3516,4.2328,33.9050,-8.9510,23.2487,61.7096,12.0618,6.5560,33.9050,-8.9510,23.2487,61.7096,12.0618,6.5560,0,50,250,-150,100,150,0
544,1786708378.8512,1786708378.8557,0.03337,33.5824,-8.4835,22.6813,65.3187,12.3516,4.8280,34.2828,-8.8843,23.9910,60.1262,11.8188,7.0649,34.2828,-8.8843,23.9910,60.1262,11.8188,7.0649,0,50,150,-500,0,250,0
545,1786708378.8846,1786708378.889,0.0334,33.6703,-8.4835,23.0330,63.6484,12.2637,5.4894,34.5026,-8.4604,24.2945,59.2849,11.5855,7.5415,34.5026,-8.4604,24.2945,59.2849,11.5855,7.5415,50,0,200,-600,-50,300,0
546,1786708378.918,1786708378.9227,0.03338,33.8462,-8.6593,23.7363,62.3297,12.2637,6.0847,34.6451,-8.5298,25.0197,58.7925,12.0002,7.7177,34.6451,-8.5298,25.0197,58.7925,12.0002,7.7177,50,-50,250,-500,0,250,0
547,1786708378.9514,1786708378.9559,0.03337,33.8462,-8.3956,24.1758,61.0989,12.2637,6.6138,34.6121,-8.2243,25.2482,58.4712,11.7639,7.9013,34.6121,-8.2243,25.2482,58.4712,11.7639,7.9013,0,100,150,-500,0,200,0
548,1786708378.9848,1786708378.9893,0.0334,34.0220,-8.1319,24.8791,60.3077,12.2637,7.0106,34.5963,-8.1510,25.2827,58.3266,11.7575,7.9584,34.5963,-8.1510,25.2827,58.3266,11.7575,7.9584,50,100,250,-300,0,200,0
549,1786708379.0182,1786708379.0227,0.03342,34.1978,-8.1319,25.2308,59.7802,12.3516,7.2751,34.7295,-7.8288,25.4223,58.4140,11.8741,8.0047,34.7295,-7.8288,25.4223,58.4140,11.8741,8.0047,100,0,200,-200,50,150,0
550,1786708379.0515,1786708379.2733,0.03336,34.3736,-7.9560,25.2308,59.3407,12.2637,7.4735,36.2804,-9.0601,27.9413,60.6863,13.6022,4.3840,36.2804,-9.0601,27.9413,60.6863,13.6022,4.3840,100,50,0,-150,-50,100,1
551,1786708379.2744,1786708379.2795,0.22287,34.3736,-7.6044,25.6703,58.8132,12.2637,7.7381,36.2655,-9.4624,28.8193,60.8399,13.6962,4.1152,36.2655,-9.4624,28.8193,60.8399,13.6962,4.1152,0,0,0,-50,0,0,1
552,1786708379.3077,1786708379.3123,0.03332,34.4615,-7.6923,25.6703,58.8132,12.2637,7.7381,36.1672,-9.7176,29.2357,61.1435,13.7691,4.0922,36.1672,-9.7176,29.2357,61.1435,13.7691,4.0922,0,0,0,0,0,0,0
553,1786708379.3412,1786708379.3459,0.03343,34.6374,-7.9560,26.5495,59.0769,12.7912,7.3413,36.0830,-9.9044,29.9951,61.1483,13.8244,4.1503,36.0830,-9.9044,29.9951,61.1483,13.8244,4.1503,50,-100,150,0,200,-200,0
554,1786708379.3745,1786708379.379,0.03332,35.0769,-8.0440,28.1319,60.2198,13.2308,5.8201,36.0369,-10.1165,30.7111,61.4096,13.6192,4.2703,36.0369,-10.1165,30.7111,61.4096,13.6192,4.2703,100,-50,550,450,200,-700,0
555,1786708379.4079,1786708379.4124,0.03342,35.6044,-7.9560,29.3626,60.3956,13.4066,5.0926,35.9105,-10.4302,31.4409,61.5264,13.1938,4.3577,35.9105,-10.4302,31.4409,61.5264,13.1938,4.3577,200,0,350,0,150,-450,0
556,1786708379.4413,1786708379.4458,0.03342,35.6923,-7.9560,30.3297,60.6593,13.1429,5.0926,35.9983,-10.3692,32.1048,61.5861,13.0317,4.4425,35.9983,-10.3692,32.1048,61.5861,13.0317,4.4425,0,0,350,0,0,50,0
557,1786708379.4747,1786708379.4793,0.03333,35.4286,-8.1319,30.9451,61.0110,13.1429,4.6958,35.9889,-10.8591,32.5026,61.7149,12.7478,4.4960,35.9889,-10.8591,32.5026,61.7149,12.7478,4.4960,-150,-50,250,50,50,-100,0
558,1786708379.5081,1786708379.5126,0.0334,35.2527,-8.1319,31.6484,60.8352,13.1429,4.8280,36.0061,-10.8869,32.9898,61.6698,12.5800,4.6291,36.0061,-10.8869,32.9898,61.6698,12.5800,4.6291,-100,0,250,-50,0,100,0
559,1786708379.5414,1786708379.5459,0.03334,35.2527,-8.2198,32.3516,61.2747,13.1429,4.8280,36.1185,-11.5385,33.3314,61.7540,12.1264,4.7785,36.1185,-11.5385,33.3314,61.7540,12.1264,4.7785,0,0,250,150,0,0,0
560,1786708379.5748,1786708379.5793,0.03343,35.6044,-8.3077,32.7912,61.2747,13.0549,4.6958,36.3424,-11.1595,33.9964,61.5365,12.1756,4.8100,36.3424,-11.1595,33.9964,61.5365,12.1756,4.8100,150,0,150,0,-150,0,0
561,1786708379.6082,1786708379.6128,0.0334,35.6923,-8.6593,33.3187,61.3626,12.6154,4.8942,36.3387,-11.3420,34.1927,61.6436,12.2573,4.9276,36.3387,-11.3420,34.1927,61.6436,12.2573,4.9276,50,-100,200,50,-100,150,0
562,1786708379.6416,1786708379.6461,0.03338,35.5165,-8.8352,33.8462,61.3626,12.6154,4.8280,36.4892,-11.2519,34.5442,61.5766,12.2675,4.9571,36.4892,-11.2519,34.5442,61.5766,12.2675,4.9571,0,-50,150,50,0,-50,0
563,1786708379.675,1786708379.6795,0.03335,35.5165,-8.8352,34.1099,61.3626,12.6154,4.8942,36.5554,-11.5974,34.6259,61.4298,12.0556,5.0319,36.5554,-11.5974,34.6259,61.4298,12.0556,5.0319,0,0,100,0,0,0,0
564,1786708379.7084,1786708379.7129,0.03341,35.8681,-8.9231,34.4615,61.1868,12.6154,4.8942,36.6652,-11.4468,34.8614,61.3284,12.0130,5.0482,36.6652,-11.4468,34.8614,61.3284,12.0130,5.0482,50,-50,100,-100,0,0,0
565,1786708379.7417,1786708379.7463,0.03337,36.2198,-9.0110,34.5495,61.3626,12.6154,4.7619,36.6936,-11.2244,35.0279,61.2067,11.9679,5.1093,36.6936,-11.2244,35.0279,61.2067,11.9679,5.1093,150,-50,50,100,0,-100,0
566,1786708379.7752,1786708379.78,0.03345,36.3077,-9.0989,34.9011,61.1868,12.4396,4.8280,36.9087,-11.1946,34.9641,61.1726,11.8010,5.2853,36.9087,-11.1946,34.9641,61.1726,11.8010,5.2853,0,0,100,-50,-100,50,0
567,1786708379.8085,1786708379.8133,0.03333,36.3077,-9.0989,34.9890,61.2747,12.3516,4.8280,36.9573,-10.5732,34.8813,61.1691,11.8346,5.7269,36.9573,-10.5732,34.8813,61.1691,11.8346,5.7269,-50,0,50,50,0,50,0
568,1786708379.842,1786708379.8466,0.03344,36.0440,-9.0989,34.9890,61.2747,12.1758,4.8942,37.1915,-10.1348,34.4318,61.5132,11.4639,6.6449,37.1915,-10.1348,34.4318,61.5132,11.4639,6.6449,-100,0,0,0,0,50,0
569,1786708379.8753,1786708379.8798,0.03335,36.1319,-9.0989,34.9890,61.2747,12.0879,4.9603,37.4546,-9.6009,33.8346,61.8861,11.6016,8.7732,37.4546,-9.6009,33.8346,61.8861,11.6016,8.7732,0,0,0,0,-50,50,0
570,1786708379.9087,1786708379.9131,0.03342,36.5714,-9.0989,34.9890,61.2747,11.9121,5.6217,37.6565,-8.3303,33.1398,62.5243,11.9709,11.9936,37.6565,-8.3303,33.1398,62.5243,11.9709,11.9936,150,0,0,0,-50,250,0
571,1786708379.9422,1786708379.9466,0.03345,37.0110,-9.0989,34.9890,61.4505,11.9121,6.7460,38.0812,-7.3792,32.4665,63.1191,12.2058,15.5965,38.0812,-7.3792,32.4665,63.1191,12.2058,15.5965,150,0,0,50,0,450,0
572,1786708379.9755,1786708379.98,0.03331,37.2747,-8.5714,34.8132,61.8022,11.9121,8.4656,38.1408,-6.5849,31.7991,63.5149,12.3674,19.2062,38.1408,-6.5849,31.7991,63.5149,12.3674,18.7963,100,150,0,100,0,800,0
573,1786708380.0089,1786708380.014,0.03343,37.3626,-7.6923,34.2857,62.2418,11.9121,10.7804,38.2415,-6.1835,30.9522,64.0622,12.6591,22.1360,38.2415,-6.1835,30.9522,64.0622,12.6591,21.1772,0,300,-150,100,0,1000,0
574,1786708380.0423,1786708380.0472,0.03337,37.3626,-7.0769,33.6703,62.5934,12.0000,13.4259,38.4824,-5.5250,31.0843,64.2459,12.6884,23.9153,38.4824,-5.5250,31.0843,64.2459,12.6884,23.7566,0,200,-200,100,0,1100,0
575,1786708380.0757,1786708380.08,0.03336,37.4505,-6.4615,33.1429,63.0330,12.1758,16.1376,38.6820,-5.2436,30.7271,64.5735,12.5566,24.9316,38.6820,-5.2436,30.7271,64.5735,12.5566,24.9316,50,200,-200,150,50,1200,0
576,1786708380.1091,1786708380.1135,0.03342,37.6264,-5.9341,32.7033,63.3846,12.2637,18.7831,38.9962,-5.1927,31.2503,64.4827,12.1236,25.0200,38.9962,-5.1927,31.2503,64.4827,12.1236,25.0200,100,150,-150,100,50,1200,0
577,1786708380.1425,1786708380.147,0.03338,37.8901,-5.4945,32.2637,63.7363,12.2637,21.0979,39.1314,-5.1776,31.6625,64.4255,11.7789,24.6415,39.1314,-5.1776,31.6625,64.4255,11.7789,24.6415,100,150,-150,100,0,1100,0
578,1786708380.1758,1786708380.1803,0.03336,38.1538,-5.3187,32.2637,63.8242,12.2637,22.4868,39.1857,-5.2585,32.1515,64.1241,11.7937,24.0260,39.1857,-5.2585,32.1515,64.1241,11.7937,24.0260,50,50,-50,50,0,600,0
579,1786708380.2092,1786708380.2139,0.03338,38.4176,-5.3187,32.3516,63.9121,12.2637,23.0159,39.4195,-5.3235,32.4613,63.9264,11.5893,23.2375,39.4195,-5.3235,32.4613,63.9264,11.5893,23.2375,50,0,0,50,0,300,0
580,1786708380.2426,1786708380.2473,0.03339,38.7692,-5.3187,32.4396,64.0000,12.2637,23.1481,39.5874,-5.3082,32.8007,63.7880,11.4751,22.7697,39.5874,-5.3082,32.8007,63.7880,11.4751,22.7697,100,0,50,50,0,100,0
581,1786708380.276,1786708380.2804,0.03337,38.9451,-5.2308,32.7033,64.0879,12.2637,23.1481,39.7075,-5.4542,33.0175,63.3665,11.5980,22.3934,39.7075,-5.4542,33.0175,63.3665,11.5980,22.3934,50,50,50,50,0,0,0
582,1786708380.3094,1786708380.3139,0.03343,38.9451,-5.2308,32.8791,64.0879,12.1758,22.8175,39.8411,-5.5054,33.1952,63.1594,11.8298,22.3692,39.8411,-5.5054,33.1952,63.1594,11.8298,22.3692,0,0,50,0,0,-150,0
583,1786708380.3428,1786708380.3473,0.0334,39.1209,-5.2308,33.0549,63.7363,12.0879,22.6852,39.9206,-5.7109,33.4905,62.7909,11.6513,22.5059,39.9206,-5.7109,33.4905,62.7909,11.6513,22.5059,50,0,50,-100,-50,-50,0
584,1786708380.3762,1786708380.3804,0.03336,39.3846,-5.2308,33.1429,63.5604,12.0879,22.6190,40.0273,-5.5480,34.0119,62.6458,11.5343,22.8448,40.0273,-5.5480,34.0119,62.6458,11.5343,22.8448,100,0,0,-100,0,-50,0
585,1786708380.4096,1786708380.4143,0.03341,39.5604,-5.2308,33.3187,62.9451,12.0879,22.6190,40.2233,-5.5368,34.2611,62.4256,11.4522,23.3097,40.2233,-5.5368,34.2611,62.4256,11.4522,23.3097,100,0,50,-200,0,0,0
586,1786708380.443,1786708380.4475,0.03341,39.7363,-5.2308,33.8462,62.9451,11.9121,22.6852,40.1474,-5.4085,34.8214,62.3747,11.1686,23.8255,40.1474,-5.4085,34.8214,62.3747,11.1686,23.8255,50,0,200,0,-50,50,0
587,1786708380.4763,1786708380.4806,0.03337,39.7363,-5.2308,34.2857,63.0330,11.9121,22.8175,40.1021,-5.3284,35.2273,62.1813,10.9912,24.3198,40.1021,-5.3284,35.2273,62.1813,10.9912,24.3198,0,0,200,50,0,50,0
588,1786708380.5097,1786708380.5143,0.03338,39.8242,-5.2308,34.7253,62.5055,11.5604,23.2143,40.2548,-5.3809,35.2897,61.9412,11.1214,24.7995,40.2548,-5.3809,35.2897,61.9412,11.1214,24.7995,0,0,100,-100,-50,150,0
589,1786708380.5432,1786708380.5473,0.03344,39.8242,-5.1429,35.0769,62.4176,11.3846,23.6111,40.1220,-5.4300,35.7657,61.8561,10.8248,25.0705,40.1220,-5.4300,35.7657,61.8561,10.8248,25.0705,0,50,100,0,-50,200,0
590,1786708380.5765,1786708380.5806,0.03336,39.7363,-5.1429,35.2527,62.5934,11.3846,24.0079,40.2478,-5.1961,35.5084,61.9972,10.5930,25.3798,40.2478,-5.1961,35.5084,61.9972,10.5930,25.3798,-50,0,50,100,0,150,0
591,1786708380.61,1786708380.6143,0.03342,39.7363,-5.1429,35.6044,62.0659,11.2088,24.4709,40.3366,-4.9798,36.0281,61.6813,10.4029,25.5622,40.3366,-4.9798,36.0281,61.6813,10.4029,25.5622,0,0,150,-200,-50,200,0
592,1786708380.6433,1786708380.648,0.03338,39.7363,-5.0549,35.6923,62.3297,10.9451,24.7354,40.2687,-5.2238,36.5352,61.8451,9.6515,25.6770,40.2687,-5.2238,36.5352,61.8451,9.6515,25.6770,0,0,0,100,-100,100,0
593,1786708380.6767,1786708380.6808,0.03337,39.7363,-4.9670,35.9560,62.0659,10.7692,25.0000,40.1782,-4.9430,36.6135,61.6308,9.4774,25.8332,40.1782,-4.9430,36.6135,61.6308,9.4774,25.8332,0,0,100,50,-50,100,0
594,1786708380.7102,1786708380.7143,0.03348,39.7363,-4.8791,36.4835,61.8901,10.4176,25.1984,40.2178,-4.7889,36.7187,61.8122,9.6333,26.0822,40.2178,-4.7889,36.7187,61.8122,9.6333,26.0822,0,50,150,-100,-150,100,0
595,1786708380.7435,1786708380.748,0.03332,39.7363,-4.7912,36.5714,62.1538,10.2418,25.3968,40.2684,-4.6300,37.0512,61.4951,9.2591,26.0932,40.2684,-4.6300,37.0512,61.4951,9.2591,26.0932,0,0,50,100,-100,100,0
596,1786708380.7768,1786708380.7814,0.03334,39.7363,-4.6154,36.5714,62.1538,9.9780,25.6614,40.0406,-4.3135,37.1963,61.3679,9.1155,26.2914,40.0406,-4.3135,37.1963,61.3679,9.1155,26.2914,0,50,0,0,-50,100,0
597,1786708380.8102,1786708380.8147,0.03338,39.7363,-4.6154,36.9231,61.9780,9.7143,25.7275,40.1454,-4.2890,37.6313,61.3044,8.4921,26.3709,40.1454,-4.2890,37.6313,61.3044,8.4921,26.3709,0,0,100,-50,-100,0,0
598,1786708380.8437,1786708380.8484,0.03347,39.8242,-4.5275,37.0989,61.7143,9.5385,25.7275,40.0970,-3.9714,37.1787,61.1988,8.8298,26.4047,40.0970,-3.9714,37.1787,61.1988,8.8298,26.4047,0,0,50,-50,-50,0,0
599,1786708380.877,1786708380.8813,0.03335,39.8242,-4.4396,37.2747,61.6264,9.1868,25.9921,40.1079,-3.8499,38.0550,61.0689,8.5240,26.5499,40.1079,-3.8499,38.0550,61.0689,8.5240,26.5499,50,0,50,-50,-100,100,0
600,1786708380.9104,1786708381.1267,0.03341,39.9121,-4.2637,37.2747,61.6264,9.1868,26.0582,43.6786,-2.9769,34.4771,62.6391,5.6213,29.7728,43.6786,-2.9769,34.4771,62.6391,5.6213,29.7728,50,50,0,0,0,50,1
601,1786708381.1279,1786708381.1331,0.21745,39.9121,-4.0879,37.7143,61.6264,8.8352,26.2566,43.8539,-3.0587,35.0630,62.7412,5.4618,29.6863,43.8539,-3.0587,35.0630,62.7412,5.4618,29.6863,0,0,0,0,0,0,1
602,1786708381.1612,1786708381.1659,0.03332,39.9121,-4.0879,37.7143,61.6264,8.7473,26.3228,43.9569,-3.0471,35.2955,62.7316,5.5413,29.6084,43.9569,-3.0471,35.2955,62.7316,5.5413,29.6084,0,0,0,0,0,0,0
603,1786708381.1946,1786708381.1992,0.03335,40.4396,-3.6484,37.0989,61.8901,8.0440,27.0503,44.1757,-3.1228,36.1022,62.9079,5.4474,29.3917,44.1757,-3.1228,36.1022,62.9079,5.4474,29.3917,0,150,-250,150,-250,300,0
604,1786708381.2279,1786708381.2325,0.03339,41.6703,-3.3846,36.3077,62.4176,6.6374,28.1085,44.0721,-3.0556,35.5009,62.8834,5.6518,29.1870,44.0721,-3.0556,35.5009,62.8834,5.6518,29.1870,500,100,-350,250,-450,500,0
605,1786708381.2613,1786708381.2661,0.0334,42.9011,-3.3846,36.4835,62.1538,6.2857,28.4392,44.1085,-2.7653,35.3618,62.8713,5.5356,29.1362,44.1085,-2.7653,35.3618,62.8713,5.5356,29.1362,500,0,50,-100,-150,250,0
606,1786708381.2947,1786708381.2993,0.03336,43.3407,-3.2967,36.4835,62.4176,6.2857,28.5714,44.1077,-2.9404,34.9823,62.9122,5.3197,29.0488,44.1077,-2.9404,34.9823,62.9122,5.3197,29.0488,100,0,0,150,0,100,0
607,1786708381.3282,1786708381.3324,0.03344,43.2527,-3.1209,36.1319,62.5934,6.1099,28.7037,43.9869,-2.5708,34.7387,63.0686,5.1061,28.9418,43.9869,-2.5708,34.7387,63.0686,5.1061,28.9418,0,100,-150,50,-50,50,0
608,1786708381.3615,1786708381.3659,0.03334,43.2527,-3.0330,35.8681,62.5934,5.9341,28.7037,44.0820,-2.1966,34.1362,63.2138,5.2784,28.8472,44.0820,-2.1966,34.1362,63.2138,5.2784,28.8472,0,0,-100,0,0,0,0
609,1786708381.3949,1786708381.3994,0.03338,43.5165,-2.6813,35.6923,62.6813,5.4945,28.7037,43.8315,-2.2415,34.0682,63.4292,4.6430,28.5697,43.8315,-2.2415,34.0682,63.4292,4.6430,28.5697,100,50,-50,50,-150,0,0
610,1786708381.4283,1786708381.4328,0.03342,43.5165,-2.5055,35.3407,62.8571,5.4945,28.7037,43.9045,-1.6272,33.0095,63.7392,4.6841,27.9926,43.9045,-1.6272,33.0095,63.7392,4.6841,27.9926,0,100,-150,0,0,0,0
611,1786708381.4616,1786708381.4663,0.03337,43.5165,-2.3297,35.1648,63.0330,5.1429,28.6376,43.8546,-1.1550,32.0654,64.3839,4.4636,26.7104,43.8546,-1.1550,32.0654,64.3839,4.4636,26.7104,0,50,-50,100,-100,-50,0
612,1786708381.4951,1786708381.4994,0.03341,43.5165,-1.9780,34.5495,63.3846,5.0549,28.5714,43.4511,-0.9628,31.0735,65.0037,4.2750,24.1510,43.4511,-0.9628,31.0735,65.0037,4.2750,24.1510,0,100,-250,100,-50,0,0
613,1786708381.5285,1786708381.533,0.03341,43.5165,-1.3626,33.8462,63.7363,4.8791,27.8439,43.0396,-0.8213,30.3406,65.8557,4.0427,20.0680,43.0396,-0.8213,30.3406,65.8557,4.0427,20.0680,0,200,-250,150,-50,-350,0
614,1786708381.5618,1786708381.5663,0.03334,43.5165,-1.0989,33.1429,63.9121,4.6154,26.5212,42.7595,-0.6863,28.7968,66.7821,4.4797,15.3444,42.7595,-0.6863,28.7968,66.7821,4.4797,16.3228,0,100,-250,50,-100,-500,0
615,1786708381.5952,1786708381.5999,0.0334,43.5165,-0.8352,32.2637,64.5275,4.4396,24.6032,42.5968,-0.1470,27.9539,67.5590,5.2555,9.7385,42.5968,-0.1470,27.9539,67.5590,5.2555,14.2063,0,100,-300,250,-100,-800,0
616,1786708381.6286,1786708381.6333,0.0334,43.4286,-0.7473,31.4725,65.5824,4.4396,21.8915,42.2073,0.2417,27.0544,67.7156,5.8262,4.6895,42.2073,0.2417,27.0544,67.7156,5.8262,11.4286,0,0,-200,300,0,-1200,0
617,1786708381.662,1786708381.6667,0.03343,43.2527,-0.2198,30.4176,66.1099,4.6154,19.0476,42.2836,0.6007,26.7501,67.8571,5.8852,2.7098,42.2836,0.6007,26.7501,67.8571,5.8852,8.7169,-100,200,-350,250,0,-1250,0
618,1786708381.6954,1786708381.7004,0.03341,42.9011,0.2198,29.5385,66.5495,5.0549,16.4683,42.2082,0.4407,26.4569,68.1931,5.7530,2.6810,42.2082,0.4407,26.4569,68.1931,5.7530,6.0714,-100,200,-300,150,150,-1150,0
619,1786708381.7288,1786708381.7335,0.03332,42.5495,0.5714,29.0110,66.9890,5.2308,13.6905,41.9170,0.1140,26.1712,68.5469,5.8028,2.5997,41.9170,0.1140,26.1712,68.5469,5.8028,3.2937,-100,150,-150,100,50,-1250,0
620,1786708381.7622,1786708381.7669,0.03341,42.3736,0.6593,28.5714,67.3407,5.2308,11.0450,42.0643,-0.4051,25.8175,68.9239,5.5734,3.2049,42.0643,-0.4051,25.8175,68.9239,5.5734,3.2049,-100,50,-150,100,0,-1150,0
621,1786708381.7956,1786708381.8002,0.03339,42.3736,0.6593,28.3077,67.8681,5.2308,8.3333,41.7542,-1.0886,25.3487,69.5964,5.0296,3.3650,41.7542,-1.0886,25.3487,69.5964,5.0296,3.3650,0,0,-100,200,0,-1250,0
622,1786708381.829,1786708381.8335,0.03341,42.4615,0.6593,27.8681,68.2198,5.2308,6.2169,41.6318,-2.0299,24.6237,70.5494,4.5754,3.2701,41.6318,-2.0299,24.6237,70.5494,4.5754,3.2701,0,0,-100,150,0,-950,0
623,1786708381.8623,1786708381.8668,0.03332,42.4615,0.6593,27.4286,68.7473,5.2308,5.2910,40.9996,-3.1968,23.7056,71.7186,3.8912,3.1532,40.9996,-3.1968,23.7056,71.7186,3.8912,3.1532,0,0,-150,150,0,-300,0
624,1786708381.8957,1786708381.9004,0.03337,42.2857,0.5714,26.9890,69.4505,5.0549,4.6296,40.5346,-4.7607,22.2192,73.3107,2.8386,3.1005,40.5346,-4.7607,22.2192,73.3107,2.8386,3.1005,-100,-50,-150,250,-50,-300,0
625,1786708381.9291,1786708381.9338,0.03347,41.7582,0.0440,26.2857,70.3297,4.5275,4.1005,39.7023,-6.6103,20.6617,75.1989,1.0259,3.0764,39.7023,-6.6103,20.6617,75.1989,1.0259,3.0764,-200,-150,-250,300,-200,-250,0
626,1786708381.9625,1786708381.9674,0.03331,41.3187,-0.9231,25.3187,71.6484,3.8242,3.7698,38.7637,-8.5377,18.9779,77.7003,-1.6752,3.1232,38.7637,-8.5377,18.9779,77.7003,-1.6752,3.1232,-150,-350,-300,450,-150,-150,0
627,1786708381.9959,1786708382.0005,0.0334,40.7033,-2.2418,24.0879,72.8791,2.6813,3.5714,37.5763,-10.9248,17.4869,79.5420,-4.3922,3.2897,37.5763,-10.9248,17.4869,79.5420,-4.3922,3.2897,-200,-450,-400,450,-350,-100,0
628,1786708382.0292,1786708382.0338,0.03334,40.0000,-3.7363,22.6813,74.6374,1.0989,3.5053,35.9279,-13.5369,15.8811,81.6141,-7.5931,3.4186,35.9279,-13.5369,15.8811,81.6141,-7.5931,3.4186,-250,-500,-500,600,-600,-50,0
629,1786708382.0626,1786708382.0673,0.03344,39.0330,-5.5824,21.2747,76.6593,-1.0110,3.5053,34.3256,-16.0142,14.5580,83.5099,-10.9799,3.4753,34.3256,-15.8462,14.5580,83.5099,-10.9799,3.4753,-300,-650,-500,700,-650,0,0
630,1786708382.096,1786708382.1007,0.0334,37.8901,-7.7802,19.7802,78.4176,-3.4725,3.5053,32.4393,-19.0234,13.3784,84.5955,-14.5533,3.5572,32.4393,-18.0440,13.3784,84.5955,-13.8242,3.5572,-400,-750,-500,600,-800,0,0
631,1786708382.1294,1786708382.1345,0.0334,36.4835,-10.0659,18.3736,80.4396,-6.1099,3.5053,30.4722,-21.1667,12.8140,85.7867,-18.2188,3.5780,30.4722,-20.4176,12.8140,85.7867,-16.5495,3.5780,-500,-750,-500,700,-950,0,0
632,1786708382.1628,1786708382.1676,0.03337,34.8132,-12.3516,17.0549,82.2857,-8.8352,3.5053,27.8952,-23.8963,13.0081,85.9647,-22.3911,3.4188,27.8952,-22.7033,13.0081,85.9647,-19.2747,3.4188,-500,-800,-400,600,-900,0,0
633,1786708382.1962,1786708382.201,0.03337,33.1429,-14.7253,16.0879,83.3407,-11.8242,3.5053,25.6250,-26.0820,12.7269,86.2381,-25.7325,3.4437,25.6250,-25.0769,12.7269,86.2381,-22.2637,3.4437,-600,-750,-350,450,-1000,0,0
634,1786708382.2296,1786708382.2343,0.0334,31.2088,-17.0989,15.5604,84.4835,-14.7253,3.5053,23.0607,-28.6687,12.8854,86.0229,-29.5943,3.5087,23.0607,-27.4505,12.8854,86.0229,-25.0769,3.5087,-650,-850,-150,400,-1050,0,0
635,1786708382.263,1786708382.2677,0.03337,29.0989,-19.4725,15.2967,85.0110,-17.4505,3.5053,19.9923,-30.8412,13.7148,85.4421,-33.2774,3.4141,19.9923,-29.8242,13.7148,85.4421,-27.9780,3.4141,-700,-750,-150,250,-1050,0,0
636,1786708382.2963,1786708382.3011,0.03337,26.7253,-21.8462,15.2967,85.1868,-20.1758,3.5053,16.9644,-32.7212,14.6203,84.4280,-36.8500,3.3788,16.9644,-32.1978,14.6203,84.4280,-30.6154,3.3788,-800,-850,0,50,-900,0,0
637,1786708382.3297,1786708382.3347,0.03338,24.1758,-24.3077,15.2967,85.0989,-22.9890,3.5053,13.6461,-34.3685,16.1042,83.0010,-40.1249,3.3139,13.9121,-34.3685,16.1042,83.0010,-33.5165,3.3139,-850,-800,0,0,-950,0,0
638,1786708382.3632,1786708382.3677,0.03347,21.7143,-26.7692,15.2967,84.8352,-25.9780,3.5053,10.3916,-36.2226,17.4530,81.3740,-43.3691,3.2434,11.3626,-36.2226,17.4530,81.3740,-36.2418,3.2434,-850,-850,0,-150,-1000,0,0
639,1786708382.3965,1786708382.4013,0.03331,18.9011,-29.1429,15.9121,84.1319,-28.7912,3.5053,7.3069,-37.9417,19.1790,79.4593,-46.7618,3.2051,8.5495,-37.9417,19.1790,79.4593,-39.1429,3.2051,-950,-800,150,-200,-950,0,0
640,1786708382.4299,1786708382.4346,0.03341,15.9121,-31.5165,16.9670,82.9890,-31.5165,3.5053,4.7162,-39.3119,21.2325,77.4411,-49.4432,3.1612,5.4725,-39.3119,21.2325,77.4411,-41.8681,3.1612,-1000,-750,350,-350,-900,0,0
641,1786708382.4633,1786708382.4677,0.03337,13.0110,-33.5385,18.0220,81.5824,-34.3297,3.5053,2.2079,-40.9510,22.8282,75.4766,-51.5924,3.0997,2.6593,-40.9510,22.8282,75.4766,-44.6813,3.0997,-950,-700,350,-550,-1000,0,0
642,1786708382.4967,1786708382.5014,0.03344,10.2857,-35.3846,19.7802,80.0000,-37.1429,3.5053,-0.0803,-41.9766,24.5816,73.4328,-53.2818,3.0781,-0.0659,-41.9766,24.5816,73.4328,-47.5824,3.0781,-950,-650,550,-500,-1000,0,0
643,1786708382.5301,1786708382.5348,0.03336,7.8242,-37.0549,21.3626,78.2418,-39.9560,3.4392,-1.6503,-43.1286,26.6590,71.3181,-54.3300,3.1167,-1.6503,-43.1286,26.6590,71.3181,-50.3077,3.1167,-850,-550,500,-650,-900,0,0
644,1786708382.5634,1786708382.5684,0.03336,4.9231,-38.4615,23.1209,76.4835,-42.7692,3.3069,-3.3983,-44.2997,28.7071,69.0592,-55.3870,3.1054,-3.3983,-44.2997,28.7071,69.0592,-53.1209,3.1054,-1000,-550,600,-550,-950,0,0
645,1786708382.5968,1786708382.6015,0.03337,2.2857,-39.7802,24.8791,74.5495,-45.4945,3.3069,-4.5693,-45.2172,30.5861,66.8327,-55.7836,3.0469,-4.5693,-45.2172,30.5861,66.8327,-55.7836,3.0469,-900,-450,550,-650,-950,-50,0
646,1786708382.6302,1786708382.6347,0.03339,-0.2637,-41.1868,26.7253,72.5275,-48.3077,3.3069,-5.5301,-46.1489,32.5979,64.3870,-55.7729,3.1597,-5.5301,-46.1489,32.5979,64.3870,-55.7729,3.1597,-850,-450,650,-700,-950,0,0
647,1786708382.6636,1786708382.668,0.03338,-1.9341,-42.3297,28.6593,70.4176,-50.9451,3.3069,-6.3915,-47.1518,34.8547,61.4680,-56.2967,3.0867,-6.3915,-47.1518,34.8547,61.4680,-56.2967,3.0867,-550,-400,650,-700,-900,0,0
648,1786708382.697,1786708382.7013,0.03338,-2.9890,-43.4725,30.5934,68.3077,-52.8791,3.3069,-6.7695,-47.9391,36.9976,58.5667,-56.1358,3.0664,-6.7695,-47.9391,36.9976,58.5667,-56.1358,3.0664,-500,-400,650,-700,-750,0,0
649,1786708382.7304,1786708382.7345,0.03348,-4.1319,-44.5275,32.6154,65.9341,-54.0220,3.3069,-7.0407,-48.9084,38.5425,55.8757,-55.4985,3.1270,-7.0407,-48.9084,38.5425,55.8757,-55.4985,3.1270,-450,-350,700,-800,-400,0,0
650,1786708382.7638,1786708382.9866,0.03339,-5.0989,-45.4945,34.8132,63.2088,-54.6374,3.3069,5.6614,-38.7124,18.5423,70.0820,-53.1443,3.2773,2.9670,-38.7124,28.4176,66.7912,-53.1443,3.2773,-300,-300,750,-900,-200,0,1
651,1786708382.9878,1786708382.9933,0.22393,-7.0330,-47.3407,38.4176,56.7912,-55.1648,3.3069,9.2614,-38.1431,17.0616,72.3298,-50.7869,3.4190,2.9670,-38.1431,28.4176,66.7912,-50.7869,3.4190,-50,0,0,-50,0,0,1
652,1786708383.021,1786708383.0258,0.03322,-7.0330,-47.3407,38.4176,56.7033,-55.1648,3.3069,12.4109,-38.0955,16.6576,73.9655,-46.5050,3.4497,2.9670,-38.0955,28.4176,66.7912,-46.5050,3.4497,0,0,0,0,0,0,0
653,1786708383.0543,1786708383.0591,0.03337,-6.3297,-46.9011,38.1538,57.4066,-54.5495,3.3069,15.7457,-38.0559,16.1922,76.0285,-41.6578,3.4430,3.8462,-38.0559,28.0659,67.5824,-44.3736,3.4430,100,50,0,100,100,0,0
654,1786708383.0878,1786708383.0922,0.03342,-4.1319,-44.8791,36.3077,59.6923,-52.1758,3.3069,18.8460,-38.1701,16.1371,77.9133,-36.5850,3.4485,6.2198,-38.1701,25.8681,70.1319,-41.7363,3.4485,750,700,-700,750,850,0,0
655,1786708383.1212,1786708383.1255,0.03342,-1.2308,-41.9780,33.5824,62.6813,-49.2747,3.3069,22.1266,-38.6129,16.2686,79.2871,-31.2938,3.5193,9.0330,-38.6129,23.3187,73.1209,-38.9231,3.5193,1000,950,-900,1000,950,0,0
656,1786708383.1546,1786708383.1593,0.03337,1.9341,-39.9560,31.4725,65.6703,-46.7253,3.3069,25.2333,-38.6860,17.0076,80.5163,-26.5268,3.6367,12.2857,-38.6860,21.2967,76.0220,-36.2857,3.6367,1100,800,-750,1050,850,0,0
657,1786708383.1879,1786708383.193,0.03338,4.4835,-39.4286,29.6264,68.3956,-43.8242,3.3069,27.8576,-38.4322,17.8045,81.1102,-23.5776,3.6906,14.8352,-38.4322,19.3626,78.8352,-33.4725,3.6906,850,150,-600,950,950,0,0
658,1786708383.2213,1786708383.2261,0.0334,6.8571,-39.2527,27.1648,71.2088,-41.1868,3.3069,30.3692,-37.7632,18.9161,81.4596,-21.4344,3.7580,17.1209,-37.7632,18.9161,81.4596,-30.8352,3.7580,750,50,-850,900,900,0,0
659,1786708383.2547,1786708383.2594,0.03337,9.5824,-38.9890,24.7033,74.0220,-38.2857,3.3069,32.4318,-37.2257,19.5612,81.3332,-19.9866,3.7674,20.0220,-37.2257,19.5612,81.3332,-27.8462,3.7674,900,50,-850,950,950,0,0
660,1786708383.2881,1786708383.2927,0.0334,12.3956,-38.3736,23.0330,76.7473,-35.7363,3.3069,34.2201,-35.8874,20.8910,81.0619,-19.5931,3.7122,22.8352,-35.8874,20.8910,81.0619,-25.3846,3.7122,950,200,-550,950,850,0,0
661,1786708383.3215,1786708383.3258,0.03344,15.5604,-37.6703,22.6813,78.4176,-32.9231,3.3069,35.6212,-34.3760,21.6151,80.3594,-19.8365,3.7988,25.9121,-34.3760,21.6151,80.3594,-22.5714,3.7988,1100,200,-100,550,1000,0,0
662,1786708383.3549,1786708383.3592,0.03334,18.1099,-36.7912,22.6813,79.2088,-30.1099,3.3069,36.6664,-32.5762,22.3019,79.6138,-19.7120,3.8698,28.5495,-32.5762,22.3019,79.6138,-19.7582,3.8698,850,350,0,200,950,0,0
663,1786708383.3883,1786708383.3927,0.03342,20.4835,-35.6484,22.6813,79.3846,-27.3846,3.3069,37.2540,-30.6487,22.5128,78.8445,-19.7526,3.8511,30.8352,-30.6487,22.5128,78.8445,-19.7526,3.8511,850,400,0,100,900,0,0
664,1786708383.4217,1786708383.4267,0.03338,23.3846,-34.2418,22.7692,79.2967,-24.6593,3.4392,37.9324,-28.8011,23.5837,77.8278,-19.9545,3.7851,33.8242,-28.8011,23.5837,77.8278,-19.9545,3.7851,950,450,50,-50,850,50,0
665,1786708383.455,1786708383.4599,0.03337,26.2857,-32.5714,23.0330,79.2967,-22.7253,3.5053,38.3923,-26.8081,23.6272,76.8377,-19.9725,3.8098,36.6374,-26.8081,23.6272,76.8377,-19.9725,3.8098,950,600,100,0,700,0,0
666,1786708383.4885,1786708383.4927,0.03342,29.1868,-30.7253,23.3846,78.5934,-22.1978,3.5053,38.6713,-24.9735,24.2699,75.7471,-19.7475,3.7463,38.6713,-24.9735,24.2699,75.7471,-19.7475,3.7463,1050,650,100,-200,100,0,0
667,1786708383.5218,1786708383.526,0.03337,31.9121,-28.8791,23.7363,78.0659,-21.3187,3.5053,38.9465,-23.4456,25.4956,74.6955,-19.5815,3.8217,38.9465,-23.4456,25.4956,74.6955,-19.5815,3.8217,950,600,50,-200,300,0,0
668,1786708383.5553,1786708383.5594,0.03343,34.2857,-27.0330,24.0879,77.0110,-20.9670,3.5053,39.1541,-22.5567,25.6204,73.7473,-19.5617,3.7145,39.1541,-22.5567,25.6204,73.7473,-19.5617,3.7145,800,600,0,-400,150,0,0
669,1786708383.5887,1786708383.5933,0.03339,36.3077,-25.3626,24.8791,76.1319,-20.5275,3.5053,39.3825,-21.1624,26.5477,72.6363,-19.3056,3.7266,39.3825,-21.1624,26.5477,72.6363,-19.3056,3.7266,750,600,250,-250,200,0,0
670,1786708383.6221,1786708383.6268,0.03342,37.3626,-23.7802,25.5824,75.3407,-20.2637,3.5053,39.3857,-19.9721,27.5954,71.5989,-19.4464,3.7959,39.3857,-19.9721,27.5954,71.5989,-19.4464,3.7959,350,550,200,-300,50,0,0
671,1786708383.6554,1786708383.66,0.03335,37.8901,-22.4615,26.1978,74.1978,-20.0000,3.5053,39.5439,-18.9322,28.9494,70.5614,-19.0613,3.7647,39.5439,-18.9322,28.9494,70.5614,-19.0613,3.7647,150,400,150,-350,100,0,0
672,1786708383.6888,1786708383.6934,0.0334,38.1538,-21.2308,27.0769,73.2308,-20.0000,3.5053,39.8568,-18.1881,29.0990,69.0890,-18.8812,3.8301,39.8568,-18.1881,29.0990,69.0890,-18.8812,3.8301,50,450,300,-300,0,0,0
673,1786708383.7223,1786708383.7268,0.03347,38.4176,-20.0000,28.0440,72.1758,-19.6484,3.5053,40.1454,-17.3654,29.6865,67.8111,-19.0314,3.7404,40.1454,-17.3654,29.6865,67.8111,-19.0314,3.7404,100,450,300,-350,100,0,0
674,1786708383.7556,1786708383.7601,0.03333,39.0330,-18.7692,29.0110,71.1209,-19.4725,3.5053,40.0201,-16.2786,30.1962,66.5425,-19.2253,3.8418,40.0201,-16.2786,30.1962,66.5425,-19.2253,3.8418,200,350,400,-350,100,0,0
675,1786708383.789,1786708383.7933,0.03339,39.6484,-17.9780,29.5385,69.7143,-19.4725,3.5053,40.1694,-15.4335,30.6499,65.4184,-19.2682,3.8010,40.1694,-15.4335,30.6499,65.4184,-19.2682,3.8010,250,250,200,-450,0,0,0
676,1786708383.8225,1786708383.8269,0.03345,39.7363,-17.0989,30.0659,68.5714,-19.4725,3.5053,40.2765,-14.6669,30.6057,64.6597,-19.6128,4.0137,40.2765,-14.6669,30.6057,64.6597,-19.6128,4.0137,50,300,150,-400,0,0,0
677,1786708383.8558,1786708383.86,0.03335,39.5604,-16.0440,30.5055,67.2527,-19.4725,3.5053,40.3636,-13.8396,30.9202,64.1887,-19.5246,4.5521,40.3636,-13.8396,30.9202,64.1887,-19.5246,4.5521,-100,300,200,-450,0,0,0
678,1786708383.8892,1786708383.8934,0.03339,39.3846,-14.9890,30.6813,66.3736,-19.4725,3.5714,40.4389,-13.4242,31.4069,63.6496,-19.5471,5.3215,40.4389,-13.4242,31.4069,63.6496,-19.5471,5.3215,-100,300,100,-300,0,0,0
679,1786708383.9226,1786708383.9267,0.03339,39.6484,-14.2857,30.8571,65.4066,-19.4725,3.9021,40.6413,-13.0781,31.3098,63.6430,-19.9823,7.5740,40.6413,-13.0781,31.3098,63.6430,-19.9823,7.5740,100,300,50,-300,-50,150,0
680,1786708383.956,1786708383.9601,0.03338,40.0879,-13.6703,31.2967,64.8791,-19.4725,4.4974,40.7156,-13.3019,31.4102,63.7131,-20.4540,11.2829,40.7156,-13.3019,31.4102,63.7131,-20.4540,11.2829,200,200,100,-150,0,200,0
681,1786708383.9894,1786708383.9937,0.0334,40.2637,-13.1429,31.3846,64.5275,-19.5604,5.4894,40.8055,-13.4097,31.7993,63.4827,-20.7818,15.7025,40.8055,-13.4097,31.7993,63.4827,-20.7818,15.6878,50,150,50,-150,0,350,0
682,1786708384.0228,1786708384.0273,0.0334,40.3516,-13.0549,31.5604,64.3516,-19.9121,7.2751,40.8047,-13.2634,32.4750,62.9377,-21.6394,20.2384,40.8047,-13.2634,32.4750,62.9377,-21.6394,17.6058,50,50,50,-50,-150,750,0
683,1786708384.0561,1786708384.0611,0.03336,40.3516,-13.2308,31.7363,64.0000,-20.2637,9.8545,40.7808,-13.6015,32.9190,62.4084,-21.7611,24.7690,40.7808,-13.6015,32.9190,62.4084,-21.7611,20.3175,0,-50,50,-150,-100,1150,0
684,1786708384.0895,1786708384.0943,0.0334,40.1758,-13.1429,32.3516,63.5604,-20.7912,12.5000,40.5876,-13.6013,33.6540,61.3640,-22.3593,28.4087,40.5876,-13.6013,33.6540,61.3640,-22.3593,22.8968,-100,50,200,-100,-150,1300,0
685,1786708384.1229,1786708384.1276,0.03337,40.0879,-13.0549,32.9670,63.1209,-21.0549,15.2116,40.7151,-13.6844,33.9258,60.8084,-23.0944,30.6078,40.7151,-13.6844,33.9258,60.8084,-23.0944,25.6085,-50,0,200,-150,-100,1200,0
686,1786708384.1563,1786708384.1608,0.03335,40.0879,-13.0549,33.4066,62.4176,-21.6703,17.9233,40.5101,-13.3745,34.2868,59.4594,-23.1449,31.7073,40.5101,-13.3745,34.2868,59.4594,-23.1449,28.2540,0,0,150,-250,-250,1150,0
687,1786708384.1897,1786708384.194,0.03344,40.0879,-13.1429,33.9341,61.7143,-22.1978,20.6349,40.3581,-13.5320,34.7502,58.1679,-22.8472,31.7738,40.3581,-13.5320,34.7502,58.1679,-22.8472,30.8995,0,-50,200,-250,-250,1250,0
688,1786708384.2232,1786708384.2275,0.03349,40.0879,-13.0549,34.3736,60.9231,-22.4615,23.2804,40.3816,-12.8871,35.6713,57.1823,-23.0441,31.3387,40.3816,-12.8871,35.6713,57.1823,-23.0441,31.3387,0,50,200,-250,-100,1150,0
689,1786708384.2565,1786708384.2613,0.03334,40.0879,-12.9670,34.9011,59.6923,-22.4615,25.9259,40.4433,-12.8535,36.4728,55.4164,-23.1610,30.5030,40.4433,-12.8535,36.4728,55.4164,-23.1610,30.5030,0,0,150,-400,0,1200,0
690,1786708384.2899,1786708384.2944,0.03334,40.1758,-12.8791,35.3407,58.7253,-22.6374,27.9762,40.3428,-12.7524,36.6320,54.3615,-23.0216,29.9269,40.3428,-12.7524,36.6320,54.3615,-23.0216,29.9269,50,50,100,-350,0,850,0
691,1786708384.3233,1786708384.3278,0.0334,40.1758,-12.7912,36.1319,57.4945,-22.8132,28.7037,40.3184,-12.5131,36.7738,53.7062,-22.9202,29.5195,40.3184,-12.5131,36.7738,53.7062,-22.9202,29.5195,0,50,300,-500,-50,450,0
692,1786708384.3567,1786708384.3613,0.03341,40.0879,-12.5275,36.5714,56.2637,-22.6374,28.7037,40.0620,-12.4307,37.2111,52.9294,-23.1595,29.2952,40.0620,-12.4307,37.2111,52.9294,-23.1595,29.2952,0,50,100,-450,50,0,0
693,1786708384.39,1786708384.3946,0.03337,40.0879,-12.2637,36.7473,55.2967,-22.7253,28.8360,39.9522,-12.0917,37.9588,52.4713,-22.6489,29.1241,39.9522,-12.0917,37.9588,52.4713,-22.6489,29.1241,0,50,50,-300,0,50,0
694,1786708384.4234,1786708384.4279,0.03337,40.0879,-12.2637,37.0989,54.4176,-22.8132,28.8360,40.1241,-11.9973,37.8133,52.0681,-22.8403,29.0214,40.1241,-11.9973,37.8133,52.0681,-22.8403,29.0214,0,0,150,-300,0,0,0
695,1786708384.4568,1786708384.4616,0.03338,40.0879,-12.1758,37.7143,53.7143,-22.8132,28.8360,40.0288,-11.8971,38.2291,51.9792,-22.9862,28.8695,40.0288,-11.8971,38.2291,51.9792,-22.9862,28.8695,0,0,200,-250,0,0,0
696,1786708384.4902,1786708384.4948,0.03337,40.0879,-11.8242,37.8022,53.1868,-22.5495,28.8360,39.9893,-11.4785,38.4769,51.5021,-22.6597,28.8954,39.9893,-11.4785,38.4769,51.5021,-22.6597,28.8954,0,150,50,-150,50,0,0
697,1786708384.5236,1786708384.5277,0.03339,40.0879,-11.8242,38.1538,52.7473,-22.8132,28.8360,40.0196,-11.3249,38.7995,51.2258,-23.0947,28.8528,40.0196,-11.3249,38.7995,51.2258,-23.0947,28.8528,0,0,150,-200,-150,0,0
698,1786708384.557,1786708384.5615,0.03345,40.1758,-11.5604,38.5055,52.3077,-22.5495,28.8360,40.0832,-11.3721,38.8000,51.1619,-23.1789,28.9024,40.0832,-11.3721,38.8000,51.1619,-23.1789,28.9024,0,50,100,-100,100,0,0
699,1786708384.5904,1786708384.595,0.03336,40.1758,-11.2088,38.7692,51.8681,-22.9890,28.8360,39.8607,-11.0289,38.6813,51.0231,-23.4031,28.9060,39.8607,-11.0289,38.6813,51.0231,-23.4031,28.9060,0,200,50,-200,-150,0,0
700,1786708384.6238,1786708384.8403,0.0334,40.0879,-11.1209,38.8571,51.8681,-22.7253,28.8360,42.8213,-12.0365,38.6704,52.2462,-21.9057,32.6338,42.8213,-12.0365,38.6704,52.2462,-21.9057,32.6338,0,0,50,0,150,0,1
701,1786708384.8415,1786708384.8467,0.21769,40.1758,-10.8571,38.7692,51.5165,-23.0769,28.8360,42.7662,-12.6509,38.9492,52.0162,-21.8852,32.6788,42.7662,-12.6509,38.9492,52.0162,-21.8852,32.6788,0,0,0,0,0,0,1
702,1786708384.8748,1786708384.8798,0.03334,40.1758,-10.8571,38.7692,51.5165,-23.0769,28.8360,42.7535,-12.7265,38.9707,52.0512,-21.4326,32.7056,42.7535,-12.7265,38.9707,52.0512,-21.4326,32.7056,0,0,0,0,0,0,0
703,1786708384.9082,1786708384.9128,0.03337,40.5275,-11.0330,38.8571,51.6923,-22.7253,29.4312,42.7294,-12.7927,39.9447,51.7623,-21.5150,32.4772,42.7294,-12.7927,39.9447,51.7623,-21.5150,32.4772,100,0,0,50,50,400,0
704,1786708384.9415,1786708384.9462,0.03338,41.3187,-11.0330,39.0330,51.7802,-22.0220,30.8201,42.6895,-12.7499,40.4012,51.5656,-21.2930,32.3141,42.6895,-12.7499,40.4012,51.5656,-21.2930,32.3141,250,0,100,0,250,600,0
705,1786708384.9749,1786708384.9794,0.03337,42.1099,-11.0330,39.5604,51.6044,-22.1978,31.4153,42.4590,-13.0234,40.9235,51.4165,-21.3108,32.1149,42.4590,-13.0234,40.9235,51.4165,-21.3108,32.1149,350,0,200,-50,-50,300,0
706,1786708385.0083,1786708385.0128,0.03338,42.1978,-11.0330,40.3516,51.6923,-22.0220,31.4815,42.5084,-13.0958,41.3651,51.2827,-21.4856,31.9684,42.5084,-13.0958,41.3651,51.2827,-21.4856,31.9684,0,0,300,50,0,50,0
707,1786708385.0417,1786708385.0462,0.0334,41.7582,-11.0330,40.8791,51.6923,-21.8462,31.4815,42.2167,-13.2110,41.6634,51.1053,-21.6700,31.8360,42.2167,-13.2110,41.6634,51.1053,-21.6700,31.8360,-250,0,150,0,100,0,0
708,1786708385.0751,1786708385.0796,0.03343,41.6703,-11.0330,41.3187,51.6923,-21.6703,31.4815,42.5628,-13.2747,42.2531,51.1064,-21.5234,31.7015,42.5628,-13.2747,42.2531,51.1064,-21.5234,31.7015,-50,0,150,0,100,0,0
709,1786708385.1085,1786708385.1129,0.03336,41.7582,-11.0330,41.5824,51.6923,-21.7582,31.4815,42.3742,-13.3050,42.7004,51.2543,-21.7340,31.5758,42.3742,-13.3050,42.7004,51.2543,-21.7340,31.5758,0,0,50,0,0,0,0
710,1786708385.1419,1786708385.1462,0.03348,42.1978,-11.0330,42.1978,51.6044,-21.7582,31.4815,42.4579,-13.1601,42.6456,51.5694,-21.6206,31.4918,42.4579,-13.1601,42.6456,51.5694,-21.6206,31.4918,150,0,200,0,0,0,0
711,1786708385.1753,1786708385.1797,0.03331,42.1978,-11.0330,42.6374,51.6044,-21.7582,31.4815,42.5459,-13.0601,43.0580,51.6406,-21.4734,31.3974,42.5459,-13.0601,43.0580,51.6406,-21.4734,31.3974,0,0,150,0,0,0,0
712,1786708385.2087,1786708385.213,0.0334,42.1099,-11.0330,42.6374,51.6044,-21.7582,31.4815,42.5446,-13.1968,43.4794,51.9897,-21.7191,31.3992,42.5446,-13.1968,43.4794,51.9897,-21.7191,31.3992,0,0,0,0,0,0,0
713,1786708385.2421,1786708385.247,0.03341,41.9341,-11.1209,42.9011,51.4286,-21.7582,31.4815,42.4277,-13.0794,43.5702,52.3951,-21.9207,31.2876,42.4277,-13.0794,43.5702,52.3951,-21.9207,31.2876,-50,0,50,-100,0,0,0
714,1786708385.2754,1786708385.28,0.03335,41.9341,-11.1209,43.3407,51.6044,-21.7582,31.4815,42.3849,-13.1517,43.9417,52.5817,-22.1093,30.8932,42.3849,-13.1517,43.9417,52.5817,-22.1093,30.8932,-50,0,150,50,0,0,0
715,1786708385.3088,1786708385.3136,0.0334,41.9341,-11.0330,43.6044,51.8681,-21.7582,31.4815,42.6593,-12.8437,43.7122,52.8263,-22.2584,30.2187,42.6593,-12.8437,43.7122,52.8263,-22.2584,30.2187,0,50,50,100,0,0,0
716,1786708385.3423,1786708385.3466,0.03346,42.1099,-11.1209,43.7802,52.1319,-21.7582,31.2169,42.8080,-12.6883,43.6500,53.1478,-22.4605,28.4778,42.8080,-12.6883,43.6500,53.1478,-22.4605,28.4778,100,0,50,100,0,-100,0
717,1786708385.3756,1786708385.3802,0.03337,42.1978,-11.1209,43.8681,52.3077,-21.7582,30.8201,43.2343,-12.7151,43.4837,53.3096,-22.7170,25.4952,43.2343,-12.7151,43.4837,53.3096,-22.7170,25.4952,50,0,0,50,0,-200,0
718,1786708385.409,1786708385.4135,0.03338,42.1978,-11.1209,43.9560,52.5714,-22.0220,30.0265,43.4423,-12.5681,43.4963,53.2708,-22.6503,21.3340,43.4423,-12.5681,43.4963,53.2708,-22.6503,21.3340,0,0,50,50,-100,-350,0
719,1786708385.4424,1786708385.4469,0.03333,42.1978,-11.1209,43.9560,52.8352,-22.0220,28.5053,43.6052,-12.2363,43.6341,53.3424,-22.5755,16.7940,43.6052,-12.2363,43.6341,53.3424,-22.5755,18.1746,0,0,0,50,0,-650,0
720,1786708385.4758,1786708385.4805,0.03342,42.6374,-11.1209,43.8681,52.6593,-22.2857,26.1905,43.8914,-11.9251,43.1838,53.3278,-22.1283,11.8602,43.8914,-11.9251,43.1838,53.3278,-22.1283,15.9259,150,0,-50,-50,-100,-950,0
721,1786708385.5092,1786708385.514,0.03338,42.9890,-11.1209,43.9560,52.8352,-22.4615,23.3466,44.0956,-11.8636,43.2930,53.0409,-22.1858,8.1084,44.0956,-11.8636,43.2930,53.0409,-22.1858,12.9497,100,0,50,50,-50,-1350,0
722,1786708385.5425,1786708385.5474,0.03338,43.4286,-11.1209,43.9560,52.8352,-22.4615,20.7011,44.6557,-11.7378,43.1354,53.0269,-22.2502,7.1626,44.6557,-11.7378,43.1354,53.0269,-22.2502,10.3042,150,0,0,0,0,-1200,0
723,1786708385.5759,1786708385.5806,0.03337,43.6923,-11.1209,43.9560,52.7473,-22.4615,18.0556,44.7058,-11.2312,43.4695,53.1969,-22.4512,6.3606,44.7058,-11.2312,43.4695,53.1969,-22.4512,7.6587,100,0,0,0,0,-1150,0
724,1786708385.6093,1786708385.614,0.03338,43.6923,-11.1209,43.9560,52.7473,-22.4615,15.2778,44.5862,-11.0057,43.5007,52.7468,-22.4044,5.8547,44.5862,-11.0057,43.5007,52.7468,-22.4044,5.8547,0,0,0,0,0,-1250,0
725,1786708385.6426,1786708385.647,0.03336,43.8681,-10.8571,43.9560,52.7473,-22.2857,12.5661,44.8521,-10.9591,43.6151,52.5832,-22.7986,5.0337,44.8521,-10.9591,43.6151,52.5832,-22.7986,5.0337,100,100,0,0,100,-1250,0
726,1786708385.6761,1786708385.6804,0.03346,44.0440,-10.6813,43.9560,52.7473,-22.4615,10.1190,44.5871,-10.7133,43.8396,52.1589,-22.9370,3.8994,44.5871,-10.7133,43.8396,52.1589,-22.9370,3.8994,50,100,0,0,-100,-1100,0
727,1786708385.7094,1786708385.7136,0.03332,44.3077,-10.6813,43.9560,52.7473,-22.4615,8.0688,44.2465,-10.5451,43.7482,51.5599,-23.1761,2.6396,44.2465,-10.5451,43.7482,51.5599,-23.1761,2.6396,100,0,0,0,0,-900,0
728,1786708385.7429,1786708385.7478,0.03348,44.3956,-10.5055,43.9560,52.5714,-22.5495,6.4815,43.8864,-10.7993,44.0357,50.8212,-23.3263,1.5558,43.8864,-10.7993,44.0357,50.8212,-23.3263,1.5558,0,100,0,-100,0,-750,0
729,1786708385.7763,1786708385.781,0.03336,44.3956,-10.4176,43.9560,52.1319,-22.7253,4.9603,43.8166,-10.8366,44.0637,50.2061,-23.2691,0.7313,43.8166,-10.8366,44.0637,50.2061,-23.2691,0.7313,0,50,0,-100,-100,-750,0
730,1786708385.8096,1786708385.8153,0.03334,44.3077,-10.4176,43.9560,51.6923,-22.8132,3.6376,43.6309,-10.8904,44.4567,49.8037,-23.5380,0.5693,43.6309,-10.8904,44.4567,49.8037,-23.5380,0.5693,0,0,0,-200,0,-600,0
731,1786708385.843,1786708385.8472,0.03339,44.2198,-10.4176,43.9560,51.0769,-22.8132,2.5794,43.3407,-10.9317,44.2295,49.6000,-23.7406,0.7689,43.3407,-10.9317,44.2295,49.6000,-23.7406,0.7689,0,0,0,-200,0,-400,0
732,1786708385.8764,1786708385.8806,0.03341,44.1319,-10.4176,44.2198,50.6374,-22.9890,1.9841,43.0159,-11.1795,44.3007,49.6484,-24.4642,0.9478,43.0159,-11.1795,44.3007,49.6484,-24.4642,0.9478,-50,0,100,-150,-50,-350,0
733,1786708385.9098,1786708385.914,0.03337,43.8681,-10.4176,44.2198,50.3736,-23.3407,1.7857,42.7969,-11.4409,43.6778,49.7995,-24.6056,1.2591,42.7969,-11.4409,43.6778,49.7995,-24.6056,1.2591,-50,0,0,-100,-100,-50,0
734,1786708385.9432,1786708385.9475,0.03338,43.6044,-10.4176,44.2198,50.2857,-23.7802,1.7857,42.3758,-11.9164,43.2408,50.2398,-24.9209,1.4927,42.3758,-11.9164,43.2408,50.2398,-24.9209,1.4927,-100,0,0,0,-150,0,0
735,1786708385.9765,1786708385.9807,0.03337,43.3407,-10.4176,44.2198,50.2857,-24.1319,1.7857,41.7581,-12.8174,42.0854,51.2746,-25.9754,1.8210,41.7581,-12.8174,42.0854,51.2746,-25.9754,1.8210,-100,0,0,0,-150,0,0
736,1786708386.0099,1786708386.0142,0.0334,43.0769,-10.5055,44.2198,50.3736,-24.3956,1.7857,40.9478,-13.7997,40.5654,52.6209,-27.6706,2.1464,40.9478,-13.7997,40.5654,52.6209,-27.6706,2.1464,-50,0,0,0,-50,0,0
737,1786708386.0433,1786708386.0475,0.03337,42.5495,-10.6813,44.1319,50.6374,-25.0110,1.7857,39.7247,-15.2381,38.8920,54.2001,-29.8660,2.4135,39.7247,-15.2381,38.8920,54.2001,-29.8660,2.4135,-150,-50,0,50,-200,0,0
738,1786708386.0767,1786708386.0808,0.0334,41.9341,-11.1209,43.2527,51.5165,-26.1538,1.9180,37.7220,-16.5371,36.4767,55.9374,-33.2569,2.5687,37.7220,-16.5371,36.4767,55.9374,-33.2569,2.5687,-200,-150,-250,300,-350,50,0
739,1786708386.1101,1786708386.1143,0.03341,41.0549,-11.8242,42.1978,52.5714,-27.7363,2.0503,35.4712,-18.2670,34.4854,58.4069,-37.3152,2.5770,35.4712,-18.2670,34.4854,58.4069,-37.3152,2.5770,-300,-200,-400,350,-550,100,0
740,1786708386.1435,1786708386.148,0.03337,39.8242,-12.9670,40.7033,53.9780,-29.5824,2.1825,32.7355,-19.8686,32.4434,60.4252,-41.7214,2.3373,32.7355,-19.8686,32.4434,60.4252,-39.8462,2.3373,-400,-400,-450,450,-650,50,0
741,1786708386.1769,1786708386.1814,0.03342,38.1538,-14.1978,38.8571,55.6484,-32.3077,2.2487,29.8657,-21.6248,29.6393,62.9045,-45.2267,2.2484,29.8657,-21.6248,29.6393,62.9045,-42.7473,2.2484,-600,-400,-600,550,-900,50,0
742,1786708386.2103,1786708386.2147,0.03334,36.1319,-15.6923,37.0110,57.4945,-35.0330,2.2487,26.5856,-23.0900,26.9946,64.7790,-48.5355,2.0404,26.5856,-23.0900,26.9946,64.7790,-45.3846,2.0404,-750,-500,-600,650,-850,0,0
743,1786708386.2437,1786708386.248,0.0334,33.9341,-17.2747,34.9011,59.5165,-37.8462,2.2487,23.4257,-24.7701,24.9077,66.1036,-50.6921,1.5965,23.6703,-24.7701,24.9077,66.1036,-48.1978,1.5965,-700,-550,-750,650,-1000,0,0
744,1786708386.2771,1786708386.2815,0.03345,31.3846,-18.8571,32.7033,61.6264,-40.7473,2.2487,19.4904,-25.9700,22.2113,67.4038,-52.8369,1.3388,21.0330,-25.9700,22.3516,67.4038,-51.0989,1.3388,-850,-500,-800,700,-950,0,0
745,1786708386.3104,1786708386.3148,0.03332,28.4835,-20.4396,30.4176,63.3846,-43.4725,2.1164,16.3026,-27.0664,19.8784,68.1659,-54.2209,1.0893,18.1319,-27.0664,20.0659,68.1659,-53.8242,1.0893,-950,-550,-800,600,-950,-50,0
746,1786708386.3438,1786708386.3481,0.03337,25.6703,-21.8462,28.0440,64.8791,-46.1978,1.9180,13.0577,-28.0535,17.8307,68.3377,-55.3667,0.9891,15.3187,-28.0535,17.8307,68.3377,-55.3667,0.9891,-950,-500,-750,450,-850,-100,0
747,1786708386.3773,1786708386.382,0.03351,22.7692,-23.2527,25.7582,66.1978,-49.0110,1.7857,10.1569,-28.8921,16.0997,68.7060,-57.1933,0.8289,12.3297,-28.8921,16.0997,68.7060,-57.1933,0.8289,-1000,-450,-800,500,-1000,-50,0
748,1786708386.4106,1786708386.4151,0.0333,19.9560,-24.3956,23.3846,66.9011,-51.5604,1.7196,7.0900,-29.6400,14.1112,68.2269,-58.3068,0.6665,9.6923,-29.6400,14.1112,68.2269,-58.3068,0.6665,-900,-400,-800,200,-900,-50,0
749,1786708386.444,1786708386.4484,0.03337,17.4066,-25.4505,21.2747,67.5165,-53.7582,1.7196,5.2603,-30.4288,13.1304,67.0149,-59.6217,0.5994,7.0549,-30.4288,13.1304,67.0149,-59.6217,0.5994,-900,-400,-700,250,-750,0,0
750,1786708386.4774,1786708386.7,0.03337,14.6813,-26.5055,19.3407,67.5165,-55.5165,1.5873,23.6247,-22.3472,11.3763,69.7393,-43.4056,1.7437,17.8242,-22.3472,11.3763,69.7393,-49.2088,1.7437,-950,-300,-650,0,-650,-50,1
751,1786708386.7012,1786708386.7061,0.22382,7.7363,-28.6154,15.6484,67.3407,-59.2088,1.4550,25.5178,-22.1054,10.4081,71.1074,-39.1851,1.7897,17.6484,-22.1054,10.4081,71.1074,-49.2088,1.7897,-100,0,0,0,0,0,1
752,1786708386.7344,1786708386.7389,0.03325,7.3846,-28.6154,15.5604,67.4286,-59.2088,1.4550,27.4091,-22.1981,9.6273,72.4938,-34.9620,1.8309,17.3846,-22.1981,9.6273,72.4938,-49.1209,1.8309,-150,0,0,0,0,0,0
753,1786708386.7678,1786708386.7722,0.0334,7.9121,-28.0879,14.5934,68.1319,-58.5055,1.5873,29.2831,-21.9886,9.0196,73.9291,-30.6166,1.8534,18.0879,-21.9886,9.0196,73.9291,-48.3297,1.8534,250,300,-350,350,300,50,0
754,1786708386.8013,1786708386.8058,0.03345,10.0220,-26.3297,13.0110,69.9780,-56.2198,1.7196,30.8615,-22.1003,8.7118,75.4139,-26.2858,1.9681,20.3736,-22.1003,8.7118,75.4139,-45.7802,1.9681,550,500,-500,600,600,50,0
755,1786708386.8346,1786708386.839,0.03332,12.9231,-24.2198,12.0440,71.6484,-53.1429,1.7196,32.8185,-21.9954,8.3428,76.7407,-21.5375,1.9840,23.2747,-21.9954,8.3428,76.7407,-42.8791,1.9840,1000,700,-350,550,1000,0,0
756,1786708386.868,1786708386.8724,0.03339,16.0000,-22.8132,11.6044,73.2308,-50.5934,1.7196,34.1737,-21.6108,8.0807,77.9620,-17.5410,2.1370,26.4396,-21.6108,8.0807,77.9620,-40.1538,2.1370,1100,400,-150,500,950,0,0
757,1786708386.9014,1786708386.9058,0.03343,18.7253,-22.1978,11.6044,74.6374,-47.7802,1.7857,35.8130,-20.8573,7.5111,79.0122,-13.2230,2.1676,29.0769,-20.8573,7.5111,79.0122,-37.4286,2.1676,950,300,0,550,900,50,0
758,1786708386.9348,1786708386.9391,0.03335,21.4505,-21.9341,11.0769,75.9560,-45.0549,1.7857,37.0560,-20.0423,7.0924,79.9519,-9.1925,2.1553,31.6264,-20.0423,7.0924,79.9519,-34.6154,2.1553,950,100,-150,450,950,0,0
759,1786708386.9681,1786708386.9724,0.03338,23.9121,-21.4066,10.1978,77.1868,-42.0659,1.7857,38.1474,-19.1005,6.6324,80.7579,-5.7800,2.2059,34.2637,-19.1005,6.6324,80.7579,-31.7143,2.2059,900,200,-350,400,1050,0,0
760,1786708387.0015,1786708387.0062,0.0334,26.5495,-20.5275,9.5824,78.2418,-39.5165,1.7857,38.9896,-17.8299,6.3124,81.4091,-2.6362,2.2350,36.9890,-17.8299,6.3124,81.4091,-29.0769,2.2350,850,250,-200,350,900,0,0
761,1786708387.0349,1786708387.0394,0.03337,29.6264,-19.4725,9.2308,79.2088,-36.7912,1.7857,39.6799,-16.6220,5.7178,81.8569,0.3784,2.2393,39.6799,-16.6220,5.7178,81.8569,-26.4396,2.2393,1000,400,-150,350,850,0,0
762,1786708387.0683,1786708387.0726,0.03341,32.5275,-18.5055,8.9670,80.1758,-33.8901,1.7857,40.2701,-15.1751,5.2496,82.2580,2.7794,2.3135,40.2701,-15.1751,5.2496,82.2580,-23.6264,2.3135,950,300,-100,300,950,0,0
763,1786708387.1017,1786708387.106,0.03338,35.1648,-17.3626,8.4396,80.7912,-31.2527,1.7857,40.7433,-13.6590,4.6998,82.4644,5.8758,2.3321,40.7433,-13.6590,4.6998,82.4644,-20.9011,2.3321,900,400,-150,250,950,0,0
764,1786708387.1351,1786708387.1395,0.03344,37.1868,-16.2198,7.9121,81.4066,-28.4396,1.8519,41.1968,-11.8062,4.2878,82.6568,8.7738,2.3590,41.1968,-11.8062,4.2878,82.6568,-18.0879,2.3590,700,400,-250,150,950,50,0
765,1786708387.1685,1786708387.1727,0.03333,38.5934,-14.7253,7.2967,81.7582,-25.6264,1.9841,41.4401,-10.3540,3.9875,82.5932,11.4671,2.3463,41.4401,-10.3540,3.9875,82.5932,-15.3626,2.3463,500,500,-200,150,950,50,0
766,1786708387.2019,1786708387.2064,0.03343,39.5604,-13.1429,6.8571,82.0220,-22.9011,2.0503,41.7566,-8.9077,3.9890,82.5217,13.3705,2.3953,41.7566,-8.9077,3.9890,82.5217,-12.5495,2.3953,300,550,-150,100,950,50,0
767,1786708387.2352,1786708387.2397,0.03333,40.0000,-11.6484,6.5055,82.1099,-20.1758,2.0503,42.1304,-7.6482,3.8325,82.5602,15.5138,2.3972,42.1304,-7.6482,3.8325,82.5602,-9.7363,2.3972,200,550,-100,50,950,0,0
768,1786708387.2686,1786708387.273,0.0334,40.4396,-10.1538,6.5055,82.1978,-17.3626,2.0503,42.3802,-6.4887,3.9350,82.2915,17.2042,2.4379,42.3802,-6.4887,3.9350,82.2915,-7.0110,2.4379,150,450,0,0,900,0,0
769,1786708387.3021,1786708387.3065,0.03347,40.9670,-8.7473,6.5055,82.1978,-14.6374,2.1825,42.5287,-5.3525,4.0372,81.9133,18.5710,2.4148,42.5287,-5.3525,4.0372,81.9133,-4.1978,2.4148,200,450,0,0,950,50,0
770,1786708387.3354,1786708387.3398,0.03331,41.5824,-7.4286,6.5055,82.1978,-11.7363,2.1825,42.8464,-4.2052,4.2942,81.7156,19.6926,2.4370,42.8464,-4.2052,4.2942,81.7156,-1.3846,2.4370,200,500,0,0,1000,0,0
771,1786708387.3688,1786708387.3732,0.03338,42.1099,-6.1978,6.5055,82.1978,-9.0110,2.1825,42.9756,-3.2875,4.6143,81.4070,20.1400,2.5125,42.9756,-3.2875,4.6143,81.4070,1.3407,2.5125,200,450,0,0,900,0,0
772,1786708387.4022,1786708387.4066,0.03345,42.3736,-4.9670,6.5055,82.1978,-6.1978,2.1825,43.0063,-2.4609,5.0722,81.0843,21.0209,2.5169,43.0063,-2.4609,5.0722,81.0843,4.1538,2.5169,100,400,0,0,950,0,0
773,1786708387.4356,1786708387.4402,0.03337,42.3736,-3.8242,6.5055,82.0220,-3.4725,2.1825,42.9725,-1.7946,5.3264,80.7961,21.4661,2.5149,42.9725,-1.7946,5.3264,80.7961,6.8791,2.5149,50,400,0,-50,950,0,0
774,1786708387.469,1786708387.4734,0.03338,42.3736,-2.8571,6.5055,81.5824,-0.6593,2.1825,43.0048,-1.2972,5.9784,80.3462,21.7231,2.5759,43.0048,-1.2972,5.9784,80.3462,9.6044,2.5759,0,350,0,-150,950,0,0
775,1786708387.5023,1786708387.5066,0.03336,42.3736,-1.9780,6.5055,81.4066,2.0659,2.1825,42.8978,-0.4051,6.4186,79.7904,22.2896,2.5654,42.8978,-0.4051,6.4186,79.7904,12.4176,2.5654,0,300,0,-100,900,0,0
776,1786708387.5358,1786708387.5401,0.03342,42.3736,-1.3626,6.6813,80.8791,4.7912,2.1825,42.7845,-0.0795,6.9545,79.3179,22.5687,2.5835,42.7845,-0.0795,6.9545,79.3179,15.1429,2.5835,0,200,0,-150,950,0,0
777,1786708387.5691,1786708387.5735,0.03337,42.4615,-0.5714,6.8571,80.5275,7.6044,2.1825,42.6746,0.3716,7.3949,78.6344,23.0342,2.6539,42.6746,0.3716,7.3949,78.6344,17.9560,2.6539,50,250,100,-150,950,0,0
778,1786708387.6025,1786708387.6068,0.03337,42.4615,-0.0440,7.1209,79.7363,10.3297,2.1825,42.5569,0.8218,8.1437,77.9534,23.5609,2.7328,42.5569,0.8218,8.1437,77.9534,20.6813,2.7328,0,200,100,-350,900,0,0
779,1786708387.636,1786708387.6414,0.03351,42.5495,0.3956,7.6484,79.5604,13.1429,2.3148,42.7111,1.1209,8.6331,77.3681,24.1724,2.8730,42.7111,1.1209,8.6331,77.3681,23.5824,2.8730,0,100,200,-50,950,100,0
780,1786708387.6693,1786708387.6738,0.0333,42.5495,0.7473,8.0000,78.8571,15.9560,2.3810,42.6714,1.5804,9.0912,76.7887,24.7438,3.0942,42.6714,1.5804,9.0912,76.7887,24.7438,3.0942,0,150,100,-250,1000,50,0
781,1786708387.7027,1786708387.7069,0.03337,42.5495,1.2747,8.6154,78.2418,18.6813,2.5794,42.7899,1.8474,9.5090,76.2525,25.5155,3.4779,42.7899,1.8474,9.5090,76.2525,25.5155,3.4779,0,200,150,-150,950,50,0
782,1786708387.7361,1786708387.7403,0.0334,42.5495,1.7143,9.1429,77.8022,21.0549,2.7116,42.7480,1.6247,10.0107,75.8390,26.2691,3.9328,42.7480,1.6247,10.0107,75.8390,26.2691,3.9328,0,150,150,-100,850,50,0
783,1786708387.7695,1786708387.7741,0.03337,42.4615,1.9780,9.4945,76.9231,22.7253,2.9762,42.9617,2.2701,10.2903,75.4215,27.0786,4.4098,42.9617,2.2701,10.2903,75.4215,27.0786,4.4098,-50,150,100,-200,550,100,0
784,1786708387.8029,1786708387.8073,0.03339,42.4615,1.9780,9.9341,76.6593,23.9560,3.3069,42.9598,2.2419,10.6188,75.0940,27.6482,5.0180,42.9598,2.2419,10.6188,75.0940,27.6482,5.0180,0,0,150,-50,450,150,0
785,1786708387.8362,1786708387.8411,0.03339,42.5495,2.2418,10.2857,76.2198,25.0989,3.6376,42.8223,2.3445,10.9600,74.8503,27.8532,5.7364,42.8223,2.3445,10.9600,74.8503,27.8532,5.7364,50,150,150,-50,400,200,0
786,1786708387.8696,1786708387.8742,0.03339,42.5495,2.5055,10.6374,75.6044,25.9780,4.1667,42.8188,2.5099,11.2237,74.6874,28.5239,6.5392,42.8188,2.5099,11.2237,74.6874,28.5239,6.5392,0,50,100,-200,350,200,0
787,1786708387.9031,1786708387.9073,0.03346,42.5495,2.7692,11.0769,75.5165,26.6813,4.6958,42.6781,2.4788,11.5872,74.5724,28.9713,7.5035,42.6781,2.4788,11.5872,74.5724,28.9713,7.5035,0,100,150,-50,250,300,0
788,1786708387.9364,1786708387.941,0.03331,42.5495,2.7692,11.2527,75.0769,27.2967,5.4233,42.6921,2.7917,11.9317,74.0639,29.4280,8.6504,42.6921,2.7917,11.9317,74.0639,29.4280,8.6504,0,0,50,-200,200,300,0
789,1786708387.9698,1786708387.9743,0.03343,42.5495,2.7692,11.6044,74.9011,27.9121,6.2169,42.6283,3.1014,12.0334,73.8912,29.5717,9.8288,42.6283,3.1014,12.0334,73.8912,29.5717,9.8288,0,0,100,-50,250,400,0
790,1786708388.0032,1786708388.0077,0.03339,42.5495,2.9451,11.9560,74.8132,28.4396,7.2751,42.5894,3.2319,12.3679,73.6158,29.7673,11.0550,42.5894,3.2319,12.3679,73.6158,29.7673,11.0550,0,50,100,0,150,450,0
791,1786708388.0367,1786708388.0412,0.03343,42.5495,3.3846,11.9560,74.1978,28.7912,8.2672,42.4253,3.6309,12.3752,73.3779,29.6640,12.2203,42.4253,3.6309,12.3752,73.3779,29.6640,12.2203,0,150,0,-250,150,450,0
792,1786708388.07,1786708388.0747,0.03336,42.5495,3.4725,12.2198,73.9341,29.0549,9.3254,42.3719,3.5588,12.6409,73.3207,29.4073,13.1995,42.3719,3.5588,12.6409,73.3207,29.4073,13.1995,0,0,100,-100,100,500,0
793,1786708388.1034,1786708388.1078,0.03339,42.5495,3.7363,12.3956,74.1099,29.1429,10.5159,42.2386,3.9281,13.1978,73.0685,29.6666,13.9924,42.2386,3.9281,13.1978,73.0685,29.6666,13.9924,0,100,50,100,50,500,0
794,1786708388.1368,1786708388.1413,0.03344,42.5495,3.9121,12.6593,73.4945,29.1429,11.5741,42.1706,4.2150,13.2901,72.9965,29.9103,14.5092,42.1706,4.2150,13.2901,72.9965,29.9103,14.5092,0,50,100,-250,0,450,0
795,1786708388.1703,1786708388.1748,0.03342,42.5495,4.1758,13.1868,73.4066,29.1429,12.4339,42.2223,4.4841,13.6441,72.4995,30.2750,14.8239,42.2223,4.4841,13.6441,72.4995,30.2750,14.8239,0,100,150,-50,0,350,0
796,1786708388.2036,1786708388.2083,0.03335,42.5495,4.4396,13.3626,73.6703,29.2308,13.2275,42.3532,4.4533,13.9904,72.3945,30.3907,15.0356,42.3532,4.4533,13.9904,72.3945,30.3907,15.0356,0,100,50,100,50,300,0
797,1786708388.237,1786708388.2415,0.03338,42.5495,4.7033,13.6264,72.8791,29.5824,13.7566,42.1243,4.7671,14.4303,72.2398,30.4331,15.2019,42.1243,4.7671,14.4303,72.2398,30.4331,15.2019,0,100,100,-350,150,250,0
798,1786708388.2704,1786708388.2752,0.03338,42.5495,4.7912,14.0659,72.7912,29.8462,14.1534,42.1343,4.8491,14.6485,72.1683,30.5117,15.3301,42.1343,4.8491,14.6485,72.1683,30.5117,15.3301,0,0,150,-50,50,100,0
799,1786708388.3038,1786708388.3083,0.03337,42.5495,4.9670,14.4176,72.8791,29.9341,14.4841,42.1737,4.7783,15.0207,72.0087,30.4229,15.4917,42.1737,4.7783,15.0207,72.0087,30.4229,15.4917,0,0,150,50,50,150,0
800,1786708388.3371,1786708388.5535,0.03337,42.5495,5.1429,14.6813,72.2637,30.0220,14.8148,44.2059,4.8578,14.1458,71.6672,18.2476,14.5468,44.2059,4.8578,14.1458,71.6672,20.0220,14.5468,0,100,150,-300,0,150,1
801,1786708388.5546,1786708388.5566,0.21749,42.5495,5.1429,15.0330,72.1758,30.0220,15.1455,42.2652,4.4642,15.5774,72.1852,29.2419,15.0692,42.2652,4.4642,15.5774,72.1852,29.2419,15.0692,0,0,0,-50,0,0,1
