step,t_obs,t_cmd,dt,pos_shoulder_pan,pos_shoulder_lift,pos_elbow_flex,pos_wrist_flex,pos_wrist_roll,pos_gripper,cmd_shoulder_pan,cmd_shoulder_lift,cmd_elbow_flex,cmd_wrist_flex,cmd_wrist_roll,cmd_gripper,sent_shoulder_pan,sent_shoulder_lift,sent_elbow_flex,sent_wrist_flex,sent_wrist_roll,sent_gripper,velraw_shoulder_pan,velraw_shoulder_lift,velraw_elbow_flex,velraw_wrist_flex,velraw_wrist_roll,velraw_gripper,chunk_start
0,1787057020.7142,1787057021.0844,2.20239,-0.9670,-97.4505,96.0879,76.5714,-90.3297,1.8519,-0.9148,-98.4309,96.1530,77.2466,-89.3900,1.0841,-0.9148,-98.4309,96.1530,77.2466,-89.3900,1.0841,0,0,0,0,0,0,1
1,1787057021.0855,1787057021.0906,0.37137,-0.9670,-97.4505,96.0879,76.5714,-90.3297,1.8519,-1.9257,-97.8516,94.5738,77.6448,-89.5976,0.9455,-1.9257,-97.8516,94.5738,77.6448,-89.5976,0.9455,0,0,0,0,0,0,1
2,1787057021.1189,1787057021.1236,0.03338,-0.9670,-97.4505,96.0879,76.5714,-90.3297,1.8519,-1.3972,-97.9876,95.3296,76.9893,-90.1752,1.0633,-1.3972,-97.9876,95.3296,76.9893,-90.1752,1.0633,0,0,0,0,0,0,0
3,1787057021.1523,1787057021.1566,0.03336,-1.2308,-97.5385,95.9121,77.0110,-90.2418,1.6534,-1.5928,-98.7154,94.2386,76.9387,-89.9293,1.1082,-1.5928,-98.7154,94.2386,76.9387,-89.9293,1.1082,-50,-50,-50,200,50,-100,0
4,1787057021.1857,1787057021.1899,0.03339,-1.5824,-97.6264,95.6484,76.9231,-90.2418,1.5873,-1.8124,-98.2520,95.4808,78.3679,-89.2875,0.8736,-1.8124,-98.2520,95.4808,78.3679,-89.2875,0.8736,-200,0,-50,0,0,0,0
5,1787057021.2191,1787057021.2233,0.0334,-1.6703,-97.8022,95.5604,76.9231,-90.1538,1.5873,-2.0676,-98.2931,94.7215,77.5589,-90.1160,1.0733,-2.0676,-98.2931,94.7215,77.5589,-90.1160,1.0733,0,-50,-50,0,50,0,0
6,1787057021.2525,1787057021.2566,0.03342,-1.4945,-98.0659,95.4725,77.4505,-89.9780,1.5873,-2.0730,-98.1375,94.1630,77.6832,-90.2510,0.9714,-2.0730,-98.1375,94.1630,77.6832,-90.2510,0.9714,50,-150,-50,200,50,0,0
7,1787057021.2858,1787057021.29,0.03336,-1.5824,-98.0659,95.4725,77.6264,-90.0659,1.5873,-1.9109,-98.1804,94.6268,78.0636,-90.3023,1.0745,-1.9109,-98.1804,94.6268,78.0636,-90.3023,1.0745,0,0,0,150,-50,0,0
8,1787057021.3193,1787057021.3236,0.03344,-1.7582,-98.0659,95.4725,77.6264,-90.1538,1.5873,-1.9649,-98.0975,96.1601,78.4747,-90.0744,0.9552,-1.9649,-98.0975,96.1601,78.4747,-90.0744,0.9552,-100,0,0,0,0,0,0
9,1787057021.3526,1787057021.3572,0.03336,-1.8462,-98.0659,95.3846,77.7143,-90.1538,1.5873,-1.3422,-97.8412,94.0048,78.5421,-89.4149,1.0063,-1.3422,-97.8412,94.0048,78.5421,-89.4149,1.0063,-50,0,-50,50,0,0,0
10,1787057021.386,1787057021.3902,0.03337,-1.8462,-98.0659,95.5604,78.0659,-90.1538,1.5873,-1.3391,-98.3740,93.5903,78.6661,-89.6922,1.0404,-1.3391,-98.3740,93.5903,78.6661,-89.6922,1.0404,0,0,50,100,0,0,0
11,1787057021.4195,1787057021.4237,0.03347,-1.8462,-98.0659,95.6484,78.2418,-89.9780,1.5873,-1.9009,-98.3770,93.8326,77.4715,-89.8035,1.1861,-1.9009,-98.3770,93.8326,77.4715,-89.8035,1.1861,0,0,0,50,100,0,0
12,1787057021.4528,1787057021.457,0.0333,-1.8462,-98.0659,95.2967,78.3297,-89.9780,1.5873,-1.8694,-97.8070,92.0452,78.5895,-88.9074,1.4184,-1.8694,-97.8070,92.0452,78.5895,-88.9074,1.4184,0,0,-100,50,0,0,0
13,1787057021.4862,1787057021.491,0.0334,-1.6703,-98.0659,95.2088,78.0659,-89.9780,1.5873,-2.4345,-97.7350,92.2975,79.4397,-88.9240,1.0263,-2.4345,-97.7350,92.2975,79.4397,-88.9240,1.0263,50,0,0,-50,0,0,0
14,1787057021.5196,1787057021.5241,0.03345,-1.6703,-98.0659,94.9451,78.1538,-89.6264,1.5873,-1.7020,-98.4770,91.9405,78.8468,-88.2258,1.1965,-1.7020,-98.4770,91.9405,78.8468,-88.2258,1.1965,0,0,-100,-50,150,0,0
15,1787057021.553,1787057021.558,0.03338,-1.7582,-98.0659,94.5934,78.7692,-89.4505,1.5873,-1.3052,-98.6418,91.0109,79.2916,-88.2585,1.1124,-1.3052,-98.6418,91.0109,79.2916,-88.2585,1.1124,-50,0,-150,200,50,0,0
16,1787057021.5865,1787057021.5912,0.03346,-2.1099,-98.1538,94.5055,78.7692,-89.0989,1.5873,-1.4870,-99.5282,89.5329,79.5687,-88.4176,1.0130,-1.4870,-99.5282,89.5329,79.5687,-88.4176,1.0130,-150,0,0,0,150,0,0
17,1787057021.6198,1787057021.6246,0.0333,-1.8462,-98.1538,94.0659,78.9451,-88.9231,1.5873,-0.2134,-99.4907,88.1294,80.1439,-89.0350,1.0033,-0.2134,-99.4907,88.1294,80.1439,-89.0350,1.0033,100,0,-200,100,50,0,0
18,1787057021.6532,1787057021.6579,0.03338,-1.4945,-98.3297,93.1868,79.2967,-89.0989,1.5873,0.6863,-97.5852,85.7305,80.9051,-88.3601,1.0623,0.6863,-97.5852,85.7305,80.9051,-88.3601,1.0623,100,-50,-250,150,-50,0,0
19,1787057021.6865,1787057021.6913,0.03337,-1.4945,-98.8571,92.0440,79.7363,-89.0989,1.5873,0.9564,-96.9185,81.7058,81.0556,-88.6607,1.1334,0.9564,-96.9185,81.7802,81.0556,-88.6607,1.1334,0,-150,-400,150,-50,0,0
20,1787057021.72,1787057021.7248,0.03343,-0.5275,-98.8571,90.5495,80.2637,-88.9231,1.5873,2.0161,-93.8831,78.4089,82.6326,-88.0037,1.1315,2.0161,-93.8831,80.2857,82.6326,-88.0037,1.1315,300,-100,-550,200,0,0,0
21,1787057021.7533,1787057021.7584,0.03339,0.2637,-98.0659,88.5275,80.7033,-89.0110,1.5873,3.3394,-90.7373,74.5221,82.8063,-86.6086,0.9537,3.3394,-90.7373,78.1758,82.8063,-86.6086,0.9537,150,250,-650,150,0,0,0
22,1787057021.7868,1787057021.7922,0.03342,0.3516,-97.0989,86.0659,81.3187,-88.4835,1.5873,4.2124,-85.5518,70.6016,83.2169,-84.8724,1.0251,4.2124,-86.9231,75.6264,83.2169,-84.8724,1.0251,50,350,-850,300,100,0,0
23,1787057021.8201,1787057021.8251,0.03338,1.4945,-95.3407,83.7802,82.0220,-87.7802,1.5873,4.9099,-80.3830,65.0876,82.8288,-83.2379,0.9381,4.9099,-84.9890,73.4286,82.8288,-83.2379,0.9381,350,500,-750,250,250,0,0
24,1787057021.8535,1787057021.858,0.03336,2.9011,-92.7033,81.5824,82.4615,-86.8132,1.5873,6.3029,-72.3574,59.2446,84.0037,-79.7647,0.9743,6.3029,-82.2637,71.2308,84.0037,-79.7647,0.9743,450,800,-800,100,250,0,0
25,1787057021.887,1787057021.8919,0.03346,3.3407,-89.8901,79.2088,82.4615,-85.4066,1.5873,7.5922,-66.4930,52.8312,83.7398,-76.9676,1.0607,7.5922,-79.5385,68.8571,83.7398,-76.9676,1.0607,200,900,-750,0,450,0,0
26,1787057021.9203,1787057021.9253,0.03337,4.2198,-87.4286,77.0110,83.0769,-83.4725,1.5873,8.7296,-58.1105,44.6038,85.6407,-70.8648,0.8031,8.7296,-76.9890,66.6593,85.6407,-73.2088,0.8031,250,800,-750,150,700,0,0
27,1787057021.9537,1787057021.9587,0.03336,5.8901,-84.7912,74.6374,83.2527,-81.2747,1.5873,10.9518,-49.7716,37.0243,86.8756,-64.5640,1.2561,10.9518,-74.4396,64.3736,86.8756,-71.0110,1.2561,600,900,-750,50,700,0,0
28,1787057021.9871,1787057021.9918,0.0334,7.0330,-82.2418,72.3516,83.9560,-78.6374,1.5873,13.1354,-41.5560,28.3228,88.2202,-57.1148,1.2795,13.1354,-71.8901,62.0879,88.2202,-68.2857,1.2795,450,900,-800,300,950,0,0
29,1787057022.0205,1787057022.0256,0.03345,7.9121,-79.6044,70.0659,85.3626,-75.6484,1.5873,15.2436,-33.4596,20.4261,90.7276,-47.7196,1.2940,15.2436,-69.2527,59.7143,90.7276,-65.2088,1.2940,150,850,-750,500,1050,0,0
30,1787057022.0539,1787057022.0587,0.03339,10.0220,-77.0549,67.7802,86.5055,-73.2747,1.5873,17.1241,-24.5390,11.7616,92.2771,-39.1894,1.4996,17.1241,-66.7033,57.5165,92.2771,-62.8352,1.4996,700,900,-850,400,900,0,0
31,1787057022.0873,1787057022.0921,0.03333,12.3956,-74.4176,65.4945,88.0000,-70.4615,1.5873,19.0842,-17.9364,4.5399,94.4676,-29.8295,1.2719,19.0842,-64.0659,55.1429,94.4676,-60.1099,1.2719,750,900,-750,550,950,0,0
32,1787057022.1207,1787057022.1256,0.0334,13.7143,-71.8681,63.2088,89.8462,-67.6484,1.5873,21.1687,-10.5787,-1.6633,98.2214,-21.3500,1.3819,21.1687,-61.4286,52.8571,98.2214,-57.2088,1.3819,550,850,-800,650,900,0,0
33,1787057022.1541,1787057022.1596,0.03341,15.7363,-69.2308,60.8352,91.6044,-65.0110,1.5873,23.3187,-5.7233,-6.9037,99.6102,-13.6425,1.5118,23.3187,-58.7912,50.3956,99.6102,-54.6593,1.5118,700,850,-800,550,1000,0,0
34,1787057022.1875,1787057022.1927,0.03339,17.7582,-66.5055,58.4615,93.8022,-62.3736,1.5873,24.6736,-1.1928,-10.4879,100.5019,-7.4747,1.7173,24.6736,-56.1538,48.1099,100.5019,-51.9341,1.7173,700,900,-800,750,900,0,0
35,1787057022.2208,1787057022.2258,0.03337,19.8681,-63.7802,56.2637,96.1758,-59.5604,1.5873,26.1371,2.2318,-14.4130,101.0266,-1.6730,1.8812,26.1371,-53.4286,45.9121,101.0266,-49.2088,1.8812,700,950,-750,850,950,0,0
36,1787057022.2542,1787057022.259,0.03338,21.6264,-61.1429,53.8901,97.9341,-56.8352,1.5873,27.0928,4.4062,-14.9417,101.1438,2.3449,2.1586,27.0928,-50.8791,43.5385,101.1438,-46.4835,2.1586,600,900,-800,650,900,0,0
37,1787057022.2876,1787057022.2925,0.03339,23.3846,-58.5055,51.5165,98.9890,-54.1099,1.5873,28.6396,6.7504,-16.8824,100.2254,5.0332,2.1687,28.6396,-48.0659,41.2527,100.2254,-43.7582,2.1687,600,900,-750,350,950,0,0
38,1787057022.321,1787057022.3258,0.0334,24.6154,-55.7802,49.2308,99.3407,-51.3846,1.7857,29.4633,8.2019,-17.4031,100.0419,6.2472,2.4716,29.4633,-45.3407,38.8791,100.0419,-40.9451,2.4716,450,950,-800,100,950,100,0
39,1787057022.3544,1787057022.3593,0.03338,25.9341,-53.1429,46.8571,99.5165,-48.5714,1.9180,30.3353,8.7026,-17.7910,98.7249,7.5180,2.5693,30.3353,-42.7912,36.5055,98.7249,-38.3077,2.5693,400,900,-800,100,900,100,0
40,1787057022.3878,1787057022.3926,0.0334,27.2527,-50.3297,44.5714,99.5165,-45.9341,2.0503,31.0850,10.5982,-17.1910,97.7485,8.1242,2.5241,31.0850,-39.8901,34.2198,97.7485,-35.4945,2.5241,450,900,-850,0,900,100,0
41,1787057022.4212,1787057022.426,0.03342,28.7473,-47.3407,42.1978,99.3407,-43.1209,2.2487,32.1113,10.4911,-17.7946,97.5008,8.2572,2.6330,32.1113,-36.9890,31.8462,97.5008,-32.7692,2.6330,450,1000,-800,-50,900,50,0
42,1787057022.4546,1787057022.4595,0.0334,29.6264,-44.7033,39.7363,98.6374,-40.3956,2.3148,32.5900,11.9783,-17.8006,97.2775,8.1424,2.5210,32.5900,-34.2637,29.5604,97.2775,-30.0440,2.5210,300,950,-800,-200,950,50,0
43,1787057022.4879,1787057022.4924,0.03336,30.2418,-41.8022,37.3626,98.1978,-37.6703,2.3148,32.8789,12.8157,-18.2470,95.6424,7.1276,3.0635,32.8789,-31.5385,27.0989,95.6424,-27.3187,3.0635,200,900,-800,-150,900,0,0
44,1787057022.5213,1787057022.5258,0.03338,31.0330,-38.9890,35.0769,97.8462,-34.9451,2.3148,33.0660,13.4092,-19.8858,94.7970,7.2546,3.0566,33.0660,-28.5495,24.7253,94.7970,-24.5934,3.0566,250,1000,-800,-100,950,0,0
45,1787057022.5547,1787057022.5592,0.03341,31.8242,-36.0000,32.7912,97.0549,-32.1319,2.5132,33.4190,15.1684,-20.6222,93.9911,6.9033,3.1066,33.4190,-25.6484,22.4396,93.9911,-21.8681,3.1066,250,1000,-800,-250,950,150,0
46,1787057022.5882,1787057022.5927,0.03341,32.4396,-33.1868,30.4176,95.9121,-29.4066,2.7116,33.3194,16.3352,-20.8363,92.9031,6.4244,3.4117,33.3194,-22.7473,20.1538,92.9031,-19.0549,3.4117,150,950,-750,-400,900,100,0
47,1787057022.6215,1787057022.626,0.03339,32.7033,-30.1978,28.0440,95.2088,-26.6813,2.7116,33.2883,17.7014,-22.0021,93.0080,6.7205,3.7421,33.2883,-19.8462,17.6923,93.0080,-16.4176,3.7421,150,1000,-850,-150,950,0,0
48,1787057022.6549,1787057022.6594,0.03341,32.7912,-27.2967,25.6703,94.3297,-24.0440,2.9101,32.7062,19.0716,-22.6735,92.3534,6.5842,4.3056,32.7062,-16.8571,15.4066,92.3534,-13.6044,4.3056,0,1000,-750,-300,900,100,0
49,1787057022.6884,1787057022.6933,0.03342,32.8791,-24.1319,23.2967,93.6264,-21.2308,3.2407,32.7138,20.0496,-21.4497,92.0037,6.0160,4.9648,32.7138,-13.6923,13.0330,92.0037,-10.7912,4.9648,50,1050,-800,-250,950,150,0
50,1787057022.7217,1787057022.9472,0.03338,32.9670,-21.1429,21.0110,93.3626,-18.5055,3.5053,31.9649,-2.5028,-1.7706,98.5842,-0.6922,3.9663,31.9649,-3.6703,5.3846,98.5842,-1.4725,3.9663,50,1000,-800,-50,1000,100,1
51,1787057022.9484,1787057022.9536,0.22662,32.9670,-13.6703,15.3846,92.3956,-11.3846,4.5635,32.0359,1.0495,-4.6265,98.4944,-0.2218,4.1647,32.0359,-3.6703,5.3846,98.4944,-1.3846,4.1647,0,50,-50,-50,50,0,1
52,1787057022.9816,1787057022.9867,0.03328,32.9670,-13.6703,15.3846,92.3956,-11.2088,4.5635,32.0238,2.1630,-6.5193,99.0299,0.0889,4.0733,32.0238,-3.6703,5.2967,99.0299,-1.2088,4.0733,0,0,0,0,50,0,0
53,1787057023.015,1787057023.0199,0.03337,32.7912,-12.7033,14.4176,93.3626,-10.2418,4.2989,32.1878,3.5349,-7.1255,98.1226,0.1820,4.5603,32.1878,-2.5275,4.0659,98.1226,0.0220,4.5603,0,300,-400,450,450,-150,0
54,1787057023.0485,1787057023.0532,0.03347,32.6154,-10.1538,11.7802,95.2967,-7.6923,4.2328,32.5746,4.8295,-7.3722,98.9464,1.2183,4.8462,32.5746,0.1978,1.4286,98.9464,1.2183,4.8462,-50,850,-750,600,750,-50,0
55,1787057023.0818,1787057023.0865,0.03331,32.3516,-6.9011,9.2308,96.7912,-4.7033,4.2989,33.0575,6.1182,-10.1180,97.7866,0.8361,4.9509,33.0575,3.4505,-1.0330,97.7866,0.8361,4.9509,-50,1100,-900,500,1000,50,0
56,1787057023.1152,1787057023.1203,0.0334,32.3516,-3.5604,6.9451,97.3187,-2.4176,4.5635,32.7447,8.2048,-9.2707,98.6107,0.7150,4.7743,32.7447,6.7912,-3.3187,98.6107,0.7150,4.7743,-50,1100,-800,150,750,100,0
57,1787057023.1486,1787057023.1536,0.03342,32.5275,-0.5714,4.7473,97.2308,-1.3626,4.6296,32.5126,9.6003,-10.3387,97.8323,0.0989,4.8969,32.5126,9.6003,-5.6923,97.8323,0.0989,4.8969,50,1050,-750,0,450,50,0
58,1787057023.182,1787057023.1873,0.03342,32.7912,2.5934,2.1978,97.5824,-0.9231,4.7619,31.7123,10.2370,-9.2126,96.6866,-0.5311,4.6542,31.7123,10.2370,-8.1538,96.6866,-0.5311,4.6542,100,1050,-850,100,150,50,0
59,1787057023.2154,1787057023.2204,0.03342,32.8791,5.7582,-0.2637,97.7582,-0.7473,4.7619,31.4485,10.6493,-8.7492,95.6711,-1.1041,4.7035,31.4485,10.6493,-8.7492,95.6711,-1.1041,4.7035,50,1050,-800,0,50,0,0
60,1787057023.2488,1787057023.2534,0.03333,32.6154,8.3077,-2.4615,97.0549,-0.8352,4.7619,30.9883,11.7261,-7.6280,94.7319,-1.6528,4.6001,30.9883,11.7261,-7.6280,94.7319,-1.6528,4.6001,-50,850,-750,-250,-50,0,0
61,1787057023.2822,1787057023.2866,0.03338,32.3516,9.8901,-4.0440,96.3516,-0.8352,4.7619,31.1545,11.2503,-6.5195,93.7259,-1.8903,4.7256,31.1545,11.2503,-6.5195,93.7259,-1.8903,4.7256,-100,500,-600,-200,0,0,0
62,1787057023.3156,1787057023.32,0.03342,31.9121,10.8571,-4.5714,95.5604,-1.0989,4.7619,29.9726,11.7976,-6.8988,92.9926,-1.7942,5.2319,29.9726,11.7976,-6.8988,92.9926,-1.7942,5.2319,-150,350,-200,-250,-100,0,0
63,1787057023.349,1787057023.3537,0.03342,31.5604,11.2088,-4.5714,94.9451,-1.2747,4.7619,30.7033,12.1614,-5.3553,92.0052,-2.4820,5.4335,30.7033,12.1614,-5.3553,92.0052,-2.4820,5.4335,-150,100,0,-250,-100,0,0
64,1787057023.3824,1787057023.3866,0.03338,31.2967,11.9121,-4.5714,93.9780,-1.3626,4.8942,29.4952,13.1320,-5.1283,89.9905,-2.5564,5.8854,29.4952,13.1320,-5.1283,89.9905,-2.5564,5.8854,-50,200,0,-350,-50,50,0
65,1787057023.4158,1787057023.4199,0.03339,31.1209,12.3516,-4.5714,93.0989,-1.7143,5.0265,28.9813,14.3890,-4.7925,89.1453,-2.0628,6.8039,28.9813,14.3890,-4.7925,89.1453,-2.0628,6.8039,0,200,0,-300,-150,0,0
66,1787057023.4492,1787057023.4536,0.03342,30.8571,13.0549,-4.4835,92.0440,-1.8901,5.3571,29.3069,14.7892,-5.7383,88.9188,-2.0578,8.2292,29.3069,14.7892,-5.7383,88.9188,-2.0578,8.2292,-100,200,0,-350,-100,150,0
67,1787057023.4826,1787057023.4868,0.03341,30.2418,14.1099,-4.3956,90.5495,-1.8901,6.0185,28.8670,15.0295,-5.6319,87.7285,-1.3943,10.5035,28.8670,15.0295,-5.6319,87.7285,-1.3943,10.5035,-200,400,50,-650,0,250,0
68,1787057023.5159,1787057023.5201,0.03335,29.8022,14.9890,-4.3077,89.9341,-1.8901,6.8122,29.4928,15.5698,-5.0494,87.7791,-0.0582,12.6203,29.4928,15.5698,-5.0494,87.7791,-0.0582,12.6203,-200,350,0,-150,0,400,0
69,1787057023.5494,1787057023.5536,0.03344,29.4505,15.4286,-4.3077,89.3187,-1.8022,8.0688,29.4686,15.7674,-4.9028,86.3395,-0.3561,14.9014,29.4686,15.7674,-4.9028,86.3395,-0.3561,14.9014,-150,150,0,-150,0,650,0
70,1787057023.5827,1787057023.5869,0.03336,29.3626,15.6923,-4.3077,88.4396,-1.2747,10.1190,30.2372,16.0240,-4.9469,85.9820,0.8864,17.7573,30.2372,16.0240,-4.9469,85.9820,0.8864,17.7573,-50,150,0,-400,200,800,0
71,1787057023.6161,1787057023.6205,0.03341,29.3626,16.0440,-4.3077,87.9121,-0.9231,11.5741,30.2887,16.3339,-5.7030,84.8541,0.1841,19.4047,30.2887,16.3339,-5.7030,84.8541,0.1841,19.4047,0,100,0,-150,50,700,0
72,1787057023.6496,1787057023.6539,0.03348,29.5385,16.4835,-4.3077,86.9451,-0.3956,13.7566,30.4983,17.0670,-5.8563,84.6312,-0.2057,21.4258,30.4983,17.0670,-5.8563,84.6312,-0.2057,21.4258,50,150,0,-300,150,1000,0
73,1787057023.6829,1787057023.6872,0.03332,29.8901,16.8352,-4.3077,86.0659,-0.2198,15.8730,30.9276,17.2440,-6.3484,84.4564,-0.0606,22.6763,30.9276,17.2440,-6.3484,84.4564,-0.0606,22.6763,100,100,0,-250,100,1000,0
74,1787057023.7163,1787057023.7205,0.03337,30.3297,17.2747,-4.3077,85.4505,-0.3077,17.9233,31.2888,18.3528,-5.5801,83.4545,0.4960,23.8868,31.2888,18.3528,-5.5801,83.4545,0.4960,23.8868,100,100,0,-250,-50,900,0
75,1787057023.7498,1787057023.754,0.03344,30.5934,17.7143,-4.3956,85.0989,-0.3077,19.7090,31.4767,18.3928,-7.1257,83.8281,0.8051,25.1474,31.4767,18.3928,-7.1257,83.8281,0.8051,25.1474,50,150,-50,-100,0,800,0
76,1787057023.7832,1787057023.7879,0.0334,30.6813,18.4176,-4.3956,84.4835,-0.1319,21.2963,31.8509,19.3348,-5.3042,84.1834,0.9160,25.9481,31.8509,19.3348,-5.3042,84.1834,0.9160,25.9481,50,250,0,-200,50,750,0
77,1787057023.8165,1787057023.821,0.03337,30.8571,18.9451,-4.6593,84.2198,0.2198,22.7513,31.4963,18.9690,-6.2707,84.0017,0.7242,27.1365,31.4963,18.9690,-6.2707,84.0017,0.7242,27.1365,50,200,-50,-100,100,600,0
78,1787057023.85,1787057023.8543,0.03344,31.1209,19.4725,-4.8352,84.3077,0.3077,23.9418,31.3004,20.3270,-7.3080,83.6432,-0.3843,28.2959,31.3004,20.3270,-7.3080,83.6432,-0.3843,28.2959,50,150,-50,0,0,550,0
79,1787057023.8833,1787057023.8875,0.03335,31.3846,19.6484,-4.9231,84.0440,0.3956,25.0661,31.8099,19.8692,-6.7237,83.5373,0.3543,29.0830,31.8099,19.8692,-6.7237,83.5373,0.3543,29.0830,100,50,-50,-100,50,450,0
80,1787057023.9167,1787057023.921,0.03338,31.4725,20.2637,-5.0989,84.0440,0.2198,26.3228,31.4549,20.6530,-7.3858,83.8556,0.0221,29.6274,31.4549,20.6530,-7.3858,83.8556,0.0221,29.6274,50,250,-50,0,-100,600,0
81,1787057023.9501,1787057023.9547,0.03344,31.4725,20.5275,-5.1868,83.6923,0.1319,27.3810,31.3543,22.0573,-7.0613,83.5342,0.0014,29.8493,31.3543,22.0573,-7.0613,83.5342,0.0014,29.8493,0,200,0,-150,0,500,0
82,1787057023.9835,1787057023.9878,0.03335,31.4725,21.0549,-5.2747,83.8681,0.1319,28.1085,31.1860,22.1793,-6.6310,83.6155,-0.6220,29.6100,31.1860,22.1793,-6.6310,83.6155,-0.6220,29.6100,0,150,0,0,0,350,0
83,1787057024.0169,1787057024.0211,0.03339,31.3846,21.8462,-5.3626,83.6923,0.1319,28.7037,31.0948,21.5810,-6.6854,82.6823,0.6477,29.3876,31.0948,21.5810,-6.6854,82.6823,0.6477,29.3876,-50,300,-50,0,0,250,0
84,1787057024.0502,1787057024.0545,0.03337,31.2967,22.3736,-5.3626,83.6923,0.0440,28.8360,31.3267,22.8017,-6.5228,82.9547,-0.4422,28.9262,31.3267,22.8017,-6.5228,82.9547,-0.4422,28.9262,-50,100,0,0,-50,50,0
85,1787057024.0836,1787057024.0879,0.03339,31.2088,22.6374,-5.2747,83.5165,0.2198,28.9021,31.2401,21.1135,-6.6440,82.8639,0.2551,28.7245,31.2401,21.1135,-6.6440,82.8639,0.2551,28.7245,-50,100,0,0,50,50,0
86,1787057024.117,1787057024.1217,0.0334,31.3846,22.9011,-5.3626,82.9890,0.1319,28.9683,31.4563,22.3290,-4.8401,82.7059,0.2725,28.5000,31.4563,22.3290,-4.8401,82.7059,0.2725,28.5000,50,150,0,-250,0,0,0
87,1787057024.1505,1787057024.1547,0.03343,31.4725,22.9890,-5.3626,82.9890,-0.0440,28.9683,31.2472,23.1999,-5.5279,81.7732,-0.1613,28.2014,31.2472,23.1999,-5.5279,81.7732,-0.1613,28.2014,0,0,0,0,0,0,0
88,1787057024.1838,1787057024.188,0.03336,31.4725,23.2527,-5.0989,82.9011,0.0440,28.7037,31.4802,22.3807,-4.3961,82.0372,0.4542,28.3202,31.4802,22.3807,-4.3961,82.0372,0.4542,28.3202,0,50,150,0,50,-100,0
89,1787057024.2172,1787057024.2215,0.0334,31.4725,23.8681,-4.6593,82.7253,0.0440,28.5053,31.1840,23.3715,-5.7038,81.3104,0.0169,28.1255,31.1840,23.3715,-5.7038,81.3104,0.0169,28.1255,0,200,200,-100,0,-150,0
90,1787057024.2506,1787057024.2549,0.03338,31.4725,23.9560,-4.5714,82.1978,0.0440,28.5053,30.9252,24.2692,-4.7996,80.6913,-0.0211,27.9519,30.9252,24.2692,-4.7996,80.6913,-0.0211,27.9519,0,0,50,-250,0,-100,0
91,1787057024.284,1787057024.2881,0.03338,31.4725,24.0440,-4.4835,82.0220,0.0440,28.4392,31.7146,24.6041,-4.6058,81.0213,-0.3097,27.8837,31.7146,24.6041,-4.6058,81.0213,-0.3097,27.8837,0,0,0,-100,0,100,0
92,1787057024.3174,1787057024.3216,0.03344,31.4725,24.4835,-4.5714,81.3187,0.0440,28.1746,30.9327,24.0535,-4.7269,79.3335,-0.2759,27.8354,30.9327,24.0535,-4.7269,79.3335,-0.2759,27.8354,0,150,-50,-250,0,-150,0
93,1787057024.3508,1787057024.3549,0.03334,31.4725,24.6593,-4.4835,81.2308,-0.0440,28.1746,31.5446,25.3020,-3.9133,79.3887,0.1588,27.8084,31.5446,25.3020,-3.9133,79.3887,0.1588,27.8084,0,50,50,50,-50,50,0
94,1787057024.3842,1787057024.3883,0.03343,31.3846,24.6593,-4.4835,80.7912,-0.0440,27.9762,31.7344,25.6932,-5.0739,79.1233,0.1417,27.8883,31.7344,25.6932,-5.0739,79.1233,0.1417,27.8883,0,0,0,-150,0,-50,0
95,1787057024.4176,1787057024.4217,0.0334,31.3846,24.8352,-4.3956,80.0000,0.0440,27.9762,32.0410,24.8893,-5.2358,78.9756,0.4863,28.0429,32.0410,24.8893,-5.2358,78.9756,0.4863,28.0429,0,50,50,-300,50,0,0
96,1787057024.451,1787057024.4553,0.03338,31.3846,25.1868,-4.4835,79.6484,0.0440,27.9762,31.6946,26.0714,-4.8889,79.2238,-0.1002,27.8389,31.6946,26.0714,-4.8889,79.2238,-0.1002,27.8389,0,100,-50,-50,0,0,0
97,1787057024.4845,1787057024.4888,0.03348,31.3846,25.1868,-4.6593,79.4725,0.0440,27.9762,32.0023,24.8943,-3.5554,78.5538,-0.5748,27.7311,32.0023,24.8943,-3.5554,78.5538,-0.5748,27.7311,0,0,-50,-100,0,0,0
98,1787057024.5178,1787057024.522,0.03329,31.4725,25.4505,-4.6593,79.4725,-0.0440,27.9762,32.5500,25.3860,-4.0692,78.1127,0.4537,28.1087,32.5500,25.3860,-4.0692,78.1127,0.4537,28.1087,50,100,0,0,0,0,0
99,1787057024.5512,1787057024.5553,0.0334,31.4725,25.5385,-4.4835,79.0330,-0.1319,27.9762,32.2668,25.2406,-3.0272,77.9380,-0.4232,27.9295,32.2668,25.2406,-3.0272,77.9380,-0.4232,27.9295,0,0,50,-200,-50,0,0
100,1787057024.5846,1787057024.8048,0.03343,31.5604,25.5385,-4.3077,78.5934,-0.0440,28.0423,29.3522,21.3769,0.3575,75.9523,-10.6731,26.3974,29.3522,21.3769,0.3575,75.9523,-10.3077,26.3974,0,0,0,-150,0,50,1
101,1787057024.8059,1787057024.8113,0.22133,31.7363,25.5385,-3.6044,78.2418,-0.3077,28.0423,28.9376,21.9121,1.6269,76.3811,-10.8072,23.7567,28.9376,21.9121,1.6269,76.3811,-10.3077,23.7567,0,0,0,0,0,0,1
102,1787057024.8392,1787057024.8438,0.03331,31.7363,25.5385,-3.6044,78.1538,-0.3077,28.0423,29.4161,21.5947,1.2439,76.4487,-10.8017,19.9339,29.4161,21.5947,1.2439,76.4487,-10.3077,19.9339,0,0,0,0,0,0,0
103,1787057024.8726,1787057024.8772,0.03334,31.5604,24.9231,-2.6374,77.3626,-0.9231,27.3810,29.5821,21.4053,0.2355,76.2518,-10.4522,15.5744,29.5821,21.4053,0.2355,76.2518,-10.4522,17.1825,0,-150,250,-300,-250,-300,0
104,1787057024.906,1787057024.9105,0.03345,30.6813,23.9560,-1.1429,76.8352,-3.6484,25.4630,30.1277,20.3117,0.6946,75.2404,-9.2904,10.1109,30.1277,20.3117,0.6946,75.2404,-9.2904,15.1323,-250,-350,500,-200,-1000,-900,0
105,1787057024.9394,1787057024.944,0.03342,30.2418,23.2527,-0.4396,76.5714,-6.2857,22.6852,30.3523,19.2714,0.6351,75.0012,-9.0502,4.9865,30.3523,19.2714,0.6351,75.0012,-9.0502,12.2884,-150,-200,150,-100,-950,-1200,0
106,1787057024.9728,1787057024.9772,0.03333,30.1538,22.5495,-0.2637,75.9560,-8.0440,19.9735,30.3584,20.4499,1.3968,74.6452,-8.8355,2.2234,30.3584,20.4499,1.3968,74.6452,-8.8355,9.6429,-50,-250,50,-200,-600,-1200,0
107,1787057025.0062,1787057025.0106,0.03345,30.1538,22.0220,0.1758,75.4286,-8.1319,17.3942,30.5217,21.0940,1.5505,74.3598,-8.8696,2.2121,30.5217,21.0940,1.5505,74.3598,-8.8696,6.9974,0,-200,150,-100,0,-1200,0
108,1787057025.0396,1787057025.0441,0.03335,30.5055,21.8462,0.6154,74.9890,-8.1319,14.6164,30.7636,20.6106,2.6134,74.5998,-9.4639,3.0729,30.7636,20.6106,2.6134,74.5998,-9.4639,4.2857,150,-50,150,-150,50,-1200,0
109,1787057025.073,1787057025.0773,0.03342,30.5934,21.8462,0.7912,74.7253,-8.3956,11.9048,30.9329,20.8677,1.6498,74.3461,-9.1557,3.0224,30.9329,20.8677,1.6498,74.3461,-9.1557,3.0224,50,0,100,-100,-100,-1250,0
110,1787057025.1065,1787057025.1109,0.03349,30.5934,21.8462,1.2308,74.7253,-8.7473,10.1852,30.9708,21.0275,2.0353,74.5309,-9.3124,3.1554,30.9708,21.0275,2.0353,74.5309,-9.3124,3.1554,0,0,150,0,-100,-750,0
111,1787057025.1398,1787057025.1441,0.03331,30.5934,21.8462,1.4945,74.5495,-8.8352,9.2593,31.1453,20.9640,1.7940,75.1435,-9.2285,3.2058,31.1453,20.9640,1.7940,75.1435,-9.2285,3.2058,0,0,100,-50,-50,-500,0
112,1787057025.1732,1787057025.1775,0.03341,30.5934,21.7582,1.4066,74.5495,-8.8352,9.1931,31.2854,21.5305,2.1753,74.6400,-9.2332,3.2869,31.2854,21.5305,2.1753,74.6400,-9.2332,3.2869,0,0,-50,0,0,-50,0
113,1787057025.2066,1787057025.2108,0.03339,30.5934,21.7582,1.4066,74.5495,-8.8352,9.1931,31.2806,21.0311,1.9861,74.2024,-9.4728,3.2874,31.2806,21.0311,1.9861,74.2024,-9.4728,3.2874,0,0,0,0,0,0,0
114,1787057025.24,1787057025.2441,0.03338,30.6813,21.7582,1.4945,74.5495,-8.8352,9.1931,31.5190,21.1460,1.6767,74.5598,-9.2499,3.1492,31.5190,21.1460,1.6767,74.5598,-9.2499,3.1492,50,0,0,0,0,0,0
115,1787057025.2734,1787057025.2776,0.03346,30.6813,21.7582,1.5824,74.5495,-8.9231,9.1931,30.9608,21.2680,2.0790,74.7713,-9.0584,2.9709,30.9608,21.2680,2.0790,74.7713,-9.0584,2.9709,0,0,50,0,-50,0,0
116,1787057025.3068,1787057025.3115,0.03334,30.7692,21.7582,1.5824,74.5495,-9.0110,9.1931,31.0198,21.6304,1.2945,74.7937,-9.1916,2.8618,31.0198,21.6304,1.2945,74.7937,-9.1916,2.8618,50,0,0,0,0,0,0
117,1787057025.3402,1787057025.3447,0.03339,30.7692,21.7582,1.5824,74.5495,-9.0110,9.1931,31.0629,21.4154,1.1378,75.0538,-9.8379,2.9257,31.0629,21.4154,1.1378,75.0538,-9.8379,2.9257,0,0,0,0,0,0,0
118,1787057025.3736,1787057025.3781,0.03343,30.8571,21.7582,1.5824,74.5495,-9.0110,9.1931,30.8375,20.9307,0.2077,75.8620,-10.7825,2.7726,30.8375,20.9307,0.2077,75.8620,-10.7825,2.7726,50,0,0,0,0,0,0
119,1787057025.4069,1787057025.4115,0.03333,30.8571,21.7582,1.4945,74.5495,-9.1868,9.1931,30.2052,20.2249,-2.0952,78.4805,-10.5436,2.7591,30.2052,20.2249,-2.0952,78.4805,-10.5436,2.7591,0,0,0,0,-50,0,0
120,1787057025.4403,1787057025.4448,0.03339,30.8571,21.7582,1.1429,74.9011,-9.8022,9.1931,29.6514,19.6722,-3.5793,78.3855,-12.0366,2.9016,29.6514,19.6722,-3.5793,78.3855,-12.0366,2.9016,0,0,-200,150,-200,0,0
121,1787057025.4737,1787057025.4783,0.03335,30.7692,21.8462,0.1758,75.7802,-10.0659,9.1931,28.7342,18.1862,-5.5716,80.8034,-12.3647,2.9463,28.7342,18.1862,-5.5716,80.8034,-12.3647,2.9463,-50,50,-250,250,-100,0,0
122,1787057025.5071,1787057025.5119,0.03343,30.5934,21.9341,-0.9670,76.8352,-10.5055,9.1931,28.1506,17.0158,-7.7135,83.5793,-13.7082,2.5956,28.1506,17.0158,-7.7135,83.5793,-13.7082,2.5956,-50,0,-400,400,-200,0,0
123,1787057025.5405,1787057025.5452,0.03337,30.0659,22.0220,-2.0220,77.8901,-11.4725,9.1931,26.8838,14.7071,-8.5273,85.9830,-15.1860,2.9394,26.8838,14.7071,-8.5273,85.9830,-15.1860,2.9394,-200,50,-350,300,-350,0,0
124,1787057025.5738,1787057025.5785,0.03339,29.5385,21.9341,-3.3407,79.8242,-12.2637,9.1931,25.0931,13.1662,-11.7599,88.1910,-17.1322,2.7189,25.0931,13.1662,-11.7599,88.1910,-17.1322,2.7189,-150,-50,-400,600,-250,0,0
125,1787057025.6072,1787057025.6119,0.03336,28.5714,21.2308,-4.5714,82.1099,-13.5824,9.1931,23.8362,10.7603,-12.9752,89.2560,-19.3192,3.0470,23.8362,10.9670,-12.9752,89.2560,-19.3192,3.0470,-300,-100,-450,800,-450,0,0
126,1787057025.6406,1787057025.6455,0.0334,27.5165,19.7363,-5.8022,84.6593,-14.8132,9.1931,22.2360,8.2641,-14.7133,90.3350,-22.4836,2.8115,22.2360,9.4725,-14.7133,90.3350,-22.4836,2.8115,-400,-500,-350,800,-500,0,0
127,1787057025.674,1787057025.6789,0.03338,26.2857,18.0659,-7.6484,86.5055,-16.5714,9.1931,19.2901,5.1410,-15.5470,90.3834,-25.3097,2.6517,19.2901,7.8022,-15.5470,90.3834,-25.3097,2.6517,-400,-550,-600,500,-550,0,0
128,1787057025.7074,1787057025.7121,0.03342,24.9670,16.2198,-9.6703,87.4725,-18.5055,9.1931,17.6155,2.2320,-16.4538,91.2919,-29.0027,2.5491,17.6155,5.9560,-16.4538,91.2919,-28.8571,2.5491,-400,-650,-700,300,-700,0,0
129,1787057025.7408,1787057025.7457,0.03339,23.2088,14.2857,-11.2527,88.5275,-21.0549,9.1931,14.8050,-0.3328,-18.4079,90.9167,-33.0753,2.2039,14.8050,4.0220,-18.4079,90.9167,-31.3187,2.2039,-550,-650,-500,300,-800,0,0
130,1787057025.7742,1787057025.7794,0.03342,21.2747,12.3516,-12.4835,89.4945,-23.6044,9.1931,11.8255,-3.2037,-17.5386,90.3753,-37.4370,2.2045,11.8255,2.0879,-17.5386,90.3753,-34.0440,2.2045,-650,-650,-450,350,-950,0,0
131,1787057025.8076,1787057025.8122,0.03337,19.1648,10.6813,-13.8022,90.0220,-26.3297,9.1931,9.1997,-6.4325,-17.5858,88.7623,-41.4867,2.2770,9.1997,0.4176,-17.5858,88.7623,-36.5934,2.2770,-700,-600,-450,250,-850,0,0
132,1787057025.841,1787057025.8456,0.03339,16.8791,8.7473,-14.6813,89.6703,-29.1429,9.1931,6.9033,-7.5818,-17.5802,87.1111,-46.0505,2.1423,6.9033,-1.5165,-17.5802,87.1111,-39.5824,2.1423,-800,-600,-300,-150,-1000,0,0
133,1787057025.8744,1787057025.8789,0.03343,14.3297,6.7253,-14.8571,89.6703,-31.8681,9.1931,4.1024,-9.3482,-15.6608,83.8914,-49.5918,2.2338,4.1024,-3.6264,-15.6608,83.8914,-42.2198,2.2338,-850,-700,-50,0,-950,0,0
134,1787057025.9078,1787057025.9124,0.03338,11.5165,4.7033,-14.9451,88.6154,-34.5055,9.1931,2.4345,-11.5242,-12.3349,79.0587,-52.9566,2.1014,2.4345,-5.5604,-12.3349,79.0587,-44.9451,2.1014,-950,-650,0,-250,-900,0,0
135,1787057025.9412,1787057025.9459,0.03344,8.9670,2.8571,-14.8571,86.9451,-37.3187,9.1931,0.5790,-14.0826,-11.2456,74.3175,-55.5319,1.8176,0.5790,-7.4066,-11.2456,76.6813,-47.6703,1.8176,-900,-650,0,-500,-1000,0,0
136,1787057025.9746,1787057025.9791,0.03335,6.5055,0.6593,-13.7143,84.6593,-40.0440,9.1931,-0.6093,-15.0061,-6.5589,67.6499,-58.2830,1.8415,-0.6093,-9.5165,-6.5589,74.2198,-50.3956,1.8415,-800,-650,450,-850,-900,0,0
137,1787057026.008,1787057026.0124,0.03337,4.2198,-1.4505,-12.2198,81.6703,-42.7692,9.1931,-1.4278,-17.0890,-1.6003,60.7459,-60.5336,1.7393,-1.4278,-11.7143,-1.9560,71.3187,-53.1209,1.7393,-800,-750,500,-1000,-950,0,0
138,1787057026.0414,1787057026.0463,0.03346,2.3736,-3.3846,-10.2857,78.9451,-45.4066,9.1931,-2.2298,-18.9208,2.5769,53.6559,-62.7329,1.7552,-2.2298,-13.7363,0.0659,68.5055,-55.8462,1.7552,-650,-650,650,-900,-900,0,0
139,1787057026.0748,1787057026.0797,0.03337,0.7912,-5.5824,-7.4725,76.3956,-48.2198,9.1931,-3.4801,-20.6268,7.6744,46.4985,-64.8848,1.7389,-3.4801,-16.0220,3.0549,65.9560,-58.6593,1.7389,-550,-700,1050,-900,-950,0,0
140,1787057026.1082,1787057026.1131,0.03341,-0.4396,-7.7802,-4.2198,73.5824,-50.8571,9.1931,-4.0816,-22.2958,11.3146,39.9255,-65.7178,1.7738,-4.0816,-18.0440,6.2198,63.2308,-61.2967,1.7738,-400,-700,1150,-900,-900,0,0
141,1787057026.1416,1787057026.1467,0.03339,-1.3187,-9.8022,-1.0549,70.9451,-53.6703,9.1931,-4.7139,-23.8595,15.4076,33.8844,-66.4888,1.5676,-4.7139,-20.0659,9.3846,60.5055,-64.1099,1.5676,-300,-650,1050,-950,-900,0,0
142,1787057026.175,1787057026.1799,0.03337,-2.1978,-11.8242,2.0220,68.3956,-56.4835,9.1931,-5.3174,-24.6075,19.7978,28.7836,-67.8326,1.6914,-5.3174,-22.0879,12.4615,57.9560,-66.8352,1.6914,-300,-700,1050,-900,-950,0,0
143,1787057026.2084,1787057026.2129,0.03346,-2.9890,-13.9341,5.0989,65.6703,-59.1209,9.1931,-5.4976,-25.3720,22.9824,23.6335,-68.9805,1.5605,-5.4976,-24.2857,15.4505,55.3187,-68.9805,1.5605,-250,-700,1000,-900,-850,0,0
144,1787057026.2418,1787057026.2466,0.03333,-3.8681,-16.1319,8.0879,62.9451,-61.8462,9.1931,-5.4357,-25.9937,25.4352,20.6011,-68.9407,1.7033,-5.4357,-25.9937,18.6154,52.5934,-68.9407,1.7033,-300,-750,1050,-900,-900,0,0
145,1787057026.2752,1787057026.28,0.03345,-4.6593,-18.3297,11.2527,60.3077,-64.4835,9.1931,-5.5656,-25.9748,27.4720,17.5824,-69.0896,1.6695,-5.5656,-25.9748,21.6923,49.9560,-69.0896,1.6695,-250,-700,1050,-900,-950,0,0
146,1787057026.3086,1787057026.3137,0.03336,-4.9231,-20.3516,14.4176,57.6703,-66.1538,9.1931,-5.6560,-26.0725,29.2758,15.2705,-69.4968,1.7990,-5.6560,-26.0725,24.8571,47.2308,-69.4968,1.7990,-150,-700,1050,-900,-600,0,0
147,1787057026.342,1787057026.3466,0.03343,-5.0110,-21.7582,17.4066,55.0330,-67.1209,9.1931,-5.7014,-25.7652,30.6630,13.4526,-69.3129,1.7246,-5.7014,-25.7652,27.8462,44.6813,-69.3129,1.7246,0,-450,1050,-900,-350,0,0
148,1787057026.3754,1787057026.38,0.03342,-5.0110,-22.6374,20.4835,52.3077,-67.9121,9.1931,-5.5523,-26.0354,31.1413,11.6065,-68.7543,1.6807,-5.5523,-26.0354,30.8352,41.8681,-68.7543,1.6807,0,-350,1050,-900,-300,0,0
149,1787057026.4087,1787057026.4132,0.03331,-5.0110,-22.9011,23.5604,49.6703,-68.2637,9.1931,-5.3594,-25.7094,31.6571,10.1943,-68.1471,1.8561,-5.3594,-25.7094,31.6571,39.3187,-68.1471,1.8561,0,-150,1050,-850,-100,0,0
150,1787057026.4421,1787057026.6693,0.03341,-5.0989,-23.0769,26.7253,46.9451,-68.2637,9.1931,-4.9831,-28.0234,24.7722,42.1439,-69.5692,5.1448,-4.9831,-28.0234,24.7722,42.1439,-69.5692,5.1448,0,-50,1100,-900,0,0,1
151,1787057026.6704,1787057026.6752,0.22831,-5.0989,-23.1648,31.9121,40.4396,-68.2637,9.1931,-5.5809,-27.3457,26.5589,39.9496,-69.8747,4.8966,-5.5809,-27.3457,26.5589,39.9496,-69.8747,4.8966,0,0,0,-50,0,0,1
152,1787057026.7038,1787057026.7081,0.03332,-5.0989,-23.1648,32.0000,40.2637,-68.2637,9.1931,-4.9446,-27.0315,27.2955,38.6587,-69.3600,4.6606,-4.9446,-27.0315,27.2955,38.6587,-69.3600,4.6606,0,0,50,-50,0,0,0
153,1787057026.7372,1787057026.7415,0.03341,-5.0989,-23.5165,31.9121,40.2637,-68.7912,9.1931,-4.7622,-27.7570,28.2159,37.0617,-69.0254,4.5521,-4.7622,-27.7570,28.2159,37.0617,-69.0254,4.5521,0,-150,0,0,-100,0,0
154,1787057026.7706,1787057026.7752,0.0334,-5.0989,-23.8681,31.2088,39.9121,-69.1429,9.1270,-4.5200,-28.0050,28.7090,35.2651,-68.2720,4.3489,-4.5200,-28.0050,28.7090,35.2651,-68.2720,4.3489,0,-200,-250,-150,-150,0,0
155,1787057026.804,1787057026.8088,0.0334,-5.0989,-24.3956,30.8571,38.7692,-68.9670,9.1270,-4.5123,-26.8881,29.0610,33.4726,-68.3696,4.3776,-4.5123,-26.8881,29.0610,33.4726,-68.3696,4.3776,0,-150,-200,-350,100,0,0
156,1787057026.8374,1787057026.8422,0.03343,-5.0989,-25.0110,30.8571,37.5385,-68.8791,9.1270,-4.0469,-27.1696,30.1761,32.2747,-67.5033,4.2554,-4.0469,-27.1696,30.1761,32.2747,-67.5033,4.2554,0,-250,0,-400,0,0,0
157,1787057026.8708,1787057026.8755,0.03334,-5.0110,-25.0989,30.8571,36.0440,-68.8791,9.1270,-4.5873,-27.8200,30.8927,31.3625,-67.4370,4.3290,-4.5873,-27.8200,30.8927,31.3625,-67.4370,4.3290,50,0,0,-500,0,0,0
158,1787057026.9041,1787057026.9088,0.03337,-4.9231,-25.0989,30.9451,34.7253,-68.5275,9.1270,-3.7347,-26.8352,31.6592,30.1314,-67.6333,4.1224,-3.7347,-26.8352,31.6592,30.1314,-67.6333,4.1224,0,0,0,-450,150,0,0
159,1787057026.9376,1787057026.9423,0.03346,-4.7473,-25.1868,31.5604,33.5824,-68.2637,9.1270,-3.9919,-25.2051,31.5967,28.7867,-67.4626,3.9078,-3.9919,-25.2051,31.5967,28.7867,-67.4626,3.9078,50,-50,250,-400,150,0,0
160,1787057026.9709,1787057026.9756,0.03336,-4.6593,-25.1868,31.9121,32.5275,-68.2637,9.1270,-4.0244,-26.0331,32.5943,28.3019,-68.2357,4.0770,-4.0244,-26.0331,32.5943,28.3019,-68.2357,4.0770,50,0,100,-350,0,0,0
161,1787057027.0044,1787057027.0092,0.03341,-4.4835,-24.8352,32.0000,31.2088,-68.1758,9.1270,-4.1671,-25.5892,32.6537,27.5179,-67.9379,4.0012,-4.1671,-25.5892,32.6537,27.5179,-67.9379,4.0012,50,100,50,-450,50,0,0
162,1787057027.0377,1787057027.0425,0.03334,-4.3077,-24.6593,32.3516,30.2418,-68.3516,9.1270,-4.3951,-25.7670,32.6952,27.3536,-67.9315,4.2721,-4.3951,-25.7670,32.6952,27.3536,-67.9315,4.2721,50,50,50,-350,-50,0,0
163,1787057027.0711,1787057027.0757,0.03337,-4.2198,-24.6593,32.8791,29.4505,-68.3516,9.1270,-3.9959,-26.1940,34.0110,26.1448,-67.9465,4.1432,-3.9959,-26.1940,34.0110,26.1448,-67.9465,4.1432,50,0,150,-250,0,0,0
164,1787057027.1044,1787057027.1091,0.03338,-4.2198,-24.6593,32.8791,28.9231,-68.3516,9.1270,-4.0834,-25.2435,34.3183,25.2130,-67.0661,4.2298,-4.0834,-25.2435,34.3183,25.2130,-67.0661,4.2298,0,0,0,-200,0,0,0
165,1787057027.1378,1787057027.1425,0.03338,-4.2198,-24.6593,33.5824,28.0440,-68.2637,9.1270,-4.1262,-24.7400,34.7437,23.4990,-67.3325,3.9848,-4.1262,-24.7400,34.7437,23.4990,-67.3325,3.9848,0,0,200,-250,50,0,0
166,1787057027.1712,1787057027.1759,0.03337,-4.2198,-24.6593,34.3736,26.9890,-68.1758,9.1270,-4.0813,-24.9310,34.3819,22.4401,-66.3259,3.8506,-4.0813,-24.9310,34.3819,22.4401,-66.3259,3.8506,0,0,250,-350,0,0,0
167,1787057027.2046,1787057027.2096,0.03341,-4.2198,-24.3956,34.8132,25.9341,-67.9121,9.1270,-3.5368,-24.1997,35.3178,21.3995,-66.3863,3.9139,-3.5368,-24.1997,35.3178,21.3995,-66.3863,3.9139,0,50,150,-400,100,0,0
168,1787057027.238,1787057027.2427,0.03337,-4.2198,-24.1319,34.9011,24.7912,-67.5604,9.1270,-3.5677,-24.0809,35.8258,19.9315,-66.3892,3.9191,-3.5677,-24.0809,35.8258,19.9315,-66.3892,3.9191,0,100,50,-400,200,0,0
169,1787057027.2714,1787057027.2759,0.03344,-4.1319,-23.8681,35.1648,23.6484,-67.2088,9.1270,-3.2902,-23.5126,36.7573,18.9327,-65.9163,3.6006,-3.2902,-23.5126,36.7573,18.9327,-65.9163,3.6006,50,50,100,-350,150,0,0
170,1787057027.3048,1787057027.309,0.0334,-3.9560,-23.8681,35.8681,22.3297,-67.0330,9.1270,-3.7373,-23.2761,37.2286,18.0408,-65.7101,3.6604,-3.7373,-23.2761,37.2286,18.0408,-65.7101,3.6604,50,0,300,-500,50,0,0
171,1787057027.3382,1787057027.3425,0.03339,-3.9560,-23.5165,36.6593,21.0989,-66.7692,9.1270,-3.9478,-23.2468,37.8105,16.7414,-66.1211,3.6629,-3.9478,-23.2468,37.8105,16.7414,-66.1211,3.6629,0,100,250,-450,100,0,0
172,1787057027.3716,1787057027.3761,0.03337,-3.9560,-23.1648,37.3626,20.1319,-66.4176,9.1270,-3.8987,-22.5488,38.0407,15.7202,-65.8086,3.4989,-3.8987,-22.5488,38.0407,15.7202,-65.8086,3.4989,0,150,200,-300,150,0,0
173,1787057027.405,1787057027.4095,0.0334,-3.9560,-22.9890,37.8901,18.9890,-66.4176,9.1270,-3.8920,-22.4006,38.3166,14.4660,-65.9265,3.3324,-3.8920,-22.4006,38.3166,14.4660,-65.9265,3.3324,0,0,150,-400,0,0,0
174,1787057027.4384,1787057027.443,0.03344,-3.9560,-22.6374,38.2418,17.9341,-66.2418,9.1270,-3.5344,-21.1205,38.7713,14.0715,-65.5023,3.3462,-3.5344,-21.1205,38.7713,14.0715,-65.5023,3.3462,0,50,150,-400,100,0,0
175,1787057027.4717,1787057027.4765,0.03331,-3.9560,-22.2857,38.5055,16.7033,-66.2418,9.1270,-4.0673,-21.9202,38.5340,13.8561,-65.6187,3.5927,-4.0673,-21.9202,38.5340,13.8561,-65.6187,3.5927,0,150,100,-400,0,0,0
176,1787057027.5051,1787057027.5098,0.03341,-3.8681,-21.7582,38.7692,15.9121,-66.3297,9.1270,-4.0635,-21.4998,38.0760,13.5766,-65.5137,3.4917,-4.0635,-21.4998,38.0760,13.5766,-65.5137,3.4917,50,150,100,-300,-50,0,0
177,1787057027.5385,1787057027.5433,0.03341,-3.8681,-21.4945,38.7692,15.2967,-66.0659,9.1270,-3.8660,-21.3123,37.9760,13.1942,-65.8623,3.4415,-3.8660,-21.3123,37.9760,13.1942,-65.8623,3.4415,0,150,0,-200,100,0,0
178,1787057027.5719,1787057027.5765,0.03337,-3.8681,-21.4945,38.7692,14.8571,-65.8901,9.1270,-4.2216,-21.0005,38.2050,13.0178,-65.2545,3.5127,-4.2216,-21.0005,38.2050,13.0178,-65.2545,3.5127,0,0,0,-200,150,0,0
179,1787057027.6053,1787057027.6101,0.0334,-3.8681,-21.4066,38.7692,14.4176,-66.0659,9.1270,-4.0500,-20.5588,38.7018,13.0628,-65.1794,3.5001,-4.0500,-20.5588,38.7018,13.0628,-65.1794,3.5001,0,50,0,-100,-50,0,0
180,1787057027.6387,1787057027.6435,0.03339,-3.8681,-21.0549,38.7692,14.1538,-65.8901,9.1270,-4.0472,-20.1565,38.4779,12.8367,-65.2175,3.4797,-4.0472,-20.1565,38.4779,12.8367,-65.2175,3.4797,0,100,0,-100,100,0,0
181,1787057027.6721,1787057027.6767,0.03337,-3.8681,-20.6154,38.8571,13.9780,-65.5385,9.1270,-4.0573,-20.7210,38.7261,12.3446,-65.2606,3.4623,-4.0573,-20.7210,38.7261,12.3446,-65.2606,3.4623,0,150,50,-50,100,0,0
182,1787057027.7055,1787057027.7101,0.03339,-3.8681,-20.3516,38.9451,13.6264,-65.5385,9.1270,-4.1087,-19.8838,39.3466,12.4628,-64.7247,3.6654,-4.1087,-19.8838,39.3466,12.4628,-64.7247,3.6654,0,50,0,-100,0,0,0
183,1787057027.7389,1787057027.7433,0.0334,-3.8681,-20.3516,39.1209,13.1868,-65.7143,9.1270,-4.0066,-20.9646,39.5137,11.6334,-64.9453,3.6890,-4.0066,-20.9646,39.5137,11.6334,-64.9453,3.6890,0,0,50,-150,-100,0,0
184,1787057027.7722,1787057027.7769,0.03339,-3.8681,-20.3516,39.3846,13.1868,-65.4505,9.1270,-3.7308,-21.1063,39.2824,11.6898,-64.6904,3.6105,-3.7308,-21.1063,39.2824,11.6898,-64.6904,3.6105,0,0,100,0,50,0,0
185,1787057027.8057,1787057027.8109,0.03346,-3.8681,-20.2637,39.5604,12.5714,-65.1868,9.1270,-3.7799,-20.4211,40.3405,10.9962,-65.3361,3.6595,-3.7799,-20.4211,40.3405,10.9962,-65.3361,3.6595,0,50,50,-200,100,0,0
186,1787057027.8391,1787057027.8437,0.03337,-3.8681,-20.2637,39.5604,12.3077,-65.3626,9.1270,-3.6387,-21.2259,40.9795,10.6050,-64.7486,3.4436,-3.6387,-21.2259,40.9795,10.6050,-64.7486,3.4436,0,0,0,-100,-100,0,0
187,1787057027.8724,1787057027.8771,0.03337,-3.8681,-20.1758,40.0000,11.8681,-65.4505,9.1270,-3.4095,-21.0299,41.0847,10.3630,-65.1741,3.5871,-3.4095,-21.0299,41.0847,10.3630,-65.1741,3.5871,0,50,150,-150,0,0,0
188,1787057027.9058,1787057027.9105,0.03336,-3.8681,-20.1758,40.7033,11.0769,-65.1868,9.1270,-3.3584,-20.9622,42.5662,9.9341,-64.8194,3.6034,-3.3584,-20.9622,42.5662,9.9341,-64.8194,3.6034,0,0,200,-300,100,0,0
189,1787057027.9392,1787057027.9439,0.03337,-3.8681,-20.2637,40.8791,10.9890,-65.1868,9.1270,-3.3923,-21.6777,42.9030,9.3780,-64.8193,3.6191,-3.3923,-21.6777,42.9030,9.3780,-64.8193,3.6191,0,0,50,0,0,0,0
190,1787057027.9726,1787057027.9772,0.0334,-3.8681,-20.2637,41.4066,10.1978,-65.0989,9.1270,-2.8553,-21.2353,43.6539,8.8799,-64.7986,3.4456,-2.8553,-21.2353,43.6539,8.8799,-64.7986,3.4456,0,0,250,-250,50,0,0
191,1787057028.006,1787057028.0106,0.03337,-3.8681,-20.5275,42.1978,9.7582,-65.0110,9.1270,-3.3116,-21.8877,44.1681,7.3577,-64.8217,3.4603,-3.3116,-21.8877,44.1681,7.3577,-64.8217,3.4603,0,-100,250,-150,50,0,0
192,1787057028.0394,1787057028.0442,0.03344,-3.8681,-20.7912,42.8132,9.3187,-65.0110,9.1270,-2.9086,-22.1313,44.5017,7.0336,-64.0858,3.7152,-2.9086,-22.1313,44.5017,7.0336,-64.0858,3.7152,0,-50,200,-150,0,0,0
193,1787057028.0727,1787057028.0775,0.03334,-3.8681,-21.0549,43.3407,8.6154,-65.0110,9.1270,-3.3668,-21.4204,45.2689,6.9233,-64.5972,3.9896,-3.3668,-21.4204,45.2689,6.9233,-64.5972,3.9896,0,-100,150,-200,0,0,0
194,1787057028.1062,1787057028.1108,0.03342,-3.6923,-21.3187,43.9560,7.8242,-65.0110,9.1270,-3.3749,-21.7394,45.2006,5.6418,-63.7674,4.2161,-3.3749,-21.7394,45.2006,5.6418,-63.7674,4.2161,50,-100,150,-300,0,0,0
195,1787057028.1395,1787057028.1441,0.03339,-3.6923,-21.3187,44.4835,7.3846,-64.9231,9.1270,-3.3749,-21.1623,45.3885,6.1105,-64.8658,4.5389,-3.3749,-21.1623,45.3885,6.1105,-64.8658,4.5389,0,0,200,-150,50,0,0
196,1787057028.1729,1787057028.1776,0.03339,-3.7802,-21.4066,44.8352,6.6813,-64.4835,9.1270,-3.2370,-21.6059,46.5208,5.6325,-64.3830,5.2861,-3.2370,-21.6059,46.5208,5.6325,-64.3830,5.2861,-50,0,150,-200,50,0,0
197,1787057028.2063,1787057028.211,0.03338,-3.7802,-21.4066,45.0110,6.4176,-64.5714,9.1270,-3.4321,-21.6104,45.9375,4.6777,-63.9909,5.9981,-3.4321,-21.6104,45.9375,4.6777,-63.9909,5.9981,0,0,50,-150,0,0,0
198,1787057028.2397,1787057028.2444,0.03338,-3.7802,-21.5824,45.5385,6.0659,-64.7473,9.1270,-3.6488,-22.3973,46.3918,4.4348,-63.8089,6.7993,-3.6488,-22.3973,46.3918,4.4348,-63.8089,6.7993,0,-50,100,-100,-100,0,0
199,1787057028.2731,1787057028.2777,0.03337,-3.7802,-21.5824,45.7143,5.4505,-64.4835,9.1270,-3.3255,-22.6359,46.3345,4.4633,-63.4026,7.2710,-3.3255,-22.6359,46.3345,4.4633,-63.4026,7.2710,0,0,50,-250,50,0,0
200,1787057028.3065,1787057028.5288,0.03343,-3.8681,-21.4945,45.8901,4.9231,-64.1319,9.1270,-4.4473,-21.9130,43.2888,4.1146,-63.3811,14.1639,-4.4473,-21.9130,43.2888,4.1146,-63.3811,14.1639,-50,100,50,-200,150,0,1
201,1787057028.53,1787057028.5352,0.22347,-3.7802,-21.8462,46.2418,4.7473,-63.8681,9.1270,-4.9766,-21.8797,44.2501,4.0814,-62.6606,15.3229,-4.9766,-21.8797,44.2501,4.0814,-62.6606,15.3229,0,0,0,0,-50,0,1
202,1787057028.5633,1787057028.568,0.03332,-3.7802,-21.8462,46.2418,4.7473,-63.8681,9.1270,-4.9975,-20.0620,44.3843,3.5041,-62.3588,16.5900,-4.9975,-20.0620,44.3843,3.5041,-62.3588,16.5900,0,0,0,0,0,0,0
203,1787057028.5968,1787057028.6026,0.03349,-3.9560,-21.7582,46.0659,4.4835,-63.5165,9.6561,-4.1930,-20.0338,46.0069,3.6894,-63.0102,17.9262,-4.1930,-20.0338,46.0069,3.6894,-63.0102,17.9262,0,0,0,-100,200,150,0
204,1787057028.6301,1787057028.6351,0.03339,-4.2198,-21.3187,45.8022,4.2198,-62.9890,10.9127,-5.0622,-21.3370,45.3607,4.1031,-63.6339,18.7151,-5.0622,-21.3370,45.3607,4.1031,-63.6339,18.7151,-100,150,-50,-150,200,550,0
205,1787057028.6634,1787057028.6683,0.0333,-4.3956,-20.7033,46.0659,4.2198,-63.1648,12.9630,-4.3205,-21.5460,45.7989,3.1746,-62.7915,19.2401,-4.3205,-21.5460,45.7989,3.1746,-62.7915,19.2401,-50,250,150,0,-100,950,0
206,1787057028.6968,1787057028.7012,0.03337,-4.5714,-20.4396,46.6813,4.3956,-63.4286,15.2116,-4.8881,-20.7950,46.4892,3.8678,-62.3800,19.4891,-4.8881,-20.7950,46.4892,3.8678,-62.3800,19.4891,-50,50,250,100,-100,1050,0
207,1787057028.7302,1787057028.735,0.03343,-4.6593,-20.4396,46.5934,4.2198,-63.1648,16.7328,-4.9759,-20.8525,45.9356,3.9952,-62.5868,19.6290,-4.9759,-20.8525,45.9356,3.9952,-62.5868,19.6290,0,0,-50,-100,0,700,0
208,1787057028.7636,1787057028.7683,0.0334,-4.4835,-20.5275,46.5934,4.2198,-62.9890,17.6587,-4.7967,-20.0276,45.3290,4.2218,-62.8953,19.3163,-4.7967,-20.0276,45.3290,4.2218,-62.8953,19.3163,100,0,0,0,50,400,0
209,1787057028.7971,1787057028.802,0.03346,-4.4835,-20.5275,46.6813,4.2198,-62.9890,18.2540,-5.1136,-21.1450,45.6268,4.1110,-62.7065,19.4356,-5.1136,-21.1450,45.6268,4.1110,-62.7065,19.4356,0,-50,0,0,0,350,0
210,1787057028.8304,1787057028.8351,0.03334,-4.6593,-20.0879,46.7692,4.2198,-62.9890,18.4524,-5.2645,-21.1094,45.6486,3.8349,-62.5421,19.5988,-5.2645,-21.1094,45.6486,3.8349,-62.5421,19.5988,-50,150,50,0,0,150,0
211,1787057028.8638,1787057028.8683,0.0334,-4.6593,-20.0000,46.8571,4.2198,-62.9011,18.7831,-5.5382,-21.6011,46.5914,3.7787,-62.1665,19.5700,-5.5382,-21.6011,46.5914,3.7787,-62.1665,19.5700,0,0,0,0,0,150,0
212,1787057028.8973,1787057028.902,0.03343,-4.6593,-20.0879,46.7692,4.2198,-62.9011,19.0476,-5.7605,-22.1172,46.1053,4.9972,-62.4365,19.4272,-5.7605,-22.1172,46.1053,4.9972,-62.4365,19.4272,0,-50,-50,0,0,100,0
213,1787057028.9306,1787057028.9353,0.03337,-4.8352,-20.0879,46.8571,4.1319,-62.9011,19.1138,-5.7714,-22.6044,46.7552,5.0122,-61.8667,19.2266,-5.7714,-22.6044,46.7552,5.0122,-61.8667,19.2266,-100,0,0,0,0,50,0
214,1787057028.964,1787057028.9687,0.03338,-5.0989,-20.0879,46.9451,4.4835,-62.8132,19.1138,-6.9069,-23.5821,45.3662,4.8590,-62.1964,19.2431,-6.9069,-23.5821,45.3662,4.8590,-62.1964,19.2431,-100,0,50,100,50,0,0
215,1787057028.9974,1787057029.0021,0.03342,-5.2747,-20.1758,47.0330,4.7473,-62.6374,19.1138,-6.6180,-23.9734,45.3343,4.9558,-62.2193,19.0457,-6.6180,-23.9734,45.3343,4.9558,-62.2193,19.0457,-50,0,50,100,0,0,0
216,1787057029.0308,1787057029.0356,0.03338,-5.7143,-20.5275,47.0330,4.7473,-62.6374,19.1138,-7.6380,-24.9554,45.8154,5.3304,-61.7480,19.2214,-7.6380,-24.9554,45.8154,5.3304,-61.7480,19.2214,-200,-150,0,0,0,0,0
217,1787057029.0642,1787057029.0689,0.03339,-6.1538,-20.9670,47.0330,4.7473,-62.6374,19.1138,-8.5625,-28.2596,45.5842,7.7786,-62.4135,19.4656,-8.5625,-28.2596,45.5842,7.7786,-62.4135,19.4656,-100,-150,0,0,0,0,0
218,1787057029.0976,1787057029.1024,0.03339,-6.6813,-21.5824,47.0330,5.0110,-62.3736,19.1138,-9.8520,-29.4225,45.2877,9.0176,-63.7466,19.3440,-9.8520,-29.4225,45.2877,9.0176,-63.7466,19.3440,-150,-200,0,100,100,0,0
219,1787057029.131,1787057029.1355,0.03339,-7.2967,-22.8132,47.0330,5.8022,-62.3736,19.1138,-11.4289,-34.5914,44.2612,11.6966,-63.5046,19.6808,-11.4289,-32.9890,44.2612,11.6966,-63.5046,19.6808,-200,-350,0,300,0,0,0
220,1787057029.1644,1787057029.1693,0.03341,-8.1758,-24.5714,47.0330,7.3846,-62.7253,19.1138,-13.3682,-37.0226,43.7507,15.7428,-63.4984,19.2459,-13.3682,-34.8352,43.7507,15.7428,-63.4984,19.2459,-250,-600,0,500,-100,0,0
221,1787057029.1978,1787057029.2026,0.03336,-9.4066,-26.6813,46.9451,8.9670,-62.9890,19.1799,-14.9476,-41.6663,42.9479,22.4305,-63.7719,18.8157,-14.9476,-36.9451,42.9479,19.3187,-63.7719,18.8157,-400,-750,-50,500,-50,0,0
222,1787057029.2312,1787057029.2359,0.03341,-10.9890,-29.0549,46.7692,11.3407,-62.9890,19.1138,-16.4830,-46.0281,42.7029,28.7062,-64.1019,17.8033,-16.4830,-39.3187,42.7029,21.7802,-64.1019,17.8033,-500,-850,-50,850,0,-50,0
223,1787057029.2645,1787057029.2693,0.03335,-12.6593,-31.2527,46.3297,14.2418,-63.1648,18.9153,-17.9046,-50.6176,41.0318,35.6357,-64.6890,16.4860,-17.9046,-41.6044,41.0318,24.5934,-64.6890,16.4860,-550,-800,-150,900,-50,-100,0
224,1787057029.2979,1787057029.3029,0.03341,-14.2418,-33.5385,45.8901,17.0549,-63.4286,18.4524,-19.1535,-54.8571,42.4747,42.7061,-65.3160,14.8944,-19.1535,-43.8901,42.4747,27.4945,-65.3160,14.8944,-600,-750,-150,1000,-50,-100,0
225,1787057029.3313,1787057029.3359,0.03337,-15.8242,-35.8242,45.3626,20.0440,-63.8681,17.5265,-19.4984,-56.9051,41.9819,47.8431,-66.3012,12.2479,-19.4984,-46.1758,41.9819,30.3956,-66.3012,12.2479,-500,-800,-150,1000,-150,-450,0
226,1787057029.3647,1787057029.3693,0.03344,-17.2308,-38.1099,44.7473,22.7692,-64.5714,16.5344,-19.5090,-60.4775,43.8380,53.6543,-66.6397,10.0223,-19.5090,-48.4615,43.8380,33.1209,-66.6397,10.0223,-450,-750,-250,900,-200,-450,0
227,1787057029.3981,1787057029.4031,0.0334,-18.0220,-40.8352,44.7473,25.5824,-65.0989,15.0132,-19.3799,-63.1970,44.0879,58.0506,-67.1214,7.5798,-19.3799,-51.0989,44.0879,36.0220,-67.1214,7.5798,-300,-900,0,1000,-200,-500,0
228,1787057029.4315,1787057029.4361,0.03339,-18.5495,-43.2967,44.7473,28.4835,-65.7143,13.0291,-18.0326,-65.1906,44.6337,61.7976,-68.7519,5.9732,-18.0326,-53.5604,44.6337,38.7473,-68.7519,5.9732,-150,-850,0,950,-150,-900,0
229,1787057029.4649,1787057029.4699,0.03341,-18.7253,-45.6703,45.0110,31.2967,-66.2418,11.2434,-16.9037,-65.9828,46.6619,65.7734,-69.8321,4.2278,-16.9037,-55.9341,46.6619,41.6484,-69.8321,4.2278,-50,-750,150,950,-200,-800,0
230,1787057029.4983,1787057029.5033,0.03336,-18.4615,-47.8681,45.0989,34.1099,-67.1209,9.0608,-16.2706,-67.9604,48.3997,68.7917,-70.6432,3.1454,-16.2706,-58.3077,48.3997,44.5495,-70.6432,3.1454,50,-750,0,1000,-300,-950,0
231,1787057029.5317,1787057029.5367,0.0334,-17.8462,-50.5055,45.6264,36.8352,-68.2637,7.2751,-15.3689,-69.4263,50.8079,70.2388,-70.5674,2.6617,-15.3689,-60.8571,50.8079,47.2747,-70.5674,2.6617,250,-850,100,900,-350,-950,0
232,1787057029.5651,1787057029.5697,0.03337,-17.1429,-53.2308,47.2088,39.6484,-69.1429,5.5556,-14.7656,-71.3870,54.9122,69.1296,-69.9349,2.7560,-14.7656,-63.5824,54.9122,50.0879,-69.9349,2.7560,250,-950,500,950,-350,-750,0
233,1787057029.5985,1787057029.6034,0.03345,-16.3516,-55.7802,48.9670,42.5495,-69.5824,4.4974,-14.7155,-72.0368,57.1932,67.2908,-69.6137,3.0473,-14.7155,-66.1319,57.1932,52.9890,-69.6137,3.0473,250,-850,600,950,-150,-400,0
234,1787057029.6319,1787057029.6368,0.03336,-15.7363,-58.2418,51.2527,45.3626,-69.5824,3.9683,-14.1898,-73.9787,61.2856,64.7041,-68.8847,2.9431,-14.1898,-68.6813,61.2856,55.8022,-68.8847,2.9431,200,-850,700,900,0,-250,0
235,1787057029.6653,1787057029.6701,0.03343,-15.3846,-60.9670,53.9780,48.1758,-69.6703,3.7698,-14.0273,-77.5003,64.5244,62.0360,-68.5937,3.4971,-14.0273,-71.3187,64.4176,58.6154,-68.5937,3.4971,100,-900,900,950,0,-50,0
236,1787057029.6987,1787057029.7035,0.03338,-15.1209,-63.6044,56.8791,50.9890,-69.4945,3.5714,-13.2418,-79.7947,69.8216,57.9409,-68.8255,3.4252,-13.2418,-73.8681,67.3187,57.9409,-68.8255,3.4252,100,-900,950,950,50,-50,0
237,1787057029.7321,1787057029.7371,0.03338,-14.9451,-66.1538,60.0440,53.8022,-69.1429,3.5714,-13.3177,-82.4051,72.4258,54.6460,-68.4304,3.4991,-13.3177,-76.5934,70.4835,54.6460,-68.4304,3.4991,50,-900,1100,950,50,0,0
238,1787057029.7655,1787057029.7703,0.03337,-14.3297,-68.7912,63.2967,55.6484,-69.1429,3.5714,-12.7287,-85.6350,76.1026,50.8317,-68.9769,3.2385,-12.7287,-79.2308,73.8242,50.8317,-68.9769,3.2385,200,-900,1100,550,50,0,0
239,1787057029.7988,1787057029.8037,0.03335,-13.7143,-71.4286,66.4615,55.7363,-68.9670,3.5714,-11.9346,-89.4029,79.5930,49.7240,-67.5172,3.2282,-11.9346,-81.7802,76.9011,49.7240,-67.5172,3.2282,250,-800,1100,200,50,0,0
240,1787057029.8322,1787057029.837,0.03339,-13.5385,-74.0659,69.5385,54.2418,-69.0549,3.5714,-12.1734,-92.9447,82.7171,48.6814,-67.4424,2.8424,-12.1734,-84.4176,79.9780,48.6814,-67.4424,2.8424,50,-900,1050,-450,-50,0,0
241,1787057029.8657,1787057029.8701,0.03346,-13.1868,-76.7912,72.7033,52.4835,-68.6154,3.3730,-11.7773,-97.0793,84.7952,49.7670,-68.0138,2.5450,-11.7773,-87.1429,83.0549,49.7670,-68.0138,2.5450,100,-950,1000,-600,150,-50,0
242,1787057029.899,1787057029.9035,0.03336,-12.5714,-79.5165,75.6923,51.1648,-68.2637,3.1746,-12.2110,-99.4928,85.5172,50.2407,-68.5796,2.5971,-12.2110,-89.7802,85.5172,50.2407,-68.5796,2.5971,250,-900,1050,-550,150,-100,0
243,1787057029.9324,1787057029.9374,0.03341,-12.3077,-82.2418,78.8571,50.9890,-68.5275,2.9762,-11.5128,-103.7804,87.4925,51.6676,-68.3687,2.1821,-11.5128,-92.5055,87.4925,51.6676,-68.3687,2.1821,150,-900,1050,-50,-150,-100,0
244,1787057029.9658,1787057029.9707,0.03337,-12.3956,-84.8791,81.8462,50.9890,-68.4396,2.9101,-11.1074,-104.9179,88.2873,53.3430,-67.4673,2.2183,-11.1074,-95.2308,88.2873,53.3430,-67.4673,2.2183,0,-950,1050,0,0,-50,0
245,1787057029.9992,1787057030.0041,0.03339,-12.3956,-87.6044,84.4835,51.2527,-68.4396,2.6455,-11.0991,-105.8896,89.3485,55.8048,-68.2136,2.5463,-11.0991,-98.0440,89.3485,55.8048,-68.2136,2.5463,0,-950,900,150,0,-150,0
246,1787057030.0326,1787057030.0374,0.03337,-11.6923,-90.3297,86.5055,52.3077,-68.1758,2.5794,-10.8512,-105.2519,90.9160,58.4478,-68.7486,2.4471,-10.8512,-100.6813,90.9160,58.4478,-68.7486,2.4471,200,-900,600,300,150,-50,0
247,1787057030.066,1787057030.0708,0.03338,-11.3407,-93.0549,88.0879,53.6264,-68.3516,2.5794,-10.2131,-106.0295,90.6393,61.0525,-69.5961,2.6103,-10.2131,-103.4945,90.6393,61.0525,-69.5961,2.6103,150,-950,550,450,0,0,0
248,1787057030.0994,1787057030.1042,0.0334,-11.5165,-96.0440,89.4945,55.5604,-68.3516,2.5794,-8.9660,-106.5435,91.7173,63.9526,-70.4006,2.4918,-8.9660,-106.4835,91.7173,63.9526,-70.4006,2.4918,-100,-1000,500,650,0,0,0
249,1787057030.1328,1787057030.1377,0.03342,-11.3407,-98.5934,90.3736,57.7582,-68.8791,2.5794,-8.8406,-106.9881,92.6826,65.3435,-71.9023,2.4766,-8.8406,-106.9881,92.6826,65.3435,-71.9023,2.4766,0,-850,250,700,-150,0,0
250,1787057030.1661,1787057030.3875,0.03337,-10.1099,-101.4066,91.0769,60.0440,-69.5824,2.5794,-8.6384,-101.6159,92.4387,59.6364,-70.6179,1.7706,-8.6384,-101.6159,92.4387,59.6364,-70.6179,1.7706,400,-1000,150,750,-250,0,1
251,1787057030.3887,1787057030.3939,0.22252,-9.4066,-104.8352,92.9231,65.0549,-71.5165,2.5794,-8.0265,-101.4268,92.6861,60.6659,-70.5951,1.6965,-8.0265,-101.4268,92.6861,60.6659,-70.5951,1.6965,-150,0,0,50,0,0,1
252,1787057030.4219,1787057030.4266,0.03329,-9.4066,-104.9231,92.9231,65.1429,-71.6044,2.5794,-7.9639,-101.3455,92.0404,61.4513,-71.1530,1.7752,-7.9639,-101.3455,92.0404,61.4513,-71.1530,1.7752,0,-50,0,50,-50,0,0
253,1787057030.4554,1787057030.4597,0.03342,-8.9670,-104.4835,92.9231,64.5275,-71.1648,2.2487,-8.3895,-101.2164,92.2054,61.9218,-71.6152,1.6338,-8.3895,-101.2164,92.2054,61.9218,-71.6152,1.6338,200,50,0,-300,100,-150,0
254,1787057030.4887,1787057030.493,0.03336,-8.3516,-103.5165,92.9231,63.2967,-71.2527,2.1825,-8.3120,-101.6228,91.5968,62.9662,-72.0396,1.7174,-8.3120,-101.6228,91.5968,62.9662,-72.0396,1.7174,200,350,0,-450,-50,-100,0
255,1787057030.5221,1787057030.5265,0.0334,-8.2637,-102.6374,92.9231,63.0330,-71.6923,2.1825,-8.0411,-100.3901,91.0465,63.8557,-71.9817,1.5416,-8.0411,-100.3901,91.0465,63.8557,-71.9817,1.5416,0,250,0,-100,-150,0,0
256,1787057030.5556,1787057030.5603,0.03342,-8.6154,-102.0220,92.9231,63.2967,-71.6044,2.1825,-8.6719,-100.5282,90.5752,64.7708,-73.2068,1.6207,-8.6719,-100.5282,90.5752,64.7708,-73.2068,1.6207,-150,300,0,100,50,0,0
257,1787057030.589,1787057030.5937,0.03342,-8.7033,-101.8462,92.9231,63.6484,-71.6044,2.1164,-8.0944,-100.0415,89.9915,65.8639,-73.2120,1.6953,-8.0944,-100.0415,89.9915,65.8639,-73.2120,1.6953,-50,50,0,100,0,-50,0
258,1787057030.6224,1787057030.6268,0.03342,-8.5275,-101.7582,92.9231,64.1758,-72.1319,2.1164,-8.3109,-99.0142,89.9352,66.7798,-73.5003,1.5021,-8.3109,-99.0142,89.9352,66.7798,-73.5003,1.5021,100,0,0,200,-100,0,0
259,1787057030.6557,1787057030.66,0.03331,-8.2637,-101.4066,92.9231,64.9670,-72.6593,2.1164,-8.2540,-99.5521,89.4054,67.6246,-73.4601,1.4481,-8.2540,-99.5521,89.4054,67.6246,-73.4601,1.4481,100,50,0,250,-200,0,0
260,1787057030.6891,1787057030.6938,0.03343,-8.2637,-100.7033,92.8352,65.7582,-72.9231,1.9841,-8.1581,-100.0013,88.7021,68.2175,-73.9329,1.5403,-8.1581,-100.0013,88.7021,68.2175,-73.9329,1.5403,0,200,0,300,-100,-50,0
261,1787057030.7225,1787057030.7271,0.03338,-8.2637,-100.0000,92.7473,66.5495,-73.0989,1.9180,-8.2727,-98.9695,88.4888,68.8086,-74.5775,1.3450,-8.2727,-98.9695,88.4888,68.8086,-74.5775,1.3450,0,250,0,250,-50,-50,0
262,1787057030.7559,1787057030.7606,0.03337,-8.2637,-100.0000,92.4835,67.2527,-73.4505,1.9180,-8.7472,-98.8999,87.4068,68.6526,-75.0653,1.4086,-8.7472,-98.8999,87.4068,68.6526,-75.0653,1.4086,0,0,-100,250,-100,0,0
263,1787057030.7893,1787057030.7943,0.03345,-8.2637,-100.2637,92.1319,67.8681,-73.8901,1.8519,-8.4347,-98.9879,87.2733,69.7094,-75.7008,1.4055,-8.4347,-98.9879,87.2733,69.7094,-75.7008,1.4055,0,-100,-150,200,-150,-50,0
264,1787057030.8227,1787057030.8275,0.03334,-8.2637,-99.8242,91.4286,68.0440,-74.4176,1.8519,-8.4898,-98.1632,85.7294,70.3200,-76.8050,1.4518,-8.4898,-98.1632,85.7294,70.3200,-76.8050,1.4518,0,200,-200,50,-200,0,0
265,1787057030.856,1787057030.8607,0.03337,-8.2637,-99.4725,90.8132,68.7473,-74.9451,1.8519,-8.2314,-97.1742,84.9929,71.0871,-77.9907,1.3077,-8.2314,-97.1742,84.9929,71.0871,-77.9907,1.3077,0,50,-200,250,-150,0,0
266,1787057030.8894,1787057030.8938,0.03337,-8.2637,-99.4725,90.1099,69.5385,-75.7363,1.8519,-8.5295,-95.7464,83.9629,71.8333,-79.2336,1.1469,-8.5295,-95.7464,83.9629,71.8333,-79.2336,1.1469,0,-100,-300,300,-300,0,0
267,1787057030.9228,1787057030.9271,0.03342,-8.1758,-98.5934,88.9670,70.1538,-76.7033,1.8519,-8.5178,-94.8475,82.5823,72.1147,-80.6776,1.2178,-8.5178,-94.8475,82.5823,72.1147,-80.6776,1.2178,0,350,-400,200,-300,0,0
268,1787057030.9562,1787057030.9605,0.03338,-8.2637,-97.7143,88.0000,70.9451,-77.6703,1.8519,-8.4744,-92.2454,81.8316,72.7341,-81.7297,1.1348,-8.4744,-92.2454,81.8316,72.7341,-81.7297,1.1348,-50,350,-300,300,-300,0,0
269,1787057030.9897,1787057030.9945,0.03343,-8.3516,-96.6593,86.7692,71.3846,-78.9011,1.8519,-8.2283,-89.3942,81.0026,72.9320,-82.9448,1.2260,-8.2283,-89.3942,81.0026,72.9320,-82.9448,1.2260,-50,400,-450,200,-400,0,0
270,1787057031.023,1787057031.0277,0.03332,-8.3516,-95.6044,85.7143,71.9121,-80.1319,1.8519,-8.2908,-86.6768,79.6897,73.8591,-83.8307,0.8859,-8.2908,-86.6768,79.6897,73.8591,-83.8307,0.8859,0,400,-400,200,-450,0,0
271,1787057031.0564,1787057031.0611,0.0334,-8.2637,-93.4945,84.9231,72.3516,-81.1868,1.8519,-7.8188,-83.2127,77.4961,73.0763,-83.8723,1.1369,-7.8188,-83.2127,77.4961,73.0763,-83.8723,1.1369,50,750,-250,100,-350,0,0
272,1787057031.0897,1787057031.0945,0.03337,-8.2637,-91.1209,83.6923,72.8791,-82.2418,1.6534,-7.4707,-79.9653,75.5568,72.6867,-83.2562,1.0452,-7.4707,-80.7692,75.5568,72.6867,-83.2562,1.0452,0,750,-400,200,-400,-100,0
273,1787057031.1232,1787057031.128,0.03342,-8.2637,-88.3077,82.2857,72.9670,-82.7692,1.6534,-7.2069,-75.7599,73.4027,71.1685,-82.6923,1.1511,-7.2069,-77.8681,73.4027,71.1685,-82.6923,1.1511,0,950,-400,50,-150,0,0
274,1787057031.1566,1787057031.1612,0.03341,-8.0879,-85.3187,80.4396,72.9670,-82.7692,1.5873,-6.2056,-72.7143,71.7869,70.1183,-82.9249,1.1827,-6.2056,-75.0549,71.7869,70.1183,-82.9249,1.1827,50,1000,-650,0,0,-50,0
275,1787057031.1899,1787057031.1951,0.03337,-7.9121,-82.6813,78.7692,72.5275,-82.7692,1.5873,-5.6118,-67.5599,69.7661,68.2446,-82.1440,0.9429,-5.6118,-72.3297,69.7661,68.2446,-82.1440,0.9429,100,900,-600,-200,0,0,0
276,1787057031.2234,1787057031.228,0.03346,-7.2967,-80.1319,76.7473,71.5604,-82.7692,1.5873,-4.4806,-63.8889,67.2860,66.0631,-81.4005,0.8568,-4.4806,-69.7802,67.2860,66.0631,-81.4005,0.8568,150,850,-650,-350,0,0,0
277,1787057031.2567,1787057031.2615,0.03334,-6.5055,-77.4945,74.9890,70.5934,-82.6813,1.5873,-3.8337,-60.2278,65.9448,62.7079,-81.3127,0.9951,-3.8337,-67.0549,65.9448,62.7079,-81.3127,0.9951,250,850,-600,-300,0,0,0
278,1787057031.2902,1787057031.2948,0.03341,-5.8022,-74.6813,72.8791,68.8352,-82.3297,1.5873,-2.6364,-56.9968,64.5915,57.7900,-79.9544,1.0820,-2.6364,-64.3297,64.5915,58.5714,-79.9544,1.0820,250,950,-750,-650,50,0,0
279,1787057031.3235,1787057031.3283,0.03339,-5.0989,-71.9560,71.0330,66.7253,-81.8901,1.5873,-1.9896,-55.0572,63.3369,53.3220,-78.8970,1.2855,-1.9896,-61.6044,63.3369,56.4615,-78.8970,1.2855,200,900,-700,-650,100,0,0
280,1787057031.3569,1787057031.3617,0.03338,-4.3077,-69.2308,69.2747,64.0879,-81.3626,1.5873,-0.7887,-52.4674,63.8708,48.7967,-78.7462,1.0949,-0.7887,-58.7912,63.8708,53.7363,-78.7462,1.0949,300,900,-600,-850,50,0,0
281,1787057031.3904,1787057031.3952,0.03346,-3.1648,-66.4176,67.7802,61.1868,-80.2198,1.5873,-0.0356,-51.1050,62.9195,44.0316,-78.2285,1.2329,-0.0356,-55.9780,62.9195,50.7473,-78.2285,1.2329,400,900,-500,-1050,400,0,0
282,1787057031.4238,1787057031.4285,0.03337,-2.1978,-63.6923,66.9890,58.4615,-79.8681,1.5873,0.3952,-49.9408,63.1103,39.8783,-78.2702,1.0266,0.3952,-53.4286,63.1103,48.1099,-78.2702,1.0266,350,900,-350,-900,100,0,0
283,1787057031.4572,1787057031.4618,0.0334,-1.4945,-60.9670,66.4615,55.8242,-79.3407,1.5873,1.1639,-49.3955,63.6235,36.5292,-78.1623,1.0170,1.1639,-50.5275,63.6235,45.4725,-78.1623,1.0170,250,950,-200,-850,200,0,0
284,1787057031.4906,1787057031.495,0.0334,-0.7912,-58.1538,66.0220,53.0110,-79.0769,1.5873,1.7695,-48.3163,63.7320,32.4469,-78.1178,0.9531,1.7695,-48.3163,63.7320,42.7473,-78.1178,0.9531,250,950,-150,-950,100,0,0
285,1787057031.524,1787057031.5291,0.03339,-0.2637,-55.3407,66.0220,50.2857,-78.8132,1.5873,2.7618,-47.2921,63.4767,29.3297,-79.0562,1.0748,2.7618,-47.2921,63.4767,39.9341,-79.0562,1.0748,200,900,0,-900,50,0,0
286,1787057031.5574,1787057031.5623,0.03342,0.4396,-52.7033,65.9341,47.7363,-78.7253,1.5873,2.9721,-46.7563,63.1846,26.6105,-78.5832,1.0134,2.9721,-46.7563,63.1846,37.2967,-78.5832,1.0134,200,950,-50,-900,0,0,0
287,1787057031.5907,1787057031.5955,0.03333,1.3187,-50.3297,65.9341,44.9231,-78.8132,1.5873,3.2142,-45.1464,63.0778,23.9491,-78.4139,1.0746,3.2142,-45.1464,63.0778,34.5714,-78.4139,1.0746,300,750,0,-950,0,0,0
288,1787057031.6241,1787057031.629,0.03341,2.1978,-48.7473,65.9341,42.2857,-78.9011,1.5873,3.7404,-44.4870,63.0767,22.3163,-78.3341,1.0100,3.7404,-44.4870,63.0767,31.8462,-78.3341,1.0100,250,450,0,-900,0,0,0
289,1787057031.6575,1787057031.6624,0.03341,2.5495,-47.4286,65.9341,39.5604,-78.8132,1.5873,3.7592,-43.0416,62.9882,20.5432,-78.3566,1.0666,3.7592,-43.0416,62.9882,29.2088,-78.3566,1.0666,150,450,0,-900,0,0,0
290,1787057031.6909,1787057031.6955,0.03336,2.6374,-46.1099,65.9341,36.7473,-78.8132,1.5873,3.4370,-41.9160,62.5234,18.9663,-77.8773,0.9384,3.4370,-41.9160,62.5234,26.3956,-77.8773,0.9384,0,450,0,-950,0,0,0
291,1787057031.7243,1787057031.7288,0.03343,2.9011,-44.8791,65.9341,34.1099,-78.6374,1.5873,3.9042,-40.4431,62.4566,18.1843,-78.8175,1.0453,3.9042,-40.4431,62.4566,23.7582,-78.8175,1.0453,100,400,0,-900,100,0,0
292,1787057031.7577,1787057031.7631,0.03338,3.2527,-43.5604,65.6703,31.4725,-78.7253,1.5873,3.7838,-40.6501,61.8382,16.7686,-78.4726,1.0841,3.7838,-40.6501,61.8382,20.9451,-78.4726,1.0841,100,450,-50,-900,0,0,0
293,1787057031.7911,1787057031.7964,0.03339,3.4286,-42.2418,65.4066,28.7473,-78.8132,1.5873,3.4841,-39.4717,61.8186,16.1527,-77.8435,1.0013,3.4841,-39.4717,61.8186,18.3956,-77.8435,1.0013,0,450,-100,-900,-50,0,0
294,1787057031.8245,1787057031.8297,0.03342,3.3407,-41.3626,65.1429,26.0220,-78.8132,1.5873,3.4335,-38.9625,61.7174,15.4170,-78.7537,0.9024,3.4335,-38.9625,61.7174,15.5824,-78.7537,0.9024,-50,300,-100,-900,0,0,0
295,1787057031.8578,1787057031.8627,0.03332,3.1648,-40.4835,64.7912,23.3846,-78.4615,1.5873,3.2418,-38.2996,62.2773,15.2175,-78.7087,0.8886,3.2418,-38.2996,62.2773,15.2175,-78.7087,0.8886,-50,250,-100,-950,100,0,0
296,1787057031.8912,1787057031.896,0.03341,3.1648,-39.6923,64.5275,20.7473,-78.4615,1.5873,3.1838,-37.5061,62.2156,15.0906,-78.9394,1.0048,3.1838,-37.5061,62.2156,15.0906,-78.9394,1.0048,0,250,-150,-900,0,0,0
297,1787057031.9246,1787057031.9296,0.03337,3.1648,-38.9890,64.5275,18.7253,-78.6374,1.5873,3.3982,-37.2792,62.2138,15.0342,-79.6600,0.7343,3.3982,-37.2792,62.2138,15.0342,-79.6600,0.7343,0,200,0,-600,-50,0,0
298,1787057031.958,1787057031.9626,0.03338,3.2527,-38.2857,64.5275,17.6703,-78.6374,1.5873,3.0519,-36.9425,62.7232,15.1350,-80.5238,0.9302,3.0519,-36.9425,62.7232,15.1350,-80.5238,0.9302,0,250,0,-400,0,0,0
299,1787057031.9914,1787057031.9961,0.03342,3.3407,-37.6703,64.5275,17.0549,-79.0769,1.5212,3.1444,-37.1068,62.3847,15.3014,-81.0270,0.7225,3.1444,-37.1068,62.3847,15.3014,-81.0270,0.7225,0,200,0,-200,-150,0,0
300,1787057032.0248,1787057032.2505,0.03338,3.3407,-37.3187,64.5275,16.7033,-79.6044,1.5212,2.8225,-35.3751,61.3706,8.5398,-79.6147,0.2585,2.8225,-35.3751,61.3706,8.5398,-79.6147,0.2585,0,100,0,-100,-250,0,1
301,1787057032.2516,1787057032.2565,0.22682,3.3407,-37.3187,64.5275,16.1758,-80.6593,1.5212,2.7040,-35.0745,61.5869,7.9857,-79.6633,0.4174,2.7040,-35.0745,61.5869,7.9857,-79.6633,0.4174,0,0,0,0,0,0,1
302,1787057032.285,1787057032.2897,0.03337,3.3407,-37.3187,64.5275,16.1758,-80.6593,1.4550,2.8670,-34.2916,60.9379,8.2197,-80.4401,0.4860,2.8670,-34.2916,60.9379,8.2197,-80.4401,0.4860,0,0,0,0,0,-50,0
303,1787057032.3184,1787057032.323,0.0334,3.1648,-36.4396,64.2637,15.1209,-80.3077,1.3889,2.6667,-33.1456,61.1691,7.5571,-80.2799,0.4444,2.6667,-33.1456,61.1691,7.5571,-80.2799,0.4444,-100,350,-50,-200,0,0,0
304,1787057032.3517,1787057032.3561,0.03335,2.9890,-35.2088,63.8242,12.8352,-80.1319,1.3889,2.7454,-33.2628,60.0167,7.7543,-80.5784,0.3701,2.7454,-33.2628,60.0167,7.7543,-80.5784,0.3701,-50,450,-150,-800,100,0,0
305,1787057032.3851,1787057032.3895,0.03341,2.9890,-34.2418,63.8242,10.7253,-80.4835,1.3889,2.8159,-32.2560,59.1684,7.8894,-80.2886,0.5784,2.8159,-32.2560,59.1684,7.8894,-80.2886,0.5784,0,300,0,-700,-150,0,0
306,1787057032.4185,1787057032.4228,0.03339,3.0769,-33.5385,63.2967,10.0220,-80.5714,1.3889,2.7686,-31.7107,58.9508,7.3775,-80.4877,0.5707,2.7686,-31.7107,58.9508,7.3775,-80.4877,0.5707,50,200,-50,-400,-50,0,0
307,1787057032.4519,1787057032.4569,0.0334,3.1648,-32.8352,62.5934,9.4945,-80.5714,1.3889,3.1337,-32.1936,59.0921,7.7062,-80.4286,0.5235,3.1337,-32.1936,59.0921,7.7062,-80.4286,0.5235,50,250,-250,-100,0,0,0
308,1787057032.4853,1787057032.4903,0.03335,3.1648,-32.2198,61.9780,8.8791,-80.5714,1.3889,2.7454,-31.3908,58.3779,7.4058,-80.2858,0.7803,2.7454,-31.3908,58.3779,7.4058,-80.2858,0.7803,0,200,-200,-200,0,0,0
309,1787057032.5187,1787057032.5235,0.03338,3.0769,-32.2198,61.8022,8.7033,-80.5714,1.3889,2.8519,-31.9141,58.0144,8.0053,-80.6657,0.4780,2.8519,-31.9141,58.0144,8.0053,-80.6657,0.4780,-50,0,-50,-100,0,0,0
310,1787057032.5521,1787057032.5566,0.03339,3.0769,-31.7802,61.3626,8.5275,-80.5714,1.3889,3.3315,-31.0808,57.8722,7.9757,-80.8911,0.4473,3.3315,-31.0808,57.8722,7.9757,-80.8911,0.4473,0,150,-150,-100,0,0,0
311,1787057032.5855,1787057032.5903,0.03347,3.1648,-31.6923,60.9231,8.5275,-80.5714,1.3889,3.1334,-32.3209,57.7151,8.1462,-80.4667,0.6513,3.1334,-32.3209,57.7151,8.1462,-80.4667,0.6513,0,50,-150,0,0,0,0
312,1787057032.6189,1787057032.6236,0.03336,3.2527,-31.4286,60.5714,8.5275,-80.5714,1.3889,3.0228,-32.1535,58.3094,8.1919,-80.6565,0.9241,3.0228,-32.1535,58.3094,8.1919,-80.6565,0.9241,50,100,-150,0,0,0,0
313,1787057032.6523,1787057032.6571,0.03342,3.2527,-31.4286,60.3956,8.5275,-80.5714,1.3889,3.0838,-32.0128,57.7800,7.9322,-80.5377,0.7822,3.0838,-32.0128,57.7800,7.9322,-80.5377,0.7822,0,0,-100,0,0,0,0
314,1787057032.6857,1787057032.69,0.03338,3.1648,-31.4286,60.3077,8.5275,-80.5714,1.3889,3.1082,-32.3524,58.7553,8.2702,-80.8314,0.8486,3.1082,-32.3524,58.7553,8.2702,-80.8314,0.8486,0,0,0,0,0,0,0
315,1787057032.7191,1787057032.7233,0.0334,3.1648,-31.4286,60.3077,8.5275,-80.5714,1.3889,3.2210,-33.1651,58.8357,8.4432,-81.1668,0.7846,3.2210,-33.1651,58.8357,8.4432,-81.1668,0.7846,0,0,0,0,0,0,0
316,1787057032.7525,1787057032.7568,0.03343,3.1648,-31.4286,60.3077,8.5275,-80.5714,1.3889,2.7854,-34.1389,57.9415,8.4106,-80.9023,0.7754,2.7854,-34.1389,57.9415,8.4106,-80.9023,0.7754,0,0,0,0,0,0,0
317,1787057032.7859,1787057032.791,0.03343,3.1648,-31.4286,60.3077,8.5275,-80.6593,1.3889,2.6112,-32.8338,57.7497,8.0566,-81.0355,0.8251,2.6112,-32.8338,57.7497,8.0566,-81.0355,0.8251,0,0,0,0,-50,0,0
318,1787057032.8193,1787057032.824,0.03336,3.1648,-31.6044,60.3077,8.5275,-80.6593,1.3889,2.6525,-32.7021,58.8186,8.2615,-81.2124,0.8359,2.6525,-32.7021,58.8186,8.2615,-81.2124,0.8359,0,-50,0,0,0,0,0
319,1787057032.8527,1787057032.8575,0.03336,3.1648,-31.6923,60.1319,8.5275,-80.6593,1.3889,2.1468,-32.5836,58.3697,7.7397,-81.2661,0.8339,2.1468,-32.5836,58.3697,7.7397,-81.2661,0.8339,0,0,-50,0,0,0,0
320,1787057032.8861,1787057032.8907,0.0334,3.0769,-31.6923,60.1319,8.5275,-80.7473,1.3889,2.2255,-32.7150,58.0531,7.8627,-81.3257,0.9585,2.2255,-32.7150,58.0531,7.8627,-81.3257,0.9585,0,0,0,0,0,0,0
321,1787057032.9194,1787057032.9239,0.03336,2.9011,-31.6923,60.1319,8.5275,-80.7473,1.3889,2.1325,-32.9944,58.5228,7.6761,-81.8595,0.9395,2.1325,-32.9944,58.5228,7.6761,-81.8595,0.9395,-100,0,0,0,0,0,0
322,1787057032.9529,1787057032.9571,0.03343,2.6374,-31.6923,60.1319,8.5275,-80.8352,1.3889,1.8961,-31.7754,58.2221,7.4123,-81.5619,0.7739,1.8961,-31.7754,58.2221,7.4123,-81.5619,0.7739,-100,0,0,0,-50,0,0
323,1787057032.9863,1787057032.9906,0.03341,2.4615,-31.6923,60.1319,8.5275,-81.1868,1.3889,1.5684,-32.4150,57.9432,7.6561,-82.3043,1.1031,1.5684,-32.4150,57.9432,7.6561,-82.3043,1.1031,-50,0,0,0,-150,0,0
324,1787057033.0197,1787057033.0243,0.03341,2.4615,-31.6044,60.1319,8.5275,-81.1868,1.3889,1.6340,-33.2421,57.2278,7.2814,-82.1697,1.2931,1.6340,-33.2421,57.2278,7.2814,-82.1697,1.2931,0,0,0,0,0,0,0
325,1787057033.053,1787057033.0578,0.03336,2.3736,-31.5165,60.1319,8.4396,-81.7143,1.3889,1.4262,-32.1180,57.5082,6.9662,-83.5083,0.9370,1.4262,-32.1180,57.5082,6.9662,-83.5083,0.9370,-50,50,0,0,-100,0,0
326,1787057033.0864,1787057033.0911,0.03337,2.1978,-31.5165,60.1319,8.1758,-81.8022,1.3889,1.7826,-32.7902,56.8920,7.0052,-83.4860,1.0744,1.7826,-32.7902,56.8920,7.0052,-83.4860,1.0744,-50,0,0,-50,0,0,0
327,1787057033.1198,1787057033.1245,0.03342,1.9341,-31.5165,60.0440,7.9121,-82.4176,1.3889,1.6948,-31.6165,57.3370,6.3542,-84.2426,1.2847,1.6948,-31.6165,57.3370,6.3542,-84.2426,1.2847,-50,0,0,-100,-250,0,0
328,1787057033.1532,1787057033.1578,0.03338,1.9341,-31.5165,59.7802,7.8242,-83.0330,1.3889,1.7764,-32.0218,56.8165,6.6667,-85.1632,1.0294,1.7764,-32.0218,56.8165,6.6667,-85.1632,1.0294,0,0,-100,-50,-250,0,0
329,1787057033.1866,1787057033.1912,0.03338,2.0220,-31.5165,59.6923,7.6484,-83.3846,1.3889,1.6669,-31.4713,56.5862,6.6115,-85.2588,1.4496,1.6669,-31.4713,56.5862,6.6115,-85.2588,1.4496,0,0,-50,-50,-100,0,0
330,1787057033.22,1787057033.2246,0.0334,2.1099,-31.3407,59.5165,7.5604,-84.2637,1.3889,1.7998,-31.0525,56.0448,5.7538,-86.0204,1.4037,1.7998,-31.0525,56.0448,5.7538,-86.0204,1.4037,0,100,-100,-50,-350,0,0
331,1787057033.2533,1787057033.2579,0.03337,2.1099,-31.1648,59.3407,7.5604,-84.6154,1.3889,1.8326,-31.2054,55.1764,6.6409,-85.4450,1.3577,1.8326,-31.2054,55.1764,6.6409,-85.4450,1.3577,0,50,-50,0,-200,0,0
332,1787057033.2868,1787057033.2915,0.03342,2.1099,-30.9011,58.9890,7.1209,-84.9670,1.3889,2.0752,-29.6079,54.5836,5.9920,-85.5642,1.5181,2.0752,-29.6079,54.5836,5.9920,-85.5642,1.5181,0,50,-100,-150,-100,0,0
333,1787057033.3201,1787057033.3247,0.03337,2.1099,-30.8132,58.4615,7.0330,-85.1429,1.3889,1.9240,-29.0362,54.1393,6.1368,-85.3999,1.4177,1.9240,-29.0362,54.1393,6.1368,-85.3999,1.4177,0,50,-200,0,-50,0,0
334,1787057033.3535,1787057033.3581,0.03339,2.1099,-30.5495,57.7582,6.8571,-85.1429,1.3889,2.2107,-29.0438,53.6113,5.3863,-85.0983,1.4895,2.2107,-29.0438,53.6113,5.3863,-85.0983,1.4895,0,50,-200,-100,0,0,0
335,1787057033.3869,1787057033.3915,0.03337,2.1978,-29.6703,57.0549,6.7692,-85.2308,1.3889,2.8317,-28.8920,53.8440,5.3650,-85.3813,1.3135,2.8317,-28.8920,53.8440,5.3650,-85.3813,1.3135,50,300,-250,-50,0,0,0
336,1787057033.4204,1787057033.4249,0.03349,2.1099,-29.2308,56.7033,6.5055,-85.2308,1.4550,2.9442,-28.0296,54.1048,5.4336,-84.8754,1.5444,2.9442,-28.0296,54.1048,5.4336,-84.8754,1.5444,-50,100,-100,-100,0,50,0
337,1787057033.4537,1787057033.4583,0.03328,2.1099,-28.9670,56.6154,6.3297,-85.2308,1.4550,2.5318,-27.3854,52.5857,5.6450,-84.2541,1.6025,2.5318,-27.3854,52.5857,5.6450,-84.2541,1.6025,0,50,-50,-50,0,0,0
338,1787057033.487,1787057033.4918,0.03338,2.3736,-28.5275,56.4396,6.3297,-85.1429,1.4550,2.9544,-27.7003,52.1917,4.9031,-84.3411,1.6254,2.9544,-27.7003,52.1917,4.9031,-84.3411,1.6254,100,150,-50,0,0,0,0
339,1787057033.5205,1787057033.5252,0.03344,2.6374,-27.8242,55.9121,6.3297,-84.7912,1.4550,2.8411,-28.1796,52.1097,5.0316,-84.3961,1.4785,2.8411,-28.1796,52.1097,5.0316,-84.3961,1.4785,100,250,-200,0,100,0,0
340,1787057033.5538,1787057033.5585,0.03333,2.7253,-27.6484,55.4725,6.1538,-84.7033,1.4550,2.8079,-26.7757,50.8208,5.0938,-84.5841,1.4446,2.8079,-26.7757,50.8208,5.0938,-84.5841,1.4446,50,100,-100,-100,50,0,0
341,1787057033.5872,1787057033.5918,0.03338,2.7253,-27.8242,55.2967,5.9780,-84.7033,1.4550,2.5941,-27.5575,51.1576,4.4745,-83.9900,1.5942,2.5941,-27.5575,51.1576,4.4745,-83.9900,1.5942,0,-100,-50,-100,0,0,0
342,1787057033.6206,1787057033.6252,0.0334,2.5495,-27.5604,54.4176,5.8901,-84.7033,1.4550,2.2410,-28.0582,51.3002,5.3704,-84.3705,1.6635,2.2410,-28.0582,51.3002,5.3704,-84.3705,1.6635,-50,150,-300,0,0,0,0
343,1787057033.654,1787057033.6586,0.03338,2.4615,-27.1209,53.9780,5.6264,-84.5275,1.4550,1.4633,-28.0568,51.2088,4.8453,-84.9613,1.3712,1.4633,-28.0568,51.2088,4.8453,-84.9613,1.3712,0,200,-50,-100,100,0,0
344,1787057033.6874,1787057033.6921,0.03342,2.5495,-27.1209,53.8901,5.7143,-84.5275,1.4550,0.8030,-29.7552,51.0417,5.1056,-85.4939,1.3891,0.8030,-29.7552,51.0417,5.1056,-85.4939,1.3891,50,0,0,0,0,0,0
345,1787057033.7208,1787057033.7255,0.03337,2.4615,-27.1209,53.8022,5.5385,-84.7033,1.4550,-0.3316,-30.5833,50.2942,6.5161,-85.1452,1.5429,-0.3316,-30.5833,50.2942,6.5161,-85.1452,1.5429,0,0,-50,-100,-50,0,0
346,1787057033.7541,1787057033.7588,0.03337,1.8462,-27.3846,53.7143,5.5385,-84.9670,1.4550,-0.9843,-33.4963,49.3673,6.9255,-86.4069,1.4067,-0.9843,-33.4963,49.3673,6.9255,-86.4069,1.4067,-200,-50,0,0,-50,0,0
347,1787057033.7875,1787057033.7925,0.03339,1.0549,-27.9121,53.3626,5.9780,-85.0549,1.4550,-2.9049,-35.1030,49.4891,8.3021,-86.4239,1.5046,-2.9049,-35.1030,49.4891,8.3021,-86.4239,1.5046,-250,-150,-100,100,-50,0,0
348,1787057033.8209,1787057033.8257,0.0334,0.2637,-28.7033,52.7473,6.5055,-85.4945,1.4550,-4.3201,-37.8801,48.5278,9.8526,-87.0387,1.4426,-4.3201,-37.8801,48.5278,9.8526,-87.0387,1.4426,-300,-300,-200,200,-150,0,0
349,1787057033.8544,1787057033.8592,0.03343,-0.6154,-30.3736,52.5714,7.2967,-85.9341,1.4550,-6.1419,-40.6774,47.2390,11.8410,-87.9215,1.3360,-6.1419,-40.6374,47.2390,11.8410,-87.9215,1.3360,-300,-600,-50,200,-150,0,0
350,1787057033.8877,1787057034.1102,0.03331,-2.0220,-32.3077,52.0440,8.5275,-86.3736,1.4550,-1.1539,-30.8242,50.2188,6.4742,-86.6376,1.3569,-1.1539,-30.8242,50.2188,6.4742,-86.6376,1.3569,-450,-650,-150,450,-150,0,1
351,1787057034.1113,1787057034.1167,0.22367,-5.6264,-38.2857,49.7582,11.5165,-87.6923,1.4550,-1.0893,-29.2294,50.2720,6.9917,-86.8129,1.6732,-1.0893,-29.2294,50.2720,6.9917,-86.8129,1.6732,-100,0,0,0,0,0,1
352,1787057034.1447,1787057034.1495,0.03336,-5.8901,-38.3736,49.7582,11.6044,-87.6923,1.4550,-0.9505,-29.8917,50.1911,6.3771,-86.8118,1.3514,-0.9505,-29.8917,50.1911,6.3771,-86.8118,1.3514,-50,-50,0,0,0,0,0
353,1787057034.178,1787057034.1828,0.03335,-5.3626,-38.1099,50.0220,10.9011,-87.4286,1.4550,-0.9262,-28.6391,50.6692,5.7386,-86.4123,1.6214,-0.9262,-28.6391,50.6692,5.7386,-86.4123,1.6214,50,50,100,-150,100,0,0
354,1787057034.2114,1787057034.2161,0.03338,-3.6923,-36.4396,50.6374,9.2308,-87.1648,1.4550,-1.3626,-27.5251,50.1490,5.1067,-86.6769,1.7374,-1.3626,-27.5251,50.1490,5.1067,-86.6769,1.7374,500,650,200,-600,50,0,0
355,1787057034.2448,1787057034.2495,0.03343,-2.2857,-33.4505,50.8132,7.8242,-87.0769,1.4550,-0.8293,-27.5921,50.3938,4.8441,-86.9201,1.8878,-0.8293,-27.5921,50.3938,4.8441,-86.9201,1.8878,500,950,100,-550,50,0,0
356,1787057034.2783,1787057034.2825,0.03341,-2.0220,-30.5495,50.9890,7.1209,-87.1648,1.4550,-0.9133,-26.5709,50.6835,4.5780,-86.5901,1.8120,-0.9133,-26.5709,50.6835,4.5780,-86.5901,1.8120,150,1050,50,-300,-50,0,0
357,1787057034.3116,1787057034.316,0.03338,-1.8462,-28.7033,51.3407,6.6813,-87.1648,1.5873,-0.6722,-25.7759,50.9137,4.5608,-86.9136,1.8089,-0.6722,-25.7759,50.9137,4.5608,-86.9136,1.8089,100,550,100,-150,0,0,0
358,1787057034.3451,1787057034.35,0.03342,-1.9341,-27.7363,51.4286,6.2418,-86.9890,1.5873,-1.0438,-26.2233,51.1017,3.8842,-86.8372,1.8173,-1.0438,-26.2233,51.1017,3.8842,-86.8372,1.8173,0,400,50,-100,0,0,0
359,1787057034.3784,1787057034.3827,0.03334,-1.6703,-26.8571,51.3407,5.7143,-86.9890,1.5873,-1.2951,-26.7813,50.9288,3.8643,-87.3613,1.7548,-1.2951,-26.7813,50.9288,3.8643,-87.3613,1.7548,50,300,-50,-200,0,0,0
360,1787057034.4118,1787057034.4159,0.03335,-1.1429,-26.4176,51.4286,5.1868,-87.0769,1.5873,-1.1852,-26.4092,50.8731,3.3756,-86.9989,1.9035,-1.1852,-26.4092,50.8731,3.3756,-86.9989,1.9035,200,150,50,-150,-50,0,0
361,1787057034.4452,1787057034.4495,0.0334,-1.0549,-26.2418,51.5165,5.0110,-87.1648,1.5873,-1.5974,-27.1231,52.0296,3.0267,-86.7188,1.9227,-1.5974,-27.1231,52.0296,3.0267,-86.7188,1.9227,50,50,50,-50,-50,0,0
362,1787057034.4786,1787057034.483,0.03341,-1.1429,-26.3297,51.4286,4.5714,-87.1648,1.5873,-1.2576,-26.9263,51.5355,3.1144,-87.0273,1.7879,-1.2576,-26.9263,51.5355,3.1144,-87.0273,1.7879,0,0,0,-100,0,0,0
363,1787057034.5119,1787057034.5165,0.03334,-1.5824,-26.4176,51.6044,4.1319,-87.0769,1.5873,-1.9635,-26.9837,52.0080,3.8976,-86.2182,1.6430,-1.9635,-26.9837,52.0080,3.8976,-86.2182,1.6430,-200,-50,50,-150,50,0,0
364,1787057034.5453,1787057034.5497,0.03344,-1.5824,-26.3297,51.9560,4.0440,-86.9890,1.5873,-2.4695,-28.8519,50.9151,4.1975,-86.7636,1.8200,-2.4695,-28.8519,50.9151,4.1975,-86.7636,1.8200,0,50,200,0,50,0,0
365,1787057034.5787,1787057034.5829,0.03333,-1.3187,-26.2418,52.1319,4.1319,-86.9890,1.5873,-3.2546,-29.3923,50.6579,5.2489,-85.8124,2.0189,-3.2546,-29.3923,50.6579,5.2489,-85.8124,2.0189,150,50,100,0,-50,0,0
366,1787057034.6121,1787057034.6164,0.03342,-1.5824,-26.3297,52.3077,4.3077,-86.9890,1.5873,-4.4469,-29.5287,50.6208,6.2253,-86.2392,1.9139,-4.4469,-29.5287,50.6208,6.2253,-86.2392,1.9139,-50,0,50,100,0,0,0
367,1787057034.6455,1787057034.6502,0.0334,-2.1099,-26.8571,52.2198,4.7473,-86.7253,1.5873,-5.7166,-30.4318,49.1235,7.8509,-86.8659,1.7715,-5.7166,-30.4318,49.1235,7.8509,-86.8659,1.7715,-200,-150,-50,200,50,0,0
368,1787057034.6788,1787057034.6835,0.03334,-3.0769,-27.2088,52.2198,5.4505,-86.4615,1.5873,-7.3584,-31.2682,48.7222,9.4485,-86.3225,1.6934,-7.3584,-31.2682,48.7222,9.4485,-86.3225,1.6934,-350,-150,0,200,50,0,0
369,1787057034.7122,1787057034.717,0.03337,-4.1319,-27.6484,52.0440,6.4176,-86.9011,1.5873,-8.2144,-33.3049,46.7173,11.5761,-86.9318,1.7060,-8.2144,-33.3049,46.7173,11.5761,-86.9318,1.7060,-350,-100,-50,300,-150,0,0
370,1787057034.7456,1787057034.7505,0.03338,-5.1868,-28.1758,51.6044,7.8242,-86.8132,1.5873,-9.3914,-34.8534,46.0714,13.2838,-87.2841,1.6593,-9.3914,-34.8534,46.0714,13.2838,-87.2841,1.6593,-400,-200,-150,500,50,0,0
371,1787057034.779,1787057034.784,0.03337,-6.5055,-29.1429,50.9890,9.4066,-86.8132,1.5873,-10.5395,-37.8262,45.9731,15.7781,-87.1661,1.7096,-10.5395,-37.8262,45.9731,15.7781,-87.1661,1.7096,-450,-250,-150,500,0,0,0
372,1787057034.8124,1787057034.8172,0.03343,-7.7363,-30.4615,50.1099,11.0769,-86.9011,1.5873,-11.4647,-39.7072,45.6435,18.6638,-87.8689,1.6586,-11.4647,-39.7072,45.6435,18.6638,-87.8689,1.6586,-450,-450,-350,600,-50,0,0
373,1787057034.8458,1787057034.8505,0.03335,-8.7033,-32.3077,49.4945,12.9231,-86.9011,1.5873,-12.2158,-42.6396,44.6511,22.1809,-87.1345,1.7342,-12.2158,-42.6396,44.6511,22.1809,-87.1345,1.7342,-350,-600,-200,600,0,0,0
374,1787057034.8791,1787057034.8841,0.03337,-9.6703,-34.5055,48.9670,15.0330,-87.2527,1.5873,-13.2574,-46.2168,45.5667,26.3960,-88.7125,1.6843,-13.2574,-44.7692,45.5667,25.4725,-88.7125,1.6843,-350,-750,-200,700,-100,0,0
375,1787057034.9125,1787057034.9172,0.03335,-10.6374,-36.7912,48.3516,17.6703,-87.3407,1.5873,-13.8931,-49.3089,44.5218,31.0959,-88.2449,1.6109,-13.8931,-47.0549,44.5218,28.1099,-88.2449,1.6109,-300,-750,-200,850,50,0,0
376,1787057034.9459,1787057034.9509,0.03342,-11.6044,-39.2527,48.0879,20.5714,-87.4286,1.5873,-14.6995,-52.3011,45.5455,36.7318,-88.8932,1.6781,-14.6995,-49.5165,45.5455,30.9231,-88.8932,1.6781,-300,-800,-50,1000,50,0,0
377,1787057034.9793,1787057034.9842,0.03345,-12.6593,-41.6264,48.0000,23.3846,-88.1319,1.5873,-15.4258,-56.8662,46.6011,40.9512,-88.8092,1.6803,-15.4258,-51.9780,46.6011,33.8242,-88.8092,1.6803,-350,-800,0,1000,-350,0,0
378,1787057035.0126,1787057035.0175,0.03329,-13.6264,-43.9121,47.8242,26.1978,-88.1319,1.5873,-15.8555,-60.6744,47.7457,45.9873,-89.2940,1.6874,-15.8555,-54.1758,47.7457,36.6374,-89.2940,1.6874,-350,-750,-50,950,0,0,0
379,1787057035.046,1787057035.0511,0.0334,-14.4176,-46.2857,47.8242,29.0989,-88.3956,1.5873,-16.0847,-64.8781,50.4307,47.6429,-88.5433,1.7475,-16.0847,-56.6374,50.4307,39.4505,-88.5433,1.7475,-250,-850,0,950,-100,0,0
380,1787057035.0794,1787057035.085,0.03338,-14.9451,-48.8352,48.1758,31.8242,-88.7473,1.5873,-15.5134,-69.5316,54.5636,48.8616,-88.4949,1.8076,-15.5134,-59.1868,54.5636,42.3516,-88.4949,1.8076,-150,-850,100,950,-100,0,0
381,1787057035.1128,1787057035.1172,0.03337,-15.3846,-51.3846,49.1429,34.7253,-88.7473,1.5873,-15.5414,-73.8235,57.3754,49.1217,-88.1975,1.7372,-15.5414,-61.6484,57.3754,44.9890,-88.1975,1.7372,-150,-900,350,1000,0,0,0
382,1787057035.1462,1787057035.1508,0.03338,-15.3846,-54.0220,51.0769,37.4505,-88.6593,1.5873,-14.8723,-78.9656,61.1225,49.1661,-87.5192,1.8214,-14.8723,-64.2857,61.1225,47.8901,-87.5192,1.8214,0,-900,700,950,50,0,0
383,1787057035.1796,1787057035.184,0.0334,-15.3846,-56.4835,53.8022,40.3516,-88.4835,1.5873,-14.3759,-83.8080,64.8834,48.9521,-86.7068,1.6819,-14.3759,-66.9231,64.1538,48.9521,-86.7068,1.6819,0,-900,950,1000,100,0,0
384,1787057035.2129,1787057035.2173,0.03337,-15.1209,-58.9451,56.7912,43.0769,-88.3077,1.5873,-13.7454,-89.1194,68.8154,48.3420,-86.3951,1.5712,-13.7454,-69.2967,67.1429,48.3420,-86.3951,1.5712,100,-800,950,950,50,0,0
385,1787057035.2463,1787057035.2507,0.0334,-14.8571,-61.4945,60.0440,45.4505,-87.6923,1.5873,-13.2529,-92.7797,72.6774,48.2324,-85.9987,1.5268,-13.2529,-71.8462,70.3956,48.2324,-85.9987,1.5268,50,-850,1150,800,200,0,0
386,1787057035.2797,1787057035.284,0.03338,-14.5934,-64.1319,63.2088,46.4176,-87.1648,1.5873,-12.6223,-95.6985,76.0696,48.6685,-85.8928,1.4538,-12.6223,-74.3956,73.6484,48.6685,-85.8928,1.4538,100,-900,1100,250,150,0,0
387,1787057035.3131,1787057035.3175,0.03338,-14.0659,-66.6813,66.3736,46.9451,-86.8132,1.5873,-12.1732,-98.0024,78.2556,48.9500,-86.3057,1.4459,-12.1732,-77.0330,76.8132,48.9500,-86.3057,1.4459,150,-850,1050,200,100,0,0
388,1787057035.3465,1787057035.3512,0.03339,-13.5385,-69.4066,69.4505,47.6484,-86.6374,1.5873,-11.9838,-99.8870,80.4948,49.5378,-85.5121,1.3754,-11.9838,-79.7582,79.8901,49.5378,-85.5121,1.3754,150,-900,1050,200,150,0,0
389,1787057035.3798,1787057035.3843,0.03336,-13.0110,-71.9560,72.5275,48.1758,-86.6374,1.5873,-11.2522,-99.5274,81.4799,49.9824,-85.3235,1.3797,-11.2522,-82.3077,81.4799,49.9824,-85.3235,1.3797,200,-850,1050,200,0,0,0
390,1787057035.4133,1787057035.4176,0.03342,-12.4835,-74.5934,75.6923,48.7912,-86.3736,1.5873,-11.3033,-99.9270,83.8039,50.0587,-85.4004,1.3417,-11.3033,-85.0330,83.8039,50.0587,-85.4004,1.3417,150,-850,1100,150,150,0,0
391,1787057035.4466,1787057035.4511,0.03338,-12.1319,-77.3187,78.6813,49.3187,-85.9341,1.5873,-11.0195,-99.8871,84.5111,50.9686,-85.4784,1.2417,-11.0195,-87.6703,84.5111,50.9686,-85.4784,1.2417,100,-950,900,150,100,0,0
392,1787057035.48,1787057035.4844,0.03337,-11.9560,-79.9560,81.0549,49.5824,-85.9341,1.5873,-10.7586,-98.7693,85.4427,51.2308,-86.1439,1.1748,-10.7586,-90.2198,85.4427,51.2308,-86.1439,1.1748,100,-850,850,100,0,0,0
393,1787057035.5134,1787057035.5178,0.03337,-11.6923,-82.6813,82.9890,50.1978,-85.9341,1.5873,-10.2181,-97.7436,85.2324,50.4305,-85.7550,1.0867,-10.2181,-93.0330,85.2324,50.4305,-85.7550,1.0867,50,-900,700,150,0,0,0
394,1787057035.5467,1787057035.5512,0.03337,-11.4286,-85.3187,84.3077,50.5495,-85.9341,1.5873,-10.5842,-98.0036,86.7256,51.2469,-85.0526,1.0413,-10.5842,-95.6703,86.7256,51.2469,-85.0526,1.0413,100,-900,400,150,0,0,0
395,1787057035.5802,1787057035.5846,0.03341,-11.0769,-87.9560,84.8352,50.5495,-85.8462,1.5873,-10.2982,-97.0814,86.7884,52.2840,-85.0493,0.8255,-10.2982,-97.0814,86.7884,52.2840,-85.0493,0.8255,150,-850,300,0,0,0,0
396,1787057035.6135,1787057035.6178,0.03339,-10.7253,-90.8571,85.6264,50.8132,-85.5824,1.5873,-9.8709,-96.0231,87.7540,53.4168,-85.6540,1.1058,-9.8709,-96.0231,87.7540,53.4168,-85.6540,1.1058,100,-1000,200,0,100,0,0
397,1787057035.6469,1787057035.6512,0.03338,-10.6374,-93.5824,86.5934,51.5165,-85.4945,1.5212,-9.6407,-95.4030,87.5551,55.0428,-85.9837,0.9913,-9.6407,-95.4030,87.5551,55.0428,-85.9837,0.9913,50,-1100,300,250,0,-50,0
398,1787057035.6803,1787057035.6846,0.03341,-10.6374,-94.4615,87.2967,52.3077,-85.4945,1.5212,-9.2940,-94.9536,87.9595,57.0722,-85.8399,0.9869,-9.2940,-94.9536,87.9595,57.0722,-85.8399,0.9869,0,-350,250,250,0,0,0
399,1787057035.7137,1787057035.7179,0.03338,-10.5495,-94.3736,87.6484,53.5385,-85.5824,1.5212,-8.9573,-94.7454,89.4462,59.0011,-86.6083,1.0096,-8.9573,-94.7454,89.4462,59.0011,-86.6083,1.0096,50,-50,200,400,-50,0,0
400,1787057035.7471,1787057035.9734,0.03342,-9.9341,-94.1099,87.6484,54.9451,-85.4945,1.5212,-8.9295,-90.1496,82.9183,53.9172,-88.4648,0.4729,-8.9295,-90.1496,82.9183,53.9172,-88.4648,0.4729,200,50,0,450,0,0,1
401,1787057035.9746,1787057035.9795,0.2275,-9.0549,-94.3736,89.5824,58.8132,-86.2857,1.5212,-8.1438,-86.9990,81.0135,54.1642,-89.1189,0.5267,-8.1438,-86.9990,81.0135,54.1642,-89.1189,0.5267,0,150,0,50,0,0,1
402,1787057036.0079,1787057036.013,0.03329,-9.3187,-94.3736,89.5824,58.8132,-86.2857,1.4550,-7.5712,-84.1602,77.9631,54.2469,-89.6116,0.5657,-7.5712,-84.3736,79.5824,54.2469,-89.6116,0.5657,-50,0,0,0,0,-50,0
403,1787057036.0413,1787057036.0463,0.03341,-9.1429,-94.1099,89.4066,58.2857,-87.0769,1.3889,-7.1628,-80.5530,75.4110,54.6955,-90.2240,0.7303,-7.1628,-83.9341,79.4066,54.6955,-90.2240,0.7303,0,50,-100,-150,-100,0,0
404,1787057036.0747,1787057036.0799,0.03336,-8.2637,-91.4725,87.8242,56.7033,-88.3077,1.3889,-6.4348,-76.2955,72.0157,54.8033,-90.5446,0.7523,-6.4348,-80.9451,77.3846,54.8033,-90.5446,0.7523,300,800,-400,-550,-450,0,0
405,1787057036.108,1787057036.113,0.03336,-7.7363,-88.4835,85.2747,56.0000,-89.1868,1.3889,-5.6484,-72.2374,67.8239,54.9673,-90.3092,0.7754,-5.6484,-78.1319,74.9231,54.9673,-90.3092,0.7754,150,950,-850,-300,-250,0,0
406,1787057036.1415,1787057036.1463,0.03343,-7.6484,-86.2857,83.1648,56.0000,-89.4505,1.3889,-5.1494,-67.0448,63.4412,55.4943,-90.2716,0.7985,-5.1494,-76.0220,72.8132,55.4943,-90.2716,0.7985,50,750,-750,0,-150,0,0
407,1787057036.1748,1787057036.1797,0.03335,-6.9451,-83.4725,80.9670,56.0000,-89.6264,1.3889,-4.0586,-61.7632,58.1625,54.6921,-89.7435,0.8822,-4.0586,-73.0330,70.7033,54.6921,-89.7435,0.8822,250,900,-700,0,-50,0,0
408,1787057036.2082,1787057036.2132,0.03338,-5.8901,-80.3956,78.7692,56.0000,-89.8901,1.3889,-3.6913,-56.3394,53.1070,54.7025,-89.9498,0.7692,-3.6913,-69.9560,68.5055,54.7025,-89.9498,0.7692,400,1100,-750,0,-100,0,0
409,1787057036.2416,1787057036.2464,0.03337,-5.3626,-77.8462,76.6593,55.7363,-89.9780,1.3889,-2.9841,-50.3902,47.6579,54.6871,-89.2824,0.8059,-2.9841,-67.4945,66.3956,54.6871,-89.2824,0.8059,200,850,-700,-50,-50,0,0
410,1787057036.275,1787057036.2796,0.03342,-5.0110,-75.2967,74.3736,55.5604,-89.8022,1.3889,-1.8976,-45.1273,42.0773,54.6863,-88.5076,0.8199,-1.8976,-64.9451,64.0220,54.6863,-88.5076,0.8199,100,850,-800,-100,50,0,0
411,1787057036.3084,1787057036.3127,0.03338,-4.3077,-72.3956,72.0879,55.4725,-89.7143,1.3889,-1.1395,-40.3387,37.0673,54.1814,-87.8892,0.8169,-1.1395,-62.0440,61.8242,54.1814,-87.8892,0.8169,250,1000,-800,-50,0,0,0
412,1787057036.3417,1787057036.3462,0.03337,-3.3407,-69.5824,69.9780,55.4725,-89.5385,1.3889,-0.8064,-35.5472,32.7385,54.2483,-86.6552,0.8760,-0.8064,-59.2308,59.6264,54.2483,-86.6552,0.8760,300,950,-750,0,50,0,0
413,1787057036.3751,1787057036.3799,0.03338,-2.3736,-66.9451,67.6923,55.2088,-88.9231,1.3889,-0.1001,-32.0118,28.5505,53.6455,-86.6071,0.9927,-0.1001,-56.5055,57.3407,53.6455,-86.6071,0.9927,350,950,-750,-100,250,0,0
414,1787057036.4085,1787057036.413,0.03338,-1.6703,-64.1319,65.3187,55.1209,-88.1319,1.3889,0.5459,-28.7999,25.7330,52.4880,-85.1525,1.0365,0.5459,-53.7802,55.0549,52.4880,-85.1525,1.0365,200,900,-800,-50,300,0,0
415,1787057036.4419,1787057036.4467,0.0334,-1.3187,-61.4066,63.1209,54.6813,-87.6044,1.3889,0.8188,-25.8547,23.6031,51.6617,-84.8276,0.9530,0.8188,-50.9670,52.7692,51.6617,-84.8276,0.9530,50,950,-750,-150,250,0,0
416,1787057036.4753,1787057036.4803,0.03343,-0.8791,-58.5934,60.8352,53.9780,-86.7253,1.3889,1.3447,-24.1050,22.0487,50.2238,-84.4355,0.9881,1.3447,-48.2418,50.4835,50.2238,-84.4355,0.9881,100,900,-750,-250,250,0,0
417,1787057036.5086,1787057036.5133,0.03332,-0.1758,-55.7802,58.5495,53.0989,-85.8462,1.3889,1.9247,-22.4484,21.3248,48.6894,-84.2897,1.0212,1.9247,-45.4286,48.1978,48.6894,-84.2897,1.0212,200,950,-750,-250,350,0,0
418,1787057036.542,1787057036.5467,0.03338,0.5275,-52.9670,56.2637,52.1319,-85.4945,1.3889,2.1905,-21.4830,20.5800,46.3010,-83.9549,0.9461,2.1905,-42.7033,46.0000,46.3010,-83.9549,0.9461,250,900,-750,-250,50,0,0
419,1787057036.5754,1787057036.5801,0.03339,1.1429,-50.1538,54.0659,50.8132,-85.1429,1.3889,2.7952,-20.4421,20.9511,44.2293,-84.0839,0.9918,2.7952,-39.8022,43.7143,44.2293,-84.0839,0.9918,250,950,-750,-450,150,0,0
420,1787057036.6088,1787057036.6133,0.03338,1.4945,-47.3407,51.7802,49.2308,-84.7912,1.3889,2.6544,-19.9446,21.3071,42.3756,-84.5107,1.0174,2.6544,-36.9011,41.5165,42.3756,-84.5107,1.0174,150,950,-750,-550,100,0,0
421,1787057036.6422,1787057036.6469,0.03341,1.6703,-44.4396,49.5824,47.2967,-84.7033,1.3889,2.9988,-19.5901,21.5828,40.5019,-84.2799,0.9798,2.9988,-34.0879,39.2308,40.5019,-84.2799,0.9798,100,950,-750,-650,0,0,0
422,1787057036.6756,1787057036.6802,0.0334,1.8462,-41.5385,47.2967,45.5385,-84.6154,1.3889,2.8869,-19.2663,22.3612,38.7094,-84.5766,0.9138,2.8869,-31.0989,36.9451,38.7094,-84.5766,0.9138,50,1000,-750,-600,0,0,0
423,1787057036.709,1787057036.7136,0.03335,2.2857,-38.5495,45.0110,43.7802,-84.6154,1.3889,3.1181,-18.6804,22.5752,37.4001,-84.3707,0.9776,3.1181,-28.1099,34.7473,37.4001,-84.3707,0.9776,150,1000,-800,-600,0,0,0
424,1787057036.7423,1787057036.7471,0.03338,2.6374,-35.6484,42.8132,41.9341,-84.6154,1.3889,3.2312,-18.4731,23.1197,36.2353,-84.9273,0.9928,3.2312,-25.2967,32.4615,36.2353,-84.9273,0.9928,150,950,-750,-600,0,0,0
425,1787057036.7758,1787057036.7806,0.03344,2.9011,-32.5714,40.4396,40.2637,-84.6154,1.3889,2.9932,-17.9777,23.6382,34.9952,-84.7453,0.9277,2.9932,-22.2198,30.1758,34.9952,-84.7453,0.9277,50,950,-800,-550,0,0,0
426,1787057036.8091,1787057036.8137,0.03335,2.9011,-29.5824,38.2418,38.9451,-84.6154,1.3889,3.0434,-17.7761,23.9058,34.7730,-85.0644,1.1343,3.0434,-19.2308,27.8901,34.7730,-85.0644,1.1343,0,1050,-750,-450,0,0,0
427,1787057036.8425,1787057036.8481,0.03343,2.8132,-26.7692,35.9560,37.5385,-84.6154,1.3889,3.0722,-17.6067,23.7939,34.1541,-84.9872,1.0662,3.0722,-17.6067,25.6044,34.1541,-84.9872,1.0662,-50,1000,-750,-450,0,0,0
428,1787057036.8759,1787057036.8809,0.03337,2.7253,-23.6923,33.6703,36.7473,-84.6154,1.3889,2.9487,-17.4319,23.8466,33.9442,-84.8174,1.1091,2.9487,-17.4319,23.8466,33.9442,-84.8174,1.1091,-50,1050,-800,-300,0,0,0
429,1787057036.9093,1787057036.914,0.03342,2.8132,-20.7912,31.4725,35.8681,-84.6154,1.3889,2.4582,-16.1764,23.7814,33.6095,-84.9341,1.2582,2.4582,-16.1764,23.7814,33.6095,-84.9341,1.2582,0,950,-750,-300,0,0,0
430,1787057036.9426,1787057036.9472,0.03332,2.8132,-18.8571,29.5385,35.4286,-84.6154,1.3889,2.4766,-16.0653,23.2298,33.2378,-84.9195,1.2640,2.4766,-16.0653,23.2298,33.2378,-84.9195,1.2640,0,700,-700,-200,0,0,0
431,1787057036.976,1787057036.9804,0.03336,2.8132,-17.5385,28.3956,34.9011,-84.6154,1.3889,2.5389,-16.0559,23.7002,32.7525,-84.9982,1.4904,2.5389,-16.0559,23.7002,32.7525,-84.9982,1.4904,0,450,-350,-150,0,0,0
432,1787057037.0095,1787057037.0142,0.03348,2.8132,-16.7473,27.2527,34.3736,-84.6154,1.3889,2.4311,-15.4643,23.4163,32.8720,-85.3739,1.6249,2.4311,-15.4643,23.4163,32.8720,-85.3739,1.6249,0,250,-400,-200,0,0,0
433,1787057037.0428,1787057037.0474,0.03333,2.7253,-16.2198,26.8132,33.9341,-84.6154,1.3889,2.4960,-15.2759,24.0524,32.1054,-85.0410,1.5858,2.4960,-15.2759,24.0524,32.1054,-85.0410,1.5858,-50,200,-150,-150,0,0,0
434,1787057037.0762,1787057037.0807,0.03338,2.8132,-15.6044,26.4615,33.8462,-84.7912,1.4550,2.3226,-14.8461,23.8698,31.4360,-84.8176,1.6565,2.3226,-14.8461,23.8698,31.4360,-84.8176,1.6565,0,200,-150,-50,-50,50,0
435,1787057037.1096,1787057037.114,0.03337,2.8132,-15.2527,26.4615,33.3187,-84.8791,1.4550,1.8462,-14.7142,23.8778,31.7733,-84.4500,1.4972,1.8462,-14.7142,23.8778,31.7733,-84.4500,1.4972,0,100,0,-200,0,0,0
436,1787057037.143,1787057037.1477,0.03339,2.8132,-14.9011,26.4615,32.7912,-84.7912,1.4550,1.9842,-14.4633,24.4718,31.2909,-85.0316,1.5930,1.9842,-14.4633,24.4718,31.2909,-85.0316,1.5930,0,100,0,-150,0,0,0
437,1787057037.1763,1787057037.1809,0.03338,2.7253,-14.6374,26.4615,32.6154,-84.7912,1.4550,1.7832,-14.5184,24.9741,30.9811,-84.9778,1.5697,1.7832,-14.5184,24.9741,30.9811,-84.9778,1.5697,-50,150,0,-50,0,0,0
438,1787057037.2097,1787057037.214,0.03335,2.6374,-14.5495,26.4615,32.2637,-84.7912,1.4550,1.6359,-14.5516,25.2755,30.9213,-85.1766,1.5742,1.6359,-14.5516,25.2755,30.9213,-85.1766,1.5742,-50,0,0,-100,0,0,0
439,1787057037.2431,1787057037.2474,0.03343,2.4615,-14.5495,26.4615,31.9121,-84.7912,1.4550,1.3816,-14.4586,25.3304,30.5378,-84.7945,1.5814,1.3816,-14.4586,25.3304,30.5378,-84.7945,1.5814,-50,0,0,-100,0,0,0
440,1787057037.2765,1787057037.2807,0.03333,2.3736,-14.5495,26.4615,31.7363,-84.7912,1.4550,1.5169,-14.4749,25.8424,30.3378,-84.2579,1.7443,1.5169,-14.4749,25.8424,30.3378,-84.2579,1.7443,-50,0,0,-50,0,0,0
441,1787057037.3099,1787057037.3151,0.0334,2.1099,-14.5495,26.4615,31.3846,-84.7912,1.4550,1.3192,-14.2413,25.9537,30.2960,-83.8632,1.7792,1.3192,-14.2413,25.9537,30.2960,-83.8632,1.7792,-100,0,0,-150,0,0,0
442,1787057037.3432,1787057037.3479,0.03338,2.0220,-14.5495,26.4615,31.2088,-84.7033,1.4550,1.4887,-14.4549,25.8251,30.1491,-84.2626,1.7596,1.4887,-14.4549,25.8251,30.1491,-84.2626,1.7596,-50,0,0,-50,50,0,0
443,1787057037.3766,1787057037.3811,0.03337,2.0220,-14.1978,26.4615,31.2088,-84.4396,1.5873,1.3678,-13.8432,25.9645,29.9588,-84.1067,1.8679,1.3678,-13.8432,25.9645,29.9588,-84.1067,1.8679,0,50,0,0,100,100,0
444,1787057037.41,1787057037.4145,0.03337,2.0220,-14.0220,26.4615,30.9451,-84.4396,1.5873,1.1797,-13.7656,26.1386,29.8406,-83.8075,1.8700,1.1797,-13.7656,26.1386,29.8406,-83.8075,1.8700,0,50,0,-50,0,0,0
445,1787057037.4434,1787057037.4484,0.03341,2.0220,-13.7582,26.4615,30.7692,-84.4396,1.5873,1.3172,-14.0109,25.9029,29.5460,-83.6260,2.2071,1.3172,-14.0109,25.9029,29.5460,-83.6260,2.2071,0,100,0,-50,0,0,0
446,1787057037.4768,1787057037.4817,0.03337,1.9341,-13.6703,26.4615,30.6813,-84.2637,1.5873,1.1634,-13.9819,25.5156,29.5449,-83.4310,2.3376,1.1634,-13.9819,25.5156,29.5449,-83.4310,2.3376,-50,50,0,-50,50,0,0
447,1787057037.5102,1787057037.5148,0.0334,1.9341,-13.6703,26.4615,30.5055,-84.0000,1.7196,1.1845,-13.5092,25.2477,29.6552,-83.3323,2.5925,1.1845,-13.5092,25.2477,29.6552,-83.3323,2.5925,0,0,0,-50,100,0,0
448,1787057037.5436,1787057037.5486,0.03341,1.8462,-13.6703,26.4615,30.4176,-84.0000,1.9180,1.1034,-13.9672,24.7405,30.1379,-83.5731,2.9431,1.1034,-13.9672,24.7405,30.1379,-83.5731,2.9431,0,0,0,0,0,100,0
449,1787057037.577,1787057037.5818,0.03342,1.8462,-13.5824,26.4615,30.4176,-83.8242,2.1825,1.0148,-13.6109,24.3677,30.1491,-83.4492,3.4487,1.0148,-13.6109,24.3677,30.1491,-83.4492,3.4487,0,50,0,0,100,100,0
450,1787057037.6104,1787057037.8326,0.0334,1.8462,-13.4945,26.4615,30.4176,-83.8242,2.4471,1.2605,-15.1222,26.6977,26.9313,-85.1554,2.2180,1.2605,-15.1222,26.6977,26.9313,-85.1554,2.2180,0,0,0,0,0,100,1
451,1787057037.8337,1787057037.8392,0.22333,1.6703,-13.2308,26.4615,30.4176,-83.8242,3.0423,1.0354,-13.9333,26.3690,27.6245,-84.8813,2.1592,1.0354,-13.9333,26.3690,27.6245,-84.8813,2.1592,0,50,0,0,0,0,1
452,1787057037.8671,1787057037.8727,0.0334,1.6703,-13.2308,26.4615,30.4176,-83.8242,3.0423,1.0780,-13.4701,26.4695,27.3185,-84.7589,2.1240,1.0780,-13.4701,26.4695,27.3185,-84.7589,2.1240,0,0,0,0,0,0,0
453,1787057037.9005,1787057037.9059,0.03335,1.6703,-13.2308,26.8132,29.6264,-84.2637,2.7116,0.8850,-14.3601,26.6133,27.5678,-84.2675,2.0027,0.8850,-14.3601,26.6133,27.5678,-84.2675,2.0027,0,0,50,-350,-200,-200,0
454,1787057037.9339,1787057037.9386,0.03338,1.6703,-13.2308,27.1648,28.8352,-84.4396,2.5132,0.5277,-14.4861,28.1727,27.8820,-84.5168,2.0810,0.5277,-14.4861,28.1727,27.8820,-84.5168,2.0810,0,0,100,-350,-100,-200,0
455,1787057037.9672,1787057037.9721,0.03339,1.6703,-13.1429,27.2527,28.6593,-84.4396,2.4471,0.6674,-14.1937,28.4884,27.2457,-84.6296,2.0822,0.6674,-14.1937,28.4884,27.2457,-84.6296,2.0822,0,0,0,-50,0,0,0
456,1787057038.0006,1787057038.0054,0.03335,1.4945,-13.1429,27.6923,28.6593,-84.4396,2.4471,0.7918,-15.1875,28.5231,27.5929,-84.4862,2.2044,0.7918,-15.1875,28.5231,27.5929,-84.4862,2.2044,-50,0,150,0,0,0,0
457,1787057038.034,1787057038.0387,0.03338,1.3187,-13.2308,28.4835,28.3077,-84.4396,2.4471,0.5720,-14.4811,29.6611,27.0804,-84.9928,2.0471,0.5720,-14.4811,29.6611,27.0804,-84.9928,2.0471,-50,-50,250,-100,0,0,0
458,1787057038.0674,1787057038.0722,0.0334,1.2308,-13.1429,28.6593,28.2198,-84.4396,2.4471,1.0004,-14.6740,30.8353,26.4472,-83.9358,2.1800,1.0004,-14.6740,30.8353,26.4472,-83.9358,2.1800,-100,50,100,-50,0,0,0
459,1787057038.1008,1787057038.1057,0.03338,1.2308,-13.1429,29.3626,27.9560,-84.6154,2.3810,1.4061,-14.8614,31.5421,26.7671,-84.9713,2.0797,1.4061,-14.8614,31.5421,26.7671,-84.9713,2.0797,0,0,250,-50,-50,-50,0
460,1787057038.1341,1787057038.1389,0.03337,1.2308,-13.2308,30.4176,27.5165,-84.4396,2.3148,1.0418,-16.6490,32.3917,26.1425,-83.9742,2.2269,1.0418,-16.6490,32.3917,26.1425,-83.9742,2.2269,0,-50,400,-200,-50,-50,0
461,1787057038.1675,1787057038.1722,0.0334,1.1429,-13.2308,31.2088,27.3407,-84.5275,2.3148,0.8095,-15.3771,32.7419,26.1277,-84.4506,1.9656,0.8095,-15.3771,32.7419,26.1277,-84.4506,1.9656,-50,0,300,-50,0,0,0
462,1787057038.2009,1787057038.2055,0.03338,1.1429,-13.6703,32.0000,26.9011,-84.7033,2.3148,1.3219,-16.1772,33.2261,26.1033,-84.0871,2.3663,1.3219,-16.1772,33.2261,26.1033,-84.0871,2.3663,0,-150,200,-150,0,0,0
463,1787057038.2344,1787057038.2391,0.03346,1.1429,-14.1099,32.5275,26.7253,-84.6154,2.3148,1.2675,-16.7972,33.5227,26.1559,-83.5761,2.0262,1.2675,-16.7972,33.5227,26.1559,-83.5761,2.0262,0,-100,200,-100,50,0,0
464,1787057038.2677,1787057038.2722,0.03338,1.1429,-14.1099,32.9670,26.5495,-84.5275,2.3148,0.7632,-16.6436,34.3954,26.0456,-84.1287,2.1260,0.7632,-16.6436,34.3954,26.0456,-84.1287,2.1260,0,0,150,-50,0,0,0
465,1787057038.3011,1787057038.3057,0.03336,1.1429,-14.3736,33.3187,26.4615,-84.2637,2.2487,1.2199,-16.4549,34.4909,25.3899,-83.7243,2.2897,1.2199,-16.4549,34.4909,25.3899,-83.7243,2.2897,0,-100,150,0,100,-50,0
466,1787057038.3345,1787057038.3391,0.03337,1.1429,-14.6374,33.8462,26.3736,-84.3516,2.3148,0.4242,-16.9384,33.7764,25.3507,-84.0812,2.2434,0.4242,-16.9384,33.7764,25.3507,-84.0812,2.2434,0,-50,200,-50,0,50,0
467,1787057038.3679,1787057038.3724,0.0334,1.1429,-14.9011,34.1978,26.0220,-84.1758,2.3148,-0.1178,-16.3688,34.3647,25.9886,-83.5176,2.3054,-0.1178,-16.3688,34.3647,25.9886,-83.5176,2.3054,0,-100,100,-150,100,0,0
468,1787057038.4013,1787057038.406,0.03345,1.0549,-14.9890,34.1978,25.7582,-84.1758,2.3148,-0.4549,-16.7958,33.2436,26.3258,-83.5526,2.0300,-0.4549,-16.7958,33.2436,26.3258,-83.5526,2.0300,0,-50,0,-100,0,0,0
469,1787057038.4346,1787057038.4391,0.0333,0.7912,-15.0769,34.2857,25.8462,-84.0000,2.3148,-0.6173,-18.0280,32.1751,26.5153,-83.2552,2.1218,-0.6173,-18.0280,32.1751,26.5153,-83.2552,2.1218,-100,0,50,50,50,0,0
470,1787057038.468,1787057038.4727,0.0334,0.5275,-15.0769,34.2857,26.1978,-83.9121,2.3148,-1.5393,-17.1236,29.7093,26.9288,-82.9274,2.1287,-1.5393,-17.1236,29.7093,26.9288,-82.9274,2.1287,-100,-50,0,150,50,0,0
471,1787057038.5015,1787057038.5061,0.03345,0.2637,-15.3407,34.0220,26.3736,-83.7363,2.3148,-1.8692,-19.0399,27.4884,28.2957,-82.5630,2.0146,-1.8692,-19.0399,27.4884,28.2957,-82.5630,2.0146,-100,-100,-100,0,50,0,0
472,1787057038.5348,1787057038.5396,0.03334,-0.2637,-15.4286,33.4945,26.6374,-83.4725,2.3148,-2.6999,-20.1595,24.7296,30.9775,-82.1821,1.8883,-2.6999,-20.1595,24.7296,30.9775,-82.1821,1.8883,-150,-50,-200,100,50,0,0
473,1787057038.5682,1787057038.5728,0.03337,-0.7912,-15.4286,32.0879,27.3407,-83.1209,2.3148,-3.6319,-20.9474,23.5778,34.1716,-81.6516,2.2172,-3.6319,-20.9474,23.5778,34.1716,-81.6516,2.2172,-150,0,-500,200,100,0,0
474,1787057038.6016,1787057038.6063,0.03341,-1.4066,-15.8681,30.5055,28.7473,-82.7692,2.3148,-3.7586,-23.4760,21.3966,37.8428,-80.5008,1.8792,-3.7586,-23.4760,21.3966,37.8428,-80.5008,1.8792,-250,-50,-550,450,150,0,0
475,1787057038.635,1787057038.6397,0.03337,-2.1099,-16.8352,28.6593,30.7692,-82.4176,2.3148,-4.9072,-24.4519,20.3029,42.8904,-80.2754,2.0724,-4.9072,-24.4519,20.3029,41.0330,-80.2754,2.0724,-250,-300,-600,750,100,0,0
476,1787057038.6684,1787057038.673,0.0334,-2.6374,-18.2418,26.8132,33.3187,-81.7143,2.1825,-5.8315,-27.1314,18.6299,46.5532,-79.9839,2.0839,-5.8315,-27.1314,18.6299,43.6703,-79.9839,2.0839,-150,-500,-600,800,250,-50,0
477,1787057038.7018,1787057038.7062,0.03338,-3.4286,-19.7363,25.0549,36.0440,-81.1868,2.1825,-6.3935,-29.3983,18.0408,50.5537,-79.3745,1.9520,-6.3935,-29.3983,18.0408,46.4835,-79.3745,1.9520,-250,-550,-650,950,150,0,0
478,1787057038.7352,1787057038.7398,0.03347,-4.3077,-21.4066,23.5604,39.0330,-80.7473,2.1825,-7.5549,-31.6710,18.5989,54.2018,-79.0301,1.9835,-7.5549,-31.6703,18.5989,49.3846,-79.0301,1.9835,-250,-550,-500,1000,150,0,0
479,1787057038.7686,1787057038.773,0.03337,-5.0989,-23.5165,22.3297,41.7582,-80.3077,2.1825,-8.2632,-34.5870,20.1940,56.8327,-78.4240,1.9715,-8.2632,-33.8681,20.1940,52.1099,-78.4240,1.9715,-300,-700,-350,900,150,0,0
480,1787057038.802,1787057038.8068,0.03339,-5.9780,-25.9780,21.9780,44.4835,-79.7802,2.1825,-8.5059,-37.6288,23.1467,58.8365,-77.8995,1.9366,-8.5059,-36.3297,23.1467,54.9231,-77.8995,1.9366,-300,-800,-150,900,150,0,0
481,1787057038.8353,1787057038.8399,0.03336,-6.8571,-28.3516,21.8901,47.3846,-79.3407,2.1825,-8.7355,-41.1954,24.7719,59.9145,-77.6561,2.1374,-8.7355,-38.7033,24.7719,57.8242,-77.6561,2.1374,-350,-800,0,950,150,0,0
482,1787057038.8687,1787057038.8737,0.0334,-7.6484,-30.7253,22.5934,50.1978,-78.8132,2.1825,-9.0394,-44.4717,28.6981,60.3480,-76.5991,2.1991,-9.0394,-41.0769,28.6981,60.3480,-76.5991,2.1991,-250,-800,300,950,200,0,0
483,1787057038.9022,1787057038.9066,0.03341,-8.1758,-33.1868,24.0879,53.0110,-78.3736,2.1825,-9.2275,-48.6137,32.8292,59.2778,-75.7044,2.2107,-9.2275,-43.4505,32.8292,59.2778,-75.7044,2.2107,-150,-800,450,950,150,0,0
484,1787057038.9355,1787057038.9406,0.03337,-8.5275,-35.5604,25.7582,55.7363,-77.6703,2.1825,-8.5469,-52.1790,37.3467,57.3793,-75.4420,2.1365,-8.5469,-45.9121,36.1099,57.3793,-75.4420,2.1365,-150,-800,550,950,300,0,0
485,1787057038.9689,1787057038.9738,0.03336,-8.5275,-37.9341,28.3956,57.4945,-76.8791,2.1825,-7.9605,-55.4876,42.1176,55.1564,-72.3023,2.0995,-7.9605,-48.3736,38.8352,55.1564,-72.3023,2.0995,0,-800,950,500,300,0,0
486,1787057039.0023,1787057039.0073,0.03342,-8.5275,-40.3956,31.5604,57.4066,-76.4396,2.1825,-7.6352,-59.9549,45.9066,52.2252,-70.5820,2.0689,-7.6352,-50.8352,42.0000,52.2252,-70.5820,2.0689,0,-800,1050,100,200,0,0
487,1787057039.0357,1787057039.0406,0.03337,-8.3516,-42.8571,34.8132,56.5275,-75.4725,2.1825,-7.0664,-63.4954,50.1041,50.1220,-69.6709,2.1439,-7.0664,-53.1209,45.2527,50.1220,-69.6709,2.1439,50,-850,1100,-350,350,0,0
488,1787057039.069,1787057039.0738,0.03337,-8.1758,-45.1429,37.8022,54.9451,-73.5385,2.1825,-6.9289,-67.7230,53.9577,47.5469,-68.2640,2.0253,-6.9289,-55.4945,48.3297,47.5469,-68.2640,2.0253,100,-800,1000,-550,650,0,0
489,1787057039.1025,1787057039.1074,0.03342,-7.9121,-47.6923,41.0549,53.1868,-71.9560,2.1825,-6.9431,-71.5532,57.6059,46.0484,-67.6248,1.8557,-6.9431,-58.0440,51.4945,46.0484,-67.6248,1.8557,100,-850,1100,-600,550,0,0
490,1787057039.1358,1787057039.1407,0.03337,-7.6484,-50.2418,44.2198,51.1648,-70.7253,2.1825,-6.7497,-75.1082,61.9420,43.4133,-67.9785,1.9969,-6.7497,-60.5055,54.5714,43.4133,-67.9785,1.9969,100,-850,1050,-650,400,0,0
491,1787057039.1693,1787057039.1744,0.03348,-7.2967,-52.7033,47.2088,49.2308,-69.4945,2.1825,-6.5104,-78.9521,65.3677,40.8422,-68.1897,2.0248,-6.5104,-63.0549,57.7363,40.8422,-68.1897,2.0248,50,-800,1050,-650,450,0,0
492,1787057039.2026,1787057039.2076,0.0333,-7.0330,-55.1648,50.4615,47.2967,-69.1429,2.1825,-6.4883,-81.6763,68.8019,39.5582,-68.5130,2.0329,-6.4883,-65.5165,60.9011,39.5582,-68.5130,2.0329,100,-850,1100,-600,150,0,0
493,1787057039.236,1787057039.2408,0.03339,-6.8571,-57.6264,53.5385,45.0110,-69.0549,2.1825,-6.1327,-85.6551,73.1500,36.6309,-68.7440,1.9722,-6.1327,-68.0659,63.9780,36.6309,-68.7440,1.9722,50,-850,1050,-750,50,0,0
494,1787057039.2695,1787057039.2742,0.03346,-6.8571,-60.2637,56.6154,42.9890,-68.9670,2.1825,-5.9030,-88.2099,75.4712,34.3470,-69.0836,1.8365,-5.9030,-70.6154,67.0549,34.3470,-69.0836,1.8365,0,-900,1050,-700,50,0,0
495,1787057039.3028,1787057039.3076,0.03334,-6.8571,-62.8132,59.8681,41.0549,-68.9670,2.1825,-5.9679,-88.9413,78.5809,33.0556,-68.8972,2.0286,-5.9679,-73.2527,70.2198,33.0556,-68.8972,2.0286,0,-850,1100,-600,0,0,0
496,1787057039.3362,1787057039.3409,0.03337,-6.7692,-65.3626,62.8571,38.5934,-68.9670,2.1825,-5.7364,-92.1893,80.2147,31.3813,-68.8415,1.9340,-5.7364,-75.7143,73.3846,31.3813,-68.8415,1.9340,0,-850,1050,-800,0,0,0
497,1787057039.3696,1787057039.3746,0.03341,-6.4176,-68.0879,66.1099,36.5714,-68.8791,2.1825,-6.0065,-92.0094,82.5634,30.7742,-69.5493,1.9316,-6.0065,-78.4396,76.5495,30.7742,-69.5493,1.9316,100,-900,1100,-650,50,0,0
498,1787057039.403,1787057039.4078,0.03337,-6.0659,-70.7253,69.1868,34.9890,-68.8791,2.1825,-5.4086,-91.4321,84.6768,29.8443,-70.4306,2.0228,-5.4086,-81.0769,79.6264,29.8443,-70.4306,2.0228,150,-900,1050,-600,0,0,0
499,1787057039.4363,1787057039.4411,0.03337,-5.9780,-73.2747,72.3516,33.4945,-69.1429,2.1825,-5.0008,-92.1815,86.6917,29.3881,-70.3210,1.9303,-5.0008,-83.6264,82.6154,29.3881,-70.3210,1.9303,0,-900,1050,-500,-100,0,0
500,1787057039.4697,1787057039.6962,0.03338,-6.0659,-76.0000,75.3407,32.4396,-69.4945,2.1825,-2.1779,-70.3130,70.1219,27.1373,-71.1587,1.9359,-2.1779,-72.6813,72.7253,27.1373,-71.1587,1.9359,0,-900,1050,-400,-100,0,1
501,1787057039.6973,1787057039.7028,0.22761,-5.4505,-82.6813,82.7253,30.4176,-69.9341,2.1825,-1.1618,-66.8955,67.8821,26.4209,-72.0188,1.9865,-1.1618,-72.6813,72.7253,26.4209,-72.0188,1.9865,0,-100,100,0,0,0,1
502,1787057039.7306,1787057039.7356,0.03325,-5.3626,-82.7692,82.7253,30.3297,-69.9341,2.1825,-0.6955,-63.3110,65.0719,25.8662,-73.0270,1.9231,-0.6955,-72.7692,72.7253,25.8662,-73.0270,1.9231,50,-50,0,0,0,0,0
503,1787057039.764,1787057039.7691,0.03338,-4.5714,-82.3297,82.6374,29.3626,-70.7253,2.1825,-0.1295,-59.9580,62.3450,26.2651,-74.4112,2.0971,-0.1295,-72.0659,72.5495,26.2651,-74.4112,2.0971,200,100,0,-450,-200,0,0
504,1787057039.7974,1787057039.8026,0.03341,-2.9890,-80.1319,81.0549,28.1319,-71.6923,2.1825,0.2152,-56.1695,60.0146,26.3807,-76.0598,2.2558,0.2152,-69.6044,70.7033,26.3807,-76.0598,2.2558,550,800,-350,-450,-350,0,0
505,1787057039.8307,1787057039.8358,0.03337,-1.4066,-77.1429,78.5934,27.7802,-72.8352,2.1825,0.5979,-52.9062,56.6308,26.6657,-78.5790,2.1733,0.5979,-66.7033,68.2418,26.6657,-78.5790,2.1733,700,1000,-850,-100,-400,0,0
506,1787057039.8641,1787057039.869,0.03337,-1.0549,-74.3297,76.4835,27.6044,-74.0659,2.1825,0.8104,-48.8096,54.1187,27.3451,-80.2313,2.1428,0.8104,-63.9780,66.1319,27.3451,-80.2313,2.1428,150,950,-700,-100,-450,0,0
507,1787057039.8975,1787057039.9024,0.03341,-0.8791,-71.6044,74.3736,27.6044,-75.5604,2.1825,0.6970,-45.7510,51.0969,27.7057,-82.1263,2.1716,0.6970,-61.2527,64.1099,27.7057,-82.1263,2.1716,50,950,-750,0,-500,0,0
508,1787057039.9309,1787057039.9358,0.0334,-0.2637,-68.7912,72.1758,27.6923,-77.4945,2.1825,0.9080,-41.8992,48.7859,28.1263,-84.1633,2.0215,0.9080,-58.3516,61.9121,28.1263,-84.1633,2.0215,200,950,-750,50,-650,0,0
509,1787057039.9643,1787057039.9692,0.03342,0.3516,-65.8901,69.9780,27.8681,-79.4286,2.1825,0.6076,-39.3352,45.8628,29.0670,-85.7867,1.7884,0.6076,-55.5385,59.7143,29.0670,-85.7867,1.7884,200,950,-700,50,-700,0,0
510,1787057039.9977,1787057040.0028,0.03337,0.3516,-63.1648,67.7802,27.8681,-81.1868,2.1825,0.2998,-36.1253,43.3798,28.4391,-86.5032,1.9357,0.2998,-52.7253,57.5165,28.4391,-86.5032,1.9357,0,950,-750,0,-650,0,0
511,1787057040.0311,1787057040.0361,0.03337,-0.1758,-60.4396,65.5824,28.3077,-82.8571,2.1825,0.3172,-33.2116,42.0701,29.0139,-86.8777,1.7571,0.3172,-50.0000,55.2308,29.0139,-86.8777,1.7571,-150,900,-750,150,-600,0,0
512,1787057040.0644,1787057040.0694,0.03334,-0.1758,-57.5385,63.3846,28.3077,-84.3516,2.1825,0.4149,-30.8178,39.9473,28.6539,-86.7490,1.7226,0.4149,-47.0989,53.1209,28.6539,-86.7490,1.7226,0,950,-750,0,-550,0,0
513,1787057040.0978,1787057040.1026,0.03341,0.0000,-54.6374,61.1868,28.4835,-85.2308,2.1825,0.3807,-29.0352,38.0850,28.8247,-86.8629,1.8517,0.3807,-44.2857,50.8352,28.8247,-86.8629,1.8517,50,950,-750,50,-300,0,0
514,1787057040.1313,1787057040.1364,0.03348,0.1758,-51.8242,58.9890,28.4835,-85.7582,2.1825,0.1071,-26.8053,37.1516,28.7037,-86.2302,1.8502,0.1071,-41.3846,48.6374,28.7037,-86.2302,1.8502,50,950,-750,0,-150,0,0
515,1787057040.1646,1787057040.1692,0.03332,0.2637,-48.9231,56.7033,28.4835,-86.1099,2.1825,0.1839,-24.8080,35.5974,28.4857,-86.1211,1.7120,0.1839,-38.5714,46.4396,28.4857,-86.1211,1.7120,50,1000,-750,0,-100,0,0
516,1787057040.198,1787057040.2027,0.03341,0.0879,-45.9341,54.5055,28.4835,-86.1099,2.1825,0.0415,-23.4891,34.9194,28.8318,-85.5029,1.8157,0.0415,-35.6703,44.2418,28.8318,-85.5029,1.8157,-50,1000,-750,0,0,0,0
517,1787057040.2315,1787057040.2361,0.03342,0.0000,-43.0330,52.3077,28.4835,-86.1099,2.1825,0.2000,-22.2470,33.2730,29.0319,-85.2215,1.7079,0.2000,-32.6813,42.0440,29.0319,-85.2215,1.7079,-50,1000,-750,0,0,0,0
518,1787057040.2648,1787057040.2693,0.03336,-0.0879,-40.2198,50.0220,28.4835,-86.1099,2.1825,0.5272,-20.6008,32.5775,27.8102,-85.4993,1.6694,0.5272,-29.7802,39.7582,27.8102,-85.4993,1.6694,-50,1000,-750,0,0,0,0
519,1787057040.2983,1787057040.3031,0.03349,0.0000,-37.1429,47.8242,28.5714,-85.8462,2.1825,0.6394,-20.0536,31.8367,28.0778,-85.6386,1.8155,0.6394,-26.7033,37.5604,28.0778,-85.6386,1.8155,50,1000,-750,50,150,0,0
520,1787057040.3317,1787057040.3365,0.03335,0.1758,-34.1538,45.6264,28.3956,-85.8462,2.1825,0.4110,-19.7421,31.6176,28.3473,-84.7566,1.6957,0.4110,-23.7143,35.2747,28.3473,-84.7566,1.6957,100,1000,-750,-50,-50,0,0
521,1787057040.365,1787057040.3698,0.03338,0.2637,-31.1648,43.3407,28.3077,-85.8462,2.1825,0.4184,-18.5463,31.2718,27.8453,-84.7328,1.6933,0.4184,-20.7253,33.0769,27.8453,-84.7328,1.6933,50,1000,-750,0,0,0,0
522,1787057040.3984,1787057040.4034,0.03339,0.2637,-28.1758,41.1429,28.3956,-85.5824,2.1825,0.3328,-18.5258,30.9300,28.2812,-84.8232,1.6434,0.3328,-18.5258,30.9300,28.2812,-84.8232,1.6434,0,1000,-800,0,100,0,0
523,1787057040.4319,1787057040.4365,0.03343,0.1758,-25.0989,38.8571,28.3956,-85.3187,2.1825,0.4510,-18.7267,30.3713,28.5079,-84.9848,1.6024,0.4510,-18.7267,30.3713,28.5079,-84.9848,1.6024,0,1050,-750,0,50,0,0
524,1787057040.4653,1787057040.47,0.03342,0.1758,-22.1099,36.7473,28.4835,-85.2308,2.1825,0.1228,-17.6242,31.2804,27.7917,-84.8602,1.6484,0.1228,-17.6242,31.2804,27.7917,-84.8602,1.6484,-50,1000,-750,0,50,0,0
525,1787057040.4986,1787057040.5034,0.03332,0.2637,-20.2637,35.1648,28.4835,-85.2308,2.1825,0.4709,-17.9787,31.2549,27.9287,-84.8440,1.6287,0.4709,-17.9787,31.2549,27.9287,-84.8440,1.6287,0,800,-500,0,0,0,0
526,1787057040.5321,1787057040.5367,0.03344,0.2637,-19.2967,34.8132,28.4835,-85.2308,2.1825,0.4339,-17.5654,30.3339,27.7091,-84.9536,1.6835,0.4339,-17.5654,30.3339,27.7091,-84.9536,1.6835,0,350,-150,0,0,0,0
527,1787057040.5655,1787057040.5701,0.03343,0.2637,-18.5934,34.3736,28.3956,-85.2308,2.1825,0.1449,-17.3814,30.2833,27.7648,-84.5185,1.5637,0.1449,-17.3814,30.2833,27.7648,-84.5185,1.5637,0,200,-150,0,0,0,0
528,1787057040.5988,1787057040.6035,0.03335,0.2637,-17.9780,33.7582,28.3077,-85.2308,2.1825,0.4739,-17.2719,30.5253,27.8107,-84.8350,1.5589,0.4739,-17.2719,30.5253,27.8107,-84.8350,1.5589,0,200,-200,-50,0,0,0
529,1787057040.6322,1787057040.637,0.03337,0.2637,-17.5385,33.3187,28.3077,-85.1429,2.1825,0.2032,-16.2423,29.9308,28.1465,-84.5569,1.5125,0.2032,-16.2423,29.9308,28.1465,-84.5569,1.5125,0,200,-200,0,50,0,0
530,1787057040.6656,1787057040.6704,0.03337,0.2637,-17.3626,33.2308,28.3077,-85.1429,2.1825,0.4562,-16.1557,29.3892,27.4862,-84.9200,1.6129,0.4562,-16.1557,29.3892,27.4862,-84.9200,1.6129,0,50,0,0,0,0,0
531,1787057040.699,1787057040.7037,0.03344,0.2637,-16.7473,32.7912,28.3077,-85.1429,2.0503,0.3409,-15.2468,29.1423,27.9739,-84.9948,1.6287,0.3409,-15.2468,29.1423,27.9739,-84.9948,1.6287,0,200,-200,0,0,-50,0
532,1787057040.7324,1787057040.7371,0.03343,0.2637,-16.2198,32.3516,28.2198,-85.1429,2.0503,0.3987,-14.5575,28.6191,27.3324,-84.3422,1.6227,0.3987,-14.5575,28.6191,27.3324,-84.3422,1.6227,0,250,-150,0,0,0,0
533,1787057040.7658,1787057040.7702,0.03335,0.2637,-15.5165,32.0000,28.2198,-85.1429,1.9841,0.2579,-13.5715,27.9632,27.2047,-84.5359,1.5339,0.2579,-13.5715,27.9632,27.2047,-84.5359,1.5339,0,250,-100,0,0,-50,0
534,1787057040.7992,1787057040.8044,0.03342,0.2637,-14.8132,31.5604,28.0440,-84.9670,1.9841,-0.0842,-13.2012,28.1502,27.2795,-84.7605,1.5669,-0.0842,-13.2012,28.1502,27.2795,-84.7605,1.5669,0,250,-150,-50,100,0,0
535,1787057040.8326,1787057040.8374,0.03336,0.2637,-13.8462,31.1209,27.8681,-84.9670,1.9841,-0.1728,-12.7171,27.6969,26.6360,-84.4725,1.4786,-0.1728,-12.7171,27.6969,26.6360,-84.4725,1.4786,0,300,-200,-50,0,0,0
536,1787057040.866,1787057040.8708,0.03338,0.2637,-13.3187,30.8571,27.7802,-84.9670,1.9841,0.0073,-12.8104,28.0456,27.2540,-84.1932,1.6121,0.0073,-12.8104,28.0456,27.2540,-84.1932,1.6121,0,200,-50,0,0,0,0
537,1787057040.8993,1787057040.9041,0.03337,0.2637,-13.0549,30.4176,27.6044,-84.8791,1.9841,-0.4129,-12.5648,28.3853,27.2744,-84.2727,1.5596,-0.4129,-12.5648,28.3853,27.2744,-84.2727,1.5596,0,50,-100,-100,0,0,0
538,1787057040.9327,1787057040.938,0.03341,0.2637,-12.9670,30.4176,27.6044,-84.7912,1.9841,0.0548,-12.0185,27.7862,26.2989,-84.5491,1.4962,0.0548,-12.0185,27.7862,26.2989,-84.5491,1.4962,0,50,-50,50,50,0,0
539,1787057040.9661,1787057040.9711,0.03336,0.2637,-12.6154,30.4176,27.6044,-84.7912,1.9841,-0.1885,-12.8339,27.7754,27.1065,-84.5499,1.5690,-0.1885,-12.8339,27.7754,27.1065,-84.5499,1.5690,0,100,0,0,0,0,0
540,1787057040.9995,1787057041.0043,0.0334,0.2637,-12.1758,30.2418,27.3407,-84.7912,1.9841,-0.3714,-11.8781,27.9496,26.7356,-84.6449,1.6424,-0.3714,-11.8781,27.9496,26.7356,-84.6449,1.6424,0,150,-50,-100,0,0,0
541,1787057041.0329,1787057041.0375,0.03342,0.1758,-12.0879,30.2418,27.3407,-84.7912,1.9841,-0.3201,-12.1854,27.5314,26.6969,-84.2838,1.4795,-0.3201,-12.1854,27.5314,26.6969,-84.2838,1.4795,0,50,0,50,0,0,0
542,1787057041.0663,1787057041.0708,0.03338,0.1758,-12.0000,30.2418,27.2527,-84.7912,1.9841,-0.2420,-12.2766,28.2436,26.7656,-84.1077,1.6422,-0.2420,-12.2766,28.2436,26.7656,-84.1077,1.6422,0,0,0,0,0,0,0
543,1787057041.0997,1787057041.1041,0.0334,0.0879,-11.9121,30.0659,27.2527,-84.7912,1.9841,-0.4235,-12.3607,28.3108,26.5887,-84.2202,1.5664,-0.4235,-12.3607,28.3108,26.5887,-84.2202,1.5664,-50,0,-50,0,0,0,0
544,1787057041.1331,1787057041.1378,0.03343,0.0879,-11.9121,30.0659,27.2527,-84.6154,1.9841,-0.4681,-12.6218,29.0009,26.9462,-85.0011,1.5440,-0.4681,-12.6218,29.0009,26.9462,-85.0011,1.5440,0,0,0,0,50,0,0
545,1787057041.1665,1787057041.1708,0.03334,0.0879,-11.9121,30.0659,27.2527,-84.6154,1.9841,-0.5352,-12.5910,28.7199,27.0036,-84.6803,1.6277,-0.5352,-12.5910,28.7199,27.0036,-84.6803,1.6277,0,0,0,0,0,0,0
546,1787057041.2,1787057041.2045,0.03348,0.0879,-11.9121,30.0659,27.2527,-84.7033,1.9841,-0.7352,-12.4567,29.1854,27.0806,-84.2976,1.7634,-0.7352,-12.4567,29.1854,27.0806,-84.2976,1.7634,0,0,0,0,0,0,0
547,1787057041.2333,1787057041.2378,0.03336,0.0879,-11.9121,30.0659,27.2527,-84.7912,1.9841,-0.1342,-12.7290,29.3712,27.6734,-84.4782,1.5738,-0.1342,-12.7290,29.3712,27.6734,-84.4782,1.5738,0,0,0,0,-50,0,0
548,1787057041.2667,1787057041.2712,0.03338,0.0879,-11.9121,30.0659,27.2527,-84.7912,1.9841,-0.3603,-13.3508,29.1109,27.5619,-84.8273,1.4860,-0.3603,-13.3508,29.1109,27.5619,-84.8273,1.4860,0,0,0,0,0,0,0
549,1787057041.3001,1787057041.3046,0.03337,0.0879,-11.9121,30.0659,27.3407,-84.7912,1.9841,-0.3050,-13.9366,29.9946,27.8546,-84.3636,1.5947,-0.3050,-13.9366,29.9946,27.8546,-84.3636,1.5947,0,0,0,50,0,0,0
550,1787057041.3335,1787057041.5566,0.03343,0.0879,-11.9121,30.0659,27.3407,-84.7912,1.9841,-0.9852,-11.9083,27.3678,22.2966,-85.7621,1.4007,-0.9852,-11.9083,27.3678,22.2966,-85.7621,1.4007,0,0,0,0,0,0,1
551,1787057041.5578,1787057041.563,0.22427,0.0879,-12.0000,30.5055,27.4286,-84.7912,1.9841,-1.4561,-12.4408,29.3119,23.2525,-85.9406,1.4418,-1.4561,-12.4408,29.3119,23.2525,-85.9406,1.4418,0,0,0,0,0,0,1
552,1787057041.5911,1787057041.5955,0.0333,0.0879,-12.0000,30.5055,27.4286,-84.7912,1.9841,-1.4072,-11.9438,30.2805,22.9478,-85.7050,1.6048,-1.4072,-11.9438,30.2805,22.9478,-85.7050,1.6048,0,0,0,0,0,0,0
553,1787057041.6245,1787057041.6288,0.0334,-0.2637,-11.8242,30.5055,26.8132,-85.2308,1.9841,-0.8944,-11.3708,28.4692,23.0674,-85.8381,1.6156,-0.8944,-11.3708,28.4692,23.0674,-85.8381,1.6156,-150,50,0,-100,-200,0,0
554,1787057041.6579,1787057041.6621,0.03338,-0.4396,-11.3846,30.6813,25.1429,-85.4066,1.9841,-1.2338,-12.2794,30.0205,23.3257,-85.8369,1.4463,-1.2338,-12.2794,30.0205,23.3257,-85.8369,1.4463,-50,150,100,-550,-100,0,0
555,1787057041.6913,1787057041.6957,0.03342,-0.6154,-11.2088,30.7692,24.6154,-85.4066,1.9841,-1.1626,-12.3743,30.7154,22.8577,-85.5391,1.6970,-1.1626,-12.3743,30.7154,22.8577,-85.5391,1.6970,-100,50,0,-150,0,0,0
556,1787057041.7246,1787057041.7289,0.03335,-0.6154,-11.2088,30.5934,24.4396,-85.4066,1.9180,-1.2409,-13.0345,30.9568,22.4720,-86.2517,1.4705,-1.2409,-13.0345,30.9568,22.4720,-86.2517,1.4705,0,0,-50,-50,0,0,0
557,1787057041.758,1787057041.7622,0.03336,-0.6154,-11.2088,30.8571,24.0000,-85.4945,1.9180,-1.5408,-12.9545,31.9733,22.9593,-86.0911,1.5111,-1.5408,-12.9545,31.9733,22.9593,-86.0911,1.5111,0,0,100,-100,0,0,0
558,1787057041.7914,1787057041.7962,0.03346,-0.6154,-11.2088,31.4725,23.6484,-85.7582,1.9180,-1.3599,-12.4445,30.3933,22.2156,-86.0480,1.6085,-1.3599,-12.4445,30.3933,22.2156,-86.0480,1.6085,0,0,200,-150,-100,0,0
559,1787057041.8248,1787057041.8292,0.03338,-0.7912,-11.2088,31.9121,23.5604,-85.8462,1.9180,-1.1596,-13.1690,31.7019,23.1204,-85.8526,1.6655,-1.1596,-13.1690,31.7019,23.1204,-85.8526,1.6655,-100,0,100,0,-50,0,0
560,1787057041.8582,1787057041.8629,0.03333,-0.7912,-11.2088,32.0000,23.1209,-85.8462,1.9180,-0.8953,-13.7114,32.4477,23.6393,-86.0229,1.4912,-0.8953,-13.7114,32.4477,23.6393,-86.0229,1.4912,0,0,50,-150,0,0,0
561,1787057041.8916,1787057041.8959,0.03341,-0.8791,-11.2088,31.8242,23.2088,-85.8462,1.9180,-1.4254,-13.9153,32.5693,23.6475,-86.4837,1.7172,-1.4254,-13.9153,32.5693,23.6475,-86.4837,1.7172,-50,0,0,0,0,0,0
562,1787057041.925,1787057041.9294,0.03339,-0.8791,-11.4725,32.3516,23.3846,-85.8462,1.9180,-1.0472,-12.4357,33.0196,22.7136,-86.0634,1.5516,-1.0472,-12.4357,33.0196,22.7136,-86.0634,1.5516,0,-150,100,50,0,0,0
563,1787057041.9583,1787057041.9628,0.03336,-0.8791,-11.6484,32.6154,23.3846,-86.0220,1.9180,-0.9895,-13.5518,32.5724,22.8780,-85.8640,1.6455,-0.9895,-13.5518,32.5724,22.8780,-85.8640,1.6455,0,-100,100,0,-50,0,0
564,1787057041.9917,1787057041.9964,0.03339,-0.8791,-11.6484,32.7912,23.2967,-86.0220,1.9180,-1.3026,-14.0042,33.0675,22.7722,-85.9101,1.6490,-1.3026,-14.0042,33.0675,22.7722,-85.9101,1.6490,0,0,100,-50,0,0,0
565,1787057042.0251,1787057042.0296,0.03337,-0.8791,-11.6484,32.8791,23.2088,-86.0220,1.9180,-1.1259,-14.0913,33.0386,23.4446,-85.7930,1.6145,-1.1259,-14.0913,33.0386,23.4446,-85.7930,1.6145,0,0,50,0,0,0,0
566,1787057042.0584,1787057042.0627,0.03337,-0.8791,-11.8242,32.9670,23.1209,-86.0220,1.9180,-1.6120,-14.9103,33.7532,23.3355,-85.7733,1.7230,-1.6120,-14.9103,33.7532,23.3355,-85.7733,1.7230,0,-50,50,-50,0,0,0
567,1787057042.0918,1787057042.096,0.03338,-0.8791,-11.8242,32.9670,23.1209,-86.0220,1.9180,-1.7157,-14.8193,31.4931,23.2167,-85.5725,1.5234,-1.7157,-14.8193,31.4931,23.2167,-85.5725,1.5234,0,0,0,0,0,0,0
568,1787057042.1253,1787057042.13,0.03349,-0.8791,-12.2637,33.4066,23.2088,-86.0220,1.9180,-1.4626,-15.9838,31.5902,23.4433,-85.3203,1.4973,-1.4626,-15.9838,31.5902,23.4433,-85.3203,1.4973,0,-150,100,0,0,0,0
569,1787057042.1586,1787057042.1631,0.03329,-1.0549,-12.4396,33.3187,23.2088,-85.9341,1.9180,-2.1642,-17.8282,28.5459,25.1962,-84.6600,1.3441,-2.1642,-17.8282,28.5459,25.1962,-84.6600,1.3441,-50,-50,50,0,0,0,0
570,1787057042.192,1787057042.1964,0.03338,-1.0549,-12.7912,33.1429,23.2967,-85.7582,1.9180,-2.8951,-18.9239,27.9530,26.7026,-84.3888,1.3085,-2.8951,-18.9239,27.9530,26.7026,-84.3888,1.3085,0,-100,-50,0,50,0,0
571,1787057042.2253,1787057042.2296,0.03338,-1.2308,-13.6703,33.0549,24.0000,-85.4066,1.9180,-3.1857,-21.3643,24.9973,29.7556,-82.4850,1.4081,-3.1857,-21.3643,24.9973,29.7556,-82.4850,1.4081,-50,-250,0,300,150,0,0
572,1787057042.2587,1787057042.2629,0.03339,-1.7582,-14.4615,32.0000,25.3187,-85.0549,1.9180,-4.0056,-24.5471,23.8689,33.3890,-82.3302,1.2199,-4.0056,-24.5471,23.8689,33.3890,-82.3302,1.2199,-150,-250,-300,450,100,0,0
573,1787057042.2921,1787057042.2964,0.03338,-2.2857,-15.6923,30.4176,26.8132,-84.3516,1.9180,-4.5718,-26.8124,21.8358,37.2726,-81.0681,1.3998,-4.5718,-25.9560,21.8358,37.0769,-81.0681,1.3998,-200,-350,-550,500,200,0,0
574,1787057042.3255,1787057042.3306,0.03339,-2.9011,-17.8022,28.7473,29.2747,-83.5604,1.9180,-5.8016,-30.3973,21.0066,42.2971,-80.6013,1.0312,-5.8016,-28.1538,21.0066,39.7143,-80.6013,1.0312,-200,-700,-550,850,250,0,0
575,1787057042.3589,1787057042.3637,0.0334,-3.4286,-20.0879,27.1648,32.0879,-82.7692,1.8519,-6.1627,-33.2040,19.3329,46.4804,-78.8240,0.8956,-6.1627,-30.3516,19.3329,42.4396,-78.8240,0.8956,-200,-750,-500,950,250,0,0
576,1787057042.3923,1787057042.3973,0.03343,-4.2198,-22.2857,25.3187,34.8132,-81.8901,1.7196,-7.5430,-36.7784,18.5202,51.2264,-78.7780,0.8096,-7.5430,-32.6374,18.5202,45.2527,-78.7780,0.8096,-300,-750,-600,950,350,-50,0
577,1787057042.4257,1787057042.4307,0.03341,-5.0110,-24.5714,24.0000,37.7143,-81.0110,1.5873,-8.4973,-39.8889,18.2533,55.0785,-78.1485,0.7116,-8.4973,-34.9231,18.2533,48.1538,-78.1485,0.7116,-300,-800,-450,950,350,-50,0
578,1787057042.4591,1787057042.4642,0.03335,-5.8901,-26.7692,22.6813,40.5275,-80.0440,1.5873,-8.7168,-42.9475,19.8796,59.1443,-78.1964,0.5659,-8.7168,-37.1209,19.8796,50.8791,-78.1964,0.5659,-300,-750,-500,950,350,0,0
579,1787057042.4925,1787057042.4979,0.03343,-6.9451,-29.0549,21.9780,43.3407,-79.5165,1.4550,-9.1562,-45.5677,21.6769,63.6369,-78.9646,0.4835,-9.1562,-39.4945,21.6769,53.6923,-78.9646,0.4835,-300,-750,-250,950,200,-100,0
580,1787057042.526,1787057042.5309,0.03345,-7.7363,-31.6044,21.7143,46.1538,-79.1648,1.3889,-9.3119,-50.1267,25.4034,66.7011,-80.3709,0.7763,-9.3119,-41.9560,25.4034,56.5934,-80.3709,0.7763,-250,-850,-50,950,100,0,0
581,1787057042.5593,1787057042.564,0.03335,-8.5275,-34.0659,22.3297,49.0549,-79.1648,1.3889,-10.0443,-53.8801,26.7182,69.8566,-80.6230,0.8475,-10.0443,-44.3297,26.7182,59.3187,-80.6230,0.8475,-300,-800,200,1000,0,0,0
582,1787057042.5927,1787057042.5974,0.03339,-8.7912,-36.5275,23.4725,51.6923,-79.4286,1.3889,-9.8407,-56.9342,30.6220,71.4212,-81.5538,0.9015,-9.8407,-46.7912,30.6220,62.1319,-81.5538,0.9015,-100,-800,450,900,-50,0,0
583,1787057042.6261,1787057042.6308,0.03335,-8.8791,-38.9890,25.4066,54.5934,-80.1319,1.3889,-10.2556,-61.2525,33.6290,72.3874,-82.4810,0.9785,-10.2556,-49.3407,33.6290,64.9451,-82.4810,0.9785,-50,-800,650,1000,-250,0,0
584,1787057042.6595,1787057042.6646,0.03344,-9.0549,-41.3626,27.4286,57.4066,-80.6593,1.3228,-8.9453,-64.4553,39.5328,70.8947,-81.5349,0.9120,-8.9453,-51.7143,37.7802,67.8462,-81.5349,0.9120,-100,-850,650,950,-200,0,0
585,1787057042.6928,1787057042.6976,0.03332,-9.4945,-43.9121,30.0659,60.2198,-81.3626,1.3228,-8.9904,-68.0665,45.2265,69.2097,-80.8374,0.6623,-8.9904,-54.2637,40.5055,69.2097,-80.8374,0.6623,-100,-850,900,950,-300,0,0
586,1787057042.7263,1787057042.7309,0.03346,-9.6703,-46.4615,32.9670,63.1209,-81.2747,1.3228,-8.4518,-70.4881,49.9253,66.5514,-80.1591,0.8307,-8.4518,-56.9011,43.4066,66.5514,-80.1591,0.8307,-200,-850,950,950,100,0,0
587,1787057042.7596,1787057042.7644,0.03332,-9.4945,-49.0110,36.3077,65.5824,-81.0110,1.3228,-7.7974,-73.7550,55.7095,62.5413,-81.0331,0.6870,-7.7974,-59.4505,46.7473,62.5413,-81.0331,0.6870,100,-850,1100,800,50,0,0
588,1787057042.793,1787057042.7981,0.03337,-8.7912,-51.5604,39.4725,66.5495,-80.9231,1.3228,-7.2992,-77.3189,61.3923,58.1478,-80.6002,0.4198,-7.2992,-61.9121,49.9121,58.1478,-80.6002,0.4198,300,-800,1050,500,50,0,0
589,1787057042.8264,1787057042.8312,0.03344,-8.4396,-54.0220,42.5495,65.8462,-81.0110,1.3228,-7.0774,-80.3142,65.9858,52.9445,-80.4365,0.3041,-7.0774,-64.3736,52.9890,55.5824,-80.4365,0.3041,150,-850,1050,-250,-50,0,0
590,1787057042.8598,1787057042.8645,0.03337,-8.0879,-56.5714,45.7143,63.5604,-80.9231,1.3228,-6.7541,-83.4155,70.0631,48.9746,-80.5072,0.2415,-6.7541,-67.0110,56.1538,53.1209,-80.5072,0.2415,150,-900,1050,-850,50,0,0
591,1787057042.8931,1787057042.8978,0.03333,-8.0000,-59.1209,48.7033,60.6593,-80.7473,1.3228,-6.2438,-86.1885,73.9207,45.4325,-79.6745,0.1845,-6.2438,-69.5604,59.2308,50.3077,-79.6745,0.1845,0,-900,1050,-1000,50,0,0
592,1787057042.9265,1787057042.9314,0.03341,-7.6484,-61.7582,51.8681,58.0220,-80.7473,1.3228,-5.6465,-89.2745,76.4595,44.3745,-80.0706,0.2907,-5.6465,-72.1099,62.3956,47.6703,-80.0706,0.2907,150,-850,1050,-900,0,0,0
593,1787057042.9599,1787057042.9649,0.03342,-7.0330,-64.3956,55.0330,55.3846,-80.4835,1.3228,-5.4230,-91.4572,78.5011,43.4371,-80.3786,0.3341,-5.4230,-74.7473,65.3846,45.0330,-80.3786,0.3341,200,-850,1050,-900,100,0,0
594,1787057042.9933,1787057042.9979,0.03334,-6.3297,-67.0330,58.1099,52.6593,-80.4835,1.2566,-4.9797,-94.3300,80.3926,43.5731,-80.6136,0.2094,-4.9797,-77.2967,68.5495,43.5731,-80.6136,0.2094,250,-850,1050,-900,50,0,0
595,1787057043.0266,1787057043.0314,0.03337,-5.9780,-69.7582,61.2747,49.9341,-80.4835,1.2566,-4.7190,-96.1141,83.1744,44.1486,-81.1455,0.4591,-4.7190,-80.0220,71.6264,44.1486,-81.1455,0.4591,100,-900,1000,-900,0,0,0
596,1787057043.06,1787057043.0647,0.03339,-5.8022,-72.3077,64.3516,47.6484,-80.4835,1.2566,-4.2925,-99.6763,84.9983,44.8999,-81.0135,0.5062,-4.2925,-82.6593,74.7912,44.8999,-81.0135,0.5062,100,-850,1050,-800,0,0,0
597,1787057043.0934,1787057043.0981,0.0334,-5.6264,-75.0330,67.4286,46.6813,-80.6593,1.2566,-4.3812,-99.0970,85.2325,45.3624,-81.5565,0.5925,-4.3812,-85.4725,77.7802,45.3624,-81.5565,0.5925,0,-900,1050,-500,-50,0,0
598,1787057043.1268,1787057043.1314,0.03337,-5.0989,-77.7582,70.5055,46.5055,-80.6593,1.2566,-3.7159,-101.5725,88.3895,47.3406,-80.8306,0.5719,-3.7159,-88.1099,80.9451,47.3406,-80.8306,0.5719,150,-900,1100,-50,0,0,0
599,1787057043.1602,1787057043.1654,0.03338,-4.5714,-80.3956,73.6703,46.4176,-81.0989,1.2566,-4.4551,-102.7552,89.8269,49.1217,-82.0745,0.5845,-4.4551,-90.8352,84.1099,49.1217,-82.0745,0.5845,200,-900,1050,0,-150,0,0
600,1787057043.1936,1787057043.4114,0.03339,-4.3956,-83.2088,76.8352,46.7692,-81.0989,1.2566,-2.9832,-82.0500,74.1455,43.6047,-83.7934,0.3321,-2.9832,-82.0500,74.1455,43.6047,-83.7934,0.3321,100,-950,1050,0,0,0,1
601,1787057043.4125,1787057043.4177,0.21894,-4.4835,-89.9780,84.0440,48.8791,-81.8901,1.2566,-3.0640,-79.0699,73.7010,43.1427,-84.3315,0.3673,-3.0640,-79.9780,74.0440,43.1427,-84.3315,0.3673,0,-50,0,0,0,0,1
602,1787057043.4458,1787057043.4504,0.0333,-4.4835,-90.1538,84.0440,48.8791,-81.8901,1.2566,-3.0219,-75.1714,70.1629,42.2980,-84.1365,0.5627,-3.0219,-80.1538,74.0440,42.2980,-84.1365,0.5627,0,-50,0,0,0,0,0
603,1787057043.4793,1787057043.4838,0.03345,-4.3956,-89.6264,83.8681,48.1758,-82.5055,1.2566,-2.6909,-71.7654,67.7427,42.5017,-84.5902,0.4917,-2.6909,-79.3626,73.7802,42.5017,-84.5902,0.4917,0,0,-100,-250,-300,0,0
604,1787057043.5126,1787057043.517,0.03332,-3.6044,-87.3407,82.3736,46.3297,-83.3846,1.2566,-2.2554,-66.8861,65.1391,42.0844,-85.7128,0.4439,-2.2554,-76.9011,72.0220,42.0844,-85.7128,0.4439,200,700,-450,-700,-350,0,0
605,1787057043.546,1787057043.5505,0.03341,-3.1648,-84.4396,79.9121,44.7473,-83.8242,1.2566,-2.1321,-61.8013,62.3959,41.2526,-85.9370,0.4342,-2.1321,-74.0000,69.6484,41.2526,-85.9370,0.4342,100,1000,-800,-600,-150,0,0
606,1787057043.5793,1787057043.5838,0.03334,-3.1648,-81.8022,77.7143,43.9560,-84.4396,1.2566,-1.7545,-56.2541,58.4961,40.7358,-86.6455,0.4565,-1.7545,-71.4505,67.3626,40.7358,-86.6455,0.4565,50,900,-750,-250,-200,0,0
607,1787057043.6128,1787057043.6174,0.03343,-3.0769,-78.9011,75.6044,43.1648,-85.0549,1.2566,-1.2456,-51.0448,54.1052,40.2738,-87.1023,0.4042,-1.2456,-68.5495,65.2527,40.2738,-87.1023,0.4042,0,1000,-750,-300,-200,0,0
608,1787057043.6461,1787057043.6507,0.03337,-2.3736,-76.0879,73.4066,42.4615,-85.7582,1.2566,-0.8638,-46.1709,50.8089,39.9915,-87.2269,0.4414,-0.8638,-65.7363,63.1429,39.9915,-87.2269,0.4414,200,950,-700,-250,-200,0,0
609,1787057043.6795,1787057043.6839,0.03337,-1.7582,-73.4505,71.2088,41.7582,-86.3736,1.2566,-0.5193,-41.7265,46.6214,39.1895,-87.2727,0.4789,-0.5193,-63.0110,60.9451,39.1895,-87.2727,0.4789,150,900,-750,-250,-150,0,0
610,1787057043.7129,1787057043.7173,0.03338,-1.5824,-70.6374,68.9231,41.2308,-86.6374,1.2566,0.4332,-38.0208,43.3077,39.0737,-87.1881,0.4961,0.4332,-60.1978,58.6593,39.0737,-87.1881,0.4961,100,950,-750,-150,-100,0,0
611,1787057043.7463,1787057043.7507,0.03342,-1.4945,-67.8242,66.7253,40.6154,-86.6374,1.2566,0.6472,-34.1011,39.7197,38.8788,-87.4347,0.4764,0.6472,-57.3846,56.4615,38.8788,-87.4347,0.4764,0,950,-800,-200,0,0,0
612,1787057043.7797,1787057043.7848,0.03339,-0.8791,-64.9231,64.5275,40.2637,-86.8132,1.2566,1.3775,-30.5471,37.5807,39.1025,-87.6280,0.5193,1.3775,-54.4835,54.1758,39.1025,-87.6280,0.5193,200,950,-750,-100,-50,0,0
613,1787057043.8134,1787057043.8181,0.03372,-0.0879,-62.1099,62.3297,40.0000,-87.1648,1.2566,1.8673,-29.0984,33.7397,38.8394,-87.7032,0.5068,1.8673,-51.6703,51.9780,38.8394,-87.7032,0.5068,250,950,-800,-100,-50,0,0
614,1787057043.8464,1787057043.851,0.03302,0.5275,-59.3846,60.1319,40.0000,-87.4286,1.2566,1.9258,-26.2987,31.8054,39.2093,-86.7141,0.5490,1.9258,-49.0330,49.8681,39.2093,-86.7141,0.5490,250,900,-750,0,-150,0,0
615,1787057043.8798,1787057043.8842,0.03337,0.9670,-56.4835,57.8462,39.8242,-87.4286,1.2566,2.0504,-23.7455,29.4712,38.9951,-87.0493,0.5078,2.0504,-46.1319,47.5824,38.9951,-87.0493,0.5078,150,950,-800,-50,0,0,0
616,1787057043.9133,1787057043.9178,0.03346,1.0549,-53.6703,55.6484,39.8242,-87.2527,1.2566,2.0485,-21.8811,27.0382,39.4195,-86.7164,0.5021,2.0485,-43.3187,45.2967,39.4195,-86.7164,0.5021,50,1000,-750,0,0,0,0
617,1787057043.9466,1787057043.9512,0.03332,1.2308,-50.8571,53.4505,39.8242,-87.0769,1.2566,2.0496,-20.5929,24.5848,39.1621,-86.2660,0.6359,2.0496,-40.5055,43.1868,39.1621,-86.2660,0.6359,50,900,-700,0,100,0,0
618,1787057043.98,1787057043.9844,0.03337,1.4066,-47.9560,51.2527,39.8242,-87.0769,1.2566,2.5184,-18.7430,22.6560,39.1672,-85.6566,0.6090,2.5184,-37.6044,40.9011,39.1672,-85.6566,0.6090,50,1000,-800,0,0,0,0
619,1787057044.0133,1787057044.0178,0.03337,1.6703,-44.9670,48.9670,39.7363,-86.9890,1.2566,1.8623,-16.7985,21.6548,38.6361,-85.9834,0.5668,1.8623,-34.7033,38.7033,38.6361,-85.9834,0.5668,100,1000,-750,-50,-50,0,0
620,1787057044.0467,1787057044.0514,0.03338,1.9341,-42.0659,46.7692,39.7363,-86.4615,1.2566,2.0558,-16.0368,20.8381,38.9176,-85.1272,0.5509,2.0558,-31.7143,36.5055,38.9176,-85.1272,0.5509,50,950,-750,0,200,0,0
621,1787057044.0801,1787057044.0846,0.03337,2.0220,-39.1648,44.5714,39.5604,-86.4615,1.2566,1.6314,-14.7078,19.7826,37.7642,-84.9841,0.5778,1.6314,-28.7253,34.3077,37.7642,-84.9841,0.5778,50,950,-750,-50,0,0,0
622,1787057044.1135,1787057044.1179,0.0334,2.1099,-36.2637,42.2857,39.5604,-86.0220,1.2566,1.9207,-14.0838,19.3102,37.5307,-85.1851,0.6866,1.9207,-25.8242,32.0220,37.5307,-85.1851,0.6866,50,1000,-800,0,50,0,0
623,1787057044.1469,1787057044.1514,0.03338,2.1099,-33.2747,40.0879,39.0330,-85.7582,1.2566,1.8008,-13.6304,19.2495,37.7353,-85.0718,0.5633,1.8008,-22.8352,29.8242,37.7353,-85.0718,0.5633,0,1000,-750,-200,150,0,0
624,1787057044.1803,1787057044.1847,0.0334,2.1099,-30.1978,37.8022,38.5934,-85.7582,1.2566,1.8565,-12.8767,19.0211,37.1619,-85.3772,0.4915,1.8565,-19.7582,27.5385,37.1619,-85.3772,0.4915,0,1000,-800,-200,0,0,0
625,1787057044.2136,1787057044.2181,0.03337,2.1099,-27.2088,35.6044,38.5055,-85.7582,1.2566,1.4314,-12.7413,19.4157,36.6103,-85.0487,0.5894,1.4314,-16.8571,25.3407,36.6103,-85.0487,0.5894,0,1000,-800,-50,0,0,0
626,1787057044.247,1787057044.2515,0.03339,2.1099,-24.0440,33.3187,38.0659,-85.6703,1.2566,1.7820,-12.2706,19.9786,36.0150,-85.0456,0.5677,1.7820,-13.6923,23.0549,36.0150,-85.0456,0.5677,0,1050,-750,-200,50,0,0
627,1787057044.2804,1787057044.2849,0.03338,2.1099,-20.9670,31.1209,37.6264,-85.5824,1.2566,1.3836,-12.3387,19.5756,35.9086,-84.2384,0.4977,1.3836,-12.3387,20.7692,35.9086,-84.2384,0.4977,0,1050,-750,-150,50,0,0
628,1787057044.3138,1787057044.3181,0.03339,2.1099,-17.9780,28.9231,37.1868,-85.4945,1.2566,1.6350,-12.4330,19.9611,35.0458,-85.0174,0.5838,1.6350,-12.4330,19.9611,35.0458,-85.0174,0.5838,0,1050,-750,-150,50,0,0
629,1787057044.3472,1787057044.3514,0.03338,2.0220,-15.2527,26.6374,36.8352,-85.1429,1.2566,1.2486,-11.2709,20.3316,34.7427,-84.6856,0.4159,1.2486,-11.2709,20.3316,34.7427,-84.6856,0.4159,0,950,-750,-100,150,0,0
630,1787057044.3805,1787057044.3847,0.03336,2.0220,-13.7582,24.9670,36.3077,-85.1429,1.2566,1.6688,-11.5576,20.2601,34.0535,-84.6094,0.6701,1.6688,-11.5576,20.2601,34.0535,-84.6094,0.6701,0,550,-550,-150,0,0,0
631,1787057044.4139,1787057044.4181,0.03339,1.9341,-12.6154,24.1758,35.7802,-85.1429,1.2566,1.3811,-12.0502,20.2666,33.9963,-85.3939,0.6727,1.3811,-12.0502,20.2666,33.9963,-85.3939,0.6727,0,350,-350,-150,0,0,0
632,1787057044.4473,1787057044.4516,0.03337,1.9341,-12.0000,23.6484,35.3407,-84.9670,1.2566,1.5461,-11.5617,19.8336,33.4522,-84.4129,0.7564,1.5461,-11.5617,19.8336,33.4522,-84.4129,0.7564,0,150,-200,-150,100,0,0
633,1787057044.4807,1787057044.4856,0.03343,1.8462,-11.9121,23.4725,34.9890,-85.0549,1.2566,1.7872,-11.5811,20.1609,33.9056,-84.6484,0.4892,1.7872,-11.5811,20.1609,33.9056,-84.6484,0.4892,-50,50,-50,-150,-50,0,0
634,1787057044.5141,1787057044.5184,0.03333,1.8462,-11.7363,23.3846,34.6374,-84.9670,1.2566,1.3554,-10.5607,19.5457,33.5359,-84.8460,0.5361,1.3554,-10.5607,19.5457,33.5359,-84.8460,0.5361,0,100,-50,-150,50,0,0
635,1787057044.5474,1787057044.5517,0.03337,1.8462,-11.5604,23.0330,34.5495,-84.8791,1.2566,1.6159,-11.1058,20.5506,33.4687,-84.3184,0.6258,1.6159,-11.1058,20.5506,33.4687,-84.3184,0.6258,0,50,-150,0,50,0,0
636,1787057044.5808,1787057044.5851,0.03341,1.8462,-11.0330,22.5934,34.4615,-84.8791,1.2566,1.4732,-11.0944,19.9243,33.6905,-84.7964,0.7539,1.4732,-11.0944,19.9243,33.6905,-84.7964,0.7539,0,150,-150,0,0,0,0
637,1787057044.6143,1787057044.6185,0.03342,1.8462,-10.7692,22.5934,34.2857,-84.7912,1.2566,1.3015,-10.5742,20.4648,33.4334,-85.4959,0.6454,1.3015,-10.5742,20.4648,33.4334,-85.4959,0.6454,0,100,0,-50,0,0,0
638,1787057044.6476,1787057044.6518,0.03332,1.8462,-10.7692,22.5934,34.1978,-84.8791,1.2566,1.5484,-10.1593,19.6488,33.0140,-84.7096,0.7612,1.5484,-10.1593,19.6488,33.0140,-84.7096,0.7612,0,0,0,0,0,0,0
639,1787057044.681,1787057044.6854,0.03342,1.8462,-10.5055,22.5934,34.1099,-85.1429,1.2566,1.6391,-9.8999,19.5608,33.4910,-85.1762,0.7097,1.6391,-9.8999,19.5608,33.4910,-85.1762,0.7097,0,50,0,-50,-100,0,0
640,1787057044.7144,1787057044.7187,0.0334,1.8462,-10.0659,22.2418,33.9341,-85.1429,1.2566,1.5124,-9.7416,19.4663,33.7659,-85.3074,0.6561,1.5124,-9.7416,19.4663,33.7659,-85.3074,0.6561,0,150,-150,-100,0,0,0
641,1787057044.7477,1787057044.752,0.03333,1.8462,-9.7143,22.0659,33.8462,-85.1429,1.2566,1.4048,-9.5237,19.5249,33.2313,-85.2332,0.6858,1.4048,-9.5237,19.5249,33.2313,-85.2332,0.6858,0,100,-50,-50,0,0,0
642,1787057044.7811,1787057044.7856,0.03341,1.8462,-9.5385,22.0659,33.9341,-85.1429,1.2566,1.5165,-8.9287,19.1002,33.2159,-85.7154,0.5851,1.5165,-8.9287,19.1002,33.2159,-85.7154,0.5851,0,50,0,0,0,0,0
643,1787057044.8145,1787057044.8191,0.03338,1.8462,-9.2747,21.9780,33.8462,-85.1429,1.2566,1.1956,-8.9539,19.0835,33.2726,-85.5765,0.7905,1.1956,-8.9539,19.0835,33.2726,-85.5765,0.7905,0,100,-50,-50,0,0,0
644,1787057044.8479,1787057044.8524,0.03337,1.8462,-8.8352,21.7143,33.8462,-85.2308,1.2566,1.5330,-9.3321,19.3593,33.2806,-85.5679,0.6543,1.5330,-9.3321,19.3593,33.2806,-85.5679,0.6543,0,150,-100,0,0,0,0
645,1787057044.8813,1787057044.8858,0.03342,1.8462,-8.6593,21.7143,33.7582,-85.3187,1.2566,1.3652,-9.1799,18.5356,33.9079,-86.3019,0.6916,1.3652,-9.1799,18.5356,33.9079,-86.3019,0.6916,0,50,0,0,0,0,0
646,1787057044.9147,1787057044.919,0.03337,1.7582,-8.6593,21.7143,33.7582,-85.3187,1.2566,1.3918,-8.2431,18.3200,34.4922,-86.5391,0.6938,1.3918,-8.2431,18.3200,34.4922,-86.5391,0.6938,0,0,0,0,0,0,0
647,1787057044.948,1787057044.953,0.03337,1.7582,-8.6593,21.5385,33.9341,-85.6703,1.2566,1.5274,-9.0230,18.3910,34.6311,-86.9652,0.7353,1.5274,-9.0230,18.3910,34.6311,-86.9652,0.7353,-50,0,0,50,-50,0,0
648,1787057044.9814,1787057044.9869,0.03337,1.6703,-8.3956,21.0989,34.1978,-85.9341,1.2566,1.5235,-8.7545,18.1834,35.7024,-87.0637,0.7454,1.5235,-8.7545,18.1834,35.7024,-87.0637,0.7454,-50,100,-200,100,-100,0,0
649,1787057045.0148,1787057045.0192,0.03338,1.6703,-8.2198,21.0110,34.3736,-86.2857,1.2566,1.4680,-8.3619,17.5770,36.4225,-87.6194,0.6680,1.4680,-8.3619,17.5770,36.4225,-87.6194,0.6680,0,50,-50,50,-150,0,0
650,1787057045.0482,1787057045.2701,0.03338,1.6703,-8.1319,20.9231,34.9011,-86.6374,1.2566,1.7612,-9.1454,21.7045,30.4862,-88.9218,1.4449,1.7612,-9.1454,21.7045,30.4862,-88.9218,1.4449,0,50,-50,200,-50,0,1
651,1787057045.2713,1787057045.2763,0.22312,1.6703,-8.0440,20.2198,36.2198,-87.4286,1.2566,1.8012,-9.0047,21.2455,31.0088,-88.1624,1.4752,1.8012,-9.0047,21.2455,31.0088,-88.1624,1.4752,0,0,0,0,0,0,1
652,1787057045.3046,1787057045.3092,0.0333,1.6703,-8.0440,20.2198,36.2198,-87.4286,1.2566,1.2786,-9.6094,21.1326,29.9658,-87.5697,1.1785,1.2786,-9.6094,21.1326,29.9658,-87.5697,1.1785,0,0,0,0,0,0,0
653,1787057045.3379,1787057045.3424,0.03335,1.6703,-8.0440,20.4835,35.5165,-87.6044,1.3228,1.3922,-8.9414,21.9401,29.8013,-88.1898,1.4070,1.3922,-8.9414,21.9401,29.8013,-88.1898,1.4070,0,0,50,-400,-100,50,0
654,1787057045.3713,1787057045.3755,0.03337,1.6703,-8.0440,21.3626,33.5824,-87.6923,1.3228,0.3894,-8.8651,22.0226,29.5710,-88.1797,1.4977,0.3894,-8.8651,22.0226,29.5710,-88.1797,1.4977,0,0,350,-600,-50,0,0
655,1787057045.4047,1787057045.4089,0.0334,1.6703,-8.0440,22.0659,32.0879,-87.7802,1.3228,0.2438,-9.9764,23.4684,29.8894,-87.9960,1.4054,0.2438,-9.9764,23.4684,29.8894,-87.9960,1.4054,0,0,300,-500,0,0,0
656,1787057045.4381,1787057045.4423,0.03342,1.3187,-8.0440,22.3297,31.4725,-87.9560,1.3228,0.2572,-11.1412,23.9877,30.3228,-88.4693,1.4720,0.2572,-11.1412,23.9877,30.3228,-88.4693,1.4720,-100,0,100,-150,-100,0,0
657,1787057045.4715,1787057045.4758,0.0334,1.1429,-8.0440,23.0330,31.2088,-88.0440,1.3228,-0.1208,-10.5229,24.1009,29.9300,-88.5847,1.3285,-0.1208,-10.5229,24.1009,29.9300,-88.5847,1.3285,-50,0,250,-100,0,0,0
658,1787057045.5049,1787057045.5091,0.03336,0.7912,-8.4835,23.9121,31.0330,-88.0440,1.3228,-0.4514,-12.2558,26.2111,30.4923,-88.7791,1.3359,-0.4514,-12.2558,26.2111,30.4923,-88.7791,1.3359,-150,-200,350,0,0,0,0
659,1787057045.5383,1787057045.5427,0.03337,0.6154,-8.4835,24.1758,30.8571,-88.2198,1.3228,-0.3195,-11.6811,25.6615,30.5322,-87.7964,1.4651,-0.3195,-11.6811,25.6615,30.5322,-87.7964,1.4651,-100,0,50,-50,-50,0,0
660,1787057045.5716,1787057045.5759,0.03337,0.4396,-8.7473,25.0549,30.9451,-88.4835,1.3228,-0.2443,-11.4301,27.2762,30.4715,-88.5982,1.5877,-0.2443,-11.4301,27.2762,30.4715,-88.5982,1.5877,-100,-150,350,0,-100,0,0
661,1787057045.605,1787057045.6095,0.03341,0.3516,-9.0989,26.0220,30.9451,-88.3956,1.3228,-0.2913,-12.5158,27.1543,30.2098,-88.5732,1.4786,-0.2913,-12.5158,27.1543,30.2098,-88.5732,1.4786,0,-150,400,0,-50,0,0
662,1787057045.6384,1787057045.6427,0.03334,0.2637,-9.0989,26.4615,30.8571,-88.3956,1.3889,-0.1595,-11.8423,27.6484,30.1505,-89.2230,1.3157,-0.1595,-11.8423,27.6484,30.1505,-89.2230,1.3157,-50,0,150,-50,50,50,0
663,1787057045.6718,1787057045.676,0.03341,0.2637,-9.5385,26.9890,30.7692,-88.5714,1.3889,0.1888,-12.4696,27.1841,30.4010,-88.6547,1.5492,0.1888,-12.4696,27.1841,30.4010,-88.6547,1.5492,0,-150,150,-50,0,0,0
664,1787057045.7052,1787057045.7094,0.03337,0.2637,-9.7143,27.3407,30.6813,-88.8352,1.3889,-0.3065,-12.8058,28.3719,30.0473,-89.0657,1.4871,-0.3065,-12.8058,28.3719,30.0473,-89.0657,1.4871,0,-100,50,0,-150,0,0
665,1787057045.7385,1787057045.7429,0.03338,0.2637,-9.8901,27.4286,30.6813,-88.8352,1.3889,-0.1811,-12.4616,28.3495,30.3155,-89.4586,1.3241,-0.1811,-12.4616,28.3495,30.3155,-89.4586,1.3241,0,-50,50,0,0,0,0
666,1787057045.7719,1787057045.7763,0.03338,0.1758,-10.0659,27.7802,30.6813,-88.8352,1.3889,0.2891,-13.1858,29.1567,29.6499,-89.1575,1.2119,0.2891,-13.1858,29.1567,29.6499,-89.1575,1.2119,-50,-50,150,0,0,0,0
667,1787057045.8053,1787057045.8099,0.03341,0.1758,-10.2418,28.2198,30.5934,-89.0110,1.3889,0.2271,-12.6748,28.0811,29.6986,-88.3009,1.2459,0.2271,-12.6748,28.0811,29.6986,-88.3009,1.2459,0,-50,200,-50,-50,0,0
668,1787057045.8387,1787057045.8431,0.03337,0.1758,-10.5934,28.6593,30.2418,-89.0110,1.3889,0.4885,-11.4991,27.9616,29.1070,-88.6721,1.3254,0.4885,-11.4991,27.9616,29.1070,-88.6721,1.3254,0,-150,100,-150,0,0,0
669,1787057045.8721,1787057045.8763,0.03337,0.1758,-10.6813,28.7473,30.1538,-88.9231,1.3889,0.6470,-13.2367,27.0125,29.7336,-89.1025,1.4929,0.6470,-13.2367,27.0125,29.7336,-89.1025,1.4929,0,0,50,0,50,0,0
670,1787057045.9054,1787057045.9097,0.03337,0.1758,-10.6813,28.7473,29.8022,-88.9231,1.3889,-0.1763,-11.8303,26.1410,29.5770,-89.4074,1.2626,-0.1763,-11.8303,26.1410,29.5770,-89.4074,1.2626,0,0,0,-100,0,0,0
671,1787057045.9388,1787057045.9433,0.03338,0.1758,-10.6813,28.6593,29.8901,-88.9231,1.3889,0.3053,-13.0067,26.4555,29.2122,-87.6209,1.4231,0.3053,-13.0067,26.4555,29.2122,-87.6209,1.4231,0,0,0,50,0,0,0
672,1787057045.9723,1787057045.977,0.03347,0.1758,-10.8571,28.3956,29.8901,-88.9231,1.3889,-0.3525,-11.3775,25.4783,29.1165,-87.7976,1.0551,-0.3525,-11.3775,25.4783,29.1165,-87.7976,1.0551,0,-50,-100,0,0,0,0
673,1787057046.0056,1787057046.0103,0.03331,0.1758,-10.8571,28.3956,29.8901,-88.6593,1.3889,0.0196,-11.6846,23.6065,28.3756,-87.1191,1.4517,0.0196,-11.6846,23.6065,28.3756,-87.1191,1.4517,0,0,0,0,-50,0,0
674,1787057046.039,1787057046.0436,0.03337,0.0879,-10.7692,28.1319,29.8901,-88.3077,1.3889,0.2556,-13.4551,22.6507,27.8175,-86.3689,1.4622,0.2556,-13.4551,22.6507,27.8175,-86.3689,1.4622,-50,0,-50,0,200,0,0
675,1787057046.0724,1787057046.077,0.03342,0.0879,-10.5055,27.3407,29.5385,-88.0440,1.4550,-0.1643,-13.6303,21.9676,27.6656,-85.0383,1.3033,-0.1643,-13.6303,21.9676,27.6656,-85.0383,1.3033,0,100,-250,-150,100,50,0
676,1787057046.1058,1787057046.1104,0.03338,0.0879,-10.5055,26.4615,29.0110,-87.3407,1.4550,-1.0881,-14.7045,21.1962,28.5507,-84.8740,1.3557,-1.0881,-14.7045,21.1962,28.5507,-84.8740,1.3557,0,0,-300,-200,250,0,0
677,1787057046.1391,1787057046.1439,0.03338,0.1758,-10.6813,25.5824,28.7473,-86.5495,1.4550,-1.4035,-15.1666,19.9105,30.0276,-84.0775,1.1997,-1.4035,-15.1666,19.9105,30.0276,-84.0775,1.1997,0,-50,-300,-50,250,0,0
678,1787057046.1725,1787057046.1775,0.0334,-0.0879,-11.2967,24.7033,28.9231,-85.8462,1.4550,-2.2936,-17.0514,19.7323,32.8982,-83.0668,0.9912,-2.2936,-17.0514,19.7323,32.8982,-83.0668,0.9912,-50,-200,-300,100,250,0,0
679,1787057046.2059,1787057046.2107,0.03338,-0.5275,-11.7363,23.9121,29.4505,-85.3187,1.4550,-2.5660,-19.9339,17.2676,36.9411,-82.5807,0.8750,-2.5660,-19.9339,17.2676,36.9411,-82.5807,0.8750,-150,-100,-300,150,250,0,0
680,1787057046.2393,1787057046.2441,0.03336,-1.0549,-12.6154,23.1209,30.7692,-84.4396,1.4550,-3.1154,-21.0415,16.7797,41.1598,-82.5976,0.8805,-3.1154,-21.0415,16.7797,40.9451,-82.5976,0.8805,-200,-200,-300,400,250,0,0
681,1787057046.2727,1787057046.2771,0.03338,-1.5824,-14.1099,22.3297,32.9670,-83.7363,1.4550,-4.4915,-23.9229,14.3494,46.3359,-83.6436,1.1884,-4.4915,-23.9229,14.3494,43.3187,-83.6436,1.1884,-200,-500,-250,800,250,0,0
682,1787057046.3061,1787057046.3105,0.0334,-2.0220,-15.6923,21.0989,35.6923,-83.5604,1.4550,-4.3522,-25.4993,14.6025,51.6346,-83.6626,0.7395,-4.3522,-25.4993,14.6025,46.0440,-83.6626,0.7395,-150,-550,-450,900,50,0,0
683,1787057046.3394,1787057046.3438,0.03335,-2.8132,-17.7143,19.7802,38.6813,-83.6484,1.4550,-6.3802,-28.2932,14.0102,55.2149,-83.1853,1.0564,-6.3802,-27.9780,14.0102,49.0330,-83.1853,1.0564,-250,-600,-400,1050,-50,0,0
684,1787057046.3728,1787057046.3776,0.03341,-3.4286,-19.8242,18.4615,41.4066,-83.7363,1.4550,-6.7461,-31.2459,14.8956,59.6522,-82.1426,1.0101,-6.7461,-30.0879,14.8956,51.7582,-82.1426,1.0101,-250,-750,-500,950,0,0,0
685,1787057046.4062,1787057046.4111,0.03342,-4.2198,-22.0220,17.6703,44.1319,-83.6484,1.4550,-7.6855,-36.1025,13.9519,63.5503,-82.8998,0.9809,-7.6855,-32.3736,13.9519,54.5714,-82.8998,0.9809,-200,-700,-250,950,50,0,0
686,1787057046.4397,1787057046.4444,0.03342,-5.1868,-24.4835,17.4945,47.1209,-83.1209,1.4550,-8.6031,-38.9765,16.4828,66.5386,-83.3426,1.0217,-8.6031,-34.7473,16.4828,57.4725,-83.3426,1.0217,-300,-800,-100,1000,200,0,0
687,1787057046.473,1787057046.4781,0.03334,-6.1538,-26.6813,17.1429,49.8462,-83.0330,1.4550,-8.3534,-42.3601,19.9348,69.4162,-81.6078,1.2735,-8.3534,-37.0330,19.9348,60.2857,-81.6078,1.2735,-350,-800,-150,950,50,0,0
688,1787057046.5064,1787057046.5112,0.03339,-7.1209,-28.8791,17.0549,52.7473,-83.2088,1.4550,-8.4279,-48.4549,22.7152,70.0840,-81.8712,1.1475,-8.4279,-39.2308,22.7152,63.1868,-81.8712,1.1475,-350,-750,0,950,-50,0,0
689,1787057046.5398,1787057046.5448,0.03342,-7.8242,-31.4286,17.9341,55.4725,-82.9451,1.4550,-8.2039,-52.8188,28.1600,70.6442,-81.1051,1.2706,-8.2039,-41.7802,28.1600,65.8242,-81.1051,1.2706,-200,-900,150,950,-50,0,0
690,1787057046.5732,1787057046.5784,0.03343,-8.0000,-34.0659,20.0440,58.2857,-82.2418,1.4550,-8.0869,-56.6535,32.3600,71.6169,-80.0924,1.1526,-8.0869,-44.5055,30.3956,68.7253,-80.0924,1.1526,-50,-900,700,950,300,0,0
691,1787057046.6066,1787057046.6115,0.03333,-8.0000,-36.5275,22.6813,61.0989,-82.1538,1.4550,-7.3523,-61.6047,37.5964,71.7869,-78.5962,0.9041,-7.3523,-46.8791,33.2088,71.5385,-78.5962,0.9041,0,-800,950,950,50,0,0
692,1787057046.64,1787057046.6448,0.03341,-7.6484,-38.9890,26.1099,64.0879,-81.2747,1.4550,-6.5685,-66.8235,43.0728,70.2440,-79.7684,0.9562,-6.5685,-49.2527,36.4615,70.2440,-79.7684,0.9562,150,-750,1100,1000,250,0,0
693,1787057046.6734,1787057046.6785,0.03343,-7.4725,-41.2747,29.1868,66.8132,-80.3956,1.4550,-5.7782,-72.3952,48.0988,68.2395,-77.9633,0.9063,-5.7782,-51.6264,39.6264,68.2395,-77.9633,0.9063,50,-800,1100,900,300,0,0
694,1787057046.7067,1787057046.7116,0.03333,-7.3846,-43.7363,32.3516,68.6593,-79.8681,1.4550,-5.7102,-76.3507,53.3928,65.5998,-76.6721,1.0574,-5.7102,-54.0879,42.7912,65.5998,-76.6721,1.0574,50,-800,1050,500,150,0,0
695,1787057046.7401,1787057046.745,0.0334,-7.0330,-46.2857,35.3407,68.5714,-79.6923,1.4550,-4.9286,-80.0148,59.1588,63.3658,-76.3985,0.8240,-4.9286,-56.6374,45.8681,63.3658,-76.3985,0.8240,100,-800,1050,100,-50,0,0
696,1787057046.7735,1787057046.7786,0.0334,-6.5055,-48.8352,38.5934,67.5165,-78.7253,1.4550,-4.7951,-85.1847,63.4146,59.5187,-74.6232,0.7893,-4.7951,-59.1868,49.0330,59.5187,-74.6232,0.7893,200,-850,1100,-400,350,0,0
697,1787057046.8069,1787057046.8117,0.03337,-5.6264,-51.2967,41.6703,65.8462,-77.7582,1.4550,-4.7574,-90.2969,66.5347,56.8675,-73.9359,0.9527,-4.7574,-61.6484,52.1099,56.8675,-73.9359,0.9527,300,-800,1100,-600,300,0,0
698,1787057046.8403,1787057046.8449,0.03342,-5.3626,-53.7582,44.8352,63.8242,-76.7912,1.4550,-4.8459,-94.0079,71.3315,53.0957,-72.7917,0.7959,-4.8459,-64.0220,55.3626,53.5604,-72.7917,0.7959,50,-850,1050,-650,250,0,0
699,1787057046.8737,1787057046.8785,0.03336,-5.3626,-56.3077,48.0000,61.2747,-75.5604,1.4550,-4.3812,-96.7445,74.2911,50.5513,-72.9081,0.7606,-4.3812,-66.6593,58.3516,50.9231,-72.9081,0.7606,0,-850,1050,-900,450,0,0
700,1787057046.9071,1787057047.1291,0.03339,-5.5385,-58.8571,51.0769,58.6374,-74.6813,1.4550,-4.8541,-59.2627,53.4171,48.6572,-74.8430,0.7672,-4.8541,-59.2627,53.4171,48.6572,-74.8430,0.7672,-100,-900,1100,-900,300,0,1
701,1787057047.1302,1787057047.1355,0.22315,-4.7473,-65.3626,58.3736,51.9560,-73.2747,1.4550,-4.9271,-57.5575,51.4386,48.0101,-75.8181,1.0658,-4.9271,-57.5575,51.4386,48.0101,-75.8181,1.0658,50,-100,100,-100,0,0,1
702,1787057047.1636,1787057047.1684,0.03335,-4.4835,-65.4505,58.3736,51.8681,-73.3626,1.4550,-4.1046,-53.5722,47.7793,48.4853,-76.5689,0.8849,-4.1046,-55.4505,48.3736,48.4853,-76.5689,0.8849,100,-50,0,-50,-50,0,0
703,1787057047.197,1787057047.2021,0.03341,-4.5714,-65.0110,58.2857,50.9011,-73.8901,1.4550,-3.8390,-50.4730,45.6867,48.7775,-76.5201,0.7352,-3.8390,-54.8352,48.1099,48.7775,-76.5201,0.7352,0,100,0,-300,-100,0,0
704,1787057047.2304,1787057047.2351,0.03337,-4.7473,-62.9011,56.5275,49.8462,-75.0330,1.4550,-3.5896,-45.9060,40.9302,50.3138,-76.5675,0.8817,-3.5896,-52.5495,46.0879,50.3138,-76.5675,0.8817,-50,850,-550,-400,-350,0,0
705,1787057047.2638,1787057047.2682,0.03341,-4.4835,-60.0000,53.9780,49.7582,-75.5604,1.4550,-3.1453,-42.1448,36.1130,51.5363,-76.8361,1.0250,-3.1453,-49.6484,43.7143,51.5363,-76.8361,1.0250,50,950,-850,0,-150,0,0
706,1787057047.2972,1787057047.3019,0.03348,-4.0440,-57.0989,51.7802,50.1099,-75.9121,1.4550,-2.9531,-37.6819,31.2205,53.1392,-76.0895,1.0779,-2.9531,-46.6593,41.4286,53.1392,-76.0895,1.0779,200,1000,-750,50,-100,0,0
707,1787057047.3306,1787057047.3354,0.0333,-3.5165,-54.2857,49.6703,50.9011,-76.2637,1.4550,-2.0312,-32.8022,26.6928,53.9645,-75.7919,0.9484,-2.0312,-43.8462,39.3187,53.9645,-75.7919,0.9484,100,900,-750,300,-200,0,0
708,1787057047.364,1787057047.3687,0.03346,-3.3407,-51.3846,47.3846,51.8681,-76.2637,1.4550,-2.2711,-29.4301,24.7413,55.0569,-75.5276,1.3329,-2.2711,-41.1209,37.1209,55.0569,-75.5276,1.3329,50,950,-750,350,0,0,0
709,1787057047.3974,1787057047.4021,0.03339,-3.2527,-48.4835,45.1868,52.8352,-76.1758,1.4550,-1.6139,-26.2527,22.6742,54.4831,-74.2888,1.2704,-1.6139,-38.2198,34.8352,54.4831,-74.2888,1.2704,50,1000,-750,350,0,0,0
710,1787057047.4308,1787057047.4355,0.03336,-2.9890,-45.6703,42.9011,53.6264,-75.7363,1.4550,-1.3413,-23.1708,20.7629,54.8495,-74.5583,1.1417,-1.3413,-35.2308,32.6374,54.8495,-74.5583,1.1417,100,950,-800,250,150,0,0
711,1787057047.4642,1787057047.4695,0.03345,-2.5495,-42.7692,40.7912,53.8901,-75.3846,1.4550,-1.0266,-21.2938,18.3737,54.3011,-73.6254,1.1655,-1.0266,-32.3297,30.4396,54.3011,-73.6254,1.1655,150,1000,-750,50,150,0,0
712,1787057047.4976,1787057047.5022,0.03335,-1.7582,-39.8681,38.5055,53.9780,-75.1209,1.4550,-0.7749,-18.7069,17.9003,53.2229,-73.9353,1.3023,-0.7749,-29.5165,28.1538,53.2229,-73.9353,1.3023,300,1000,-750,0,150,0,0
713,1787057047.531,1787057047.5354,0.03341,-1.4945,-36.9670,36.3077,53.9780,-74.6813,1.4550,-1.1024,-17.9881,17.2390,52.7366,-73.1933,1.1320,-1.1024,-26.5275,25.9560,52.7366,-73.1933,1.1320,100,1000,-750,0,200,0,0
714,1787057047.5644,1787057047.5688,0.03339,-1.3187,-33.9780,34.0220,53.8901,-74.4176,1.4550,-0.7692,-16.1383,17.0800,51.7847,-73.4513,1.1620,-0.7692,-23.6264,23.7582,51.7847,-73.4513,1.1620,100,1000,-800,-50,100,0,0
715,1787057047.5978,1787057047.6023,0.03342,-1.3187,-30.9890,31.7363,53.4505,-74.0659,1.4550,-0.5798,-15.7523,16.8172,49.9356,-73.9520,1.0553,-0.5798,-20.6374,21.4725,49.9356,-73.9520,1.0553,0,1000,-750,-100,100,0,0
716,1787057047.6312,1787057047.6359,0.03344,-1.3187,-28.0000,29.5385,52.9231,-74.0659,1.4550,-0.1119,-16.2747,18.1384,47.6925,-73.5055,1.0905,-0.1119,-17.6484,19.1868,47.6925,-73.5055,1.0905,0,1000,-750,-200,0,0,0
717,1787057047.6645,1787057047.6689,0.03329,-1.1429,-25.0110,27.2527,51.9560,-74.0659,1.4550,-0.7428,-15.3745,18.1948,46.9549,-73.9011,1.0175,-0.7428,-15.3745,18.1948,46.9549,-73.9011,1.0175,100,1000,-750,-400,0,0,0
718,1787057047.6979,1787057047.7023,0.0334,-0.7912,-21.8462,25.0549,50.3736,-73.8901,1.4550,-0.6153,-15.3438,19.4354,46.0632,-74.3342,1.1351,-0.6153,-15.3438,19.4354,46.0632,-74.3342,1.1351,100,1050,-800,-450,50,0,0
719,1787057047.7314,1787057047.7357,0.03345,-0.6154,-18.9451,23.1209,49.0549,-73.8901,1.4550,0.1056,-15.9266,19.0628,46.1829,-74.0717,0.9175,0.1056,-15.9266,19.0628,46.1829,-74.0717,0.9175,50,1000,-750,-500,0,0,0
720,1787057047.7647,1787057047.7689,0.03332,-0.5275,-17.2747,22.6813,48.0879,-73.9780,1.4550,0.1986,-15.0733,18.6277,43.5317,-74.7615,1.2038,0.1986,-15.0733,18.6277,43.5317,-74.7615,1.2038,50,500,-150,-350,-50,0,0
721,1787057047.7981,1787057047.8026,0.03342,-0.5275,-16.5714,22.5934,47.5604,-74.0659,1.4550,-0.1734,-15.2859,18.7225,44.5642,-75.2090,0.9646,-0.1734,-15.2859,18.7225,44.5642,-75.2090,0.9646,0,250,-50,-150,0,0,0
722,1787057047.8315,1787057047.8359,0.03338,-0.5275,-15.6923,22.0659,46.5934,-74.2418,1.4550,0.9734,-15.6265,18.9186,42.7164,-74.7423,0.8570,0.9734,-15.6265,18.9186,42.7164,-74.7423,0.8570,0,350,-150,-250,0,0,0
723,1787057047.8649,1787057047.8691,0.03341,-0.2637,-15.5165,21.7143,45.3626,-74.7692,1.4550,0.8494,-15.9710,19.2706,42.5584,-75.7527,1.1761,0.8494,-15.9710,19.2706,42.5584,-75.7527,1.1761,100,50,-150,-400,-150,0,0
724,1787057047.8983,1787057047.9025,0.03337,0.1758,-15.5165,21.7143,44.5714,-74.5934,1.4550,0.6803,-15.6981,19.8303,41.8988,-75.5383,1.0790,0.6803,-15.6981,19.8303,41.8988,-75.5383,1.0790,150,0,0,-250,0,0,0
725,1787057047.9316,1787057047.936,0.03338,0.4396,-15.5165,21.7143,43.9560,-75.1209,1.4550,1.1456,-15.8779,20.6551,41.8813,-75.2639,1.0320,1.1456,-15.8779,20.6551,41.8813,-75.2639,1.0320,100,0,0,-200,-150,0,0
726,1787057047.965,1787057047.9694,0.0334,0.5275,-15.4286,21.7143,43.3407,-75.2088,1.4550,1.5271,-15.3542,19.8008,40.6949,-75.8826,0.9628,1.5271,-15.3542,19.8008,40.6949,-75.8826,0.9628,50,0,0,-200,0,0,0
727,1787057047.9985,1787057048.0032,0.03343,0.4396,-15.4286,21.7143,42.9890,-75.2088,1.4550,1.9792,-14.5382,19.3679,40.2357,-76.0878,0.9867,1.9792,-14.5382,19.3679,40.2357,-76.0878,0.9867,0,0,0,-100,50,0,0
728,1787057048.0318,1787057048.0367,0.03339,0.6154,-15.2527,21.7143,42.1978,-75.3846,1.4550,1.8671,-14.6836,19.7703,40.3970,-75.8903,1.0363,1.8671,-14.6836,19.7703,40.3970,-75.8903,1.0363,50,0,0,-200,-50,0,0
729,1787057048.0652,1787057048.07,0.03337,1.1429,-14.8132,21.7143,41.5824,-75.6484,1.4550,1.9802,-14.9974,19.7077,40.4468,-75.8063,1.2453,1.9802,-14.9974,19.7077,40.4468,-75.8063,1.2453,200,150,0,-250,-100,0,0
730,1787057048.0986,1787057048.1033,0.03343,1.6703,-14.5495,21.7143,41.4066,-75.7363,1.4550,2.5527,-14.5529,19.6402,40.3339,-75.1837,1.2511,2.5527,-14.5529,19.6402,40.3339,-75.1837,1.2511,200,100,0,-50,-50,0,0
731,1787057048.132,1787057048.1366,0.03336,1.7582,-14.4615,21.7143,41.4066,-75.7363,1.4550,2.5699,-14.2225,18.3122,39.8779,-75.5418,1.4285,2.5699,-14.2225,18.3122,39.8779,-75.5418,1.4285,50,50,0,0,0,0,0
732,1787057048.1654,1787057048.1701,0.03343,1.8462,-14.3736,21.7143,41.2308,-75.7363,1.4550,2.6837,-14.0031,18.8844,40.0004,-76.0100,1.9947,2.6837,-14.0031,18.8844,40.0004,-76.0100,1.9947,50,0,0,-100,0,0,0
733,1787057048.1988,1787057048.2032,0.0334,1.7582,-14.1099,21.2747,40.8791,-75.7363,1.4550,2.6957,-13.8404,17.9852,39.5396,-75.7172,2.6383,2.6957,-13.8404,17.9852,39.5396,-75.7172,2.6383,-50,100,-150,-100,0,0,0
734,1787057048.2323,1787057048.2366,0.03343,2.0220,-13.7582,21.0110,40.7033,-75.7363,1.5873,2.7390,-14.4358,17.8619,39.1286,-74.6742,3.7338,2.7390,-14.4358,17.8619,39.1286,-74.6742,3.7338,50,150,-200,-100,0,50,0
735,1787057048.2656,1787057048.2698,0.03333,2.4615,-13.5824,21.0110,40.4396,-75.7363,2.0503,2.9731,-13.6091,18.2316,38.4427,-75.2092,4.9096,2.9731,-13.6091,18.2316,38.4427,-75.2092,4.9096,150,100,0,-100,0,200,0
736,1787057048.299,1787057048.3031,0.03343,2.6374,-13.5824,20.9231,40.0879,-75.5604,2.6455,2.9636,-13.8560,18.5615,39.0570,-75.7792,6.2836,2.9636,-13.8560,18.5615,39.0570,-75.7792,6.2836,50,0,0,-150,100,200,0
737,1787057048.3324,1787057048.3367,0.03338,2.6374,-13.4945,20.8352,39.6484,-75.4725,3.4392,3.0004,-14.0123,18.7942,39.1048,-75.5694,8.2889,3.0004,-14.0123,18.7942,39.1048,-75.5694,8.2889,0,50,0,-100,50,350,0
738,1787057048.3658,1787057048.3699,0.03337,2.3736,-13.4066,20.7473,39.6484,-75.4725,4.6296,2.7739,-13.5632,19.6279,38.9072,-75.6822,9.7393,2.7739,-13.5632,19.6279,38.9072,-75.6822,9.7393,-100,50,-50,0,0,550,0
739,1787057048.3992,1787057048.4033,0.03345,2.3736,-13.3187,20.7473,39.6484,-75.4725,6.0185,3.1837,-13.8483,19.5682,38.6138,-75.4207,11.2406,3.1837,-13.8483,19.5682,38.6138,-75.4207,11.2406,0,50,0,0,0,550,0
740,1787057048.4326,1787057048.4368,0.0334,2.8132,-13.1429,20.8352,39.4725,-75.4725,7.4735,2.7420,-13.4602,19.7071,38.1339,-75.5292,12.5164,2.7420,-13.4602,19.7071,38.1339,-75.5292,12.5164,100,50,50,-50,0,700,0
741,1787057048.466,1787057048.4708,0.03338,2.9011,-13.1429,20.8352,39.4725,-75.5604,8.9286,2.5838,-13.7345,20.7128,37.7350,-75.3088,13.0599,2.5838,-13.7345,20.7128,37.7350,-75.3088,13.0599,50,0,0,0,0,650,0
742,1787057048.4994,1787057048.5037,0.0334,2.9011,-13.1429,20.8352,39.0330,-75.5604,10.3175,2.6005,-13.9059,21.1150,38.3527,-75.7613,13.2480,2.6005,-13.9059,21.1150,38.3527,-75.7613,13.2480,0,0,0,-150,0,650,0
743,1787057048.5328,1787057048.5371,0.0334,2.6374,-13.1429,21.0110,38.7692,-75.5604,11.3095,2.2741,-14.3803,21.4267,37.6644,-75.3756,13.3247,2.2741,-14.3803,21.4267,37.6644,-75.3756,13.3247,-100,0,100,-100,0,500,0
744,1787057048.5662,1787057048.5705,0.03342,2.4615,-13.1429,21.5385,38.6813,-75.5604,11.9709,2.0522,-14.0682,22.1875,37.3813,-75.3933,13.2750,2.0522,-14.0682,22.1875,37.3813,-75.3933,13.2750,-100,0,200,-50,0,300,0
745,1787057048.5997,1787057048.6039,0.03342,2.4615,-13.0549,21.8022,38.5055,-75.5604,12.3677,2.1141,-14.1769,23.4636,37.6155,-75.3423,12.8814,2.1141,-14.1769,23.4636,37.6155,-75.3423,12.8814,0,0,100,-50,0,150,0
746,1787057048.633,1787057048.6378,0.03337,2.7253,-13.0549,22.3297,38.2418,-75.5604,12.5661,1.6807,-14.8916,23.5089,37.3880,-75.5805,12.9147,1.6807,-14.8916,23.5089,37.3880,-75.5805,12.9147,50,0,200,-50,0,100,0
747,1787057048.6664,1787057048.6711,0.03337,2.8132,-13.1429,23.1209,38.1538,-75.5604,12.5661,1.1983,-15.2222,23.8171,36.9304,-75.6380,12.6201,1.1983,-15.2222,23.8171,36.9304,-75.6380,12.6201,50,0,250,-50,0,0,0
748,1787057048.6998,1787057048.7044,0.03336,2.7253,-13.1429,23.6484,38.1538,-75.5604,12.6323,1.3866,-15.7232,23.9039,36.9193,-76.0272,12.1869,1.3866,-15.7232,23.9039,36.9193,-76.0272,12.1869,-50,0,200,0,0,50,0
749,1787057048.7332,1787057048.738,0.03347,2.2857,-13.1429,23.9121,37.9780,-75.5604,12.6984,0.7955,-16.1223,24.5750,37.3970,-76.1973,11.7900,0.7955,-16.1223,24.5750,37.3970,-76.1973,11.7900,-150,0,50,-100,0,50,0
750,1787057048.7665,1787057048.9951,0.03331,2.0220,-13.1429,24.0879,37.8022,-75.5604,12.4339,0.6725,-17.1750,21.1769,37.6846,-75.9603,12.0531,0.6725,-17.1750,21.1769,37.6846,-75.9603,12.0531,-50,0,100,-50,0,-150,1
751,1787057048.9963,1787057049.0013,0.22973,1.4066,-13.4945,24.7033,37.8022,-75.9121,11.9709,0.0811,-19.1291,20.2538,39.5064,-76.1807,11.9859,0.0811,-19.1291,20.2538,39.5064,-76.1807,11.9859,0,0,0,0,0,-50,1
752,1787057049.0296,1787057049.0341,0.0333,1.4066,-13.4945,24.7033,37.8022,-75.9121,11.9709,-0.7604,-19.1985,19.7605,40.9172,-77.0443,11.9486,-0.7604,-19.1985,19.7605,40.9172,-77.0443,11.9486,0,0,0,0,0,0,0
753,1787057049.063,1787057049.0673,0.03344,1.1429,-14.1099,24.5275,38.4176,-76.0000,12.0370,-1.2783,-19.9793,18.7141,41.6746,-76.4220,12.1640,-1.2783,-19.9793,18.7141,41.6746,-76.4220,12.1640,-100,-250,0,100,0,50,0
754,1787057049.0964,1787057049.1008,0.03335,0.6154,-14.9011,23.5604,39.6484,-76.3516,12.0370,-1.3618,-20.2090,17.9673,42.2212,-77.1612,12.1421,-1.3618,-20.2090,17.9673,42.2212,-77.1612,12.1421,-150,-250,-300,450,-150,0,0
755,1787057049.1298,1787057049.1341,0.03341,-0.0879,-15.7802,22.5055,40.5275,-76.2637,12.0370,-2.1972,-20.4142,17.9461,43.2289,-76.9314,11.9132,-2.1972,-20.4142,17.9461,43.2289,-76.9314,11.9132,-200,-300,-350,250,0,0,0
756,1787057049.1632,1787057049.168,0.03345,-0.7033,-16.6593,21.5385,41.1429,-76.4396,12.0370,-2.1907,-20.5650,18.1862,44.4498,-77.5398,12.0908,-2.1907,-20.5650,18.1862,44.4498,-77.5398,12.0908,-250,-250,-350,250,-50,0,0
757,1787057049.1965,1787057049.2012,0.03332,-1.0549,-17.2747,21.0110,42.0220,-76.6154,12.0370,-2.8875,-21.4426,17.4159,46.2217,-77.6733,12.1127,-2.8875,-21.4426,17.4159,46.2217,-77.6733,12.1127,-150,-200,-200,300,-50,0,0
758,1787057049.23,1787057049.2343,0.03343,-1.4066,-17.7143,20.8352,42.9890,-76.9670,12.0370,-3.0160,-22.7781,18.3086,47.5402,-78.7722,12.5714,-3.0160,-22.7781,18.3086,47.5402,-78.7722,12.5714,-100,-150,-50,400,-100,0,0
759,1787057049.2634,1787057049.268,0.03339,-1.8462,-18.1538,20.5714,44.3956,-77.4066,12.0370,-3.7068,-23.4804,16.2504,49.5085,-79.6345,12.6464,-3.7068,-23.4804,16.2504,49.5085,-79.6345,12.6464,-150,-100,-100,400,-200,0,0
760,1787057049.2967,1787057049.301,0.03336,-2.1978,-18.9451,20.4835,45.8022,-77.8462,12.1032,-4.2376,-24.9127,15.8701,52.9616,-80.5246,12.5711,-4.2376,-24.9127,15.8701,52.9616,-80.5246,12.5711,-150,-250,-50,450,-150,50,0
761,1787057049.3301,1787057049.3344,0.03342,-2.7253,-19.7363,20.1319,47.2088,-78.8132,12.3016,-4.9322,-24.8229,15.2870,53.9255,-82.2363,12.3345,-4.9322,-24.8229,15.2870,53.9255,-82.2363,12.3345,-200,-300,-200,550,-300,100,0
762,1787057049.3635,1787057049.3677,0.03337,-3.2527,-20.6154,19.1648,49.2308,-79.4286,12.3016,-5.2193,-25.5635,15.4062,56.2588,-83.1208,11.3381,-5.2193,-25.5635,15.4062,56.2588,-83.1208,11.3381,-200,-300,-350,600,-250,0,0
763,1787057049.3969,1787057049.4011,0.03341,-3.8681,-21.4945,18.5495,51.3407,-80.3956,12.3016,-5.0198,-25.3181,15.8372,56.3408,-83.4717,9.3277,-5.0198,-25.3181,15.8372,56.3408,-83.4717,9.3277,-200,-300,-200,750,-350,0,0
764,1787057049.4304,1787057049.4345,0.03346,-4.3956,-22.2857,18.1099,53.0110,-81.6264,12.0370,-5.0772,-24.6837,14.2494,57.0465,-83.9663,7.1347,-5.0772,-24.6837,14.2494,57.0465,-83.9663,7.1347,-200,-300,-150,600,-450,0,0
765,1787057049.4637,1787057049.4679,0.03335,-4.7473,-22.6374,18.1099,54.4176,-82.2418,10.9788,-4.9931,-24.4876,14.8199,55.3628,-83.4226,3.2032,-4.9931,-24.4876,14.8199,55.3628,-83.4226,3.2032,-150,-100,0,550,-250,-450,0
766,1787057049.4972,1787057049.5031,0.03346,-4.8352,-22.6374,17.6703,55.2967,-82.7692,9.5238,-5.2494,-24.6632,14.4133,54.4927,-83.3676,1.6646,-5.2494,-24.6632,14.4133,54.4927,-83.3676,1.6646,-50,0,-150,350,-150,-700,0
767,1787057049.5305,1787057049.536,0.03336,-4.5714,-22.5495,17.4066,55.2967,-82.8571,7.4074,-5.3018,-24.2646,14.1543,54.0977,-84.0768,1.5961,-5.3018,-24.2646,14.1543,54.0977,-84.0768,1.5961,100,50,-50,-50,-50,-800,0
768,1787057049.5638,1787057049.5684,0.03332,-4.4835,-22.5495,17.3187,54.8571,-83.0330,5.2249,-5.6147,-24.7149,12.6538,55.0007,-83.9568,1.9988,-5.6147,-24.7149,12.6538,55.0007,-83.9568,1.9988,100,0,0,-100,-50,-1050,0
769,1787057049.5972,1787057049.6015,0.03337,-4.4835,-22.5495,16.9670,54.7692,-83.3846,3.8360,-5.8641,-24.6646,13.4498,54.2539,-84.7089,2.3850,-5.8641,-24.6646,13.4498,54.2539,-84.7089,2.3850,0,0,-150,-50,-150,-550,0
770,1787057049.6307,1787057049.6349,0.03345,-4.9231,-22.5495,16.3516,54.8571,-83.4725,3.3730,-5.6413,-24.7262,12.8496,55.1337,-84.6526,2.6205,-5.6413,-24.7262,12.8496,55.1337,-84.6526,2.6205,-100,0,-200,50,-50,-250,0
771,1787057049.664,1787057049.6683,0.03334,-5.0989,-22.5495,15.8242,54.8571,-83.9121,3.1746,-5.6284,-25.0252,13.9422,55.0996,-84.1006,2.8512,-5.6284,-25.0252,13.9422,55.0996,-84.1006,2.8512,-100,0,-250,0,-200,-100,0
772,1787057049.6974,1787057049.7016,0.03341,-5.2747,-22.6374,15.6484,54.9451,-84.1758,3.1746,-5.2769,-24.3424,14.6008,53.9993,-84.2073,2.7832,-5.2769,-24.3424,14.6008,53.9993,-84.2073,2.7832,0,-50,-50,0,-100,0,0
773,1787057049.7309,1787057049.7353,0.03345,-5.2747,-22.7253,15.6484,54.9451,-84.0879,3.1085,-6.2852,-24.4091,15.1832,54.5568,-84.4864,2.8532,-6.2852,-24.4091,15.1832,54.5568,-84.4864,2.8532,0,-50,0,0,0,0,0
774,1787057049.7642,1787057049.7685,0.03337,-5.2747,-22.7253,15.7363,54.8571,-84.1758,3.0423,-5.3597,-24.3894,15.5198,53.2488,-84.5491,2.5947,-5.3597,-24.3894,15.5198,53.2488,-84.5491,2.5947,0,0,50,0,0,-50,0
775,1787057049.7976,1787057049.8023,0.03342,-5.3626,-22.7253,15.7363,54.8571,-84.2637,3.0423,-5.1415,-23.7523,15.9215,52.0389,-83.9883,2.5732,-5.1415,-23.7523,15.9215,52.0389,-83.9883,2.5732,0,0,0,-50,0,0,0
776,1787057049.831,1787057049.8355,0.03338,-5.5385,-22.7253,15.8242,54.4176,-84.2637,2.8439,-5.4064,-23.3079,17.3506,51.4307,-84.8712,2.4650,-5.4064,-23.3079,17.3506,51.4307,-84.8712,2.4650,0,0,50,-100,0,-50,0
777,1787057049.8644,1787057049.8688,0.03338,-5.6264,-22.7253,16.2637,53.4505,-84.0879,2.7778,-4.4546,-23.6093,19.0568,50.7116,-84.0928,2.3782,-4.4546,-23.6093,19.0568,50.7116,-84.0928,2.3782,-50,0,100,-300,50,-50,0
778,1787057049.8978,1787057049.9021,0.0334,-5.6264,-22.7253,16.9670,52.8352,-84.3516,2.7778,-4.3495,-23.2290,20.3308,48.8588,-83.7165,1.9953,-4.3495,-23.2290,20.3308,48.8588,-83.7165,1.9953,0,0,200,-250,-100,0,0
779,1787057049.9312,1787057049.9356,0.03343,-5.1868,-22.7253,18.3736,52.1319,-84.4396,2.7116,-3.9264,-23.1597,22.1469,46.2339,-84.4274,2.0178,-3.9264,-23.1597,22.1469,46.2339,-84.4274,2.0178,150,0,500,-250,0,0,0
780,1787057049.9646,1787057049.9689,0.03339,-4.7473,-22.7253,19.7802,51.0769,-84.2637,2.4471,-4.4768,-23.4993,23.9405,43.9698,-84.3929,1.8513,-4.4768,-23.4993,23.9405,43.9698,-84.3929,1.8513,150,0,450,-350,50,-150,0
781,1787057049.998,1787057050.0023,0.03338,-4.3956,-22.6374,21.1868,49.3187,-84.2637,2.4471,-4.0442,-24.0022,26.9352,41.3849,-83.4217,1.5853,-4.0442,-24.0022,26.9352,41.3849,-83.4217,1.5853,150,0,500,-500,0,0,0
782,1787057050.0314,1787057050.0357,0.03342,-4.3956,-22.6374,22.7692,47.3846,-84.2637,2.2487,-4.1579,-25.8599,29.3094,38.8982,-83.9992,1.5128,-4.1579,-25.8599,29.3094,38.8982,-83.9992,1.5128,0,0,550,-700,0,-50,0
783,1787057050.0648,1787057050.069,0.03338,-4.3956,-22.6374,24.6154,45.1868,-84.0000,2.0503,-4.2062,-27.3690,32.1042,36.3512,-83.7359,1.4632,-4.2062,-27.3690,32.1042,36.3512,-83.7359,1.4632,0,0,650,-750,50,-100,0
784,1787057050.0982,1787057050.1026,0.03341,-4.7473,-22.9890,26.9011,42.9011,-84.0000,1.9841,-4.6449,-30.3209,35.7805,34.5313,-83.8114,1.2053,-4.6449,-30.3209,35.7805,34.5313,-83.8114,1.2053,-150,-100,750,-750,50,-50,0
785,1787057050.1316,1787057050.1362,0.03337,-4.7473,-23.6923,29.4505,40.6154,-83.9121,1.9180,-4.8458,-34.7736,40.3147,32.7432,-83.7720,1.2532,-4.8458,-33.7802,39.8022,32.7432,-83.7720,1.2532,0,-250,850,-800,50,-50,0
786,1787057050.165,1787057050.1695,0.03342,-4.5714,-25.0989,32.2637,38.3297,-84.0000,1.7857,-5.0807,-40.7759,45.5124,32.0807,-84.0513,1.3122,-5.0807,-35.3626,42.6154,32.0807,-84.0513,1.3122,100,-400,950,-750,-50,-50,0
787,1787057050.1983,1787057050.2029,0.03335,-4.4835,-27.3846,35.2527,36.3077,-84.0000,1.7857,-5.8243,-46.6936,50.7177,31.9622,-84.8474,1.4897,-5.8243,-37.8242,45.7802,31.9622,-84.8474,1.4897,50,-800,1000,-750,0,0,0
788,1787057050.2317,1787057050.2363,0.0334,-4.4835,-29.8462,38.5055,34.9011,-84.0879,1.7857,-5.7276,-53.0342,56.4031,31.8854,-85.2093,1.3933,-5.7276,-40.1099,48.8571,31.8854,-85.2093,1.3933,0,-850,1050,-500,0,0,0
789,1787057050.2652,1787057050.2704,0.03349,-4.9231,-32.2198,41.4945,34.0220,-84.3516,1.7857,-5.8421,-58.9106,61.3326,32.4328,-85.7549,1.4195,-5.8421,-42.5714,52.0220,32.4328,-85.7549,1.4195,-150,-800,1050,-250,-50,0,0
790,1787057050.2986,1787057050.3039,0.03334,-5.4505,-34.5055,44.7473,33.5824,-84.7033,1.7857,-5.9329,-65.1171,65.3890,33.5732,-85.8168,1.4786,-5.9329,-44.8571,55.1868,33.5732,-85.8168,1.4786,-200,-800,1100,-100,-100,0,0
791,1787057050.3321,1787057050.3379,0.03348,-5.5385,-36.7912,47.7363,33.4945,-84.8791,1.7857,-5.6945,-70.5379,69.8844,34.7942,-86.0559,1.4500,-5.6945,-47.1429,58.3516,34.7942,-86.0559,1.4500,0,-800,1050,-50,-50,0,0
792,1787057050.3655,1787057050.3712,0.0334,-5.5385,-39.2527,50.9011,33.5824,-85.2308,1.7857,-5.6286,-76.3346,74.4026,36.1013,-86.3999,1.4751,-5.6286,-49.6044,61.5165,36.1013,-86.3999,1.4751,0,-800,1050,50,-150,0,0
793,1787057050.3988,1787057050.4036,0.0333,-5.2747,-41.6264,54.0659,34.2857,-85.6703,1.7857,-5.2279,-79.9155,77.1782,36.8988,-86.6512,1.5047,-5.2279,-51.9780,64.4176,36.8988,-86.6512,1.5047,100,-800,1100,250,-100,0,0
794,1787057050.4322,1787057050.4369,0.03348,-5.2747,-44.0000,57.1429,35.0769,-86.0220,1.7857,-5.2768,-83.7819,80.5343,38.8997,-86.8817,1.7955,-5.2768,-54.4396,67.5824,38.8997,-86.8817,1.7955,0,-800,1050,250,-100,0,0
795,1787057050.4655,1787057050.4705,0.03332,-5.4505,-46.5495,60.3956,35.9560,-86.1978,1.7857,-5.4170,-87.3513,82.8826,40.7299,-87.0855,1.5277,-5.4170,-56.9011,70.8352,40.7299,-87.0855,1.5277,-100,-850,1100,300,-50,0,0
796,1787057050.499,1787057050.5038,0.03341,-5.6264,-49.0110,63.3846,36.9231,-86.3736,1.7857,-5.2380,-90.4357,85.3520,42.4394,-87.6476,1.7210,-5.2380,-59.3626,73.8242,42.4394,-87.6476,1.7210,-50,-800,1000,400,0,0,0
797,1787057050.5323,1787057050.5374,0.03339,-5.6264,-51.5604,66.5495,38.5934,-86.7253,1.7857,-5.1508,-91.8643,87.5853,43.9406,-88.3894,1.6549,-5.1508,-61.9121,76.9890,43.9406,-88.3894,1.6549,0,-850,1100,550,-150,0,0
798,1787057050.5657,1787057050.5708,0.0334,-5.5385,-54.0220,69.6264,40.1758,-87.0769,1.7857,-5.1584,-92.2765,88.1895,45.4552,-89.4379,1.7855,-5.1584,-64.4615,80.0659,45.4552,-89.4379,1.7855,50,-800,1050,550,-100,0,0
799,1787057050.5991,1787057050.6039,0.03336,-5.3626,-56.5714,72.7912,41.6703,-87.6044,1.7857,-4.6932,-93.1773,89.6112,47.7538,-90.1800,1.8808,-4.6932,-66.9231,83.2308,47.7538,-90.1800,1.8808,50,-850,1050,550,-200,0,0
800,1787057050.6325,1787057050.8584,0.03343,-5.3626,-59.2088,75.8681,43.1648,-88.3956,1.7857,-5.6560,-56.6699,73.5527,37.6737,-87.9267,0.3217,-5.6560,-56.6699,73.5527,37.6737,-87.9267,0.3217,0,-850,1050,450,-250,0,1
801,1787057050.8597,1787057050.8616,0.22715,-4.9231,-65.8901,83.1648,47.4725,-89.8901,1.7857,-4.8967,-66.1005,83.2510,47.6665,-89.8930,1.7862,-4.8967,-66.1005,83.2510,47.6665,-89.8930,1.7862,0,-100,50,50,0,0,1
