step,t_obs,t_cmd,dt,pos_shoulder_pan,pos_shoulder_lift,pos_elbow_flex,pos_wrist_flex,pos_wrist_roll,pos_gripper,cmd_shoulder_pan,cmd_shoulder_lift,cmd_elbow_flex,cmd_wrist_flex,cmd_wrist_roll,cmd_gripper,sent_shoulder_pan,sent_shoulder_lift,sent_elbow_flex,sent_wrist_flex,sent_wrist_roll,sent_gripper,velraw_shoulder_pan,velraw_shoulder_lift,velraw_elbow_flex,velraw_wrist_flex,velraw_wrist_roll,velraw_gripper,chunk_start
0,1787057131.4837,1787057131.9228,2.02933,-1.2308,-96.6593,95.6484,75.9560,-89.8901,1.7857,-0.1458,-96.3665,89.5536,76.8875,-90.2193,1.1123,-0.1458,-96.3665,89.5536,76.8875,-90.2193,1.1123,0,0,0,0,0,0,1
1,1787057131.9239,1787057131.9294,0.44021,-1.2308,-96.6593,95.6484,75.9560,-89.8901,1.7857,-0.7483,-95.2522,86.8062,76.9397,-90.3525,1.0510,-0.7483,-95.2522,86.8062,76.9397,-90.3525,1.0510,0,0,0,0,0,0,1
2,1787057131.9575,1787057131.9634,0.03361,-1.2308,-96.6593,95.6484,76.0440,-89.8901,1.7857,-0.4430,-94.5602,85.2061,78.2086,-89.4174,0.8485,-0.4430,-94.5602,85.6484,78.2086,-89.4174,0.8485,0,0,0,0,0,0,0
3,1787057131.9909,1787057131.9959,0.0334,-1.2308,-96.5714,95.2088,76.4835,-89.9780,1.6534,-0.3242,-93.0986,83.0518,77.6337,-88.5445,0.9561,-0.3242,-93.0986,85.0330,77.6337,-88.5445,0.9561,0,100,-150,150,0,-50,0
4,1787057132.0243,1787057132.0296,0.03341,-1.1429,-95.6923,93.6264,77.1868,-89.8901,1.5212,0.1112,-92.0327,78.0664,78.2657,-87.1694,0.8905,0.1112,-92.0327,83.1868,78.2657,-87.1694,0.8905,0,250,-650,200,0,-50,0
5,1787057132.0578,1787057132.0631,0.03341,-0.7912,-94.7253,90.9890,77.3626,-89.3626,1.5212,0.0365,-89.0031,75.5431,79.7808,-85.8898,1.1388,0.0365,-89.0031,80.5495,79.7808,-85.8898,1.1388,100,300,-900,50,200,0,0
6,1787057132.0912,1787057132.0963,0.0334,-0.4396,-94.1099,88.7033,77.5385,-88.6593,1.5212,1.5658,-86.5817,70.1246,80.8594,-82.7625,0.8973,1.5658,-86.5817,78.4396,80.8594,-82.7625,0.8973,100,150,-750,100,250,0,0
7,1787057132.1245,1787057132.1298,0.03338,-0.1758,-92.8791,86.4176,78.5934,-87.5165,1.5212,2.3204,-83.0690,63.8201,82.7181,-82.0539,0.8414,2.3204,-83.0690,76.1538,82.7181,-82.0539,0.8414,100,300,-800,250,450,0,0
8,1787057132.1579,1787057132.1632,0.0334,0.0000,-90.9451,84.1319,79.5604,-86.3736,1.4550,3.9710,-78.8449,57.1437,86.1088,-78.6344,0.7303,3.9710,-80.5934,73.7802,86.1088,-78.6344,0.7303,100,650,-800,350,350,-50,0
9,1787057132.1914,1787057132.1967,0.03343,0.9670,-88.3956,81.8462,80.7033,-84.4396,1.4550,5.8458,-75.7554,52.1812,88.1441,-76.5945,0.6129,5.8458,-77.9560,71.4945,88.1441,-76.5945,0.6129,300,900,-750,350,550,0,0
10,1787057132.2247,1787057132.2297,0.03336,2.2857,-85.5824,79.6484,82.5495,-82.7692,1.4550,7.6518,-70.5698,45.5815,91.0538,-73.6381,0.7116,7.6518,-75.2308,69.2967,91.0538,-73.6381,0.7116,450,950,-800,550,500,0,0
11,1787057132.2581,1787057132.2629,0.03342,3.4286,-82.9451,77.2747,84.9231,-80.3077,1.4550,10.6831,-64.7877,39.1199,94.0662,-69.8495,0.5965,10.6831,-72.5934,66.9231,94.0662,-70.0440,0.5965,300,900,-750,750,850,0,0
12,1787057132.2915,1787057132.2967,0.0334,5.0989,-80.3077,74.9890,87.2088,-77.9341,1.4550,13.1106,-58.9591,32.1425,97.0454,-65.1754,0.6631,13.1106,-69.9560,64.6374,97.0454,-67.5824,0.6631,500,900,-800,800,800,0,0
13,1787057132.3249,1787057132.3298,0.03338,7.0330,-77.5824,72.7033,89.7582,-75.3846,1.4550,16.0435,-53.4124,25.1729,99.4154,-60.6216,0.5862,16.0435,-67.2308,62.3516,99.4154,-64.9451,0.5862,650,900,-800,900,800,0,0
14,1787057132.3583,1787057132.3631,0.0334,9.3187,-74.9451,70.3297,92.4835,-72.5714,1.4550,18.9646,-46.8743,18.5402,100.9540,-55.9260,0.6429,18.9646,-64.6813,60.0659,100.9540,-62.1319,0.6429,800,900,-750,900,1000,0,0
15,1787057132.3917,1787057132.3963,0.03344,11.6923,-72.3956,68.0440,95.1209,-69.7582,1.4550,23.0500,-41.7646,11.7060,103.5085,-49.4190,0.6048,22.0440,-61.9560,57.6923,103.5085,-59.4945,0.6048,750,900,-800,900,950,0,0
16,1787057132.4251,1787057132.4296,0.03335,14.3297,-69.6703,65.6703,97.4945,-67.1209,1.4550,27.2191,-35.6594,6.1198,105.7550,-43.8550,0.6137,24.6813,-59.2308,55.4066,105.7550,-56.7692,0.6137,900,900,-750,800,900,0,0
17,1787057132.4585,1787057132.4634,0.03341,17.0549,-67.0330,63.3846,99.4286,-64.3077,1.4550,31.3088,-30.7087,1.0867,107.0771,-37.3328,0.6584,27.4066,-56.5934,53.0330,107.0771,-53.8681,0.6584,900,900,-800,700,950,0,0
18,1787057132.4919,1787057132.4968,0.03338,19.8681,-64.2198,61.0110,101.6264,-61.5824,1.4550,34.9198,-27.0129,-3.3357,108.4839,-31.2921,0.5136,30.2198,-53.8681,50.6593,108.4839,-51.1429,0.5136,1000,900,-800,850,950,0,0
19,1787057132.5253,1787057132.5298,0.03338,22.5934,-61.5824,58.7253,103.6484,-58.8571,1.4550,39.0910,-21.5951,-6.6841,109.3164,-25.3210,0.6337,32.8571,-51.2308,48.3736,109.3164,-48.5055,0.6337,950,900,-750,600,950,0,0
20,1787057132.5587,1787057132.5632,0.0334,25.3187,-58.7692,56.3516,105.0549,-56.1319,1.4550,43.1459,-19.1121,-9.4050,109.9662,-18.9544,0.5398,35.5824,-48.4176,46.0000,109.9662,-45.6923,0.5398,900,950,-800,500,950,0,0
21,1787057132.592,1787057132.5968,0.03337,27.8681,-55.9560,53.9780,105.9341,-53.3187,1.4550,45.9055,-15.6151,-10.8200,108.7591,-12.9234,0.4203,38.3077,-45.6044,43.6264,108.7591,-42.9670,0.4203,850,950,-800,350,950,0,0
22,1787057132.6255,1787057132.6303,0.03343,30.6813,-53.3187,51.6044,106.1099,-50.5934,1.4550,49.6778,-13.7098,-12.0345,108.2710,-8.4771,0.5712,41.1209,-42.8791,41.2527,108.2710,-40.2418,0.5712,950,900,-800,50,950,0,0
23,1787057132.6588,1787057132.6636,0.03337,33.4945,-50.5934,49.1429,106.1099,-47.7802,1.4550,53.3473,-11.1467,-12.0183,107.3401,-3.9241,0.8212,43.8462,-40.1538,38.8791,107.3401,-37.4286,0.8212,950,950,-800,0,950,0,0
24,1787057132.6922,1787057132.6968,0.03339,36.1319,-47.6923,46.7692,106.1099,-45.1429,1.4550,56.0156,-9.0726,-11.9740,106.0828,-0.6386,0.7911,46.5714,-37.2527,36.4176,106.0828,-34.7033,0.7911,900,950,-850,0,900,0,0
25,1787057132.7256,1787057132.7304,0.03338,38.9451,-44.7033,44.3956,106.1099,-42.3297,1.4550,58.8258,-8.4515,-10.8897,104.9847,2.2899,0.8673,49.2967,-34.2637,34.2198,104.9847,-31.9780,0.8673,950,1000,-800,0,950,0,0
26,1787057132.759,1787057132.7638,0.0334,41.7582,-41.8901,42.1099,105.8462,-39.6923,1.4550,62.0582,-6.5757,-11.3274,103.7158,3.7198,0.8403,52.1099,-31.5385,31.7582,103.7158,-29.2527,0.8403,950,900,-800,-50,950,0,0
27,1787057132.7924,1787057132.7976,0.0334,44.3956,-38.9890,39.6484,105.3187,-36.8791,1.4550,64.0018,-5.2740,-8.2526,102.1489,4.9561,0.7952,54.8352,-28.5495,29.2967,102.1489,-26.4396,0.7952,900,950,-800,-150,950,0,0
28,1787057132.8258,1787057132.8308,0.03336,47.1209,-36.0879,37.3626,104.7033,-34.0659,1.4550,65.6837,-4.8406,-7.5595,100.0218,4.8998,1.0279,57.5604,-25.6484,27.0110,100.0218,-23.7143,1.0279,900,1000,-750,-250,950,0,0
29,1787057132.8592,1787057132.8638,0.0334,50.0220,-33.1868,34.9890,103.5604,-31.3407,1.4550,67.7531,-4.5085,-6.6007,97.9843,5.5489,1.0243,60.2857,-22.7473,24.5495,97.9843,-20.9011,1.0243,950,1000,-850,-350,900,0,0
30,1787057132.8925,1787057132.8974,0.03337,52.6593,-30.2857,32.5275,102.2418,-28.5275,1.4550,68.6530,-3.7533,-4.3190,94.2022,5.6888,1.2691,63.0110,-19.8462,22.1758,94.2022,-18.1758,1.2691,900,950,-850,-450,950,0,0
31,1787057132.926,1787057132.9308,0.03343,55.2967,-27.2967,30.2418,100.5714,-25.8022,1.4550,70.4750,-3.0146,-2.8107,92.1981,6.3541,0.9704,65.7363,-16.8571,19.8901,92.1981,-15.3626,0.9704,900,1000,-800,-550,950,0,0
32,1787057132.9593,1787057132.9641,0.03338,58.1099,-24.2198,27.7802,98.1099,-22.9890,1.4550,71.3837,-2.5488,-2.3562,89.9262,5.9332,1.1622,68.5495,-13.7802,17.5165,89.9262,-12.6374,1.1622,950,1000,-800,-850,950,0,0
33,1787057132.9927,1787057132.9976,0.03337,60.8352,-21.1429,25.4066,95.8242,-20.2637,1.4550,72.3612,-1.8908,-0.1775,87.0583,6.2256,1.1477,71.2747,-10.7033,15.0549,87.0583,-9.8242,1.1477,900,1050,-800,-850,950,0,0
34,1787057133.0261,1787057133.0307,0.03338,63.5604,-18.0659,22.9451,93.5385,-17.5385,1.4550,73.3958,-1.4774,0.7044,85.0419,6.3138,1.0657,73.3958,-7.7143,12.6813,85.0419,-7.1868,1.0657,900,1050,-800,-800,950,0,0
35,1787057133.0595,1787057133.0641,0.03337,66.3736,-14.9890,20.6593,91.1648,-14.8132,1.4550,73.3542,-0.9109,0.7604,81.9970,7.1186,1.2444,73.3542,-4.5495,10.3077,81.9970,-4.3736,1.2444,950,1050,-800,-800,950,0,0
36,1787057133.0929,1787057133.0976,0.03343,69.0110,-11.9121,18.1978,88.6154,-11.9121,1.4550,73.8244,-0.6722,1.0892,80.5214,8.0347,1.3313,73.8244,-1.3846,7.8462,80.5214,-1.5604,1.3313,900,1050,-850,-900,1000,0,0
37,1787057133.1263,1787057133.131,0.03338,70.9451,-8.8352,15.7363,86.2418,-9.2747,1.4550,73.3429,-0.3048,1.5132,78.9004,8.7683,1.3106,73.3429,-0.3048,5.4725,78.9004,1.1648,1.3106,800,1050,-800,-850,950,0,0
38,1787057133.1596,1787057133.1644,0.03337,72.0000,-5.7582,13.4505,83.9560,-6.4615,1.4550,73.5119,-0.2019,2.9241,78.0114,8.7746,1.3455,73.5119,-0.2019,3.0110,78.0114,3.8901,1.3455,400,1050,-850,-750,950,0,0
39,1787057133.193,1787057133.1976,0.03338,72.3516,-2.9451,10.9890,81.8462,-3.6484,1.4550,73.2290,0.1323,4.5215,75.3107,9.0382,1.3881,73.2290,0.1323,4.5215,75.3107,6.7033,1.3881,100,1000,-850,-700,950,0,0
40,1787057133.2265,1787057133.2309,0.03345,72.3516,-1.2747,8.8791,80.2637,-0.8352,1.4550,72.8123,0.0454,6.5318,75.3862,10.2120,1.4448,72.8123,0.0454,6.5318,75.3862,9.4286,1.4448,0,650,-750,-550,950,0,0
41,1787057133.2598,1787057133.2641,0.03335,72.3516,-0.3956,7.4725,79.0330,1.8022,1.4550,72.3065,-0.1178,7.3312,73.4507,9.3458,1.3677,72.3065,-0.1178,7.3312,73.4507,9.3458,1.3677,0,300,-400,-500,950,0,0
42,1787057133.2932,1787057133.2974,0.03338,72.5275,-0.3077,7.4725,77.2747,4.5275,1.4550,71.7590,-0.4405,9.5745,72.8504,8.8605,1.4480,71.7590,-0.4405,9.5745,72.8504,8.8605,1.4480,50,0,-100,-600,950,0,0
43,1787057133.3266,1787057133.332,0.03342,72.5275,-0.2198,8.1758,76.3077,6.3736,1.4550,71.4213,-0.0503,10.2205,72.1800,9.0344,1.3827,71.4213,-0.0503,10.2205,72.1800,9.0344,1.3827,0,0,250,-300,800,0,0
44,1787057133.3599,1787057133.3646,0.03333,72.4396,-0.0440,9.1429,74.7253,6.9890,1.4550,70.8830,-0.4975,11.8951,71.6482,9.7436,1.5577,70.8830,-0.4975,11.8951,71.6482,9.7436,1.5577,0,50,350,-550,200,0,0
45,1787057133.3933,1787057133.3977,0.03341,72.1758,0.1319,10.1099,73.9341,7.6923,1.4550,71.0685,-0.0519,12.5575,70.8001,9.3860,1.2462,71.0685,-0.0519,12.5575,70.8001,9.3860,1.2462,-100,50,350,-450,200,0,0
46,1787057133.4267,1787057133.4312,0.03337,71.6484,0.1319,11.0769,73.0549,8.3956,1.4550,69.8228,-0.3624,13.6913,70.2864,10.1235,1.5847,69.8228,-0.3624,13.6913,70.2864,10.1235,1.5847,-200,0,300,-300,250,0,0
47,1787057133.4601,1787057133.4646,0.03338,71.2967,0.3077,12.1319,72.1758,8.6593,1.4550,69.8514,-0.5410,14.5121,69.9281,9.4876,1.3963,69.8514,-0.5410,14.5121,69.9281,9.4876,1.3963,-150,100,350,-200,50,0,0
48,1787057133.4935,1787057133.498,0.03345,70.9451,0.3077,13.0989,71.4725,9.0989,1.4550,69.6752,-1.2029,15.3695,69.4939,9.8229,1.4789,69.6752,-1.2029,15.3695,69.4939,9.8229,1.4789,-200,0,300,-200,200,0,0
49,1787057133.5269,1787057133.5316,0.03335,70.7692,0.3077,14.1538,70.9451,9.0989,1.4550,69.1598,-1.5489,16.7878,68.5906,9.4550,1.6408,69.1598,-1.5489,16.7878,68.5906,9.4550,1.6408,-50,0,350,-200,0,0,0
50,1787057133.5603,1787057133.7868,0.0334,70.4176,0.3077,15.0330,70.3297,9.2747,1.4550,69.2167,0.4051,16.9393,69.6750,-3.9776,2.5420,69.2167,0.4051,16.9393,69.6750,-0.7253,2.5420,-100,0,300,-200,50,0,1
51,1787057133.7879,1787057133.7935,0.22764,69.7143,0.3956,16.7912,69.0110,9.2747,1.4550,68.2717,0.3839,17.7475,69.2778,-2.9017,2.1538,68.2717,0.3839,17.7475,69.2778,-0.7253,2.1538,0,0,0,0,0,0,1
52,1787057133.8212,1787057133.8263,0.03325,69.6264,0.3077,16.7912,69.0110,9.2747,1.4550,68.8757,1.2682,17.2475,69.7319,-2.8008,2.1130,68.8757,1.2682,17.2475,69.7319,-0.7253,2.1130,-50,0,0,0,0,0,0
53,1787057133.8546,1787057133.8598,0.03345,69.4505,0.5714,17.1429,68.9231,8.5714,1.7196,68.7761,0.2166,16.4709,69.5853,-2.3172,2.2138,68.7761,0.2166,16.4709,69.5853,-1.6923,2.2138,-50,50,150,-50,-200,150,0
54,1787057133.888,1787057133.8929,0.03338,69.0110,1.3626,17.3187,69.3626,6.2857,1.7857,68.9898,0.5636,16.8941,68.7750,-1.3422,2.1444,68.9898,0.5636,16.8941,68.7750,-1.3422,2.1444,-100,250,50,200,-850,50,0
55,1787057133.9213,1787057133.9257,0.03333,68.8352,1.6264,17.4066,69.3626,3.2088,1.7857,69.3702,0.3751,17.8412,69.4663,-1.6194,2.2191,69.3702,0.3751,17.8412,69.4663,-1.6194,2.2191,-50,150,50,0,-1100,0,0
56,1787057133.9548,1787057133.9596,0.03344,68.7473,1.4505,17.4066,69.2747,1.0110,1.8519,69.7964,0.8871,17.5966,70.0111,-0.7067,2.5798,69.7964,0.8871,17.5966,70.0111,-0.7067,2.5798,-50,-50,0,-50,-700,50,0
57,1787057133.9882,1787057133.9931,0.0334,68.9231,1.2747,17.3187,69.0989,0.3077,1.9180,70.3503,0.5072,17.4258,70.2466,-0.7741,2.7504,70.3503,0.5072,17.4258,70.2466,-0.7741,2.7504,100,-50,-50,-100,-200,0,0
58,1787057134.0215,1787057134.0262,0.03336,69.1868,1.3626,17.6703,69.6264,0.0440,2.1825,69.7891,-0.3986,17.6670,71.1902,1.6725,3.4339,69.7891,-0.3986,17.6670,71.1902,1.6725,3.4339,50,0,100,150,-100,100,0
59,1787057134.0549,1787057134.0593,0.03339,69.5385,1.5385,17.7582,69.9780,0.0440,2.3810,70.8385,0.0325,18.7866,70.8099,1.0733,4.0972,70.8385,0.0325,18.7866,70.8099,1.0733,4.0972,100,100,50,100,0,100,0
60,1787057134.0883,1787057134.0928,0.03342,69.8901,1.4505,17.8462,70.1538,0.1319,2.7778,70.9823,0.6977,17.9062,71.1134,3.1515,5.5999,70.9823,0.6977,17.9062,71.1134,3.1515,5.5999,150,0,50,50,50,250,0
61,1787057134.1217,1787057134.1259,0.03334,70.1538,1.2747,18.1099,70.1538,0.9231,3.2407,71.4008,0.1056,18.5520,71.6996,4.5008,7.9982,71.4008,0.1056,18.5520,71.6996,4.5008,7.9982,100,-50,50,0,300,250,0
62,1787057134.1551,1787057134.1594,0.03344,70.1538,1.4505,18.3736,70.7692,1.7143,3.9021,71.2516,1.0446,17.6753,71.4973,6.7740,10.9665,71.2516,1.0446,17.6753,71.4973,6.7740,10.9665,0,0,50,250,250,250,0
63,1787057134.1885,1787057134.1933,0.03339,70.5055,1.5385,18.5495,71.0330,2.8571,5.4233,71.2027,-0.1472,17.1989,72.2772,6.9125,14.3021,71.2027,-0.1472,17.1989,72.2772,6.9125,14.3021,100,50,50,100,400,750,0
64,1787057134.2219,1787057134.2266,0.03337,70.9451,1.5385,18.7253,71.2088,4.0000,7.3413,71.4836,0.2440,16.8848,71.7256,7.9041,17.6350,71.4836,0.2440,16.8848,71.7256,7.9041,17.6058,200,0,100,50,350,750,0
65,1787057134.2552,1787057134.26,0.03337,71.0330,1.5385,18.5495,71.2088,5.2308,9.6561,71.6018,0.3144,16.0993,72.2904,8.8076,20.6280,71.6018,0.3144,16.0993,72.2904,8.8076,20.1190,50,0,-50,0,450,1000,0
66,1787057134.2887,1787057134.2936,0.03342,71.0330,1.5385,18.5495,71.5604,6.1978,12.2354,72.0513,0.9616,16.3768,72.7174,9.1781,22.8458,72.0513,0.9616,16.3768,72.7174,9.1781,22.6323,0,0,0,50,350,1150,0
67,1787057134.322,1787057134.3264,0.03334,70.9451,1.5385,18.4615,71.9121,7.1648,15.0132,72.1427,1.2079,16.7807,72.6586,9.4891,24.0213,72.1427,1.2079,16.7807,72.6586,9.4891,24.0213,-50,0,0,150,350,1250,0
68,1787057134.3554,1787057134.3596,0.03343,71.1209,1.5385,18.3736,72.0000,7.8681,17.5926,71.5756,0.0772,16.8329,72.8446,8.4273,23.8980,71.5756,0.0772,16.8329,72.8446,8.4273,23.8980,50,0,-50,50,300,1200,0
69,1787057134.3888,1787057134.3934,0.0334,71.5604,1.5385,18.3736,72.0879,8.3077,20.0397,71.7194,0.1520,17.7828,72.8079,9.9850,24.0768,71.7194,0.1520,17.7828,72.8079,9.9850,24.0768,150,0,0,50,150,1050,0
70,1787057134.4222,1787057134.4265,0.03336,71.7363,1.6264,18.3736,72.4396,8.2198,21.4286,71.8874,-0.2207,18.1015,71.8391,8.5387,23.1386,71.8874,-0.2207,18.1015,71.8391,8.5387,23.1386,50,50,0,100,0,800,0
71,1787057134.4556,1787057134.4607,0.03342,71.7363,1.6264,18.3736,72.5275,8.5714,22.2222,71.8168,0.2525,18.8337,71.5425,9.3115,22.3747,71.8168,0.2525,18.8337,71.5425,9.3115,22.3747,0,0,0,0,50,350,0
72,1787057134.489,1787057134.4938,0.03337,71.3846,1.6264,18.4615,72.1758,9.0989,22.3545,71.7489,0.0649,19.0897,71.1201,8.9437,22.2337,71.7489,0.0649,19.0897,71.1201,8.9437,22.2337,-150,0,50,-100,200,0,0
73,1787057134.5225,1787057134.5272,0.03346,71.2967,1.6264,18.8132,71.7363,9.0989,22.2222,71.2231,0.5452,18.8528,71.5256,9.9248,22.0710,71.2231,0.5452,18.8528,71.5256,9.9248,22.0710,0,0,100,-150,0,-50,0
74,1787057134.5558,1787057134.5601,0.03334,71.3846,1.6264,19.1648,71.5604,9.0989,22.2222,71.4148,-0.9894,20.2609,70.9914,8.6631,22.9492,71.4148,-0.9894,20.2609,70.9914,8.6631,22.9492,50,0,150,-100,0,0,0
75,1787057134.5892,1787057134.5935,0.03338,71.5604,1.6264,19.2527,71.6484,9.2747,22.1561,71.3008,0.1367,20.5226,71.7045,9.8159,23.4137,71.3008,0.1367,20.5226,71.7045,9.8159,23.4137,50,0,50,0,100,-50,0
76,1787057134.6226,1787057134.627,0.03342,71.6484,1.5385,19.7802,71.1209,9.0989,22.4868,71.1191,-0.9062,21.5091,71.2157,9.1359,24.0024,71.1191,-0.9062,21.5091,71.2157,9.1359,24.0024,50,-50,150,-150,-150,0,0
77,1787057134.6559,1787057134.6603,0.03335,71.6484,1.5385,20.3956,71.3846,8.9231,22.8836,71.1488,0.4068,21.0683,70.8795,9.8613,24.8260,71.1488,0.4068,21.0683,70.8795,9.8613,24.8260,0,0,200,50,-100,150,0
78,1787057134.6894,1787057134.6937,0.03342,71.5604,1.5385,21.0110,71.5604,9.0110,23.2804,70.6321,-0.2080,22.7894,70.4560,7.8849,24.9272,70.6321,-0.2080,22.7894,70.4560,7.8849,24.9272,-50,0,250,0,0,200,0
79,1787057134.7227,1787057134.727,0.03337,71.3846,1.5385,21.2747,71.2088,9.0989,23.8095,71.1427,0.5759,22.4805,70.5484,8.6712,25.3293,71.1427,0.5759,22.4805,70.5484,8.6712,25.3293,-50,0,150,-100,50,250,0
80,1787057134.7561,1787057134.7605,0.03337,71.2967,1.5385,21.7143,70.6813,8.8352,24.4048,70.6221,0.2557,24.6400,69.7668,8.8449,25.5000,70.6221,0.2557,24.6400,69.7668,8.8449,25.5000,-50,0,150,-300,0,250,0
81,1787057134.7895,1787057134.7941,0.03341,71.1209,1.5385,22.5055,70.8571,8.4835,24.6032,71.0820,0.2130,24.1505,68.4484,6.9705,25.6703,71.0820,0.2130,24.1505,68.4484,6.9705,25.6703,-50,0,250,100,-100,100,0
82,1787057134.8229,1787057134.8274,0.03338,71.0330,1.6264,22.8571,70.4176,8.6593,24.9339,71.0094,0.4559,24.7640,67.7016,7.8552,25.4651,71.0094,0.4559,24.7640,67.7016,7.8552,25.4651,-50,50,50,0,50,150,0
83,1787057134.8563,1787057134.8606,0.03337,71.0330,1.5385,23.8242,69.4505,8.2198,25.2646,70.9265,-0.1378,26.8035,67.8956,7.8064,25.3850,70.9265,-0.1378,26.8035,67.8956,7.8064,25.3850,0,0,350,-400,-100,250,0
84,1787057134.8897,1787057134.894,0.0334,71.0330,1.5385,24.4396,68.9231,7.6923,25.0661,70.8876,0.3682,26.1529,67.7315,7.3306,25.4227,70.8876,0.3682,26.1529,67.7315,7.3306,25.4227,0,-50,200,-200,-200,-150,0
85,1787057134.9231,1787057134.9274,0.0334,71.0330,1.5385,25.3187,68.3077,7.7802,25.1984,70.6797,-0.5571,25.3418,67.3921,6.4117,25.1571,70.6797,-0.5571,25.3418,67.3921,6.4117,25.1571,0,0,250,-300,50,100,0
86,1787057134.9565,1787057134.9607,0.03338,70.9451,1.5385,26.2857,68.3956,7.6923,25.3307,70.6621,-0.3307,26.8077,66.7639,6.5798,25.1155,70.6621,-0.3307,26.8077,66.7639,6.5798,25.1155,0,0,350,50,-50,0,0
87,1787057134.9898,1787057134.9941,0.03338,70.9451,1.6264,26.2857,67.8681,6.9890,25.1984,70.7032,-0.4562,27.8343,66.5042,5.7446,24.8913,70.7032,-0.4562,27.8343,66.5042,5.7446,24.8913,-50,0,0,-200,-250,-50,0
88,1787057135.0232,1787057135.0276,0.03341,70.9451,1.5385,26.2857,67.2527,6.9011,25.3307,70.3772,-0.3742,27.4914,65.5958,5.3749,25.0376,70.3772,-0.3742,27.4914,65.5958,5.3749,25.0376,0,0,0,-100,0,0,0
89,1787057135.0566,1787057135.0611,0.03334,71.0330,1.4505,27.0769,66.9011,6.4615,25.1984,70.7261,1.0724,28.2171,64.5281,5.9402,24.9999,70.7261,1.0724,28.2171,64.5281,5.9402,24.9999,50,-50,250,-100,-100,-50,0
90,1787057135.09,1787057135.0945,0.03342,70.9451,1.6264,27.5165,66.6374,6.1099,25.0661,70.5658,-0.0563,29.5615,64.1809,5.1984,24.6559,70.5658,-0.0563,29.5615,64.1809,5.1984,24.6559,-50,100,150,0,-150,-50,0
91,1787057135.1234,1787057135.1288,0.03344,70.9451,1.7143,28.0440,65.4945,6.0220,25.0661,70.3842,0.0790,29.8203,62.6269,5.0949,24.7319,70.3842,0.0790,29.8203,62.6269,5.0949,24.7319,0,50,100,-450,0,0,0
92,1787057135.1567,1787057135.161,0.03328,70.9451,1.7143,28.6593,64.7912,5.6703,25.0661,70.6070,-0.1039,30.1595,62.5286,5.0461,24.4371,70.6070,-0.1039,30.1595,62.5286,5.0461,24.4371,0,0,200,-250,-150,0,0
93,1787057135.1902,1787057135.195,0.03343,70.8571,1.6264,29.4505,64.2637,5.5824,24.9339,70.1140,-0.0726,31.9272,61.0182,4.5291,24.2291,70.1140,-0.0726,31.9272,61.0182,4.5291,24.2291,-50,0,300,-100,-50,-50,0
94,1787057135.2236,1787057135.2279,0.03344,70.7692,1.5385,29.8022,63.6484,5.3187,24.6693,70.2480,0.5110,31.3560,61.0779,4.3869,23.7197,70.2480,0.5110,31.3560,61.0779,4.3869,23.7197,-50,0,100,-250,-50,-100,0
95,1787057135.2569,1787057135.2613,0.03333,70.6813,1.4505,30.5055,62.8571,5.0549,24.5370,70.5912,0.7330,30.5639,60.1573,4.5675,23.3924,70.5912,0.7330,30.5639,60.1573,4.5675,23.3924,-50,-50,200,-250,-100,-100,0
96,1787057135.2904,1787057135.2946,0.03344,70.6813,1.3626,31.0330,62.2418,4.7912,24.0741,70.3669,-0.6061,32.1130,59.6115,4.3335,22.3650,70.3669,-0.6061,32.1130,59.6115,4.3335,22.3650,0,0,150,-200,-50,-200,0
97,1787057135.3237,1787057135.3278,0.03331,70.6813,1.3626,31.0330,61.6264,4.7912,23.6772,70.4026,0.5351,32.8279,58.8588,3.4508,21.2916,70.4026,0.5351,32.8279,58.8588,3.4508,21.2916,0,0,0,-250,0,-250,0
98,1787057135.3571,1787057135.3613,0.03342,70.6813,0.9231,31.3846,60.9231,4.7033,23.2143,70.0807,0.5819,32.8386,58.7889,3.2797,19.9268,70.0807,0.5819,32.8386,58.7889,3.2797,19.9268,0,-100,50,-250,0,-100,0
99,1787057135.3905,1787057135.3946,0.03338,70.7692,0.6593,32.0879,60.2198,4.1758,22.2884,69.9962,0.9106,33.1200,58.6356,2.0432,17.8087,69.9962,0.9106,33.1200,58.6356,2.0432,17.8087,0,-50,250,-250,-150,-400,0
100,1787057135.4238,1787057135.6458,0.03337,70.6813,0.6593,32.2637,59.8681,3.9121,21.2963,65.0676,3.4060,26.6613,60.3385,-0.4659,16.9202,65.0676,3.4060,26.6613,60.3385,-0.4659,16.9202,0,0,100,-100,-50,-500,1
101,1787057135.647,1787057135.6518,0.22313,70.5055,0.4835,32.7033,59.3407,2.3297,18.0556,66.8315,3.7384,29.7204,61.2204,0.6892,11.0652,66.8315,3.7384,29.7204,61.2204,0.6892,11.0652,0,0,0,0,0,0,1
102,1787057135.6803,1787057135.6849,0.03335,70.5055,0.4835,32.7033,59.3407,2.3297,17.9233,67.5464,2.7940,31.8525,61.3408,1.1794,6.7918,67.5464,2.7940,31.8525,61.3408,1.1794,7.8571,0,0,0,0,0,-100,0
103,1787057135.7137,1787057135.7182,0.03336,69.8022,1.1868,32.1758,59.7802,1.6264,17.1958,67.9206,1.1037,31.5376,61.6416,1.9009,2.9088,67.9206,1.1037,31.5376,61.6416,1.9009,6.9974,-250,150,-200,50,-200,-250,0
104,1787057135.7471,1787057135.7516,0.03337,68.9231,2.2418,30.9451,60.2198,1.3626,15.2116,67.6717,0.2668,32.5325,61.0246,1.7789,1.6980,67.6717,0.2668,32.5325,61.0246,1.7789,4.8810,-300,350,-400,100,-100,-900,0
105,1787057135.7805,1787057135.7853,0.03342,68.3077,2.5934,30.6813,60.4835,1.4505,12.4339,67.5341,0.8442,32.1474,60.8795,1.6038,1.7543,67.5341,0.8442,32.1474,60.8795,1.6038,2.0370,-250,-50,-200,50,0,-1300,0
106,1787057135.8139,1787057135.8183,0.03337,68.1319,1.8022,31.2967,60.3956,1.4505,9.7884,67.2755,1.3949,33.2140,60.3991,1.9531,2.2111,67.2755,1.3949,33.2140,60.3991,1.9531,2.2111,-50,-300,250,0,50,-1150,0
107,1787057135.8472,1787057135.8515,0.03338,68.0440,1.3626,31.9121,60.3956,1.5385,7.0767,66.5776,0.9788,33.3501,60.4831,0.7735,3.0845,66.5776,0.9788,33.3501,60.4831,0.7735,3.0845,0,-100,100,0,0,-1250,0
108,1787057135.8806,1787057135.8855,0.0334,67.8681,1.4505,31.9121,60.4835,1.6264,5.0265,66.6455,1.0451,34.1325,60.4184,1.5433,3.3319,66.6455,1.0451,34.1325,60.4184,1.5433,3.3319,-50,50,50,0,0,-800,0
109,1787057135.914,1787057135.9183,0.03339,67.6044,1.4505,32.2637,60.6593,1.2747,4.3651,66.3848,0.7882,33.6763,60.6467,0.4247,3.4073,66.3848,0.7882,33.6763,60.6467,0.4247,3.4073,-100,50,150,50,-100,-450,0
110,1787057135.9474,1787057135.9517,0.03341,67.4286,1.1868,32.7912,60.4835,1.1868,4.3651,66.2016,-0.7223,34.0565,61.2400,0.9794,3.5109,66.2016,-0.7223,34.0565,61.2400,0.9794,3.5109,-50,-100,200,-50,-50,0,0
111,1787057135.9808,1787057135.985,0.03335,67.1648,1.0989,32.9670,60.4835,1.3626,4.1005,66.5221,-0.4722,34.0377,61.5879,0.8165,3.3295,66.5221,-0.4722,34.0377,61.5879,0.8165,3.3295,-50,-50,50,0,100,-150,0
112,1787057136.0142,1787057136.0185,0.0334,66.9890,0.9231,33.1429,60.5714,1.0110,3.9021,66.6607,-1.4485,34.7222,62.2491,-0.0894,3.4643,66.6607,-1.4485,34.7222,62.2491,-0.0894,3.4643,-100,-50,100,0,-150,-100,0
113,1787057136.0476,1787057136.0519,0.03341,66.9011,0.4835,33.2308,60.9231,0.9231,3.7037,66.5556,-1.9853,35.3050,63.5094,-1.2437,3.5206,66.5556,-1.9853,35.3050,63.5094,-1.2437,3.5206,-50,-150,0,100,0,-100,0
114,1787057136.081,1787057136.0853,0.03338,66.9011,0.0440,33.6703,61.2747,0.4835,3.7037,66.3684,-2.8401,34.2473,65.1091,-2.3138,3.3406,66.3684,-2.8401,34.2473,65.1091,-2.3138,3.3406,0,-150,100,150,-150,0,0
115,1787057136.1144,1787057136.1187,0.03337,66.9011,-0.4835,34.3736,62.0659,-0.2198,3.6376,65.8840,-4.5446,32.9481,66.2756,-4.5190,3.1494,65.8840,-4.5446,32.9481,66.2756,-4.5190,3.1494,0,-150,200,200,-250,-50,0
116,1787057136.1478,1787057136.1525,0.03342,66.9011,-1.0989,34.4615,63.2088,-1.1868,3.6376,65.8406,-7.2747,32.7204,69.3647,-4.6552,3.0281,65.8406,-7.2747,32.7204,69.3647,-4.6552,3.0281,0,-200,50,350,-350,0,0
117,1787057136.1812,1787057136.1861,0.03339,66.5495,-1.8022,34.1978,64.4396,-2.1538,3.5053,64.0941,-8.3486,31.2582,70.6708,-7.5851,2.8809,64.0941,-8.3486,31.2582,70.6708,-7.5851,2.8809,-150,-250,-100,450,-350,-100,0
118,1787057136.2146,1787057136.2189,0.03342,66.2857,-2.7692,34.1099,65.5824,-3.2967,3.2407,62.0396,-10.8156,29.2418,73.1348,-10.0377,2.9757,62.0396,-10.8156,29.2418,73.1348,-10.0377,2.9757,-100,-400,-50,350,-450,-100,0
119,1787057136.2479,1787057136.2522,0.03332,65.6703,-4.0000,33.9341,67.9560,-4.4396,3.1746,60.6333,-14.8195,27.8964,75.7464,-11.9093,2.8350,60.6333,-14.0879,27.8964,75.7464,-11.9093,2.8350,-200,-400,-50,700,-300,-50,0
120,1787057136.2813,1787057136.2857,0.03342,64.3516,-5.4945,32.7912,69.9780,-6.6374,3.1746,58.0283,-15.9448,27.2241,80.0171,-15.0704,2.7030,58.0283,-15.5824,27.2241,80.0171,-15.0704,2.7030,-500,-500,-450,700,-750,0,0
121,1787057136.3147,1787057136.319,0.03342,62.5934,-7.4286,31.4725,71.7363,-8.7473,3.1746,54.8637,-20.0983,22.6857,81.2613,-18.7995,2.7004,54.8637,-17.6923,22.6857,81.2613,-18.7995,2.7004,-550,-700,-400,700,-850,0,0
122,1787057136.3481,1787057136.3525,0.03337,61.0110,-9.8022,30.5055,74.5495,-10.9451,2.9762,50.4928,-23.5845,21.6871,84.1258,-24.2089,2.1641,50.7473,-20.0659,21.6871,84.1258,-21.2088,2.1641,-500,-800,-400,900,-750,-100,0
123,1787057136.3815,1787057136.386,0.03338,59.2527,-11.9121,29.1868,77.5385,-13.7582,2.9101,44.7226,-27.4470,18.9224,86.6324,-30.6519,1.9719,48.9011,-22.2637,19.0110,86.6324,-24.2857,1.9719,-550,-700,-500,1000,-1000,-50,0
124,1787057136.4149,1787057136.4193,0.0334,56.6154,-13.8462,27.3407,79.8242,-16.6593,2.6455,38.7636,-30.6444,17.0993,85.2678,-36.9223,2.0255,46.2637,-24.1099,17.0993,85.2678,-27.0110,2.0255,-850,-600,-550,800,-950,-100,0
125,1787057136.4482,1787057136.4527,0.03334,53.5385,-15.9560,24.9670,82.0220,-19.2967,2.4471,31.8767,-31.2600,17.1466,84.0536,-46.2728,1.6354,43.0989,-26.3077,17.1466,84.0536,-29.6484,1.6354,-1000,-700,-850,700,-900,-150,0
126,1787057136.4816,1787057136.4862,0.03341,50.6374,-18.3297,22.5055,83.8681,-22.1099,2.3810,25.6814,-34.8208,16.6315,81.3033,-52.2711,1.6487,40.2857,-28.5934,16.6315,81.3033,-32.3736,1.6487,-950,-800,-800,700,-950,0,0
127,1787057136.515,1787057136.5196,0.0334,47.9121,-20.7033,21.1868,83.6923,-24.8352,2.1825,19.4278,-35.4497,16.4175,77.0708,-58.5804,1.6510,37.6484,-30.9670,16.4175,77.0708,-35.3626,1.6510,-900,-800,-550,-150,-950,-100,0
128,1787057136.5484,1787057136.553,0.0334,45.4505,-22.8132,20.3077,82.7253,-27.7363,2.1164,13.4878,-37.2553,18.1771,72.0223,-63.8670,2.0715,35.0989,-33.0769,18.1771,72.5495,-38.0000,2.0715,-800,-750,-250,-250,-1000,-50,0
129,1787057136.5818,1787057136.5865,0.03338,42.7253,-24.9231,19.7802,80.8791,-30.3736,2.0503,9.0863,-37.9330,19.0792,65.5877,-68.8217,1.9259,32.2857,-35.2747,19.0792,70.5275,-40.8132,1.9259,-950,-700,-150,-600,-950,-50,0
130,1787057136.6152,1787057136.6198,0.03337,39.6484,-27.2967,19.6923,78.1538,-33.1868,2.0503,3.7176,-38.5851,20.6798,59.7387,-70.9963,1.9304,29.2088,-37.6484,20.6798,67.7143,-43.5385,1.9304,-900,-750,-50,-950,-900,0,0
131,1787057136.6486,1787057136.6531,0.0334,36.8352,-29.5824,19.9560,75.3407,-35.9121,2.0503,0.0131,-38.8761,22.8717,53.0319,-72.9294,2.0593,26.4835,-38.8761,22.8717,64.9890,-46.3516,2.0593,-1000,-750,100,-1000,-950,0,0
132,1787057136.682,1787057136.6865,0.03339,34.1978,-31.8681,20.5714,72.6154,-38.8132,2.0503,-2.9480,-38.7393,25.0415,45.5584,-72.5659,1.7098,23.8462,-38.7393,25.0415,62.1758,-49.0769,1.7098,-900,-800,200,-950,-950,0,0
133,1787057136.7153,1787057136.7198,0.03337,31.5604,-33.9780,21.8022,69.8022,-41.5385,2.0503,-5.2835,-38.8734,28.7982,37.1887,-72.8104,1.6904,21.1209,-38.8734,28.7982,59.4505,-51.9780,1.6904,-950,-700,350,-950,-950,0,0
134,1787057136.7487,1787057136.7532,0.03338,28.6593,-35.3846,23.4725,67.0769,-44.3516,2.0503,-6.9862,-38.7166,31.3091,30.2244,-72.8569,1.7071,18.3956,-38.7166,31.3091,56.7253,-54.7033,1.7071,-1000,-450,500,-950,-950,0,0
135,1787057136.7821,1787057136.7869,0.03342,25.6703,-36.1758,25.4945,64.2637,-47.0769,2.0503,-8.0962,-38.1880,34.6161,23.9523,-71.9038,1.6095,15.3187,-38.1880,34.6161,53.9121,-57.5165,1.6095,-1050,-350,750,-950,-950,0,0
136,1787057136.8156,1787057136.8202,0.03346,22.8571,-36.5275,28.0440,61.5385,-49.9780,2.0503,-9.3203,-39.6095,38.1264,18.6595,-70.4971,1.6084,12.4176,-39.6095,38.1264,51.0989,-60.2418,1.6084,-900,-100,850,-950,-950,0,0
137,1787057136.8489,1787057136.8534,0.03331,20.2198,-36.5275,30.7692,58.8132,-52.7033,2.0503,-9.9024,-39.4087,41.2121,14.0310,-69.2643,1.5987,9.9560,-39.4087,41.1209,48.4615,-63.1429,1.5987,-900,0,900,-900,-900,0,0
138,1787057136.8823,1787057136.8869,0.03344,17.5824,-36.7912,33.9341,56.0879,-55.6044,2.0503,-9.6372,-39.6112,43.3433,10.5131,-68.5504,1.5569,7.3187,-39.6112,43.3433,45.7363,-65.9560,1.5569,-850,0,1050,-950,-950,0,0
139,1787057136.9157,1787057136.9202,0.03338,14.8571,-37.1429,37.0110,53.3626,-58.3297,2.0503,-9.6152,-40.4233,45.6011,7.8701,-67.9380,1.6877,4.5055,-40.4233,45.6011,43.0989,-67.9380,1.6877,-950,-150,1100,-900,-900,0,0
140,1787057136.9491,1787057136.9536,0.03337,11.7802,-37.4066,39.9121,50.6374,-61.1429,2.0503,-9.2631,-40.4789,47.2696,6.7344,-67.2325,1.7866,1.4286,-40.4789,47.2696,40.2857,-67.2325,1.7866,-950,-150,1000,-900,-950,0,0
141,1787057136.9825,1787057136.987,0.03338,8.9670,-37.7582,42.6374,48.0000,-63.6923,2.0503,-8.1123,-40.7912,47.8462,5.0413,-66.8131,1.7658,-1.3846,-40.7912,47.8462,37.6484,-66.8131,1.7658,-950,-100,900,-900,-900,0,0
142,1787057137.0158,1787057137.0207,0.03338,6.4176,-37.9341,45.0110,45.2747,-65.2747,2.0503,-7.7014,-41.5211,50.2273,5.5196,-66.7870,1.6808,-3.9341,-41.5211,50.2273,34.9231,-66.7870,1.6808,-800,-100,900,-900,-400,0,0
143,1787057137.0492,1787057137.054,0.03339,3.8681,-38.1978,46.5934,42.6374,-65.3626,2.0503,-6.7007,-42.2360,50.7313,4.8959,-66.2657,1.7821,-6.5714,-42.2360,50.7313,32.3736,-66.2657,1.7821,-850,-100,550,-900,-100,0,0
144,1787057137.0826,1787057137.0872,0.03338,0.8791,-38.6374,48.0879,40.0000,-65.8022,2.0503,-6.1365,-42.1444,51.5844,4.3092,-66.3399,1.7444,-6.1365,-42.1444,51.5844,29.5604,-66.3399,1.7444,-1000,-150,450,-900,-100,0,0
145,1787057137.116,1787057137.1205,0.0334,-2.0220,-39.4286,49.7582,37.2747,-65.8022,2.0503,-5.4462,-43.0930,53.2272,3.0364,-65.9997,1.7761,-5.4462,-43.0930,53.2272,26.9231,-65.9997,1.7761,-1050,-250,600,-900,0,0,0
146,1787057137.1494,1787057137.154,0.03341,-3.8681,-39.7802,50.8132,34.4615,-65.8022,2.0503,-4.9046,-42.8963,53.9595,2.1349,-66.0836,1.7277,-4.9046,-42.8963,53.9595,24.1978,-66.0836,1.7277,-850,-100,350,-950,0,0,0
147,1787057137.1828,1787057137.1873,0.03342,-4.1319,-40.3077,52.1319,31.9121,-65.8022,2.0503,-4.2073,-44.1842,54.6374,0.6273,-65.8781,1.6179,-4.2073,-44.1842,54.6374,21.5604,-65.8781,1.6179,-100,-250,450,-900,0,0,0
148,1787057137.2162,1787057137.2209,0.03337,-3.7802,-40.7473,53.4505,29.1868,-65.8022,2.0503,-4.3279,-43.8718,56.0311,-0.5326,-66.2071,1.6640,-4.3279,-43.8718,56.0311,18.8352,-66.2071,1.6640,200,-150,400,-950,0,0,0
149,1787057137.2496,1787057137.2541,0.03334,-3.6923,-41.1868,54.4176,26.5495,-65.8901,2.0503,-3.7752,-43.8194,56.0204,-1.4334,-66.6807,1.7166,-3.7752,-43.8194,56.0204,16.1978,-66.6807,1.7166,50,-150,350,-900,0,0,0
150,1787057137.283,1787057137.5058,0.0334,-3.8681,-41.5385,55.2967,23.8242,-65.8901,2.0503,-5.3131,-48.3826,58.0555,26.7838,-64.6984,1.1143,-5.3131,-48.3826,58.0555,26.7838,-64.6984,1.1143,0,-100,350,-900,0,0,1
151,1787057137.507,1787057137.5122,0.22401,-4.1319,-41.8901,56.1758,17.4066,-66.3297,2.0503,-5.6869,-51.8481,57.3606,32.0555,-65.6550,1.1791,-5.6869,-51.8481,57.3606,27.4066,-65.6550,1.1791,-50,0,0,0,0,0,1
152,1787057137.5402,1787057137.545,0.03327,-3.9560,-41.9780,56.2637,17.3187,-66.2418,2.0503,-5.0603,-53.4488,56.3926,36.3825,-65.6061,1.2371,-5.0603,-52.0659,56.3926,27.3187,-65.6061,1.2371,50,0,50,0,0,0,0
153,1787057137.5736,1787057137.5783,0.03341,-4.2198,-42.9451,57.0549,18.0220,-66.3297,1.7857,-3.6557,-55.5615,53.9037,41.5052,-65.9423,1.3127,-3.6557,-53.1209,53.9037,28.1978,-65.9423,1.3127,-50,-400,350,200,-50,-150,0
154,1787057137.607,1787057137.6122,0.0334,-4.7473,-45.0549,57.4066,20.3956,-66.2418,1.7857,-1.5628,-56.4515,51.3741,46.3671,-64.4714,1.1190,-1.5628,-55.4066,51.3741,30.8352,-64.4714,1.1190,-200,-700,200,900,0,0,0
155,1787057137.6404,1787057137.6453,0.03338,-4.5714,-47.5165,57.0549,23.3846,-66.0659,1.7857,0.5264,-55.9086,47.8891,51.6508,-64.4934,1.2790,0.5264,-55.9086,47.8891,33.8242,-64.4934,1.2790,50,-800,-150,1000,50,0,0
156,1787057137.6738,1787057137.6785,0.03342,-3.6923,-49.9780,55.8242,26.1978,-65.7143,1.6534,3.4387,-56.1761,43.3109,57.0160,-62.9413,1.2454,3.4387,-56.1761,45.5604,36.6374,-62.9413,1.2454,300,-850,-500,950,150,-50,0
157,1787057137.7072,1787057137.712,0.03335,-1.9341,-51.7363,53.9780,29.0989,-65.4505,1.6534,6.3294,-55.2112,39.4964,62.0616,-61.6602,1.2410,6.3294,-55.2112,43.7143,39.4505,-61.6602,1.2410,650,-650,-600,1000,150,0,0
158,1787057137.7406,1787057137.7452,0.03337,0.0000,-52.7912,51.6044,31.9121,-64.8352,1.6534,9.6446,-55.4210,35.0924,66.4218,-60.0684,1.1584,9.6446,-55.4210,41.2527,42.3516,-60.0684,1.1584,700,-350,-800,1000,200,0,0
159,1787057137.774,1787057137.7784,0.0334,2.1099,-53.2308,49.3187,34.7253,-63.6923,1.6534,12.8437,-54.8753,31.3682,69.2777,-56.7445,1.2206,12.2857,-54.8753,39.0549,44.9890,-56.7445,1.2206,700,-100,-750,950,400,0,0
160,1787057137.8074,1787057137.8128,0.03347,4.6593,-53.5824,47.1209,37.6264,-62.1978,1.6534,16.6691,-55.0086,28.8401,72.4818,-54.6313,1.1969,15.0110,-55.0086,36.7692,48.0659,-54.6313,1.1969,900,-100,-750,1000,400,0,0
161,1787057137.8407,1787057137.8456,0.03328,7.3846,-53.5824,45.0110,40.3516,-60.6154,1.6534,19.9264,-54.1454,26.7109,74.3999,-51.0851,1.3292,17.8242,-54.1454,34.6593,50.7912,-51.0851,1.3292,950,0,-700,1000,550,0,0
162,1787057137.8741,1787057137.8788,0.03338,10.4615,-53.5824,42.8132,43.1648,-58.3297,1.6534,22.8675,-53.7553,26.1312,76.7986,-47.3226,1.4229,20.9011,-53.7553,32.5495,53.4286,-48.0659,1.4229,1050,0,-750,950,850,0,0
163,1787057137.9076,1787057137.9124,0.03348,13.1868,-53.4945,40.5275,46.0659,-56.0440,1.6534,26.1194,-53.6334,24.8701,77.6995,-43.3840,1.3703,23.5385,-53.6334,30.1758,56.4176,-45.6923,1.3703,900,0,-750,1000,750,0,0
164,1787057137.9409,1787057137.9454,0.03331,15.7363,-53.4945,38.3297,48.8791,-53.0549,1.6534,29.2953,-53.9105,25.3433,77.5667,-40.8576,1.6336,26.0879,-53.9105,28.0659,59.3187,-42.7033,1.6336,950,0,-750,950,1000,0,0
165,1787057137.9743,1787057137.9788,0.03338,18.2857,-53.4066,36.1319,51.6044,-50.4176,1.6534,31.5189,-54.6559,24.5725,77.5946,-38.8630,1.4963,28.6374,-54.6559,25.7802,61.9560,-40.0659,1.4963,850,0,-750,900,900,0,0
166,1787057138.0077,1787057138.0122,0.03342,21.1868,-53.4066,33.8462,54.5055,-47.7802,1.7196,33.7735,-54.1502,25.5324,77.3449,-36.4664,1.5748,31.5385,-54.1502,25.5324,64.8571,-37.5165,1.5748,950,0,-800,1000,850,50,0
167,1787057138.0411,1787057138.0456,0.03337,24.3516,-53.4066,31.6484,57.3187,-44.9670,1.7196,36.1366,-55.0757,25.5599,76.8958,-34.9551,1.7318,34.7033,-55.0757,25.5599,67.7582,-34.9551,1.7318,1050,0,-750,950,1000,0,0
168,1787057138.0745,1787057138.0791,0.03341,26.9011,-53.5824,30.0659,60.1319,-42.2418,1.7196,37.7773,-54.3102,26.2329,76.0225,-33.8010,1.6361,37.2527,-54.3102,26.2329,70.3956,-33.8010,1.6361,850,-50,-550,950,900,0,0
169,1787057138.1078,1787057138.1124,0.03338,29.5385,-53.9341,29.1868,63.0330,-39.6044,1.7196,39.8826,-53.1098,27.2001,76.3435,-33.2467,1.7507,39.7143,-53.1098,27.2001,73.4725,-33.2467,1.7507,900,-150,-300,1000,950,0,0
170,1787057138.1412,1787057138.1457,0.03337,32.2637,-53.9341,29.0110,65.8462,-37.2308,1.7196,41.4469,-52.5440,27.4204,74.7296,-32.1793,1.8135,41.4469,-52.5440,27.4204,74.7296,-32.1793,1.8135,850,0,-100,1000,850,0,0
171,1787057138.1746,1787057138.179,0.03341,34.9890,-53.6703,28.9231,68.6593,-35.9121,1.7196,43.0479,-50.9638,28.2876,74.5370,-31.0121,1.8366,43.0479,-50.9638,28.2876,74.5370,-31.0121,1.8366,950,100,0,900,400,0,0
172,1787057138.208,1787057138.2123,0.03337,37.7143,-53.0549,28.9231,71.1209,-34.6813,1.7196,44.9704,-50.9534,28.7236,74.7155,-30.4672,1.9201,44.9704,-50.9534,28.7236,74.7155,-30.4672,1.9201,900,250,0,850,500,0,0
173,1787057138.2414,1787057138.2456,0.03343,39.8242,-52.3516,29.0989,72.3516,-33.2747,1.7196,46.6095,-49.7718,29.5417,73.8028,-29.6846,1.9063,46.6095,-49.7718,29.5417,73.8028,-29.6846,1.9063,650,200,0,350,500,0,0
174,1787057138.2748,1787057138.279,0.03335,41.5824,-51.7363,29.3626,73.0549,-32.3077,1.7196,47.9781,-49.6315,29.7356,73.8408,-28.5781,2.1811,47.9781,-49.6315,29.7356,73.8408,-28.5781,2.1811,650,250,150,200,350,0,0
175,1787057138.3081,1787057138.3125,0.03337,43.3407,-50.9451,29.5385,73.1429,-31.2527,1.7196,49.1362,-48.2115,30.7782,73.2171,-28.1418,2.0701,49.1362,-48.2115,30.7782,73.2171,-28.1418,2.0701,600,250,50,0,300,0,0
176,1787057138.3415,1787057138.3457,0.03342,45.0989,-50.3297,29.9780,73.2308,-30.2857,1.8519,50.8142,-46.9663,30.8878,73.0676,-26.5150,2.1636,50.8142,-46.9663,30.8878,73.0676,-26.5150,2.1636,550,250,200,50,250,50,0
177,1787057138.3749,1787057138.3791,0.03337,46.8571,-49.4505,30.4176,73.1429,-29.5824,1.9180,52.0907,-46.2689,30.5940,73.3687,-26.2113,2.1491,52.0907,-46.2689,30.5940,73.3687,-26.2113,2.1491,600,300,150,0,200,0,0
178,1787057138.4083,1787057138.4125,0.03339,48.1758,-48.3077,30.9451,73.2308,-28.4396,1.9180,53.4591,-45.8215,31.9659,73.4493,-25.7465,2.3892,53.4591,-45.8215,31.9659,73.4493,-25.7465,2.3892,500,400,250,0,450,0,0
179,1787057138.4417,1787057138.4459,0.0334,49.4945,-47.1648,30.9451,73.1429,-27.6484,1.9180,54.8072,-44.8909,32.6786,73.1611,-25.2240,2.3563,54.8072,-44.8909,32.6786,73.1611,-25.2240,2.3563,450,350,0,-50,300,0,0
180,1787057138.4751,1787057138.4799,0.03338,50.9011,-46.4615,31.4725,73.1429,-26.8571,1.9180,56.2964,-44.1772,33.7383,73.4532,-24.3926,2.3217,56.2964,-44.1772,33.7383,73.4532,-24.3926,2.3217,450,300,200,0,250,0,0
181,1787057138.5085,1787057138.5129,0.03337,52.4835,-45.8462,32.4396,73.1429,-26.4176,1.9180,57.6818,-43.4057,34.7967,73.0225,-23.4992,2.2515,57.6818,-43.4057,34.7967,73.0225,-23.4992,2.2515,550,200,350,0,200,0,0
182,1787057138.5419,1787057138.5465,0.03343,53.8022,-44.9670,33.2308,73.1429,-25.6264,1.9180,58.0272,-43.2166,35.8972,73.0248,-24.4779,2.4329,58.0272,-43.2166,35.8972,73.0248,-24.4779,2.4329,400,300,250,0,250,0,0
183,1787057138.5752,1787057138.5801,0.03335,55.2088,-44.1758,34.4615,73.1429,-24.7473,1.9180,58.5564,-42.1163,36.0467,71.5846,-24.1404,2.4928,58.5564,-42.1163,36.0467,71.5846,-24.1404,2.4928,500,250,400,0,300,0,0
184,1787057138.6086,1787057138.6132,0.03337,56.5275,-43.5604,35.4286,73.1429,-24.7473,1.9841,59.0300,-42.2407,36.9958,70.6887,-23.7154,2.6396,59.0300,-42.2407,36.9958,70.6887,-23.7154,2.6396,400,250,300,0,-50,50,0
185,1787057138.642,1787057138.6465,0.03345,57.4066,-42.9451,36.1319,72.7912,-24.5714,2.1825,59.1810,-42.0002,38.9593,69.2958,-24.3435,2.4661,59.1810,-42.0002,38.9593,69.2958,-24.3435,2.4661,250,250,300,-150,-50,50,0
186,1787057138.6754,1787057138.6802,0.03336,57.8462,-42.4176,36.6593,71.7363,-24.3956,2.2487,59.0656,-41.7838,39.2807,68.1031,-24.4519,2.4564,59.0656,-41.7838,39.2807,68.1031,-24.4519,2.4564,200,200,150,-350,50,50,0
187,1787057138.7088,1787057138.7136,0.03337,58.0220,-42.2418,37.8901,71.1209,-24.3956,2.2487,59.2038,-40.4703,42.4577,65.5864,-24.3205,2.5396,59.2038,-40.4703,42.4577,65.5864,-24.3205,2.5396,100,100,450,-150,50,0,0
188,1787057138.7422,1787057138.7466,0.03337,58.1978,-41.9780,38.8571,69.9780,-24.3956,2.2487,59.5114,-41.0031,42.6362,64.4598,-24.2752,2.5073,59.5114,-41.0031,42.6362,64.4598,-24.2752,2.5073,50,100,400,-400,0,0,0
189,1787057138.7756,1787057138.7801,0.03341,58.5495,-41.2747,40.0000,68.7473,-24.3956,2.2487,59.1365,-39.4516,43.6961,62.8574,-24.5274,2.4753,59.1365,-39.4516,43.6961,62.8574,-24.5274,2.4753,100,200,350,-500,0,0,0
190,1787057138.809,1787057138.8141,0.03339,58.7253,-40.9231,41.5824,66.9890,-24.4835,2.2487,59.1418,-39.2618,43.9577,62.2072,-24.4807,2.4986,59.1418,-39.2618,43.9577,62.2072,-24.4807,2.4986,100,100,550,-600,-50,0,0
191,1787057138.8423,1787057138.8471,0.03339,58.9011,-40.6593,42.9890,65.4945,-24.3956,2.2487,59.1007,-38.6452,44.3368,61.6972,-25.1812,2.4807,59.1007,-38.6452,44.3368,61.6972,-25.1812,2.4807,0,100,550,-500,50,0,0
192,1787057138.8757,1787057138.8802,0.03335,58.9011,-39.7802,43.6923,64.3516,-24.3956,2.2487,58.8444,-37.2097,44.9224,61.2055,-25.0754,2.5465,58.8444,-37.2097,44.9224,61.2055,-25.0754,2.5465,0,300,250,-350,0,0,0
193,1787057138.9091,1787057138.9139,0.03341,58.8132,-39.0769,44.3077,63.3846,-24.4835,2.2487,58.9071,-36.3197,44.8070,60.8555,-25.4407,2.5835,58.9071,-36.3197,44.8070,60.8555,-25.4407,2.5835,-50,250,200,-350,-50,0,0
194,1787057138.9425,1787057138.9509,0.03338,58.8132,-38.1978,44.9231,62.6813,-24.5714,2.2487,58.9088,-35.7637,45.1912,60.0367,-25.2352,2.5951,58.9088,-35.7637,45.1912,60.0367,-25.2352,2.5951,0,250,250,-250,-50,0,0
195,1787057138.9759,1787057138.9806,0.03336,58.8132,-37.1429,45.0110,62.1538,-24.7473,2.2487,58.8158,-34.7355,45.3800,59.1879,-25.2869,2.6059,58.8158,-34.7355,45.3800,59.1879,-25.2869,2.6059,0,350,50,-200,0,0,0
196,1787057139.0092,1787057139.0136,0.0334,58.8132,-36.3516,45.2747,61.4505,-24.8352,2.2487,58.8933,-33.9083,45.3657,58.0059,-25.1497,2.7277,58.8933,-33.9083,45.3657,58.0059,-25.1497,2.7277,0,300,100,-200,-50,0,0
197,1787057139.0427,1787057139.0469,0.03341,58.8132,-35.5604,45.5385,60.4835,-24.8352,2.2487,58.5007,-32.6640,45.1129,57.8659,-25.4600,2.7988,58.5007,-32.6640,45.1129,57.8659,-25.4600,2.7988,0,200,150,-300,0,0,0
198,1787057139.076,1787057139.0805,0.03338,58.8132,-34.5934,45.5385,59.6923,-24.8352,2.3148,58.6528,-32.5104,45.7909,57.1308,-24.9133,3.1047,58.6528,-32.5104,45.7909,57.1308,-24.9133,3.1047,0,350,0,-300,0,0,0
199,1787057139.1094,1787057139.114,0.03337,58.8132,-33.6264,45.6264,59.0769,-24.8352,2.3148,58.4173,-31.8767,46.3639,56.5540,-25.4537,3.5249,58.4173,-31.8767,46.3639,56.5540,-25.4537,3.5249,0,300,50,-250,0,0,0
200,1787057139.1429,1787057139.3608,0.03345,58.8132,-32.9231,45.8022,58.3736,-24.8352,2.6455,56.2585,-35.0222,45.0068,58.8005,-23.1999,2.3244,56.2585,-35.0222,45.0068,58.8005,-23.1999,2.3244,0,250,0,-250,0,150,1
201,1787057139.362,1787057139.3668,0.21915,58.8132,-31.9560,46.6813,57.1429,-25.0110,3.2407,57.8764,-34.9248,44.7955,59.6463,-23.6342,2.5560,57.8764,-34.9248,44.7955,59.6463,-23.6342,2.5560,0,0,0,0,0,0,1
202,1787057139.3953,1787057139.3997,0.03333,58.8132,-32.0440,46.6813,57.1429,-25.0989,3.2407,58.7786,-35.7849,44.3486,59.7338,-23.5507,2.5134,58.7786,-35.7849,44.3486,59.7338,-23.5507,2.5134,0,0,0,0,0,0,0
203,1787057139.4287,1787057139.433,0.03335,58.8132,-32.2198,46.6813,57.7582,-24.7473,3.1085,59.7601,-36.1773,43.4747,60.1653,-24.0361,2.6838,59.7601,-36.1773,43.4747,60.1653,-24.0361,2.6838,0,-100,0,300,150,-50,0
204,1787057139.4621,1787057139.4669,0.0334,58.7253,-32.9231,46.6813,58.8132,-24.1319,2.9101,60.6533,-35.7590,43.1956,60.1742,-23.2573,2.5745,60.6533,-35.7590,43.1956,60.1742,-23.2573,2.5745,0,-250,0,350,200,-50,0
205,1787057139.4955,1787057139.5,0.03336,58.9011,-33.5385,46.3297,59.2527,-24.1319,2.9101,61.5583,-36.0377,43.1239,60.4580,-22.8139,2.3674,61.5583,-36.0377,43.1239,60.4580,-22.8139,2.3674,100,-200,-100,150,0,0,0
206,1787057139.5288,1787057139.5335,0.03337,59.5165,-33.6264,45.8901,59.5165,-24.0440,2.9101,62.2908,-35.9678,43.0387,60.6373,-22.7258,2.5399,62.2908,-35.9678,43.0387,60.6373,-22.7258,2.5399,150,0,-150,50,50,0,0
207,1787057139.5622,1787057139.5666,0.03339,60.3956,-33.8022,45.8022,59.8681,-23.6044,2.7778,62.9101,-35.3272,42.6887,60.7219,-22.6575,2.5197,62.9101,-35.3272,42.6887,60.7219,-22.6575,2.5197,350,-100,-50,100,100,-50,0
208,1787057139.5956,1787057139.5999,0.03339,61.1868,-33.8022,45.7143,60.1319,-23.4286,2.7778,64.1761,-34.6643,42.5268,60.5311,-22.1912,2.4564,64.1761,-34.6643,42.5268,60.5311,-22.1912,2.4564,250,0,-50,100,100,0,0
209,1787057139.629,1787057139.6332,0.03337,61.8022,-33.8022,45.4505,60.3077,-23.2527,2.7778,64.6089,-34.8529,42.0776,60.4237,-21.7512,2.4588,64.6089,-34.8529,42.0776,60.4237,-21.7512,2.4588,250,0,-100,50,50,0,0
210,1787057139.6624,1787057139.6668,0.03343,62.4176,-33.8022,45.1868,60.3077,-22.9011,2.7778,64.9777,-34.7332,41.8172,60.3542,-21.2971,2.4842,64.9777,-34.7332,41.8172,60.3542,-21.2971,2.4842,200,0,-150,0,100,0,0
211,1787057139.6957,1787057139.7001,0.03335,63.2088,-33.8022,44.7473,60.3077,-22.4615,2.7778,65.5128,-34.4041,41.6863,60.1221,-21.2336,2.5199,65.5128,-34.4041,41.6863,60.1221,-21.2336,2.5199,300,0,-150,0,200,0,0
212,1787057139.7291,1787057139.7336,0.0334,64.0879,-33.8022,44.5714,60.3077,-22.1099,2.7778,65.9779,-33.5122,42.0874,59.9483,-21.4254,2.4336,65.9779,-33.5122,42.0874,59.9483,-21.4254,2.4336,300,0,-100,0,150,0,0
213,1787057139.7625,1787057139.767,0.0334,64.7033,-33.8022,44.3956,60.3077,-21.9341,2.7778,66.2465,-33.0894,41.7749,60.0175,-21.0486,2.3163,66.2465,-33.0894,41.7749,60.0175,-21.0486,2.3163,200,0,0,0,0,0,0
214,1787057139.796,1787057139.8006,0.03341,64.9670,-33.6264,44.3956,60.3077,-21.8462,2.7778,66.9229,-32.5556,41.7436,59.6501,-21.1633,2.5872,66.9229,-32.5556,41.7436,59.6501,-21.1633,2.5872,100,50,0,0,0,0,0
215,1787057139.8293,1787057139.8337,0.03336,65.2308,-33.0989,44.3077,60.3077,-21.7582,2.6455,67.3624,-31.3886,42.4246,59.6883,-21.3053,2.4347,67.3624,-31.3886,42.4246,59.6883,-21.3053,2.4347,100,200,-50,0,50,-50,0
216,1787057139.8627,1787057139.8672,0.03338,65.7582,-32.5714,44.3077,60.3077,-21.6703,2.6455,68.3618,-30.5846,41.9966,58.2184,-21.2204,2.4856,68.3618,-30.5846,41.9966,58.2184,-21.2204,2.4856,150,200,0,0,0,0,0
217,1787057139.8961,1787057139.901,0.03341,66.4615,-31.9560,44.2198,60.3077,-21.5824,2.6455,68.6445,-29.9108,42.4835,58.7175,-21.7290,2.3947,68.6445,-29.9108,42.4835,58.7175,-21.7290,2.3947,250,150,-50,0,0,0,0
218,1787057139.9295,1787057139.9341,0.03339,67.1648,-31.1648,44.2198,59.6923,-21.4945,2.6455,69.4245,-29.2268,42.1134,57.5041,-21.4665,2.3927,69.4245,-29.2268,42.1134,57.5041,-21.4665,2.3927,250,300,0,-300,50,0,0
219,1787057139.9628,1787057139.9672,0.03333,67.6923,-30.2857,44.2198,59.2527,-21.5824,2.6455,70.7460,-28.5935,41.4506,56.9011,-21.3022,2.4381,70.7460,-28.5935,41.4506,56.9011,-21.3022,2.4381,150,300,0,-200,0,0,0
220,1787057139.9962,1787057140.0005,0.0334,68.2198,-29.5824,44.2198,59.0769,-21.5824,2.6455,71.3336,-28.3243,41.8601,56.3528,-21.3494,2.4531,71.3336,-28.3243,41.8601,56.3528,-21.3494,2.4531,150,250,0,0,0,0,0
221,1787057140.0296,1787057140.0338,0.03338,69.0110,-28.8791,44.0440,58.1099,-21.5824,2.6455,71.7009,-26.9119,40.9289,55.0708,-21.1543,2.4707,71.7009,-26.9119,40.9289,55.0708,-21.1543,2.4707,300,250,-50,-300,0,0,0
222,1787057140.063,1787057140.0673,0.0334,70.0659,-28.3516,44.0440,57.5824,-21.5824,2.6455,72.4341,-26.4874,40.3995,54.6336,-21.2310,2.4217,72.4341,-26.4874,40.3995,54.6336,-21.2310,2.4217,350,150,0,-250,0,0,0
223,1787057140.0964,1787057140.1007,0.0334,70.8571,-27.6484,43.7802,56.7033,-21.5824,2.6455,72.6287,-25.2413,40.3187,54.1308,-20.9592,2.5952,72.6287,-25.2413,40.3187,54.1308,-20.9592,2.5952,250,200,-50,-250,0,0,0
224,1787057140.1298,1787057140.134,0.03339,71.2088,-26.7692,43.0769,55.9121,-21.5824,2.6455,72.6195,-24.7915,39.8781,53.8939,-21.5295,2.4843,72.6195,-24.7915,39.8781,53.8939,-21.5295,2.4843,150,350,-250,-250,0,0,0
225,1787057140.1631,1787057140.1675,0.03336,71.4725,-25.9780,42.8132,55.3846,-21.4066,2.6455,72.8907,-23.6296,40.1510,53.2294,-21.2791,2.6674,72.8907,-23.6296,40.1510,53.2294,-21.2791,2.6674,50,300,-100,-200,50,0,0
226,1787057140.1965,1787057140.2008,0.03339,71.8242,-25.0989,42.5495,54.8571,-21.4066,2.6455,73.4349,-23.5937,40.1451,53.7297,-21.2374,2.5860,73.4349,-23.5937,40.1451,53.7297,-21.2374,2.5860,150,300,-150,-150,50,0,0
227,1787057140.23,1787057140.2353,0.03342,72.3516,-24.2198,42.4615,54.4176,-21.4066,2.6455,74.1763,-24.1482,39.4210,54.0900,-21.3909,2.5898,74.1763,-24.1482,39.4210,54.0900,-21.3909,2.5898,200,300,0,-200,0,0,0
228,1787057140.2633,1787057140.2675,0.03336,72.7033,-23.7802,42.4615,54.3297,-21.4066,2.6455,74.3273,-23.6380,39.2822,54.0027,-21.0270,2.5219,74.3273,-23.6380,39.2822,54.0027,-21.0270,2.5219,150,150,0,50,0,0,0
229,1787057140.2967,1787057140.3008,0.03338,73.0549,-23.6923,42.3736,54.3297,-21.3187,2.6455,74.4141,-22.9556,39.9037,53.4419,-21.5457,2.7389,74.4141,-22.9556,39.9037,53.4419,-21.5457,2.7389,100,0,0,0,0,0,0
230,1787057140.3301,1787057140.3343,0.03342,73.4945,-23.6044,41.9341,54.2418,-21.4066,2.6455,74.5648,-22.7464,39.0664,53.5716,-21.3819,2.5466,74.5648,-22.7464,39.0664,53.5716,-21.3819,2.5466,100,0,-150,-50,-50,0,0
231,1787057140.3636,1787057140.3681,0.03345,73.8462,-23.2527,41.8462,53.9780,-21.4066,2.6455,74.5022,-22.5504,39.2790,53.6571,-21.2973,2.6516,74.5022,-22.5504,39.2790,53.6571,-21.2973,2.6516,100,150,-50,-150,0,0,0
232,1787057140.3969,1787057140.4012,0.03338,74.1099,-22.7253,41.7582,53.9780,-21.4066,2.6455,74.0852,-22.8040,39.5198,54.3354,-21.3262,2.6963,74.0852,-22.8040,39.5198,54.3354,-21.3262,2.6963,100,150,-50,0,0,0,0
233,1787057140.4303,1787057140.435,0.03339,74.1978,-22.6374,41.6703,53.9780,-21.4066,2.6455,74.0542,-23.1048,38.7297,54.4088,-21.5267,2.6611,74.0542,-23.1048,38.7297,54.4088,-21.5267,2.6611,50,50,0,0,0,0,0
234,1787057140.4637,1787057140.4684,0.03335,74.1978,-22.6374,41.4945,54.0659,-21.4066,2.6455,74.1727,-23.4328,39.1470,53.8571,-20.9389,2.6560,74.1727,-23.4328,39.1470,53.8571,-20.9389,2.6560,0,0,-50,0,0,0,0
235,1787057140.4971,1787057140.5025,0.0334,74.1099,-22.6374,41.2308,54.1538,-21.4066,2.6455,74.3499,-23.2441,39.3563,54.2449,-21.1769,2.6072,74.3499,-23.2441,39.3563,54.2449,-21.1769,2.6072,0,0,-100,100,0,0,0
236,1787057140.5306,1787057140.5352,0.03348,73.9341,-22.6374,41.2308,54.1538,-21.4066,2.6455,74.2602,-23.0509,39.5283,54.2582,-21.9271,2.5764,74.2602,-23.0509,39.5283,54.2582,-21.9271,2.5764,0,0,0,0,0,0,0
237,1787057140.5639,1787057140.5682,0.0333,73.9341,-22.6374,41.2308,54.1538,-21.4066,2.6455,74.4215,-22.7525,39.9601,54.2024,-21.5957,2.4108,74.4215,-22.7525,39.9601,54.2024,-21.5957,2.4108,0,0,0,0,0,0,0
238,1787057140.5973,1787057140.6016,0.03339,73.9341,-22.6374,41.1429,54.1538,-21.4066,2.6455,74.0949,-22.6199,40.1868,54.1058,-21.9586,2.3938,74.0949,-22.6199,40.1868,54.1058,-21.9586,2.3938,0,0,-50,0,0,0,0
239,1787057140.6306,1787057140.635,0.03333,73.9341,-22.5495,41.2308,54.1538,-21.4066,2.6455,74.1984,-22.4217,40.3229,53.5982,-21.8415,2.4669,74.1984,-22.4217,40.3229,53.5982,-21.8415,2.4669,0,50,50,0,0,0,0
240,1787057140.664,1787057140.6683,0.0334,73.9341,-22.4615,41.2308,54.1538,-21.4945,2.6455,73.9347,-22.3455,40.8946,54.3045,-21.6513,2.5863,73.9347,-22.3455,40.8946,54.3045,-21.6513,2.5863,0,50,0,0,-50,0,0
241,1787057140.6974,1787057140.7016,0.03341,73.9341,-22.3736,41.2308,54.1538,-21.4945,2.6455,73.6541,-22.1012,41.1962,53.9858,-21.9593,2.9187,73.6541,-22.1012,41.1962,53.9858,-21.9593,2.9187,0,0,0,0,0,0,0
242,1787057140.7308,1787057140.735,0.03338,73.9341,-22.3736,41.3187,54.1538,-21.4945,2.6455,73.4306,-22.2880,41.6277,54.1716,-22.3751,3.7963,73.4306,-22.2880,41.6277,54.1716,-22.3751,3.7963,0,0,0,0,0,0,0
243,1787057140.7642,1787057140.7684,0.03341,73.9341,-22.1099,41.5824,54.1538,-21.6703,2.6455,73.2745,-22.3628,40.9163,54.1688,-22.5131,5.4313,73.2745,-22.3628,40.9163,54.1688,-22.5131,5.4313,0,100,100,0,-50,0,0
244,1787057140.7976,1787057140.8023,0.0334,73.9341,-22.0220,41.8462,54.1538,-21.9341,3.0423,73.0004,-22.2809,41.3550,54.0940,-21.7226,7.8683,73.0004,-22.2809,41.3550,54.0940,-21.7226,7.8683,0,0,100,0,-100,200,0
245,1787057140.8309,1787057140.8353,0.03335,73.9341,-22.0220,41.8462,54.1538,-22.0220,3.9021,73.1093,-21.7553,41.3389,54.4710,-21.7136,10.7070,73.1093,-21.7553,41.3389,54.4710,-21.7136,10.7070,0,0,0,0,0,250,0
246,1787057140.8644,1787057140.8687,0.03346,73.7582,-22.0220,41.8462,54.1538,-21.9341,5.3571,73.0075,-21.6892,41.6087,54.7518,-21.1695,13.7420,73.0075,-21.6892,41.6087,54.7518,-21.1695,13.7420,-50,0,0,0,50,650,0
247,1787057140.8977,1787057140.9021,0.03332,73.4945,-21.8462,41.8462,54.1538,-21.9341,7.2090,72.8757,-21.5361,41.4074,54.8704,-21.2899,16.6064,72.8757,-21.5361,41.4074,54.8704,-21.2899,16.6064,-50,50,0,0,0,850,0
248,1787057140.9311,1787057140.9353,0.03337,73.1429,-21.6703,41.9341,54.3297,-21.7582,9.4577,72.8474,-21.4249,41.2159,55.7187,-21.6125,19.3774,72.8474,-21.4249,41.2159,55.7187,-21.6125,19.3774,-100,50,0,0,100,950,0
249,1787057140.9645,1787057140.9687,0.03344,73.0549,-21.4945,41.9341,54.5055,-21.7582,11.8386,72.9738,-21.5099,41.1645,55.9795,-21.2250,21.2237,72.9738,-21.5099,41.1645,55.9795,-21.2250,21.2237,-50,100,0,50,0,1100,0
250,1787057140.9979,1787057141.2254,0.03337,73.0549,-21.4066,41.9341,55.0330,-21.7582,14.4180,71.7568,-24.1181,42.4495,55.1784,-11.3221,21.4895,71.7568,-24.1181,42.4495,55.1784,-11.4066,21.4895,0,0,0,200,0,1200,1
251,1787057141.2265,1787057141.2316,0.22865,73.0549,-21.4066,41.9341,55.6484,-21.4066,20.7011,71.6078,-24.7535,42.5007,55.1907,-11.6366,21.2954,71.6078,-24.7535,42.5007,55.1907,-11.6366,21.2954,0,0,0,0,0,100,1
252,1787057141.2598,1787057141.2643,0.03326,73.0549,-21.4066,41.9341,55.6484,-21.4066,20.7672,72.0922,-25.1579,41.4061,55.5769,-10.5240,21.1677,72.0922,-25.1579,41.4061,55.5769,-11.4066,21.1677,0,0,0,0,0,50,0
253,1787057141.2932,1787057141.2976,0.03339,72.9670,-21.6703,42.2857,55.5604,-20.6154,20.8995,72.5860,-26.0451,43.9676,55.2740,-10.0570,21.2333,72.5860,-26.0451,43.9676,55.2740,-10.3516,21.2333,50,-50,50,0,150,50,0
254,1787057141.3266,1787057141.3308,0.03338,72.4396,-22.2857,42.5495,55.7363,-17.9780,20.9656,72.6953,-25.8059,42.8711,55.0368,-9.6691,21.1884,72.6953,-25.8059,42.8711,55.0368,-9.6691,21.1884,-150,-200,100,100,850,0,0
255,1787057141.3599,1787057141.3644,0.03337,72.3516,-22.7253,42.4615,55.5604,-15.2527,20.9656,72.7951,-24.6204,43.5651,54.5602,-9.4815,21.1383,72.7951,-24.6204,43.5651,54.5602,-9.4815,21.1383,0,-100,-50,-100,850,0,0
256,1787057141.3934,1787057141.3977,0.03343,72.3516,-23.1648,42.9011,55.4725,-12.9670,20.9656,73.4000,-25.4974,43.9094,54.7083,-9.3581,21.2646,73.4000,-25.4974,43.9094,54.7083,-9.3581,21.2646,0,-150,200,-50,850,0,0
257,1787057141.4267,1787057141.4311,0.03335,72.7033,-23.2527,43.6044,55.2088,-11.7363,20.9656,73.5004,-25.3016,42.5529,54.6039,-8.3093,21.2405,73.5004,-25.3016,42.5529,54.6039,-8.3093,21.2405,150,0,250,-100,450,0,0
258,1787057141.4601,1787057141.4646,0.03338,72.7912,-23.1648,44.0440,55.1209,-10.9451,20.9656,73.5162,-25.8920,43.7212,54.3269,-8.4352,21.3081,73.5162,-25.8920,43.7212,54.3269,-8.4352,21.3081,50,0,150,0,250,0,0
259,1787057141.4935,1787057141.498,0.03342,72.8791,-23.1648,43.9560,55.1209,-10.1538,20.9656,73.5039,-25.3167,43.3827,55.3015,-8.7663,21.5161,73.5039,-25.3167,43.3827,55.3015,-8.7663,21.5161,50,0,-50,0,300,0,0
260,1787057141.5269,1787057141.5323,0.03336,72.8791,-23.3407,43.9560,54.9451,-9.6264,20.9656,73.8418,-25.1428,44.8290,55.4767,-8.7986,21.3475,73.8418,-25.1428,44.8290,55.4767,-8.7986,21.3475,0,-50,0,-50,200,0,0
261,1787057141.5603,1787057141.5647,0.03337,72.8791,-23.3407,43.9560,55.2088,-9.4505,21.0317,74.2922,-23.7652,44.8414,55.1431,-7.5550,21.1582,74.2922,-23.7652,44.8414,55.1431,-7.5550,21.1582,0,0,0,100,100,50,0
262,1787057141.5937,1787057141.5981,0.03342,73.0549,-23.3407,44.3077,55.2967,-9.2747,21.0979,73.9061,-24.7724,44.7369,54.3735,-8.6648,20.9657,73.9061,-24.7724,44.7369,54.3735,-8.6648,20.9657,50,0,150,0,0,0,0
263,1787057141.627,1787057141.6316,0.03338,73.4066,-23.2527,44.9231,55.2967,-8.6593,21.0979,73.9355,-24.1716,45.1334,55.2014,-8.1571,20.9220,73.9355,-24.1716,45.1334,55.2014,-8.1571,20.9220,150,0,250,0,200,0,0
264,1787057141.6604,1787057141.6651,0.03337,73.6703,-23.0769,44.9231,55.1209,-8.5714,21.0317,74.6763,-24.3950,45.9036,55.0134,-7.3604,21.0962,74.6763,-24.3950,45.9036,55.0134,-7.3604,21.0962,50,50,0,-100,50,-50,0
265,1787057141.6939,1787057141.6983,0.03343,73.7582,-23.0769,45.1868,55.2088,-8.6593,21.0317,74.7394,-24.9116,45.3173,54.6522,-7.1182,20.5729,74.7394,-24.9116,45.3173,54.6522,-7.1182,20.5729,0,50,100,50,-100,0,0
266,1787057141.7272,1787057141.7316,0.03334,73.8462,-23.1648,45.6264,55.1209,-8.1319,21.0317,75.0863,-24.0829,45.7055,54.7370,-5.9952,20.5158,75.0863,-24.0829,45.7055,54.7370,-5.9952,20.5158,50,-50,150,0,200,0,0
267,1787057141.7606,1787057141.7649,0.03338,73.9341,-23.0769,45.8022,55.1209,-7.6044,20.8995,74.8810,-24.1038,45.4109,55.0628,-6.3832,20.4431,74.8810,-24.1038,45.4109,55.0628,-6.3832,20.4431,0,50,50,0,250,-50,0
268,1787057141.794,1787057141.7988,0.03344,74.3736,-23.0769,45.8901,55.1209,-7.2527,20.7672,74.9415,-22.7640,44.7689,55.4494,-6.6649,20.2320,74.9415,-22.7640,44.7689,55.4494,-6.6649,20.2320,150,0,50,0,100,-50,0
269,1787057141.8274,1787057141.8326,0.03337,74.7253,-23.0769,45.9780,55.2088,-6.9890,20.6349,75.0327,-23.5897,45.5564,54.1115,-6.2720,20.1476,75.0327,-23.5897,45.5564,54.1115,-6.2720,20.1476,200,0,50,50,150,0,0
270,1787057141.8607,1787057141.8651,0.03335,74.7253,-22.9011,45.9780,55.2088,-7.0769,20.4365,75.1267,-23.0424,45.9616,54.0907,-5.1145,20.3413,75.1267,-23.0424,45.9616,54.0907,-5.1145,20.3413,0,50,0,0,0,-50,0
271,1787057141.8941,1787057141.8986,0.03339,74.3736,-22.6374,46.2418,54.8571,-6.8132,20.3704,74.7520,-22.2500,45.3993,54.8792,-5.8963,20.4254,74.7520,-22.2500,45.3993,54.8792,-5.8963,20.4254,-100,50,150,-150,100,-50,0
272,1787057141.9275,1787057141.932,0.03342,74.3736,-22.6374,46.5055,54.6813,-6.1099,20.4365,75.1445,-21.5301,46.3838,53.5202,-4.7793,20.5061,75.1445,-21.5301,46.3838,53.5202,-4.7793,20.5061,0,0,100,-150,250,0,0
273,1787057141.9609,1787057141.9653,0.03331,74.4615,-22.1978,46.4176,54.7692,-6.0220,20.4365,75.4627,-21.4967,46.8596,53.2349,-4.9008,20.4392,75.4627,-21.4967,46.8596,53.2349,-4.9008,20.4392,50,150,0,50,-50,0,0
274,1787057141.9943,1787057141.9987,0.03347,74.6374,-21.6703,46.7692,54.3297,-5.8462,20.4365,75.0476,-21.8315,46.4106,52.5975,-5.5595,20.4326,75.0476,-21.8315,46.4106,52.5975,-5.5595,20.4326,50,200,200,-150,100,0,0
275,1787057142.0276,1787057142.0321,0.0333,74.8132,-21.4945,47.2088,53.9780,-5.4945,20.4365,74.0789,-21.5303,47.8551,52.1812,-6.3299,20.2437,74.0789,-21.5303,47.8551,52.1812,-6.3299,20.2437,50,100,200,-250,150,0,0
276,1787057142.0611,1787057142.066,0.03346,75.0769,-21.4945,47.2088,53.4505,-5.4945,20.4365,74.3603,-20.3501,48.5728,51.9568,-5.7734,20.2412,74.3603,-20.3501,48.5728,51.9568,-5.7734,20.2412,100,0,0,-100,50,0,0
277,1787057142.0944,1787057142.0988,0.03337,74.9890,-21.4945,47.3846,52.8352,-5.9341,20.4365,74.0116,-20.2457,47.7172,51.4627,-5.8075,20.2855,74.0116,-20.2457,47.7172,51.4627,-5.8075,20.2855,0,0,50,-250,-100,0,0
278,1787057142.1278,1787057142.1325,0.03338,74.6374,-20.9670,48.0879,52.5714,-5.8462,20.5026,74.1574,-19.2660,48.2682,51.3964,-6.5842,20.2825,74.1574,-19.2660,48.2682,51.3964,-6.5842,20.2825,-200,100,250,-50,50,0,0
279,1787057142.1612,1787057142.1655,0.03334,74.2857,-20.1758,48.3516,52.3956,-5.5824,20.4365,73.6636,-18.5968,48.2890,50.7291,-6.1042,20.4988,73.6636,-18.5968,48.2890,50.7291,-6.1042,20.4988,-150,300,100,-50,150,-50,0
280,1787057142.1946,1787057142.1992,0.03342,74.2857,-19.6484,48.4396,52.0440,-6.1099,20.4365,73.6962,-19.3852,49.5757,50.3465,-6.2720,20.3176,73.6962,-19.3852,49.5757,50.3465,-6.2720,20.3176,0,150,50,-150,-250,0,0
281,1787057142.228,1787057142.2323,0.03337,74.4615,-19.1209,48.6154,51.5165,-6.1099,20.4365,73.8373,-18.9125,49.7859,49.3517,-6.9587,20.3056,73.8373,-18.9125,49.7859,49.3517,-6.9587,20.3056,50,200,100,-150,0,0,0
282,1787057142.2614,1787057142.2663,0.03344,74.3736,-18.8571,49.1429,51.0769,-6.1978,20.4365,74.1711,-18.5986,50.0877,48.8169,-6.1159,20.3092,74.1711,-18.5986,50.0877,48.8169,-6.1159,20.3092,-50,50,150,-150,0,0,0
283,1787057142.2948,1787057142.2996,0.03344,73.9341,-18.8571,49.8462,50.5495,-6.2857,20.4365,73.9807,-18.5617,48.9994,48.2997,-6.1901,20.2381,73.9807,-18.5617,48.9994,48.2997,-6.1901,20.2381,-150,0,200,-200,0,0,0
284,1787057142.3282,1787057142.3327,0.03335,73.9341,-18.5934,49.8462,49.6703,-6.2857,20.4365,73.6801,-18.7345,48.9989,48.0661,-6.6674,20.4386,73.6801,-18.7345,48.9989,48.0661,-6.6674,20.4386,0,50,50,-300,0,0,0
285,1787057142.3615,1787057142.3661,0.03337,74.0220,-18.5055,49.9341,49.3187,-6.1978,20.4365,74.0658,-18.9914,50.6304,47.3655,-6.3186,20.1463,74.0658,-18.9914,50.6304,47.3655,-6.3186,20.1463,0,50,0,-50,0,0,0
286,1787057142.395,1787057142.3992,0.03345,74.2857,-18.4176,49.9341,48.8791,-6.3736,20.4365,73.6797,-19.0767,49.9318,47.5224,-7.2092,20.2211,73.6797,-19.0767,49.9318,47.5224,-7.2092,20.2211,50,50,0,-150,-100,0,0
287,1787057142.4284,1787057142.4329,0.03339,74.2857,-18.5055,50.1099,48.2637,-6.3736,20.3704,73.3087,-18.8197,49.8447,47.1717,-6.7162,20.2094,73.3087,-18.8197,49.8447,47.1717,-6.7162,20.2094,0,-50,100,-200,0,-50,0
288,1787057142.4617,1787057142.4665,0.03337,74.1099,-18.5055,50.4615,48.0879,-6.5495,20.3042,73.3544,-18.6461,49.9082,47.4998,-7.3220,20.2507,73.3544,-18.6461,49.9082,47.4998,-7.3220,20.2507,0,0,200,-150,-100,0,0
289,1787057142.4952,1787057142.5,0.03344,73.8462,-18.3297,50.5495,47.9121,-6.5495,20.3042,72.9286,-18.4572,51.0914,47.3675,-8.0212,20.2042,72.9286,-18.4572,51.0914,47.3675,-8.0212,20.2042,-100,100,0,-100,0,0,0
290,1787057142.5285,1787057142.533,0.03335,73.5824,-18.3297,50.4615,47.9121,-6.9011,20.3042,73.0457,-19.4521,51.0553,46.6934,-8.6008,20.1960,73.0457,-19.4521,51.0553,46.6934,-8.6008,20.1960,-50,0,-50,0,-150,0,0
291,1787057142.562,1787057142.5667,0.03343,73.3187,-18.4176,50.7253,47.6484,-7.3407,20.3042,72.2038,-19.1072,51.6185,47.1195,-8.9930,20.2182,72.2038,-19.1072,51.6185,47.1195,-8.9930,20.2182,-150,-50,50,0,-100,0,0
292,1787057142.5954,1787057142.6001,0.03343,73.2308,-18.3297,51.2527,47.5604,-7.6044,20.3042,72.4614,-19.2401,51.6042,46.1129,-10.0484,20.0149,72.4614,-19.2401,51.6042,46.1129,-10.0484,20.0149,-50,0,150,0,-50,0,0
293,1787057142.6288,1787057142.6335,0.03337,73.2308,-18.3297,51.6044,47.3846,-8.3077,20.3042,71.8960,-19.1585,52.5510,46.0107,-10.9264,20.2177,71.8960,-19.1585,52.5510,46.0107,-10.9264,20.2177,50,0,100,-50,-150,0,0
294,1787057142.6621,1787057142.6668,0.03336,73.1429,-18.3297,51.6923,46.9451,-8.9231,20.2381,71.7032,-19.3962,52.1148,46.2988,-12.9969,19.9016,71.7032,-19.3962,52.1148,46.2988,-12.9969,19.9016,0,0,50,-100,-200,-50,0
295,1787057142.6955,1787057142.7005,0.03342,72.6154,-18.3297,52.0440,46.4176,-9.8022,20.2381,71.2251,-19.3089,52.5932,46.2883,-14.8527,19.6709,71.2251,-19.3089,52.5932,46.2883,-14.8527,19.6709,-200,0,150,-200,-300,0,0
296,1787057142.7289,1787057142.7336,0.03338,72.0000,-18.3297,52.3956,46.7692,-10.5055,20.1058,70.2045,-20.2892,52.5716,45.7566,-15.9204,19.5452,70.2045,-20.2892,52.5716,45.7566,-15.9204,19.5452,-200,0,100,150,-300,-150,0
297,1787057142.7623,1787057142.7669,0.03339,71.6484,-18.3297,52.6593,46.6813,-12.5275,19.9735,69.9320,-19.4309,53.2247,47.0530,-17.8392,19.3331,69.9320,-19.4309,53.2247,47.0530,-17.8392,19.3331,-100,0,100,0,-600,-100,0
298,1787057142.7957,1787057142.8009,0.03341,71.3846,-18.4176,52.8352,46.4176,-13.9341,19.7090,68.9943,-19.7177,52.2818,46.0872,-19.5932,18.7042,68.9943,-19.7177,52.2818,46.0872,-19.5932,18.7042,-100,-50,100,-100,-400,-100,0
299,1787057142.8291,1787057142.834,0.03337,70.9451,-18.4176,53.0989,46.4176,-15.3407,19.6429,68.4306,-19.9453,52.1703,47.7795,-20.7988,18.3616,68.4306,-19.9453,52.1703,47.7795,-20.7988,18.3616,-150,0,100,-50,-350,0,0
300,1787057142.8625,1787057143.0884,0.03344,70.1538,-18.4176,53.0989,46.6813,-17.0110,19.1138,60.8100,-21.3266,52.2894,51.0314,2.5214,19.5868,60.8100,-21.3266,52.2894,51.0314,-10.4396,19.5868,-300,0,0,-50,-450,-300,1
301,1787057143.0895,1787057143.095,0.227,68.6593,-18.5055,53.0989,47.3846,-20.4396,18.5185,60.8692,-20.2163,51.7438,50.8420,2.0076,19.6195,60.8692,-20.2163,51.7438,50.8420,-10.4396,19.6195,-150,0,0,0,-100,0,1
302,1787057143.1228,1787057143.1281,0.03328,68.4835,-18.5055,53.0989,47.3846,-20.4396,18.5847,61.4046,-20.5046,51.3302,51.7126,2.4813,19.6770,61.4046,-20.5046,51.3302,51.7126,-10.4396,19.6770,-50,0,0,0,0,50,0
303,1787057143.1562,1787057143.1611,0.0334,68.1319,-18.5055,53.0989,48.2637,-19.9121,18.9153,61.5891,-20.2883,51.8418,51.2365,1.6708,19.8646,61.5891,-20.2883,51.8418,51.2365,-9.7363,19.8646,-50,0,0,250,150,100,0
304,1787057143.1896,1787057143.1945,0.03342,66.1099,-18.5055,53.0110,49.8462,-17.6264,19.2460,62.2514,-20.8781,51.9201,51.4447,2.5027,19.7928,62.2514,-20.8781,51.9201,51.4447,-7.2747,19.7928,-600,0,-50,550,850,150,0
305,1787057143.223,1787057143.2277,0.03337,63.7363,-18.5934,53.0110,50.1978,-14.4615,19.3783,62.3317,-20.2371,51.8408,51.3734,2.3681,19.8615,62.3317,-20.2371,51.8408,51.3734,-4.0220,19.8615,-850,-50,0,0,1100,50,0
306,1787057143.2564,1787057143.2615,0.03344,63.2088,-18.5934,52.9231,50.3736,-11.6484,19.5106,62.5848,-20.4494,52.7989,51.3283,1.7406,19.8123,62.5848,-20.4494,52.7989,51.3283,-1.3846,19.8123,-350,0,-50,50,900,50,0
307,1787057143.2899,1787057143.2947,0.03342,63.3846,-18.5934,52.9231,50.8132,-9.2747,19.5106,63.2152,-20.4802,52.2888,50.7150,1.6335,19.9850,63.2152,-20.4802,52.2888,50.7150,1.1648,19.9850,0,0,0,200,800,0,0
308,1787057143.3232,1787057143.3276,0.03336,63.4725,-18.7692,53.0989,50.7253,-6.3736,19.5106,63.5436,-20.5130,53.1373,50.0438,2.1086,19.8930,63.5436,-20.5130,53.1373,50.0438,2.1086,19.8930,0,-50,50,-50,1000,0,0
309,1787057143.3567,1787057143.3615,0.03344,63.2088,-18.7692,53.0989,50.7253,-3.5604,19.5106,64.0915,-20.4499,52.8325,50.6238,2.3526,20.1769,64.0915,-20.4499,52.8325,50.6238,2.3526,20.1769,-100,0,0,0,1000,0,0
310,1787057143.3901,1787057143.3946,0.03341,63.0330,-18.7692,53.2747,50.6374,-1.3626,19.5106,64.1824,-20.3420,53.0736,50.6517,2.8387,20.2255,64.1824,-20.3420,53.0736,50.6517,2.8387,20.2255,-100,0,100,0,650,0,0
311,1787057143.4234,1787057143.428,0.03334,63.1209,-18.8571,53.2747,50.6374,-0.1319,19.7090,64.3959,-19.6960,53.9622,49.7978,2.1268,20.2612,64.3959,-19.6960,53.9622,49.7978,2.1268,20.2612,50,0,0,50,500,150,0
312,1787057143.4568,1787057143.4619,0.0334,63.4725,-18.8571,53.2747,50.6374,0.8352,19.8413,64.7482,-19.6491,54.3944,50.2728,2.2612,20.2593,64.7482,-19.6491,54.3944,50.2728,2.2612,20.2593,100,0,0,0,300,100,0
313,1787057143.4902,1787057143.4951,0.0334,63.6484,-18.8571,53.4505,50.3736,1.0989,19.9074,64.8004,-20.0409,54.5455,50.2392,2.5722,20.6151,64.8004,-20.0409,54.5455,50.2392,2.5722,20.6151,100,0,50,-100,100,0,0
314,1787057143.5236,1787057143.5283,0.03337,63.9121,-19.0330,53.8901,50.1978,1.4505,19.9074,65.5610,-19.5028,54.7007,50.2183,2.8973,20.6298,65.5610,-19.5028,54.7007,50.2183,2.8973,20.6298,50,-50,150,0,100,0,0
315,1787057143.557,1787057143.5617,0.0334,64.0879,-19.1209,54.1538,50.1099,1.8022,20.1058,65.2090,-19.3813,54.7669,50.2984,1.7589,20.6779,65.2090,-19.3813,54.7669,50.2984,1.7589,20.6779,50,-50,100,-50,150,50,0
316,1787057143.5904,1787057143.5952,0.03344,64.4396,-19.2088,54.3297,50.1099,2.0659,20.2381,65.8204,-18.9977,54.9999,50.0466,2.1103,20.6163,65.8204,-18.9977,54.9999,50.0466,2.1103,20.6163,100,0,50,0,100,50,0
317,1787057143.6238,1787057143.6285,0.03335,64.5275,-19.2088,54.4176,50.0220,2.0659,20.3042,65.5070,-19.5790,54.1400,50.6472,2.3522,20.4747,65.5070,-19.5790,54.1400,50.6472,2.3522,20.4747,0,0,50,0,0,0,0
318,1787057143.6572,1787057143.6618,0.03343,64.7033,-19.2088,54.4176,50.0220,1.9780,20.3042,66.3782,-19.1441,53.7566,51.0114,2.0797,20.1308,66.3782,-19.1441,53.7566,51.0114,2.0797,20.1308,100,0,0,0,-50,0,0
319,1787057143.6906,1787057143.6952,0.03338,64.8791,-19.2088,54.3297,50.1978,1.9780,20.3042,66.7311,-18.6717,53.5680,51.2054,1.0538,19.5923,66.7311,-18.6717,53.5680,51.2054,1.0538,19.5923,50,0,-50,0,0,0,0
320,1787057143.724,1787057143.729,0.03344,65.2308,-19.2088,54.3297,50.3736,1.9780,20.2381,67.3256,-18.9188,53.2943,52.0668,1.5261,17.6157,67.3256,-18.9188,53.2943,52.0668,1.5261,17.6157,150,0,0,100,0,0,0
321,1787057143.7574,1787057143.762,0.03337,65.6703,-19.2088,54.3297,50.5495,1.7143,19.9735,67.4836,-19.3895,53.6699,52.2050,2.0219,15.9562,67.4836,-19.3895,53.6699,52.2050,2.0219,15.9562,150,0,0,50,-100,-50,0
322,1787057143.7909,1787057143.796,0.03346,66.1978,-19.2088,54.1538,51.0769,1.6264,19.3783,67.2326,-18.4088,55.3202,52.2583,1.9943,13.6957,67.2326,-18.4088,55.3202,52.2583,1.9943,13.6957,150,0,-100,150,0,-250,0
323,1787057143.8242,1787057143.829,0.03336,66.4615,-19.2088,54.1538,51.3407,1.6264,17.9233,67.8320,-19.6176,55.0763,51.5183,1.9484,11.2679,67.8320,-19.6176,55.0763,51.5183,1.9484,11.2679,100,0,0,150,0,-700,0
324,1787057143.8576,1787057143.8623,0.03337,66.6374,-19.1209,54.3297,51.4286,1.6264,16.3360,67.5517,-19.5092,56.3238,51.5913,2.3932,8.3025,67.5517,-19.5092,56.3238,51.5913,2.3932,8.3025,0,50,0,0,0,-750,0
325,1787057143.891,1787057143.896,0.03343,66.8132,-19.0330,54.5055,51.4286,1.6264,14.5503,68.0768,-18.9028,55.8006,51.3286,1.8127,5.1128,68.0768,-18.9028,55.8006,51.3286,1.8127,5.1128,100,0,50,0,0,-800,0
326,1787057143.9244,1787057143.9292,0.03342,66.9011,-19.2088,54.7692,51.4286,1.8022,12.3016,67.8642,-18.8663,55.2479,51.0693,2.0573,1.8709,67.8642,-18.8663,55.2479,51.0693,2.0573,1.9709,50,-50,100,0,50,-1000,0
327,1787057143.9578,1787057143.9622,0.03334,67.1648,-19.2967,54.9451,51.4286,1.8022,9.9868,67.9771,-18.5439,54.9667,50.3211,2.2333,0.3961,67.9771,-18.5439,54.9667,50.3211,2.2333,0.3961,100,0,50,0,0,-1000,0
328,1787057143.9912,1787057143.9965,0.03338,67.2527,-19.3846,55.1209,51.2527,1.8022,7.0767,68.1314,-18.8723,55.1624,51.0035,2.7440,-0.5607,68.1314,-18.8723,55.1624,51.0035,2.7440,-0.5607,0,0,50,-50,0,-1250,0
329,1787057144.0245,1787057144.0289,0.03337,67.2527,-19.4725,55.2088,50.9890,1.8022,4.4974,68.5089,-18.8949,55.3855,50.4035,3.0635,-0.0240,68.5089,-18.8949,55.3855,50.4035,3.0635,-0.0240,0,0,0,-100,0,-1100,0
330,1787057144.0579,1787057144.0625,0.0334,67.3407,-19.4725,55.2967,50.9890,1.9780,2.9101,68.8262,-18.8841,56.3051,50.6210,2.4295,0.9503,68.8262,-18.8841,56.3051,50.6210,2.4295,0.9503,0,0,50,0,50,-600,0
331,1787057144.0914,1787057144.0957,0.03343,67.5165,-19.3846,55.2967,50.9011,2.3297,2.0503,68.8934,-18.7319,56.1395,50.2106,2.8056,1.4894,68.8934,-18.7319,56.1395,50.2106,2.8056,1.4894,100,0,0,0,100,-400,0
332,1787057144.1247,1787057144.129,0.03337,67.7802,-19.3846,55.2967,50.8132,2.2418,1.9180,68.9876,-19.2461,55.4992,50.6559,2.0197,1.4335,68.9876,-19.2461,55.4992,50.6559,2.0197,1.4335,100,0,0,-50,-50,-50,0
333,1787057144.1581,1787057144.1623,0.03338,68.0440,-19.2088,55.4725,50.5495,2.3297,1.9180,69.1411,-19.6848,56.1548,50.8293,1.7973,1.7641,69.1411,-19.6848,56.1548,50.8293,1.7973,1.7641,50,100,50,-50,50,0,0
334,1787057144.1915,1787057144.1958,0.03341,68.1319,-19.2967,55.4725,50.5495,2.1538,1.9180,69.3958,-20.0202,55.6357,51.4070,2.1852,1.8723,69.3958,-20.0202,55.6357,51.4070,2.1852,1.8723,0,-50,0,0,-100,0,0
335,1787057144.2249,1787057144.2292,0.03335,68.2198,-19.3846,55.5604,50.5495,2.0659,1.9180,69.6832,-19.9004,55.7194,51.6055,1.7730,1.9750,69.6832,-19.9004,55.7194,51.6055,1.7730,1.9750,50,-50,50,0,0,0,0
336,1787057144.2583,1787057144.2624,0.03341,68.3956,-19.4725,55.6484,50.7253,2.0659,1.9180,69.2839,-20.0200,54.8097,52.8892,1.1128,1.9034,69.2839,-20.0200,54.8097,52.8892,1.1128,1.9034,50,-50,0,50,0,0,0
337,1787057144.2916,1787057144.2958,0.03338,68.6593,-19.4725,55.6484,50.9890,2.0659,1.9180,69.6039,-19.7681,54.7563,53.9690,0.0422,1.9366,69.6039,-19.7681,54.7563,53.9690,0.0422,1.9366,50,0,0,100,0,0,0
338,1787057144.325,1787057144.3292,0.03337,68.7473,-19.3846,55.4725,51.6044,1.7143,1.9180,69.6600,-19.8092,53.0759,54.9714,0.2464,1.7945,69.6600,-19.8092,53.0759,54.9714,0.2464,1.7945,50,0,-50,150,-150,0,0
339,1787057144.3584,1787057144.3625,0.03338,68.7473,-19.2967,55.1209,52.4835,1.0989,1.9180,69.2251,-19.6092,51.7046,57.0481,-1.1872,1.3875,69.2251,-19.6092,51.7046,57.0481,-1.1872,1.3875,0,100,-100,300,-200,0,0
340,1787057144.3918,1787057144.3959,0.0334,68.9231,-19.2088,54.8571,53.2747,0.8352,1.9180,69.1738,-20.3544,50.8551,57.9755,-2.7010,1.1996,69.1738,-20.3544,50.8551,57.9755,-2.7010,1.1996,0,50,-50,300,-50,0,0
341,1787057144.4252,1787057144.4293,0.03337,68.9231,-19.2088,53.8022,54.5934,0.2198,1.8519,68.1202,-20.7545,48.9082,59.8836,-4.7559,1.0736,68.1202,-20.7545,48.9082,59.8836,-4.7559,1.0736,50,0,-350,400,-250,0,0
342,1787057144.4586,1787057144.463,0.0334,68.9231,-19.1209,53.0110,55.9121,-1.0989,1.7196,67.2275,-21.0372,45.8757,62.1582,-7.5914,0.8660,67.2275,-21.0372,45.8757,62.1582,-7.5914,0.8660,0,0,-250,450,-450,-50,0
343,1787057144.492,1787057144.4964,0.03338,68.8352,-19.1209,52.2198,57.5824,-2.4176,1.7196,65.6717,-21.6983,42.5139,65.6098,-11.2599,0.9762,65.6717,-21.6983,42.5139,65.6098,-11.2599,0.9762,-50,0,-200,650,-450,0,0
344,1787057144.5254,1787057144.5297,0.0334,68.3077,-19.1209,50.6374,59.3407,-4.4396,1.6534,64.3000,-22.2384,39.6399,69.4082,-15.4043,0.8786,64.3000,-22.2384,40.3736,69.4082,-14.7033,0.8786,-100,0,-550,600,-750,-50,0
345,1787057144.5587,1787057144.5636,0.03338,67.4286,-19.1209,48.3516,61.5385,-6.8132,1.6534,63.0060,-22.7266,35.6624,72.4380,-19.5040,0.8601,63.0060,-22.7266,38.0000,71.8901,-17.1648,0.8601,-300,0,-800,750,-800,0,0
346,1787057144.5921,1787057144.5967,0.03338,66.1099,-19.4725,45.8901,64.0000,-9.7143,1.6534,59.9249,-23.0610,32.9513,76.5907,-23.2810,0.8751,59.9249,-23.0610,35.5385,74.5275,-19.9780,0.8751,-450,-100,-850,850,-950,0,0
347,1787057144.6255,1787057144.6305,0.0334,64.7033,-20.0000,43.5165,67.1648,-12.4396,1.6534,57.2828,-23.7678,30.2035,77.1981,-28.8536,0.8438,57.2828,-23.7678,33.1648,77.1981,-22.7912,0.8438,-500,-200,-800,1050,-950,0,0
348,1787057144.6589,1787057144.6636,0.03339,63.2967,-20.3516,41.1429,70.0659,-15.2527,1.6534,54.8244,-24.5737,27.3776,78.6636,-33.9020,1.1682,54.8244,-24.5737,30.8791,78.6636,-25.6044,1.1682,-450,-100,-750,1000,-950,0,0
349,1787057144.6923,1787057144.6971,0.03338,61.1868,-20.7912,38.9451,72.3516,-18.0659,1.5873,51.5470,-25.5715,24.0674,78.7579,-39.3188,1.6221,51.5470,-25.5715,28.5934,78.7579,-28.5055,1.6221,-750,-100,-800,800,-1000,-50,0
350,1787057144.7256,1787057144.9462,0.03337,58.6374,-21.4066,36.5714,74.9890,-20.8791,1.5873,57.2082,-16.7875,31.2543,73.8694,-19.0939,1.0914,57.2082,-16.7875,31.2543,73.8694,-19.0939,1.0914,-900,-200,-800,850,-950,0,1
351,1787057144.9473,1787057144.9529,0.22167,51.9560,-23.2527,31.0330,78.2418,-27.8242,1.5873,58.8658,-15.7262,31.5136,73.7384,-18.4843,1.4666,58.8658,-15.7262,31.5136,73.7384,-18.4843,1.4666,-150,0,-50,0,0,0,1
352,1787057144.9807,1787057144.9852,0.03333,51.7802,-23.2527,31.0330,78.2418,-28.0000,1.5873,59.2478,-16.0889,31.0166,73.9040,-16.7683,1.5111,59.2478,-16.0889,31.0166,73.9040,-18.0000,1.5111,-150,0,0,0,-100,0,0
353,1787057145.014,1787057145.0185,0.03337,52.3077,-23.0769,31.2967,77.5385,-27.4725,1.5873,60.4337,-15.1073,31.1942,74.4833,-16.7287,1.4549,60.4337,-15.1073,31.1942,74.4833,-17.2967,1.4549,100,100,150,-200,100,0,0
354,1787057145.0474,1787057145.0519,0.03338,54.3297,-21.3187,31.7363,76.0440,-25.1868,1.5873,61.1373,-15.2410,30.8384,74.3408,-16.2755,1.7164,61.1373,-15.2410,30.8384,74.3408,-16.2755,1.7164,650,400,200,-500,850,0,0
355,1787057145.081,1787057145.0863,0.03357,56.6154,-18.5934,31.7363,75.0769,-22.4615,1.5873,61.2404,-15.1031,30.5676,75.1541,-15.3652,1.5945,61.2404,-15.1031,30.5676,75.1541,-15.3652,1.5945,800,900,0,-350,1000,0,0
356,1787057145.1143,1787057145.1191,0.03332,58.8132,-16.3077,32.0000,75.0769,-20.0000,1.5873,61.5334,-14.0748,31.9072,74.2622,-14.7421,1.8460,61.5334,-14.0748,31.9072,74.2622,-14.7421,1.8460,850,750,100,-50,850,0,0
357,1787057145.1476,1787057145.1523,0.03332,59.7802,-15.6923,32.0879,75.4286,-18.3297,1.5873,62.1268,-14.8067,32.8645,73.3965,-14.3602,1.7295,62.1268,-14.8067,32.8645,73.3965,-14.3602,1.7295,300,350,50,50,550,0,0
358,1787057145.181,1787057145.1855,0.03337,60.0440,-15.0769,31.9121,74.5495,-17.0989,1.6534,62.1976,-13.5641,32.2849,74.7243,-13.9580,1.8247,62.1976,-13.5641,32.2849,74.7243,-13.9580,1.8247,50,150,-50,-150,400,50,0
359,1787057145.2144,1787057145.2191,0.03345,60.4835,-14.8132,32.4396,74.0220,-16.2198,1.6534,62.5935,-14.4337,33.4238,73.4694,-13.0173,1.5161,62.5935,-14.4337,33.4238,73.4694,-13.0173,1.5161,100,100,200,-250,350,0,0
360,1787057145.2478,1787057145.2524,0.03335,61.0989,-14.0220,32.7033,74.7253,-15.2527,1.6534,62.1180,-15.3572,33.3180,74.2782,-12.8207,1.6516,62.1180,-15.3572,33.3180,74.2782,-12.8207,1.6516,150,250,100,350,250,0,0
361,1787057145.2811,1787057145.2859,0.03337,61.8022,-13.6703,33.0549,74.1978,-14.7253,1.6534,62.5874,-16.5179,34.7744,73.1596,-12.8040,1.5436,62.5874,-16.5179,34.7744,73.1596,-12.8040,1.5436,200,200,100,0,250,0,0
362,1787057145.3145,1787057145.3192,0.03338,61.8022,-13.6703,33.3187,73.9341,-14.0220,1.6534,62.5876,-15.4799,34.9480,73.2297,-12.5892,1.7164,62.5876,-15.4799,34.9480,73.2297,-12.5892,1.7164,0,0,50,-50,250,0,0
363,1787057145.3479,1787057145.3525,0.0334,61.6264,-13.7582,33.9341,73.9341,-13.6703,1.6534,62.7480,-16.0038,36.4923,72.4341,-13.0918,1.5213,62.7480,-16.0038,36.4923,72.4341,-13.0918,1.5213,-100,-50,100,-50,100,0,0
364,1787057145.3814,1787057145.3859,0.03346,61.7143,-13.8462,34.7253,73.6703,-13.4066,1.6534,62.3553,-16.7637,37.0860,71.8756,-12.8022,1.6511,62.3553,-16.7637,37.0860,71.8756,-12.8022,1.6511,0,-50,300,-150,50,0,0
365,1787057145.4148,1787057145.4193,0.03337,62.1538,-13.8462,35.6923,73.0549,-13.4066,1.6534,62.7607,-15.7780,37.4500,71.3322,-12.9906,1.8062,62.7607,-15.7780,37.4500,71.3322,-12.9906,1.8062,100,0,350,-200,0,0,0
366,1787057145.4482,1787057145.4528,0.03341,62.3297,-14.1099,36.6593,72.4396,-13.3187,1.6534,62.3593,-17.2522,37.8799,71.0299,-12.6588,1.5486,62.3593,-17.2522,37.8799,71.0299,-12.6588,1.5486,50,-50,400,-200,50,0,0
367,1787057145.4815,1787057145.486,0.03339,62.3297,-14.1099,37.2747,72.2637,-13.3187,1.6534,62.8469,-16.6816,38.8184,71.1808,-12.6950,1.4138,62.8469,-16.6816,38.8184,71.1808,-12.6950,1.4138,-50,-50,200,-100,0,0,0
368,1787057145.515,1787057145.5196,0.03342,62.0659,-14.1978,37.7143,71.3846,-13.0549,1.6534,63.1338,-17.0853,39.0207,70.7452,-12.4680,1.4313,63.1338,-17.0853,39.0207,70.7452,-12.4680,1.4313,-100,0,200,-300,100,0,0
369,1787057145.5484,1787057145.5531,0.03338,62.0659,-14.5495,38.4176,71.3846,-13.0549,1.6534,62.8983,-16.7528,38.7407,69.3242,-12.6578,1.5684,62.8983,-16.7528,38.7407,69.3242,-12.6578,1.5684,0,-100,200,0,0,0,0
370,1787057145.5817,1787057145.5864,0.03337,62.4176,-14.6374,38.9451,71.6484,-12.9670,1.6534,62.5436,-17.4627,39.5154,69.0985,-13.0124,1.6172,62.5436,-17.4627,39.5154,69.0985,-13.0124,1.6172,100,-100,200,0,50,0,0
371,1787057145.6151,1787057145.6202,0.03342,62.7692,-14.6374,38.9451,70.5055,-13.1429,1.6534,62.7501,-16.4578,39.9490,68.5909,-12.5269,1.7862,62.7501,-16.4578,39.9490,68.5909,-12.5269,1.7862,200,0,0,-300,0,0,0
372,1787057145.6485,1787057145.6533,0.03335,62.8571,-14.8132,39.1209,69.7143,-13.1429,1.6534,62.8634,-17.1379,40.6186,68.3706,-12.3772,1.4848,62.8634,-17.1379,40.6186,68.3706,-12.3772,1.4848,50,-100,0,-300,0,0,0
373,1787057145.6819,1787057145.6867,0.03341,62.5934,-14.9011,39.7363,69.5385,-12.9670,1.6534,63.0061,-17.0581,41.0629,67.5876,-13.2679,1.9506,63.0061,-17.0581,41.0629,67.5876,-13.2679,1.9506,-100,0,150,-50,50,0,0
374,1787057145.7153,1787057145.7199,0.03337,62.4176,-14.8132,40.4396,69.0989,-12.8791,1.6534,62.9388,-17.3964,41.6022,66.7674,-12.7176,2.5015,62.9388,-17.3964,41.6022,66.7674,-12.7176,2.5015,-100,0,250,-150,50,0,0
375,1787057145.7486,1787057145.7533,0.03338,62.5934,-14.8132,41.1429,68.4835,-13.0549,1.7196,62.7909,-16.7908,42.3565,65.3345,-12.8612,3.8727,62.7909,-16.7908,42.3565,65.3345,-12.8612,3.8727,0,0,300,-200,-50,0,0
376,1787057145.782,1787057145.787,0.0334,62.8571,-14.8132,41.5824,67.7802,-13.0549,1.8519,62.9139,-17.5326,42.4774,64.5044,-12.5557,5.9334,62.9139,-17.5326,42.4774,64.5044,-12.5557,5.9334,150,0,100,-200,0,50,0
377,1787057145.8155,1787057145.8203,0.03347,62.2418,-14.8132,42.4615,67.0769,-13.0549,2.3148,62.7850,-17.4335,41.3782,64.8882,-12.7415,8.4133,62.7850,-17.4335,41.3782,64.8882,-12.7415,8.4133,-100,0,300,-200,0,250,0
378,1787057145.8488,1787057145.8531,0.0333,62.1538,-14.8132,42.9011,66.4615,-12.7912,3.5053,62.0189,-17.8026,42.7018,64.5389,-12.7229,10.4586,62.0189,-17.8026,42.7018,64.5389,-12.7229,10.4586,-50,0,150,-250,150,550,0
379,1787057145.8822,1787057145.8871,0.03342,62.2418,-14.8132,42.9890,66.4615,-12.8791,4.9603,62.4713,-17.2500,42.4568,63.6236,-13.0418,12.2190,62.4713,-17.2500,42.4568,63.6236,-13.0418,12.2190,50,0,50,0,0,600,0
380,1787057145.9156,1787057145.9204,0.0334,62.1538,-14.8132,42.9011,66.0220,-13.0549,6.9444,62.4294,-17.2214,42.3695,63.4720,-12.5644,13.8329,62.4294,-17.2214,42.3695,63.4720,-12.5644,13.8329,-50,0,0,-50,0,950,0
381,1787057145.949,1787057145.9536,0.03339,62.2418,-15.0769,42.9890,65.0549,-13.0549,8.9947,62.8514,-17.9215,43.2373,63.1888,-13.3510,14.9956,62.8514,-17.9215,43.2373,63.1888,-13.3510,14.9956,0,-100,50,-350,0,900,0
382,1787057145.9824,1787057145.987,0.03339,62.4176,-15.1648,43.0769,64.2637,-13.0549,10.7804,62.5945,-17.3459,43.6915,62.5264,-12.9726,15.9619,62.5945,-17.3459,43.6915,62.5264,-12.9726,15.9619,100,0,0,-300,0,900,0
383,1787057146.0158,1787057146.0201,0.03338,62.5934,-15.2527,43.3407,64.0879,-13.1429,12.3677,62.7095,-17.5052,43.8929,62.3425,-13.3662,16.8376,62.7095,-17.5052,43.8929,62.3425,-13.3662,16.8376,50,-50,100,-150,-50,750,0
384,1787057146.0492,1787057146.0553,0.03342,62.5934,-15.3407,43.7802,63.4725,-13.2308,13.6905,62.0354,-17.8020,43.3689,62.1399,-13.3584,17.6801,62.0354,-17.8020,43.3689,62.1399,-13.3584,17.6801,0,-50,100,-200,0,600,0
385,1787057146.0826,1787057146.0872,0.03338,62.5934,-15.3407,43.8681,63.0330,-13.2308,14.8148,61.8972,-18.3960,43.8502,62.3448,-13.1455,18.4170,61.8972,-18.3960,43.8502,62.3448,-13.1455,18.4170,0,0,50,-100,0,500,0
386,1787057146.116,1787057146.1207,0.03337,62.5055,-15.3407,43.9560,62.8571,-13.2308,15.8730,62.3198,-18.3041,43.8109,61.9865,-13.6342,19.1051,62.3198,-18.3041,43.8109,61.9865,-13.6342,19.1051,0,0,0,-100,0,450,0
387,1787057146.1494,1787057146.154,0.03341,62.4176,-15.6044,43.9560,62.5055,-13.2308,16.8651,62.0860,-18.4602,44.6007,62.6768,-13.7258,19.7446,62.0860,-18.4602,44.6007,62.6768,-13.7258,19.7446,-50,-50,0,-150,0,450,0
388,1787057146.1828,1787057146.1875,0.03338,62.3297,-15.7802,44.0440,62.6813,-13.3187,17.6587,61.9027,-18.2022,44.6830,62.6222,-13.6272,20.3855,61.9027,-18.2022,44.6830,62.6222,-13.6272,20.3855,-50,-50,0,100,0,350,0
389,1787057146.2161,1787057146.2208,0.03338,62.2418,-15.8681,44.4835,62.6813,-13.3187,18.4524,61.8306,-17.8752,45.8025,61.8019,-13.6327,20.9384,61.8306,-17.8752,45.8025,61.8019,-13.6327,20.9384,-50,0,100,0,-50,350,0
390,1787057146.2495,1787057146.254,0.0334,62.2418,-15.8681,44.7473,62.7692,-13.2308,19.1799,61.7533,-18.0816,45.4017,61.3403,-13.3369,21.3789,61.7533,-18.0816,45.4017,61.3403,-13.3369,21.3789,0,0,50,50,0,350,0
391,1787057146.2829,1787057146.2875,0.03337,62.2418,-15.8681,45.2747,62.0659,-13.3187,19.8413,61.0217,-18.2047,45.7158,60.9990,-14.5571,21.5265,61.0217,-18.2047,45.7158,60.9990,-14.5571,21.5265,0,0,100,-300,-50,350,0
392,1787057146.3164,1787057146.3208,0.03347,62.3297,-15.8681,45.5385,61.9780,-13.3187,20.3704,61.7991,-18.5571,46.1423,60.5329,-14.2834,21.8523,61.7991,-18.5571,46.1423,60.5329,-14.2834,21.8523,50,0,50,50,0,200,0
393,1787057146.3498,1787057146.3544,0.03341,62.0659,-15.8681,45.7143,61.5385,-13.7582,20.7672,61.1426,-17.1718,45.9144,60.2828,-14.0354,22.0687,61.1426,-17.1718,45.9144,60.2828,-14.0354,22.0687,-50,0,100,-100,-50,200,0
394,1787057146.3831,1787057146.3877,0.03334,61.7143,-15.8681,46.0659,61.0989,-13.9341,21.1640,61.1996,-17.9118,47.8222,59.4494,-14.3520,22.0692,61.1996,-17.9118,47.8222,59.4494,-14.3520,22.0692,-100,0,100,-150,-50,150,0
395,1787057146.4165,1787057146.421,0.03335,61.5385,-15.8681,46.1538,60.8352,-13.8462,21.4286,60.7529,-17.8375,47.9283,60.3393,-14.1376,22.2102,60.7529,-17.8375,47.9283,60.3393,-14.1376,22.2102,-50,0,0,-100,50,100,0
396,1787057146.4499,1787057146.4546,0.0334,61.5385,-15.8681,46.6813,60.1319,-13.9341,21.6270,61.1965,-17.3445,47.3406,59.2522,-13.9465,22.4095,61.1965,-17.3445,47.3406,59.2522,-13.9465,22.4095,50,0,200,-200,0,100,0
397,1787057146.4833,1787057146.4881,0.03346,61.6264,-15.8681,47.4725,60.1319,-14.0220,21.8254,61.3360,-18.0220,47.9579,59.8352,-14.6646,22.3169,61.3360,-18.0220,47.9579,59.8352,-14.6646,22.3169,50,0,350,0,0,100,0
398,1787057146.5167,1787057146.5213,0.03332,61.4505,-15.7802,47.6484,60.1319,-13.8462,21.9577,61.0936,-17.6917,47.0662,60.1341,-14.8643,22.1993,61.0936,-17.6917,47.0662,60.1341,-14.8643,22.1993,-100,50,50,-50,100,50,0
399,1787057146.5501,1787057146.5548,0.0334,61.2747,-15.8681,47.7363,59.6923,-14.3736,22.0238,61.1977,-17.4989,48.2847,59.5994,-15.0351,22.2145,61.1977,-17.4989,48.2847,59.5994,-15.0351,22.2145,-50,-50,0,-250,-100,50,0
400,1787057146.5835,1787057146.8103,0.03344,61.2747,-15.9560,47.7363,60.0440,-14.4615,22.0238,50.7637,-17.3830,44.3656,60.0626,1.8203,21.7690,51.4505,-17.3830,44.3656,60.0626,-4.7253,21.7690,0,-50,0,150,-50,0,1
401,1787057146.8115,1787057146.8173,0.22798,61.4505,-15.8681,48.5275,59.6923,-14.7253,22.0238,51.8064,-17.9088,44.6214,60.3860,2.2731,22.0185,51.8064,-17.9088,44.6214,60.3860,-4.7253,22.0185,0,0,0,0,0,0,1
402,1787057146.8447,1787057146.8497,0.03322,61.3626,-15.8681,48.5275,59.6923,-14.7253,22.0238,52.4862,-16.3400,43.9827,60.9301,2.9393,22.3223,52.4862,-16.3400,43.9827,60.9301,-4.7253,22.3223,0,0,0,0,0,0,0
403,1787057146.8781,1787057146.883,0.03337,60.7473,-15.8681,48.3516,59.9560,-14.1099,22.0238,52.9649,-17.4084,44.5560,61.1985,2.8234,22.7504,52.9649,-17.4084,44.5560,61.1985,-3.8462,22.7504,-100,0,0,100,300,0,0
404,1787057146.9115,1787057146.9165,0.03343,58.6374,-15.6923,47.2967,60.3077,-11.7363,22.0899,53.5817,-16.9913,45.1269,60.4908,3.4785,23.0958,53.5817,-16.9913,45.1269,60.4908,-1.2088,23.0958,-700,100,-400,100,650,0,0
405,1787057146.9449,1787057146.9499,0.03337,55.9121,-15.6923,46.7692,60.3077,-8.7473,22.3545,53.3222,-16.9773,45.8584,60.3990,3.1490,23.5832,53.3222,-16.9773,45.8584,60.3990,1.6923,23.5832,-850,0,-100,0,1000,150,0
406,1787057146.9783,1787057146.9832,0.03337,54.5934,-15.7802,46.7692,60.3956,-5.6703,22.5529,53.1810,-16.0388,46.1917,59.3426,2.9052,24.1125,53.1810,-16.0388,46.1917,59.3426,2.9052,24.1125,-550,-50,0,0,1050,100,0
407,1787057147.0116,1787057147.0164,0.03337,54.3297,-15.6923,46.7692,60.4835,-3.1209,22.9497,52.6032,-16.3316,46.2706,59.3613,2.0081,24.7191,52.6032,-16.3316,46.2706,59.3613,2.0081,24.7191,-50,50,0,0,950,200,0
408,1787057147.045,1787057147.0497,0.03337,54.4176,-15.6044,46.8571,60.2198,-1.0110,23.4127,52.5862,-15.5308,47.0007,58.7554,2.2738,25.4621,52.5862,-15.5308,47.0007,58.7554,2.2738,25.4621,-50,50,50,-50,750,200,0
409,1787057147.0784,1787057147.083,0.03338,53.9780,-15.6044,46.8571,59.7802,0.0440,23.9418,52.1701,-14.8703,47.2090,57.4634,2.4247,26.4900,52.1701,-14.8703,47.2090,57.4634,2.4247,26.4900,-150,0,0,-150,250,200,0
410,1787057147.1117,1787057147.1164,0.03338,53.0989,-15.4286,47.1209,59.4286,0.5714,24.5370,52.1004,-15.4121,47.8217,57.0187,2.6728,27.1804,52.1004,-15.4121,47.8217,57.0187,2.6728,27.1804,-300,50,50,-150,200,300,0
411,1787057147.1451,1787057147.1497,0.0334,52.7473,-14.9890,47.4725,58.6374,1.2747,25.2646,51.5122,-14.5964,48.2956,56.1771,3.4409,27.9666,51.5122,-14.5964,48.2956,56.1771,3.4409,27.9666,-100,150,150,-200,250,350,0
412,1787057147.1785,1787057147.1837,0.03339,52.6593,-14.8132,47.9121,57.9341,1.7143,26.0582,51.1390,-15.4863,47.8984,56.4978,3.2687,28.4449,51.1390,-15.4863,47.8984,56.4978,3.2687,28.4449,-50,50,150,-250,150,400,0
413,1787057147.2119,1787057147.2166,0.03337,52.4835,-14.7253,48.2637,57.4066,2.2418,26.7196,51.0863,-13.8295,49.3878,56.4019,2.0472,28.6529,51.0863,-13.8295,49.3878,56.4019,2.0472,28.6529,-50,0,150,-200,150,300,0
414,1787057147.2453,1787057147.2495,0.03341,51.8681,-14.7253,48.2637,57.0549,2.5934,27.3810,50.8796,-14.3417,48.9572,57.0703,2.4872,29.1664,50.8796,-14.3417,48.9572,57.0703,2.4872,29.1664,-250,0,0,-100,100,300,0
415,1787057147.2787,1787057147.2829,0.03341,51.4286,-14.5495,48.5275,56.7912,2.5055,27.9101,50.4375,-14.3485,48.5484,56.4565,1.7815,28.8920,50.4375,-14.3485,48.5484,56.4565,1.7815,28.8920,-200,0,50,0,0,200,0
416,1787057147.3121,1787057147.3163,0.03335,51.2527,-14.3736,48.7912,56.7912,2.3297,28.2407,50.4242,-13.1077,48.4976,58.0632,2.2268,28.9324,50.4242,-13.1077,48.4976,58.0632,2.2268,28.9324,-50,100,100,0,-50,150,0
417,1787057147.3455,1787057147.3497,0.0334,51.2527,-14.3736,48.7912,56.7033,2.1538,28.3730,50.5146,-13.2268,48.0596,57.6619,1.6426,28.4946,50.5146,-13.2268,48.0596,57.6619,1.6426,28.4946,0,0,0,-50,-50,50,0
418,1787057147.3789,1787057147.3832,0.03343,50.9890,-14.1099,48.7912,57.0549,2.1538,28.3730,50.6276,-11.4635,48.1065,58.0379,1.5229,27.6130,50.6276,-11.4635,48.1065,58.0379,1.5229,27.6130,-50,150,0,50,50,0,0
419,1787057147.4123,1787057147.4166,0.03336,50.9011,-13.7582,48.7033,57.3187,2.2418,28.3730,50.6778,-11.9405,48.0624,57.9066,-0.0024,25.3051,50.6778,-11.9405,48.0624,57.9066,-0.0024,25.3051,-50,100,-50,100,-50,0,0
420,1787057147.4457,1787057147.4504,0.03338,50.9011,-13.3187,48.5275,57.4066,1.8022,27.9762,50.1482,-12.0588,48.0601,57.8123,-0.0828,21.8306,50.1482,-12.0588,48.0601,57.8123,-0.0828,21.8306,0,100,-50,50,-150,-200,0
421,1787057147.479,1787057147.484,0.03338,50.9011,-12.8791,48.2637,57.6703,1.3626,27.1164,50.2650,-12.2213,47.7042,58.0870,0.5011,17.9653,50.2650,-12.2213,47.7042,58.0870,0.5011,17.9653,0,150,-100,100,-150,-250,0
422,1787057147.5125,1787057147.5172,0.03348,50.8132,-12.7033,48.2637,57.7582,0.8352,25.3307,49.9559,-12.1189,46.7220,59.9005,0.8451,14.1492,49.9559,-12.1189,46.7220,59.9005,0.8451,15.1323,0,100,0,50,-200,-800,0
423,1787057147.5459,1787057147.5507,0.03335,50.7253,-12.6154,48.2637,57.8462,0.8352,23.0159,50.0398,-11.8653,46.5263,59.9664,0.5378,9.9646,50.0398,-11.8653,46.5263,59.9664,0.5378,12.6190,0,0,0,0,-50,-1100,0
424,1787057147.5793,1787057147.5841,0.03343,50.6374,-12.4396,47.8242,58.1099,0.8352,20.2381,50.7793,-11.8803,46.4078,59.9042,0.8462,6.5849,50.7793,-11.8803,46.4078,59.9042,0.8462,9.9074,-100,50,-50,0,0,-1150,0
425,1787057147.6126,1787057147.6173,0.03335,50.5495,-12.2637,47.2967,58.8132,0.5714,17.7249,50.5975,-11.9896,47.5136,59.5859,0.7081,3.2571,50.5975,-11.9896,47.5136,59.5859,0.7081,7.3942,0,150,-200,200,-100,-1150,0
426,1787057147.646,1787057147.6509,0.03338,50.5495,-12.2637,47.1209,58.9011,0.5714,14.9471,49.8968,-12.4105,47.4599,59.0389,-0.0544,1.5086,49.8968,-12.4105,47.4599,59.0389,-0.0544,4.5503,0,0,-100,0,0,-1250,0
427,1787057147.6794,1787057147.684,0.03336,50.5495,-12.2637,47.1209,58.9011,0.5714,12.1693,50.3565,-12.1414,48.4739,58.8208,0.0340,2.1272,50.3565,-12.1414,48.4739,58.8208,0.0340,2.1272,0,0,0,0,0,-1250,0
428,1787057147.7128,1787057147.7172,0.0334,50.4615,-12.2637,47.2967,58.8132,0.3956,9.6561,50.1008,-12.6532,46.7343,58.3875,0.1328,2.2695,50.1008,-12.6532,46.7343,58.3875,0.1328,2.2695,0,0,100,-50,-100,-1150,0
429,1787057147.7462,1787057147.7509,0.03341,50.2857,-12.2637,47.3846,58.8132,0.3956,6.8122,49.8929,-12.5858,47.2545,57.9545,-0.7718,3.0679,49.8929,-12.5858,47.2545,57.9545,-0.7718,3.0679,-50,0,50,0,0,-1300,0
430,1787057147.7796,1787057147.7841,0.03339,50.2857,-12.2637,47.5604,58.5495,0.3956,5.0265,49.8779,-12.5634,47.1236,57.7924,-0.9713,3.3064,49.8779,-12.5634,47.1236,57.7924,-0.9713,3.3064,0,0,50,-50,0,-700,0
431,1787057147.813,1787057147.8186,0.03342,50.2857,-12.2637,47.3846,58.4615,-0.0440,4.4974,49.9643,-12.8402,47.4766,56.7016,-1.4392,3.2970,49.9643,-12.8402,47.4766,56.7016,-1.4392,3.2970,0,0,-50,-50,-200,-350,0
432,1787057147.8464,1787057147.8507,0.03338,50.2857,-12.2637,47.3846,58.2857,-0.3956,4.2989,49.3343,-13.5079,47.1144,56.9176,-2.8112,2.9585,49.3343,-13.5079,47.1144,56.9176,-2.8112,2.9585,0,0,0,-100,-150,-100,0
433,1787057147.8797,1787057147.8845,0.03337,50.2857,-12.3516,47.3846,57.8462,-0.7473,3.9021,49.3260,-13.3153,47.5452,56.6025,-2.7314,2.6432,49.3260,-13.3153,47.5452,56.6025,-2.7314,2.6432,0,0,0,-150,-100,-150,0
434,1787057147.9132,1787057147.9177,0.03341,50.1099,-12.5275,47.3846,57.5824,-1.5385,3.5714,48.9586,-14.3571,45.9802,57.2820,-4.8202,2.5584,48.9586,-14.3571,45.9802,57.2820,-4.8202,2.5584,0,-50,0,-100,-250,-200,0
435,1787057147.9465,1787057147.9512,0.03339,49.9341,-12.6154,47.3846,57.5824,-1.8901,3.1746,48.3364,-15.8420,45.3543,58.9368,-5.8290,2.5856,48.3364,-15.8420,45.3543,58.9368,-5.8290,2.5856,-50,-50,0,0,-200,-200,0
436,1787057147.9799,1787057147.9845,0.03338,49.6703,-12.8791,47.2088,57.5824,-2.7692,3.0423,46.8528,-16.9065,42.5608,60.8252,-7.9984,2.7093,46.8528,-16.9065,42.5608,60.8252,-7.9984,2.7093,-100,-100,-50,0,-300,-100,0
437,1787057148.0134,1787057148.0183,0.03342,49.2308,-13.4066,46.9451,57.8462,-4.3516,2.9762,45.4318,-19.2074,40.7783,62.9590,-10.9323,2.9308,45.4318,-19.2074,40.7783,62.9590,-10.9323,2.9308,-150,-150,-150,50,-550,-50,0
438,1787057148.0469,1787057148.0513,0.03355,48.3516,-13.8462,46.4176,59.3407,-5.5824,2.9101,43.2832,-22.0166,38.9279,65.6344,-15.3632,3.2498,43.2832,-22.0166,38.9279,65.6344,-15.3632,3.2498,-300,-200,-100,550,-400,0,0
439,1787057148.0801,1787057148.0845,0.03322,47.1209,-14.6374,45.0110,60.7473,-7.4286,2.9101,40.0288,-23.9935,36.1572,69.1770,-19.9149,3.5802,40.0288,-23.9935,36.1572,69.1770,-17.7802,3.5802,-400,-200,-500,500,-600,0,0
440,1787057148.1135,1787057148.1184,0.03337,45.7143,-16.3956,43.3407,62.4176,-10.2418,2.9101,36.3434,-26.6864,34.1227,72.8936,-23.8257,3.6623,36.3434,-26.6864,34.1227,72.7692,-20.5934,3.6623,-500,-600,-600,500,-1000,0,0
441,1787057148.1469,1787057148.1515,0.03341,43.8681,-18.5934,41.4066,65.1429,-13.0549,3.1085,31.8682,-28.8059,30.4919,74.6571,-28.5259,3.8348,33.5165,-28.8059,31.1429,74.6571,-23.4945,3.8348,-600,-750,-650,950,-1000,100,0
442,1787057148.1803,1787057148.1849,0.03345,41.3187,-20.7033,39.2088,67.5165,-15.9560,3.3069,28.4728,-31.4023,28.9261,76.5640,-32.5389,3.8364,31.0549,-30.9670,28.9451,76.5640,-26.2198,3.8364,-850,-700,-750,800,-1000,100,0
443,1787057148.2137,1787057148.2183,0.03335,38.5055,-22.9890,37.0110,70.5055,-18.5934,3.4392,23.3402,-34.4072,27.3849,76.9743,-37.0118,3.9047,28.0659,-33.2527,27.3849,76.9743,-29.0330,3.9047,-1000,-750,-700,900,-950,50,0
444,1787057148.2471,1787057148.2516,0.03342,35.5165,-25.2747,34.6374,72.8791,-21.4066,3.4392,18.6736,-34.8859,25.8429,76.7870,-40.6010,3.8827,25.0769,-34.8859,25.8429,76.7870,-31.7582,3.8827,-1000,-750,-800,800,-850,0,0
445,1787057148.2805,1787057148.2849,0.03338,32.7033,-27.4725,32.4396,74.2857,-24.1319,3.4392,14.3367,-36.3368,25.6520,74.6219,-44.6772,3.7661,22.3516,-36.3368,25.6520,74.6219,-34.4835,3.7661,-950,-800,-750,450,-950,0,0
446,1787057148.3139,1787057148.3184,0.03339,30.0659,-29.6703,30.6813,74.9890,-27.0330,3.4392,9.0854,-38.0388,25.5098,71.7376,-49.0827,3.5997,19.7143,-38.0388,25.5098,71.7376,-37.3846,3.5997,-850,-700,-600,300,-950,0,0
447,1787057148.3473,1787057148.3521,0.0334,27.3407,-31.6044,29.5385,74.8132,-29.8462,3.4392,4.3191,-40.3477,24.6685,68.0155,-54.6311,3.5132,16.9890,-40.3477,24.6685,68.0155,-40.1099,3.5132,-950,-650,-450,-50,-1050,0,0
448,1787057148.3807,1787057148.3854,0.03337,24.5275,-33.4505,28.9231,73.5824,-32.4835,3.4392,0.3326,-40.8887,24.7636,63.4695,-58.8779,3.2817,14.0879,-40.8887,24.7636,63.4695,-42.9231,3.2817,-950,-600,-200,-450,-900,0,0
449,1787057148.414,1787057148.4185,0.03337,21.7143,-35.2967,28.2198,71.7363,-35.3846,3.4392,-2.8093,-42.8550,24.5307,59.7959,-61.9575,2.7433,11.3626,-42.8550,24.5307,61.4725,-45.6484,2.7433,-1000,-600,-200,-600,-950,0,0
450,1787057148.4475,1787057148.6692,0.03348,18.9890,-36.7912,27.7802,69.0989,-38.1099,3.4392,31.9107,-34.6711,32.6984,65.9167,-41.4165,3.5094,21.9560,-34.6711,32.6984,65.9167,-41.4165,3.5094,-900,-500,-150,-900,-950,0,1
451,1787057148.6704,1787057148.6759,0.22286,11.9560,-40.9231,26.9890,62.4176,-45.0549,3.0423,34.3304,-34.0390,33.8366,65.3332,-43.1512,3.6660,21.8681,-34.0390,33.8366,65.3332,-43.1512,3.6660,-150,0,0,-50,-100,0,1
452,1787057148.7036,1787057148.7082,0.03325,11.6044,-41.0110,26.9890,62.4176,-45.1429,3.0423,36.5506,-33.1394,32.8445,65.0912,-43.3224,3.5374,21.6044,-33.1394,32.8445,65.0912,-43.3224,3.5374,-200,0,0,0,-50,0,0
453,1787057148.737,1787057148.7415,0.03336,12.1319,-40.7473,27.1648,62.9451,-44.7033,3.2407,38.4912,-32.0635,32.7279,65.5255,-43.2282,3.5175,22.3956,-32.0635,32.7279,65.5255,-43.2282,3.5175,150,0,100,250,150,100,0
454,1787057148.7704,1787057148.7748,0.03338,14.3297,-39.3407,29.0110,64.0000,-44.0879,3.3069,40.2057,-30.5033,33.6617,65.3481,-43.5425,3.6972,24.6813,-30.5033,33.6617,65.3481,-43.5425,3.6972,850,350,450,400,200,100,0
455,1787057148.8038,1787057148.8088,0.03348,17.2308,-36.6154,31.1209,64.7033,-43.9121,3.3069,41.2666,-30.3704,32.6096,66.5056,-43.8734,3.6740,27.6703,-30.3704,32.6096,66.5056,-43.8734,3.6740,1000,900,750,250,100,0,0
456,1787057148.8372,1787057148.8419,0.03336,20.3077,-33.7143,32.3516,64.7033,-43.9121,3.3069,42.5190,-28.5488,31.4933,67.3293,-43.1678,3.7790,30.7473,-28.5488,31.4933,67.3293,-43.1678,3.7790,1100,1150,400,0,0,0,0
457,1787057148.8706,1787057148.8753,0.03341,22.9451,-31.3407,32.7033,65.4066,-44.0879,3.3069,43.1044,-27.5046,31.5539,68.7087,-42.9510,3.8373,33.3846,-27.5046,31.5539,68.7087,-42.9510,3.8373,850,800,150,200,-50,0,0
458,1787057148.904,1787057148.9086,0.03341,25.7582,-29.8462,32.8791,66.4615,-43.7363,3.3069,43.0833,-25.2119,31.0045,69.6985,-43.1008,3.8016,36.0220,-25.2119,31.0045,69.6985,-43.1008,3.8016,950,500,50,350,150,0,0
459,1787057148.9374,1787057148.9421,0.03339,28.3956,-28.8791,32.1758,66.9011,-43.6484,3.5053,43.6250,-23.6480,29.2654,71.7403,-42.2972,3.8546,38.6593,-23.6480,29.2654,71.7403,-42.2972,3.8546,900,250,-200,100,50,150,0
460,1787057148.9708,1787057148.9755,0.03336,30.9451,-28.0000,32.0879,68.3956,-43.5604,3.5714,43.4709,-21.5710,28.9118,71.9663,-42.1915,3.7451,41.3846,-21.5710,28.9118,71.9663,-42.1915,3.7451,950,150,-100,400,50,50,0
461,1787057149.0042,1787057149.0087,0.03345,33.7582,-25.5385,31.8242,69.5385,-43.2088,3.5714,43.1606,-20.4838,27.7755,73.1554,-42.5011,3.8502,43.1606,-20.4838,27.7755,73.1554,-42.5011,3.8502,950,800,-50,350,150,0,0
462,1787057149.0376,1787057149.0419,0.03335,36.6593,-23.2527,31.5604,70.2418,-43.0330,3.5714,42.8147,-19.6445,27.7889,74.1045,-42.7628,3.6950,42.8147,-19.6445,27.7889,74.1045,-42.7628,3.6950,950,800,-100,200,100,0,0
463,1787057149.071,1787057149.0754,0.03343,39.3846,-21.6703,31.2967,71.6484,-42.8571,3.5714,42.3399,-18.5807,27.3000,74.4036,-42.4529,3.5942,42.3399,-18.5807,27.3000,74.4036,-42.4529,3.5942,900,600,-50,550,100,0,0
464,1787057149.1044,1787057149.1091,0.03336,40.7912,-20.5275,30.6813,72.2637,-43.0330,3.5714,41.5794,-17.2383,27.2061,74.3715,-42.4934,3.8480,41.5794,-17.2383,27.2061,74.3715,-42.4934,3.8480,600,350,-150,250,-100,0,0
465,1787057149.1377,1787057149.1421,0.03337,41.0549,-19.3846,30.2418,73.3187,-43.0330,3.5714,41.1019,-16.9679,27.0574,74.8626,-43.7919,4.2618,41.1019,-16.9679,27.0574,74.8626,-43.7919,4.2618,100,400,-200,350,0,0,0
466,1787057149.1712,1787057149.1758,0.03344,40.7033,-18.3297,29.9780,73.4945,-43.0330,3.5714,40.7450,-17.0427,27.6038,75.3842,-43.9944,4.7498,40.7450,-17.0427,27.6038,75.3842,-43.9944,4.7498,-200,350,-50,50,0,0,0
467,1787057149.2045,1787057149.2091,0.03334,40.6154,-17.4505,29.7143,74.1099,-43.1209,3.7037,40.0456,-16.5879,26.9677,75.4943,-44.8235,6.9253,40.0456,-16.5879,26.9677,75.4943,-44.8235,6.9253,-50,350,-100,250,0,100,0
468,1787057149.2379,1787057149.2426,0.03342,40.7033,-17.2747,29.7143,74.6374,-43.5604,4.1005,39.6706,-16.2203,27.1280,75.7881,-45.8809,9.3871,39.6706,-16.2203,27.1280,75.7881,-45.8809,9.3871,0,0,0,200,-100,200,0
469,1787057149.2713,1787057149.2759,0.0334,40.8791,-16.9231,29.6264,74.9011,-44.1758,4.8280,39.2055,-15.0151,27.6559,75.7039,-46.9243,13.0403,39.2055,-15.0151,27.6559,75.7039,-46.9243,13.0403,100,100,-50,100,-200,200,0
470,1787057149.3047,1787057149.3096,0.03342,40.5275,-16.3956,29.4505,75.0769,-44.9670,6.4153,38.7196,-14.6479,26.9830,75.4430,-47.3459,17.0297,38.7196,-14.6479,26.9830,75.4430,-47.3459,16.7460,-100,200,-50,0,-250,700,0
471,1787057149.3381,1787057149.3431,0.03338,39.7363,-15.5165,29.4505,75.3407,-45.4945,8.5979,38.5950,-14.6083,27.6751,75.0703,-47.2005,20.7626,38.5950,-14.6083,27.6751,75.0703,-47.2005,18.8624,-250,350,0,50,-250,950,0
472,1787057149.3715,1787057149.3762,0.03338,39.2967,-14.8132,29.4505,75.3407,-46.2857,11.1772,38.1015,-14.7429,27.9576,73.8784,-47.1811,24.0636,38.1015,-14.7429,27.9576,73.8784,-47.1811,21.5741,-150,150,0,0,-250,1250,0
473,1787057149.4049,1787057149.4093,0.03338,39.1209,-14.7253,29.4505,75.3407,-46.5495,13.9550,37.5939,-14.0586,28.3741,73.3119,-47.1099,26.0931,37.5939,-14.0586,28.3741,73.3119,-47.1099,24.2196,-50,50,0,0,-100,1200,0
474,1787057149.4384,1787057149.4431,0.03347,39.0330,-14.7253,29.4505,74.8132,-46.7253,16.6005,37.0859,-13.7774,28.5660,72.6502,-47.2448,27.4347,37.0859,-13.7774,28.5660,72.6502,-47.2448,26.9974,0,0,0,-200,0,1200,0
475,1787057149.4717,1787057149.4762,0.0333,38.5934,-14.3736,29.3626,74.1099,-46.9011,19.2460,36.9179,-13.6829,28.8800,72.1629,-46.5239,28.0299,36.9179,-13.6829,28.8800,72.1629,-46.5239,28.0299,-100,200,0,-250,0,1200,0
476,1787057149.505,1787057149.51,0.03338,37.8022,-13.8462,29.3626,73.5824,-46.9011,21.8915,36.7956,-14.1705,30.0773,71.4347,-46.6546,28.2539,36.7956,-14.1705,30.0773,71.4347,-46.6546,28.2539,-300,200,0,-150,0,1200,0
477,1787057149.5385,1787057149.5431,0.03342,37.3626,-13.6703,29.3626,72.9670,-46.7253,24.2063,35.8364,-13.0091,30.7464,70.0913,-46.8366,27.9156,35.8364,-13.0091,30.7464,70.0913,-46.8366,27.9156,-200,50,0,-150,50,1050,0
478,1787057149.5718,1787057149.5765,0.03339,37.1868,-13.6703,29.7143,72.1758,-46.7253,25.5952,35.4589,-13.3502,31.0710,69.5057,-46.5887,27.8555,35.4589,-13.3502,31.0710,69.5057,-46.5887,27.8555,-50,0,150,-300,0,550,0
479,1787057149.6052,1787057149.61,0.03339,37.0989,-13.4945,30.5055,71.6484,-46.9011,26.2566,35.2271,-13.0099,31.7187,68.8300,-46.5664,27.7052,35.2271,-13.0099,31.7187,68.8300,-46.5664,27.7052,-50,-50,300,-300,-100,350,0
480,1787057149.6386,1787057149.6432,0.03337,36.4835,-13.2308,31.1209,70.7692,-46.9011,26.7196,34.5993,-13.4118,32.5962,67.3772,-46.9641,27.4925,34.5993,-13.4118,32.5962,67.3772,-46.9641,27.4925,-200,150,200,-300,0,150,0
481,1787057149.672,1787057149.6767,0.03342,35.7802,-13.0549,31.6484,69.9780,-46.9011,26.9180,34.1486,-12.8816,32.7943,67.3766,-46.6651,27.6034,34.1486,-12.8816,32.7943,67.3766,-46.6651,27.6034,-250,50,200,-200,0,100,0
482,1787057149.7055,1787057149.71,0.03343,35.2527,-13.0549,32.2637,69.0110,-46.7253,26.9180,33.8288,-12.7126,33.7055,66.2881,-46.2285,27.5490,33.8288,-12.7126,33.7055,66.2881,-46.2285,27.5490,-200,0,200,-300,50,0,0
483,1787057149.7389,1787057149.7432,0.0334,34.8132,-12.8791,32.7912,68.3956,-46.7253,27.1164,33.1545,-13.1962,34.4255,65.8075,-46.8086,27.5950,33.1545,-13.1962,34.4255,65.8075,-46.8086,27.5950,-150,0,200,-250,0,100,0
484,1787057149.7722,1787057149.777,0.03339,34.6374,-12.6154,33.4066,67.6044,-46.7253,27.1825,33.4040,-13.0810,34.8950,65.9897,-47.1216,27.6793,33.4040,-13.0810,34.8950,65.9897,-47.1216,27.6793,-100,100,250,-250,0,0,0
485,1787057149.8056,1787057149.8104,0.03336,34.2857,-12.6154,34.2857,66.9890,-46.9011,27.2487,32.9886,-12.6887,34.5923,65.1160,-46.7352,27.7359,32.9886,-12.6887,34.5923,65.1160,-46.7352,27.7359,-150,0,300,-350,-100,0,0
486,1787057149.8391,1787057149.844,0.03344,33.9341,-12.6154,34.7253,66.6374,-46.9011,27.3148,33.0769,-12.8743,35.4925,64.9912,-46.6563,27.7941,33.0769,-12.8743,35.4925,64.9912,-46.6563,27.7941,-100,0,150,-50,0,0,0
487,1787057149.8725,1787057149.8771,0.03342,33.4066,-12.4396,34.8132,66.1099,-46.7253,27.4471,32.9602,-13.1297,35.3028,64.4963,-46.8926,27.7232,32.9602,-13.1297,35.3028,64.4963,-46.8926,27.7232,-200,100,50,-200,100,50,0
488,1787057149.9058,1787057149.9102,0.03335,33.3187,-12.4396,35.0769,65.4066,-46.7253,27.5132,32.9440,-12.9065,35.9748,63.7709,-46.8877,27.7032,32.9440,-12.9065,35.9748,63.7709,-46.8877,27.7032,-50,0,0,-200,0,50,0
489,1787057149.9393,1787057149.944,0.03345,33.3187,-12.4396,35.3407,65.3187,-46.7253,27.5132,32.6043,-13.5921,36.8700,63.1832,-46.9281,27.6604,32.6043,-13.5921,36.8700,63.1832,-46.9281,27.6604,0,0,100,0,0,0,0
490,1787057149.9726,1787057149.977,0.03336,33.4066,-12.4396,35.9560,64.4396,-46.7253,27.5132,33.2327,-12.5842,36.9319,62.5052,-47.0998,27.7319,33.2327,-12.5842,36.9319,62.5052,-47.0998,27.7319,50,0,150,-250,0,0,0
491,1787057150.006,1787057150.0104,0.03338,33.4945,-12.4396,36.6593,64.0879,-46.9011,27.5132,32.8573,-13.0395,37.3663,61.9709,-46.7650,27.7305,32.8573,-13.0395,37.3663,61.9709,-46.7650,27.7305,50,0,300,-100,-50,0,0
492,1787057150.0394,1787057150.044,0.0334,33.4066,-12.3516,37.0110,63.4725,-46.9011,27.5132,32.7958,-12.5367,37.6080,61.3754,-47.1603,27.7187,32.7958,-12.5367,37.6080,61.3754,-47.1603,27.7187,-50,0,100,-200,0,0,0
493,1787057150.0728,1787057150.0774,0.03339,33.1429,-12.2637,37.2747,62.5934,-46.8132,27.5132,32.6057,-12.7182,38.4855,60.9417,-47.2961,27.7012,32.6057,-12.7182,38.4855,60.9417,-47.2961,27.7012,-100,50,150,-350,50,0,0
494,1787057150.1062,1787057150.111,0.03345,33.0549,-12.2637,37.7143,62.3297,-46.8132,27.5132,32.4830,-11.8153,38.2374,60.8957,-47.5803,27.5991,32.4830,-11.8153,38.2374,60.8957,-47.5803,27.5991,-50,0,150,-150,0,0,0
495,1787057150.1396,1787057150.1444,0.03336,33.0549,-12.2637,38.1538,61.5385,-46.9011,27.5132,32.7494,-12.2683,38.6427,60.4723,-47.6452,27.7203,32.7494,-12.2683,38.6427,60.4723,-47.6452,27.7203,0,0,100,-250,0,0,0
496,1787057150.173,1787057150.1773,0.03339,33.0549,-12.0000,38.4176,61.6264,-47.1648,27.5132,32.3023,-11.7430,39.0307,60.2057,-47.2558,27.6544,32.3023,-11.7430,39.0307,60.2057,-47.2558,27.6544,0,50,50,50,-100,0,0
497,1787057150.2064,1787057150.2111,0.03341,33.1429,-11.8242,38.6813,61.0989,-47.2527,27.5132,32.6907,-11.3958,39.1929,59.6609,-47.6784,27.6416,32.6907,-11.3958,39.1929,59.6609,-47.6784,27.6416,50,50,150,-250,-50,0,0
498,1787057150.2398,1787057150.244,0.03335,32.9670,-11.5604,39.0330,60.8352,-47.2527,27.5132,32.5950,-11.4388,39.5342,59.5637,-47.9243,27.5813,32.5950,-11.4388,39.5342,59.5637,-47.9243,27.5813,-100,100,150,-100,0,0,0
499,1787057150.2732,1787057150.278,0.03347,32.6154,-11.2967,39.2088,60.3077,-47.2527,27.6455,32.5597,-10.7249,39.2771,59.5555,-47.8585,27.5145,32.5597,-10.7249,39.2771,59.5555,-47.8585,27.5145,-50,150,50,-200,0,50,0
500,1787057150.3066,1787057150.5295,0.03337,32.5275,-11.2088,39.4725,60.1319,-47.3407,27.6455,33.3968,-9.7618,40.8193,60.2151,-48.4461,31.2117,33.3968,-9.7618,40.8193,60.2151,-48.4461,31.2117,-50,0,100,-50,-100,0,1
501,1787057150.5307,1787057150.5355,0.22412,32.7912,-10.7692,39.5604,59.9560,-47.6044,27.7116,33.5469,-8.9135,40.9716,59.8917,-48.5498,31.1034,33.5469,-8.9135,40.9716,59.8917,-48.5498,31.1034,0,0,0,0,0,0,1
502,1787057150.564,1787057150.5686,0.0333,32.8791,-10.7692,39.5604,59.9560,-47.6044,27.7116,33.3501,-9.5066,41.3795,60.5546,-48.5445,31.0442,33.3501,-9.5066,41.3795,60.5546,-48.5445,31.0442,0,0,0,0,0,0,0
503,1787057150.5974,1787057150.6018,0.03337,32.8791,-10.1538,40.0879,59.8681,-47.9560,28.3069,33.4492,-8.9670,40.4326,59.8047,-49.1005,30.8197,33.4492,-8.9670,40.4326,59.8047,-49.1005,30.8197,0,200,100,0,-100,200,0
504,1787057150.6308,1787057150.6352,0.03341,32.8791,-9.6264,40.7033,59.8681,-48.1319,29.4974,33.2685,-8.8749,40.8203,59.6826,-48.5174,30.5879,33.2685,-8.8749,40.8203,59.6826,-48.5174,30.5879,0,250,250,0,-50,550,0
505,1787057150.6642,1787057150.6686,0.03339,32.8791,-9.1868,40.9670,60.0440,-48.4835,29.8280,32.9915,-8.8312,41.2370,59.3914,-49.0234,30.4949,32.9915,-8.8312,41.2370,59.3914,-49.0234,30.4949,0,100,50,50,-150,300,0
506,1787057150.6976,1787057150.7019,0.03336,33.0549,-8.8352,40.9670,59.8681,-48.3956,29.8280,33.0463,-9.0733,40.8606,59.4573,-49.0710,30.4410,33.0463,-9.0733,40.8606,59.4573,-49.0710,30.4410,100,100,0,0,-100,0,0
507,1787057150.7309,1787057150.7353,0.03337,33.1429,-8.8352,41.1429,59.6923,-48.8352,30.0265,32.9157,-8.7420,40.5308,59.4147,-49.1626,30.5065,32.9157,-8.7420,40.5308,59.4147,-49.1626,30.5065,50,0,100,-50,-200,100,0
508,1787057150.7644,1787057150.769,0.03344,33.1429,-8.8352,41.2308,59.8681,-48.8352,30.0926,32.4408,-8.7394,41.0912,59.5949,-49.5042,30.1749,32.4408,-8.7394,41.0912,59.5949,-49.5042,30.1749,0,0,50,50,0,0,0
509,1787057150.7978,1787057150.8028,0.0334,33.1429,-8.5714,41.2308,59.7802,-48.7473,30.2249,32.8473,-8.0330,40.0416,59.9583,-49.4051,30.1409,32.8473,-8.0330,40.0416,59.9583,-49.4051,30.1409,0,100,0,0,0,100,0
510,1787057150.8312,1787057150.836,0.03341,33.0549,-8.4835,41.3187,59.6044,-49.0110,30.2249,33.1436,-8.4735,39.9467,60.6728,-49.3206,29.9663,33.1436,-8.4735,39.9467,60.6728,-49.3206,29.9663,-50,0,0,-100,-100,0,0
511,1787057150.8645,1787057150.8691,0.03337,32.9670,-8.1319,41.3187,59.7802,-49.0989,30.2249,32.8469,-8.9676,39.5264,60.7025,-49.1042,29.3123,32.8469,-8.9676,39.5264,60.7025,-49.1042,29.3123,-50,100,0,100,-50,0,0
512,1787057150.898,1787057150.9026,0.03342,32.9670,-8.1319,41.2308,59.9560,-49.0989,30.2249,32.8351,-8.1330,39.1978,61.4808,-48.8830,28.2081,32.8351,-8.1330,39.1978,61.4808,-48.8830,28.2081,0,0,-50,0,0,0,0
513,1787057150.9314,1787057150.936,0.0334,32.9670,-8.1319,41.1429,60.3077,-49.0989,29.8280,33.0591,-8.5342,38.7933,60.8353,-49.1448,26.6779,33.0591,-8.5342,38.7933,60.8353,-49.1448,26.6779,0,0,-50,100,0,-200,0
514,1787057150.9647,1787057150.9694,0.03338,32.9670,-8.0440,40.9670,60.6593,-49.0989,29.2328,33.2716,-8.6856,38.8858,60.6763,-49.0966,24.1590,33.2716,-8.6856,38.8858,60.6763,-49.0966,24.1590,0,0,-50,50,0,-250,0
515,1787057150.9982,1787057151.003,0.03347,32.9670,-7.9560,40.7912,60.7473,-49.0989,28.0423,33.1897,-8.4886,38.7268,60.6756,-49.4241,21.3279,33.1897,-8.4886,38.7268,60.6756,-49.4241,21.3279,0,0,-50,0,0,-550,0
516,1787057151.0316,1787057151.036,0.03338,32.9670,-7.9560,40.7912,60.7473,-49.0989,26.8519,33.4417,-8.6122,39.2385,60.7730,-49.6158,17.9546,33.4417,-8.6122,39.2385,60.7730,-49.6158,17.9546,0,0,0,0,0,-550,0
517,1787057151.065,1787057151.0695,0.03339,32.9670,-7.9560,40.7912,60.7473,-49.1868,24.8016,33.7019,-7.7301,39.4338,61.4176,-49.9734,14.3803,33.7019,-7.7301,39.4338,61.4176,-49.9734,14.6032,0,0,0,0,-50,-900,0
518,1787057151.0983,1787057151.1028,0.03336,33.0549,-7.9560,40.7912,60.7473,-49.1868,22.5529,33.5409,-7.3207,40.0352,61.6216,-50.0845,10.8025,33.5409,-7.3207,40.0352,61.6216,-50.0845,12.1561,50,0,0,0,0,-1050,0
519,1787057151.1317,1787057151.1362,0.03338,33.0549,-7.7802,40.7033,60.8352,-49.3626,19.9074,33.7515,-6.9195,39.8577,61.9969,-50.1987,8.5635,33.7515,-6.9195,39.8577,61.9969,-50.1987,9.5767,0,100,0,0,0,-1150,0
520,1787057151.1651,1787057151.1696,0.03337,33.0549,-7.4286,40.6154,60.9231,-49.7143,17.1958,33.7532,-7.0619,40.4936,61.3223,-49.8816,6.1648,33.7532,-7.0619,40.4936,61.3223,-49.8816,6.7989,0,100,0,50,-100,-1150,0
521,1787057151.1985,1787057151.2031,0.03341,33.1429,-7.3407,40.6154,61.1868,-49.8901,14.4841,34.2380,-6.6115,40.0900,61.3085,-49.2945,5.3745,34.2380,-6.6115,40.0900,61.3085,-49.2945,5.3745,0,50,-50,100,-50,-1200,0
522,1787057151.2318,1787057151.2361,0.03334,33.3187,-7.2527,40.6154,61.0110,-49.6264,11.7725,33.9034,-6.4652,39.9031,61.5883,-49.6264,3.9085,33.9034,-6.4652,39.9031,61.5883,-49.6264,3.9085,0,50,0,-50,100,-1200,0
523,1787057151.2652,1787057151.2695,0.03337,33.5824,-7.0769,40.6154,61.0110,-49.6264,9.3915,33.7686,-6.6565,41.2336,61.1436,-49.8598,2.8943,33.7686,-6.6565,41.2336,61.1436,-49.8598,2.8943,100,100,0,0,0,-1100,0
524,1787057151.2986,1787057151.3028,0.03338,33.5824,-6.9011,40.6154,61.0110,-49.8022,7.1429,33.7587,-6.5600,40.9512,61.0131,-49.9315,2.4566,33.7587,-6.5600,40.9512,61.0131,-49.9315,2.4566,0,100,0,0,-100,-1000,0
525,1787057151.332,1787057151.3361,0.03341,33.5824,-6.9011,40.7033,61.0110,-49.8022,5.4894,34.0660,-6.6055,39.7425,60.9627,-49.6766,1.8098,34.0660,-6.6055,39.7425,60.9627,-49.6766,1.8098,0,0,0,0,0,-750,0
526,1787057151.3654,1787057151.3695,0.03336,33.5824,-6.9011,40.8791,61.0110,-49.8022,4.3651,33.5473,-6.9458,41.0055,60.9439,-49.7903,1.3496,33.5473,-6.9458,41.0055,60.9439,-49.7903,1.3496,0,0,50,0,0,-500,0
527,1787057151.3988,1787057151.403,0.0334,33.5824,-6.9011,40.7033,61.0110,-49.8022,3.5053,34.1191,-7.1910,40.9293,61.0261,-49.6224,1.0393,34.1191,-7.1910,40.9293,61.0261,-49.6224,1.0393,0,0,-50,0,0,-400,0
528,1787057151.4321,1787057151.4364,0.03338,33.5824,-6.9011,40.7033,61.0110,-49.8022,2.7116,34.0117,-6.9294,40.9169,60.9473,-49.1402,1.2887,34.0117,-6.9294,40.9169,60.9473,-49.1402,1.2887,0,0,0,0,0,-350,0
529,1787057151.4655,1787057151.47,0.0334,33.5824,-6.9011,40.7912,61.0110,-49.8022,2.1825,33.7451,-7.5337,40.5749,61.1525,-48.5395,1.4910,33.7451,-7.5337,40.5749,61.1525,-48.5395,1.4910,0,0,0,0,0,-200,0
530,1787057151.4989,1787057151.5032,0.03338,33.5824,-6.9011,40.7912,61.0110,-49.8022,2.1164,33.4662,-8.8875,39.8308,62.7149,-49.1152,1.4301,33.4662,-8.8875,39.8308,62.7149,-49.1152,1.4301,0,0,0,0,0,-100,0
531,1787057151.5323,1787057151.5366,0.03342,33.5824,-6.9011,40.7912,61.0110,-49.5385,2.1164,33.1295,-9.9027,37.8853,63.2165,-48.2682,1.5198,33.1295,-9.9027,37.8853,63.2165,-48.2682,1.5198,0,0,0,0,50,0,0
532,1787057151.5657,1787057151.57,0.03337,33.5824,-7.1648,40.7033,61.4505,-49.5385,2.1164,32.4857,-9.3555,35.8172,63.9892,-48.2698,1.7097,32.4857,-9.3555,35.8172,63.9892,-48.2698,1.7097,0,-100,-50,100,0,0,0
533,1787057151.5991,1787057151.6034,0.03338,33.4945,-7.4286,40.3516,62.5055,-49.1868,2.1164,31.4040,-12.6038,35.2134,65.3553,-48.7603,1.5036,31.4040,-12.6038,35.2134,65.3553,-48.7603,1.5036,-50,-150,-200,300,150,0,0
534,1787057151.6325,1787057151.6371,0.0334,33.2308,-7.4286,39.3846,63.2088,-48.8352,2.1164,30.2197,-13.3230,32.6133,65.7425,-48.5047,1.6018,30.2197,-13.3230,32.6133,65.7425,-48.5047,1.6018,-150,0,-250,150,200,0,0
535,1787057151.6658,1787057151.6702,0.03335,32.5275,-7.7802,38.3297,63.4725,-49.0110,2.0503,28.4067,-16.7010,29.5235,68.5252,-49.3559,1.5116,28.4067,-16.7010,29.5235,68.5252,-49.3559,1.5116,-200,-100,-350,50,-50,-50,0
536,1787057151.6992,1787057151.7036,0.03337,31.6484,-9.0989,37.2747,64.8791,-49.0110,2.0503,26.6402,-18.3109,26.4180,69.3126,-50.2574,1.8250,26.6402,-18.3109,27.0989,69.3126,-50.2574,1.8250,-300,-500,-400,450,0,0,0
537,1787057151.7326,1787057151.737,0.0334,30.5055,-10.6813,35.2527,65.7582,-49.0989,2.0503,24.8766,-21.1999,24.8976,71.3663,-50.3602,1.5027,24.8766,-20.9451,24.9890,71.3663,-50.3602,1.5027,-400,-500,-550,300,50,0,0
538,1787057151.7661,1787057151.7711,0.03344,29.0989,-12.7033,32.8791,67.0769,-49.7143,2.0503,22.5812,-23.0012,21.6842,71.5611,-51.5243,1.4194,22.5812,-22.9670,22.5275,71.5611,-51.5243,1.4194,-450,-650,-850,400,-250,0,0
539,1787057151.7995,1787057151.8043,0.03342,27.4286,-14.9011,30.5055,69.0110,-49.8901,1.9841,20.2813,-25.1751,20.8923,72.6147,-52.2058,1.4902,20.2813,-25.1751,20.8923,72.6147,-52.2058,1.4902,-550,-800,-750,700,-50,-50,0
540,1787057151.8328,1787057151.8374,0.03332,25.6703,-17.1868,28.3956,70.0659,-50.4176,1.9180,17.5914,-29.1066,20.4761,73.1663,-52.0444,1.5857,17.5914,-27.4505,20.4761,73.1663,-52.0444,1.5857,-650,-750,-750,300,-50,-50,0
541,1787057151.8662,1787057151.8707,0.03342,23.7363,-19.2967,26.1978,70.8571,-51.3846,1.9180,15.2657,-30.5183,19.0941,71.5831,-54.0089,1.6395,15.2657,-29.5604,19.0941,71.5831,-54.0089,1.6395,-650,-750,-750,250,-400,0,0
542,1787057151.8996,1787057151.904,0.03337,21.5385,-21.5824,24.6154,71.7363,-51.4725,1.9180,12.0120,-32.5837,18.5851,69.5285,-53.6038,1.5421,12.0120,-31.9341,18.5851,69.5285,-53.6038,1.5421,-700,-800,-450,300,-50,0,0
543,1787057151.933,1787057151.9374,0.03338,19.1648,-23.8681,23.4725,71.6484,-52.0000,1.9180,8.9691,-35.6717,18.8707,67.1125,-54.3650,1.7120,8.9691,-34.2198,18.8707,67.1125,-54.3650,1.7120,-850,-800,-400,-100,0,0,0
544,1787057151.9663,1787057151.9708,0.03338,16.7033,-26.0659,22.4176,70.6813,-52.9670,1.9180,6.0432,-37.7172,18.9589,64.4475,-54.1543,1.5282,6.2637,-36.3297,18.9589,64.4475,-54.1543,1.5282,-850,-750,-350,-300,-350,0,0
545,1787057151.9997,1787057152.0042,0.0334,13.9780,-28.5275,22.0659,69.2747,-53.3187,1.9180,3.4868,-39.4156,20.7778,61.0698,-54.4256,1.5719,3.6264,-38.7912,20.7778,61.0698,-54.4256,1.5719,-900,-850,-100,-450,-100,0,0
546,1787057152.0331,1787057152.0377,0.03338,11.0769,-30.8132,21.8022,67.5165,-53.4945,1.9180,0.4592,-41.9376,22.7816,55.3188,-53.8101,1.4518,0.7253,-41.0769,22.7816,57.2527,-53.8101,1.4518,-950,-750,-100,-600,-50,0,0
547,1787057152.0665,1787057152.071,0.03338,8.1758,-33.0989,21.8022,65.3187,-53.8462,1.9180,-1.3390,-43.1104,27.3708,48.8177,-53.6585,1.6840,-1.3390,-43.1104,27.3708,54.8791,-53.6585,1.6840,-1000,-750,0,-700,-150,0,0
548,1787057152.0999,1787057152.1043,0.0334,5.3626,-35.4725,22.6813,62.5055,-53.7582,1.9180,-2.9432,-45.3258,30.4675,41.9175,-52.7525,1.6603,-2.9432,-45.3258,30.4675,52.1538,-52.7525,1.6603,-900,-850,350,-900,50,0,0
549,1787057152.1333,1787057152.1378,0.0334,2.7253,-37.9341,24.2637,59.6923,-53.7582,1.9180,-4.0212,-47.3589,35.2940,35.3775,-52.1603,1.6435,-4.0212,-47.3589,34.5275,49.2527,-52.1603,1.6435,-900,-850,450,-1000,0,0,0
550,1787057152.1667,1787057152.3855,0.03337,0.2637,-40.3956,26.8132,56.9670,-53.4945,1.9180,9.4322,-33.3811,19.7693,60.9394,-51.9200,1.8320,6.2198,-35.4066,24.4615,60.3736,-51.9200,1.8320,-850,-850,850,-900,0,0,1
551,1787057152.3866,1787057152.3917,0.21996,-3.7802,-45.4066,34.4615,50.3736,-52.7033,1.9180,13.3486,-31.7580,19.3935,64.1983,-50.8375,2.1082,6.2198,-35.4066,24.4615,60.3736,-50.8375,2.1082,-150,-50,0,-100,0,0,1
552,1787057152.4199,1787057152.4244,0.03327,-3.8681,-45.4066,34.4615,50.2857,-52.7033,1.9180,15.6603,-32.0750,20.0974,66.2720,-48.8586,2.0612,6.2198,-35.4066,24.4615,60.2857,-48.8586,2.0612,0,0,0,-50,0,0,0
553,1787057152.4533,1787057152.4584,0.0334,-3.1648,-45.0549,34.1978,50.8132,-52.0000,1.9180,19.2113,-31.3356,20.6506,68.1261,-44.4402,2.1272,6.9231,-34.8791,24.0220,61.0769,-44.4402,2.1272,100,150,0,150,300,0,0
554,1787057152.4867,1787057152.4918,0.03344,-1.1429,-43.2088,32.3516,53.2747,-50.8571,1.9841,22.2202,-32.1672,21.9662,71.1159,-41.4116,1.9463,9.2967,-32.7692,22.0000,63.6264,-41.4116,1.9463,700,400,-500,950,350,0,0
555,1787057152.52,1787057152.5248,0.03331,1.7582,-40.3077,29.7143,56.0879,-49.0110,1.9841,25.5020,-33.8279,22.2679,73.5429,-38.5135,2.2340,12.1978,-33.8279,22.2679,66.5275,-38.8352,2.2340,950,1000,-900,1000,600,0,0
556,1787057152.5535,1787057152.5582,0.03342,4.9231,-37.2308,27.6044,58.9890,-46.5495,1.9841,27.9096,-33.9360,24.5661,75.8257,-36.4836,2.0571,15.3626,-33.9360,24.5661,69.4286,-36.4836,2.0571,1000,1050,-700,950,950,0,0
557,1787057152.5869,1787057152.5915,0.0334,7.5604,-35.0330,26.4615,61.8022,-43.6484,1.9841,30.1070,-35.0647,25.6120,76.3618,-33.6196,2.2828,18.0000,-35.0647,25.6120,72.1538,-33.6196,2.2828,950,550,-450,950,1000,0,0
558,1787057152.6202,1787057152.6247,0.03335,10.1978,-34.6813,26.6374,64.7033,-40.9231,1.9841,31.4422,-34.3819,27.6106,77.7833,-32.4161,2.4279,20.4615,-34.3819,27.6106,75.1429,-32.4161,2.4279,900,200,50,1000,950,0,0
559,1787057152.6536,1787057152.658,0.03337,12.8352,-34.7692,26.8132,67.5165,-38.2857,1.9841,32.8915,-35.1309,28.7071,77.4627,-31.0338,2.4823,23.1868,-35.1309,28.7071,77.4627,-31.0338,2.4823,800,-50,50,900,850,0,0
560,1787057152.687,1787057152.6916,0.03341,15.5604,-34.8571,27.2527,70.3297,-36.0879,1.9841,34.0593,-35.7860,29.3521,76.6291,-30.6624,2.4649,26.0000,-35.7860,29.3521,76.6291,-30.6624,2.4649,950,0,100,950,850,0,0
561,1787057152.7204,1787057152.7248,0.03337,18.6374,-34.7692,28.3077,73.0549,-34.3297,1.9841,36.0299,-35.3422,33.2543,75.9594,-29.7656,2.4570,28.9890,-35.3422,33.2543,75.9594,-29.7656,2.4570,1050,50,450,1000,650,0,0
562,1787057152.7538,1787057152.7582,0.0334,21.3626,-34.5934,29.3626,74.7253,-32.9231,2.1164,36.9155,-35.5289,33.7105,74.6809,-29.4717,2.4884,31.7143,-35.5289,33.7105,74.6809,-29.4717,2.4884,900,50,300,600,450,50,0
563,1787057152.7872,1787057152.792,0.03342,24.0000,-34.6813,30.4176,74.8132,-31.9560,2.1825,37.8169,-35.2897,35.9746,73.1828,-30.2996,2.4318,34.4396,-35.2897,35.9746,73.1828,-30.2996,2.4318,900,0,300,-50,300,50,0
564,1787057152.8205,1787057152.8251,0.03336,26.5495,-34.8571,32.0000,74.5495,-31.0769,2.1825,37.9698,-35.3309,37.4726,71.8376,-29.6897,2.4811,36.9890,-35.3309,37.4726,71.8376,-29.6897,2.4811,850,-100,600,-100,300,0,0
565,1787057152.8539,1787057152.8584,0.03342,29.3626,-34.7692,33.9341,73.9341,-30.9011,2.1825,38.7599,-35.0861,39.5457,70.1354,-30.1310,2.4657,38.7599,-35.0861,39.5457,70.1354,-30.1310,2.4657,900,0,650,-200,0,0,0
566,1787057152.8873,1787057152.8918,0.03338,32.2637,-34.5934,35.9560,73.0549,-30.8132,2.1825,38.1577,-34.4105,40.0832,68.7455,-31.4150,2.2514,38.1577,-34.4105,40.0832,68.7455,-31.4150,2.2514,950,50,700,-300,-50,0,0
567,1787057152.9207,1787057152.925,0.03337,35.0769,-34.5934,37.8022,72.0879,-30.7253,2.1825,38.0423,-33.6529,40.6653,66.9952,-32.0199,2.2620,38.0423,-33.6529,40.6653,66.9952,-32.0199,2.2620,900,0,600,-250,0,0,0
568,1787057152.9541,1787057152.9583,0.03337,36.3077,-34.5934,39.1209,70.6813,-30.9890,2.1825,37.2504,-33.8372,42.0542,65.6726,-33.6476,2.0910,37.2504,-33.8372,42.0542,65.6726,-33.6476,2.0910,300,0,450,-550,-100,0,0
569,1787057152.9875,1787057152.9917,0.03341,36.4835,-34.0659,40.0879,69.1868,-31.5165,2.1825,36.2291,-32.8108,43.1915,64.3665,-35.7609,1.9750,36.2291,-32.8108,43.1915,64.3665,-35.7609,1.9750,150,200,300,-550,-150,0,0
570,1787057153.0208,1787057153.0251,0.03334,36.3077,-33.9780,41.2308,67.8681,-32.0440,2.1825,35.1969,-31.6455,44.5634,62.3049,-37.2840,1.9191,35.1969,-31.6455,44.5634,62.3049,-37.2840,1.9191,-100,0,450,-500,-200,0,0
571,1787057153.0542,1787057153.0584,0.03337,36.2198,-33.5385,42.4615,66.5495,-33.5385,2.1825,34.4938,-31.6273,44.5057,61.1112,-39.3551,1.8907,34.4938,-31.6273,44.5057,61.1112,-39.3551,1.8907,0,150,450,-400,-600,0,0
572,1787057153.0876,1787057153.0919,0.03341,36.2198,-32.4835,43.6044,64.9670,-35.2088,2.1825,34.0075,-31.6179,46.0924,60.0192,-41.8047,1.7376,34.0075,-31.6179,46.0924,60.0192,-41.8047,1.7376,0,300,350,-550,-550,0,0
573,1787057153.121,1787057153.1254,0.03338,35.6044,-31.8681,44.3956,63.4725,-36.7912,2.1825,33.8168,-30.6907,46.0040,58.2038,-42.9432,1.6464,33.8168,-30.6907,46.0040,58.2038,-42.9432,1.6464,-200,200,300,-450,-550,0,0
574,1787057153.1544,1787057153.1587,0.03345,34.8132,-31.8681,45.1868,62.0659,-38.6374,2.1825,32.5524,-31.8176,46.6421,58.1934,-44.4081,1.6063,32.5524,-31.8176,46.6421,58.1934,-44.4081,1.6063,-250,0,300,-450,-700,0,0
575,1787057153.1877,1787057153.192,0.03332,34.2857,-31.6044,45.8022,60.8352,-40.3077,2.1825,32.6498,-31.2882,48.7826,57.5123,-45.2457,1.5460,32.6498,-31.2882,48.7826,57.5123,-45.2457,1.5460,-300,50,250,-400,-700,0,0
576,1787057153.2212,1787057153.2255,0.03341,33.7582,-31.2527,46.3297,59.6044,-41.8022,2.1825,32.1258,-31.0531,48.0371,57.0419,-45.9569,1.5261,32.1258,-31.0531,48.0371,57.0419,-45.9569,1.5261,-200,100,150,-400,-500,0,0
577,1787057153.2545,1787057153.2587,0.03337,33.5824,-31.0769,47.5604,59.1648,-43.2088,2.1164,32.2534,-31.6098,48.3440,56.4492,-46.5628,1.4779,32.2534,-31.6098,48.3440,56.4492,-46.5628,1.4779,-50,50,400,-150,-450,-50,0
578,1787057153.2879,1787057153.2921,0.03338,33.1429,-30.9011,48.2637,58.3736,-44.3516,2.0503,32.3670,-31.4154,49.0818,56.2509,-46.6395,1.2883,32.3670,-31.4154,49.0818,56.2509,-46.6395,1.2883,-150,100,400,-350,-350,-50,0
579,1787057153.3213,1787057153.3257,0.03342,32.5275,-30.8132,48.4396,57.6703,-45.0549,2.0503,32.1497,-30.5184,49.4036,55.5653,-46.2208,1.4908,32.1497,-30.5184,49.4036,55.5653,-46.2208,1.4908,-250,0,0,-200,-200,0,0
580,1787057153.3547,1787057153.3589,0.03337,32.5275,-30.9011,48.8791,57.1429,-45.5824,1.9180,31.7936,-30.7864,50.0454,55.8909,-46.4890,1.1714,31.7936,-30.7864,50.0454,55.8909,-46.4890,1.1714,0,0,150,-200,-150,-100,0
581,1787057153.3881,1787057153.3924,0.03337,32.7912,-30.8132,49.4945,56.7033,-45.6703,1.9180,32.1947,-31.7925,49.8316,55.4555,-45.9944,1.1476,32.1947,-31.7925,49.8316,55.4555,-45.9944,1.1476,100,0,250,-150,-100,0,0
582,1787057153.4215,1787057153.4257,0.03341,32.7033,-30.5495,50.0220,56.5275,-46.0220,1.7857,32.0305,-32.3321,50.6172,55.2681,-46.1887,1.0854,32.0305,-32.3321,50.6172,55.2681,-46.1887,1.0854,-50,100,150,-50,-150,-50,0
583,1787057153.4548,1787057153.4591,0.03337,32.3516,-30.5495,50.1978,56.1758,-45.7582,1.7857,32.6253,-32.2099,51.0537,55.6325,-45.7959,1.3038,32.6253,-32.2099,51.0537,55.6325,-45.7959,1.3038,-150,0,50,-100,150,0,0
584,1787057153.4883,1787057153.4926,0.03345,32.0879,-30.7253,50.3736,55.7363,-45.9341,1.7857,32.5498,-31.7721,51.2267,55.8342,-45.4981,2.1005,32.5498,-31.7721,51.2267,55.8342,-45.4981,2.1005,-50,-50,0,-150,-50,0,0
585,1787057153.5216,1787057153.526,0.03333,32.0879,-30.7253,50.9890,56.0000,-45.9341,1.7857,32.3462,-32.6077,52.1019,56.0996,-44.9593,4.1387,32.3462,-32.6077,52.1019,56.0996,-44.9593,4.1387,0,0,150,150,0,0,0
586,1787057153.555,1787057153.5593,0.0334,32.2637,-30.5495,51.4286,56.0000,-45.9341,1.9841,33.3270,-33.1340,51.6599,55.4196,-44.4518,7.9739,33.3270,-33.1340,51.6599,55.4196,-44.4518,7.9739,100,100,150,0,0,100,0
587,1787057153.5884,1787057153.5929,0.03339,32.4396,-30.6374,51.7802,56.0000,-45.7582,2.6455,33.1804,-34.1300,52.4367,55.7626,-43.8200,12.3672,33.1804,-34.1300,52.4367,55.7626,-43.8200,12.3672,50,0,100,0,50,200,0
588,1787057153.6218,1787057153.6262,0.03342,32.5275,-31.0769,51.8681,55.9121,-45.1429,4.0344,34.0378,-34.4596,52.4229,56.0799,-42.9705,17.0206,34.0378,-34.4596,52.4229,56.0799,-42.9705,14.3651,50,-150,50,0,200,550,0
589,1787057153.6552,1787057153.6596,0.03336,32.5275,-31.5165,52.2198,55.9121,-44.8791,6.6138,33.6441,-34.3114,52.5186,56.2176,-42.8025,21.1358,33.6441,-34.3114,52.5186,56.2176,-42.8025,16.9444,0,-150,150,-50,50,1200,0
590,1787057153.6886,1787057153.693,0.03337,32.8791,-31.9560,52.5714,56.0000,-44.0000,9.3915,34.0222,-34.3686,53.1063,55.9876,-42.4237,24.3845,34.0222,-34.3686,53.1063,55.9876,-42.4237,19.7222,150,-200,50,50,300,1250,0
591,1787057153.722,1787057153.7265,0.0334,33.4066,-32.0440,52.5714,56.0000,-43.8242,11.9709,34.1193,-33.9294,54.1237,55.6527,-42.1693,26.3951,34.1193,-33.9294,54.1237,55.6527,-42.1693,22.3677,200,-50,0,0,50,1200,0
592,1787057153.7554,1787057153.7598,0.03339,33.6703,-32.2198,53.0989,56.0000,-43.3846,14.6825,34.2023,-34.8229,55.0556,55.9507,-42.2261,27.2254,34.2023,-34.8229,55.0556,55.9507,-42.2261,25.0132,50,-50,150,0,150,1200,0
593,1787057153.7887,1787057153.7936,0.03338,33.5824,-32.2198,53.8022,56.0000,-43.0330,17.2619,34.2428,-34.0386,55.3695,55.4302,-41.8258,27.3983,34.2428,-34.0386,55.3695,55.4302,-41.8258,27.3983,-50,0,300,0,100,1200,0
594,1787057153.8221,1787057153.8265,0.03341,33.4066,-32.3956,54.6813,56.0000,-42.7692,20.0397,34.5043,-34.3139,55.2928,56.3325,-41.5710,26.9048,34.5043,-34.3139,55.2928,56.3325,-41.5710,26.9048,-50,-50,300,0,100,1200,0
595,1787057153.8555,1787057153.8597,0.03335,33.5824,-32.4835,55.2088,56.0000,-42.3297,22.5529,34.2861,-34.3962,55.7730,55.7109,-41.6015,26.5987,34.2861,-34.3962,55.7730,55.7109,-41.6015,26.5987,50,-50,200,0,200,1200,0
596,1787057153.8889,1787057153.8934,0.03341,34.0220,-32.4835,55.2088,56.0879,-42.3297,24.4709,34.2682,-33.2282,55.0941,54.9923,-40.9616,26.2573,34.2682,-33.2282,55.0941,54.9923,-40.9616,26.2573,150,0,0,0,0,700,0
597,1787057153.9223,1787057153.9266,0.03337,34.1978,-32.5714,55.5604,56.0879,-42.1538,25.0000,34.0922,-32.3397,55.8330,54.7657,-40.7317,26.2979,34.0922,-32.3397,55.8330,54.7657,-40.7317,26.2979,50,-50,100,0,50,350,0
598,1787057153.9556,1787057153.96,0.03338,34.1099,-32.4835,55.6484,55.6484,-41.7143,25.1984,34.4520,-33.4761,55.4238,54.6456,-40.7606,26.1087,34.4520,-33.4761,55.4238,54.6456,-40.7606,26.1087,0,0,0,-200,200,50,0
599,1787057153.9891,1787057153.9934,0.03342,34.0220,-32.2198,55.8242,55.3846,-41.4505,25.5291,33.8928,-32.6265,56.5520,54.1786,-40.3098,26.3274,33.8928,-32.6265,56.5520,54.1786,-40.3098,26.3274,-50,100,100,-150,100,150,0
600,1787057154.0224,1787057154.2479,0.03335,33.8462,-32.2198,55.9121,55.2088,-41.1868,25.5952,37.4319,-30.0893,53.6525,56.4536,-41.3000,25.1989,37.4319,-30.0893,53.6525,56.4536,-41.3000,25.1989,-50,0,50,-50,100,50,1
601,1787057154.2491,1787057154.254,0.22665,34.0220,-32.2198,56.6154,54.5934,-40.8352,25.9921,37.4403,-29.3290,55.0445,56.1245,-42.1354,25.3543,37.4403,-29.3290,55.0445,56.1245,-42.1354,25.3543,0,0,0,0,0,0,1
602,1787057154.2823,1787057154.2866,0.03324,34.0220,-32.2198,56.6154,54.5934,-40.8352,25.9921,37.6539,-29.9006,55.8431,56.8794,-42.0984,25.2831,37.6539,-29.9006,55.8431,56.8794,-42.0984,25.2831,0,0,0,0,0,0,0
603,1787057154.3157,1787057154.3201,0.03341,34.4615,-31.6044,56.5275,55.1209,-41.0989,25.6614,37.3713,-31.1111,56.4463,56.2614,-43.1469,25.1350,37.3713,-31.1111,56.4463,56.2614,-43.1469,25.1350,0,150,-50,200,-100,-150,0
604,1787057154.3491,1787057154.3534,0.03337,35.6923,-30.3736,56.5275,55.9121,-41.6264,25.5291,37.3118,-30.1971,56.5954,57.0902,-42.9087,25.1475,37.3118,-30.1971,56.5954,57.0902,-42.9087,25.1475,450,450,0,300,-150,-50,0
605,1787057154.3825,1787057154.3867,0.03337,36.5714,-30.1099,56.9670,55.7363,-42.3297,25.4630,36.8341,-30.2888,57.2721,56.5446,-43.5165,25.2003,36.8341,-30.2888,57.2721,56.5446,-43.5165,25.2003,200,50,200,-50,-300,-50,0
606,1787057154.4159,1787057154.42,0.03344,36.5714,-30.1978,57.0549,56.3516,-42.4176,25.4630,36.5553,-31.2238,58.0850,57.0234,-43.0534,25.2094,36.5553,-31.2238,58.0850,57.0234,-43.0534,25.2094,0,-50,50,250,-50,0,0
607,1787057154.4493,1787057154.4535,0.03337,36.0440,-30.0220,57.2308,56.0879,-42.5055,25.4630,36.0521,-30.0880,58.5829,56.4120,-43.9074,25.1603,36.0521,-30.0880,58.5829,56.4120,-43.9074,25.1603,-250,100,100,0,-50,0,0
608,1787057154.4826,1787057154.4869,0.03337,36.0440,-30.0220,57.9341,56.5275,-42.6813,25.4630,36.2074,-30.4236,58.7988,56.4313,-43.3518,25.2480,36.2074,-30.4236,58.7988,56.4313,-43.3518,25.2480,0,0,200,100,-50,0,0
609,1787057154.5161,1787057154.5204,0.03342,36.3956,-29.9341,58.5495,56.6154,-43.2967,25.4630,35.9105,-30.6560,59.5816,55.6226,-42.9769,25.1724,35.9105,-30.6560,59.5816,55.6226,-42.9769,25.1724,100,0,250,0,-150,0,0
610,1787057154.5494,1787057154.5539,0.03338,36.4835,-29.8462,58.6374,56.5275,-43.2967,25.4630,36.0087,-29.5383,59.1191,55.8099,-43.4344,25.2977,36.0087,-29.5383,59.1191,55.8099,-43.4344,25.2977,0,0,0,0,0,0,0
611,1787057154.5828,1787057154.5873,0.03337,36.2198,-29.8462,59.0769,56.2637,-43.1209,25.4630,36.2633,-30.9672,60.8085,56.0657,-43.5193,25.3884,36.2633,-30.9672,60.8085,56.0657,-43.5193,25.3884,-100,0,150,-50,100,0,0
612,1787057154.6163,1787057154.6206,0.03346,36.0440,-29.6703,59.1648,56.1758,-43.1209,25.4630,35.5615,-30.8400,59.4817,55.1509,-43.5370,25.2392,35.5615,-30.8400,59.4817,55.1509,-43.5370,25.2392,-100,0,50,0,0,0,0
613,1787057154.6496,1787057154.654,0.03332,36.2198,-29.5824,59.7802,56.0000,-43.2967,25.4630,36.0458,-31.4507,60.4869,55.7756,-43.0195,25.4508,36.0458,-31.4507,60.4869,55.7756,-43.0195,25.4508,50,0,200,-100,0,0,0
614,1787057154.683,1787057154.6873,0.0334,36.3956,-29.6703,60.4835,55.9121,-43.3846,25.4630,36.3819,-31.2829,61.2766,55.7704,-43.6371,25.5262,36.3819,-31.2829,61.2766,55.7704,-43.6371,25.5262,50,0,150,-50,-100,0,0
615,1787057154.7164,1787057154.7208,0.03342,36.2198,-29.6703,60.4835,55.9121,-43.3846,25.4630,36.6027,-31.6812,61.3137,56.3169,-44.2161,25.5551,36.6027,-31.6812,61.3137,56.3169,-44.2161,25.5551,-50,0,0,0,0,0,0
616,1787057154.7498,1787057154.7541,0.03338,35.9560,-29.9341,60.9231,55.9121,-43.4725,25.4630,36.4445,-31.4065,61.3282,56.2790,-43.4485,25.6206,36.4445,-31.4065,61.3282,56.2790,-43.4485,25.6206,-100,-100,200,0,-50,0,0
617,1787057154.7832,1787057154.7879,0.0334,35.9560,-30.0220,61.2747,56.0000,-43.5604,25.4630,37.3192,-32.5537,62.1604,55.6659,-43.4311,25.5699,37.3192,-32.5537,62.1604,55.6659,-43.4311,25.5699,0,-50,100,0,-50,0,0
618,1787057154.8166,1787057154.8228,0.03338,36.1319,-30.0220,61.3626,56.0000,-43.6484,25.4630,37.0056,-31.9788,62.2717,55.9006,-43.8342,25.3711,37.0056,-31.9788,62.2717,55.9006,-43.8342,25.3711,100,0,50,0,-50,0,0
619,1787057154.8499,1787057154.8543,0.03338,36.3956,-30.4615,61.8022,55.7363,-43.6484,25.4630,37.3465,-32.2231,62.0180,55.0929,-44.1033,25.2749,37.3465,-32.2231,62.0180,55.0929,-44.1033,25.2749,100,-150,150,-150,0,0,0
620,1787057154.8833,1787057154.8876,0.03335,36.4835,-30.6374,62.1538,56.0000,-43.8242,25.4630,37.7414,-31.9554,62.4189,55.6991,-43.6339,25.4917,37.7414,-31.9554,62.4189,55.6991,-43.6339,25.4917,50,-50,50,50,-50,0,0
621,1787057154.9167,1787057154.921,0.03341,36.6593,-30.6374,62.2418,55.7363,-43.6484,25.4630,38.1040,-32.1096,61.9174,56.1940,-44.4571,25.1548,38.1040,-32.1096,61.9174,56.1940,-44.4571,25.1548,50,0,50,-100,100,0,0
622,1787057154.9501,1787057154.9544,0.03339,37.0110,-30.7253,62.2418,55.6484,-43.6484,25.4630,38.0099,-31.5798,61.3116,54.8470,-44.1098,25.2969,38.0099,-31.5798,61.3116,54.8470,-44.1098,25.2969,150,0,0,0,0,0,0
623,1787057154.9835,1787057154.9878,0.03338,37.4505,-30.7253,62.3297,55.8242,-43.9121,25.4630,38.4524,-31.9724,62.2511,55.3614,-44.8087,25.1362,38.4524,-31.9724,62.2511,55.3614,-44.8087,25.1362,150,0,50,100,-50,0,0
624,1787057155.0169,1787057155.0214,0.03341,37.7143,-30.6374,62.3297,55.5604,-44.0000,25.4630,38.6179,-31.7498,61.3938,55.6356,-44.4847,25.2806,38.6179,-31.7498,61.3938,55.6356,-44.4847,25.2806,50,50,0,-100,-50,0,0
625,1787057155.0503,1787057155.0545,0.03338,37.8022,-30.7253,62.4176,55.2088,-44.3516,25.4630,38.3500,-32.1626,61.6908,54.9132,-44.9646,25.1401,38.3500,-32.1626,61.6908,54.9132,-44.9646,25.1401,50,0,0,-100,-100,0,0
626,1787057155.0836,1787057155.0879,0.03336,37.8022,-30.7253,62.5055,55.4725,-44.1758,25.4630,38.2338,-31.7692,62.5544,55.1344,-45.3108,25.0308,38.2338,-31.7692,62.5544,55.1344,-45.3108,25.0308,0,0,0,-50,100,0,0
627,1787057155.1171,1787057155.1214,0.03342,37.9780,-30.6374,62.5055,55.3846,-44.4396,25.3968,38.4093,-32.4113,62.1677,55.0792,-45.1350,24.9985,38.4093,-32.4113,62.1677,55.0792,-45.1350,24.9985,50,50,0,0,-50,0,0
628,1787057155.1504,1787057155.1547,0.03339,38.0659,-30.7253,62.6813,55.2088,-44.8791,25.3307,38.4442,-31.8053,61.9196,55.4867,-45.6943,24.9642,38.4442,-31.8053,61.9196,55.4867,-45.6943,24.9642,100,0,50,-50,-200,0,0
629,1787057155.1838,1787057155.1881,0.03336,38.1538,-30.7253,62.7692,55.2967,-44.7912,25.1323,38.4273,-33.8099,63.9106,55.8617,-46.2888,24.7220,38.4273,-33.8099,63.9106,55.8617,-46.2888,24.7220,50,0,0,-50,50,-150,0
630,1787057155.2173,1787057155.2217,0.03346,38.1538,-30.7253,62.7692,55.2967,-44.9670,25.1323,38.2159,-33.5280,63.1223,55.4178,-46.9858,24.1106,38.2159,-33.5280,63.1223,55.4178,-46.9858,24.1106,0,0,0,0,0,0,0
631,1787057155.2506,1787057155.2558,0.03334,38.0659,-31.0769,63.1209,55.2088,-45.5824,25.0000,38.8070,-32.6064,63.9226,56.0505,-47.0724,23.0693,38.8070,-32.6064,63.9226,56.0505,-47.0724,23.0693,0,-200,100,0,-200,0,0
632,1787057155.284,1787057155.2881,0.03337,38.0659,-31.6923,63.7363,55.3846,-46.1978,24.5370,38.6404,-33.5762,62.7539,56.2475,-46.8244,20.9112,38.6404,-33.5762,62.7539,56.2475,-46.8244,20.9112,0,-250,200,200,-200,-300,0
633,1787057155.3174,1787057155.3217,0.03343,38.0659,-31.6923,63.8242,55.4725,-46.3736,23.8095,38.2393,-32.6332,63.0937,55.7229,-46.6458,17.9773,38.2393,-32.6332,63.0937,55.7229,-46.6458,17.9773,0,0,50,0,-100,-350,0
634,1787057155.3508,1787057155.3549,0.03335,38.0659,-31.7802,63.9121,55.7363,-46.5495,22.7513,38.5965,-33.5364,63.8400,56.4467,-46.5209,14.0220,38.5965,-33.5364,63.8400,56.4467,-46.5209,14.0220,0,-50,50,150,-50,-450,0
635,1787057155.3841,1787057155.3885,0.03337,38.1538,-31.7802,63.9121,55.7363,-46.3736,21.0979,38.0078,-34.6509,62.8889,55.8244,-47.4475,9.8246,38.0078,-34.6509,62.8889,55.8244,-47.4475,10.8995,50,-50,0,0,50,-750,0
636,1787057155.4175,1787057155.4219,0.03342,38.1538,-31.8681,64.0000,55.8242,-46.5495,18.8492,38.8302,-35.3900,62.9553,55.9590,-47.3329,4.5794,38.8302,-35.3900,62.9553,55.9590,-47.3329,8.4524,0,0,0,0,-100,-950,0
637,1787057155.4509,1787057155.4553,0.03338,38.0659,-32.4835,64.0879,55.9121,-46.6374,16.1376,38.2190,-34.2832,62.6326,56.1870,-47.5307,1.5420,38.2190,-34.2832,62.6326,56.1870,-47.5307,5.8069,-50,-200,50,0,0,-1250,0
638,1787057155.4844,1787057155.4889,0.03343,38.1538,-33.0110,64.0879,55.9121,-46.9011,13.5582,38.4099,-33.9098,62.1653,55.7614,-47.9686,0.6872,38.4099,-33.9098,62.1653,55.7614,-47.9686,3.0952,0,-200,0,0,-100,-1200,0
639,1787057155.5177,1787057155.5225,0.03335,38.4176,-33.0989,64.0879,55.9121,-47.1648,10.8466,38.4432,-34.7508,62.8042,55.5878,-47.7406,3.1883,38.4432,-34.7508,62.8042,55.5878,-47.7406,3.1883,100,-50,0,0,-50,-1200,0
640,1787057155.5511,1787057155.556,0.03342,38.5055,-33.0110,64.0879,55.9121,-47.5165,8.1349,38.5232,-33.4097,62.3266,55.4015,-48.1042,4.0785,38.5232,-33.4097,62.3266,55.4015,-48.1042,4.0785,50,50,0,0,-150,-1200,0
641,1787057155.5845,1787057155.589,0.0334,38.5055,-33.0989,64.0879,55.9121,-47.5165,6.0185,38.3751,-33.2481,61.9203,55.6707,-48.7170,4.5566,38.3751,-33.2481,61.9203,55.6707,-48.7170,4.5566,0,0,0,0,50,-900,0
642,1787057155.6179,1787057155.6227,0.0334,38.4176,-33.0989,64.0879,55.9121,-47.6044,5.4233,37.3065,-33.4680,61.2887,54.9989,-48.5711,4.4108,37.3065,-33.4680,61.2887,54.9989,-48.5711,4.4108,-50,0,0,0,50,-450,0
643,1787057155.6513,1787057155.6556,0.03337,38.3297,-33.0110,64.0000,55.9121,-48.0440,5.3571,36.3732,-33.2775,60.1491,55.4975,-49.0711,3.9632,36.3732,-33.2775,60.1491,55.4975,-49.0711,3.9632,-50,50,-50,0,-100,0,0
644,1787057155.6847,1787057155.689,0.03338,38.2418,-33.0110,63.9121,55.7363,-48.1319,5.0265,36.1115,-33.3662,60.1491,55.0715,-49.3752,3.3885,36.1115,-33.3662,60.1491,55.0715,-49.3752,3.3885,0,0,-50,-100,0,-200,0
645,1787057155.7181,1787057155.7224,0.03337,37.5385,-33.0110,63.4725,55.7363,-48.6593,4.5635,34.7908,-34.1600,59.0808,54.8357,-49.7482,2.7963,34.7908,-34.1600,59.0808,54.8357,-49.7482,2.7963,-250,0,-200,0,-200,-200,0
646,1787057155.7514,1787057155.7557,0.03337,36.5714,-33.0110,62.9451,55.4725,-48.8352,4.0344,33.8915,-33.2465,58.0366,55.4772,-49.8194,2.0759,33.8915,-33.2465,58.0366,55.4772,-49.8194,2.0759,-350,0,-150,-50,0,-250,0
647,1787057155.7848,1787057155.7894,0.03342,36.0440,-33.0110,62.3297,55.3846,-49.1868,3.5714,32.6842,-34.3668,57.3114,56.1708,-49.6602,1.9374,32.6842,-34.3668,57.3114,56.1708,-49.6602,1.9374,-150,0,-200,-50,-100,-200,0
648,1787057155.8183,1787057155.8226,0.03342,35.4286,-32.9231,61.3626,55.3846,-49.5385,2.9762,31.2081,-34.6525,55.8601,56.3695,-50.5963,2.0520,31.2081,-34.6525,55.8601,56.3695,-50.5963,2.0520,-200,50,-350,0,-150,-250,0
649,1787057155.8516,1787057155.856,0.03335,34.2857,-33.0110,60.4835,55.5604,-49.4505,2.6455,30.0145,-34.9801,52.9337,57.3713,-51.1813,1.8875,30.0145,-34.9801,52.9337,57.3713,-51.1813,1.8875,-400,0,-300,50,0,-150,0
650,1787057155.885,1787057156.1121,0.03338,32.8791,-33.1868,59.5165,55.9121,-49.8022,2.5132,30.1124,-41.2321,60.2355,57.2979,-51.7689,1.6335,30.1124,-41.2321,60.2355,57.2979,-51.7689,1.6335,-500,-50,-350,100,-100,-50,1
651,1787057156.1133,1787057156.119,0.22833,30.3297,-33.3626,55.4725,56.8791,-50.8571,2.3148,29.5056,-43.7319,59.5586,57.0472,-51.5696,1.5192,29.5056,-43.3626,59.5586,57.0472,-51.5696,1.5192,-100,0,0,0,50,0,1
652,1787057156.1466,1787057156.152,0.03327,30.3297,-33.3626,55.4725,56.8791,-50.8571,2.2487,29.2977,-44.3619,61.8577,57.8793,-51.9884,1.7575,29.2977,-43.3626,61.8577,57.8793,-51.9884,1.7575,0,0,0,0,0,0,0
653,1787057156.1799,1787057156.1845,0.03337,30.3297,-34.2418,55.7363,56.8791,-51.2088,2.0503,29.1186,-44.8215,61.7346,57.8963,-52.0569,1.5923,29.1186,-44.4176,61.7346,57.8963,-52.0569,1.5923,0,-350,100,0,-100,-100,0
654,1787057156.2134,1787057156.218,0.03348,30.0659,-36.7033,57.6703,56.8791,-51.6484,2.0503,29.0727,-46.2498,62.4019,56.8339,-52.2569,1.7305,29.0727,-46.2498,62.4019,56.8339,-52.2569,1.7305,-100,-750,450,0,-200,0,0
655,1787057156.2468,1787057156.2511,0.03336,29.3626,-39.3407,60.0440,57.4066,-51.6484,2.0503,28.8251,-47.2428,63.0906,56.8700,-52.3476,1.7851,28.8251,-47.2428,63.0906,56.8700,-52.3476,1.7851,-300,-950,750,250,0,0,0
656,1787057156.2801,1787057156.2844,0.03333,29.2747,-41.3626,61.4505,57.2308,-51.7363,2.0503,28.5819,-47.9576,64.7393,55.6814,-51.6419,1.9413,28.5819,-47.9576,64.7393,55.6814,-51.6419,1.9413,-50,-650,450,-100,-100,0,0
657,1787057156.3135,1787057156.3177,0.03338,29.4505,-43.1209,62.4176,57.1429,-52.0000,2.0503,28.0717,-48.6419,65.7247,56.1705,-51.9972,1.7387,28.0717,-48.6419,65.7247,56.1705,-51.9972,1.7387,100,-600,350,-50,-100,0,0
658,1787057156.3469,1787057156.351,0.03342,29.1868,-44.6154,63.4725,56.7033,-52.0000,2.0503,27.7362,-50.0140,66.8275,54.9980,-52.0492,1.9969,27.7362,-50.0140,66.8275,54.9980,-52.0492,1.9969,-100,-500,300,-150,0,0,0
659,1787057156.3803,1787057156.3844,0.03337,28.3956,-45.7582,64.8791,56.5275,-51.9121,2.0503,27.4747,-50.3892,67.8245,54.4938,-52.2703,2.0577,27.4747,-50.3892,67.8245,54.4938,-52.2703,2.0577,-250,-350,450,-50,0,0,0
660,1787057156.4137,1787057156.4178,0.03338,28.0440,-46.8132,66.1099,56.0879,-51.7363,2.0503,27.3070,-50.8438,68.4169,53.8448,-52.4618,1.9628,27.3070,-50.8438,68.4169,53.8448,-52.4618,1.9628,-100,-350,450,50,150,0,0
661,1787057156.4471,1787057156.4514,0.03343,28.1319,-47.7802,67.2527,55.4725,-52.0000,2.0503,27.1859,-52.5038,69.2010,52.3933,-52.2333,2.2536,27.1859,-52.5038,69.2010,52.3933,-52.2333,2.2536,0,-350,350,-250,-100,0,0
662,1787057156.4804,1787057156.4848,0.03334,27.9560,-48.4835,68.1319,54.9451,-52.2637,2.0503,27.2097,-53.7589,71.6140,50.2977,-52.0362,2.1513,27.2097,-53.7589,71.6140,50.2977,-52.0362,2.1513,50,-250,300,-200,-100,0,0
663,1787057156.5138,1787057156.5184,0.0334,27.4286,-49.4505,69.0110,54.0659,-52.0879,2.0503,27.6620,-55.9289,72.9889,49.4033,-52.6833,2.3114,27.6620,-55.9289,72.9889,49.4033,-52.6833,2.3114,-150,-350,300,-250,100,0,0
664,1787057156.5473,1787057156.5517,0.03341,27.3407,-50.8571,70.1538,52.5714,-52.0879,2.0503,27.2517,-56.8205,72.5450,48.9081,-52.2922,2.2032,27.2517,-56.8205,72.5450,48.9081,-52.2922,2.2032,0,-450,350,-450,0,0,0
665,1787057156.5806,1787057156.586,0.03337,27.4286,-52.5275,71.7363,51.2527,-52.2637,2.0503,27.2782,-57.9620,73.7746,49.1069,-52.5327,2.2721,27.2782,-57.9620,73.7746,49.1069,-52.5327,2.2721,50,-550,550,-450,-100,0,0
666,1787057156.614,1787057156.6194,0.03337,27.6044,-53.6703,72.4396,50.7253,-52.2637,2.0503,27.7837,-57.5735,73.8654,49.1218,-52.5244,2.3546,27.7837,-57.5735,73.8654,49.1218,-52.5244,2.3546,50,-400,150,-200,0,0,0
667,1787057156.6474,1787057156.652,0.03344,27.6044,-54.8132,72.6154,50.2857,-52.3516,2.0503,27.6282,-58.3476,74.2848,49.1999,-52.3234,2.2771,27.6282,-58.3476,74.2848,49.1999,-52.3234,2.2771,0,-300,0,-100,0,0,0
668,1787057156.6808,1787057156.6852,0.03336,27.6044,-56.0440,73.5824,50.0220,-52.3516,2.0503,27.8741,-58.2307,73.9473,49.5429,-52.1022,2.4177,27.8741,-58.2307,73.9473,49.5429,-52.1022,2.4177,-50,-500,300,-50,0,0,0
669,1787057156.7142,1787057156.7186,0.03345,27.4286,-56.2198,74.1099,49.9341,-52.2637,2.0503,28.3094,-57.9809,73.7225,49.5768,-52.4681,2.2385,28.3094,-57.9809,73.7225,49.5768,-52.4681,2.2385,-50,-100,150,0,50,0,0
670,1787057156.7476,1787057156.7518,0.03332,27.3407,-56.3956,74.1978,50.0220,-52.2637,2.1164,28.3063,-57.6831,73.4845,49.5082,-52.4104,2.2590,28.3063,-57.6831,73.4845,49.5082,-52.4104,2.2590,0,-50,100,0,0,50,0
671,1787057156.781,1787057156.7853,0.0334,27.6044,-56.5714,74.1099,49.9341,-52.2637,2.1164,28.4422,-56.8495,72.8883,50.2195,-52.5816,2.2838,28.4422,-56.8495,72.8883,50.2195,-52.5816,2.2838,100,-50,-50,-50,0,0,0
672,1787057156.8144,1787057156.819,0.03342,27.7802,-56.5714,74.1099,49.9341,-52.2637,2.1164,28.7573,-56.3654,72.1766,49.9572,-52.3235,2.6589,28.7573,-56.3654,72.1766,49.9572,-52.3235,2.6589,100,0,0,0,0,0,0
673,1787057156.8477,1787057156.852,0.03336,28.0440,-56.3956,74.1099,50.0220,-52.2637,2.1164,28.4485,-55.4617,72.3072,50.0898,-52.2733,2.8983,28.4485,-55.4617,72.3072,50.0898,-52.2733,2.8983,50,100,0,50,0,0,0
674,1787057156.8811,1787057156.8855,0.03338,28.1319,-56.3077,74.1099,50.0220,-52.2637,2.3148,28.0647,-54.5529,72.4863,49.6966,-52.4164,3.8465,28.0647,-54.5529,72.4863,49.6966,-52.4164,3.8465,50,50,0,0,0,100,0
675,1787057156.9145,1787057156.919,0.03342,28.1319,-56.0440,74.1099,50.0220,-52.2637,2.5132,27.6966,-54.4950,71.1537,49.8491,-52.4788,5.4857,27.6966,-54.4950,71.1537,49.8491,-52.4788,5.4857,0,100,0,0,0,100,0
676,1787057156.9479,1787057156.9523,0.03337,28.0440,-55.4286,74.1099,50.0220,-52.2637,2.9762,27.6377,-54.0186,71.7405,49.0871,-52.3430,7.4349,27.6377,-54.0186,71.7405,49.0871,-52.3430,7.4349,-50,250,0,0,0,150,0
677,1787057156.9813,1787057156.9856,0.03337,27.9560,-54.9890,74.1099,50.0220,-52.2637,3.8360,27.7727,-54.0228,71.4642,48.8002,-52.2795,9.8326,27.7727,-54.0228,71.4642,48.8002,-52.2795,9.8326,0,150,0,0,0,350,0
678,1787057157.0147,1787057157.019,0.0334,27.8681,-54.6374,74.0220,49.7582,-52.2637,5.1587,26.9345,-54.3243,71.8508,48.6711,-52.2368,12.5731,26.9345,-54.3243,71.8508,48.6711,-52.2368,12.5731,0,150,-50,-150,0,650,0
679,1787057157.0481,1787057157.0523,0.03337,27.8681,-54.4615,74.0220,49.4945,-52.2637,6.8783,26.8568,-54.2603,71.8838,48.1459,-52.4975,15.1256,26.8568,-54.2603,71.8838,48.1459,-52.4975,15.1256,0,0,0,-100,0,700,0
680,1787057157.0815,1787057157.0875,0.0334,27.8681,-54.4615,74.0220,49.3187,-52.2637,8.9286,26.3123,-53.1974,71.9946,47.7849,-51.8184,17.1905,26.3123,-53.1974,71.9946,47.7849,-51.8184,17.1905,0,50,0,-50,0,900,0
681,1787057157.1148,1787057157.1191,0.03335,27.4286,-54.4615,74.0220,48.8791,-52.3516,11.0450,25.8857,-52.7315,72.6769,47.7647,-51.4641,18.9865,25.8857,-52.7315,72.6769,47.7647,-51.4641,18.9865,-100,0,0,-150,0,1000,0
682,1787057157.1482,1787057157.1526,0.03343,26.8132,-54.1099,74.0220,48.6154,-52.1758,13.2937,25.4780,-52.6342,73.1676,47.6685,-51.3708,19.9800,25.4780,-52.6342,73.1676,47.6685,-51.3708,19.9800,-200,150,0,-150,50,1000,0
683,1787057157.1816,1787057157.1858,0.03334,26.2857,-53.4945,73.9341,48.4396,-51.9121,15.4101,25.1391,-52.9337,72.6033,47.1397,-51.3081,20.5742,25.1391,-52.9337,72.6033,47.1397,-51.3081,20.5742,-150,250,0,-100,50,950,0
684,1787057157.215,1787057157.2192,0.0334,26.0220,-53.1429,73.9341,48.2637,-51.8242,17.1296,24.6382,-52.3608,73.9093,47.3312,-51.6073,20.8349,24.6382,-52.3608,73.9093,47.3312,-51.6073,20.8349,-50,150,0,-50,0,750,0
685,1787057157.2484,1787057157.2543,0.03339,25.8462,-53.1429,73.9341,48.0000,-51.8242,18.4524,24.4376,-51.7107,72.6514,47.6638,-51.4575,20.8912,24.4376,-51.7107,72.6514,47.6638,-51.4575,20.8912,-50,0,0,-100,0,650,0
686,1787057157.2817,1787057157.2859,0.03335,25.4945,-53.0549,74.0220,47.9121,-52.0000,19.2460,23.8792,-52.0760,73.3902,46.9139,-51.0827,20.7279,23.8792,-52.0760,73.3902,46.9139,-51.0827,20.7279,-150,50,0,-50,-100,400,0
687,1787057157.3152,1787057157.3195,0.03342,24.7033,-52.5275,74.1978,47.9121,-51.8242,19.7090,23.7779,-51.6264,73.6648,46.1283,-50.8368,20.6413,23.7779,-51.6264,73.6648,46.1283,-50.8368,20.6413,-300,200,100,0,100,150,0
688,1787057157.3485,1787057157.3526,0.03337,24.2637,-52.3516,74.1978,47.7363,-51.5604,19.9074,23.4405,-51.2981,73.2518,46.0607,-50.8485,20.5020,23.4405,-51.2981,73.2518,46.0607,-50.8485,20.5020,-150,50,0,-100,100,150,0
689,1787057157.3819,1787057157.3861,0.03339,24.2637,-52.2637,74.2857,47.1209,-51.4725,20.1058,22.9810,-50.2778,73.4154,45.7644,-50.6734,20.4863,22.9810,-50.2778,73.4154,45.7644,-50.6734,20.4863,0,50,50,-250,50,50,0
690,1787057157.4153,1787057157.4195,0.0334,24.1758,-51.8242,74.2857,46.7692,-51.4725,20.1058,22.7755,-50.6042,73.3952,45.5403,-50.7419,20.2844,22.7755,-50.6042,73.3952,45.5403,-50.7419,20.2844,-50,150,0,-100,0,0,0
691,1787057157.4487,1787057157.4529,0.03337,23.6484,-51.2088,74.3736,46.5055,-51.2967,20.1058,22.4792,-50.4724,74.2608,45.6123,-51.2004,20.1392,22.4792,-50.4724,74.2608,45.6123,-51.2004,20.1392,-150,250,50,-100,100,0,0
692,1787057157.4821,1787057157.4863,0.0334,23.0330,-50.9451,74.3736,46.3297,-51.1209,20.1058,22.1839,-50.5166,73.1591,45.7223,-51.6436,19.8190,22.1839,-50.5166,73.1591,45.7223,-51.6436,19.8190,-200,50,0,-100,100,0,0
693,1787057157.5155,1787057157.5198,0.0334,22.7692,-50.9451,74.4615,46.1538,-51.1209,20.1058,21.8150,-49.8151,73.2930,45.2324,-50.6400,19.6536,21.8150,-49.8151,73.2930,45.2324,-50.6400,19.6536,0,0,0,-50,0,0,0
694,1787057157.5488,1787057157.5531,0.03332,22.7692,-50.9451,74.4615,46.1538,-51.2967,20.1058,22.0282,-50.5566,73.8103,45.3996,-51.1267,18.9778,22.0282,-50.5566,73.8103,45.3996,-51.1267,18.9778,-50,0,0,0,-50,0,0
695,1787057157.5822,1787057157.5866,0.03343,22.5934,-50.6813,74.4615,46.1538,-51.2088,19.9735,21.6781,-49.4745,73.2165,45.3168,-51.2264,18.2510,21.6781,-49.4745,73.2165,45.3168,-51.2264,18.2510,-50,50,0,0,0,-100,0
696,1787057157.6156,1787057157.6198,0.03335,22.0659,-50.6813,74.4615,45.9780,-51.2088,19.5106,21.7666,-50.7828,74.1585,45.8520,-51.8644,17.2842,21.7666,-50.7828,74.1585,45.8520,-51.8644,17.2842,-200,50,0,-50,0,-250,0
697,1787057157.649,1787057157.6533,0.03341,21.8901,-50.3297,74.4615,45.8901,-51.0330,18.8492,22.1468,-50.4046,72.7131,46.2982,-51.6623,16.6936,22.1468,-50.4046,72.7131,46.2982,-51.6623,16.6936,-150,100,0,0,50,-300,0
698,1787057157.6824,1787057157.6868,0.03341,22.1538,-50.2418,74.5495,45.8901,-51.4725,18.3201,22.0806,-49.6830,73.9412,46.2660,-50.9953,15.6490,22.0806,-49.6830,73.9412,46.2660,-50.9953,15.6490,50,0,0,0,-150,-250,0
699,1787057157.7158,1787057157.7201,0.03338,22.3297,-50.0659,74.5495,45.9780,-51.4725,17.5265,21.9616,-50.0169,73.9686,46.9267,-51.3567,13.9937,21.9616,-50.0169,73.9686,46.9267,-51.3567,13.9937,50,100,0,50,50,-350,0
700,1787057157.7492,1787057157.9713,0.03338,22.3297,-49.8901,74.4615,45.9780,-51.4725,16.9312,22.9962,-52.5537,76.1264,44.2287,-53.1651,17.1384,22.9962,-52.5537,76.1264,44.2287,-53.1651,17.1384,0,100,-50,0,0,-300,1
701,1787057157.9725,1787057157.9774,0.22335,22.1538,-49.8901,74.6374,46.5055,-51.4725,14.2196,21.9495,-53.8779,74.6562,45.7703,-53.3206,16.7227,21.9495,-53.8779,74.6562,45.7703,-53.3206,16.7227,0,0,0,0,0,-50,1
702,1787057158.0059,1787057158.0103,0.03336,22.1538,-49.8901,74.6374,46.5055,-51.4725,14.2196,20.4819,-56.0561,73.9424,46.9650,-53.8171,15.7092,20.4819,-56.0561,73.9424,46.9650,-53.8171,15.7092,0,0,0,0,0,0,0
703,1787057158.0393,1787057158.0436,0.03338,22.0659,-50.5055,74.9890,46.3297,-52.0000,14.6164,18.4575,-58.2634,71.0516,49.6416,-54.4770,13.7136,18.4575,-58.2634,71.0516,49.6416,-54.4770,13.7136,0,-200,100,0,-150,50,0
704,1787057158.0726,1787057158.0769,0.03337,21.8022,-52.1758,74.9890,46.6813,-52.9670,15.6085,16.3121,-60.1395,68.2935,51.1834,-56.2144,10.5843,16.3121,-60.1395,68.2935,51.1834,-56.2144,10.5843,-100,-650,0,100,-300,400,0
705,1787057158.106,1787057158.1103,0.03341,20.4835,-54.2857,74.6374,47.8242,-53.5824,15.7407,13.7282,-61.8252,64.5881,52.4526,-57.5190,7.2242,13.7282,-61.8252,64.5881,52.4526,-57.5190,7.2242,-350,-700,-200,400,-250,250,0
706,1787057158.1394,1787057158.1439,0.03337,18.3736,-56.0440,73.3187,49.4066,-54.3736,14.2857,10.9275,-63.4231,62.8207,54.1734,-59.2926,2.8497,10.9275,-63.4231,63.0549,54.1734,-59.2926,4.0212,-750,-650,-350,550,-200,-600,0
707,1787057158.1728,1787057158.1784,0.03338,16.7912,-57.8022,71.2088,50.6374,-55.7802,12.1693,8.8529,-66.7047,61.2864,55.9550,-61.3407,0.7096,8.8529,-66.7047,61.2864,55.9550,-61.3407,1.8386,-600,-600,-700,450,-450,-1000,0
708,1787057158.2063,1787057158.211,0.03349,15.0330,-59.5604,68.7473,51.8681,-57.3626,9.5238,7.1326,-68.2649,60.9359,57.9207,-62.5540,0.0816,7.1326,-68.2649,60.9359,57.9207,-62.5540,0.0816,-700,-600,-850,400,-500,-1000,0
709,1787057158.2396,1787057158.2438,0.03329,12.4835,-61.3187,66.6374,53.5385,-58.6813,6.6799,5.5455,-70.7484,61.0689,59.3340,-65.0249,-0.2698,5.5455,-70.7484,61.0689,59.3340,-65.0249,-0.2698,-800,-600,-750,550,-500,-1300,0
710,1787057158.2729,1787057158.2771,0.03334,10.0220,-63.6044,65.2308,55.2088,-60.2637,4.1005,4.6615,-71.9930,61.8472,61.7816,-66.4688,0.0622,4.6615,-71.9930,61.8472,61.7816,-66.4688,0.0622,-850,-800,-500,600,-550,-1100,0
711,1787057158.3064,1787057158.3125,0.03348,8.3516,-65.9780,64.6154,56.9670,-62.0220,2.7778,3.7221,-74.8389,62.8861,62.7760,-68.7696,0.2360,3.7221,-74.8389,62.8861,62.7760,-68.7696,0.2360,-550,-800,-200,550,-500,-800,0
712,1787057158.3397,1787057158.3438,0.03329,7.1209,-68.2637,64.4396,58.5495,-63.9560,1.9841,2.8267,-76.3294,64.6382,63.0344,-69.8008,0.4137,2.8267,-76.3294,64.6382,63.0344,-69.8008,0.4137,-450,-800,-100,500,-700,-400,0
713,1787057158.3732,1787057158.3779,0.03349,5.8901,-70.2857,64.5275,60.3956,-65.7143,1.6534,2.8776,-79.9560,68.3779,65.1434,-73.1345,0.7417,2.8776,-79.9560,68.3779,65.1434,-73.1345,0.7417,-400,-650,0,600,-600,-150,0
714,1787057158.4065,1787057158.4112,0.03334,4.7473,-72.3956,65.0549,61.4505,-67.3846,1.5873,2.4041,-84.2740,71.3079,65.3577,-75.4109,1.1217,2.4041,-82.7473,71.3079,65.3577,-75.4109,1.1217,-400,-650,250,300,-600,0,0
715,1787057158.4399,1787057158.4447,0.0334,3.7802,-74.7692,66.2857,62.5055,-68.8791,1.5873,2.0442,-87.5233,73.0335,66.3882,-77.6439,1.3626,2.0442,-85.2088,73.0335,66.3882,-77.6439,1.3626,-350,-800,300,450,-500,0,0
716,1787057158.4733,1787057158.4778,0.03341,3.2527,-77.6703,68.5714,63.9121,-71.2527,1.5873,1.8722,-89.2452,75.4780,67.4173,-78.3210,1.6274,1.8722,-88.0220,75.4780,67.4173,-78.3210,1.6274,-150,-950,750,500,-800,0,0
717,1787057158.5067,1787057158.5116,0.03339,3.0769,-80.3077,70.9451,64.8791,-73.8901,1.5873,2.1530,-92.0834,76.7838,69.4611,-78.7479,1.9186,2.1530,-90.6593,76.7838,69.4611,-78.7479,1.9186,-50,-850,750,300,-900,0,0
718,1787057158.5401,1787057158.5447,0.03339,2.7253,-82.8571,73.0549,65.9341,-75.7363,1.5873,2.6089,-93.6183,78.4425,71.5470,-79.8049,2.0581,2.6089,-93.2967,78.4425,71.5470,-79.8049,2.0581,-50,-900,800,350,-700,0,0
719,1787057158.5735,1787057158.578,0.03338,2.2857,-85.6703,75.0769,67.1648,-76.7033,1.6534,2.1698,-93.7048,79.3483,72.9608,-80.0244,2.1688,2.1698,-93.7048,79.3483,72.9608,-80.0244,2.1688,-150,-950,700,350,-300,0,0
720,1787057158.6069,1787057158.6113,0.03342,2.2857,-88.4835,76.8352,69.0110,-77.8462,1.7857,2.9456,-94.3634,80.7719,73.8951,-81.6611,2.2867,2.9456,-94.3634,80.7719,73.8951,-81.6611,2.2867,0,-900,600,650,-400,50,0
721,1787057158.6403,1787057158.6446,0.03342,2.5495,-90.8571,78.3297,70.6813,-78.6374,1.9180,2.4349,-94.4733,81.2666,74.4521,-83.0853,2.4729,2.4349,-94.4733,81.2666,74.4521,-83.0853,2.4729,100,-850,500,550,-250,100,0
722,1787057158.6736,1787057158.6779,0.03335,2.6374,-92.2637,79.5604,72.0879,-79.7802,1.9180,2.3563,-94.8994,82.8290,74.3443,-85.0410,2.5082,2.3563,-94.8994,82.8290,74.3443,-85.0410,2.5082,50,-500,400,500,-350,0,0
723,1787057158.7071,1787057158.7113,0.03341,2.4615,-93.0549,80.7033,72.8791,-81.1868,1.9841,1.9999,-95.4131,83.7795,75.2104,-86.3530,2.5835,1.9999,-95.4131,83.7795,75.2104,-86.3530,2.5835,-50,-250,450,300,-500,50,0
724,1787057158.7404,1787057158.7447,0.03339,2.4615,-93.3187,81.7582,73.4066,-82.7692,2.1164,1.7891,-95.8248,84.3365,75.1636,-88.4947,2.5086,1.7891,-95.8248,84.3365,75.1636,-88.4947,2.5086,0,-100,300,100,-550,50,0
725,1787057158.7739,1787057158.7783,0.03346,2.4615,-94.3736,83.0769,74.1099,-84.2637,2.2487,2.0350,-94.8822,84.1653,74.5482,-89.6246,2.5611,2.0350,-94.8822,84.1653,74.5482,-89.6246,2.5611,0,-400,500,250,-500,50,0
726,1787057158.8072,1787057158.8116,0.03334,2.3736,-94.6374,83.8681,74.3736,-85.9341,2.2487,1.0620,-94.3956,85.1467,74.3786,-90.3849,2.6240,1.0620,-94.3956,85.1467,74.3786,-90.3849,2.6240,-50,-50,250,100,-600,0,0
727,1787057158.8407,1787057158.8449,0.03342,2.1099,-94.6374,84.0440,74.3736,-87.4286,2.2487,1.6429,-94.7342,85.4046,74.2530,-91.8044,2.6055,1.6429,-94.7342,85.4046,74.2530,-91.8044,2.6055,-50,0,50,0,-550,0,0
728,1787057158.874,1787057158.8783,0.03337,1.9341,-94.9890,84.7473,74.3736,-88.5714,2.2487,1.4329,-94.7732,86.2878,73.5951,-92.2095,2.6960,1.4329,-94.7732,86.2878,73.5951,-92.2095,2.6960,-50,-150,150,0,-350,0,0
729,1787057158.9074,1787057158.9117,0.03336,1.8462,-94.9890,85.3626,74.3736,-89.8022,2.2487,0.9412,-95.4995,86.9184,73.6025,-93.2885,2.6683,0.9412,-95.4995,86.9184,73.6025,-93.2885,2.6683,-50,0,250,0,-450,0,0
730,1787057158.9408,1787057158.9451,0.03342,1.8462,-94.9890,85.8901,74.2857,-90.7692,2.2487,1.1395,-95.6123,86.8292,74.3994,-94.3940,2.5622,1.1395,-95.6123,86.8292,74.3994,-94.3940,2.5622,0,0,250,-50,-400,0,0
731,1787057158.9742,1787057158.9794,0.03342,1.5824,-95.3407,86.7692,74.2857,-91.7363,2.2487,0.8293,-96.4624,86.8793,74.4084,-94.6335,2.8176,0.8293,-96.4624,86.8793,74.4084,-94.6335,2.8176,-50,-150,300,0,-300,0,0
732,1787057159.0077,1787057159.0121,0.03341,1.1429,-95.1648,86.9451,74.2857,-92.7912,2.2487,0.0861,-96.5170,86.9971,74.1137,-94.4723,2.7567,0.0861,-96.5170,86.9971,74.1137,-94.4723,2.7567,-150,50,0,0,-300,0,0
733,1787057159.041,1787057159.0456,0.03334,1.0549,-95.4286,87.1209,74.3736,-93.4066,2.3148,-0.7250,-96.8016,87.9568,74.8005,-94.8636,2.6985,-0.7250,-96.8016,87.9568,74.8005,-94.8636,2.6985,0,-100,100,50,-250,50,0
734,1787057159.0744,1787057159.079,0.03337,1.0549,-95.9560,87.2088,74.3736,-93.7582,2.3810,-0.4380,-98.4184,88.7081,74.6338,-96.8217,2.6892,-0.4380,-98.4184,88.7081,74.6338,-96.8217,2.6892,0,-200,50,0,-100,50,0
735,1787057159.1078,1787057159.1125,0.03341,0.1758,-96.5714,87.5604,74.3736,-94.1978,2.3810,-1.1383,-98.7475,88.1847,74.7933,-96.6462,2.7162,-1.1383,-98.7475,88.1847,74.7933,-96.6462,2.7162,-300,-250,150,0,-100,0,0
736,1787057159.1411,1787057159.1458,0.03337,-0.2637,-97.1868,88.4396,74.3736,-94.9011,2.3810,-1.7742,-99.9055,89.6302,75.1017,-97.9636,2.8370,-1.7742,-99.9055,89.6302,75.1017,-97.9636,2.8370,-50,-250,300,0,-200,0,0
737,1787057159.1745,1787057159.1793,0.03337,0.0000,-97.5385,88.6154,74.4615,-95.9560,2.4471,-2.3505,-100.3300,89.1947,74.8716,-98.4196,2.8655,-2.3505,-100.3300,89.1947,74.8716,-98.4196,2.8655,100,-100,100,0,-300,0,0
738,1787057159.2079,1787057159.2127,0.03339,-0.9670,-98.5934,88.9670,74.6374,-96.3077,2.5132,-2.8538,-101.6365,90.2563,75.3974,-99.1577,3.0102,-2.8538,-101.6365,90.2563,75.3974,-99.1577,3.0102,-300,-250,50,50,-100,50,0
739,1787057159.2413,1787057159.2459,0.03337,-1.8462,-99.3846,89.5824,74.7253,-97.2747,2.5794,-3.4795,-102.7839,90.0417,75.3965,-99.3847,2.9345,-3.4795,-102.7839,90.0417,75.3965,-99.3847,2.9345,-200,-250,150,50,-350,50,0
740,1787057159.2747,1787057159.2792,0.0334,-1.7582,-99.8242,89.5824,74.9011,-98.0659,2.6455,-4.0718,-103.2058,91.0484,75.9334,-99.1122,3.0205,-4.0718,-103.2058,91.0484,75.9334,-99.1122,3.0205,-50,-300,0,100,-300,0,0
741,1787057159.3081,1787057159.3126,0.0334,-2.4615,-101.4945,90.2857,75.1648,-98.5934,2.6455,-4.1965,-103.6921,91.0004,76.2428,-99.5963,3.1552,-4.1965,-103.6921,91.0004,76.2428,-99.5963,3.1552,-250,-650,200,100,-100,0,0
742,1787057159.3415,1787057159.346,0.03341,-3.5165,-102.1978,90.5495,75.4286,-98.5055,2.6455,-4.7682,-103.1660,90.9315,77.2751,-99.3799,3.1774,-4.7682,-103.1660,90.9315,77.2751,-99.3799,3.1774,-300,-150,100,100,50,0,0
743,1787057159.3749,1787057159.3791,0.03338,-3.6923,-102.7253,91.1648,75.8681,-98.8571,2.6455,-4.9809,-103.0475,91.1093,76.3316,-99.0691,2.9611,-4.9809,-103.0475,91.1093,76.3316,-99.0691,2.9611,-150,-150,300,150,-150,0,0
744,1787057159.4083,1787057159.4129,0.03341,-3.6923,-102.6374,91.1648,76.3956,-99.1209,2.6455,-5.2444,-103.2973,91.1560,77.1254,-98.9094,3.1428,-5.2444,-103.2973,91.1560,77.1254,-98.9094,3.1428,50,50,0,150,-100,0,0
745,1787057159.4416,1787057159.4463,0.03337,-4.5714,-102.7253,91.3407,76.4835,-99.0330,2.6455,-5.3835,-103.3540,91.5487,77.0488,-100.1499,3.1148,-5.3835,-103.3540,91.5487,77.0488,-100.1499,3.1148,-300,-50,50,0,0,0,0
746,1787057159.475,1787057159.4814,0.03337,-4.9231,-102.8132,91.3407,76.5714,-98.9451,2.7116,-5.7054,-102.8302,90.9779,76.6499,-99.4815,3.1342,-5.7054,-102.8302,90.9779,76.6499,-99.4815,3.1342,-50,-50,50,0,50,50,0
747,1787057159.5084,1787057159.5134,0.03339,-4.6593,-102.8132,91.6044,76.7473,-99.3846,2.7116,-5.8197,-103.5294,91.1560,76.6922,-100.0369,3.1934,-5.8197,-103.5294,91.1560,76.6922,-100.0369,3.1934,100,0,100,150,-150,0,0
748,1787057159.5418,1787057159.5464,0.03337,-4.9231,-102.5495,91.6044,76.7473,-99.7363,2.7116,-5.5660,-103.2833,91.1085,75.7872,-99.3060,3.0699,-5.5660,-103.2833,91.1085,75.7872,-99.3060,3.0699,-100,50,0,0,-200,0,0
749,1787057159.5752,1787057159.58,0.03346,-5.6264,-102.6374,91.6044,76.7473,-99.5604,2.7116,-5.9836,-103.5017,91.1235,76.3385,-99.2616,3.2631,-5.9836,-103.5017,91.1235,76.3385,-99.2616,3.2631,-250,0,0,0,100,0,0
750,1787057159.6085,1787057159.8388,0.03331,-5.4505,-102.9890,91.6044,76.6593,-99.6484,2.7116,-1.4055,-95.5024,78.0340,81.5508,-96.7283,2.4183,-1.4055,-95.5024,81.6044,81.5508,-96.7283,2.4183,0,-150,0,0,0,0,1
751,1787057159.84,1787057159.8454,0.23143,-5.9780,-103.2527,91.6044,76.6593,-99.4725,3.0423,0.3609,-91.2893,73.9143,82.8186,-95.7193,2.4608,0.3609,-93.2527,81.6044,82.8186,-95.7193,2.4608,0,0,0,0,0,0,1
752,1787057159.8733,1787057159.8779,0.0333,-5.8022,-103.2527,91.6044,76.6593,-99.4725,3.0423,3.3468,-85.5309,69.8739,84.1109,-93.6538,2.3012,3.3468,-93.2527,81.6044,84.1109,-93.6538,2.3012,100,0,0,0,0,0,0
753,1787057159.9066,1787057159.9116,0.03337,-5.3626,-102.8132,91.3407,77.3626,-98.6813,2.7778,6.1108,-82.4348,65.8276,83.3602,-91.3460,2.4950,4.9011,-92.5495,81.1648,83.3602,-91.3460,2.4950,50,250,-50,50,300,-150,0
754,1787057159.94,1787057159.945,0.0334,-2.9890,-100.5275,89.4066,79.6484,-96.7473,2.6455,8.9251,-76.4203,62.4845,84.8773,-89.2108,2.3176,7.3626,-90.0879,79.0549,84.8773,-89.2108,2.3176,750,650,-650,700,650,-50,0
755,1787057159.9734,1787057159.9783,0.03334,0.3516,-97.5385,87.0330,81.5824,-94.9890,2.6455,10.9913,-71.1887,58.0124,84.7225,-87.1833,2.4592,10.7033,-87.1868,76.6813,84.7225,-87.1833,2.4592,1150,1000,-850,650,600,0,0
756,1787057160.0068,1787057160.0118,0.03341,2.7253,-94.9890,84.6593,82.8132,-92.8791,2.6455,14.2960,-64.3526,51.6500,85.7859,-83.9012,2.5602,12.9011,-84.5495,74.3956,85.7859,-83.9012,2.5602,900,850,-800,450,700,0,0
757,1787057160.0402,1787057160.0452,0.03343,5.2747,-92.3516,82.5495,83.4286,-90.5934,2.6455,17.3412,-58.1885,48.1405,86.5523,-81.3606,2.3953,15.7143,-81.9121,72.2857,86.5523,-81.3606,2.3953,850,900,-750,250,800,0,0
758,1787057160.0736,1787057160.0786,0.03334,8.4396,-89.6264,80.2637,84.3077,-88.6593,2.6455,20.5330,-53.3136,42.4303,86.1585,-76.2538,2.3092,18.8791,-79.2747,69.9121,86.1585,-78.2198,2.3092,1150,900,-800,300,650,0,0
759,1787057160.107,1787057160.112,0.03342,10.9890,-86.9890,77.9780,85.1868,-85.8462,2.6455,23.5021,-47.3394,38.4080,87.1068,-72.1326,2.2415,21.2527,-76.5495,67.7143,87.1068,-75.4945,2.2415,900,900,-750,250,950,0,0
760,1787057160.1404,1787057160.1453,0.03337,13.5385,-84.2637,75.6923,85.3626,-83.0330,2.6455,26.3242,-41.8235,33.8108,87.9086,-67.3700,2.2452,23.8022,-73.9121,65.4286,87.9086,-72.6813,2.2452,800,900,-800,50,950,0,0
761,1787057160.1737,1787057160.1786,0.03337,16.5275,-81.6264,73.4066,86.0659,-80.4835,2.6455,29.3649,-36.7189,30.1230,88.4914,-63.5145,2.1805,27.0549,-71.2747,63.0549,88.4914,-70.1319,2.1805,1100,850,-750,250,850,0,0
762,1787057160.2071,1787057160.2121,0.03341,19.3407,-78.8132,71.1209,86.8571,-77.6703,2.6455,31.3359,-32.4264,25.7493,89.2561,-60.2335,2.3717,29.6923,-68.5495,60.7692,89.2561,-67.2308,2.3717,1050,950,-800,250,950,0,0
763,1787057160.2405,1787057160.2471,0.03338,21.6264,-76.1758,68.7473,87.4725,-74.6813,2.6455,33.9462,-29.4325,23.2323,89.9703,-56.7548,2.2223,32.1538,-65.6484,58.3077,89.9703,-64.2418,2.2223,700,900,-800,200,950,0,0
764,1787057160.2739,1787057160.2788,0.03338,24.6154,-73.6264,66.5495,88.2637,-72.2198,2.6455,36.1093,-25.3553,22.0061,90.2396,-53.9524,2.2526,35.0549,-63.2747,56.1978,90.2396,-61.9560,2.2526,1000,850,-750,250,900,0,0
765,1787057160.3073,1787057160.3118,0.03336,27.6044,-70.8132,64.1758,88.8791,-69.4945,2.6455,37.8659,-23.3995,19.5311,89.5185,-50.6455,2.3917,37.8659,-60.3736,53.8242,89.5185,-59.1429,2.3917,1000,950,-800,250,950,0,0
766,1787057160.3407,1787057160.3455,0.0334,29.9780,-67.9121,61.8022,89.3187,-66.7692,2.6455,39.5611,-21.3509,18.7099,91.2636,-48.2760,2.2331,39.5611,-57.4725,51.4505,91.2636,-56.3297,2.2331,850,950,-850,200,1000,0,0
767,1787057160.374,1787057160.3788,0.03337,32.7912,-65.1868,59.4286,89.3187,-63.9560,2.6455,41.2887,-19.4448,17.4588,90.6331,-46.6698,2.2706,41.2887,-54.7473,49.0769,90.6331,-53.6923,2.2706,950,950,-750,0,1000,0,0
768,1787057160.4074,1787057160.4123,0.03341,35.6044,-62.3736,57.0549,89.8462,-61.3187,2.6455,42.2840,-17.9449,17.3386,90.8557,-44.9597,2.1871,42.2840,-52.0220,46.7033,90.8557,-50.8791,2.1871,950,900,-800,200,900,0,0
769,1787057160.4408,1787057160.4455,0.03334,37.8901,-59.7363,54.7692,90.4615,-58.5055,2.6455,43.3956,-17.1671,16.9474,90.9323,-44.4318,2.3303,43.3956,-49.2967,44.4176,90.9323,-48.2418,2.3303,850,950,-800,350,950,0,0
770,1787057160.4743,1787057160.4793,0.03348,39.1209,-56.9231,52.3956,90.3736,-55.8681,2.5794,44.1179,-17.0066,17.6081,89.5344,-43.9509,2.0922,44.1179,-46.4835,42.0440,89.5344,-45.4286,2.0922,450,900,-800,-50,900,0,0
771,1787057160.5076,1787057160.5136,0.03339,40.6154,-54.0220,50.1099,90.4615,-52.9670,2.5132,44.6641,-16.7980,19.6455,89.3404,-44.2652,2.2166,44.6641,-43.4945,39.7582,89.3404,-44.2652,2.2166,500,1000,-800,0,950,0,0
772,1787057160.541,1787057160.5467,0.03338,42.0220,-51.2967,47.9121,90.1099,-50.4176,2.5132,45.0803,-16.7830,22.4912,88.5646,-43.7095,2.0833,45.0803,-40.8571,37.5604,88.5646,-43.7095,2.0833,500,950,-750,-50,900,0,0
773,1787057160.5744,1787057160.579,0.03338,43.1648,-48.3956,45.4505,89.7582,-48.0440,2.5132,45.1851,-17.4664,23.6402,87.1278,-44.4748,2.1380,45.1851,-38.0440,35.1868,87.1278,-44.4748,2.1380,450,900,-850,-150,850,0,0
774,1787057160.6078,1787057160.6123,0.03338,43.6044,-45.4945,43.1648,89.3187,-46.5495,2.5132,45.2778,-18.3083,25.8596,86.6800,-45.3489,1.9772,45.2778,-35.1429,32.9011,86.6800,-45.3489,1.9772,150,950,-800,-150,550,0,0
775,1787057160.6413,1787057160.6458,0.03347,43.8681,-42.5934,40.8791,88.5275,-46.1099,2.5132,45.5251,-19.1688,28.1643,85.1929,-46.0479,2.0341,45.5251,-32.2418,30.6154,85.1929,-46.0479,2.0341,50,950,-800,-250,50,0,0
776,1787057160.6746,1787057160.6793,0.03335,44.3077,-39.6044,38.5055,87.6484,-46.1099,2.4471,45.4041,-20.5172,30.1386,84.6392,-46.8900,1.9105,45.4041,-29.2527,30.1386,84.6392,-46.8900,1.9105,150,1000,-800,-300,0,0,0
777,1787057160.708,1787057160.7131,0.03341,44.8352,-36.7912,36.2198,86.8571,-46.1099,2.3810,45.0722,-20.7419,32.2822,83.7029,-47.6928,2.1245,45.0722,-26.3516,32.2822,83.7029,-47.6928,2.1245,150,950,-800,-250,0,-50,0
778,1787057160.7414,1787057160.7462,0.03333,45.0110,-33.8901,34.5495,85.6264,-46.3736,2.3810,44.9572,-21.6022,34.0571,82.7095,-48.5336,1.9773,44.9572,-23.5385,34.0571,82.7095,-48.5336,1.9773,150,950,-650,-450,-150,0,0
779,1787057160.7747,1787057160.7798,0.03339,44.9231,-31.0769,34.0220,84.8352,-46.9011,2.3810,44.7404,-23.6297,35.7809,81.7043,-48.9919,1.9129,44.7404,-23.6297,35.7809,81.7043,-48.9919,1.9129,0,950,-100,-250,-150,0,0
780,1787057160.8081,1787057160.8147,0.03338,44.6593,-28.0879,34.7253,84.1319,-47.6044,2.3810,44.6219,-23.8501,38.3711,80.6806,-50.0185,2.1141,44.6219,-23.8501,38.3711,80.6806,-50.0185,2.1141,-100,1000,150,-200,-200,0,0
781,1787057160.8415,1787057160.8461,0.03339,44.5714,-25.7143,35.7802,83.1648,-47.9560,2.3810,43.8639,-25.3139,39.7043,79.7282,-52.0263,1.8152,43.8639,-25.3139,39.7043,79.7282,-52.0263,1.8152,-50,800,350,-400,-100,0,0
782,1787057160.8749,1787057160.8796,0.03335,44.8352,-25.0110,37.1868,81.9341,-48.8352,2.3810,43.8790,-25.6976,41.3038,79.5403,-53.3443,1.9219,43.8790,-25.6976,41.3038,79.5403,-53.3443,1.9219,100,200,500,-450,-300,0,0
783,1787057160.9084,1787057160.9133,0.03349,44.7473,-25.0110,38.7692,80.9670,-50.0659,2.2487,43.9020,-26.8774,42.5504,79.2900,-55.4252,1.7483,43.9020,-26.8774,42.5504,79.2900,-55.4252,1.7483,-50,0,500,-350,-450,-50,0
784,1787057160.9417,1787057160.9464,0.03331,44.3077,-25.0989,40.1758,80.7033,-51.4725,2.1825,43.1398,-27.8268,43.5525,78.6301,-57.1638,1.7110,43.1398,-27.8268,43.5525,78.6301,-57.1638,1.7110,-200,0,450,-100,-450,0,0
785,1787057160.9751,1787057160.9799,0.03342,44.0440,-25.0989,41.6703,80.1758,-52.7033,2.1825,43.0433,-28.4876,44.0208,78.9046,-58.2407,1.7023,43.0433,-28.4876,44.0208,78.9046,-58.2407,1.7023,-100,0,500,-200,-350,0,0
786,1787057161.0085,1787057161.0149,0.03341,44.0440,-25.4505,42.9890,79.6484,-54.5495,2.1825,42.9184,-29.3334,44.7337,78.9569,-59.1298,1.7450,42.9184,-29.3334,44.7337,78.9569,-59.1298,1.7450,0,-100,400,-250,-600,0,0
787,1787057161.0419,1787057161.0465,0.03338,43.7802,-25.9780,43.6923,79.4725,-56.1319,2.1825,42.8764,-29.6908,45.5844,79.2905,-60.1864,2.1269,42.8764,-29.6908,45.5844,79.2905,-60.1864,2.1269,-100,-150,250,0,-450,0,0
788,1787057161.0752,1787057161.0799,0.03336,43.2527,-26.5934,44.4835,79.3846,-57.0989,2.1825,42.5995,-29.9449,45.4817,79.1569,-60.9645,2.8163,42.5995,-29.9449,45.4817,79.1569,-60.9645,2.8163,-150,-200,250,0,-300,0,0
789,1787057161.1086,1787057161.1135,0.03339,43.1648,-27.1209,45.1868,79.3846,-58.3297,2.1825,42.6614,-30.7876,45.7826,79.0737,-61.6590,4.9217,42.6614,-30.7876,45.7826,79.0737,-61.6590,4.9217,0,-150,250,0,-450,0,0
790,1787057161.142,1787057161.1467,0.03336,43.1648,-27.4725,45.4505,79.4725,-59.3846,2.3810,42.6101,-31.3944,46.3570,79.1515,-61.9273,7.9220,42.6101,-31.3944,46.3570,79.1515,-61.9273,7.9220,50,-100,150,0,-300,50,0
791,1787057161.1754,1787057161.1801,0.03338,43.2527,-28.0000,45.7143,79.2088,-60.3516,3.1085,43.2838,-31.8955,46.7168,78.6673,-62.6497,11.5155,43.2838,-31.8955,46.7168,78.6673,-62.6497,11.5155,50,-250,100,-50,-400,350,0
792,1787057161.2088,1787057161.2152,0.03341,43.1648,-28.7033,46.3297,79.2088,-60.8791,4.5635,42.6989,-31.4931,47.8124,78.8727,-62.8128,15.3078,42.6989,-31.4931,47.8124,78.8727,-62.8128,15.0265,-50,-250,250,0,-200,500,0
793,1787057161.2422,1787057161.2469,0.03339,42.9890,-29.2308,46.7692,79.2967,-61.4066,6.8783,42.9016,-31.4115,48.8395,78.7999,-62.7930,18.6300,42.9016,-31.4115,48.8395,78.7999,-62.7930,17.2751,-50,-200,150,50,-300,1000,0
794,1787057161.2755,1787057161.2802,0.03335,42.9011,-29.4066,47.2967,78.8571,-62.0220,9.5238,42.7487,-32.1219,49.6383,78.2833,-63.5388,21.1417,42.7487,-32.1219,49.6383,78.2833,-63.5388,19.9206,-50,0,150,-50,-200,1200,0
795,1787057161.3089,1787057161.3137,0.03341,42.9890,-29.5824,48.3516,78.8571,-62.1978,12.2354,42.6466,-33.2040,50.5730,77.9986,-64.0201,23.0228,42.6466,-33.2040,50.5730,77.9986,-64.0201,22.6323,0,-50,350,0,-100,1400,0
796,1787057161.3423,1787057161.3472,0.03341,42.9890,-29.8462,49.3187,78.9451,-62.6374,14.8810,42.4517,-33.5811,52.0466,77.5068,-63.4617,24.3271,42.4517,-33.5811,52.0466,77.5068,-63.4617,24.3271,0,-100,350,50,-250,1150,0
797,1787057161.3757,1787057161.3803,0.03336,42.9890,-30.4615,50.1978,78.4176,-63.3407,17.5265,42.4447,-35.1580,53.5329,77.0076,-64.2986,24.8044,42.4447,-35.1580,53.5329,77.0076,-64.2986,24.8044,0,-200,300,-100,-250,1250,0
798,1787057161.4091,1787057161.4137,0.03343,42.9890,-31.1648,51.1648,77.8901,-63.2527,20.0397,42.3291,-34.8227,54.1128,76.0404,-64.3854,24.9335,42.3291,-34.8227,54.1128,76.0404,-64.3854,24.9335,0,-250,300,-200,50,1150,0
799,1787057161.4425,1787057161.4471,0.03337,42.9890,-32.0440,52.4835,77.4505,-63.6044,21.8254,42.0857,-35.9712,55.0763,75.7435,-65.1190,25.1589,42.0857,-35.9712,55.0763,75.7435,-65.1190,25.1589,0,-200,450,-100,-150,850,0
800,1787057161.4759,1787057161.7023,0.03338,42.9011,-32.5714,53.7143,77.1868,-63.9560,22.8175,37.2125,-30.9395,51.2455,75.5222,-63.1901,25.0555,37.2125,-30.9395,51.2455,75.5222,-63.1901,25.0555,-50,-200,400,-150,-250,400,1
801,1787057161.7152,1787057161.7172,0.23937,42.2857,-34.2418,54.9451,76.0440,-64.9231,24.8016,41.9956,-34.6579,55.2164,76.0434,-65.0895,24.6481,41.9956,-34.6579,55.2164,76.0434,-65.0895,24.6481,0,-50,0,-50,-50,0,1
