step,t_obs,t_cmd,dt,pos_shoulder_pan,pos_shoulder_lift,pos_elbow_flex,pos_wrist_flex,pos_wrist_roll,pos_gripper,cmd_shoulder_pan,cmd_shoulder_lift,cmd_elbow_flex,cmd_wrist_flex,cmd_wrist_roll,cmd_gripper,sent_shoulder_pan,sent_shoulder_lift,sent_elbow_flex,sent_wrist_flex,sent_wrist_roll,sent_gripper,velraw_shoulder_pan,velraw_shoulder_lift,velraw_elbow_flex,velraw_wrist_flex,velraw_wrist_roll,velraw_gripper,chunk_start
0,1787057345.2006,1787057345.5558,2.11344,-0.0879,-96.9231,95.3846,76.5714,-88.9231,1.9180,0.7507,-97.5513,92.9753,76.3326,-89.0700,0.8957,0.7507,-97.5513,92.9753,76.3326,-89.0700,0.8957,0,0,0,0,0,0,1
1,1787057345.5569,1787057345.5623,0.35629,-0.0879,-96.9231,95.3846,76.5714,-88.9231,1.9180,0.9853,-98.0816,92.2056,76.2964,-88.9953,0.8087,0.9853,-98.0816,92.2056,76.2964,-88.9953,0.8087,0,0,0,0,0,0,1
2,1787057345.5902,1787057345.5952,0.03328,-0.0879,-96.9231,95.3846,76.5714,-88.9231,1.9180,0.3339,-98.4114,91.5968,76.6605,-89.5717,0.7116,0.3339,-98.4114,91.5968,76.6605,-89.5717,0.7116,0,0,0,0,0,0,0
3,1787057345.6236,1787057345.6283,0.03337,0.0000,-97.0989,95.2088,76.5714,-88.9231,1.6534,0.7051,-98.5411,92.3885,76.2987,-89.2570,0.7924,0.7051,-98.5411,92.3885,76.2987,-89.2570,0.7924,50,0,-100,0,0,-150,0
4,1787057345.6569,1787057345.6617,0.03335,0.3516,-97.5385,94.5934,76.6593,-89.1868,1.4550,0.3735,-98.0239,91.2527,76.2292,-89.4606,0.6000,0.3735,-98.0239,91.2527,76.2292,-89.4606,0.6000,100,-150,-200,50,-50,-150,0
5,1787057345.6903,1787057345.6949,0.03335,0.5275,-98.0659,94.4176,76.5714,-89.3626,1.4550,0.7866,-97.3581,91.2311,74.9734,-89.6985,0.8166,0.7866,-97.3581,91.2311,74.9734,-89.6985,0.8166,50,-150,-100,0,-50,0,0
6,1787057345.7236,1787057345.7282,0.03337,0.5275,-98.1538,94.3297,76.5714,-89.3626,1.4550,1.1852,-99.3305,89.8129,75.0301,-91.8791,0.8566,1.1852,-99.3305,89.8129,75.0301,-91.8791,0.8566,0,0,0,0,0,0,0
7,1787057345.757,1787057345.7617,0.03339,0.4396,-97.8901,94.0659,76.2198,-89.2747,1.4550,1.4308,-98.7708,89.0272,75.4966,-92.0189,0.6441,1.4308,-98.7708,89.0272,75.4966,-92.0189,0.6441,-50,100,-100,-100,50,0,0
8,1787057345.7904,1787057345.795,0.03333,0.4396,-98.0659,93.4505,75.9560,-89.9780,1.4550,1.2183,-96.6702,87.2677,74.5564,-93.1989,0.9880,1.2183,-96.6702,87.2677,74.5564,-93.1989,0.9880,0,-100,-150,-50,-200,0,0
9,1787057345.8237,1787057345.8285,0.03336,0.9670,-98.6813,92.5714,75.9560,-90.9451,1.4550,2.6873,-97.1781,84.2589,75.7015,-91.9922,0.7019,2.6873,-97.1781,84.2589,75.7015,-91.9922,0.7019,250,-200,-250,0,-300,0,0
10,1787057345.8571,1787057345.8618,0.0334,1.0549,-98.3297,91.6923,75.5165,-91.7363,1.4550,3.1667,-93.8485,79.4225,77.4450,-92.1777,0.6305,3.1667,-93.8485,79.4225,77.4450,-92.1777,0.6305,50,150,-250,-150,-300,0,0
11,1787057345.8905,1787057345.8951,0.03336,1.1429,-97.4505,89.9341,75.6923,-92.0000,1.4550,4.6139,-90.6230,75.0277,80.3937,-90.8380,0.8556,4.6139,-90.6230,75.0277,80.3937,-90.8380,0.8556,-50,300,-600,50,-100,0,0
12,1787057345.9239,1787057345.9285,0.03339,2.2857,-96.7473,87.4725,76.5714,-91.9121,1.4550,6.3993,-86.2941,69.9519,81.8406,-89.5272,1.0493,6.3993,-86.2941,69.9519,81.8406,-89.5272,1.0493,400,250,-800,250,50,0,0
13,1787057345.9572,1787057345.9618,0.03336,3.2527,-95.4286,84.2198,77.8022,-91.8242,1.4550,8.7697,-83.5246,64.9257,83.7242,-87.4661,0.8488,8.7697,-83.5246,64.9257,83.7242,-87.4661,0.8488,250,400,-1000,450,-50,0,0
14,1787057345.9906,1787057345.9952,0.03336,4.1319,-92.7033,80.4396,79.5604,-90.6813,1.4550,10.9370,-79.5853,59.7177,85.2171,-86.4112,0.9006,10.9370,-79.5853,59.7177,85.2171,-86.4112,0.9006,200,950,-1250,550,350,0,0
15,1787057346.024,1787057346.0288,0.0334,5.9780,-89.4505,76.3077,81.3187,-89.5385,1.4550,14.5040,-74.2372,55.3546,88.1691,-83.1852,0.8295,14.5040,-74.2372,55.3546,88.1691,-83.1852,0.8295,600,1050,-1350,600,400,0,0
16,1787057346.0573,1787057346.062,0.03335,8.1758,-86.1099,71.9121,82.8132,-88.3956,1.4550,16.7602,-68.3342,49.5197,89.0739,-80.4414,0.7918,16.7602,-68.3342,49.5197,89.0739,-80.4414,0.7918,750,1150,-1500,500,350,0,0
17,1787057346.0907,1787057346.0954,0.03336,9.7582,-82.8571,67.2527,84.6593,-87.0769,1.4550,19.1241,-63.5050,43.9803,90.4027,-77.0991,0.9599,19.1241,-63.5050,43.9803,90.4027,-77.0991,0.9599,550,1150,-1600,600,400,0,0
18,1787057346.124,1787057346.1287,0.03333,12.4835,-78.7253,62.5055,86.5934,-84.7912,1.4550,22.3498,-58.1086,38.5175,92.2084,-70.9253,1.0310,22.3498,-58.1086,38.5175,92.2084,-70.9253,1.0310,900,1450,-1600,650,850,0,0
19,1787057346.1575,1787057346.1618,0.03348,15.1209,-74.0659,57.3187,88.0879,-82.3297,1.4550,24.5128,-53.0643,33.3117,93.7960,-68.6368,0.7789,24.5128,-53.0643,33.3117,93.7960,-68.6368,0.7789,850,1550,-1800,500,900,0,0
20,1787057346.1908,1787057346.1951,0.03334,17.6703,-69.1429,52.1319,89.6703,-79.0769,1.4550,27.1299,-48.0587,28.6403,95.8514,-64.0046,0.8369,27.1299,-48.0587,28.6403,95.8514,-64.0046,0.8369,900,1650,-1700,550,1050,0,0
21,1787057346.2243,1787057346.2287,0.03343,19.9560,-64.2198,46.9451,91.3407,-75.3846,1.4550,29.4468,-42.7177,23.4050,96.1198,-59.1988,0.7959,29.4468,-42.7177,23.4050,96.1198,-59.1988,0.7959,750,1600,-1850,550,1250,0,0
22,1787057346.2576,1787057346.2624,0.03337,22.5934,-59.3846,41.5824,93.0110,-71.7802,1.4550,32.5541,-38.3243,18.4104,97.3871,-55.2981,0.9264,32.5541,-38.3243,18.4104,97.3871,-55.2981,0.9264,950,1700,-1800,550,1150,0,0
23,1787057346.2909,1787057346.2955,0.0333,25.0549,-54.1978,36.3956,94.2418,-67.7363,1.4550,34.4833,-34.1544,16.2044,99.3658,-52.5396,0.9752,34.4833,-34.1544,16.2044,99.3658,-52.5396,0.9752,850,1750,-1750,450,1350,0,0
24,1787057346.3243,1787057346.3291,0.03341,27.6044,-49.0989,31.2967,95.3846,-63.6044,1.4550,37.4040,-30.1729,12.3208,101.0056,-47.6478,0.7979,37.4040,-30.1729,12.3208,101.0056,-47.6478,0.7979,850,1700,-1800,350,1400,0,0
25,1787057346.3577,1787057346.3619,0.0334,30.2418,-44.1758,26.3736,96.9670,-59.7363,1.4550,40.3559,-27.3670,8.7967,101.2688,-44.6167,1.1516,40.3559,-27.3670,8.7967,101.2688,-44.6167,1.1516,900,1650,-1600,500,1250,0,0
26,1787057346.3912,1787057346.3953,0.03343,32.7912,-39.2527,22.1538,98.6374,-55.8681,1.4550,41.5356,-23.7595,4.8148,100.8106,-42.0206,1.2805,41.5356,-23.7595,4.8148,100.8106,-42.0206,1.2805,800,1600,-1500,550,1300,0,0
27,1787057346.4245,1787057346.429,0.03336,35.3407,-34.4176,18.2857,99.2527,-52.0000,1.4550,44.4332,-21.7158,3.8631,102.6534,-37.8987,1.3861,44.4332,-21.7158,3.8631,102.6534,-37.8987,1.3861,950,1600,-1300,200,1350,0,0
28,1787057346.4579,1787057346.4628,0.03334,38.0659,-30.2857,14.4176,99.6044,-48.3956,1.4550,47.2798,-18.5440,0.2733,102.4635,-35.7239,1.4728,47.2798,-18.5440,0.2733,102.4635,-35.7239,1.4728,950,1450,-1300,150,1200,0,0
29,1787057346.4912,1787057346.4956,0.03336,40.2637,-26.6813,10.9011,100.4835,-44.9670,1.4550,48.6805,-16.0455,-0.9025,102.7718,-34.4985,1.5692,48.6805,-16.0455,-0.9025,102.7718,-34.4985,1.5692,750,1200,-1250,250,1150,0,0
30,1787057346.5246,1787057346.5289,0.03338,42.3736,-23.4286,7.9121,101.5385,-41.5385,1.4550,51.3974,-14.6339,-1.8570,102.7654,-33.3288,1.4643,51.3974,-14.6339,-1.8570,102.7654,-33.3288,1.4643,750,1100,-950,350,1150,0,0
31,1787057346.558,1787057346.5628,0.03339,44.7473,-20.2637,5.0989,101.5385,-38.8132,1.4550,53.8107,-13.4058,-2.7805,101.3304,-32.9292,1.9185,53.8107,-13.4058,-2.7805,101.3304,-32.9292,1.9185,800,1050,-950,50,800,0,0
32,1787057346.5914,1787057346.596,0.03339,47.2088,-17.5385,3.0769,101.8022,-36.8791,1.4550,55.6069,-11.5136,-1.0560,99.3859,-32.1541,1.5565,55.6069,-11.5136,-1.0560,99.3859,-32.1541,1.5565,900,950,-750,100,750,0,0
33,1787057346.6248,1787057346.6294,0.03339,49.6703,-15.4286,1.7582,101.8022,-35.4725,1.5873,56.8936,-10.2650,-1.9604,97.5175,-32.5500,1.8457,56.8936,-10.2650,-1.9604,97.5175,-32.5500,1.8457,850,750,-450,0,500,50,0
34,1787057346.6581,1787057346.6625,0.03334,51.9560,-13.6703,1.2308,100.8352,-34.4176,1.5873,57.7471,-10.0532,-2.0439,95.4408,-32.8018,1.7840,57.7471,-10.0532,-2.0439,95.4408,-32.8018,1.7840,800,550,-150,-200,350,0,0
35,1787057346.6915,1787057346.696,0.03338,54.0659,-11.9121,1.1429,99.5165,-33.8901,1.5873,59.1997,-9.3823,0.1333,93.6043,-32.9683,2.0268,59.1997,-9.3823,0.1333,93.6043,-32.9683,2.0268,700,600,0,-400,250,0,0
36,1787057346.7249,1787057346.7296,0.0334,55.5604,-10.5934,0.6154,97.6703,-33.7143,1.5873,59.8556,-8.8436,1.6843,92.3932,-33.3365,1.7547,59.8556,-8.8436,1.6843,92.3932,-33.3365,1.7547,500,500,-200,-600,50,0,0
37,1787057346.7582,1787057346.7629,0.03334,56.7912,-9.7143,0.8791,95.9121,-33.7143,1.5873,60.2934,-8.1288,1.5315,89.7384,-34.8426,2.1146,60.2934,-8.1288,1.5315,89.7384,-34.8426,2.1146,450,250,100,-550,0,0,0
38,1787057346.7916,1787057346.7963,0.03338,57.7582,-9.0989,1.6703,94.7692,-33.7143,1.6534,61.0784,-7.9685,3.8833,89.5867,-34.3280,1.8999,61.0784,-7.9685,3.8833,89.5867,-34.3280,1.8999,300,200,300,-400,0,0,0
39,1787057346.825,1787057346.8298,0.0334,58.6374,-8.2198,1.8462,93.2747,-33.8901,1.7857,62.1031,-8.5538,5.5847,88.2652,-35.2876,2.0114,62.1031,-8.5538,5.5847,88.2652,-35.2876,2.0114,300,250,100,-500,0,100,0
40,1787057346.8584,1787057346.8631,0.03336,59.5165,-7.7802,2.5495,91.4286,-34.0659,1.7857,62.2069,-8.3415,6.6771,87.2178,-36.1009,2.0064,62.2069,-8.3415,6.6771,87.2178,-36.1009,2.0064,300,150,250,-600,0,0,0
41,1787057346.8918,1787057346.8963,0.03343,60.4835,-7.8681,4.1319,90.6374,-34.2418,1.7857,63.4911,-7.8705,10.2312,85.7528,-36.2958,2.0478,63.4911,-7.8705,10.2312,85.7528,-36.2958,2.0478,350,0,550,-400,0,0,0
42,1787057346.9252,1787057346.9299,0.03334,61.3626,-7.8681,5.7143,89.2308,-35.1209,1.7857,63.5767,-8.7582,11.6244,84.8578,-36.4211,2.1593,63.5767,-8.7582,11.6244,84.8578,-36.4211,2.1593,300,0,600,-500,-250,0,0
43,1787057346.9585,1787057346.9632,0.03336,62.0659,-7.6044,7.1209,87.8242,-35.5604,1.7857,63.7248,-9.1892,13.3746,84.4651,-37.7703,1.9802,63.7248,-9.1892,13.3746,84.4651,-37.7703,1.9802,250,100,450,-550,-100,0,0
44,1787057346.9919,1787057346.9967,0.0334,62.5934,-7.6044,9.1429,86.5934,-35.8242,1.7857,63.2349,-8.8210,15.1338,83.1873,-38.1081,2.0709,63.2349,-8.8210,15.1338,83.1873,-38.1081,2.0709,250,0,750,-450,-100,0,0
45,1787057347.0253,1787057347.0299,0.03336,63.0330,-7.6044,11.3407,85.8901,-36.5275,1.7857,63.0455,-8.7264,16.3728,82.5831,-38.7599,2.0481,63.0455,-8.7264,16.3728,82.5831,-38.7599,2.0481,150,0,750,-200,-200,0,0
46,1787057347.0587,1787057347.0634,0.0334,63.0330,-7.6044,13.4505,84.9231,-37.1429,1.7857,62.8826,-9.6492,16.8230,82.3978,-38.9729,2.2703,62.8826,-9.6492,16.8230,82.3978,-38.9729,2.2703,0,0,650,-400,-250,0,0
47,1787057347.092,1787057347.0972,0.03336,62.7692,-7.6044,15.2088,83.9560,-37.7582,1.7857,62.5460,-9.0092,19.5754,81.5541,-39.2609,2.3372,62.5460,-9.0092,19.5754,81.5541,-39.2609,2.3372,-100,0,600,-400,-150,0,0
48,1787057347.1255,1787057347.1303,0.03342,62.6813,-7.6044,16.3516,83.5165,-38.1099,1.9180,61.9009,-9.1595,20.6245,81.3318,-40.7347,2.4152,61.9009,-9.1595,20.6245,81.3318,-40.7347,2.4152,0,0,500,-150,-150,50,0
49,1787057347.1588,1787057347.1636,0.03337,62.6813,-7.6044,17.4066,82.4615,-38.6374,2.0503,61.5201,-9.7216,22.3047,80.7875,-41.1432,2.5363,61.5201,-9.7216,22.3047,80.7875,-41.1432,2.5363,0,0,300,-300,-250,50,0
50,1787057347.1922,1787057347.4087,0.03337,62.6813,-7.6044,19.0769,81.9341,-39.4286,2.1825,57.0889,-4.0191,16.9870,81.2150,-39.8934,3.0463,57.0889,-4.0191,16.9870,81.2150,-39.8934,3.0463,0,0,600,-350,-300,100,1
51,1787057347.4099,1787057347.4148,0.21771,62.0659,-7.6044,22.5055,81.2308,-40.8352,2.3148,56.7306,-5.2889,18.0065,80.1760,-40.3962,3.0780,56.7306,-5.2889,18.0065,80.1760,-40.3962,3.0780,0,0,50,50,0,0,1
52,1787057347.4432,1787057347.4478,0.0333,62.0659,-7.6044,22.5055,81.1429,-40.8352,2.3148,56.9187,-4.6334,19.4457,78.8851,-40.6341,3.0729,56.9187,-4.6334,19.4457,78.8851,-40.6341,3.0729,0,0,0,-50,0,0,0
53,1787057347.4766,1787057347.4812,0.03338,61.1868,-7.1648,22.2418,80.9670,-40.8352,2.5794,56.4353,-5.5845,19.2505,77.1810,-40.4474,3.4938,56.4353,-5.5845,19.2505,77.1810,-40.4474,3.4938,-200,50,-50,-50,0,150,0
54,1787057347.5099,1787057347.5144,0.0333,59.6044,-5.7582,21.4505,79.9121,-40.8352,2.7116,56.8505,-5.5802,20.6151,77.8447,-41.0745,4.2284,56.8505,-5.5802,20.6151,77.8447,-41.0745,4.2284,-550,500,-250,-200,0,50,0
55,1787057347.5432,1787057347.5479,0.03334,58.0220,-4.9670,21.3626,78.5934,-40.8352,2.9101,56.5573,-5.1276,20.3324,77.4629,-42.5866,5.2329,56.5573,-5.1276,20.3324,77.4629,-42.5866,5.2329,-550,150,-100,-450,0,50,0
56,1787057347.5766,1787057347.5812,0.03341,57.5824,-4.8791,21.3626,78.4176,-40.7473,3.2407,55.7484,-5.2356,21.1623,78.1285,-43.7775,7.0535,55.7484,-5.2356,21.1623,78.1285,-43.7775,7.0535,-150,50,0,0,50,100,0
57,1787057347.61,1787057347.6146,0.03333,57.3187,-4.8791,21.4505,78.5055,-41.3626,4.1005,55.0363,-6.3269,21.5371,77.9516,-44.1111,10.2624,55.0363,-6.3269,21.5371,77.9516,-44.1111,10.2624,-100,0,0,-50,-300,400,0
58,1787057347.6433,1787057347.648,0.03336,57.0549,-4.8791,21.4505,78.1538,-42.5934,5.2910,54.7188,-6.0601,22.6138,77.7005,-43.9746,13.5933,54.7188,-6.0601,22.6138,77.7005,-43.9746,13.5933,-100,0,0,-150,-500,500,0
59,1787057347.6767,1787057347.6812,0.03336,56.4396,-4.8791,21.8901,78.3297,-43.1209,6.7460,54.3808,-6.1300,24.1282,77.2640,-44.2719,17.0970,54.3808,-6.1300,24.1282,77.2640,-44.2719,17.0970,-200,0,150,50,-200,600,0
60,1787057347.71,1787057347.7148,0.03333,55.4725,-4.8791,22.3297,78.2418,-43.2967,9.0608,53.5986,-5.7616,25.4606,76.9101,-44.0266,20.3797,53.5986,-5.7616,25.4606,76.9101,-44.0266,20.3797,-350,0,150,-100,-50,1050,0
61,1787057347.7433,1787057347.7482,0.03333,54.9451,-4.8791,23.3846,77.5385,-43.5604,11.7063,52.7108,-6.4203,26.0073,76.2715,-44.7804,22.7797,52.7108,-6.4203,26.0073,76.2715,-44.7804,22.7797,-150,0,300,-300,-50,1150,0
62,1787057347.7768,1787057347.7817,0.03342,54.5055,-4.8791,24.6154,77.3626,-43.7363,14.4180,52.7779,-6.7063,27.2918,75.5910,-44.9730,24.6551,52.7779,-6.7063,27.2918,75.5910,-44.9730,24.6551,-200,0,450,-50,-50,1300,0
63,1787057347.8101,1787057347.8146,0.03337,54.0659,-4.7912,25.7582,77.0989,-44.0879,17.3280,52.3310,-6.3770,28.3004,74.9332,-44.6632,26.0118,52.3310,-6.3770,28.3004,74.9332,-44.6632,26.0118,-150,0,400,-150,-100,1250,0
64,1787057347.8435,1787057347.8479,0.03336,53.6264,-4.7912,26.6374,76.1319,-44.4396,19.9735,51.4846,-7.5998,29.3088,74.2494,-45.8325,26.2423,51.4846,-7.5998,29.3088,74.2494,-45.8325,26.2423,-150,0,300,-250,-150,1200,0
65,1787057347.8769,1787057347.8812,0.03339,52.9231,-4.8791,27.6923,75.6044,-44.4396,22.2222,52.0696,-7.9108,30.3166,73.5179,-45.4580,26.7845,52.0696,-7.9108,30.3166,73.5179,-45.4580,26.7845,-250,-50,350,-200,0,1050,0
66,1787057347.9103,1787057347.9147,0.03337,52.3077,-4.9670,28.6593,75.2527,-44.7912,23.6772,52.0336,-7.7878,31.9375,73.1428,-44.9809,26.9454,52.0336,-7.7878,31.9375,73.1428,-44.9809,26.9454,-200,-50,350,-100,-150,600,0
67,1787057347.9437,1787057347.9481,0.03345,52.2198,-5.0549,29.7143,74.5495,-44.9670,24.7354,51.2267,-7.9462,32.4115,72.3629,-45.3896,27.0205,51.2267,-7.9462,32.4115,72.3629,-45.3896,27.0205,-50,0,350,-200,-100,450,0
68,1787057347.9771,1787057347.9816,0.03337,52.3956,-5.1429,30.7692,73.6703,-44.9670,25.5952,51.7643,-8.2941,33.6103,71.2911,-45.6232,27.1338,51.7643,-8.2941,33.6103,71.2911,-45.6232,27.1338,50,-50,350,-300,0,350,0
69,1787057348.0104,1787057348.015,0.03338,52.3077,-5.1429,31.8242,73.1429,-45.2308,26.0582,51.4530,-8.0266,34.4171,70.9265,-45.8450,27.2619,51.4530,-8.0266,34.4171,70.9265,-45.8450,27.2619,50,0,350,-150,-100,150,0
70,1787057348.0438,1787057348.0483,0.03336,51.9560,-5.1429,32.7912,72.6154,-45.4066,26.2566,51.5164,-8.3190,33.8829,70.6506,-45.2739,27.3510,51.5164,-8.3190,33.8829,70.6506,-45.2739,27.3510,-100,0,350,-100,-100,50,0
71,1787057348.0772,1787057348.0816,0.03338,51.7802,-5.1429,33.7582,71.7363,-45.3187,26.5873,51.8260,-9.0187,35.3211,70.0464,-45.5625,27.4224,51.8260,-9.0187,35.3211,70.0464,-45.5625,27.4224,0,0,350,-300,0,150,0
72,1787057348.1105,1787057348.1149,0.03335,51.7802,-5.1429,33.9341,71.4725,-45.3187,26.8519,51.9828,-8.6177,36.3895,69.5902,-45.8160,27.3148,51.9828,-8.6177,36.3895,69.5902,-45.8160,27.3148,0,0,0,-100,0,100,0
73,1787057348.1439,1787057348.149,0.03338,52.0440,-5.4066,34.5495,70.5934,-45.4945,26.9180,52.2641,-8.7692,36.1427,69.1088,-45.8398,27.3839,52.2641,-8.7692,36.1427,69.1088,-45.8398,27.3839,150,-100,250,-300,-100,100,0
74,1787057348.1773,1787057348.182,0.03335,52.1319,-5.6703,35.6044,70.2418,-45.4945,26.9180,52.2554,-9.6035,37.1302,68.7388,-45.5639,27.4137,52.2554,-9.6035,37.1302,68.7388,-45.5639,27.4137,0,-50,350,-100,0,0,0
75,1787057348.2107,1787057348.2153,0.03339,52.0440,-5.7582,36.0440,69.9780,-45.3187,27.1164,52.7685,-10.0214,37.8693,68.3213,-44.7210,27.3662,52.7685,-10.0214,37.8693,68.3213,-44.7210,27.3662,0,-50,100,-100,100,0,0
76,1787057348.244,1787057348.2485,0.03335,51.9560,-6.1099,36.6593,69.0989,-45.4945,27.0503,53.5228,-9.8316,38.1632,67.9094,-45.1109,27.5172,53.5228,-9.8316,38.1632,67.9094,-45.1109,27.5172,-50,-50,250,-300,-50,-50,0
77,1787057348.2774,1787057348.2819,0.03338,51.9560,-6.7253,37.4505,68.8352,-45.2308,27.0503,53.4029,-10.0333,39.4134,66.7391,-45.3261,27.5958,53.4029,-10.0333,39.4134,66.7391,-45.3261,27.5958,50,-250,250,-100,100,0,0
78,1787057348.3108,1787057348.316,0.03341,52.4835,-6.9011,38.1538,68.5714,-45.1429,27.1825,53.9921,-10.1143,39.7475,66.7701,-45.5507,27.4565,53.9921,-10.1143,39.7475,66.7701,-45.5507,27.4565,150,-50,250,-50,0,100,0
79,1787057348.3441,1787057348.3486,0.03333,53.0110,-7.0769,38.8571,67.6044,-45.3187,27.3148,54.3029,-10.4222,39.2279,65.2219,-45.0306,27.7905,54.3029,-10.4222,39.2279,65.2219,-45.0306,27.7905,200,-50,300,-400,-50,50,0
80,1787057348.3775,1787057348.382,0.03338,53.3626,-7.2527,39.4725,67.3407,-45.4945,27.3148,54.2876,-9.7713,39.1126,65.2734,-45.0298,27.8258,54.2876,-9.7713,39.1126,65.2734,-45.0298,27.8258,150,-50,250,-150,-50,0,0
81,1787057348.4109,1787057348.4154,0.0334,53.4505,-7.3407,39.4725,66.8132,-45.3187,27.3810,54.5117,-9.2762,39.4894,64.6712,-44.4996,27.9309,54.5117,-9.2762,39.4894,64.6712,-44.4996,27.9309,0,0,0,-200,100,50,0
82,1787057348.4443,1787057348.4489,0.03337,53.5385,-7.4286,39.4725,65.7582,-45.3187,27.5132,54.3889,-10.1263,39.7334,64.1225,-45.2653,27.9463,54.3889,-10.1263,39.7334,64.1225,-45.2653,27.9463,50,-50,0,-350,0,50,0
83,1787057348.4776,1787057348.4822,0.03337,53.8022,-7.4286,39.6484,65.4066,-45.1429,27.6455,54.9257,-9.8874,40.1901,64.0991,-44.9663,28.0651,54.9257,-9.8874,40.1901,64.0991,-44.9663,28.0651,100,0,0,-150,50,50,0
84,1787057348.511,1787057348.5156,0.03336,54.0659,-7.4286,40.0000,65.1429,-45.2308,27.7116,54.6835,-10.1182,39.5093,63.5689,-44.2741,28.2138,54.6835,-10.1182,39.5093,63.5689,-44.2741,28.2138,100,0,50,0,-50,50,0
85,1787057348.5444,1787057348.5491,0.0334,54.3297,-7.4286,40.2637,64.7033,-45.0549,27.7116,55.0474,-10.7913,39.4546,63.6245,-44.2460,28.1545,55.0474,-10.7913,39.4546,63.6245,-44.2460,28.1545,50,0,100,-150,0,0,0
86,1787057348.5778,1787057348.5825,0.03344,54.3297,-7.4286,40.2637,64.3516,-44.9670,27.7116,55.1264,-10.0691,39.4185,63.6594,-44.7942,28.3738,55.1264,-10.0691,39.4185,63.6594,-44.7942,28.3738,0,0,0,-100,0,0,0
87,1787057348.6112,1787057348.6158,0.03338,54.3297,-7.7802,40.2637,64.0879,-44.7912,27.7116,55.1835,-10.4471,39.8784,63.6955,-44.9274,28.3701,55.1835,-10.4471,39.8784,63.6955,-44.9274,28.3701,0,-100,0,-50,50,0,0
88,1787057348.6446,1787057348.6494,0.0334,54.5055,-7.8681,40.2637,64.0000,-44.8791,27.8439,55.7663,-9.7415,38.7309,63.6014,-45.0711,28.4808,55.7663,-9.7415,38.7309,63.6014,-45.0711,28.4808,50,-50,0,0,-50,100,0
89,1787057348.678,1787057348.6826,0.03339,54.6813,-7.8681,40.2637,63.8242,-44.8791,27.9762,55.5535,-9.7021,39.4909,63.7220,-44.5160,28.5292,55.5535,-9.7021,39.4909,63.7220,-44.5160,28.5292,50,0,0,-150,0,50,0
90,1787057348.7114,1787057348.7157,0.03339,54.9451,-7.8681,40.2637,64.0000,-44.8791,28.1085,55.7489,-9.6160,39.7965,63.5335,-44.7882,28.4505,55.7489,-9.6160,39.7965,63.5335,-44.7882,28.4505,100,0,0,100,0,50,0
91,1787057348.7448,1787057348.7493,0.03336,55.1209,-7.8681,40.2637,63.9121,-44.7912,28.1746,56.0419,-9.4402,40.1498,63.5122,-44.9636,28.4684,56.0419,-9.4402,40.1498,63.5122,-44.9636,28.4684,100,0,0,0,0,50,0
92,1787057348.7782,1787057348.7828,0.03341,55.2088,-7.8681,40.2637,63.5604,-44.7912,28.1746,56.1841,-9.3908,39.8548,63.6095,-44.4065,28.4887,56.1841,-9.3908,39.8548,63.6095,-44.4065,28.4887,50,0,0,-150,0,0,0
93,1787057348.8115,1787057348.8162,0.03336,55.3846,-7.8681,40.4396,63.5604,-44.7912,28.1746,56.0504,-8.7504,38.9016,63.5360,-43.9718,28.5387,56.0504,-8.7504,38.9016,63.5360,-43.9718,28.5387,50,0,100,0,0,0,0
94,1787057348.8449,1787057348.8496,0.03341,55.6484,-7.8681,40.4396,63.8242,-44.7033,28.1746,56.1107,-8.2029,40.7350,62.7406,-44.0395,28.5129,56.1107,-8.2029,40.7350,62.7406,-44.0395,28.5129,50,0,0,50,0,0,0
95,1787057348.8784,1787057348.8829,0.03349,55.9121,-7.8681,40.4396,63.7363,-44.7033,28.3069,55.9958,-8.1919,39.8898,62.6266,-44.5441,28.3417,55.9958,-8.1919,39.8898,62.6266,-44.5441,28.3417,100,0,0,0,0,50,0
96,1787057348.9117,1787057348.9163,0.0333,56.0000,-7.7802,40.5275,63.3846,-44.6154,28.3069,56.0840,-8.7093,39.4601,62.9827,-44.5257,28.2745,56.0840,-8.7093,39.4601,62.9827,-44.5257,28.2745,50,0,0,-100,0,0,0
97,1787057348.9451,1787057348.9496,0.0334,55.9121,-7.7802,40.7912,62.9451,-44.6154,28.3069,56.1736,-7.7382,39.2420,62.5078,-44.1294,28.4019,56.1736,-7.7382,39.2420,62.5078,-44.1294,28.4019,0,0,100,-150,0,0,0
98,1787057348.9785,1787057348.983,0.03335,55.8242,-7.7802,40.7912,63.1209,-44.6154,28.3069,55.7151,-8.2066,39.8892,62.7953,-43.8719,28.3790,55.7151,-8.2066,39.8892,62.7953,-43.8719,28.3790,-50,0,0,0,0,0,0
99,1787057349.0118,1787057349.0164,0.03332,55.8242,-7.6044,40.7912,62.9451,-44.6154,28.3069,55.6180,-8.1220,39.7414,62.9815,-44.6267,28.2056,55.6180,-8.1220,39.7414,62.9815,-44.6267,28.2056,0,50,0,-100,0,0,0
100,1787057349.0453,1787057349.27,0.03346,55.8242,-7.6044,40.7033,62.9451,-44.6154,28.3069,44.6528,-7.4516,41.0740,65.6068,-45.1154,32.3684,44.6528,-7.4516,41.0740,65.6068,-45.1154,32.3684,0,0,0,0,0,0,1
101,1787057349.2712,1787057349.2764,0.22594,55.8242,-7.6044,40.7033,62.9451,-44.7033,28.3069,44.5101,-7.5957,41.0338,65.6741,-45.3250,31.4127,44.5101,-7.5957,41.0338,65.6741,-45.3250,31.4127,0,0,0,0,0,0,1
102,1787057349.3045,1787057349.3091,0.03329,55.8242,-7.6044,40.7033,62.9451,-44.7033,28.3069,44.7618,-8.6579,41.2456,65.3501,-45.3025,30.1935,44.7618,-8.6579,41.2456,65.3501,-45.3025,30.1935,0,0,0,0,0,0,0
103,1787057349.338,1787057349.3432,0.03344,55.1209,-7.5165,40.8791,63.2967,-44.8791,28.8360,44.9876,-9.2735,40.7884,66.2468,-45.5246,28.1858,44.9876,-9.2735,40.7884,66.2468,-45.5246,28.1858,-100,0,100,150,-50,400,0
104,1787057349.3712,1787057349.3758,0.03328,52.9231,-7.5165,41.1429,64.3516,-44.9670,29.7619,44.9337,-8.6399,41.5671,65.7002,-45.9332,26.0339,44.9337,-8.6399,41.5671,65.7002,-45.9332,26.0339,-750,0,100,400,0,500,0
105,1787057349.4046,1787057349.4091,0.0334,49.7582,-7.5165,41.1429,65.1429,-45.0549,29.8280,45.1140,-9.8890,39.9332,66.0381,-46.0593,23.0033,45.1140,-9.8890,39.9332,66.0381,-46.0593,23.0033,-1100,0,0,250,0,50,0
106,1787057349.438,1787057349.4425,0.03337,47.5604,-7.5165,41.1429,65.1429,-45.3187,28.8360,45.4731,-9.2930,40.6262,65.9469,-46.7506,19.3149,45.4731,-9.2930,40.6262,65.9469,-46.7506,19.3149,-950,0,0,0,-50,-500,0
107,1787057349.4714,1787057349.4762,0.03339,46.6813,-7.6923,41.1429,65.0549,-45.6703,26.8519,45.8071,-10.0516,41.7901,64.2769,-47.3566,15.6967,45.8071,-10.0516,41.7901,64.2769,-47.3566,15.6967,-250,0,0,-50,-150,-850,0
108,1787057349.5048,1787057349.5095,0.0334,46.7692,-7.7802,41.1429,65.2308,-46.1099,24.4048,45.8831,-9.8110,42.6239,64.0363,-47.1436,11.3696,45.8831,-9.8110,42.6239,64.0363,-47.1436,11.3696,100,-50,0,50,-150,-1100,0
109,1787057349.5382,1787057349.5428,0.03336,46.7692,-8.2198,41.4945,64.7912,-46.7253,21.5608,46.3300,-10.6201,44.0584,63.7389,-46.9587,8.0709,46.3300,-10.6201,44.0584,63.7389,-46.9587,8.0709,0,-150,150,-200,-300,-1300,0
110,1787057349.5715,1787057349.5759,0.03333,46.7692,-8.5714,41.9341,64.3516,-46.7253,18.3862,46.4364,-10.0206,43.9273,63.6601,-46.6771,6.2957,46.4364,-10.0206,43.9273,63.6601,-46.6771,6.2957,0,-100,150,-200,-50,-1400,0
111,1787057349.6049,1787057349.6092,0.03346,46.7692,-9.0110,42.6374,64.0879,-46.7253,15.0132,46.7267,-9.4919,44.2009,63.2014,-45.7680,4.7843,46.7267,-9.4919,44.2009,63.2014,-45.7680,4.7843,0,-150,250,-50,0,-1500,0
112,1787057349.6383,1787057349.643,0.03334,46.7692,-9.0989,43.1648,63.9121,-46.7253,11.9048,47.0086,-10.2638,44.6900,64.0118,-46.0692,5.7423,47.0086,-10.2638,44.6900,64.0118,-46.0692,5.7423,0,0,200,-50,0,-1450,0
113,1787057349.6716,1787057349.6763,0.03336,46.7692,-9.0989,43.3407,63.5604,-46.6374,9.3254,47.0961,-10.1534,44.0746,64.3137,-45.8597,5.4748,47.0961,-10.1534,44.0746,64.3137,-45.8597,5.4748,0,0,100,-100,50,-1150,0
114,1787057349.7051,1787057349.7099,0.03346,46.7692,-9.1868,43.6044,63.6484,-46.5495,7.6058,46.8593,-9.7933,45.5697,64.2655,-45.3858,5.0851,46.8593,-9.7933,45.5697,64.2655,-45.3858,5.0851,0,-50,50,0,0,-800,0
115,1787057349.7384,1787057349.7437,0.03332,46.7692,-9.2747,43.7802,63.7363,-46.3736,7.0106,46.9930,-10.1397,43.8348,64.1622,-45.3604,4.9956,46.9930,-10.1397,43.8348,64.1622,-45.3604,4.9956,0,-50,50,50,50,-200,0
116,1787057349.7719,1787057349.7774,0.03345,46.7692,-9.2747,43.9560,63.7363,-46.1978,6.2831,46.9583,-9.9735,43.7587,63.8010,-45.0924,5.1929,46.9583,-9.9735,43.7587,63.8010,-45.0924,5.1929,0,0,50,0,50,-350,0
117,1787057349.8052,1787057349.8101,0.03337,46.7692,-9.2747,44.3077,63.7363,-46.0220,5.7540,47.3047,-9.7157,44.4427,64.3501,-45.4642,5.0472,47.3047,-9.7157,44.4427,64.3501,-45.4642,5.0472,0,0,150,0,50,-250,0
118,1787057349.8386,1787057349.8432,0.03339,46.7692,-9.2747,44.3077,63.7363,-45.8462,5.6878,47.1706,-9.3029,43.4507,63.9889,-45.8240,4.9401,47.1706,-9.3029,43.4507,63.9889,-45.8240,4.9401,0,0,0,0,50,0,0
119,1787057349.872,1787057349.8764,0.03338,46.7692,-9.2747,44.3077,63.7363,-45.8462,5.4233,47.5216,-9.9949,43.6278,64.3511,-45.0100,4.7447,47.5216,-9.9949,43.6278,64.3511,-45.0100,4.7447,0,0,0,0,0,-50,0
120,1787057349.9054,1787057349.9097,0.03335,46.7692,-9.2747,44.2198,63.7363,-45.8462,5.1587,47.7096,-9.5063,44.5626,63.7349,-45.5311,4.5714,47.7096,-9.5063,44.5626,63.7349,-45.5311,4.5714,0,0,0,0,0,-150,0
121,1787057349.9388,1787057349.9435,0.03341,46.8571,-9.2747,44.1319,63.7363,-45.7582,5.0926,47.7710,-9.1988,43.9717,64.1503,-44.8408,4.2695,47.7710,-9.1988,43.9717,64.1503,-44.8408,4.2695,50,0,0,0,50,0,0
122,1787057349.9721,1787057349.9768,0.03338,47.1209,-9.2747,44.2198,63.6484,-45.7582,4.8942,47.8312,-8.5988,43.9349,63.7265,-45.1384,4.1510,47.8312,-8.5988,43.9349,63.7265,-45.1384,4.1510,100,0,50,-50,0,-100,0
123,1787057350.0055,1787057350.0102,0.03337,47.2967,-9.2747,44.1319,63.7363,-45.5824,4.6296,47.9499,-8.9089,45.7191,63.6632,-44.7579,3.7444,47.9499,-8.9089,45.7191,63.6632,-44.7579,3.7444,50,0,0,50,100,-150,0
124,1787057350.0389,1787057350.0435,0.03337,47.3846,-9.0989,44.1319,63.7363,-45.4945,4.4312,47.8150,-9.5865,44.8636,63.2328,-45.1142,3.5379,47.8150,-9.5865,44.8636,63.2328,-45.1142,3.5379,50,50,0,0,0,-100,0
125,1787057350.0723,1787057350.0768,0.03343,47.3846,-9.0989,44.2198,63.6484,-45.4066,4.1005,47.5604,-9.1937,44.2353,63.5954,-45.3344,3.1365,47.5604,-9.1937,44.2353,63.5954,-45.3344,3.1365,0,0,50,0,50,-150,0
126,1787057350.1057,1787057350.1103,0.03337,47.3846,-9.0989,44.5714,63.5604,-45.4066,3.8360,47.5601,-9.5097,43.7903,63.7828,-45.1048,3.2762,47.5601,-9.5097,43.7903,63.7828,-45.1048,3.2762,0,0,150,-100,0,-100,0
127,1787057350.1391,1787057350.144,0.0334,47.3846,-9.0989,44.5714,63.5604,-45.4066,3.6376,47.4004,-8.7010,43.6972,63.4598,-44.6828,3.3390,47.4004,-8.7010,43.6972,63.4598,-44.6828,3.3390,0,0,0,0,0,-100,0
128,1787057350.1725,1787057350.1771,0.03338,47.3846,-9.0989,44.4835,63.5604,-45.4066,3.5714,47.1063,-9.7082,42.2309,64.2789,-44.3498,3.1624,47.1063,-9.7082,42.2309,64.2789,-44.3498,3.1624,0,0,-50,0,0,0,0
129,1787057350.2059,1787057350.2105,0.03339,47.3846,-9.0989,44.3077,63.5604,-45.3187,3.5053,46.3157,-9.2843,41.2985,63.8496,-44.7501,3.3007,46.3157,-9.2843,41.2985,63.8496,-44.7501,3.3007,0,0,-50,0,50,-50,0
130,1787057350.2392,1787057350.2439,0.03339,47.3846,-9.0989,43.7802,63.6484,-45.0549,3.5053,46.5124,-10.1612,40.6700,64.7303,-45.2916,3.1724,46.5124,-10.1612,40.6700,64.7303,-45.2916,3.1724,0,0,-200,50,100,0,0
131,1787057350.2726,1787057350.2771,0.03338,47.2088,-9.0110,43.0769,63.8242,-45.0549,3.5053,46.0940,-9.7898,39.6248,66.2019,-45.0376,3.2516,46.0940,-9.7898,39.6248,66.2019,-45.0376,3.2516,0,50,-250,100,0,0,0
132,1787057350.306,1787057350.3104,0.03336,46.9451,-8.9231,42.6374,64.0000,-45.0549,3.3730,45.4237,-9.4748,37.9960,68.0498,-44.6118,3.1309,45.4237,-9.4748,37.9960,68.0498,-44.6118,3.1309,-100,50,-150,0,0,-100,0
133,1787057350.3394,1787057350.3438,0.0334,46.6813,-8.9231,42.1099,65.1429,-45.0549,3.3730,44.9058,-10.8884,36.7304,68.5315,-44.8152,3.2371,44.9058,-10.8884,36.7304,68.5315,-44.8152,3.2371,-50,0,-100,300,0,0,0
134,1787057350.3728,1787057350.3775,0.03338,46.2418,-8.9231,41.3187,66.3736,-45.0549,3.3730,44.2339,-11.6698,34.5328,70.2071,-45.4605,3.0887,44.2339,-11.6698,34.5328,70.2071,-45.4605,3.0887,-150,0,-300,450,0,0,0
135,1787057350.4061,1787057350.4107,0.03335,45.6264,-8.9231,40.1758,67.2527,-45.0549,3.3730,43.3364,-11.7257,32.2329,72.0278,-45.7928,2.9812,43.3364,-11.7257,32.2329,72.0278,-45.7928,2.9812,-200,0,-400,200,0,0,0
136,1787057350.4395,1787057350.4441,0.03343,45.0989,-9.1868,38.9451,67.9560,-45.1429,3.3730,43.0115,-11.7837,29.8059,74.1550,-46.1452,2.9176,43.0115,-11.7837,29.8059,74.1550,-46.1452,2.9176,-200,-50,-350,150,0,0,0
137,1787057350.4728,1787057350.4776,0.03327,44.4835,-9.1868,37.0110,69.8901,-45.4066,3.3730,42.0420,-14.0501,27.4488,76.2907,-46.6473,2.6174,42.0420,-14.0501,27.4488,76.2907,-46.6473,2.6174,-200,0,-700,650,-100,0,0
138,1787057350.5062,1787057350.5109,0.0334,43.8681,-9.2747,34.9011,71.4725,-45.6703,3.3069,40.2525,-14.5434,24.0669,78.0968,-47.3045,2.6014,40.2525,-14.5434,24.0669,78.0968,-47.3045,2.6014,-200,-50,-750,550,-100,0,0
139,1787057350.5396,1787057350.5443,0.03339,43.1648,-9.8022,32.8791,73.1429,-46.1099,3.0423,39.4606,-15.2564,21.1094,79.7360,-46.9584,2.3968,39.4606,-15.2564,21.1094,79.7360,-46.9584,2.3968,-150,-200,-700,450,-100,-100,0
140,1787057350.573,1787057350.5778,0.03335,42.1978,-10.6813,30.5934,75.4286,-46.5495,2.9101,37.9112,-16.6302,19.5226,81.0739,-47.5691,2.3856,37.9112,-16.6302,19.5226,81.0739,-47.5691,2.3856,-350,-350,-750,750,-200,-100,0
141,1787057350.6064,1787057350.6111,0.0334,41.0549,-11.5604,27.7802,77.0110,-46.5495,2.7778,35.6475,-18.0068,15.1558,83.1938,-49.5984,1.9696,35.6475,-18.0068,15.1558,83.1938,-49.5984,1.9696,-400,-250,-950,450,0,-50,0
142,1787057350.6397,1787057350.6444,0.03339,39.7363,-12.4396,25.2308,78.3297,-46.9890,2.7778,33.6142,-19.1449,12.2152,83.1625,-49.7580,1.9444,33.6142,-19.1449,12.2152,83.1625,-49.7580,1.9444,-450,-300,-900,400,-150,0,0
143,1787057350.6731,1787057350.6777,0.03337,38.5055,-13.6703,22.6813,80.4396,-47.6923,2.4471,30.6949,-21.9301,9.9073,84.4557,-50.5425,1.6780,30.6949,-21.9301,9.9073,84.4557,-50.5425,1.6780,-400,-400,-800,650,-200,-150,0
144,1787057350.7065,1787057350.7111,0.03339,36.7473,-14.8132,19.8681,81.4945,-48.7473,2.3810,27.9478,-23.1069,9.0451,83.1291,-51.6309,1.8231,27.9478,-23.1069,9.0451,83.1291,-51.6309,1.8231,-550,-400,-1000,250,-400,-50,0
145,1787057350.7399,1787057350.7445,0.03341,34.6374,-16.0440,16.7033,82.0220,-49.4505,2.1825,25.2264,-25.0323,7.5452,82.6000,-52.4198,1.7192,25.2264,-25.0323,7.5452,82.6000,-52.4198,1.7192,-650,-400,-1100,150,-250,-100,0
146,1787057350.7733,1787057350.7781,0.03339,32.1758,-17.9780,14.5055,82.9890,-50.2418,2.1825,21.7849,-27.9648,6.6156,81.6912,-52.9690,1.6564,21.7849,-27.9648,6.6156,81.6912,-52.9690,1.6564,-850,-650,-750,300,-250,0,0
147,1787057350.8067,1787057350.8113,0.03336,29.6264,-19.9121,12.7473,82.6374,-51.2088,2.1825,17.6746,-29.0879,5.8728,79.9273,-53.7405,1.5270,17.6746,-29.0879,5.8728,79.9273,-53.7405,1.5270,-900,-650,-600,-150,-250,0,0
148,1787057350.8401,1787057350.8447,0.03342,26.9011,-21.9341,11.0769,82.1978,-51.9121,2.1825,14.7570,-30.8382,6.1674,78.5337,-54.6798,1.4074,14.7570,-30.8382,6.1674,78.5337,-54.6798,1.4074,-900,-650,-650,-150,-200,0,0
149,1787057350.8734,1787057350.8779,0.03332,23.9121,-23.8681,10.0220,81.4066,-52.5275,2.1164,10.8496,-32.0123,6.6539,76.9556,-57.1950,1.5649,10.8496,-32.0123,6.6539,76.9556,-57.1950,1.5649,-1000,-650,-350,-200,-250,-50,0
150,1787057350.9068,1787057351.1286,0.03342,20.7473,-25.8022,9.3187,80.1758,-53.4945,1.9841,31.7598,-14.4163,3.3429,79.0878,-48.4132,1.8483,31.7598,-14.4163,3.3429,79.0878,-48.4132,1.8483,-1100,-650,-200,-400,-400,-50,1
151,1787057351.1298,1787057351.1351,0.22294,11.7802,-29.7582,9.0549,77.7143,-56.8352,1.9841,32.8362,-12.2221,2.7554,77.3904,-47.7298,1.6927,32.8362,-12.2221,2.7554,77.3904,-47.7298,1.6927,-150,0,0,0,0,0,1
152,1787057351.1631,1787057351.1675,0.03331,11.2527,-29.7582,9.0549,77.7143,-56.7473,1.9841,34.5127,-10.7827,3.9253,77.4430,-47.5093,1.6851,34.5127,-10.7827,3.9253,77.4430,-47.5093,1.6851,-200,0,0,0,0,0,0
153,1787057351.1964,1787057351.2009,0.03336,11.6923,-29.4066,8.2637,77.7143,-56.2198,1.9841,35.3953,-9.4969,4.2790,76.7618,-47.0543,1.6694,35.3953,-9.4969,4.2790,76.7618,-47.0543,1.6694,100,50,-200,0,250,0,0
154,1787057351.2299,1787057351.2346,0.03341,14.0659,-27.7363,6.6813,77.6264,-53.9341,1.9841,36.4026,-8.0348,5.1573,75.6373,-46.6298,1.9191,36.4026,-8.0348,5.1573,75.6373,-46.6298,1.9191,750,650,-500,0,600,0,0
155,1787057351.2632,1787057351.2677,0.03336,18.0220,-24.0440,6.2418,77.3626,-51.2967,1.9841,36.5322,-7.8818,4.6545,74.9095,-46.5237,1.8256,36.5322,-7.8818,4.6545,74.9095,-46.5237,1.8256,1200,950,-100,-100,950,0,0
156,1787057351.2966,1787057351.3008,0.03338,23.2088,-19.2967,6.3297,76.7473,-49.4505,1.9841,37.2385,-6.3858,6.6591,74.6118,-46.1097,1.9131,37.2385,-6.3858,6.6591,74.6118,-46.1097,1.9131,1750,1650,50,-150,550,0,0
157,1787057351.33,1787057351.3342,0.03344,28.3956,-14.5495,5.9780,75.9560,-48.7473,1.9841,37.6865,-6.1306,5.7653,73.7516,-47.2755,1.8740,37.6865,-6.1306,5.7653,73.7516,-47.2755,1.8740,1750,1600,-150,-250,350,0,0
158,1787057351.3634,1787057351.3676,0.03335,31.9121,-10.4176,6.3297,74.9890,-47.8681,1.9841,37.7123,-6.1132,6.1968,73.3450,-48.0954,1.8747,37.7123,-6.1132,6.1968,73.3450,-48.0954,1.8747,1100,1400,150,-250,300,0,0
159,1787057351.3968,1787057351.4013,0.03337,34.3736,-7.4286,7.8242,75.1648,-47.8681,1.9841,38.0686,-4.2078,5.4782,72.5568,-48.7488,1.8283,38.0686,-4.2078,5.4782,72.5568,-48.7488,1.8283,900,1150,550,-150,0,0,0
160,1787057351.4302,1787057351.4348,0.03346,35.6044,-6.4615,7.6484,74.4615,-48.2198,1.9841,38.0114,-3.8482,5.6172,72.4881,-49.6755,1.8665,38.0114,-3.8482,5.6172,72.4881,-49.6755,1.8665,450,250,-50,-250,-150,0,0
161,1787057351.4635,1787057351.4681,0.03331,36.2198,-6.1099,7.0330,73.7582,-48.3956,1.9841,37.8266,-3.4234,5.5485,71.8435,-50.7193,1.9773,37.8266,-3.4234,5.5485,71.8435,-50.7193,1.9773,150,150,-200,-150,-50,0,0
162,1787057351.497,1787057351.5015,0.03343,36.4835,-5.4945,6.8571,73.3187,-48.7473,1.9841,37.9287,-2.2196,5.9410,71.6734,-51.0996,1.9494,37.9287,-2.2196,5.9410,71.6734,-51.0996,1.9494,50,150,-100,-150,-100,0,0
163,1787057351.5304,1787057351.535,0.03341,36.8352,-4.1758,6.8571,72.7912,-49.5385,1.9841,38.0587,-1.3447,6.0851,71.2868,-52.1559,1.9085,38.0587,-1.3447,6.0851,71.2868,-52.1559,1.9085,100,500,0,-200,-250,0,0
164,1787057351.5638,1787057351.5684,0.03341,37.1868,-2.6813,7.0330,72.1758,-50.2418,1.9841,38.2468,-0.2884,6.0830,70.0217,-51.7626,1.9591,38.2468,-0.2884,6.0830,70.0217,-51.7626,1.9591,100,550,100,-250,-250,0,0
165,1787057351.5971,1787057351.6017,0.03334,37.7143,-1.1868,7.3846,72.1758,-50.7692,1.9841,37.9022,0.2305,7.6529,70.6530,-52.5161,1.8615,37.9022,0.2305,7.6529,70.6530,-52.5161,1.8615,200,600,100,0,-150,0,0
166,1787057351.6305,1787057351.6353,0.0334,37.8022,-0.3077,7.2088,71.3846,-51.2967,1.9841,38.4135,0.3937,6.8519,69.6919,-52.6368,1.8997,38.4135,0.3937,6.8519,69.6919,-52.6368,1.8997,50,250,-50,-200,-100,0,0
167,1787057351.6639,1787057351.6687,0.0334,37.8022,0.0440,7.2088,70.8571,-51.6484,1.9841,38.5352,0.7884,7.8855,68.4482,-52.9184,1.8882,38.5352,0.7884,7.8855,68.4482,-52.9184,1.8882,0,100,50,-200,-100,0,0
168,1787057351.6973,1787057351.702,0.03341,37.5385,0.3956,7.6484,70.9451,-51.9121,1.9841,38.1229,0.6641,7.8932,67.8502,-53.5716,1.9908,38.1229,0.6641,7.8932,67.8502,-53.5716,1.9908,-100,100,150,100,-100,0,0
169,1787057351.7307,1787057351.7354,0.03338,37.7143,1.1868,7.7363,69.8022,-52.2637,1.9841,38.0358,0.8608,9.3400,66.0436,-54.3429,1.8639,38.0358,0.8608,9.3400,66.0436,-54.3429,1.8639,50,300,50,-400,-150,0,0
170,1787057351.7642,1787057351.7688,0.03346,38.0659,1.3626,8.2637,69.0989,-52.9670,1.9841,38.6947,0.8949,12.1213,64.5657,-54.4453,1.8809,38.6947,0.8949,12.1213,64.5657,-54.4453,1.8809,150,0,250,-300,-250,0,0
171,1787057351.7975,1787057351.8021,0.03335,38.1538,1.3626,9.0549,68.0440,-53.4066,1.9841,38.2197,0.6558,12.1312,61.6818,-53.8842,2.0984,38.2197,0.6558,12.1312,61.6818,-53.8842,2.0984,100,0,300,-400,-100,0,0
172,1787057351.8309,1787057351.8356,0.03342,38.1538,1.3626,10.1978,66.5495,-53.8462,1.9841,38.2874,0.1693,13.1691,59.7373,-53.1484,2.0987,38.2874,0.1693,13.1691,59.7373,-53.1484,2.0987,0,0,350,-500,-50,0,0
173,1787057351.8643,1787057351.869,0.03336,37.8901,1.3626,11.6044,64.9670,-53.5824,1.9841,38.4320,0.8762,13.7907,58.5589,-53.2136,2.9099,38.4320,0.8762,13.7907,58.5589,-53.2136,2.9099,-150,0,500,-500,50,0,0
174,1787057351.8977,1787057351.902,0.03338,37.8901,1.3626,12.7473,62.7692,-53.4066,1.9841,38.1426,0.0510,14.2557,58.1427,-53.5856,5.2522,38.1426,0.0510,14.2557,58.1427,-53.5856,5.2522,0,0,400,-750,50,0,0
175,1787057351.9311,1787057351.9358,0.03345,37.8901,1.4505,13.6264,61.1868,-53.4066,2.1825,38.0133,0.1216,13.8456,58.7212,-54.2117,8.2901,38.0133,0.1216,13.8456,58.7212,-54.2117,8.2901,0,50,350,-650,0,50,0
176,1787057351.9645,1787057351.9691,0.03335,38.0659,1.4505,14.0659,60.1319,-53.5824,3.1085,38.1753,0.9943,14.3924,60.0735,-54.4039,12.2888,38.1753,0.9943,14.3924,60.0735,-54.4039,12.2888,50,0,150,-400,0,450,0
177,1787057351.9979,1787057352.0026,0.03341,38.1538,1.4505,14.1538,59.9560,-53.6703,4.7619,38.2287,0.4851,15.1483,61.2682,-54.8246,16.3630,38.2287,0.4851,15.1483,61.2682,-54.8246,16.3630,0,0,50,-50,0,600,0
178,1787057352.0313,1787057352.0359,0.03337,38.1538,1.4505,14.5055,60.0440,-54.1099,7.2090,38.1638,1.2091,14.3497,62.2911,-54.6701,20.3394,38.1638,1.2091,14.3497,62.2911,-54.6701,20.3394,0,0,100,0,-150,1050,0
179,1787057352.0647,1787057352.0695,0.03342,38.1538,1.4505,15.0330,60.6593,-54.3736,10.0529,38.2886,1.3639,15.2624,62.6735,-54.6511,23.3571,38.2886,1.3639,15.2624,62.6735,-54.6511,23.3571,0,0,200,250,-100,1300,0
180,1787057352.0981,1787057352.1028,0.03338,38.0659,1.8901,15.1209,61.3626,-54.2857,13.1614,37.5844,2.0139,14.6252,63.2441,-54.3673,25.3324,37.5844,2.0139,14.6252,63.2441,-54.3673,25.3324,-50,150,0,200,0,1450,0
181,1787057352.1315,1787057352.1358,0.03343,38.0659,2.0659,15.2967,61.8901,-54.2857,16.5344,37.3030,1.9504,16.6909,62.6309,-54.8733,26.4535,37.3030,1.9504,16.6909,62.6309,-54.8733,26.4535,0,100,0,150,0,1500,0
182,1787057352.1649,1787057352.1697,0.03339,38.0659,2.3297,15.4725,62.3297,-54.2857,19.6429,37.1454,2.1632,15.2902,62.5780,-54.4098,26.4103,37.1454,2.1632,15.2902,62.5780,-54.4098,26.4103,0,100,50,200,0,1400,0
183,1787057352.1983,1787057352.2028,0.03336,37.8901,2.4176,15.6484,62.2418,-54.5495,22.1561,36.9195,1.1090,15.8560,62.2791,-55.0165,25.9343,36.9195,1.1090,15.8560,62.2791,-55.0165,25.9343,-50,50,100,0,-100,1250,0
184,1787057352.2317,1787057352.2362,0.03341,37.7143,2.4176,16.4396,62.4176,-54.4615,23.6111,36.5690,2.0133,16.9573,61.6917,-55.4575,25.4235,36.5690,2.0133,16.9573,61.6917,-55.4575,25.4235,-50,0,250,100,50,700,0
185,1787057352.265,1787057352.2695,0.03336,37.3626,2.5055,16.5275,62.4176,-54.6374,24.2063,36.3331,0.9848,18.0924,60.7885,-54.6612,24.9692,36.3331,0.9848,18.0924,60.7885,-54.6612,24.9692,-100,50,0,0,50,300,0
186,1787057352.2985,1787057352.3029,0.03342,37.0989,2.5055,16.7033,62.1538,-55.0769,24.4709,36.6176,1.7252,17.1090,61.3504,-54.9677,24.3978,36.6176,1.7252,17.1090,61.3504,-54.9677,24.3978,-100,0,100,-50,-250,150,0
187,1787057352.3319,1787057352.336,0.03341,36.9231,2.5055,17.4945,61.6264,-54.9890,24.4709,36.4795,1.5352,17.8139,61.2141,-54.7840,24.2928,36.4795,1.5352,17.8139,61.2141,-54.7840,24.2928,-50,0,250,-200,50,0,0
188,1787057352.3653,1787057352.3695,0.03338,36.6593,2.6813,17.7582,61.5385,-54.9890,24.4709,36.2931,1.8750,18.1857,60.0455,-55.3381,24.0823,36.2931,1.8750,18.1857,60.0455,-55.3381,24.0823,-100,50,50,-50,0,0,0
189,1787057352.3987,1787057352.4035,0.03341,36.5714,2.7692,18.0220,61.4505,-54.9011,24.4709,36.1821,1.3021,18.4655,60.3817,-55.1018,24.0126,36.1821,1.3021,18.4655,60.3817,-55.1018,24.0126,-50,0,100,0,50,0,0
190,1787057352.4321,1787057352.4365,0.03341,36.7473,2.6813,18.4615,61.0989,-54.9890,24.4048,36.8721,2.5512,18.0565,59.7271,-54.3199,24.1551,36.8721,2.5512,18.0565,59.7271,-54.3199,24.1551,100,-50,200,-150,-50,0,0
191,1787057352.4654,1787057352.4698,0.03334,36.8352,2.6813,18.5495,60.5714,-54.9890,24.3386,36.5680,3.1324,16.9020,59.6928,-55.2375,24.3802,36.5680,3.1324,16.9020,59.6928,-55.2375,24.3802,50,0,50,-200,0,-50,0
192,1787057352.4988,1787057352.5034,0.03344,36.9231,3.0330,18.6374,60.6593,-54.9890,24.3386,35.9989,2.8385,17.1469,58.8385,-55.2892,24.9054,35.9989,2.8385,17.1469,58.8385,-55.2892,24.9054,50,100,0,100,0,0,0
193,1787057352.5322,1787057352.5367,0.03336,37.0110,3.5604,18.5495,60.3077,-55.0769,24.3386,36.1620,3.9552,16.7841,59.0881,-55.3264,25.3837,36.1620,3.9552,16.7841,59.0881,-55.3264,25.3837,50,200,0,-150,-50,0,0
194,1787057352.5657,1787057352.5707,0.03345,36.7473,3.6484,18.5495,59.8681,-55.1648,24.5370,36.3239,4.5026,16.4955,59.2164,-54.4317,25.9004,36.3239,4.5026,16.4955,59.2164,-54.4317,25.9004,-50,0,0,-150,0,100,0
195,1787057352.5991,1787057352.6039,0.03344,36.5714,4.0000,18.4615,59.6923,-55.1648,24.8677,36.0327,4.1887,15.7128,59.3447,-54.8556,26.3834,36.0327,4.1887,15.7128,59.3447,-54.8556,26.3834,-50,100,0,-100,0,150,0
196,1787057352.6324,1787057352.6371,0.03331,36.3077,4.4396,18.3736,59.6923,-55.0769,25.2646,36.1744,4.6151,16.5687,59.1566,-55.0367,26.7689,36.1744,4.6151,16.5687,59.1566,-55.0367,26.7689,-100,150,-50,0,0,150,0
197,1787057352.6658,1787057352.6702,0.0334,36.2198,4.7912,18.1978,59.6923,-54.9011,25.6614,36.2352,5.8792,16.2751,59.2810,-55.6060,26.8670,36.2352,5.8792,16.2751,59.2810,-55.6060,26.8670,-50,100,-100,0,50,200,0
198,1787057352.6993,1787057352.7037,0.03346,36.3956,5.0549,18.1978,59.6044,-54.9011,26.0582,36.3434,6.1753,16.2586,58.7743,-55.5850,27.1747,36.3434,6.1753,16.2586,58.7743,-55.5850,27.1747,50,50,0,0,0,150,0
199,1787057352.7326,1787057352.7371,0.03335,36.5714,5.4945,18.1099,59.5165,-55.1648,26.3228,36.2747,6.7019,16.0788,59.4253,-55.5236,27.1907,36.2747,6.7019,16.0788,59.4253,-55.5236,27.1907,50,200,-50,-50,-100,100,0
200,1787057352.766,1787057352.9909,0.0334,36.5714,6.2857,18.0220,59.4286,-55.3407,26.5873,32.2465,9.6130,16.4602,58.6451,-57.3139,30.8774,32.2465,9.6130,16.4602,58.6451,-57.3139,30.8774,0,200,-50,-50,0,100,1
201,1787057352.9921,1787057352.997,0.22608,36.5714,7.0769,18.0220,59.4286,-55.3407,26.9180,31.8691,9.3328,15.8516,58.0789,-57.5371,31.1504,31.8691,9.3328,15.8516,58.0789,-57.5371,31.1504,0,0,0,0,0,0,1
202,1787057353.0254,1787057353.0309,0.03333,36.5714,7.0769,18.0220,59.4286,-55.4286,26.9180,31.7255,10.0542,14.1924,58.5758,-56.8963,30.7968,31.7255,10.0542,14.1924,58.5758,-56.8963,30.7968,0,0,0,0,-50,0,0
203,1787057353.0588,1787057353.0648,0.03338,35.9560,7.9560,18.0220,58.9011,-56.1319,27.6455,32.5402,10.8552,14.6188,58.7314,-57.0240,30.9373,32.5402,10.8552,14.6188,58.7314,-57.0240,30.9373,-150,400,0,-150,-100,450,0
204,1787057353.0922,1787057353.0971,0.03335,34.5495,9.4505,17.3187,58.8132,-56.6593,29.0344,32.2291,10.1886,15.5638,57.7033,-56.5180,30.8664,32.2291,10.1886,15.5638,57.7033,-56.5180,30.8664,-500,500,-300,-50,-150,600,0
205,1787057353.1255,1787057353.1301,0.0334,33.3187,10.4176,16.8791,58.7253,-56.5714,29.6958,31.9408,11.4566,15.6437,58.3103,-56.3976,30.7788,31.9408,11.4566,15.6437,58.3103,-56.3976,30.7788,-400,300,-200,-50,50,400,0
206,1787057353.1589,1787057353.1633,0.03333,32.9670,10.5055,16.8791,58.4615,-56.3956,29.8942,32.1548,11.8473,14.9693,58.3339,-56.7785,30.5569,32.1548,11.8473,14.9693,58.3339,-56.7785,30.5569,-100,50,0,-100,0,100,0
207,1787057353.1922,1787057353.1965,0.03334,32.6154,10.9451,16.8791,58.3736,-56.4835,30.1587,32.1251,12.1281,15.5226,58.5610,-56.8099,30.3627,32.1251,12.1281,15.5226,58.5610,-56.8099,30.3627,-100,100,0,-50,-50,100,0
208,1787057353.2256,1787057353.23,0.03342,32.8791,11.5604,16.6154,58.3736,-56.5714,30.1587,32.1133,11.9338,14.1552,57.7845,-57.2513,30.1666,32.1133,11.9338,14.1552,57.7845,-57.2513,30.1666,50,200,-100,0,0,0,0
209,1787057353.259,1787057353.2631,0.03331,32.8791,11.7363,16.4396,58.3736,-56.5714,30.1587,32.7840,12.1015,13.8004,57.7830,-57.9158,29.6692,32.7840,12.1015,13.8004,57.7830,-57.9158,29.6692,0,50,-50,0,0,0,0
210,1787057353.2923,1787057353.2965,0.03338,32.7912,11.8242,16.0879,58.2857,-56.5714,30.0265,31.7658,12.9943,14.2480,58.5047,-58.3258,28.7654,31.7658,12.9943,14.2480,58.5047,-58.3258,28.7654,-50,50,-150,0,0,0,0
211,1787057353.3257,1787057353.3299,0.03339,32.7912,12.0879,15.4725,58.1978,-57.1868,29.8942,31.5314,14.0731,14.7551,57.6329,-58.6753,27.1536,31.5314,14.0731,14.7551,57.6329,-58.6753,27.1536,0,100,-250,-50,-200,0,0
212,1787057353.3591,1787057353.3635,0.03335,32.6154,12.5275,15.4725,58.1978,-57.8022,29.3651,30.9154,14.0827,15.1504,58.6004,-58.5342,25.1863,30.9154,14.0827,15.1504,58.6004,-58.5342,25.1863,0,150,0,0,-300,-250,0
213,1787057353.3925,1787057353.3967,0.0334,32.3516,13.0549,15.3846,58.1099,-57.8901,28.4392,31.3597,13.0615,14.0978,58.9764,-58.5210,22.8482,31.3597,13.0615,14.0978,58.9764,-58.5210,22.8482,-100,200,0,0,-50,-450,0
214,1787057353.4258,1787057353.4301,0.03336,32.0879,13.4066,15.2967,58.1978,-58.0659,27.1825,31.8475,12.7063,14.0991,59.0105,-58.4554,20.3906,31.8475,12.7063,14.0991,59.0105,-58.4554,20.3906,-100,100,0,0,-50,-600,0
215,1787057353.4592,1787057353.4636,0.03332,32.0000,13.4066,15.0330,58.3736,-58.1538,25.4630,31.9727,12.9330,14.3503,60.1458,-58.9222,17.4594,31.9727,12.9330,14.3503,60.1458,-58.9222,17.4594,-50,0,-50,100,-100,-800,0
216,1787057353.4925,1787057353.4973,0.03337,32.0000,13.4066,14.8571,58.5495,-58.2418,23.6111,31.0625,13.0069,14.8888,60.3036,-60.2219,15.0886,31.0625,13.0069,14.8888,60.3036,-60.2219,15.0886,0,0,-50,50,0,-850,0
217,1787057353.5259,1787057353.5304,0.0334,32.0000,13.4066,14.8571,59.0769,-58.5934,21.4947,31.4634,12.6961,13.9921,59.0482,-59.9820,12.0997,31.4634,12.6961,13.9921,59.0482,-59.9820,12.0997,0,0,0,200,-150,-950,0
218,1787057353.5593,1787057353.564,0.03333,31.9121,13.4066,14.8571,59.2527,-59.2088,19.1138,31.1192,13.0837,15.7031,58.2881,-60.0491,9.4094,31.1192,13.0837,15.7031,58.2881,-60.0491,9.4094,0,0,0,50,-150,-1100,0
219,1787057353.5926,1787057353.5969,0.03334,31.8242,13.4066,14.7692,59.2527,-59.5604,16.6667,31.0525,12.5836,15.5299,58.6839,-59.8627,6.4573,31.0525,12.5836,15.5299,58.6839,-59.8627,6.4573,0,0,-50,0,-150,-1100,0
220,1787057353.626,1787057353.6306,0.03344,31.8242,13.4066,14.7692,58.8132,-59.4725,14.1534,31.5378,13.2984,16.5374,58.4601,-59.5086,3.9657,31.5378,13.2984,16.5374,58.4601,-59.5086,3.9657,0,0,50,-150,0,-1100,0
221,1787057353.6594,1787057353.6637,0.03334,31.8242,13.3187,15.1209,58.6374,-59.5604,11.5741,31.6503,12.7378,16.9340,58.1773,-59.8479,1.3034,31.6503,12.7378,16.9340,58.1773,-59.8479,1.3034,0,-50,200,0,50,-1150,0
222,1787057353.6927,1787057353.697,0.03336,31.8242,13.3187,15.2088,58.5495,-59.4725,9.3254,32.1266,13.0218,15.5190,57.8903,-59.9708,1.5050,32.1266,13.0218,15.5190,57.8903,-59.9708,1.5050,0,0,50,0,0,-900,0
223,1787057353.7261,1787057353.7305,0.0334,31.8242,13.2308,15.6484,58.4615,-59.5604,8.1349,32.2234,12.6917,17.1758,56.9971,-60.7006,2.4739,32.2234,12.6917,17.1758,56.9971,-60.7006,2.4739,0,0,150,-50,-50,-700,0
224,1787057353.7595,1787057353.7639,0.03335,31.9121,13.2308,15.7363,58.2857,-59.7363,7.8704,32.6372,13.6542,16.7537,57.5144,-59.8566,3.0793,32.6372,13.6542,16.7537,57.5144,-59.8566,3.0793,50,0,50,-50,0,-100,0
225,1787057353.7929,1787057353.7975,0.03342,31.9121,13.2308,15.8242,57.9341,-59.8242,7.8704,32.3970,13.7892,16.7856,57.2184,-59.0404,3.3532,32.3970,13.7892,16.7856,57.2184,-59.0404,3.3532,0,0,0,-100,-50,0,0
226,1787057353.8263,1787057353.8308,0.03339,32.0879,13.2308,16.0000,57.8462,-59.8242,7.8704,31.9990,13.8307,17.3554,57.3380,-58.8212,3.5985,31.9990,13.8307,17.3554,57.3380,-58.8212,3.5985,100,0,50,-50,0,0,0
227,1787057353.8596,1787057353.864,0.0333,32.1758,13.2308,16.0879,57.6703,-59.7363,7.8704,31.6395,13.8267,18.3680,56.5833,-59.4759,3.2722,31.6395,13.8267,18.3680,56.5833,-59.4759,3.2722,0,0,0,-100,100,0,0
228,1787057353.8929,1787057353.8972,0.03334,32.1758,13.1429,16.4396,57.6703,-59.5604,7.8704,32.2387,13.5082,17.5393,56.7404,-59.6649,3.2077,32.2387,13.5082,17.5393,56.7404,-59.6649,3.2077,0,-50,150,0,100,0,0
229,1787057353.9263,1787057353.9309,0.03338,32.1758,13.1429,16.8791,57.3187,-59.5604,7.8704,32.6491,13.4172,17.6820,56.5321,-58.6062,3.3077,32.6491,13.4172,17.6820,56.5321,-58.6062,3.3077,0,0,200,-150,0,0,0
230,1787057353.9597,1787057353.9642,0.0334,32.1758,13.0549,17.1429,57.1429,-59.6484,7.8704,32.0045,14.0682,16.3952,57.0202,-58.0417,3.2542,32.0045,14.0682,16.3952,57.0202,-58.0417,3.2542,0,-50,100,-50,-50,0,0
231,1787057353.9931,1787057353.9982,0.03337,32.2637,13.0549,17.1429,57.1429,-59.5604,7.8704,31.7901,12.0843,15.1317,59.9409,-58.3336,3.2871,31.7901,12.0843,15.1317,59.9409,-58.3336,3.2871,50,0,0,0,0,0,0
232,1787057354.0264,1787057354.0308,0.03335,32.2637,13.1429,16.9670,57.2308,-59.0330,7.8704,31.6569,13.4838,13.6957,60.8022,-57.5648,2.8487,31.6569,13.4838,13.6957,60.8022,-57.5648,2.8487,0,50,-100,0,200,0,0
233,1787057354.0598,1787057354.0643,0.03336,32.2637,13.2308,16.4396,57.4945,-59.0330,7.8704,31.1782,12.0097,13.6656,63.8269,-57.5873,3.0099,31.1782,12.0097,13.6656,63.8269,-57.5873,3.0099,0,0,-150,100,0,0,0
234,1787057354.0932,1787057354.0976,0.03337,32.2637,13.1429,15.5604,58.8132,-58.6813,7.8704,30.1628,10.7510,8.2962,66.9834,-57.3246,2.6652,30.1628,10.7510,8.2962,66.9834,-57.3246,2.6652,0,-50,-250,350,150,0,0
235,1787057354.1265,1787057354.1311,0.03339,31.9121,13.1429,14.9451,60.3956,-58.4176,7.8704,29.4512,9.0005,7.3725,68.5275,-56.4858,2.5104,29.4512,9.0005,7.3725,68.5275,-56.4858,2.5104,-100,0,-200,550,50,0,0
236,1787057354.1599,1787057354.1644,0.03336,31.4725,12.8791,14.1538,62.6813,-58.1538,7.8704,28.3900,6.6319,5.2297,72.0255,-56.3079,2.2758,28.3900,6.6319,5.2297,72.0255,-56.3079,2.2758,-150,0,-200,750,100,0,0
237,1787057354.1932,1787057354.1976,0.03334,30.7692,12.5275,12.5714,65.4945,-57.6264,7.8704,26.9537,5.3099,1.5252,73.5094,-57.4338,2.1288,26.9537,5.3099,1.5252,73.5094,-57.4338,2.1288,-250,-150,-550,850,150,0,0
238,1787057354.2266,1787057354.231,0.03337,29.9780,12.0879,10.8132,67.5165,-57.2747,7.8704,25.3468,3.2633,-0.6712,75.6458,-57.9168,1.7174,25.3468,3.2633,-0.6712,75.6458,-57.9168,1.7174,-250,-150,-650,650,50,0,0
239,1787057354.26,1787057354.2642,0.03339,28.9231,11.0330,8.5275,69.9780,-57.3626,7.8704,24.0095,1.2204,-0.5943,78.3632,-57.3746,1.8621,24.0095,1.2204,-0.5943,78.3632,-57.3746,1.8621,-350,-300,-650,900,-50,0,0
240,1787057354.2934,1787057354.2975,0.03337,27.6923,9.4505,5.8901,71.9121,-57.6264,7.8704,21.9970,-1.6674,-3.2466,79.0738,-57.9905,1.6386,21.9970,-1.6674,-3.2466,79.0738,-57.9905,1.6386,-400,-500,-900,600,-150,0,0
241,1787057354.3267,1787057354.3309,0.03335,26.3736,7.5165,4.1319,73.9341,-57.7143,7.8704,20.6112,-4.0590,-5.9158,78.4131,-57.6573,1.4771,20.6112,-4.0590,-5.9158,78.4131,-57.6573,1.4771,-450,-650,-650,650,0,0,0
242,1787057354.3601,1787057354.3643,0.03342,24.9670,5.3187,2.9011,76.3077,-57.7143,7.8704,18.8726,-6.5114,-5.0111,78.9480,-58.3354,1.6699,18.8726,-6.5114,-5.0111,78.9480,-58.3354,1.6699,-500,-750,-450,850,0,0,0
243,1787057354.3935,1787057354.3976,0.0334,23.3846,3.2967,0.8791,76.7473,-57.7143,7.8704,16.4682,-8.1698,-4.8755,79.1357,-58.8277,1.3758,16.4682,-8.1698,-4.8755,79.1357,-58.8277,1.3758,-500,-750,-600,100,100,0,0
244,1787057354.4269,1787057354.4316,0.03338,21.8022,1.1868,-0.9670,77.0989,-57.9780,7.8704,13.8582,-11.8207,-5.9222,78.3526,-60.4663,1.5405,13.8582,-11.8207,-5.9222,78.3526,-60.4663,1.5405,-550,-750,-600,0,-50,0,0
245,1787057354.4603,1787057354.4647,0.03341,20.0440,-1.5385,-1.5824,78.1538,-58.2418,7.8704,11.5729,-13.1338,-4.4829,77.3122,-60.2494,1.3326,11.5729,-13.1338,-4.4829,77.3122,-60.2494,1.3326,-550,-900,-150,400,-100,0,0
246,1787057354.4937,1787057354.4981,0.03339,17.9341,-4.0000,-2.2857,78.1538,-58.8571,7.8704,9.2392,-16.3743,-5.6987,76.4714,-61.2980,1.6256,9.2392,-16.3743,-5.6987,76.4714,-61.2980,1.6256,-700,-850,-200,0,-100,0,0
247,1787057354.5271,1787057354.5317,0.03339,15.6484,-6.2857,-2.6374,77.8022,-59.5604,7.8704,6.8742,-20.4242,-3.2237,76.6533,-61.4143,1.7631,6.8742,-20.4242,-3.2237,76.6533,-61.4143,1.7631,-750,-800,-100,-150,-350,0,0
248,1787057354.5605,1787057354.565,0.03336,13.3626,-8.6593,-2.6374,77.4505,-59.7363,7.8704,4.2011,-22.6762,-3.2159,72.9774,-62.8985,1.6981,4.2011,-22.6762,-3.2159,72.9774,-62.8985,1.6981,-800,-800,0,-100,0,0,0
249,1787057354.5939,1787057354.5983,0.03345,10.9011,-11.5604,-2.7253,77.2747,-60.5275,7.8704,2.8962,-24.2453,-0.4199,71.2705,-61.9914,1.6232,2.8962,-24.2453,-0.4199,71.2705,-61.9914,1.6232,-800,-950,-50,-50,-300,0,0
250,1787057354.6273,1787057354.8524,0.03336,8.6154,-14.7253,-2.2857,76.5714,-61.3187,7.8704,-4.0500,-28.3508,13.3805,56.6983,-56.3150,3.7567,-4.0500,-28.3508,13.3805,56.6983,-56.3150,3.7567,-800,-1050,150,-100,-200,0,1
251,1787057354.8536,1787057354.8584,0.22628,3.6923,-21.4945,0.0000,72.2637,-61.8462,7.8704,-5.4735,-29.4009,16.3127,49.6450,-55.1553,3.5699,-5.4735,-29.4009,16.3127,49.6450,-55.1553,3.5699,0,0,0,0,0,0,1
252,1787057354.8869,1787057354.8915,0.03336,3.4286,-21.5824,0.0879,72.1758,-61.6703,7.8704,-6.3995,-29.5759,18.4701,46.0228,-54.1695,3.3252,-6.3995,-29.5759,18.4701,46.0228,-54.1695,3.3252,-150,0,0,0,100,0,0
253,1787057354.9202,1787057354.9246,0.0333,2.5495,-22.5495,1.1429,71.0330,-61.2308,7.8704,-6.3804,-29.9044,21.2533,40.7047,-52.1655,3.1229,-6.3804,-29.9044,21.2533,40.7047,-52.1655,3.1229,-200,-300,400,-300,100,0,0
254,1787057354.9536,1787057354.9579,0.03337,0.4396,-24.3077,3.6923,68.3077,-59.1209,7.8704,-6.8374,-30.1724,23.0128,35.1111,-50.6697,2.9332,-6.8374,-30.1724,23.0128,35.1111,-50.6697,2.9332,-750,-650,750,-900,800,0,0
255,1787057354.987,1787057354.9913,0.03337,-2.0220,-26.0659,7.9121,63.7363,-56.5714,7.8704,-7.0154,-29.4895,27.0964,29.2747,-49.0186,2.6717,-7.0154,-29.4895,27.0964,29.2747,-49.0186,2.6717,-800,-600,1350,-1750,850,0,0
256,1787057355.0203,1787057355.0247,0.03335,-4.3077,-27.3846,12.8352,57.3187,-54.1978,7.8704,-6.9993,-30.0386,28.2793,24.6235,-47.1330,2.7981,-6.9993,-30.0386,28.2793,24.6235,-47.1330,2.7981,-950,-500,1700,-2050,850,0,0
257,1787057355.0537,1787057355.058,0.03341,-5.4505,-27.7363,17.8462,50.1978,-52.2637,7.8704,-7.1073,-29.7153,30.1974,19.0552,-44.7447,2.7209,-7.1073,-29.7153,30.1974,19.0552,-44.7447,2.7209,-400,-100,1700,-2350,650,0,0
258,1787057355.0871,1787057355.0915,0.03342,-6.0659,-27.6484,22.5055,43.2527,-50.5055,7.8704,-6.7774,-30.0767,31.4658,15.0950,-44.9053,2.9364,-6.7774,-30.0767,31.4658,15.0950,-44.9053,2.9364,-150,0,1550,-2350,600,0,0
259,1787057355.1205,1787057355.1249,0.03336,-5.8901,-27.4725,26.3736,36.4835,-48.4835,7.8704,-6.2495,-29.3111,33.4800,11.6910,-44.0628,3.0458,-6.2495,-29.3111,33.4800,11.6910,-44.0628,3.0458,100,100,1300,-2250,600,0,0
260,1787057355.1539,1787057355.1581,0.0334,-5.8901,-27.4725,29.1868,30.0659,-47.2527,7.8704,-6.6177,-28.3257,34.6714,8.4318,-43.9019,2.8079,-6.6177,-28.3257,34.6714,8.4318,-43.9019,2.8079,0,0,1100,-2150,350,0,0
261,1787057355.1873,1787057355.1916,0.03342,-5.9780,-27.6484,31.1209,24.2637,-46.2857,7.8704,-6.2450,-27.1720,37.0649,6.4122,-44.7018,2.7780,-6.2450,-27.1720,37.0649,6.4122,-44.7018,2.7780,0,-100,650,-2000,300,0,0
262,1787057355.2207,1787057355.2249,0.03335,-6.5055,-27.6484,32.9670,18.9890,-45.3187,7.8704,-5.6444,-27.8533,38.2097,4.0883,-44.6062,2.9781,-5.6444,-27.8533,38.2097,4.0883,-44.6062,2.9781,-200,0,650,-1850,350,0,0
263,1787057355.2541,1787057355.2581,0.0334,-6.5934,-27.2967,34.5495,14.4176,-45.3187,7.8704,-5.3693,-26.1562,39.3454,2.9333,-45.1306,2.9002,-5.3693,-26.1562,39.3454,2.9333,-45.1306,2.9002,-50,150,550,-1500,0,0,0
264,1787057355.2875,1787057355.2916,0.0334,-6.4176,-27.1209,36.7473,10.9890,-45.2308,7.8704,-5.1973,-26.0210,40.3831,0.7954,-45.5595,2.9427,-5.1973,-26.0210,40.3831,0.7954,-45.5595,2.9427,100,50,750,-1150,50,0,0
265,1787057355.3208,1787057355.3252,0.03338,-5.8022,-26.6813,38.4176,8.2637,-45.2308,7.8704,-5.0489,-25.6318,40.4031,-1.0723,-45.7668,2.8530,-5.0489,-25.6318,40.4031,-1.0723,-45.7668,2.8530,150,100,550,-1000,0,0,0
266,1787057355.3542,1787057355.3584,0.0334,-5.5385,-25.8901,39.6484,5.9780,-45.2308,7.8704,-4.5783,-25.4924,42.2535,-0.7418,-46.5104,2.9075,-4.5783,-25.4924,42.2535,-0.7418,-46.5104,2.9075,100,300,400,-750,0,0,0
267,1787057355.3876,1787057355.3917,0.03338,-5.4505,-25.5385,40.3516,3.6923,-45.4945,7.8704,-4.3889,-23.5744,42.8606,-2.1482,-46.4035,3.1346,-4.3889,-23.5744,42.8606,-2.1482,-46.4035,3.1346,50,100,300,-750,-100,0,0
268,1787057355.421,1787057355.4252,0.03339,-5.4505,-25.3626,41.3187,2.2857,-45.7582,7.8704,-4.4477,-22.9672,43.0767,-2.9582,-46.9872,2.9061,-4.4477,-22.9672,43.0767,-2.9582,-46.9872,2.9061,0,50,350,-600,-150,0,0
269,1787057355.4544,1787057355.4587,0.03341,-5.2747,-24.8352,42.4615,1.1429,-45.9341,7.8704,-4.5192,-23.4619,43.7738,-2.3608,-46.4127,3.0083,-4.5192,-23.4619,43.7738,-2.3608,-46.4127,3.0083,50,150,350,-350,-50,0,0
270,1787057355.4878,1787057355.492,0.03334,-5.1868,-23.6923,42.9011,-0.3516,-46.2857,7.8704,-4.0588,-22.3192,44.2787,-3.4033,-46.8845,2.8569,-4.0588,-22.3192,44.2787,-3.4033,-46.8845,2.8569,50,400,200,-500,-100,0,0
271,1787057355.5212,1787057355.5255,0.03344,-4.7473,-23.3407,43.7802,-0.6154,-46.2857,7.8704,-3.8345,-22.7774,45.6607,-3.4205,-47.7356,3.1103,-3.8345,-22.7774,45.6607,-3.4205,-47.7356,3.1103,100,200,300,-200,0,0,0
272,1787057355.5546,1787057355.559,0.03339,-4.5714,-22.8132,44.5714,-1.2308,-46.5495,7.8704,-4.0955,-22.0624,46.5368,-3.5745,-47.7288,2.9447,-4.0955,-22.0624,46.5368,-3.5745,-47.7288,2.9447,50,150,200,-200,-100,0,0
273,1787057355.588,1787057355.5923,0.03339,-4.4835,-22.4615,45.0989,-1.8462,-47.1648,7.8704,-3.9628,-21.6952,46.9778,-4.4974,-47.3078,2.9533,-3.9628,-21.6952,46.9778,-4.4974,-47.3078,2.9533,50,100,50,-200,-200,0,0
274,1787057355.6213,1787057355.6256,0.03336,-4.5714,-22.2857,46.2418,-2.2857,-47.1648,7.8704,-4.2115,-22.5363,46.8073,-5.2272,-47.8512,2.9332,-4.2115,-22.5363,46.8073,-5.2272,-47.8512,2.9332,-50,100,400,-100,0,0,0
275,1787057355.6548,1787057355.659,0.03345,-4.6593,-21.6703,46.9451,-2.9890,-47.0769,7.8704,-4.0336,-21.8604,47.8445,-5.1064,-47.7715,3.1198,-4.0336,-21.8604,47.8445,-5.1064,-47.7715,3.1198,-50,250,250,-250,50,0,0
276,1787057355.6882,1787057355.6924,0.03337,-4.5714,-21.5824,47.2967,-3.4286,-47.2527,7.8704,-4.0337,-21.2314,48.3314,-5.9813,-47.5472,3.0789,-4.0337,-21.2314,48.3314,-5.9813,-47.5472,3.0789,0,0,100,-200,-50,0,0
277,1787057355.7215,1787057355.7258,0.03337,-4.3956,-21.4945,47.7363,-3.7802,-47.3407,7.8704,-4.4428,-22.2507,48.3104,-6.4511,-48.3969,3.1729,-4.4428,-22.2507,48.3104,-6.4511,-48.3969,3.1729,50,0,200,-150,-50,0,0
278,1787057355.7549,1787057355.7593,0.03341,-4.3956,-21.4066,48.3516,-4.5714,-47.6044,7.8704,-4.3144,-21.4744,49.4353,-6.0378,-47.8289,3.1575,-4.3144,-21.4744,49.4353,-6.0378,-47.8289,3.1575,0,0,200,-250,-100,0,0
279,1787057355.7883,1787057355.7926,0.03336,-4.3956,-21.1429,48.5275,-5.0110,-47.6044,7.8704,-4.2302,-21.4209,49.5828,-7.4909,-47.7161,2.9772,-4.2302,-21.4209,49.5828,-7.4909,-47.7161,2.9772,0,100,50,-150,50,0,0
280,1787057355.8218,1787057355.8265,0.03348,-4.4835,-21.0549,49.3187,-5.0110,-47.6044,7.8704,-4.2531,-22.5315,50.5503,-6.2600,-47.1511,3.1156,-4.2531,-22.5315,50.5503,-6.2600,-47.1511,3.1156,-50,0,250,0,0,0,0
281,1787057355.8551,1787057355.8593,0.03329,-4.4835,-20.9670,49.7582,-5.6264,-47.6044,7.8704,-4.4232,-21.9377,51.2395,-6.2609,-47.9961,2.9677,-4.4232,-21.9377,51.2395,-6.2609,-47.9961,2.9677,0,50,150,-150,0,0,0
282,1787057355.8885,1787057355.8929,0.03347,-4.4835,-20.9670,50.2857,-5.9780,-47.6044,7.8704,-3.9580,-23.0541,50.5357,-6.7620,-48.2465,3.1938,-3.9580,-23.0541,50.5357,-6.7620,-48.2465,3.1938,0,0,100,-150,0,0,0
283,1787057355.9219,1787057355.9262,0.03336,-4.3956,-20.9670,51.1648,-5.8022,-47.6923,7.8704,-3.9366,-22.5102,51.0153,-6.6518,-48.2942,3.0954,-3.9366,-22.5102,51.0153,-6.6518,-48.2942,3.0954,50,0,300,50,0,0,0
284,1787057355.9553,1787057355.9596,0.03335,-4.4835,-20.8791,51.1648,-5.8022,-47.8681,7.8704,-3.7771,-22.2018,51.1038,-6.4813,-47.5419,3.1461,-3.7771,-22.2018,51.1038,-6.4813,-47.5419,3.1461,-50,0,0,0,-100,0,0
285,1787057355.9886,1787057355.993,0.03339,-4.4835,-20.9670,51.3407,-5.8022,-47.8681,7.8704,-3.2636,-21.4280,51.4934,-6.3681,-48.1973,3.2139,-3.2636,-21.4280,51.4934,-6.3681,-48.1973,3.2139,0,0,0,0,0,0,0
286,1787057356.0221,1787057356.0264,0.03344,-4.3956,-20.9670,51.4286,-5.8022,-47.8681,7.8704,-3.6097,-23.0241,51.2350,-6.6519,-48.4122,3.2962,-3.6097,-23.0241,51.2350,-6.6519,-48.4122,3.2962,50,0,50,0,0,0,0
287,1787057356.0554,1787057356.0597,0.03334,-4.3956,-20.9670,51.6923,-5.8022,-47.8681,7.8704,-3.6813,-22.8483,52.1142,-6.8185,-48.6154,3.2632,-3.6813,-22.8483,52.1142,-6.8185,-48.6154,3.2632,0,0,50,0,0,0,0
288,1787057356.0888,1787057356.093,0.03339,-4.3077,-20.9670,51.6923,-5.8022,-48.1319,7.8704,-3.3014,-22.7502,51.9474,-6.7258,-47.9923,3.0385,-3.3014,-22.7502,51.9474,-6.7258,-47.9923,3.0385,50,0,0,0,-100,0,0
289,1787057356.1222,1787057356.1265,0.03341,-4.2198,-21.1429,51.9560,-5.9780,-48.2198,7.8704,-3.6969,-22.5293,51.9405,-6.8216,-47.9261,3.4280,-3.6969,-22.5293,51.9405,-6.8216,-47.9261,3.4280,0,-50,50,-100,-50,0,0
290,1787057356.1556,1787057356.16,0.03338,-4.1319,-21.1429,52.1319,-6.0659,-48.2198,7.8704,-3.2940,-21.9719,52.3028,-6.1337,-48.4156,2.9116,-3.2940,-21.9719,52.3028,-6.1337,-48.4156,2.9116,50,0,50,-50,0,0,0
291,1787057356.189,1787057356.1933,0.03341,-4.1319,-21.1429,52.1319,-6.1538,-48.2198,7.8704,-3.4086,-21.7499,52.8722,-6.5181,-47.8393,3.1540,-3.4086,-21.7499,52.8722,-6.5181,-47.8393,3.1540,0,0,0,-50,0,0,0
292,1787057356.2224,1787057356.2266,0.03337,-3.9560,-21.1429,52.3956,-6.1538,-48.2198,7.8704,-3.8331,-22.3169,52.3078,-6.4885,-47.8442,3.1840,-3.8331,-22.3169,52.3078,-6.4885,-47.8442,3.1840,50,0,50,0,0,0,0
293,1787057356.2558,1787057356.26,0.03338,-3.9560,-21.1429,52.7473,-6.2418,-48.2198,7.8704,-2.9502,-22.5453,51.8374,-6.0804,-47.7393,3.3819,-2.9502,-22.5453,51.8374,-6.0804,-47.7393,3.3819,0,0,150,-50,0,0,0
294,1787057356.2892,1787057356.2933,0.0334,-3.9560,-21.1429,52.7473,-6.2418,-48.2198,7.8704,-2.6524,-22.1595,50.8181,-5.9660,-47.9116,3.0892,-2.6524,-22.1595,50.8181,-5.9660,-47.9116,3.0892,0,0,0,0,0,0,0
295,1787057356.3225,1787057356.3267,0.03337,-3.6923,-21.1429,52.7473,-6.1538,-48.1319,7.8704,-3.1657,-22.2849,51.6635,-5.5736,-47.3024,3.2529,-3.1657,-22.2849,51.6635,-5.5736,-47.3024,3.2529,100,0,0,0,50,0,0
296,1787057356.3559,1787057356.3601,0.03337,-3.4286,-21.1429,52.7473,-6.1538,-48.1319,7.8704,-2.9281,-21.8747,52.3640,-6.5444,-47.9896,3.1480,-2.9281,-21.8747,52.3640,-6.5444,-47.9896,3.1480,100,0,0,0,0,0,0
297,1787057356.3893,1787057356.394,0.03341,-3.1648,-21.1429,52.7473,-6.1538,-48.0440,7.8704,-3.2111,-21.8397,51.4110,-6.1123,-47.4310,3.2275,-3.2111,-21.8397,51.4110,-6.1123,-47.4310,3.2275,150,0,0,0,50,0,0
298,1787057356.4227,1787057356.427,0.03334,-3.0769,-21.1429,52.7473,-6.2418,-48.0440,7.8704,-2.8912,-22.5603,51.5731,-5.3289,-47.5261,3.2734,-2.8912,-22.5603,51.5731,-5.3289,-47.5261,3.2734,0,0,0,-50,0,0,0
299,1787057356.4561,1787057356.461,0.03342,-3.0769,-21.1429,52.7473,-6.1538,-47.9560,7.8704,-3.0806,-21.9833,51.2435,-5.7699,-46.8871,3.2169,-3.0806,-21.9833,51.2435,-5.7699,-46.8871,3.2169,0,0,0,0,50,0,0
300,1787057356.4895,1787057356.7115,0.03338,-3.0769,-21.1429,52.7473,-5.9780,-47.9560,7.8704,-2.8984,-20.8467,52.8177,-9.4302,-46.5751,11.4217,-2.8984,-20.8467,52.8177,-9.4302,-46.5751,11.4217,0,0,0,50,0,0,1
301,1787057356.7126,1787057356.7174,0.22314,-3.0769,-21.1429,52.7473,-5.9780,-47.4286,7.8704,-3.0217,-19.9361,52.9340,-9.5761,-46.7117,12.8835,-3.0217,-19.9361,52.9340,-9.5761,-46.7117,12.8835,0,0,0,0,0,0,1
302,1787057356.746,1787057356.7503,0.03334,-3.0769,-21.1429,52.7473,-5.9780,-47.4286,7.8704,-3.3565,-20.1985,52.7666,-9.9907,-46.6628,14.1521,-3.3565,-20.1985,52.7666,-9.9907,-46.6628,14.1521,0,0,0,0,0,0,0
303,1787057356.7793,1787057356.784,0.03332,-3.0769,-20.8791,52.9231,-6.7692,-47.2527,7.8704,-3.4911,-19.9451,52.5726,-9.9887,-46.6853,14.9550,-3.4911,-19.9451,52.5726,-9.9887,-46.6853,14.9550,0,50,0,-250,50,0,0
304,1787057356.8127,1787057356.8173,0.03347,-3.0769,-20.4396,53.0989,-8.1758,-47.1648,8.7963,-3.6835,-19.8819,53.1439,-10.1600,-46.5391,15.5497,-3.6835,-19.8819,53.1439,-10.1600,-46.5391,15.5497,0,150,50,-450,50,450,0
305,1787057356.8461,1787057356.851,0.03332,-3.0769,-20.1758,53.1868,-8.7033,-47.1648,10.5159,-3.6807,-20.0340,52.5530,-11.0541,-46.7150,15.2012,-3.6807,-20.0340,52.5530,-11.0541,-46.7150,15.2012,0,50,0,-200,0,700,0
306,1787057356.8794,1787057356.884,0.03331,-3.0769,-19.9121,53.4505,-8.9670,-47.1648,12.3016,-3.7181,-19.8418,52.7385,-10.5478,-46.3552,15.0915,-3.7181,-19.8418,52.7385,-10.5478,-46.3552,15.0915,0,150,150,-100,0,800,0
307,1787057356.9128,1787057356.917,0.0334,-3.0769,-19.8242,53.5385,-9.4066,-47.2527,13.4921,-3.8948,-20.5093,53.3942,-10.5533,-45.7358,14.9225,-3.8948,-20.5093,53.3942,-10.5533,-45.7358,14.9225,0,50,0,-150,-50,500,0
308,1787057356.9461,1787057356.951,0.03335,-3.0769,-19.8242,53.5385,-9.5824,-47.0769,13.8889,-4.0305,-20.5625,52.9979,-11.0992,-46.3484,14.4926,-4.0305,-20.5625,52.9979,-11.0992,-46.3484,14.4926,0,0,0,-100,50,350,0
309,1787057356.9795,1787057356.984,0.03341,-3.2527,-19.8242,53.5385,-9.6703,-46.7253,13.8889,-3.9831,-21.2139,53.6560,-10.8894,-46.6083,14.7223,-3.9831,-21.2139,53.6560,-10.8894,-46.6083,14.7223,-50,0,0,-50,50,0,0
310,1787057357.0129,1787057357.0173,0.03335,-3.5165,-19.8242,53.5385,-9.9341,-46.6374,14.0212,-3.6343,-21.4245,53.1261,-10.7397,-46.7372,14.8961,-3.6343,-21.4245,53.1261,-10.7397,-46.7372,14.8961,-100,0,0,-100,50,100,0
311,1787057357.0463,1787057357.051,0.03336,-3.6044,-19.8242,53.7143,-9.9341,-46.6374,14.2196,-4.4689,-21.0602,53.4548,-10.7069,-45.8433,15.0745,-4.4689,-21.0602,53.4548,-10.7069,-45.8433,15.0745,-100,0,100,0,0,100,0
312,1787057357.0796,1787057357.0844,0.03333,-3.6044,-19.8242,53.7143,-9.9341,-46.6374,14.4180,-4.3648,-22.1248,53.5189,-11.1623,-46.5732,16.0185,-4.3648,-22.1248,53.5189,-11.1623,-46.5732,16.0185,0,0,0,0,0,100,0
313,1787057357.113,1787057357.1176,0.03337,-3.6923,-19.8242,53.8901,-9.9341,-46.6374,14.7487,-4.4822,-21.9117,53.8106,-10.7162,-45.9794,16.5462,-4.4822,-21.9117,53.8106,-10.7162,-45.9794,16.5462,0,0,50,0,0,150,0
314,1787057357.1463,1787057357.151,0.03334,-3.8681,-19.8242,53.9780,-9.9341,-46.5495,15.1455,-4.6839,-22.4985,54.5114,-10.4367,-45.9566,18.0860,-4.6839,-22.4985,54.5114,-10.4367,-45.9566,18.0860,-100,0,0,0,-50,100,0
315,1787057357.1797,1787057357.1843,0.0334,-4.0440,-19.9121,54.1538,-9.9341,-46.4615,15.7407,-4.9427,-22.8945,53.9845,-10.4077,-45.9040,19.8182,-4.9427,-22.8945,53.9845,-10.4077,-45.9040,19.8182,-50,-50,0,0,50,300,0
316,1787057357.2131,1787057357.2178,0.0334,-4.2198,-20.1758,54.5055,-10.0220,-46.3736,16.4683,-5.3348,-22.4446,54.2277,-10.5886,-45.8483,21.2744,-5.3348,-22.4446,54.2277,-10.5886,-45.8483,21.2744,0,-100,150,-50,50,400,0
317,1787057357.2464,1787057357.251,0.03332,-4.3956,-20.2637,54.5934,-10.0220,-46.4615,17.7910,-5.6555,-23.5820,55.5720,-10.8026,-45.3752,22.3721,-5.6555,-23.5820,55.5720,-10.8026,-45.3752,22.3721,-50,-50,50,0,0,550,0
318,1787057357.2798,1787057357.284,0.03336,-4.6593,-20.2637,54.5934,-10.0220,-46.4615,19.1799,-5.5401,-24.2203,55.3238,-10.6620,-45.6409,23.0564,-5.5401,-24.2203,55.3238,-10.6620,-45.6409,23.0564,-50,0,0,0,50,650,0
319,1787057357.3132,1787057357.318,0.03343,-4.9231,-20.7912,55.1209,-10.0220,-46.0220,20.4365,-5.8790,-25.4954,55.6188,-10.3867,-44.9467,23.4234,-5.8790,-25.4954,55.6188,-10.3867,-44.9467,23.4234,-100,-100,150,0,200,550,0
320,1787057357.3465,1787057357.351,0.03331,-5.0110,-21.4945,55.6484,-10.0220,-46.0220,21.4286,-6.3242,-26.6502,56.1790,-10.6840,-46.0196,23.7161,-6.3242,-26.6502,56.1790,-10.6840,-46.0196,23.7161,0,-250,200,0,0,500,0
321,1787057357.3799,1787057357.384,0.03338,-5.1868,-22.0220,55.7363,-10.0220,-45.8462,22.0899,-6.6322,-27.3695,57.8494,-10.4199,-45.7959,24.0264,-6.6322,-27.3695,57.8494,-10.4199,-45.7959,24.0264,-50,-200,50,0,0,300,0
322,1787057357.4133,1787057357.418,0.03336,-5.6264,-23.0769,56.2637,-10.0220,-45.8462,22.6852,-7.4649,-27.9920,57.8065,-10.4460,-45.9003,23.9961,-7.4649,-27.9920,57.8065,-10.4460,-45.9003,23.9961,-100,-350,200,0,0,250,0
323,1787057357.4466,1787057357.451,0.03333,-5.9780,-24.0440,57.0549,-10.0220,-45.8462,23.1481,-7.6398,-28.4795,58.2906,-10.1928,-45.6567,23.7117,-7.6398,-28.4795,58.2906,-10.1928,-45.6567,23.7117,-150,-300,300,0,0,200,0
324,1787057357.48,1787057357.4842,0.03336,-6.5055,-24.8352,57.8462,-10.0220,-45.8462,23.2804,-8.3205,-29.8741,59.1448,-10.2342,-45.3144,23.4340,-8.3205,-29.8741,59.1448,-10.2342,-45.3144,23.4340,-150,-300,200,0,0,100,0
325,1787057357.5134,1787057357.518,0.03339,-6.9451,-25.2747,58.3736,-9.9341,-45.7582,23.2804,-8.7661,-30.3914,60.2918,-10.0027,-45.6059,22.7800,-8.7661,-30.3914,60.2918,-10.0027,-45.6059,22.7800,-150,-150,150,0,50,0,0
326,1787057357.5467,1787057357.551,0.03336,-7.4725,-26.2418,59.1648,-9.9341,-45.7582,23.2804,-8.9374,-32.2218,61.4020,-10.9177,-45.7858,22.3395,-8.9374,-32.2218,61.4020,-10.9177,-45.7858,22.3395,-200,-300,250,0,0,0,0
327,1787057357.5801,1787057357.585,0.03338,-7.9121,-27.2967,60.0440,-9.9341,-45.8462,23.1481,-9.9207,-33.4739,61.2949,-10.5304,-46.4037,21.8817,-9.9207,-33.4739,61.2949,-10.5304,-46.4037,21.8817,-150,-350,350,0,0,-50,0
328,1787057357.6135,1787057357.618,0.03336,-8.4396,-28.3516,61.0989,-10.0220,-45.8462,22.6852,-10.4480,-35.1234,61.9562,-9.9362,-45.8868,21.5060,-10.4480,-35.1234,61.9562,-9.9362,-45.8868,21.5060,-150,-350,350,-50,0,-200,0
329,1787057357.6469,1787057357.6512,0.03343,-8.8791,-29.4945,61.6264,-10.1099,-45.8462,22.3545,-10.7897,-36.6093,61.7748,-8.9495,-46.8881,21.2423,-10.7897,-36.6093,61.7748,-8.9495,-46.8881,21.2423,-150,-450,150,0,0,-150,0
330,1787057357.6802,1787057357.685,0.03331,-9.4066,-30.9890,61.9780,-10.0220,-45.9341,22.0238,-11.8649,-39.2160,61.9106,-8.8116,-46.8977,21.2747,-11.8649,-39.2160,61.9106,-8.8116,-46.8977,21.2747,-200,-450,150,0,-50,-200,0
331,1787057357.7136,1787057357.718,0.03341,-10.1099,-32.5714,62.1538,-9.4945,-46.1099,21.6931,-12.3887,-41.3144,61.6620,-6.1915,-47.4340,21.3312,-12.3887,-41.3144,61.6620,-6.1915,-47.4340,21.3312,-250,-550,100,150,0,-150,0
332,1787057357.7469,1787057357.7512,0.03333,-10.9011,-33.9780,62.1538,-9.1429,-46.4615,21.6270,-12.7901,-44.2629,62.0143,-3.7441,-48.8757,21.2886,-12.7901,-44.2629,62.0143,-3.7441,-48.8757,21.2886,-200,-400,0,100,-150,0,0
333,1787057357.7803,1787057357.785,0.03338,-11.4286,-36.0879,62.1538,-8.3516,-46.8132,21.6270,-13.7925,-48.2061,61.9369,0.1038,-49.0613,21.3761,-13.7925,-48.2061,61.9369,0.1038,-49.0613,21.3761,-200,-700,0,200,-150,0,0
334,1787057357.8137,1787057357.8183,0.03342,-11.7802,-38.5495,62.2418,-6.4176,-47.5165,21.6270,-14.5531,-51.2243,60.9778,6.5352,-51.9193,21.2268,-14.5531,-51.2243,60.9778,6.5352,-51.9193,21.2268,-100,-850,50,600,-250,0,0
335,1787057357.8471,1787057357.852,0.03335,-12.5714,-41.3626,62.2418,-4.1319,-48.2198,21.6270,-15.0846,-55.2311,59.1980,13.7275,-54.3226,20.9182,-15.0846,-55.2311,59.1980,13.7275,-54.3226,20.9182,-250,-950,0,750,-250,0,0
336,1787057357.8805,1787057357.885,0.03341,-13.4505,-44.2637,62.3297,-0.9670,-49.0989,21.4286,-16.1793,-59.0766,57.5449,22.4303,-57.5386,20.3713,-16.1793,-59.0766,57.5449,22.4303,-57.5386,20.3713,-300,-1000,0,1000,-350,-50,0
337,1787057357.9139,1787057357.9181,0.03337,-14.3297,-47.4286,62.0659,3.2527,-51.1209,21.2302,-15.7482,-63.3287,56.0192,31.6023,-61.3007,19.3231,-15.7482,-63.3287,56.0192,31.6023,-61.3007,19.3231,-350,-1050,-50,1350,-650,-100,0
338,1787057357.9472,1787057357.952,0.03336,-15.0330,-50.8571,61.2747,8.5275,-53.4945,20.8333,-16.1777,-67.0912,54.2938,41.4896,-64.9118,18.2119,-16.1777,-67.0912,54.2938,41.4896,-64.9118,18.2119,-250,-1150,-250,1800,-850,-200,0
339,1787057357.9806,1787057357.985,0.03336,-15.2967,-54.5495,60.2198,14.4176,-56.2198,20.1720,-16.5318,-70.7903,51.8843,50.2428,-68.4574,16.5362,-16.5318,-70.7903,51.8843,50.2428,-68.4574,16.5362,-50,-1250,-350,1900,-900,-250,0
340,1787057358.014,1787057358.0182,0.03339,-15.4725,-58.4176,58.9011,21.2747,-59.2088,19.3122,-15.8085,-74.0633,51.2220,58.4210,-72.6399,14.4107,-15.8085,-74.0633,51.2220,58.4210,-72.6399,14.4107,-50,-1300,-400,2250,-1000,-350,0
341,1787057358.0473,1787057358.052,0.03336,-15.6484,-62.2857,57.3187,28.8352,-62.4615,18.2540,-15.8845,-76.7553,51.7226,64.9947,-75.5201,12.1500,-15.8845,-76.7553,51.7226,64.9947,-75.5201,12.1500,-50,-1300,-550,2550,-1100,-450,0
342,1787057358.0807,1787057358.085,0.03338,-15.8242,-66.1538,55.8242,36.3077,-65.8901,16.8651,-15.0591,-79.9633,53.0942,70.4918,-77.7806,10.2741,-15.0591,-79.9633,53.0942,70.4918,-77.7806,10.2741,-50,-1300,-500,2600,-1150,-650,0
343,1787057358.1141,1787057358.119,0.03342,-16.0000,-70.1099,55.2088,44.2198,-69.4066,15.0794,-14.2000,-82.4850,54.9860,73.5381,-78.6481,8.6408,-14.2000,-82.4850,54.9860,73.5381,-78.6481,8.6408,-50,-1300,-300,2600,-1200,-750,0
344,1787057358.1475,1787057358.152,0.0334,-15.9121,-73.7143,55.1209,51.8681,-72.6593,13.0952,-13.3047,-85.3684,58.3210,75.8249,-79.0758,6.6754,-13.3047,-85.3684,58.3210,75.8249,-79.0758,6.6754,0,-1200,0,2600,-1150,-800,0
345,1787057358.181,1787057358.1863,0.03345,-15.2088,-76.8791,55.6484,58.9011,-74.9451,11.5079,-12.2656,-88.4385,61.2139,76.2566,-78.5629,5.2440,-12.2656,-88.4385,61.2139,76.2566,-78.5629,5.2440,250,-1100,150,2300,-750,-750,0
346,1787057358.2143,1787057358.219,0.03334,-14.2418,-79.6923,56.7912,64.7912,-76.3516,9.7222,-11.1664,-90.5630,64.9344,75.8874,-78.4563,3.9604,-11.1664,-90.5630,64.9344,75.8874,-78.4563,3.9604,300,-950,450,2100,-550,-800,0
347,1787057358.2477,1787057358.252,0.03336,-13.4505,-82.7692,58.9011,69.2747,-77.1429,7.8704,-10.0841,-93.1422,68.4692,74.9646,-78.7519,3.0728,-10.0841,-93.1422,68.4692,74.9646,-78.7519,3.0728,250,-1050,700,1500,-300,-800,0
348,1787057358.281,1787057358.2854,0.03336,-12.8352,-85.8462,61.4505,71.5604,-77.4066,6.2831,-9.7484,-94.4589,72.5604,73.7657,-78.8167,3.1315,-9.7484,-94.4589,72.5604,73.7657,-78.8167,3.1315,200,-1000,900,700,-100,-800,0
349,1787057358.3144,1787057358.319,0.03335,-11.8681,-88.9231,64.3516,72.4396,-77.9341,4.9603,-9.0531,-95.9113,75.4474,72.5662,-78.6860,3.6218,-9.0531,-95.9113,75.4474,72.5662,-78.6860,3.6218,350,-1100,1000,350,-200,-600,0
350,1787057358.3478,1787057358.5711,0.03336,-10.6374,-91.1209,67.6044,72.6154,-78.1978,4.4312,-10.6943,-70.7090,46.0431,78.6610,-79.2207,3.9162,-10.6943,-70.7090,46.0431,78.6610,-79.2207,3.9162,450,-750,1100,50,-100,-200,1
351,1787057358.5722,1787057358.577,0.22447,-9.1429,-95.7802,75.4286,72.6154,-78.4615,3.9021,-8.8600,-62.0110,36.9831,81.4069,-78.2487,3.7863,-8.8600,-62.0110,36.9831,81.4069,-78.2487,3.7863,0,-200,150,0,0,0,1
352,1787057358.6055,1787057358.6101,0.03331,-9.2308,-95.8681,75.6044,72.7033,-78.4615,3.9021,-6.8593,-53.0921,30.2828,82.9870,-75.5725,3.7416,-6.8593,-53.0921,30.2828,82.9870,-75.5725,3.7416,0,0,50,0,0,0,0
353,1787057358.6389,1787057358.6434,0.0334,-9.2308,-95.3407,75.2527,73.4945,-78.4615,3.9021,-3.8891,-46.0412,23.5637,84.6712,-72.3938,3.8492,-3.8891,-46.0412,23.5637,84.6712,-72.3938,3.8492,0,300,-100,400,0,0,0
354,1787057358.6723,1787057358.6767,0.03339,-8.8791,-92.9670,73.3187,76.0440,-78.0220,3.9021,-0.7657,-37.3636,15.2065,86.0543,-69.2608,3.8851,-0.7657,-37.3636,15.2065,86.0543,-69.2608,3.8851,200,600,-850,750,50,0,0
355,1787057358.7057,1787057358.7105,0.03338,-7.0330,-88.4835,69.5385,79.2967,-76.1758,3.9021,2.5817,-31.6420,9.6810,86.9863,-64.4597,3.9731,2.5817,-31.6420,9.6810,86.9863,-64.4597,3.9731,550,1450,-1150,1050,600,0,0
356,1787057358.7391,1787057358.7438,0.03339,-4.7473,-82.0659,63.4725,82.0220,-74.0659,3.9021,5.4971,-25.2074,5.7255,87.1156,-59.5816,4.0699,5.4971,-25.2074,5.7255,87.1156,-59.5816,4.0699,800,2200,-2050,900,800,0,0
357,1787057358.7725,1787057358.7771,0.03338,-2.1099,-74.5055,56.0000,83.9560,-71.1648,3.9021,8.6399,-21.3951,0.3902,88.2424,-55.5732,4.1042,8.6399,-21.3951,0.3902,88.2424,-55.5732,4.1042,850,2450,-2650,700,850,0,0
358,1787057358.8059,1787057358.8109,0.03338,0.3516,-66.2418,47.8242,85.0989,-67.5604,3.9021,11.0372,-16.4751,-2.9532,88.5212,-50.3626,4.1879,11.0372,-16.4751,-2.9532,88.5212,-50.3626,4.1879,750,2750,-2700,350,1250,0,0
359,1787057358.8392,1787057358.8439,0.03338,3.3407,-57.8022,39.2088,86.1538,-63.8681,3.9021,14.3903,-14.1891,-6.4861,89.2294,-46.0665,4.0845,14.3903,-14.1891,-6.4861,89.2294,-46.0665,4.0845,950,2900,-2900,450,1300,0,0
360,1787057358.8726,1787057358.8773,0.03337,6.0659,-48.9231,30.9451,87.0330,-59.8242,3.9021,16.6677,-11.5233,-10.2276,88.9387,-42.3348,4.0623,16.6677,-11.5233,-10.2276,88.9387,-42.3348,4.0623,950,3050,-2900,350,1450,0,0
361,1787057358.906,1787057358.9107,0.0334,8.8791,-39.6923,22.3297,87.8242,-55.2527,3.9021,18.4959,-8.5194,-11.1587,88.6192,-38.9382,4.0339,18.4959,-8.5194,-11.1587,88.6192,-38.9382,4.0339,950,3050,-2850,250,1450,0,0
362,1787057358.9394,1787057358.9443,0.03339,11.7802,-30.8132,13.8022,88.0879,-51.1209,3.9021,20.6923,-6.2573,-14.7444,88.5170,-36.3515,4.2213,20.6923,-6.2573,-14.7444,88.5170,-36.3515,4.2213,1000,3000,-2900,100,1350,0,0
363,1787057358.9728,1787057358.9775,0.03338,14.2418,-22.9890,5.7143,88.0000,-46.9890,3.9021,21.6321,-4.9085,-16.5273,88.7070,-34.9870,4.2957,21.6321,-4.9085,-16.5273,88.7070,-34.9870,4.2957,850,2600,-2600,-100,1400,0,0
364,1787057359.0061,1787057359.0107,0.03338,16.6154,-16.0440,-0.4396,87.8242,-43.2088,3.9021,23.3551,-3.7612,-18.0519,88.2494,-33.5626,4.0680,23.3551,-3.7612,-18.0519,88.2494,-33.5626,4.0680,750,2500,-2200,-100,1350,0,0
365,1787057359.0395,1787057359.0442,0.03339,18.9011,-10.8571,-5.0989,88.4396,-39.9560,3.9021,24.5593,-1.4828,-20.7089,89.7246,-33.7442,4.0882,24.5593,-1.4828,-20.7089,89.7246,-33.7442,4.0882,850,1800,-1650,250,1050,0,0
366,1787057359.0729,1787057359.0776,0.03337,20.5714,-7.6044,-9.1429,88.3516,-37.6703,3.9021,24.5466,0.7159,-22.2006,89.7488,-33.6565,4.0573,24.5466,0.7159,-22.2006,89.7488,-33.6565,4.0573,550,1050,-1350,-50,700,0,0
367,1787057359.1063,1787057359.1105,0.03343,22.0659,-5.2308,-12.4835,88.7033,-36.3516,3.9021,25.8513,3.0602,-24.9335,89.8064,-33.7989,4.0851,25.8513,3.0602,-24.9335,89.8064,-33.7989,4.0851,550,800,-1150,50,500,0,0
368,1787057359.1397,1787057359.1441,0.03339,23.0330,-2.6813,-15.5604,89.1429,-35.5604,3.9021,26.8976,4.1953,-27.3276,90.2124,-33.6867,4.1736,26.8976,4.1953,-27.3276,90.2124,-33.6867,4.1736,300,900,-1100,100,300,0,0
369,1787057359.1731,1787057359.1779,0.03338,24.0000,-0.0440,-18.3736,89.4066,-35.0330,3.9021,27.2031,6.8927,-29.9198,90.0821,-34.1583,4.1510,27.2031,6.8927,-29.9198,90.0821,-34.1583,4.1510,350,900,-900,100,200,0,0
370,1787057359.2065,1787057359.2111,0.0334,24.7912,2.4176,-20.9231,89.5824,-34.6813,3.9021,27.4523,9.2058,-31.8024,89.9122,-34.4921,4.3156,27.4523,9.2058,-31.8024,89.9122,-34.4921,4.3156,350,850,-950,50,100,0,0
371,1787057359.2399,1787057359.2445,0.03338,25.7582,4.4396,-23.2967,89.7582,-34.7692,3.9021,27.5998,11.5110,-34.0294,89.7194,-35.4032,4.2578,27.5998,11.5110,-34.0294,89.7194,-35.4032,4.2578,300,650,-800,50,0,0,0
372,1787057359.2733,1787057359.2778,0.03341,26.6374,6.6374,-25.9341,89.7582,-34.7692,3.9021,27.1871,14.0800,-35.7453,89.4163,-36.6761,4.3139,27.1871,14.0800,-35.7453,89.4163,-36.6761,4.3139,300,750,-900,0,0,0,0
373,1787057359.3067,1787057359.3109,0.03337,26.9011,9.0110,-28.4835,89.7582,-34.9451,3.9683,27.0636,15.9178,-36.8761,89.8218,-38.6916,4.4099,27.0636,15.9178,-36.8761,89.8218,-38.6916,4.4099,50,800,-900,0,0,50,0
374,1787057359.3401,1787057359.3442,0.03345,26.9011,11.4725,-30.7692,89.7582,-35.6484,4.0344,27.1103,17.2547,-37.3572,87.9814,-40.9808,4.6136,27.1103,17.2547,-37.3572,87.9814,-40.9808,4.6136,0,800,-800,0,-250,0,0
375,1787057359.3735,1787057359.3781,0.03336,26.7253,13.9341,-32.3516,89.7582,-36.7912,4.0344,26.6962,19.1211,-38.0910,86.8869,-42.8999,4.4558,26.6962,19.1211,-38.0910,86.8869,-42.8999,4.4558,-50,800,-550,0,-450,0,0
376,1787057359.4068,1787057359.4111,0.03334,26.5495,15.8681,-33.4066,89.3187,-38.2857,4.0344,26.2157,21.0678,-38.1221,86.7886,-45.4226,4.5502,26.2157,21.0678,-38.1221,86.7886,-45.4226,4.5502,-50,600,-250,-50,-450,0,0
377,1787057359.4402,1787057359.4445,0.03345,26.4615,17.5385,-34.3736,88.3516,-40.1319,4.0344,25.9652,22.5855,-38.5538,86.4762,-48.0634,4.8609,25.9652,22.5855,-38.5538,86.4762,-48.0634,4.8609,-50,550,-350,-350,-600,0,0
378,1787057359.4736,1787057359.4782,0.03337,26.6374,19.4725,-35.0769,87.9121,-42.2418,4.1005,25.5974,23.8719,-38.8135,86.3760,-49.9991,5.8293,25.5974,23.8719,-38.8135,86.3760,-49.9991,5.8293,50,650,-250,-150,-750,50,0
379,1787057359.507,1787057359.5117,0.03339,26.7253,21.4066,-35.7802,87.4725,-44.3516,4.2989,25.8105,26.2315,-38.3491,86.9673,-51.7225,7.1121,25.8105,26.2315,-38.3491,86.9673,-51.7225,7.1121,50,600,-200,-100,-650,50,0
380,1787057359.5404,1787057359.545,0.03336,26.6374,23.2527,-36.0440,87.2088,-46.7253,4.8942,25.8395,26.8859,-38.1589,86.8542,-52.3957,10.0452,25.8395,26.8859,-38.1589,86.8542,-52.3957,10.0452,0,650,-150,-100,-800,250,0
381,1787057359.5738,1787057359.5786,0.03341,26.5495,24.9231,-36.0440,87.2088,-48.6593,5.8201,26.3877,28.0338,-38.6008,87.4770,-52.5611,13.6350,26.3877,28.0338,-38.6008,87.4770,-52.5611,13.6350,-50,550,0,0,-550,400,0
382,1787057359.6071,1787057359.6119,0.03334,26.2857,26.5055,-36.2198,87.2088,-50.1538,7.1429,27.4256,28.4241,-38.1062,87.6243,-52.2967,18.2034,27.4256,28.4241,-38.1062,87.6243,-52.2967,18.2034,-100,550,-50,0,-550,550,0
383,1787057359.6405,1787057359.6451,0.03338,26.1978,27.8242,-36.3077,87.2088,-50.8571,9.1931,27.4083,28.6626,-38.3605,86.8915,-52.0906,22.7141,27.4083,28.6626,-38.3605,86.8915,-52.0906,22.7141,-50,400,-50,0,-250,1000,0
384,1787057359.6738,1787057359.6785,0.03334,26.4615,28.7033,-36.3077,87.2967,-51.1209,11.9048,28.3173,30.1406,-37.5695,86.6411,-52.1080,26.9638,28.3173,30.1406,-37.5695,86.6411,-52.1080,26.9638,50,350,0,0,-100,1100,0
385,1787057359.7073,1787057359.7118,0.03344,26.8132,29.1429,-36.3077,87.2088,-51.4725,15.0132,28.7090,30.7583,-36.8376,85.3979,-52.5691,30.5983,28.7090,30.7583,-36.8376,85.3979,-52.5691,30.5983,100,200,0,0,-100,1400,0
386,1787057359.7407,1787057359.745,0.03346,27.4286,29.9341,-36.3956,87.0330,-51.7363,18.5847,28.5640,31.5217,-36.1387,84.1626,-52.7135,32.9736,28.5640,31.5217,-36.1387,84.1626,-52.7135,32.9736,250,300,0,-50,-100,1600,0
387,1787057359.774,1787057359.7783,0.03332,27.9560,30.8132,-36.3956,86.5055,-52.0000,22.2222,28.6532,32.3771,-35.7314,83.1471,-53.3058,34.8393,28.6532,32.3771,-35.7314,83.1471,-53.3058,34.8393,150,300,0,-150,-100,1650,0
388,1787057359.8074,1787057359.8122,0.0334,28.2198,31.7802,-35.9560,85.5385,-52.4396,25.7275,28.5994,33.2665,-35.6868,82.4125,-53.1224,35.5420,28.5994,33.2665,-35.6868,82.4125,-53.1224,35.5420,50,300,200,-350,-150,1600,0
389,1787057359.8408,1787057359.8456,0.03338,28.3077,32.7473,-35.4286,84.6593,-52.7033,28.9683,28.3939,34.0435,-34.9495,81.8769,-53.9614,36.1603,28.3939,34.0435,-34.9495,81.8769,-53.9614,36.1603,50,300,200,-300,-100,1450,0
390,1787057359.8742,1787057359.8787,0.03333,28.3077,33.6264,-35.3407,83.8681,-52.7033,31.4153,28.3875,34.9957,-34.5515,81.0844,-53.9047,36.2322,28.3875,34.9957,-34.5515,81.0844,-53.9047,36.2322,0,350,0,-300,0,1050,0
391,1787057359.9075,1787057359.9122,0.03339,28.2198,34.4176,-34.9890,83.0769,-53.0549,33.1349,27.8478,35.8573,-35.0135,80.8214,-54.3382,36.3941,27.8478,35.8573,-35.0135,80.8214,-54.3382,36.3941,-50,250,150,-250,-50,800,0
392,1787057359.9409,1787057359.9455,0.03336,28.1319,35.2088,-34.6374,82.3736,-53.3187,34.1270,27.4747,36.7100,-34.2729,80.3416,-54.3139,36.4462,27.4747,36.7100,-34.2729,80.3416,-54.3139,36.4462,0,300,150,-250,-100,450,0
393,1787057359.9743,1787057359.9789,0.03337,28.0440,36.0879,-34.5495,81.8462,-53.6703,34.8545,27.3077,38.3188,-34.9357,79.9503,-55.6264,36.4283,27.3077,38.3188,-34.9357,79.9503,-55.6264,36.4283,-50,300,0,-200,-100,350,0
394,1787057360.0077,1787057360.0125,0.03339,28.0440,37.0549,-34.1978,81.3187,-53.9341,35.3836,26.6116,38.8130,-35.5272,79.8089,-56.3956,36.4925,26.6116,38.8130,-35.5272,79.8089,-56.3956,36.4925,0,300,100,-150,-100,250,0
395,1787057360.0411,1787057360.0457,0.0334,27.9560,38.1099,-34.1978,80.8791,-54.6374,35.6481,26.1998,39.6906,-35.8721,79.8144,-56.3597,36.5564,26.1998,39.6906,-35.8721,79.8144,-56.3597,36.5564,-50,350,50,-200,-200,100,0
396,1787057360.0744,1787057360.0791,0.03337,27.6044,39.0769,-34.1978,80.6154,-55.6044,35.9127,25.9256,40.5705,-35.7773,79.6968,-56.5441,36.6205,25.9256,40.5705,-35.7773,79.6968,-56.5441,36.6205,-50,300,0,-100,-300,100,0
397,1787057360.1078,1787057360.1125,0.03339,27.2527,39.9560,-34.1978,80.3516,-55.7802,36.1111,25.5638,40.7261,-35.9955,79.8642,-57.1422,36.7178,25.5638,40.7261,-35.9955,79.8642,-57.1422,36.7178,-150,300,0,-100,-100,100,0
398,1787057360.1412,1787057360.1458,0.03338,26.8132,40.9231,-34.1978,80.2637,-55.8681,36.1772,24.9670,41.8596,-36.1249,79.4272,-57.5843,36.8029,24.9670,41.8596,-36.1249,79.4272,-57.5843,36.8029,-150,300,0,-50,-50,50,0
399,1787057360.1746,1787057360.1792,0.03335,26.2857,41.3626,-34.1978,80.2637,-56.3956,36.3095,24.3922,42.2419,-35.6235,79.8793,-57.6665,36.9290,24.3922,42.2419,-35.6235,79.8793,-57.6665,36.9290,-150,150,0,0,-200,100,0
400,1787057360.2079,1787057360.4274,0.03338,25.8462,42.0659,-34.1978,80.0879,-56.9231,36.4418,27.7621,41.3534,-34.1967,80.5792,-54.0435,31.0362,27.7621,41.3534,-34.1967,80.5792,-54.0435,31.0362,-150,200,0,-50,-150,100,1
401,1787057360.4286,1787057360.4337,0.22064,25.0549,42.5055,-34.1978,80.0879,-57.2747,36.5741,28.4465,42.2175,-35.2140,80.0803,-52.8039,31.7337,28.4465,42.2175,-35.2140,80.0803,-52.8039,31.7337,0,0,0,0,0,0,1
402,1787057360.4618,1787057360.4666,0.03327,25.0549,42.5055,-34.1978,80.0879,-57.2747,36.5741,28.3449,43.9297,-35.6280,80.1562,-53.0962,32.3171,28.3449,43.9297,-35.6280,80.1562,-53.0962,32.3171,0,0,0,0,0,0,0
403,1787057360.4953,1787057360.5001,0.03341,25.2308,42.5055,-34.1978,80.0879,-56.6593,35.9788,28.3776,42.5455,-35.2434,80.0727,-53.6305,32.6912,28.3776,42.5455,-35.2434,80.0727,-53.6305,32.6912,100,0,0,0,200,-300,0
404,1787057360.5286,1787057360.5331,0.03332,26.2857,43.0330,-34.4615,80.0879,-55.2527,34.4577,27.9424,43.2775,-35.1313,79.9898,-52.9348,32.8857,27.9424,43.2775,-35.1313,79.9898,-52.9348,32.8857,350,250,-50,0,550,-550,0
405,1787057360.5619,1787057360.5666,0.03337,26.7253,43.4725,-34.5495,80.0879,-54.6374,33.5979,27.4775,42.7854,-35.2534,80.6446,-53.0718,32.9643,27.4775,42.7854,-35.2534,80.6446,-53.0718,32.9643,150,250,0,0,300,-450,0
406,1787057360.5953,1787057360.6,0.03336,27.1648,43.4725,-34.5495,80.0000,-54.4615,33.5317,27.9204,42.8014,-35.8045,79.2813,-52.3099,32.6377,27.9204,42.8014,-35.8045,79.2813,-52.3099,32.6377,100,0,0,-50,50,-50,0
407,1787057360.6287,1787057360.6334,0.03335,27.2527,43.4725,-34.5495,80.0000,-54.0220,33.4656,27.2404,42.5931,-35.8350,79.5825,-51.7303,32.4569,27.2404,42.5931,-35.8350,79.5825,-51.7303,32.4569,0,0,0,0,100,0,0
408,1787057360.662,1787057360.6667,0.03338,27.1648,43.4725,-34.9011,80.0000,-53.4066,33.0026,27.2133,43.3682,-36.2648,79.0147,-51.1526,32.1569,27.2133,43.3682,-36.2648,79.0147,-51.1526,32.1569,0,0,-150,0,150,-200,0
409,1787057360.6954,1787057360.7002,0.03338,27.1648,43.4725,-34.9890,79.8242,-52.7033,32.8042,27.3297,42.4315,-36.3344,79.1124,-51.6322,32.4238,27.3297,42.4315,-36.3344,79.1124,-51.6322,32.4238,0,0,0,-50,250,-100,0
410,1787057360.7288,1787057360.7335,0.03337,27.1648,43.5604,-35.1648,79.6484,-52.2637,32.6058,27.7503,42.5311,-35.2433,78.7114,-50.5604,32.2320,27.7503,42.5311,-35.2433,78.7114,-50.5604,32.2320,0,0,-100,-50,100,-50,0
411,1787057360.7622,1787057360.7668,0.03337,27.1648,43.5604,-35.2527,79.5604,-52.2637,32.5397,27.2646,42.5527,-36.1292,79.4057,-50.5466,32.0175,27.2646,42.5527,-36.1292,79.4057,-50.5466,32.0175,0,0,0,-50,50,0,0
412,1787057360.7956,1787057360.8007,0.03341,27.1648,43.5604,-35.0769,79.4725,-51.7363,32.4735,27.6554,42.6310,-35.9816,78.9634,-50.4173,32.0673,27.6554,42.6310,-35.9816,78.9634,-50.4173,32.0673,0,0,0,0,150,0,0
413,1787057360.829,1787057360.8338,0.03341,27.1648,43.5604,-35.0769,79.4725,-51.3846,32.3413,28.0211,42.6193,-35.2504,78.7816,-50.7233,32.0219,28.0211,42.6193,-35.2504,78.7816,-50.7233,32.0219,0,0,0,0,100,-100,0
414,1787057360.8623,1787057360.8671,0.0333,27.1648,43.5604,-35.2527,79.4725,-51.1209,32.2090,28.0057,43.3471,-35.3550,78.8220,-50.3891,32.1002,28.0057,43.3471,-35.3550,78.8220,-50.3891,32.1002,0,0,-50,0,100,-50,0
415,1787057360.8957,1787057360.9003,0.03338,27.2527,43.5604,-35.0769,79.4725,-51.1209,32.2090,27.6194,42.6711,-35.3791,78.7911,-50.1190,31.9038,27.6194,42.6711,-35.3791,78.7911,-50.1190,31.9038,50,0,50,0,0,0,0
416,1787057360.929,1787057360.9333,0.03333,27.2527,43.5604,-35.0769,79.3846,-50.8571,32.1429,27.6561,42.8338,-35.1851,78.9474,-50.7489,31.9498,27.6561,42.8338,-35.1851,78.9474,-50.7489,31.9498,0,0,0,-50,50,-50,0
417,1787057360.9625,1787057360.9671,0.03345,27.2527,43.5604,-35.0769,79.2967,-50.7692,32.1429,27.8198,43.8109,-36.1537,79.2330,-50.4090,31.9805,27.8198,43.8109,-36.1537,79.2330,-50.4090,31.9805,0,0,0,0,50,0,0
418,1787057360.9958,1787057361.0002,0.03336,27.2527,43.5604,-35.0769,79.2967,-50.7692,32.1429,27.6156,44.1557,-35.7594,78.7683,-49.8528,31.8638,27.6156,44.1557,-35.7594,78.7683,-49.8528,31.8638,0,0,0,0,0,0,0
419,1787057361.0292,1787057361.0339,0.03336,27.2527,43.7363,-35.2527,79.2967,-50.6813,32.1429,27.5605,45.0916,-35.4712,79.0872,-50.5074,31.7287,27.5605,45.0916,-35.4712,79.0872,-50.5074,31.7287,0,50,0,0,50,0,0
420,1787057361.0626,1787057361.0671,0.03343,27.2527,44.0000,-35.2527,79.2967,-50.5055,32.1429,27.0869,44.6571,-36.8232,79.3407,-50.4661,31.5183,27.0869,44.6571,-36.8232,79.3407,-50.4661,31.5183,0,100,0,0,50,0,0
421,1787057361.096,1787057361.1007,0.03337,27.2527,44.3516,-35.2527,79.2088,-50.5934,32.1429,27.1487,45.2837,-36.2683,78.8314,-50.8627,31.1983,27.1487,45.2837,-36.2683,78.8314,-50.8627,31.1983,0,100,0,0,-50,0,0
422,1787057361.1294,1787057361.1337,0.0334,27.2527,44.4396,-35.6923,79.2088,-50.5934,31.8783,27.3028,45.7094,-36.6716,78.6354,-50.5799,30.7318,27.3028,45.7094,-36.6716,78.6354,-50.5799,30.7318,0,50,-150,0,0,-100,0
423,1787057361.1628,1787057361.1674,0.03341,27.2527,44.7033,-35.9560,79.2088,-50.5934,31.6138,27.7065,46.2796,-37.2584,79.8596,-50.8707,30.9156,27.7065,46.2796,-37.2584,79.8596,-50.8707,30.9156,0,50,-50,0,0,-150,0
424,1787057361.1961,1787057361.2008,0.03334,27.3407,45.0549,-36.1319,79.2088,-50.5934,31.2169,27.7497,46.8063,-37.2948,79.7371,-51.3396,30.3285,27.7497,46.8063,-37.2948,79.7371,-51.3396,30.3285,50,150,-100,0,0,-200,0
425,1787057361.2295,1787057361.234,0.0334,27.3407,45.4945,-36.6593,79.3846,-50.5934,31.0847,27.9137,47.2693,-37.3116,80.2487,-51.8325,29.9957,27.9137,47.2693,-37.3116,80.2487,-51.8325,29.9957,0,100,-200,0,0,0,0
426,1787057361.2629,1787057361.2674,0.0334,27.3407,45.7582,-37.0110,79.5604,-50.8571,30.8201,27.4400,47.0141,-37.4020,80.2784,-51.3039,29.6215,27.4400,47.0141,-37.4020,80.2784,-51.3039,29.6215,0,100,-150,50,-100,-50,0
427,1787057361.2963,1787057361.3007,0.03336,27.3407,46.1099,-37.0989,79.7363,-51.2088,30.4233,27.5311,47.1754,-39.6591,82.1865,-51.4296,29.1967,27.5311,47.1754,-39.6591,82.1865,-51.4296,29.1967,0,150,-50,100,-200,-200,0
428,1787057361.3297,1787057361.3343,0.03341,27.3407,46.2857,-37.0989,79.9121,-51.2088,30.0265,27.1841,48.2856,-40.5865,82.0696,-51.3884,28.9690,27.1841,48.2856,-40.5865,82.0696,-51.3884,28.9690,0,50,0,50,0,-150,0
429,1787057361.3631,1787057361.3676,0.03336,27.3407,46.6374,-37.8901,80.5275,-51.2967,29.6958,26.5006,48.7921,-40.9459,82.5374,-51.5131,28.2959,26.5006,48.7921,-40.9459,82.5374,-51.5131,28.2959,0,100,-200,200,-50,-150,0
430,1787057361.3965,1787057361.401,0.03339,27.3407,47.4286,-39.1209,81.2308,-51.2967,29.4312,26.3838,47.7842,-43.4422,84.5528,-51.8425,27.9973,26.3838,47.7842,-43.4422,84.5528,-51.8425,27.9973,0,250,-450,200,0,-150,0
431,1787057361.4298,1787057361.4343,0.03336,27.3407,47.7802,-39.9121,81.6703,-51.2967,28.9683,25.2445,48.3766,-45.0157,85.2754,-52.3616,26.8270,25.2445,48.3766,-45.0157,85.2754,-52.3616,26.8270,0,150,-300,150,0,-200,0
432,1787057361.4632,1787057361.4679,0.03339,27.1648,47.9560,-40.7912,82.4615,-51.4725,28.5053,24.4752,47.9672,-47.5631,88.1243,-53.6709,25.6056,24.4752,47.9672,-47.5631,88.1243,-53.6709,25.6056,-50,50,-300,200,-100,-250,0
433,1787057361.4966,1787057361.5013,0.03338,26.6374,48.2198,-42.3736,83.5165,-51.8242,27.9101,23.5566,48.1487,-49.2858,89.7926,-54.0430,23.1174,23.5566,48.1487,-49.2858,89.7926,-54.0430,23.1174,-200,50,-550,400,-100,-200,0
434,1787057361.53,1787057361.5343,0.03343,26.1099,48.3956,-44.2198,84.8352,-52.5275,26.9180,22.6160,47.9519,-53.0113,92.8338,-54.2658,20.3583,22.6160,47.9519,-53.0113,92.8338,-54.2658,20.3583,-200,50,-650,400,-250,-550,0
435,1787057361.5634,1787057361.5677,0.03338,25.4066,48.6593,-45.8022,86.8571,-53.2308,25.6614,21.3179,48.8631,-56.6169,94.8450,-55.8126,16.6105,21.3179,48.8631,-56.6169,94.8450,-55.8126,16.6105,-250,100,-600,700,-200,-450,0
436,1787057361.5967,1787057361.6014,0.03335,24.5275,48.9231,-47.3846,89.3187,-53.5824,23.6772,20.1407,47.2321,-60.9101,96.5580,-56.2629,13.0424,20.1407,47.2321,-60.9101,96.5580,-56.2629,13.0424,-300,50,-550,850,-100,-850,0
437,1787057361.6301,1787057361.6348,0.03338,23.4725,49.6264,-49.9341,91.4286,-54.1978,21.4286,18.5422,48.4320,-63.8397,97.1714,-56.3011,9.7590,18.5422,48.4320,-63.8397,97.1714,-56.3011,9.7590,-350,200,-750,650,-200,-950,0
438,1787057361.6635,1787057361.6682,0.03338,22.3297,49.8022,-52.8352,93.4505,-55.2527,18.6508,16.9261,48.1744,-67.8466,97.4376,-57.3706,7.6270,16.9261,48.1744,-67.8466,97.4376,-57.3706,7.6270,-400,0,-1000,700,-300,-1350,0
439,1787057361.697,1787057361.7017,0.03344,21.1868,49.8022,-56.0879,94.8571,-55.6044,15.7407,15.2274,48.0020,-71.2721,97.8213,-57.5174,5.3993,15.2274,48.0020,-71.2721,97.8213,-57.5174,5.3993,-350,0,-1100,500,-100,-1350,0
440,1787057361.7303,1787057361.7349,0.03337,19.6923,49.8022,-59.4286,95.7363,-56.2198,12.8968,12.8546,47.7016,-73.8246,97.3057,-57.5058,4.0165,12.8546,47.7016,-73.8246,97.3057,-57.5058,4.0165,-500,0,-1100,300,-250,-1350,0
441,1787057361.7637,1787057361.7683,0.03338,18.1978,49.7143,-63.0330,96.3516,-56.6593,10.1852,10.9978,48.7476,-76.4924,98.1171,-58.4131,3.3754,10.9978,48.7476,-76.4924,98.1171,-58.4131,3.3754,-500,-50,-1200,250,-100,-1150,0
442,1787057361.7971,1787057361.8021,0.03339,16.5275,49.7143,-66.3736,96.5275,-56.8352,7.7381,9.1732,46.3784,-78.4917,98.6600,-57.6088,3.0694,9.1732,46.3784,-78.4917,98.6600,-57.6088,3.0694,-550,0,-1050,50,-50,-1100,0
443,1787057361.8305,1787057361.8352,0.03339,14.6813,49.7143,-69.3626,97.2308,-57.5385,6.0185,7.8976,47.1035,-81.1247,98.6259,-57.4564,3.0923,7.8976,47.1035,-81.1247,98.6259,-57.4564,3.0923,-650,0,-1050,300,-300,-750,0
444,1787057361.8638,1787057361.8685,0.03336,12.8352,49.7143,-72.1758,97.7582,-57.6264,5.0265,6.6637,46.2375,-82.5470,99.4231,-57.9615,3.5608,6.6637,46.2375,-82.5470,99.4231,-57.9615,3.5608,-650,0,-950,250,0,-400,0
445,1787057361.8973,1787057361.902,0.03343,10.9890,49.7143,-74.7253,98.0220,-57.5385,4.3651,5.5056,45.9091,-84.0311,99.1463,-58.5277,3.8720,5.5056,45.9091,-84.0311,99.1463,-58.5277,3.8720,-600,0,-850,50,0,-300,0
446,1787057361.9307,1787057361.9352,0.0334,9.4066,49.7143,-77.1868,98.5495,-57.6264,4.2328,4.1613,45.0168,-84.9335,98.9382,-57.8460,3.6978,4.1613,45.0168,-84.9335,98.9382,-57.8460,3.6978,-550,0,-750,200,0,-100,0
447,1787057361.964,1787057361.9683,0.03336,8.0000,49.7143,-79.1209,98.5495,-58.0659,4.1667,2.5898,45.0832,-86.5446,99.0642,-58.1909,3.5812,2.5898,45.0832,-86.5446,99.0642,-58.1909,3.5812,-450,0,-700,50,-150,-50,0
448,1787057361.9974,1787057362.002,0.03336,6.7692,49.5385,-80.7912,98.6374,-58.0659,3.9683,1.3878,45.1057,-86.9647,98.7493,-56.6929,4.0809,1.3878,45.1057,-86.9647,98.7493,-56.6929,4.0809,-400,-50,-550,50,-50,-100,0
449,1787057362.0308,1787057362.0351,0.0334,5.4505,49.5385,-82.1978,98.7253,-58.1538,3.9021,0.6725,44.9316,-88.0751,99.3216,-57.1769,4.5886,0.6725,44.9316,-88.0751,99.3216,-57.1769,4.5886,-450,0,-500,0,-50,-50,0
450,1787057362.0642,1787057362.2886,0.03341,4.1319,49.5385,-83.4286,98.7253,-57.8901,3.9683,3.0856,40.5540,-80.6631,98.4967,-57.3019,2.5424,3.0856,40.5540,-80.6631,98.4967,-57.3019,2.5424,-400,0,-450,0,150,50,1
451,1787057362.2897,1787057362.295,0.22552,1.4945,49.5385,-85.8022,99.0769,-57.6264,4.2328,3.0581,40.4461,-81.4075,98.6122,-58.1052,2.4413,3.0581,40.4461,-81.4075,98.6122,-58.1052,2.4413,0,0,0,0,0,0,1
452,1787057362.323,1787057362.3276,0.03327,1.4945,49.5385,-85.8022,99.0769,-57.6264,4.2328,2.9389,40.4118,-83.4981,99.1911,-58.1511,2.7386,2.9389,40.4118,-83.4981,99.1911,-58.1511,2.7386,0,0,0,0,0,0,0
453,1787057362.3564,1787057362.3614,0.03341,1.5824,48.9231,-85.3626,99.0769,-57.7143,3.9021,2.8021,41.7943,-85.6442,99.9492,-58.4406,2.6325,2.8021,41.7943,-85.6442,99.9492,-58.4406,2.6325,50,-150,150,0,50,0,0
454,1787057362.3898,1787057362.3943,0.03335,2.1099,47.5165,-84.0440,99.0769,-57.8022,3.1746,2.8400,41.5039,-86.7218,99.6862,-58.9752,2.5535,2.8400,41.5039,-86.7218,99.6862,-58.9752,2.5535,150,-450,450,0,-50,-350,0
455,1787057362.4231,1787057362.4276,0.03336,2.5495,46.8132,-83.6044,99.3407,-58.1538,3.1746,2.9041,42.1106,-88.8614,100.3514,-59.4625,2.7893,2.9041,42.1106,-88.8614,100.3514,-59.4625,2.7893,200,-150,250,150,-100,0,0
456,1787057362.4565,1787057362.4613,0.0334,2.6374,46.5495,-84.3956,99.4286,-58.5934,3.0423,2.6582,41.9990,-89.7248,100.6247,-59.8295,2.7962,2.6582,41.9990,-89.7248,100.6247,-59.8295,2.7962,0,-100,-300,0,-200,-50,0
457,1787057362.4899,1787057362.4945,0.0334,2.7253,46.5495,-85.6264,99.7802,-58.9451,3.0423,2.0387,43.3826,-90.4159,101.6774,-59.6346,2.8042,2.0387,43.3826,-90.4159,101.6774,-59.6346,2.8042,50,0,-450,100,-100,0,0
458,1787057362.5233,1787057362.528,0.0334,2.5495,46.5495,-86.5934,100.0440,-59.1209,3.0423,2.4397,43.3163,-91.9290,101.8529,-59.9928,3.0407,2.4397,43.3163,-91.9290,101.8529,-59.9928,3.0407,-50,0,-350,50,-100,0,0
459,1787057362.5567,1787057362.5615,0.0334,2.3736,46.5495,-87.4725,100.6593,-59.2088,3.0423,2.5081,43.6071,-91.7379,102.4310,-60.1669,2.7580,2.5081,43.6071,-91.7379,102.4310,-60.1669,2.7580,-50,0,-300,200,0,0,0
460,1787057362.5901,1787057362.5946,0.03333,2.3736,46.5495,-88.5275,101.1868,-59.3846,3.0423,2.4212,43.3353,-92.4183,102.8478,-59.4951,3.1041,2.4212,43.3353,-92.4183,102.8478,-59.4951,3.1041,0,0,-400,150,-50,0,0
461,1787057362.6235,1787057362.6281,0.03342,2.3736,46.5495,-89.1429,101.6264,-59.6484,3.0423,2.9143,44.2997,-92.0096,103.1905,-59.2814,3.0336,2.9143,44.2997,-92.0096,103.1905,-59.2814,3.0336,0,0,-300,150,-50,0,0
462,1787057362.6568,1787057362.6611,0.03335,2.3736,46.5495,-89.6703,102.0659,-59.6484,3.0423,2.5884,44.0038,-91.2179,104.0089,-59.3710,3.1860,2.5884,44.0038,-91.2179,104.0089,-59.3710,3.1860,0,0,-200,150,0,0,0
463,1787057362.6902,1787057362.6946,0.03342,2.3736,46.5495,-89.7582,102.5055,-59.6484,3.0423,3.0280,44.7269,-90.9927,103.4129,-59.0572,3.4516,3.0280,44.7269,-90.9927,103.4129,-59.0572,3.4516,0,0,0,100,0,0,0
464,1787057362.7237,1787057362.728,0.03341,2.4615,46.5495,-89.7582,102.9451,-59.6484,3.0423,3.1078,45.1159,-90.9737,103.0477,-58.8358,3.4244,3.1078,45.1159,-90.9737,103.0477,-58.8358,3.4244,50,0,0,200,0,0,0
465,1787057362.757,1787057362.7617,0.0334,2.6374,46.5495,-89.7582,103.0330,-59.5604,3.0423,2.9219,45.5588,-91.0871,103.0210,-58.6670,3.6786,2.9219,45.5588,-91.0871,103.0210,-58.6670,3.6786,100,0,0,100,50,0,0
466,1787057362.7904,1787057362.7955,0.03333,2.8132,46.5495,-89.7582,103.0330,-59.3846,3.1085,3.1946,46.7669,-90.9014,103.3054,-58.3956,3.8785,3.1946,46.7669,-90.9014,103.3054,-58.3956,3.8785,50,0,0,0,50,0,0
467,1787057362.8238,1787057362.8286,0.03337,2.8132,46.5495,-89.7582,103.0330,-59.2967,3.1746,2.7595,46.8069,-90.6811,103.4086,-58.1319,4.3973,2.7595,46.8069,-90.6811,103.4086,-58.1319,4.3973,0,0,0,0,0,50,0
468,1787057362.8571,1787057362.8619,0.03337,2.9011,46.9011,-89.8462,103.0330,-59.0330,3.4392,3.0140,46.8750,-89.8141,102.9738,-58.1493,5.2945,3.0140,46.8750,-89.8141,102.9738,-58.1493,5.2945,0,200,-50,0,50,100,0
469,1787057362.8905,1787057362.8948,0.03338,2.9011,47.2527,-89.8462,103.0330,-58.7692,3.6376,2.9444,47.4880,-88.3785,103.3587,-58.0455,6.7336,2.9444,47.4880,-88.3785,103.3587,-58.0455,6.7336,0,150,0,0,100,100,0
470,1787057362.9239,1787057362.9286,0.03342,2.9011,47.5165,-89.4945,103.0330,-58.6813,4.2989,2.7104,47.4522,-87.3119,102.6085,-58.1022,7.9686,2.7104,47.4522,-87.3119,102.6085,-58.1022,7.9686,0,50,150,0,50,300,0
471,1787057362.9572,1787057362.9619,0.03333,2.9011,48.0440,-88.7912,103.0330,-58.5934,5.2910,2.2266,47.6705,-85.4644,102.0248,-58.0613,9.5348,2.2266,47.6705,-85.4644,102.0248,-58.0613,9.5348,0,200,250,0,0,450,0
472,1787057362.9907,1787057362.9955,0.03343,2.9011,48.2198,-87.8242,103.0330,-58.5934,6.3492,2.5732,48.5977,-83.8665,101.3553,-57.9615,10.5766,2.5732,48.5977,-83.8665,101.3553,-57.9615,10.5766,0,50,300,0,0,500,0
473,1787057363.0241,1787057363.0286,0.03338,2.9011,48.3077,-86.6813,102.7692,-58.5055,7.6058,1.6700,47.5510,-82.0721,100.6729,-57.9528,11.8134,1.6700,47.5510,-82.0721,100.6729,-57.9528,11.8134,0,50,400,-100,50,550,0
474,1787057363.0574,1787057363.0621,0.03336,2.9011,48.8352,-85.2747,102.3297,-58.4176,8.7963,1.6089,47.9450,-80.4207,101.2841,-57.5892,13.1460,1.6089,47.9450,-80.4207,101.2841,-57.5892,13.1460,0,200,500,-150,50,600,0
475,1787057363.0908,1787057363.0953,0.03339,2.6374,48.9231,-83.6044,101.8901,-58.3297,9.9206,1.4322,47.6482,-79.2129,100.7769,-57.5857,14.4679,1.4322,47.6482,-79.2129,100.7769,-57.5857,14.4679,-100,0,550,-150,50,450,0
476,1787057363.1242,1787057363.1285,0.03339,2.5495,49.0989,-81.8462,101.8901,-58.2418,11.1111,0.8767,48.0265,-77.5840,100.8054,-58.1785,15.6574,0.8767,48.0265,-77.5840,100.8054,-58.1785,15.6574,-50,50,600,0,50,550,0
477,1787057363.1576,1787057363.162,0.03339,2.3736,49.0989,-80.3516,101.6264,-58.1538,12.4339,0.8013,47.8766,-76.4306,100.4840,-57.6175,17.0794,0.8013,47.8766,-76.4306,100.4840,-57.6175,17.0794,-50,0,550,-100,0,600,0
478,1787057363.1909,1787057363.1953,0.03336,2.1978,48.9231,-79.1209,101.1868,-58.2418,13.6905,0.3228,48.1899,-75.0166,100.0705,-57.6636,18.2207,0.3228,48.1899,-75.0166,100.0705,-57.6636,18.2207,-50,-100,400,-150,-50,550,0
479,1787057363.2243,1787057363.229,0.03339,2.1099,48.8352,-77.9780,100.8352,-58.1538,14.9471,0.2441,47.9121,-74.1247,99.9310,-57.0846,19.3445,0.2441,47.9121,-74.1247,99.9310,-57.0846,19.3445,0,0,400,-100,50,550,0
480,1787057363.2577,1787057363.2623,0.03339,2.0220,48.8352,-76.8352,100.3956,-57.9780,16.2698,0.0321,49.1484,-73.0864,99.1952,-58.1578,20.1873,0.0321,49.1484,-73.0864,99.1952,-58.1578,20.1873,-50,0,350,-200,0,550,0
481,1787057363.2911,1787057363.2955,0.03339,1.9341,48.8352,-75.8681,100.1319,-57.8901,17.3942,-0.6252,48.1197,-72.9403,98.9461,-57.5807,21.0913,-0.6252,48.1197,-72.9403,98.9461,-57.5807,21.0913,0,0,350,-100,100,550,0
482,1787057363.3245,1787057363.3287,0.03335,1.9341,48.9231,-75.2527,99.6044,-58.0659,18.4524,-0.5359,48.8992,-71.7098,98.6704,-57.4509,22.0424,-0.5359,48.8992,-71.7098,98.6704,-57.4509,22.0424,0,0,200,-150,-50,500,0
483,1787057363.3578,1787057363.3625,0.03338,1.6703,49.0989,-74.4615,99.1648,-57.9780,19.4444,-0.7644,48.9111,-71.8924,98.8992,-57.4764,22.9276,-0.7644,48.9111,-71.8924,98.8992,-57.4764,22.9276,-50,50,300,-150,50,450,0
484,1787057363.3912,1787057363.3957,0.03336,1.5824,49.0110,-73.6703,98.9011,-57.8901,20.3704,-0.8009,49.3419,-71.3246,98.6409,-57.5878,23.8759,-0.8009,49.3419,-71.3246,98.6409,-57.5878,23.8759,-50,0,250,-100,50,400,0
485,1787057363.4246,1787057363.4288,0.03341,1.4945,49.0110,-73.2308,98.9011,-57.8901,21.4286,-0.5159,49.6679,-70.3784,97.9320,-57.2544,24.6527,-0.5159,49.6679,-70.3784,97.9320,-57.2544,24.6527,-50,-50,100,0,0,450,0
486,1787057363.4579,1787057363.4624,0.03333,1.4945,48.9231,-72.8791,98.5495,-57.8901,22.2884,-0.7293,50.0254,-69.7492,98.4105,-57.3033,25.1621,-0.7293,50.0254,-69.7492,98.4105,-57.3033,25.1621,0,0,150,-100,0,400,0
487,1787057363.4913,1787057363.4956,0.03337,1.4945,48.9231,-72.2637,98.1978,-57.8022,23.2143,-0.6521,50.1254,-68.9825,98.5036,-57.1444,25.3183,-0.6521,50.1254,-68.9825,98.5036,-57.1444,25.3183,0,0,200,-150,50,450,0
488,1787057363.5247,1787057363.5289,0.03335,1.4945,49.0110,-71.6484,98.1099,-57.7143,23.8757,-1.0507,50.2053,-68.5860,97.9937,-56.8985,25.3558,-1.0507,50.2053,-68.5860,97.9937,-56.8985,25.3558,0,50,250,0,50,300,0
489,1787057363.558,1787057363.5622,0.03338,1.4945,49.2747,-71.0330,98.1099,-57.7143,24.4048,-0.9671,49.5614,-67.7784,97.8893,-56.9778,25.3159,-0.9671,49.5614,-67.7784,97.8893,-56.9778,25.3159,0,100,150,0,0,200,0
490,1787057363.5914,1787057363.5957,0.03341,1.4945,49.3626,-70.5055,97.9341,-57.7143,24.6032,-0.8627,49.6684,-66.9421,97.7764,-57.2017,25.1381,-0.8627,49.6684,-66.9421,97.7764,-57.2017,25.1381,0,50,200,-50,0,150,0
491,1787057363.6248,1787057363.6292,0.03333,1.4945,49.2747,-69.9780,97.8462,-57.5385,24.8016,-0.5023,50.2028,-66.1850,97.2821,-57.3318,25.0323,-0.5023,50.2028,-66.1850,97.2821,-57.3318,25.0323,0,0,200,0,50,100,0
492,1787057363.6581,1787057363.663,0.03338,1.4945,49.2747,-69.1868,97.8462,-57.5385,24.8016,-0.7183,49.7756,-64.6435,95.6606,-56.9311,24.8512,-0.7183,49.7756,-64.6435,95.6606,-56.9311,24.8512,0,0,250,0,0,0,0
493,1787057363.6915,1787057363.6962,0.03339,1.4945,49.2747,-68.4835,97.4066,-57.5385,24.8016,-0.4853,50.1024,-65.2719,95.3598,-57.2315,24.7397,-0.4853,50.1024,-65.2719,95.3598,-57.2315,24.7397,0,0,250,-200,0,0,0
494,1787057363.7249,1787057363.7292,0.03338,1.4945,49.2747,-67.6923,96.5275,-57.5385,24.8016,0.3343,50.8673,-63.1619,95.2254,-57.3016,24.5214,0.3343,50.8673,-63.1619,95.2254,-57.3016,24.5214,0,0,300,-250,0,0,0
495,1787057363.7583,1787057363.7629,0.03341,1.4945,49.2747,-67.2527,95.7363,-57.5385,24.8016,-0.0535,49.8945,-63.2583,94.7412,-57.9299,24.6540,-0.0535,49.8945,-63.2583,94.7412,-57.9299,24.6540,0,0,50,-250,0,0,0
496,1787057363.7917,1787057363.7963,0.03334,1.4945,49.4505,-66.9011,95.3846,-57.5385,24.8016,0.5748,50.0965,-61.5823,94.0370,-58.1707,24.4763,0.5748,50.0965,-61.5823,94.0370,-58.1707,24.4763,0,50,50,-150,0,0,0
497,1787057363.825,1787057363.8295,0.03336,1.4945,49.3626,-65.9341,94.9451,-57.7143,24.8016,0.6805,49.7303,-61.3611,93.1732,-57.5438,24.2005,0.6805,49.7303,-61.3611,93.1732,-57.5438,24.2005,0,-50,350,-150,-50,0,0
498,1787057363.8584,1787057363.863,0.03341,1.4945,49.2747,-65.0549,94.2418,-57.8022,24.8016,1.0822,50.2046,-60.5411,92.2267,-58.0133,24.2832,1.0822,50.2046,-60.5411,92.2267,-58.0133,24.2832,0,0,300,-200,-50,0,0
499,1787057363.8918,1787057363.8962,0.03339,1.4945,49.2747,-64.2637,93.4505,-57.8022,24.6032,1.0587,50.4564,-59.4004,92.6091,-57.7279,23.8750,1.0587,50.4564,-59.4004,92.6091,-57.7279,23.8750,0,0,300,-250,0,-100,0
500,1787057363.9252,1787057364.1533,0.03337,1.5824,49.2747,-63.5604,92.7473,-57.8022,24.5370,1.0679,38.3793,-54.4196,92.7071,-57.2548,24.3069,1.0679,38.3793,-54.4196,92.7071,-57.2548,24.3069,0,0,250,-250,0,-50,1
501,1787057364.1545,1787057364.1593,0.22929,1.5824,49.1868,-62.5055,92.5714,-57.8022,24.0741,0.9118,38.1022,-55.9259,92.8060,-57.6010,24.4550,0.9118,38.1022,-55.9259,92.8060,-57.6010,24.4550,0,0,0,0,0,0,1
502,1787057364.1878,1787057364.1922,0.03333,1.5824,49.1868,-62.4176,92.5714,-57.8022,24.0741,1.0671,38.7333,-57.0080,92.3590,-58.0454,24.1629,1.0671,38.7333,-57.0080,92.3590,-58.0454,24.1629,0,0,0,0,0,0,0
503,1787057364.2212,1787057364.2256,0.03342,1.5824,48.3956,-61.3626,92.5714,-57.8022,24.1402,0.9100,40.4477,-58.7117,91.6197,-58.2024,23.9523,0.9100,40.4477,-58.7117,91.6197,-58.2024,23.9523,0,-250,400,0,0,0,0
504,1787057364.2546,1787057364.2588,0.03337,1.5824,46.2857,-59.8681,92.2198,-57.8022,24.0741,1.2483,40.5917,-59.7451,91.2620,-57.6397,23.9162,1.2483,40.5917,-59.7451,91.2620,-57.6397,23.9162,0,-800,550,-100,0,-50,0
505,1787057364.288,1787057364.2923,0.03336,1.5824,43.9121,-59.2527,91.8681,-57.8022,24.0741,1.0779,41.9007,-63.1482,90.9841,-58.1284,23.7856,1.0779,41.9007,-63.1482,90.9841,-58.1284,23.7856,0,-700,300,-150,0,0,0
506,1787057364.3214,1787057364.3256,0.03342,1.5824,42.0659,-59.6923,91.4286,-57.8022,24.0741,1.4518,42.8179,-64.5581,91.0320,-57.3747,23.5519,1.4518,42.8179,-64.5581,91.0320,-57.3747,23.5519,0,-700,-200,-150,0,0,0
507,1787057364.3548,1787057364.359,0.0334,1.5824,41.8901,-60.4835,91.1648,-57.8022,24.0079,1.5124,44.5247,-66.3293,90.7194,-57.0692,23.6320,1.5124,44.5247,-66.3293,90.7194,-57.0692,23.6320,0,-50,-400,-100,0,0,0
508,1787057364.3882,1787057364.3923,0.0334,1.5824,42.7692,-62.1538,91.1648,-57.7143,24.0079,1.2657,44.8985,-67.7684,90.7761,-56.8416,23.4991,1.2657,44.8985,-67.7684,90.7761,-56.8416,23.4991,0,250,-600,0,50,0,0
509,1787057364.4216,1787057364.4257,0.03336,1.6703,43.9121,-63.6484,90.9011,-57.6264,23.8757,1.7158,45.6692,-69.5938,90.4429,-56.0874,23.2443,1.7158,45.6692,-69.5938,90.4429,-56.0874,23.2443,0,400,-500,-50,0,-50,0
510,1787057364.455,1787057364.4592,0.0334,1.6703,44.7912,-65.1429,90.9011,-57.3626,23.6772,1.7084,46.1747,-69.2744,90.5777,-55.2141,23.0700,1.7084,46.1747,-69.2744,90.5777,-55.2141,23.0700,0,250,-500,0,50,-100,0
511,1787057364.4884,1787057364.4928,0.03342,1.6703,45.4945,-66.4615,90.8132,-57.0110,23.6111,2.0055,46.7960,-69.8890,91.4358,-54.7951,23.1793,2.0055,46.7960,-69.8890,91.4358,-54.7951,23.1793,0,200,-450,-50,100,0,0
512,1787057364.5218,1787057364.5261,0.03338,1.6703,46.1099,-67.2527,90.9011,-56.3956,23.3466,1.9483,46.8800,-69.6440,91.5860,-54.2535,23.1235,1.9483,46.8800,-69.6440,91.5860,-54.2535,23.1235,0,250,-250,50,200,-100,0
513,1787057364.5551,1787057364.5594,0.03336,1.6703,46.7253,-67.8681,90.8132,-55.8681,23.2804,1.9930,47.4887,-69.8149,92.3395,-54.0866,23.0963,1.9930,47.4887,-69.8149,92.3395,-54.0866,23.0963,0,200,-200,0,200,-50,0
514,1787057364.5886,1787057364.5929,0.03344,1.6703,46.9890,-68.3077,90.9890,-55.3407,23.2804,1.6980,47.6296,-70.7377,92.1319,-53.4217,22.9053,1.6980,47.6296,-70.7377,92.1319,-53.4217,22.9053,0,50,-200,100,200,0,0
515,1787057364.6219,1787057364.6277,0.03335,1.6703,47.2527,-68.6593,91.3407,-54.9890,23.2804,1.6165,47.4400,-70.4385,92.4286,-53.0838,22.6782,1.6165,47.4400,-70.4385,92.4286,-53.0838,22.6782,0,50,-150,100,150,0,0
516,1787057364.6553,1787057364.6596,0.03337,1.5824,47.6044,-69.2747,91.4286,-54.5495,23.2143,2.2825,48.7343,-70.5976,92.3899,-52.6593,22.3838,2.2825,48.7343,-70.5976,92.3899,-52.6593,22.3838,0,100,-250,50,150,-50,0
517,1787057364.6887,1787057364.693,0.03343,1.5824,47.6044,-69.4505,91.5165,-54.1099,23.0159,2.5768,49.1922,-70.6870,91.5350,-52.2755,21.9953,2.5768,49.1922,-70.6870,91.5350,-52.2755,21.9953,0,0,-100,50,150,-150,0
518,1787057364.7221,1787057364.7265,0.03336,1.7582,48.0440,-69.6264,91.5165,-53.5824,22.7513,2.4979,49.4020,-71.1496,91.4207,-51.9423,21.3752,2.4979,49.4020,-71.1496,91.4207,-51.9423,21.3752,50,100,0,0,150,-150,0
519,1787057364.7554,1787057364.7608,0.03335,1.8462,48.8352,-70.0659,91.3407,-53.2308,22.4206,2.7732,49.2346,-71.8057,91.6248,-51.0871,20.5820,2.7732,49.2346,-71.8057,91.6248,-51.0871,20.5820,50,250,-100,-50,100,-100,0
520,1787057364.7888,1787057364.7931,0.0334,1.9341,49.0989,-70.4176,91.2527,-52.8791,22.0238,3.3581,50.0284,-71.3308,91.5717,-50.8450,19.4925,3.3581,50.0284,-71.3308,91.5717,-50.8450,19.4925,50,100,-200,0,100,-200,0
521,1787057364.8222,1787057364.8268,0.03339,2.0220,49.0989,-70.7692,91.2527,-52.3516,21.3624,3.1312,49.8864,-71.6670,91.7716,-50.0192,18.7938,3.1312,49.8864,-71.6670,91.7716,-50.0192,18.7938,0,0,-150,0,150,-250,0
522,1787057364.8556,1787057364.86,0.03337,2.2857,49.5385,-70.9451,91.3407,-51.8242,20.5026,3.3335,50.3435,-71.3358,91.4733,-48.9964,18.3908,3.3335,50.3435,-71.3358,91.4733,-48.9964,18.3908,100,150,-50,50,150,-350,0
523,1787057364.8891,1787057364.8933,0.03346,2.3736,49.7143,-71.1209,91.2527,-51.2967,19.7090,3.3270,50.1983,-70.8532,91.8475,-48.7821,18.4303,3.3270,50.1983,-70.8532,91.8475,-48.7821,18.4303,50,50,-100,0,150,-350,0
524,1787057364.9223,1787057364.9266,0.03326,2.3736,49.8901,-71.2967,91.2527,-50.5055,19.2460,3.4351,50.2313,-70.3706,91.8467,-48.5195,19.0096,3.4351,50.2313,-70.3706,91.8467,-48.5195,19.0096,0,100,-50,0,300,-250,0
525,1787057364.9557,1787057364.9601,0.03341,2.3736,49.9780,-71.3846,91.2527,-49.9780,18.9815,3.4564,50.1088,-69.3292,91.9093,-48.7352,19.7262,3.4564,50.1088,-69.3292,91.9093,-48.7352,19.7262,0,50,0,0,200,-100,0
526,1787057364.9891,1787057364.9934,0.03337,2.3736,49.9780,-71.1209,91.2527,-49.6264,19.0476,3.5864,49.5056,-68.4106,92.1908,-49.7511,20.5961,3.5864,49.5056,-68.4106,92.1908,-49.7511,20.5961,0,0,50,0,100,50,0
527,1787057365.0224,1787057365.0267,0.03335,2.3736,49.9780,-70.5055,91.2527,-49.5385,19.3783,3.5100,49.8123,-66.6645,92.0154,-49.7812,21.0482,3.5100,49.8123,-66.6645,92.0154,-49.7812,21.0482,0,0,150,0,50,50,0
528,1787057365.0559,1787057365.0602,0.03347,2.3736,49.8901,-69.8022,91.2527,-49.6264,19.9074,3.1392,49.2445,-65.8783,91.8181,-50.3941,21.4151,3.1392,49.2445,-65.8783,91.8181,-50.3941,21.4151,0,-50,250,0,-50,250,0
529,1787057365.0893,1787057365.0935,0.03336,2.3736,49.7143,-69.0989,91.2527,-49.7143,20.3704,3.4406,50.2385,-65.6793,91.4805,-50.7179,21.6049,3.4406,50.2385,-65.6793,91.4805,-50.7179,21.6049,0,-50,150,0,0,200,0
530,1787057365.1226,1787057365.1269,0.0333,2.3736,49.3626,-68.0440,91.2527,-49.8901,20.7672,3.6741,50.4060,-64.8260,91.7065,-51.5287,21.8329,3.6741,50.4060,-64.8260,91.7065,-51.5287,21.8329,0,-100,350,0,-50,200,0
531,1787057365.156,1787057365.1604,0.03338,2.5495,49.6264,-67.6044,91.1648,-50.3297,21.0317,3.5847,50.1910,-64.7842,91.4137,-51.6361,21.9871,3.5847,50.1910,-64.7842,91.4137,-51.6361,21.9871,50,0,200,-50,-150,150,0
532,1787057365.1894,1787057365.1941,0.03342,2.6374,49.8022,-66.9890,91.1648,-50.7692,21.2963,3.6897,50.6738,-64.5772,91.4257,-51.8476,21.7154,3.6897,50.6738,-64.5772,91.4257,-51.8476,21.7154,0,100,200,0,-200,100,0
533,1787057365.2227,1787057365.2271,0.03337,2.6374,49.8022,-66.5495,91.1648,-51.1209,21.4947,3.7833,51.1600,-64.4625,90.9941,-52.0551,21.8187,3.7833,51.1600,-64.4625,90.9941,-52.0551,21.8187,0,0,200,0,-100,50,0
534,1787057365.2561,1787057365.2604,0.0334,2.6374,49.8901,-66.2857,91.0769,-51.4725,21.4286,4.0960,51.3843,-64.1050,90.5475,-52.3914,21.7261,4.0960,51.3843,-64.1050,90.5475,-52.3914,21.7261,0,50,100,0,-150,-50,0
535,1787057365.2895,1787057365.2937,0.0334,2.7253,50.0659,-66.0220,90.9011,-51.6484,21.4947,3.8293,51.6373,-64.0488,90.0188,-52.4317,21.7701,3.8293,51.6373,-64.0488,90.0188,-52.4317,21.7701,0,50,50,-50,-100,0,0
536,1787057365.3229,1787057365.3271,0.03339,2.8132,50.3297,-65.7582,90.4615,-52.0000,21.4947,4.2156,52.1389,-62.9692,89.5156,-52.5812,21.8023,4.2156,52.1389,-62.9692,89.5156,-52.5812,21.8023,50,100,50,-100,-100,0,0
537,1787057365.3563,1787057365.3607,0.03341,2.9011,50.5055,-65.5824,90.0220,-52.0000,21.4947,4.4768,52.2372,-63.1594,88.1294,-53.2743,21.7640,4.4768,52.2372,-63.1594,88.1294,-53.2743,21.7640,0,50,100,-150,0,0,0
538,1787057365.3897,1787057365.394,0.03339,2.9890,50.7692,-65.2308,89.5824,-52.2637,21.4947,4.5408,52.8290,-63.0619,87.5054,-52.9316,21.7798,4.5408,52.8290,-63.0619,87.5054,-52.9316,21.7798,50,100,150,-200,-100,0,0
539,1787057365.4231,1787057365.4272,0.03337,3.0769,50.8571,-64.9670,88.8791,-52.6154,21.4947,3.8243,53.0305,-62.8869,86.5724,-52.8652,21.7514,3.8243,53.0305,-62.8869,86.5724,-52.8652,21.7514,0,0,100,-250,-100,0,0
540,1787057365.4566,1787057365.4608,0.03348,3.0769,51.1209,-64.7033,88.0000,-52.6154,21.4947,4.4445,53.5759,-63.3037,86.2261,-52.8019,21.9590,4.4445,53.5759,-63.3037,86.2261,-52.8019,21.9590,0,150,50,-250,0,0,0
541,1787057365.4899,1787057365.4941,0.03327,3.0769,51.4725,-64.6154,87.2967,-52.6154,21.4947,4.1482,54.0437,-63.4958,85.2044,-52.8818,21.7675,4.1482,54.0437,-63.4958,85.2044,-52.8818,21.7675,0,100,50,-250,0,0,0
542,1787057365.5232,1787057365.5274,0.03338,3.2527,51.9121,-64.6154,86.5934,-52.6154,21.4947,4.3544,54.3884,-63.7787,84.7443,-53.2705,21.7626,4.3544,54.3884,-63.7787,84.7443,-53.2705,21.7626,50,200,0,-250,0,0,0
543,1787057365.5567,1787057365.5611,0.03343,3.3407,52.4396,-64.6154,85.8901,-52.6154,21.4947,4.1428,56.0487,-65.0447,85.0112,-53.1477,21.7031,4.1428,56.0487,-65.0447,85.0112,-53.1477,21.7031,0,150,0,-250,0,0,0
544,1787057365.59,1787057365.5943,0.03335,3.6044,53.3187,-64.6154,85.3626,-52.7033,21.4947,3.8739,56.3080,-65.3091,84.3360,-53.1175,21.7432,3.8739,56.3080,-65.3091,84.3360,-53.1175,21.7432,100,250,0,-150,0,0,0
545,1787057365.6234,1787057365.6277,0.03339,3.8681,54.4615,-64.7912,85.2747,-52.8791,21.4947,4.5051,58.0138,-66.3113,83.7750,-52.6363,21.8863,4.5051,58.0138,-66.3113,83.7750,-52.6363,21.8863,100,300,-50,-50,-50,0,0
546,1787057365.6568,1787057365.6611,0.03343,3.9560,55.6923,-65.1429,84.5714,-52.9670,21.4947,4.1610,59.1485,-67.8492,84.2309,-52.3381,21.7938,4.1610,59.1485,-67.8492,84.2309,-52.3381,21.7938,50,400,-100,-200,-50,0,0
547,1787057365.6902,1787057365.6944,0.03335,3.8681,56.2198,-65.7582,84.0440,-52.9670,21.4947,3.6984,59.5381,-68.8803,84.5606,-52.3441,21.6436,3.6984,59.5381,-68.8803,84.5606,-52.3441,21.6436,-50,200,-250,-250,0,0,0
548,1787057365.7236,1787057365.7279,0.03341,3.8681,57.2747,-66.8132,84.0440,-52.8791,21.4947,3.5927,60.2202,-69.7526,84.3235,-52.4456,21.7773,3.5927,60.2202,-69.7526,84.3235,-52.4456,21.7773,0,300,-300,0,0,0,0
549,1787057365.757,1787057365.7614,0.03341,3.8681,58.3297,-67.8681,84.0440,-52.8791,21.4286,3.5964,60.4322,-69.8208,84.3835,-52.7484,21.6595,3.5964,60.4322,-69.8208,84.3835,-52.7484,21.6595,0,350,-400,0,0,-50,0
550,1787057365.7904,1787057366.0125,0.0334,3.8681,58.6813,-68.7473,84.0440,-52.8791,21.4286,3.2468,35.0761,-42.8551,82.7322,-48.6766,21.6076,3.2468,35.0761,-42.8551,82.7322,-48.6766,21.6076,0,100,-300,0,0,0,1
551,1787057366.0137,1787057366.0185,0.22332,3.7802,60.4396,-69.8022,83.9560,-52.8791,21.4286,3.3388,35.5774,-44.1394,82.4967,-48.8833,21.4619,3.3388,35.5774,-44.1394,82.4967,-48.8833,21.4619,0,0,0,0,0,0,1
552,1787057366.0471,1787057366.0515,0.03334,3.7802,60.4396,-69.8022,83.8681,-52.8791,21.4286,3.2735,35.8233,-44.8190,82.8605,-48.9167,21.7763,3.2735,35.8233,-44.8190,82.8605,-48.9167,21.7763,0,0,0,0,0,0,0
553,1787057366.0804,1787057366.0847,0.03332,3.7802,60.0000,-69.1868,83.0769,-52.2637,21.4286,3.3457,35.9709,-45.0316,82.8860,-48.4045,21.6072,3.3457,35.9709,-45.0316,82.8860,-48.4045,21.6072,0,-50,50,-250,300,0,0
554,1787057366.1138,1787057366.1181,0.03339,3.6044,57.8901,-66.7253,82.6374,-51.1209,21.4286,3.8519,37.6091,-45.3325,82.7957,-48.9035,21.4186,3.8519,37.6091,-45.3325,82.7957,-48.9035,21.4186,-50,-650,850,-50,400,0,0
555,1787057366.1471,1787057366.1514,0.03336,3.5165,54.3736,-62.1538,82.5495,-50.5055,21.4286,3.4206,37.3274,-45.2748,82.1411,-48.7805,21.5783,3.4206,37.3274,-45.2748,82.1411,-48.7805,21.5783,-50,-1250,1550,-100,200,0,0
556,1787057366.1805,1787057366.1848,0.03339,3.5165,49.9780,-57.0549,82.4615,-50.3297,21.4286,3.4033,37.0446,-46.0032,82.3506,-48.7997,21.4897,3.4033,37.0446,-46.0032,82.3506,-48.7997,21.4897,0,-1450,1800,0,50,0,0
557,1787057366.2139,1787057366.2183,0.03338,3.7802,45.5824,-52.3077,82.2857,-49.9780,21.4286,3.7915,37.7090,-45.7550,81.6016,-48.7132,21.3838,3.7915,37.7090,-45.7550,81.6016,-48.7132,21.3838,100,-1500,1750,-50,150,0,0
558,1787057366.2473,1787057366.2514,0.03336,3.8681,42.4176,-49.4945,82.2857,-49.7143,21.4947,4.3611,39.1885,-46.0021,81.7794,-48.8147,21.6348,4.3611,39.1885,-46.0021,81.7794,-48.8147,21.6348,50,-1000,900,0,100,0,0
559,1787057366.2806,1787057366.2848,0.03337,4.0440,41.2747,-48.3516,82.0220,-49.5385,21.4947,4.0601,39.3469,-45.0854,80.7373,-49.1453,21.5780,4.0601,39.3469,-45.0854,80.7373,-49.1453,21.5780,50,-650,550,-100,50,0,0
560,1787057366.314,1787057366.3181,0.03337,4.1319,41.2747,-47.7363,81.9341,-49.4505,21.4947,4.4517,39.8135,-46.5895,80.6022,-49.6847,21.7439,4.4517,39.8135,-46.5895,80.6022,-49.6847,21.7439,0,0,150,0,0,0,0
561,1787057366.3474,1787057366.3515,0.03342,4.1319,41.2747,-47.0330,81.2308,-49.4505,21.4286,4.2892,40.1968,-45.2015,79.9050,-49.2768,21.7948,4.2892,40.1968,-45.2015,79.9050,-49.2768,21.7948,0,0,200,-250,0,-50,0
562,1787057366.3808,1787057366.385,0.03335,4.1319,41.2747,-46.8571,80.7912,-49.4505,21.4286,4.4366,40.5287,-45.6096,79.7207,-49.2490,21.7507,4.4366,40.5287,-45.6096,79.7207,-49.2490,21.7507,0,0,200,-200,0,0,0
563,1787057366.4141,1787057366.4183,0.03336,4.1319,41.2747,-46.6813,80.2637,-49.4505,21.4286,4.4829,40.8320,-44.8654,78.8659,-48.8916,21.8744,4.4829,40.8320,-44.8654,78.8659,-48.8916,21.8744,0,0,50,-200,0,0,0
564,1787057366.4475,1787057366.4518,0.03338,4.2198,41.2747,-46.1538,79.9121,-49.4505,21.4286,4.2361,41.3455,-44.8591,78.4704,-49.1257,22.0110,4.2361,41.3455,-44.8591,78.4704,-49.1257,22.0110,50,0,200,-150,0,0,0
565,1787057366.4809,1787057366.4851,0.03335,4.2198,41.2747,-45.9780,79.3846,-49.4505,21.4286,4.2093,41.6911,-44.3216,78.0087,-49.7751,21.8727,4.2093,41.6911,-44.3216,78.0087,-49.7751,21.8727,0,0,100,-150,0,0,0
566,1787057366.5143,1787057366.5184,0.0334,4.2198,41.3626,-45.7143,78.8571,-49.4505,21.4947,4.5372,42.5389,-43.9793,77.5174,-49.3248,22.0400,4.5372,42.5389,-43.9793,77.5174,-49.3248,22.0400,0,0,100,-150,0,50,0
567,1787057366.5477,1787057366.552,0.0334,4.2198,41.6264,-45.2747,78.3297,-49.4505,21.4947,4.4774,42.2061,-44.2992,76.9628,-48.8541,22.1300,4.4774,42.2061,-44.2992,76.9628,-48.8541,22.1300,0,100,150,-150,0,0,0
568,1787057366.581,1787057366.5853,0.03333,4.2198,42.0659,-45.0110,77.8022,-49.4505,21.6270,4.1933,43.4838,-44.5957,76.1524,-49.6717,22.2393,4.1933,43.4838,-44.5957,76.1524,-49.6717,22.2393,0,150,50,-150,0,50,0
569,1787057366.6144,1787057366.6187,0.03337,4.2198,42.0659,-45.0110,77.3626,-49.4505,21.7593,4.5834,43.5706,-45.0030,75.8855,-49.5196,22.1043,4.5834,43.5706,-45.0030,75.8855,-49.5196,22.1043,0,50,0,-150,0,50,0
570,1787057366.6478,1787057366.6521,0.03339,4.2198,42.5055,-45.0110,76.7473,-49.4505,21.8254,4.8122,44.0992,-45.4208,75.5141,-49.5945,22.3684,4.8122,44.0992,-45.4208,75.5141,-49.5945,22.3684,0,150,0,-200,0,50,0
571,1787057366.6811,1787057366.6854,0.03336,4.2198,43.0330,-45.0989,76.2198,-49.4505,21.8254,4.7726,44.8899,-44.3499,75.4926,-49.9738,22.2285,4.7726,44.8899,-44.3499,75.4926,-49.9738,22.2285,0,150,-50,-150,0,0,0
572,1787057366.7145,1787057366.7188,0.03339,4.3077,43.4725,-45.1868,75.8681,-49.4505,21.8915,4.9967,44.5886,-45.4514,74.3268,-49.8437,22.2906,4.9967,44.5886,-45.4514,74.3268,-49.8437,22.2906,50,150,0,-150,0,50,0
573,1787057366.7479,1787057366.7522,0.03339,4.3956,43.8242,-45.2747,75.6044,-49.6264,21.9577,5.0898,44.9426,-44.9276,73.6338,-49.9687,22.3088,5.0898,44.9426,-44.9276,73.6338,-49.9687,22.3088,50,100,0,-100,-100,50,0
574,1787057366.7812,1787057366.7855,0.03332,4.3956,44.0000,-45.3626,74.9011,-49.7143,21.9577,4.8435,45.5626,-44.8578,73.6319,-49.7082,22.2944,4.8435,45.5626,-44.8578,73.6319,-49.7082,22.2944,0,100,-50,-200,-50,0,0
575,1787057366.8147,1787057366.8193,0.03342,4.3956,44.2637,-45.4505,74.1978,-49.8022,22.0899,4.5670,45.6043,-44.6543,73.0311,-49.1490,22.3053,4.5670,45.6043,-44.6543,73.0311,-49.1490,22.3053,0,100,-50,-250,0,50,0
576,1787057366.8481,1787057366.8525,0.0334,4.3956,44.7033,-45.4505,73.8462,-49.8022,22.0899,5.0327,46.1330,-44.0145,72.7384,-49.3604,22.3088,5.0327,46.1330,-44.0145,72.7384,-49.3604,22.3088,0,200,0,-50,0,0,0
577,1787057366.8814,1787057366.8857,0.03332,4.3956,44.9670,-45.4505,73.3187,-49.8022,22.0899,4.9072,46.3272,-44.0806,71.7657,-50.0826,22.2241,4.9072,46.3272,-44.0806,71.7657,-50.0826,22.2241,0,50,0,-200,0,0,0
578,1787057366.9148,1787057366.919,0.03338,4.3956,45.1429,-45.4505,72.9670,-49.8022,22.0899,4.9222,47.1812,-44.0899,71.3167,-49.9043,22.1750,4.9222,47.1812,-44.0899,71.3167,-49.9043,22.1750,0,0,0,-100,0,0,0
579,1787057366.9481,1787057366.9524,0.03339,4.3956,45.4066,-45.4505,72.3516,-49.8022,22.0899,4.3473,47.4101,-44.2699,71.4182,-49.7422,22.2421,4.3473,47.4101,-44.2699,71.4182,-49.7422,22.2421,0,150,0,-250,0,0,0
580,1787057366.9815,1787057366.9857,0.03336,4.3956,46.0220,-45.4505,71.8242,-49.8901,22.0899,4.1537,47.0751,-44.0615,70.7921,-50.3661,22.1955,4.1537,47.0751,-44.0615,70.7921,-50.3661,22.1955,0,200,0,-200,0,0,0
581,1787057367.0149,1787057367.0191,0.03336,4.3956,46.4615,-45.4505,71.7363,-49.8901,22.0899,4.9682,47.3752,-43.7444,70.9690,-50.0033,22.2065,4.9682,47.3752,-43.7444,70.9690,-50.0033,22.2065,0,100,0,-50,0,0,0
582,1787057367.0483,1787057367.0526,0.0334,4.3956,46.8132,-45.4505,71.2088,-49.9780,22.0899,5.1479,47.5810,-43.9342,70.9895,-50.5322,22.2191,5.1479,47.5810,-43.9342,70.9895,-50.5322,22.2191,0,200,0,-200,-50,0,0
583,1787057367.0816,1787057367.086,0.03334,4.5714,47.1648,-45.3626,71.0330,-50.0659,22.0899,5.1341,47.3172,-44.6413,71.5981,-50.5822,22.3037,5.1341,47.3172,-44.6413,71.5981,-50.5822,22.3037,50,100,50,-100,-50,0,0
584,1787057367.115,1787057367.1192,0.03337,4.8352,47.3407,-45.2747,71.0330,-50.3297,22.0899,5.2990,48.3291,-43.8264,71.3184,-50.4346,22.2419,5.2990,48.3291,-43.8264,71.3184,-50.4346,22.2419,100,50,50,0,-50,0,0
585,1787057367.1484,1787057367.1526,0.03339,4.8352,47.3407,-45.2747,71.0330,-50.4176,22.0899,5.6301,47.0968,-43.9641,71.3566,-50.6471,22.2269,5.6301,47.0968,-43.9641,71.3566,-50.6471,22.2269,0,0,0,0,-50,0,0
586,1787057367.1817,1787057367.186,0.03336,4.8352,47.5165,-45.2747,71.0330,-50.4176,22.0899,5.4955,47.7658,-43.1526,70.6802,-50.7273,22.1976,5.4955,47.7658,-43.1526,70.6802,-50.7273,22.1976,0,50,0,0,0,0,0
587,1787057367.2151,1787057367.2194,0.03335,4.8352,47.6923,-45.2747,71.0330,-50.5055,22.0899,5.1417,47.0985,-43.8142,71.0262,-50.7923,22.3804,5.1417,47.0985,-43.8142,71.0262,-50.7923,22.3804,0,50,0,0,0,0,0
588,1787057367.2485,1787057367.2527,0.03341,4.9231,47.6044,-45.0110,70.6813,-50.6813,22.0899,5.4714,47.4835,-44.0927,70.4024,-51.1801,22.1164,5.4714,47.4835,-44.0927,70.4024,-51.1801,22.1164,50,0,100,-100,-100,0,0
589,1787057367.2818,1787057367.2861,0.03333,4.9231,47.6044,-44.9231,70.6813,-50.6813,22.0899,5.3992,48.0201,-44.2469,71.2772,-50.9857,22.2576,5.3992,48.0201,-44.2469,71.2772,-50.9857,22.2576,0,0,0,0,0,0,0
590,1787057367.3152,1787057367.3195,0.03337,4.9231,47.6044,-44.9231,70.5055,-50.8571,22.0899,5.7512,48.1187,-44.0218,70.4956,-51.3067,22.2640,5.7512,48.1187,-44.0218,70.4956,-51.3067,22.2640,0,0,0,-50,-100,0,0
591,1787057367.3486,1787057367.3531,0.0334,5.0110,47.6923,-44.9231,70.5055,-50.9451,22.0899,5.4674,48.7665,-46.2928,71.3931,-52.0597,22.2378,5.4674,48.7665,-46.2928,71.3931,-52.0597,22.2378,0,0,0,0,0,0,0
592,1787057367.3819,1787057367.3862,0.03336,5.0110,47.7802,-44.9231,70.3297,-51.1209,22.0899,5.4707,49.6945,-46.3407,71.3001,-51.9879,22.2379,5.4707,49.6945,-46.3407,71.3001,-51.9879,22.2379,0,50,0,-100,-100,0,0
593,1787057367.4153,1787057367.42,0.03338,5.1868,48.2198,-45.2747,70.3297,-51.5604,22.0899,5.6185,50.1854,-46.8912,71.1308,-51.6220,22.3213,5.6185,50.1854,-46.8912,71.1308,-51.6220,22.3213,50,100,-200,0,-100,0,0
594,1787057367.4487,1787057367.453,0.03339,5.3626,48.9231,-46.0659,70.3297,-51.6484,22.0899,5.0207,50.8215,-47.4064,71.1648,-52.3037,22.3738,5.0207,50.8215,-47.4064,71.1648,-52.3037,22.3738,100,250,-300,0,-50,0,0
595,1787057367.4821,1787057367.487,0.0334,5.4505,49.5385,-46.5934,70.3297,-51.6484,22.0899,5.2192,50.4865,-47.5152,71.5528,-52.2291,22.3553,5.2192,50.4865,-47.5152,71.5528,-52.2291,22.3553,50,250,-200,0,0,0,0
596,1787057367.5155,1787057367.52,0.03338,5.4505,50.0659,-47.0330,70.3297,-51.9121,22.0899,5.2628,51.7281,-48.1034,72.0119,-52.8497,22.2858,5.2628,51.7281,-48.1034,72.0119,-52.8497,22.2858,0,200,-200,0,-150,0,0
597,1787057367.5489,1787057367.5532,0.03338,5.4505,50.1538,-47.2967,70.4176,-52.0000,22.0899,5.0560,52.3936,-49.8350,72.6537,-53.0105,22.4324,5.0560,52.3936,-49.8350,72.6537,-53.0105,22.4324,0,0,-100,0,-50,0,0
598,1787057367.5822,1787057367.587,0.03334,5.4505,50.7692,-47.8242,70.5934,-52.3516,22.0899,4.6634,51.7185,-49.5691,73.0066,-53.1246,22.2649,4.6634,51.7185,-49.5691,73.0066,-53.1246,22.2649,0,100,-200,100,-100,0,0
599,1787057367.6156,1787057367.62,0.03342,5.5385,51.4725,-48.6154,70.9451,-52.6154,22.0899,4.7653,53.1411,-50.9978,73.1151,-53.1432,22.4176,4.7653,53.1411,-50.9978,73.1151,-53.1432,22.4176,50,300,-300,100,-100,0,0
600,1787057367.649,1787057367.8756,0.0334,5.5385,51.5604,-49.0549,71.2967,-52.7912,22.0899,5.6097,34.4325,-33.3133,69.9728,-51.1014,22.5107,5.6097,34.4325,-33.3133,69.9728,-51.1014,22.5107,0,50,-250,150,-50,0,1
601,1787057367.8768,1787057367.8818,0.22778,5.5385,53.0549,-50.8132,71.6484,-52.9670,22.0899,5.6667,34.5495,-33.9480,69.8578,-51.2173,22.5313,5.6667,34.5495,-33.9480,69.8578,-51.2173,22.5313,0,50,0,0,0,0,1
602,1787057367.9101,1787057367.915,0.03331,5.5385,53.1429,-50.8132,71.6484,-52.9670,22.0899,5.4254,35.1696,-35.2254,69.8332,-51.6973,22.5295,5.4254,35.1696,-35.2254,69.8332,-51.6973,22.5295,0,0,0,0,0,0,0
603,1787057367.9435,1787057367.9481,0.0334,5.5385,52.7033,-50.1978,71.1209,-52.7033,22.0899,5.2737,35.3493,-35.8585,70.3270,-51.7611,22.6102,5.2737,35.3493,-35.8585,70.3270,-51.7611,22.6102,0,-150,150,-200,50,0,0
604,1787057367.9769,1787057367.9813,0.03337,5.6264,50.6813,-47.6484,70.2418,-52.4396,22.0899,5.1572,35.8581,-36.6859,70.3442,-51.7862,22.5322,5.1572,35.8581,-36.6859,70.3442,-51.7862,22.5322,50,-500,850,-250,50,0,0
605,1787057368.0103,1787057368.015,0.03343,5.5385,47.6044,-43.7802,70.1538,-52.4396,22.0899,4.8936,35.2697,-36.6150,70.3019,-51.4071,22.4639,4.8936,35.2697,-36.6150,70.3019,-51.4071,22.4639,0,-1050,1200,-50,0,0,0
606,1787057368.0437,1787057368.0486,0.03337,5.5385,44.4396,-40.5275,70.1538,-52.5275,22.0899,4.9401,36.8451,-38.5817,70.8586,-52.4447,22.5728,4.9401,36.8451,-38.5817,70.8586,-52.4447,22.5728,0,-1050,1200,0,-50,0,0
607,1787057368.0771,1787057368.082,0.03337,5.5385,42.0659,-38.9451,70.1538,-52.4396,22.0899,5.1989,37.0630,-38.3860,70.6783,-52.0950,22.6370,5.1989,37.0630,-38.3860,70.6783,-52.0950,22.6370,0,-750,500,0,0,0,0
608,1787057368.1105,1787057368.1152,0.03342,5.5385,41.0989,-38.9451,70.2418,-52.5275,22.1561,4.8031,37.1853,-39.2143,70.5357,-52.5232,22.4855,4.8031,37.1853,-39.2143,70.5357,-52.5232,22.4855,0,-400,-100,50,-50,50,0
609,1787057368.1438,1787057368.1486,0.03333,5.5385,40.8352,-39.1209,70.2418,-52.5275,22.2222,4.9598,37.9869,-39.6140,70.6926,-52.3655,22.5773,4.9598,37.9869,-39.6140,70.6926,-52.3655,22.5773,0,-50,-100,0,0,50,0
610,1787057368.1772,1787057368.182,0.03338,5.5385,40.6593,-39.0330,70.2418,-52.6154,22.2222,5.0609,38.7564,-39.5925,70.5730,-52.8301,22.5834,5.0609,38.7564,-39.5925,70.5730,-52.8301,22.5834,0,-50,0,0,-50,0,0
611,1787057368.2106,1787057368.215,0.03339,5.5385,40.5714,-39.0330,70.2418,-52.6154,22.2222,5.5630,40.5430,-40.9284,70.7215,-53.4313,22.7181,5.5630,40.5430,-40.9284,70.7215,-53.4313,22.7181,0,0,0,0,0,0,0
612,1787057368.2439,1787057368.2483,0.03336,5.5385,40.5714,-39.0330,70.2418,-52.6154,22.2222,5.8204,41.3690,-41.1354,70.7765,-53.4375,22.8938,5.8204,41.3690,-41.1354,70.7765,-53.4375,22.8938,0,0,0,0,0,0,0
613,1787057368.2773,1787057368.282,0.03339,5.6264,40.8352,-39.4725,70.2418,-52.8791,22.2222,5.2993,41.6982,-40.8040,70.2480,-53.6494,22.6872,5.2993,41.6982,-40.8040,70.2480,-53.6494,22.6872,50,150,-150,0,-100,0,0
614,1787057368.3107,1787057368.3149,0.03339,5.7143,41.4505,-40.0000,70.2418,-53.0549,22.3545,5.1181,42.7690,-41.2339,70.9461,-54.2756,22.8522,5.1181,42.7690,-41.2339,70.9461,-54.2756,22.8522,50,200,-150,0,-50,100,0
615,1787057368.3442,1787057368.3489,0.03343,5.7143,41.7143,-40.0879,70.2418,-53.3187,22.4206,5.5808,42.9831,-41.6984,69.8048,-54.4854,22.7015,5.5808,42.9831,-41.6984,69.8048,-54.4854,22.7015,0,100,-50,0,-100,0,0
616,1787057368.3775,1787057368.382,0.03334,5.7143,42.3297,-40.4396,70.2418,-53.7582,22.4868,5.5439,43.9583,-41.6974,70.3767,-54.7712,22.9461,5.5439,43.9583,-41.6974,70.3767,-54.7712,22.9461,0,150,-150,0,-150,50,0
617,1787057368.4109,1787057368.415,0.03341,5.8022,42.9451,-40.7912,70.0659,-54.1099,22.4868,5.1908,44.1133,-41.2951,70.1582,-55.7304,22.6884,5.1908,44.1133,-41.2951,70.1582,-55.7304,22.6884,50,150,-100,0,-100,0,0
618,1787057368.4442,1787057368.4485,0.03333,5.8022,43.5604,-40.9670,69.9780,-54.3736,22.4868,5.5327,44.4312,-40.8625,70.1891,-56.0060,22.6992,5.5327,44.4312,-40.8625,70.1891,-56.0060,22.6992,0,200,-100,-50,-100,0,0
619,1787057368.4777,1787057368.4824,0.03344,5.8022,44.0000,-40.9670,69.8901,-54.9890,22.4868,5.4611,44.1884,-41.8610,70.4304,-55.6767,22.8228,5.4611,44.1884,-41.8610,70.4304,-55.6767,22.8228,0,100,0,0,-200,0,0
620,1787057368.511,1787057368.5154,0.03337,5.8022,44.1758,-40.9670,69.8901,-55.4286,22.4868,5.4952,45.3307,-41.7195,70.2272,-56.2078,22.8431,5.4952,45.3307,-41.7195,70.2272,-56.2078,22.8431,0,50,0,0,-150,0,0
621,1787057368.5444,1787057368.5491,0.03337,5.8022,44.2637,-41.1429,69.8901,-55.4286,22.4868,5.2111,45.4435,-42.2523,70.3168,-56.5859,22.7090,5.2111,45.4435,-42.2523,70.3168,-56.5859,22.7090,0,50,0,0,0,0,0
622,1787057368.5778,1787057368.5823,0.0334,5.8022,44.7033,-41.4945,69.8901,-55.6923,22.4868,5.2204,46.0734,-42.3395,70.2420,-56.4582,22.7092,5.2204,46.0734,-42.3395,70.2420,-56.4582,22.7092,0,150,-100,0,-100,0,0
623,1787057368.6112,1787057368.616,0.03337,5.8022,45.3187,-41.8462,69.8901,-56.0440,22.4868,5.1606,46.0058,-42.7291,70.7909,-56.1845,22.6987,5.1606,46.0058,-42.7291,70.7909,-56.1845,22.6987,0,200,-100,0,-100,0,0
624,1787057368.6446,1787057368.6492,0.03339,5.8022,45.8462,-41.9341,69.8901,-56.1319,22.4868,5.6490,46.9606,-43.9609,70.1737,-55.9085,22.7738,5.6490,46.9606,-43.9609,70.1737,-55.9085,22.7738,0,150,0,0,-50,0,0
625,1787057368.6779,1787057368.6823,0.03339,5.8022,45.9341,-42.1978,69.8901,-56.1319,22.4868,5.2995,47.6361,-45.0156,70.9009,-56.2106,22.8198,5.2995,47.6361,-45.0156,70.9009,-56.2106,22.8198,0,0,-100,0,0,0,0
626,1787057368.7113,1787057368.7157,0.03336,5.8022,46.4615,-42.9011,69.8901,-56.1319,22.4868,5.2412,47.6191,-45.3089,71.0471,-56.3040,22.6982,5.2412,47.6191,-45.3089,71.0471,-56.3040,22.6982,0,200,-300,0,0,0,0
627,1787057368.7447,1787057368.7492,0.03337,5.8901,47.2527,-43.8681,69.9780,-56.1319,22.4868,5.3123,48.9370,-46.1322,70.8566,-56.7020,22.6290,5.3123,48.9370,-46.1322,70.8566,-56.7020,22.6290,50,300,-350,0,0,0,0
628,1787057368.7781,1787057368.7826,0.0334,5.8901,47.5165,-44.3077,70.1538,-56.1319,22.4868,5.1747,49.8745,-46.9314,70.7043,-56.5103,22.6284,5.1747,49.8745,-46.9314,70.7043,-56.5103,22.6284,0,100,-150,50,0,0,0
629,1787057368.8115,1787057368.8162,0.03338,5.8901,48.1319,-44.9231,70.1538,-56.2198,22.4868,5.2345,49.7414,-47.3163,70.5674,-56.5598,22.7234,5.2345,49.7414,-47.3163,70.5674,-56.5598,22.7234,0,200,-250,0,-50,0,0
630,1787057368.8448,1787057368.8495,0.03336,5.8901,49.0989,-45.9780,70.1538,-56.2198,22.4868,5.2011,50.1718,-47.9786,70.6880,-56.5130,22.5351,5.2011,50.1718,-47.9786,70.6880,-56.5130,22.5351,0,300,-300,0,0,0,0
631,1787057368.8782,1787057368.8826,0.0334,5.8901,49.5385,-46.2418,70.1538,-56.2198,22.4868,5.2621,51.1820,-47.4804,71.1703,-57.1315,22.7278,5.2621,51.1820,-47.4804,71.1703,-57.1315,22.7278,0,200,-50,0,0,0,0
632,1787057368.9116,1787057368.9159,0.03335,5.8901,50.0659,-46.7692,70.1538,-56.3077,22.4868,5.2447,50.9153,-47.7768,70.5749,-56.3207,22.5358,5.2447,50.9153,-47.7768,70.5749,-56.3207,22.5358,0,200,-200,0,0,0,0
633,1787057368.9449,1787057368.9493,0.03338,5.8901,50.6813,-47.0330,70.1538,-56.5714,22.4868,5.3764,51.5765,-48.7313,70.8235,-56.5703,22.7116,5.3764,51.5765,-48.7313,70.8235,-56.5703,22.7116,0,250,-150,0,-50,0,0
634,1787057368.9783,1787057368.9829,0.0334,5.8901,50.9451,-47.2967,70.1538,-56.5714,22.4868,5.2576,52.4966,-48.6996,70.1321,-56.9353,22.7382,5.2576,52.4966,-48.6996,70.1321,-56.9353,22.7382,0,100,-100,0,0,0,0
635,1787057369.0117,1787057369.0166,0.03341,5.8901,51.4725,-47.7363,70.1538,-56.5714,22.4868,5.7329,53.8947,-48.5705,69.6078,-56.3684,22.8034,5.7329,53.8947,-48.5705,69.6078,-56.3684,22.8034,0,200,-200,0,0,0,0
636,1787057369.0451,1787057369.05,0.03333,5.8901,52.0879,-48.1758,69.9780,-56.7473,22.4868,5.5666,53.6837,-48.9710,69.7964,-56.6279,22.5038,5.5666,53.6837,-48.9710,69.7964,-56.6279,22.5038,0,250,-150,-50,-50,0,0
637,1787057369.0786,1787057369.0828,0.03349,5.9780,53.0549,-48.3516,69.7143,-56.7473,22.4868,5.7902,54.5859,-49.0255,69.8455,-56.7725,22.5115,5.7902,54.5859,-49.0255,69.8455,-56.7725,22.5115,50,250,-50,-100,0,0,0
638,1787057369.1119,1787057369.1162,0.03337,5.9780,53.4066,-48.4396,69.7143,-56.8352,22.4868,5.7636,54.1625,-49.6965,70.2561,-57.0746,22.5673,5.7636,54.1625,-49.6965,70.2561,-57.0746,22.5673,0,150,-50,0,-50,50,0
639,1787057369.1453,1787057369.15,0.03338,5.9780,53.9341,-48.7912,69.7143,-56.8352,22.4868,5.6464,54.7995,-48.9340,70.0172,-56.5121,22.4196,5.6464,54.7995,-48.9340,70.0172,-56.5121,22.4196,0,200,-200,0,0,-50,0
640,1787057369.1787,1787057369.1838,0.03337,5.9780,54.0220,-49.0549,69.7143,-56.8352,22.4868,6.1413,55.1183,-50.1889,69.9330,-57.3569,22.6899,6.1413,55.1183,-50.1889,69.9330,-57.3569,22.6899,0,50,-150,0,0,0,0
641,1787057369.2121,1787057369.217,0.03338,5.9780,54.3736,-49.1429,69.7143,-56.8352,22.4868,5.9771,56.1481,-50.1512,70.6809,-56.2720,22.6639,5.9771,56.1481,-50.1512,70.6809,-56.2720,22.6639,0,100,0,0,0,0,0
642,1787057369.2455,1787057369.25,0.03339,6.0659,54.8132,-49.4945,69.7143,-56.8352,22.4868,5.9924,55.6439,-50.1566,70.5125,-56.3548,22.5435,5.9924,55.6439,-50.1566,70.5125,-56.3548,22.5435,0,150,-150,0,0,0,0
643,1787057369.2788,1787057369.2835,0.03336,6.0659,55.3407,-49.8462,69.8022,-56.8352,22.4868,5.9500,56.4796,-50.0693,70.4347,-56.8818,22.5728,5.9500,56.4796,-50.0693,70.4347,-56.8818,22.5728,0,200,-150,50,-50,0,0
644,1787057369.3123,1787057369.317,0.03342,6.0659,55.4286,-49.9341,69.8022,-56.8352,22.4868,6.0081,57.3027,-50.4503,69.8214,-56.6424,22.6124,6.0081,57.3027,-50.4503,69.8214,-56.6424,22.6124,0,50,-50,0,0,0,0
645,1787057369.3456,1787057369.3513,0.03337,6.0659,55.6923,-49.9341,69.8022,-56.8352,22.4868,6.1690,56.9087,-51.6516,70.3238,-56.7700,22.4600,6.1690,56.9087,-51.6516,70.3238,-56.7700,22.4600,0,150,0,0,0,0,0
646,1787057369.379,1787057369.3832,0.0334,6.0659,55.9560,-50.2857,69.7143,-56.8352,22.4868,6.5659,57.5617,-51.0723,70.4141,-57.1674,22.4137,6.5659,57.5617,-51.0723,70.4141,-57.1674,22.4137,0,100,-100,0,0,0,0
647,1787057369.4124,1787057369.4165,0.03337,6.0659,56.3077,-50.9011,69.7143,-56.8352,22.4868,6.0558,57.8616,-51.1777,70.4710,-56.8139,22.3492,6.0558,57.8616,-51.1777,70.4710,-56.8139,22.3492,0,100,-200,0,0,0,0
648,1787057369.4457,1787057369.4501,0.03335,6.1538,56.5714,-51.0769,69.8022,-56.8352,22.4868,6.2746,57.9168,-51.3282,70.3880,-57.2228,22.3257,6.2746,57.9168,-51.3282,70.3880,-57.2228,22.3257,0,50,0,0,0,0,0
649,1787057369.4791,1787057369.4834,0.0334,6.1538,56.9231,-51.1648,69.8022,-56.8352,22.4868,6.5034,58.1107,-51.7008,70.1088,-56.9424,22.2525,6.5034,58.1107,-51.7008,70.1088,-56.9424,22.2525,0,150,0,0,0,0,0
650,1787057369.5125,1787057369.7384,0.03337,6.2418,57.1868,-51.1648,69.8022,-56.8352,22.4868,6.4753,42.2647,-36.1210,68.3604,-56.5902,24.2603,6.4753,42.2647,-36.1210,68.3604,-56.5902,24.2603,50,100,0,0,0,0,1
651,1787057369.7396,1787057369.7449,0.22707,6.2418,57.5385,-51.6923,69.8022,-56.8352,22.4868,6.9991,43.4279,-36.3148,68.7613,-56.7274,24.6530,6.9991,43.4279,-36.3148,68.7613,-56.7274,24.6530,0,0,0,0,0,0,1
652,1787057369.7729,1787057369.7777,0.03332,6.2418,57.5385,-51.6923,69.8022,-56.8352,22.4868,6.9124,42.8735,-36.1401,69.4851,-56.9542,24.8298,6.9124,42.8735,-36.1401,69.4851,-56.9542,24.8298,0,0,0,0,0,0,0
653,1787057369.8063,1787057369.8113,0.03337,6.4176,57.2747,-51.0769,69.2747,-56.8352,22.9497,6.6809,42.2113,-36.2984,68.8962,-57.4547,25.1071,6.6809,42.2113,-36.2984,68.8962,-57.4547,25.1071,100,0,200,-200,0,200,0
654,1787057369.8396,1787057369.8445,0.03339,6.5055,54.8132,-48.8791,69.1868,-56.8352,23.8095,6.9654,43.4527,-36.5689,69.6268,-57.4472,25.0135,6.9654,43.4527,-36.5689,69.6268,-57.4472,25.0135,50,-800,900,0,0,400,0
655,1787057369.873,1787057369.8773,0.03333,6.5055,51.7363,-44.9231,69.0110,-57.0989,24.2725,7.1821,43.0387,-36.1766,68.7919,-57.7338,24.8614,7.1821,43.0387,-36.1766,68.7919,-57.7338,24.8614,0,-1100,1300,-50,-100,250,0
656,1787057369.9064,1787057369.9107,0.03343,6.5934,49.1868,-41.6703,68.8352,-57.2747,24.4048,7.3821,43.6532,-36.8546,68.5638,-57.5664,24.9206,7.3821,43.6532,-36.8546,68.5638,-57.5664,24.9206,50,-950,1100,0,-50,100,0
657,1787057369.9398,1787057369.9441,0.0334,6.9451,47.8681,-39.7363,68.6593,-57.4505,24.4048,6.9933,44.2818,-36.4868,68.0867,-58.5694,24.9415,6.9933,44.2818,-36.4868,68.0867,-58.5694,24.9415,100,-500,550,-100,-50,0,0
658,1787057369.9732,1787057369.978,0.03337,7.2088,47.5165,-38.5934,68.4835,-57.4505,24.5370,7.1000,44.3855,-37.4014,68.5089,-58.3436,24.8722,7.1000,44.3855,-37.4014,68.5089,-58.3436,24.8722,150,-50,500,-100,0,50,0
659,1787057370.0066,1787057370.011,0.03339,7.3846,47.2527,-38.0659,68.2198,-57.8901,24.6032,7.0710,45.0056,-36.9468,68.2931,-58.4975,24.8217,7.0710,45.0056,-36.9468,68.2931,-58.4975,24.8217,50,-100,150,-50,-150,100,0
660,1787057370.04,1787057370.0451,0.0334,7.3846,47.0769,-37.9780,68.2198,-57.8901,24.6032,6.8893,45.3853,-35.9564,67.5268,-58.3650,24.9864,6.8893,45.3853,-35.9564,67.5268,-58.3650,24.9864,0,-50,50,0,-50,0,0
661,1787057370.0733,1787057370.0779,0.03335,7.3846,47.0769,-37.8022,68.2198,-58.0659,24.6032,6.9800,45.4289,-36.1908,67.4337,-58.2013,24.9016,6.9800,45.4289,-36.1908,67.4337,-58.2013,24.9016,0,0,50,0,-50,0,0
662,1787057370.1068,1787057370.1111,0.03345,7.3846,47.0769,-37.3626,67.9560,-57.9780,24.6032,6.8614,45.9812,-36.8760,68.0144,-57.7116,24.8729,6.8614,45.9812,-36.8760,68.0144,-57.7116,24.8729,0,0,200,-100,50,0,0
663,1787057370.1401,1787057370.145,0.03336,7.3846,46.9890,-37.0989,67.7802,-57.9780,24.6032,6.9860,46.2187,-35.9530,67.8625,-57.4869,24.9017,6.9860,46.2187,-35.9530,67.8625,-57.4869,24.9017,0,0,100,0,50,0,0
664,1787057370.1735,1787057370.1783,0.03336,7.3846,46.9890,-37.0989,67.7802,-58.0659,24.6032,6.5869,46.3185,-36.8481,67.8109,-58.1239,24.8700,6.5869,46.3185,-36.8481,67.8109,-58.1239,24.8700,0,0,0,0,-50,0,0
665,1787057370.2069,1787057370.2113,0.03345,7.3846,46.9890,-36.8352,67.7802,-57.9780,24.6032,6.9856,46.7577,-36.8059,67.5088,-57.4334,24.8963,6.9856,46.7577,-36.8059,67.5088,-57.4334,24.8963,0,0,100,0,50,0,0
666,1787057370.2403,1787057370.2447,0.03333,7.3846,46.9890,-36.8352,67.7802,-57.9780,24.6032,6.9994,46.7353,-37.7287,68.3260,-57.8894,24.6979,6.9994,46.7353,-37.7287,68.3260,-57.8894,24.6979,0,0,0,0,0,0,0
667,1787057370.2737,1787057370.2784,0.03339,7.3846,46.9890,-36.8352,67.6923,-57.9780,24.5370,7.0129,47.2725,-37.7838,68.1673,-57.9008,24.7738,7.0129,47.2725,-37.7838,68.1673,-57.9008,24.7738,0,0,0,-50,0,-50,0
668,1787057370.307,1787057370.3117,0.03334,7.3846,46.9890,-37.0110,67.6923,-57.9780,24.5370,7.3779,47.7891,-37.7686,68.5112,-58.1875,24.6103,7.3779,47.7891,-37.7686,68.5112,-58.1875,24.6103,0,0,0,0,0,0,0
669,1787057370.3404,1787057370.3446,0.03341,7.3846,47.1648,-37.1868,67.6923,-57.9780,24.5370,7.0182,48.1683,-38.1367,68.2984,-57.4516,24.4859,7.0182,48.1683,-38.1367,68.2984,-57.4516,24.4859,0,50,-50,0,0,0,0
670,1787057370.3738,1787057370.378,0.0334,7.4725,47.5165,-37.6264,67.7802,-57.9780,24.5370,7.6436,48.3858,-38.6069,68.7443,-58.0459,24.4302,7.6436,48.3858,-38.6069,68.7443,-58.0459,24.4302,0,150,-150,50,0,0,0
671,1787057370.4072,1787057370.412,0.0334,7.4725,47.8681,-37.8901,67.7802,-57.9780,24.5370,7.0698,48.9781,-38.8628,68.7774,-57.9333,24.2238,7.0698,48.9781,-38.8628,68.7774,-57.9333,24.2238,0,50,-100,0,0,0,0
672,1787057370.4407,1787057370.4452,0.03344,7.6484,48.0440,-38.2418,67.9560,-57.9780,24.5370,7.3783,49.6773,-40.4615,69.3438,-58.1037,24.4267,7.3783,49.6773,-40.4615,69.3438,-58.1037,24.4267,100,50,-100,50,0,0,0
673,1787057370.474,1787057370.4788,0.03333,7.6484,48.3956,-38.5934,68.0440,-57.9780,24.5370,7.3565,50.4045,-41.0498,69.6860,-57.9901,24.2997,7.3565,50.4045,-41.0498,69.6860,-57.9901,24.2997,0,150,-150,100,0,0,0
674,1787057370.5073,1787057370.512,0.03337,7.6484,48.9231,-39.2967,68.3956,-57.9780,24.5370,6.8666,50.3844,-41.4520,70.0222,-57.8706,24.1776,6.8666,50.3844,-41.4520,70.0222,-57.8706,24.1776,0,200,-200,100,0,0,0
675,1787057370.5407,1787057370.5453,0.03335,7.6484,49.4505,-40.1758,68.6593,-57.9780,24.5370,7.3510,51.1518,-41.6082,69.7884,-57.9362,24.2555,7.3510,51.1518,-41.6082,69.7884,-57.9362,24.2555,0,150,-300,100,0,0,0
676,1787057370.5741,1787057370.5789,0.03341,7.6484,49.8022,-40.7033,69.0110,-57.9780,24.5370,7.2936,51.4476,-42.9151,70.6596,-58.2654,23.7501,7.2936,51.4476,-42.9151,70.6596,-58.2654,23.7501,0,150,-200,100,0,0,0
677,1787057370.6075,1787057370.6122,0.03339,7.6484,50.1538,-41.1429,69.0110,-57.9780,24.4709,7.4073,52.2514,-43.7678,71.2525,-58.2233,23.1219,7.4073,52.2514,-43.7678,71.2525,-58.2233,23.1219,0,150,-100,0,0,0,0
678,1787057370.6409,1787057370.6457,0.03337,7.6484,50.6813,-41.9341,69.4505,-57.9780,24.1402,7.5408,52.2389,-43.7981,70.6440,-57.9982,21.3894,7.5408,52.2389,-43.7981,70.6440,-57.9982,21.3894,0,150,-300,150,0,-150,0
679,1787057370.6743,1787057370.679,0.03344,7.6484,51.1209,-42.8132,69.9780,-57.9780,23.6772,7.0444,51.9114,-43.4409,70.7792,-58.2267,17.9372,7.0444,51.9114,-43.4409,70.7792,-58.2267,17.9372,0,150,-250,150,0,-200,0
680,1787057370.7076,1787057370.712,0.03329,7.6484,51.3846,-43.1648,69.9780,-57.8901,22.8836,7.3839,51.9439,-44.0495,70.5667,-58.5054,13.6630,7.3839,51.9439,-44.0495,70.5667,-58.5054,13.6630,0,100,-150,0,0,-300,0
681,1787057370.741,1787057370.7453,0.03341,7.6484,51.4725,-43.2527,69.9780,-57.9780,21.2963,7.3884,52.4135,-43.8853,70.7993,-59.2446,6.1667,7.3884,52.4135,-43.8853,70.7993,-59.2446,6.1667,0,0,0,0,-50,-700,0
682,1787057370.7744,1787057370.7787,0.03337,7.6484,51.5604,-43.6044,69.9780,-57.9780,18.9815,7.6927,52.8947,-43.0129,70.4600,-59.1831,-0.8791,7.6927,52.8947,-43.0129,70.4600,-59.1831,-0.8791,0,50,-100,0,0,-1150,0
683,1787057370.8077,1787057370.8123,0.03337,7.6484,51.6484,-43.6923,69.9780,-58.4176,15.8730,7.9171,52.5092,-43.5221,70.1878,-59.0047,-0.3949,7.9171,52.5092,-43.5221,70.1878,-59.0047,-0.3949,0,50,-50,0,-200,-1250,0
684,1787057370.8412,1787057370.8455,0.03343,7.7363,51.8242,-43.6923,69.9780,-58.6813,12.3677,7.8774,53.1359,-44.7014,70.3258,-59.0536,0.3291,7.8774,53.1359,-44.7014,70.3258,-59.0536,0.3291,50,50,0,0,-100,-1600,0
685,1787057370.8745,1787057370.8788,0.03331,7.7363,51.9121,-43.6923,69.9780,-58.7692,8.7302,7.8450,52.9831,-45.2364,70.5576,-58.9121,2.2370,7.8450,52.9831,-45.2364,70.5576,-58.9121,2.2370,0,50,0,0,-50,-1600,0
686,1787057370.9079,1787057370.9123,0.03339,7.7363,52.1758,-44.2198,69.9780,-58.6813,5.3571,7.9424,53.3686,-45.9519,70.6912,-59.1364,2.8643,7.9424,53.3686,-45.9519,70.6912,-59.1364,2.8643,0,100,-150,0,50,-1700,0
687,1787057370.9412,1787057370.9456,0.03336,7.7363,52.6154,-44.8352,69.9780,-58.6813,3.5053,7.5681,52.1105,-46.3752,70.5753,-59.2815,3.8622,7.5681,52.1105,-46.3752,70.5753,-59.2815,3.8622,0,150,-250,0,0,-950,0
688,1787057370.9746,1787057370.9789,0.0334,7.7363,52.8791,-45.3626,69.9780,-58.7692,3.1746,7.6277,53.4456,-46.8300,70.8201,-59.2237,4.2297,7.6277,53.4456,-46.8300,70.8201,-59.2237,4.2297,0,100,-200,0,-50,-50,0
689,1787057371.008,1787057371.0123,0.03339,7.7363,52.8791,-45.8022,69.9780,-58.7692,3.7037,7.5518,52.3843,-46.5753,71.0072,-59.1075,4.5747,7.5518,52.3843,-46.5753,71.0072,-59.1075,4.5747,0,0,-150,0,0,200,0
690,1787057371.0413,1787057371.0456,0.03331,7.7363,52.9670,-46.0659,70.0659,-58.8571,3.9021,7.5764,52.8314,-47.5873,71.3617,-59.0037,4.6300,7.5764,52.8314,-47.5873,71.3617,-59.0037,4.6300,0,0,-50,0,0,100,0
691,1787057371.0747,1787057371.079,0.03338,7.7363,53.1429,-46.3297,70.2418,-58.9451,4.1005,7.4639,53.1395,-47.8144,70.6767,-58.6179,4.5643,7.4639,53.1395,-47.8144,70.6767,-58.6179,4.5643,0,50,-50,100,0,150,0
692,1787057371.1081,1787057371.1131,0.03342,7.7363,53.2308,-46.6813,70.4176,-58.9451,4.2328,7.5947,53.3492,-48.2567,71.0843,-59.1213,4.4387,7.5947,53.3492,-48.2567,71.0843,-59.1213,4.4387,0,0,-100,50,0,50,0
693,1787057371.1415,1787057371.1459,0.03335,7.7363,53.2308,-47.0330,70.3297,-58.8571,4.2989,7.5384,52.4929,-49.3061,70.8628,-59.0442,4.2956,7.5384,52.4929,-49.3061,70.8628,-59.0442,4.2956,0,0,-100,0,50,50,0
694,1787057371.1749,1787057371.1793,0.03345,7.7363,53.2308,-47.3846,70.4176,-58.8571,4.2989,7.5401,52.3247,-50.3049,71.9913,-58.7280,3.9479,7.5401,52.3247,-50.3049,71.9913,-58.7280,3.9479,0,0,-100,50,0,0,0
695,1787057371.2083,1787057371.2126,0.03333,7.7363,53.2308,-48.0000,70.5055,-58.8571,4.2989,7.5412,51.3468,-51.6943,72.9091,-59.1030,3.5306,7.5412,51.3468,-51.6943,72.9091,-59.1030,3.5306,0,0,-200,0,-50,0,0
696,1787057371.2416,1787057371.246,0.03335,7.7363,53.3187,-48.8791,70.9451,-58.8571,4.2989,7.0683,49.0333,-53.5211,74.3855,-59.5327,3.0742,7.0683,49.0333,-53.5211,74.3855,-59.5327,3.0742,0,50,-300,100,0,0,0
697,1787057371.275,1787057371.2793,0.03337,7.7363,53.3187,-49.7582,71.6484,-58.8571,3.9683,7.2005,48.0147,-55.9664,76.2004,-59.6753,2.5528,7.2005,48.0147,-55.9664,76.2004,-59.6753,2.5528,0,0,-350,250,0,-150,0
698,1787057371.3084,1787057371.3126,0.03339,7.7363,53.2308,-50.8132,72.6154,-58.9451,3.6376,7.0770,46.1190,-57.2027,77.9370,-59.8220,2.0195,7.0770,46.1190,-57.2027,77.9370,-59.8220,2.0195,0,-50,-350,350,-50,-150,0
699,1787057371.3418,1787057371.3463,0.03342,7.7363,52.9670,-51.9560,74.3736,-59.2088,3.1746,6.8914,44.6970,-58.8999,80.1221,-60.0715,1.9988,6.8914,44.6970,-58.8999,80.1221,-60.0715,1.9988,0,-100,-400,550,-50,-200,0
700,1787057371.3752,1787057371.5953,0.03335,7.7363,52.6154,-53.0989,75.8681,-59.3846,2.7778,8.4047,40.5391,-44.0801,77.8331,-58.6763,2.3387,8.4047,40.5391,-44.0801,77.8331,-58.6763,2.3387,0,-100,-400,450,-50,-200,1
701,1787057371.5965,1787057371.6014,0.22138,7.6484,49.3626,-56.5275,79.7363,-59.7363,2.4471,9.0374,41.4263,-47.0387,78.3002,-58.8055,2.2594,9.0374,41.4263,-47.0387,78.3002,-58.8055,2.2594,0,0,0,50,0,0,1
702,1787057371.6298,1787057371.6343,0.03327,7.6484,49.3626,-56.5275,79.7363,-59.7363,2.4471,9.2855,41.5365,-48.0202,79.0594,-57.3133,2.3398,9.2855,41.5365,-48.0202,79.0594,-57.3133,2.3398,0,0,0,0,0,0,0
703,1787057371.6632,1787057371.6676,0.03337,8.0000,48.7473,-56.0879,79.2967,-59.4725,2.4471,9.1369,41.9854,-50.5665,80.8238,-58.0473,2.1894,9.1369,41.9854,-50.5665,80.8238,-58.0473,2.1894,50,-300,50,-50,100,0,0
704,1787057371.6966,1787057371.7009,0.03341,8.3516,47.5165,-53.9780,79.0330,-58.7692,2.4471,9.1470,41.7759,-51.7426,81.1895,-57.3366,2.2405,9.1470,41.7759,-51.7426,81.1895,-57.3366,2.2405,100,-400,700,-150,250,0,0
705,1787057371.7299,1787057371.7344,0.03336,8.7912,46.6374,-51.5165,80.0879,-58.5055,2.4471,9.2124,42.0208,-53.1249,82.6428,-56.8956,2.1683,9.2124,42.0208,-53.1249,82.6428,-56.8956,2.1683,150,-300,850,400,150,0,0
706,1787057371.7634,1787057371.7677,0.03341,8.8791,46.1978,-49.7582,80.6154,-58.4176,2.4471,9.4166,43.4748,-54.6183,82.9504,-57.4789,2.1428,9.4166,43.4748,-54.6183,82.9504,-57.4789,2.1428,50,-100,650,150,0,0,0
707,1787057371.7968,1787057371.8018,0.03341,9.0549,46.3736,-49.4945,81.2308,-57.8901,2.4471,9.1414,42.9835,-55.5631,83.9661,-56.8364,2.6628,9.1414,42.9835,-55.5631,83.9661,-56.8364,2.6628,50,50,50,200,150,0,0
708,1787057371.8302,1787057371.835,0.03339,9.1429,46.3736,-50.2857,82.0220,-57.8901,2.4471,9.3672,43.3770,-56.2566,84.1455,-56.7150,2.9808,9.3672,43.3770,-56.2566,84.1455,-56.7150,2.9808,50,0,-350,250,0,0,0
709,1787057371.8636,1787057371.8682,0.03341,9.1429,46.2857,-51.7802,82.7253,-57.7143,2.4471,9.1234,44.6871,-55.8906,84.5704,-56.6642,4.2616,9.1234,44.6871,-55.8906,84.5704,-56.6642,4.2616,0,-50,-450,250,50,0,0
710,1787057371.8969,1787057371.9016,0.03335,9.1429,46.1099,-52.9231,83.2527,-57.3626,2.7116,9.5876,44.6487,-55.6140,83.3849,-55.9839,6.8873,9.5876,44.6487,-55.6140,83.3849,-55.9839,6.8873,0,-50,-450,200,50,100,0
711,1787057371.9304,1787057371.935,0.03344,9.1429,46.1099,-53.4505,83.6923,-57.2747,3.1746,9.8866,45.1869,-55.7136,83.7485,-55.5537,10.3493,9.8866,45.1869,-55.7136,83.7485,-55.5537,10.3493,0,0,-150,150,50,250,0
712,1787057371.9637,1787057371.9682,0.03337,9.1429,46.1099,-53.5385,83.6044,-56.8352,4.3651,9.8645,45.3982,-55.3068,83.2421,-55.3333,14.0364,9.8645,45.3982,-55.3068,83.2421,-55.3333,14.0364,0,0,0,-50,100,650,0
713,1787057371.9971,1787057372.0018,0.03337,9.4945,46.1978,-53.6264,83.6044,-56.4835,6.3492,9.5827,46.7563,-55.5124,83.5509,-55.0497,17.7472,9.5827,46.7563,-55.5124,83.5509,-55.0497,17.7472,100,50,-50,0,150,850,0
714,1787057372.0305,1787057372.0351,0.03337,9.5824,46.1978,-53.6264,83.5165,-56.1319,8.9286,9.6598,47.4858,-55.6084,83.6643,-54.9023,21.0371,9.6598,47.4858,-55.6084,83.6643,-54.9023,21.0371,50,0,0,0,150,1100,0
715,1787057372.0639,1787057372.0685,0.03341,9.5824,46.6374,-53.7143,83.5165,-55.7802,11.6402,9.5870,48.2294,-55.5293,83.0353,-54.5671,23.5162,9.5870,48.2294,-55.5293,83.0353,-54.5671,23.5162,0,200,0,0,100,1300,0
716,1787057372.0973,1787057372.1017,0.03342,9.5824,47.4286,-53.9780,83.5165,-55.6044,14.7487,9.7883,48.7989,-55.3540,83.0357,-54.8272,24.9202,9.7883,48.7989,-55.3540,83.0357,-54.8272,24.9202,0,200,-100,0,50,1350,0
717,1787057372.1307,1787057372.1353,0.0334,9.6703,47.9560,-54.3297,83.4286,-55.3407,17.7249,9.4734,48.7185,-55.7227,82.8863,-54.3673,25.4370,9.4734,48.7185,-55.7227,82.8863,-54.3673,25.4370,50,200,-100,0,100,1350,0
718,1787057372.1641,1787057372.1688,0.03336,9.7582,48.3077,-54.5055,83.3407,-55.3407,20.3704,9.8035,48.9843,-55.7723,83.0041,-54.4744,25.5140,9.8035,48.9843,-55.7723,83.0041,-54.4744,25.5140,50,150,-100,0,0,1150,0
719,1787057372.1974,1787057372.2023,0.03338,9.7582,48.4835,-54.7692,83.3407,-55.0769,22.2884,9.4144,49.0153,-55.5981,82.4551,-54.0850,25.3521,9.4144,49.0153,-55.5981,82.4551,-54.0850,25.3521,0,50,-100,0,50,1000,0
720,1787057372.2308,1787057372.2354,0.03337,10.0220,48.8352,-54.8571,83.3407,-54.9011,23.2804,9.2450,49.2438,-55.2269,82.7310,-53.9316,25.0715,9.2450,49.2438,-55.2269,82.7310,-53.9316,25.0715,50,100,-50,0,100,450,0
721,1787057372.2643,1787057372.2688,0.03345,10.0220,49.0989,-54.8571,83.0769,-54.5495,23.8757,9.3083,50.8429,-55.2445,82.7267,-53.2452,24.7056,9.3083,50.8429,-55.2445,82.7267,-53.2452,24.7056,0,100,0,-150,100,200,0
722,1787057372.2976,1787057372.3022,0.03335,10.0220,49.3626,-54.7692,82.9011,-54.3736,24.1402,8.9960,49.8814,-55.5387,82.3129,-53.6011,24.6374,8.9960,49.8814,-55.5387,82.3129,-53.6011,24.6374,0,100,50,-100,100,150,0
723,1787057372.331,1787057372.3363,0.03343,10.0220,50.2418,-54.7692,82.9011,-54.0220,24.2063,9.0169,50.5013,-54.5256,82.3159,-53.4502,24.5211,9.0169,50.5013,-54.5256,82.3159,-53.4502,24.5211,0,250,0,50,100,50,0
724,1787057372.3645,1787057372.3688,0.03341,10.0220,50.8571,-54.7692,82.4615,-54.0220,24.2063,9.2059,51.8203,-54.3120,82.0740,-53.1593,24.2449,9.2059,51.8203,-54.3120,82.0740,-53.1593,24.2449,0,250,0,-200,0,0,0
725,1787057372.3978,1787057372.4022,0.03337,9.9341,51.2967,-54.2418,82.7253,-54.1099,24.2063,9.0765,49.9485,-54.9980,81.6358,-53.1390,24.3422,9.0765,49.9485,-54.9980,81.6358,-53.1390,24.3422,0,150,150,200,0,0,0
726,1787057372.4312,1787057372.4354,0.03338,9.7582,52.1758,-53.9780,82.6374,-53.9341,24.2063,8.8089,51.5913,-54.5787,81.5050,-53.5692,24.3180,8.8089,51.5913,-54.5787,81.5050,-53.5692,24.3180,-50,250,50,50,50,0,0
727,1787057372.4646,1787057372.469,0.03342,9.7582,52.4396,-53.9780,82.2857,-53.7582,24.2063,9.1183,50.9482,-54.2307,81.7584,-52.6472,24.0305,9.1183,50.9482,-54.2307,81.7584,-52.6472,24.0305,0,100,0,-150,100,0,0
728,1787057372.498,1787057372.5023,0.03334,9.7582,52.4396,-53.9780,82.1099,-53.7582,24.2063,9.1644,52.1264,-54.7835,82.1225,-52.9561,24.0558,9.1644,52.1264,-54.7835,82.1225,-52.9561,24.0558,0,0,0,-50,0,0,0
729,1787057372.5314,1787057372.536,0.03344,9.7582,52.4396,-53.8901,82.1099,-53.4945,24.2063,8.6166,51.9078,-54.1485,80.7176,-54.0725,23.7815,8.6166,51.9078,-54.1485,80.7176,-54.0725,23.7815,0,0,50,0,100,0,0
730,1787057372.5648,1787057372.5693,0.03335,9.7582,52.7033,-53.8901,82.1099,-53.4066,24.2063,8.9336,52.4527,-54.2402,81.4823,-53.5964,23.9089,8.9336,52.4527,-54.2402,81.4823,-53.5964,23.9089,0,50,0,0,50,0,0
731,1787057372.5982,1787057372.603,0.0334,9.6703,52.7912,-53.7143,81.7582,-53.6703,24.0741,8.9656,53.2559,-55.1462,81.3429,-54.1604,23.7951,8.9656,53.2559,-55.1462,81.3429,-54.1604,23.7951,0,50,50,-150,-100,-100,0
732,1787057372.6316,1787057372.6359,0.03345,9.5824,53.2308,-53.7143,81.3187,-53.7582,24.0741,9.0502,53.2477,-55.2431,80.6293,-54.2032,23.6295,9.0502,53.2477,-55.2431,80.6293,-54.2032,23.6295,-50,100,0,-200,0,0,0
733,1787057372.665,1787057372.6696,0.03336,9.5824,53.7582,-53.8901,81.4945,-53.8462,24.0079,8.8167,53.7544,-55.3340,80.8129,-55.3133,23.4668,8.8167,53.7544,-55.3340,80.8129,-55.3133,23.4668,0,200,-100,50,0,0,0
734,1787057372.6983,1787057372.7026,0.03337,9.5824,53.9341,-53.8901,81.2308,-53.9341,24.0741,8.5381,53.3799,-55.2884,81.4424,-55.6714,23.4977,8.5381,53.3799,-55.2884,81.4424,-55.6714,23.4977,0,50,0,-150,0,50,0
735,1787057372.7318,1787057372.7362,0.03345,9.5824,53.9341,-53.8901,80.9670,-54.3736,23.7434,8.6185,53.5364,-55.6312,81.4614,-56.3426,23.2737,8.6185,53.5364,-55.6312,81.4614,-56.3426,23.2737,0,0,0,-150,-200,-150,0
736,1787057372.7652,1787057372.7696,0.0334,9.5824,53.9341,-53.8901,81.3187,-54.9890,23.7434,8.7078,54.1764,-56.5039,81.5074,-57.3195,23.2520,8.7078,54.1764,-56.5039,81.5074,-57.3195,23.2520,0,0,0,150,-200,0,0
737,1787057372.7985,1787057372.8034,0.03336,9.5824,53.9341,-53.9780,81.3187,-55.3407,23.6111,8.4932,53.8339,-55.6316,81.6114,-57.8028,23.2090,8.4932,53.8339,-55.6316,81.6114,-57.8028,23.2090,0,0,-50,0,-150,-100,0
738,1787057372.832,1787057372.8364,0.03341,9.5824,54.2857,-54.2418,81.4066,-56.1319,23.4788,8.2223,53.8194,-57.0729,80.8220,-59.2143,23.3547,8.2223,53.8194,-57.0729,80.8220,-59.2143,23.3547,0,150,-100,50,-250,-50,0
739,1787057372.8654,1787057372.87,0.0334,9.5824,54.3736,-54.3297,81.4066,-56.8352,23.4127,8.2233,54.1580,-56.1997,80.6080,-59.2457,23.4210,8.2233,54.1580,-56.1997,80.6080,-59.2457,23.4210,0,0,0,0,-300,0,0
740,1787057372.8987,1787057372.9033,0.03331,9.5824,54.4615,-54.6813,81.3187,-57.6264,23.4127,8.0676,55.1919,-56.3442,80.2169,-59.7203,23.4840,8.0676,55.1919,-56.3442,80.2169,-59.7203,23.4840,0,0,-50,-50,-250,0,0
741,1787057372.9321,1787057372.9364,0.03339,9.5824,54.5495,-54.9451,80.9670,-58.3297,23.4127,8.0493,56.3484,-56.0545,80.0383,-59.9139,23.5960,8.0493,56.3484,-56.0545,80.0383,-59.9139,23.5960,0,50,-150,-100,-200,0,0
742,1787057372.9655,1787057372.9701,0.0334,9.4945,55.0769,-54.9451,80.7912,-58.7692,23.4127,8.3589,56.1112,-56.2077,79.9066,-59.9877,23.5220,8.3589,56.1112,-56.2077,79.9066,-59.9877,23.5220,-50,250,0,-50,-200,0,0
743,1787057372.9988,1787057373.0034,0.03334,9.4945,55.7802,-55.1209,80.6154,-59.2088,23.4127,8.2982,56.8469,-56.4834,79.9849,-60.3133,23.5184,8.2982,56.8469,-56.4834,79.9849,-60.3133,23.5184,0,300,-50,-50,-150,0,0
744,1787057373.0322,1787057373.037,0.03343,9.4945,55.8681,-55.2967,80.4396,-59.3846,23.4127,8.3034,56.6785,-55.6423,79.7392,-60.5338,23.3330,8.3034,56.6785,-55.6423,79.7392,-60.5338,23.3330,0,0,-50,-50,-50,0,0
745,1787057373.0656,1787057373.0704,0.03342,9.4945,56.2198,-55.6484,80.3516,-59.7363,23.4127,7.8665,56.5248,-56.2633,80.5853,-59.9345,23.2701,7.8665,56.5248,-56.2633,80.5853,-59.9345,23.2701,0,100,-100,-50,-100,0,0
746,1787057373.099,1787057373.1037,0.03334,9.4945,56.3077,-55.5604,80.1758,-60.0000,23.4127,8.4343,56.4888,-55.7071,79.5826,-60.0736,23.0791,8.4343,56.4888,-55.7071,79.5826,-60.0736,23.0791,0,100,50,-100,-50,0,0
747,1787057373.1324,1787057373.1367,0.03339,9.4945,56.3077,-55.7363,80.1758,-60.0000,23.4127,7.7605,57.2661,-56.6789,79.7042,-59.8107,23.3078,7.7605,57.2661,-56.6789,79.7042,-59.8107,23.3078,-50,0,-50,0,0,0,0
748,1787057373.1658,1787057373.17,0.03341,9.4066,56.3077,-55.7363,80.1758,-60.0000,23.3466,7.8147,57.2077,-56.3048,80.1828,-60.1692,23.1308,7.8147,57.2077,-56.3048,80.1828,-60.1692,23.1308,0,0,0,0,0,-50,0
749,1787057373.1992,1787057373.2039,0.03339,9.3187,56.6593,-56.0000,80.0879,-60.0000,23.3466,7.7471,57.1181,-56.0541,79.8741,-59.0436,23.1934,7.7471,57.1181,-56.0541,79.8741,-59.0436,23.1934,0,50,-100,-50,0,0,0
750,1787057373.2326,1787057373.4561,0.03338,9.2308,56.8352,-56.0879,80.0879,-60.0000,23.3466,10.7154,49.1389,-50.5143,79.5129,-55.1125,24.1938,10.7154,49.1389,-50.5143,79.5129,-55.1125,24.1938,-50,100,-50,0,0,0,1
751,1787057373.4573,1787057373.4621,0.2247,9.2308,56.8352,-56.0000,79.9121,-59.5604,23.2804,10.9468,50.6630,-52.2506,79.2909,-54.8705,24.3945,10.9468,50.6630,-52.2506,79.2909,-54.8705,24.3945,0,0,0,0,0,0,1
752,1787057373.4905,1787057373.495,0.03328,9.2308,56.8352,-56.0000,79.9121,-59.5604,23.2804,10.6919,50.8593,-54.1912,79.5425,-54.7846,24.6459,10.6919,50.8593,-54.1912,79.5425,-54.7846,24.6459,0,0,0,0,0,0,0
753,1787057373.5239,1787057373.5283,0.03335,9.4945,56.3077,-55.2967,79.5604,-58.6813,23.6111,10.4737,50.7626,-54.5765,79.4995,-54.9569,24.8991,10.4737,50.7626,-54.5765,79.4995,-54.9569,24.8991,50,-150,250,-100,150,150,0
754,1787057373.5573,1787057373.5616,0.03339,9.9341,54.9890,-53.9780,79.4725,-57.1868,24.0741,10.5980,51.5899,-55.6867,79.1451,-55.4042,25.2229,10.5980,51.5899,-55.6867,79.1451,-55.4042,25.2229,100,-500,450,-50,550,150,0
755,1787057373.5906,1787057373.595,0.03336,10.2857,54.3736,-53.7143,79.6484,-56.4835,24.3386,10.2775,50.7886,-55.2705,79.5453,-54.7577,25.5554,10.2775,50.7886,-55.2705,79.5453,-54.7577,25.5554,100,-300,150,100,250,150,0
756,1787057373.624,1787057373.6284,0.03333,10.3736,54.3736,-54.1538,79.6484,-56.3077,24.6693,9.7696,51.6623,-58.4082,79.5083,-54.8559,25.9859,9.7696,51.6623,-58.4082,79.5083,-54.8559,25.9859,50,0,-150,50,100,150,0
757,1787057373.6574,1787057373.6617,0.0334,10.3736,54.3736,-54.1538,79.6484,-55.8681,25.0000,9.9456,52.2432,-58.1704,79.9223,-55.1674,26.2644,9.9456,52.2432,-58.1704,79.9223,-55.1674,26.2644,0,0,0,0,150,150,0
758,1787057373.6907,1787057373.6951,0.03337,10.3736,54.3736,-54.5055,79.6484,-55.6044,25.3968,9.2788,51.5223,-58.6172,80.0135,-54.6653,26.2838,9.2788,51.5223,-58.6172,80.0135,-54.6653,26.2838,0,0,-50,0,100,150,0
759,1787057373.7241,1787057373.7284,0.03336,10.2857,54.4615,-55.2967,79.6484,-55.4286,25.6614,9.0831,52.6069,-58.8600,79.9227,-54.4731,26.4541,9.0831,52.6069,-58.8600,79.9227,-54.4731,26.4541,-50,50,-250,0,50,150,0
760,1787057373.7575,1787057373.7617,0.0334,10.1978,54.4615,-55.6484,79.7363,-55.4286,25.8598,8.8624,52.0799,-59.8950,79.7099,-54.5180,26.8933,8.8624,52.0799,-59.8950,79.7099,-54.5180,26.8933,0,0,-150,50,0,50,0
761,1787057373.7909,1787057373.7953,0.03342,10.1978,54.4615,-56.0879,79.7363,-55.1648,25.9921,8.8502,52.3957,-59.6697,79.6966,-53.9917,27.2390,8.8502,52.3957,-59.6697,79.6966,-53.9917,27.2390,0,0,-150,0,100,100,0
762,1787057373.8242,1787057373.8288,0.03333,9.9341,54.4615,-56.7033,79.7363,-55.0769,26.3228,9.1390,52.4815,-59.0353,79.6359,-52.7169,27.3425,9.1390,52.4815,-59.0353,79.6359,-52.7169,27.3425,-100,0,-250,0,0,150,0
763,1787057373.8576,1787057373.862,0.03337,9.8462,54.4615,-56.9670,79.7363,-54.7253,26.6534,9.1723,51.5154,-58.8614,79.6888,-52.8069,27.4137,9.1723,51.5154,-58.8614,79.6888,-52.8069,27.4137,0,0,-50,0,100,100,0
764,1787057373.8911,1787057373.8954,0.03344,9.8462,54.4615,-56.9670,79.7363,-54.1099,26.9180,8.9858,52.2356,-58.6759,80.1732,-52.7783,27.6695,8.9858,52.2356,-58.6759,80.1732,-52.7783,27.6695,0,0,0,0,150,100,0
765,1787057373.9244,1787057373.9287,0.03331,9.8462,54.4615,-56.9670,79.7363,-53.6703,27.0503,9.2622,51.9448,-58.0599,79.2083,-52.7514,27.7221,9.2622,51.9448,-58.0599,79.2083,-52.7514,27.7221,0,0,0,0,150,50,0
766,1787057373.9578,1787057373.962,0.0334,9.8462,54.4615,-56.9670,79.7363,-53.4945,27.2487,9.3576,52.2813,-58.1976,79.4476,-53.1332,27.7625,9.3576,52.2813,-58.1976,79.4476,-53.1332,27.7625,0,0,0,0,100,150,0
767,1787057373.9911,1787057373.9954,0.03335,9.8462,54.4615,-56.9670,79.6484,-53.4066,27.3810,9.3684,52.7982,-57.2035,79.5804,-53.5176,27.6524,9.3684,52.7982,-57.2035,79.5804,-53.5176,27.6524,0,0,0,-50,50,50,0
768,1787057374.0245,1787057374.0292,0.0334,9.8462,54.4615,-56.9670,79.7363,-53.4066,27.3810,9.9084,52.1266,-57.8591,78.9087,-53.5874,27.4387,9.9084,52.1266,-57.8591,78.9087,-53.5874,27.4387,0,0,0,50,0,0,0
769,1787057374.0579,1787057374.0624,0.03339,9.8462,54.4615,-56.8791,79.7363,-53.4066,27.3810,9.5062,52.0345,-58.1090,78.8900,-53.1417,27.7639,9.5062,52.0345,-58.1090,78.8900,-53.1417,27.7639,0,0,50,0,0,0,0
770,1787057374.0913,1787057374.0961,0.0334,9.8462,54.4615,-56.7912,79.5604,-53.4066,27.3810,8.7700,51.8652,-56.8807,78.6920,-53.1381,27.8219,8.7700,51.8652,-56.8807,78.6920,-53.1381,27.8219,0,0,50,-50,0,0,0
771,1787057374.1246,1787057374.1294,0.03333,9.8462,54.4615,-56.7912,79.4725,-53.4066,27.5132,9.6308,53.1122,-56.8357,78.7048,-54.0370,27.2426,9.6308,53.1122,-56.8357,78.7048,-54.0370,27.2426,0,0,0,0,0,0,0
772,1787057374.158,1787057374.1626,0.03338,9.8462,54.4615,-56.6154,79.4725,-53.4066,27.5132,9.6739,52.7537,-56.5436,78.9284,-54.1771,27.1888,9.6739,52.7537,-56.5436,78.9284,-54.1771,27.1888,0,0,50,0,0,0,0
773,1787057374.1914,1787057374.196,0.03341,9.8462,54.4615,-56.3516,79.4725,-53.5824,27.4471,9.2212,53.1461,-56.3767,78.4144,-53.2763,27.1973,9.2212,53.1461,-56.3767,78.4144,-53.2763,27.1973,0,0,200,0,-50,-50,0
774,1787057374.2248,1787057374.2294,0.03337,9.8462,54.4615,-56.2637,79.4725,-53.7582,27.3810,9.8089,53.9368,-57.5674,79.4857,-54.0069,27.3278,9.8089,53.9368,-57.5674,79.4857,-54.0069,27.3278,0,0,0,0,-50,-50,0
775,1787057374.2582,1787057374.2627,0.0334,9.8462,54.5495,-56.2637,79.2967,-53.6703,27.3810,9.1347,53.0007,-57.1748,78.7948,-53.4059,26.9245,9.1347,53.0007,-57.1748,78.7948,-53.4059,26.9245,0,50,0,-50,0,0,0
776,1787057374.2916,1787057374.2963,0.03341,9.8462,54.5495,-56.2637,79.2088,-53.7582,27.3810,9.7174,53.2815,-57.9401,78.2482,-54.3074,26.9138,9.7174,53.2815,-57.9401,78.2482,-54.3074,26.9138,0,0,0,0,-50,0,0
777,1787057374.325,1787057374.3295,0.03335,9.8462,54.5495,-56.2637,79.2088,-53.6703,27.1825,9.6308,54.0809,-57.6894,78.5224,-54.4663,27.1041,9.6308,54.0809,-57.6894,78.5224,-54.4663,27.1041,0,0,0,-50,50,-50,0
778,1787057374.3584,1787057374.3626,0.0334,9.8462,54.5495,-56.2637,78.9451,-53.8462,27.1164,9.5477,54.5470,-58.1162,78.3195,-53.9567,26.9617,9.5477,54.5470,-58.1162,78.3195,-53.9567,26.9617,0,0,0,-100,-50,-50,0
779,1787057374.3917,1787057374.3959,0.03334,9.8462,54.8132,-56.2637,78.9451,-54.0220,27.1164,9.5857,53.2460,-57.8877,78.4610,-54.8406,26.8266,9.5857,53.2460,-57.8877,78.4610,-54.8406,26.8266,0,100,0,0,-50,0,0
780,1787057374.4251,1787057374.4305,0.03344,9.8462,55.1648,-56.2637,78.7692,-54.1978,27.1164,9.8870,54.4018,-58.2265,78.1648,-55.1915,26.9501,9.8870,54.4018,-58.2265,78.1648,-55.1915,26.9501,0,100,0,-100,-50,0,0
781,1787057374.4585,1787057374.4631,0.03335,9.8462,55.2527,-56.2637,78.7692,-54.3736,27.1164,9.8150,54.5450,-58.0393,78.1090,-55.1251,26.5898,9.8150,54.5450,-58.0393,78.1090,-55.1251,26.5898,0,0,0,0,-50,0,0
782,1787057374.492,1787057374.4962,0.03346,9.8462,55.2527,-56.2637,78.7692,-54.5495,27.1164,9.2122,53.3013,-57.8603,78.5378,-54.7169,26.5774,9.2122,53.3013,-57.8603,78.5378,-54.7169,26.5774,0,0,0,0,-50,-50,0
783,1787057374.5253,1787057374.5301,0.03333,9.8462,55.4286,-56.2637,78.6813,-54.7253,26.9841,8.9629,54.2186,-59.0421,78.4597,-55.6965,26.5152,8.9629,54.2186,-59.0421,78.4597,-55.6965,26.5152,0,50,0,-50,-50,0,0
784,1787057374.5586,1787057374.5633,0.03336,9.8462,55.5165,-56.2637,78.6813,-54.7253,26.9180,8.7071,53.8983,-58.7747,79.1065,-55.8215,26.5128,8.7071,53.8983,-58.7747,79.1065,-55.8215,26.5128,0,50,0,0,-100,-100,0
785,1787057374.592,1787057374.5968,0.0334,9.8462,55.5165,-56.5275,78.5934,-55.0769,26.6534,8.7408,55.2324,-59.9027,79.4540,-55.4786,26.4617,8.7408,55.2324,-59.9027,79.4540,-55.4786,26.4617,0,0,-150,-50,-100,-150,0
786,1787057374.6254,1787057374.6302,0.03338,9.8462,55.6044,-56.6154,78.6813,-55.3407,26.6534,8.4208,55.0531,-60.2173,78.9477,-55.5881,26.4350,8.4208,55.0531,-60.2173,78.9477,-55.5881,26.4350,0,0,-50,50,-100,0,0
787,1787057374.6588,1787057374.6636,0.03335,9.8462,55.7802,-57.0549,78.9451,-55.3407,26.5873,8.4124,55.0997,-59.9346,79.5073,-55.9380,25.9803,8.4124,55.0997,-59.9346,79.5073,-55.9380,25.9803,0,0,-150,50,0,-50,0
788,1787057374.6921,1787057374.6968,0.03335,9.6703,56.1319,-57.4945,78.9451,-55.3407,26.5873,8.2931,55.4626,-60.4766,79.5655,-55.6474,25.9619,8.2931,55.4626,-60.4766,79.5655,-55.6474,25.9619,-50,150,-150,0,0,0,0
789,1787057374.7255,1787057374.7303,0.03338,9.5824,56.1319,-57.6703,79.1209,-55.4286,26.3889,8.2856,55.5629,-60.4085,80.1036,-55.3891,25.1228,8.2856,55.5629,-60.4085,80.1036,-55.3891,25.1228,0,0,-50,50,-50,-50,0
790,1787057374.7589,1787057374.7636,0.0334,9.4945,56.2198,-57.8462,79.2967,-55.4286,26.2566,7.9328,55.0053,-60.9251,80.7806,-55.9438,23.4857,7.9328,55.0053,-60.9251,80.7806,-55.9438,23.4857,0,0,-100,50,0,-100,0
791,1787057374.7923,1787057374.797,0.03341,9.4945,56.2198,-58.0220,79.5604,-55.4286,25.8598,7.7925,54.7404,-61.2304,81.2776,-55.9371,20.6438,7.7925,54.7404,-61.2304,81.2776,-55.9371,20.6438,0,0,-50,100,0,-150,0
792,1787057374.8256,1787057374.8305,0.03334,9.4066,56.2198,-58.3736,80.0879,-55.4286,24.8677,7.7343,55.0086,-61.7118,81.7955,-56.8328,16.2755,7.7343,55.0086,-61.7118,81.7955,-56.8328,16.2755,-50,0,-100,150,0,-450,0
793,1787057374.859,1787057374.8638,0.03339,9.3187,56.2198,-58.5495,80.5275,-55.6044,23.2804,7.2859,54.9297,-62.4602,82.0649,-57.4971,10.6102,7.2859,54.9297,-62.4602,82.0649,-57.4971,10.6102,0,0,-50,150,-50,-600,0
794,1787057374.8924,1787057374.897,0.03335,9.2308,56.2198,-58.9890,80.9670,-56.0440,21.3624,7.1122,54.8543,-62.4156,82.1758,-57.9704,3.9707,7.1122,54.8543,-62.4156,82.1758,-57.9704,3.9707,-50,0,-150,150,-150,-900,0
795,1787057374.9257,1787057374.9307,0.03336,9.0549,56.2198,-59.5165,81.4066,-56.6593,18.3201,7.2459,54.5808,-62.2864,82.1578,-58.9633,1.4030,7.2459,54.5808,-62.2864,82.1578,-58.9633,1.4030,-50,0,-150,150,-200,-1450,0
796,1787057374.9591,1787057374.9639,0.03338,8.9670,56.2198,-59.7802,81.5824,-57.1868,14.9471,7.4280,52.4417,-64.4957,82.9474,-59.3284,2.0364,7.4280,52.4417,-64.4957,82.9474,-59.3284,2.0364,0,0,-50,0,-150,-1550,0
797,1787057374.9925,1787057374.9972,0.03341,8.9670,56.2198,-59.7802,81.7582,-57.8022,11.3757,6.9370,51.3772,-64.8378,83.7253,-59.0490,2.3066,6.9370,51.3772,-64.8378,83.7253,-59.0490,2.3066,0,0,0,100,-200,-1650,0
798,1787057375.0259,1787057375.0307,0.03334,8.9670,56.2198,-60.4835,82.1978,-58.4176,7.8042,6.7768,49.5999,-67.2844,86.0417,-59.9441,3.6208,6.7768,49.5999,-67.2844,86.0417,-59.9441,3.6208,0,0,-150,150,-200,-1600,0
799,1787057375.0593,1787057375.0637,0.03347,8.8791,56.2198,-61.3626,82.8132,-58.5055,5.4233,6.0353,47.0612,-67.2621,87.3028,-60.7650,3.9092,6.0353,47.0612,-67.2621,87.3028,-60.7650,3.9092,-50,0,-300,200,-50,-1250,0
800,1787057375.0927,1787057375.3115,0.03334,8.7033,55.7802,-62.3297,83.7802,-59.0330,4.6958,8.5912,47.6790,-53.6009,82.9896,-58.6837,7.4512,8.5912,47.6790,-53.6009,82.9896,-58.6837,7.4512,-50,-200,-350,250,-150,-300,1
801,1787057375.3127,1787057375.3146,0.22,7.8242,51.9121,-64.9670,86.9451,-60.2637,4.2328,7.7714,50.9199,-63.8980,86.8759,-60.4548,4.2174,7.7714,50.9199,-63.8980,86.8759,-60.4548,4.2174,-50,-50,0,0,0,0,1
