step,t_obs,t_cmd,dt,pos_shoulder_pan,pos_shoulder_lift,pos_elbow_flex,pos_wrist_flex,pos_wrist_roll,pos_gripper,cmd_shoulder_pan,cmd_shoulder_lift,cmd_elbow_flex,cmd_wrist_flex,cmd_wrist_roll,cmd_gripper,sent_shoulder_pan,sent_shoulder_lift,sent_elbow_flex,sent_wrist_flex,sent_wrist_roll,sent_gripper,velraw_shoulder_pan,velraw_shoulder_lift,velraw_elbow_flex,velraw_wrist_flex,velraw_wrist_roll,velraw_gripper,chunk_start
0,1786707949.1141,1786707949.3953,0.2099,1.1429,-93.0549,96.9670,72.1758,-88.1319,2.9101,1.8427,-92.5037,97.8102,72.3752,-86.7784,2.5847,1.8427,-92.5037,97.8102,72.3752,-86.7784,2.5847,0,0,0,0,0,0,1
1,1786707949.3965,1786707949.4026,0.2824,1.1429,-93.0549,96.9670,72.1758,-88.1319,2.9101,2.0985,-93.3215,99.4318,71.9370,-89.2975,2.6634,2.0985,-93.3215,99.4318,71.9370,-89.2975,2.6634,0,0,0,0,0,0,1
2,1786707949.4298,1786707949.4347,0.03331,1.1429,-93.0549,96.9670,72.1758,-88.1319,2.9101,1.5881,-94.4074,99.0301,73.2884,-89.6439,2.5995,1.5881,-94.4074,99.0301,73.2884,-89.6439,2.5995,0,0,0,0,0,0,0
3,1786707949.4633,1786707949.468,0.03344,1.1429,-93.1429,97.2308,72.1758,-88.2198,2.9101,2.6174,-93.7496,101.3381,70.9240,-86.7170,2.4073,2.6174,-93.7496,101.3381,70.9240,-86.7170,2.4073,0,0,50,0,0,0,0
4,1786707949.4966,1786707949.5012,0.03338,1.1429,-93.6703,97.3187,72.6154,-88.9231,2.9101,1.2262,-94.1022,98.9015,72.3457,-87.1062,2.5591,1.2262,-94.1022,98.9015,72.3457,-87.1062,2.5591,0,-200,0,150,-250,0,0
5,1786707949.53,1786707949.5345,0.03337,1.4945,-93.7582,97.3187,72.7033,-88.5714,2.7778,2.0019,-92.8988,99.4582,72.5399,-87.4971,2.4052,2.0019,-92.8988,99.4582,72.5399,-87.4971,2.4052,100,-50,0,0,250,-100,0
6,1786707949.5634,1786707949.5677,0.03339,1.8462,-93.7582,97.3187,72.6154,-87.9560,2.7778,2.1068,-92.4043,99.5597,71.3195,-88.7315,2.7245,2.1068,-92.4043,99.5597,71.3195,-88.7315,2.7245,50,50,0,-50,250,0,0
7,1786707949.5968,1786707949.6017,0.03337,1.1429,-93.5824,97.3187,72.6154,-87.9560,2.7778,1.0960,-92.0244,97.0299,72.5119,-87.4630,2.4132,1.0960,-92.0244,97.0299,72.5119,-87.4630,2.4132,-250,0,0,0,-50,0,0
8,1786707949.6302,1786707949.6345,0.0334,1.4066,-93.1429,97.3187,72.1758,-88.3077,2.7778,2.3193,-92.3224,97.2209,73.2334,-88.2617,2.3730,2.3193,-92.3224,97.2209,73.2334,-88.2617,2.3730,100,150,0,-200,-150,0,0
9,1786707949.6635,1786707949.6677,0.03337,1.5824,-92.9670,97.2308,72.0879,-88.3956,2.6455,1.3607,-92.2928,98.5075,73.8746,-87.7094,2.5534,1.3607,-92.2928,98.5075,73.8746,-87.7094,2.5534,0,50,0,-100,-150,-100,0
10,1786707949.6969,1786707949.7011,0.0334,1.3187,-92.8791,96.9670,72.4396,-88.0440,2.5794,1.8064,-91.3112,98.2022,73.5541,-87.4074,2.2308,1.8064,-91.3112,98.2022,73.5541,-87.4074,2.2308,-150,50,-100,150,100,-50,0
11,1786707949.7303,1786707949.7346,0.03341,1.7582,-92.8791,97.3187,72.8791,-88.1319,2.5794,1.9188,-90.9644,96.3341,73.4531,-88.5614,2.4820,1.9188,-90.9644,96.3341,73.4531,-88.5614,2.4820,150,0,100,150,-50,0,0
12,1786707949.7637,1786707949.7679,0.03333,1.7582,-92.7033,97.3187,72.8791,-87.9560,2.5132,2.4847,-93.5678,98.5255,73.1976,-87.5580,2.8600,2.4847,-93.5678,98.5255,73.1976,-87.5580,2.8600,0,50,50,50,100,0,0
13,1786707949.7971,1786707949.802,0.03345,1.7582,-92.4396,97.0549,72.8791,-88.2198,2.5794,1.4135,-93.4355,95.7215,73.9355,-87.6048,2.7160,1.4135,-93.4355,95.7215,73.9355,-87.6048,2.7160,0,150,-50,0,-100,0,0
14,1786707949.8305,1786707949.8355,0.03337,1.7582,-92.7033,96.7912,72.8791,-88.2198,2.5794,2.3108,-91.8312,97.3906,73.4621,-87.9978,2.4624,2.3108,-91.8312,97.3906,73.4621,-87.9978,2.4624,0,-50,-50,0,0,0,0
15,1786707949.8639,1786707949.8687,0.03343,1.7582,-93.3187,96.6154,73.3187,-88.0440,2.5132,2.0956,-92.8625,97.2708,73.1646,-87.4855,2.6245,2.0956,-92.8625,97.2708,73.1646,-87.4855,2.6245,0,-150,-100,150,150,0,0
16,1786707949.8973,1786707949.902,0.03333,1.7582,-92.9670,96.4396,73.3187,-88.0440,2.5132,2.3815,-92.6116,95.4546,73.3055,-88.1346,2.4960,2.3815,-92.6116,95.4546,73.3055,-88.1346,2.4960,0,50,-100,0,0,-50,0
17,1786707949.9307,1786707949.9354,0.0334,1.7582,-92.8791,96.6154,73.1429,-87.9560,2.5132,1.5755,-93.0559,96.5272,73.5948,-88.6889,2.5705,1.5755,-93.0559,96.5272,73.5948,-88.6889,2.5705,0,50,100,-50,50,0,0
18,1786707949.9641,1786707949.9691,0.03341,1.7582,-92.9670,96.5275,73.2308,-88.0440,2.5132,2.1541,-91.6570,96.2705,73.4159,-88.0692,2.5921,2.1541,-91.6570,96.2705,73.4159,-88.0692,2.5921,0,-50,-50,0,0,0,0
19,1786707949.9975,1786707950.0022,0.03344,1.7582,-92.9670,96.1758,73.2308,-88.3077,2.5132,0.2213,-91.2270,95.3383,73.9243,-89.6889,2.6716,0.2213,-91.2270,95.3383,73.9243,-89.6889,2.6716,0,0,-200,0,-100,0,0
20,1786707950.0309,1786707950.0359,0.03339,1.7582,-92.7912,96.1758,73.1429,-88.3077,2.5132,-0.2667,-93.3581,94.1351,73.7285,-90.3407,2.5304,-0.2667,-93.3581,94.1351,73.7285,-90.3407,2.5304,0,0,0,0,0,0,0
21,1786707950.0642,1786707950.0685,0.03334,1.7582,-92.4396,96.0879,73.1429,-88.8352,2.5132,-2.5704,-93.8192,92.3444,74.4380,-91.2352,2.4698,-2.5704,-93.8192,92.3444,74.4380,-91.2352,2.4698,0,100,-50,0,-50,0,0
22,1786707950.0976,1786707950.1019,0.03336,0.7912,-92.7912,95.4725,73.2308,-89.6264,2.5132,-7.9469,-94.5483,87.8535,73.6422,-100.1774,2.6956,-7.9469,-94.5483,87.8535,73.6422,-99.7143,2.6956,-300,-200,-250,50,-250,0,0
23,1786707950.131,1786707950.1354,0.03341,-0.2637,-93.4066,94.7692,73.8462,-90.0659,2.5132,-6.8500,-90.9544,90.0136,70.9495,-96.8253,2.6580,-6.8500,-90.9544,90.0136,70.9495,-96.8253,2.6580,-350,-250,-200,300,-100,0,0
24,1786707950.1644,1786707950.1687,0.03337,-2.4615,-93.5824,93.5385,73.8462,-91.4725,2.5132,-11.9499,-91.6968,87.1066,70.2747,-103.4819,2.7495,-11.9499,-91.6968,87.1066,70.2747,-101.7363,2.7495,-750,-50,-450,-50,-500,0,0
25,1786707950.1978,1786707950.2021,0.03338,-5.1868,-93.1429,91.7802,73.1429,-93.4945,2.5132,-7.5658,-83.2594,86.3763,67.9813,-96.5112,2.6520,-7.5658,-83.2594,86.3763,67.9813,-96.5112,2.6520,-900,150,-650,-200,-600,0,0
26,1786707950.2311,1786707950.2355,0.03337,-7.2088,-92.7912,90.6374,71.8242,-96.0440,2.5132,-7.2351,-79.9004,82.3245,63.6007,-95.9307,2.5206,-7.2351,-82.7033,82.3245,63.6007,-95.9307,2.5206,-700,100,-400,-400,-850,0,0
27,1786707950.2645,1786707950.2691,0.0334,-8.9670,-91.8242,89.8462,70.4176,-98.5934,2.5132,-4.9818,-85.9211,91.3520,64.1728,-95.5086,2.6371,-4.9818,-85.9211,91.3520,64.1728,-95.5086,2.6371,-600,300,-300,-500,-750,0,0
28,1786707950.2979,1786707950.3022,0.03338,-9.9341,-89.5385,88.6154,68.3956,-99.1209,2.5132,-6.7008,-83.2679,85.9453,65.0969,-95.6444,2.7204,-6.7008,-83.2679,85.9453,65.0969,-95.6444,2.7204,-200,850,-350,-650,-350,0,0
29,1786707950.3313,1786707950.3356,0.03344,-8.6154,-86.7253,87.2088,66.5495,-98.3297,2.5132,-5.6012,-81.7744,84.0852,66.2963,-93.3204,2.6796,-5.6012,-81.7744,84.0852,66.2963,-93.3204,2.6796,350,1050,-450,-600,250,0,0
30,1786707950.3647,1786707950.369,0.0334,-6.4176,-85.4066,87.1209,65.9341,-97.0989,2.5132,-5.0939,-81.5988,83.8116,65.1772,-95.6057,2.7467,-5.0939,-81.5988,83.8116,65.1772,-95.6057,2.7467,800,450,0,-150,450,0,0
31,1786707950.3981,1786707950.4023,0.03334,-6.2418,-84.3516,87.3846,66.5495,-95.6044,2.5132,-8.1822,-75.2627,79.9642,60.1749,-98.6803,2.9736,-8.1822,-75.2627,79.9642,60.1749,-98.6803,2.9736,-50,350,150,250,500,0,0
32,1786707950.4315,1786707950.4357,0.03338,-6.6813,-82.9451,86.8571,66.1978,-94.9011,2.5132,-4.8714,-84.5108,88.0978,67.0555,-97.2805,2.6590,-4.8714,-84.5108,88.0978,67.0555,-97.2805,2.6590,-250,350,-150,-50,300,0,0
33,1786707950.4649,1786707950.47,0.0334,-5.8901,-81.7143,85.6264,64.7033,-95.9560,2.5794,-3.6895,-87.8087,92.3954,67.7504,-95.5696,2.8475,-3.6895,-87.8087,92.3954,67.7504,-95.5696,2.8475,200,400,-450,-550,-450,50,0
34,1786707950.4984,1786707950.5031,0.0335,-5.8901,-80.8352,83.9560,62.7692,-97.3626,2.5132,-3.8570,-87.0564,92.3153,68.2733,-95.8177,2.7618,-3.8570,-87.0564,92.3153,68.2733,-95.8177,2.7618,-50,350,-550,-700,-600,-50,0
35,1786707950.5317,1786707950.5364,0.03331,-5.6264,-81.2747,83.4286,61.8901,-97.2747,2.5794,-5.7934,-78.5581,83.0647,65.7695,-99.8425,2.8998,-5.7934,-78.5581,83.0647,65.7695,-99.8425,2.8998,-100,-250,-200,-400,150,50,0
36,1786707950.5651,1786707950.5697,0.03341,-4.5714,-82.7692,84.8352,63.3846,-96.6593,2.6455,-2.6077,-86.4833,91.8041,69.6696,-94.0536,2.7198,-2.6077,-86.4833,91.8041,69.6696,-94.0536,2.7198,350,-400,550,550,200,0,0
37,1786707950.5985,1786707950.6032,0.0334,-4.9231,-84.7033,86.9451,65.2308,-96.7473,2.6455,-1.6489,-87.0355,89.2530,71.0330,-95.6365,2.7545,-1.6489,-87.0355,89.2530,71.0330,-95.6365,2.7545,-150,-650,700,500,0,0,0
38,1786707950.6319,1786707950.6363,0.03343,-5.7143,-85.4945,89.0549,66.9011,-96.6593,2.6455,-1.8588,-88.5093,92.6845,71.2927,-94.8353,2.6043,-1.8588,-88.5093,92.6845,71.2927,-94.8353,2.6043,-500,-200,700,550,0,0,0
39,1786707950.6653,1786707950.67,0.03338,-4.5714,-85.5824,90.7253,68.6593,-96.2198,2.6455,-1.3968,-89.2779,93.5211,71.3424,-94.7067,2.8138,-1.3968,-89.2779,93.5211,71.3424,-94.7067,2.8138,350,0,550,650,150,0,0
40,1786707950.6987,1786707950.7032,0.03337,-2.8132,-86.5495,91.7802,69.6264,-95.8681,2.6455,-2.4785,-88.8067,94.3617,71.2850,-94.8779,2.8224,-2.4785,-88.8067,94.3617,71.2850,-94.8779,2.8224,550,-400,400,300,50,0,0
41,1786707950.732,1786707950.7364,0.03334,-2.5495,-88.0440,92.9231,70.1538,-95.5165,2.6455,-0.8944,-87.7267,95.2360,71.6954,-93.4346,2.6991,-0.8944,-87.7267,95.2360,71.6954,-93.4346,2.6991,200,-600,400,150,100,0,0
42,1786707950.7654,1786707950.7696,0.03339,-2.9011,-88.1319,93.8022,70.5055,-95.4286,2.6455,-1.3950,-87.4790,92.4763,71.0942,-94.7647,2.6980,-1.3950,-87.4790,92.4763,71.0942,-94.7647,2.6980,-150,-100,300,50,0,0,0
43,1786707950.7988,1786707950.803,0.03337,-2.6374,-88.1319,94.2418,70.6813,-94.9011,2.6455,-1.7861,-88.4313,94.4716,71.0497,-94.5751,2.7958,-1.7861,-88.4313,94.4716,71.0497,-94.5751,2.7958,100,0,150,0,100,0,0
44,1786707950.8322,1786707950.8364,0.0334,-2.1978,-88.1319,94.1538,70.5934,-94.5495,2.6455,-1.3070,-89.5997,94.2538,71.7166,-94.2056,2.8508,-1.3070,-89.5997,94.2538,71.7166,-94.2056,2.8508,100,0,0,-50,150,0,0
45,1786707950.8655,1786707950.8697,0.03337,-2.1099,-88.3077,93.8022,70.8571,-94.6374,2.6455,-0.6648,-85.1621,92.4315,70.3164,-94.8110,2.7330,-0.6648,-85.1621,92.4315,70.3164,-94.8110,2.7330,0,-50,-150,150,-50,0,0
46,1786707950.899,1786707950.9038,0.03343,-1.8462,-89.0110,94.0659,70.9451,-94.6374,2.6455,-0.5838,-87.1335,93.8363,71.2148,-93.8776,2.8780,-0.5838,-87.1335,93.8363,71.2148,-93.8776,2.8780,50,-250,150,50,0,0,0
47,1786707950.9324,1786707950.9371,0.0334,-1.4066,-88.9231,94.3297,70.7692,-94.6374,2.6455,-1.3607,-88.3157,92.4496,72.3134,-93.8031,2.6689,-1.3607,-88.3157,92.4496,72.3134,-93.8031,2.6689,150,50,150,0,0,0,0
48,1786707950.9658,1786707950.9701,0.03338,-1.3187,-88.3077,94.3297,70.4176,-94.4615,2.6455,-0.2495,-88.4787,93.6296,71.8858,-94.2003,2.8429,-0.2495,-88.4787,93.6296,71.8858,-94.2003,2.8429,50,200,0,-200,100,0,0
49,1786707950.9991,1786707951.0039,0.03337,-1.3187,-88.5714,94.0659,71.2967,-94.2857,2.6455,-1.0042,-88.7945,92.4093,71.9795,-93.4600,2.9116,-1.0042,-88.7945,92.4093,71.9795,-93.4600,2.9116,0,-50,-100,350,100,0,0
50,1786707951.0325,1786707951.1463,0.03341,-0.9670,-88.6593,93.8901,71.6484,-94.2857,2.6455,0.0903,-92.4935,95.2629,71.9647,-96.3096,2.0588,0.0903,-92.4935,95.2629,71.9647,-96.3096,2.0588,150,-50,-100,250,0,0,1
51,1786707951.1475,1786707951.1527,0.11494,-0.9670,-88.7473,93.8022,71.6484,-93.7582,2.6455,-0.9333,-89.6587,94.1610,71.8714,-94.1084,1.9417,-0.9333,-89.6587,94.1610,71.8714,-94.1084,1.9417,0,0,0,0,50,0,1
52,1786707951.1807,1786707951.1855,0.03328,-0.9670,-88.7473,93.8022,71.6484,-93.7582,2.6455,-0.9414,-89.2877,90.8770,72.4372,-95.9989,1.9028,-0.9414,-89.2877,90.8770,72.4372,-95.9989,1.9028,0,0,0,0,0,0,0
53,1786707951.2141,1786707951.2189,0.03337,-0.9670,-89.0989,94.0659,71.6484,-93.9341,2.4471,0.7106,-88.4577,94.7837,71.9565,-95.4730,2.1744,0.7106,-88.4577,94.7837,71.9565,-95.4730,2.1744,0,-100,0,0,-50,-150,0
54,1786707951.2475,1786707951.2521,0.03337,-0.9670,-89.2747,94.1538,71.8242,-94.5495,2.3148,-0.8944,-88.5386,95.2686,71.1501,-95.4247,2.1528,-0.8944,-88.5386,95.2686,71.1501,-95.4247,2.1528,0,-50,50,100,-200,-100,0
55,1786707951.2809,1786707951.2855,0.03337,-0.7033,-89.1868,94.1538,71.8242,-95.1648,2.3148,-0.5085,-88.9089,93.8181,71.4975,-94.7296,2.1182,-0.5085,-88.9089,93.8181,71.4975,-94.7296,2.1182,50,50,0,0,-150,0,0
56,1786707951.3144,1786707951.3196,0.03358,-0.2637,-89.1868,94.6813,71.4725,-95.1648,2.3148,1.8432,-87.3430,94.9642,70.8625,-96.0028,2.0625,1.8432,-87.3430,94.9642,70.8625,-96.0028,2.0625,100,0,150,-150,0,0,0
57,1786707951.3477,1786707951.3524,0.03326,-0.4396,-89.1868,94.5934,71.3846,-95.1648,2.3148,0.1512,-88.3311,93.2153,72.3420,-94.2674,1.9963,0.1512,-88.3311,93.2153,72.3420,-94.2674,1.9963,-100,0,0,-50,0,0,0
58,1786707951.3811,1786707951.3854,0.03344,0.0000,-88.8352,94.5055,71.2088,-95.4286,2.3148,0.0638,-85.6987,91.2964,70.8317,-94.8605,2.3297,0.0638,-85.6987,91.2964,70.8317,-94.8605,2.3297,50,150,0,-100,-200,0,0
59,1786707951.4145,1786707951.4191,0.03335,0.7033,-88.7473,94.3297,71.3846,-95.6044,2.3148,-0.7336,-85.5930,92.6496,69.8581,-94.7598,1.9588,-0.7336,-85.5930,92.6496,69.8581,-94.7598,1.9588,250,100,0,100,-100,0,0
60,1786707951.4479,1786707951.4524,0.03337,0.7912,-88.5714,93.6264,71.9121,-95.2527,2.3148,-1.0774,-86.4634,92.9108,70.9682,-96.5169,2.0077,-1.0774,-86.4634,92.9108,70.9682,-96.5169,2.0077,0,0,-250,200,150,0,0
61,1786707951.4814,1786707951.486,0.03349,-0.2637,-87.5165,93.3626,70.9451,-95.1648,2.3148,-1.6057,-83.7126,91.5601,71.3152,-95.0485,1.9929,-1.6057,-83.7126,91.5601,71.3152,-95.0485,1.9929,-300,350,-50,-350,0,0,0
62,1786707951.5147,1786707951.5191,0.03332,-0.7912,-87.1648,93.4505,70.7692,-95.4286,2.3148,-1.1194,-84.5218,88.6915,72.1901,-94.7957,2.1426,-1.1194,-84.5218,88.6915,72.1901,-94.7957,2.1426,-200,250,0,0,0,0,0
63,1786707951.5481,1786707951.5529,0.03338,-0.7033,-87.0769,93.2747,71.0330,-96.0440,2.3148,-1.8049,-79.8276,87.7545,71.0817,-95.4181,2.4257,-1.8049,-79.8276,87.7545,71.0817,-95.4181,2.4257,0,0,0,50,-300,0,0
64,1786707951.5815,1786707951.5861,0.03343,-0.6154,-86.0220,92.3077,71.7363,-95.4286,2.3148,-0.9610,-85.7690,93.3181,71.2722,-96.3084,2.2094,-0.9610,-85.7690,93.3181,71.2722,-96.3084,2.2094,50,400,-350,250,200,0,0
65,1786707951.6148,1786707951.6194,0.0333,-1.1429,-84.4396,91.1648,71.5604,-95.5165,2.3148,-0.4154,-82.2241,90.2536,70.9960,-94.8512,2.2582,-0.4154,-82.2241,90.2536,70.9960,-94.8512,2.2582,-150,550,-400,-100,100,0,0
66,1786707951.6482,1786707951.6526,0.03341,-1.4066,-82.9451,90.9011,71.1209,-95.7802,2.3148,-0.8910,-82.5538,91.3153,70.1034,-97.1005,2.4604,-0.8910,-82.5538,91.3153,70.1034,-97.1005,2.4604,-100,550,-100,-150,-50,0,0
67,1786707951.6817,1786707951.686,0.03345,-0.8791,-82.5055,91.1648,71.2967,-95.5165,2.3148,-1.3504,-81.2242,84.8352,71.8062,-97.2056,2.2211,-1.3504,-81.2242,84.8352,71.8062,-97.2056,2.2211,100,150,50,100,100,0,0
68,1786707951.715,1786707951.7194,0.03334,-0.7033,-82.9451,91.4286,70.8571,-95.6044,2.3148,-3.3752,-76.1171,82.0156,71.3934,-103.6309,2.3714,-3.3752,-76.1171,82.0156,71.3934,-103.6309,2.3714,50,-100,100,-200,50,0,0
69,1786707951.7484,1786707951.7534,0.03341,-1.2308,-82.5055,91.2527,70.8571,-96.3077,2.3148,-2.1863,-78.9543,80.9062,71.1835,-101.9328,2.4943,-2.1863,-78.9543,81.2527,71.1835,-101.9328,2.4943,-150,100,50,0,-250,0,0
70,1786707951.7818,1786707951.7867,0.03342,-1.6703,-80.8352,89.9341,71.3846,-97.8022,2.3148,-3.3782,-77.1924,82.8212,69.3257,-100.5476,2.4950,-3.3782,-77.1924,82.8212,69.3257,-100.5476,2.4950,-100,550,-450,300,-550,0,0
71,1786707951.8152,1786707951.8199,0.03335,-2.6374,-78.5495,87.4725,71.3846,-99.6484,2.3148,-2.2841,-79.8063,90.3189,68.5307,-99.1562,2.5343,-2.2841,-79.8063,90.3189,68.5307,-99.1562,2.5343,-300,800,-900,0,-700,0,0
72,1786707951.8486,1786707951.8532,0.0334,-2.9890,-77.9341,85.5385,70.7692,-100.0000,2.3148,-1.3436,-81.0195,89.0812,69.4333,-97.6010,2.4092,-1.3436,-81.0195,89.0812,69.4333,-97.6010,2.4092,-50,350,-800,-300,-100,0,0
73,1786707951.882,1786707951.8867,0.03344,-2.3736,-78.8132,85.0989,69.8022,-99.5604,2.3148,-1.8346,-79.9754,85.1207,70.1154,-98.0748,2.2285,-1.8346,-79.9754,85.1207,70.1154,-98.0748,2.2285,350,-200,-150,-350,150,0,0
74,1786707951.9154,1786707951.9201,0.03339,-1.9341,-80.0440,86.0659,69.6264,-98.7692,2.3148,-0.7703,-80.6108,86.3174,70.4859,-98.6876,2.6096,-0.7703,-80.6108,86.3174,70.4859,-98.6876,2.6096,200,-350,450,-100,250,0,0
75,1786707951.9488,1786707951.9538,0.03341,-2.1978,-80.3956,87.7363,70.2418,-98.6813,2.3148,-2.1528,-80.1141,87.1617,68.8534,-98.6515,2.0987,-2.1528,-80.1141,87.1617,68.8534,-98.6515,2.0987,-50,-250,600,250,50,0,0
76,1786707951.9822,1786707951.9869,0.03336,-2.0220,-80.0440,88.7033,70.2418,-98.6813,2.3148,-2.0433,-79.2385,89.3487,68.8406,-99.8537,2.1106,-2.0433,-79.2385,89.3487,68.8406,-99.8537,2.1106,150,50,400,0,0,0,0
77,1786707952.0156,1786707952.0201,0.03345,-1.4066,-79.6044,88.6154,70.1538,-98.7692,2.3148,-1.9641,-77.2084,86.7343,67.9356,-98.7852,2.3468,-1.9641,-77.2084,86.7343,67.9356,-98.7852,2.3468,300,150,-50,0,0,0,0
78,1786707952.049,1786707952.0536,0.03341,-2.1978,-79.8681,88.6154,69.6264,-99.1209,2.3148,-1.5263,-78.5787,86.2709,67.3505,-97.8065,2.1097,-1.5263,-78.5787,86.2709,67.3505,-97.8065,2.1097,-250,-150,0,-150,-100,0,0
79,1786707952.0824,1786707952.0869,0.03333,-2.2857,-79.1648,88.5275,68.9231,-99.1209,2.3148,-1.2655,-78.6890,90.4051,67.3397,-96.9791,2.1524,-1.2655,-78.6890,90.4051,67.3397,-96.9791,2.1524,0,200,-50,-250,50,0,0
80,1786707952.1158,1786707952.1204,0.0334,-1.6703,-78.4615,88.2637,68.3956,-98.5934,2.3148,-1.3257,-79.1988,87.8924,69.1429,-97.1922,2.2592,-1.3257,-79.1988,87.8924,69.1429,-97.1922,2.2592,200,200,-150,-200,200,0,0
81,1786707952.1491,1786707952.1536,0.03338,-1.5824,-78.5495,88.5275,68.1319,-98.0659,2.3148,-4.3408,-77.9589,87.7354,67.0505,-99.6400,2.5706,-4.3408,-77.9589,87.7354,67.0505,-99.6400,2.5706,50,-50,0,-50,250,0,0
82,1786707952.1826,1786707952.1875,0.03343,-1.9341,-78.9011,89.2308,68.4835,-97.8022,2.3148,-5.6616,-76.3668,84.1530,66.8551,-97.3667,2.5243,-5.6616,-76.3668,84.1530,66.8551,-97.3667,2.5243,-150,-150,300,50,50,0,0
83,1786707952.216,1786707952.221,0.03342,-2.1099,-78.4615,89.1429,68.7473,-98.3297,2.3148,-4.2892,-79.4447,84.6722,69.1548,-98.4156,2.2171,-4.2892,-79.4447,84.6722,69.1548,-98.4156,2.2171,-50,150,-50,150,-200,0,0
84,1786707952.2493,1786707952.254,0.03334,-3.5165,-77.6703,88.3516,68.0440,-98.9451,2.3148,-3.7741,-80.3346,89.1412,67.4164,-98.5264,2.3599,-3.7741,-80.3346,89.1412,67.4164,-98.5264,2.3599,-450,300,-200,-250,-300,0,0
85,1786707952.2828,1786707952.2874,0.03343,-4.5714,-77.4066,87.1209,67.6923,-98.5055,2.3148,-4.4572,-78.2063,87.5578,68.2967,-99.3748,2.5801,-4.4572,-78.2063,87.5578,68.2967,-99.3748,2.5801,-350,150,-450,-250,250,0,0
86,1786707952.3161,1786707952.3204,0.03335,-3.8681,-78.9011,87.2088,67.6923,-98.4176,2.3148,-4.1336,-73.4794,85.5328,66.6355,-99.5691,2.1388,-4.1336,-73.4794,85.5328,66.6355,-99.5691,2.1388,100,-400,100,0,50,0,0
87,1786707952.3495,1786707952.354,0.0334,-3.6923,-79.4286,88.0879,67.8681,-99.1209,2.3148,-6.2053,-74.0993,81.5370,66.1538,-99.3679,2.5198,-6.2053,-74.0993,81.5370,66.1538,-99.3679,2.5198,50,-100,250,100,-300,0,0
88,1786707952.3829,1786707952.3873,0.03343,-4.3956,-78.9890,88.0879,67.6044,-99.0330,2.3148,-6.4209,-73.0857,82.4317,66.6568,-101.7177,2.8609,-6.4209,-73.0857,82.4317,66.6568,-101.7177,2.8609,-250,-50,50,-150,0,0,0
89,1786707952.4163,1786707952.4207,0.03339,-4.3956,-76.8791,86.9451,67.0769,-99.1209,2.3148,-4.8285,-76.4256,87.4464,66.5406,-101.1819,2.7919,-4.8285,-76.4256,87.4464,66.5406,-101.1819,2.7919,0,650,-450,-250,-50,0,0
90,1786707952.4497,1786707952.4543,0.03337,-5.2747,-75.2088,85.1868,67.0769,-100.0000,2.4471,-5.5116,-79.9019,88.0804,66.7022,-104.7396,2.7835,-5.5116,-79.9019,88.0804,66.7022,-104.7396,2.7835,-300,600,-550,0,-300,100,0
91,1786707952.4831,1786707952.4877,0.03336,-5.6264,-74.7692,84.6593,66.9011,-100.6154,2.5132,-4.9764,-77.0511,87.7176,66.5084,-103.6458,2.8896,-4.9764,-77.0511,87.7176,66.5084,-103.6458,2.8896,0,50,-300,-50,-200,50,0
92,1786707952.5165,1786707952.5208,0.03343,-4.9231,-76.1758,85.5385,66.9011,-101.7582,2.5132,-7.5197,-74.4153,80.9255,66.1868,-107.1823,2.7048,-7.5197,-74.4153,80.9255,66.1868,-107.1823,2.7048,250,-400,350,0,-500,0,0
93,1786707952.5498,1786707952.554,0.03333,-5.0989,-78.1978,87.0330,66.8132,-102.7253,2.5132,-3.6745,-78.2372,90.8510,67.0601,-100.9761,2.4404,-3.6745,-78.2372,90.8510,67.0601,-100.9761,2.4404,50,-700,500,-50,-400,0,0
94,1786707952.5833,1786707952.5874,0.03344,-5.8022,-78.4615,87.6484,66.7253,-103.6044,2.5132,-3.7952,-75.3580,86.3194,65.9523,-102.3084,3.0443,-3.7952,-75.3580,86.3194,65.9523,-102.3084,3.0443,-200,50,300,0,-250,0,0
95,1786707952.6166,1786707952.6211,0.03338,-6.1538,-78.0220,87.6484,66.8132,-104.8352,2.5132,-3.3614,-80.4203,88.3129,68.0795,-102.7110,2.7659,-3.3614,-80.4203,88.3129,68.0795,-102.7110,2.7659,-100,250,-50,0,-400,0,0
96,1786707952.65,1786707952.6547,0.03339,-6.2418,-77.8462,88.0879,66.6374,-104.4835,2.6455,-0.6919,-81.7788,85.0814,67.7997,-104.6619,2.6874,-0.6919,-81.7788,85.0814,67.7997,-104.6619,2.6874,-150,-50,50,-50,0,100,0
97,1786707952.6834,1786707952.6877,0.03336,-4.8352,-76.5275,88.0879,66.5495,-103.5165,2.6455,-0.6212,-81.2037,88.2869,69.4310,-101.7619,2.9905,-0.6212,-81.2037,88.2869,69.4310,-101.7619,2.9905,500,400,0,0,300,50,0
98,1786707952.7169,1786707952.7215,0.03351,-3.0769,-76.9670,88.2637,67.4286,-103.8681,2.6455,-1.0803,-78.8453,87.3236,69.4001,-101.0158,2.9123,-1.0803,-78.8453,87.3236,69.4001,-101.0158,2.9123,550,0,100,150,-150,0,0
99,1786707952.7502,1786707952.7547,0.03331,-2.1978,-78.4615,88.1758,68.0440,-104.2198,2.7116,1.5617,-80.7919,86.4601,69.8215,-102.9148,2.6496,1.5617,-80.7919,86.4601,69.8215,-102.9148,2.6496,350,-550,0,100,-250,50,0
100,1786707952.7836,1786707952.8961,0.03336,-2.0220,-79.9560,88.1758,68.6593,-103.6044,2.7116,-3.0799,-68.2519,84.3915,63.3351,-106.0335,2.4451,-3.0799,-69.9560,84.3915,63.3351,-106.0335,2.4451,50,-500,-50,150,200,0,1
101,1786707952.8971,1786707952.9025,0.11358,0.6154,-79.9560,88.1758,69.4505,-102.9011,2.7116,-3.8886,-71.2444,86.2112,65.2095,-107.2597,2.0229,-3.8886,-71.2444,86.2112,65.2095,-107.2597,2.0229,0,150,0,50,50,0,1
102,1786707952.9305,1786707952.9351,0.03341,0.3516,-80.0440,88.1758,69.4505,-102.7253,2.7116,-2.4864,-67.5157,84.5377,62.6277,-106.4276,1.9526,-2.4864,-70.0440,84.5377,62.6277,-106.4276,1.9526,-150,-50,0,0,50,0,0
103,1786707952.964,1786707952.9684,0.03343,0.3516,-79.6044,88.1758,68.7473,-103.9560,2.4471,-2.1257,-67.3896,84.7157,61.5491,-107.5028,2.0949,-2.1257,-69.4286,84.7157,61.5491,-107.5028,2.0949,100,100,0,-250,-350,-100,0
104,1786707952.9973,1786707953.0017,0.03335,-1.1429,-77.3187,87.8242,66.6374,-105.2747,2.3148,-2.9650,-72.7726,86.5904,63.6391,-106.4612,1.8689,-2.9650,-72.7726,86.5904,63.6391,-106.4612,1.8689,-550,850,-100,-650,-450,-50,0
105,1786707953.0307,1786707953.0358,0.03342,-1.8462,-74.3297,87.0330,64.2637,-105.8901,2.3148,-2.4872,-65.2418,78.3472,62.8653,-106.3623,2.0074,-2.4872,-65.2418,78.3472,62.8653,-106.3623,2.0074,-50,1050,-250,-850,-150,0,0
106,1786707953.0641,1786707953.0689,0.0334,-1.5824,-72.3956,87.2967,63.4725,-105.9780,2.3148,-3.6004,-66.3775,81.0293,63.4697,-110.6516,2.0995,-3.6004,-66.3775,81.0293,63.4697,-110.6516,2.0995,100,650,0,-200,0,0,0
107,1786707953.0975,1786707953.1022,0.03336,-1.9341,-70.5495,87.3846,64.0000,-106.2418,2.3148,-6.7730,-60.2780,71.5545,62.1404,-111.2829,2.5747,-6.7730,-60.2857,77.2088,62.1404,-111.2829,2.5747,-100,700,100,0,-50,0,0
108,1786707953.1309,1786707953.1357,0.03338,-2.7253,-68.8791,86.1538,63.8242,-106.7692,2.3148,-5.7046,-51.4833,63.0969,60.9565,-109.1434,2.0676,-5.7046,-58.6154,75.8901,60.9565,-109.1434,2.0676,-250,450,-450,-200,50,0,0
109,1786707953.1644,1786707953.1693,0.03347,-3.6923,-67.2088,83.9560,63.3846,-108.7912,2.3148,-8.0077,-56.3827,65.1688,62.2865,-110.3977,2.1755,-8.0077,-56.8571,73.6044,62.2865,-110.3977,2.1755,-300,450,-650,-100,-650,0,0
110,1786707953.1977,1786707953.2031,0.03334,-5.1868,-64.7473,81.4945,62.3297,-109.7582,2.3148,-10.8419,-53.5493,61.7692,64.2675,-112.6014,2.1514,-10.8419,-54.4835,71.1429,64.2675,-112.6014,2.1514,-500,850,-850,-350,-300,0,0
111,1786707953.2311,1786707953.2365,0.03341,-6.5934,-62.0220,79.1209,62.4176,-109.4945,2.3148,-13.4724,-55.1442,63.5047,64.9095,-115.8326,1.9510,-13.4724,-55.1442,68.6813,64.9095,-115.8326,1.9510,-400,850,-800,-50,50,0,0
112,1786707953.2645,1786707953.2692,0.03339,-7.6484,-59.0330,76.7473,63.3846,-110.4615,2.3148,-15.1236,-47.7473,59.5048,63.2345,-116.2415,2.3350,-15.1236,-48.6813,66.3956,63.2345,-116.2415,2.3350,-400,950,-800,350,-250,0,0
113,1786707953.2979,1786707953.3028,0.03344,-9.6703,-57.0989,74.4615,64.0000,-112.6593,2.3148,-20.1970,-50.2702,60.3709,62.8268,-119.9448,2.1030,-20.0220,-50.2702,64.1978,62.8268,-119.9448,2.1030,-700,650,-800,150,-800,0,0
114,1786707953.3313,1786707953.3362,0.03337,-12.3956,-55.9560,72.3516,63.9121,-113.9780,2.3148,-24.2710,-46.0447,54.4592,63.6560,-120.6145,2.4609,-22.6593,-46.0447,61.9121,63.6560,-120.6145,2.4609,-950,400,-750,0,-400,0,0
115,1786707953.3647,1786707953.3697,0.03339,-14.5934,-54.2857,69.8022,63.2967,-115.4725,2.3148,-24.7404,-41.6018,50.5012,63.5123,-124.0674,2.4025,-24.7404,-43.9341,59.3626,63.5123,-124.0674,2.4025,-750,400,-850,-250,-400,0,0
116,1786707953.3981,1786707953.403,0.03339,-17.0549,-51.5604,67.3407,63.5604,-117.7582,2.3148,-28.3879,-43.4446,52.0568,63.7118,-125.9199,1.9956,-27.5824,-43.4446,56.9890,63.7118,-125.9199,1.9956,-850,950,-850,150,-800,0,0
117,1786707953.4315,1786707953.4363,0.03335,-20.2198,-48.3956,64.9670,63.5604,-119.7802,2.3148,-30.6892,-43.0099,53.4463,61.0700,-133.8465,1.9164,-30.6892,-43.0099,54.5275,61.0700,-130.1319,1.9164,-1050,1100,-850,0,-700,0,0
118,1786707953.4649,1786707953.47,0.03341,-23.2088,-46.1978,62.6813,63.5604,-122.2418,2.3148,-33.7558,-43.7224,51.0080,62.2964,-138.0693,2.5694,-33.5604,-43.7224,52.3297,62.2964,-132.5055,2.5694,-1100,800,-750,0,-850,0,0
119,1786707953.4982,1786707953.5028,0.03337,-25.4066,-44.8791,60.5714,63.1209,-124.8791,2.3148,-32.6859,-39.4890,51.2533,61.4455,-139.5074,2.5653,-32.6859,-39.4890,51.2533,61.4455,-135.3187,2.5653,-750,450,-700,-200,-950,0,0
120,1786707953.5316,1786707953.5365,0.03338,-28.1319,-44.7912,58.1978,62.1538,-127.8681,2.3148,-33.9716,-36.5760,46.9619,65.1758,-136.6970,2.0893,-33.9716,-36.5760,47.8462,65.1758,-136.6970,2.0893,-950,0,-800,-350,-950,0,0
121,1786707953.565,1786707953.5698,0.03342,-30.5934,-44.2637,55.9121,61.8901,-130.5055,2.3810,-33.5749,-34.3464,46.5335,62.5727,-140.4343,2.1696,-33.5749,-34.3464,46.5335,62.5727,-140.4343,2.1696,-900,150,-750,-100,-900,0,0
122,1786707953.5984,1786707953.603,0.03335,-31.9121,-41.7143,54.0659,62.5055,-132.9670,2.3810,-33.5866,-31.9216,43.8144,60.3476,-140.5748,2.4926,-33.5866,-31.9216,43.8144,60.3476,-140.5748,2.4926,-450,850,-600,200,-850,0,0
123,1786707953.6318,1786707953.6364,0.03337,-32.0000,-38.7253,51.6923,63.2967,-135.3407,2.3810,-34.3964,-29.4162,40.0001,60.8009,-142.9419,2.1825,-34.3964,-29.4162,41.3407,60.8009,-142.9419,2.1825,0,1050,-800,400,-800,0,0
124,1786707953.6652,1786707953.6703,0.03343,-32.2637,-36.0000,49.4066,62.9451,-137.4505,2.3810,-33.0124,-26.6583,37.4002,60.4729,-147.5147,2.7604,-33.0124,-26.6583,39.0549,60.4729,-147.5147,2.7604,-100,1050,-750,-50,-800,0,0
125,1786707953.6986,1786707953.7033,0.03343,-33.0549,-33.1868,47.2088,61.8022,-139.2088,2.3810,-33.8604,-24.0674,32.8870,60.7243,-146.4078,2.4654,-33.8604,-24.0674,36.8571,60.7243,-146.4078,2.4654,-250,950,-800,-400,-550,0,0
126,1786707953.732,1786707953.7369,0.03336,-33.3187,-30.5495,44.9231,61.4505,-141.8462,2.4471,-33.0673,-20.4774,29.5758,61.1183,-150.7883,2.4491,-33.0673,-20.4774,34.5714,61.1183,-150.7883,2.4491,-150,850,-750,-100,-900,50,0
127,1786707953.7654,1786707953.7702,0.03339,-33.1429,-28.0000,42.3736,61.3626,-144.2198,2.5132,-33.3165,-22.5127,34.5375,60.7559,-149.1737,2.3707,-33.3165,-22.5127,34.5375,60.7559,-149.1737,2.3707,100,850,-850,-50,-900,0,0
128,1786707953.7987,1786707953.8035,0.03334,-33.0549,-25.3626,40.1758,61.3626,-146.3297,2.5132,-32.8936,-18.8244,30.7546,63.3755,-148.1074,2.1269,-32.8936,-18.8244,30.7546,63.3755,-148.1074,2.1269,0,900,-800,0,-650,50,0
129,1786707953.8321,1786707953.8368,0.03342,-32.9670,-23.0769,38.5934,61.1868,-148.0879,2.5132,-32.8985,-20.5419,29.7285,64.9603,-151.8870,2.2633,-32.8985,-20.5419,29.7285,64.9603,-151.8870,2.2633,0,800,-500,-100,-550,0,0
130,1786707953.8655,1786707953.8701,0.03338,-33.0549,-21.2308,37.4505,61.8901,-148.2637,2.5132,-30.8467,-18.9953,28.5856,66.4447,-145.9125,2.2501,-30.8467,-18.9953,28.5856,66.4447,-145.9125,2.2501,-50,600,-450,200,-200,0,0
131,1786707953.8989,1786707953.9034,0.03336,-33.1429,-20.2637,35.2527,63.3846,-147.9121,2.5132,-32.6676,-16.6116,26.5235,67.6020,-148.2858,2.1201,-32.6676,-16.6116,26.5235,67.6020,-148.2858,2.1201,-50,450,-650,500,150,0,0
132,1786707953.9323,1786707953.9371,0.03347,-32.6154,-19.9121,33.3187,64.7033,-147.6484,2.5132,-27.9644,-13.9910,23.8441,66.2502,-140.5697,2.2258,-27.9644,-13.9910,23.8441,66.2502,-140.5697,2.2258,200,150,-650,450,150,0,0
133,1786707953.9656,1786707953.97,0.0333,-31.7363,-18.7692,31.5604,65.7582,-146.9451,2.5132,-33.3486,-14.0958,27.0069,67.6441,-146.8380,1.9398,-33.3486,-14.0958,27.0069,67.6441,-146.8380,1.9398,250,400,-600,350,250,0,0
134,1786707953.9991,1786707954.0034,0.03351,-31.1209,-16.7473,29.3626,65.8462,-146.3297,2.4471,-32.8543,-10.4517,24.0954,68.9660,-147.7737,2.2488,-32.8543,-10.4517,24.0954,68.9660,-147.7737,2.2488,200,650,-700,0,150,-50,0
135,1786707954.0325,1786707954.0373,0.03332,-30.5934,-15.1648,27.8681,65.5824,-145.3626,2.3810,-33.1932,-9.7592,25.9601,69.0342,-147.1957,2.1927,-33.1932,-9.7592,25.9601,69.0342,-147.1957,2.1927,200,600,-500,-50,300,-50,0
136,1786707954.0658,1786707954.0704,0.03337,-30.8571,-14.1978,27.5165,67.5165,-145.8022,2.3148,-33.5307,-7.4803,23.7032,70.9996,-146.2747,2.2396,-33.5307,-7.4803,23.7032,70.9996,-146.2747,2.2396,-100,300,-150,550,0,-50,0
137,1786707954.0993,1786707954.1039,0.03343,-31.7363,-12.4396,27.2527,67.9560,-146.7692,2.3148,-32.8614,-10.2420,23.9412,69.5548,-148.6437,2.3055,-32.8614,-10.2420,23.9412,69.5548,-148.6437,2.3055,-300,550,-50,150,-350,0,0
138,1786707954.1327,1786707954.1374,0.0334,-32.6154,-10.3297,27.1648,68.6593,-146.6813,2.3148,-34.9617,-8.4815,24.1911,68.8392,-147.1557,2.1060,-34.9617,-8.4815,24.1911,68.8392,-147.1557,2.1060,-300,750,-50,300,50,0,0
139,1786707954.166,1786707954.1705,0.03334,-32.7033,-8.6593,26.8132,69.7143,-146.5934,2.3148,-32.5152,-8.6462,24.7985,68.4338,-143.3868,2.2247,-32.5152,-8.6462,24.7985,68.4338,-143.3868,2.2247,0,550,-150,600,50,0,0
140,1786707954.1995,1786707954.2037,0.03348,-32.8791,-8.5714,26.7253,69.2747,-146.7692,2.3148,-35.2923,-4.4009,20.6205,69.0920,-145.0147,2.0632,-35.2923,-4.4009,20.6205,69.0920,-145.0147,2.0632,-50,-50,-50,-100,-100,0,0
141,1786707954.2329,1786707954.2372,0.0334,-33.4066,-8.9231,26.3736,68.8352,-146.5055,2.3148,-34.9912,-4.3964,20.4254,68.4409,-144.6170,2.2133,-34.9912,-4.3964,20.4254,68.4409,-144.6170,2.2133,-150,-150,-100,-150,100,0,0
142,1786707954.2662,1786707954.2708,0.03335,-34.1978,-8.2198,25.4945,68.9231,-145.5385,2.3148,-34.3394,-2.6855,21.1036,68.6881,-146.0118,2.4078,-34.3394,-2.6855,21.1036,68.6881,-146.0118,2.4078,-250,200,-300,0,400,0,0
143,1786707954.2996,1786707954.3044,0.03337,-34.5495,-6.2857,23.9121,68.7473,-145.3626,2.3148,-35.0303,-2.0918,18.3300,68.5117,-147.5457,2.6251,-35.0303,-2.0918,18.3300,68.5117,-147.5457,2.6251,-50,650,-500,-50,100,0,0
144,1786707954.333,1786707954.3376,0.03342,-34.3736,-4.3516,23.2088,68.4835,-145.6264,2.3148,-34.3789,-3.6822,16.7456,69.7776,-144.3095,3.8044,-34.3789,-3.6822,16.7456,69.7776,-144.3095,3.8044,0,750,-350,0,-50,0,0
145,1786707954.3664,1786707954.3711,0.03335,-34.1978,-3.1209,23.1209,68.8352,-146.5055,2.3148,-34.2229,-3.7366,21.1764,66.2359,-140.6520,6.6109,-34.2229,-3.7366,21.1764,66.2359,-140.6520,6.6109,50,450,0,150,-300,0,0
146,1786707954.3998,1786707954.4039,0.03342,-34.1978,-2.8571,21.8901,69.0110,-146.5934,2.7778,-34.4436,-1.7504,20.8466,66.3489,-145.7575,11.0597,-34.4436,-1.7504,20.8466,66.3489,-145.7575,11.0597,0,50,-500,50,-150,250,0
147,1786707954.4332,1786707954.4379,0.03344,-34.1099,-3.0330,20.6593,68.9231,-145.1868,3.9021,-34.4012,-0.5586,18.5748,67.2663,-142.6363,10.7333,-34.4012,-0.5586,18.5748,67.2663,-142.6363,10.7333,50,0,-500,0,550,450,0
148,1786707954.4666,1786707954.4711,0.03332,-34.1099,-3.1209,20.3077,67.5165,-143.3407,6.0185,-34.5586,1.5896,18.2835,65.2493,-140.8158,13.5829,-34.5586,1.5896,18.2835,65.2493,-140.8158,13.5829,0,-50,-100,-550,600,950,0
149,1786707954.5,1786707954.5043,0.0334,-34.1099,-1.7143,20.5714,67.0769,-142.5495,8.0688,-33.8000,0.9498,19.4763,65.0945,-144.4567,12.7045,-33.8000,0.9498,19.4763,65.0945,-144.4567,12.7045,0,500,100,-250,400,850,0
150,1786707954.5334,1786707954.6464,0.03341,-34.1099,-0.0440,20.6593,67.0769,-142.4615,10.1190,-37.0243,5.9774,16.8472,65.2675,-147.2918,14.5372,-37.0243,5.9774,16.8472,65.2675,-147.2918,14.5372,0,650,50,100,50,850,1
151,1786707954.6475,1786707954.6525,0.11418,-34.0220,1.0110,20.3956,65.4066,-143.7802,11.9048,-34.6079,4.6170,15.7495,64.3552,-143.4160,12.0849,-34.6079,4.6170,15.7495,64.3552,-143.4160,12.0849,-50,-100,0,-250,-50,50,1
152,1786707954.6808,1786707954.6855,0.0333,-34.1099,1.2747,20.3956,65.5824,-143.9560,12.1693,-33.6941,5.5437,16.2815,64.7020,-143.0349,12.2484,-33.6941,5.5437,16.2815,64.7020,-143.0349,12.2484,-50,100,0,0,-50,100,0
153,1786707954.7142,1786707954.719,0.03338,-34.0220,2.3297,20.2198,65.4945,-143.9560,12.2354,-34.7827,4.6276,17.6633,64.8489,-144.3454,13.0365,-34.7827,4.6276,17.6633,64.8489,-144.3454,13.0365,0,400,0,-50,0,100,0
154,1786707954.7476,1786707954.7525,0.03341,-33.8462,4.0879,18.9011,64.7912,-143.4286,12.2354,-32.2646,0.8234,14.2959,65.8974,-140.2632,12.7395,-32.2646,0.8234,14.2959,65.8974,-140.2632,12.7395,100,600,-500,-200,200,0,0
155,1786707954.781,1786707954.7856,0.03337,-33.9341,4.7912,18.7253,64.7033,-143.7802,12.3016,-33.6783,2.4674,14.4943,63.5391,-141.6299,13.0118,-33.6783,2.4674,14.4943,63.5391,-141.6299,13.0118,0,250,50,-100,-50,100,0
156,1786707954.8145,1786707954.8191,0.03348,-34.1099,4.7033,18.9890,65.4945,-143.9560,12.5661,-29.3180,0.4964,16.6512,63.6970,-137.5020,13.6670,-29.3180,0.4964,16.6512,63.6970,-137.5020,13.6670,-50,-50,150,350,-100,150,0
157,1786707954.8478,1786707954.8526,0.03333,-33.9341,4.1758,18.4615,65.2308,-142.9011,12.6323,-27.7325,0.6025,13.0804,65.3637,-131.4182,12.7283,-27.7325,0.6025,13.0804,65.3637,-132.7253,12.7283,0,-200,-150,-100,450,0,0
158,1786707954.8812,1786707954.8862,0.03341,-33.4945,3.7363,17.2308,64.2637,-141.2308,12.7646,-28.9479,0.2055,12.7303,65.7984,-130.1384,12.8249,-28.9479,0.2055,12.7303,65.7984,-130.8791,12.8249,150,-150,-400,-300,450,100,0
159,1786707954.9146,1786707954.919,0.03341,-32.0000,3.4725,16.2637,64.5275,-138.5055,12.7646,-31.1452,4.4443,7.5872,62.7290,-131.8743,12.6969,-31.1452,4.4443,7.5872,62.7290,-131.8743,12.6969,600,-100,-350,50,1000,-50,0
160,1786707954.948,1786707954.9526,0.0334,-30.4176,3.2967,15.4725,65.4945,-135.7802,12.7646,-28.2139,4.3291,7.5676,64.6665,-122.4303,12.7678,-28.2139,4.3291,7.5676,64.6665,-125.4286,12.7678,550,0,-300,300,900,-50,0
161,1786707954.9814,1786707954.9863,0.03338,-29.5385,3.4725,14.5934,64.8791,-133.9341,12.8307,-27.0264,4.9731,6.9912,66.0231,-121.7968,12.8157,-27.0264,4.9731,6.9912,66.0231,-123.7582,12.8157,250,0,-300,-300,700,50,0
162,1786707955.0148,1786707955.0194,0.03337,-29.4505,4.4396,12.5714,64.0879,-132.4396,12.8307,-24.6318,4.0606,1.5625,68.2929,-115.3543,11.8944,-24.6318,4.0606,2.3077,68.2929,-122.0879,11.8944,50,400,-600,-250,500,0,0
163,1786707955.0482,1786707955.0529,0.0334,-29.2747,5.0549,10.9011,64.0879,-129.5385,12.6984,-28.3295,3.6736,10.0641,66.1378,-125.0988,13.2279,-28.3295,3.6736,10.0641,66.1378,-125.0988,13.2279,50,100,-650,-50,1050,0,0
164,1786707955.0816,1786707955.0858,0.0334,-27.8681,5.0549,9.5824,66.2857,-126.7253,12.4339,-26.2023,0.9691,12.7278,63.8296,-122.6478,12.5829,-26.2023,0.9691,12.7278,63.8296,-122.6478,12.5829,500,0,-400,900,1050,-200,0
165,1786707955.115,1786707955.1196,0.03341,-26.8132,5.0549,8.1758,66.9890,-125.0549,12.4339,-26.3092,2.2967,11.8927,64.7522,-122.4141,13.7472,-26.3092,2.2967,11.8927,64.7522,-122.4141,13.7472,350,0,-450,400,650,0,0
166,1786707955.1484,1786707955.1532,0.03336,-26.4615,4.7033,8.0879,66.1099,-124.5275,12.5661,-25.8137,1.3715,11.4490,64.1497,-122.5219,13.7377,-25.8137,1.3715,11.4490,64.1497,-122.5219,13.7377,200,-200,-100,-300,150,0,0
167,1786707955.1817,1786707955.1864,0.03336,-26.2857,3.9121,9.4066,65.5824,-123.9121,12.9630,-28.5352,3.0343,13.4959,64.1441,-126.7863,13.2235,-28.5352,3.0343,13.4959,64.1441,-126.7863,13.2235,0,-250,450,-250,150,150,0
168,1786707955.2151,1786707955.2197,0.03337,-26.3736,3.7363,10.9011,64.9670,-123.5604,13.1614,-29.8580,2.4208,13.5059,60.8403,-129.2949,17.3963,-29.8580,2.4208,13.5059,60.8403,-129.2949,17.3963,0,-100,450,-250,150,50,0
169,1786707955.2485,1786707955.2531,0.03338,-26.9890,3.9121,12.3956,64.7912,-123.8242,13.0291,-28.6546,5.3671,12.9363,60.5924,-128.2249,18.1973,-28.6546,5.3671,12.9363,60.5924,-128.2249,18.1973,-250,100,550,0,-100,-100,0
170,1786707955.2818,1786707955.2864,0.03333,-27.7802,4.0879,13.1868,64.0000,-125.7582,13.7566,-29.7683,6.6510,13.8940,60.1109,-132.5858,17.8686,-29.7683,6.6510,13.8940,60.1109,-132.5858,17.8686,-200,50,250,-350,-450,300,0
171,1786707955.3152,1786707955.3199,0.03342,-28.0440,4.2637,13.1868,62.5055,-127.5165,15.1455,-30.6169,6.0924,13.8668,61.7266,-134.4489,16.6346,-30.6169,6.0924,13.8668,61.7266,-134.4489,16.6346,-100,50,0,-500,-650,600,0
172,1786707955.3486,1786707955.3536,0.0334,-28.4835,4.9670,13.3626,61.3626,-129.0110,16.3360,-30.4319,5.6318,11.9287,62.4296,-130.3189,15.2255,-30.4319,5.6318,11.9287,62.4296,-130.3189,15.2255,-100,250,0,-450,-550,550,0
173,1786707955.382,1786707955.3864,0.03338,-29.1868,5.9341,13.6264,61.8901,-131.2088,16.6005,-31.6504,7.1730,12.7977,62.1094,-132.5972,15.3433,-31.6504,7.1730,12.7977,62.1094,-132.5972,15.3433,-300,300,50,200,-700,100,0
174,1786707955.4154,1786707955.42,0.03345,-29.6264,6.4615,13.8022,62.2418,-132.5275,16.0053,-28.4673,6.8421,12.5523,63.5882,-130.3209,14.9390,-28.4673,6.8421,12.5523,63.5882,-130.3209,14.9390,-150,200,100,250,-550,-350,0
175,1786707955.4488,1786707955.453,0.03339,-30.1538,7.1648,13.8022,62.2418,-132.2637,15.6085,-29.5281,6.5638,10.4830,62.6161,-132.1837,15.4550,-29.5281,6.5638,10.4830,62.6161,-132.1837,15.4550,-200,250,50,0,150,-250,0
176,1786707955.4822,1786707955.487,0.03341,-30.5055,7.3407,13.5385,62.2418,-131.2967,15.3439,-32.1327,6.6850,13.9976,62.9329,-135.0947,13.8291,-32.1327,6.6850,13.9976,62.9329,-135.0947,13.8291,-100,0,-50,0,400,-100,0
177,1786707955.5156,1786707955.52,0.03335,-30.4176,7.3407,13.1868,62.9451,-131.0330,15.4101,-30.9954,6.1289,12.9459,62.0389,-131.8972,11.2033,-30.9954,6.1289,12.9459,62.0389,-131.8972,11.2033,50,0,-150,200,150,50,0
178,1786707955.549,1786707955.5538,0.03343,-30.4176,7.4286,12.8352,62.7692,-131.9121,14.9471,-32.7041,7.6840,13.9857,60.3946,-136.0741,14.6587,-32.7041,7.6840,13.9857,60.3946,-136.0741,14.6587,0,50,-150,0,-350,0,0
179,1786707955.5825,1786707955.5874,0.03344,-30.5055,7.4286,13.1868,62.6813,-133.4066,13.5582,-33.3232,6.7978,14.9332,62.2759,-134.6700,13.6233,-33.3232,6.7978,14.9332,62.2759,-134.6700,13.6233,0,0,100,50,-500,-650,0
180,1786707955.6158,1786707955.6201,0.03333,-30.9451,7.4286,13.9780,61.8022,-134.6374,12.5000,-31.4156,7.2767,15.3013,61.8447,-133.0445,9.8168,-31.4156,7.2767,15.3013,61.8447,-133.0445,9.8168,-150,-50,250,-200,-500,-450,0
181,1786707955.6492,1786707955.6539,0.03345,-31.9121,7.7802,14.5934,61.0989,-134.3736,12.4339,-30.3647,4.3935,17.3446,62.1554,-130.3955,6.7856,-30.3647,4.3935,17.3446,62.1554,-130.3955,6.7856,-300,100,150,-300,50,-100,0
182,1786707955.6826,1786707955.687,0.03335,-32.1758,7.8681,15.3846,61.8901,-133.6703,12.9630,-30.9651,5.8057,16.3913,61.8434,-130.3118,4.9884,-30.9651,5.8057,16.3913,61.8434,-130.3118,4.9884,-200,0,250,400,200,200,0
183,1786707955.716,1786707955.7206,0.0334,-31.7363,7.7802,16.0879,61.6264,-132.5275,12.3677,-31.0138,7.2547,15.8889,61.5844,-129.8354,5.0791,-31.0138,7.2547,15.8889,61.5844,-129.8354,5.0791,200,0,200,-200,300,-350,0
184,1786707955.7494,1786707955.7536,0.03337,-31.2088,7.6044,16.7912,61.7143,-131.5604,10.6481,-31.7467,6.4196,12.9822,63.3833,-129.5819,4.2569,-31.7467,6.4196,12.9822,63.3833,-129.5819,4.2569,200,-50,300,-50,350,-700,0
185,1786707955.7828,1786707955.7876,0.0334,-31.0330,8.0440,16.8791,61.8901,-131.2088,8.4656,-32.0655,6.9235,14.3331,62.9471,-129.0913,3.3915,-32.0655,6.9235,14.3331,62.9471,-129.0913,3.3915,100,200,50,0,150,-950,0
186,1786707955.8162,1786707955.8208,0.03341,-31.1209,8.2198,16.3516,62.2418,-130.5934,6.6138,-31.0620,6.6770,13.0034,62.5055,-131.1440,4.0487,-31.0620,6.6770,13.0034,62.5055,-131.1440,4.0487,0,50,-200,200,200,-800,0
187,1786707955.8496,1786707955.8538,0.03342,-31.5604,8.1319,15.6484,62.5934,-130.0659,5.4233,-31.3918,6.3294,15.7395,61.8095,-128.3919,4.2149,-31.3918,6.3294,15.7395,61.8095,-128.3919,4.2149,-150,0,-250,250,200,-500,0
188,1786707955.883,1786707955.8872,0.0334,-31.6484,7.9560,15.2088,62.1538,-130.2418,5.1587,-30.3898,4.7845,11.6548,65.1510,-121.2562,4.1647,-30.3898,4.7845,11.6548,65.1510,-121.2562,4.1647,-100,-50,-150,-200,-100,-150,0
189,1786707955.9163,1786707955.9211,0.03334,-31.5604,7.9560,15.2967,62.0659,-130.5934,4.9603,-29.2275,4.9007,14.5699,62.9202,-121.5775,4.0893,-29.2275,4.9007,14.5699,62.9202,-121.5775,4.0893,0,0,50,0,-250,-50,0
190,1786707955.9498,1786707955.9542,0.03342,-31.1209,7.9560,15.9121,62.9451,-129.9780,4.6296,-28.0408,5.2104,10.3631,64.0535,-115.5370,4.1364,-28.0408,5.2104,10.3631,64.0535,-119.7143,4.1364,150,0,300,100,200,-100,0
191,1786707955.9831,1786707955.9877,0.03338,-30.3297,7.9560,15.9121,63.6484,-127.5165,4.4974,-28.5664,2.8995,13.8053,65.7751,-109.8126,3.9101,-28.5664,2.8995,13.8053,65.7751,-117.1648,3.9101,300,0,50,300,850,-100,0
192,1786707956.0165,1786707956.021,0.0334,-29.4505,7.8681,15.0330,63.6484,-124.6154,4.3651,-26.1942,1.3341,12.1484,68.1521,-101.6745,4.3332,-26.1942,1.3341,12.1484,68.1521,-114.1758,4.3332,300,-50,-350,0,1050,-50,0
193,1786707956.05,1786707956.0548,0.03346,-28.9231,7.3407,13.7143,64.0000,-121.7143,4.2328,-24.1867,-1.0141,9.8479,68.4860,-92.7212,4.3108,-24.1867,-1.0141,9.8479,68.4860,-111.4505,4.3108,150,-100,-450,150,1000,-50,0
194,1786707956.0833,1786707956.0878,0.03334,-28.3956,5.9341,13.3626,65.6703,-119.0769,4.2989,-22.8235,-2.0214,4.0325,70.9149,-81.0703,4.7474,-22.8235,-2.0214,4.0325,70.9149,-108.6374,4.7474,200,-500,-150,550,1000,0,0
195,1786707956.1167,1786707956.1211,0.03338,-27.0769,4.1758,13.3626,67.1648,-116.2637,4.2989,-20.7973,-1.8441,2.0274,69.6265,-69.9973,5.1454,-20.7973,-1.8441,3.3626,69.6265,-105.9121,5.1454,450,-650,0,400,1000,0,0
196,1786707956.1501,1786707956.155,0.0334,-25.6703,2.8571,12.3956,68.1319,-113.5385,4.4312,-20.0718,-5.8958,-0.2401,72.9976,-64.1993,5.2948,-20.0718,-5.8958,2.1319,72.9976,-103.1868,5.2948,450,-550,-450,250,900,50,0
197,1786707956.1835,1786707956.1884,0.03339,-23.5604,2.3297,10.0220,69.3626,-110.9890,4.7619,-18.2932,-8.8363,3.9388,72.9138,-61.3178,5.6336,-18.2932,-7.7582,3.9388,72.9138,-100.5495,5.6336,700,-150,-750,500,900,200,0
198,1786707956.2169,1786707956.222,0.03341,-21.9780,1.2747,7.6484,69.9780,-108.1758,4.9603,-14.7804,-13.2463,1.4887,75.5237,-54.5532,5.4097,-14.7804,-8.9011,1.4887,75.5237,-97.8242,5.4097,600,-350,-800,200,900,100,0
199,1786707956.2503,1786707956.2552,0.0334,-20.7473,-0.9231,6.4176,71.3846,-105.2747,5.0926,-12.3690,-12.2638,2.8632,73.0568,-49.7584,5.5429,-12.3690,-11.1868,2.8632,73.0568,-94.9231,5.5429,450,-850,-350,400,1050,100,0
200,1786707956.2837,1786707956.3965,0.0334,-19.1648,-3.2088,5.6264,72.6154,-102.5495,5.0926,-19.8695,-0.9127,0.7514,70.2934,-100.4198,4.7228,-19.8695,-0.9127,0.7514,70.2934,-100.4198,4.7228,550,-850,-200,400,950,50,1
201,1786707956.3976,1786707956.4027,0.11392,-13.5385,-7.9560,4.8352,73.3187,-96.8352,5.3571,-18.7718,-4.7249,1.6619,71.7382,-92.4093,6.1752,-18.7718,-4.7249,1.6619,71.7382,-92.4093,6.1752,350,-200,0,-50,250,50,1
202,1786707956.431,1786707956.4355,0.03333,-13.1868,-8.2198,4.9231,73.3187,-96.3077,5.3571,-18.3620,-5.9289,5.8100,73.0799,-90.2781,5.5812,-18.3620,-5.9289,5.8100,73.0799,-90.2781,5.5812,150,-100,0,0,200,0,0
203,1786707956.4644,1786707956.4687,0.0334,-13.8022,-7.9560,4.4835,72.7912,-95.5165,5.4233,-19.7381,-6.7555,3.1679,72.4586,-90.3172,5.6112,-19.7381,-6.7555,3.1679,72.4586,-90.3172,5.6112,-250,0,-100,-150,250,0,0
204,1786707956.4977,1786707956.5024,0.03337,-15.2967,-6.9011,4.2198,72.6154,-93.7582,5.4894,-18.8951,-5.6819,1.0480,72.5305,-85.6454,4.8242,-18.8951,-5.6819,1.0480,72.5305,-85.6454,4.8242,-400,350,-100,-100,650,50,0
205,1786707956.5311,1786707956.5355,0.03338,-16.9670,-6.2857,4.4835,73.0549,-92.2637,5.4894,-20.0105,-8.1241,4.8751,72.6596,-84.3533,4.6747,-20.0105,-8.1241,4.8751,72.6596,-84.3533,4.6747,-550,200,50,150,600,0,0
206,1786707956.5646,1786707956.5688,0.03345,-18.0220,-5.6703,4.3956,72.9670,-90.9451,5.1587,-21.4338,-7.7499,6.5006,72.4115,-84.6295,5.1080,-21.4338,-7.7499,6.5006,72.4115,-84.6295,5.1080,-300,150,50,0,400,-100,0
207,1786707956.5979,1786707956.602,0.03336,-18.4615,-5.4945,4.0440,72.9670,-88.5714,4.8942,-22.4753,-4.8664,5.2958,70.7626,-79.9646,5.1096,-22.4753,-4.8664,5.2958,70.7626,-79.9646,5.1096,-200,50,-100,0,800,-150,0
208,1786707956.6314,1786707956.6363,0.03343,-19.1648,-5.8462,4.3956,72.8791,-86.9890,5.0265,-23.2423,-5.3107,2.5931,71.1948,-77.8694,4.6292,-23.2423,-5.3107,2.5931,71.1948,-77.8694,4.6292,-150,-150,150,-50,550,50,0
209,1786707956.6647,1786707956.6694,0.03337,-20.1319,-5.7582,5.3626,72.2637,-85.3187,5.1587,-23.9376,-5.6702,3.3387,68.8991,-78.9031,4.4278,-23.9376,-5.6702,3.3387,68.8991,-78.9031,4.4278,-300,100,350,-150,550,150,0
210,1786707956.6981,1786707956.7027,0.03342,-21.1868,-4.7912,5.4505,71.8242,-82.7692,4.8942,-23.7477,-5.4139,3.6468,66.2197,-81.0347,4.4652,-23.7477,-5.4139,3.6468,66.2197,-81.0347,4.4652,-400,350,50,-200,900,-100,0
211,1786707956.7315,1786707956.7361,0.03337,-22.5055,-4.6154,5.4505,71.6484,-80.6593,4.6296,-24.5480,-8.1187,8.8587,62.7687,-85.3619,4.5661,-24.5480,-8.1187,8.8587,62.7687,-85.3619,4.5661,-550,50,0,50,800,-100,0
212,1786707956.765,1786707956.7696,0.03347,-23.0330,-4.7033,5.3626,69.9780,-80.4835,4.6296,-25.7916,-5.8726,7.1864,64.5511,-82.4605,4.6517,-25.7916,-5.8726,7.1864,64.5511,-82.4605,4.6517,-150,-50,0,-400,50,0,0
213,1786707956.7983,1786707956.8028,0.03335,-23.3846,-5.4066,5.3626,67.4286,-81.7143,4.6296,-28.0495,-6.9134,6.9339,65.6635,-83.0462,4.5816,-28.0495,-6.9134,6.9339,65.6635,-83.0462,4.5816,-50,-200,-50,-950,-550,0,0
214,1786707956.8317,1786707956.8366,0.03338,-24.0879,-6.1099,6.5934,65.4945,-83.5604,4.6296,-26.2057,-9.5532,13.7814,60.5529,-83.7202,4.4155,-26.2057,-9.5532,13.7814,60.5529,-83.7202,4.4155,-150,-300,400,-650,-650,0,0
215,1786707956.8651,1786707956.87,0.03339,-25.2308,-5.8462,6.8571,65.1429,-84.0879,4.6296,-27.0319,-6.9600,12.2172,62.7655,-83.9459,4.3761,-27.0319,-6.9600,12.2172,62.7655,-83.9459,4.3761,-400,100,250,-250,-200,0,0
216,1786707956.8985,1786707956.9028,0.03337,-26.4615,-5.7582,7.8242,65.2308,-83.7363,4.6296,-28.0216,-7.9714,8.2592,66.3203,-84.7683,4.2969,-28.0216,-7.9714,8.2592,66.3203,-84.7683,4.2969,-400,100,200,50,150,0,0
217,1786707956.932,1786707956.9366,0.03349,-26.7253,-5.9341,9.7582,64.3516,-83.6484,4.5635,-27.5867,-6.8818,9.7848,66.2038,-84.6719,4.2909,-27.5867,-6.8818,9.7848,66.2038,-84.6719,4.2909,-100,-50,700,-350,50,0,0
218,1786707956.9653,1786707956.9701,0.03335,-27.1648,-5.9341,11.1648,64.0000,-84.0879,4.5635,-27.2957,-10.4898,11.4735,64.6592,-83.9836,4.3250,-27.2957,-10.4898,11.4735,64.6592,-83.9836,4.3250,-200,0,350,-50,-150,0,0
219,1786707956.9987,1786707957.0032,0.03334,-26.9890,-5.7582,11.2527,64.7912,-84.2637,4.6296,-29.8195,-8.7608,9.3096,64.5021,-84.2225,4.2421,-29.8195,-8.7608,9.3096,64.5021,-84.2225,4.2421,100,0,50,200,-50,0,0
220,1786707957.0321,1786707957.0364,0.03343,-26.9011,-5.8462,11.2527,65.5824,-84.1758,4.6296,-29.2329,-10.5203,7.3387,67.0516,-84.8279,4.0424,-29.2329,-10.5203,7.3387,67.0516,-84.8279,4.0424,50,0,0,250,50,0,0
221,1786707957.0655,1786707957.0699,0.03339,-27.3407,-6.2857,11.1648,65.1429,-84.2637,4.6296,-27.8703,-9.7188,12.3212,63.7325,-82.3465,4.4413,-27.8703,-9.7188,12.3212,63.7325,-82.3465,4.4413,-100,-150,-50,-200,-50,0,0
222,1786707957.0988,1786707957.1031,0.03334,-28.3077,-6.9011,10.6374,64.9670,-84.3516,4.4312,-27.6580,-11.0724,12.0322,65.0641,-79.2584,4.4741,-27.6580,-11.0724,12.0322,65.0641,-79.2584,4.4741,-350,-200,-100,-100,-50,-100,0
223,1786707957.1322,1786707957.1366,0.03339,-28.5714,-7.3407,10.1099,64.7912,-83.8242,4.4312,-29.5167,-9.4181,14.0627,62.6606,-79.2591,4.3758,-29.5167,-9.4181,14.0627,62.6606,-79.2591,4.3758,0,-200,-150,-50,0,0,0
224,1786707957.1656,1786707957.1699,0.03339,-28.4835,-7.9560,10.4615,64.4396,-82.2418,4.3651,-30.2261,-8.9160,15.7269,62.2080,-79.4654,4.3579,-30.2261,-8.9160,15.7269,62.2080,-79.4654,4.3579,50,-200,200,-100,600,-50,0
225,1786707957.1991,1786707957.2037,0.03344,-28.2198,-8.4835,12.2198,64.2637,-81.1868,4.3651,-27.8109,-11.3147,18.9949,60.1049,-78.3680,4.4909,-27.8109,-11.3147,18.9949,60.1049,-78.3680,4.4909,150,-150,550,-100,300,0,0
226,1786707957.2324,1786707957.237,0.03339,-28.7473,-8.1319,14.1538,63.3846,-80.6593,4.3651,-28.5792,-20.3853,27.0595,58.7233,-76.2899,4.5469,-28.5792,-18.0440,24.3297,58.7233,-76.2899,4.5469,-150,50,650,-350,200,0,0
227,1786707957.2658,1786707957.2705,0.03337,-28.9231,-7.9560,16.3516,62.2418,-79.7802,4.3651,-28.2414,-23.2219,32.5309,57.1035,-76.4824,4.5451,-28.2414,-17.9560,26.7033,57.1035,-76.4824,4.5451,-50,50,800,-400,300,0,0
228,1786707957.2992,1786707957.3042,0.03337,-28.8352,-9.0110,19.2527,60.8352,-78.3736,4.2989,-27.1893,-22.9826,34.8128,50.9985,-78.0467,4.5040,-27.1893,-19.3626,29.6044,50.9985,-78.0467,4.5040,50,-450,950,-450,550,0,0
229,1786707957.3326,1786707957.3373,0.03343,-28.4835,-11.4725,22.4176,59.4286,-77.8462,4.3651,-28.4143,-24.7345,33.2632,53.7470,-81.1659,4.3757,-28.4143,-21.8242,32.9451,53.7470,-81.1659,4.3757,150,-750,1150,-450,300,50,0
230,1786707957.366,1786707957.3709,0.03338,-27.9560,-14.0220,25.4945,57.5824,-78.1978,4.3651,-26.6924,-21.7986,34.1554,51.8468,-76.3434,4.4653,-26.6924,-21.7986,34.1554,51.8468,-76.3434,4.4653,250,-850,1000,-700,-150,0,0
231,1786707957.3993,1786707957.404,0.03334,-27.8681,-16.3077,28.3956,55.6484,-79.1648,4.3651,-25.9342,-24.1026,37.7008,52.8137,-73.3536,4.5625,-25.9342,-24.1026,37.7008,52.8137,-73.3536,4.5625,0,-750,1000,-700,-350,0,0
232,1786707957.4327,1786707957.4374,0.0334,-27.9560,-17.8022,31.1209,54.4176,-80.0440,4.3651,-26.8345,-24.3875,39.9009,52.1549,-73.8494,4.4935,-26.8345,-24.3875,39.9009,52.1549,-73.8494,4.4935,-50,-450,950,-450,-400,0,0
233,1786707957.4662,1786707957.4714,0.03343,-27.7802,-19.1209,33.4945,53.9780,-79.4286,4.3651,-27.8659,-24.6328,38.1726,48.5393,-74.8905,4.2086,-27.8659,-24.6328,38.1726,48.5393,-74.8905,4.2086,-50,-400,750,-100,100,0,0
234,1786707957.4996,1786707957.504,0.03343,-27.1648,-20.6154,36.4835,53.5385,-77.6703,4.2989,-29.8254,-23.7575,41.2347,49.0037,-73.5468,4.2898,-29.8254,-23.7575,41.2347,49.0037,-73.5468,4.2898,150,-500,1050,-100,550,-50,0
235,1786707957.533,1786707957.5376,0.03341,-27.1648,-21.3187,38.2418,52.4835,-76.0000,4.3651,-29.0640,-20.7332,39.1579,48.6389,-75.9981,4.3881,-29.0640,-20.7332,39.1579,48.6389,-75.9981,4.3881,-50,-200,600,-300,550,0,0
236,1786707957.5663,1786707957.571,0.0333,-27.7802,-21.4066,39.3846,50.9890,-75.2088,4.3651,-28.3697,-22.6670,42.6834,46.8129,-74.5441,4.5070,-28.3697,-22.6670,42.6834,46.8129,-74.5441,4.5070,-100,-50,400,-500,300,0,0
237,1786707957.5997,1786707957.6044,0.0334,-28.9231,-21.3187,40.3516,50.2857,-75.2967,4.3651,-27.8234,-24.0396,46.2738,45.8636,-72.4599,4.4503,-27.8234,-24.0396,46.2738,45.8636,-72.4599,4.4503,-450,0,400,-350,-50,0,0
238,1786707957.6331,1786707957.638,0.03338,-28.9231,-20.6154,40.9670,49.1429,-75.6484,4.2989,-28.7240,-27.2848,47.5349,42.7400,-71.1978,4.0707,-28.7240,-27.2848,47.5349,42.7400,-71.1978,4.0707,0,200,150,-350,-100,-50,0
239,1786707957.6665,1786707957.6707,0.03341,-28.5714,-20.8791,42.9890,47.7363,-75.2088,4.3651,-28.5068,-24.6713,46.1402,43.1526,-71.7188,4.2808,-28.5068,-24.6713,46.1402,43.1526,-71.7188,4.2808,50,50,750,-500,100,0,0
240,1786707957.6999,1786707957.7048,0.03345,-28.3077,-22.2857,45.5385,46.4176,-73.4505,4.3651,-29.2661,-22.2702,43.9412,43.4147,-72.5076,4.1553,-29.2661,-22.2702,43.9412,43.4147,-72.5076,4.1553,100,-500,850,-500,600,0,0
241,1786707957.7333,1786707957.7381,0.03338,-28.4835,-23.5165,46.4176,45.0989,-72.8352,4.3651,-29.9228,-20.6902,44.8162,43.0744,-73.4992,4.0034,-29.9228,-20.6902,44.8162,43.0744,-73.4992,4.0034,-50,-400,400,-550,100,0,0
242,1786707957.7667,1786707957.7714,0.03336,-29.0989,-23.8681,45.8901,44.7473,-73.0110,4.3651,-29.4164,-18.0666,42.6043,43.9027,-70.9866,4.0726,-29.4164,-18.0666,42.6043,43.9027,-70.9866,4.0726,-200,-200,-200,-100,-50,0,0
243,1786707957.8001,1786707957.8047,0.0334,-29.4505,-23.0769,45.2747,44.2198,-73.0989,4.3651,-28.7204,-14.6191,40.4888,44.7921,-72.2819,3.8860,-28.7204,-14.6191,40.4888,44.7921,-72.2819,3.8860,-150,200,-250,-200,0,0,0
244,1786707957.8335,1786707957.838,0.03339,-29.4505,-20.7912,44.6593,44.2198,-72.9231,4.3651,-29.4060,-14.2145,38.1186,46.4432,-74.5028,4.2097,-29.4060,-14.2145,38.1186,46.4432,-74.5028,4.2097,0,750,-150,0,100,0,0
245,1786707957.8668,1786707957.8715,0.03337,-29.1868,-18.0659,43.8681,44.6593,-72.3077,4.2328,-28.3650,-13.1784,35.0473,49.1803,-71.8062,4.0338,-28.3650,-13.1784,35.0473,49.1803,-71.8062,4.0338,150,900,-300,100,300,-50,0
246,1786707957.9002,1786707957.9051,0.03339,-29.0989,-15.8681,42.4615,45.3626,-72.8352,4.2989,-30.1263,-8.2695,33.0145,48.8571,-72.2273,4.2019,-30.1263,-8.2695,33.0145,48.8571,-72.2273,4.2019,50,800,-450,250,-200,50,0
247,1786707957.9336,1786707957.9385,0.03341,-29.0110,-14.5495,40.5275,46.8571,-73.7143,4.2328,-28.6138,-7.0570,26.4873,50.6670,-71.1631,3.8846,-28.6138,-7.0570,30.2637,50.6670,-71.1631,3.8846,50,450,-650,500,-250,-50,0
248,1786707957.967,1786707957.9718,0.03337,-29.1868,-13.0549,38.2418,47.8242,-73.2747,4.2328,-29.1464,-5.2797,26.3691,49.1236,-71.7224,4.0865,-29.1464,-5.2797,27.8901,49.1236,-71.7224,4.0865,-50,500,-750,350,0,0,0
249,1786707958.0005,1786707958.0048,0.03346,-29.3626,-10.7692,35.7802,48.6154,-72.3077,4.1667,-27.8811,-6.4425,26.7736,50.2319,-68.6597,3.9322,-27.8811,-6.4425,26.7736,50.2319,-68.6597,3.9322,-50,750,-850,300,350,-50,0
250,1786707958.0338,1786707958.1462,0.03334,-29.5385,-8.1319,33.3187,49.3187,-72.0440,4.1005,-31.3608,-4.9548,23.5554,53.7922,-71.1784,4.7171,-31.3608,-4.9548,23.5554,53.7922,-71.1784,4.7171,-100,900,-900,350,50,-50,1
251,1786707958.1473,1786707958.1521,0.11352,-28.3077,-6.6374,29.6264,49.8462,-69.6703,4.1005,-32.0572,-7.2468,21.4933,54.8650,-72.7673,4.1077,-32.0572,-7.2468,21.4933,54.8650,-72.7673,4.1077,0,50,-300,50,150,0,1
252,1786707958.1807,1786707958.1849,0.03334,-28.4835,-6.2857,29.1868,49.9341,-69.4945,4.1005,-34.3816,-6.6771,21.8794,53.9727,-73.2300,3.8064,-34.3816,-6.6771,21.8794,53.9727,-73.2300,3.8064,0,150,-150,50,100,0,0
253,1786707958.214,1786707958.2182,0.03337,-29.0989,-6.1978,28.3956,50.9890,-69.9341,4.1005,-34.6614,-6.2046,19.8635,55.1396,-73.8294,3.7386,-34.6614,-6.2046,19.8635,55.1396,-73.8294,3.7386,-150,0,-200,250,-200,0,0
254,1786707958.2474,1786707958.2516,0.03339,-30.5934,-6.1978,26.5495,52.3956,-71.6044,4.1005,-37.2586,-4.5999,20.1976,54.5754,-73.8711,4.0616,-37.2586,-4.5999,20.1976,54.5754,-73.8711,4.0616,-550,0,-600,500,-550,0,0
255,1786707958.2808,1786707958.285,0.0334,-32.1758,-6.0220,24.4396,53.4505,-72.5714,3.9683,-36.1474,-5.2098,20.1186,53.6825,-72.3470,3.8064,-36.1474,-5.2098,20.1186,53.6825,-72.3470,3.8064,-550,0,-750,350,-350,-50,0
256,1786707958.3142,1786707958.3187,0.03339,-34.0220,-5.4945,23.2967,53.6264,-72.7473,4.0344,-37.8356,-2.9363,16.0022,56.1159,-73.1563,4.0672,-37.8356,-2.9363,16.0022,56.1159,-73.1563,4.0672,-600,150,-500,0,-50,50,0
257,1786707958.3476,1786707958.3522,0.03336,-35.4286,-4.8791,22.7692,53.4505,-72.5714,4.0344,-38.2487,-2.9031,17.0780,55.6759,-75.2066,4.0662,-38.2487,-2.9031,17.0780,55.6759,-75.2066,4.0662,-500,150,-150,-100,50,0,0
258,1786707958.381,1786707958.3855,0.0334,-36.3077,-4.3516,22.0659,54.2418,-72.5714,3.9683,-36.6811,-3.7968,16.6594,56.2753,-72.4211,4.0902,-36.6811,-3.7968,16.6594,56.2753,-72.4211,4.0902,-300,250,-250,350,0,0,0
259,1786707958.4143,1786707958.4186,0.03337,-36.7473,-3.3846,20.7473,55.1209,-73.7143,3.9683,-36.5711,-3.9995,13.6257,57.7100,-69.8519,4.9046,-36.5711,-3.9995,13.6257,57.7100,-69.8519,4.9046,-100,350,-450,200,-450,0,0
260,1786707958.4478,1786707958.4521,0.03342,-36.9231,-3.2967,19.8681,55.5604,-74.3297,3.9683,-36.1068,-2.1903,14.0924,57.6272,-72.8550,9.2186,-36.1068,-2.1903,14.0924,57.6272,-72.8550,9.2186,-50,0,-300,150,-400,0,0
261,1786707958.4812,1786707958.4858,0.03342,-36.9231,-3.2088,18.9011,56.3516,-73.2747,4.1667,-36.7790,2.0652,12.4414,57.4477,-68.7973,15.3427,-36.7790,2.0652,12.4414,57.4477,-68.7973,14.2989,0,0,-400,250,350,100,0
262,1786707958.5146,1786707958.5192,0.03338,-36.5714,-2.6813,17.4945,56.7912,-71.8681,5.2910,-35.7281,2.7521,12.2474,57.4278,-69.0746,16.7497,-35.7281,2.7521,12.2474,57.4278,-69.0746,15.4894,100,100,-450,100,500,350,0
263,1786707958.548,1786707958.5533,0.0334,-36.3956,-1.0989,16.0879,56.7912,-70.6374,7.5397,-35.9282,1.1342,13.2561,58.1620,-70.9541,19.1548,-35.9282,1.1342,13.2561,58.1620,-70.9541,17.9365,50,500,-500,0,350,950,0
264,1786707958.5813,1786707958.5861,0.03335,-36.3077,0.9231,15.0330,56.8791,-70.2857,10.2513,-35.3308,1.7557,16.6287,54.9635,-69.3603,20.6077,-35.3308,1.7557,16.6287,54.9635,-69.3603,20.6077,0,700,-300,50,150,1250,0
265,1786707958.6147,1786707958.6194,0.03337,-36.3077,1.9780,15.1209,57.4945,-70.2857,12.8968,-36.5675,2.8711,14.0160,56.7443,-71.1450,20.3752,-36.5675,2.8711,14.0160,56.7443,-71.1450,20.3752,0,550,-50,300,0,1250,0
266,1786707958.6481,1786707958.6525,0.03343,-36.2198,1.9780,16.0000,57.1429,-70.7253,15.4762,-36.4534,3.2584,14.6392,57.4708,-72.4551,21.2089,-36.4534,3.2584,14.6392,57.4708,-72.4551,21.2089,50,0,300,50,-100,1200,0
267,1786707958.6815,1786707958.6857,0.03337,-35.9560,2.2418,16.5275,56.4396,-70.8132,17.4603,-36.8077,2.7968,14.9384,57.3648,-72.9104,21.3162,-36.8077,2.7968,14.9384,57.3648,-72.9104,21.3162,50,100,150,-300,0,900,0
268,1786707958.7149,1786707958.7194,0.03341,-36.0440,2.8571,16.3516,56.7912,-71.6044,18.7169,-37.6219,3.8069,16.8883,56.8441,-72.4774,20.2080,-37.6219,3.8069,16.8883,56.8441,-72.4774,20.2080,0,200,50,150,-250,500,0
269,1786707958.7483,1786707958.7532,0.03345,-36.3077,3.2967,16.1758,57.0549,-72.0440,19.5767,-37.5866,5.1187,16.2727,57.8820,-73.9074,20.4344,-37.5866,5.1187,16.2727,57.8820,-73.9074,20.4344,-100,100,-50,200,-100,400,0
270,1786707958.7817,1786707958.7862,0.03335,-36.6593,3.7363,16.6154,57.0549,-72.1319,19.6429,-38.1296,5.4667,16.0359,58.5481,-76.0174,20.2137,-38.1296,5.4667,16.0359,58.5481,-76.0174,20.2137,-150,150,150,0,0,0,0
271,1786707958.8151,1786707958.8196,0.03337,-36.9231,4.5275,16.8791,57.3187,-72.6593,19.7751,-37.2122,4.6693,16.8550,56.4229,-73.2103,20.1852,-37.2122,4.6693,16.8550,56.4229,-73.2103,20.1852,-50,300,0,100,-200,100,0
272,1786707958.8484,1786707958.8531,0.03337,-37.4505,5.3187,16.9670,57.7582,-73.9780,19.8413,-37.5481,4.7917,17.5558,57.7460,-72.1002,20.0090,-37.5481,4.7917,17.5558,57.7460,-72.1002,20.0090,-250,300,0,250,-500,50,0
273,1786707958.8818,1786707958.8864,0.03339,-37.5385,5.4945,17.5824,57.5824,-74.7692,19.8413,-37.1808,2.3973,16.9391,58.5241,-72.3507,19.1379,-37.1808,2.3973,16.9391,58.5241,-72.3507,19.1379,0,50,250,0,-400,0,0
274,1786707958.9153,1786707958.9199,0.03346,-37.4505,5.4066,17.7582,57.1429,-73.9780,19.7751,-37.3018,4.0754,17.3118,57.0708,-72.4297,19.2593,-37.3018,4.0754,17.3118,57.0708,-72.4297,19.2593,0,-50,0,-150,300,-50,0
275,1786707958.9486,1786707958.9532,0.03331,-37.3626,5.0549,17.6703,57.4945,-73.0110,19.7090,-37.7008,0.1357,18.1013,54.8835,-73.7003,19.0366,-37.7008,0.1357,18.1013,54.8835,-73.7003,19.0366,50,-100,-50,0,250,0,0
276,1786707958.982,1786707958.9868,0.03341,-37.3626,4.7912,17.7582,57.9341,-73.0110,19.4444,-37.0593,1.5025,20.7403,55.3169,-70.8565,19.3127,-37.0593,1.5025,20.7403,55.3169,-70.8565,19.3127,0,-100,50,250,50,-100,0
277,1786707959.0154,1786707959.02,0.03341,-37.3626,4.5275,18.1978,56.7912,-73.1868,19.3122,-37.1254,3.1547,19.0550,55.6094,-72.9059,19.6357,-37.1254,3.1547,19.0550,55.6094,-72.9059,19.6357,0,-150,150,-400,-50,-50,0
278,1786707959.0488,1786707959.0534,0.03336,-37.4505,3.9121,19.0769,56.0000,-73.2747,19.3122,-36.4879,4.9225,12.9277,57.1543,-71.0728,19.3262,-36.4879,4.9225,12.9277,57.1543,-71.0728,19.3262,-50,-200,250,-200,-50,0,0
279,1786707959.0822,1786707959.0867,0.03339,-37.3626,3.7363,20.0440,56.0000,-73.0989,19.4444,-37.5135,5.6876,14.1527,57.3612,-70.7285,19.1601,-37.5135,5.6876,14.1527,57.3612,-70.7285,19.1601,50,-100,350,0,100,100,0
280,1786707959.1156,1786707959.1201,0.03341,-37.2747,4.8791,19.8681,56.4396,-72.9231,19.3783,-37.4998,7.2188,13.3996,57.0859,-70.9795,18.5861,-37.4998,7.2188,13.3996,57.0859,-70.9795,18.5861,0,350,-100,150,0,-50,0
281,1786707959.1489,1786707959.1535,0.03338,-37.2747,6.1099,18.9011,56.9670,-71.9560,19.3783,-40.0252,9.1975,10.9767,57.1733,-72.1965,18.7921,-40.0252,9.1975,10.9767,57.1733,-72.1965,18.7921,0,350,-350,150,300,0,0
282,1786707959.1823,1786707959.1867,0.03341,-37.2747,6.9011,17.4066,56.8791,-71.7802,19.1138,-39.0771,8.1116,12.9766,55.7522,-72.7274,19.0177,-39.0771,8.1116,12.9766,55.7522,-72.7274,19.0177,0,250,-450,0,150,-150,0
283,1786707959.2157,1786707959.22,0.03338,-37.7143,8.0440,15.4725,56.8791,-72.0440,19.1138,-40.0653,9.7684,10.9229,55.9916,-72.5983,19.2851,-40.0653,9.7684,10.9229,55.9916,-72.5983,19.2851,-200,400,-650,0,-100,0,0
284,1786707959.2491,1786707959.2534,0.03337,-38.5934,8.5714,14.2418,56.2637,-72.3956,19.1138,-38.9744,10.3449,12.0024,56.5354,-71.4541,19.3056,-38.9744,10.3449,12.0024,56.5354,-71.4541,19.3056,-300,100,-550,-300,-100,0,0
285,1786707959.2825,1786707959.2867,0.0334,-39.2088,9.0989,13.8901,56.4396,-72.1319,19.0476,-37.6441,6.8783,15.2899,53.4921,-72.2356,19.0509,-37.6441,6.8783,15.2899,53.4921,-72.2356,19.0509,-250,100,-100,-100,50,0,0
286,1786707959.3159,1786707959.32,0.03338,-39.2967,9.8901,13.7143,56.4396,-72.0440,19.0476,-38.2805,8.9563,11.0581,56.3078,-71.7039,19.4527,-38.2805,8.9563,11.0581,56.3078,-71.7039,19.4527,0,300,-100,0,0,0,0
287,1786707959.3493,1786707959.3535,0.03343,-39.0330,9.8901,14.3297,55.5604,-72.0440,19.0476,-38.3801,11.2747,8.8357,57.7639,-70.8355,19.4905,-38.3801,11.2747,8.8357,57.7639,-70.8355,19.4905,50,0,50,-200,0,0,0
288,1786707959.3827,1786707959.3878,0.0334,-38.5055,9.9780,15.2967,55.2088,-72.1319,19.0476,-38.1420,12.4847,6.9752,59.0674,-70.3389,19.7398,-38.1420,12.4847,6.9752,59.0674,-70.3389,19.7398,150,50,400,-100,0,0,0
289,1786707959.4161,1786707959.4209,0.03337,-38.4176,10.4176,15.1209,55.6484,-71.5165,19.1799,-38.9848,16.9502,3.4195,60.4884,-68.7333,19.8983,-38.9848,16.9502,4.9451,60.4884,-68.7333,19.8983,50,150,-50,100,200,50,0
290,1786707959.4495,1786707959.4541,0.03339,-38.4176,11.8242,13.4505,57.1429,-71.0769,19.2460,-38.2224,17.9321,5.1339,58.5231,-68.6856,19.8107,-38.2224,17.9321,5.1339,58.5231,-68.6856,19.8107,0,500,-400,550,150,0,0
291,1786707959.4828,1786707959.4875,0.03338,-38.8571,13.8462,10.7253,58.2857,-70.3736,19.4444,-40.4167,16.7074,6.2058,58.8454,-68.8558,20.2311,-40.4167,16.7074,6.2058,58.8454,-68.8558,20.2311,-150,550,-950,450,150,100,0
292,1786707959.5163,1786707959.5206,0.03343,-38.8571,15.9560,8.7912,58.9890,-69.5824,19.5106,-39.8725,16.2189,4.0547,61.0428,-69.5877,20.2499,-39.8725,16.2189,4.0547,61.0428,-69.5877,20.2499,0,750,-600,350,350,50,0
293,1786707959.5497,1786707959.5544,0.03338,-38.8571,16.8352,8.3516,58.4615,-69.6703,19.8413,-39.9017,16.8228,6.4409,60.2753,-67.7689,19.7654,-39.9017,16.8228,6.4409,60.2753,-67.7689,19.7654,0,250,-300,-200,-50,150,0
294,1786707959.583,1786707959.5875,0.03338,-39.0330,16.8352,8.1758,59.2527,-69.6703,19.8413,-40.4759,17.9495,5.5387,61.8322,-68.3182,20.4744,-40.4759,17.9495,5.5387,61.8322,-68.3182,20.4744,-50,0,-50,0,0,0,0
295,1786707959.6164,1786707959.6209,0.03339,-39.2088,17.0989,7.8242,60.1319,-69.2308,19.7751,-40.1684,18.0645,6.2801,60.7247,-69.9086,20.4483,-40.1684,18.0645,6.2801,60.7247,-69.9086,20.4483,-100,50,-100,400,100,-50,0
296,1786707959.6498,1786707959.6545,0.03336,-39.7363,17.7143,7.4725,60.6593,-68.6154,20.0397,-40.8579,16.7177,6.9607,60.6964,-70.5503,20.7784,-40.8579,16.7177,6.9607,60.6964,-70.5503,20.7784,-150,200,-50,150,200,100,0
297,1786707959.6832,1786707959.6878,0.03339,-39.8242,17.8901,7.1209,60.7473,-69.3187,20.1720,-41.8358,16.2963,3.2345,62.5982,-70.2821,20.6027,-41.8358,16.2963,3.2345,62.5982,-70.2821,20.6027,-50,0,-150,-50,-300,50,0
298,1786707959.7166,1786707959.7212,0.0334,-39.9121,17.8901,7.3846,60.5714,-70.1099,20.3704,-41.0265,16.9707,1.0466,62.8451,-69.1424,20.4004,-41.0265,16.9707,1.0466,62.8451,-69.1424,20.4004,0,0,100,-100,-250,100,0
299,1786707959.7499,1786707959.7546,0.03338,-40.3516,17.7143,6.9451,61.1868,-70.0220,20.3042,-40.8193,16.8411,4.7614,60.8045,-70.8895,20.4919,-40.8193,16.8411,4.7614,60.8045,-70.8895,20.4919,-200,-50,-300,200,50,-50,0
300,1786707959.7833,1786707959.8949,0.03337,-40.7033,17.8901,5.4505,61.9780,-69.6703,20.3042,-45.6814,19.1385,-1.6942,61.8357,-65.2259,20.9081,-45.6814,19.1385,-1.6942,61.8357,-65.2259,20.9081,-50,100,-500,200,200,50,1
301,1786707959.8961,1786707959.9008,0.11275,-40.5275,17.7143,5.0110,61.0989,-70.4615,20.3042,-44.9644,20.1375,-0.7870,62.7298,-66.1358,21.1994,-44.9644,20.1375,-0.7870,62.7298,-66.1358,21.1994,50,0,250,-50,0,0,1
302,1786707959.9293,1786707959.9342,0.03329,-40.5275,17.9780,5.1868,61.2747,-70.4615,20.3704,-44.5495,21.6192,1.0428,59.4708,-65.7370,21.2040,-44.5495,21.6192,1.0428,59.4708,-65.7370,21.2040,0,100,50,0,-100,50,0
303,1786707959.9627,1786707959.9674,0.03339,-41.0549,18.5934,4.6593,61.6264,-69.9341,20.6349,-45.5203,19.7263,1.0499,60.8818,-66.3605,21.0058,-45.5203,19.7263,1.0499,60.8818,-66.3605,21.0058,-50,250,-100,250,250,50,0
304,1786707959.9962,1786707960.0014,0.03341,-42.1978,20.1758,3.3407,61.8901,-68.2637,20.8333,-45.3008,20.8670,-2.0494,62.7784,-65.9819,21.4409,-45.3008,20.8670,-2.0494,62.7784,-65.9819,21.4409,-400,450,-450,200,600,100,0
305,1786707960.0296,1786707960.0346,0.03341,-43.4286,20.7033,2.7253,61.0110,-67.2088,20.8333,-44.8056,21.2160,0.2912,60.5027,-66.7276,20.9345,-44.8056,21.2160,0.2912,60.5027,-66.7276,20.9345,-400,250,-150,-350,400,50,0
306,1786707960.063,1786707960.0679,0.03339,-44.3077,20.8791,1.8462,61.8022,-67.1209,21.0317,-46.3421,19.4509,0.6072,63.4035,-65.5744,18.5109,-46.3421,19.4509,0.6072,63.4035,-65.5744,18.5109,-350,100,-250,450,50,0,0
307,1786707960.0963,1786707960.101,0.03338,-44.4835,21.1429,0.8791,62.2418,-67.0330,20.8995,-46.5258,19.7758,-0.2611,62.5462,-66.0015,19.8622,-46.5258,19.7758,-0.2611,62.5462,-66.0015,19.8622,-50,50,-350,250,-50,-100,0
308,1786707960.1297,1786707960.1344,0.03336,-44.7473,21.2308,0.9670,62.1538,-66.8571,20.5688,-45.6593,20.5600,-1.0809,64.9832,-67.0699,18.5637,-45.6593,20.5600,-1.0809,64.9832,-67.0699,18.5637,-100,50,100,-100,50,-200,0
309,1786707960.1631,1786707960.1677,0.03337,-45.1868,21.2308,1.4066,62.8571,-66.5934,19.7751,-47.7974,19.0993,2.5471,68.1165,-69.6173,19.1649,-47.7974,19.0993,2.5471,68.1165,-69.6173,19.1649,-150,0,200,300,50,-500,0
310,1786707960.1965,1786707960.201,0.0334,-45.3626,21.2308,0.8791,62.6813,-66.7692,19.3122,-45.7375,23.2035,-3.6961,65.6240,-66.7005,19.3605,-45.7375,23.2035,-3.6961,65.6240,-66.7005,19.3605,0,0,-200,-100,-50,-200,0
311,1786707960.2299,1786707960.2346,0.03338,-45.8901,21.2308,0.7033,63.6484,-67.6484,19.3122,-44.9762,20.1019,1.3633,65.0596,-66.9222,19.6246,-44.9762,20.1019,1.3633,65.0596,-66.9222,19.6246,-200,0,-50,250,-300,50,0
312,1786707960.2633,1786707960.2684,0.03346,-46.5055,21.2308,0.6154,66.1099,-68.6154,19.4444,-44.9201,23.7269,-5.6148,67.6370,-66.1301,19.7932,-44.9201,23.7269,-5.6148,67.6370,-66.1301,19.7932,-150,0,0,850,-200,100,0
313,1786707960.2967,1786707960.3014,0.03333,-46.5934,21.2308,0.5275,66.3736,-68.0000,19.4444,-45.1870,24.2782,-5.6031,69.9854,-64.9029,19.8624,-45.1870,24.2782,-5.6031,69.9854,-64.9029,19.8624,-100,0,-50,350,150,0,0
314,1786707960.33,1786707960.3346,0.03337,-46.1538,21.6703,0.2637,66.1978,-67.0330,19.4444,-45.1453,24.6700,-7.0149,70.3039,-64.4914,19.1252,-45.1453,24.6700,-7.0149,70.3039,-64.4914,19.1252,150,50,-100,-150,450,0,0
315,1786707960.3634,1786707960.368,0.03338,-45.7143,23.0769,-1.3187,67.6923,-66.2418,19.4444,-45.0658,25.5443,-7.1897,68.4576,-63.6081,19.5049,-45.0658,25.5443,-7.1897,68.4576,-63.6081,19.5049,200,500,-400,550,300,50,0
316,1786707960.3968,1786707960.4015,0.03341,-45.6264,24.1319,-3.3407,68.8352,-65.8022,19.3122,-45.2541,26.3699,-8.3716,70.7855,-64.7393,20.0318,-45.2541,26.3699,-8.3716,70.7855,-64.7393,20.0318,50,300,-750,250,150,-50,0
317,1786707960.4302,1786707960.4349,0.03337,-45.6264,24.9231,-4.4835,68.7473,-65.0110,19.3122,-45.2477,27.5972,-11.3090,71.0757,-65.5574,19.9500,-45.2477,27.5972,-11.3090,71.0757,-65.5574,19.9500,0,250,-350,0,250,0,0
318,1786707960.4636,1786707960.4685,0.03339,-45.6264,25.7143,-5.5385,68.5714,-64.8352,19.5106,-45.3369,29.1515,-9.9647,70.6605,-66.0743,19.9954,-45.3369,29.1515,-9.9647,70.6605,-66.0743,19.9954,0,300,-350,-50,50,50,0
319,1786707960.497,1786707960.5014,0.03338,-45.7143,26.6813,-7.2967,69.6264,-65.3626,19.6429,-46.3057,33.7787,-18.1537,73.3258,-66.0958,20.3932,-46.3057,33.7787,-17.4725,73.3258,-66.0958,20.3932,-50,350,-600,400,-150,50,0
320,1786707960.5304,1786707960.5348,0.03348,-45.7143,27.9121,-8.7912,70.1538,-65.7143,19.7090,-45.5101,31.2325,-13.9213,71.5822,-66.2128,20.1208,-45.5101,31.2325,-13.9213,71.5822,-66.2128,20.1208,0,400,-450,250,-150,50,0
321,1786707960.5638,1786707960.568,0.03339,-45.7143,29.4945,-10.0220,70.5055,-65.7143,19.9074,-46.1384,32.5597,-17.8482,71.0236,-65.2591,19.9293,-46.1384,32.5597,-17.8482,71.0236,-65.2591,19.9293,0,450,-350,100,50,100,0
322,1786707960.5971,1786707960.6014,0.03329,-45.7143,30.9011,-11.6044,70.9451,-65.6264,19.9074,-46.7340,32.6785,-15.0857,69.5898,-64.4154,20.0495,-46.7340,32.6785,-15.0857,69.5898,-64.4154,20.0495,0,500,-550,50,50,0,0
323,1786707960.6306,1786707960.6354,0.03344,-45.8901,31.7802,-13.0110,70.9451,-65.5385,19.9074,-45.6816,28.0923,-12.4532,69.2398,-62.8089,19.9545,-45.6816,28.0923,-12.4532,69.2398,-62.8089,19.9545,-50,300,-500,0,50,0,0
324,1786707960.6639,1786707960.6685,0.03338,-46.1538,31.9560,-14.4176,70.5055,-65.0989,19.9074,-48.6576,30.1004,-15.0311,70.6511,-63.0513,20.4717,-48.6576,30.1004,-15.0311,70.6511,-63.0513,20.4717,-100,0,-500,-150,150,0,0
325,1786707960.6973,1786707960.7022,0.03339,-46.1538,31.8681,-14.4176,69.9780,-64.3956,19.9074,-47.7667,31.4135,-16.3157,70.6144,-62.0915,20.1596,-47.7667,31.4135,-16.3157,70.6144,-62.0915,20.1596,0,0,-50,-200,200,0,0
326,1786707960.7307,1786707960.7355,0.03339,-46.2418,31.4286,-13.9780,70.0659,-63.9560,19.9735,-48.8752,32.3568,-19.4200,72.4990,-60.2988,19.0724,-48.8752,32.3568,-19.4200,72.4990,-60.2988,19.0724,0,-150,100,-100,200,0,0
327,1786707960.7641,1786707960.769,0.03341,-46.6813,31.6923,-14.4176,70.3297,-63.4286,19.9735,-47.2275,31.0689,-17.3434,70.9813,-63.4578,19.8723,-47.2275,31.0689,-17.3434,70.9813,-63.4578,19.8723,-150,0,-300,50,200,0,0
328,1786707960.7976,1786707960.8021,0.03345,-47.2088,32.2198,-16.0879,71.1209,-62.1978,19.7751,-48.8987,30.7671,-20.8599,74.0545,-63.0484,20.8160,-48.8987,30.7671,-20.8599,74.0545,-63.0484,20.8160,-150,250,-600,300,400,0,0
329,1786707960.8309,1786707960.8355,0.03335,-47.4725,32.3956,-17.2308,71.5604,-61.7582,19.5106,-47.7905,31.2438,-17.3915,73.3653,-65.0884,20.6418,-47.7905,31.2438,-17.3915,73.3653,-65.0884,20.6418,-100,50,-350,200,150,-100,0
330,1786707960.8643,1786707960.8691,0.03341,-47.5604,32.4835,-17.8462,71.9121,-62.4615,20.0397,-47.8780,31.6628,-17.5715,72.3152,-63.7683,20.2316,-47.8780,31.6628,-17.5715,72.3152,-63.7683,20.2316,-50,50,-250,50,-250,250,0
331,1786707960.8977,1786707960.9024,0.03335,-47.7363,32.4835,-18.1099,72.4396,-63.6923,20.2381,-50.0350,32.7941,-18.3237,73.1608,-64.3138,18.7806,-50.0350,32.7941,-18.3237,73.1608,-64.3138,18.7806,-50,0,-150,200,-400,100,0
332,1786707960.9311,1786707960.936,0.03338,-47.5604,32.3956,-17.6703,72.1758,-64.0440,20.1720,-50.6097,34.6160,-16.7781,73.7526,-62.5903,16.3954,-50.6097,34.6160,-16.7781,73.7526,-62.5903,16.3954,50,-50,150,0,-150,0,0
333,1786707960.9645,1786707960.969,0.03343,-48.0000,32.7473,-17.4066,72.5275,-64.0440,19.7090,-51.7468,32.1213,-13.3377,70.2548,-66.2108,16.8411,-51.7468,32.1213,-13.3377,70.2548,-66.2108,16.8411,-100,200,0,0,0,-300,0
334,1786707960.9978,1786707961.0021,0.03334,-48.6154,33.5385,-17.3187,72.7912,-63.7802,18.4524,-51.2927,31.9646,-14.6466,68.8639,-64.7711,15.4424,-51.2927,31.9646,-14.6466,68.8639,-64.7711,15.4424,-200,250,0,200,200,-600,0
335,1786707961.0313,1786707961.036,0.03345,-49.4066,33.7143,-16.4396,72.5275,-63.3407,17.5265,-51.5537,31.2075,-13.1427,70.6567,-63.5995,12.0366,-51.5537,31.2075,-13.1427,70.6567,-63.5995,12.0366,-250,100,300,0,150,-450,0
336,1786707961.0646,1786707961.0693,0.0333,-49.9341,32.9231,-14.8571,70.8571,-63.8681,16.8651,-49.2886,31.5748,-11.4994,69.5308,-65.4023,15.4012,-49.2886,31.5748,-11.4994,69.5308,-65.4023,15.4012,-200,-300,550,-600,-200,-250,0
337,1786707961.098,1786707961.103,0.0334,-50.4615,32.3956,-14.1538,69.9780,-64.2198,15.5423,-50.2890,31.8123,-10.9589,68.5929,-64.3388,11.7610,-50.2890,31.8123,-10.9589,68.5929,-64.3388,11.7610,-150,-250,300,-250,-50,-700,0
338,1786707961.1314,1786707961.1357,0.03342,-50.3736,32.3077,-13.7143,69.9780,-64.3077,14.0212,-49.9842,31.8234,-10.3699,69.5577,-64.4099,11.4394,-49.9842,31.8234,-10.3699,69.5577,-64.4099,11.4394,-50,0,50,0,0,-700,0
339,1786707961.1648,1786707961.1696,0.03341,-49.9341,32.1319,-12.5714,69.3626,-64.7473,13.1614,-51.5458,31.1852,-11.6424,70.0547,-64.6555,8.9839,-51.5458,31.1852,-11.6424,70.0547,-64.6555,8.9839,200,-100,350,-200,-150,-350,0
340,1786707961.1982,1786707961.2024,0.03338,-49.8462,31.8681,-12.0440,69.3626,-64.4835,12.5000,-52.4516,29.3764,-8.3055,67.9729,-66.3375,5.8464,-52.4516,29.3764,-8.3055,67.9729,-66.3375,5.8464,0,-100,250,0,100,-250,0
341,1786707961.2316,1786707961.2362,0.03337,-50.1978,31.8681,-12.1319,69.4505,-64.6593,11.6402,-51.8586,31.4151,-9.1904,66.8205,-63.6080,3.2936,-51.8586,31.4151,-9.1904,66.8205,-63.6080,3.2936,-50,0,0,0,-100,-400,0
342,1786707961.2649,1786707961.2691,0.03339,-50.8132,31.2527,-11.9560,69.0110,-65.0110,9.8545,-51.9701,31.4018,-11.3988,68.0528,-63.2554,3.6076,-51.9701,31.4018,-11.3988,68.0528,-63.2554,3.6076,-200,-200,100,-50,-100,-900,0
343,1786707961.2983,1786707961.303,0.03338,-50.9890,30.7253,-10.6374,67.9560,-65.6264,7.3413,-53.1665,33.4163,-11.2766,67.6915,-63.0935,5.4494,-53.1665,33.4163,-11.2766,67.6915,-63.0935,5.4494,-100,-100,450,-400,-150,-1050,0
344,1786707961.3317,1786707961.3366,0.03341,-51.1648,30.9890,-10.7253,68.0440,-64.9231,5.6217,-52.1626,31.2972,-11.7164,65.8255,-61.9207,5.4082,-52.1626,31.2972,-11.7164,65.8255,-61.9207,5.4082,-50,50,-50,50,150,-850,0
345,1786707961.3652,1786707961.37,0.03345,-51.6044,31.7802,-11.2527,68.1319,-64.0440,5.2249,-50.1175,32.8685,-14.4762,69.5644,-61.6587,4.5344,-50.1175,32.8685,-14.4762,69.5644,-61.6587,4.5344,-100,300,-200,100,300,-100,0
346,1786707961.3986,1786707961.4032,0.03336,-51.6044,32.1319,-11.3407,67.3407,-63.2527,5.4233,-50.2373,35.5503,-13.5050,68.4725,-62.1667,5.1319,-50.2373,35.5503,-13.5050,68.4725,-62.1667,5.1319,0,50,-50,-300,300,50,0
347,1786707961.432,1786707961.4366,0.03343,-51.4286,32.3077,-12.0440,66.9011,-62.6374,5.4233,-50.9971,33.9168,-14.3709,68.5962,-63.8531,5.1833,-50.9971,33.9168,-14.3709,68.5962,-63.8531,5.1833,0,0,-250,-100,300,0,0
348,1786707961.4653,1786707961.4701,0.03333,-51.0769,32.9231,-13.1868,67.5165,-62.7253,5.0926,-51.5869,33.4946,-13.7182,67.8220,-65.1293,5.2668,-51.5869,33.4946,-13.7182,67.8220,-65.1293,5.2668,200,250,-350,150,0,-100,0
349,1786707961.4987,1786707961.503,0.0334,-50.9011,33.9780,-13.7143,67.9560,-63.1648,5.0265,-49.6832,31.2991,-10.9023,66.4970,-65.0868,5.4612,-49.6832,31.2991,-10.9023,66.4970,-65.0868,5.4612,100,350,-350,150,-100,0,0
350,1786707961.5321,1786707961.6452,0.03339,-51.0769,33.8901,-13.6264,67.9560,-64.0440,5.0265,-52.7674,37.1688,-26.3914,71.0090,-58.8985,6.4046,-52.7674,37.1688,-21.7802,71.0090,-58.8985,6.4046,-50,0,0,0,-350,0,1
351,1786707961.6463,1786707961.6515,0.11423,-50.3736,31.9560,-11.7802,66.8132,-64.6593,5.0265,-53.0890,34.2944,-26.1924,72.5157,-56.3388,2.7448,-53.0890,34.2944,-21.6923,72.5157,-56.3388,2.7448,50,-50,100,-50,0,0,1
352,1786707961.6796,1786707961.6844,0.03326,-50.3736,31.9560,-11.6923,66.8132,-64.7473,5.0265,-52.4653,36.0896,-24.4198,71.5684,-53.8237,3.1520,-52.4653,36.0896,-21.6923,71.5684,-54.7473,3.1520,0,0,0,0,0,0,0
353,1786707961.7129,1786707961.718,0.03337,-50.6374,32.3077,-12.4835,67.5165,-64.1319,5.0265,-53.8191,35.4762,-26.3763,71.6278,-55.0603,3.5790,-53.8191,35.4762,-22.6593,71.6278,-55.0603,3.5790,-100,200,-150,250,50,0,0
354,1786707961.7464,1786707961.7511,0.03348,-51.5165,33.7143,-14.7692,69.2747,-61.7582,4.1667,-52.1866,35.6419,-28.1490,73.1611,-53.6371,3.4722,-52.1866,35.6419,-25.2088,73.1611,-53.6371,3.4722,-300,450,-850,550,800,-400,0
355,1786707961.7798,1786707961.7845,0.03334,-52.1319,34.8571,-17.5824,70.4176,-58.8571,3.9021,-54.3224,33.8711,-25.3971,73.2721,-54.2393,3.7470,-54.3224,33.8711,-25.3971,73.2721,-54.2393,3.7470,-200,450,-800,550,950,0,0
356,1786707961.8132,1786707961.8182,0.03344,-52.3956,35.0330,-20.1319,71.0330,-56.7473,3.8360,-51.4796,36.5594,-29.6285,75.9675,-45.5038,3.8631,-51.4796,36.5594,-29.6285,75.9675,-46.6593,3.8631,-100,100,-900,200,750,-50,0
357,1786707961.8465,1786707961.8508,0.03331,-52.3956,35.2088,-21.8901,72.0879,-55.9560,3.8360,-52.9340,36.6770,-26.7434,75.9147,-47.6667,3.4230,-52.9340,36.6770,-26.7434,75.9147,-47.6667,3.4230,0,100,-600,250,300,0,0
358,1786707961.8799,1786707961.8845,0.03343,-52.3956,35.3846,-22.9451,73.1429,-55.1648,3.8360,-53.4596,34.9280,-25.7402,76.3475,-47.9617,4.1884,-53.4596,34.9280,-25.7402,76.3475,-47.9617,4.1884,0,50,-450,300,250,0,0
359,1786707961.9133,1786707961.9179,0.03335,-52.0440,36.2637,-24.3516,74.2857,-52.9670,3.7037,-52.2988,36.2636,-27.2153,76.4102,-50.1773,5.4011,-52.2988,36.2636,-27.2153,76.4102,-50.1773,5.4011,100,300,-500,400,650,-100,0
360,1786707961.9467,1786707961.952,0.03339,-52.3077,36.7912,-24.5275,74.7253,-50.7692,3.9683,-50.9316,36.9281,-28.7147,78.2433,-49.9034,8.9693,-50.9316,36.9281,-28.7147,78.2433,-49.9034,8.9693,0,250,-100,150,750,100,0
361,1786707961.9801,1786707961.9849,0.03337,-52.3956,36.7912,-24.5275,75.5165,-49.8901,4.5635,-49.5377,37.1095,-26.9926,78.0135,-49.2733,7.8471,-49.5377,37.1095,-26.9926,78.0135,-49.2733,7.8471,-50,0,0,200,200,350,0
362,1786707962.0135,1786707962.018,0.03339,-52.2198,37.2308,-25.4945,76.3956,-50.2418,5.5556,-51.4561,39.2825,-31.2822,76.6533,-45.8583,10.4546,-51.4561,39.2825,-31.2822,76.6533,-45.8583,10.4546,100,200,-200,300,-150,300,0
363,1786707962.0468,1786707962.0516,0.03335,-51.6044,37.5824,-26.3736,76.9231,-50.1538,6.8122,-51.2920,38.9052,-28.2717,75.9905,-47.3302,9.5338,-51.2920,38.9052,-28.2717,75.9905,-47.3302,9.5338,200,150,-300,250,100,550,0
364,1786707962.0803,1786707962.0849,0.03345,-51.0769,38.2857,-27.0769,76.8352,-48.8352,8.0688,-52.1370,41.4405,-30.6800,77.6281,-44.9676,9.0047,-52.1370,41.4405,-30.6800,77.6281,-44.9676,9.0047,150,200,-300,0,500,550,0
365,1786707962.1136,1786707962.1183,0.03332,-50.9890,39.1648,-28.3077,76.4835,-47.6044,8.9286,-53.3051,42.8450,-28.2975,76.8504,-47.8412,11.8086,-53.3051,42.8450,-28.2975,76.8504,-47.8412,11.8086,50,300,-450,-150,350,500,0
366,1786707962.147,1786707962.1516,0.03339,-51.0769,39.6044,-28.6593,76.6593,-46.7253,8.9286,-55.2932,41.8820,-28.6263,76.7551,-49.1678,8.9284,-55.2932,41.8820,-28.6263,76.7551,-49.1678,8.9284,-50,250,-150,100,300,50,0
367,1786707962.1804,1786707962.1851,0.03346,-51.6923,40.9231,-28.9231,77.0989,-46.6374,8.9286,-54.0979,41.5855,-28.9252,76.4867,-46.1888,8.7839,-54.0979,41.5855,-28.9252,76.4867,-46.1888,8.7839,-200,400,-100,200,50,50,0
368,1786707962.2138,1786707962.218,0.03334,-52.4835,41.2747,-28.7473,76.9231,-47.7802,9.2593,-55.8631,42.1979,-32.1900,77.4814,-45.5295,7.7548,-55.8631,42.1979,-32.1900,77.4814,-45.5295,7.7548,-300,150,50,-50,-400,50,0
369,1786707962.2472,1786707962.2515,0.03342,-53.1868,41.3626,-28.9231,76.8352,-48.3956,8.9286,-56.1246,42.9237,-31.9367,77.1248,-44.4827,8.2179,-56.1246,42.9237,-31.9367,77.1248,-44.4827,8.2179,-200,0,-50,0,-300,-200,0
370,1786707962.2805,1786707962.2848,0.03337,-53.8901,41.7143,-29.6264,76.9231,-47.5165,8.4656,-54.5801,40.6495,-29.8605,75.1152,-48.9656,9.7371,-54.5801,40.6495,-29.8605,75.1152,-48.9656,9.7371,-200,50,-250,0,350,-200,0
371,1786707962.3139,1786707962.3182,0.0334,-54.4176,42.1538,-30.5055,77.0110,-46.0220,8.3333,-54.5995,41.6690,-28.8559,76.1975,-48.9534,11.5637,-54.5995,41.6690,-28.8559,76.1975,-48.9534,11.5637,-200,150,-300,50,450,-150,0
372,1786707962.3473,1786707962.3518,0.03337,-54.5055,41.8901,-30.2418,76.5714,-45.7582,8.8624,-55.2137,42.1277,-31.2433,75.6300,-47.7621,10.5076,-55.2137,42.1277,-31.2433,75.6300,-47.7621,10.5076,-50,-100,0,-150,150,200,0
373,1786707962.3807,1786707962.3855,0.03342,-54.5055,41.4505,-29.5385,75.9560,-47.0769,9.9206,-53.2087,43.4619,-32.5098,74.8214,-43.3927,10.8110,-53.2087,43.4619,-32.5098,74.8214,-43.3927,10.8110,0,-250,300,-100,-400,500,0
374,1786707962.4141,1786707962.4184,0.03339,-54.5055,41.8022,-29.9780,75.8681,-48.0440,10.4497,-53.3818,44.2441,-32.8361,75.7250,-43.8613,10.6460,-53.3818,44.2441,-32.8361,75.7250,-43.8613,10.6460,0,100,0,-50,-250,450,0
375,1786707962.4476,1786707962.4519,0.03342,-54.3297,42.5055,-31.0330,75.7802,-47.6044,10.4497,-54.1016,44.1318,-32.8575,74.9882,-44.9126,11.6310,-54.1016,44.1318,-32.8575,74.9882,-44.9126,11.6310,100,200,-400,-50,0,0,0
376,1786707962.481,1786707962.4852,0.03342,-54.1538,43.1209,-32.0000,75.7802,-46.1978,10.4497,-53.1895,41.3776,-30.4365,74.2591,-44.6583,12.3276,-53.1895,41.3776,-30.4365,74.2591,-44.6583,12.3276,50,200,-350,0,450,0,0
377,1786707962.5143,1786707962.5185,0.03335,-54.1538,43.3846,-32.1758,75.5165,-45.3187,10.8466,-54.3656,43.7276,-32.5272,73.8504,-43.7265,11.4984,-54.3656,43.7276,-32.5272,73.8504,-43.7265,11.4984,0,100,-150,-50,250,50,0
378,1786707962.5477,1786707962.5521,0.0334,-54.1538,43.0330,-31.7363,74.9890,-45.3187,11.4418,-54.2228,45.3569,-34.3620,75.2350,-38.7720,11.4371,-54.2228,45.3569,-34.3620,75.2350,-38.7720,11.4371,0,-100,100,-150,0,300,0
379,1786707962.5812,1786707962.5858,0.0335,-54.1538,42.4176,-31.1209,74.7253,-44.7912,11.3095,-52.9148,43.5945,-32.1356,75.5765,-39.2890,11.3664,-52.9148,43.5945,-32.1356,75.5765,-39.2890,11.3664,0,-150,200,-50,200,-50,0
380,1786707962.6145,1786707962.6188,0.03331,-54.1538,42.7692,-31.6484,74.9011,-43.5604,11.3095,-53.4926,41.6413,-30.0611,75.1959,-41.3747,11.0362,-53.4926,41.6413,-30.0611,75.1959,-41.3747,11.0362,0,0,-350,0,450,0,0
381,1786707962.6479,1786707962.6524,0.03339,-53.9780,43.4725,-32.7033,75.2527,-41.6264,11.2434,-54.6909,44.4798,-32.4139,74.0664,-39.1233,11.9744,-54.6909,44.4798,-32.4139,74.0664,-39.1233,11.9744,50,250,-400,150,650,0,0
382,1786707962.6813,1786707962.6855,0.03337,-53.8901,43.2088,-32.5275,75.1648,-41.0989,11.2434,-53.7387,43.2641,-29.3887,74.7133,-37.1952,12.4983,-53.7387,43.2641,-29.3887,74.7133,-37.1952,12.4983,0,-100,100,-50,200,0,0
383,1786707962.7147,1786707962.7189,0.03337,-54.0659,42.7692,-32.0000,74.7253,-40.8352,11.5079,-54.9491,42.0095,-28.4915,71.6251,-44.4606,14.3766,-54.9491,42.0095,-28.4915,71.6251,-44.4606,14.3766,-50,-250,150,-100,100,200,0
384,1786707962.7481,1786707962.7524,0.0334,-54.2418,42.9451,-31.6484,74.7253,-39.4286,11.9709,-56.7216,44.1598,-29.2128,72.1462,-44.6000,16.2790,-56.7216,44.1598,-29.2128,72.1462,-44.6000,16.2790,-50,50,50,0,450,200,0
385,1786707962.7815,1786707962.7857,0.03339,-54.3297,42.7692,-30.4176,74.2857,-38.7253,12.5661,-55.0723,43.5343,-29.3668,71.9286,-45.5798,18.7701,-55.0723,43.5343,-29.3668,71.9286,-45.5798,18.7701,0,-150,450,-200,300,250,0
386,1786707962.8148,1786707962.8194,0.03337,-55.0330,42.5934,-29.9780,73.4945,-39.3407,14.0212,-53.3090,45.9039,-32.8986,72.9647,-45.2243,19.8627,-53.3090,45.9039,-32.8986,72.9647,-45.2243,19.8627,-200,-100,100,-300,-250,700,0
387,1786707962.8482,1786707962.8525,0.03342,-55.2088,42.9451,-30.0659,72.9670,-41.4505,15.6746,-54.1653,45.0110,-31.6135,74.0363,-43.3507,18.8386,-54.1653,45.0110,-31.6135,74.0363,-43.3507,18.8386,-50,100,0,-150,-600,750,0
388,1786707962.8816,1786707962.886,0.03332,-54.9451,43.7363,-30.5055,73.0549,-43.2967,17.3280,-54.8978,45.1535,-31.3327,73.7550,-44.0974,18.6916,-54.8978,45.1535,-31.3327,73.7550,-44.0974,18.6916,150,300,-100,0,-700,750,0
389,1786707962.915,1786707962.9192,0.03346,-54.5055,44.5275,-31.2967,73.4945,-43.8242,17.9894,-55.9591,47.6415,-33.5256,72.9921,-43.5712,18.3267,-55.9591,47.6415,-33.5256,72.9921,-43.5712,18.3267,250,350,-250,200,-150,200,0
390,1786707962.9484,1786707962.9527,0.03337,-54.3297,44.6154,-31.2088,73.4945,-43.6484,17.9233,-54.2914,45.2399,-32.8036,73.2385,-43.0364,17.9216,-54.2914,45.2399,-32.8036,73.2385,-43.0364,17.9216,50,0,50,0,100,-50,0
391,1786707962.9817,1786707962.9859,0.03335,-54.8571,45.3187,-31.8242,73.4066,-43.6484,17.9233,-53.1061,44.8679,-31.1061,73.4635,-41.6151,17.8224,-53.1061,44.8679,-31.1061,73.4635,-41.6151,17.8224,-150,300,-250,-50,0,0,0
392,1786707963.0152,1786707963.0199,0.03343,-55.0330,46.1978,-32.7033,73.4066,-43.3846,17.9233,-54.5020,46.1848,-31.3847,73.1558,-45.2144,17.8563,-54.5020,46.1848,-31.3847,73.1558,-45.2144,17.8563,-50,200,-250,-50,100,0,0
393,1786707963.0486,1786707963.0534,0.03342,-54.5055,45.9341,-32.1758,73.1429,-43.1209,17.9233,-54.0750,44.3565,-29.0344,73.1299,-44.8705,18.3668,-54.0750,44.3565,-29.0344,73.1299,-44.8705,18.3668,200,-50,100,-150,100,0,0
394,1786707963.082,1786707963.0862,0.03338,-54.3297,45.4945,-31.9121,73.0549,-42.7692,17.9233,-53.1113,45.9196,-29.9844,73.4179,-42.0839,18.5579,-53.1113,45.9196,-29.9844,73.4179,-42.0839,18.5579,100,-200,100,-50,150,0,0
395,1786707963.1154,1786707963.1196,0.03342,-54.3297,45.1429,-31.4725,73.0549,-43.6484,18.0556,-53.0572,46.6278,-31.5104,74.8749,-43.1897,18.7300,-53.0572,46.6278,-31.5104,74.8749,-43.1897,18.7300,0,-100,150,0,-300,50,0
396,1786707963.1488,1786707963.1531,0.03338,-54.3297,45.1429,-31.1209,72.9670,-44.1758,18.2540,-52.2796,45.7136,-31.4774,76.3745,-44.0458,19.4686,-52.2796,45.7136,-31.4774,76.3745,-44.0458,19.4686,0,-100,200,-50,-100,100,0
397,1786707963.1821,1786707963.1864,0.03336,-53.9780,45.6703,-31.5604,73.4066,-43.8242,18.3862,-51.5009,46.9045,-33.6813,77.8205,-43.2994,19.3501,-51.5009,46.9045,-33.6813,77.8205,-43.2994,19.3501,50,200,-200,150,100,50,0
398,1786707963.2155,1786707963.2197,0.03336,-53.6264,45.5824,-31.6484,74.5495,-43.7363,18.7831,-51.0835,45.9162,-34.5228,79.0107,-42.8697,19.2142,-51.0835,45.9162,-34.5228,79.0107,-42.8697,19.2142,100,-50,0,400,0,200,0
399,1786707963.2489,1786707963.2535,0.03344,-53.0110,45.8462,-32.3516,75.6923,-43.8242,18.8492,-50.7945,45.5837,-34.1591,78.2031,-45.5116,19.0616,-50.7945,45.5837,-34.1591,78.2031,-45.5116,19.0616,150,0,-100,400,0,100,0
400,1786707963.2823,1786707963.3957,0.03339,-52.5714,46.1978,-33.4945,76.8352,-43.4725,18.8492,-52.2193,49.8401,-43.7855,80.1115,-41.2078,19.6411,-52.2193,49.8401,-43.7855,80.1115,-41.2078,19.6411,150,150,-450,400,150,0,1
401,1786707963.3969,1786707963.4019,0.1146,-51.8681,45.9341,-33.9341,77.3626,-45.0549,18.8492,-50.3202,47.2137,-42.7221,79.1790,-35.8279,18.9349,-50.3202,47.2137,-42.7221,79.1790,-35.8279,18.9349,0,0,-50,0,-50,0,1
402,1786707963.4303,1786707963.4352,0.03334,-51.8681,45.9341,-33.9341,77.4505,-45.1429,18.8492,-50.2588,49.2262,-44.8759,78.4571,-36.0086,19.1080,-50.2588,49.2262,-44.1099,78.4571,-36.0086,19.1080,0,0,-50,0,0,0,0
403,1786707963.4636,1786707963.4686,0.0333,-51.6923,46.4615,-35.1648,77.9780,-44.4396,18.8492,-50.0352,47.8514,-43.7873,79.5305,-32.2213,19.0070,-50.0352,47.8514,-43.7873,79.5305,-34.1758,19.0070,50,100,-300,200,100,0,0
404,1786707963.497,1786707963.5016,0.0334,-51.6044,47.5165,-37.3626,78.3297,-42.0659,18.8492,-51.6631,50.4176,-45.4343,79.7420,-34.7676,17.7225,-51.6631,50.4176,-45.4343,79.7420,-34.7676,17.7225,50,350,-800,100,750,0,0
405,1786707963.5304,1786707963.5347,0.03346,-51.4286,47.9560,-40.1758,78.7692,-39.2527,18.9153,-50.5898,51.8103,-47.1840,81.4627,-35.2546,17.5904,-50.5898,51.8103,-47.1840,81.4627,-35.2546,17.5904,50,100,-900,100,1000,50,0
406,1786707963.5638,1786707963.5681,0.03337,-51.4286,48.4835,-42.1099,79.2967,-37.3187,18.5847,-50.1697,51.0459,-48.0291,82.0371,-36.7030,18.5449,-50.1697,51.0459,-48.0291,82.0371,-36.7030,18.5449,0,100,-700,150,800,-100,0
407,1786707963.5972,1786707963.6015,0.03337,-51.5165,49.7143,-43.9560,80.1758,-36.8791,18.1217,-49.5626,52.2103,-47.5737,82.4604,-35.2742,18.8253,-49.5626,52.2103,-47.5737,82.4604,-35.2742,18.8253,-50,450,-650,350,200,-250,0
408,1786707963.6306,1786707963.635,0.03343,-51.2527,50.5055,-45.4505,81.0549,-37.0549,18.2540,-48.8695,53.6958,-50.0722,83.9798,-35.5741,18.5944,-48.8695,53.6958,-50.0722,83.9798,-35.5741,18.5944,50,250,-450,250,-50,100,0
409,1786707963.664,1786707963.6687,0.03339,-50.9011,51.0330,-46.0659,81.4945,-36.7912,18.4524,-50.7483,52.6810,-50.5161,82.2694,-36.4073,18.5634,-50.7483,52.6810,-50.5161,82.2694,-36.4073,18.5634,150,100,-250,150,-50,150,0
410,1786707963.6974,1786707963.702,0.03343,-50.5495,52.1758,-47.5604,82.3736,-36.3516,18.4524,-50.2848,54.1191,-50.6402,81.8890,-36.5662,18.7062,-50.2848,54.1191,-50.6402,81.8890,-36.5662,18.7062,150,350,-450,300,200,0,0
411,1786707963.7308,1786707963.7352,0.0334,-50.5495,52.4396,-48.6154,82.7253,-36.5275,18.4524,-48.2044,54.5771,-51.3415,81.5680,-36.7701,18.1355,-48.2044,54.5771,-51.3415,81.5680,-36.7701,18.1355,0,50,-250,50,-50,0,0
412,1786707963.7642,1786707963.769,0.03335,-50.5495,52.6154,-49.2308,82.3736,-36.5275,18.4524,-49.2274,55.8901,-51.9627,81.7162,-38.6709,18.1631,-49.2274,55.8901,-51.9627,81.7162,-38.6709,18.1631,0,100,-200,-100,0,0,0
413,1786707963.7976,1786707963.802,0.03343,-50.1978,53.4945,-50.2857,82.1099,-36.5275,18.4524,-49.0320,59.0938,-55.5887,82.1160,-39.5423,18.4195,-49.0320,59.0938,-55.5887,82.1160,-39.5423,18.4195,100,300,-350,-100,0,0,0
414,1786707963.8309,1786707963.8353,0.03335,-49.8462,54.3736,-50.9890,82.0220,-37.2308,18.3201,-50.8465,57.2288,-53.1111,82.6040,-38.7970,18.4649,-50.8465,57.2288,-53.1111,82.6040,-38.7970,18.4649,50,300,-250,-50,-350,0,0
415,1786707963.8643,1786707963.8694,0.03338,-49.5824,55.6923,-52.2198,82.0220,-38.2857,18.3862,-50.6256,55.3499,-54.4083,83.2225,-38.6450,17.5778,-50.6256,55.3499,-54.4083,83.2225,-38.6450,17.5778,100,500,-350,0,-350,0,0
416,1786707963.8977,1786707963.9024,0.03336,-49.6703,57.0110,-53.2747,82.1978,-38.2857,18.3862,-50.8302,53.4318,-52.1227,83.2583,-36.7464,12.1412,-50.8302,53.4318,-52.1227,83.2583,-36.7464,12.1412,-50,550,-400,50,0,0,0
417,1786707963.9312,1786707963.9361,0.03348,-49.9341,57.0110,-53.5385,82.4615,-38.2857,18.0556,-50.5884,53.8185,-52.2970,81.4686,-37.4834,6.2372,-50.5884,53.8185,-52.2970,81.4686,-37.4834,7.9894,-50,50,-50,100,0,-150,0
418,1786707963.9645,1786707963.969,0.03335,-50.1978,55.7802,-53.3626,82.4615,-37.9341,16.9974,-51.3140,53.5588,-51.9093,81.7267,-38.2531,3.6190,-51.3140,53.5588,-51.9093,81.7267,-38.2531,6.7328,-100,-500,0,0,0,-350,0
419,1786707963.9979,1786707964.0024,0.0334,-50.1978,54.9890,-52.4835,82.1978,-37.4066,14.6825,-51.8931,51.1092,-49.0653,81.4663,-37.9374,4.1353,-51.8931,51.1092,-49.0653,81.4663,-37.9374,4.3519,0,-400,300,-50,250,-1000,0
420,1786707964.0313,1786707964.0357,0.03337,-50.3736,54.8132,-52.3077,81.8462,-38.0220,11.9048,-51.9321,51.8869,-48.9298,82.1105,-37.6624,4.3364,-51.9321,51.8869,-48.9298,82.1105,-37.6624,4.3364,-50,-50,50,-100,-150,-1250,0
421,1786707964.0647,1786707964.069,0.03338,-50.6374,54.0220,-51.6044,81.7582,-37.9341,9.2593,-52.1865,51.2560,-47.1900,81.4583,-38.1726,4.7037,-52.1865,51.2560,-47.1900,81.4583,-38.1726,4.7037,-100,-250,100,0,50,-1200,0
422,1786707964.0981,1786707964.1026,0.03341,-50.9011,53.1429,-50.2857,81.7582,-37.9341,7.2090,-51.3835,52.7759,-48.6131,83.5262,-36.4345,3.9269,-51.3835,52.7759,-48.6131,83.5262,-36.4345,3.9269,-100,-400,450,0,0,-1000,0
423,1786707964.1315,1786707964.1363,0.03342,-51.0769,52.8791,-49.5824,81.6703,-37.9341,6.4815,-50.2981,55.0812,-50.9529,83.8559,-36.1423,3.8509,-50.2981,55.0812,-50.9529,83.8559,-36.1423,3.8509,-50,-100,200,-50,0,-300,0
424,1786707964.1648,1786707964.1691,0.03333,-51.1648,53.0549,-48.9670,82.0220,-37.5824,5.5556,-52.3257,53.5294,-49.5673,83.1517,-36.1641,3.7435,-52.3257,53.5294,-49.5673,83.1517,-36.1641,3.7435,-50,50,300,50,150,-300,0
425,1786707964.1983,1786707964.2026,0.03345,-51.0769,53.5824,-49.5824,82.6374,-36.9670,4.9603,-51.0618,53.6070,-49.0161,84.0375,-31.9396,3.9292,-51.0618,53.6070,-49.0161,84.0375,-31.9396,3.9292,50,200,-150,300,250,-350,0
426,1786707964.2316,1786707964.2359,0.03333,-50.9890,54.0220,-50.3736,82.7253,-36.7033,4.5635,-51.3136,53.9876,-52.0834,85.5942,-34.9207,3.3533,-51.3136,53.9876,-52.0834,85.5942,-34.9207,3.3533,0,200,-300,0,50,-150,0
427,1786707964.2651,1786707964.2694,0.03349,-51.0769,54.0220,-50.1978,83.1648,-36.0000,4.3651,-50.9453,52.7295,-53.1965,87.4112,-34.8435,7.4303,-50.9453,52.7295,-53.1965,87.4112,-34.8435,7.4303,0,0,100,200,300,-100,0
428,1786707964.2984,1786707964.3034,0.03332,-51.1648,53.8462,-49.9341,83.8681,-35.0330,3.9683,-51.3899,53.2891,-49.7590,85.5238,-36.2808,8.6451,-51.3899,53.2891,-49.7590,85.5238,-36.2808,8.6451,-50,-50,150,200,400,-200,0
429,1786707964.3318,1786707964.3366,0.0334,-51.2527,53.8462,-50.7253,85.1868,-35.2088,4.1005,-51.3203,54.2002,-51.0974,84.3723,-33.7406,9.1234,-51.3203,54.2002,-51.0974,84.3723,-33.7406,9.1234,-50,50,-300,400,-100,100,0
430,1786707964.3652,1786707964.3698,0.03337,-51.2527,53.7582,-51.6044,85.5385,-35.7363,5.4894,-50.3059,53.8431,-52.5229,86.2277,-34.6743,10.8415,-50.3059,53.8431,-52.5229,86.2277,-34.6743,10.8415,0,0,-250,50,-200,750,0
431,1786707964.3985,1786707964.4032,0.03337,-51.2527,54.0220,-51.9560,85.0989,-35.7363,7.1429,-50.4001,57.0681,-52.4513,85.0688,-34.2190,15.2022,-50.4001,57.0681,-52.4513,85.0688,-34.2190,15.2022,0,100,-200,-150,-50,750,0
432,1786707964.4319,1786707964.4366,0.03341,-51.2527,54.0220,-51.7802,84.9231,-35.2088,8.4656,-50.7834,57.1225,-56.6405,87.1973,-31.4750,14.1079,-50.7834,57.1225,-56.6405,87.1973,-31.4750,14.1079,0,0,100,-50,150,650,0
433,1786707964.4653,1786707964.47,0.03341,-51.1648,54.5495,-52.3077,85.0110,-34.7692,10.3175,-51.2664,57.5510,-54.0310,86.2454,-30.6519,16.2660,-51.2664,57.5510,-54.0310,86.2454,-30.6519,16.2660,50,150,-250,50,100,900,0
434,1786707964.4987,1786707964.5034,0.03334,-51.1648,55.3407,-53.0989,85.6264,-33.9780,12.1693,-52.2745,58.3696,-56.4367,87.8056,-34.0462,16.9216,-52.2745,58.3696,-56.4367,87.8056,-34.0462,16.9216,0,250,-250,150,200,850,0
435,1786707964.5322,1786707964.5371,0.03348,-51.0769,56.2198,-54.1538,86.2418,-32.6593,13.6905,-52.0408,60.4170,-61.9790,89.1062,-33.7220,16.3364,-52.0408,60.4170,-61.9790,89.1062,-33.7220,16.3364,0,300,-350,200,500,700,0
436,1786707964.5655,1786707964.5703,0.03337,-51.3407,56.9231,-55.0330,86.7692,-32.3077,14.8810,-51.3422,59.7440,-60.6487,87.9719,-32.8296,15.7284,-51.3422,59.7440,-60.6487,87.9719,-32.8296,15.7284,-50,250,-350,250,0,450,0
437,1786707964.5989,1786707964.6036,0.03336,-51.4286,57.8901,-56.8791,87.7363,-33.0110,15.2116,-50.0769,55.8633,-57.7257,85.9744,-35.0864,15.0953,-50.0769,55.8633,-57.7257,85.9744,-35.0864,15.0953,-100,350,-550,300,-250,250,0
438,1786707964.6323,1786707964.637,0.03339,-51.4286,58.9451,-58.5495,87.9121,-33.1868,15.2116,-50.6420,57.3995,-56.4681,88.4016,-33.6841,15.8811,-50.6420,57.3995,-56.4681,88.4016,-33.6841,15.8811,0,250,-600,100,-50,0,0
439,1786707964.6656,1786707964.6703,0.03336,-51.3407,58.7692,-59.5165,87.1209,-33.2747,15.1455,-50.7744,59.2485,-57.7351,87.2168,-32.5770,16.3549,-50.7744,59.2485,-57.7351,87.2168,-32.5770,16.3549,50,100,-250,-350,-50,0,0
440,1786707964.699,1786707964.7037,0.03338,-51.1648,57.8022,-58.5495,86.5055,-33.4505,15.3439,-49.4210,57.0904,-57.8269,87.5987,-29.8527,16.1012,-49.4210,57.0904,-57.8269,87.5987,-29.8527,16.1012,100,-350,200,-300,-100,100,0
441,1786707964.7324,1786707964.7374,0.03338,-51.0769,57.8022,-57.9341,86.8571,-33.1868,15.6746,-50.2485,55.0551,-58.1969,87.2436,-32.1887,15.7422,-50.2485,55.0551,-58.1969,87.2436,-32.1887,15.7422,50,50,200,150,100,200,0
442,1786707964.7658,1786707964.7705,0.0334,-50.7253,57.9780,-57.8462,86.9451,-32.1319,15.6746,-51.7454,56.6765,-56.7296,87.1285,-33.0523,16.4545,-51.7454,56.6765,-56.7296,87.1285,-33.0523,16.4545,100,100,0,50,400,0,0
443,1786707964.7992,1786707964.8036,0.03344,-50.6374,57.4505,-57.9341,86.9451,-31.1648,15.6746,-50.5465,60.0958,-59.3875,87.5578,-33.3228,18.1084,-50.5465,60.0958,-59.3875,87.5578,-33.3228,18.1084,100,-150,-100,0,400,0,0
444,1786707964.8327,1786707964.8369,0.03342,-50.9011,56.7473,-57.4066,86.9451,-31.6044,16.0053,-51.2820,57.5898,-58.2933,89.1849,-35.1062,17.7247,-51.2820,57.5898,-58.2933,89.1849,-35.1062,17.7247,-50,-200,200,0,-100,150,0
445,1786707964.866,1786707964.8703,0.03336,-50.9890,57.0110,-57.3187,87.0330,-32.5714,16.7328,-51.0126,58.2347,-55.1142,87.6307,-33.1634,17.6152,-51.0126,58.2347,-55.1142,87.6307,-33.1634,17.6152,0,-50,0,50,-300,350,0
446,1786707964.8994,1786707964.9036,0.03336,-50.9890,57.7143,-58.1099,87.6484,-33.4505,17.1296,-51.7285,58.5169,-55.1839,88.5180,-32.8976,17.7505,-51.7285,58.5169,-55.1839,88.5180,-32.8976,17.7505,0,250,-350,100,-250,300,0
447,1786707964.9328,1786707964.9371,0.03341,-50.8132,57.8022,-57.7582,88.0000,-33.9780,17.1296,-51.3465,58.6797,-56.3306,87.0673,-33.5327,18.1615,-51.3465,58.6797,-56.3306,87.0673,-33.5327,18.1615,50,50,50,150,-250,0,0
448,1786707964.9663,1786707964.971,0.03347,-50.9011,57.5385,-56.7912,87.9121,-33.4505,17.3280,-51.2522,57.4701,-56.0114,87.0008,-33.7334,17.6075,-51.2522,57.4701,-56.0114,87.0008,-33.7334,17.6075,-50,-150,300,0,150,150,0
449,1786707964.9996,1786707965.0038,0.03331,-50.9890,57.7143,-56.7033,87.7363,-33.4505,17.5926,-50.3636,58.0624,-57.6548,86.7490,-33.8419,17.8026,-50.3636,58.0624,-57.6548,86.7490,-33.8419,17.8026,0,50,100,-100,100,100,0
450,1786707965.033,1786707965.144,0.03347,-50.9890,57.7143,-56.7912,87.4725,-33.4505,17.4603,-52.4684,58.5459,-61.0442,87.1468,-33.2685,18.2728,-52.4684,58.5459,-61.0442,87.1468,-33.2685,18.2728,0,0,0,-100,0,-50,1
451,1786707965.1452,1786707965.1503,0.11212,-50.7253,57.9780,-57.4066,87.2088,-33.7143,17.5926,-53.5075,58.9810,-59.5579,87.1712,-32.8454,18.4228,-53.5075,58.9810,-59.5579,87.1712,-32.8454,18.4228,0,0,0,0,0,0,1
452,1786707965.1785,1786707965.1832,0.03331,-50.7253,58.0659,-57.4066,87.2088,-33.7143,17.5926,-52.5694,59.0517,-63.3431,89.3874,-30.5329,15.0597,-52.5694,59.0517,-63.3431,89.3874,-30.5329,15.0597,0,0,0,0,0,0,0
453,1786707965.2118,1786707965.2165,0.03335,-51.1648,58.4176,-58.1099,87.2967,-33.4505,17.9233,-51.2596,59.6983,-61.5881,87.3758,-32.4913,17.7878,-51.2596,59.6983,-61.5881,87.3758,-32.4913,17.7878,-100,100,-300,50,50,150,0
454,1786707965.2452,1786707965.2499,0.03343,-51.7802,58.7692,-59.6923,87.7363,-32.7473,17.6587,-49.6617,58.0238,-62.8017,88.7636,-29.9911,16.7791,-49.6617,58.0238,-62.8017,88.7636,-29.9911,16.7791,-250,100,-600,150,300,-150,0
455,1786707965.2786,1786707965.2831,0.03333,-51.9560,59.1209,-61.1868,88.1758,-31.6044,16.9974,-50.6730,59.5926,-61.1664,86.1782,-31.1473,17.3304,-50.6730,59.5926,-61.1664,86.1782,-31.1473,17.3304,-50,150,-600,150,400,-300,0
456,1786707965.312,1786707965.3165,0.03342,-51.3407,59.1209,-61.5385,88.1758,-31.0769,16.9974,-49.1792,60.3325,-64.6494,86.9806,-31.4552,16.6988,-49.1792,60.3325,-64.6494,86.9806,-31.4552,16.6988,150,0,-150,0,250,0,0
457,1786707965.3454,1786707965.35,0.0334,-50.9011,59.0330,-61.2747,88.0000,-31.4286,17.1296,-49.5616,61.0312,-62.8084,88.1538,-30.9174,17.0389,-49.5616,61.0312,-62.8084,88.1538,-30.9174,17.0389,100,0,100,-50,-200,50,0
458,1786707965.3788,1786707965.3837,0.03339,-50.6374,59.6484,-61.4505,87.2088,-31.5165,17.0635,-49.2355,61.6454,-61.9265,86.2893,-32.4835,17.2019,-49.2355,61.6454,-61.9265,86.2893,-32.4835,17.2019,100,150,-150,-250,0,50,0
459,1786707965.4121,1786707965.4165,0.03336,-50.4615,60.3516,-62.2418,87.5604,-31.4286,16.9974,-49.9757,59.5432,-60.9604,86.5724,-31.9242,17.0351,-49.9757,59.5432,-60.9604,86.5724,-31.9242,17.0351,50,250,-350,50,50,-50,0
460,1786707965.4455,1786707965.4497,0.03338,-50.2857,60.6154,-62.2418,87.6484,-31.6044,17.0635,-48.2231,61.3293,-62.0760,85.6581,-32.2476,17.0071,-48.2231,61.3293,-62.0760,85.6581,-32.2476,17.0071,100,100,0,50,-50,0,0
461,1786707965.4789,1786707965.4833,0.03342,-50.2857,60.4396,-61.8022,87.1209,-31.8681,17.0635,-48.5303,62.0502,-61.7285,85.9000,-31.9846,17.2748,-48.5303,62.0502,-61.7285,85.9000,-31.9846,17.2748,0,-150,150,-200,0,0,0
462,1786707965.5123,1786707965.5171,0.03338,-49.9341,60.1758,-61.7143,86.5934,-31.8681,17.0635,-48.6660,61.4296,-61.5898,85.4894,-32.7481,17.0971,-48.6660,61.4296,-61.5898,85.4894,-32.7481,17.0971,50,-100,100,-200,0,0,0
463,1786707965.5457,1786707965.55,0.03342,-49.6703,60.7033,-62.1538,86.5055,-31.8681,17.0635,-48.3784,61.2915,-62.6364,88.0283,-32.4856,17.0364,-48.3784,61.2915,-62.6364,88.0283,-32.4856,17.0364,50,250,-150,-50,0,0,0
464,1786707965.5791,1786707965.5837,0.03338,-49.4945,60.7912,-62.1538,86.1538,-32.2198,17.0635,-50.2169,62.4265,-63.5937,87.7105,-33.2258,17.2493,-50.2169,62.4265,-63.5937,87.7105,-33.2258,17.2493,100,0,0,-150,-150,0,0
465,1786707965.6125,1786707965.6169,0.03343,-49.3187,61.0549,-62.5934,86.4176,-32.2198,17.0635,-49.7850,62.0410,-66.1046,88.7153,-33.6835,14.1020,-49.7850,62.0410,-66.1046,88.7153,-33.6835,14.1020,50,100,-100,-50,0,0,0
466,1786707965.646,1786707965.6508,0.0334,-49.4945,61.4066,-63.2088,87.0330,-32.6593,17.0635,-48.4092,64.2959,-65.3849,87.6120,-31.8026,16.3665,-48.4092,64.2959,-65.3849,87.6120,-31.8026,16.3665,-50,100,-250,300,-150,0,0
467,1786707965.6793,1786707965.6836,0.03336,-49.6703,61.8462,-64.0879,87.5604,-33.0110,16.7328,-48.7080,64.2080,-68.0519,88.4708,-31.9528,16.8720,-48.7080,64.2080,-68.0519,88.4708,-31.9528,16.8720,-100,150,-350,150,-100,-200,0
468,1786707965.7127,1786707965.7169,0.03339,-49.4945,62.4615,-65.1429,87.4725,-32.7473,15.9392,-49.9637,66.0988,-67.6301,88.1318,-32.2880,17.2298,-49.9637,66.0988,-67.6301,88.1318,-32.2880,17.2298,0,150,-350,-50,50,-400,0
469,1786707965.7461,1786707965.751,0.03338,-49.4066,63.0769,-66.1099,87.8242,-32.3956,16.1376,-49.6522,63.7836,-65.4963,86.7152,-33.3547,16.8684,-49.6522,63.7836,-65.4963,86.7152,-33.3547,16.8684,50,200,-300,150,150,100,0
470,1786707965.7795,1786707965.7841,0.03341,-49.4066,63.6044,-66.9890,88.0000,-32.3956,16.6667,-48.9082,65.6019,-64.4607,87.9531,-34.0232,16.6887,-48.9082,65.6019,-64.4607,87.9531,-34.0232,16.6887,0,100,-250,50,0,200,0
471,1786707965.8129,1786707965.8179,0.03344,-49.5824,64.4835,-66.4615,87.5604,-32.6593,16.6005,-48.2068,65.5332,-67.2369,87.4429,-34.0045,16.5131,-48.2068,65.5332,-67.2369,87.4429,-34.0045,16.5131,-50,350,100,-200,-50,0,0
472,1786707965.8463,1786707965.851,0.03338,-49.5824,64.6593,-65.6703,87.3846,-33.3626,16.5344,-49.8055,68.1117,-67.8285,87.2873,-33.8344,14.7159,-49.8055,68.1117,-67.8285,87.2873,-33.8344,14.7159,0,50,300,-100,-300,-50,0
473,1786707965.8797,1786707965.8843,0.03335,-49.2308,64.8352,-65.9341,87.5604,-33.5385,16.5344,-50.9216,67.8667,-67.3289,88.7999,-35.1746,15.7836,-50.9216,67.8667,-67.3289,88.7999,-35.1746,15.7836,150,50,-150,50,-50,0,0
474,1786707965.913,1786707965.9177,0.03337,-49.2308,65.6264,-67.0769,87.5604,-33.6264,16.2037,-50.6219,68.6068,-69.9407,89.2599,-33.3244,15.4784,-50.6219,68.6068,-69.9407,89.2599,-33.3244,15.4784,0,350,-400,-50,0,-150,0
475,1786707965.9464,1786707965.9508,0.03338,-49.7582,66.5055,-67.1648,87.7363,-34.1538,15.4762,-50.8549,70.8675,-70.0763,90.8269,-33.9558,16.3321,-50.8549,70.8675,-70.0763,90.8269,-33.9558,16.3321,-150,350,-50,0,-200,-350,0
476,1786707965.9798,1786707965.9841,0.03337,-49.9341,67.0330,-67.9560,88.3516,-34.3297,15.4762,-50.8837,68.3480,-69.2369,90.3016,-35.8636,12.2442,-50.8837,68.3480,-69.2369,90.3016,-35.8636,12.2442,-100,150,-350,200,50,50,0
477,1786707966.0132,1786707966.0179,0.03342,-50.0220,67.8242,-69.1868,89.0549,-34.1538,15.8069,-51.4022,66.0650,-65.4420,89.7131,-35.3959,10.5591,-51.4022,66.0650,-65.4420,89.7131,-35.3959,10.5591,0,350,-450,250,100,150,0
478,1786707966.0466,1786707966.051,0.03338,-50.0220,68.4396,-69.2747,89.3187,-34.7692,15.7407,-50.8127,67.1974,-66.6438,90.0605,-35.3827,7.9365,-50.8127,67.1974,-66.6438,90.0605,-35.3827,7.9365,0,300,-50,200,-250,0,0
479,1786707966.08,1786707966.0843,0.03344,-50.0220,68.0879,-68.8352,89.2308,-35.2088,14.4180,-51.2502,65.7930,-67.0213,89.8303,-36.7013,5.0569,-51.2502,65.7930,-67.0213,89.8303,-36.7013,5.0569,0,-100,200,-50,-100,-700,0
480,1786707966.1134,1786707966.1177,0.0334,-50.1099,67.2967,-68.0440,89.2308,-35.1209,12.0370,-50.4481,68.1199,-66.8452,88.5626,-37.9137,7.3830,-50.4481,68.1199,-66.8452,88.5626,-37.9137,7.3830,0,-250,300,0,50,-1000,0
481,1786707966.1468,1786707966.1509,0.03335,-50.1978,66.5934,-67.9560,89.2308,-35.7363,9.7884,-50.2353,68.0117,-66.8905,87.9833,-37.4005,11.0411,-50.2353,68.0117,-66.8905,87.9833,-37.4005,11.0411,-50,-300,50,0,-150,-1000,0
482,1786707966.1801,1786707966.1843,0.03337,-50.1978,66.5934,-67.8681,88.9670,-36.6154,7.7381,-49.4654,66.8289,-66.1316,88.6446,-35.6792,13.5582,-49.4654,66.8289,-66.1316,88.6446,-35.6792,13.5582,0,0,50,-100,-350,-900,0
483,1786707966.2136,1786707966.218,0.0334,-50.0220,67.0330,-67.7802,88.6154,-36.8791,7.0106,-51.5444,67.0162,-66.4209,90.3845,-34.6359,12.5575,-51.5444,67.0162,-66.4209,90.3845,-34.6359,12.5575,0,150,50,-100,-150,-550,0
484,1786707966.2469,1786707966.2519,0.03338,-50.0220,66.7692,-67.6044,88.6154,-36.5275,7.6720,-50.0754,65.8464,-67.0608,91.7895,-34.7246,14.2795,-50.0754,65.8464,-67.0608,91.7895,-34.7246,14.2795,50,-50,50,-50,100,200,0
485,1786707966.2804,1786707966.2847,0.03345,-50.1099,66.6813,-67.5165,89.0549,-35.7363,9.3915,-48.8400,67.2926,-68.3112,92.0775,-34.2097,13.5237,-48.8400,67.2926,-68.3112,92.0775,-34.2097,13.5237,0,-50,0,150,300,800,0
486,1786707966.3138,1786707966.318,0.03338,-50.3736,66.4176,-67.5165,90.0220,-35.4725,11.2434,-49.5819,67.0987,-67.8482,90.7455,-35.4347,14.1438,-49.5819,67.0987,-67.8482,90.7455,-35.4347,14.1438,-50,-100,0,400,150,1000,0
487,1786707966.3471,1786707966.3514,0.03339,-50.3736,66.4176,-67.8681,90.5495,-35.0330,12.3677,-49.3202,67.1685,-67.0377,91.0720,-35.6200,13.4215,-49.3202,67.1685,-67.0377,91.0720,-35.6200,13.4215,0,50,-100,250,150,550,0
488,1786707966.3805,1786707966.3848,0.03337,-49.9341,66.6813,-68.0440,90.4615,-35.2088,12.8307,-49.5487,67.1223,-68.0738,91.0134,-32.8417,13.0877,-49.5487,67.1223,-68.0738,91.0134,-32.8417,13.0877,200,100,0,0,-50,200,0
489,1786707966.4139,1786707966.4182,0.0334,-49.6703,66.6813,-67.8681,90.3736,-35.3846,12.8307,-49.2033,67.7942,-66.5746,91.4245,-35.3259,13.2279,-49.2033,67.7942,-66.5746,91.4245,-35.3259,13.2279,100,0,50,0,-150,0,0
490,1786707966.4474,1786707966.4519,0.03346,-49.7582,66.6813,-68.0440,90.4615,-34.9451,12.8307,-50.4407,67.2089,-65.9565,90.5611,-33.2199,13.4727,-50.4407,67.2089,-65.9565,90.5611,-33.2199,13.4727,-100,0,-50,50,100,0,0
491,1786707966.4807,1786707966.4849,0.03332,-49.8462,66.8571,-67.9560,90.5495,-34.1538,12.8968,-50.9021,64.1688,-65.0497,90.9667,-32.3101,14.0829,-50.9021,64.1688,-65.0497,90.9667,-32.3101,14.0829,0,50,50,0,300,0,0
492,1786707966.5141,1786707966.5184,0.03341,-49.8462,66.6813,-67.4286,90.3736,-33.9780,13.0291,-50.3122,67.1253,-66.2704,90.1985,-33.6210,14.2551,-50.3122,67.1253,-66.2704,90.1985,-33.6210,14.2551,0,-50,150,-50,50,100,0
493,1786707966.5475,1786707966.5518,0.03337,-50.1099,66.1538,-66.9011,90.3736,-33.5385,13.4921,-49.6420,65.9135,-67.8323,90.8920,-32.6897,14.5374,-49.6420,65.9135,-67.8323,90.8920,-32.6897,14.5374,-100,-200,150,0,150,200,0
494,1786707966.5808,1786707966.5851,0.03334,-50.1978,65.5385,-66.9011,90.2857,-33.5385,13.6905,-50.0248,67.3676,-68.6422,90.4928,-34.5258,14.0452,-50.0248,67.3676,-68.6422,90.4928,-34.5258,14.0452,0,-300,0,-50,0,100,0
495,1786707966.6143,1786707966.6193,0.03348,-50.1978,65.6264,-67.6044,90.3736,-33.5385,13.8889,-50.3266,68.1247,-68.4837,90.4059,-34.5351,15.2505,-50.3266,68.1247,-68.4837,90.4059,-34.5351,15.2505,0,0,-250,0,50,50,0
496,1786707966.6477,1786707966.6521,0.03335,-50.1099,66.4176,-68.1319,90.2857,-33.3626,13.8889,-50.6060,69.1315,-72.3120,89.8304,-35.3051,17.2313,-50.6060,69.1315,-72.3120,89.8304,-35.3051,17.2313,50,300,-200,-50,100,0,0
497,1786707966.681,1786707966.6855,0.03337,-50.0220,66.9451,-68.3077,90.2857,-33.9780,14.3519,-50.7377,67.2690,-67.7809,90.5831,-34.2102,16.1909,-50.7377,67.2690,-67.7809,90.5831,-34.2102,16.1909,50,150,0,0,-200,200,0
498,1786707966.7144,1786707966.7187,0.0334,-50.0220,67.3846,-69.0989,90.5495,-34.5055,15.4101,-51.3887,65.7107,-65.3585,90.1138,-35.3374,15.5181,-51.3887,65.7107,-65.3585,90.1138,-35.3374,15.5181,0,200,-400,100,-150,500,0
499,1786707966.7478,1786707966.7523,0.03341,-50.1099,67.3846,-70.0659,90.7253,-34.3297,16.0053,-51.8663,67.1939,-65.8111,89.6948,-35.3510,15.3445,-51.8663,67.1939,-65.8111,89.6948,-35.3510,15.3445,-50,0,-400,50,0,350,0
500,1786707966.7812,1786707966.8926,0.03339,-50.4615,66.8571,-69.8022,90.6374,-34.3297,15.7407,-47.3453,63.4318,-66.8690,87.5217,-30.1750,17.2959,-47.3453,63.4318,-66.8690,87.5217,-30.1750,17.2959,-100,-250,50,0,0,-150,1
501,1786707966.8938,1786707966.8985,0.11253,-50.7253,66.5055,-67.2527,89.8462,-34.9451,15.4762,-47.8637,64.9090,-70.2318,88.4926,-29.7043,16.8753,-47.8637,64.9090,-70.2318,88.4926,-29.7043,16.8753,0,0,50,0,0,0,1
502,1786707966.9271,1786707966.9316,0.03335,-50.7253,66.5055,-67.2527,89.7582,-34.9451,15.4762,-45.0462,63.5652,-70.2106,86.0248,-31.7737,16.7039,-45.0462,63.5652,-70.2106,86.0248,-31.7737,16.7039,0,0,0,0,0,0,0
503,1786707966.9605,1786707966.9647,0.03336,-50.5495,65.9780,-67.6923,89.5824,-34.5055,15.8730,-46.5280,62.5556,-68.1512,83.8674,-36.9392,17.3427,-46.5280,62.5556,-68.1512,83.8674,-36.9392,17.3427,0,-250,-100,-100,150,150,0
504,1786707966.9939,1786707966.9983,0.03342,-49.0549,65.0989,-68.7473,88.3516,-33.0989,16.2037,-46.6808,62.5421,-67.6688,86.4008,-31.3983,16.7093,-46.6808,62.5421,-67.6688,86.4008,-31.3983,16.7093,550,-200,-350,-400,450,100,0
505,1786707967.0273,1786707967.032,0.03338,-48.0000,64.3077,-69.0110,86.4176,-33.5385,16.4021,-45.3163,60.9224,-64.6249,85.7130,-33.0374,16.2688,-45.3163,60.9224,-64.6249,85.7130,-33.0374,16.2688,300,-250,-200,-700,-50,50,0
506,1786707967.0607,1786707967.0654,0.03339,-47.2967,63.9560,-68.4835,85.3626,-34.0659,16.7328,-45.7739,62.1427,-65.2256,85.7637,-32.0020,16.5996,-45.7739,62.1427,-65.2256,85.7637,-32.0020,16.5996,200,-100,200,-550,-250,150,0
507,1786707967.094,1786707967.099,0.03335,-47.1209,63.1648,-67.2527,85.6264,-33.7143,16.4021,-45.3450,62.6696,-66.5665,86.9159,-29.2069,16.6127,-45.3450,62.6696,-66.5665,86.9159,-29.2069,16.6127,50,-150,500,100,150,-200,0
508,1786707967.1275,1786707967.132,0.03348,-46.6813,62.7253,-66.2857,85.6264,-33.0110,16.2698,-45.7510,61.3271,-66.5447,86.5037,-31.1765,16.6452,-45.7510,61.3271,-66.5447,86.5037,-31.1765,16.6452,150,-200,500,0,300,-100,0
509,1786707967.1609,1786707967.1651,0.03337,-46.5055,62.9890,-66.5495,85.8901,-32.1319,16.4021,-45.5004,61.5401,-67.6921,86.8831,-30.8278,16.4523,-45.5004,61.5401,-67.6921,86.8831,-30.8278,16.4523,100,100,-50,100,250,50,0
510,1786707967.1942,1786707967.1986,0.03336,-46.5055,62.7253,-66.5495,85.9780,-31.0769,16.4021,-45.5876,61.9025,-66.7777,87.3515,-30.0852,16.6893,-45.5876,61.9025,-66.7777,87.3515,-30.0852,16.6893,0,0,50,50,350,0,0
511,1786707967.2277,1786707967.2319,0.03344,-46.4176,62.6374,-66.7253,86.1538,-31.1648,16.3360,-45.4718,60.7829,-65.7679,88.9099,-30.8876,16.4020,-45.4718,60.7829,-65.7679,88.9099,-30.8876,16.4020,0,-50,50,100,50,-50,0
512,1786707967.261,1786707967.2654,0.03336,-46.4176,62.6374,-66.8132,86.4176,-31.0769,16.3360,-45.3556,61.5788,-66.0371,88.6158,-30.6204,16.5737,-45.3556,61.5788,-66.0371,88.6158,-30.6204,16.5737,0,0,-100,100,50,0,0
513,1786707967.2944,1786707967.2986,0.0334,-46.4176,62.3736,-66.5495,87.0330,-30.9011,16.3360,-45.9542,62.6621,-68.5750,88.1722,-31.7591,16.3517,-45.9542,62.6621,-68.5750,88.1722,-31.7591,16.3517,0,-100,150,200,0,0,0
514,1786707967.3278,1786707967.3323,0.03339,-46.3297,62.2857,-66.2857,87.4725,-30.9011,16.3360,-45.6333,62.4999,-68.5514,86.4543,-34.7882,16.1399,-45.6333,62.4999,-68.5514,86.4543,-34.7882,16.1399,50,-50,150,150,0,0,0
515,1786707967.3612,1786707967.3655,0.03343,-46.2418,62.5495,-66.8132,87.4725,-31.2527,16.3360,-45.9903,62.3467,-66.9783,86.8121,-33.7416,8.8137,-45.9903,62.3467,-66.9783,86.8121,-33.7416,8.8137,0,150,-200,0,-100,0,0
516,1786707967.3946,1786707967.3989,0.03336,-46.2418,62.6374,-67.5165,87.4725,-32.3956,16.3360,-46.2738,61.8613,-66.9100,86.4901,-34.2025,4.5491,-46.2738,61.8613,-66.9100,86.4901,-34.2025,6.3360,0,0,-250,50,-400,0,0
517,1786707967.428,1786707967.4325,0.03344,-46.2418,62.6374,-67.2527,87.2088,-33.4505,15.8730,-47.2442,61.6463,-63.6943,84.4527,-34.3345,0.9288,-47.2442,61.6463,-63.6943,84.4527,-34.3345,5.7407,0,0,150,-100,-500,-50,0
518,1786707967.4614,1786707967.4658,0.03335,-46.2418,62.5495,-66.9890,87.0330,-33.5385,14.0212,-47.4765,61.4855,-66.5245,84.0991,-34.2929,1.4449,-47.4765,61.4855,-66.5245,84.0991,-34.2929,3.6905,0,-50,150,-100,0,-800,0
519,1786707967.4948,1786707967.4992,0.03338,-46.3297,62.4615,-66.3736,86.4176,-33.7143,11.3095,-48.2768,62.0299,-65.2805,85.1038,-34.0978,1.5445,-48.2768,62.0299,-65.2805,85.1038,-34.0978,1.5445,0,-50,250,-150,-50,-1200,0
520,1786707967.5283,1786707967.5329,0.03348,-46.6813,62.1978,-65.4945,85.5385,-33.8022,8.5979,-47.0295,61.5502,-67.3110,88.9844,-34.8203,2.1659,-47.0295,61.5502,-67.3110,88.9844,-34.8203,2.1659,-100,-100,250,-300,0,-1200,0
521,1786707967.5616,1786707967.5658,0.03332,-47.0330,62.2857,-65.8462,85.7143,-33.8022,5.9524,-46.5033,62.5458,-68.1039,87.0050,-33.4822,4.1974,-46.5033,62.5458,-68.1039,87.0050,-33.4822,4.1974,-150,50,-150,50,0,-1250,0
522,1786707967.595,1786707967.5992,0.0334,-47.0330,62.2857,-66.2857,86.1538,-34.1538,4.2328,-45.5672,67.3829,-68.4913,86.8513,-34.4090,6.4264,-45.5672,67.3829,-68.4913,86.8513,-34.4090,6.4264,0,0,-150,100,-100,-700,0
523,1786707967.6284,1786707967.6327,0.03341,-46.8571,62.6374,-67.1648,87.2967,-34.0659,3.9021,-45.6058,62.3565,-66.7521,86.6266,-33.2577,4.0803,-45.6058,62.3565,-66.7521,86.6266,-33.2577,4.0803,50,100,-300,400,-50,0,0
524,1786707967.6618,1786707967.6669,0.03339,-46.5055,63.6044,-67.8681,87.3846,-33.9780,4.6958,-45.2326,66.6878,-71.6813,86.2039,-29.6449,3.4693,-45.2326,66.6878,-71.6813,86.2039,-29.6449,3.4693,100,300,-250,0,50,300,0
525,1786707967.6952,1786707967.6996,0.0334,-46.2418,64.3077,-67.7802,87.0330,-34.0659,5.5556,-46.1125,66.2019,-71.2851,87.9283,-31.6198,4.1277,-46.1125,66.2019,-71.2851,87.9283,-31.6198,4.1277,100,200,50,-50,-50,400,0
526,1786707967.7285,1786707967.7328,0.03337,-46.1538,65.1868,-67.4286,86.7692,-33.0110,5.5556,-45.9626,65.9053,-72.4749,87.8111,-32.7277,5.4527,-45.9626,65.9053,-72.4749,87.8111,-32.7277,5.4527,50,250,50,-100,200,-50,0
527,1786707967.7619,1786707967.7663,0.03338,-46.2418,65.5385,-68.4835,87.2088,-31.5165,4.8280,-46.1400,62.1080,-70.9033,91.1752,-27.9138,7.9133,-46.1400,62.1080,-70.9033,91.1752,-27.9138,7.9133,0,100,-250,200,550,-300,0
528,1786707967.7954,1786707967.7996,0.03344,-46.2418,65.7143,-70.2418,87.5604,-31.1648,4.6296,-45.1241,64.5486,-74.1671,89.1366,-30.8620,8.6795,-45.1241,64.5486,-74.1671,89.1366,-30.8620,8.6795,0,50,-600,200,100,-50,0
529,1786707967.8287,1786707967.8329,0.03337,-46.2418,65.2747,-70.8571,87.9121,-31.2527,5.5556,-47.1579,66.0022,-70.4717,88.2181,-30.2375,15.2262,-47.1579,66.0022,-70.4717,88.2181,-30.2375,15.2262,0,-200,-200,100,0,550,0
530,1786707967.8621,1786707967.8663,0.03338,-46.1538,64.7473,-71.4725,88.1758,-31.3407,7.0106,-46.4645,63.4473,-69.2677,87.5444,-30.1068,15.0123,-46.4645,63.4473,-69.2677,87.5444,-30.1068,15.0123,0,-250,-150,0,-50,650,0
531,1786707967.8955,1786707967.8997,0.0334,-46.2418,65.0989,-72.0000,88.2637,-30.9890,8.5979,-47.3575,63.4025,-67.9926,87.5615,-31.9975,16.8395,-47.3575,63.4025,-67.9926,87.5615,-31.9975,16.8395,-50,150,-250,0,150,700,0
532,1786707967.9289,1786707967.9332,0.0334,-46.4176,65.6264,-71.6484,88.0879,-30.7253,10.9127,-47.0946,64.7678,-70.9323,87.7047,-28.7828,18.9229,-47.0946,64.7678,-70.9323,87.7047,-28.7828,18.9229,-50,150,200,-50,50,1100,0
533,1786707967.9623,1786707967.9668,0.0334,-46.6813,65.0989,-70.1538,87.8242,-30.9890,13.0291,-47.3980,64.3456,-71.4996,88.8124,-27.9660,16.9793,-47.3980,64.3456,-71.4996,88.8124,-27.9660,16.9793,-50,-50,450,-50,0,1000,0
534,1786707967.9957,1786707967.9999,0.03335,-46.7692,64.4835,-69.4505,87.6484,-31.4286,15.1455,-46.0795,63.3815,-70.6457,90.2401,-26.6968,16.5415,-46.0795,63.3815,-70.6457,90.2401,-26.6968,16.5415,0,-250,300,-50,-150,950,0
535,1786707968.0292,1786707968.0334,0.03349,-46.8571,64.6593,-69.9780,88.0000,-30.6374,16.5344,-48.0073,62.1438,-67.2196,89.6475,-25.8449,15.5583,-48.0073,62.1438,-67.2196,89.6475,-25.8449,15.5583,0,100,-250,50,400,600,0
536,1786707968.0625,1786707968.0668,0.03335,-46.7692,64.5714,-70.5934,88.7033,-28.9670,16.5344,-48.0176,61.5314,-66.1771,88.7464,-25.8739,15.4998,-48.0176,61.5314,-66.1771,88.7464,-25.8739,15.4998,0,-50,-250,200,550,150,0
537,1786707968.0959,1786707968.1001,0.03339,-46.7692,63.9560,-70.1538,88.7912,-27.6484,15.8069,-47.4865,61.2450,-65.5133,88.1326,-28.5825,15.5034,-47.4865,61.2450,-65.5133,88.1326,-28.5825,15.5034,0,-200,50,-50,450,-300,0
538,1786707968.1293,1786707968.1335,0.03339,-47.1209,63.4286,-68.8352,88.4396,-27.2088,15.6746,-46.8209,62.6182,-66.0957,88.8663,-27.3402,16.1282,-46.8209,62.6182,-66.0957,88.8663,-27.3402,16.1282,-100,-200,400,-150,100,-50,0
539,1786707968.1626,1786707968.1671,0.03337,-47.1209,62.9890,-67.6044,88.4396,-27.3846,15.6746,-46.3955,63.1929,-67.2501,88.1485,-26.0572,16.2292,-46.3955,63.1929,-67.2501,88.1485,-26.0572,16.2292,0,-150,500,0,0,0,0
540,1786707968.196,1786707968.2003,0.03339,-47.2088,62.9890,-67.3407,88.4396,-28.0000,15.8069,-46.3624,61.1045,-65.6934,87.0308,-26.3600,16.5293,-46.3624,61.1045,-65.6934,87.0308,-26.3600,16.5293,0,0,100,0,-250,50,0
541,1786707968.2294,1786707968.2336,0.0334,-46.9451,63.2527,-67.5165,88.2637,-27.6484,15.9392,-46.8835,61.6504,-65.4337,88.3320,-26.2913,16.2303,-46.8835,61.6504,-65.4337,88.3320,-26.2913,16.2303,50,100,-100,-50,200,50,0
542,1786707968.2629,1786707968.2671,0.03343,-46.9451,62.8132,-66.9890,87.7363,-26.9451,16.0053,-47.9300,59.0355,-63.7611,88.1105,-28.0249,16.5609,-47.9300,59.0355,-63.7611,88.1105,-28.0249,16.5609,0,-250,0,-100,300,50,0
543,1786707968.2963,1786707968.3005,0.0334,-46.9451,62.3736,-66.2857,87.6484,-26.8571,16.0053,-47.9757,60.6980,-63.6642,85.9405,-26.7801,15.8775,-47.9757,60.6980,-63.6642,85.9405,-26.7801,15.8775,0,-200,300,0,50,0,0
544,1786707968.3297,1786707968.3339,0.0334,-47.1209,62.0220,-65.6703,87.7363,-27.1209,16.1376,-48.3837,61.5793,-62.6131,84.6371,-29.4307,16.0638,-48.3837,61.5793,-62.6131,84.6371,-29.4307,16.0638,-100,-100,200,100,-150,50,0
545,1786707968.363,1786707968.3676,0.03335,-47.2967,61.4945,-64.6154,87.0330,-27.4725,16.1376,-47.8483,57.8063,-60.7682,87.7579,-26.7289,14.6892,-47.8483,57.8063,-60.7682,87.7579,-26.7289,14.6892,-50,-150,400,-200,-200,0,0
546,1786707968.3964,1786707968.4007,0.03338,-47.3846,61.5824,-64.1758,86.2418,-27.5604,16.0714,-47.2759,57.7713,-58.4525,86.0170,-30.5485,11.9645,-47.2759,57.7713,-58.4525,86.0170,-30.5485,11.9645,-50,0,50,-200,0,0,0
547,1786707968.4298,1786707968.4341,0.03342,-47.3846,61.3187,-62.9451,85.8901,-28.1758,15.6746,-47.7187,59.1763,-61.0689,86.4793,-30.8373,10.7241,-47.7187,59.1763,-61.0689,86.4793,-30.8373,10.7241,0,-100,450,-200,-150,-250,0
548,1786707968.4632,1786707968.4674,0.03341,-47.2967,60.0879,-61.4505,85.8022,-28.7033,14.4180,-47.8057,57.9837,-60.6615,85.2071,-33.0495,7.6492,-47.8057,57.9837,-60.6615,85.2071,-33.0495,7.6492,0,-450,500,0,-150,-650,0
549,1786707968.4966,1786707968.5007,0.03334,-47.2967,59.3846,-60.4835,85.8022,-29.8462,12.6984,-47.9316,60.2796,-60.8083,83.8305,-34.8444,9.9952,-47.9316,60.2796,-60.8083,83.8305,-34.8444,9.9952,0,-150,450,0,-350,-800,0
550,1786707968.53,1786707968.6433,0.03342,-47.3846,59.2967,-60.5714,85.5385,-30.6374,11.1772,-44.9356,59.6143,-64.9000,87.5169,-27.9367,13.3990,-44.9356,59.6143,-64.9000,87.5169,-27.9367,13.3990,0,-50,-50,-150,-250,-650,1
551,1786707968.6445,1786707968.6496,0.11449,-47.3846,60.0000,-60.9231,84.6593,-33.8901,9.7884,-45.6784,59.7128,-64.1356,87.9321,-27.3517,13.4985,-45.6784,59.7128,-64.1356,87.9321,-27.3517,13.4985,0,0,0,0,-150,100,1
552,1786707968.6778,1786707968.6825,0.03332,-47.3846,60.0000,-61.0110,84.5714,-34.0659,9.8545,-45.1154,61.4647,-64.7004,89.0791,-26.4037,13.7315,-45.1154,61.4647,-64.7004,89.0791,-26.4037,13.7315,0,0,0,-50,-100,0,0
553,1786707968.7112,1786707968.7159,0.03343,-47.1209,60.0000,-61.5385,84.9231,-33.7143,10.5159,-44.5497,60.4077,-65.3003,88.4581,-28.2424,13.6294,-44.5497,60.4077,-65.3003,88.4581,-28.2424,13.6294,100,0,-150,200,100,300,0
554,1786707968.7446,1786707968.7492,0.03336,-46.5055,60.5275,-63.1209,86.4176,-31.5165,11.8386,-45.4041,62.1254,-66.9802,87.6784,-27.3095,13.7403,-45.4041,62.1254,-66.9802,87.6784,-27.3095,13.7403,250,200,-500,450,800,600,0
555,1786707968.7779,1786707968.7825,0.03337,-46.0659,60.9670,-63.9121,87.2088,-29.3187,12.5000,-46.6532,59.5770,-64.0440,88.4101,-23.6168,14.0328,-46.6532,59.5770,-64.0440,88.4101,-23.6168,14.0328,150,100,-500,300,800,350,0
556,1786707968.8114,1786707968.8163,0.03342,-45.9780,61.2308,-64.7912,87.2088,-28.5275,12.8307,-46.5655,60.7178,-66.3553,88.2142,-23.8657,13.6863,-46.5655,60.7178,-66.3553,88.2142,-23.8657,13.6863,50,0,-300,-50,250,200,0
557,1786707968.8448,1786707968.8494,0.03341,-46.1538,61.5824,-65.4945,87.4725,-28.0879,13.2275,-46.4413,62.3088,-63.4558,85.7061,-23.6736,13.4996,-46.4413,62.3088,-63.4558,85.7061,-23.6736,13.4996,-100,200,-200,150,250,200,0
558,1786707968.8782,1786707968.8828,0.03344,-46.4176,61.4945,-65.4945,87.5604,-26.6813,13.2275,-46.2034,62.4504,-67.4924,87.6520,-22.9310,13.5883,-46.2034,62.4504,-67.4924,87.6520,-22.9310,13.5883,-100,-50,0,50,450,0,0
559,1786707968.9115,1786707968.9162,0.03331,-46.5055,61.6703,-65.3187,87.2088,-25.3626,13.2275,-44.5444,60.5762,-65.8487,87.3384,-22.9983,12.3735,-44.5444,60.5762,-65.8487,87.3384,-22.9983,12.3735,-50,100,50,-150,450,0,0
560,1786707968.9449,1786707968.9496,0.03341,-46.5055,61.9341,-64.8791,86.7692,-24.5714,13.2275,-45.1728,59.4562,-67.0848,86.5216,-21.7930,13.1295,-45.1728,59.4562,-67.0848,86.5216,-21.7930,13.1295,0,150,200,-150,250,0,0
561,1786707968.9784,1786707968.983,0.03342,-46.1538,61.5824,-64.7912,86.8571,-24.1319,13.0291,-44.6672,58.7727,-66.5295,87.6249,-21.1361,6.2044,-44.6672,58.7727,-66.5295,87.6249,-21.1361,6.2044,50,-100,100,0,150,0,0
562,1786707969.0117,1786707969.0166,0.03337,-45.8901,61.1429,-65.7582,87.0330,-23.2527,12.8307,-44.6959,62.7701,-69.6508,87.8784,-21.5612,7.8999,-44.6959,62.7701,-69.6508,87.8784,-21.5612,7.8999,100,-100,-350,50,300,-100,0
563,1786707969.0451,1786707969.0498,0.03342,-45.6264,61.0549,-65.8462,86.8571,-22.4615,12.8968,-43.2834,62.0906,-70.8159,88.5615,-21.4276,11.0280,-43.2834,62.0906,-70.8159,88.5615,-21.4276,11.0280,100,-50,0,0,200,100,0
564,1786707969.0785,1786707969.0831,0.03335,-45.4505,61.2308,-66.1978,87.2967,-22.4615,11.6402,-45.0502,63.6665,-70.1530,87.6872,-23.0043,12.0047,-45.0502,63.6665,-70.1530,87.6872,-23.0043,12.0047,100,0,0,150,50,-400,0
565,1786707969.1119,1786707969.1163,0.0334,-45.0110,62.1978,-67.7802,87.9121,-22.2857,10.1190,-45.4418,62.5572,-69.1349,86.7425,-23.1859,12.0804,-45.4418,62.5572,-69.1349,86.7425,-23.1859,12.0804,150,350,-550,250,100,-750,0
566,1786707969.1454,1786707969.1497,0.03351,-44.8352,62.9011,-68.7473,87.7363,-22.6374,9.4577,-43.8576,61.9045,-68.5361,86.7013,-23.1408,12.2434,-43.8576,61.9045,-68.5361,86.7013,-23.1408,12.2434,0,250,-350,-100,-150,-150,0
567,1786707969.1787,1786707969.1829,0.03327,-44.7473,63.1648,-68.6593,87.2967,-22.9011,10.1852,-44.6633,62.6827,-68.7348,86.0137,-23.0579,11.8711,-44.6633,62.6827,-68.7348,86.0137,-23.0579,11.8711,100,100,100,-150,-150,200,0
568,1786707969.2121,1786707969.2166,0.03342,-44.9231,62.9011,-68.3956,87.1209,-22.9011,11.1111,-44.7231,59.8651,-64.9804,85.4707,-23.9877,12.3809,-44.7231,59.8651,-64.9804,85.4707,-23.9877,12.3809,-50,-100,100,-50,0,450,0
569,1786707969.2455,1786707969.2503,0.03338,-44.9231,62.9890,-68.3956,86.8571,-22.6374,11.3095,-45.6300,64.0526,-65.4188,84.5088,-23.7623,13.5721,-45.6300,64.0526,-65.4188,84.5088,-23.7623,13.5721,0,0,0,-100,100,50,0
570,1786707969.2789,1786707969.2836,0.03342,-44.8352,62.6374,-67.9560,86.3297,-23.3407,11.5741,-43.4511,60.6143,-64.3120,85.4850,-23.1574,12.7525,-43.4511,60.6143,-64.3120,85.4850,-23.1574,12.7525,0,-50,250,-150,-150,200,0
571,1786707969.3123,1786707969.3167,0.03335,-44.8352,61.9341,-66.6374,85.7143,-23.4286,12.3677,-42.7615,60.3005,-63.7318,85.2959,-23.4637,13.2448,-42.7615,60.3005,-63.7318,85.2959,-23.4637,13.2448,0,-200,500,-250,0,350,0
572,1786707969.3457,1786707969.35,0.03343,-44.9231,61.8462,-65.7582,85.5385,-23.4286,12.5661,-44.1060,59.5737,-61.8039,85.2499,-22.5204,14.0850,-44.1060,59.5737,-61.8039,85.2499,-22.5204,14.0850,-50,-50,300,-50,0,50,0
573,1786707969.379,1786707969.3832,0.03335,-44.3956,61.5824,-65.0549,85.3626,-23.3407,12.5661,-42.4756,59.3769,-63.3015,84.7601,-22.8023,14.8771,-42.4756,59.3769,-63.3015,84.7601,-22.8023,14.8771,100,-50,250,-50,0,50,0
574,1786707969.4124,1786707969.4166,0.03337,-44.2198,61.0549,-64.1758,85.2747,-23.3407,13.2275,-43.0823,58.4388,-62.7241,86.7178,-21.4653,15.7936,-43.0823,58.4388,-62.7241,86.7178,-21.4653,15.7936,50,-200,350,-50,-50,250,0
575,1786707969.4459,1786707969.4509,0.03346,-44.1319,60.7033,-63.5604,85.0110,-23.1648,13.8889,-43.1090,58.2684,-62.8736,88.3202,-21.8021,15.0675,-43.1090,58.2684,-62.8736,88.3202,-21.8021,15.0675,50,-100,250,-100,50,300,0
576,1786707969.4792,1786707969.4839,0.03335,-44.0440,60.2637,-63.2088,85.3626,-22.6374,14.5503,-43.0738,57.5202,-61.6148,89.5330,-22.6581,14.9560,-43.0738,57.5202,-61.6148,89.5330,-22.6581,14.9560,50,-150,150,50,100,300,0
577,1786707969.5126,1786707969.5172,0.03337,-43.9560,60.0000,-63.2088,86.5934,-22.4615,14.6825,-42.8336,60.2141,-64.8622,89.7160,-22.4034,16.2535,-42.8336,60.2141,-64.8622,89.7160,-22.4034,16.2535,0,-100,0,450,100,150,0
578,1786707969.546,1786707969.5505,0.03339,-43.8681,59.6484,-62.5934,87.6484,-22.5495,14.6164,-44.1919,58.7016,-61.4452,90.0031,-22.4436,15.5886,-44.1919,58.7016,-61.4452,90.0031,-22.4436,15.5886,50,-150,200,350,-50,-50,0
579,1786707969.5793,1786707969.584,0.03337,-43.6923,59.6484,-62.5055,88.1758,-22.5495,15.2116,-43.2428,58.1824,-61.4283,88.9927,-24.1165,15.9395,-43.2428,58.1824,-61.4283,88.9927,-24.1165,15.9395,50,-50,-50,200,0,300,0
580,1786707969.6127,1786707969.6174,0.0334,-43.6923,60.0000,-62.8571,88.5275,-22.5495,15.4762,-44.6502,59.9125,-63.1003,89.8546,-23.2816,16.3870,-44.6502,59.9125,-63.1003,89.8546,-23.2816,16.3870,0,200,-200,150,0,250,0
581,1786707969.6461,1786707969.651,0.03339,-43.7802,59.6484,-62.2418,88.5275,-22.9011,15.5423,-42.6403,59.8362,-64.3560,90.4211,-23.6029,16.5211,-42.6403,59.8362,-64.3560,90.4211,-23.6029,16.5211,-50,-150,250,0,-200,0,0
582,1786707969.6795,1786707969.6842,0.03337,-43.7802,59.4725,-62.3297,88.8791,-23.3407,15.8730,-42.9897,58.3035,-61.7490,89.1435,-23.9548,16.2831,-42.9897,58.3035,-61.7490,89.1435,-23.9548,16.2831,0,-150,-150,100,-200,150,0
583,1786707969.7129,1786707969.7175,0.0334,-43.6923,59.9121,-63.2967,89.4066,-23.3407,16.0053,-43.3424,59.9547,-59.9016,88.4512,-24.2132,16.3924,-43.3424,59.9547,-59.9016,88.4512,-24.2132,16.3924,0,200,-400,150,0,150,0
584,1786707969.7463,1786707969.751,0.03337,-43.6044,59.7363,-63.2088,89.0549,-23.6044,15.9392,-43.7264,59.7080,-60.4553,87.7781,-25.4470,16.4417,-43.7264,59.7080,-60.4553,87.7781,-25.4470,16.4417,0,-50,0,-150,-50,-50,0
585,1786707969.7796,1786707969.7843,0.03337,-43.6044,59.6484,-62.1538,88.7033,-23.8681,16.0053,-44.3378,59.4893,-61.0243,88.5763,-26.0373,16.3594,-44.3378,59.4893,-61.0243,88.5763,-26.0373,16.3594,-50,0,350,-100,-100,50,0
586,1786707969.8131,1786707969.8176,0.03341,-43.6044,59.7363,-61.3626,88.3516,-24.3077,16.0053,-44.6473,60.9020,-61.0938,87.9336,-24.6198,16.5897,-44.6473,60.9020,-61.0938,87.9336,-24.6198,16.5897,0,50,350,-150,-150,0,0
587,1786707969.8464,1786707969.8514,0.03337,-43.6923,59.8242,-61.5385,88.3516,-25.1868,16.0053,-44.4148,59.4970,-60.1243,86.0674,-25.6837,15.7087,-44.4148,59.4970,-60.1243,86.0674,-25.6837,15.7087,-50,0,-50,0,-350,0,0
588,1786707969.8799,1786707969.8847,0.03346,-43.8681,60.0000,-61.5385,88.3516,-24.9231,16.0714,-45.0506,60.3006,-59.6774,84.9602,-26.0869,16.3100,-45.0506,60.3006,-59.6774,84.9602,-26.0869,16.3100,-50,100,0,0,150,50,0
589,1786707969.9132,1786707969.9178,0.03333,-43.9560,59.9121,-61.0110,87.7363,-24.8352,15.9392,-44.5292,58.5860,-57.9748,84.6719,-25.9398,15.9794,-44.5292,58.5860,-57.9748,84.6719,-25.9398,15.9794,-50,0,100,-150,50,0,0
590,1786707969.9466,1786707969.9513,0.03337,-44.2198,59.8242,-60.3956,86.6813,-25.3626,15.8730,-44.7096,60.5792,-58.3657,85.0572,-23.7925,16.4671,-44.7096,60.5792,-58.3657,85.0572,-23.7925,16.4671,-100,-50,300,-450,-250,-50,0
591,1786707969.98,1786707969.9846,0.03339,-44.2198,59.4725,-59.7802,86.0659,-25.6264,16.0714,-45.0178,60.6406,-62.2691,85.7163,-25.4124,16.7809,-45.0178,60.6406,-62.2691,85.7163,-25.4124,16.7809,0,-150,250,-250,-100,0,0
592,1786707970.0134,1786707970.018,0.0334,-44.2198,59.2088,-59.2527,85.8022,-25.2747,16.0714,-44.8520,59.6574,-59.5173,85.1439,-26.6749,16.4299,-44.8520,59.6574,-59.5173,85.1439,-26.6749,16.4299,0,-200,300,-100,0,0,0
593,1786707970.0467,1786707970.0514,0.03338,-44.2198,59.7363,-60.2198,85.9780,-24.6593,16.3360,-45.0405,59.9903,-60.4473,85.0615,-24.7096,16.3345,-45.0405,59.9903,-60.4473,85.0615,-24.7096,16.3345,0,150,-300,100,200,150,0
594,1786707970.0801,1786707970.085,0.03338,-44.2198,60.0879,-61.0110,85.9780,-25.0989,16.3360,-45.9541,59.6757,-57.9543,85.0214,-25.9514,16.4924,-45.9541,59.6757,-57.9543,85.0214,-25.9514,16.4924,0,50,-250,0,-300,0,0
595,1786707970.1135,1786707970.1182,0.03336,-44.3956,60.1758,-61.2747,85.8901,-25.9780,16.3360,-45.4020,60.5240,-61.3520,85.5189,-26.1365,16.9184,-45.4020,60.5240,-61.3520,85.5189,-26.1365,16.9184,-50,0,0,-50,-350,0,0
596,1786707970.1469,1786707970.1515,0.03338,-44.6593,59.8242,-60.2198,85.6264,-25.8901,16.4683,-45.5989,61.4121,-59.7628,85.9739,-27.2153,15.7457,-45.5989,61.4121,-59.7628,85.9739,-27.2153,15.7457,-100,-50,300,-50,0,50,0
597,1786707970.1802,1786707970.1848,0.03337,-44.7473,59.8242,-59.5165,85.5385,-25.8022,16.4021,-45.8788,60.1496,-60.6388,85.3762,-27.3740,16.1912,-45.8788,60.1496,-60.6388,85.3762,-27.3740,16.1912,0,50,250,0,0,0,0
598,1786707970.2136,1786707970.2183,0.0334,-44.7473,60.4396,-59.8681,85.6264,-26.3297,16.2037,-45.5583,62.5466,-61.9972,84.3725,-27.9374,16.4939,-45.5583,62.5466,-61.9972,84.3725,-27.9374,16.4939,0,200,-150,0,-150,-50,0
599,1786707970.247,1786707970.2518,0.03338,-44.7473,60.5275,-60.3956,85.7143,-26.9451,16.1376,-46.2638,62.0032,-61.0994,86.3019,-27.4899,13.8098,-46.2638,62.0032,-61.0994,86.3019,-27.4899,13.8098,0,50,-250,50,-200,-50,0
600,1786707970.2804,1786707970.3938,0.03342,-44.7473,60.7033,-60.7473,85.2747,-27.1209,16.2698,-47.8928,61.8550,-66.5618,86.8762,-27.0427,17.5172,-47.8928,61.8550,-66.5618,86.8762,-27.0427,17.5172,0,0,-100,-200,-100,50,1
601,1786707970.395,1786707970.4001,0.11455,-45.0989,61.4066,-61.3626,85.6264,-27.2088,14.4180,-46.6334,60.2828,-66.0878,86.4290,-28.2687,17.3041,-46.6334,60.2828,-66.0878,86.4290,-28.2687,17.3041,0,100,0,0,0,-50,1
602,1786707970.4283,1786707970.4331,0.03328,-45.0989,61.4066,-61.3626,85.6264,-27.2967,14.3519,-46.9366,62.0187,-67.5461,86.8602,-30.2613,17.6275,-46.9366,62.0187,-67.5461,86.8602,-30.2613,17.6275,0,0,0,0,-50,-50,0
603,1786707970.4616,1786707970.4664,0.03337,-45.2747,61.4066,-62.2418,85.8022,-27.4725,14.6164,-48.2974,60.8211,-64.5219,86.5877,-29.6883,17.1943,-48.2974,60.8211,-64.5219,86.5877,-29.6883,17.1943,-50,0,-250,50,-50,50,0
604,1786707970.495,1786707970.4998,0.03337,-45.5385,61.1429,-64.0000,86.2418,-28.6154,15.8730,-46.7849,62.4686,-66.5004,85.4214,-29.6249,16.4215,-46.7849,62.4686,-66.5004,85.4214,-29.6249,16.4215,-50,-100,-550,50,-350,600,0
605,1786707970.5284,1786707970.5328,0.03338,-45.9780,61.4066,-65.3187,86.3297,-29.1429,16.4021,-47.0139,63.6461,-65.0016,86.6459,-26.4658,16.9287,-47.0139,63.6461,-65.0016,86.6459,-26.4658,16.9287,-150,50,-550,50,-200,350,0
606,1786707970.5619,1786707970.5667,0.03351,-46.3297,61.6703,-65.4066,86.0659,-29.1429,16.2037,-44.1463,60.5214,-63.6576,85.7003,-26.5832,16.5714,-44.1463,60.5214,-63.6576,85.7003,-26.5832,16.5714,-100,50,0,-100,0,-100,0
607,1786707970.5952,1786707970.5995,0.03332,-46.4176,62.5495,-65.4945,86.0659,-28.7033,16.4021,-44.3438,63.1519,-64.6875,86.0997,-25.7969,16.7225,-44.3438,63.1519,-64.6875,86.0997,-25.7969,16.7225,-50,350,-50,50,0,150,0
608,1786707970.6287,1786707970.6328,0.03346,-46.3297,62.2857,-64.7912,85.9780,-27.8242,16.3360,-43.8636,62.0547,-65.0125,85.7275,-27.4807,15.5994,-43.8636,62.0547,-65.0125,85.7275,-27.4807,15.5994,100,-150,200,0,350,0,0
609,1786707970.662,1786707970.6667,0.03331,-45.6264,61.8462,-64.6154,85.9780,-27.2088,16.4021,-43.2453,63.4117,-67.6445,86.9515,-27.2021,16.3862,-43.2453,63.4117,-67.6445,86.9515,-27.2021,16.3862,250,-200,50,0,250,50,0
610,1786707970.6954,1786707970.7,0.03338,-45.0989,62.1099,-64.9670,85.9780,-27.2967,16.0714,-43.2576,64.1673,-65.0718,85.2290,-27.7044,16.0227,-43.2576,64.1673,-65.0718,85.2290,-27.7044,16.0227,150,100,-150,0,50,-200,0
611,1786707970.7288,1786707970.7337,0.03341,-44.8352,62.6374,-65.7582,86.2418,-27.4725,15.9392,-43.2378,63.8317,-64.8205,84.9475,-28.7680,16.2192,-43.2378,63.8317,-64.8205,84.9475,-28.7680,16.2192,100,200,-250,0,-100,-100,0
612,1786707970.7622,1786707970.7669,0.03343,-44.7473,63.3407,-66.6374,86.4176,-27.5604,16.0053,-43.1235,63.4524,-64.3253,83.0843,-27.4365,16.1334,-43.1235,63.4524,-64.3253,83.0843,-27.4365,16.1334,50,300,-350,50,0,0,0
613,1786707970.7955,1786707970.8001,0.03331,-44.6593,63.3407,-66.2857,85.7143,-28.0000,16.0714,-42.5158,64.0054,-63.8216,82.1703,-28.7347,16.3618,-42.5158,64.0054,-63.8216,82.1703,-28.7347,16.3618,50,0,150,-300,-200,0,0
614,1786707970.8289,1786707970.8335,0.0334,-44.5714,63.0769,-65.3187,84.9231,-27.9121,16.0714,-42.8831,64.0336,-62.9744,81.9466,-27.4097,16.3088,-42.8831,64.0336,-62.9744,81.9466,-27.4097,16.3088,50,-50,350,-250,-50,0,0
615,1786707970.8623,1786707970.867,0.03343,-44.3077,63.2527,-64.8791,83.6923,-27.7363,16.1376,-42.7506,62.7866,-63.2403,82.1688,-25.3030,16.0294,-42.7506,62.7866,-63.2403,82.1688,-25.3030,16.0294,100,-50,150,-450,50,50,0
616,1786707970.8957,1786707970.9003,0.03334,-44.1319,63.3407,-64.3516,82.8132,-27.8242,16.1376,-42.9396,62.3990,-65.7545,83.5269,-29.0127,16.4060,-42.9396,62.3990,-65.7545,83.5269,-29.0127,16.4060,50,50,200,-250,0,0,0
617,1786707970.9291,1786707970.934,0.03342,-43.8681,63.3407,-64.1758,82.7253,-27.2088,16.1376,-42.6019,64.6226,-68.8086,82.4240,-27.1002,16.1547,-42.6019,64.6226,-68.8086,82.4240,-27.1002,16.1547,50,0,0,-50,150,0,0
618,1786707970.9625,1786707970.9673,0.03336,-43.8681,63.0769,-64.6154,82.9011,-26.5055,16.1376,-42.0251,60.9462,-65.5420,83.3198,-26.6604,16.2699,-42.0251,60.9462,-65.5420,83.3198,-26.6604,16.2699,0,-150,-50,0,200,0,0
619,1786707970.9959,1786707971.0005,0.03342,-43.8681,63.5165,-66.1978,83.3407,-26.7692,16.0714,-42.7882,62.3549,-63.5766,83.4677,-28.3921,16.0327,-42.7882,62.3549,-63.5766,83.4677,-28.3921,16.0327,0,100,-550,200,-150,-50,0
620,1786707971.0292,1786707971.0339,0.03335,-43.6044,64.0440,-67.3407,83.3407,-26.9451,16.1376,-43.7601,61.2823,-62.8742,81.9648,-30.0121,16.4163,-43.7601,61.2823,-62.8742,81.9648,-30.0121,16.4163,100,200,-350,-50,-100,0,0
621,1786707971.0626,1786707971.0674,0.03339,-43.5165,63.6044,-67.0769,82.9890,-27.2088,16.0714,-41.8782,62.6254,-63.3803,81.5646,-29.4609,16.2061,-41.8782,62.6254,-63.3803,81.5646,-29.4609,16.2061,0,-200,0,-100,-50,-50,0
622,1786707971.096,1786707971.1005,0.03339,-43.5165,62.8132,-65.4945,82.5495,-28.3516,16.1376,-43.7989,62.1920,-62.4430,82.8422,-28.0733,16.4205,-43.7989,62.1920,-62.4430,82.8422,-28.0733,16.4205,0,-300,600,-150,-400,50,0
623,1786707971.1294,1786707971.134,0.03337,-43.5165,62.7253,-64.4396,82.0220,-28.8791,16.2037,-42.8201,62.5380,-63.2988,82.1504,-30.5710,16.3104,-42.8201,62.5380,-63.2988,82.1504,-30.5710,16.3104,0,0,300,-150,-250,50,0
624,1786707971.1628,1786707971.1678,0.0334,-43.1648,62.7253,-64.0000,82.0220,-28.5275,16.2037,-42.2938,61.5522,-61.4645,81.8183,-30.1676,16.2683,-42.2938,61.5522,-61.4645,81.8183,-30.1676,16.2683,150,0,150,0,150,0,0
625,1786707971.1962,1786707971.2009,0.03343,-43.1648,62.6374,-64.0879,82.1099,-28.6154,16.2037,-42.7296,61.7191,-63.4278,81.9748,-28.9880,16.2758,-42.7296,61.7191,-63.4278,81.9748,-28.9880,16.2758,0,-50,-50,50,-100,0,0
626,1786707971.2296,1786707971.2342,0.03338,-42.9890,62.2857,-63.4725,81.9341,-29.4066,16.2037,-44.4530,64.3040,-64.5869,80.6666,-28.8921,16.0534,-44.4530,64.3040,-64.5869,80.6666,-28.8921,16.0534,100,-100,250,-50,-300,0,0
627,1786707971.2629,1786707971.2677,0.03333,-42.9890,62.0220,-62.9451,81.8462,-29.2308,16.2037,-44.3302,61.4207,-60.5628,81.4781,-30.1014,16.1513,-44.3302,61.4207,-60.5628,81.4781,-30.1014,16.1513,0,-50,300,-50,50,0,0
628,1786707971.2963,1786707971.3008,0.03342,-43.2527,62.2857,-63.4725,81.6703,-29.1429,16.2037,-44.3489,63.8306,-65.1111,81.6223,-29.6170,16.0923,-44.3489,63.8306,-65.1111,81.6223,-29.6170,16.0923,-50,0,-200,-50,50,0,0
629,1786707971.3297,1786707971.3344,0.03337,-43.6044,62.9890,-64.3516,81.5824,-29.3187,16.2037,-44.6878,65.3867,-69.9983,82.2305,-30.5951,16.3593,-44.6878,65.3867,-69.9983,82.2305,-30.5951,16.3593,-150,200,-200,50,0,0,0
630,1786707971.3631,1786707971.3681,0.03339,-43.7802,63.1648,-64.7033,81.7582,-29.4066,16.2037,-45.1849,64.6468,-63.3746,83.2485,-30.1833,16.5408,-45.1849,64.6468,-63.3746,83.2485,-30.1833,16.5408,-50,0,-150,50,-50,0,0
631,1786707971.3965,1786707971.4013,0.03338,-43.9560,63.8681,-65.4945,81.8462,-29.7582,16.2037,-45.3018,62.6098,-62.4546,82.0236,-30.9494,16.5978,-45.3018,62.6098,-62.4546,82.0236,-30.9494,16.5978,-50,300,-250,50,-200,0,0
632,1786707971.4299,1786707971.4344,0.03339,-44.1319,64.2198,-66.6374,82.1978,-30.0220,16.2037,-44.9348,63.4902,-62.4285,83.1610,-29.9352,16.5990,-44.9348,63.4902,-62.4285,83.1610,-29.9352,16.5990,-50,150,-400,150,-150,0,0
633,1786707971.4632,1786707971.4676,0.03338,-44.2198,63.9560,-66.3736,82.0220,-30.1978,16.2037,-45.5142,65.5793,-66.8175,82.2736,-29.1643,16.4530,-45.5142,65.5793,-66.8175,82.2736,-29.1643,16.4530,0,-150,0,50,-100,0,0
634,1786707971.4966,1786707971.5013,0.0334,-44.2198,63.3407,-64.9670,81.8462,-30.1978,16.2037,-45.4148,63.8498,-65.0476,83.6081,-27.9301,15.9728,-45.4148,63.8498,-65.0476,83.6081,-27.9301,15.9728,-50,-150,450,-50,50,0,0
635,1786707971.53,1786707971.5346,0.03337,-44.2198,63.8681,-64.1758,81.9341,-29.8462,16.2037,-45.7191,65.4970,-69.0045,84.1142,-29.2683,16.4902,-45.7191,65.4970,-69.0045,84.1142,-29.2683,16.4902,0,0,250,0,100,0,0
636,1786707971.5637,1786707971.5683,0.03365,-44.3077,64.4835,-64.5275,82.1099,-29.2308,16.2037,-46.2403,66.6413,-67.7870,82.9383,-26.7072,16.6165,-46.2403,66.6413,-67.7870,82.9383,-26.7072,16.6165,0,250,0,0,200,0,0
637,1786707971.5968,1786707971.601,0.03311,-44.4835,65.0989,-66.1099,82.7253,-28.8791,16.2698,-44.4945,63.7726,-63.6939,82.8782,-30.0636,16.1955,-44.4945,63.7726,-63.6939,82.8782,-30.0636,16.1955,-50,200,-550,300,50,0,0
638,1786707971.6302,1786707971.6344,0.03344,-44.6593,65.5385,-67.5165,82.9011,-29.1429,16.3360,-43.2681,64.2318,-65.9014,84.0439,-27.5221,16.3406,-43.2681,64.2318,-65.9014,84.0439,-27.5221,16.3406,-100,50,-450,50,-150,0,0
639,1786707971.6636,1786707971.6679,0.03335,-44.6593,65.5385,-67.6044,82.6374,-29.1429,16.3360,-44.2468,64.8469,-65.1548,82.1442,-29.3244,16.3215,-44.2468,64.8469,-65.1548,82.1442,-29.3244,16.3215,0,50,-150,-50,50,0,0
640,1786707971.697,1786707971.7012,0.03341,-44.3077,64.8352,-66.8132,82.8132,-29.6703,16.3360,-44.2922,63.8147,-64.5743,84.0851,-29.0522,16.3036,-44.2922,63.8147,-64.5743,84.0851,-29.0522,16.3036,50,-200,250,0,-200,0,0
641,1786707971.7303,1786707971.7345,0.03339,-44.1319,64.5714,-66.2857,82.8132,-29.5824,16.3360,-44.2298,65.8830,-65.6342,82.8633,-28.2466,16.6631,-44.2298,65.8830,-65.6342,82.8633,-28.2466,16.6631,100,-150,200,0,0,0,0
642,1786707971.7637,1786707971.7687,0.0334,-44.1319,64.3077,-65.9341,82.6374,-29.4066,16.3360,-43.9827,64.7985,-62.5964,82.7669,-30.2135,16.6024,-43.9827,64.7985,-62.5964,82.7669,-30.2135,16.6024,0,-50,150,0,100,0,0
643,1786707971.7971,1786707971.8018,0.03337,-44.3077,64.3956,-66.1978,82.6374,-29.0549,16.3360,-44.3375,64.5429,-63.9093,83.2730,-28.4994,16.1717,-44.3375,64.5429,-63.9093,83.2730,-28.4994,16.1717,-50,50,-50,0,150,0,0
644,1786707971.8305,1786707971.8348,0.0334,-44.3077,64.5714,-65.8462,82.6374,-29.4066,16.3360,-44.7364,65.2462,-63.0419,81.2077,-29.7072,16.0487,-44.7364,65.2462,-63.0419,81.2077,-29.7072,16.0487,0,0,150,0,0,0,0
645,1786707971.8639,1786707971.8681,0.03342,-44.2198,64.4835,-65.1429,82.6374,-29.8462,16.2698,-43.8378,65.0977,-62.1503,82.1718,-29.9583,16.1942,-43.8378,65.0977,-62.1503,82.1718,-29.9583,16.1942,50,-50,200,0,-200,0,0
646,1786707971.8974,1786707971.9016,0.03343,-44.2198,64.6593,-64.6154,82.1978,-29.7582,16.2037,-44.5299,65.1298,-63.3300,80.8997,-29.2595,16.3607,-44.5299,65.1298,-63.3300,80.8997,-29.2595,16.3607,0,50,150,-50,50,-50,0
647,1786707971.9307,1786707971.9351,0.03338,-44.2198,64.6593,-63.9121,81.6703,-29.7582,16.2037,-44.2858,64.0033,-60.7993,82.8239,-26.8892,16.3616,-44.2858,64.0033,-60.7993,82.8239,-26.8892,16.3616,0,0,250,-200,0,0,0
648,1786707971.9641,1786707971.9689,0.03337,-44.2198,64.6593,-63.8242,81.5824,-29.6703,16.2037,-43.9466,64.2733,-62.7939,82.3141,-29.9505,16.5418,-43.9466,64.2733,-62.7939,82.3141,-29.9505,16.5418,0,0,0,-50,0,0,0
649,1786707971.9975,1786707972.002,0.03337,-44.2198,64.3956,-63.8242,81.7582,-28.9670,16.2037,-43.3390,64.3192,-62.1297,80.8870,-29.5132,16.1238,-43.3390,64.3192,-62.1297,80.8870,-29.5132,16.1238,0,-100,0,0,250,0,0
650,1786707972.0309,1786707972.1413,0.03338,-44.1319,64.3077,-63.6484,81.9341,-28.0879,16.2037,-42.6843,60.9819,-64.5372,81.2543,-27.5057,17.1797,-42.6843,60.9819,-64.5372,81.2543,-27.5057,17.1797,50,0,50,50,250,0,1
651,1786707972.1424,1786707972.1469,0.11156,-43.9560,64.3077,-63.0330,81.1429,-29.1429,16.2037,-43.6179,62.6420,-66.0335,80.9223,-29.3098,17.0984,-43.6179,62.6420,-66.0335,80.9223,-29.3098,17.0984,0,0,0,0,0,0,1
652,1786707972.1759,1786707972.1802,0.03343,-43.9560,64.3077,-63.0330,81.1429,-29.1429,16.2037,-44.9163,63.5510,-68.3587,79.1847,-29.2249,16.8458,-44.9163,63.5510,-68.3587,79.1847,-29.2249,16.8458,0,0,0,0,0,0,0
653,1786707972.2092,1786707972.2141,0.03337,-43.9560,63.9560,-63.6484,81.3187,-29.1429,16.5344,-43.8639,63.5461,-68.2143,81.4937,-27.8428,16.8939,-43.8639,63.5461,-68.2143,81.4937,-27.8428,16.8939,0,-100,-250,50,0,150,0
654,1786707972.2426,1786707972.2471,0.03337,-44.0440,63.8681,-65.4066,80.8791,-28.9670,16.6005,-43.2422,62.4459,-67.5150,81.4658,-27.6401,16.9916,-43.2422,62.4459,-67.5150,81.4658,-27.6401,16.9916,0,-100,-550,-200,0,100,0
655,1786707972.276,1786707972.2808,0.03341,-44.1319,63.9560,-66.7253,79.8242,-28.8791,16.6005,-43.6613,62.8955,-66.4110,80.8759,-27.9106,16.7598,-43.6613,62.8955,-66.4110,80.8759,-27.9106,16.7598,0,0,-600,-350,0,0,0
656,1786707972.3094,1786707972.314,0.03336,-44.0440,63.7802,-66.7253,80.3516,-28.4396,16.6667,-44.8321,64.4075,-69.8113,80.8497,-28.8800,16.6321,-44.8321,64.4075,-69.8113,80.8497,-28.8800,16.6321,0,-50,50,150,100,0,0
657,1786707972.3428,1786707972.3475,0.03341,-43.9560,63.6923,-66.4615,80.5275,-28.4396,16.6667,-44.0597,64.0012,-69.4521,78.7776,-29.6039,16.1789,-44.0597,64.0012,-69.4521,78.7776,-29.6039,16.1789,0,0,100,0,0,0,0
658,1786707972.3762,1786707972.3807,0.03341,-43.9560,63.8681,-66.8132,80.5275,-28.6154,16.6005,-44.2636,65.1920,-70.3324,80.0997,-28.7055,16.4134,-44.2636,65.1920,-70.3324,80.0997,-28.7055,16.4134,0,0,-50,0,-50,0,0
659,1786707972.4096,1786707972.4144,0.03341,-44.1319,64.1319,-68.0440,80.4396,-29.0549,16.4683,-45.0682,62.2307,-65.0800,78.4948,-28.5386,16.1631,-45.0682,62.2307,-65.0800,78.4948,-28.5386,16.1631,-100,100,-400,100,-150,-50,0
660,1786707972.4429,1786707972.4475,0.03334,-44.2198,64.3956,-68.8352,79.5604,-28.9670,16.4683,-44.8594,64.0734,-69.9485,78.3233,-30.3337,15.8965,-44.8594,64.0734,-69.9485,78.3233,-30.3337,15.8965,-50,150,-250,-300,0,0,0
661,1786707972.4764,1786707972.4811,0.03341,-44.3956,64.6593,-68.6593,79.1209,-28.8791,16.3360,-42.8053,64.7820,-67.8863,80.5095,-27.7811,16.4100,-42.8053,64.7820,-67.8863,80.5095,-27.7811,16.4100,-50,150,-50,-100,50,0,0
662,1786707972.5098,1786707972.5142,0.03342,-44.3956,64.5714,-68.2198,78.9451,-29.1429,16.2037,-43.3557,65.1118,-68.2274,80.7691,-29.3723,16.1751,-43.3557,65.1118,-68.2274,80.7691,-29.3723,16.1751,-50,-50,150,-50,-100,-100,0
663,1786707972.5432,1786707972.5479,0.03344,-44.3077,64.6593,-68.3956,79.1209,-29.7582,16.2698,-44.1608,65.8692,-66.6368,80.6217,-31.0815,14.7338,-44.1608,65.8692,-66.6368,80.6217,-31.0815,14.7338,0,0,-100,50,-250,50,0
664,1786707972.5766,1786707972.5813,0.03334,-43.8681,64.9231,-68.5714,79.7363,-29.5824,16.2037,-43.6226,66.1269,-68.8993,80.1332,-29.7198,15.9756,-43.6226,66.1269,-68.8993,80.1332,-29.7198,15.9756,150,100,-50,150,100,0,0
665,1786707972.61,1786707972.6147,0.0334,-43.8681,65.2747,-68.2198,79.8242,-30.1099,15.8069,-43.4541,66.2137,-67.0815,80.0034,-29.9552,15.7405,-43.4541,66.2137,-67.0815,80.0034,-29.9552,15.7405,0,150,100,50,-250,-150,0
666,1786707972.6433,1786707972.6483,0.03338,-43.9560,65.1868,-67.8681,79.8242,-30.4615,15.3439,-44.5285,64.7243,-66.3601,80.1842,-29.6137,15.9499,-44.5285,64.7243,-66.3601,80.1842,-29.6137,15.9499,-50,-50,50,0,-200,-200,0
667,1786707972.6767,1786707972.6811,0.0334,-43.9560,65.3626,-67.8681,79.7363,-30.1978,15.6085,-43.3782,66.6465,-67.2550,81.0843,-28.4529,15.8538,-43.3782,66.6465,-67.2550,81.0843,-28.4529,15.8538,50,50,0,0,100,50,0
668,1786707972.7101,1786707972.7148,0.03339,-43.9560,65.2747,-67.6044,79.7363,-30.0220,15.6746,-43.5653,67.7183,-70.9299,82.8342,-28.8635,15.4451,-43.5653,67.7183,-70.9299,82.8342,-28.8635,15.4451,0,0,100,0,50,50,0
669,1786707972.7435,1786707972.7483,0.03337,-44.0440,65.2747,-67.7802,79.9121,-29.4945,15.6746,-44.2692,68.7067,-69.9424,83.3618,-29.2513,14.7747,-44.2692,68.7067,-69.9424,83.3618,-29.2513,14.7747,0,0,-100,50,150,0,0
670,1786707972.7769,1786707972.7815,0.0334,-44.0440,66.0659,-68.6593,80.7912,-29.4066,15.6746,-43.9955,66.2491,-69.0835,82.3194,-30.1422,14.7628,-43.9955,66.2491,-69.0835,82.3194,-30.1422,14.7628,0,350,-200,350,0,0,0
671,1786707972.8103,1786707972.815,0.03344,-44.0440,67.2088,-69.8901,81.4945,-29.4945,15.2778,-44.2773,68.0927,-69.9229,84.4839,-28.2328,14.7927,-44.2773,68.0927,-69.9229,84.4839,-28.2328,14.7927,0,450,-450,300,-50,-150,0
672,1786707972.8437,1786707972.8487,0.03339,-43.9560,67.2088,-70.0659,81.4945,-29.7582,15.0794,-44.9808,68.5576,-70.0267,82.6441,-29.7432,15.0414,-44.9808,68.5576,-70.0267,82.6441,-29.7432,15.0414,50,0,0,0,-50,-50,0
673,1786707972.8771,1786707972.8817,0.0334,-43.9560,66.8571,-69.8901,81.8462,-29.5824,15.0794,-45.1793,68.4393,-70.5312,83.5533,-29.5060,15.0750,-45.1793,68.4393,-70.5312,83.5533,-29.5060,15.0750,0,-150,100,200,0,-50,0
674,1786707972.9105,1786707972.915,0.03334,-44.1319,66.9451,-70.0659,82.4615,-29.0549,15.0794,-45.7437,68.7199,-71.8452,85.1985,-26.8510,14.8168,-45.7437,68.7199,-71.8452,85.1985,-26.8510,14.8168,-100,0,-50,250,150,0,0
675,1786707972.9439,1786707972.9485,0.03337,-44.3077,67.6484,-70.5055,82.5495,-29.2308,15.0794,-44.8171,67.8034,-70.4063,84.6530,-28.5632,14.5690,-44.8171,67.8034,-70.4063,84.6530,-28.5632,14.5690,-50,250,-100,50,-50,0,0
676,1786707972.9772,1786707972.9816,0.03334,-44.5714,67.8242,-71.1209,83.1648,-29.0549,15.0794,-45.5308,67.4247,-70.6248,84.1289,-27.8660,14.9642,-45.5308,67.4247,-70.6248,84.1289,-27.8660,14.9642,-100,100,-200,250,50,0,0
677,1786707973.0106,1786707973.0153,0.03341,-44.5714,68.0000,-71.3846,83.6044,-28.6154,14.9471,-45.3754,66.8543,-66.2177,83.5730,-27.9725,14.3019,-45.3754,66.8543,-66.2177,83.5730,-27.9725,14.3019,0,100,-100,250,100,-50,0
678,1786707973.044,1786707973.0487,0.03338,-44.7473,67.7363,-71.1209,83.4286,-28.5275,14.9471,-46.4637,65.4782,-68.0145,84.0228,-28.3709,10.0463,-46.4637,65.4782,-68.0145,84.0228,-28.3709,10.0463,-50,-50,100,-100,100,0,0
679,1786707973.0774,1786707973.082,0.0334,-44.7473,67.3846,-70.5055,83.3407,-28.4396,14.8148,-46.3544,65.6855,-69.9780,86.0267,-27.2384,6.4360,-46.3544,65.6855,-69.9780,86.0267,-27.2384,6.4360,0,-150,250,-50,50,-50,0
680,1786707973.1108,1786707973.1151,0.03339,-44.9231,66.7692,-69.6264,83.3407,-28.4396,13.8889,-46.9375,65.4363,-69.7042,85.3908,-27.8218,5.3966,-46.9375,65.4363,-69.7042,85.3908,-27.8218,5.3966,-100,-200,350,0,0,-350,0
681,1786707973.1442,1786707973.1489,0.03341,-45.0989,66.3297,-69.8022,83.8681,-28.0879,11.8386,-46.1060,67.6222,-69.6633,83.3106,-28.2817,8.7262,-46.1060,67.6222,-69.6633,83.3106,-28.2817,8.7262,-50,-150,-50,150,50,-900,0
682,1786707973.1776,1786707973.1821,0.03337,-45.3626,66.1538,-70.0659,84.4835,-28.0879,9.3915,-46.7297,67.6149,-69.9225,82.2616,-29.0073,10.9288,-46.7297,67.6149,-69.9225,82.2616,-29.0073,10.9288,-150,-100,0,200,50,-1100,0
683,1786707973.211,1786707973.2154,0.03341,-45.5385,66.1538,-70.0659,84.0440,-28.1758,7.6720,-46.6460,66.4328,-69.1541,81.7849,-28.2286,12.6250,-46.6460,66.4328,-69.1541,81.7849,-28.2286,12.6250,-50,0,0,-250,-50,-850,0
684,1786707973.2443,1786707973.249,0.03336,-45.7143,66.5934,-70.0659,83.3407,-28.4396,7.2751,-45.5337,67.5824,-71.5328,82.1837,-28.3008,14.3190,-45.5337,67.5824,-71.5328,82.1837,-28.3008,14.3190,-50,100,0,-200,-50,-150,0
685,1786707973.2777,1786707973.2821,0.03341,-45.7143,66.5055,-69.9780,82.6374,-28.4396,8.2672,-46.2623,68.8091,-70.5839,83.3118,-27.8879,11.7930,-46.2623,68.8091,-70.5839,83.3118,-27.8879,11.7930,0,-50,50,-250,0,600,0
686,1786707973.3112,1786707973.3155,0.03347,-45.7143,66.7692,-70.3297,82.4615,-28.5275,10.2513,-45.8734,67.2239,-70.0366,82.9973,-28.2012,12.0690,-45.8734,67.2239,-70.0366,82.9973,-28.2012,12.0690,0,100,0,0,0,850,0
687,1786707973.3445,1786707973.349,0.03332,-45.7143,67.6484,-70.9451,82.7253,-28.5275,11.9709,-46.7896,68.4300,-72.6306,84.0875,-28.1626,12.2415,-46.7896,68.4300,-72.6306,84.0875,-28.1626,12.2415,0,300,-250,100,0,750,0
688,1786707973.3779,1786707973.3826,0.03342,-45.7143,67.5604,-70.7692,82.7253,-28.4396,12.5661,-45.1092,66.6642,-68.9057,83.0755,-28.3584,11.2425,-45.1092,66.6642,-68.9057,83.0755,-28.3584,11.2425,0,0,100,0,0,150,0
689,1786707973.4113,1786707973.416,0.03339,-45.8901,67.3846,-70.6813,82.9890,-28.4396,12.2354,-45.3643,67.2903,-69.2495,83.7356,-28.8036,9.7636,-45.3643,67.2903,-69.2495,83.7356,-28.8036,9.7636,-50,0,100,150,0,-100,0
690,1786707973.4447,1786707973.4489,0.03335,-45.9780,67.4725,-70.8571,82.9890,-28.4396,11.7063,-46.5758,67.4594,-68.9909,82.3346,-29.2511,11.1764,-46.5758,67.4594,-68.9909,82.3346,-29.2511,11.1764,0,50,-50,50,0,-200,0
691,1786707973.4781,1786707973.4827,0.03345,-45.7143,67.1209,-70.2418,82.9890,-28.4396,10.9127,-44.8829,69.1227,-71.4906,82.8031,-28.6334,10.6359,-44.8829,69.1227,-71.4906,82.8031,-28.6334,10.6359,100,-50,200,0,50,-400,0
692,1786707973.5115,1786707973.5163,0.03336,-45.7143,67.1209,-70.0659,82.9011,-28.7912,10.4497,-45.3337,67.5723,-71.3884,83.6298,-27.7167,12.5884,-45.3337,67.5723,-71.3884,83.6298,-27.7167,12.5884,0,0,150,-50,-100,-300,0
693,1786707973.5449,1786707973.5495,0.0334,-45.7143,67.7363,-70.4176,82.8132,-28.7033,10.6481,-44.6322,65.7536,-70.0096,84.2694,-27.1773,12.7499,-44.6322,65.7536,-70.0096,84.2694,-27.1773,12.7499,0,250,-50,-50,50,100,0
694,1786707973.5783,1786707973.5828,0.03342,-45.7143,68.0879,-71.0330,82.9890,-28.3516,11.1111,-46.0996,65.9585,-69.1637,84.1217,-27.4552,12.0118,-46.0996,65.9585,-69.1637,84.1217,-27.4552,12.0118,50,200,-200,50,100,300,0
695,1786707973.6117,1786707973.6163,0.03338,-45.5385,67.6484,-70.6813,83.2527,-28.0000,11.7725,-46.2581,65.3629,-66.8817,83.9039,-27.5256,11.8911,-46.2581,65.3629,-66.8817,83.9039,-27.5256,11.8911,50,-150,50,50,150,350,0
696,1786707973.6451,1786707973.6498,0.0334,-45.4505,66.6813,-70.1538,83.2527,-27.9121,11.7063,-45.4843,65.7454,-67.8988,84.1584,-27.6777,11.6463,-45.4843,65.7454,-67.8988,84.1584,-27.6777,11.6463,0,-250,150,0,50,-50,0
697,1786707973.6785,1786707973.6834,0.03337,-45.6264,66.2418,-69.4505,83.3407,-27.9121,11.6402,-45.0444,67.1449,-71.5642,84.8594,-27.3411,12.2830,-45.0444,67.1449,-71.5642,84.8594,-27.3411,12.2830,0,-150,250,50,0,-50,0
698,1786707973.7119,1786707973.7163,0.03339,-45.6264,65.8901,-68.6593,83.3407,-27.9121,11.6402,-46.7476,66.9999,-70.9603,84.4037,-28.8211,13.5803,-46.7476,66.9999,-70.9603,84.4037,-28.8211,13.5803,0,-100,400,0,0,0,0
699,1786707973.7453,1786707973.75,0.0334,-45.6264,66.1538,-69.0110,83.6044,-27.8242,11.9048,-45.7368,65.1594,-72.2652,87.2001,-25.5892,13.0272,-45.7368,65.1594,-72.2652,87.2001,-25.5892,13.0272,0,150,-50,50,50,150,0
700,1786707973.7787,1786707973.8913,0.0334,-45.6264,66.7692,-70.1538,83.7802,-28.1758,12.4339,-42.1625,66.5587,-71.5827,85.2947,-28.6087,14.4591,-42.1625,66.5587,-71.5827,85.2947,-28.6087,14.4591,50,150,-400,50,-50,300,1
701,1786707973.8924,1786707973.8975,0.11376,-45.8901,66.0659,-71.8242,85.8901,-26.5055,12.7646,-42.0871,65.6728,-67.1105,84.3742,-27.6736,15.6637,-42.0871,65.6728,-67.1105,84.3742,-27.6736,15.6637,0,0,-150,50,100,0,1
702,1786707973.9257,1786707973.9306,0.0333,-45.8901,66.0659,-71.8242,86.0659,-26.3297,12.7646,-42.2376,66.7892,-67.0612,83.9832,-25.7210,15.6812,-42.2376,66.7892,-67.0612,83.9832,-25.7210,15.6812,0,0,0,50,50,0,0
703,1786707973.9592,1786707973.9644,0.03347,-45.2747,66.0659,-71.2088,85.5385,-26.7692,13.4921,-42.0831,69.1281,-70.4917,85.4310,-23.9705,15.8326,-42.0831,69.1281,-70.4917,85.4310,-23.9705,15.8326,250,0,200,-100,-100,400,0
704,1786707973.9925,1786707973.9973,0.03331,-44.3956,65.9780,-69.6264,84.6593,-27.1209,14.4180,-41.7192,68.8274,-69.4326,83.2557,-23.5632,15.6983,-41.7192,68.8274,-69.4326,83.2557,-23.5632,15.6983,350,0,550,-300,-150,500,0
705,1786707974.0259,1786707974.0306,0.03337,-43.9560,66.8571,-69.0110,84.8352,-26.2418,14.8810,-42.1570,68.0168,-69.9283,82.4407,-22.6234,15.3465,-42.1570,68.0168,-69.9283,82.4407,-22.6234,15.3465,150,350,300,50,400,250,0
706,1786707974.0593,1786707974.0641,0.03345,-43.4286,67.5604,-69.3626,84.9231,-25.0110,15.0794,-41.5430,69.5417,-73.1942,84.5032,-23.6994,14.9251,-41.5430,69.5417,-73.1942,84.5032,-23.6994,14.9251,150,150,-150,100,450,50,0
707,1786707974.0927,1786707974.0973,0.03334,-43.1648,67.5604,-69.8022,84.1319,-24.2198,15.0794,-43.0086,69.4406,-72.7048,83.5559,-23.8123,14.5117,-43.0086,69.4406,-72.7048,83.5559,-23.8123,14.5117,100,0,-100,-250,300,50,0
708,1786707974.1261,1786707974.1308,0.0334,-42.9011,68.0879,-70.5934,83.3407,-24.1319,15.0794,-43.1706,70.5002,-73.0041,84.5081,-23.0149,14.6093,-43.1706,70.5002,-73.0041,84.5081,-23.0149,14.6093,100,150,-200,-250,-50,0,0
709,1786707974.1594,1786707974.164,0.03336,-42.8132,68.7033,-71.7363,83.3407,-24.2198,14.8810,-42.1448,68.2766,-72.0979,84.7311,-23.3120,14.6804,-42.1448,68.2766,-72.0979,84.7311,-23.3120,14.6804,0,200,-400,0,-50,-100,0
710,1786707974.1928,1786707974.1974,0.03338,-42.9011,69.2308,-72.2637,83.7802,-23.8681,14.8148,-43.9774,68.3639,-71.4504,83.6295,-23.7308,14.6016,-43.9774,68.3639,-71.4504,83.6295,-23.7308,14.6016,0,100,-150,150,150,0,0
711,1786707974.2262,1786707974.2308,0.03343,-42.9890,69.1429,-72.1758,83.8681,-23.7802,14.8148,-43.6576,69.5774,-72.8687,84.2225,-24.7459,14.3818,-43.6576,69.5774,-72.8687,84.2225,-24.7459,14.3818,-50,0,0,0,0,0,0
712,1786707974.2596,1786707974.2641,0.03336,-42.9890,68.8791,-72.1758,83.7802,-23.7802,14.8148,-44.2810,67.4070,-75.2038,87.1193,-25.1587,13.7667,-44.2810,67.4070,-75.2038,87.1193,-25.1587,13.7667,0,-100,0,0,0,0,0
713,1786707974.293,1786707974.2976,0.03341,-43.0769,69.0549,-72.5275,83.8681,-24.1319,14.6164,-44.6794,65.7581,-76.7875,88.5073,-26.8476,13.1335,-44.6794,65.7581,-76.7875,88.5073,-26.8476,13.1335,0,0,-200,0,-50,-150,0
714,1786707974.3264,1786707974.3313,0.0334,-43.4286,68.9670,-73.8462,84.7473,-24.5714,14.3519,-46.3133,66.8526,-72.5316,86.3768,-27.2736,13.6526,-46.3133,66.8526,-72.5316,86.3768,-27.2736,13.6526,-150,50,-400,350,-150,-150,0
715,1786707974.3598,1786707974.3645,0.03344,-43.6923,67.9121,-74.9890,86.1538,-25.3626,13.8228,-45.2745,68.8997,-74.2704,84.6889,-27.2198,13.8509,-45.2745,68.8997,-74.2704,84.6889,-27.2198,13.8509,-100,-400,-450,450,-200,-300,0
716,1786707974.3932,1786707974.3978,0.03335,-44.3077,67.3846,-75.1648,86.5934,-26.1538,13.6905,-46.9353,67.7642,-74.9038,85.8729,-25.7794,13.5661,-46.9353,67.7642,-74.9038,85.8729,-25.7794,13.5661,-200,-100,0,200,-350,-50,0
717,1786707974.4266,1786707974.4313,0.03341,-44.6593,67.9121,-74.9011,86.0659,-26.3297,13.7566,-45.9184,66.6097,-74.1182,84.8848,-26.1568,13.0237,-45.9184,66.6097,-74.1182,84.8848,-26.1568,13.0237,-200,100,100,-200,-50,0,0
718,1786707974.46,1786707974.4646,0.03337,-45.0110,68.4396,-74.9890,85.0989,-26.1538,13.7566,-46.9318,67.3934,-75.9451,85.9241,-27.0556,6.5386,-46.9318,67.3934,-75.9451,85.9241,-27.0556,6.5386,-100,200,0,-300,100,0,0
719,1786707974.4934,1786707974.4976,0.03342,-45.2747,68.0879,-74.9890,85.0989,-26.0659,13.4921,-48.0523,66.3973,-74.6840,85.1793,-29.1440,4.3185,-48.0523,66.3973,-74.6840,85.1793,-29.1440,4.3185,-50,-200,0,0,50,-150,0
720,1786707974.5268,1786707974.531,0.0334,-45.4505,67.7363,-74.5495,85.1868,-26.6813,12.6984,-48.3847,68.2153,-72.5286,83.6740,-26.6001,7.1979,-48.3847,68.2153,-72.5286,83.6740,-26.6001,7.1979,0,-200,250,0,-200,-300,0
721,1786707974.5602,1786707974.5646,0.03342,-46.0659,67.7363,-74.6374,85.0989,-27.4725,11.0450,-46.4941,67.9009,-73.7022,84.0612,-26.9264,10.8337,-46.4941,67.9009,-73.7022,84.0612,-26.9264,10.8337,-250,0,-50,-50,-300,-750,0
722,1786707974.5936,1786707974.5983,0.03337,-46.4176,67.8242,-74.2857,84.3956,-28.1758,8.7302,-46.3513,66.5910,-73.3486,82.5819,-26.1232,10.8197,-46.3513,66.5910,-73.3486,82.5819,-26.1232,10.8197,-100,0,50,-250,-300,-1050,0
723,1786707974.627,1786707974.6317,0.03339,-46.5934,67.9121,-73.8462,84.2198,-27.5604,7.5397,-45.9047,68.5872,-73.8724,83.5859,-25.4632,11.7714,-45.9047,68.5872,-73.8724,83.5859,-25.4632,11.7714,-50,100,200,0,250,-650,0
724,1786707974.6603,1786707974.6651,0.03337,-46.5934,67.4725,-73.6703,83.7802,-26.8571,7.4074,-47.1120,68.4822,-72.9837,84.0002,-25.0154,11.5492,-47.1120,68.4822,-72.9837,84.0002,-25.0154,11.5492,0,-150,50,-200,200,-100,0
725,1786707974.6937,1786707974.6984,0.0334,-46.3297,67.7363,-73.9341,83.6923,-26.5055,8.6640,-46.6723,68.9660,-73.4852,83.8856,-24.9739,12.6190,-46.6723,68.9660,-73.4852,83.8856,-24.9739,12.6190,50,100,-150,-50,100,650,0
726,1786707974.7272,1786707974.7318,0.03343,-46.3297,68.0879,-73.7582,83.6923,-25.9780,10.1190,-46.8089,67.1783,-72.7603,84.5618,-25.5507,11.5128,-46.8089,67.1783,-72.7603,84.5618,-25.5507,11.5128,50,200,-50,0,200,700,0
727,1786707974.7606,1786707974.765,0.03339,-46.5055,68.0879,-73.7582,83.6923,-25.7143,11.0450,-46.3020,69.5552,-73.3558,84.7339,-25.6935,12.1595,-46.3020,69.5552,-73.3558,84.7339,-25.6935,12.1595,0,0,0,0,50,400,0
728,1786707974.794,1786707974.7986,0.03344,-46.5934,68.0000,-73.5824,83.8681,-25.7143,11.0450,-45.3553,69.1653,-73.7499,83.7472,-23.9519,12.6744,-45.3553,69.1653,-73.7499,83.7472,-23.9519,12.6744,-50,-50,100,0,0,-50,0
729,1786707974.8273,1786707974.8316,0.03333,-46.5934,67.7363,-73.5824,83.9560,-25.7143,11.1111,-46.2097,67.8710,-69.9524,83.8674,-25.0883,12.9751,-46.2097,67.8710,-69.9524,83.8674,-25.0883,12.9751,0,-50,0,50,0,0,0
730,1786707974.8607,1786707974.8654,0.0334,-46.3297,68.0879,-73.6703,83.8681,-25.2747,11.8386,-46.1822,68.7128,-70.3452,83.5678,-24.0139,13.2417,-46.1822,68.7128,-70.3452,83.5678,-24.0139,13.2417,100,150,-50,-50,200,350,0
731,1786707974.8942,1786707974.8988,0.03345,-46.3297,68.0879,-73.2308,83.7802,-24.8352,12.2354,-45.7417,67.3546,-68.8763,84.6579,-25.1605,12.7563,-45.7417,67.3546,-68.8763,84.6579,-25.1605,12.7563,0,0,100,0,250,150,0
732,1786707974.9275,1786707974.9318,0.03335,-46.3297,68.0879,-72.0879,83.6923,-24.8352,12.5000,-45.5990,69.1278,-71.0185,85.9735,-24.6112,13.5922,-45.5990,69.1278,-71.0185,85.9735,-24.6112,13.5922,0,50,350,0,0,150,0
733,1786707974.961,1786707974.9659,0.03342,-46.3297,68.0000,-71.1209,83.7802,-24.9231,12.4339,-46.1919,68.7594,-70.9144,85.1352,-24.8037,13.6800,-46.1919,68.7594,-70.9144,85.1352,-24.8037,13.6800,0,0,300,50,0,0,0
734,1786707974.9943,1786707974.999,0.03336,-46.2418,67.9121,-70.8571,84.3956,-24.9231,12.8307,-46.8697,68.6348,-71.4475,84.7576,-24.9711,13.6740,-46.8697,68.6348,-71.4475,84.7576,-24.9711,13.6740,50,-50,100,150,-50,200,0
735,1786707975.0277,1786707975.0323,0.03336,-46.2418,68.1758,-71.2967,84.3956,-24.9231,13.1614,-45.7014,67.8459,-68.4360,84.4274,-22.3832,13.5721,-45.7014,67.8459,-68.4360,84.4274,-22.3832,13.5721,0,100,-150,0,0,200,0
736,1786707975.0611,1786707975.0658,0.03342,-46.2418,68.2637,-71.4725,84.4835,-24.9231,13.2275,-44.5425,67.8354,-70.5298,85.8297,-20.5860,13.7360,-44.5425,67.8354,-70.5298,85.8297,-20.5860,13.7360,0,0,-100,50,0,50,0
737,1786707975.0945,1786707975.0987,0.03338,-46.2418,68.0879,-71.0330,84.4835,-24.3956,13.2275,-44.5163,69.2778,-72.1121,86.5260,-20.9880,14.4588,-44.5163,69.2778,-72.1121,86.5260,-20.9880,14.4588,0,-50,150,0,50,0,0
738,1786707975.1279,1786707975.1325,0.03344,-45.7143,68.0000,-70.3297,84.5714,-22.9011,13.2275,-44.6012,71.3406,-72.6565,86.7776,-21.8401,14.6828,-44.6012,71.3406,-72.6565,86.7776,-21.8401,14.6828,150,0,200,0,550,0,0
739,1786707975.1612,1786707975.1661,0.03334,-45.5385,68.3516,-70.6813,85.2747,-22.1978,13.6905,-45.3637,69.5651,-69.0223,85.7517,-23.3298,15.8946,-45.3637,69.5651,-69.0223,85.7517,-23.3298,15.8946,50,0,0,250,200,200,0
740,1786707975.1946,1786707975.1994,0.03338,-45.5385,69.3187,-71.8242,85.6264,-22.3736,14.0873,-44.9086,69.0305,-72.4165,87.7917,-23.2411,14.9418,-44.9086,69.0305,-72.4165,87.7917,-23.2411,14.9418,0,400,-400,100,-50,150,0
741,1786707975.228,1786707975.2328,0.03337,-45.6264,69.6703,-72.1758,85.5385,-22.7253,14.6825,-45.6527,70.0579,-71.2536,85.5038,-23.1320,14.1298,-45.6527,70.0579,-71.2536,85.5038,-23.1320,14.1298,-50,100,0,0,-100,300,0
742,1786707975.2614,1786707975.2664,0.03344,-45.6264,69.2308,-72.1758,85.7143,-22.9011,14.9471,-45.6804,68.3078,-69.5796,85.3249,-23.5851,13.4095,-45.6804,68.3078,-69.5796,85.3249,-23.5851,13.4095,0,-200,0,50,-50,200,0
743,1786707975.2948,1786707975.2995,0.03341,-45.5385,69.1429,-72.1758,86.1538,-22.9011,14.4841,-45.5269,69.8189,-71.3481,83.5275,-24.0847,14.6623,-45.5269,69.8189,-71.3481,83.5275,-24.0847,14.6623,0,0,0,100,0,-250,0
744,1786707975.3282,1786707975.3328,0.03333,-45.5385,69.3187,-71.3846,85.7143,-23.1648,13.9550,-45.4042,68.2069,-69.4429,84.9573,-23.0000,14.8261,-45.4042,68.2069,-69.4429,84.9573,-23.0000,14.8261,0,50,300,-100,-100,-200,0
745,1786707975.3615,1786707975.3663,0.03337,-45.6264,69.3187,-71.2088,84.9231,-23.5165,14.0873,-46.9810,69.1886,-69.6566,84.7004,-23.8143,14.9237,-46.9810,69.1886,-69.6566,84.7004,-23.8143,14.9237,0,0,150,-250,-100,0,0
746,1786707975.3949,1786707975.3996,0.03339,-45.6264,68.9670,-71.2088,84.6593,-23.4286,14.4841,-47.1797,67.1356,-71.3758,83.4455,-22.5279,15.1641,-47.1797,67.1356,-71.3758,83.4455,-22.5279,15.1641,0,-50,-50,-50,0,150,0
747,1786707975.4283,1786707975.4329,0.03341,-45.7143,68.7033,-70.7692,84.6593,-23.5165,14.6164,-47.0533,67.3983,-69.7895,83.5176,-22.9857,15.3117,-47.0533,67.3983,-69.7895,83.5176,-22.9857,15.3117,0,-100,150,0,-50,0,0
748,1786707975.4617,1786707975.4663,0.03338,-46.0659,68.6154,-71.1209,84.4835,-23.4286,14.8148,-47.7320,67.3940,-68.6726,84.4315,-21.8822,14.8755,-47.7320,67.3940,-68.6726,84.4315,-21.8822,14.8755,-150,0,-50,0,0,150,0
749,1786707975.4951,1786707975.4998,0.03338,-46.3297,68.4396,-71.2967,83.9560,-23.1648,14.8810,-47.5387,67.3381,-69.8244,84.2408,-21.4497,15.3364,-47.5387,67.3381,-69.8244,84.2408,-21.4497,15.3364,-50,-50,-100,-200,200,50,0
750,1786707975.5285,1786707975.6423,0.0334,-46.5934,67.9121,-70.5055,83.8681,-22.9011,14.9471,-44.7150,64.7648,-69.7914,84.4062,-20.8788,16.0097,-44.7150,64.7648,-69.7914,84.4062,-20.8788,16.0097,-100,-150,350,-50,50,50,1
751,1786707975.6435,1786707975.6486,0.11499,-46.5934,67.8242,-70.3297,83.8681,-21.9341,15.0794,-45.2425,64.6832,-68.9796,83.3608,-22.1548,15.7853,-45.2425,64.6832,-68.9796,83.3608,-22.1548,15.7853,0,0,0,0,100,0,1
752,1786707975.6768,1786707975.6815,0.03328,-46.5934,67.8242,-70.3297,83.8681,-21.9341,15.0794,-46.0006,65.0631,-68.2939,81.3266,-21.2482,15.7032,-46.0006,65.0631,-68.2939,81.3266,-21.2482,15.7032,0,0,0,0,0,0,0
753,1786707975.7102,1786707975.7148,0.03343,-46.4176,66.9451,-69.9780,83.6923,-22.0220,15.2778,-45.8160,63.0077,-65.1986,80.6409,-20.9219,15.5622,-45.8160,63.0077,-65.1986,80.6409,-20.9219,15.5622,100,-200,150,-150,0,50,0
754,1786707975.7435,1786707975.748,0.0333,-46.1538,65.9780,-69.3626,82.9011,-21.8462,15.3439,-46.5980,61.8619,-62.8993,80.4808,-18.5784,15.6989,-46.5980,61.8619,-62.8993,80.4808,-18.5784,15.6989,50,-350,200,-200,50,100,0
755,1786707975.7769,1786707975.7811,0.03338,-45.9780,65.1868,-68.3956,81.8462,-21.4066,15.3439,-46.9251,62.4926,-63.9442,81.3899,-19.7113,15.9888,-46.9251,62.4926,-63.9442,81.3899,-19.7113,15.9888,50,-300,250,-400,150,0,0
756,1786707975.8103,1786707975.8151,0.03349,-46.0659,63.9560,-66.3736,81.2308,-20.7033,15.3439,-46.4037,63.0309,-64.1551,83.0060,-17.7913,15.2126,-46.4037,63.0309,-64.1551,83.0060,-17.7913,15.2126,0,-450,700,-150,150,0,0
757,1786707975.8437,1786707975.8483,0.03333,-46.2418,63.4286,-65.1429,81.1429,-19.8242,15.5423,-46.0767,62.8361,-64.8811,82.6986,-20.6659,15.6989,-46.0767,62.8361,-64.8811,82.6986,-20.6659,15.6989,-50,-150,350,0,300,100,0
758,1786707975.8771,1786707975.8814,0.0334,-46.2418,63.4286,-65.2308,81.5824,-19.1209,15.4762,-45.0200,65.2508,-66.2561,81.0837,-20.1762,16.1018,-45.0200,65.2508,-66.2561,81.0837,-20.1762,16.1018,0,0,0,150,200,0,0
759,1786707975.9104,1786707975.915,0.03333,-46.2418,63.4286,-65.4945,81.7582,-19.2088,15.5423,-45.7189,64.1780,-67.0899,81.9666,-21.5275,16.0054,-45.7189,64.1780,-67.0899,81.9666,-21.5275,16.0054,0,0,-100,0,50,50,0
760,1786707975.9438,1786707975.9485,0.03342,-46.2418,63.6923,-65.8462,81.4945,-19.8242,15.7407,-45.3331,63.8231,-65.8020,81.7275,-20.7380,16.1124,-45.3331,63.8231,-65.8020,81.7275,-20.7380,16.1124,0,0,-150,-50,-250,100,0
761,1786707975.9772,1786707975.9818,0.03338,-46.1538,64.1319,-66.4615,81.4945,-20.5275,15.8069,-46.4730,65.8153,-67.3688,81.5263,-20.9459,16.2812,-46.4730,65.8153,-67.3688,81.5263,-20.9459,16.2812,50,100,-300,0,-250,50,0
762,1786707976.0106,1786707976.0153,0.03338,-45.9780,64.0440,-66.2857,81.5824,-20.7912,15.8069,-44.8518,63.6001,-67.8564,83.3646,-22.1453,16.2486,-44.8518,63.6001,-67.8564,83.3646,-22.1453,16.2486,50,-50,50,0,-200,0,0
763,1786707976.044,1786707976.0485,0.03338,-45.9780,64.0440,-66.4615,81.5824,-20.7912,15.8730,-46.5394,64.7806,-67.4281,83.0303,-19.5813,15.9990,-46.5394,64.7806,-67.4281,83.0303,-19.5813,15.9990,0,0,-50,0,0,50,0
764,1786707976.0773,1786707976.0815,0.03338,-46.0659,64.4835,-67.1648,81.9341,-21.3187,15.9392,-45.3245,63.6450,-67.5476,84.2198,-20.6728,15.7181,-45.3245,63.6450,-67.5476,84.2198,-20.6728,15.7181,0,150,-300,100,-250,0,0
765,1786707976.1108,1786707976.1153,0.03342,-45.9780,64.5714,-67.1648,82.3736,-21.4066,15.9392,-44.9241,65.5270,-69.8983,84.8582,-20.1564,16.0328,-44.9241,65.5270,-69.8983,84.8582,-20.1564,16.0328,0,50,0,150,-100,0,0
766,1786707976.1442,1786707976.1484,0.0334,-45.8901,64.3077,-67.3407,82.7253,-21.0549,15.9392,-47.1527,66.4581,-72.1713,86.2531,-19.4787,15.6704,-47.1527,66.4581,-72.1713,86.2531,-19.4787,15.6704,50,-50,-50,50,100,0,0
767,1786707976.1775,1786707976.1821,0.03337,-45.8022,64.4835,-68.1319,83.4286,-20.7033,15.9392,-45.8449,65.7420,-71.7171,86.0347,-20.3127,15.9539,-45.8449,65.7420,-71.7171,86.0347,-20.3127,15.9539,50,50,-250,300,100,0,0
768,1786707976.2109,1786707976.2155,0.03338,-45.8901,65.4505,-69.8901,84.3077,-20.3516,15.8730,-45.5793,65.9758,-72.4666,87.0941,-21.6301,15.7220,-45.5793,65.9758,-72.4666,87.0941,-21.6301,15.7220,0,300,-650,300,150,-50,0
769,1786707976.2443,1786707976.249,0.0334,-46.3297,65.7143,-70.7692,84.7473,-20.3516,15.8069,-45.3282,65.4554,-72.8542,86.2158,-21.3555,15.8909,-45.3282,65.4554,-72.8542,86.2158,-21.3555,15.8909,-150,200,-250,200,0,-50,0
770,1786707976.2777,1786707976.2823,0.03335,-46.3297,65.7143,-71.1209,85.2747,-20.8791,15.8069,-46.0836,65.7993,-71.2150,84.6324,-21.3579,15.9598,-46.0836,65.7993,-71.2150,84.6324,-21.3579,15.9598,0,0,-100,200,-200,0,0
771,1786707976.311,1786707976.3156,0.03339,-46.0659,65.7143,-71.6484,85.5385,-21.0549,15.8069,-44.9457,64.4673,-70.4759,85.7016,-22.0676,16.0448,-44.9457,64.4673,-70.4759,85.7016,-22.0676,16.0448,150,0,-150,50,-150,0,0
772,1786707976.3444,1786707976.3486,0.03338,-45.9780,65.7143,-71.4725,85.1868,-21.1429,15.8069,-44.6258,65.7950,-70.2825,84.2467,-22.8641,16.4937,-44.6258,65.7950,-70.2825,84.2467,-22.8641,16.4937,50,0,50,-150,-50,0,0
773,1786707976.3778,1786707976.382,0.03342,-45.9780,65.4505,-70.9451,84.9231,-21.5824,15.8069,-45.3604,66.9854,-68.8021,83.1202,-22.9173,16.0378,-45.3604,66.9854,-68.8021,83.1202,-22.9173,16.0378,0,-50,200,-100,-150,0,0
774,1786707976.4112,1786707976.4153,0.03336,-45.7143,65.5385,-70.9451,85.0989,-22.1978,15.9392,-44.7203,65.7072,-71.0129,83.5569,-23.0261,16.0476,-44.7203,65.7072,-71.0129,83.5569,-23.0261,16.0476,100,50,50,50,-200,100,0
775,1786707976.4446,1786707976.449,0.03339,-45.6264,65.9780,-70.4176,84.5714,-22.4615,15.8730,-45.5408,65.0247,-69.1187,85.2262,-22.8361,16.4480,-45.5408,65.0247,-69.1187,85.2262,-22.8361,16.4480,50,100,250,-200,-100,-50,0
776,1786707976.478,1786707976.4823,0.03337,-45.6264,65.9780,-70.0659,84.0440,-22.5495,15.8730,-44.7182,65.3462,-70.2153,86.0644,-23.5195,15.5373,-44.7182,65.3462,-70.2153,86.0644,-23.5195,15.5373,0,-50,200,-300,-50,0,0
777,1786707976.5113,1786707976.5155,0.03339,-45.6264,65.8901,-70.0659,84.3077,-22.6374,15.9392,-44.8563,65.6584,-68.3625,84.7490,-21.9407,16.1558,-44.8563,65.6584,-68.3625,84.7490,-21.9407,16.1558,0,-50,0,100,-50,0,0
778,1786707976.5447,1786707976.5488,0.03336,-45.6264,65.8022,-69.9780,84.8352,-22.9011,15.7407,-44.4021,66.1960,-66.1492,83.3267,-24.1875,16.2717,-44.4021,66.1960,-66.1492,83.3267,-24.1875,16.2717,0,0,0,150,-150,-150,0
779,1786707976.5782,1786707976.5823,0.03345,-45.5385,65.8022,-70.0659,84.6593,-22.8132,15.7407,-45.2387,67.1748,-69.3661,83.5845,-23.2267,16.2907,-45.2387,67.1748,-69.3661,83.5845,-23.2267,16.2907,0,0,0,-50,50,0,0
780,1786707976.6115,1786707976.6156,0.03334,-45.4505,65.5385,-69.0110,84.0440,-22.5495,16.0053,-45.2086,65.6383,-66.2715,83.0245,-24.4593,15.9711,-45.2086,65.6383,-66.2715,83.0245,-24.4593,15.9711,0,-100,300,-250,0,100,0
781,1786707976.6449,1786707976.6492,0.03339,-45.4505,65.9780,-67.9560,83.7802,-22.9890,16.0053,-46.3084,65.3320,-67.0488,82.9106,-24.7297,16.1851,-46.3084,65.3320,-67.0488,82.9106,-24.7297,16.1851,0,200,350,0,-150,0,0
782,1786707976.6783,1786707976.6826,0.03342,-45.5385,66.0659,-67.6923,83.5165,-23.5165,15.9392,-46.4023,68.7185,-67.8160,83.3731,-25.5978,10.2721,-46.4023,68.7185,-67.8160,83.3731,-25.5978,10.2721,-50,50,50,-50,-200,-50,0
783,1786707976.7116,1786707976.7158,0.03332,-45.6264,65.9780,-67.6923,83.4286,-24.1319,15.9392,-45.7418,66.3601,-68.9253,83.0564,-24.8614,7.5196,-45.7418,66.3601,-68.9253,83.0564,-24.8614,7.5196,0,-50,0,-50,-150,0,0
784,1786707976.745,1786707976.7493,0.03341,-45.7143,65.9780,-67.9560,83.4286,-24.6593,15.5423,-44.9890,68.2104,-71.3058,82.8317,-26.5959,9.3803,-44.9890,68.2104,-71.3058,82.8317,-26.5959,9.3803,-50,0,-100,0,-150,-200,0
785,1786707976.7784,1786707976.7826,0.03336,-45.8022,66.7692,-68.4835,83.4286,-24.7473,13.9550,-46.3986,69.6921,-70.3610,83.9255,-26.1218,10.8478,-46.3986,69.6921,-70.3610,83.9255,-26.1218,10.8478,0,200,-250,0,-50,-500,0
786,1786707976.8118,1786707976.816,0.03342,-45.8022,67.3846,-69.5385,83.3407,-25.0989,11.7063,-45.8979,67.6210,-68.6250,84.3472,-25.1368,8.0343,-45.8979,67.6210,-68.6250,84.3472,-25.1368,8.0343,0,200,-350,0,-200,-1050,0
787,1786707976.8452,1786707976.8494,0.03335,-45.8022,68.0000,-70.3297,83.3407,-25.8022,10.5159,-46.0743,66.6867,-69.5715,84.0270,-26.6846,5.8706,-46.0743,66.6867,-69.5715,84.0270,-26.6846,5.8706,0,200,-300,0,-350,-550,0
788,1786707976.8786,1786707976.883,0.03342,-45.8022,68.2637,-69.8901,83.6044,-25.4505,9.5899,-45.4153,67.4685,-69.4516,84.5356,-25.9859,5.2921,-45.4153,67.4685,-69.4516,84.5356,-25.9859,5.2921,0,0,250,100,150,-400,0
789,1786707976.912,1786707976.9163,0.03337,-45.8022,67.6484,-69.5385,83.6044,-25.6264,8.5317,-46.4297,69.9840,-67.3148,83.3102,-24.4358,6.6754,-46.4297,69.9840,-67.3148,83.3102,-24.4358,6.6754,0,-250,150,0,-100,-400,0
790,1786707976.9453,1786707976.9496,0.03337,-45.8022,67.4725,-69.8022,83.7802,-26.1538,7.0767,-46.0104,68.4073,-69.2829,82.3745,-27.0085,7.2446,-46.0104,68.4073,-69.2829,82.3745,-27.0085,7.2446,0,-100,-100,100,-250,-650,0
791,1786707976.9787,1786707976.984,0.03337,-45.8901,68.0000,-69.2747,83.5165,-25.6264,6.6138,-44.9931,70.6969,-71.0903,82.1486,-27.3781,9.0554,-44.9931,70.6969,-71.0903,82.1486,-27.3781,9.0554,-50,300,200,0,200,-100,0
792,1786707977.0121,1786707977.0163,0.03345,-45.8901,68.5275,-68.8352,82.9011,-25.1868,6.9444,-45.0864,71.1092,-73.9150,81.4947,-27.7365,9.0843,-45.0864,71.1092,-73.9150,81.4947,-27.7365,9.0843,0,250,250,-200,50,100,0
793,1786707977.0455,1786707977.0496,0.03332,-45.8901,68.7912,-69.4505,82.8132,-25.8901,7.7381,-45.6873,71.4373,-74.7029,83.4640,-26.3142,7.8972,-45.6873,71.4373,-74.7029,83.4640,-26.3142,7.8972,0,50,-200,0,-100,350,0
794,1786707977.0788,1786707977.0833,0.03337,-45.8022,69.5824,-71.2088,82.4615,-26.8571,8.2672,-46.9974,70.7761,-75.6977,83.3443,-26.0692,6.0265,-46.9974,70.7761,-75.6977,83.3443,-26.0692,6.0265,50,250,-650,-250,-300,200,0
795,1786707977.1123,1786707977.1165,0.03345,-45.6264,70.1099,-72.9670,82.3736,-26.7692,8.2011,-45.3900,70.3549,-74.7441,83.1334,-27.5903,6.4234,-45.3900,70.3549,-74.7441,83.1334,-27.5903,6.4234,50,250,-650,-100,100,0,0
796,1786707977.1456,1786707977.1497,0.03333,-45.8901,70.3736,-74.1099,82.8132,-26.5055,7.2090,-46.6820,71.5646,-75.2584,83.4921,-28.1547,7.4060,-46.6820,71.5646,-75.2584,83.4921,-28.1547,7.4060,50,150,-450,150,150,-500,0
797,1786707977.179,1786707977.1831,0.03337,-46.1538,70.4615,-74.1978,82.8132,-26.7692,6.6799,-48.8914,71.4366,-74.0382,83.4869,-27.1784,9.6532,-48.8914,71.4366,-74.0382,83.4869,-27.1784,9.6532,-50,0,0,0,-100,-150,0
798,1786707977.2124,1786707977.2165,0.0334,-46.2418,70.6374,-74.6374,82.9011,-27.3846,7.0767,-47.5903,72.9961,-75.0296,82.7977,-26.0508,9.9265,-47.5903,72.9961,-75.0296,82.7977,-26.0508,9.9265,-50,50,-100,0,-200,50,0
799,1786707977.2458,1786707977.25,0.03338,-46.7692,70.8132,-74.5495,82.9890,-27.2967,7.9365,-46.4811,72.7753,-77.6521,81.8586,-27.2794,11.8603,-46.4811,72.7753,-77.6521,81.8586,-27.2794,11.8603,-100,50,0,0,-50,400,0
800,1786707977.2792,1786707977.3933,0.03338,-47.1209,71.3407,-74.7253,82.8132,-26.5934,8.7963,-44.6812,67.4835,-71.0610,84.4279,-26.6635,12.8767,-44.6812,67.4835,-71.0610,84.4279,-26.6635,12.8767,-100,200,-50,-50,250,350,1
801,1786707977.3944,1786707977.3991,0.11529,-46.7692,72.3956,-77.1868,82.1978,-27.1209,11.0450,-44.8028,69.2579,-72.2393,84.9696,-26.2474,11.1075,-44.8028,69.2579,-72.2393,84.9696,-26.2474,11.1075,50,100,-100,0,0,150,1
802,1786707977.4277,1786707977.4321,0.03328,-46.6813,72.4835,-77.2747,82.1978,-27.1209,11.3095,-42.9648,69.5724,-75.1373,84.7163,-25.7292,7.9049,-42.9648,69.5724,-75.1373,84.7163,-25.7292,7.9049,0,50,-50,0,0,150,0
803,1786707977.4612,1786707977.4655,0.03343,-46.3297,71.6923,-76.7473,82.6374,-26.9451,11.2434,-42.8394,70.3874,-75.3221,84.2049,-26.5509,5.9698,-42.8394,70.3874,-75.3221,84.2049,-26.5509,5.9698,0,-200,150,150,50,-50,0
804,1786707977.4945,1786707977.4989,0.03331,-45.4505,70.6374,-75.7802,83.4286,-26.5055,10.1852,-43.4729,69.4404,-72.4407,84.1875,-24.6009,9.9880,-43.4729,69.4404,-72.4407,84.1875,-24.6009,9.9880,300,-400,300,350,150,-200,0
805,1786707977.5279,1786707977.5323,0.03341,-44.9231,70.5495,-75.8681,83.4286,-26.5934,8.4656,-43.3965,69.6199,-72.5848,84.9230,-25.5650,12.2807,-43.3965,69.6199,-72.5848,84.9230,-25.5650,12.2807,150,-50,50,50,-50,-800,0
806,1786707977.5613,1786707977.5656,0.03344,-44.4835,70.4615,-75.8681,83.4286,-26.1538,7.5397,-44.4674,68.7948,-73.6042,87.4014,-23.4729,12.5165,-44.4674,68.7948,-73.6042,87.4014,-23.4729,12.5165,150,0,0,0,100,-450,0
807,1786707977.5946,1786707977.5988,0.0333,-44.3956,69.8462,-74.8132,83.6044,-25.4505,7.4735,-43.5164,67.6564,-74.4224,86.5410,-23.8760,11.9744,-43.5164,67.6564,-74.4224,86.5410,-23.8760,11.9744,50,-250,400,100,250,50,0
808,1786707977.628,1786707977.6323,0.03341,-44.3956,69.4945,-74.3736,84.3956,-25.0110,8.7963,-43.4133,68.0981,-73.8840,86.3461,-22.6310,11.8787,-43.4133,68.0981,-73.8840,86.3461,-22.6310,11.8787,0,-50,250,250,200,550,0
809,1786707977.6614,1786707977.6658,0.03337,-44.3956,68.8791,-74.7253,85.3626,-24.6593,10.5159,-43.1407,65.5487,-71.6942,84.6807,-23.1436,9.7571,-43.1407,65.5487,-71.6942,84.6807,-23.1436,9.7571,0,-150,-150,350,200,800,0
810,1786707977.6948,1786707977.6991,0.03342,-44.1319,68.7033,-74.6374,85.3626,-24.3956,11.1111,-43.9099,66.2931,-70.5441,84.6555,-20.9023,11.0928,-43.9099,66.2931,-70.5441,84.6555,-20.9023,11.0928,50,0,50,0,50,150,0
811,1786707977.7282,1786707977.7326,0.03338,-44.0440,67.9121,-73.6703,84.9231,-23.8681,10.9127,-42.1952,66.8045,-73.4535,85.1595,-20.9958,11.5863,-42.1952,66.8045,-73.4535,85.1595,-20.9958,11.5863,50,-300,250,-150,150,0,0
812,1786707977.7616,1786707977.7659,0.03337,-44.1319,67.1209,-72.5275,84.7473,-23.4286,10.2513,-44.1115,68.5858,-71.3746,84.8665,-21.2829,12.1759,-44.1115,68.5858,-71.3746,84.8665,-21.2829,12.1759,0,-350,450,-100,100,-300,0
813,1786707977.795,1786707977.7993,0.03343,-43.8681,67.2088,-72.5275,84.7473,-22.4615,10.2513,-44.0427,67.6685,-70.5583,85.8433,-21.9813,12.3442,-44.0427,67.6685,-70.5583,85.8433,-21.9813,12.3442,50,50,-100,0,350,100,0
814,1786707977.8283,1786707977.8325,0.03333,-43.6044,67.7363,-73.1429,84.7473,-22.1978,11.1772,-43.9337,68.4036,-72.7459,86.4160,-22.5489,12.0853,-43.9337,68.4036,-72.7459,86.4160,-22.5489,12.0853,50,200,-250,0,50,450,0
815,1786707977.8617,1786707977.866,0.03339,-43.6044,67.6484,-72.8791,85.0110,-22.3736,11.5741,-43.2731,69.5090,-73.8260,85.0378,-21.7767,11.9653,-43.2731,69.5090,-73.8260,85.0378,-21.7767,11.9653,0,0,50,100,-50,150,0
816,1786707977.8951,1786707977.8994,0.03342,-43.6044,67.7363,-72.0879,85.1868,-22.3736,11.5741,-43.6166,69.1252,-71.5035,84.1931,-22.7064,10.1802,-43.6166,69.1252,-71.5035,84.1931,-22.7064,10.1802,0,0,250,50,0,0,0
817,1786707977.9285,1786707977.933,0.03337,-43.6044,68.4396,-72.3516,85.1868,-22.2857,11.5741,-44.0654,69.5994,-73.0148,84.6180,-21.7879,3.6218,-44.0654,69.5994,-73.0148,84.6180,-21.7879,3.6218,0,250,0,0,50,0,0
818,1786707977.9619,1786707977.9663,0.03337,-43.6044,68.7033,-72.8791,84.8352,-22.3736,11.2434,-44.8431,69.7743,-72.6852,84.5368,-21.4959,1.5285,-44.8431,69.7743,-72.6852,84.5368,-21.4959,1.5285,0,150,-250,-100,-50,-100,0
819,1786707977.9953,1786707978.0009,0.03341,-43.6923,68.7912,-72.8791,84.6593,-22.2857,9.7222,-43.7039,70.2339,-74.5188,85.7972,-20.7822,2.9060,-43.7039,70.2339,-74.5188,85.7972,-20.7822,2.9060,0,50,0,0,50,-850,0
820,1786707978.0287,1786707978.033,0.03339,-44.0440,69.1429,-72.8791,84.6593,-21.9341,7.0106,-43.1049,68.3810,-69.7184,84.1691,-21.7953,3.0145,-43.1049,68.3810,-69.7184,84.1691,-21.7953,3.0145,-100,150,0,0,100,-1150,0
821,1786707978.062,1786707978.067,0.03336,-44.0440,69.4066,-73.4066,84.8352,-21.4945,4.8280,-44.2289,69.7172,-70.5063,85.2211,-24.0717,2.8196,-44.2289,69.7172,-70.5063,85.2211,-24.0717,2.8196,0,100,-150,0,100,-1050,0
822,1786707978.0955,1786707978.1,0.03343,-43.8681,69.4066,-73.8462,85.0110,-21.6703,3.7698,-44.3196,66.2733,-70.1088,85.3722,-23.6526,1.7649,-44.3196,66.2733,-70.1088,85.3722,-23.6526,1.7649,0,100,-150,50,0,-400,0
823,1786707978.1288,1786707978.1331,0.03334,-43.7802,68.8791,-73.1429,84.8352,-22.5495,3.6376,-44.6299,72.2530,-70.6933,85.7947,-22.4339,2.7759,-44.6299,72.2530,-70.6933,85.7947,-22.4339,2.7759,50,-200,50,0,-350,-100,0
824,1786707978.1622,1786707978.167,0.03341,-43.8681,68.4396,-71.9121,84.8352,-23.0769,3.2407,-45.2328,69.6434,-72.1297,85.7015,-22.6161,2.1993,-45.2328,69.6434,-72.1297,85.7015,-22.6161,2.1993,-50,-100,450,0,-300,-150,0
825,1786707978.1957,1786707978.2,0.03346,-43.9560,68.2637,-71.7363,84.9231,-22.7253,2.7778,-45.1589,70.0181,-72.5226,84.2228,-22.1524,2.4680,-45.1589,70.0181,-72.5226,84.2228,-22.1524,2.4680,0,-100,50,50,100,-200,0
826,1786707978.2291,1786707978.234,0.03339,-44.1319,68.7912,-72.2637,85.0110,-22.6374,2.7778,-45.7456,68.8732,-71.0203,86.3361,-20.9118,2.7637,-45.7456,68.8732,-71.0203,86.3361,-20.9118,2.7637,-100,200,-150,0,0,0,0
827,1786707978.2624,1786707978.2672,0.03335,-44.2198,69.1429,-72.4396,84.7473,-22.6374,2.7778,-45.7983,64.6984,-71.5125,86.8595,-19.5594,2.7341,-45.7983,64.6984,-71.5125,86.8595,-19.5594,2.7341,0,100,-100,0,0,0,0
828,1786707978.2958,1786707978.3003,0.03342,-44.3956,68.9670,-72.2637,84.6593,-21.9341,2.7778,-46.9611,65.2946,-72.4934,88.0702,-23.2280,2.6514,-46.9611,65.2946,-72.4934,88.0702,-23.2280,2.6514,-50,0,50,0,150,0,0
829,1786707978.3292,1786707978.3335,0.03336,-44.5714,68.2637,-72.0879,85.3626,-20.9670,2.7778,-46.2590,65.4582,-75.3250,91.0163,-21.9866,2.3812,-46.2590,65.4582,-75.3250,91.0163,-21.9866,2.3812,0,-100,0,350,350,0,0
830,1786707978.3626,1786707978.3671,0.03338,-45.0110,66.7692,-72.4396,86.3297,-20.9670,2.7778,-46.0239,64.5019,-72.1644,90.5611,-21.6316,2.2461,-46.0239,64.5019,-72.1644,90.5611,-21.6316,2.2461,-150,-500,-150,350,150,0,0
831,1786707978.396,1786707978.4002,0.03338,-45.2747,66.5055,-72.9670,87.4725,-21.5824,2.7116,-44.6534,62.8248,-73.9192,88.9694,-20.6642,2.1925,-44.6534,62.8248,-73.9192,88.9694,-20.6642,2.1925,-150,-200,-150,350,-200,0,0
832,1786707978.4293,1786707978.4335,0.03337,-45.5385,66.3297,-73.8462,88.5275,-21.5824,2.5132,-44.8809,63.5222,-74.0237,87.1639,-20.4889,2.3752,-44.8809,63.5222,-74.0237,87.1639,-20.4889,2.3752,-100,0,-250,350,-50,-100,0
833,1786707978.4627,1786707978.4673,0.03339,-45.4505,65.6264,-73.4945,88.5275,-21.2308,2.5132,-44.2406,63.7791,-76.7031,90.9308,-18.2057,2.5472,-44.2406,63.7791,-76.7031,90.9308,-18.2057,2.5472,0,-300,50,100,100,0,0
834,1786707978.4961,1786707978.501,0.03342,-45.3626,65.4505,-73.4945,88.0879,-20.9670,2.5132,-44.6507,63.8414,-78.6867,90.8131,-20.8084,2.2219,-44.6507,63.8414,-78.6867,90.8131,-20.8084,2.2219,50,0,0,-100,100,0,0
835,1786707978.5295,1786707978.5338,0.03336,-45.0989,65.4505,-73.9341,87.8242,-20.2637,2.5132,-43.7622,59.3537,-74.6606,90.5656,-18.4092,1.8499,-43.7622,59.3537,-74.6606,90.5656,-18.4092,1.8499,100,0,-250,0,250,0,0
836,1786707978.5629,1786707978.5677,0.03341,-45.0989,65.5385,-75.3407,88.9670,-19.3846,2.5132,-42.6612,58.6967,-76.4880,91.4487,-19.1977,2.0955,-42.6612,58.6967,-76.4880,91.4487,-19.1977,2.0955,0,50,-450,300,300,0,0
837,1786707978.5963,1786707978.6008,0.03338,-44.7473,65.5385,-75.8681,89.8462,-19.2088,2.3810,-43.6580,58.6989,-71.6803,88.8129,-18.3684,3.8360,-43.6580,58.6989,-71.6803,88.8129,-18.3684,3.8360,150,0,-200,300,50,-100,0
838,1786707978.6297,1786707978.634,0.03337,-44.2198,64.6593,-75.4286,90.3736,-19.2088,2.3810,-44.8977,58.2275,-73.0905,90.0134,-17.4699,7.6761,-44.8977,58.2275,-73.0905,90.0134,-17.4699,7.6761,200,-300,200,200,0,0,0
839,1786707978.663,1786707978.6673,0.03337,-43.8681,63.7802,-74.3736,90.4615,-18.9451,2.6455,-43.0814,60.3437,-72.6797,89.1669,-18.6892,11.5203,-43.0814,60.3437,-72.6797,89.1669,-18.6892,11.5203,150,-300,300,150,150,0,0
840,1786707978.6964,1786707978.7006,0.0334,-43.8681,62.8132,-72.8791,90.1099,-18.4176,3.9683,-42.8706,60.1953,-71.7042,88.6531,-18.7019,13.2493,-42.8706,60.1953,-71.7042,88.6531,-18.7019,13.2493,0,-300,550,-150,200,650,0
841,1786707978.7298,1786707978.734,0.03337,-43.8681,62.8132,-72.5275,89.7582,-18.5055,6.4153,-44.3226,62.2309,-74.0151,90.7143,-18.6864,15.4488,-44.3226,62.2309,-74.0151,90.7143,-18.6864,15.4488,0,-100,50,-100,-50,1150,0
842,1786707978.7632,1786707978.7675,0.03338,-43.8681,62.9011,-72.2637,89.4066,-18.5934,8.9286,-43.1353,60.1325,-72.5089,90.7374,-18.3395,16.4069,-43.1353,60.1325,-72.5089,90.7374,-18.3395,16.4069,50,50,50,-200,0,1250,0
843,1786707978.7966,1786707978.8011,0.03338,-43.9560,62.9890,-72.1758,89.6703,-18.5934,11.2434,-43.5810,61.2774,-74.7434,91.6265,-19.1895,17.7411,-43.5810,61.2774,-74.7434,91.6265,-19.1895,17.7411,-50,50,50,50,0,1050,0
844,1786707978.8299,1786707978.8343,0.03337,-43.8681,63.1648,-72.2637,90.2857,-18.5934,13.2937,-43.4999,62.2659,-74.0951,90.3315,-17.3720,17.7331,-43.4999,62.2659,-74.0951,90.3315,-17.3720,17.7331,0,100,0,150,0,850,0
845,1786707978.8633,1786707978.8678,0.0334,-43.6923,63.2527,-72.2637,90.7253,-18.6813,14.8810,-42.8689,61.4562,-73.3820,90.4404,-17.4074,16.1334,-42.8689,61.4562,-73.3820,90.4404,-17.4074,16.1334,50,50,0,150,-50,750,0
846,1786707978.8967,1786707978.901,0.03337,-43.6923,63.4286,-72.2637,90.7253,-18.5055,15.8069,-44.6277,59.9699,-73.0861,91.5245,-16.9592,16.1583,-44.6277,59.9699,-73.0861,91.5245,-16.9592,16.1583,0,50,0,0,0,400,0
847,1786707978.9302,1786707978.935,0.0335,-43.6044,63.4286,-72.2637,90.5495,-17.9780,15.8730,-43.7218,61.5174,-74.9098,90.5836,-17.0347,17.0232,-43.7218,61.5174,-74.9098,90.5836,-17.0347,17.0232,50,0,0,-50,150,-50,0
848,1786707978.9635,1786707978.9678,0.03328,-43.6923,63.4286,-72.2637,90.9890,-17.7143,15.7407,-44.1518,60.3684,-71.8818,91.3027,-16.9566,16.1581,-44.1518,60.3684,-71.8818,91.3027,-16.9566,16.1581,0,0,0,200,100,-100,0
849,1786707978.9969,1786707979.0015,0.03342,-43.9560,63.4286,-72.4396,90.9011,-17.5385,16.1376,-44.2268,60.1460,-68.9189,91.5332,-17.1819,16.3754,-44.2268,60.1460,-68.9189,91.5332,-17.1819,16.3754,-50,0,0,0,50,250,0
850,1786707979.0303,1786707979.1422,0.03337,-44.2198,63.4286,-72.6154,90.8132,-17.4505,16.1376,-46.5994,63.5160,-76.0225,90.8022,-19.2973,17.3485,-46.5994,63.5160,-76.0225,90.8022,-19.2973,17.3485,-100,0,-50,-50,50,-50,1
851,1786707979.1435,1786707979.1454,0.11317,-44.2198,62.8132,-69.6264,90.9890,-17.4505,16.0714,-43.9174,61.7741,-68.5158,90.8636,-17.9218,15.9837,-43.9174,61.7741,-68.5158,90.8636,-17.9218,15.9837,0,-50,200,0,-50,100,1
