step,t_obs,t_cmd,dt,pos_shoulder_pan,pos_shoulder_lift,pos_elbow_flex,pos_wrist_flex,pos_wrist_roll,pos_gripper,cmd_shoulder_pan,cmd_shoulder_lift,cmd_elbow_flex,cmd_wrist_flex,cmd_wrist_roll,cmd_gripper,sent_shoulder_pan,sent_shoulder_lift,sent_elbow_flex,sent_wrist_flex,sent_wrist_roll,sent_gripper,velraw_shoulder_pan,velraw_shoulder_lift,velraw_elbow_flex,velraw_wrist_flex,velraw_wrist_roll,velraw_gripper,chunk_start
0,1786977747.3697,1786977747.7173,2.04086,-0.5275,-106.4176,96.0879,77.7143,-83.9121,1.6534,-0.9786,-104.1032,93.3227,78.5652,-85.6419,1.3104,-0.9786,-104.1032,93.3227,78.5652,-85.6419,1.3104,0,0,0,0,0,0,1
1,1786977747.7184,1786977747.7235,0.34873,-0.5275,-106.4176,96.0879,77.7143,-83.9121,1.6534,-0.9423,-103.7687,94.2307,78.9104,-85.4431,1.0802,-0.9423,-103.7687,94.2307,78.9104,-85.4431,1.0802,0,0,0,0,0,0,1
2,1786977747.7518,1786977747.7566,0.03333,-0.5275,-106.4176,96.0879,77.7143,-83.9121,1.6534,-0.6271,-103.7554,92.6028,79.3911,-85.3185,1.1253,-0.6271,-103.7554,92.6028,79.3911,-85.3185,1.1253,0,0,0,0,0,0,0
3,1786977747.7852,1786977747.7895,0.03341,-0.6154,-106.1538,95.5604,78.2418,-84.5275,1.6534,-1.0950,-102.8578,92.7588,79.4756,-86.8698,1.0656,-1.0950,-102.8578,92.7588,79.4756,-86.8698,1.0656,0,100,-100,200,-150,0,0
4,1786977747.8185,1786977747.8228,0.03337,-0.6154,-105.4505,94.7692,78.7692,-84.8791,1.5873,-0.9499,-102.9466,91.9868,78.1225,-88.0203,1.0124,-0.9499,-102.9466,91.9868,78.1225,-88.0203,1.0124,0,200,-250,200,-150,-50,0
5,1786977747.852,1786977747.8565,0.03347,-0.7033,-104.6593,94.6813,78.9451,-85.5824,1.5873,-1.4404,-103.9671,91.7738,79.1598,-89.4302,0.9964,-1.4404,-103.9671,91.7738,79.1598,-89.4302,0.9964,-50,250,0,100,-250,0,0
6,1786977747.8854,1786977747.8896,0.03335,-0.7912,-104.1319,94.5055,78.5934,-86.7253,1.5873,-1.6124,-104.0492,92.3019,78.5313,-90.6822,1.0444,-1.6124,-104.0492,92.3019,78.5313,-90.6822,1.0444,0,200,-50,-100,-400,0,0
7,1786977747.9188,1786977747.9236,0.0334,-0.8791,-104.0440,94.2418,78.5934,-87.8681,1.5873,-1.5894,-102.8184,91.1752,78.4297,-90.2160,1.1046,-1.5894,-102.8184,91.1752,78.4297,-90.2160,1.1046,0,100,-100,-100,-350,0,0
8,1786977747.9522,1786977747.9563,0.0334,-1.1429,-104.3077,94.2418,78.6813,-89.0110,1.5873,-2.2777,-104.5870,92.4193,78.8449,-91.5554,1.1342,-2.2777,-104.5870,92.4193,78.8449,-91.5554,1.1342,-100,0,0,50,-400,0,0
9,1786977747.9857,1786977747.9912,0.03358,-1.3187,-103.9560,93.9780,78.6813,-89.2747,1.5873,-2.0041,-103.1830,91.8946,77.9880,-92.4322,1.1832,-2.0041,-103.1830,91.8946,77.9880,-92.4322,1.1832,-50,150,-50,0,-50,0,0
10,1786977748.019,1786977748.0232,0.03328,-1.6703,-103.8681,93.7143,78.6813,-90.1538,1.5873,-2.3935,-102.7086,90.8223,77.4394,-92.4732,1.0787,-2.3935,-102.7086,90.8223,77.4394,-92.4732,1.0787,-100,50,-100,0,-250,0,0
11,1786977748.0524,1786977748.0564,0.03336,-2.0220,-104.0440,93.8022,78.5934,-91.1209,1.5873,-2.7724,-103.2074,90.0941,77.9282,-93.5809,1.2226,-2.7724,-103.2074,90.0941,77.9282,-93.5809,1.2226,-100,-100,0,0,-300,0,0
12,1786977748.0858,1786977748.0904,0.03342,-2.0220,-103.6044,93.3626,78.2418,-91.6484,1.5873,-2.9126,-103.4793,88.8378,78.5459,-93.8960,1.1480,-2.9126,-103.4793,88.8378,78.5459,-93.8960,1.1480,-50,150,-50,-150,-200,0,0
13,1786977748.1191,1786977748.1235,0.03334,-2.0220,-103.6923,92.8352,78.2418,-92.3516,1.5873,-3.3062,-103.3920,86.8773,78.7168,-94.7309,1.2596,-3.3062,-103.3920,86.8773,78.7168,-94.7309,1.2596,0,50,-150,0,-200,0,0
14,1786977748.1525,1786977748.1568,0.03339,-2.4615,-103.7802,92.2198,78.4176,-93.0549,1.5873,-2.8792,-102.9278,84.5151,79.0063,-95.4678,0.9326,-2.8792,-102.9278,84.5151,79.0063,-95.4678,0.9326,-150,-50,-250,50,-200,0,0
15,1786977748.1859,1786977748.1902,0.03337,-2.9011,-103.6923,90.9890,78.5934,-93.7582,1.5873,-2.9185,-100.5191,81.7329,79.7469,-96.7901,0.9867,-2.9185,-100.5191,81.7329,79.7469,-96.7901,0.9867,-150,50,-350,100,-300,0,0
16,1786977748.2193,1786977748.2236,0.0334,-2.9890,-103.6044,89.3187,78.8571,-94.4615,1.5873,-3.2424,-100.2565,78.0774,80.3771,-99.4128,1.0673,-3.2424,-100.2565,79.0549,80.3771,-99.4128,1.0673,0,50,-550,100,-250,0,0
17,1786977748.2527,1786977748.257,0.03338,-2.8132,-102.9890,87.2088,79.2088,-95.3407,1.5873,-3.0106,-98.7999,77.0737,81.2913,-99.4547,1.2759,-3.0106,-98.7999,77.0737,81.2913,-99.4547,1.2759,100,150,-700,100,-300,0,0
18,1786977748.2861,1786977748.2902,0.03339,-2.8132,-101.9341,84.6593,79.8242,-96.8352,1.5873,-2.8620,-98.2167,74.8587,82.5178,-100.8645,0.9759,-2.8620,-98.2167,74.8587,82.5178,-100.8645,0.9759,-50,350,-850,200,-550,0,0
19,1786977748.3196,1786977748.3251,0.03356,-2.9890,-100.9670,82.4615,80.4396,-97.9780,1.5873,-1.8379,-95.6286,73.0144,81.7334,-101.6433,1.3184,-1.8379,-95.6286,73.0144,81.7334,-101.6433,1.3184,-50,250,-800,200,-450,0,0
20,1786977748.3529,1786977748.3571,0.03327,-3.0769,-100.0879,80.1758,81.2308,-99.0330,1.5873,-1.4441,-92.5704,70.4099,81.9581,-101.3488,0.9940,-1.4441,-92.5704,70.4099,81.9581,-101.3488,0.9940,0,350,-750,300,-350,0,0
21,1786977748.3863,1786977748.3905,0.03338,-2.9011,-98.9451,78.1538,81.4066,-100.0879,1.5873,0.0481,-91.3618,68.6924,82.1836,-101.7314,1.0204,0.0481,-91.3618,68.6924,82.1836,-101.7314,1.0204,100,350,-700,0,-350,0,0
22,1786977748.4196,1786977748.4241,0.03336,-2.1099,-96.9231,75.8681,81.4945,-100.5275,1.5873,0.5164,-84.6718,66.0201,81.7353,-101.7067,1.2323,0.5164,-86.6593,66.0201,81.7353,-101.7067,1.2323,250,750,-800,50,-150,0,0
23,1786977748.4531,1786977748.4578,0.03341,-1.3187,-94.8132,73.6703,81.6703,-100.9670,1.5873,2.4422,-80.6148,63.7964,82.3035,-100.3970,1.2167,2.4422,-84.4615,63.7964,82.3035,-100.3970,1.2167,300,750,-700,100,-150,0,0
24,1786977748.4865,1786977748.4908,0.03339,-0.7033,-92.7033,71.6484,81.6703,-101.1429,1.5873,3.5429,-78.5170,60.2694,82.1590,-100.3114,1.2920,3.5429,-82.2637,61.2967,82.1590,-100.3114,1.2920,250,700,-700,0,-100,0,0
25,1786977748.5199,1786977748.5243,0.03341,0.0879,-89.8901,69.0989,81.9341,-101.0549,1.5873,5.9855,-73.6912,55.8092,81.9363,-98.9510,1.4892,5.9855,-79.5385,58.8352,81.9363,-98.9510,1.4892,200,950,-850,100,0,0,0
26,1786977748.5532,1786977748.5578,0.03338,1.5824,-87.0769,66.9011,81.9341,-100.7033,1.5873,7.7391,-69.2739,53.1307,82.4110,-97.1623,1.2403,7.7391,-76.6374,56.5495,82.4110,-97.1623,1.2403,550,950,-800,0,100,0,0
27,1786977748.5866,1786977748.5911,0.03339,3.1648,-84.4396,64.5275,81.9341,-100.2637,1.5873,10.0164,-63.6089,49.4450,82.5366,-95.3525,1.3886,10.0164,-74.0879,54.1758,82.5366,-95.3525,1.3886,550,900,-800,0,200,0,0
28,1786977748.62,1786977748.625,0.03341,4.8352,-81.7143,62.0659,82.0220,-99.0330,1.5873,12.6852,-59.6224,45.1482,81.9774,-93.0735,1.2327,12.6852,-71.3626,51.8022,81.9774,-93.0735,1.2327,600,900,-850,50,400,0,0
29,1786977748.6534,1786977748.6583,0.03335,6.5934,-78.9890,59.7802,82.1099,-97.4505,1.5873,15.7307,-54.7542,41.2526,83.7010,-91.6108,1.2935,15.7307,-68.7253,49.4286,83.7010,-91.6108,1.2935,550,900,-800,50,500,0,0
30,1786977748.6868,1786977748.6916,0.0334,8.7912,-76.2637,57.3187,82.1099,-96.0440,1.5873,17.8213,-49.8269,36.9810,83.9866,-89.0540,1.2780,17.8213,-65.9121,47.0549,83.9866,-89.0540,1.2780,750,1000,-850,0,450,0,0
31,1786977748.7202,1786977748.7246,0.03342,11.2527,-73.6264,55.0330,82.7253,-94.2857,1.5873,20.4437,-44.7685,32.0761,85.4424,-87.6694,1.3332,20.4437,-63.1868,44.6813,85.4424,-87.6694,1.3332,750,950,-800,250,550,0,0
32,1786977748.7536,1786977748.7579,0.03336,13.7143,-70.9011,52.7473,83.3407,-92.5275,1.5873,23.3560,-40.9667,28.2259,85.5633,-85.8650,1.3975,23.3560,-60.5495,42.4835,85.5633,-85.8650,1.3975,900,900,-750,250,550,0,0
33,1786977748.787,1786977748.7916,0.03342,16.1758,-67.9121,50.2857,84.0440,-90.5934,1.5873,25.8161,-37.0347,24.3145,87.7240,-84.0266,1.0816,25.8161,-57.6484,39.9341,87.7240,-84.0266,1.0816,800,1000,-900,200,650,0,0
34,1786977748.8216,1786977748.8274,0.03461,18.9011,-65.0989,47.8242,84.8352,-88.8352,1.5873,28.8646,-33.1042,19.5030,88.4721,-82.3187,1.2122,28.8646,-54.6593,37.4725,88.4721,-82.3187,1.2122,850,950,-750,250,600,0,0
35,1786977748.8549,1786977748.8596,0.03326,21.4505,-62.4615,45.4505,85.7143,-86.9890,1.5873,31.0870,-28.9124,15.8970,90.1543,-80.0296,1.2135,31.0870,-52.1099,35.1868,90.1543,-80.0296,1.2135,900,850,-800,400,650,0,0
36,1786977748.8883,1786977748.8926,0.03341,24.0000,-59.6484,43.2527,87.0330,-85.2308,1.5873,32.1913,-24.4646,14.1032,90.9735,-78.5703,1.0174,32.1913,-49.2967,32.9011,90.9735,-78.5703,1.0174,850,950,-800,500,600,0,0
37,1786977748.9216,1786977748.9266,0.03337,26.7253,-56.6593,40.7912,88.0879,-83.3846,1.5873,33.6739,-21.7105,10.3672,92.4815,-77.3350,1.2105,33.6739,-46.3956,30.5275,92.4815,-77.3350,1.2105,900,1000,-800,350,600,0,0
38,1786977748.955,1786977748.9596,0.03337,28.9231,-54.0220,38.5055,89.4066,-81.5385,1.5873,33.8188,-18.3340,8.7707,91.9662,-75.5046,0.6235,33.8188,-43.5824,28.1538,91.9662,-75.5046,0.6235,800,900,-800,400,700,0,0
39,1786977748.9884,1786977748.9927,0.03342,30.7692,-51.2088,36.0440,90.3736,-79.9560,1.5873,34.0114,-17.4378,6.7762,92.6892,-75.0207,1.1393,34.0114,-40.7692,25.7802,92.6892,-75.0207,1.1393,650,900,-800,300,550,0,0
40,1786977749.022,1786977749.0276,0.0336,31.9121,-48.3077,33.7582,90.9890,-78.3736,1.4550,34.7005,-15.3062,6.6185,92.6978,-74.4251,1.1025,34.7005,-37.7802,23.4066,92.6978,-74.4251,1.1025,350,950,-850,250,550,-50,0
41,1786977749.0552,1786977749.0596,0.03319,32.5275,-45.3187,31.3846,91.3407,-77.0549,1.4550,34.1213,-12.8164,5.9122,93.3415,-74.7631,1.6303,34.1213,-34.9670,21.1209,93.3415,-74.7631,1.6303,250,1000,-800,150,500,0,0
42,1786977749.0886,1786977749.0936,0.03342,32.8791,-42.5055,29.0989,91.9560,-76.2637,1.4550,33.9222,-11.9298,5.4694,91.6867,-74.2361,2.5479,33.9222,-32.1538,18.8352,91.6867,-74.2361,2.5479,100,950,-750,250,250,0,0
43,1786977749.122,1786977749.1266,0.03337,33.3187,-39.6044,26.7253,92.3956,-75.8242,1.5212,33.5153,-11.8937,8.1949,91.7628,-73.2787,5.0621,33.5153,-29.2527,16.3736,91.7628,-73.2787,5.0621,100,1000,-850,150,150,0,0
44,1786977749.1554,1786977749.1597,0.03336,33.4945,-36.6154,24.2637,92.2198,-75.2967,1.9841,33.5569,-10.5693,9.2606,89.2992,-73.1675,8.8367,33.5569,-26.2637,14.0879,89.2992,-73.1675,8.8367,100,950,-800,-100,200,200,0
45,1786977749.1888,1786977749.1936,0.03343,33.4945,-33.8022,21.9780,91.9560,-74.5934,2.8439,32.4312,-10.6835,10.5210,89.0595,-73.0950,12.7023,32.4312,-23.3626,11.6264,89.0595,-73.0950,12.7023,0,950,-800,-150,200,350,0
46,1786977749.2222,1786977749.2266,0.03338,33.3187,-30.8132,19.6923,91.3407,-74.0659,4.6296,32.1631,-10.2334,12.6114,88.2189,-74.2340,16.7165,32.1631,-20.4615,12.6114,88.2189,-74.2340,14.8942,-50,1000,-750,-150,150,750,0
47,1786977749.2556,1786977749.2598,0.03337,33.2308,-27.8242,17.2308,90.2857,-73.8901,7.2090,31.7766,-10.6487,13.8656,86.8433,-73.4561,20.3205,31.7766,-17.4725,13.8656,86.8433,-73.4561,17.5397,-100,1000,-850,-350,100,1200,0
48,1786977749.289,1786977749.2936,0.03344,32.8791,-24.9231,15.8242,89.4945,-73.9780,9.9206,31.0692,-10.8484,15.4265,85.7666,-74.5869,23.1438,31.0692,-14.5714,15.4265,85.7666,-74.5869,20.2513,-100,1000,-450,-250,0,1200,0
49,1786977749.3223,1786977749.3267,0.03335,32.4396,-21.9341,15.6484,88.3516,-73.8901,12.4339,30.7450,-11.3314,17.9551,83.5098,-74.4012,25.2378,30.7450,-11.5824,17.9551,83.5098,-74.4012,22.8307,-100,1000,0,-350,50,1200,0
50,1786977749.3557,1786977749.5705,0.0334,31.8242,-18.8571,16.1758,87.1209,-73.8901,15.2116,28.3663,-18.8420,21.3270,81.9504,-76.4902,19.9566,28.3663,-18.8420,21.3270,81.9504,-76.4902,19.9566,-200,1000,150,-450,50,1250,1
51,1786977749.5716,1786977749.5766,0.21589,31.2088,-11.5604,18.1099,83.8681,-74.1538,22.2222,27.4961,-17.9695,21.0316,79.0324,-78.3474,19.0715,27.4961,-17.9695,21.0316,79.0324,-78.3474,19.0715,0,50,50,0,0,100,1
52,1786977749.605,1786977749.6096,0.03333,31.2088,-11.5604,18.1978,83.8681,-74.2418,22.2884,28.0534,-19.5177,24.0731,77.2992,-78.9901,18.0849,28.0534,-19.5177,24.0731,77.2992,-78.9901,18.0849,0,0,0,0,0,100,0
53,1786977749.6384,1786977749.6426,0.03339,30.4176,-11.9121,19.0769,82.6374,-75.2967,21.8254,27.4628,-19.2937,24.5262,75.6004,-81.6758,16.6966,27.4628,-19.2937,24.5262,75.6004,-81.6758,16.6966,-300,-50,150,-400,-500,-150,0
54,1786977749.6718,1786977749.6766,0.0334,29.2747,-13.4945,21.2747,80.5275,-76.9670,20.2381,27.7323,-19.2560,26.7709,73.9944,-84.3321,15.4332,27.7323,-19.2560,26.7709,73.9944,-84.3321,15.4332,-400,-550,700,-650,-600,-700,0
55,1786977749.7051,1786977749.7096,0.03338,28.3077,-14.9890,23.2088,78.6813,-78.5495,18.6508,27.9511,-20.7588,29.3303,73.4029,-86.8640,13.9814,27.9511,-20.7588,29.3303,73.4029,-86.8640,13.9814,-400,-500,650,-550,-550,-750,0
56,1786977749.7385,1786977749.7426,0.03338,28.2198,-15.8681,24.4396,76.5714,-80.7473,17.3280,28.1066,-20.8704,30.7974,72.0495,-89.9632,13.0123,28.1066,-20.8704,30.7974,72.0495,-89.9632,13.0123,-50,-300,400,-700,-700,-600,0
57,1786977749.772,1786977749.7766,0.03345,28.5714,-16.9231,26.6374,75.2527,-83.0330,16.2037,28.0099,-21.8372,31.7037,71.8677,-90.8887,12.2533,28.0099,-21.8372,31.7037,71.8677,-90.8887,12.2533,200,-350,700,-350,-800,-500,0
58,1786977749.8053,1786977749.8096,0.03335,28.6593,-17.7143,28.8352,74.4615,-85.7582,14.6825,27.4579,-20.2404,33.5030,70.7443,-92.3197,11.8097,27.4579,-20.2404,33.5030,70.7443,-92.3197,11.8097,50,-200,800,-200,-950,-650,0
59,1786977749.8387,1786977749.8436,0.03338,28.5714,-18.1538,30.3297,73.3187,-87.7802,13.8228,27.3612,-21.9227,33.3672,69.9583,-93.4884,11.9855,27.3612,-21.9227,33.3672,69.9583,-93.4884,11.9855,0,-150,500,-400,-600,-350,0
60,1786977749.8721,1786977749.8766,0.03342,28.1319,-18.5055,31.6484,72.4396,-89.3626,13.0952,27.3323,-20.6630,35.0941,68.7916,-92.9987,12.9071,27.3323,-20.6630,35.0941,68.7916,-92.9987,12.9071,-200,-100,400,-350,-550,-350,0
61,1786977749.9055,1786977749.9096,0.03338,27.6923,-18.5055,32.6154,71.4725,-90.9451,12.8307,26.9402,-21.1535,34.5235,67.9578,-93.5076,14.2158,26.9402,-21.1535,34.5235,67.9578,-93.5076,14.2158,-150,0,350,-250,-550,-50,0
62,1786977749.9389,1786977749.9436,0.03337,27.5165,-18.5055,33.6703,70.4176,-91.6484,12.8307,27.6948,-20.9481,36.7433,66.5260,-93.2029,16.6065,27.6948,-20.9481,36.7433,66.5260,-93.2029,16.6065,0,0,400,-350,-200,0,0
63,1786977749.9723,1786977749.9766,0.03343,27.6044,-18.5055,34.6374,69.4505,-92.2637,13.4921,27.1829,-20.3038,37.7469,65.7330,-92.1764,19.0223,27.1829,-20.3038,37.7469,65.7330,-92.1764,19.0223,50,0,400,-300,-250,350,0
64,1786977750.0056,1786977750.0097,0.03335,27.6923,-18.5055,35.2527,68.2198,-92.4396,14.5503,27.6531,-20.1161,36.6899,64.3430,-91.1152,20.9994,27.6531,-20.1161,36.6899,64.3430,-91.1152,20.9994,50,0,200,-500,-50,550,0
65,1786977750.039,1786977750.0436,0.03337,27.6923,-18.5934,36.6593,67.1648,-92.2637,16.2037,27.8102,-20.2924,37.1821,64.5351,-91.5466,21.6841,27.8102,-20.2924,37.1821,64.5351,-91.5466,21.6841,0,-50,450,-500,100,750,0
66,1786977750.0724,1786977750.0766,0.03338,27.5165,-18.5055,37.0989,66.4615,-91.9121,17.9894,28.3744,-20.0655,37.5860,63.4018,-92.1562,22.2415,28.3744,-20.0655,37.5860,63.4018,-92.1562,22.2415,-50,0,250,-300,100,800,0
67,1786977750.1058,1786977750.1106,0.03341,27.4286,-18.4176,37.0989,65.3187,-91.7363,19.4444,28.1261,-19.2156,37.9910,63.2075,-91.8921,22.2772,28.1261,-19.2156,37.9910,63.2075,-91.8921,22.2772,-50,0,0,-350,50,600,0
68,1786977750.1392,1786977750.1436,0.03339,27.5165,-18.6813,37.5385,65.1429,-91.9121,20.4365,28.7240,-19.6338,37.9095,62.5242,-91.9506,22.1280,28.7240,-19.6338,37.9095,62.5242,-91.9506,22.1280,50,-50,150,-50,-50,500,0
69,1786977750.1726,1786977750.1766,0.03338,27.6044,-18.5934,37.8901,64.2637,-91.9121,21.0317,28.8428,-18.8384,37.7881,63.0954,-91.4624,21.9905,28.8428,-18.8384,37.7881,63.0954,-91.4624,21.9905,50,0,200,-300,0,250,0
70,1786977750.206,1786977750.2101,0.03342,27.9560,-18.4176,38.1538,63.7363,-91.8242,21.2302,28.8865,-18.4861,38.1436,62.3123,-90.6330,22.0123,28.8865,-18.4861,38.1436,62.3123,-90.6330,22.0123,100,50,50,-150,50,100,0
71,1786977750.2394,1786977750.2435,0.03337,28.5714,-18.3297,37.9780,63.6484,-91.8242,21.4286,29.5148,-17.7386,38.0359,62.0069,-91.5193,21.7997,29.5148,-17.7386,38.0359,62.0069,-91.5193,21.7997,250,50,-100,0,0,100,0
72,1786977750.2727,1786977750.277,0.03338,28.6593,-18.2418,37.9780,63.1209,-91.6484,21.4947,29.7508,-16.5100,37.4962,61.9302,-92.1414,21.7433,29.7508,-16.5100,37.4962,61.9302,-92.1414,21.7433,50,0,0,-150,0,0,0
73,1786977750.3061,1786977750.3103,0.03337,28.6593,-17.6264,38.1538,62.6813,-91.5604,21.4947,29.9826,-16.0194,37.0354,62.1593,-92.7763,21.6392,29.9826,-16.0194,37.0354,62.1593,-92.7763,21.6392,0,150,50,-100,50,0,0
74,1786977750.3395,1786977750.3436,0.03338,28.8352,-16.8352,38.2418,62.5934,-91.8242,21.5608,30.1789,-14.7549,35.8469,62.0849,-91.7960,21.5428,30.1789,-14.7549,35.8469,62.0849,-91.7960,21.5428,50,250,50,-100,-150,0,0
75,1786977750.3729,1786977750.3771,0.03345,29.3626,-16.1319,38.1538,62.5055,-92.1758,21.5608,30.2624,-14.0173,36.8483,61.8312,-91.7028,21.5613,30.2624,-14.0173,36.8483,61.8312,-91.7028,21.5613,200,200,-50,-50,-150,0,0
76,1786977750.4062,1786977750.4103,0.03329,29.8022,-15.2527,38.0659,62.4176,-92.1758,21.5608,30.3679,-12.8027,35.3965,61.0849,-91.9222,21.4575,30.3679,-12.8027,35.3965,61.0849,-91.9222,21.4575,100,300,0,-50,0,0,0
77,1786977750.4396,1786977750.4439,0.03342,29.8901,-14.2857,37.9780,62.3297,-92.1758,21.5608,30.6616,-11.0697,35.4634,61.3199,-91.4927,21.7740,30.6616,-11.0697,35.4634,61.3199,-91.4927,21.7740,50,350,-50,0,0,0,0
78,1786977750.473,1786977750.4772,0.03337,29.7143,-13.4066,37.9780,61.8901,-92.1758,21.5608,30.7132,-11.2200,35.4884,60.4674,-91.0305,21.7581,30.7132,-11.2200,35.4884,60.4674,-91.0305,21.7581,-50,300,0,-150,0,0,0
79,1786977750.5064,1786977750.5105,0.03339,29.6264,-12.1758,37.5385,61.8022,-91.9121,21.6270,29.9746,-10.2113,34.9154,60.5015,-91.9518,21.6481,29.9746,-10.2113,34.9154,60.5015,-91.9518,21.6481,0,400,-100,0,100,50,0
80,1786977750.5398,1786977750.5439,0.03345,30.0659,-11.6484,37.2747,61.3626,-91.7363,21.6270,29.6129,-8.1431,34.7024,59.9672,-91.8675,21.8213,29.6129,-8.1431,34.7024,59.9672,-91.8675,21.8213,150,200,-50,-50,50,0,0
81,1786977750.5732,1786977750.5773,0.03333,30.3297,-10.9451,36.8352,61.0989,-91.8242,21.6270,30.0709,-8.4129,34.7159,59.9238,-91.7985,22.0804,30.0709,-8.4129,34.7159,59.9238,-91.7985,22.0804,100,250,-150,-100,0,0,0
82,1786977750.6066,1786977750.6107,0.03339,30.1538,-9.9780,36.4835,60.7473,-91.9121,21.6270,30.3855,-7.2108,34.4536,59.5798,-92.0120,22.0487,30.3855,-7.2108,34.4536,59.5798,-92.0120,22.0487,-50,300,-150,-100,-50,0,0
83,1786977750.64,1786977750.6442,0.03343,29.9780,-9.2747,36.0440,60.3956,-91.9121,21.7593,30.9385,-7.0620,35.2331,58.5374,-91.8532,22.5053,30.9385,-7.0620,35.2331,58.5374,-91.8532,22.5053,-50,250,-150,-150,0,0,0
84,1786977750.6733,1786977750.6774,0.03336,29.8022,-8.4835,35.8681,60.0440,-91.9121,21.8254,31.0921,-6.5267,34.4074,58.4129,-92.2986,22.4845,31.0921,-6.5267,34.4074,58.4129,-92.2986,22.4845,-100,300,-50,-200,0,0,0
85,1786977750.7067,1786977750.7108,0.03337,30.0659,-7.3407,35.9560,59.6044,-91.9121,22.0899,30.9281,-5.2199,34.3785,59.1818,-92.1208,22.8315,30.9281,-5.2199,34.3785,59.1818,-92.1208,22.8315,150,400,50,-200,0,100,0
86,1786977750.7401,1786977750.7442,0.03339,30.5055,-6.6374,35.9560,59.1648,-91.9121,22.0899,30.8701,-4.7385,34.7005,59.1649,-91.9580,22.9484,30.8701,-4.7385,34.7005,59.1649,-91.9580,22.9484,100,250,0,-100,0,50,0
87,1786977750.7735,1786977750.7776,0.03335,30.7692,-5.9341,35.8681,59.3407,-91.9121,22.4206,31.3415,-5.1148,33.9072,59.0040,-91.2806,23.3625,31.3415,-5.1148,33.9072,59.0040,-91.2806,23.3625,100,250,-50,-50,0,150,0
88,1786977750.8069,1786977750.811,0.03345,30.7692,-5.1429,35.8681,59.3407,-91.9121,22.5529,31.1464,-4.6998,33.9046,59.0082,-91.1454,23.2925,31.1464,-4.6998,33.9046,59.0082,-91.1454,23.2925,0,250,0,0,-50,0,0
89,1786977750.8403,1786977750.8443,0.03334,30.5055,-4.8791,35.9560,59.2527,-91.7363,22.8175,30.5224,-4.4869,34.3110,59.2945,-91.5847,23.2225,30.5224,-4.4869,34.3110,59.2945,-91.5847,23.2225,-100,100,50,-50,50,150,0
90,1786977750.8736,1786977750.8777,0.03336,30.5055,-4.7033,35.8681,59.2527,-91.6484,22.8836,30.7551,-3.8345,35.1516,58.6687,-91.6689,23.3157,30.7551,-3.8345,35.1516,58.6687,-91.6689,23.3157,0,50,-50,0,0,50,0
91,1786977750.907,1786977750.911,0.03337,30.6813,-4.4396,35.7802,59.0769,-91.6484,22.9497,30.2634,-3.6916,34.0919,58.3823,-92.0712,23.3228,30.2634,-3.6916,34.0919,58.3823,-92.0712,23.3228,50,100,-50,-50,0,50,0
92,1786977750.9404,1786977750.9445,0.03341,30.8571,-3.8242,35.7802,59.1648,-91.6484,23.1481,30.1332,-3.7119,34.0631,59.1862,-91.7918,23.5613,30.1332,-3.7119,34.0631,59.1862,-91.7918,23.5613,50,150,0,100,0,100,0
93,1786977750.9738,1786977750.9778,0.03336,30.7692,-3.7363,35.8681,58.9890,-91.7363,23.0820,29.9755,-2.7102,33.6842,58.7787,-91.8446,23.3850,29.9755,-2.7102,33.6842,58.7787,-91.8446,23.3850,0,50,0,-50,-50,-50,0
94,1786977751.0071,1786977751.0112,0.03338,30.5934,-3.6484,35.8681,58.8132,-91.5604,23.0820,29.5535,-2.3104,32.9751,58.7113,-92.2489,23.4199,29.5535,-2.3104,32.9751,58.7113,-92.2489,23.4199,-100,50,0,-100,100,0,0
95,1786977751.0406,1786977751.0446,0.03343,30.3297,-3.1209,35.6044,58.9011,-91.6484,23.2804,28.9689,-2.4672,33.2015,58.6610,-92.2611,23.7083,28.9689,-2.4672,33.2015,58.6610,-92.2611,23.7083,-50,100,-100,0,0,100,0
96,1786977751.0739,1786977751.0781,0.03335,30.0659,-2.6813,35.0769,58.9011,-91.8242,23.2804,28.6813,-1.2556,32.6023,58.5317,-91.9862,23.6155,28.6813,-1.2556,32.6023,58.5317,-91.9862,23.6155,-100,200,-200,0,-50,0,0
97,1786977751.1073,1786977751.1113,0.03338,29.7143,-2.5934,34.8132,58.9011,-91.8242,23.4127,28.6852,-1.4578,32.2940,58.3284,-91.5609,23.8139,28.6852,-1.4578,32.2940,58.3284,-91.5609,23.8139,-100,0,-100,0,0,50,0
98,1786977751.1407,1786977751.1448,0.03339,29.4505,-1.9780,34.3736,58.9011,-91.8242,23.4788,28.4525,-1.3462,32.1775,58.2668,-91.9892,23.7716,28.4525,-1.3462,32.1775,58.2668,-91.9892,23.7716,-100,100,-100,0,0,50,0
99,1786977751.1741,1786977751.1781,0.03337,29.1868,-1.7143,33.9341,58.8132,-91.8242,23.5450,28.4109,-0.7524,30.9947,57.5728,-92.8584,23.7433,28.4109,-0.7524,30.9947,57.5728,-92.8584,23.7433,-100,150,-150,0,0,0,0
100,1786977751.2075,1786977751.4288,0.0334,29.0110,-1.4505,33.7582,58.7253,-91.8242,23.5450,26.7181,-0.6487,33.4626,56.6596,-93.1705,24.4394,26.7181,-0.6487,33.4626,56.6596,-93.1705,24.4394,-50,50,-50,-50,0,0,1
101,1786977751.43,1786977751.4344,0.22251,28.9231,-0.7473,32.7033,58.0220,-92.4396,23.6111,26.1565,-1.0984,33.4621,56.2158,-93.9209,24.2448,26.1565,-1.0984,33.4621,56.2158,-93.9209,24.2448,0,0,0,0,0,0,1
102,1786977751.4633,1786977751.4685,0.0333,28.9231,-0.7473,32.7033,58.0220,-92.4396,23.6111,25.6849,-0.7856,34.0147,55.1731,-93.5221,23.5808,25.6849,-0.7856,34.0147,55.1731,-93.5221,23.5808,0,0,0,0,0,0,0
103,1786977751.4967,1786977751.5008,0.0334,28.1319,-0.7473,32.9670,57.2308,-93.1429,23.8095,25.9200,-1.0933,34.2337,55.8549,-93.6786,22.9087,25.9200,-1.0933,34.2337,55.8549,-93.6786,22.9087,-300,0,100,-300,-300,50,0
104,1786977751.53,1786977751.5341,0.03337,27.3407,-0.8352,33.6703,56.3516,-93.2308,23.6772,25.3887,-1.4973,35.0074,55.9254,-94.2926,22.0790,25.3887,-1.4973,35.0074,55.9254,-94.2926,22.0790,-300,-50,200,-350,50,-50,0
105,1786977751.5634,1786977751.5675,0.03338,26.5495,-0.9231,33.9341,56.1758,-93.1429,23.2804,25.5706,-0.7214,35.5805,55.1166,-95.1751,20.7502,25.5706,-0.7214,35.5805,55.1166,-95.1751,20.7502,-300,-50,50,-50,50,-150,0
106,1786977751.5968,1786977751.6009,0.0334,26.2857,-0.9231,34.3736,56.0000,-93.6703,22.8175,25.6986,-1.5117,35.6473,56.1889,-94.9254,19.2964,25.6986,-1.5117,35.6473,56.1889,-94.9254,19.2964,-50,0,150,-100,-200,-250,0
107,1786977751.6302,1786977751.6343,0.03337,26.3736,-1.0110,34.8132,55.7363,-94.2857,21.9577,25.9185,-0.7121,35.4897,55.1473,-94.9416,17.6738,25.9185,-0.7121,35.4897,55.1473,-94.9416,17.6738,0,-50,150,-100,-200,-350,0
108,1786977751.6636,1786977751.6676,0.03339,26.4615,-1.0989,34.9890,55.7363,-94.4615,20.8995,26.3108,-1.9462,36.1407,56.5487,-95.5146,15.7171,26.3108,-1.9462,36.1407,56.5487,-95.5146,15.7171,50,-50,100,-50,-50,-450,0
109,1786977751.697,1786977751.7011,0.03338,26.4615,-1.0989,34.9890,55.8242,-94.4615,19.6429,26.3154,-1.0418,36.7753,56.1009,-95.3802,13.3342,26.3154,-1.0418,36.7753,56.1009,-95.3802,13.3342,0,0,0,0,0,-550,0
110,1786977751.7303,1786977751.7344,0.03338,26.4615,-1.2747,35.2527,55.6484,-94.8132,18.1217,26.5752,-0.8398,36.3672,57.4763,-94.9780,10.8029,26.5752,-0.8398,36.3672,57.4763,-94.9780,10.8029,0,0,100,-50,-150,-700,0
111,1786977751.7637,1786977751.7679,0.0334,26.4615,-1.3626,35.7802,55.7363,-94.9011,16.4021,27.0972,-1.2701,36.8722,56.8061,-94.8076,7.9322,27.0972,-1.2701,36.8722,56.8061,-94.8076,7.9322,0,-50,200,0,-50,-750,0
112,1786977751.7971,1786977751.8012,0.03336,26.4615,-1.3626,35.7802,56.3516,-94.9011,14.4180,27.3339,-0.5806,36.3790,56.9893,-95.1872,5.6406,27.3339,-0.5806,36.3790,56.9893,-95.1872,5.6406,0,0,0,200,0,-950,0
113,1786977751.8305,1786977751.8345,0.03337,26.6374,-1.4505,35.9560,56.5275,-94.9011,12.0370,27.5020,-2.1979,36.5180,56.3623,-95.0639,4.0887,27.5020,-2.1979,36.5180,56.3623,-95.0639,4.0887,50,0,100,0,0,-1050,0
114,1786977751.8639,1786977751.8681,0.03345,26.9890,-1.4505,36.0440,56.4396,-94.9011,9.8545,27.7132,-2.3314,36.2324,56.5732,-95.0168,3.2100,27.7132,-2.3314,36.2324,56.5732,-95.0168,3.2100,100,0,50,-50,0,-1050,0
115,1786977751.8973,1786977751.9014,0.03337,27.2527,-1.3626,36.0440,56.3516,-94.9011,7.5397,28.0650,-2.4002,36.2903,57.6587,-95.3026,3.1030,28.0650,-2.4002,36.2903,57.6587,-95.3026,3.1030,50,50,0,-50,0,-1000,0
116,1786977751.9307,1786977751.9356,0.03341,27.4286,-1.5385,36.2198,56.3516,-94.9890,5.7540,28.5210,-3.2135,35.3709,58.4903,-94.6717,2.7810,28.5210,-3.2135,35.3709,58.4903,-94.6717,2.7810,100,-50,100,0,-50,-900,0
117,1786977751.9641,1786977751.9685,0.03336,27.6923,-1.7143,36.3077,56.6154,-95.1648,4.8280,28.4249,-3.5602,35.3096,59.1578,-93.4630,3.1774,28.4249,-3.5602,35.3096,59.1578,-93.4630,3.1774,50,-50,50,50,-100,-400,0
118,1786977751.9974,1786977752.0015,0.03338,27.7802,-1.9780,36.1319,57.3187,-95.0769,4.1667,28.0462,-3.7020,35.2785,59.5839,-94.2730,3.1705,28.0462,-3.7020,35.2785,59.5839,-94.2730,3.1705,50,-50,0,300,0,-300,0
119,1786977752.0309,1786977752.0356,0.03346,27.9560,-2.3297,35.9560,57.9341,-94.5495,3.9021,28.4306,-4.9717,34.1399,60.8950,-93.3078,3.5192,28.4306,-4.9717,34.1399,60.8950,-93.3078,3.5192,50,-100,-50,200,250,-150,0
120,1786977752.0642,1786977752.0685,0.03331,28.0440,-2.4176,35.8681,58.4615,-94.3736,3.7037,28.0205,-6.1789,33.1334,62.0259,-94.1561,3.3930,28.0205,-6.1789,33.1334,62.0259,-94.1561,3.3930,50,-50,0,200,100,-100,0
121,1786977752.0976,1786977752.1017,0.0334,28.0440,-2.6813,35.3407,59.2527,-94.4615,3.7037,27.3823,-6.3309,32.8130,62.2910,-93.3656,3.4376,27.3823,-6.3309,32.8130,62.2910,-93.3656,3.4376,0,-50,-150,250,0,0,0
122,1786977752.131,1786977752.1355,0.03342,28.0440,-3.2088,34.9890,60.6593,-94.0220,3.6376,27.2603,-8.1774,32.9816,63.7206,-93.0741,3.4690,27.2603,-8.1774,32.9816,63.7206,-93.0741,3.4690,0,-150,-150,500,100,-50,0
123,1786977752.1644,1786977752.1685,0.03336,27.9560,-3.3846,34.8132,61.1868,-94.0220,3.6376,26.4394,-9.4171,31.8929,63.5151,-92.4770,3.8222,26.4394,-9.4171,31.8929,63.5151,-92.4770,3.8222,0,-100,-50,250,50,0,0
124,1786977752.1978,1786977752.2025,0.03342,27.7802,-4.0879,34.7253,61.8022,-93.4945,3.6376,26.1626,-10.5317,31.6913,64.4376,-93.0829,4.6296,26.1626,-10.5317,31.6913,64.4376,-93.0829,4.6296,-50,-200,0,150,200,0,0
125,1786977752.2312,1786977752.2355,0.03337,27.2527,-5.2308,34.6374,62.8571,-93.3187,3.6376,25.9649,-11.8842,31.5311,64.9735,-91.9975,6.2771,25.9649,-11.8842,31.5311,64.9735,-91.9975,6.2771,-150,-400,-50,350,100,0,0
126,1786977752.2646,1786977752.2686,0.0334,26.9011,-6.2857,34.0220,62.8571,-93.3187,3.9021,25.8363,-12.7437,32.3054,63.4091,-91.2340,8.8126,25.8363,-12.7437,32.3054,63.4091,-91.2340,8.8126,-150,-350,-200,0,0,100,0
127,1786977752.298,1786977752.3025,0.03339,26.3736,-7.6923,33.7582,63.9121,-92.9670,4.7619,25.3348,-12.8498,32.8465,62.2543,-90.2845,12.1070,25.3348,-12.8498,32.8465,62.2543,-90.2845,12.1070,-150,-450,-150,300,150,450,0
128,1786977752.3314,1786977752.3355,0.03342,26.1099,-8.9231,33.7582,63.9121,-92.0000,6.2169,25.1715,-13.1903,34.2534,61.1930,-89.8462,15.4603,25.1715,-13.1903,34.2534,61.1930,-89.8462,15.4603,-50,-400,50,-50,400,500,0
129,1786977752.3648,1786977752.3695,0.03337,26.0220,-9.5385,33.7582,62.8571,-91.4725,8.2011,25.0869,-11.9423,34.8233,59.9606,-88.9765,18.4319,25.0869,-11.9423,34.8233,59.9606,-88.9765,18.4319,-50,-200,0,-350,150,900,0
130,1786977752.3981,1786977752.4025,0.03339,26.0220,-10.0659,34.0220,62.2418,-91.0330,10.6481,24.4542,-12.4868,35.6497,59.3791,-88.5429,20.5817,24.4542,-12.4868,35.6497,59.3791,-88.5429,20.5817,0,-200,50,-150,100,1100,0
131,1786977752.4315,1786977752.4357,0.0334,25.6703,-10.1538,34.8132,61.2747,-90.2418,13.2275,23.7012,-12.9856,36.8795,58.1572,-88.8967,22.0112,23.7012,-12.9856,36.8795,58.1572,-88.8967,22.0112,-100,-50,250,-300,300,1200,0
132,1786977752.4649,1786977752.4695,0.03338,25.2308,-10.0659,35.4286,60.4835,-89.5385,15.8730,24.1666,-13.0611,37.2232,57.0437,-87.9625,22.6724,24.1666,-13.0611,37.2232,57.0437,-87.9625,22.6724,-150,50,200,-250,250,1200,0
133,1786977752.4983,1786977752.5025,0.03339,24.7033,-10.4176,36.4835,59.6923,-89.6264,18.1217,24.2494,-13.0148,37.2581,55.8148,-88.2294,23.1986,24.2494,-13.0148,37.2581,55.8148,-88.2294,23.1986,-200,-100,350,-250,50,1000,0
134,1786977752.5317,1786977752.5365,0.03338,24.2637,-10.5934,36.9231,58.5495,-89.1868,19.8413,24.3250,-12.5967,37.5952,55.0963,-87.2192,23.2356,24.3250,-12.5967,37.5952,55.0963,-87.2192,23.2356,-150,-100,150,-400,200,700,0
135,1786977752.5651,1786977752.5695,0.0334,24.2637,-10.5934,37.0110,57.4945,-88.7473,20.9656,23.9162,-13.0935,38.4229,54.0801,-86.9225,23.3349,23.9162,-13.0935,38.4229,54.0801,-86.9225,23.3349,-50,0,0,-400,250,550,0
136,1786977752.5985,1786977752.6026,0.03343,24.3516,-10.5934,37.5385,56.5275,-88.4835,21.7593,23.9751,-13.0871,39.1372,53.1324,-87.2558,23.4555,23.9751,-13.0871,39.1372,53.1324,-87.2558,23.4555,0,0,150,-350,50,350,0
137,1786977752.6319,1786977752.6365,0.03336,24.5275,-10.6813,38.2418,55.6484,-87.8681,22.2222,23.6603,-12.8640,39.0028,52.9190,-86.6480,23.3650,23.6603,-12.8640,39.0028,52.9190,-86.6480,23.3650,50,-50,250,-300,200,200,0
138,1786977752.6653,1786977752.6695,0.0334,24.5275,-10.7692,38.9451,54.6813,-87.8681,22.5529,23.6656,-13.3915,38.6124,51.6011,-85.4224,23.2159,23.6656,-13.3915,38.6124,51.6011,-85.4224,23.2159,0,0,200,-300,0,150,0
139,1786977752.6987,1786977752.7035,0.0334,24.3516,-10.7692,38.9451,54.0659,-87.5165,22.7513,23.5502,-12.5650,39.6501,51.5386,-85.0133,23.0442,23.5502,-12.5650,39.6501,51.5386,-85.0133,23.0442,-100,0,50,-200,100,100,0
140,1786977752.732,1786977752.7365,0.03336,24.1758,-10.9451,38.9451,53.2747,-86.7253,22.8175,23.6887,-11.5961,39.2610,51.1865,-84.4638,22.7430,23.6887,-11.5961,39.2610,51.1865,-84.4638,22.7430,-50,-50,0,-300,250,50,0
141,1786977752.7654,1786977752.7695,0.0334,24.0000,-10.9451,39.2088,52.3077,-85.9341,22.8175,23.7257,-12.2884,38.9742,50.5792,-85.0299,22.4905,23.7257,-12.2884,38.9742,50.5792,-85.0299,22.4905,-50,0,100,-350,250,0,0
142,1786977752.7989,1786977752.8035,0.03345,23.7363,-10.8571,39.3846,52.2198,-85.4945,22.8175,24.1788,-10.0930,38.4152,50.5932,-84.9440,22.2104,24.1788,-10.0930,38.4152,50.5932,-84.9440,22.2104,-100,50,150,-50,150,0,0
143,1786977752.8322,1786977752.8365,0.03334,23.6484,-10.7692,39.4725,51.6923,-85.4945,22.6852,23.6084,-10.0625,38.7865,50.2346,-85.0882,21.8029,23.6084,-10.0625,38.7865,50.2346,-85.0882,21.8029,-50,0,0,-200,50,-50,0
144,1786977752.8656,1786977752.8697,0.0334,23.7363,-10.7692,39.3846,51.3407,-85.4945,22.4206,23.7029,-9.5187,39.1336,49.2017,-84.1730,21.3407,23.7029,-9.5187,39.1336,49.2017,-84.1730,21.3407,50,0,0,-100,0,-150,0
145,1786977752.899,1786977752.9035,0.0334,23.8242,-10.2418,39.3846,50.9011,-85.4945,22.2884,23.2786,-8.2237,39.5136,48.2384,-84.4042,20.7542,23.2786,-8.2237,39.5136,48.2384,-84.4042,20.7542,50,250,-50,-150,0,-50,0
146,1786977752.9324,1786977752.9365,0.03339,23.8242,-9.4505,39.4725,50.1978,-85.1429,21.8254,23.0449,-8.3055,39.2644,48.3482,-84.5842,20.2982,23.0449,-8.3055,39.2644,48.3482,-84.5842,20.2982,0,250,0,-200,150,-200,0
147,1786977752.9658,1786977752.9706,0.03336,23.8242,-8.5714,39.7363,49.4945,-85.0549,21.2963,23.1524,-7.4872,39.7730,47.2413,-84.1315,19.9854,23.1524,-7.4872,39.7730,47.2413,-84.1315,19.9854,0,300,100,-250,-50,-200,0
148,1786977752.9992,1786977753.0036,0.0334,23.5604,-8.2198,39.7363,49.1429,-85.0549,20.8995,22.9684,-6.9482,38.8171,46.6631,-84.2519,19.4115,22.9684,-6.9482,38.8171,46.6631,-84.2519,19.4115,-50,100,0,-100,0,-250,0
149,1786977753.0326,1786977753.0367,0.03339,23.3846,-7.7802,39.8242,48.4396,-84.7912,20.5026,22.5591,-6.0087,38.9808,45.9380,-84.1456,19.1155,22.5591,-6.0087,38.9808,45.9380,-84.1456,19.1155,-100,100,50,-250,50,-150,0
150,1786977753.066,1786977753.2817,0.03343,23.2088,-6.9890,39.8242,47.6484,-84.6154,19.9735,20.6923,-3.5357,37.5999,46.8716,-85.3399,19.9935,20.6923,-3.5357,37.5999,46.8716,-85.3399,19.9935,-50,250,0,-250,50,-250,1
151,1786977753.2828,1786977753.2874,0.21682,22.7692,-5.9341,39.9121,46.3297,-84.6154,19.3783,20.5803,-4.9844,38.3424,46.7096,-85.2644,20.0146,20.5803,-4.9844,38.3424,46.7096,-85.2644,20.0146,0,0,0,0,0,0,1
152,1786977753.3162,1786977753.3204,0.03334,22.9451,-5.9341,39.9121,46.3297,-84.7033,19.3783,20.4857,-5.7495,39.3947,46.4593,-85.0160,20.0518,20.4857,-5.7495,39.3947,46.4593,-85.0160,20.0518,50,0,0,0,0,0,0
153,1786977753.3495,1786977753.3537,0.03336,22.4176,-5.4945,39.9121,46.4176,-84.9670,19.6429,20.4994,-5.4096,38.4156,46.6868,-85.2162,20.0568,20.4994,-5.4096,38.4156,46.6868,-85.2162,20.0568,-150,100,0,50,-150,200,0
154,1786977753.3829,1786977753.387,0.03339,21.6264,-5.3187,39.9121,46.4176,-84.8791,19.8413,20.8643,-8.3060,38.1540,47.2078,-84.8152,20.3612,20.8643,-8.3060,38.1540,47.2078,-84.8152,20.3612,-250,100,0,0,50,150,0
155,1786977753.4163,1786977753.4206,0.0334,21.0989,-5.3187,39.9121,46.4176,-84.8791,19.8413,20.7359,-8.1462,38.7109,47.3918,-84.6197,20.4076,20.7359,-8.1462,38.7109,47.3918,-84.6197,20.4076,-300,0,0,0,0,0,0
156,1786977753.4497,1786977753.454,0.03338,21.0110,-5.3187,39.8242,46.6813,-84.8791,19.9074,20.9481,-9.7257,39.7498,47.8758,-84.7885,20.2853,20.9481,-9.7257,39.7498,47.8758,-84.7885,20.2853,-50,0,0,100,0,0,0
157,1786977753.4831,1786977753.4872,0.03339,21.3626,-5.6703,39.8242,47.0330,-84.8791,19.9735,20.9200,-9.7621,39.8802,48.1392,-84.4930,20.2944,20.9200,-9.7621,39.8802,48.1392,-84.4930,20.2944,150,-150,0,100,0,50,0
158,1786977753.5165,1786977753.5206,0.03342,21.4505,-6.1978,40.1758,47.2967,-85.0549,19.9735,21.0919,-11.5403,41.7935,47.8560,-84.9739,20.4005,21.0919,-11.5403,41.7935,47.8560,-84.9739,20.4005,0,-150,50,100,0,0,0
159,1786977753.55,1786977753.5558,0.03354,21.5385,-6.6374,40.3516,47.5604,-84.9670,19.9735,20.9200,-10.6239,41.8812,48.5553,-84.2018,20.3434,20.9200,-10.6239,41.8812,48.5553,-84.2018,20.3434,50,-150,100,150,50,0,0
160,1786977753.5833,1786977753.5874,0.03326,21.2747,-7.4286,40.7033,47.2967,-84.9670,20.1058,20.8136,-12.6010,41.2351,48.4349,-84.9361,20.2980,20.8136,-12.6010,41.2351,48.4349,-84.9361,20.2980,-50,-200,150,-100,0,50,0
161,1786977753.6167,1786977753.6208,0.0334,21.1868,-8.2198,41.4945,48.0000,-84.7912,20.1058,21.2535,-13.4121,42.4030,47.3315,-84.5299,20.3536,21.2535,-13.4121,42.4030,47.3315,-84.5299,20.3536,-50,-350,150,400,100,0,0
162,1786977753.6501,1786977753.6541,0.03336,21.1868,-8.7473,41.5824,47.9121,-84.8791,20.1058,20.9114,-13.3170,42.7939,48.4191,-84.7164,20.3273,20.9114,-13.3170,42.7939,48.4191,-84.7164,20.3273,0,-150,50,0,-50,0,0
163,1786977753.6835,1786977753.6876,0.03344,21.2747,-9.6264,42.0220,47.7363,-84.7912,20.1058,20.9747,-13.9369,42.1808,48.4500,-83.8326,20.3619,20.9747,-13.9369,42.1808,48.4500,-83.8326,20.3619,0,-250,200,-50,50,0,0
164,1786977753.7169,1786977753.7211,0.03337,21.3626,-10.4176,42.5495,47.9121,-84.8791,20.1058,21.0266,-14.5888,42.6920,48.4496,-84.8241,20.3301,21.0266,-14.5888,42.6920,48.4496,-84.8241,20.3301,0,-250,100,100,0,0,0
165,1786977753.7503,1786977753.7544,0.03338,21.3626,-10.9451,42.6374,48.1758,-84.6154,20.1058,21.3162,-16.0618,43.1915,48.3905,-84.3215,20.3881,21.3162,-16.0618,43.1915,48.3905,-84.3215,20.3881,0,-150,0,100,100,0,0
166,1786977753.7837,1786977753.7878,0.03339,21.2747,-11.4725,42.9890,48.1758,-84.5275,20.1058,20.9996,-15.8168,42.5254,48.8356,-84.0076,20.3884,20.9996,-15.8168,42.5254,48.8356,-84.0076,20.3884,-50,-150,150,0,0,0,0
167,1786977753.817,1786977753.8211,0.03337,21.2747,-12.3516,43.2527,48.2637,-84.5275,20.1058,20.5356,-15.3293,43.0602,48.2578,-84.1553,20.2252,20.5356,-15.3293,43.0602,48.2578,-84.1553,20.2252,0,-300,100,50,0,0,0
168,1786977753.8504,1786977753.8546,0.03339,21.2747,-12.7912,43.2527,48.4396,-84.5275,20.1058,20.4781,-15.9070,42.6395,48.6095,-84.1392,20.6064,20.4781,-15.9070,42.6395,48.6095,-84.1392,20.6064,0,-150,0,50,0,0,0
169,1786977753.8839,1786977753.888,0.03346,21.1868,-12.8791,43.2527,48.4396,-84.5275,20.0397,19.8901,-14.7532,42.1534,48.2824,-83.7843,20.6198,19.8901,-14.7532,42.1534,48.2824,-83.7843,20.6198,0,0,0,0,0,-50,0
170,1786977753.9172,1786977753.9213,0.03333,20.9231,-13.0549,43.2527,48.4396,-84.5275,20.2381,20.3894,-15.0954,42.5055,47.8982,-83.9406,20.6522,20.3894,-15.0954,42.5055,47.8982,-83.9406,20.6522,-50,-100,0,0,0,100,0
171,1786977753.9506,1786977753.9547,0.03339,20.5714,-13.1429,43.2527,48.4396,-84.4396,20.3042,19.6551,-15.9084,41.7699,47.8750,-84.2074,20.9542,19.6551,-15.9084,41.7699,47.8750,-84.2074,20.9542,-150,-50,0,0,50,0,0
172,1786977753.984,1786977753.9881,0.0334,20.3077,-13.1429,43.2527,48.3516,-84.3516,20.3042,19.2535,-16.2128,42.9318,47.9367,-83.4865,20.9182,19.2535,-16.2128,42.9318,47.9367,-83.4865,20.9182,-100,0,0,0,0,0,0
173,1786977754.0175,1786977754.023,0.03353,20.1319,-13.3187,43.2527,48.2637,-84.3516,20.4365,19.0499,-15.6978,43.5359,48.7451,-83.1905,20.8717,19.0499,-15.6978,43.5359,48.7451,-83.1905,20.8717,-50,-50,0,0,0,50,0
174,1786977754.0508,1786977754.055,0.03332,20.0440,-13.4945,43.4286,48.2637,-84.0879,20.5688,18.9762,-14.7178,42.7901,47.3672,-83.9969,21.0197,18.9762,-14.7178,42.7901,47.3672,-83.9969,21.0197,0,-50,50,0,100,50,0
175,1786977754.0842,1786977754.0883,0.03335,19.6923,-13.5824,43.7802,48.3516,-83.8242,20.5688,19.2238,-14.8055,43.1330,47.4302,-84.0900,21.2496,19.2238,-14.8055,43.1330,47.4302,-84.0900,21.2496,-50,0,100,0,50,0,0
176,1786977754.1176,1786977754.1217,0.03342,19.2527,-13.4945,43.7802,48.2637,-83.9121,20.5688,19.3747,-13.8411,43.3290,47.1585,-83.7544,21.5253,19.3747,-13.8411,43.3290,47.1585,-83.7544,21.5253,-200,50,0,-50,0,0,0
177,1786977754.151,1786977754.1552,0.03336,19.1648,-13.4066,43.7802,47.9121,-83.9121,20.8333,19.1604,-13.9622,43.9643,46.7050,-84.0355,21.6221,19.1604,-13.9622,43.9643,46.7050,-84.0355,21.6221,0,50,0,-200,0,100,0
178,1786977754.1844,1786977754.1886,0.03342,19.3407,-13.4945,43.7802,47.7363,-83.8242,21.0979,19.3356,-13.4502,43.8810,45.9120,-83.2489,21.4918,19.3356,-13.4502,43.8810,45.9120,-83.2489,21.4918,50,0,0,-50,0,100,0
179,1786977754.2177,1786977754.222,0.03335,19.5165,-13.4945,44.0440,47.2967,-83.9121,21.1640,18.8826,-14.6322,44.5208,46.3332,-84.3775,21.7481,18.8826,-14.6322,44.5208,46.3332,-84.3775,21.7481,50,0,100,-150,-50,50,0
180,1786977754.2511,1786977754.2554,0.03338,19.5165,-13.1429,44.2198,46.9451,-83.9121,21.2302,18.8106,-13.2138,43.7774,45.8237,-84.5705,21.8590,18.8106,-13.2138,43.7774,45.8237,-84.5705,21.8590,0,100,150,-150,-50,0,0
181,1786977754.2845,1786977754.2887,0.03339,19.4286,-13.1429,44.3077,46.8571,-83.9121,21.3624,18.7770,-13.8889,44.5651,45.2189,-84.1744,21.9053,18.7770,-13.8889,44.5651,45.2189,-84.1744,21.9053,0,0,0,0,0,100,0
182,1786977754.3179,1786977754.322,0.03339,19.1648,-13.1429,44.3077,46.5934,-84.2637,21.4947,19.2441,-12.2469,44.1540,45.1666,-84.6890,21.7692,19.2441,-12.2469,44.1540,45.1666,-84.6890,21.7692,-100,0,0,-100,-100,100,0
183,1786977754.3513,1786977754.3554,0.03338,18.9890,-12.8791,44.5714,45.8901,-84.0879,21.5608,19.2193,-12.3288,44.8994,44.7756,-83.8390,21.6957,19.2193,-12.3288,44.8994,44.7756,-83.8390,21.6957,-100,150,0,-200,50,50,0
184,1786977754.3852,1786977754.3906,0.03392,18.9011,-12.5275,44.6593,45.8901,-84.3516,21.5608,19.0737,-12.4966,44.7383,44.4450,-84.7140,21.5870,19.0737,-12.4966,44.7383,44.4450,-84.7140,21.5870,-50,100,50,50,-150,0,0
185,1786977754.4185,1786977754.4226,0.03326,19.0769,-12.2637,44.9231,45.3626,-84.2637,21.5608,18.9556,-11.4379,43.9144,44.2965,-84.0461,21.6449,18.9556,-11.4379,43.9144,44.2965,-84.0461,21.6449,100,50,50,-200,50,0,0
186,1786977754.4519,1786977754.4562,0.0334,19.2527,-12.2637,45.0989,45.1868,-84.2637,21.5608,18.5355,-10.0242,43.6614,44.7722,-84.1460,21.5590,18.5355,-10.0242,43.6614,44.7722,-84.1460,21.5590,50,0,100,-50,0,0,0
187,1786977754.4852,1786977754.4895,0.03338,19.3407,-11.8242,44.9231,44.9231,-84.3516,21.5608,18.4859,-10.9898,43.4980,45.0956,-83.7643,21.4304,18.4859,-10.9898,43.4980,45.0956,-83.7643,21.4304,50,150,-50,-100,0,0,0
188,1786977754.5186,1786977754.5229,0.03338,19.1648,-10.9451,44.9231,44.9231,-84.3516,21.5608,18.5994,-9.6255,42.3939,44.9332,-83.9416,21.5546,18.5994,-9.6255,42.3939,44.9332,-83.9416,21.5546,-50,350,0,0,0,0,0
189,1786977754.5522,1786977754.5577,0.03361,18.8132,-10.4176,45.0110,45.0110,-84.2637,21.5608,18.7924,-10.2039,42.6297,44.5699,-84.0241,21.4377,18.7924,-10.2039,42.6297,44.5699,-84.0241,21.4377,-100,200,50,50,50,0,0
190,1786977754.5855,1786977754.5896,0.03326,18.7253,-10.3297,45.0989,45.0110,-84.1758,21.6270,18.2066,-9.8564,40.8867,44.3259,-84.6440,21.1714,18.2066,-9.8564,40.8867,44.3259,-84.6440,21.1714,-100,0,50,0,50,50,0
191,1786977754.6188,1786977754.6231,0.03335,18.7253,-10.2418,44.6593,44.6593,-84.1758,21.5608,18.5458,-8.9854,40.3886,44.7373,-84.8818,21.0902,18.5458,-8.9854,40.3886,44.7373,-84.8818,21.0902,0,50,-150,-100,0,-50,0
192,1786977754.6522,1786977754.6576,0.03339,18.7253,-9.7143,43.9560,44.7473,-84.1758,21.4947,18.5534,-9.2568,40.9120,44.9644,-84.4630,20.2059,18.5534,-9.2568,40.9120,44.9644,-84.4630,20.2059,0,100,-250,50,0,0,0
193,1786977754.6856,1786977754.6899,0.03341,18.8132,-9.0110,43.1648,44.8352,-84.4396,21.2963,18.1636,-9.7946,40.8694,44.6870,-84.3508,18.6854,18.1636,-9.7946,40.8694,44.6870,-84.3508,18.6854,50,250,-300,50,-100,-100,0
194,1786977754.719,1786977754.7232,0.03334,18.9011,-8.9231,42.9890,44.8352,-84.4396,20.9656,18.3148,-9.5470,41.2815,44.7408,-84.1222,16.2891,18.3148,-9.5470,41.2815,44.7408,-84.1222,16.2891,0,0,-50,0,0,-100,0
195,1786977754.7524,1786977754.7564,0.03341,18.7253,-8.9231,42.9890,44.8352,-84.5275,19.9074,18.2699,-9.7126,39.9878,45.2414,-84.3626,13.1830,18.2699,-9.7126,39.9878,45.2414,-84.3626,13.1830,-100,0,0,0,-50,-450,0
196,1786977754.7858,1786977754.79,0.03343,18.5495,-8.9231,43.0769,44.8352,-84.5275,18.5185,18.3141,-9.9050,39.8766,46.0119,-83.7484,9.0975,18.3141,-9.9050,39.8766,46.0119,-83.7484,9.0975,-50,0,0,0,0,-650,0
197,1786977754.8191,1786977754.8233,0.03333,18.4615,-8.9231,42.7253,44.9231,-84.5275,16.7328,18.1048,-9.5344,40.4613,45.5802,-83.7128,3.2767,18.1048,-9.5344,40.4613,45.5802,-83.7128,6.4683,-50,0,-100,0,0,-900,0
198,1786977754.8526,1786977754.857,0.03347,18.4615,-8.9231,42.1978,45.2747,-84.3516,14.3519,17.5819,-9.6481,40.9098,44.9469,-83.7794,-0.3617,17.5819,-9.6481,40.9098,44.9469,-83.7794,3.8889,0,0,-200,150,0,-1050,0
199,1786977754.886,1786977754.8904,0.03337,18.6374,-8.9231,42.1978,45.3626,-84.1758,11.5079,17.6790,-9.8088,39.8620,44.9079,-83.4100,-1.0298,17.6790,-9.8088,39.8620,44.9079,-83.4100,1.2434,50,0,0,0,50,-1250,0
200,1786977754.9193,1786977755.1407,0.03335,18.4615,-8.9231,42.1978,45.2747,-84.1758,8.8624,18.6142,-6.6792,39.6541,45.0447,-86.9094,3.6845,18.6142,-6.6792,39.6541,45.0447,-86.9094,3.6845,-50,0,0,-50,0,-1250,1
201,1786977755.1419,1786977755.1465,0.22262,18.1099,-8.9231,42.0220,45.2747,-83.8242,1.9180,18.1790,-6.7181,40.1433,45.1748,-86.3996,3.0558,18.1790,-6.7181,40.1433,45.1748,-86.3996,3.0558,-50,0,0,0,0,-100,1
202,1786977755.1752,1786977755.1793,0.03323,18.0220,-8.9231,42.0220,45.2747,-83.8242,1.8519,18.0658,-8.1031,40.7910,44.9317,-86.9343,2.9391,18.0658,-8.1031,40.7910,44.9317,-86.9343,2.9391,-50,0,0,0,0,0,0
203,1786977755.2086,1786977755.2126,0.03338,18.0220,-8.3956,42.0220,45.2747,-84.3516,2.1164,17.6259,-7.8803,40.0889,45.1629,-87.4436,2.9169,17.6259,-7.8803,40.0889,45.1629,-87.4436,2.9169,0,300,0,0,-50,100,0
204,1786977755.2419,1786977755.246,0.03339,18.0220,-7.2527,41.9341,45.2747,-85.6703,2.5794,17.5921,-9.2613,41.1205,45.9830,-87.1084,2.6247,17.5921,-9.2613,41.1205,45.9830,-87.1084,2.6247,0,350,-50,0,-450,200,0
205,1786977755.2754,1786977755.2794,0.03341,18.1099,-7.1648,41.9341,45.2747,-86.4615,2.5132,17.4104,-8.5607,42.4759,46.0381,-87.3077,2.6883,17.4104,-8.5607,42.4759,46.0381,-87.3077,2.6883,50,50,0,0,-100,0,0
206,1786977755.3087,1786977755.3128,0.03339,18.1978,-7.3407,41.9341,45.4505,-86.3736,2.5132,17.6821,-9.0295,41.4994,45.9009,-86.9479,2.5620,17.6821,-9.0295,41.4994,45.9009,-86.9479,2.5620,0,-50,0,50,50,0,0
207,1786977755.3421,1786977755.3463,0.03335,18.0220,-7.4286,42.4615,45.6264,-86.6374,2.5132,17.1099,-10.4408,42.6842,46.8355,-86.2900,2.5164,17.1099,-10.4408,42.6842,46.8355,-86.2900,2.5164,-100,-50,150,100,-50,0,0
208,1786977755.3755,1786977755.3796,0.03341,17.9341,-7.4286,42.5495,45.7143,-86.6374,2.5132,17.2376,-11.5276,41.8264,47.6072,-86.6642,2.4096,17.2376,-11.5276,41.8264,47.6072,-86.6642,2.4096,-50,0,50,50,100,0,0
209,1786977755.4089,1786977755.413,0.03338,17.8462,-7.6044,42.5495,45.8901,-86.5495,2.5132,17.3921,-13.0811,42.1526,49.1585,-86.1989,2.7273,17.3921,-13.0811,42.1526,49.1585,-86.1989,2.7273,-50,-50,0,0,50,0,0
210,1786977755.4422,1786977755.4463,0.03336,17.6703,-8.3077,42.6374,46.9451,-86.7253,2.5132,17.3281,-14.4964,42.6395,50.6642,-86.2358,2.4400,17.3281,-14.4964,42.6395,50.6642,-86.2358,2.4400,0,-200,50,250,-100,0,0
211,1786977755.4757,1786977755.4798,0.03341,17.5824,-9.2747,42.6374,47.4725,-86.5495,2.5132,16.9346,-16.0249,41.7307,51.4412,-85.7760,2.5072,16.9346,-16.0249,41.7307,51.4412,-85.7760,2.5072,-100,-300,0,200,0,0,0
212,1786977755.509,1786977755.5131,0.03337,17.4945,-10.5934,42.8132,49.0549,-86.5495,2.5132,16.9397,-18.1618,42.2300,53.2304,-86.6171,2.5323,16.9397,-18.1618,42.2300,53.2304,-86.6171,2.5323,-50,-500,100,550,0,0,0
213,1786977755.5424,1786977755.5477,0.03337,17.5824,-12.0000,42.9011,50.1099,-86.3736,2.5132,16.5674,-19.1628,40.7439,53.9611,-85.4325,2.6482,16.5674,-19.1628,40.7439,53.9611,-85.4325,2.6482,50,-450,50,250,100,0,0
214,1786977755.5758,1786977755.5799,0.03341,17.4945,-13.4066,42.9011,51.1648,-86.4615,2.5132,16.3148,-21.6441,40.2320,54.2398,-85.0216,2.5818,16.3148,-21.6441,40.2320,54.2398,-85.0216,2.5818,0,-450,0,250,-50,0,0
215,1786977755.6092,1786977755.6133,0.03337,17.1429,-14.9011,42.8132,52.3956,-86.1978,2.5132,15.7758,-23.5426,41.1386,54.5575,-84.3308,2.4542,15.7758,-23.5426,41.1386,54.5575,-84.3308,2.4542,-100,-500,-50,450,0,0,0
216,1786977755.6426,1786977755.6468,0.03342,16.7033,-16.3956,42.3736,52.9231,-85.6703,2.5132,15.4601,-25.7015,41.8265,54.4116,-84.3270,2.4862,15.4601,-25.7015,41.8265,54.4116,-84.3270,2.4862,-200,-500,-150,150,150,0,0
217,1786977755.6759,1786977755.68,0.03335,16.3516,-18.4176,42.4615,53.5385,-85.2308,2.5132,15.2266,-27.0588,41.8320,53.1342,-84.1416,2.3429,15.2266,-27.0588,41.8320,53.1342,-84.1416,2.3429,-100,-650,0,200,150,0,0
218,1786977755.7093,1786977755.7135,0.0334,16.0879,-20.5275,42.4615,53.6264,-84.9670,2.5132,15.0544,-29.4100,41.6128,51.7569,-83.3491,2.1217,15.0544,-29.4100,41.6128,51.7569,-83.3491,2.1217,-100,-700,0,0,100,0,0
219,1786977755.7428,1786977755.7469,0.03346,15.8242,-22.4615,42.4615,53.4505,-84.7033,2.5132,14.8887,-30.9844,42.5539,51.7853,-82.8751,1.9534,14.8887,-30.9844,42.5539,51.7853,-82.8751,1.9534,-100,-650,0,-100,100,0,0
220,1786977755.7762,1786977755.7807,0.03336,15.4725,-24.3077,42.4615,52.7473,-84.1758,2.5132,14.9070,-32.9109,43.4091,50.4696,-82.8564,1.7843,14.9070,-32.9109,43.4091,50.4696,-82.8564,1.7843,-100,-600,0,-200,200,0,0
221,1786977755.8095,1786977755.8138,0.03336,15.2967,-26.3297,42.6374,52.4835,-83.7363,2.3810,14.4631,-33.2308,44.1711,49.1536,-82.1147,1.8442,14.4631,-33.2308,44.1711,49.1536,-82.1147,1.8442,-100,-650,100,-100,200,-50,0
222,1786977755.843,1786977755.8471,0.03343,15.2088,-28.3516,43.3407,51.7802,-83.4725,2.1825,14.3287,-34.6633,44.9089,47.9052,-82.4168,1.7854,14.3287,-34.6633,44.9089,47.9052,-82.4168,1.7854,-50,-700,200,-250,50,-100,0
223,1786977755.8763,1786977755.8804,0.03339,15.0330,-29.6703,44.0440,50.7253,-83.0330,2.1825,14.3929,-34.4621,45.3064,47.2078,-81.9824,1.8596,14.3929,-34.4621,45.3064,47.2078,-81.9824,1.8596,-50,-350,200,-350,100,0,0
224,1786977755.9097,1786977755.914,0.03337,14.7692,-30.9011,44.8352,49.5824,-82.8571,2.1825,14.6092,-33.6322,45.8301,47.0010,-82.4080,2.4557,14.6092,-33.6322,45.8301,47.0010,-82.4080,2.4557,-100,-400,300,-350,50,0,0
225,1786977755.9431,1786977755.9475,0.0334,14.4176,-31.5165,45.2747,48.7912,-82.6813,2.1825,14.4977,-32.5558,46.1794,46.3103,-81.4124,3.0585,14.4977,-32.5558,46.1794,46.3103,-81.4124,3.0585,-100,-200,200,-250,100,0,0
226,1786977755.9765,1786977755.9807,0.03337,14.4176,-31.6923,45.6264,48.1758,-82.6813,2.2487,14.3757,-32.4219,45.7726,46.2945,-81.4689,4.7928,14.3757,-32.4219,45.7726,46.2945,-81.4689,4.7928,0,-50,100,-250,0,50,0
227,1786977756.01,1786977756.0142,0.03347,14.4176,-31.6923,46.1538,47.6484,-82.2418,2.5794,14.4131,-32.3068,47.3126,45.6895,-81.8926,7.3320,14.4131,-32.3068,47.3126,45.6895,-81.8926,7.3320,0,0,200,-200,50,100,0
228,1786977756.0433,1786977756.0473,0.03331,14.5055,-31.5165,46.2418,47.2967,-82.1538,3.1746,14.5511,-31.5331,47.4955,46.3089,-81.4086,10.0645,14.5511,-31.5331,47.4955,46.3089,-81.4086,10.0645,50,50,0,-50,50,250,0
229,1786977756.0767,1786977756.0807,0.03341,14.7692,-31.6923,46.7692,46.7692,-82.1538,4.6958,14.4794,-30.5910,47.8915,46.3483,-81.1076,13.1954,14.4794,-30.5910,47.8915,46.3483,-81.1076,13.1954,100,-50,150,-200,0,750,0
230,1786977756.1101,1786977756.1142,0.03343,14.7692,-31.6923,47.4725,46.7692,-81.8901,6.6138,14.3313,-30.1858,48.5787,46.1481,-80.9957,15.9798,14.3313,-30.1858,48.5787,46.1481,-80.9957,15.9798,0,-50,250,0,50,800,0
231,1786977756.1435,1786977756.1477,0.03338,14.6813,-30.9890,47.8242,46.7692,-81.6264,8.8624,13.6525,-29.2653,49.3588,44.5355,-81.0996,18.4300,13.6525,-29.2653,49.3588,44.5355,-81.0996,18.4300,0,250,100,0,100,1000,0
232,1786977756.1768,1786977756.181,0.03335,14.6813,-30.2857,48.4396,46.7692,-81.4505,11.3095,13.1431,-28.2764,49.7620,44.0040,-80.4810,20.0905,13.1431,-28.2764,49.7620,44.0040,-80.4810,20.0905,0,200,200,0,100,1100,0
233,1786977756.2102,1786977756.2143,0.03337,14.4176,-29.7582,49.2308,46.0659,-81.4505,13.8228,12.8509,-28.0599,50.3191,43.6061,-80.7554,21.1394,12.8509,-28.0599,50.3191,43.6061,-80.7554,21.1394,0,150,300,-200,0,1100,0
234,1786977756.2437,1786977756.248,0.03346,13.9780,-28.8791,49.7582,45.1868,-81.2747,16.2037,12.0247,-28.1592,50.1761,42.9151,-80.4880,21.5773,12.0247,-28.1592,50.1761,42.9151,-80.4880,21.5773,-150,300,150,-300,50,1100,0
235,1786977756.277,1786977756.2812,0.03334,13.1868,-28.2637,50.2857,44.7473,-81.1868,18.0556,11.7776,-28.3946,50.6732,42.5475,-79.9708,21.6790,11.7776,-28.3946,50.6732,42.5475,-79.9708,21.6790,-250,200,200,-100,50,850,0
236,1786977756.3104,1786977756.3145,0.0334,12.7473,-28.2637,50.3736,44.2198,-80.9231,19.3122,11.5311,-28.2044,50.3828,41.5480,-80.0488,21.5386,11.5311,-28.2044,50.3828,41.5480,-80.0488,21.5386,-200,0,0,-200,100,650,0
237,1786977756.3438,1786977756.348,0.03339,12.4835,-28.3516,50.5495,43.6044,-80.6593,20.0397,11.5399,-27.6976,51.0660,41.3890,-79.8026,21.3462,11.5399,-27.6976,51.0660,41.3890,-79.8026,21.3462,-100,0,100,-250,100,350,0
238,1786977756.3772,1786977756.3814,0.03339,12.3077,-28.3516,50.7253,42.9011,-80.5714,20.4365,10.9883,-27.5549,51.6839,40.7786,-80.0261,21.0603,10.9883,-27.5549,51.6839,40.7786,-80.0261,21.0603,-100,0,100,-200,50,150,0
239,1786977756.4106,1786977756.4147,0.0334,12.0440,-27.9121,50.9890,42.3736,-80.3077,20.5688,11.1792,-27.4282,51.5792,40.6512,-80.2891,20.7258,11.1792,-27.4282,51.5792,40.6512,-80.2891,20.7258,-50,200,50,-250,50,50,0
240,1786977756.444,1786977756.4481,0.0334,11.6923,-27.6484,51.6044,41.8462,-80.3077,20.6349,11.0190,-26.8027,51.7541,40.4086,-79.4934,20.3262,11.0190,-26.8027,51.7541,40.4086,-79.4934,20.3262,-150,100,200,-150,0,50,0
241,1786977756.4773,1786977756.4825,0.03335,11.3407,-27.3846,51.7802,41.5824,-80.3077,20.6349,10.4129,-26.8523,52.5487,39.5934,-79.7021,20.0612,10.4129,-26.8523,52.5487,39.5934,-79.7021,20.0612,-150,50,50,-100,0,0,0
242,1786977756.5108,1786977756.5151,0.03343,11.2527,-27.0330,51.8681,41.2308,-80.0440,20.5026,10.2364,-27.0965,52.4182,38.9210,-79.7538,19.7714,10.2364,-27.0965,52.4182,38.9210,-79.7538,19.7714,0,100,50,-100,100,-100,0
243,1786977756.5442,1786977756.5482,0.03339,11.2527,-26.8571,52.3077,40.5275,-80.0440,20.3042,10.2161,-26.8368,53.0853,38.9584,-79.9330,19.5525,10.2161,-26.8368,53.0853,38.9584,-79.9330,19.5525,0,100,150,-200,0,-100,0
244,1786977756.5775,1786977756.5817,0.03336,10.9890,-26.7692,52.6593,40.0879,-80.0440,20.1058,9.5654,-26.3107,53.8034,38.7497,-80.4969,19.2230,9.5654,-26.3107,53.8034,38.7497,-80.4969,19.2230,-100,0,200,-200,0,-50,0
245,1786977756.6109,1786977756.6151,0.03341,10.6374,-26.7692,53.0110,39.9121,-80.0440,19.8413,9.6268,-26.3221,53.4150,37.6662,-79.5344,18.9990,9.6268,-26.3221,53.4150,37.6662,-79.5344,18.9990,-100,0,100,-50,0,-100,0
246,1786977756.6443,1786977756.6484,0.03341,10.3736,-26.5055,53.5385,39.4725,-80.1319,19.5106,9.6620,-26.3136,53.1830,36.8551,-79.5858,18.6611,9.6620,-26.3136,53.1830,36.8551,-79.5858,18.6611,-150,0,200,-150,-50,-100,0
247,1786977756.6777,1786977756.6818,0.03335,10.1099,-26.1538,53.7143,38.8571,-79.8681,19.3122,9.4708,-26.3289,54.5323,37.3924,-79.8017,18.2570,9.4708,-26.3289,54.5323,37.3924,-79.8017,18.2570,-100,150,50,-250,50,-100,0
248,1786977756.7111,1786977756.7151,0.03337,10.0220,-26.1538,53.8022,38.2418,-79.8681,19.0476,9.0078,-26.1842,54.5152,36.9669,-80.3037,17.7936,9.0078,-26.1842,54.5152,36.9669,-80.3037,17.7936,-50,0,50,-150,0,-100,0
249,1786977756.7445,1786977756.7486,0.03346,9.8462,-26.3297,53.8901,37.8901,-79.9560,18.6508,8.8787,-26.2612,54.5008,36.5372,-79.5999,17.6730,8.8787,-26.2612,54.5008,36.5372,-79.5999,17.6730,-50,-50,50,-100,-50,-200,0
250,1786977756.7779,1786977756.9933,0.03339,9.5824,-26.3297,54.4176,37.8901,-79.9560,18.2540,9.8057,-24.0686,55.2985,35.0910,-80.9318,18.6302,9.8057,-24.0686,55.2985,35.0910,-80.9318,18.6302,-100,-50,200,50,0,-150,1
251,1786977756.9945,1786977756.9989,0.21654,9.1429,-26.2418,54.5934,37.0989,-79.8681,17.9894,9.3265,-22.9855,56.6088,36.1622,-80.5702,18.5185,9.3265,-22.9855,56.6088,36.1622,-80.5702,18.5185,0,-50,0,0,0,0,1
252,1786977757.0278,1786977757.032,0.03334,9.1429,-26.2418,54.5934,37.0989,-79.8681,17.9894,9.6415,-22.2202,57.0856,35.0913,-80.9656,18.5645,9.6415,-22.2202,57.0856,35.0913,-80.9656,18.5645,0,0,0,0,0,0,0
253,1786977757.0611,1786977757.0653,0.03334,9.1429,-25.4505,55.3846,36.7473,-80.1319,18.1217,9.7161,-22.5402,56.0024,35.3886,-81.2860,18.7157,9.7161,-22.5402,56.0024,35.3886,-81.2860,18.7157,0,300,300,-50,-50,50,0
254,1786977757.0945,1786977757.0986,0.03337,9.1429,-23.8681,56.3516,36.2198,-80.5714,18.2540,9.3921,-22.4442,56.7078,34.8540,-81.6810,18.7750,9.3921,-22.4442,56.7078,34.8540,-81.6810,18.7750,0,550,400,-250,-200,50,0
255,1786977757.1279,1786977757.1321,0.03341,9.0549,-22.8132,56.6154,36.0440,-80.9231,18.3862,9.2982,-22.7882,57.9382,34.2979,-81.2956,18.8325,9.2982,-22.7882,57.9382,34.2979,-81.2956,18.8325,0,350,50,-50,-100,0,0
256,1786977757.1613,1786977757.1654,0.03338,9.1429,-22.8132,56.7033,35.7802,-81.1868,18.3862,9.1549,-22.0654,57.5418,34.8830,-81.0480,18.8692,9.1549,-22.0654,57.5418,34.8830,-81.0480,18.8692,0,-50,50,-50,-100,0,0
257,1786977757.1947,1786977757.1989,0.03337,9.1429,-22.9890,57.3187,34.9890,-81.0989,18.3862,9.0857,-23.2090,57.4877,34.9631,-81.3627,19.0503,9.0857,-23.2090,57.4877,34.9631,-81.3627,19.0503,0,-100,150,-300,50,0,0
258,1786977757.2281,1786977757.2321,0.03343,9.1429,-22.4615,57.4945,35.4286,-81.0989,18.4524,9.1171,-22.4054,56.5956,35.0682,-81.5164,19.1024,9.1171,-22.4054,56.5956,35.0682,-81.5164,19.1024,0,150,50,250,0,0,0
259,1786977757.2615,1786977757.2655,0.03335,8.9670,-22.2857,57.8462,35.5165,-81.1868,18.5847,9.0386,-22.6382,57.9027,34.9089,-81.5234,19.3436,9.0386,-22.6382,57.9027,34.9089,-81.5234,19.3436,-50,50,50,0,-50,0,0
260,1786977757.2948,1786977757.2989,0.03337,9.1429,-22.1978,57.5824,35.5165,-81.1868,18.7169,8.9743,-22.4548,57.8815,35.2282,-81.4813,19.5046,8.9743,-22.4548,57.8815,35.2282,-81.4813,19.5046,50,0,50,0,0,50,0
261,1786977757.3283,1786977757.3324,0.03343,9.1429,-22.1978,57.5824,35.1648,-81.1868,18.9815,8.8376,-21.5477,57.3005,34.8826,-82.4720,19.8452,8.8376,-21.5477,57.3005,34.8826,-82.4720,19.8452,0,0,-50,-150,0,100,0
262,1786977757.3616,1786977757.3657,0.03337,9.1429,-22.0220,58.0220,35.5165,-81.1868,19.1138,8.8753,-22.8002,57.8153,35.1103,-82.3881,19.8884,8.8753,-22.8002,57.8153,35.1103,-82.3881,19.8884,0,100,150,100,0,100,0
263,1786977757.395,1786977757.3991,0.03337,9.1429,-21.5824,58.1099,35.5165,-81.6264,19.3783,8.5917,-21.0165,57.7690,34.9897,-82.6438,20.0737,8.5917,-21.0165,57.7690,34.9897,-82.6438,20.0737,0,150,100,0,-50,150,0
264,1786977757.4284,1786977757.4325,0.03343,9.1429,-21.6703,58.1099,35.5165,-81.8901,19.5106,8.7570,-21.1513,58.5698,34.1989,-83.0595,20.0435,8.7570,-21.1513,58.5698,34.1989,-83.0595,20.0435,0,0,0,0,0,50,0
265,1786977757.4618,1786977757.466,0.03336,9.1429,-21.6703,58.1099,35.4286,-82.0659,19.6429,8.5751,-21.0124,56.6530,34.6331,-82.6091,19.9701,8.5751,-21.0124,56.6530,34.6331,-82.6091,19.9701,0,0,0,0,-50,50,0
266,1786977757.4952,1786977757.4994,0.03338,9.0549,-21.1429,58.2857,34.9890,-82.4176,19.7751,9.0605,-20.1753,58.1952,34.2383,-83.0541,19.8515,9.0605,-20.1753,58.1952,34.2383,-83.0541,19.8515,0,200,100,-200,-150,50,0
267,1786977757.5292,1786977757.5346,0.03406,8.9670,-20.9670,58.3736,35.0769,-82.5055,19.7751,9.2378,-20.8003,57.3289,34.6841,-82.5352,19.7537,9.2378,-20.8003,57.3289,34.6841,-82.5352,19.7537,-50,50,50,50,0,0,0
268,1786977757.5625,1786977757.5666,0.03325,9.0549,-20.6154,58.1978,34.9890,-82.5934,19.7751,8.6625,-19.8723,57.1219,34.5027,-83.1018,18.8355,8.6625,-19.8723,57.1219,34.5027,-83.1018,18.8355,0,100,-100,-50,-50,0,0
269,1786977757.5959,1786977757.6,0.03344,9.0549,-20.5275,58.1978,34.9011,-82.5934,19.7751,8.6491,-20.1698,57.0984,34.6323,-83.2875,16.6657,8.6491,-20.1698,57.0984,34.6323,-83.2875,16.6657,50,0,0,0,50,0,0
270,1786977757.6292,1786977757.6333,0.03333,8.9670,-20.1758,58.2857,34.9890,-82.8571,19.3783,8.5188,-21.4203,57.5759,34.4306,-84.1743,13.6224,8.5188,-21.4203,57.5759,34.4306,-84.1743,13.6224,0,100,50,0,-100,-200,0
271,1786977757.6626,1786977757.6668,0.03338,8.8791,-20.0000,58.2857,34.9890,-83.0330,18.3862,9.0400,-20.1705,57.8884,34.1801,-83.9540,9.9639,9.0400,-20.1705,57.8884,34.1801,-83.9540,9.9639,-50,100,0,0,-100,-300,0
272,1786977757.6961,1786977757.7006,0.03343,8.8791,-20.0879,58.2857,34.9890,-83.4725,16.6667,9.0444,-21.3006,58.4068,34.7856,-84.2397,6.3987,9.0444,-21.3006,58.4068,34.7856,-84.2397,6.4021,0,-50,0,0,-150,-700,0
273,1786977757.7294,1786977757.7339,0.03339,8.8791,-20.0879,58.2857,34.9011,-83.5604,14.4841,9.4384,-20.8103,58.2479,34.5561,-83.7431,3.5030,9.4384,-20.8103,58.2479,34.5561,-83.7431,4.1534,0,0,0,-50,0,-1050,0
274,1786977757.7628,1786977757.767,0.03334,8.8791,-19.9121,58.3736,34.9011,-83.6484,12.1693,9.5412,-20.3790,58.7659,33.3262,-83.2891,3.1116,9.5412,-20.3790,58.7659,33.3262,-83.2891,3.1116,0,100,0,0,0,-1150,0
275,1786977757.7962,1786977757.8016,0.03342,8.9670,-19.9121,58.4615,34.8132,-83.6484,10.5820,9.6153,-21.1604,60.1382,34.4375,-83.6517,2.8848,9.6153,-21.1604,60.1382,34.4375,-83.6517,2.8848,50,0,0,-50,0,-750,0
276,1786977757.8296,1786977757.8339,0.03336,9.0549,-19.9121,58.6374,34.3736,-83.6484,9.9868,9.8819,-21.9476,60.0681,34.1009,-83.7705,2.3992,9.8819,-21.9476,60.0681,34.1009,-83.7705,2.3992,0,0,0,-200,0,-250,0
277,1786977757.8629,1786977757.8671,0.03337,9.0549,-20.1758,59.2527,34.1978,-83.6484,9.8545,10.2486,-21.2868,60.5102,34.0589,-83.2463,2.9351,10.2486,-21.2868,60.5102,34.0589,-83.2463,2.9351,0,-50,200,-50,0,0,0
278,1786977757.8964,1786977757.9005,0.03344,9.0549,-20.5275,59.6044,34.1099,-83.6484,9.8545,10.4858,-21.2030,61.3277,33.5280,-84.0288,2.4011,10.4858,-21.2030,61.3277,33.5280,-84.0288,2.4011,0,-100,50,-50,0,0,0
279,1786977757.9298,1786977757.9339,0.03338,9.3187,-20.5275,59.9560,34.1099,-83.6484,9.8545,11.4298,-21.3514,62.0123,33.3533,-83.5049,2.6154,11.4298,-21.3514,62.0123,33.3533,-83.5049,2.6154,50,0,100,-50,0,0,0
280,1786977757.9631,1786977757.9673,0.03335,9.6703,-20.7033,60.3956,33.8462,-83.7363,9.8545,11.3303,-22.1025,61.7215,33.4749,-83.3896,2.7760,11.3303,-22.1025,61.7215,33.4749,-83.3896,2.7760,100,-50,150,-100,-50,0,0
281,1786977757.9965,1786977758.0007,0.03342,10.1099,-20.8791,61.0110,33.6703,-83.6484,9.8545,11.9842,-21.7487,62.0081,33.1168,-83.3923,2.5221,11.9842,-21.7487,62.0081,33.1168,-83.3923,2.5221,200,-50,150,-100,50,0,0
282,1786977758.0301,1786977758.0355,0.03355,10.3736,-21.1429,61.1868,33.5824,-83.5604,9.8545,11.6584,-22.3517,63.2582,32.8982,-83.5309,2.7036,11.6584,-22.3517,63.2582,32.8982,-83.5309,2.7036,100,-100,100,-50,0,0,0
283,1786977758.0633,1786977758.0676,0.0332,10.8132,-21.2308,61.4505,33.4945,-83.5604,9.8545,11.1398,-23.0442,63.0076,32.5058,-83.4137,2.5789,11.1398,-23.0442,63.0076,32.5058,-83.4137,2.5789,150,-50,100,-50,0,0,0
284,1786977758.0967,1786977758.1009,0.03342,10.8132,-21.5824,61.9780,33.1429,-83.5604,9.8545,12.0056,-22.6441,62.5184,33.0470,-82.5292,2.3649,12.0056,-22.6441,62.5184,33.0470,-82.5292,2.3649,0,-100,250,-100,0,0,0
285,1786977758.1301,1786977758.1342,0.03335,10.8132,-22.0220,62.4176,32.8791,-83.5604,9.8545,11.5017,-24.2636,64.2531,32.8916,-82.5678,2.2550,11.5017,-24.2636,64.2531,32.8916,-82.5678,2.2550,0,-150,150,-150,0,0,0
286,1786977758.1635,1786977758.1676,0.0334,11.0769,-22.1099,62.4176,32.8791,-83.2967,9.8545,12.1412,-26.5714,62.3040,33.9115,-82.2230,2.2004,12.1412,-26.5714,62.3040,33.9115,-82.2230,2.2004,100,-100,0,0,150,0,0
287,1786977758.1969,1786977758.201,0.03344,11.1648,-22.7253,62.9451,32.8791,-83.0330,9.8545,11.7546,-29.2779,62.9915,34.9070,-82.3920,2.1241,11.7546,-29.2779,62.9915,34.9070,-82.3920,2.1241,0,-150,250,0,100,0,0
288,1786977758.2302,1786977758.2343,0.03331,11.3407,-24.0440,63.3846,33.1429,-82.7692,9.8545,11.6680,-31.5871,62.3453,37.3373,-81.8195,2.1530,11.6680,-31.5871,62.3453,37.3373,-81.8195,2.1530,50,-450,250,50,100,0,0
289,1786977758.2637,1786977758.2678,0.03344,11.6044,-25.4505,63.4725,34.2857,-82.7692,9.8545,11.8867,-35.4014,62.4419,38.9994,-81.3510,1.9603,11.8867,-35.4014,62.4419,38.9994,-81.3510,1.9603,100,-500,50,300,0,0,0
290,1786977758.297,1786977758.3012,0.03333,11.6923,-27.1209,63.5604,35.2527,-82.6813,9.8545,11.0058,-39.3763,61.7949,41.4100,-80.5630,1.8545,11.0058,-37.3846,61.7949,41.4100,-80.5630,1.8545,0,-550,50,300,-50,0,0
291,1786977758.3304,1786977758.3348,0.03342,11.7802,-29.3187,63.5604,36.8352,-82.2418,9.8545,10.2257,-43.7546,59.9696,44.0670,-79.3884,1.7859,10.2257,-39.5824,59.9696,44.0670,-79.3884,1.7859,50,-750,0,550,200,0,0
292,1786977758.3638,1786977758.3681,0.03339,11.5165,-31.7802,63.5604,38.5934,-81.6264,9.8545,10.0289,-48.3425,59.2749,46.1586,-78.3571,1.6511,10.0289,-42.2198,59.2749,46.1586,-78.3571,1.6511,-50,-900,0,550,200,0,0
293,1786977758.3972,1786977758.4015,0.03337,10.9890,-34.2418,63.2088,40.7033,-80.8352,9.8545,8.2695,-52.3574,57.7847,48.8317,-77.3827,1.5237,8.2695,-44.5934,57.7847,48.8317,-77.3827,1.5237,-200,-800,-100,800,200,0,0
294,1786977758.4305,1786977758.4349,0.03337,10.3736,-36.5275,62.5055,42.8132,-79.8681,9.8545,7.4684,-56.5222,55.5092,51.7086,-76.4719,1.4608,7.4684,-46.7912,55.5092,51.7086,-76.4719,1.4608,-250,-750,-250,750,350,0,0
295,1786977758.464,1786977758.4683,0.03343,9.8462,-38.9890,61.5385,45.0110,-78.9890,9.8545,6.2574,-59.4451,53.8677,52.5997,-75.2282,1.8233,6.2574,-49.2527,53.8677,52.5997,-75.2282,1.8233,-200,-800,-300,750,250,0,0
296,1786977758.4973,1786977758.5017,0.03335,9.0549,-41.3626,60.1319,47.5604,-78.0220,9.8545,4.7950,-62.4574,52.1771,52.0540,-73.5295,1.6838,4.7950,-51.6264,52.1771,52.0540,-73.5295,1.6838,-350,-850,-500,850,350,0,0
297,1786977758.5307,1786977758.5351,0.03343,7.9121,-43.6484,58.4615,49.4945,-77.1429,9.8545,3.4428,-64.1777,50.7773,51.4213,-71.9088,1.5938,3.4428,-54.0000,50.7773,51.4213,-71.9088,1.5938,-400,-750,-550,750,300,0,0
298,1786977758.5641,1786977758.5685,0.03336,6.6813,-46.1099,56.9670,50.1978,-75.7363,9.8545,2.9083,-66.4860,48.7997,48.9726,-69.7332,1.6947,2.9083,-56.4615,48.7997,48.9726,-69.7332,1.6947,-450,-800,-500,250,500,0,0
299,1786977758.5975,1786977758.6018,0.03336,5.4505,-48.5714,55.3846,50.3736,-74.2418,9.8545,1.6151,-67.6260,48.5795,46.8074,-67.0544,1.6894,1.6151,-58.9231,48.5795,46.8074,-67.0544,1.6894,-400,-800,-500,0,500,0,0
300,1786977758.6309,1786977758.8516,0.03342,4.3077,-51.0330,53.9780,50.1978,-72.6593,9.8545,-0.5090,-54.3288,49.1390,38.7369,-71.5514,2.7236,-0.5090,-54.3288,49.1390,38.7369,-71.5514,2.7236,-350,-850,-500,0,500,0,1
301,1786977758.8528,1786977758.8576,0.22193,2.1099,-57.2747,51.1648,47.7363,-67.6484,9.8545,-1.7188,-53.0766,50.3607,35.4451,-71.9914,2.5252,-1.7188,-53.0766,50.3607,37.7363,-71.9914,2.5252,-50,-50,0,0,50,0,1
302,1786977758.8861,1786977758.8905,0.03328,1.7582,-57.2747,51.1648,47.6484,-67.5604,9.8545,-2.5527,-53.6738,51.7239,31.8625,-72.0735,2.5557,-2.5527,-53.6738,51.7239,37.6484,-72.0735,2.5557,-100,0,0,0,50,0,0
303,1786977758.9195,1786977758.9238,0.03339,1.2308,-56.9231,51.4286,46.6813,-68.1758,9.8545,-3.4769,-53.1353,52.4206,28.2617,-72.0273,2.5804,-3.4769,-53.1353,52.4206,36.3297,-72.0273,2.5804,-100,100,50,-400,-250,0,0
304,1786977758.9529,1786977758.9572,0.03343,-0.3516,-55.6923,52.0440,44.1319,-69.9341,9.8545,-3.7075,-53.2345,54.5688,24.4277,-72.0264,2.4156,-3.7075,-53.2345,54.5688,33.7802,-72.0264,2.4156,-550,500,200,-900,-650,0,0
305,1786977758.9862,1786977758.9905,0.03333,-1.8462,-54.3736,52.6593,41.3187,-70.6374,9.8545,-3.8879,-53.5174,56.7586,18.7223,-70.7579,2.0988,-3.8879,-53.5174,56.7586,31.0549,-70.7579,2.0988,-550,450,200,-950,-250,0,0
306,1786977759.0197,1786977759.024,0.03345,-2.7253,-53.9341,53.7143,38.7692,-70.9011,9.8545,-4.5299,-52.4676,58.9398,14.6321,-71.0867,1.8939,-4.5299,-52.4676,58.9398,28.5055,-71.0867,1.8939,-300,150,350,-900,-100,0,0
307,1786977759.053,1786977759.0574,0.03333,-3.0769,-54.0220,55.3846,36.2198,-70.8132,9.8545,-4.1467,-52.9930,61.0666,12.2392,-70.3727,1.9586,-4.1467,-52.9930,61.0666,25.8681,-70.3727,1.9586,-150,-50,550,-900,0,0,0
308,1786977759.0864,1786977759.0907,0.03338,-3.1648,-53.7582,57.1429,33.4945,-70.9890,9.8545,-4.0282,-52.8417,61.8829,9.3905,-69.9439,1.6362,-4.0282,-52.8417,61.8829,23.1429,-69.9439,1.6362,-50,0,600,-950,-50,0,0
309,1786977759.1198,1786977759.1241,0.0334,-3.6044,-53.3187,59.0769,30.9451,-70.9011,9.8545,-4.1375,-52.0222,62.2179,6.4600,-69.9489,1.4744,-4.1375,-52.0222,62.2179,20.5055,-69.9489,1.4744,-150,100,650,-950,50,0,0
310,1786977759.1531,1786977759.1576,0.03336,-3.9560,-52.9670,61.0110,28.3956,-70.2857,9.8545,-3.8712,-51.9962,63.2169,4.5408,-69.2896,1.5437,-3.8712,-51.9962,63.2169,18.1319,-69.2896,1.5437,-100,100,650,-850,200,0,0
311,1786977759.1866,1786977759.1923,0.03342,-3.9560,-52.4396,61.8022,25.8462,-70.2857,9.8545,-3.2800,-51.2643,62.8779,3.4710,-68.8229,1.6617,-3.2800,-51.2643,62.8779,15.4066,-68.8229,1.6617,0,200,200,-850,0,0,0
312,1786977759.22,1786977759.2252,0.03341,-3.6923,-52.1758,62.5934,23.2088,-70.2857,9.8545,-2.8098,-48.9214,63.4357,1.0608,-69.1208,1.5243,-2.8098,-48.9214,63.4357,12.6813,-69.1208,1.5243,100,100,250,-950,0,0,0
313,1786977759.2533,1786977759.258,0.03332,-3.5165,-51.7363,63.0330,20.5714,-69.7582,9.8545,-2.4500,-47.2355,62.1718,0.9844,-68.7762,1.6643,-2.4500,-47.2355,62.1718,10.2198,-68.7762,1.6643,50,200,200,-900,200,0,0
314,1786977759.2867,1786977759.2911,0.03344,-3.4286,-50.7692,63.3846,17.9341,-69.6703,9.8545,-2.2699,-46.2399,61.1059,-0.1810,-68.2372,1.1673,-2.2699,-46.2399,61.1059,7.5824,-68.2372,1.1673,50,250,150,-900,0,0,0
315,1786977759.3201,1786977759.3244,0.03339,-3.3407,-49.1868,63.3846,15.2967,-69.4945,9.8545,-2.3755,-43.9814,60.0975,0.8533,-68.3041,1.2183,-2.3755,-43.9814,60.0975,4.9451,-68.3041,1.2183,50,550,0,-850,100,0,0
316,1786977759.3535,1786977759.3578,0.03336,-3.0769,-47.6923,63.2088,12.6593,-69.0549,9.8545,-2.4338,-42.4282,58.8017,0.2144,-68.2386,1.1998,-2.4338,-42.4282,58.8017,2.3077,-68.2386,1.1998,50,500,-50,-900,150,0,0
317,1786977759.3868,1786977759.3912,0.03338,-2.7253,-46.2857,63.2088,10.0220,-68.9670,9.8545,-2.1770,-39.6894,57.0141,0.5465,-68.0912,1.3893,-2.1770,-39.6894,57.0141,0.5465,-68.0912,1.3893,150,500,0,-850,50,0,0
318,1786977759.4203,1786977759.4244,0.0334,-2.6374,-44.6154,62.5055,7.5604,-68.8791,9.8545,-1.8602,-38.4644,55.5181,0.9795,-67.9690,1.1555,-1.8602,-38.4644,55.5181,0.9795,-67.9690,1.1555,50,550,-150,-900,50,0,0
319,1786977759.4536,1786977759.4578,0.03337,-2.6374,-42.5934,61.2747,5.0989,-68.6154,9.8545,-1.9195,-36.2067,53.4490,1.5066,-67.6595,1.1063,-1.9195,-36.2067,53.4490,1.5066,-67.6595,1.1063,0,700,-450,-800,50,0,0
320,1786977759.487,1786977759.4911,0.03338,-2.8132,-40.5714,59.8681,3.9560,-68.4396,9.8545,-2.0493,-34.8003,52.1939,2.1691,-66.9687,1.3310,-2.0493,-34.8003,52.1939,2.1691,-66.9687,1.3310,0,650,-500,-550,50,0,0
321,1786977759.5204,1786977759.5245,0.0334,-2.7253,-38.8132,58.2857,3.6044,-68.2637,9.7884,-2.3691,-32.7335,51.2047,2.4628,-67.4567,1.0830,-2.3691,-32.7335,51.2047,2.4628,-67.4567,1.0830,-50,550,-500,-100,100,0,0
322,1786977759.5538,1786977759.5579,0.03339,-2.6374,-36.8791,56.7033,3.5165,-67.9121,9.7884,-2.2472,-31.0561,48.7985,3.0492,-66.6420,1.1287,-2.2472,-31.0561,48.7985,3.0492,-66.6420,1.1287,0,650,-600,-50,100,0,0
323,1786977759.5872,1786977759.5912,0.03336,-2.3736,-35.1209,55.5604,3.5165,-67.8242,9.7884,-2.3964,-29.3279,48.0005,3.5346,-65.9431,0.9779,-2.3964,-29.3279,48.0005,3.5346,-65.9431,0.9779,100,550,-400,0,50,0,0
324,1786977759.6205,1786977759.6247,0.0334,-2.3736,-33.1868,54.0659,3.5165,-67.3846,9.7884,-2.7571,-28.4641,45.7570,4.4159,-66.1073,1.2378,-2.7571,-28.4641,45.7570,4.4159,-66.1073,1.2378,0,700,-450,0,150,0,0
325,1786977759.6539,1786977759.6581,0.03336,-2.3736,-31.3407,52.5714,3.6044,-66.9451,9.7884,-2.9702,-27.6539,44.6059,4.3146,-65.6648,0.9913,-2.9702,-27.6539,44.6059,4.3146,-65.6648,0.9913,0,700,-500,50,200,0,0
326,1786977759.6873,1786977759.6914,0.03339,-2.3736,-29.7582,51.2527,4.0440,-66.7692,9.7884,-2.7321,-25.3717,43.1978,4.8324,-66.5455,1.1611,-2.7321,-25.3717,43.1978,4.8324,-66.5455,1.1611,0,500,-500,150,100,0,0
327,1786977759.7207,1786977759.726,0.0334,-2.4615,-28.6154,49.5824,4.0440,-66.4176,9.7884,-3.2046,-24.7320,41.0535,4.6127,-65.8232,1.0365,-3.2046,-24.7320,41.0535,4.6127,-65.8232,1.0365,0,400,-500,0,100,0,0
328,1786977759.7541,1786977759.7583,0.03338,-2.4615,-27.4725,48.0879,4.3077,-66.5055,9.7884,-3.3694,-24.1951,40.5244,5.8018,-66.3745,1.2211,-3.3694,-24.1951,40.5244,5.8018,-66.3745,1.2211,0,400,-500,100,0,0,0
329,1786977759.7875,1786977759.7916,0.03338,-2.6374,-25.9780,46.2418,4.3077,-66.4176,9.7884,-3.7058,-24.1444,39.9768,6.3305,-66.2727,1.0939,-3.7058,-24.1444,39.9768,6.3305,-66.2727,1.0939,-50,500,-600,0,0,0,0
330,1786977759.8209,1786977759.825,0.03338,-2.9011,-24.8352,44.7473,5.0110,-66.4176,9.7884,-4.0016,-23.5934,40.2531,6.1103,-66.3249,0.9801,-4.0016,-23.5934,40.2531,6.1103,-66.3249,0.9801,-100,300,-650,200,0,0,0
331,1786977759.8542,1786977759.8585,0.03339,-3.1648,-24.4835,44.1319,5.6264,-66.4176,9.7884,-3.7865,-23.4671,39.5693,6.3943,-66.3024,1.1557,-3.7865,-23.4671,39.5693,6.3943,-66.3024,1.1557,-100,150,-250,250,0,0,0
332,1786977759.8877,1786977759.8917,0.03342,-3.4286,-23.9560,43.6044,5.6264,-66.4176,9.7884,-3.9045,-22.8254,40.2237,6.5258,-66.5367,1.2312,-3.9045,-22.8254,40.2237,6.5258,-66.5367,1.2312,-50,200,-150,0,0,0,0
333,1786977759.921,1786977759.9251,0.03333,-3.6044,-23.5165,42.9011,5.8901,-66.4176,9.7884,-3.7602,-24.0015,39.9465,6.9879,-66.6287,1.3998,-3.7602,-24.0015,39.9465,6.9879,-66.6287,1.3998,-100,100,-200,50,0,0,0
334,1786977759.9544,1786977759.9585,0.03338,-3.6923,-23.1648,42.8132,6.2418,-66.4176,9.7884,-3.6812,-24.1426,40.6214,7.6277,-66.8893,1.4195,-3.6812,-24.1426,40.6214,7.6277,-66.8893,1.4195,0,150,-50,150,0,0,0
335,1786977759.9878,1786977759.9919,0.03341,-3.6923,-23.0769,42.8132,6.5934,-66.4176,9.7884,-3.8954,-23.3150,40.3420,7.3689,-66.8159,1.0739,-3.8954,-23.3150,40.3420,7.3689,-66.8159,1.0739,0,50,0,150,0,0,0
336,1786977760.0211,1786977760.0253,0.03336,-3.5165,-23.0769,42.8132,7.0330,-66.4176,9.7884,-3.6804,-23.6692,41.3125,7.4000,-66.8688,1.3391,-3.6804,-23.6692,41.3125,7.4000,-66.8688,1.3391,0,0,0,150,0,0,0
337,1786977760.0545,1786977760.0586,0.03338,-3.5165,-22.9890,42.8132,7.0330,-66.5055,9.7884,-3.6424,-23.6816,40.7290,6.7549,-66.8673,1.2181,-3.6424,-23.6816,40.7290,6.7549,-66.8673,1.2181,50,0,0,0,-50,0,0
338,1786977760.0879,1786977760.092,0.03342,-3.5165,-22.9890,42.8132,7.0330,-66.5055,9.7884,-3.5621,-23.8878,41.6214,6.9536,-66.7416,1.1702,-3.5621,-23.8878,41.6214,6.9536,-66.7416,1.1702,0,0,0,0,0,0,0
339,1786977760.1215,1786977760.127,0.03359,-3.6044,-22.9011,42.8132,7.0330,-66.5055,9.7884,-3.4251,-24.6447,42.9544,7.2363,-66.9837,1.3055,-3.4251,-24.6447,42.9544,7.2363,-66.9837,1.3055,0,50,0,0,0,0,0
340,1786977760.1547,1786977760.1588,0.03321,-3.6044,-22.9011,42.8132,7.0330,-66.5055,9.7884,-2.9420,-24.3602,43.4313,6.6381,-67.3356,1.3735,-2.9420,-24.3602,43.4313,6.6381,-67.3356,1.3735,0,0,0,0,0,0,0
341,1786977760.1882,1786977760.1922,0.03342,-3.5165,-22.9011,43.0769,7.0330,-66.5934,9.7884,-3.2812,-25.2734,43.8216,6.6628,-66.5465,1.3533,-3.2812,-25.2734,43.8216,6.6628,-66.5465,1.3533,0,0,100,0,0,0,0
342,1786977760.2215,1786977760.2256,0.03335,-3.4286,-22.9890,43.6923,7.0330,-66.8571,9.7884,-3.2057,-25.3893,44.6757,6.7948,-67.1407,1.2370,-3.2057,-25.3893,44.6757,6.7948,-67.1407,1.2370,50,-50,200,0,-100,0,0
343,1786977760.2549,1786977760.259,0.03339,-3.4286,-22.9890,43.9560,7.0330,-66.7692,9.7884,-2.9246,-24.4779,45.7354,6.8741,-67.6450,1.3085,-2.9246,-24.4779,45.7354,6.8741,-67.6450,1.3085,0,0,50,0,50,0,0
344,1786977760.2882,1786977760.2924,0.03336,-3.4286,-23.0769,44.7473,7.0330,-66.9451,9.7884,-3.1728,-24.6589,45.9497,6.7110,-67.3994,1.3515,-3.1728,-24.6589,45.9497,6.7110,-67.3994,1.3515,0,0,300,0,0,0,0
345,1786977760.3217,1786977760.3259,0.03345,-3.3407,-23.0769,45.5385,7.0330,-67.2088,9.7884,-3.4602,-25.0439,46.0123,6.1407,-67.5227,1.2992,-3.4602,-25.0439,46.0123,6.1407,-67.5227,1.2992,0,0,300,0,-150,0,0
346,1786977760.355,1786977760.3591,0.03335,-3.3407,-22.9890,45.9780,7.0330,-67.2088,9.7884,-3.2727,-24.8812,46.7828,6.9273,-68.1436,1.4180,-3.2727,-24.8812,46.7828,6.9273,-68.1436,1.4180,0,50,200,0,0,0,0
347,1786977760.3896,1786977760.3951,0.03458,-3.4286,-22.9890,46.2418,7.0330,-67.2967,9.7884,-3.6009,-23.8873,47.2537,6.9477,-68.0159,1.3424,-3.6009,-23.8873,47.2537,6.9477,-68.0159,1.3424,-50,0,100,0,-50,0,0
348,1786977760.4229,1786977760.4273,0.03323,-3.4286,-23.0769,46.7692,7.0330,-67.6484,9.7884,-4.0630,-24.1346,47.8785,7.1265,-68.1489,1.3200,-4.0630,-24.1346,47.8785,7.1265,-68.1489,1.3200,0,-50,200,0,-100,0,0
349,1786977760.4563,1786977760.4606,0.03342,-3.3407,-23.0769,47.2967,7.1209,-67.6484,9.7884,-3.9630,-24.2998,48.1741,6.9290,-68.3818,1.5367,-3.9630,-24.2998,48.1741,6.9290,-68.3818,1.5367,0,0,200,50,0,0,0
350,1786977760.4897,1786977760.7053,0.03344,-3.5165,-23.0769,47.6484,7.1209,-67.5604,9.7884,-3.6806,-22.4046,48.0947,3.2626,-66.0393,7.9275,-3.6806,-22.4046,48.0947,3.2626,-66.0393,7.9275,-50,0,100,0,50,0,1
351,1786977760.7065,1786977760.711,0.21677,-3.5165,-23.1648,48.0000,7.0330,-68.0879,9.7884,-3.8409,-23.3163,49.7836,4.3020,-65.8197,10.0195,-3.8409,-23.3163,49.7836,4.3020,-65.8197,10.0195,0,0,0,0,0,0,1
352,1786977760.7398,1786977760.7439,0.03327,-3.5165,-23.1648,48.0000,7.0330,-68.0879,9.7884,-3.9808,-22.3381,49.4879,5.2006,-66.4186,11.4402,-3.9808,-22.3381,49.4879,5.2006,-66.4186,11.4402,0,0,0,0,0,0,0
353,1786977760.7731,1786977760.7773,0.0334,-3.5165,-23.1648,48.6154,5.9780,-67.6484,9.7884,-3.7287,-21.7299,49.4293,4.1543,-66.6163,12.9442,-3.7287,-21.7299,49.4293,4.1543,-66.6163,12.9442,0,0,150,-200,200,0,0
354,1786977760.8065,1786977760.8106,0.03338,-3.5165,-22.8132,49.1429,5.0989,-66.8571,10.0529,-3.4600,-22.6759,49.7861,4.2516,-65.7984,14.7546,-3.4600,-22.6759,49.7861,4.2516,-65.7984,14.7546,0,50,200,-350,300,0,0
355,1786977760.8399,1786977760.844,0.03339,-3.6044,-22.3736,49.1429,5.0110,-66.8571,11.1772,-3.5464,-20.9984,49.1584,3.7713,-66.5865,16.1251,-3.5464,-20.9984,49.1584,3.7713,-66.5865,16.1251,-50,150,0,0,0,450,0
356,1786977760.8733,1786977760.8774,0.03338,-3.6044,-22.1978,49.4066,5.1868,-66.5934,12.3016,-3.8730,-21.5809,49.3941,3.0291,-65.5817,17.4967,-3.8730,-21.5809,49.3941,3.0291,-65.5817,17.4967,0,50,0,100,50,500,0
357,1786977760.9067,1786977760.9108,0.03338,-3.5165,-21.7582,49.4945,4.8352,-66.6813,13.7566,-3.8546,-20.4334,49.7746,2.9634,-66.3474,18.2254,-3.8546,-20.4334,49.7746,2.9634,-66.3474,18.2254,50,150,50,-150,50,550,0
358,1786977760.94,1786977760.9441,0.03337,-3.5165,-21.4066,49.4945,4.1319,-66.4176,15.2778,-4.0599,-22.0488,50.4749,3.0588,-66.1508,18.7010,-4.0599,-22.0488,50.4749,3.0588,-66.1508,18.7010,0,200,0,-200,100,750,0
359,1786977760.9735,1786977760.9775,0.03342,-3.5165,-21.0549,49.7582,3.7802,-66.3297,16.4021,-4.8772,-22.2149,49.6335,3.1902,-65.4872,18.9687,-4.8772,-22.2149,49.6335,3.1902,-65.4872,18.9687,0,100,100,-150,0,500,0
360,1786977761.0068,1786977761.0109,0.03335,-3.6044,-20.9670,50.1099,3.4286,-66.3297,17.1296,-4.6241,-19.6157,49.6377,2.5901,-65.6732,18.7978,-4.6241,-19.6157,49.6377,2.5901,-65.6732,18.7978,0,0,150,-150,0,300,0
361,1786977761.0402,1786977761.0443,0.0334,-3.8681,-21.2308,50.1099,3.6923,-66.0659,17.7249,-4.2789,-21.7646,50.5662,2.7844,-65.9086,18.6307,-4.2789,-21.7646,50.5662,2.7844,-65.9086,18.6307,-100,-150,0,100,100,350,0
362,1786977761.0737,1786977761.0779,0.03349,-3.9560,-20.8791,50.1099,3.1648,-65.9780,17.9894,-5.0606,-22.0498,50.8958,2.8525,-65.5429,18.4485,-5.0606,-22.0498,50.8958,2.8525,-65.5429,18.4485,0,100,0,-100,0,150,0
363,1786977761.107,1786977761.111,0.03329,-3.9560,-20.2637,50.1978,2.9011,-66.0659,18.0556,-5.3377,-22.6749,51.3386,3.5871,-65.5612,18.0526,-5.3377,-22.6749,51.3386,3.5871,-65.5612,18.0526,0,200,0,-150,0,0,0
364,1786977761.1404,1786977761.1445,0.0334,-4.1319,-20.6154,50.6374,2.9011,-66.0659,18.0556,-5.0715,-23.5619,52.2096,2.3897,-65.5828,17.6682,-5.0715,-23.5619,52.2096,2.3897,-65.5828,17.6682,0,0,150,0,0,0,0
365,1786977761.1738,1786977761.178,0.03344,-4.3077,-21.3187,51.0769,2.9890,-65.9780,17.9894,-5.8772,-24.0202,51.6132,2.7461,-64.8851,17.3037,-5.8772,-24.0202,51.6132,2.7461,-64.8851,17.3037,-100,-250,150,0,0,-50,0
366,1786977761.2071,1786977761.2112,0.03331,-4.3077,-21.9341,51.6044,2.9011,-65.9780,17.8571,-6.4714,-25.1681,53.1008,3.8397,-64.9715,17.4797,-6.4714,-25.1681,53.1008,3.8397,-64.9715,17.4797,0,-150,200,0,0,-100,0
367,1786977761.2405,1786977761.2446,0.03337,-4.5714,-22.2857,51.6923,2.9011,-65.7143,17.6587,-7.1166,-26.2463,52.9693,3.1750,-65.6067,17.4860,-7.1166,-26.2463,52.9693,3.1750,-65.6067,17.4860,-50,-150,0,0,100,-150,0
368,1786977761.2739,1786977761.278,0.0334,-5.0110,-22.9011,52.2198,3.0769,-65.5385,17.6587,-7.2695,-28.4371,54.8425,4.0827,-65.0175,17.4401,-7.2695,-28.4371,54.8425,4.0827,-65.0175,17.4401,-150,-200,250,50,0,0,0
369,1786977761.3073,1786977761.3114,0.03338,-5.3626,-23.8681,52.8352,3.2527,-65.4505,17.5926,-8.8842,-30.3507,54.5648,4.7924,-64.9597,17.4361,-8.8842,-30.3507,54.5648,4.7924,-64.9597,17.4361,-150,-350,300,100,0,0,0
370,1786977761.3407,1786977761.3449,0.03342,-5.8901,-24.9231,53.5385,3.5165,-65.4505,17.5926,-10.5163,-33.7620,54.8398,5.0232,-65.2042,17.4867,-10.5163,-33.7620,54.8398,5.0232,-65.2042,17.4867,-150,-400,200,100,0,0,0
371,1786977761.374,1786977761.3781,0.03333,-6.7692,-26.5055,54.3297,4.2198,-65.4505,17.5926,-11.2799,-36.4841,57.2794,5.6806,-65.3144,17.6643,-11.2799,-36.4841,57.2794,5.6806,-65.3144,17.6643,-350,-550,200,200,0,0,0
372,1786977761.4075,1786977761.4118,0.03344,-8.0000,-28.2637,54.6813,4.5714,-65.2747,17.5926,-12.7655,-39.3090,58.6301,6.5795,-65.5603,17.5830,-12.7655,-38.5275,58.6301,6.5795,-65.5603,17.5830,-400,-550,100,150,0,0,0
373,1786977761.4408,1786977761.4452,0.03336,-9.2308,-30.7253,55.6484,5.0110,-65.4505,17.5926,-13.9614,-41.4124,58.3904,8.5068,-66.1503,17.5939,-13.9614,-40.9890,58.3904,8.5068,-66.1503,17.5939,-400,-850,350,200,-100,0,0
374,1786977761.4742,1786977761.4785,0.03338,-10.9011,-33.3626,57.2308,5.7143,-65.4505,17.5926,-15.3708,-45.0393,59.4416,10.4549,-65.5626,17.8880,-15.3708,-43.6264,59.4416,10.4549,-65.5626,17.8880,-600,-900,550,250,0,0,0
375,1786977761.5077,1786977761.512,0.03347,-12.2198,-35.5604,58.1099,6.8571,-65.4505,17.5926,-16.7531,-48.2201,58.8418,12.8847,-66.0508,17.6306,-16.7531,-45.8242,58.8418,12.8847,-66.0508,17.6306,-400,-800,400,300,0,0,0
376,1786977761.541,1786977761.5453,0.03333,-13.0989,-37.7582,58.7253,8.4396,-65.6264,17.5926,-17.3417,-51.1218,58.8612,17.1336,-66.0836,17.8676,-17.3417,-48.1099,58.8612,17.1336,-66.0836,17.8676,-400,-750,250,550,-50,0,0
377,1786977761.5744,1786977761.5788,0.03337,-14.4176,-40.2198,59.1648,10.2857,-65.7143,17.5926,-18.0832,-54.5740,59.5193,21.1294,-66.5021,18.0434,-18.0832,-50.6593,59.5193,20.4615,-66.5021,18.0434,-450,-850,50,600,-50,0,0
378,1786977761.6078,1786977761.6122,0.03342,-15.8242,-42.6813,59.0769,12.5714,-65.8022,17.5926,-18.5489,-56.9722,59.4799,26.8634,-66.7570,17.9588,-18.5489,-53.1209,59.4799,22.9231,-66.7570,17.9588,-450,-800,-50,700,0,0,0
379,1786977761.6412,1786977761.6454,0.03336,-16.8791,-45.3187,59.4286,15.4725,-65.8901,17.5926,-18.8306,-61.0514,58.4189,31.0589,-66.8530,17.6458,-18.8306,-55.5824,58.4189,25.8242,-66.8530,17.6458,-450,-850,150,1000,0,0,0
380,1786977761.6745,1786977761.6788,0.03338,-17.4945,-47.7802,59.6923,18.4615,-66.2418,17.5926,-18.6450,-63.9668,59.8055,36.1541,-67.6429,17.1404,-18.6450,-58.1319,59.8055,28.8132,-67.6429,17.1404,-250,-850,100,1000,-100,0,0
381,1786977761.708,1786977761.7123,0.03344,-17.5824,-50.1538,59.6923,21.3626,-66.5934,17.5926,-19.1393,-68.1724,60.9720,41.3743,-68.4071,15.7031,-19.1393,-60.4176,60.9720,31.7143,-68.4071,15.7031,0,-800,0,1000,-150,0,0
382,1786977761.7413,1786977761.7457,0.03336,-17.8462,-52.7912,59.7802,24.0879,-67.0330,17.3942,-18.5578,-71.0367,62.5389,46.0499,-68.4740,13.8899,-18.5578,-63.0549,62.5389,34.4396,-68.4740,13.8899,-150,-850,0,950,-100,-50,0
383,1786977761.7747,1786977761.779,0.03337,-18.4615,-55.3407,60.7473,26.9011,-67.5604,16.9312,-17.6327,-75.7328,65.9518,48.6942,-68.7878,11.0934,-17.6327,-65.7802,65.9518,37.3407,-68.7878,11.0934,-150,-900,350,1000,-200,-100,0
384,1786977761.8081,1786977761.8124,0.0334,-18.7253,-57.8901,61.8901,29.8901,-67.7363,15.4762,-17.1053,-78.7469,68.8009,49.7642,-68.5163,9.6599,-17.1053,-68.2418,68.8009,40.2418,-68.5163,9.6599,-50,-900,350,950,-50,-700,0
385,1786977761.8415,1786977761.8458,0.03338,-18.5495,-60.5275,63.6484,32.6154,-68.0879,13.9550,-16.6099,-83.6843,72.4191,50.0496,-68.1936,7.2339,-16.6099,-70.8791,72.4191,43.0549,-68.1936,7.2339,100,-900,550,950,-150,-750,0
386,1786977761.8748,1786977761.8792,0.03337,-17.6703,-63.3407,66.0220,35.4286,-68.1758,12.3677,-15.7278,-89.4926,76.3822,49.1758,-69.7864,6.4442,-15.7278,-73.6923,76.3736,45.8681,-69.7864,6.4442,300,-900,800,950,-50,-700,0
387,1786977761.9082,1786977761.9125,0.03339,-17.2308,-65.8901,68.7473,38.4176,-68.1758,10.5159,-15.3165,-94.1932,80.2544,49.1787,-69.1097,5.6213,-15.3165,-76.2418,79.0110,48.7692,-69.1097,5.6213,150,-850,900,1000,0,-800,0
388,1786977761.9416,1786977761.946,0.03341,-16.8791,-68.5275,71.8242,41.1429,-68.6154,8.7963,-14.1313,-99.0443,83.0790,47.8501,-69.1131,5.4792,-14.1313,-78.8791,82.1758,47.8501,-69.1131,5.4792,100,-850,1050,950,-150,-700,0
389,1786977761.975,1786977761.9793,0.03334,-16.4396,-71.2527,74.9011,43.9560,-68.9670,7.2751,-13.8442,-103.1815,87.1812,46.9741,-68.4360,6.2998,-13.8442,-81.6923,85.4286,46.9741,-68.4360,6.2998,100,-900,1100,950,-150,-650,0
390,1786977762.0084,1786977762.0128,0.03343,-15.6484,-73.8901,78.1538,45.8022,-68.9670,6.6799,-12.4803,-106.3722,90.6086,46.6939,-68.1394,6.2289,-12.4803,-84.2418,88.5055,46.6939,-68.1394,6.2289,250,-900,1100,500,0,-250,0
391,1786977762.0418,1786977762.0462,0.03336,-14.5934,-76.5275,81.3187,45.9780,-68.8791,6.6138,-11.6453,-107.2135,92.6707,46.7501,-69.1368,6.1037,-11.6453,-86.9670,91.6703,46.7501,-69.1368,6.1037,350,-900,1100,100,50,0,0
392,1786977762.0751,1786977762.0794,0.03336,-13.9780,-79.4286,84.3077,45.9780,-68.7033,6.6138,-11.9958,-106.9713,94.7095,45.9467,-68.3166,6.0081,-11.9958,-89.7802,94.6593,45.9467,-68.3166,6.0081,250,-950,1000,0,50,0,0
393,1786977762.1086,1786977762.1129,0.03344,-13.3626,-82.1538,87.3846,46.1538,-68.7033,6.2831,-11.4825,-105.8148,96.5385,48.2752,-70.2975,5.6958,-11.4825,-92.4176,96.5385,48.2752,-70.2975,5.6958,250,-900,1050,50,-50,-100,0
394,1786977762.142,1786977762.1463,0.03337,-12.4835,-84.8791,90.4615,46.1538,-68.8791,6.2169,-10.3323,-103.7312,96.8380,50.4330,-70.1790,5.0851,-10.3323,-95.1429,96.8380,50.4330,-70.1790,5.0851,300,-950,1100,0,-50,-50,0
395,1786977762.1753,1786977762.1796,0.03335,-12.3956,-87.6923,93.4505,46.7692,-68.9670,6.1508,-10.4754,-101.5902,95.8965,54.4076,-71.4997,4.2024,-10.4754,-98.0440,95.8965,54.4076,-71.4997,4.2024,100,-1000,1000,150,-50,150,0
396,1786977762.2087,1786977762.213,0.0334,-11.9560,-90.2418,95.0330,48.6154,-69.5824,5.4233,-10.0891,-100.4421,97.0650,58.4757,-73.4313,3.9300,-10.0891,-100.4421,97.0650,58.4757,-73.4313,3.9300,100,-800,400,700,-200,-400,0
397,1786977762.2421,1786977762.2463,0.03337,-10.9890,-92.9670,95.1209,50.4615,-70.5495,5.0265,-9.5440,-99.6800,96.0184,62.4033,-73.7595,3.1666,-9.5440,-99.6800,96.0184,60.7253,-73.7595,3.1666,350,-900,50,550,-300,-100,0
398,1786977762.2755,1786977762.2798,0.03339,-10.8132,-96.2198,95.5604,53.2747,-71.5165,4.5635,-9.8771,-100.1081,96.1308,65.9518,-75.2222,2.7630,-9.8771,-100.1081,96.1308,63.6264,-75.2222,2.7630,150,-1200,200,950,-400,-250,0
399,1786977762.3089,1786977762.3132,0.0334,-10.7253,-97.8022,95.9121,56.0000,-72.4835,3.9683,-9.6045,-99.7996,97.9015,69.0780,-76.2043,2.8111,-9.6045,-99.7996,97.9015,66.5275,-76.2043,2.8111,-50,-500,50,950,-300,-250,0
400,1786977762.3422,1786977762.5627,0.03337,-10.1978,-98.4176,95.9121,58.9011,-73.4505,3.5714,-8.1169,-95.8207,97.6924,59.9421,-74.2033,3.5665,-8.1169,-95.8207,97.6924,59.9421,-74.2033,3.5665,200,-250,0,950,-250,-150,1
401,1786977762.5639,1786977762.5685,0.22164,-10.0220,-99.0330,96.9670,66.1099,-75.7363,3.1746,-7.9484,-95.8680,97.9527,60.0634,-75.1919,3.2956,-7.9484,-95.8680,97.9527,60.0634,-75.1919,3.2956,-50,0,0,100,50,0,1
402,1786977762.5972,1786977762.6013,0.0333,-10.0220,-99.0330,96.9670,66.1099,-75.8242,3.1746,-7.1996,-95.8260,98.2684,61.6269,-74.7984,3.3059,-7.1996,-95.8260,98.2684,61.6269,-74.7984,3.3059,0,0,0,0,0,0,0
403,1786977762.6307,1786977762.6356,0.03349,-9.4066,-98.5934,96.9670,65.4945,-75.6484,3.1746,-6.6998,-95.8276,98.4820,61.8812,-74.9685,3.4231,-6.6998,-95.8276,98.4820,61.8812,-74.9685,3.4231,100,150,0,-150,50,0,0
404,1786977762.664,1786977762.6681,0.0333,-8.1758,-97.5385,97.0549,64.0000,-75.3846,3.1746,-6.7111,-96.4237,98.4820,64.3263,-75.5467,3.2910,-6.7111,-96.4237,98.4820,64.3263,-75.5467,3.2910,450,350,50,-500,50,0,0
405,1786977762.6973,1786977762.7014,0.03338,-7.5604,-96.8352,97.1429,63.3846,-75.4725,3.1746,-6.5929,-96.0696,98.9680,66.0510,-75.9550,3.4473,-6.5929,-96.0696,98.9680,66.0510,-75.9550,3.4473,150,300,50,-300,-50,0,0
406,1786977762.7308,1786977762.735,0.03343,-7.5604,-96.9231,97.2308,63.8242,-75.4725,3.1746,-6.3999,-96.1563,99.5862,66.6924,-76.8682,3.4296,-6.3999,-96.1563,99.5862,66.6924,-76.8682,3.4296,0,0,50,150,0,0,0
407,1786977762.7641,1786977762.7683,0.03336,-7.4725,-97.1868,97.2308,64.9670,-75.4725,3.1746,-6.5810,-96.3272,98.4257,68.5013,-76.6875,3.4276,-6.5810,-96.3272,98.4257,68.5013,-76.6875,3.4276,50,-100,0,400,0,0,0
408,1786977762.7975,1786977762.8017,0.03336,-6.8571,-97.0110,97.2308,65.7582,-76.0000,3.1746,-6.2796,-96.0739,98.7383,70.4538,-76.6514,3.5614,-6.2796,-96.0739,98.7383,70.4538,-76.6514,3.5614,200,50,0,350,-150,0,0
409,1786977762.8309,1786977762.8352,0.03343,-6.6813,-96.6593,97.2308,66.7253,-76.3516,3.1746,-6.7715,-96.5895,98.2574,72.8050,-76.8586,3.4236,-6.7715,-96.5895,98.2574,72.8050,-76.8586,3.4236,0,100,0,300,-150,0,0
410,1786977762.8643,1786977762.8685,0.03336,-6.8571,-96.7473,97.2308,68.3956,-76.3516,3.1746,-6.6376,-96.4674,98.5287,73.5019,-76.6742,3.5638,-6.6376,-96.4674,98.5287,73.5019,-76.6742,3.5638,-50,-50,0,550,0,0,0
411,1786977762.8977,1786977762.9018,0.03337,-6.9451,-96.9231,97.2308,70.1538,-76.3516,3.1746,-6.9421,-97.2424,98.6312,73.7172,-76.8335,3.4897,-6.9421,-97.2424,98.6312,73.7172,-76.8335,3.4897,-50,-50,0,600,0,0,0
412,1786977762.9311,1786977762.9352,0.03342,-6.9451,-96.9231,97.2308,71.5604,-76.3516,3.3069,-6.8659,-97.7720,98.4097,75.5481,-76.4361,3.4941,-6.8659,-97.7720,98.4097,75.5481,-76.4361,3.4941,0,0,0,550,0,50,0
413,1786977762.9645,1786977762.9686,0.03341,-6.9451,-96.8352,97.2308,72.3516,-76.4396,3.3069,-6.8712,-97.7513,98.5481,75.3252,-76.7328,3.3707,-6.8712,-97.7513,98.5481,75.3252,-76.7328,3.3707,0,0,0,250,0,0,0
414,1786977762.9978,1786977763.0019,0.03335,-6.8571,-97.2747,97.2308,73.4066,-76.4396,3.3069,-7.0869,-98.3458,98.3346,75.0657,-76.5211,3.4322,-7.0869,-98.3458,98.3346,75.0657,-76.5211,3.4322,50,-250,0,300,0,0,0
415,1786977763.0313,1786977763.0354,0.03342,-6.8571,-97.5385,97.2308,74.1099,-76.5275,3.3069,-7.2547,-98.5635,98.8562,75.8097,-76.5173,3.4185,-7.2547,-98.5635,98.8562,75.8097,-76.5173,3.4185,0,-150,0,300,0,0,0
416,1786977763.0646,1786977763.0688,0.03335,-6.7692,-97.6264,97.2308,74.2857,-76.5275,3.3069,-7.3665,-99.1286,98.8173,75.7153,-76.4883,3.3486,-7.3665,-99.1286,98.8173,75.7153,-76.4883,3.3486,50,0,0,100,0,0,0
417,1786977763.098,1786977763.1021,0.03342,-6.7692,-97.8022,97.2308,74.9011,-76.5275,3.3069,-6.9985,-98.9051,98.0688,76.2837,-76.6055,3.2336,-6.9985,-98.9051,98.0688,76.2837,-76.6055,3.2336,0,-100,0,150,0,0,0
418,1786977763.1314,1786977763.1356,0.0334,-6.7692,-98.2418,97.2308,75.2527,-76.5275,3.3069,-7.0933,-99.0362,98.0369,76.7333,-76.5137,3.2863,-7.0933,-99.0362,98.0369,76.7333,-76.5137,3.2863,0,-150,0,100,0,0,0
419,1786977763.1648,1786977763.1689,0.03335,-6.7692,-98.4176,97.2308,75.6044,-76.5275,3.3069,-7.2906,-99.2184,99.0872,76.5068,-76.3686,3.3845,-7.2906,-99.2184,99.0872,76.5068,-76.3686,3.3845,0,0,0,150,0,0,0
420,1786977763.1982,1786977763.2022,0.0334,-6.7692,-98.5934,97.2308,75.9560,-76.5275,3.3069,-7.5441,-99.2042,98.7165,76.6342,-76.2606,3.3156,-7.5441,-99.2042,98.7165,76.6342,-76.2606,3.3156,0,-50,0,100,0,0,0
421,1786977763.2316,1786977763.2372,0.03343,-6.6813,-98.6813,97.3187,76.1319,-76.6154,3.3069,-7.1783,-98.9200,98.4133,76.8816,-76.2598,3.1948,-7.1783,-98.9200,98.4133,76.8816,-76.2598,3.1948,0,-50,0,50,-50,0,0
422,1786977763.265,1786977763.2691,0.03335,-6.9451,-98.6813,97.3187,76.1319,-76.6154,3.3069,-7.4457,-99.7276,98.8636,77.3763,-76.7721,3.4685,-7.4457,-99.7276,98.8636,77.3763,-76.7721,3.4685,-100,0,0,0,0,0,0
423,1786977763.2984,1786977763.3035,0.0334,-7.1209,-98.6813,97.3187,76.3956,-76.5275,3.3069,-7.1274,-98.7257,99.0328,77.7024,-76.5913,3.3604,-7.1274,-98.7257,99.0328,77.7024,-76.5913,3.3604,-100,0,0,100,50,0,0
424,1786977763.3318,1786977763.3359,0.03341,-7.1209,-99.0330,97.3187,76.8352,-76.6154,3.3069,-7.3639,-99.2796,99.0611,76.6304,-76.2232,3.5104,-7.3639,-99.2796,99.0611,76.6304,-76.2232,3.5104,0,-50,0,150,-50,0,0
425,1786977763.3651,1786977763.3692,0.03338,-7.0330,-99.1209,97.3187,77.0110,-76.7033,3.3069,-7.4149,-99.2795,99.1676,76.5352,-76.3481,3.2791,-7.4149,-99.2795,99.1676,76.5352,-76.3481,3.2791,50,-50,0,100,0,0,0
426,1786977763.3985,1786977763.4027,0.03338,-7.0330,-99.1209,97.3187,77.0110,-76.5275,3.3069,-7.4373,-99.3739,98.8338,77.0169,-76.4366,3.3408,-7.4373,-99.3739,98.8338,77.0169,-76.4366,3.3408,0,0,0,0,-50,0,0
427,1786977763.4319,1786977763.4359,0.03339,-7.0330,-99.1209,97.3187,76.8352,-76.6154,3.3069,-7.4814,-98.0124,98.3993,76.8208,-75.5842,3.3261,-7.4814,-98.0124,98.3993,76.8208,-75.5842,3.3261,0,0,0,-50,-50,0,0
428,1786977763.4653,1786977763.4695,0.03339,-7.0330,-99.1209,97.3187,76.8352,-76.6154,3.3069,-7.4960,-98.6712,98.1504,76.5983,-76.1115,3.3261,-7.4960,-98.6712,98.1504,76.5983,-76.1115,3.3261,0,0,0,0,0,0,0
429,1786977763.4987,1786977763.5028,0.03337,-7.0330,-99.0330,97.3187,76.8352,-76.5275,3.3069,-7.6351,-98.3743,97.3164,76.5057,-76.4675,3.4743,-7.6351,-98.3743,97.3164,76.5057,-76.4675,3.4743,0,0,0,0,50,0,0
430,1786977763.5321,1786977763.5361,0.0334,-7.0330,-98.9451,97.3187,76.8352,-76.5275,3.3069,-7.5690,-98.7368,98.8598,76.3210,-76.0357,3.4667,-7.5690,-98.7368,98.8598,76.3210,-76.0357,3.4667,0,0,0,0,0,0,0
431,1786977763.5655,1786977763.5696,0.0334,-7.1209,-98.9451,97.2308,76.8352,-76.5275,3.3069,-7.5055,-99.2217,98.5380,76.4616,-76.6629,3.2676,-7.5055,-99.2217,98.5380,76.4616,-76.6629,3.2676,-50,0,-50,0,0,0,0
432,1786977763.5988,1786977763.603,0.03337,-7.2088,-98.9451,97.3187,76.8352,-76.4396,3.3069,-7.5428,-99.6367,98.8692,76.3004,-76.5606,3.2853,-7.5428,-99.6367,98.8692,76.3004,-76.5606,3.2853,-50,0,0,0,50,0,0
433,1786977763.6323,1786977763.6364,0.03342,-7.2088,-98.9451,97.3187,76.8352,-76.4396,3.3069,-7.4087,-98.8765,98.4553,76.4440,-76.3820,3.4098,-7.4087,-98.8765,98.4553,76.4440,-76.3820,3.4098,0,0,0,0,50,0,0
434,1786977763.6657,1786977763.6698,0.03341,-7.2088,-98.9451,97.3187,76.8352,-76.5275,3.3069,-7.6996,-98.9564,98.2687,76.3845,-76.2531,3.4166,-7.6996,-98.9564,98.2687,76.3845,-76.2531,3.4166,0,0,0,0,0,0,0
435,1786977763.699,1786977763.7044,0.03334,-7.2088,-98.9451,97.3187,76.8352,-76.5275,3.3069,-7.4908,-99.9876,99.0469,76.5324,-77.1087,3.3128,-7.4908,-99.9876,99.0469,76.5324,-77.1087,3.3128,0,0,0,0,0,0,0
436,1786977763.7331,1786977763.7386,0.03406,-7.2088,-99.0330,97.3187,76.8352,-76.5275,3.3069,-7.9932,-99.2149,98.4324,76.7512,-76.7411,3.4724,-7.9932,-99.2149,98.4324,76.7512,-76.7411,3.4724,0,0,0,0,0,0,0
437,1786977763.7663,1786977763.7704,0.03326,-7.2088,-99.2088,97.3187,76.8352,-76.5275,3.3069,-7.9557,-99.1677,98.0849,76.6379,-76.2731,3.2692,-7.9557,-99.1677,98.0849,76.6379,-76.2731,3.2692,0,-100,0,0,0,0,0
438,1786977763.7998,1786977763.8039,0.03341,-7.3846,-99.2088,97.3187,76.8352,-76.7033,3.3069,-7.7111,-99.8695,98.3191,76.5406,-76.0997,3.4499,-7.7111,-99.8695,98.3191,76.5406,-76.0997,3.4499,-50,0,0,0,0,0,0
439,1786977763.8331,1786977763.8372,0.03336,-7.7363,-99.2088,97.3187,76.8352,-76.6154,3.3069,-7.8839,-99.0463,98.3297,76.5223,-76.5653,3.1803,-7.8839,-99.0463,98.3297,76.5223,-76.5653,3.1803,-100,0,0,0,0,0,0
440,1786977763.8665,1786977763.8706,0.03336,-7.8242,-99.2967,97.3187,76.8352,-76.5275,3.3069,-7.7448,-99.5123,98.3666,76.6594,-76.0586,3.4271,-7.7448,-99.5123,98.3666,76.6594,-76.0586,3.4271,-50,-50,0,0,0,0,0
441,1786977763.8999,1786977763.9039,0.03344,-7.7363,-99.2967,97.3187,76.8352,-76.5275,3.3069,-7.4134,-99.4938,98.0574,76.1543,-76.4951,3.2944,-7.4134,-99.4938,98.0574,76.1543,-76.4951,3.2944,0,0,0,0,0,0,0
442,1786977763.9333,1786977763.9373,0.03335,-7.6484,-99.3846,97.3187,76.8352,-76.5275,3.3069,-7.4725,-98.6630,97.7618,76.8138,-75.9943,3.3221,-7.4725,-98.6630,97.7618,76.8138,-75.9943,3.3221,50,0,0,0,0,0,0
443,1786977763.9666,1786977763.9707,0.03337,-7.5604,-99.3846,97.3187,76.7473,-76.6154,3.3069,-7.7863,-99.0421,98.8025,76.8771,-75.8178,3.3549,-7.7863,-99.0421,98.8025,76.8771,-75.8178,3.3549,50,0,0,-50,-50,0,0
444,1786977764.0001,1786977764.0041,0.03342,-7.5604,-99.2967,97.3187,76.8352,-76.5275,3.3069,-7.5894,-99.4467,99.1469,76.7568,-76.3459,3.4195,-7.5894,-99.4467,99.1469,76.7568,-76.3459,3.4195,0,0,0,0,50,0,0
445,1786977764.0334,1786977764.0375,0.03335,-7.5604,-99.3846,97.3187,76.8352,-76.3516,3.3069,-7.5822,-98.5709,98.3234,76.6296,-76.0854,3.3748,-7.5822,-98.5709,98.3234,76.6296,-76.0854,3.3748,0,0,0,0,100,0,0
446,1786977764.0668,1786977764.071,0.03341,-7.5604,-99.3846,97.3187,76.8352,-76.3516,3.3069,-7.6672,-98.4861,97.3712,76.6729,-76.2539,3.4961,-7.6672,-98.4861,97.3712,76.6729,-76.2539,3.4961,0,0,0,0,0,0,0
447,1786977764.1002,1786977764.1043,0.03341,-7.5604,-99.2967,97.3187,76.8352,-76.2637,3.3069,-7.7311,-99.3089,98.4014,76.5561,-75.9942,3.3323,-7.7311,-99.3089,98.4014,76.5561,-75.9942,3.3323,0,0,0,0,0,0,0
448,1786977764.1336,1786977764.1378,0.03341,-7.5604,-99.1209,97.2308,76.8352,-76.2637,3.3069,-7.7042,-99.3974,97.2853,76.6395,-75.6653,3.3622,-7.7042,-99.3974,97.2853,76.6395,-75.6653,3.3622,0,100,0,0,0,0,0
449,1786977764.167,1786977764.1711,0.03336,-7.5604,-99.1209,97.2308,76.8352,-76.2637,3.3069,-7.1023,-100.3759,98.4682,77.2586,-76.3276,3.2392,-7.1023,-100.3759,98.4682,77.2586,-76.3276,3.2392,0,0,0,0,0,0,0
450,1786977764.2004,1786977764.4154,0.03337,-7.5604,-99.1209,97.2308,76.8352,-76.2637,3.3069,-7.2591,-99.7969,96.6169,78.8325,-76.3507,3.3529,-7.2591,-99.7969,96.6169,78.8325,-76.3507,3.3529,0,0,0,0,0,0,1
451,1786977764.4166,1786977764.4216,0.21627,-7.5604,-99.9121,97.2308,77.0110,-76.2637,3.3069,-7.5540,-99.1564,96.5939,78.1697,-76.5879,3.2570,-7.5540,-99.1564,96.5939,78.1697,-76.5879,3.2570,0,0,0,0,0,0,1
452,1786977764.4501,1786977764.4559,0.03344,-7.5604,-99.9121,97.2308,77.0110,-76.2637,3.3069,-7.6077,-99.4433,96.7953,78.4634,-76.4248,3.1063,-7.6077,-99.4433,96.7953,78.4634,-76.4248,3.1063,0,0,0,0,0,0,0
453,1786977764.4833,1786977764.4877,0.03327,-7.6484,-99.8242,96.9670,77.5385,-76.2637,3.3069,-7.3986,-99.8529,96.2682,78.3558,-76.3363,3.1474,-7.3986,-99.8529,96.2682,78.3558,-76.3363,3.1474,0,0,-100,150,0,0,0
454,1786977764.5168,1786977764.5209,0.03341,-7.6484,-99.7363,96.7912,77.8022,-76.2637,3.3069,-7.4983,-100.3626,97.3308,79.0313,-76.4472,3.1617,-7.4983,-100.3626,97.3308,79.0313,-76.4472,3.1617,0,50,0,100,0,0,0
455,1786977764.5501,1786977764.5543,0.03338,-7.6484,-99.8242,96.7912,77.8022,-76.2637,3.3069,-7.5135,-99.7499,96.6907,77.7851,-76.7030,3.1098,-7.5135,-99.7499,96.6907,77.7851,-76.7030,3.1098,0,-50,0,0,0,0,0
456,1786977764.5835,1786977764.5877,0.03338,-7.6484,-100.0000,96.7912,78.2418,-76.2637,3.3069,-7.5870,-99.9850,95.8649,78.3935,-77.3245,3.2739,-7.5870,-99.9850,95.8649,78.3935,-77.3245,3.2739,0,-50,0,150,0,0,0
457,1786977764.6169,1786977764.621,0.03336,-7.5604,-100.0000,96.7912,78.0659,-76.2637,3.3069,-7.6121,-100.6084,97.1182,78.5283,-76.7014,3.2887,-7.6121,-100.6084,97.1182,78.5283,-76.7014,3.2887,0,0,0,-50,0,0,0
458,1786977764.6502,1786977764.6547,0.03336,-7.5604,-100.0000,96.6154,78.1538,-76.4396,3.3069,-7.4749,-100.0213,96.5556,78.9139,-76.7033,3.2495,-7.4749,-100.0213,96.5556,78.9139,-76.7033,3.2495,0,0,-100,50,0,0,0
459,1786977764.6837,1786977764.6878,0.03342,-7.5604,-100.0879,96.6154,78.3297,-76.5275,3.3069,-7.3501,-100.2045,96.8789,79.1188,-76.6498,3.3215,-7.3501,-100.2045,96.8789,79.1188,-76.6498,3.3215,0,-50,0,100,0,0,0
460,1786977764.717,1786977764.7211,0.03336,-7.5604,-100.1758,96.6154,78.5055,-76.5275,3.3069,-7.4574,-100.1462,96.6136,78.4421,-77.2655,3.0595,-7.4574,-100.1462,96.6136,78.4421,-77.2655,3.0595,0,-50,0,50,0,0,0
461,1786977764.7504,1786977764.7545,0.03337,-7.5604,-100.2637,96.6154,78.6813,-76.5275,3.3069,-7.7380,-100.1915,96.8577,79.0382,-76.8755,3.1540,-7.7380,-100.1915,96.8577,79.0382,-76.8755,3.1540,0,-50,0,50,0,0,0
462,1786977764.784,1786977764.7895,0.0336,-7.5604,-100.3516,96.6154,78.6813,-76.7912,3.3069,-7.7845,-99.5194,96.6251,78.3259,-76.5569,3.0441,-7.7845,-99.5194,96.6251,78.3259,-76.5569,3.0441,0,-50,0,0,-100,0,0
463,1786977764.8172,1786977764.8214,0.03325,-7.5604,-100.3516,96.6154,78.6813,-76.7912,3.3069,-7.4482,-99.7041,97.1237,78.6129,-76.2700,3.1835,-7.4482,-99.7041,97.1237,78.6129,-76.2700,3.1835,0,0,0,0,0,0,0
464,1786977764.8508,1786977764.8562,0.03353,-7.5604,-100.3516,96.6154,78.6813,-76.7033,3.3069,-7.7160,-99.4403,96.9604,78.6780,-76.7682,3.2972,-7.7160,-99.4403,96.9604,78.6780,-76.7682,3.2972,0,0,0,0,50,0,0
465,1786977764.8842,1786977764.8897,0.03346,-7.5604,-100.3516,96.6154,78.6813,-76.7033,3.3069,-7.8300,-99.9977,96.8832,78.7505,-77.0778,3.1241,-7.8300,-99.9977,96.8832,78.7505,-77.0778,3.1241,0,0,0,0,0,0,0
466,1786977764.9175,1786977764.9217,0.03325,-7.5604,-100.3516,96.6154,78.6813,-76.7033,3.3069,-7.4231,-99.3629,96.1978,78.5250,-76.4340,3.2179,-7.4231,-99.3629,96.1978,78.5250,-76.4340,3.2179,0,0,0,0,0,0,0
467,1786977764.9509,1786977764.955,0.03341,-7.5604,-100.3516,96.6154,78.6813,-76.7912,3.3069,-7.5029,-99.8312,96.6541,79.1594,-76.4561,3.2452,-7.5029,-99.8312,96.6541,79.1594,-76.4561,3.2452,0,0,0,0,-50,0,0
468,1786977764.9845,1786977764.9899,0.03362,-7.5604,-100.3516,96.6154,78.6813,-76.7033,3.3069,-7.4053,-100.2239,97.1935,78.3201,-76.1136,3.1539,-7.4053,-100.2239,97.1935,78.3201,-76.1136,3.1539,0,0,0,0,50,0,0
469,1786977765.0177,1786977765.0218,0.03319,-7.5604,-100.3516,96.6154,78.6813,-76.7033,3.3069,-7.5418,-99.1300,97.0220,78.2462,-76.6178,3.2544,-7.5418,-99.1300,97.0220,78.2462,-76.6178,3.2544,0,0,0,0,0,0,0
470,1786977765.0511,1786977765.0552,0.03338,-7.5604,-100.3516,96.6154,78.6813,-76.7033,3.3069,-7.8180,-99.9347,97.2386,79.2181,-76.3328,3.1727,-7.8180,-99.9347,97.2386,79.2181,-76.3328,3.1727,0,0,0,0,0,0,0
471,1786977765.0845,1786977765.0887,0.03341,-7.5604,-100.0879,96.6154,78.6813,-76.7033,3.3069,-7.7210,-100.3191,96.5499,78.4487,-76.6712,3.2327,-7.7210,-100.3191,96.5499,78.4487,-76.6712,3.2327,0,50,0,0,0,0,0
472,1786977765.1179,1786977765.1219,0.03336,-7.5604,-100.0000,96.6154,78.8571,-76.7033,3.3069,-7.6991,-100.4604,96.6409,78.7925,-76.9478,3.1876,-7.6991,-100.4604,96.6409,78.7925,-76.9478,3.1876,0,50,0,0,0,0,0
473,1786977765.1513,1786977765.1555,0.03342,-7.5604,-100.0879,96.6154,78.8571,-76.7033,3.3069,-7.6293,-100.0129,96.6348,78.5882,-77.1312,3.2551,-7.6293,-100.0129,96.6348,78.5882,-77.1312,3.2551,0,0,0,0,0,0,0
474,1786977765.1847,1786977765.1888,0.03338,-7.5604,-100.0879,96.6154,78.8571,-76.7033,3.3069,-7.7459,-99.8226,97.2987,78.8377,-76.8024,3.1945,-7.7459,-99.8226,97.2987,78.8377,-76.8024,3.1945,0,0,0,0,0,0,0
475,1786977765.218,1786977765.2221,0.03337,-7.5604,-100.0879,96.6154,78.8571,-76.7033,3.3069,-7.6313,-100.1646,97.0416,78.8054,-76.2301,3.1833,-7.6313,-100.1646,97.0416,78.8054,-76.2301,3.1833,0,0,0,0,0,0,0
476,1786977765.2515,1786977765.2558,0.03347,-7.5604,-100.0879,96.6154,78.8571,-76.6154,3.3069,-7.7702,-99.5816,96.6959,78.3562,-77.0458,3.2427,-7.7702,-99.5816,96.6959,78.3562,-77.0458,3.2427,0,0,0,0,0,0,0
477,1786977765.285,1786977765.2907,0.03351,-7.5604,-100.0879,96.6154,78.8571,-76.6154,3.3069,-7.7336,-99.9613,97.1827,78.5390,-76.5493,3.2410,-7.7336,-99.9613,97.1827,78.5390,-76.5493,3.2410,0,0,0,0,0,0,0
478,1786977765.3185,1786977765.3239,0.03346,-7.5604,-100.0879,96.6154,78.8571,-76.6154,3.3069,-7.6405,-99.9453,96.9956,78.2854,-77.0991,3.0898,-7.6405,-99.9453,96.9956,78.2854,-77.0991,3.0898,0,0,0,0,0,0,0
479,1786977765.3518,1786977765.3572,0.03336,-7.5604,-100.0879,96.6154,78.8571,-76.7033,3.3069,-7.7046,-99.9666,97.2588,78.4818,-76.9303,3.2589,-7.7046,-99.9666,97.2588,78.4818,-76.9303,3.2589,0,0,0,0,0,0,0
480,1786977765.3851,1786977765.3892,0.03329,-7.5604,-100.0879,96.6154,78.8571,-76.7912,3.3069,-7.5899,-99.4319,96.9525,78.1960,-76.5196,3.3240,-7.5899,-99.4319,96.9525,78.1960,-76.5196,3.3240,0,0,0,0,-50,0,0
481,1786977765.4185,1786977765.4227,0.03336,-7.5604,-100.0879,96.6154,78.8571,-76.7033,3.3069,-7.6535,-99.2582,97.4913,79.0059,-76.7423,3.2731,-7.6535,-99.2582,97.4913,79.0059,-76.7423,3.2731,0,0,0,0,0,0,0
482,1786977765.4519,1786977765.456,0.03342,-7.5604,-100.0000,96.6154,78.6813,-76.7033,3.3069,-7.7397,-99.0874,97.0661,78.6777,-76.2932,3.1373,-7.7397,-99.0874,97.0661,78.6777,-76.2932,3.1373,0,0,0,-100,0,0,0
483,1786977765.4855,1786977765.4909,0.03362,-7.5604,-100.0000,96.6154,78.7692,-76.7033,3.3069,-7.8295,-99.4524,96.4227,78.1849,-76.7536,3.1507,-7.8295,-99.4524,96.4227,78.1849,-76.7536,3.1507,0,0,0,50,0,0,0
484,1786977765.5187,1786977765.5228,0.0332,-7.5604,-99.9121,96.7033,78.7692,-76.7033,3.3069,-7.5864,-100.1372,96.7849,78.0984,-76.4853,3.3274,-7.5864,-100.1372,96.7849,78.0984,-76.4853,3.3274,0,0,0,0,0,0,0
485,1786977765.5521,1786977765.5561,0.0334,-7.5604,-99.9121,96.7033,78.5934,-76.7033,3.3069,-7.7932,-100.1346,96.9807,78.3704,-77.3816,3.1536,-7.7932,-100.1346,96.9807,78.3704,-77.3816,3.1536,0,0,0,-100,0,0,0
486,1786977765.5855,1786977765.5897,0.03338,-7.5604,-99.9121,96.7033,78.5055,-76.7033,3.3069,-7.4899,-99.0824,96.6293,78.1927,-76.4268,3.1285,-7.4899,-99.0824,96.6293,78.1927,-76.4268,3.1285,0,0,0,-50,0,0,0
487,1786977765.6189,1786977765.6229,0.03338,-7.5604,-99.9121,96.7033,78.5055,-76.8791,3.3069,-7.6352,-99.4701,96.3520,78.5951,-76.8161,3.1300,-7.6352,-99.4701,96.3520,78.5951,-76.8161,3.1300,0,0,0,0,-100,0,0
488,1786977765.6523,1786977765.6568,0.03341,-7.5604,-99.9121,96.7033,78.5055,-76.9670,3.3069,-7.6960,-99.9021,96.9852,78.5563,-76.3965,3.2338,-7.6960,-99.9021,96.9852,78.5563,-76.3965,3.2338,0,0,0,0,0,0,0
489,1786977765.6856,1786977765.6898,0.03337,-7.5604,-99.8242,96.7033,78.5055,-76.8791,3.3069,-7.8153,-99.7346,96.5491,78.7160,-76.7476,3.2965,-7.8153,-99.7346,96.5491,78.7160,-76.7476,3.2965,0,0,0,0,50,0,0
490,1786977765.719,1786977765.7231,0.03338,-7.5604,-99.8242,96.7033,78.5055,-76.8791,3.3069,-7.6270,-99.1167,96.2522,78.1269,-76.5194,3.2392,-7.6270,-99.1167,96.2522,78.1269,-76.5194,3.2392,0,0,0,0,0,0,0
491,1786977765.7525,1786977765.7566,0.03344,-7.5604,-99.8242,96.7033,78.5055,-76.8791,3.3069,-7.6465,-99.8504,96.9824,78.9669,-76.7754,3.2961,-7.6465,-99.8504,96.9824,78.9669,-76.7754,3.2961,0,0,0,0,0,0,0
492,1786977765.7858,1786977765.7899,0.03337,-7.5604,-99.6484,96.7033,78.5055,-76.8791,3.3069,-7.5475,-99.7083,96.9485,78.0492,-76.8123,3.1319,-7.5475,-99.7083,96.9485,78.0492,-76.8123,3.1319,0,50,0,0,0,0,0
493,1786977765.8192,1786977765.8233,0.03339,-7.5604,-99.6484,96.7033,78.5934,-76.8791,3.3069,-7.5742,-100.0434,97.3983,78.3745,-76.6053,3.1582,-7.5742,-100.0434,97.3983,78.3745,-76.6053,3.1582,0,0,0,50,0,0,0
494,1786977765.8526,1786977765.8576,0.0334,-7.5604,-99.6484,96.7033,78.5934,-76.8791,3.3069,-7.6243,-99.5792,96.8405,78.6220,-76.4168,3.2366,-7.6243,-99.5792,96.8405,78.6220,-76.4168,3.2366,0,0,0,0,0,0,0
495,1786977765.886,1786977765.8905,0.03338,-7.5604,-99.6484,96.7033,78.5055,-76.8791,3.3069,-7.5021,-99.4217,96.4962,78.6590,-76.2767,3.2136,-7.5021,-99.4217,96.4962,78.6590,-76.2767,3.2136,0,0,0,0,0,0,0
496,1786977765.9195,1786977765.924,0.0335,-7.5604,-99.6484,96.7033,78.5055,-76.8791,3.3069,-7.6146,-99.8960,96.6124,78.4584,-76.5613,3.1098,-7.6146,-99.8960,96.6124,78.4584,-76.5613,3.1098,0,0,0,0,0,0,0
497,1786977765.9528,1786977765.9573,0.03328,-7.5604,-99.6484,96.7033,78.5055,-76.8791,3.3069,-7.4938,-99.7067,96.2190,78.7899,-76.6359,3.1718,-7.4938,-99.7067,96.2190,78.7899,-76.6359,3.1718,0,0,0,0,0,0,0
498,1786977765.9861,1786977765.9906,0.03337,-7.5604,-99.6484,96.7033,78.5055,-76.8791,3.3069,-7.5970,-99.7743,96.3236,78.1387,-76.9128,3.1411,-7.5970,-99.7743,96.3236,78.1387,-76.9128,3.1411,0,0,0,0,0,0,0
499,1786977766.0196,1786977766.0237,0.03341,-7.5604,-99.6484,96.7033,78.5055,-76.8791,3.3069,-7.3505,-98.9547,96.9770,77.6547,-76.1363,3.2206,-7.3505,-98.9547,96.9770,77.6547,-76.1363,3.2206,0,0,0,0,0,0,0
500,1786977766.053,1786977766.2727,0.03341,-7.5604,-99.6484,96.7033,78.5055,-76.8791,3.3069,-8.1775,-99.2778,97.0204,79.0453,-78.5453,3.2466,-8.1775,-99.2778,97.0204,79.0453,-78.5453,3.2466,0,0,0,0,0,0,1
501,1786977766.2739,1786977766.2788,0.22093,-7.5604,-99.4725,96.7033,78.1538,-76.4396,3.3069,-8.0244,-99.4299,96.2991,79.8301,-78.0299,3.3977,-8.0244,-99.4299,96.2991,79.8301,-78.0299,3.3977,0,0,0,0,0,0,1
502,1786977766.3072,1786977766.3117,0.03331,-7.5604,-99.4725,96.7033,78.1538,-76.4396,3.3069,-7.3301,-99.7626,96.2691,78.6597,-77.2282,3.1664,-7.3301,-99.7626,96.2691,78.6597,-77.2282,3.1664,0,0,0,0,0,0,0
503,1786977766.3411,1786977766.3466,0.03386,-7.6484,-99.4725,96.7033,78.6813,-76.8791,3.3069,-8.5326,-98.5231,95.0666,79.2657,-78.5697,3.1497,-8.5326,-98.5231,95.0666,79.2657,-78.5697,3.1497,-50,0,0,200,-50,0,0
504,1786977766.3743,1786977766.3786,0.03326,-7.7363,-99.4725,96.7033,79.1209,-77.3187,3.3069,-8.2714,-100.3398,96.1317,78.9707,-78.6436,3.2971,-8.2714,-100.3398,96.1317,78.9707,-78.6436,3.2971,-50,0,0,100,-150,0,0
505,1786977766.4077,1786977766.4122,0.0334,-7.9121,-99.3846,96.4396,79.0330,-77.4945,3.3069,-8.2302,-98.3313,95.6161,79.4475,-78.4768,3.2464,-8.2302,-98.3313,95.6161,79.4475,-78.4768,3.2464,0,0,-150,-50,-150,0,0
506,1786977766.4411,1786977766.4456,0.03337,-8.3516,-99.2967,96.0879,79.0330,-77.9341,3.3069,-8.5868,-100.0515,96.3416,78.9573,-78.3735,3.1126,-8.5868,-100.0515,96.3416,78.9573,-78.3735,3.1126,-150,50,-150,0,-200,0,0
507,1786977766.4745,1786977766.479,0.03342,-8.3516,-99.3846,96.0879,79.0330,-78.1099,3.3069,-7.8139,-99.8833,95.6785,79.6950,-78.7109,3.3111,-7.8139,-99.8833,95.6785,79.6950,-78.7109,3.3111,0,-50,0,0,0,0,0
508,1786977766.5079,1786977766.512,0.03336,-8.3516,-99.3846,96.0879,79.0330,-78.1099,3.3069,-8.0609,-98.7332,96.0853,79.6327,-78.7377,3.2549,-8.0609,-98.7332,96.0853,79.6327,-78.7377,3.2549,0,0,0,0,0,0,0
509,1786977766.5413,1786977766.5455,0.03341,-8.1758,-99.3846,96.0879,79.2088,-78.2857,3.3069,-8.1126,-98.9942,95.4079,79.9911,-78.5596,3.3786,-8.1126,-98.9942,95.4079,79.9911,-78.5596,3.3786,50,0,0,50,-50,0,0
510,1786977766.5747,1786977766.5792,0.03337,-8.1758,-99.4725,96.0879,79.3846,-78.3736,3.3069,-8.3678,-99.9393,95.5582,79.4992,-78.9300,3.1846,-8.3678,-99.9393,95.5582,79.4992,-78.9300,3.1846,0,0,0,0,-50,0,0
511,1786977766.6081,1786977766.6126,0.03341,-8.1758,-99.4725,96.0000,79.4725,-78.3736,3.3069,-7.7510,-99.0711,96.8768,79.4434,-78.5359,3.3283,-7.7510,-99.0711,96.8768,79.4434,-78.5359,3.3283,0,0,-50,100,0,0,0
512,1786977766.6415,1786977766.6459,0.03338,-8.1758,-99.5604,95.9121,79.5604,-78.4615,3.3069,-8.0303,-100.1961,97.3003,79.2806,-78.3061,3.2029,-8.0303,-100.1961,97.3003,79.2806,-78.3061,3.2029,0,0,-50,0,-50,0,0
513,1786977766.6748,1786977766.6793,0.03335,-8.1758,-99.5604,95.9121,79.5604,-78.4615,3.3069,-7.7068,-100.1385,96.6254,79.2471,-78.1453,3.2853,-7.7068,-100.1385,96.6254,79.2471,-78.1453,3.2853,0,0,0,0,0,0,0
514,1786977766.7082,1786977766.7127,0.03342,-8.1758,-99.5604,96.2637,79.5604,-78.4615,3.3069,-7.9127,-98.1365,96.8960,79.8409,-78.5316,3.4413,-7.9127,-98.1365,96.8960,79.8409,-78.5316,3.4413,0,0,100,0,0,0,0
515,1786977766.7416,1786977766.7461,0.03338,-8.1758,-99.5604,96.2637,79.5604,-78.4615,3.3069,-8.2721,-98.5656,96.0823,79.0650,-78.8625,3.2451,-8.2721,-98.5656,96.0823,79.0650,-78.8625,3.2451,0,0,0,0,0,0,0
516,1786977766.775,1786977766.7794,0.03338,-8.1758,-99.5604,96.2637,79.5604,-78.6374,3.3069,-8.2097,-98.3840,96.4308,79.8679,-78.9250,3.3239,-8.2097,-98.3840,96.4308,79.8679,-78.9250,3.3239,0,0,0,0,0,0,0
517,1786977766.8089,1786977766.8147,0.03391,-8.1758,-99.0330,96.2637,79.5604,-78.6374,3.3069,-8.1856,-99.1782,96.3401,79.7836,-78.4669,3.4247,-8.1856,-99.1782,96.3401,79.7836,-78.4669,3.4247,0,200,0,0,0,0,0
518,1786977766.8421,1786977766.8466,0.03325,-8.1758,-99.0330,96.2637,79.6484,-78.6374,3.3069,-8.2422,-99.2046,95.8922,79.2693,-78.7513,3.3153,-8.2422,-99.2046,95.8922,79.2693,-78.7513,3.3153,0,0,0,0,0,0,0
519,1786977766.8755,1786977766.8799,0.03339,-8.0879,-99.0330,96.2637,79.6484,-78.6374,3.3069,-8.4734,-99.7690,95.1607,79.3898,-79.0240,3.3098,-8.4734,-99.7690,95.1607,79.3898,-79.0240,3.3098,0,0,0,0,0,0,0
520,1786977766.9091,1786977766.9147,0.03358,-8.0879,-99.0330,96.2637,79.6484,-78.6374,3.3069,-8.4460,-98.3747,95.4438,79.7829,-78.4085,3.2888,-8.4460,-98.3747,95.4438,79.7829,-78.4085,3.2888,0,0,0,0,0,0,0
521,1786977766.9424,1786977766.9465,0.03324,-8.0879,-99.2088,95.9121,79.7363,-78.6374,3.3069,-8.4716,-98.9825,96.2874,78.7711,-78.6051,3.4106,-8.4716,-98.9825,96.2874,78.7711,-78.6051,3.4106,0,-50,-100,50,0,0,0
522,1786977766.9758,1786977766.9803,0.03341,-8.0879,-99.1209,95.9121,79.7363,-78.5495,3.3069,-7.9892,-98.7468,95.9406,78.4636,-79.3909,3.3763,-7.9892,-98.7468,95.9406,78.4636,-79.3909,3.3763,0,0,0,0,50,0,0
523,1786977767.0092,1786977767.0136,0.0334,-8.0879,-98.9451,95.9121,79.4725,-78.6374,3.3069,-8.2984,-99.9445,95.3048,79.2890,-78.6729,3.5084,-8.2984,-99.9445,95.3048,79.2890,-78.6729,3.5084,0,50,0,-150,0,0,0
524,1786977767.0425,1786977767.0469,0.03335,-8.0879,-98.9451,95.9121,79.2088,-78.8132,3.3069,-8.1615,-99.4351,95.6782,79.7301,-78.0016,3.3503,-8.1615,-99.4351,95.6782,79.7301,-78.0016,3.3503,0,0,0,-150,-100,0,0
525,1786977767.076,1786977767.0806,0.03344,-8.0879,-99.2088,95.8242,79.3846,-78.8132,3.3069,-7.9582,-98.8777,95.1725,79.3508,-78.1613,3.4090,-7.9582,-98.8777,95.1725,79.3508,-78.1613,3.4090,0,-100,-50,50,0,0,0
526,1786977767.1093,1786977767.1136,0.03337,-8.0879,-99.2088,95.8242,79.4725,-78.5495,3.3069,-8.5026,-98.4537,95.7969,78.7532,-78.9996,3.1668,-8.5026,-98.4537,95.7969,78.7532,-78.9996,3.1668,0,0,0,50,150,0,0
527,1786977767.1427,1786977767.1472,0.03336,-8.0879,-99.2088,95.7363,79.3846,-78.3736,3.3069,-8.2137,-99.7984,95.4086,79.1039,-78.2805,3.3861,-8.2137,-99.7984,95.4086,79.1039,-78.2805,3.3861,0,0,-50,0,100,0,0
528,1786977767.1761,1786977767.1806,0.03337,-8.0879,-99.2088,95.7363,79.2088,-78.6374,3.3069,-8.4759,-99.1003,95.8314,78.4979,-78.9415,3.2916,-8.4759,-99.1003,95.8314,78.4979,-78.9415,3.2916,0,0,0,-50,-100,0,0
529,1786977767.2095,1786977767.214,0.03349,-8.0879,-99.3846,95.6484,79.2967,-78.6374,3.3069,-8.0815,-98.6013,96.6981,79.2836,-78.6843,3.4200,-8.0815,-98.6013,96.6981,79.2836,-78.6843,3.4200,0,-50,-50,50,50,0,0
530,1786977767.2429,1786977767.2471,0.03335,-8.0879,-99.3846,95.6484,79.1209,-78.7253,3.3069,-8.3411,-98.5222,95.9695,79.3147,-77.7398,3.3242,-8.3411,-98.5222,95.9695,79.3147,-77.7398,3.3242,0,0,0,-100,-100,0,0
531,1786977767.2763,1786977767.2807,0.03339,-8.0879,-99.3846,95.8242,79.1209,-78.7253,3.3069,-8.6745,-98.9658,95.7872,78.8973,-78.1855,3.3997,-8.6745,-98.9658,95.7872,78.8973,-78.1855,3.3997,0,0,50,0,0,0,0
532,1786977767.3097,1786977767.3142,0.03341,-8.0879,-99.1209,95.9121,79.2088,-78.5495,3.3069,-7.8514,-99.0892,94.9987,78.5034,-77.8991,3.2162,-7.8514,-99.0892,94.9987,78.5034,-77.8991,3.2162,0,50,0,0,50,0,0
533,1786977767.3431,1786977767.3477,0.03336,-8.1758,-99.0330,95.9121,79.2088,-78.4615,3.3069,-8.6971,-98.4214,94.5051,78.7089,-77.8839,3.2858,-8.6971,-98.4214,94.5051,78.7089,-77.8839,3.2858,-50,0,0,0,0,0,0
534,1786977767.3766,1786977767.381,0.0335,-8.3516,-99.1209,95.6484,79.1209,-78.3736,3.3069,-7.9688,-98.6157,96.2558,79.4249,-78.3453,3.5550,-7.9688,-98.6157,96.2558,79.4249,-78.3453,3.5550,-50,-50,-50,-50,50,0,0
535,1786977767.4099,1786977767.4143,0.0333,-8.3516,-99.2088,95.4725,79.1209,-78.2857,3.3069,-8.0088,-98.9053,95.8012,79.3378,-78.6423,3.2964,-8.0088,-98.9053,95.8012,79.3378,-78.6423,3.2964,0,0,-50,0,50,0,0
536,1786977767.4432,1786977767.4477,0.03338,-8.2637,-99.2088,95.5604,79.2088,-78.2857,3.3069,-8.4268,-98.2241,95.8536,79.4147,-78.3184,3.2479,-8.4268,-98.2241,95.8536,79.4147,-78.3184,3.2479,50,0,50,0,0,0,0
537,1786977767.4767,1786977767.4811,0.03344,-8.1758,-99.2088,95.8242,79.2088,-78.2857,3.3069,-8.1523,-98.5059,95.3814,79.4635,-78.1049,3.2144,-8.1523,-98.5059,95.3814,79.4635,-78.1049,3.2144,50,0,100,0,0,0,0
538,1786977767.51,1786977767.5142,0.03334,-8.2637,-99.1209,95.8242,79.2088,-78.3736,3.3069,-8.0337,-99.5398,94.4202,79.0451,-78.9925,3.5150,-8.0337,-99.5398,94.4202,79.0451,-78.9925,3.5150,-50,50,0,0,-50,0,0
539,1786977767.5435,1786977767.548,0.03347,-8.3516,-99.0330,95.8242,79.2088,-78.2857,3.3069,-8.2691,-98.1103,95.1584,78.4987,-77.9941,3.4222,-8.2691,-98.1103,95.1584,78.4987,-77.9941,3.4222,-50,50,0,0,50,0,0
540,1786977767.5768,1786977767.5811,0.03332,-8.3516,-99.0330,95.4725,79.2088,-78.5495,3.3069,-8.6065,-99.2788,95.5583,79.2630,-78.5716,3.4593,-8.6065,-99.2788,95.5583,79.2630,-78.5716,3.4593,0,0,-100,0,-50,0,0
541,1786977767.6102,1786977767.6145,0.03339,-8.2637,-98.9451,95.4725,79.1209,-78.5495,3.3069,-8.2507,-99.3091,94.9341,79.5609,-78.3028,3.4102,-8.2507,-99.3091,94.9341,79.5609,-78.3028,3.4102,50,-50,0,-50,0,0,0
542,1786977767.6436,1786977767.6481,0.03338,-8.2637,-98.8571,95.4725,79.2967,-78.4615,3.3069,-8.1727,-98.8838,95.5431,78.8966,-78.7436,3.3241,-8.1727,-98.8838,95.5431,78.8966,-78.7436,3.3241,0,50,0,100,50,0,0
543,1786977767.6769,1786977767.6815,0.03337,-8.1758,-99.0330,95.4725,79.3846,-78.4615,3.3069,-7.9560,-98.9615,95.5942,78.2570,-78.4131,3.3059,-7.9560,-98.9615,95.5942,78.2570,-78.4131,3.3059,50,-100,0,50,0,0,0
544,1786977767.7104,1786977767.7148,0.03342,-8.1758,-99.0330,95.4725,79.2967,-78.4615,3.3069,-8.7842,-97.9043,96.3998,79.7466,-78.8057,3.2698,-8.7842,-97.9043,96.3998,79.7466,-78.8057,3.2698,0,0,0,0,0,0,0
545,1786977767.7437,1786977767.7482,0.03338,-8.1758,-98.9451,95.4725,79.0330,-78.4615,3.3069,-7.6406,-98.7383,95.7233,79.6765,-77.9393,3.1917,-7.6406,-98.7383,95.7233,79.6765,-77.9393,3.1917,0,50,0,-50,0,0,0
546,1786977767.7771,1786977767.7822,0.03339,-8.2637,-98.8571,95.6484,79.2967,-78.4615,3.3069,-8.3996,-97.7246,95.8740,78.6804,-79.0794,3.2438,-8.3996,-97.7246,95.8740,78.6804,-79.0794,3.2438,-50,50,50,50,0,0,0
547,1786977767.8105,1786977767.8152,0.03336,-8.3516,-98.8571,95.6484,79.4725,-78.3736,3.3069,-8.4219,-99.2372,96.0286,79.0365,-78.2779,3.4143,-8.4219,-99.2372,96.0286,79.0365,-78.2779,3.4143,-50,0,0,50,50,0,0
548,1786977767.8439,1786977767.8485,0.03342,-8.2637,-98.6813,95.6484,79.1209,-78.4615,3.3069,-8.5460,-98.2657,95.8564,79.5595,-78.1197,3.3284,-8.5460,-98.2657,95.8564,79.5595,-78.1197,3.3284,50,0,0,-150,-50,0,0
549,1786977767.8773,1786977767.8818,0.03338,-8.2637,-98.5055,95.6484,79.1209,-78.7253,3.3069,-7.4903,-99.4530,96.3857,79.6621,-78.2819,3.5253,-7.4903,-99.4530,96.3857,79.6621,-78.2819,3.5253,0,50,0,0,-100,0,0
550,1786977767.9107,1786977768.1268,0.03342,-8.2637,-98.5934,95.6484,79.2967,-78.4615,3.3069,-8.0447,-99.8909,94.4924,79.1577,-79.0769,2.8930,-8.0447,-99.8909,94.4924,79.1577,-79.0769,2.8930,0,0,0,50,150,0,1
551,1786977768.128,1786977768.1326,0.21726,-7.6484,-98.9451,95.8242,79.3846,-78.3736,3.3069,-8.3498,-100.2287,94.5145,79.9505,-79.2575,2.9308,-8.3498,-100.2287,94.5145,79.9505,-79.2575,2.9308,0,0,0,0,0,0,1
552,1786977768.1612,1786977768.1656,0.03328,-7.6484,-98.9451,95.8242,79.3846,-78.3736,3.3069,-8.3977,-100.1993,94.2331,78.6360,-78.9733,3.1059,-8.3977,-100.1993,94.2331,78.6360,-78.9733,3.1059,0,0,0,0,0,0,0
553,1786977768.1946,1786977768.1992,0.03339,-7.7363,-99.2967,95.5604,79.4725,-78.6374,3.2407,-8.4104,-99.9953,94.2037,79.4691,-79.8018,3.0870,-8.4104,-99.9953,94.2037,79.4691,-79.8018,3.0870,0,-150,-150,0,-50,-50,0
554,1786977768.228,1786977768.2323,0.03339,-8.0879,-99.5604,95.2967,79.2088,-78.7253,3.2407,-8.2574,-100.4920,94.3359,79.5819,-79.4198,3.1110,-8.2574,-100.4920,94.3359,79.5819,-79.4198,3.1110,-150,-100,-150,-100,0,0,0
555,1786977768.2614,1786977768.2657,0.0334,-8.2637,-99.9121,95.2088,79.1209,-78.9890,3.2407,-8.0576,-101.4792,95.4104,79.6397,-79.1952,3.2359,-8.0576,-101.4792,95.4104,79.6397,-79.1952,3.2359,-50,-100,0,0,-150,0,0
556,1786977768.2948,1786977768.3006,0.03341,-8.3516,-100.0879,95.2088,79.3846,-79.1648,3.2407,-8.1555,-101.1763,95.2253,80.3208,-79.7020,3.2283,-8.1555,-101.1763,95.2253,80.3208,-79.7020,3.2283,-50,-100,0,150,-100,0,0
557,1786977768.3282,1786977768.3327,0.03341,-8.2637,-100.3516,95.2088,79.3846,-79.1648,3.2407,-8.0005,-101.0538,95.1152,80.2888,-79.8733,2.9635,-8.0005,-101.0538,95.1152,80.2888,-79.8733,2.9635,50,-50,0,0,0,0,0
558,1786977768.3616,1786977768.3661,0.03339,-8.1758,-100.7033,95.2967,79.7363,-79.4286,3.2407,-8.2623,-101.7574,96.1864,80.3253,-79.6496,2.9132,-8.2623,-101.7574,96.1864,80.3253,-79.6496,2.9132,0,-150,50,100,-150,0,0
559,1786977768.395,1786977768.3994,0.03335,-8.1758,-100.7912,95.2967,79.9121,-79.5165,3.1746,-8.0721,-101.4088,95.5900,80.8428,-79.4810,3.0497,-8.0721,-101.4088,95.5900,80.8428,-79.4810,3.0497,0,0,0,100,-50,0,0
560,1786977768.4284,1786977768.4325,0.03342,-8.0879,-100.8791,95.3846,80.0000,-79.5165,3.1746,-8.2877,-101.3533,95.9733,80.4370,-79.2726,3.0493,-8.2877,-101.3533,95.9733,80.4370,-79.2726,3.0493,50,0,0,0,0,0,0
561,1786977768.4618,1786977768.4666,0.03339,-8.0879,-101.0549,95.4725,80.1758,-79.5165,3.1746,-8.3846,-101.8975,96.0894,80.2897,-79.6917,2.9076,-8.3846,-101.8975,96.0894,80.2897,-79.6917,2.9076,0,-50,0,100,0,0,0
562,1786977768.4951,1786977768.4996,0.03335,-8.0879,-101.0549,95.5604,80.1758,-79.6044,3.1746,-8.3354,-101.9989,96.0093,80.6110,-79.8211,2.9771,-8.3354,-101.9989,96.0093,80.6110,-79.8211,2.9771,0,0,50,0,0,0,0
563,1786977768.5286,1786977768.5327,0.03344,-8.0879,-101.3187,95.6484,80.1758,-79.6044,3.1746,-8.5038,-101.8986,95.8543,80.5952,-79.5567,2.9811,-8.5038,-101.8986,95.8543,80.5952,-79.5567,2.9811,0,-100,50,0,0,0,0
564,1786977768.562,1786977768.5666,0.03338,-8.0879,-101.4066,95.6484,80.2637,-79.6923,3.1746,-8.5828,-101.9197,96.2396,80.6012,-79.6642,2.8318,-8.5828,-101.9197,96.2396,80.6012,-79.6642,2.8318,0,0,0,0,-50,0,0
565,1786977768.5954,1786977768.5999,0.03342,-8.0879,-101.4945,95.6484,80.3516,-79.6923,3.1746,-8.5652,-102.3328,96.1427,80.8165,-79.7303,3.0417,-8.5652,-102.3328,96.1427,80.8165,-79.7303,3.0417,0,-50,0,0,0,0,0
566,1786977768.6288,1786977768.6332,0.03339,-8.0879,-101.4945,95.6484,80.3516,-79.6923,3.1746,-8.3737,-102.2074,95.9774,81.4478,-79.5031,3.0770,-8.3737,-102.2074,95.9774,81.4478,-79.5031,3.0770,0,0,0,0,0,0,0
567,1786977768.6621,1786977768.6667,0.03336,-8.0879,-101.5824,95.6484,80.4396,-79.6923,3.1746,-8.5967,-102.1790,96.9155,81.2022,-79.2495,3.1201,-8.5967,-102.1790,96.9155,81.2022,-79.2495,3.1201,0,-50,0,0,0,0,0
568,1786977768.6955,1786977768.7,0.03338,-8.0879,-101.7582,95.6484,80.7912,-79.6923,3.1746,-8.9794,-102.6183,96.8280,81.6444,-79.2229,3.0321,-8.9794,-102.6183,96.8280,81.6444,-79.2229,3.0321,0,-50,0,100,0,0,0
569,1786977768.7289,1786977768.7333,0.03337,-8.1758,-101.7582,95.8242,80.7912,-79.6044,3.1746,-8.9385,-102.8847,97.2457,81.3717,-80.0741,3.1002,-8.9385,-102.8847,97.2457,81.3717,-80.0741,3.1002,0,0,0,0,50,0,0
570,1786977768.7623,1786977768.7664,0.03343,-8.6154,-101.9341,96.0000,81.0549,-79.6044,3.1746,-9.0272,-102.3942,97.0605,81.3860,-79.4430,3.2253,-9.0272,-102.3942,97.0605,81.3860,-79.4430,3.2253,-150,-100,100,100,0,0,0
571,1786977768.7957,1786977768.7998,0.03338,-8.8791,-102.1978,96.3516,81.0549,-79.7802,3.1746,-9.2020,-102.3890,97.2964,81.2256,-79.9760,3.0520,-9.2020,-102.3890,97.2964,81.2256,-79.9760,3.0520,-150,-100,50,0,-50,0,0
572,1786977768.8291,1786977768.8332,0.03339,-8.8791,-102.2857,96.4396,81.0549,-79.7802,3.1746,-8.5378,-102.8412,97.9262,82.1118,-78.9841,3.3067,-8.5378,-102.8412,97.9262,82.1118,-78.9841,3.3067,0,-50,50,0,0,0,0
573,1786977768.8625,1786977768.8672,0.03338,-8.7912,-102.2857,96.5275,81.0549,-79.7802,3.1746,-8.8525,-103.1027,97.6342,81.5012,-79.5339,3.1481,-8.8525,-103.1027,97.6342,81.5012,-79.5339,3.1481,50,0,50,0,0,0,0
574,1786977768.8959,1786977768.9003,0.03339,-8.7033,-102.2857,96.7033,81.4066,-79.6044,3.1746,-9.0248,-103.5105,97.6395,81.7945,-79.5222,3.3200,-9.0248,-103.5105,97.6395,81.7945,-79.5222,3.3200,50,0,100,150,100,0,0
575,1786977768.9293,1786977768.9337,0.0334,-8.6154,-102.4615,96.7033,81.4066,-79.5165,3.1746,-9.0005,-102.9620,97.0388,81.8239,-79.2310,3.2549,-9.0005,-102.9620,97.0388,81.8239,-79.2310,3.2549,50,-50,0,50,50,0,0
576,1786977768.9626,1786977768.9672,0.03338,-8.6154,-102.8132,96.7033,81.4945,-79.5165,3.1746,-8.7849,-103.3097,97.6737,81.7038,-79.6149,3.2814,-8.7849,-103.3097,97.6737,81.7038,-79.6149,3.2814,0,-100,0,50,0,0,0
577,1786977768.996,1786977769.0006,0.03337,-8.6154,-102.8132,96.7033,81.4945,-79.4286,3.1746,-8.7207,-103.3878,97.6660,81.9464,-79.9482,3.2958,-8.7207,-103.3878,97.6660,81.9464,-79.9482,3.2958,0,0,0,0,50,0,0
578,1786977769.0295,1786977769.034,0.03346,-8.6154,-102.9890,96.7033,81.4945,-79.4286,3.1746,-9.0928,-103.0455,97.8583,81.3593,-79.4842,3.2330,-9.0928,-103.0455,97.8583,81.3593,-79.4842,3.2330,0,-50,0,0,0,0,0
579,1786977769.0628,1786977769.0672,0.03331,-8.6154,-103.0769,96.7033,81.4945,-79.5165,3.1746,-9.0685,-102.8060,97.1950,81.7828,-79.5245,3.2881,-9.0685,-102.8060,97.1950,81.7828,-79.5245,3.2881,0,0,0,0,-50,0,0
580,1786977769.0962,1786977769.1007,0.03343,-8.7033,-103.0769,96.7033,81.4945,-79.5165,3.1746,-8.8600,-103.3944,96.8574,81.4849,-79.3259,3.3701,-8.8600,-103.3944,96.8574,81.4849,-79.3259,3.3701,0,0,0,0,0,0,0
581,1786977769.1296,1786977769.1342,0.03339,-8.8791,-103.0769,96.7033,81.4945,-79.5165,3.1746,-8.6155,-102.8679,97.4350,81.5089,-79.7667,3.3589,-8.6155,-102.8679,97.4350,81.5089,-79.7667,3.3589,-100,0,0,0,0,0,0
582,1786977769.163,1786977769.1676,0.03342,-8.8791,-103.0769,96.7033,81.4945,-79.5165,3.1746,-8.9731,-103.2716,97.1843,81.2182,-79.5905,3.2592,-8.9731,-103.2716,97.1843,81.2182,-79.5905,3.2592,0,0,0,0,0,0,0
583,1786977769.1964,1786977769.2006,0.03336,-8.8791,-103.0769,96.7033,81.4945,-79.5165,3.1746,-9.2498,-103.5318,97.5042,81.8332,-79.9526,3.1937,-9.2498,-103.5318,97.5042,81.8332,-79.9526,3.1937,0,0,0,0,0,0,0
584,1786977769.2298,1786977769.2339,0.0334,-8.7912,-103.0769,96.7033,81.4945,-79.5165,3.1746,-9.0157,-103.3217,97.5830,82.0240,-79.6455,3.2249,-9.0157,-103.3217,97.5830,82.0240,-79.6455,3.2249,50,0,0,0,0,0,0
585,1786977769.2632,1786977769.2676,0.03341,-8.7912,-103.0769,96.7033,81.4945,-79.5165,3.1746,-8.9263,-103.0669,97.2816,81.2024,-79.4028,3.2846,-8.9263,-103.0669,97.2816,81.2024,-79.4028,3.2846,0,0,0,0,0,0,0
586,1786977769.2966,1786977769.3011,0.03344,-8.7912,-103.0769,96.7033,81.5824,-79.5165,3.1746,-9.1493,-103.1681,97.1890,81.4640,-79.6295,3.1883,-9.1493,-103.1681,97.1890,81.4640,-79.6295,3.1883,0,0,0,50,0,0,0
587,1786977769.33,1786977769.3346,0.03334,-8.7912,-103.0769,96.7033,81.5824,-79.4286,3.1746,-8.9742,-103.0641,97.4295,81.2797,-79.7034,3.2645,-8.9742,-103.0641,97.4295,81.2797,-79.7034,3.2645,0,0,0,0,50,0,0
588,1786977769.3634,1786977769.3678,0.03339,-8.7912,-103.0769,96.7033,81.5824,-79.4286,3.1746,-8.8887,-102.5995,97.5577,81.5007,-79.8426,3.2331,-8.8887,-102.5995,97.5577,81.5007,-79.8426,3.2331,0,0,0,0,0,0,0
589,1786977769.3967,1786977769.4012,0.0334,-8.7912,-103.0769,96.7033,81.4945,-79.4286,3.1746,-9.0462,-103.8792,96.9186,81.6013,-79.4320,3.0776,-9.0462,-103.8792,96.9186,81.6013,-79.4320,3.0776,0,0,0,-50,0,0,0
590,1786977769.4301,1786977769.4346,0.03338,-8.7912,-103.0769,96.7033,81.4945,-79.4286,3.1746,-8.9558,-102.9277,97.4387,81.1502,-79.6092,3.1568,-8.9558,-102.9277,97.4387,81.1502,-79.6092,3.1568,0,0,0,0,0,0,0
591,1786977769.4635,1786977769.468,0.0334,-8.7912,-103.1648,96.7033,81.4945,-79.4286,3.1746,-8.7073,-103.4018,96.9930,80.8918,-79.3034,3.2929,-8.7073,-103.4018,96.9930,80.8918,-79.3034,3.2929,0,0,0,0,0,0,0
592,1786977769.4969,1786977769.5014,0.03339,-8.7912,-103.4286,96.7033,81.4945,-79.4286,3.1746,-8.9455,-103.7526,96.8683,81.0059,-79.5619,3.2629,-8.9455,-103.7526,96.8683,81.0059,-79.5619,3.2629,0,-50,0,0,0,0,0
593,1786977769.5303,1786977769.5347,0.03335,-8.7912,-103.4286,96.7033,81.4945,-79.4286,3.1746,-9.1916,-103.2451,97.4688,80.9834,-79.5540,3.2822,-9.1916,-103.2451,97.4688,80.9834,-79.5540,3.2822,0,0,0,0,0,0,0
594,1786977769.5637,1786977769.5681,0.03341,-8.7912,-103.3407,96.7033,81.4945,-79.4286,3.1746,-9.0443,-103.3381,97.0994,81.6498,-79.4836,3.2106,-9.0443,-103.3381,97.0994,81.6498,-79.4836,3.2106,0,0,0,0,0,0,0
595,1786977769.5971,1786977769.6016,0.0334,-8.7912,-103.3407,96.7033,81.4945,-79.4286,3.1746,-8.9755,-102.9743,97.8283,81.1650,-79.7604,3.0711,-8.9755,-102.9743,97.8283,81.1650,-79.7604,3.0711,0,0,0,0,0,0,0
596,1786977769.6305,1786977769.6351,0.03338,-8.7912,-103.2527,96.7033,81.4945,-79.4286,3.1746,-9.0938,-103.5007,97.7523,81.5464,-79.5858,3.0611,-9.0938,-103.5007,97.7523,81.5464,-79.5858,3.0611,0,50,0,0,0,0,0
597,1786977769.6639,1786977769.6686,0.03345,-8.7912,-103.2527,96.7912,81.4945,-79.4286,3.1746,-9.1196,-103.3781,97.1155,81.4799,-79.1658,3.2158,-9.1196,-103.3781,97.1155,81.4799,-79.1658,3.2158,0,0,50,0,0,0,0
598,1786977769.6972,1786977769.7017,0.03334,-8.7912,-103.2527,96.7912,81.4945,-79.4286,3.1746,-8.9200,-103.2632,97.0270,81.0040,-79.7707,3.0087,-8.9200,-103.2632,97.0270,81.0040,-79.7707,3.0087,0,0,0,0,0,0,0
599,1786977769.7306,1786977769.7351,0.03338,-8.7912,-103.2527,96.7912,81.4945,-79.4286,3.1746,-9.0755,-103.1312,97.0929,81.3762,-78.7315,3.2497,-9.0755,-103.1312,97.0929,81.3762,-78.7315,3.2497,0,0,0,0,0,0,0
600,1786977769.764,1786977769.9843,0.03339,-8.7912,-103.2527,96.7912,81.4945,-79.4286,3.1746,-9.9154,-102.6336,97.7854,79.8303,-80.1530,3.2024,-9.9154,-102.6336,97.7854,79.8303,-80.1530,3.2024,0,0,0,0,0,0,1
601,1786977769.9854,1786977769.9903,0.22138,-8.7912,-103.1648,96.7912,81.4945,-79.1648,3.1746,-9.6977,-102.7081,97.5940,79.5379,-80.2917,3.1175,-9.6977,-102.7081,97.5940,79.5379,-80.2917,3.1175,0,0,0,0,0,0,1
602,1786977770.0189,1786977770.0247,0.03352,-8.7912,-103.1648,96.7912,81.4945,-79.1648,3.1746,-9.8154,-102.8699,96.7787,79.8244,-80.0938,3.0472,-9.8154,-102.8699,96.7787,79.8244,-80.0938,3.0472,0,0,0,0,0,0,0
603,1786977770.0521,1786977770.0562,0.0332,-9.0549,-103.1648,96.7912,80.8791,-79.4286,3.1746,-9.9256,-102.7660,97.2380,79.4935,-80.3671,3.2824,-9.9256,-102.7660,97.2380,79.4935,-80.3671,3.2824,-150,0,0,-250,-150,0,0
604,1786977770.0855,1786977770.0897,0.0334,-9.5824,-103.2527,96.7912,80.4396,-79.6923,3.1746,-9.9445,-102.1983,96.6409,79.7678,-80.1640,3.0798,-9.9445,-102.1983,96.6409,79.7678,-80.1640,3.0798,-150,-50,0,-100,-150,0,0
605,1786977770.1189,1786977770.1231,0.0334,-9.7582,-103.3407,96.7033,80.2637,-79.9560,3.1746,-10.2178,-102.7761,96.6779,79.8072,-80.5870,3.3194,-10.2178,-102.7761,96.6779,79.8072,-80.5870,3.3194,-50,-50,-50,0,-50,0,0
606,1786977770.1523,1786977770.1566,0.03336,-9.7582,-103.2527,96.7033,80.2637,-79.9560,3.1746,-10.0286,-102.3867,96.9876,80.0812,-79.9634,3.1505,-10.0286,-102.3867,96.9876,80.0812,-79.9634,3.1505,0,0,0,0,0,0,0
607,1786977770.1857,1786977770.1897,0.0334,-9.6703,-103.1648,96.7033,80.2637,-80.1319,3.1746,-10.1947,-103.2461,96.7452,80.2322,-80.0327,3.0184,-10.1947,-103.2461,96.7452,80.2322,-80.0327,3.0184,50,50,0,0,-50,0,0
608,1786977770.2191,1786977770.2231,0.03341,-9.5824,-103.1648,96.7033,80.2637,-80.1319,3.1746,-9.8308,-102.7309,96.9826,79.9736,-80.0315,3.0936,-9.8308,-102.7309,96.9826,79.9736,-80.0315,3.0936,50,0,0,0,0,0,0
609,1786977770.2525,1786977770.2566,0.03338,-9.6703,-103.0769,96.7033,80.3516,-80.2198,3.1746,-10.2239,-101.9530,97.5461,80.1300,-80.3806,3.1655,-10.2239,-101.9530,97.5461,80.1300,-80.3806,3.1655,-50,0,0,50,-50,0,0
610,1786977770.2859,1786977770.2899,0.03339,-9.9341,-103.0769,96.7033,80.3516,-80.1319,3.1746,-10.2472,-102.8542,97.2922,79.9406,-80.2710,3.1368,-10.2472,-102.8542,97.2922,79.9406,-80.2710,3.1368,-50,0,0,0,50,0,0
611,1786977770.3192,1786977770.3234,0.0334,-9.9341,-102.9890,96.7033,80.3516,-80.1319,3.1746,-9.7277,-102.5772,97.5718,80.0579,-80.0783,3.0832,-9.7277,-102.5772,97.5718,80.0579,-80.0783,3.0832,0,50,0,0,0,0,0
612,1786977770.3526,1786977770.3567,0.03338,-9.9341,-102.9890,96.7033,80.3516,-80.1319,3.1746,-9.9252,-102.3001,98.0031,79.8756,-80.2307,3.1461,-9.9252,-102.3001,98.0031,79.8756,-80.2307,3.1461,0,0,0,0,0,0,0
613,1786977770.386,1786977770.3901,0.03337,-9.7582,-102.9011,96.7033,80.3516,-80.1319,3.1746,-10.0655,-103.2827,98.1917,80.0770,-80.2543,3.2032,-10.0655,-103.2827,98.1917,80.0770,-80.2543,3.2032,50,50,0,0,0,0,0
614,1786977770.4194,1786977770.4236,0.03344,-9.6703,-102.9011,96.7912,80.3516,-80.1319,3.1746,-9.7095,-102.8020,97.4315,80.4181,-80.0061,3.1603,-9.7095,-102.8020,97.4315,80.4181,-80.0061,3.1603,0,0,0,0,0,0,0
615,1786977770.4527,1786977770.4568,0.0333,-9.6703,-102.9011,96.8791,80.3516,-80.1319,3.1746,-10.0256,-102.6109,97.7868,80.0252,-80.2596,3.0231,-10.0256,-102.6109,97.7868,80.0252,-80.2596,3.0231,0,0,50,0,0,0,0
616,1786977770.4862,1786977770.4902,0.03341,-9.6703,-102.9890,96.8791,80.3516,-80.1319,3.1746,-9.7130,-102.3175,97.4103,80.2177,-80.1447,3.1505,-9.7130,-102.3175,97.4103,80.2177,-80.1447,3.1505,0,-50,0,0,0,0,0
617,1786977770.5196,1786977770.5238,0.03344,-9.6703,-102.9890,96.8791,80.3516,-80.1319,3.1746,-10.0235,-102.8404,97.7287,80.5542,-80.0412,3.0972,-10.0235,-102.8404,97.7287,80.5542,-80.0412,3.0972,0,0,0,0,0,0,0
618,1786977770.553,1786977770.5571,0.0334,-9.6703,-102.9890,96.8791,80.3516,-80.1319,3.1746,-10.1349,-102.6581,98.1117,80.1079,-80.3167,3.1714,-10.1349,-102.6581,98.1117,80.1079,-80.3167,3.1714,0,0,0,0,0,0,0
619,1786977770.5863,1786977770.5905,0.03333,-9.7582,-103.0769,96.8791,80.3516,-80.2198,3.1746,-9.9293,-102.5810,97.4402,80.4022,-80.1471,3.1464,-9.9293,-102.5810,97.4402,80.4022,-80.1471,3.1464,-50,0,0,0,0,0,0
620,1786977770.6197,1786977770.6246,0.03339,-9.9341,-102.9890,96.8791,80.3516,-80.1319,3.1746,-10.2796,-102.8425,97.6936,80.6994,-80.3583,3.1380,-10.2796,-102.8425,97.6936,80.6994,-80.3583,3.1380,-50,0,0,0,0,0,0
621,1786977770.6531,1786977770.6577,0.03339,-10.0220,-102.9890,96.8791,80.3516,-80.1319,3.1746,-10.2449,-103.2899,97.2393,80.0553,-80.5358,3.1172,-10.2449,-103.2899,97.2393,80.0553,-80.5358,3.1172,-50,0,0,0,0,0,0
622,1786977770.6865,1786977770.6911,0.03338,-10.0220,-102.9890,96.8791,80.3516,-80.1319,3.1746,-10.0888,-102.3198,97.2105,79.6742,-80.2885,3.3586,-10.0888,-102.3198,97.2105,79.6742,-80.2885,3.3586,0,0,0,0,0,0,0
623,1786977770.7199,1786977770.724,0.03338,-9.9341,-102.9890,96.8791,80.3516,-80.1319,3.1746,-10.2846,-101.6567,97.4155,79.5802,-80.7870,3.1136,-10.2846,-101.6567,97.4155,79.5802,-80.7870,3.1136,50,0,0,0,0,0,0
624,1786977770.7533,1786977770.7574,0.0334,-9.8462,-102.9890,96.8791,80.2637,-80.1319,3.1746,-10.3972,-102.6253,97.3083,80.5423,-80.0122,3.1162,-10.3972,-102.6253,97.3083,80.5423,-80.0122,3.1162,50,0,0,-50,0,0,0
625,1786977770.7866,1786977770.7908,0.03338,-9.8462,-102.8132,96.8791,80.2637,-80.3077,3.1746,-10.1831,-102.5894,97.3266,80.2475,-80.4595,3.0262,-10.1831,-102.5894,97.3266,80.2475,-80.4595,3.0262,0,50,0,0,-50,0,0
626,1786977770.8205,1786977770.826,0.0339,-9.8462,-102.6374,96.8791,80.4396,-80.2198,3.1746,-10.1557,-102.5676,96.8231,80.2099,-79.8325,3.1058,-10.1557,-102.5676,96.8231,80.2099,-79.8325,3.1058,0,100,0,100,0,0,0
627,1786977770.8538,1786977770.858,0.03327,-9.8462,-102.6374,96.8791,80.4396,-80.3077,3.1746,-10.2353,-102.3316,97.2173,79.9280,-79.7404,3.1659,-10.2353,-102.3316,97.2173,79.9280,-79.7404,3.1659,0,0,0,0,-50,0,0
628,1786977770.8872,1786977770.8914,0.03342,-9.8462,-102.7253,96.8791,80.4396,-80.3077,3.1746,-10.2947,-102.4994,96.7651,80.3438,-80.4387,3.1384,-10.2947,-102.4994,96.7651,80.3438,-80.4387,3.1384,0,0,0,0,0,0,0
629,1786977770.9206,1786977770.9247,0.03337,-9.8462,-102.6374,96.8791,80.4396,-80.1319,3.1746,-10.3710,-102.6412,97.9286,80.3082,-80.1952,3.2110,-10.3710,-102.6412,97.9286,80.3082,-80.1952,3.2110,0,50,0,0,100,0,0
630,1786977770.954,1786977770.9581,0.03338,-9.8462,-102.6374,96.8791,80.4396,-80.1319,3.1746,-10.0457,-102.3399,97.5990,80.0910,-80.2228,3.1491,-10.0457,-102.3399,97.5990,80.0910,-80.2228,3.1491,0,0,0,0,0,0,0
631,1786977770.9876,1786977770.993,0.03357,-9.8462,-102.6374,96.8791,80.4396,-80.1319,3.1746,-10.0222,-102.1424,97.0448,80.7098,-79.6881,3.1774,-10.0222,-102.1424,97.0448,80.7098,-79.6881,3.1774,0,0,0,0,0,0,0
632,1786977771.021,1786977771.0265,0.03342,-9.8462,-102.6374,96.8791,80.4396,-80.1319,3.1746,-10.3745,-102.4469,97.6672,79.8245,-80.6354,3.0979,-10.3745,-102.4469,97.6672,79.8245,-80.6354,3.0979,0,0,0,0,0,0,0
633,1786977771.0542,1786977771.0584,0.03325,-9.8462,-102.6374,96.8791,80.5275,-80.1319,3.1746,-10.2063,-102.6974,98.0001,79.8938,-80.3192,3.2285,-10.2063,-102.6974,98.0001,79.8938,-80.3192,3.2285,0,0,0,50,0,0,0
634,1786977771.0876,1786977771.0918,0.0334,-9.8462,-102.6374,96.8791,80.3516,-80.3077,3.1746,-9.9261,-102.7818,96.9665,79.9443,-80.0042,3.2294,-9.9261,-102.7818,96.9665,79.9443,-80.0042,3.2294,0,0,0,-50,-100,0,0
635,1786977771.121,1786977771.1251,0.03338,-9.8462,-102.6374,96.8791,80.2637,-80.3077,3.1746,-9.8726,-102.5841,97.4921,80.3087,-80.2724,3.1801,-9.8726,-102.5841,97.4921,80.3087,-80.2724,3.1801,0,0,0,0,0,0,0
636,1786977771.1544,1786977771.1586,0.03341,-9.8462,-102.6374,96.7912,80.2637,-80.3077,3.1746,-9.8165,-103.0267,97.5249,80.1238,-80.2522,3.0540,-9.8165,-103.0267,97.5249,80.1238,-80.2522,3.0540,0,0,0,0,0,0,0
637,1786977771.1878,1786977771.1918,0.03335,-9.7582,-102.7253,96.7912,80.3516,-80.3077,3.1746,-9.9573,-101.8718,97.2599,80.2290,-80.2129,3.1520,-9.9573,-101.8718,97.2599,80.2290,-80.2129,3.1520,50,0,0,50,0,0,0
638,1786977771.2211,1786977771.2252,0.03336,-9.7582,-102.7253,96.7912,80.3516,-80.3077,3.1746,-9.7892,-102.0581,97.2999,79.7750,-79.6613,3.2286,-9.7892,-102.0581,97.2999,79.7750,-79.6613,3.2286,0,0,0,0,0,0,0
639,1786977771.2546,1786977771.2587,0.03343,-9.7582,-102.6374,96.7912,80.3516,-80.3077,3.1746,-10.0324,-102.2392,96.4814,80.1596,-80.6006,3.3284,-10.0324,-102.2392,96.4814,80.1596,-80.6006,3.3284,0,0,0,0,0,0,0
640,1786977771.2879,1786977771.2921,0.03337,-9.7582,-102.6374,96.7912,80.2637,-80.2198,3.1746,-9.8680,-101.8568,97.0282,80.2364,-80.4534,3.1568,-9.8680,-101.8568,97.0282,80.2364,-80.4534,3.1568,0,0,0,-50,50,0,0
641,1786977771.3214,1786977771.3255,0.03342,-9.8462,-102.5495,96.7033,80.3516,-80.2198,3.1746,-10.0422,-102.4041,97.1489,79.9582,-80.5216,2.9672,-10.0422,-102.4041,97.1489,79.9582,-80.5216,2.9672,-50,0,-50,50,0,0,0
642,1786977771.3547,1786977771.3587,0.03332,-9.8462,-102.5495,96.7033,80.3516,-80.3077,3.1746,-9.8360,-102.3678,97.0214,80.4558,-80.3144,3.2300,-9.8360,-102.3678,97.0214,80.4558,-80.3144,3.2300,0,0,0,0,0,0,0
643,1786977771.3881,1786977771.3922,0.03341,-9.8462,-102.5495,96.7033,80.3516,-80.3077,3.1746,-9.9633,-102.6125,97.4331,80.4079,-80.2492,3.1920,-9.9633,-102.6125,97.4331,80.4079,-80.2492,3.1920,0,0,0,0,0,0,0
644,1786977771.4215,1786977771.4256,0.03339,-9.8462,-102.5495,96.7033,80.3516,-80.3077,3.1746,-9.9028,-102.9220,97.2514,80.6110,-80.6038,3.2929,-9.9028,-102.9220,97.2514,80.6110,-80.6038,3.2929,0,0,0,0,0,0,0
645,1786977771.4548,1786977771.4589,0.03335,-9.8462,-102.5495,96.7033,80.3516,-80.3077,3.1746,-10.0338,-102.4761,96.3723,80.0908,-79.9786,3.0805,-10.0338,-102.4761,96.3723,80.0908,-79.9786,3.0805,0,0,0,0,0,0,0
646,1786977771.4882,1786977771.4923,0.03339,-9.8462,-102.5495,96.7033,80.3516,-80.3077,3.1746,-9.9675,-101.9088,95.9217,79.9577,-80.2209,3.1777,-9.9675,-101.9088,95.9217,79.9577,-80.2209,3.1777,0,0,0,0,0,0,0
647,1786977771.5216,1786977771.5257,0.03341,-9.8462,-102.5495,96.6154,80.3516,-80.3077,3.1746,-10.3113,-102.8747,96.4323,80.4123,-80.1653,3.1776,-10.3113,-102.8747,96.4323,80.4123,-80.1653,3.1776,0,0,-50,0,0,0,0
648,1786977771.555,1786977771.5591,0.03338,-9.8462,-102.5495,96.5275,80.3516,-80.3077,3.1746,-10.0380,-101.9392,96.7110,80.2676,-80.1726,3.2015,-10.0380,-101.9392,96.7110,80.2676,-80.1726,3.2015,0,0,-50,0,0,0,0
649,1786977771.5884,1786977771.5926,0.03341,-9.8462,-102.6374,96.4396,80.3516,-80.3077,3.1746,-10.0114,-102.2042,96.8251,80.2025,-79.8417,3.1206,-10.0114,-102.2042,96.8251,80.2025,-79.8417,3.1206,0,0,0,0,0,0,0
650,1786977771.6218,1786977771.8412,0.03337,-9.8462,-102.7253,96.4396,80.3516,-80.3077,3.1746,-9.5403,-103.3976,96.5749,80.2971,-80.4727,2.5170,-9.5403,-103.3976,96.5749,80.2971,-80.4727,2.5170,0,-50,0,0,0,0,1
651,1786977771.8424,1786977771.847,0.22057,-9.8462,-102.7253,96.4396,80.3516,-80.2198,3.1746,-10.3164,-103.6265,95.2805,79.7478,-81.2794,2.8597,-10.3164,-103.6265,95.2805,79.7478,-81.2794,2.8597,0,0,0,0,0,0,1
652,1786977771.8757,1786977771.88,0.0333,-9.8462,-102.7253,96.4396,80.3516,-80.2198,3.1746,-9.4534,-103.9495,96.4865,79.6493,-80.3576,2.7977,-9.4534,-103.9495,96.4865,79.6493,-80.3576,2.7977,0,0,0,0,0,0,0
653,1786977771.909,1786977771.9131,0.03333,-9.8462,-102.8132,96.0879,80.2637,-80.6593,3.1746,-9.2874,-102.4320,96.2201,80.6292,-80.6411,2.7650,-9.2874,-102.4320,96.2201,80.6292,-80.6411,2.7650,0,0,-100,-50,-200,0,0
654,1786977771.9424,1786977771.9466,0.03342,-9.8462,-103.5165,96.0000,80.2637,-80.7473,3.1085,-9.1294,-102.3204,96.9246,79.5675,-80.1217,2.8130,-9.1294,-102.3204,96.9246,79.5675,-80.1217,2.8130,0,-200,0,0,-100,0,0
655,1786977771.9758,1786977771.9799,0.03335,-9.6703,-103.4286,96.0000,80.4396,-80.7473,2.9762,-9.1806,-103.3460,96.2374,80.2253,-80.1739,2.9004,-9.1806,-103.3460,96.2374,80.2253,-80.1739,2.9004,50,100,0,100,0,-50,0
656,1786977772.0092,1786977772.0133,0.03343,-9.4066,-102.9890,96.0000,80.3516,-80.4835,2.9762,-9.4151,-102.5522,96.1184,79.8015,-80.3368,2.7929,-9.4151,-102.5522,96.1184,79.8015,-80.3368,2.7929,100,150,0,-50,100,0,0
657,1786977772.0426,1786977772.0467,0.03339,-9.3187,-102.9011,96.0000,80.1758,-80.4835,2.9762,-9.0574,-101.5546,96.5365,79.9917,-80.3195,2.7820,-9.0574,-101.5546,96.5365,79.9917,-80.3195,2.7820,0,50,0,-100,0,0,0
658,1786977772.0759,1786977772.08,0.03337,-9.3187,-102.9011,96.0879,80.2637,-80.5714,2.9762,-9.0159,-102.6118,96.4839,79.9461,-80.0216,2.8073,-9.0159,-102.6118,96.4839,79.9461,-80.0216,2.8073,0,0,50,0,-50,0,0
659,1786977772.1094,1786977772.1136,0.03344,-9.3187,-102.7253,96.1758,80.2637,-80.5714,2.9762,-9.1102,-102.6710,95.7658,79.8866,-80.8442,2.8944,-9.1102,-102.6710,95.7658,79.8866,-80.8442,2.8944,0,0,50,0,0,0,0
660,1786977772.1427,1786977772.1469,0.03335,-9.3187,-102.5495,96.1758,80.2637,-80.4835,2.9762,-9.9990,-102.7743,95.1043,80.1263,-80.0907,2.7795,-9.9990,-102.7743,95.1043,80.1263,-80.0907,2.7795,0,0,0,0,0,0,0
661,1786977772.1761,1786977772.1801,0.03334,-9.3187,-102.5495,96.1758,80.2637,-80.4835,2.9762,-9.6218,-103.9207,96.1560,80.9637,-80.1947,2.8022,-9.6218,-103.9207,96.1560,80.9637,-80.1947,2.8022,0,0,0,0,0,0,0
662,1786977772.2095,1786977772.214,0.03347,-9.4066,-102.5495,95.8242,80.3516,-80.5714,2.9762,-9.3389,-102.2030,96.7852,80.0639,-80.9286,2.7039,-9.3389,-102.2030,96.7852,80.0639,-80.9286,2.7039,0,0,-100,50,-50,0,0
663,1786977772.2429,1786977772.2471,0.03334,-9.6703,-102.7253,95.8242,80.4396,-80.3956,2.9762,-9.5206,-103.2844,95.8799,80.9108,-80.2402,2.7445,-9.5206,-103.2844,95.8799,80.9108,-80.2402,2.7445,-100,-50,0,0,50,0,0
664,1786977772.2763,1786977772.2804,0.0334,-9.6703,-102.9011,96.0000,80.4396,-80.5714,2.9762,-9.2389,-102.6456,96.8349,80.8925,-80.3430,2.8917,-9.2389,-102.6456,96.8349,80.8925,-80.3430,2.8917,0,-50,100,0,0,0,0
665,1786977772.3096,1786977772.3137,0.03335,-9.5824,-102.9890,96.0000,80.6154,-80.5714,2.9762,-9.6570,-102.9744,96.1184,80.1624,-80.8942,2.7088,-9.6570,-102.9744,96.1184,80.1624,-80.8942,2.7088,0,0,0,50,0,0,0
666,1786977772.3431,1786977772.3481,0.03346,-9.4945,-102.9011,96.0879,80.7033,-80.5714,2.9762,-9.3697,-103.1988,95.9600,81.0608,-79.7851,2.7240,-9.3697,-103.1988,95.9600,81.0608,-79.7851,2.7240,50,0,0,100,0,0,0
667,1786977772.3765,1786977772.3807,0.03336,-9.4945,-102.9011,96.1758,80.6154,-80.5714,2.9762,-9.6498,-102.2539,95.2711,80.8991,-80.1188,2.7831,-9.6498,-102.2539,95.2711,80.8991,-80.1188,2.7831,0,0,0,-50,0,0,0
668,1786977772.4098,1786977772.414,0.03335,-9.4945,-102.9011,96.1758,80.7912,-80.4835,2.9762,-9.5735,-102.2847,95.9381,80.0552,-80.5132,2.8803,-9.5735,-102.2847,95.9381,80.0552,-80.5132,2.8803,0,0,0,100,50,0,0
669,1786977772.4432,1786977772.4473,0.03339,-9.4945,-102.9011,95.9121,80.8791,-80.3956,2.9762,-9.5792,-102.6411,95.3728,80.3845,-80.3906,2.7414,-9.5792,-102.6411,95.3728,80.3845,-80.3906,2.7414,0,0,-100,0,0,0,0
670,1786977772.4766,1786977772.4808,0.03338,-9.4945,-102.9011,95.9121,80.6154,-80.3956,2.9762,-9.3575,-102.7180,95.7941,80.1012,-80.7670,2.9774,-9.3575,-102.7180,95.7941,80.1012,-80.7670,2.9774,0,0,0,-50,0,0,0
671,1786977772.51,1786977772.5141,0.03338,-9.4945,-102.9011,95.8242,80.7033,-80.3077,2.9762,-9.2531,-103.3136,96.2666,80.0848,-80.4099,2.8892,-9.2531,-103.3136,96.2666,80.0848,-80.4099,2.8892,0,0,0,50,50,0,0
672,1786977772.5434,1786977772.5476,0.03345,-9.4945,-102.9890,95.8242,80.7033,-80.3077,2.9762,-9.4374,-103.4320,95.5918,80.5887,-80.3391,2.7213,-9.4374,-103.4320,95.5918,80.5887,-80.3391,2.7213,0,-50,0,0,0,0,0
673,1786977772.5767,1786977772.5808,0.0333,-9.4945,-102.9890,95.8242,80.7033,-80.3077,2.9762,-9.2638,-103.4340,96.1314,80.6953,-80.2579,2.6202,-9.2638,-103.4340,96.1314,80.6953,-80.2579,2.6202,0,0,0,0,0,0,0
674,1786977772.6101,1786977772.6142,0.03343,-9.4945,-102.9890,95.8242,80.7033,-80.3077,2.9762,-9.3766,-103.4503,96.0016,80.2411,-80.2673,2.9221,-9.3766,-103.4503,96.0016,80.2411,-80.2673,2.9221,0,0,0,0,0,0,0
675,1786977772.6435,1786977772.6478,0.03342,-9.4945,-102.9890,95.8242,80.7033,-80.3077,2.9762,-9.3620,-103.3697,96.4456,80.5959,-80.2995,2.9727,-9.3620,-103.3697,96.4456,80.5959,-80.2995,2.9727,0,0,0,0,0,0,0
676,1786977772.6769,1786977772.6812,0.03334,-9.4945,-102.9890,95.8242,80.6154,-80.3077,2.9762,-9.2492,-103.3302,95.9608,80.0717,-80.0329,2.8555,-9.2492,-103.3302,95.9608,80.0717,-80.0329,2.8555,0,0,0,-50,0,0,0
677,1786977772.7103,1786977772.7144,0.03338,-9.4945,-102.9890,95.8242,80.7033,-80.3077,2.9762,-9.2768,-103.4989,96.4092,80.0708,-79.9594,2.9798,-9.2768,-103.4989,96.4092,80.0708,-79.9594,2.9798,0,0,0,50,0,0,0
678,1786977772.7437,1786977772.7478,0.0334,-9.4066,-102.9011,95.8242,80.5275,-80.3077,2.9762,-9.5379,-103.3934,96.1786,80.5854,-80.3414,3.0538,-9.5379,-103.3934,96.1786,80.5854,-80.3414,3.0538,50,50,0,-50,0,0,0
679,1786977772.777,1786977772.7811,0.03338,-9.4066,-102.9011,95.8242,80.4396,-80.3077,2.9762,-9.3869,-102.8170,96.4126,80.6169,-80.2427,2.9477,-9.3869,-102.8170,96.4126,80.6169,-80.2427,2.9477,0,0,0,-50,0,0,0
680,1786977772.8104,1786977772.8146,0.03338,-9.4066,-102.9011,95.9121,80.5275,-80.3077,2.9762,-9.4115,-102.6711,96.2407,80.0410,-80.0904,3.0015,-9.4115,-102.6711,96.2407,80.0410,-80.0904,3.0015,0,0,50,50,0,0,0
681,1786977772.8438,1786977772.8478,0.03337,-9.4066,-102.9011,95.9121,80.5275,-80.3077,2.9762,-10.0022,-103.7481,96.0112,80.5214,-80.0064,2.9796,-10.0022,-103.7481,96.0112,80.5214,-80.0064,2.9796,0,0,0,0,0,0,0
682,1786977772.8772,1786977772.8812,0.0334,-9.4066,-102.9011,95.9121,80.4396,-80.3956,2.9762,-9.2806,-104.3161,97.2824,80.9621,-81.0900,2.9554,-9.2806,-104.3161,97.2824,80.9621,-81.0900,2.9554,0,0,0,-50,0,0,0
683,1786977772.9106,1786977772.9147,0.0334,-9.5824,-102.9890,95.9121,80.5275,-80.3956,2.9762,-9.0563,-103.9284,96.0907,81.1173,-80.8285,3.0702,-9.0563,-103.9284,96.0907,81.1173,-80.8285,3.0702,-50,0,0,50,0,0,0
684,1786977772.944,1786977772.948,0.03338,-9.6703,-103.5165,96.1758,80.5275,-80.5714,2.9762,-9.2061,-103.4632,96.5148,80.3752,-80.8133,2.9333,-9.2061,-103.4632,96.5148,80.3752,-80.8133,2.9333,-50,-150,50,0,-50,0,0
685,1786977772.9774,1786977772.9816,0.03341,-9.6703,-103.6044,96.2637,80.7033,-80.6593,2.9762,-9.5764,-103.3314,96.6445,80.5640,-80.3359,2.9992,-9.5764,-103.3314,96.6445,80.5640,-80.3359,2.9992,0,-100,0,50,-100,0,0
686,1786977773.0107,1786977773.0148,0.03333,-9.5824,-103.6044,96.2637,80.7033,-80.6593,2.9762,-9.6261,-102.9199,96.8182,80.1457,-80.2601,3.0746,-9.6261,-102.9199,96.8182,80.1457,-80.2601,3.0746,50,0,0,0,0,0,0
687,1786977773.0441,1786977773.0481,0.0334,-9.4945,-103.6044,96.2637,80.7033,-80.6593,2.9762,-9.3579,-102.8404,96.1589,80.4486,-80.1643,2.9562,-9.3579,-102.8404,96.1589,80.4486,-80.1643,2.9562,50,0,0,0,0,0,0
688,1786977773.0775,1786977773.0818,0.03342,-9.4945,-103.6044,96.2637,80.7033,-80.6593,2.9762,-9.7679,-103.1440,96.2762,80.0796,-80.8737,2.9885,-9.7679,-103.1440,96.2762,80.0796,-80.8737,2.9885,0,0,0,0,0,0,0
689,1786977773.1109,1786977773.115,0.03338,-9.4945,-103.6044,96.2637,80.7033,-80.6593,2.9762,-8.8796,-103.0166,96.5237,80.3039,-80.2836,2.9970,-8.8796,-103.0166,96.5237,80.3039,-80.2836,2.9970,0,0,0,0,0,0,0
690,1786977773.1443,1786977773.1484,0.03337,-9.4945,-103.6044,96.2637,80.6154,-80.6593,2.9762,-9.0896,-103.6157,96.1517,79.4859,-80.2697,2.8807,-9.0896,-103.6157,96.1517,79.4859,-80.2697,2.8807,0,0,0,-50,0,0,0
691,1786977773.1777,1786977773.1819,0.03338,-9.4945,-103.6044,96.2637,80.6154,-80.6593,2.9762,-9.4845,-103.3225,96.1481,80.5953,-80.4849,3.1200,-9.4845,-103.3225,96.1481,80.5953,-80.4849,3.1200,0,0,0,0,0,0,0
692,1786977773.2111,1786977773.2152,0.03338,-9.4945,-103.6044,96.2637,80.2637,-80.6593,2.9762,-9.5684,-103.2366,96.0956,80.7431,-80.4670,3.0190,-9.5684,-103.2366,96.0956,80.7431,-80.4670,3.0190,0,0,0,-100,0,0,0
693,1786977773.2444,1786977773.2486,0.03339,-9.4066,-103.7802,96.2637,80.5275,-80.6593,2.9762,-9.8029,-103.3573,96.0760,80.6006,-80.1469,3.0893,-9.8029,-103.3573,96.0760,80.6006,-80.1469,3.0893,50,-100,0,100,0,0,0
694,1786977773.2778,1786977773.2821,0.03337,-9.4066,-103.7802,96.2637,80.6154,-80.6593,2.9762,-9.3383,-103.0800,95.3955,80.8925,-80.5396,3.0840,-9.3383,-103.0800,95.3955,80.8925,-80.5396,3.0840,0,0,0,0,0,0,0
695,1786977773.3112,1786977773.3153,0.03338,-9.4066,-103.7802,96.2637,80.6154,-80.6593,2.9762,-9.5608,-103.1347,95.8395,80.1811,-80.1033,3.0020,-9.5608,-103.1347,95.8395,80.1811,-80.1033,3.0020,0,0,0,0,0,0,0
696,1786977773.3446,1786977773.3487,0.03339,-9.3187,-103.7802,96.1758,80.7033,-80.6593,2.9762,-9.6889,-103.4660,95.9863,80.9147,-80.3182,2.9942,-9.6889,-103.4660,95.9863,80.9147,-80.3182,2.9942,50,0,0,50,0,0,0
697,1786977773.3779,1786977773.382,0.03334,-9.3187,-103.7802,96.0879,80.7033,-80.4835,2.9762,-9.1236,-103.4514,95.8918,80.3360,-80.6492,3.0839,-9.1236,-103.4514,95.8918,80.3360,-80.6492,3.0839,0,0,0,0,100,0,0
698,1786977773.4114,1786977773.4155,0.03345,-9.3187,-103.7802,96.0879,80.7033,-80.4835,2.9762,-9.4724,-103.8520,96.4903,80.7990,-80.7694,3.0173,-9.4724,-103.8520,96.4903,80.7990,-80.7694,3.0173,0,0,0,0,0,0,0
699,1786977773.4447,1786977773.4488,0.03335,-9.3187,-103.7802,96.0879,80.7033,-80.4835,2.9762,-9.5964,-103.2237,95.6468,80.7459,-79.7212,2.9571,-9.5964,-103.2237,95.6468,80.7459,-79.7212,2.9571,0,0,0,0,0,0,0
700,1786977773.4781,1786977773.6982,0.03337,-9.3187,-103.7802,96.0879,80.7033,-80.4835,2.9762,-9.0195,-105.4190,97.5094,80.1651,-81.0863,2.7120,-9.0195,-105.4190,97.5094,80.1651,-81.0863,2.7120,0,0,0,0,0,0,1
701,1786977773.6994,1786977773.7049,0.22125,-9.3187,-103.7802,95.8242,80.7033,-80.1319,2.9762,-8.9722,-105.2684,95.6491,79.6691,-81.2941,2.5830,-8.9722,-105.2684,95.6491,79.6691,-81.2941,2.5830,0,0,0,0,0,0,1
702,1786977773.7326,1786977773.7371,0.03329,-9.3187,-103.7802,95.8242,80.7033,-80.1319,2.9762,-8.8952,-105.1346,96.5093,79.8197,-81.2846,2.6649,-8.8952,-105.1346,96.5093,79.8197,-81.2846,2.6649,0,0,0,0,0,0,0
703,1786977773.766,1786977773.7701,0.03339,-9.3187,-104.0440,95.8242,80.3516,-80.4835,2.9101,-8.6684,-104.0642,95.3591,81.2335,-80.9627,2.8071,-8.6684,-104.0642,95.3591,81.2335,-80.9627,2.8071,0,0,0,-100,-50,0,0
704,1786977773.7995,1786977773.8036,0.03345,-9.3187,-104.6593,95.8242,80.2637,-80.8352,2.9101,-8.8893,-105.1757,95.5101,80.8889,-81.0760,2.5955,-8.8893,-105.1757,95.5101,80.8889,-81.0760,2.5955,0,-200,0,0,-100,0,0
705,1786977773.8328,1786977773.8369,0.0333,-9.2308,-104.8352,95.8242,80.7033,-80.8352,2.9101,-8.7904,-104.3689,96.6730,80.9096,-81.4935,2.4494,-8.7904,-104.3689,96.6730,80.9096,-81.4935,2.4494,50,-50,0,200,0,0,0
706,1786977773.8662,1786977773.8703,0.0334,-9.2308,-104.5714,95.7363,80.7912,-80.8352,2.9101,-9.0937,-103.9799,96.9097,81.3981,-81.0405,2.3895,-9.0937,-103.9799,96.9097,81.3981,-81.0405,2.3895,0,100,0,50,0,0,0
707,1786977773.8996,1786977773.9037,0.03341,-9.1429,-104.4835,95.8242,80.7912,-81.0110,2.8439,-9.1508,-105.2247,95.6988,81.0910,-81.1721,2.3960,-9.1508,-105.2247,95.6988,81.0910,-81.1721,2.3960,50,50,0,0,-100,-50,0
708,1786977773.933,1786977773.9375,0.03338,-9.1429,-104.4835,96.0879,80.9670,-81.0110,2.7778,-8.9818,-105.3328,95.4046,80.8656,-80.5737,2.4727,-8.9818,-105.3328,95.4046,80.8656,-80.5737,2.4727,0,0,50,50,0,-50,0
709,1786977773.9665,1786977773.9684,0.03351,-9.1429,-104.4835,96.0879,80.9670,-81.0110,2.7116,-9.0854,-104.4964,96.0879,80.9453,-81.0303,2.7046,-9.0854,-104.4964,96.0879,80.9453,-81.0303,2.7046,0,0,0,0,0,-50,0
