step,t_obs,t_cmd,dt,pos_shoulder_pan,pos_shoulder_lift,pos_elbow_flex,pos_wrist_flex,pos_wrist_roll,pos_gripper,cmd_shoulder_pan,cmd_shoulder_lift,cmd_elbow_flex,cmd_wrist_flex,cmd_wrist_roll,cmd_gripper,sent_shoulder_pan,sent_shoulder_lift,sent_elbow_flex,sent_wrist_flex,sent_wrist_roll,sent_gripper,velraw_shoulder_pan,velraw_shoulder_lift,velraw_elbow_flex,velraw_wrist_flex,velraw_wrist_roll,velraw_gripper,chunk_start
0,1786977856.9045,1786977857.2532,2.30075,-1.1429,-104.7473,95.9121,78.3297,-83.5604,2.1825,-1.5039,-103.9942,95.4554,79.7206,-83.5080,1.7415,-1.5039,-103.9942,95.4554,79.7206,-83.5080,1.7415,0,0,0,0,0,0,1
1,1786977857.2544,1786977857.26,0.34994,-1.1429,-104.7473,95.9121,78.3297,-83.5604,2.1825,-1.3746,-104.2328,94.3566,79.8546,-83.0842,1.6015,-1.3746,-104.2328,94.3566,79.8546,-83.0842,1.6015,0,0,0,0,0,0,1
2,1786977857.2877,1786977857.292,0.03326,-1.1429,-104.7473,95.9121,78.3297,-83.5604,2.1825,-1.2016,-103.6914,95.5485,80.7026,-83.2060,1.5187,-1.2016,-103.6914,95.5485,80.7026,-83.2060,1.5187,0,0,0,0,0,0,0
3,1786977857.3211,1786977857.3252,0.03338,-1.1429,-104.8352,95.4725,78.9451,-83.5604,2.0503,-1.6411,-104.6954,94.3414,80.4419,-83.3483,1.6666,-1.6411,-104.6954,94.3414,80.4419,-83.3483,1.6666,0,-50,-150,300,0,-100,0
4,1786977857.3544,1786977857.3586,0.03336,-1.1429,-104.8352,95.2967,79.7363,-83.4725,1.9180,-1.9328,-105.1639,94.5436,80.6057,-83.6670,1.9029,-1.9328,-105.1639,94.5436,80.6057,-83.6670,1.9029,0,0,-50,300,50,-100,0
5,1786977857.3878,1786977857.3919,0.03337,-1.1429,-104.6593,95.4725,80.0000,-83.4725,1.9180,-2.0487,-104.9990,94.5147,81.1357,-83.8675,1.8216,-2.0487,-104.9990,94.5147,81.1357,-83.8675,1.8216,0,50,0,50,0,0,0
6,1786977857.4213,1786977857.4254,0.03348,-1.4945,-104.9231,95.2088,80.0879,-83.4725,1.9180,-1.8067,-104.2637,93.8531,81.2801,-83.9304,1.7193,-1.8067,-104.2637,93.8531,81.2801,-83.9304,1.7193,-100,-100,-100,50,0,0,0
7,1786977857.4546,1786977857.4586,0.03332,-1.8462,-105.2747,95.2088,80.5275,-83.5604,1.9180,-1.7996,-104.2843,94.6960,80.8245,-84.1204,1.7390,-1.7996,-104.2843,94.6960,80.8245,-84.1204,1.7390,-150,-150,0,150,0,0,0
8,1786977857.488,1786977857.492,0.03335,-1.9341,-105.0989,95.0330,80.7033,-83.6484,1.9180,-1.4327,-105.0102,93.9301,80.5782,-83.7935,1.5187,-1.4327,-105.0102,93.9301,80.5782,-83.7935,1.5187,0,50,-50,50,-50,0,0
9,1786977857.5214,1786977857.5257,0.03345,-1.8462,-105.0110,95.0330,80.7033,-83.7363,1.9180,-1.9966,-104.7500,94.2697,80.8358,-84.0838,1.6820,-1.9966,-104.7500,94.2697,80.8358,-84.0838,1.6820,0,0,0,0,-50,0,0
10,1786977857.5547,1786977857.5588,0.03334,-1.7582,-105.0110,95.0330,80.7033,-83.7363,1.9180,-1.8935,-104.6514,94.3027,81.1613,-83.5386,1.5254,-1.8935,-104.6514,94.3027,81.1613,-83.5386,1.5254,50,0,0,0,0,0,0
11,1786977857.5881,1786977857.5922,0.03335,-1.6703,-105.0110,95.0330,80.7033,-83.8242,1.9180,-2.0363,-103.6601,92.7607,81.0790,-84.2690,1.4162,-2.0363,-103.6601,92.7607,81.0790,-84.2690,1.4162,0,0,0,0,-50,0,0
12,1786977857.6216,1786977857.6261,0.03348,-1.6703,-105.0110,95.0330,80.7912,-83.7363,1.9180,-2.1819,-104.5752,92.2889,81.1083,-84.2430,1.7485,-2.1819,-104.5752,92.2889,81.1083,-84.2430,1.7485,0,0,0,50,50,0,0
13,1786977857.6549,1786977857.659,0.03333,-1.6703,-104.7473,94.7692,80.8791,-84.0000,1.9180,-2.4075,-101.8770,90.1963,81.8820,-83.9012,1.7369,-2.4075,-101.8770,90.1963,81.8820,-83.9012,1.7369,0,0,-100,50,-50,0,0
14,1786977857.6883,1786977857.6924,0.03335,-1.7582,-104.5714,94.5055,80.8791,-84.0000,1.9180,-2.0025,-99.4693,88.0684,82.1000,-84.6947,1.6860,-2.0025,-99.4693,88.0684,82.1000,-84.6947,1.6860,-50,100,-100,0,0,0,0
15,1786977857.7216,1786977857.7257,0.03338,-1.9341,-104.5714,93.8022,81.3187,-84.0000,1.9180,-2.2650,-97.7632,86.7914,82.4307,-86.1593,2.0318,-2.2650,-97.7632,86.7914,82.4307,-86.1593,2.0318,-50,-100,-150,200,0,0,0
16,1786977857.755,1786977857.7591,0.0334,-2.1978,-103.0769,92.2198,81.6703,-84.2637,1.9180,-1.9823,-94.9090,83.1734,82.6439,-87.4451,1.8410,-1.9823,-94.9090,83.1734,82.6439,-87.4451,1.8410,-50,650,-550,150,-50,0,0
17,1786977857.7884,1786977857.7925,0.03335,-2.1978,-101.1429,90.5495,81.9341,-85.0549,1.9180,-2.1983,-90.2474,80.6807,83.4624,-88.2887,1.8864,-2.1983,-90.9670,80.6807,83.4624,-88.2887,1.8864,-50,600,-500,100,-300,0,0
18,1786977857.8218,1786977857.8261,0.03341,-2.1099,-99.1209,88.9670,82.2857,-86.1978,1.9180,-1.2160,-86.5513,75.1583,83.4323,-88.3989,1.7973,-1.2160,-88.8571,78.7033,83.4323,-88.3989,1.7973,0,700,-500,100,-350,0,0
19,1786977857.8553,1786977857.8596,0.03346,-2.0220,-96.3956,86.5055,82.8132,-86.9890,1.9180,-0.8192,-82.3267,70.7362,83.8277,-87.8763,1.9295,-0.8192,-86.0440,76.1538,83.8277,-87.8763,1.9295,50,950,-850,200,-300,0,0
20,1786977857.8886,1786977857.8928,0.03332,-1.9341,-93.7582,84.1319,83.0769,-87.5165,1.9180,0.5011,-78.0135,67.1682,84.8202,-88.3700,1.8473,0.5011,-83.4066,73.7802,84.8202,-88.3700,1.8473,0,900,-800,100,-200,0,0
21,1786977857.9219,1786977857.9262,0.03337,-1.4945,-91.1209,81.8462,83.3407,-87.5165,1.9180,2.7151,-73.1459,62.5110,84.6551,-86.5110,1.8184,2.7151,-80.7692,71.4945,84.6551,-86.5110,1.8184,100,900,-800,150,0,0,0
22,1786977857.9554,1786977857.9597,0.03345,-0.7912,-88.3956,79.4725,83.8681,-87.8681,1.9180,5.7160,-68.4399,57.4501,85.9093,-84.3214,1.6219,5.7160,-78.1319,69.1209,85.9093,-84.3214,1.6219,250,900,-800,150,-150,0,0
23,1786977857.9887,1786977857.993,0.0333,0.5275,-85.7582,77.0989,84.2198,-87.4286,1.9180,9.1150,-62.6749,51.1706,86.2720,-80.1499,1.6410,9.1150,-75.4066,66.8352,86.2720,-80.1499,1.6410,500,900,-800,100,150,0,0
24,1786977858.0221,1786977858.0264,0.0334,2.3736,-83.2088,74.7253,84.8352,-86.2857,1.9180,12.3517,-56.8630,45.6593,87.1913,-74.5450,1.5606,12.3517,-72.7692,64.3736,87.1913,-76.0220,1.5606,600,900,-800,250,350,0,0
25,1786977858.0555,1786977858.0598,0.03341,4.8352,-80.3956,72.3516,85.5385,-84.3516,1.9180,15.8964,-50.3651,39.6016,86.2571,-67.5837,1.2788,15.0989,-70.0440,62.0879,86.2571,-74.0000,1.2788,800,950,-800,200,650,0,0
26,1786977858.0889,1786977858.0932,0.03337,7.5604,-77.6703,70.0659,86.0659,-81.5385,1.9180,19.5196,-43.6109,33.0506,85.9747,-59.9563,1.1474,17.9121,-67.3187,59.7143,85.9747,-71.1868,1.1474,950,900,-750,200,900,0,0
27,1786977858.1222,1786977858.1266,0.03337,10.2857,-74.7692,67.6923,86.1538,-78.6374,1.8519,22.3409,-38.9180,27.4081,86.8392,-53.8585,1.2692,20.6374,-64.5055,57.3407,86.8392,-68.3736,1.2692,950,950,-850,0,1000,-50,0
28,1786977858.1557,1786977858.1606,0.03341,13.0989,-72.1319,65.2308,86.0659,-76.0879,1.7857,25.1166,-31.4723,21.5935,87.0659,-46.8549,1.2978,23.4505,-61.7802,54.9670,87.0659,-65.7363,1.2978,950,900,-800,-50,900,-50,0
29,1786977858.189,1786977858.1936,0.03338,15.8242,-69.3187,62.9451,86.3297,-73.2747,1.7196,27.0633,-26.0254,17.1839,87.9372,-40.5604,1.4286,26.1758,-58.9670,52.5934,87.9372,-62.9231,1.4286,950,900,-800,50,950,-50,0
30,1786977858.2224,1786977858.2268,0.03339,18.4615,-66.5934,60.4835,86.6813,-70.5495,1.7196,28.8524,-21.2335,11.5423,88.3116,-36.7869,1.2506,28.8524,-56.1538,50.2198,88.3116,-60.1978,1.2506,900,950,-800,100,950,0,0
31,1786977858.2558,1786977858.2606,0.03341,21.2747,-63.7802,58.1099,87.2088,-67.8242,1.7196,30.4989,-16.0994,7.4188,88.1127,-32.4561,1.4835,30.4989,-53.4286,47.7582,88.1127,-57.4725,1.4835,900,900,-850,150,950,0,0
32,1786977858.2893,1786977858.2941,0.03342,24.0879,-60.9670,55.8242,87.6484,-65.0989,1.7196,31.6063,-12.0126,3.5784,87.9921,-29.7011,1.3717,31.6063,-50.5275,45.4725,87.9921,-54.7473,1.3717,950,950,-800,250,950,0,0
33,1786977858.3226,1786977858.3272,0.03337,26.6374,-58.1538,53.5385,87.6484,-62.2857,1.7196,31.8754,-7.9651,0.8223,88.8784,-27.5129,1.3784,31.8754,-47.7143,43.2747,88.8784,-52.0220,1.3784,900,950,-750,0,950,0,0
34,1786977858.356,1786977858.3605,0.03336,28.7473,-55.3407,51.1648,87.6484,-59.6484,1.7196,33.1000,-4.7821,-1.4871,88.1542,-25.4049,1.7456,33.1000,-44.9890,40.8132,88.1542,-49.2088,1.7456,750,950,-800,0,900,0,0
35,1786977858.3894,1786977858.3938,0.03341,29.8022,-52.6154,48.7033,87.9121,-56.8352,1.7196,32.9145,-1.0476,-4.7080,88.3153,-24.4200,1.5495,32.9145,-42.2637,38.3516,88.3153,-46.5714,1.5495,350,900,-850,50,900,0,0
36,1786977858.4228,1786977858.4272,0.03337,30.5055,-49.6264,46.4176,88.1758,-54.1099,1.7196,32.8856,1.6395,-6.0247,88.8123,-22.4552,1.5809,32.8856,-39.2747,36.0659,88.8123,-43.6703,1.5809,250,1000,-800,50,950,0,0
37,1786977858.4562,1786977858.4605,0.03338,31.3846,-46.8132,43.9560,88.1758,-51.3846,1.7196,33.0104,2.9164,-7.8599,88.5044,-21.7009,1.6529,33.0104,-36.3736,33.6923,88.5044,-41.0330,1.6529,300,950,-800,0,1000,0,0
38,1786977858.4895,1786977858.4939,0.03339,32.1758,-44.0000,41.5824,88.3516,-48.4835,1.7196,33.5909,4.3118,-7.5464,89.1794,-21.6520,1.7032,33.5909,-33.5604,31.2308,89.1794,-38.2198,1.7032,250,1000,-800,50,950,0,0
39,1786977858.5229,1786977858.5274,0.03339,32.3516,-41.0110,39.2088,88.3516,-45.7582,1.7196,33.0618,5.4622,-8.6529,88.8569,-21.0123,1.6840,33.0618,-30.5714,28.9451,88.8569,-35.4945,1.6840,50,950,-800,0,950,0,0
40,1786977858.5563,1786977858.5607,0.03336,32.3516,-38.0220,36.8352,88.6154,-43.0330,1.7196,33.1270,6.5345,-9.3081,88.0489,-21.2568,1.4368,33.1270,-27.7582,26.4835,88.0489,-32.6813,1.4368,0,1000,-800,100,900,0,0
41,1786977858.5897,1786977858.5942,0.03343,32.6154,-35.1209,34.4615,88.6154,-40.3077,1.7196,33.2166,7.1733,-8.8247,86.9079,-21.7276,1.5261,33.2166,-24.7692,24.1099,86.9079,-29.9560,1.5261,50,1000,-850,50,950,0,0
42,1786977858.6232,1786977858.6285,0.03345,32.9670,-32.2198,32.0000,88.5275,-37.5824,1.7196,33.5035,9.6173,-9.0968,86.2963,-21.9074,1.6156,33.5035,-21.7802,21.6484,86.2963,-27.1429,1.6156,100,1000,-800,0,950,0,0
43,1786977858.6565,1786977858.6613,0.0333,32.9670,-29.2308,29.7143,87.8242,-34.7692,1.7196,32.8921,9.5927,-8.8797,85.2994,-21.9695,1.7237,32.8921,-18.7912,19.3626,85.2994,-24.4176,1.7237,0,1000,-800,-250,950,0,0
44,1786977858.6899,1786977858.6944,0.03338,32.9670,-26.2418,27.2527,87.1209,-32.0440,1.7196,33.0712,10.6705,-8.4263,84.1254,-22.7241,1.8243,33.0712,-15.8022,16.9890,84.1254,-22.7241,1.8243,0,950,-800,-200,950,0,0
45,1786977858.7232,1786977858.7277,0.03336,32.8791,-23.2527,24.9670,86.5055,-29.2308,1.7196,33.4540,11.7710,-9.0391,83.4762,-23.6731,2.8521,33.4540,-12.7253,14.6154,83.4762,-23.6731,2.8521,-50,1000,-850,-200,950,0,0
46,1786977858.7566,1786977858.761,0.03341,32.8791,-20.0879,22.5055,85.3626,-26.7692,1.7196,32.9973,12.1946,-7.9756,81.8532,-24.5894,2.8416,32.9973,-9.7363,12.1538,81.8532,-24.5894,2.8416,0,1050,-800,-350,800,0,0
47,1786977858.7901,1786977858.7947,0.03341,32.8791,-17.0989,20.1319,84.6593,-25.5385,2.1164,32.8450,12.4540,-7.3497,81.8599,-25.8383,3.4764,32.8450,-6.6593,9.8681,81.8599,-25.8383,3.4764,0,1000,-800,-200,500,100,0
48,1786977858.8234,1786977858.8278,0.03332,32.8791,-13.9341,17.7582,83.7802,-25.6264,2.3810,32.1432,13.1198,-6.9748,81.1292,-26.3323,4.0107,32.1432,-3.4945,7.4945,81.1292,-26.3323,4.0107,0,1050,-850,-300,-50,100,0
49,1786977858.8568,1786977858.8611,0.0334,32.8791,-10.7692,15.2967,82.8132,-25.8022,2.7778,32.4741,12.2457,-5.7499,80.5402,-27.7522,4.5393,32.4741,-0.4176,5.0330,80.5402,-27.7522,4.5393,0,1050,-850,-300,-100,200,0
50,1786977858.8902,1786977859.1091,0.0334,32.8791,-7.8681,13.0110,82.2857,-26.0659,3.1746,35.9204,-2.5867,6.0002,81.4635,-23.2523,3.9182,35.9204,-2.5867,6.0002,81.4635,-23.2523,3.9182,0,1000,-800,-200,-150,250,1
51,1786977859.1103,1786977859.1151,0.22009,32.7912,-0.3956,7.2967,80.8791,-27.4725,4.1667,36.5891,-1.8821,5.0880,81.7678,-22.5176,3.9131,36.5891,-1.8821,5.0880,81.7678,-22.5176,3.9131,0,100,-50,0,0,50,1
52,1786977859.1435,1786977859.1477,0.03326,32.7912,-0.3077,7.2088,80.8791,-27.4725,4.1667,36.5377,-0.2649,4.6107,81.0440,-22.5383,4.0587,36.5377,-0.2649,4.6107,81.0440,-22.5383,4.0587,0,50,0,0,0,0,0
53,1786977859.1769,1786977859.181,0.03336,33.0549,-0.3077,7.2088,81.2308,-26.7692,4.0344,36.9410,1.0667,3.9440,80.2676,-22.4364,4.0349,36.9410,1.0667,3.9440,80.2676,-22.4364,4.0349,150,0,0,150,350,-100,0
54,1786977859.2103,1786977859.2144,0.03341,34.2857,-0.3077,7.0330,81.1429,-24.8352,3.9021,36.9140,1.1746,3.5127,79.6288,-22.5169,4.1391,36.9140,1.1746,3.5127,79.6288,-22.5169,4.1391,450,0,0,-50,700,-100,0
55,1786977859.2437,1786977859.2478,0.03337,35.5165,0.5714,6.3297,80.7033,-24.1319,3.9021,36.9017,2.1666,3.0983,79.0906,-23.3619,4.4502,36.9017,2.1666,3.0983,79.0906,-23.3619,4.4502,450,300,-250,-150,250,0,0
56,1786977859.277,1786977859.2811,0.03337,36.1319,1.2747,5.8901,80.1758,-23.6923,4.0344,36.7325,2.1190,2.9496,78.6292,-23.9844,4.9476,36.7325,2.1190,2.9496,78.6292,-23.9844,4.9476,150,200,-250,-200,150,50,0
57,1786977859.3104,1786977859.3146,0.03341,36.3077,1.9780,5.6264,79.7363,-23.6923,4.0344,37.0128,3.7222,2.4695,78.0424,-23.7103,6.2473,37.0128,3.7222,2.4695,78.0424,-23.7103,6.2473,100,200,-50,-150,0,0,0
58,1786977859.3438,1786977859.3479,0.03337,36.0440,2.2418,5.4505,79.2967,-23.8681,4.4312,37.0103,3.6596,2.2948,77.7023,-24.8643,8.6870,37.0103,3.6596,2.2948,77.7023,-24.8643,8.6870,-50,100,-100,-200,-100,150,0
59,1786977859.3772,1786977859.3814,0.03342,36.1319,2.8571,4.8352,78.7692,-23.6923,4.9603,36.7602,3.7846,2.1281,76.9135,-25.2345,11.6411,36.7602,3.7846,2.1281,76.9135,-25.2345,11.6411,0,250,-200,-150,100,250,0
60,1786977859.4106,1786977859.4147,0.03336,36.2198,3.6484,4.4835,78.3297,-24.1319,6.3492,37.1847,5.0190,2.9543,75.8097,-25.5979,15.2325,37.1847,5.0190,2.9543,75.8097,-25.5979,15.2325,50,300,-150,-150,-50,700,0
61,1786977859.444,1786977859.4481,0.03337,36.5714,4.0000,4.4835,77.7143,-24.7473,8.2672,37.2862,4.4213,4.1682,74.5158,-26.2142,18.9013,37.2862,4.4213,4.1682,74.5158,-26.2142,18.5317,150,150,0,-250,-300,850,0
62,1786977859.4774,1786977859.4817,0.03342,36.7473,4.6154,4.3956,77.0110,-25.0989,10.5159,37.0370,3.9760,4.7383,73.0518,-26.9057,22.1856,37.0370,3.9760,4.7383,73.0518,-26.9057,20.8466,50,200,-50,-250,-150,1050,0
63,1786977859.5108,1786977859.5151,0.03338,36.8352,4.8791,4.5714,75.8681,-25.5385,13.1614,37.0186,4.4921,5.7012,72.3461,-27.3918,25.1254,37.0186,4.4921,5.7012,72.3461,-27.3918,23.4921,50,50,0,-400,-150,1200,0
64,1786977859.5441,1786977859.5486,0.03338,36.5714,4.9670,5.0989,74.7253,-25.8901,15.8730,36.6808,3.7087,7.6637,71.0032,-28.5921,27.2208,36.6808,3.7087,7.6637,71.0032,-28.5921,26.2698,-100,0,200,-400,-150,1250,0
65,1786977859.5775,1786977859.5819,0.0334,36.4835,4.9670,5.5385,73.6703,-26.6813,18.5847,36.6435,3.9063,7.7959,70.1541,-29.7022,29.1031,36.6435,3.9063,7.7959,70.1541,-29.7022,28.9153,-50,0,150,-400,-300,1200,0
66,1786977859.6109,1786977859.6156,0.03338,36.4835,4.8791,6.5934,72.7033,-27.2967,21.2302,36.7690,4.1308,8.7758,69.6699,-31.5712,29.8339,36.7690,4.1308,8.7758,69.6699,-31.5712,29.8339,0,-50,300,-300,-250,1200,0
67,1786977859.6444,1786977859.6513,0.03349,36.4835,4.8791,7.4725,71.6484,-28.5275,23.9418,36.4577,3.5033,9.7036,68.7702,-32.4742,30.1549,36.4577,3.5033,9.7036,68.7702,-32.4742,30.1549,0,0,300,-350,-400,1200,0
68,1786977859.6777,1786977859.682,0.03331,36.5714,4.9670,8.3516,70.9451,-29.4066,26.1243,36.4476,4.3491,10.0013,68.0698,-33.2022,30.2873,36.4476,4.3491,10.0013,68.0698,-33.2022,30.2873,50,50,300,-250,-300,1000,0
69,1786977859.7111,1786977859.7153,0.03334,36.6593,4.9670,9.3187,70.1538,-30.8132,27.5794,36.1744,4.4640,10.6941,68.2466,-34.7193,29.9230,36.1744,4.4640,10.6941,68.2466,-34.7193,29.9230,0,0,350,-300,-400,550,0
70,1786977859.7444,1786977859.7485,0.03337,36.7473,4.9670,9.8462,69.3626,-31.7802,28.3730,36.1554,4.7204,10.6219,67.4258,-35.2723,29.4748,36.1554,4.7204,10.6219,67.4258,-35.2723,29.4748,50,0,150,-250,-350,450,0
71,1786977859.7778,1786977859.782,0.03342,36.7473,4.9670,10.3736,69.0989,-32.9231,28.7037,36.0717,5.5092,10.3785,67.3591,-35.8219,29.0134,36.0717,5.5092,10.3785,67.3591,-35.8219,29.0134,0,0,200,-150,-400,200,0
72,1786977859.8112,1786977859.8153,0.03336,36.7473,5.2308,10.6374,68.4835,-33.8022,28.7698,35.7949,5.4709,10.6996,67.0490,-37.0452,28.6419,35.7949,5.4709,10.6996,67.0490,-37.0452,28.6419,0,100,150,-200,-350,0,0
73,1786977859.8446,1786977859.8487,0.03337,36.5714,5.7582,10.6374,67.9560,-34.6813,28.7698,35.7725,5.8683,10.7854,66.0342,-36.8949,28.3810,35.7725,5.8683,10.7854,66.0342,-36.8949,28.3810,-50,200,0,-150,-400,0,0
74,1786977859.878,1786977859.882,0.03339,36.3956,5.9341,10.8132,67.7802,-35.3846,28.7698,36.2348,6.8668,10.0639,66.0196,-37.3403,28.4312,36.2348,6.8668,10.0639,66.0196,-37.3403,28.4312,-50,50,100,0,-250,0,0
75,1786977859.9114,1786977859.9156,0.0334,36.1319,6.2857,10.9011,67.0769,-36.0879,28.6376,35.7135,6.9537,10.1385,65.0573,-37.6554,28.1355,35.7135,6.9537,10.1385,65.0573,-37.6554,28.1355,-50,100,50,-200,-300,-100,0
76,1786977859.9447,1786977859.9488,0.03337,36.0440,6.8132,10.9011,66.6374,-36.5275,28.5714,36.7194,7.9550,9.4849,65.3618,-38.6000,28.1829,36.7194,7.9550,9.4849,65.3618,-38.6000,28.1829,-50,200,0,-100,-150,0,0
77,1786977859.9781,1786977859.9822,0.03339,35.9560,7.2527,10.9011,66.1099,-36.8791,28.3730,36.9146,8.1093,10.0429,63.9366,-38.5485,27.9588,36.9146,8.1093,10.0429,63.9366,-38.5485,27.9588,-50,150,0,-150,-150,-50,0
78,1786977860.0115,1786977860.0156,0.03335,36.0440,7.9560,10.9011,65.9341,-37.5824,28.3730,36.9039,8.1973,9.9952,63.6142,-39.1042,27.9637,36.9039,8.1973,9.9952,63.6142,-39.1042,27.9637,50,250,0,-50,-250,0,0
79,1786977860.0449,1786977860.049,0.03338,36.3077,8.3956,10.9011,65.2308,-37.9341,28.2407,36.6789,7.9534,10.3597,63.1903,-39.6870,27.6230,36.6789,7.9534,10.3597,63.1903,-39.6870,27.6230,100,100,0,-250,-100,0,0
80,1786977860.0783,1786977860.0824,0.03342,36.6593,8.5714,10.9011,64.5275,-38.5495,28.1746,37.4051,9.2270,10.3247,63.2954,-40.6026,27.9073,37.4051,9.2270,10.3247,63.2954,-40.6026,27.9073,100,100,0,-350,-250,-50,0
81,1786977860.1116,1786977860.1157,0.03336,36.6593,8.5714,10.9011,64.0879,-38.9890,27.9762,37.1347,8.4663,10.5492,61.6932,-41.0421,27.7147,37.1347,8.4663,10.5492,61.6932,-41.0421,27.7147,0,0,0,-150,-100,-100,0
82,1786977860.145,1786977860.1491,0.03337,36.6593,8.9231,10.8132,63.8242,-39.6044,27.9762,37.7522,8.7168,10.7154,62.3817,-41.5965,27.9307,37.7522,8.7168,10.7154,62.3817,-41.5965,27.9307,50,200,0,-50,-200,0,0
83,1786977860.1784,1786977860.1824,0.0334,36.5714,9.3626,10.8132,63.0330,-40.1319,27.9101,37.7851,9.0833,11.3506,62.5537,-42.4939,28.0337,37.7851,9.0833,11.3506,62.5537,-42.4939,28.0337,-50,150,0,-300,-200,-50,0
84,1786977860.2118,1786977860.2159,0.03338,36.7473,9.5385,11.0769,62.7692,-40.7473,27.9101,37.8674,8.6559,10.9837,61.7435,-43.6332,28.1837,37.8674,8.6559,10.9837,61.7435,-43.6332,28.1837,100,50,50,-200,-200,0,0
85,1786977860.2452,1786977860.2493,0.0334,37.3626,9.6264,11.3407,62.9451,-41.4505,27.9101,38.2268,8.7950,11.2281,62.5770,-44.4252,28.3197,38.2268,8.7950,11.2281,62.5770,-44.4252,28.3197,150,50,100,50,-200,0,0
86,1786977860.2786,1786977860.2826,0.03337,37.6264,9.6264,11.3407,62.5055,-42.5934,27.9101,38.2335,9.1993,11.5831,62.7298,-45.9364,28.7512,38.2335,9.1993,11.5831,62.7298,-45.9364,28.7512,100,0,0,-200,-350,0,0
87,1786977860.3119,1786977860.316,0.03337,37.7143,9.6264,11.5165,62.5934,-43.3846,27.9101,38.3212,9.2160,12.2146,62.1478,-46.3058,28.7641,38.3212,9.2160,12.2146,62.1478,-46.3058,28.7641,50,0,100,-50,-250,0,0
88,1786977860.3453,1786977860.3494,0.0334,37.7143,9.7143,11.7802,62.6813,-44.1758,28.2407,38.3637,8.8827,12.8504,62.4229,-47.3871,29.1217,38.3637,8.8827,12.8504,62.4229,-47.3871,29.1217,0,0,100,0,-150,100,0
89,1786977860.3787,1786977860.3828,0.03339,37.6264,9.8022,12.2198,62.3297,-45.2308,28.3069,38.5253,9.2748,12.0853,61.7506,-47.6269,29.2626,38.5253,9.2748,12.0853,61.7506,-47.6269,29.2626,-50,0,150,-100,-350,50,0
90,1786977860.4121,1786977860.4163,0.03338,37.8022,9.8022,12.8352,62.4176,-46.0220,28.6376,38.6084,9.6073,12.8299,62.1876,-48.0819,29.3300,38.6084,9.6073,12.8299,62.1876,-48.0819,29.3300,0,0,200,50,-300,150,0
91,1786977860.4455,1786977860.4496,0.03339,38.0659,9.8901,12.8352,62.2418,-46.8132,28.8360,39.0565,9.5176,12.7470,61.1671,-48.5383,29.4438,39.0565,9.5176,12.7470,61.1671,-48.5383,29.4438,100,50,0,-50,-300,100,0
92,1786977860.4789,1786977860.4829,0.03336,38.4176,9.8901,13.0110,62.2418,-47.3407,28.9683,38.9477,10.3490,12.5752,61.2480,-48.4602,29.2693,38.9477,10.3490,12.5752,61.2480,-48.4602,29.2693,150,0,50,0,-150,50,0
93,1786977860.5122,1786977860.5164,0.03339,38.5055,9.8901,13.0989,61.8022,-47.6923,29.1005,39.3924,11.3555,12.1915,61.0348,-48.4837,29.4393,39.3924,11.3555,12.1915,61.0348,-48.4837,29.4393,50,0,0,-50,-100,100,0
94,1786977860.5456,1786977860.5497,0.03338,38.5934,10.3297,13.0989,61.5385,-47.8681,29.0344,39.4153,12.0157,11.6058,60.2189,-48.2296,29.5184,39.4153,12.0157,11.6058,60.2189,-48.2296,29.5184,0,150,0,-150,-100,-50,0
95,1786977860.579,1786977860.5831,0.03338,38.5934,11.2088,13.0989,61.6264,-47.9560,29.1667,39.8282,12.5371,11.9600,60.3577,-48.3043,29.6408,39.8282,12.5371,11.9600,60.3577,-48.3043,29.6408,0,350,0,0,0,50,0
96,1786977860.6124,1786977860.6164,0.03335,38.7692,12.1758,13.0989,61.0989,-47.9560,29.1667,39.3985,13.6080,11.5583,60.2956,-49.1568,29.6407,39.3985,13.6080,11.5583,60.2956,-49.1568,29.6407,50,300,0,-150,0,0,0
97,1786977860.6457,1786977860.6498,0.03339,39.1209,12.7912,13.0989,60.9231,-48.2198,29.2989,39.5224,13.9168,11.4955,59.9996,-48.1245,30.0224,39.5224,13.9168,11.4955,59.9996,-48.1245,30.0224,150,250,0,-50,0,100,0
98,1786977860.6792,1786977860.6833,0.03344,39.3846,13.3187,13.0989,60.7473,-48.4835,29.4312,40.0998,14.2467,11.0137,59.8968,-48.3412,30.1266,40.0998,14.2467,11.0137,59.8968,-48.3412,30.1266,150,200,0,-50,0,0,0
99,1786977860.7125,1786977860.7166,0.03334,39.4725,13.7582,12.8352,60.4835,-48.3956,29.6958,39.8432,15.8983,9.8701,59.7966,-48.2881,30.0632,39.8432,15.8983,9.8701,59.7966,-48.2881,30.0632,0,200,-50,-100,150,200,0
100,1786977860.7459,1786977860.9648,0.03341,39.5604,14.1099,12.4835,60.3077,-48.3077,29.6958,33.1014,16.4067,12.3705,58.3560,-51.2597,28.9759,33.1014,16.4067,12.3705,58.3560,-51.2597,28.9759,0,150,-150,-50,0,0,1
101,1786977860.966,1786977860.9708,0.22003,39.5604,15.6923,10.8132,60.3077,-48.3077,29.7619,32.9342,17.0387,12.1021,58.3223,-51.4919,28.7067,32.9342,17.0387,12.1021,58.3223,-51.4919,28.7067,0,0,0,0,0,0,1
102,1786977860.9993,1786977861.0038,0.0333,39.5604,15.7802,10.8132,60.3077,-48.3077,29.7619,32.5897,17.1912,11.2670,58.2730,-51.3133,28.4673,32.5897,17.1912,11.2670,58.2730,-51.3133,28.4673,0,0,0,0,0,0,0
103,1786977861.0326,1786977861.0371,0.03335,39.0330,16.1319,11.1648,59.6044,-49.0989,29.3651,32.8759,17.5571,11.4652,58.3621,-51.5264,27.8249,32.8759,17.5571,11.4652,58.3621,-51.5264,27.8249,-100,100,150,-300,-350,-200,0
104,1786977861.066,1786977861.0706,0.03341,37.4505,16.3077,11.4286,59.1648,-50.4176,28.9683,32.6796,17.2090,11.4954,58.2633,-51.9295,26.9972,32.6796,17.2090,11.4954,58.2633,-51.9295,26.9972,-550,100,200,-200,-550,-200,0
105,1786977861.0994,1786977861.1039,0.03339,35.9560,16.8352,11.1648,58.9890,-50.5934,28.4392,32.4223,17.6593,11.3309,57.9314,-52.6868,25.5660,32.4223,17.6593,11.3309,57.9314,-52.6868,25.5660,-500,150,-50,-50,-100,-150,0
106,1786977861.1328,1786977861.1376,0.0334,34.5495,16.9231,10.9890,58.4615,-51.0330,27.7778,32.3419,16.9222,10.5374,58.2267,-52.5283,22.7401,32.3419,16.9222,10.5374,58.2267,-52.5283,22.7401,-500,0,-100,-200,-200,-350,0
107,1786977861.1662,1786977861.1708,0.03336,33.6703,17.0989,10.9890,58.2857,-51.6484,26.9841,31.7985,16.4501,11.1276,58.6531,-52.8931,19.1992,31.7985,16.4501,11.1276,58.6531,-52.8931,19.1992,-250,50,0,-100,-150,-350,0
108,1786977861.1996,1786977861.2046,0.03346,33.3187,17.0989,10.9011,58.2857,-52.0000,25.5291,31.9002,16.4579,11.3981,58.4496,-53.5939,15.5176,31.9002,16.4579,11.3981,58.4496,-53.5939,15.5176,-100,0,-50,0,-150,-600,0
109,1786977861.233,1786977861.2373,0.03334,33.1429,17.0989,10.9011,58.2857,-52.5275,23.5450,31.9914,15.8465,11.6154,58.6053,-52.5810,11.6018,31.9914,15.8465,11.6154,58.6053,-52.5810,13.2143,0,0,0,0,-200,-950,0
110,1786977861.2664,1786977861.2707,0.0334,32.9670,16.9231,10.9890,58.2857,-52.8791,20.8995,31.5782,16.5354,11.8442,57.5823,-52.8303,8.2384,31.5782,16.5354,11.8442,57.5823,-52.8303,10.5688,-50,-100,0,0,-100,-1200,0
111,1786977861.2997,1786977861.3041,0.03338,32.8791,16.8352,11.0769,58.2857,-52.7033,17.9894,31.4827,16.4773,12.4027,57.6638,-53.0373,6.3627,31.4827,16.4773,12.4027,57.6638,-53.0373,7.6587,-50,0,50,0,0,-1250,0
112,1786977861.3332,1786977861.3376,0.03343,32.7033,16.8352,11.2527,58.0220,-52.7033,15.5423,31.9203,16.5517,12.5167,57.3274,-52.7961,6.8211,31.9203,16.5517,12.5167,57.3274,-52.7961,6.8211,-50,0,0,-150,0,-1100,0
113,1786977861.3665,1786977861.3708,0.03336,32.6154,16.8352,11.5165,57.8462,-52.7033,12.8968,32.1691,16.7706,13.3240,57.4576,-52.9262,6.2658,32.1691,16.7706,13.3240,57.4576,-52.9262,6.2658,0,0,100,-50,0,-1200,0
114,1786977861.3999,1786977861.4039,0.03332,32.5275,16.8352,11.7802,57.5824,-52.6154,11.5741,32.1295,16.8735,13.6597,56.7750,-53.0039,5.3567,32.1295,16.8735,13.6597,56.7750,-53.0039,5.3567,0,0,100,-50,50,-800,0
115,1786977861.4333,1786977861.4385,0.03346,32.5275,16.6593,12.1319,57.4945,-52.6154,11.1111,31.7181,16.7476,13.2840,57.1067,-52.4819,4.5496,31.7181,16.7476,13.2840,57.1067,-52.4819,4.5496,0,0,100,0,0,-300,0
116,1786977861.4666,1786977861.4707,0.03331,32.5275,16.4835,12.4835,57.1429,-52.6154,10.7804,31.7674,16.8825,14.3507,56.9636,-52.0576,4.4032,31.7674,16.8825,14.3507,56.9636,-52.0576,4.4032,0,-50,100,-150,0,-150,0
117,1786977861.5,1786977861.5041,0.03341,32.4396,16.4835,12.4835,57.1429,-52.6154,10.5820,32.0221,16.5428,14.1967,57.0478,-52.6195,4.2068,32.0221,16.5428,14.1967,57.0478,-52.6195,4.2068,0,0,0,0,0,-50,0
118,1786977861.5334,1786977861.5376,0.03339,32.4396,16.4835,12.8352,57.1429,-52.6154,10.5820,31.9180,16.3544,13.4042,57.2434,-52.1342,3.8832,31.9180,16.3544,13.4042,57.2434,-52.1342,3.8832,-50,0,150,0,0,0,0
119,1786977861.5668,1786977861.5711,0.03341,32.4396,16.4835,13.0989,57.1429,-52.6154,10.5820,31.9205,16.8910,14.0086,57.7020,-51.5736,3.5826,31.9205,16.8910,14.0086,57.7020,-51.5736,3.5826,0,0,50,0,0,0,0
120,1786977861.6002,1786977861.6043,0.03332,32.4396,16.4835,13.0989,57.1429,-52.5275,10.4497,31.6195,16.8221,13.7560,59.3724,-51.6071,3.4518,31.6195,16.8221,13.7560,59.3724,-51.6071,3.4518,0,0,0,0,50,-50,0
121,1786977861.6336,1786977861.6377,0.03343,32.4396,16.4835,13.0989,57.1429,-52.1758,10.4497,31.3413,15.7706,13.0067,60.3101,-51.4054,3.4270,31.3413,15.7706,13.0067,60.3101,-51.4054,3.4270,0,0,0,0,100,0,0
122,1786977861.6669,1786977861.671,0.03336,32.4396,16.4835,13.0989,57.5824,-52.0879,10.4497,31.0677,16.2205,12.2874,61.3973,-51.9378,3.5408,31.0677,16.2205,12.2874,61.3973,-51.9378,3.5408,0,0,0,250,0,0,0
123,1786977861.7003,1786977861.7044,0.03336,32.2637,16.3956,12.8352,58.5495,-52.0879,10.4497,31.1034,15.0206,11.6150,61.8568,-50.9255,3.4864,31.1034,15.0206,11.6150,61.8568,-50.9255,3.4864,-50,0,-50,350,0,0,0
124,1786977861.7337,1786977861.7378,0.03341,32.0000,16.4835,12.4835,59.3407,-52.0879,10.4497,30.2940,14.8245,10.6376,63.8410,-50.9261,3.5242,30.2940,14.8245,10.6376,63.8410,-50.9261,3.5242,-100,0,-150,250,0,0,0
125,1786977861.7671,1786977861.7711,0.03335,31.8242,16.2198,12.0440,60.1319,-51.8242,10.3836,29.6954,13.9956,10.5662,65.3760,-50.9511,3.5857,29.6954,13.9956,10.5662,65.3760,-50.9511,3.5857,-50,-100,-100,250,150,-50,0
126,1786977861.8004,1786977861.8045,0.03337,31.4725,16.0440,11.6044,61.0989,-51.5604,10.3836,29.1508,12.5486,8.7412,67.0865,-50.0992,3.4211,29.1508,12.5486,8.7412,67.0865,-50.0992,3.4211,-150,-50,-200,250,150,0,0
127,1786977861.8339,1786977861.8379,0.03342,30.9451,15.7802,11.3407,62.7692,-51.4725,10.3836,27.5938,11.1009,7.9690,68.9099,-50.4861,3.4593,27.5938,11.1009,7.9690,68.9099,-50.4861,3.4593,-200,-50,-150,550,50,0,0
128,1786977861.8672,1786977861.8713,0.03333,30.3297,15.0769,10.7253,64.3516,-51.1209,10.3836,26.1841,10.1090,5.3440,71.2726,-50.5559,3.1305,26.1841,10.1090,5.3440,71.2726,-50.5559,3.1305,-200,-200,-250,550,200,0,0
129,1786977861.9006,1786977861.9047,0.03339,29.3626,14.4615,10.0220,66.2857,-51.0330,10.3836,25.0175,7.4653,3.3697,74.4941,-50.8718,3.0351,25.0175,7.4653,3.3697,74.4941,-50.8718,3.0351,-300,-200,-300,750,50,0,0
130,1786977861.934,1786977861.9381,0.03342,28.2198,14.1978,9.2308,68.2198,-50.9451,10.3836,23.4995,5.1625,1.1444,76.0995,-50.8540,3.0309,23.4995,5.1625,1.1444,76.0995,-50.8540,3.0309,-400,-100,-200,650,50,0,0
131,1786977861.9674,1786977861.9715,0.03336,26.9890,13.6703,7.7363,70.4176,-50.9451,10.3836,21.4240,2.9271,-0.6454,78.1746,-50.6557,2.8594,21.4240,3.4945,-0.6454,78.1746,-50.6557,2.8594,-450,-150,-500,700,0,0,0
132,1786977862.0008,1786977862.005,0.03338,25.4945,12.2637,6.0659,72.6154,-50.9451,10.3836,19.7287,1.0163,-2.6869,79.3429,-51.8712,2.7500,19.7287,2.0000,-2.6869,79.3429,-51.8712,2.7500,-450,-500,-600,700,0,0,0
133,1786977862.0342,1786977862.0385,0.03342,24.1758,10.3297,4.2198,74.7253,-50.9451,10.3836,17.9787,-1.2066,-4.7046,79.8387,-52.0720,3.0047,17.9787,-0.0220,-4.7046,79.8387,-52.0720,3.0047,-450,-600,-600,750,0,0,0
134,1786977862.0675,1786977862.0719,0.03335,22.5934,8.3077,2.2857,76.3956,-51.2088,10.3836,15.8263,-3.1500,-6.0769,79.5163,-52.1597,2.9457,15.8263,-1.8681,-6.0769,79.5163,-52.1597,2.9457,-550,-650,-650,500,-150,0,0
135,1786977862.1009,1786977862.1053,0.03337,20.9231,6.4615,0.2637,77.6264,-51.5604,10.3836,14.6144,-5.6407,-8.0895,79.3634,-52.4461,2.7988,14.6144,-3.8022,-8.0895,79.3634,-52.4461,2.7988,-550,-650,-700,550,-150,0,0
136,1786977862.1343,1786977862.1386,0.03342,19.0769,4.6154,-1.4066,78.0659,-51.7363,10.3836,12.1119,-8.0850,-7.6219,79.1696,-52.5453,2.7166,12.1119,-5.6484,-7.6219,79.1696,-52.5453,2.7166,-650,-600,-600,150,-50,0,0
137,1786977862.1677,1786977862.172,0.03338,17.2308,2.6813,-3.0769,78.4176,-51.9121,10.3836,9.5006,-10.6304,-6.5804,77.2868,-52.9816,2.9689,9.5006,-7.5824,-6.5804,77.2868,-52.9816,2.9689,-650,-650,-550,100,-50,0,0
138,1786977862.2011,1786977862.2054,0.03337,15.5604,0.7473,-4.1319,78.4176,-52.0879,10.3836,7.2008,-10.9766,-6.3983,74.3361,-53.2464,3.1568,7.2008,-9.6044,-6.3983,74.3361,-53.2464,3.1568,-600,-650,-500,50,-50,0,0
139,1786977862.2345,1786977862.2388,0.0334,13.5385,-1.5385,-4.2198,78.2418,-52.6154,10.3175,5.5480,-14.8251,-5.0965,70.7397,-53.8197,2.8992,5.5480,-11.8901,-5.0965,70.7397,-53.8197,2.8992,-700,-750,-50,-50,-150,-50,0
140,1786977862.2678,1786977862.2721,0.03335,11.2527,-3.4725,-4.2198,76.8352,-52.7912,10.3175,2.9804,-16.4452,-2.6605,66.1206,-53.9193,3.1315,2.9804,-13.7363,-2.6605,66.5714,-53.9193,3.1315,-700,-700,0,-500,-50,0,0
141,1786977862.3012,1786977862.3056,0.03337,8.9670,-5.4066,-4.0440,74.7253,-53.1429,10.3175,1.5825,-19.9215,-0.4472,61.2582,-53.4505,3.2362,1.5825,-15.6703,-0.4472,64.4615,-53.4505,3.2362,-800,-650,100,-750,-50,0,0
142,1786977862.3346,1786977862.3389,0.03341,6.6813,-7.5165,-3.0769,72.0000,-53.3187,10.3175,0.1210,-21.8667,2.8571,56.4211,-53.5720,3.0531,0.1210,-17.8681,2.8571,61.6484,-53.5720,3.0531,-800,-700,300,-850,-100,0,0
143,1786977862.368,1786977862.3723,0.03337,4.5714,-9.8022,-1.6703,69.2747,-53.3187,10.3175,-1.0410,-24.1930,5.6673,50.5892,-53.8132,3.1786,-1.0410,-20.0659,5.6673,58.8352,-53.8132,3.1786,-650,-750,550,-1000,0,0,0
144,1786977862.4014,1786977862.4057,0.0334,2.9011,-11.9121,0.2637,66.6374,-53.3187,10.3175,-2.1908,-25.0161,9.5509,44.5805,-53.7807,3.1898,-2.1908,-22.1758,9.5509,56.2857,-53.7807,3.1898,-600,-700,700,-850,0,0,0
145,1786977862.4347,1786977862.4391,0.03338,1.4066,-14.1099,2.6374,63.9121,-53.3187,10.3175,-2.9808,-26.3886,14.1439,38.8352,-53.1285,3.2867,-2.9808,-24.3736,12.9890,53.5604,-53.1285,3.2867,-500,-750,800,-950,0,0,0
146,1786977862.4681,1786977862.4725,0.0334,0.1758,-16.2198,5.3626,61.1868,-53.3187,10.3175,-3.9659,-27.5240,17.2196,33.6387,-53.2797,3.3489,-3.9659,-26.5714,15.7143,50.7473,-53.2797,3.3489,-400,-700,900,-950,0,0,0
147,1786977862.5015,1786977862.5059,0.03337,-0.8791,-18.5055,8.5275,58.5495,-53.3187,10.3175,-4.1359,-27.7009,21.4949,28.3499,-53.5892,3.4928,-4.1359,-27.7009,18.9670,48.1978,-53.5892,3.4928,-350,-750,1100,-850,0,0,0
148,1786977862.5349,1786977862.5393,0.03338,-1.9341,-20.7033,11.6044,55.8242,-53.3187,10.3175,-5.0503,-29.2425,23.9028,24.0204,-53.8439,3.2352,-5.0503,-29.2425,21.9560,45.5604,-53.8439,3.2352,-350,-700,1050,-900,0,0,0
149,1786977862.5683,1786977862.5727,0.03338,-2.8132,-22.6374,14.6813,53.2747,-53.3187,10.3175,-5.5837,-29.3081,27.0761,20.5889,-54.2392,3.2737,-5.5837,-29.3081,25.1209,42.8352,-54.2392,3.2737,-250,-600,1100,-950,0,0,0
150,1786977862.6017,1786977862.8226,0.0334,-3.6923,-24.2198,17.7582,50.5495,-53.3187,10.3175,-2.6498,-29.4306,21.5649,43.7066,-52.3663,4.1512,-2.6498,-29.4306,21.5649,43.7066,-52.3663,4.1512,-300,-550,1000,-900,0,0,1
151,1786977862.8238,1786977862.8285,0.22215,-5.0989,-26.3297,25.2308,44.0440,-53.9341,10.3175,-2.9468,-28.7973,22.6144,42.5722,-52.7875,4.0423,-2.9468,-28.7973,22.6144,42.5722,-52.7875,4.0423,0,0,100,-100,0,0,1
152,1786977862.8571,1786977862.8613,0.03331,-5.2747,-26.4176,25.3187,43.8681,-53.9341,10.3175,-2.7515,-29.3537,25.7426,40.2525,-52.1307,3.7962,-2.7515,-29.3537,25.7426,40.2525,-52.1307,3.7962,-50,-50,50,-50,0,0,0
153,1786977862.8905,1786977862.8946,0.03332,-5.0110,-26.4176,25.2308,43.6923,-53.4945,10.3175,-2.9061,-31.1291,27.4775,36.7654,-53.0531,3.6914,-2.9061,-31.1291,27.4775,36.7654,-53.0531,3.6914,50,0,0,-50,100,0,0
154,1786977862.9238,1786977862.9279,0.03337,-4.3077,-26.4176,25.0549,42.8132,-52.9670,10.3175,-2.8272,-31.7915,30.5326,33.0508,-53.1523,3.7696,-2.8272,-31.7915,30.5326,33.0508,-53.1523,3.7696,200,0,-50,-300,150,0,0
155,1786977862.9573,1786977862.962,0.03346,-3.5165,-27.1209,25.6703,40.8791,-53.1429,10.3175,-2.6693,-33.4784,32.9826,29.1919,-53.1128,3.5749,-2.6693,-33.4784,32.9826,30.4396,-53.1128,3.5749,350,-150,300,-700,50,0,0
156,1786977862.9906,1786977862.9953,0.03336,-3.2527,-28.2637,27.5165,38.2418,-53.4066,10.3175,-3.0411,-33.8639,36.8794,25.2276,-52.9784,3.2551,-3.0411,-33.8639,36.8794,27.8901,-52.9784,3.2551,100,-400,600,-900,-100,0,0
157,1786977863.024,1786977863.0287,0.03333,-3.1648,-29.5824,29.9780,35.4286,-53.3187,10.3175,-2.9026,-34.1159,39.7659,21.4325,-52.7018,3.2363,-2.9026,-34.1159,39.7659,25.0769,-52.7018,3.2363,0,-450,800,-950,0,0,0
158,1786977863.0574,1786977863.0621,0.03342,-3.5165,-30.6374,32.7033,32.8791,-53.3187,10.3175,-2.8525,-34.7173,42.4566,17.8058,-51.9750,3.2004,-2.8525,-34.7173,42.4566,22.5275,-51.9750,3.2004,-100,-400,950,-850,50,0,0
159,1786977863.0908,1786977863.0954,0.03336,-3.6044,-31.2527,35.7802,30.2418,-53.2308,10.3175,-3.3628,-35.0788,44.0717,15.0904,-52.8776,3.0993,-3.3628,-35.0788,44.0717,19.8901,-52.8776,3.0993,-50,-200,1000,-900,0,0,0
160,1786977863.1241,1786977863.1289,0.03337,-3.5165,-31.7802,38.8571,27.6044,-52.7912,10.3175,-3.1577,-34.3632,45.4805,11.9574,-52.5017,2.9441,-3.1577,-34.3632,45.4805,17.2527,-52.5017,2.9441,50,-200,1050,-900,100,0,0
161,1786977863.1576,1786977863.1623,0.03344,-3.2527,-32.0440,41.4945,25.0549,-52.7912,10.3175,-3.2713,-35.1149,48.1409,10.2220,-52.3387,2.9203,-3.2713,-35.1149,48.1409,14.6154,-52.3387,2.9203,100,-100,900,-900,50,0,0
162,1786977863.1909,1786977863.1956,0.03331,-3.1648,-32.0440,43.6044,22.4176,-52.7912,10.1852,-3.3141,-35.7387,50.1339,7.8766,-52.7037,3.1458,-3.3141,-35.7387,50.1339,12.0659,-52.7037,3.1458,0,0,750,-850,0,-50,0
163,1786977863.2243,1786977863.2289,0.03339,-3.2527,-32.3077,45.6264,19.6923,-52.7912,10.1190,-3.2800,-36.0180,51.1915,5.1255,-53.4141,3.0285,-3.2800,-36.0180,51.1915,9.3407,-53.4141,3.0285,0,-50,700,-900,0,-50,0
164,1786977863.2577,1786977863.2623,0.03342,-3.5165,-32.8352,47.9121,17.0549,-52.7912,10.1190,-3.4296,-36.0251,52.1075,3.4446,-52.4335,2.8855,-3.4296,-36.0251,52.1075,6.7912,-52.4335,2.8855,-100,-150,750,-900,0,0,0
165,1786977863.291,1786977863.2958,0.03336,-3.6044,-33.1868,49.7582,14.5055,-52.9670,10.1190,-2.9051,-35.9898,53.7008,0.8250,-52.8000,2.9189,-2.9051,-35.9898,53.7008,4.2418,-52.8000,2.9189,-50,-150,700,-850,0,0,0
166,1786977863.3244,1786977863.3291,0.03337,-3.6044,-33.2747,51.1648,11.9560,-52.7912,10.1190,-3.3657,-37.6557,55.2837,-0.2365,-52.7910,3.0734,-3.3657,-37.6557,55.2837,1.5165,-52.7910,3.0734,0,0,450,-850,50,0,0
167,1786977863.3578,1786977863.3625,0.03339,-3.3407,-33.4505,52.5714,9.3187,-52.7912,10.1190,-2.5614,-37.6275,56.7059,-1.7827,-52.4005,3.0761,-2.5614,-37.6275,56.7059,-1.0330,-52.4005,3.0761,100,-50,500,-900,-50,0,0
168,1786977863.3912,1786977863.3955,0.03336,-3.2527,-34.1538,54.2418,6.5934,-52.7912,10.1190,-2.9823,-38.3187,58.2572,-2.1587,-53.0675,3.0965,-2.9823,-38.3187,58.2572,-2.1587,-53.0675,3.0965,50,-150,550,-900,0,0,0
169,1786977863.4245,1786977863.4287,0.03337,-3.1648,-34.7692,55.7363,4.0440,-52.7033,10.1190,-3.0320,-38.5420,58.6323,-2.4415,-53.0542,3.0717,-3.0320,-38.5420,58.6323,-2.4415,-53.0542,3.0717,0,-200,500,-900,50,0,0
170,1786977863.4579,1786977863.462,0.03339,-3.1648,-35.3846,57.1429,1.7582,-52.8791,10.1190,-3.0864,-38.6669,59.0373,-3.5257,-53.2497,3.1717,-3.0864,-38.6669,59.0373,-3.5257,-53.2497,3.1717,0,-250,450,-750,-50,0,0
171,1786977863.4913,1786977863.4954,0.03336,-3.2527,-35.9121,58.1978,0.5275,-52.8791,10.1190,-3.3538,-39.5319,60.1218,-4.3331,-53.2583,2.9010,-3.3538,-39.5319,60.1218,-4.3331,-53.2583,2.9010,0,-250,450,-350,0,0,0
172,1786977863.5246,1786977863.5287,0.03337,-3.3407,-36.2637,58.8132,-0.7033,-52.8791,10.1190,-2.7946,-39.1316,60.7100,-5.5003,-53.0637,3.0832,-2.7946,-39.1316,60.7100,-5.5003,-53.0637,3.0832,-50,-100,200,-400,0,0,0
173,1786977863.5581,1786977863.5622,0.03348,-3.3407,-36.7912,59.8681,-1.9341,-52.8791,10.1190,-3.0814,-38.4047,59.7970,-6.8132,-52.5318,3.0504,-3.0814,-38.4047,59.7970,-6.8132,-52.5318,3.0504,0,-200,300,-400,0,0,0
174,1786977863.5914,1786977863.5956,0.0333,-3.3407,-36.9670,60.4835,-3.0769,-52.8791,10.1190,-3.1570,-38.9143,60.7154,-7.4128,-53.0211,3.0902,-3.1570,-38.9143,60.7154,-7.4128,-53.0211,3.0902,0,-150,350,-400,0,0,0
175,1786977863.6248,1786977863.6289,0.03337,-3.2527,-36.8791,60.5714,-4.3077,-52.8791,10.1190,-3.1859,-38.2117,60.1407,-8.6896,-52.3557,3.1239,-3.1859,-38.2117,60.1407,-8.6896,-52.3557,3.1239,0,50,0,-450,0,0,0
176,1786977863.6583,1786977863.6624,0.03347,-3.2527,-36.8791,60.7473,-5.2747,-52.8791,10.1190,-2.6809,-37.3876,59.6586,-9.2935,-53.0396,3.0676,-2.6809,-37.3876,59.6586,-9.2935,-53.0396,3.0676,0,0,100,-350,0,0,0
177,1786977863.6916,1786977863.6959,0.03334,-3.2527,-36.9670,60.8352,-6.4176,-52.8791,10.1190,-3.4640,-35.6831,59.5443,-10.4530,-53.3481,3.1301,-3.4640,-35.6831,59.5443,-10.4530,-53.3481,3.1301,0,0,50,-400,0,0,0
178,1786977863.725,1786977863.7291,0.03339,-3.3407,-36.7033,60.8352,-7.3846,-52.9670,10.1190,-3.0092,-34.2664,58.8768,-10.8848,-53.2147,3.0658,-3.0092,-34.2664,58.8768,-10.8848,-53.2147,3.0658,0,50,0,-400,0,0,0
179,1786977863.7584,1786977863.7625,0.03338,-3.3407,-36.1758,60.8352,-8.2637,-53.0549,10.1190,-3.4077,-33.3872,58.0295,-11.3956,-52.4197,3.2329,-3.4077,-33.3872,58.0295,-11.3956,-52.4197,3.2329,0,150,0,-300,-50,0,0
180,1786977863.7917,1786977863.7963,0.03337,-3.3407,-35.1209,60.8352,-9.1429,-53.0549,10.1190,-3.4401,-33.0407,58.4121,-11.5353,-53.2212,3.0429,-3.4401,-33.0407,58.4121,-11.5353,-53.2212,3.0429,0,350,0,-300,0,0,0
181,1786977863.8251,1786977863.8293,0.03337,-3.2527,-34.0659,60.6593,-9.6703,-52.9670,10.1190,-3.7085,-32.2747,57.8224,-11.5313,-53.3846,3.1370,-3.7085,-32.2747,57.8224,-11.5313,-53.3846,3.1370,50,400,-50,-200,50,0,0
182,1786977863.8585,1786977863.8627,0.03341,-3.2527,-33.2747,60.6593,-10.1099,-52.9670,10.1190,-3.7125,-31.0527,56.2470,-11.3414,-53.2765,3.1292,-3.7125,-31.0527,56.2470,-11.3414,-53.2765,3.1292,0,250,0,-150,0,0,0
183,1786977863.8919,1786977863.896,0.03338,-3.2527,-32.4835,60.3956,-10.2857,-53.1429,10.1190,-3.2800,-30.5792,55.9506,-11.0948,-52.8748,3.0260,-3.2800,-30.5792,55.9506,-11.0948,-52.8748,3.0260,0,250,0,-100,-50,0,0
184,1786977863.9252,1786977863.9293,0.03334,-3.2527,-31.6923,59.8681,-10.2857,-53.0549,10.1190,-3.6907,-30.0124,56.2724,-10.6944,-53.1426,3.1791,-3.6907,-30.0124,56.2724,-10.6944,-53.1426,3.1791,0,250,-150,0,50,0,0
185,1786977863.9586,1786977863.9627,0.0334,-3.2527,-30.8132,59.1648,-10.2857,-53.0549,10.1190,-3.8789,-29.1198,54.7857,-10.0095,-52.8844,3.0317,-3.8789,-29.1198,54.7857,-10.0095,-52.8844,3.0317,0,300,-250,0,0,0,0
186,1786977863.992,1786977863.9962,0.03338,-3.2527,-30.2857,59.0769,-10.2857,-53.0549,10.1190,-3.9955,-28.4899,53.8400,-9.5428,-53.0081,2.9891,-3.9955,-28.4899,53.8400,-9.5428,-53.0081,2.9891,0,200,0,0,0,0,0
187,1786977864.0254,1786977864.0296,0.03337,-3.4286,-29.4066,58.6374,-10.1099,-53.0549,10.1190,-4.1494,-28.6418,53.9881,-9.0836,-52.8487,3.1933,-4.1494,-28.6418,53.9881,-9.0836,-52.8487,3.1933,-50,250,-100,0,0,0,0
188,1786977864.0588,1786977864.0629,0.03341,-3.6044,-28.7033,57.7582,-9.7582,-53.0549,10.1190,-4.6532,-27.7349,53.7579,-9.4464,-52.7969,3.1646,-4.6532,-27.7349,53.7579,-9.4464,-52.7969,3.1646,-50,250,-300,150,0,0,0
189,1786977864.0922,1786977864.0963,0.03337,-3.6923,-28.7912,57.4945,-9.5824,-53.0549,10.0529,-4.7489,-27.6975,53.2879,-9.3556,-53.2165,3.1991,-4.7489,-27.6975,53.2879,-9.3556,-53.2165,3.1991,0,0,-50,50,0,-50,0
190,1786977864.1255,1786977864.1296,0.03337,-3.8681,-28.3516,56.8791,-9.5824,-53.0549,10.0529,-4.3165,-26.6181,52.9095,-9.1662,-53.3098,3.0386,-4.3165,-26.6181,52.9095,-9.1662,-53.3098,3.0386,0,250,-200,0,0,0,0
191,1786977864.1589,1786977864.163,0.03337,-4.0440,-27.8242,56.3516,-9.5824,-53.1429,10.0529,-4.5738,-25.9149,51.5895,-9.5063,-53.1640,3.0831,-4.5738,-25.9149,51.5895,-9.5063,-53.1640,3.0831,-100,200,-150,0,-50,0,0
192,1786977864.1923,1786977864.1964,0.03338,-4.3956,-27.0330,56.0000,-9.5824,-53.0549,10.0529,-4.7939,-25.8587,51.6819,-9.4047,-52.6127,3.0539,-4.7939,-25.8587,51.6819,-9.4047,-52.6127,3.0539,-100,250,-100,0,50,0,0
193,1786977864.2257,1786977864.2298,0.03341,-4.3956,-26.1538,55.2967,-9.5824,-53.0549,10.0529,-4.9391,-26.1298,52.5186,-9.6968,-52.7819,3.0296,-4.9391,-26.1298,52.5186,-9.6968,-52.7819,3.0296,0,300,-200,0,0,0,0
194,1786977864.2591,1786977864.2632,0.0334,-4.3956,-25.9780,54.8571,-9.5824,-52.9670,10.0529,-4.9897,-25.8840,52.7361,-9.5314,-52.9054,3.0679,-4.9897,-25.8840,52.7361,-9.5314,-52.9054,3.0679,0,100,-150,0,50,0,0
195,1786977864.2925,1786977864.2966,0.03338,-4.2198,-25.9780,54.8571,-9.5824,-52.9670,10.0529,-4.8358,-25.5671,52.8163,-9.9737,-52.8365,2.9895,-4.8358,-25.5671,52.8163,-9.9737,-52.8365,2.9895,50,0,0,0,0,0,0
196,1786977864.3259,1786977864.3299,0.03339,-4.1319,-25.9780,54.8571,-9.5824,-53.0549,10.0529,-5.0223,-25.6345,53.2494,-10.0810,-52.9217,2.9831,-5.0223,-25.6345,53.2494,-10.0810,-52.9217,2.9831,100,0,0,0,-50,0,0
197,1786977864.3592,1786977864.3633,0.03336,-4.2198,-25.6264,54.8571,-9.5824,-53.0549,10.0529,-5.1938,-25.5036,52.6973,-10.3359,-52.9350,3.0720,-5.1938,-25.5036,52.6973,-10.3359,-52.9350,3.0720,0,100,0,0,0,0,0
198,1786977864.3926,1786977864.3967,0.03337,-4.4835,-25.4505,54.8571,-9.5824,-53.0549,10.0529,-5.1358,-24.1524,52.5905,-10.5846,-52.9539,2.9444,-5.1358,-24.1524,52.5905,-10.5846,-52.9539,2.9444,-100,50,0,0,0,0,0
199,1786977864.426,1786977864.4302,0.03342,-4.7473,-25.2747,54.8571,-9.5824,-53.0549,10.0529,-5.0609,-24.8094,52.5156,-10.8250,-52.9300,3.0564,-5.0609,-24.8094,52.5156,-10.8250,-52.9300,3.0564,-100,100,0,0,0,0,0
200,1786977864.4594,1786977864.6752,0.03335,-4.8352,-24.7473,54.8571,-9.7582,-53.0549,10.0529,-4.7699,-23.4552,55.6694,-11.4531,-52.4782,18.3337,-4.7699,-23.4552,55.6694,-11.4531,-52.4782,18.3337,-50,150,0,-50,0,0,1
201,1786977864.6764,1786977864.6809,0.217,-5.0989,-24.3077,54.8571,-9.9341,-53.0549,10.0529,-5.0588,-23.3323,55.7522,-11.5754,-52.4050,18.8569,-5.0588,-23.3323,55.7522,-11.5754,-52.4050,18.8569,0,0,0,0,0,0,1
202,1786977864.7096,1786977864.7138,0.03327,-5.0989,-24.3077,54.8571,-10.0220,-53.0549,10.0529,-5.1635,-23.3141,57.0742,-10.8485,-51.9405,19.2781,-5.1635,-23.3141,57.0742,-10.8485,-51.9405,19.2781,0,0,0,0,0,0,0
203,1786977864.743,1786977864.7471,0.03336,-5.0989,-23.8681,55.0330,-10.4615,-52.8791,10.0529,-5.2469,-23.6112,55.8190,-10.9718,-51.7903,19.5383,-5.2469,-23.6112,55.8190,-10.9718,-51.7903,19.5383,0,150,0,-150,100,0,0
204,1786977864.7764,1786977864.7805,0.03337,-5.0989,-23.6044,56.1758,-10.8132,-52.5275,10.4497,-5.3250,-23.7580,57.1426,-11.2779,-51.7132,19.5386,-5.3250,-23.7580,57.1426,-11.2779,-51.7132,19.5386,0,50,400,-150,50,50,0
205,1786977864.8098,1786977864.8139,0.03342,-5.2747,-23.6044,56.7033,-10.5495,-52.2637,11.9709,-5.2794,-22.7543,57.1475,-11.3790,-52.1422,19.3808,-5.2794,-22.7543,57.1475,-11.3790,-52.1422,19.3808,-50,0,100,150,150,700,0
206,1786977864.8431,1786977864.8473,0.03336,-5.1868,-23.2527,56.8791,-10.5495,-52.1758,14.2857,-5.1336,-24.2036,56.9394,-11.0704,-52.8960,19.5002,-5.1336,-24.2036,56.9394,-11.0704,-52.8960,19.5002,0,100,0,0,0,1100,0
207,1786977864.8765,1786977864.8806,0.03337,-4.7473,-22.9890,57.2308,-10.5495,-52.1758,16.4683,-5.4621,-23.9743,57.0271,-11.1616,-52.1480,19.2972,-5.4621,-23.9743,57.0271,-11.1616,-52.1480,19.2972,200,100,150,0,0,1000,0
208,1786977864.9099,1786977864.9141,0.03342,-4.7473,-22.9011,57.2308,-10.5495,-52.5275,17.5926,-5.4625,-23.1567,56.6879,-12.1553,-52.9474,19.1872,-5.4625,-23.1567,56.6879,-12.1553,-52.9474,19.1872,0,50,0,0,-50,500,0
209,1786977864.9433,1786977864.9474,0.03336,-4.9231,-22.9011,57.3187,-10.5495,-52.2637,17.9894,-5.0783,-25.1206,56.9187,-11.3099,-52.0338,19.2311,-5.0783,-25.1206,56.9187,-11.3099,-52.0338,19.2311,0,0,50,0,100,150,0
210,1786977864.9767,1786977864.9808,0.03337,-5.2747,-22.7253,57.3187,-10.9011,-52.5275,18.3201,-5.6420,-23.8338,57.2712,-11.4978,-52.3820,19.0242,-5.6420,-23.8338,57.2712,-11.4978,-52.3820,19.0242,-100,100,0,-50,-100,150,0
211,1786977865.0101,1786977865.0142,0.0334,-5.2747,-22.8132,57.3187,-10.9890,-52.4396,18.5185,-5.6628,-23.9542,57.8093,-12.1161,-52.4904,19.2263,-5.6628,-23.9542,57.8093,-12.1161,-52.4904,19.2263,0,0,0,0,100,50,0
212,1786977865.0435,1786977865.0475,0.03339,-5.1868,-22.9890,57.5824,-10.9011,-52.3516,18.6508,-5.3136,-24.0408,58.1553,-11.3557,-51.9848,19.2946,-5.3136,-24.0408,58.1553,-11.3557,-51.9848,19.2946,50,-100,50,0,0,50,0
213,1786977865.0768,1786977865.0809,0.03338,-5.0989,-23.0769,57.9341,-11.0769,-52.4396,18.7831,-5.4279,-24.8369,58.8881,-12.3103,-52.5342,19.4228,-5.4279,-24.8369,58.8881,-12.3103,-52.5342,19.4228,0,0,100,0,0,100,0
214,1786977865.1102,1786977865.1144,0.03339,-5.0989,-23.0769,58.2857,-11.0769,-52.4396,18.9153,-5.2205,-23.3647,58.4799,-12.2244,-51.6813,19.6245,-5.2205,-23.3647,58.4799,-12.2244,-51.6813,19.6245,0,0,100,0,0,50,0
215,1786977865.1436,1786977865.1477,0.03334,-5.0989,-23.0769,58.6374,-11.3407,-52.4396,19.0476,-5.6037,-24.2025,59.0109,-11.9717,-52.0625,19.8586,-5.6037,-24.2025,59.0109,-11.9717,-52.0625,19.8586,0,0,100,-100,0,50,0
216,1786977865.1769,1786977865.1811,0.03338,-5.0989,-23.0769,58.7253,-11.5165,-52.3516,19.2460,-5.8162,-24.0950,58.8153,-12.4145,-51.6119,19.7332,-5.8162,-24.0950,58.8153,-12.4145,-51.6119,19.7332,0,0,50,-100,0,100,0
217,1786977865.2104,1786977865.2145,0.03343,-5.0989,-23.0769,58.9890,-11.6044,-52.3516,19.4444,-5.9036,-26.5591,59.6533,-12.6490,-51.4877,19.9710,-5.9036,-26.5591,59.6533,-12.6490,-51.4877,19.9710,0,0,100,-50,0,100,0
218,1786977865.2437,1786977865.2479,0.03336,-5.2747,-23.0769,58.9890,-11.6923,-52.1758,19.4444,-7.2798,-26.3989,59.7603,-12.9368,-51.9319,20.2024,-7.2798,-26.3989,59.7603,-12.9368,-51.9319,20.2024,-100,0,50,-50,0,0,0
219,1786977865.2771,1786977865.2812,0.03337,-5.4505,-23.4286,59.4286,-11.9560,-52.0879,19.5106,-6.5801,-28.0404,59.5024,-13.0987,-51.4713,19.9172,-6.5801,-28.0404,59.5024,-13.0987,-51.4713,19.9172,-100,-100,100,-50,50,0,0
220,1786977865.3105,1786977865.3146,0.03339,-5.8022,-24.1319,59.7802,-12.1319,-52.0879,19.7090,-7.5296,-29.7204,59.3709,-12.7675,-51.9254,19.7834,-7.5296,-29.7204,59.3709,-12.7675,-51.9254,19.7834,-150,-200,100,-50,0,100,0
221,1786977865.3439,1786977865.3479,0.03335,-6.3297,-24.7473,59.7802,-12.2198,-51.8242,19.7090,-8.8567,-32.8395,58.9921,-11.7696,-52.6399,19.2365,-8.8567,-32.8395,58.9921,-11.7696,-52.6399,19.2365,-150,-150,0,-50,50,0,0
222,1786977865.3772,1786977865.382,0.03338,-6.7692,-25.8901,59.8681,-12.2198,-51.7363,19.7090,-10.6932,-36.2417,59.1259,-9.5715,-51.7185,18.2433,-10.6932,-35.9780,59.1259,-9.5715,-51.7185,18.2433,-200,-350,50,0,0,0,0
223,1786977865.4106,1786977865.4156,0.03341,-7.2967,-27.4725,59.8681,-11.9560,-52.1758,19.5106,-12.2449,-38.9211,60.2322,-7.7414,-53.0033,16.5267,-12.2449,-37.7363,60.2322,-7.7414,-53.0033,16.5267,-100,-600,0,50,-150,-100,0
224,1786977865.4441,1786977865.4489,0.03343,-8.4396,-29.9341,59.8681,-10.9890,-52.1758,19.0476,-14.0544,-43.1819,58.9684,-5.0708,-52.9726,15.0617,-14.0544,-40.1978,58.9684,-5.0708,-52.9726,15.0617,-350,-750,0,350,-50,-200,0
225,1786977865.4774,1786977865.4822,0.03332,-10.1099,-32.3077,60.0440,-9.4945,-52.1758,17.9233,-15.0829,-46.3167,59.2852,-1.4258,-54.1883,12.7989,-15.0829,-42.6593,59.2852,-1.4258,-54.1883,12.7989,-500,-850,0,450,0,-450,0
226,1786977865.5108,1786977865.5158,0.0334,-11.9560,-34.7692,60.3077,-7.7363,-52.6154,16.6667,-16.1219,-50.4238,59.3408,4.9416,-55.0143,11.2641,-16.1219,-45.0330,59.3408,2.5275,-55.0143,11.2641,-650,-800,100,550,-100,-650,0
227,1786977865.5442,1786977865.5491,0.03342,-13.2747,-36.9670,60.3077,-5.4505,-53.2308,15.2778,-16.4654,-55.2761,58.2715,13.8214,-57.6838,9.5440,-16.4654,-47.3187,58.2715,4.9890,-57.6838,9.5440,-400,-750,0,800,-150,-650,0
228,1786977865.5775,1786977865.5823,0.03332,-14.1538,-39.4286,60.3077,-2.5495,-54.1099,13.6243,-16.5274,-58.8222,57.6976,23.2884,-60.0800,7.3412,-16.5274,-49.6923,57.6976,7.8022,-60.0800,7.3412,-350,-800,0,1000,-300,-750,0
229,1786977865.6109,1786977865.6158,0.0334,-14.8571,-41.9780,60.2198,0.4396,-55.1648,12.1032,-16.7630,-62.6375,58.3438,34.4608,-65.0136,5.6109,-16.7630,-52.2418,58.3438,10.7912,-65.0136,5.6109,-250,-800,0,1000,-400,-700,0
230,1786977865.6443,1786977865.6487,0.03337,-15.5604,-44.2637,60.0440,3.1648,-57.1868,10.3836,-16.5190,-67.7090,57.3044,46.3729,-70.1409,3.4363,-16.5190,-54.6154,57.3044,13.6044,-67.4505,3.4363,-250,-800,-50,950,-600,-700,0
231,1786977865.6777,1786977865.6824,0.03338,-16.0879,-46.7253,60.0440,6.0659,-59.5604,8.3333,-15.8203,-69.4180,57.2136,54.9283,-75.6667,2.5008,-15.8203,-57.0769,57.2136,16.4176,-69.9121,2.5008,-100,-850,0,1000,-800,-800,0
232,1786977865.7111,1786977865.7158,0.03342,-16.0879,-49.1868,59.8681,8.9670,-62.5495,6.4815,-14.8375,-71.5832,57.7027,61.8055,-80.4425,1.8368,-14.8375,-59.5385,57.7027,19.3187,-72.9011,1.8368,0,-800,-50,1000,-1000,-850,0
233,1786977865.7445,1786977865.7492,0.03338,-15.8242,-51.7363,59.7802,11.7802,-65.3626,4.9603,-14.8210,-74.4397,59.0864,68.1766,-84.2742,1.7473,-14.8210,-62.0000,59.0864,22.2198,-75.7143,1.7473,50,-850,-50,1000,-950,-700,0
234,1786977865.7778,1786977865.7826,0.03337,-15.3846,-54.1978,59.7802,14.6813,-68.0879,3.7698,-13.4583,-76.0268,61.5419,71.7695,-88.6128,1.7394,-13.4583,-64.5495,61.5419,24.9451,-78.4396,1.7394,150,-850,0,1000,-950,-500,0
235,1786977865.8112,1786977865.8159,0.03335,-15.2088,-56.8352,59.9560,17.4945,-70.9011,3.1746,-12.9236,-77.0485,62.4383,74.0330,-90.0679,2.2725,-12.9236,-67.0989,62.4383,27.8462,-81.2527,2.2725,50,-850,0,950,-950,-300,0
236,1786977865.8446,1786977865.8493,0.0334,-14.9451,-59.4725,60.9231,20.3077,-73.8022,2.7778,-11.7638,-78.7537,64.8451,74.5826,-91.5982,2.6810,-11.7638,-69.8242,64.8451,30.6593,-84.1538,2.6810,0,-950,400,950,-1000,-200,0
237,1786977865.878,1786977865.8827,0.03338,-14.2418,-62.1099,62.1538,23.2088,-76.5275,2.7778,-11.1854,-79.5028,68.4974,73.9710,-92.5764,2.4734,-11.1854,-72.4615,68.4974,33.5604,-86.9670,2.4734,250,-900,450,950,-950,0,0
238,1786977865.9114,1786977865.916,0.03337,-13.2747,-64.4835,63.2967,26.0220,-79.3407,2.7116,-10.1077,-80.7469,70.5785,72.7660,-91.7805,2.4638,-10.1077,-74.9231,70.5785,36.3736,-89.6923,2.4638,250,-800,350,1000,-900,0,0
239,1786977865.9448,1786977865.9493,0.0334,-12.1319,-67.3846,65.4945,28.8352,-82.1538,2.7116,-9.2940,-83.1786,74.0954,70.9222,-91.5039,2.5046,-9.2940,-77.8242,74.0954,39.2747,-91.5039,2.5046,350,-1000,800,900,-950,0,0
240,1786977865.9781,1786977865.9825,0.03333,-11.5165,-70.1978,67.9560,31.7363,-84.8791,2.7116,-9.0142,-84.4135,76.1541,69.0859,-91.2502,2.5766,-9.0142,-80.4615,76.1541,42.0879,-91.2502,2.5766,250,-950,850,950,-950,0,0
241,1786977866.0115,1786977866.0158,0.0334,-10.9890,-72.6593,70.5934,34.4615,-87.5165,2.7116,-8.9026,-86.4192,77.9336,67.0908,-90.4716,2.2650,-8.9026,-83.0110,77.9336,44.9011,-90.4716,2.2650,150,-850,850,950,-900,0,0
242,1786977866.0449,1786977866.0492,0.03339,-10.0220,-75.3846,73.3187,37.3626,-89.0110,2.7116,-8.9283,-88.8903,80.6505,66.2138,-90.0096,2.2873,-8.9283,-85.7363,80.6505,47.7143,-90.0096,2.2873,350,-950,950,1000,-650,0,0
243,1786977866.0783,1786977866.0826,0.03338,-9.5824,-78.1099,75.6923,40.3516,-89.0989,2.5794,-8.8768,-91.6836,84.4047,65.9046,-90.2244,2.0600,-8.8768,-88.3736,84.4047,50.6154,-90.2244,2.0600,100,-900,850,1000,-50,-100,0
244,1786977866.1116,1786977866.1159,0.03335,-9.7582,-80.6593,77.8901,43.0769,-89.2747,2.5794,-8.4737,-93.6289,86.3907,66.6345,-90.0088,2.0563,-8.4737,-91.0989,86.3907,53.4286,-90.0088,2.0563,50,-900,750,950,-100,0,0
245,1786977866.145,1786977866.1494,0.03343,-9.9341,-83.5604,80.4396,45.8901,-89.3626,2.4471,-8.7330,-97.3429,89.4575,67.5862,-90.6794,2.1330,-8.7330,-94.0000,89.4575,56.2418,-90.6794,2.1330,-100,-950,850,900,-50,-50,0
246,1786977866.1784,1786977866.1827,0.03339,-9.2308,-86.2857,83.3407,48.7912,-89.5385,2.4471,-8.2875,-99.6020,90.8941,69.7023,-90.7705,2.1147,-8.2875,-96.5495,90.8941,59.1429,-90.7705,2.1147,200,-850,1000,1000,-100,0,0
247,1786977866.2118,1786977866.216,0.03333,-8.9670,-88.9231,85.9780,51.6044,-90.2418,2.4471,-8.2843,-100.7884,92.7512,70.5585,-89.9922,2.0337,-8.2843,-99.2747,92.7512,62.0440,-89.9922,2.0337,250,-850,900,1000,-250,0,0
248,1786977866.2452,1786977866.2495,0.03344,-9.3187,-91.8242,88.5275,54.5055,-90.2418,2.4471,-8.1559,-101.4244,93.9693,70.7271,-89.6223,2.0897,-8.1559,-101.4244,93.9693,64.7692,-89.6223,2.0897,-150,-1000,850,950,50,0,0
249,1786977866.2786,1786977866.2828,0.03336,-8.9670,-94.5495,90.6374,57.3187,-90.1538,2.4471,-7.7971,-100.9457,94.6673,71.1985,-87.9029,2.0386,-7.7971,-100.9457,94.6673,67.6703,-87.9029,2.0386,100,-900,650,1000,50,0,0
250,1786977866.3119,1786977866.5312,0.03336,-8.3516,-97.0110,92.5714,60.1319,-90.2418,2.4471,-9.9339,-84.4668,82.1693,64.1819,-95.5572,1.9777,-9.9339,-90.7033,84.5934,64.1819,-95.5572,1.9777,100,-900,700,950,-50,0,1
251,1786977866.5323,1786977866.5372,0.22043,-7.9121,-100.7033,94.5934,67.1648,-88.3956,2.3148,-10.7615,-80.8213,76.0176,66.5383,-98.0621,1.8031,-10.7615,-90.7912,84.5934,66.5383,-98.0621,1.8031,100,-50,0,50,-50,0,1
252,1786977866.5656,1786977866.57,0.03322,-7.9121,-100.7912,94.5934,67.2527,-88.4835,2.3148,-12.0330,-74.8118,70.1791,68.0401,-98.8058,1.8196,-12.0330,-90.7912,84.5934,68.0401,-98.4835,1.8196,0,-50,0,50,0,0,0
253,1786977866.599,1786977866.6045,0.03346,-8.5275,-100.2637,94.4176,67.1648,-89.1868,2.2487,-13.7316,-71.8644,65.3487,69.2457,-101.3419,1.9584,-13.7316,-90.0879,84.3297,69.2457,-99.4505,1.9584,-150,150,-100,-50,0,-50,0
254,1786977866.6324,1786977866.6369,0.03335,-10.3736,-97.8901,92.6593,67.3407,-91.2967,2.1825,-14.0322,-67.4966,59.7071,71.3300,-101.8566,2.0000,-14.0322,-87.3626,82.3077,71.3300,-101.6484,2.0000,-650,950,-450,50,-650,-50,0
255,1786977866.6658,1786977866.6707,0.0334,-11.8681,-94.8132,90.0220,68.3077,-94.4615,2.1825,-15.4169,-63.3206,53.6207,73.0320,-102.8304,1.9674,-15.4169,-84.4615,79.7582,73.0320,-102.8304,1.9674,-600,1100,-950,300,-1050,0,0
256,1786977866.6992,1786977866.7037,0.0334,-12.4835,-92.2637,87.8242,69.2747,-97.1868,2.1825,-16.5364,-56.7101,48.6887,73.4991,-102.8330,2.0939,-16.5364,-81.9121,77.5604,73.4991,-102.8330,2.0939,-250,800,-700,300,-950,0,0
257,1786977866.7325,1786977866.7382,0.03335,-13.3626,-89.4505,85.5385,70.9451,-99.5604,2.1825,-17.2610,-53.2105,42.6917,74.4406,-104.3090,2.1591,-17.2610,-79.0110,75.2747,74.4406,-104.3090,2.1591,-300,950,-800,550,-850,0,0
258,1786977866.7659,1786977866.7707,0.03342,-15.0330,-86.5495,83.3407,72.0879,-100.5275,2.1825,-18.3450,-48.5214,37.9485,75.2612,-104.4746,2.2757,-18.3450,-76.1978,73.0769,75.2612,-104.4746,2.2757,-500,950,-800,350,-300,0,0
259,1786977866.7993,1786977866.8041,0.03338,-16.0000,-83.7363,81.0549,72.8791,-101.8462,2.1825,-18.8275,-42.2396,33.0300,75.5352,-104.0172,2.1889,-18.8275,-73.4725,70.7033,75.5352,-104.0172,2.1889,-350,950,-750,200,-350,0,0
260,1786977866.8327,1786977866.8376,0.03337,-16.4396,-81.1868,78.7692,73.9341,-102.9890,2.1825,-19.2187,-37.8241,26.6193,75.7866,-103.6084,2.2655,-19.2187,-70.8352,68.4176,75.7866,-103.6084,2.2655,-150,900,-800,400,-350,0,0
261,1786977866.8661,1786977866.8708,0.03338,-17.5824,-78.3736,76.4835,74.5495,-103.0769,2.1825,-19.8123,-32.4270,22.3480,74.7823,-103.4778,2.3004,-19.8123,-67.9341,66.1319,74.7823,-103.4778,2.3004,-350,900,-800,200,0,0,0
262,1786977866.8994,1786977866.9046,0.03337,-18.4615,-75.6484,74.1099,74.9011,-103.0769,2.1825,-20.7890,-26.7575,16.4199,76.1232,-103.0368,2.1918,-20.7890,-65.2088,63.7582,76.1232,-103.0368,2.1918,-350,950,-800,150,0,0,0
263,1786977866.9328,1786977866.9378,0.03337,-18.5495,-72.8352,71.8242,74.9011,-103.0769,2.1825,-21.2518,-21.5799,11.5430,76.3763,-102.6125,2.3612,-21.2518,-62.4835,61.5604,76.3763,-102.6125,2.3612,0,900,-750,0,0,0,0
264,1786977866.9662,1786977866.9706,0.03343,-19.3407,-70.1099,69.5385,75.2527,-103.0769,2.1825,-21.7055,-16.0456,6.7679,77.1495,-101.8537,2.3644,-21.7055,-59.7582,59.1868,77.1495,-101.8537,2.3644,-350,950,-800,150,0,0,0
265,1786977866.9997,1786977867.0044,0.03342,-20.4835,-67.2088,67.0769,75.8681,-102.9890,2.1825,-22.3139,-11.5690,1.0931,78.5010,-100.8935,2.4071,-22.3139,-56.9451,56.8132,78.5010,-100.8935,2.4071,-400,900,-800,250,0,0,0
266,1786977867.033,1786977867.0378,0.03337,-20.9231,-64.4835,64.7912,76.3077,-102.6374,2.1825,-23.0068,-5.7315,-3.6274,78.8787,-100.0743,2.4712,-23.0068,-54.1319,54.5275,78.8787,-100.0743,2.4712,-100,950,-800,150,100,0,0
267,1786977867.0664,1786977867.0711,0.03339,-21.0989,-61.7582,62.5055,77.0989,-102.1978,2.1825,-23.3994,-1.8953,-8.1033,80.3068,-98.4764,2.6512,-23.3994,-51.4066,52.2418,80.3068,-98.4764,2.6512,-100,900,-800,300,150,0,0
268,1786977867.0998,1786977867.1043,0.03338,-21.8901,-59.0330,60.2198,77.8901,-101.4066,2.1825,-22.8755,0.3494,-12.1165,81.5124,-96.9933,2.7414,-22.8755,-48.5934,49.8681,81.5124,-96.9933,2.7414,-250,900,-800,300,300,0,0
269,1786977867.1332,1786977867.138,0.03341,-22.7692,-56.1319,57.6703,78.6813,-100.2637,2.3148,-23.4338,4.1891,-16.3287,82.2419,-96.0324,2.5513,-23.4338,-45.6923,47.3187,82.2419,-96.0324,2.5513,-300,950,-800,250,350,50,0
270,1786977867.1666,1786977867.1713,0.03335,-22.7692,-53.3187,55.3846,80.0879,-98.8571,2.3148,-23.0606,6.8624,-19.0459,83.1210,-94.7163,2.7184,-23.0606,-42.8791,45.1209,83.1210,-94.7163,2.7184,0,950,-800,450,450,50,0
271,1786977867.2,1786977867.2048,0.03345,-22.5055,-50.4176,53.0989,80.8791,-97.9780,2.3148,-22.5847,8.7437,-21.9938,84.0843,-93.4962,2.5899,-22.5847,-40.0659,42.7473,84.0843,-93.4962,2.5899,150,950,-750,300,350,0,0
272,1786977867.2334,1786977867.2378,0.03334,-22.6813,-47.5165,50.5495,81.6703,-96.7473,2.4471,-22.3702,12.7530,-24.0859,84.3117,-92.6079,2.9226,-22.3702,-37.1648,40.2857,84.3117,-92.6079,2.9226,-50,1000,-850,250,400,100,0
273,1786977867.2668,1786977867.2711,0.0334,-23.0330,-44.7033,48.3516,82.7253,-95.3407,2.4471,-21.7692,15.0317,-27.3405,85.0647,-90.8553,2.6686,-21.7692,-34.3516,38.0000,85.0647,-90.8553,2.6686,-50,950,-800,350,500,0,0
274,1786977867.3002,1786977867.3048,0.03342,-23.0330,-41.8022,45.9780,83.2527,-94.3736,2.5794,-21.3644,16.6969,-29.6350,85.8562,-90.0589,2.7831,-21.3644,-31.3626,35.7143,85.8562,-90.0589,2.7831,0,950,-800,200,300,50,0
275,1786977867.3336,1786977867.3384,0.03339,-22.4176,-38.9011,43.6044,83.8681,-93.2308,2.5794,-20.5538,19.2765,-32.4377,86.1299,-88.9176,2.6943,-20.5538,-28.4615,33.2527,86.1299,-88.9176,2.6943,200,950,-850,200,350,0,0
276,1786977867.3669,1786977867.3716,0.03336,-21.9780,-36.0000,41.2308,84.6593,-91.8242,2.5794,-19.0798,21.4797,-34.1683,85.9328,-87.7221,2.8298,-19.0798,-25.6484,30.8791,85.9328,-87.7221,2.8298,100,950,-800,250,450,0,0
277,1786977867.4003,1786977867.4051,0.03339,-21.5385,-33.0989,38.8571,85.0989,-90.8571,2.5794,-18.9782,23.4376,-36.4726,87.5165,-86.3991,2.9657,-18.9782,-22.6593,28.5934,87.5165,-86.3991,2.9657,200,1000,-750,100,350,0,0
278,1786977867.4337,1786977867.4384,0.0334,-20.9231,-30.1978,36.4835,85.2747,-89.4505,2.5794,-17.7667,25.5792,-37.9676,87.2317,-84.1029,3.0119,-17.7667,-19.8462,26.1319,87.2317,-84.1029,3.0119,150,1000,-800,50,450,0,0
279,1786977867.4672,1786977867.4719,0.03343,-19.9560,-27.2088,34.0220,85.8901,-88.5714,2.5794,-16.9509,27.2894,-40.2946,87.3168,-82.8976,3.3776,-16.9509,-16.8571,23.7582,87.3168,-82.8976,3.3776,300,1000,-800,250,350,0,0
280,1786977867.5005,1786977867.5052,0.03338,-18.9890,-24.3077,31.7363,86.6813,-86.9890,2.5794,-15.3333,28.4271,-41.4520,87.1844,-80.6296,4.1279,-15.3333,-13.8681,21.4725,87.1844,-80.6296,4.1279,300,1000,-750,250,600,0,0
281,1786977867.5339,1786977867.5386,0.03337,-18.1978,-21.2308,29.3626,86.6813,-85.1429,2.8439,-13.7931,30.3710,-41.7811,87.0639,-78.5756,4.8923,-13.7931,-10.7912,18.9231,87.0639,-78.5756,4.8923,300,1050,-800,0,700,100,0
282,1786977867.5673,1786977867.572,0.03339,-17.4066,-18.3297,26.9890,86.5055,-83.7363,3.1746,-13.8242,31.0397,-43.8483,86.9613,-77.0977,6.0131,-13.8242,-7.8901,16.6374,86.9613,-77.0977,6.0131,250,950,-800,-50,400,200,0
283,1786977867.6007,1786977867.6055,0.0334,-16.1758,-15.2527,24.6154,86.6813,-81.6264,3.8360,-12.5548,32.2566,-43.3077,86.7960,-76.3488,7.4151,-12.5548,-4.8132,14.1758,86.7960,-76.3488,7.4151,450,1050,-850,50,750,350,0
284,1786977867.6341,1786977867.6388,0.0334,-14.9451,-12.1758,22.1538,86.6813,-79.8681,4.5635,-11.8052,33.6630,-44.2055,86.5715,-75.3891,8.5177,-11.8052,-1.7363,11.8901,86.5715,-75.3891,8.5177,450,1000,-800,0,600,350,0
285,1786977867.6675,1786977867.6718,0.03337,-13.9780,-9.0989,19.7802,86.5934,-78.6374,5.8201,-11.9255,34.1796,-44.7375,86.4287,-75.0327,10.0535,-11.9255,1.2527,9.6044,86.4287,-75.0327,10.0535,300,1000,-800,0,450,500,0
286,1786977867.7009,1786977867.7056,0.03341,-13.1868,-6.0220,17.4066,86.5934,-77.4945,6.8783,-11.7189,34.9790,-45.5910,85.5615,-75.0649,11.2500,-11.7189,4.3297,7.0549,85.5615,-75.0649,11.2500,250,1050,-850,0,400,450,0
287,1786977867.7343,1786977867.739,0.03339,-12.7473,-3.0330,15.0330,86.5934,-76.6154,8.0026,-11.2178,36.5843,-45.2565,85.4664,-74.0194,12.4047,-11.2178,7.4945,4.6813,85.4664,-74.0194,12.4047,150,1050,-800,0,350,500,0
288,1786977867.7676,1786977867.7723,0.03332,-12.3077,0.0440,12.6593,86.3297,-76.1758,9.3254,-11.6063,37.1975,-45.3311,84.3999,-74.7781,13.6451,-11.6063,10.4835,2.3956,84.3999,-74.7781,13.6451,150,1000,-800,-50,100,550,0
289,1786977867.801,1786977867.8057,0.0334,-11.9560,3.2088,10.1978,85.7143,-75.4725,10.5159,-11.7359,38.1861,-44.9800,84.2840,-75.0207,15.0478,-11.7359,13.6484,-0.0659,84.2840,-75.0207,15.0478,100,1050,-800,-250,300,550,0
290,1786977867.8344,1786977867.8388,0.0334,-11.8681,6.3736,7.8242,85.3626,-75.2967,11.7063,-11.4845,39.0841,-45.4934,84.4583,-74.8580,16.3298,-11.4845,16.7253,-2.4396,84.4583,-74.8580,16.3298,50,1050,-800,-100,100,500,0
291,1786977867.8678,1786977867.8721,0.03339,-11.8681,9.5385,5.4505,84.9231,-75.2088,12.8968,-12.0625,40.2575,-45.3114,84.7235,-74.6673,18.1541,-12.0625,19.9780,-4.8132,84.7235,-74.6673,18.1541,0,1100,-800,-150,0,550,0
292,1786977867.9012,1786977867.9058,0.0334,-11.7802,12.7033,3.0769,84.7473,-75.1209,14.2857,-11.8048,41.8178,-45.4981,83.9165,-74.8016,19.5536,-11.8048,23.0549,-7.2747,83.9165,-74.8016,19.5536,50,1050,-850,0,50,600,0
293,1786977867.9346,1786977867.9389,0.03337,-11.7802,15.7802,0.7033,84.7473,-75.1209,15.6746,-12.4021,42.4306,-45.2834,84.4738,-74.8265,21.0651,-12.4021,26.1319,-9.6484,84.4738,-74.8265,21.0651,0,1000,-800,0,0,650,0
294,1786977867.968,1786977867.9724,0.03344,-11.6923,18.8571,-1.6703,84.5714,-75.1209,17.1958,-12.9508,42.9730,-45.6853,84.4420,-74.5815,22.7234,-12.9508,29.2967,-12.0220,84.4420,-74.5815,22.7234,50,1050,-800,0,0,700,0
295,1786977868.0014,1786977868.006,0.03335,-11.6923,22.1099,-4.1319,84.3077,-75.2088,18.7169,-12.6757,44.1166,-45.9421,83.9894,-73.9116,24.3691,-12.6757,32.6374,-14.4835,83.9894,-73.9116,24.3691,0,1100,-850,-50,-50,700,0
296,1786977868.0347,1786977868.0394,0.03336,-11.7802,25.3626,-6.5934,84.3077,-75.1209,20.1720,-12.9958,44.8247,-45.8524,83.7399,-74.1890,25.7746,-12.9958,35.8022,-16.9451,83.7399,-74.1890,25.7746,0,1100,-800,0,0,700,0
297,1786977868.0681,1786977868.0728,0.03335,-11.8681,28.2637,-9.1429,84.6593,-74.7692,21.8915,-13.1367,45.0845,-45.8658,83.5582,-74.2828,27.1247,-13.1367,38.7033,-19.5824,83.5582,-74.2828,27.1247,-50,1000,-950,200,150,750,0
298,1786977868.1015,1786977868.1061,0.0334,-12.0440,30.8132,-12.0440,84.5714,-74.6813,23.4127,-13.3812,45.8077,-45.6672,83.0201,-74.2281,28.0185,-13.3812,41.0769,-22.3956,83.0201,-74.2281,28.0185,-100,900,-1000,-50,0,700,0
299,1786977868.1349,1786977868.1396,0.0334,-12.3077,33.4505,-14.7692,84.5714,-74.6813,24.9339,-13.7783,45.9005,-45.3461,82.8481,-73.8408,28.6970,-13.7783,43.8901,-25.1209,82.8481,-73.8408,28.6970,-100,950,-900,0,0,700,0
300,1786977868.1682,1786977868.3875,0.03337,-12.3956,36.1758,-17.4066,84.3956,-74.6813,26.0582,-11.7177,24.5988,-19.7001,82.9008,-74.7184,8.5902,-11.7177,31.5385,-19.7001,82.9008,-74.7184,17.9762,-50,950,-900,-100,0,500,1
301,1786977868.3886,1786977868.3949,0.22038,-12.5714,41.5385,-23.2088,84.5714,-74.3297,27.9762,-11.7226,22.9889,-20.3190,84.1768,-74.7457,7.0853,-11.7226,31.5385,-20.3190,84.1768,-74.7457,17.9762,0,50,0,0,0,0,1
302,1786977868.4219,1786977868.4269,0.03329,-12.5714,41.5385,-23.2088,84.5714,-74.3297,27.9762,-10.9753,22.6082,-20.9992,85.3664,-74.7425,6.1551,-10.9753,31.5385,-20.9992,85.3664,-74.7425,17.9762,0,0,0,0,0,0,0
303,1786977868.4553,1786977868.4601,0.03337,-12.3956,41.1868,-22.9451,84.7473,-74.5934,27.7116,-11.7474,21.3682,-21.9667,85.8376,-74.6383,5.5281,-11.7474,31.0110,-21.9667,85.8376,-74.6383,17.5794,100,-50,50,50,-100,-100,0
304,1786977868.4886,1786977868.4934,0.03337,-12.0440,39.5165,-21.9780,85.1868,-74.5934,25.9259,-11.8817,21.0857,-21.9064,86.6153,-75.4385,4.8742,-11.8817,29.1648,-21.9064,86.6153,-75.4385,15.5291,50,-650,300,150,0,-950,0
305,1786977868.5221,1786977868.5264,0.03341,-11.7802,36.8791,-21.8901,85.3626,-74.5934,23.1481,-12.1630,20.2684,-22.6988,86.7118,-74.1907,4.7751,-12.1630,26.6154,-22.6988,86.7118,-74.1907,12.8175,100,-800,100,100,0,-1150,0
306,1786977868.5555,1786977868.5602,0.03344,-11.6044,34.7692,-21.8022,85.5385,-74.8571,20.3704,-12.1681,19.1245,-22.7891,86.9690,-73.5786,4.4917,-12.1681,24.5934,-22.7891,86.9690,-73.5786,9.9735,100,-750,0,0,-150,-1250,0
307,1786977868.5889,1786977868.5935,0.03337,-11.6044,33.3626,-21.6264,86.3297,-74.6813,17.7249,-11.8090,18.1172,-22.7929,87.0784,-73.9659,4.2860,-11.8090,23.0989,-22.7929,87.0784,-73.9659,7.3280,0,-500,50,400,0,-1150,0
308,1786977868.6222,1786977868.6269,0.03336,-11.6923,31.7802,-21.6264,86.1538,-74.1538,15.0132,-12.4231,17.4142,-23.0490,86.6574,-73.8685,3.8516,-12.4231,21.5165,-23.0490,86.6574,-73.8685,4.6825,0,-450,0,-100,150,-1200,0
309,1786977868.6556,1786977868.6601,0.03338,-11.6923,29.8462,-21.7143,86.5934,-74.1538,12.3016,-12.2792,16.3260,-22.6619,86.5384,-75.0812,3.6357,-12.2792,19.5824,-22.6619,86.5384,-75.0812,3.6357,0,-650,-50,150,-50,-1250,0
310,1786977868.689,1786977868.6938,0.03344,-11.7802,27.9121,-21.7143,86.6813,-74.0659,9.6561,-12.6860,14.5728,-22.2687,86.5754,-75.6185,3.5238,-12.6860,17.6484,-22.2687,86.5754,-75.6185,3.5238,-50,-650,0,0,100,-1150,0
311,1786977868.7224,1786977868.7271,0.0333,-11.7802,26.0659,-21.7143,86.5055,-74.3297,7.2751,-12.5743,12.2023,-22.3735,85.6214,-75.8375,3.6039,-12.5743,15.8022,-22.3735,85.6214,-75.8375,3.6039,0,-600,0,-100,-100,-1150,0
312,1786977868.7557,1786977868.7601,0.03337,-11.7802,24.3077,-21.7143,86.6813,-75.1209,5.8201,-13.2917,9.0299,-21.3497,86.6510,-76.4568,3.9359,-13.2917,14.1319,-21.3497,86.6510,-76.4568,3.9359,0,-600,0,100,-250,-700,0
313,1786977868.7892,1786977868.7939,0.03344,-11.7802,22.4615,-21.7143,86.3297,-75.2088,5.2249,-13.6434,6.7495,-21.0995,85.9703,-76.8947,3.6370,-13.6434,12.1978,-21.0995,85.9703,-76.8947,3.6370,0,-600,0,-150,-50,-250,0
314,1786977868.8225,1786977868.8272,0.03336,-12.0440,20.5275,-21.4505,86.0659,-75.7363,4.8280,-14.6901,3.0954,-21.4888,86.6003,-77.2363,3.7614,-14.6901,10.2637,-21.4888,86.6003,-77.2363,3.7614,-50,-700,50,-150,-200,-150,0
315,1786977868.8559,1786977868.8602,0.03338,-12.3956,18.5934,-21.0989,86.5055,-76.2637,4.3651,-15.1144,2.3080,-20.7676,87.7185,-77.3656,3.4563,-15.1144,8.3297,-20.7676,87.7185,-77.3656,3.4563,-100,-650,100,200,-150,-250,0
316,1786977868.8893,1786977868.8936,0.03344,-13.0110,16.7473,-21.0110,86.5055,-76.7033,4.1667,-15.7966,-1.2983,-21.0962,87.6286,-77.9731,3.6043,-15.7966,6.4835,-21.0962,87.6286,-77.9731,3.6043,-250,-600,0,0,-50,-50,0
317,1786977868.9227,1786977868.9274,0.03339,-13.6264,14.9011,-20.7473,87.1209,-76.9670,3.9021,-16.8659,-2.1793,-21.2518,87.3311,-77.7762,3.0403,-16.8659,4.5495,-21.2518,87.3311,-77.7762,3.0403,-200,-650,50,100,-50,-150,0
318,1786977868.9561,1786977868.9605,0.03342,-14.2418,12.8791,-20.6593,87.2088,-77.1429,3.8360,-17.8744,-2.9907,-22.0940,87.4154,-77.7861,3.0072,-17.8744,2.5275,-22.0940,87.4154,-77.7861,3.0072,-250,-700,50,0,-100,0,0
319,1786977868.9896,1786977868.9942,0.03341,-15.1209,10.9451,-20.6593,87.2088,-77.4066,3.5053,-18.4805,-3.5607,-23.7002,87.4875,-78.3184,2.9139,-18.4805,0.5934,-23.7002,87.4875,-78.3184,2.9139,-250,-650,0,50,-100,-150,0
320,1786977869.0229,1786977869.0276,0.03334,-16.0000,8.9231,-20.6593,87.2967,-77.4945,3.3069,-19.1539,-3.4385,-25.7353,87.9306,-78.3619,2.6660,-19.1539,-1.4286,-25.7353,87.9306,-78.3619,2.6660,-350,-700,0,50,0,-100,0
321,1786977869.0563,1786977869.0609,0.03338,-16.7912,6.9011,-20.9231,87.2967,-77.5824,3.2407,-19.8773,-3.0063,-26.7508,87.5884,-78.3050,2.7461,-19.8773,-3.0063,-26.7508,87.5884,-78.3050,2.7461,-300,-650,-50,0,-50,-50,0
322,1786977869.0897,1786977869.0939,0.03338,-17.6703,4.9670,-22.0659,87.3846,-77.8462,3.0423,-20.4740,-1.7478,-29.1844,87.8142,-78.2697,2.5795,-20.4740,-1.7478,-29.1844,87.8142,-78.2697,2.5795,-250,-650,-450,50,-150,-50,0
323,1786977869.123,1786977869.1271,0.03339,-18.3736,3.0330,-23.2088,87.4725,-77.9341,3.0423,-20.7419,0.2209,-31.4863,88.5371,-79.4075,2.4569,-20.7419,0.2209,-31.4863,88.5371,-79.4075,2.4569,-250,-650,-350,50,-50,0,0
324,1786977869.1564,1786977869.1606,0.03335,-19.0769,1.9780,-24.7912,87.4725,-78.1099,2.9101,-21.2820,2.6679,-34.5660,90.1056,-80.3037,2.3719,-21.2820,2.6679,-34.5660,90.1056,-80.3037,2.3719,-250,-250,-500,0,-50,-100,0
325,1786977869.1898,1786977869.194,0.03341,-19.6923,1.8901,-27.0769,87.9121,-78.3736,2.7778,-20.6725,6.8394,-38.3671,91.6652,-81.1726,1.9919,-20.6725,6.8394,-37.3407,91.6652,-81.1726,1.9919,-200,-50,-800,150,0,-50,0
326,1786977869.2232,1786977869.2277,0.03337,-20.2198,2.5934,-29.4505,88.7912,-79.3407,2.6455,-20.8144,9.6766,-41.4490,93.7273,-82.4463,1.7375,-20.8144,9.6766,-39.7143,93.7273,-82.4463,1.7375,-200,250,-800,250,-300,-100,0
327,1786977869.2565,1786977869.2611,0.03337,-20.3956,4.1758,-31.8242,90.1099,-80.0440,2.3810,-20.4763,15.0122,-45.4780,95.6687,-83.9575,1.8812,-20.4763,14.4396,-42.2637,95.6687,-83.9575,1.8812,-50,650,-800,450,-250,-100,0
328,1786977869.2899,1786977869.2946,0.03342,-20.3077,6.5495,-34.4615,91.6044,-81.0110,2.2487,-20.3820,19.1514,-47.9333,96.7622,-84.5895,1.7781,-20.3820,16.8132,-44.7253,96.7622,-84.5895,1.7781,50,750,-900,550,-300,-100,0
329,1786977869.3233,1786977869.328,0.03338,-20.1319,9.3626,-36.9231,93.2747,-82.2418,2.1825,-21.0090,21.9719,-51.3782,97.6586,-85.0190,1.9358,-21.0090,19.7143,-47.2747,97.6586,-85.0190,1.9358,50,900,-850,550,-450,0,0
330,1786977869.3567,1786977869.3615,0.03337,-20.1319,12.5275,-39.3846,94.7692,-83.2967,2.1825,-21.1333,24.0293,-55.6827,97.9668,-85.7385,2.1015,-21.1333,22.9670,-49.7363,97.9668,-85.7385,2.1015,0,1100,-800,550,-350,0,0
331,1786977869.3901,1786977869.3948,0.03342,-20.1319,15.7802,-41.7582,95.8242,-83.8242,2.1825,-21.4837,27.3631,-56.0167,98.4317,-85.0596,2.3498,-21.4837,26.2198,-52.0220,98.4317,-85.0596,2.3498,0,1100,-750,350,-250,0,0
332,1786977869.4235,1786977869.4282,0.03337,-20.2198,19.0330,-44.0440,96.7033,-84.4396,2.1825,-21.5954,30.1428,-58.4389,98.8006,-85.8130,2.4008,-21.5954,29.4725,-54.3956,98.8006,-85.8130,2.4008,-50,1100,-800,250,-250,0,0
333,1786977869.4569,1786977869.4616,0.03338,-20.4835,22.2857,-46.4176,97.3187,-84.6154,2.1825,-21.8663,31.8346,-59.0877,98.1737,-85.6079,2.8745,-21.8663,31.8346,-56.7692,98.1737,-85.6079,2.8745,-100,1100,-800,200,-50,0,0
334,1786977869.4903,1786977869.495,0.0334,-20.6593,25.4505,-48.8791,97.8462,-84.8791,2.1825,-21.7559,33.2293,-61.5864,98.1697,-85.4178,3.8864,-21.7559,33.2293,-59.2308,98.1697,-85.4178,3.8864,-50,1050,-850,200,-50,0,0
335,1786977869.5236,1786977869.5283,0.03335,-20.8352,28.5275,-51.3407,97.8462,-85.1429,2.3810,-22.1110,34.9460,-62.2352,98.0268,-85.1114,4.9741,-22.1110,34.9460,-61.6044,98.0268,-85.1114,4.9741,-50,1050,-800,0,-100,100,0
336,1786977869.557,1786977869.5616,0.0334,-20.9231,31.2527,-53.5385,97.8462,-85.1429,2.9101,-21.9995,36.5581,-62.8572,97.9145,-83.8117,7.0282,-21.9995,36.5581,-62.8572,97.9145,-83.8117,7.0282,-50,950,-750,0,0,250,0
337,1786977869.5904,1786977869.5948,0.03337,-21.0989,33.4505,-55.7363,97.8462,-85.1429,3.6376,-22.2098,36.8292,-61.5870,97.6965,-82.7675,8.6625,-22.2098,36.8292,-61.5870,97.6965,-82.7675,8.6625,-50,750,-750,0,0,300,0
338,1786977869.6238,1786977869.6281,0.03337,-21.0989,35.2967,-57.8462,97.8462,-84.9670,4.8280,-22.5100,37.4353,-60.8292,98.0005,-80.0823,10.8567,-22.5100,37.4353,-60.8292,98.0005,-80.0823,10.8567,0,650,-650,0,0,550,0
339,1786977869.6572,1786977869.6614,0.03341,-21.1868,36.3516,-58.5495,97.8462,-83.8242,6.3492,-23.1424,37.7384,-59.5080,97.7577,-77.1142,12.6399,-23.1424,37.7384,-59.5080,97.7577,-77.1142,12.6399,-50,350,-400,0,400,650,0
340,1786977869.6906,1786977869.6949,0.0334,-21.5385,37.2308,-58.5495,97.8462,-82.9451,8.0026,-22.9650,37.8456,-58.0735,97.5411,-72.9714,14.5618,-22.9650,37.8456,-58.0735,97.5411,-72.9714,14.5618,-100,350,0,0,350,750,0
341,1786977869.724,1786977869.7286,0.03337,-21.8022,37.8462,-58.4615,97.8462,-80.7473,9.8545,-23.3145,37.8754,-58.2262,97.6264,-69.1522,16.1087,-23.3145,37.8754,-58.2262,97.6264,-70.4835,16.1087,-100,250,50,0,700,800,0
342,1786977869.7574,1786977869.7621,0.03341,-21.9780,38.2857,-57.7582,97.8462,-78.1978,11.5741,-23.2962,37.4894,-58.0630,97.8689,-65.7678,17.9398,-23.2962,37.4894,-58.0630,97.8689,-67.6703,17.9398,-50,150,250,0,900,750,0
343,1786977869.7907,1786977869.7954,0.03337,-22.2418,38.3736,-57.6703,97.8462,-75.2967,13.2937,-23.2819,37.7600,-57.9317,98.2401,-63.5578,19.2048,-23.2819,37.7600,-57.9317,98.2401,-64.8571,19.2048,-100,0,0,0,950,800,0
344,1786977869.8241,1786977869.8288,0.03335,-22.3297,38.3736,-57.6703,97.8462,-72.5714,15.0132,-23.5218,37.8543,-57.3432,98.1425,-61.6893,20.5093,-23.5218,37.8543,-57.3432,98.1425,-62.1319,20.5093,0,0,0,0,950,750,0
345,1786977869.8575,1786977869.8618,0.0334,-22.3297,38.3736,-57.6703,97.8462,-69.6703,16.6005,-23.8569,38.5929,-57.2375,98.3432,-61.5270,21.0463,-23.8569,38.5929,-57.2375,98.3432,-61.5270,21.0463,-50,0,0,0,1000,750,0
346,1786977869.891,1786977869.8952,0.03348,-22.4176,38.3736,-57.4945,97.8462,-66.9451,18.1217,-23.4433,38.8951,-56.8633,97.7646,-61.7494,21.6002,-23.4433,38.8951,-56.8633,97.7646,-61.7494,21.6002,0,0,50,0,900,650,0
347,1786977869.9243,1786977869.9288,0.03334,-22.6813,38.8132,-57.3187,97.8462,-64.9231,19.1799,-23.6013,38.8946,-57.1975,97.7196,-62.2885,22.0455,-23.6013,38.8946,-57.1975,97.7196,-62.2885,22.0455,-50,50,50,0,750,500,0
348,1786977869.9577,1786977869.9621,0.03342,-22.8571,39.3407,-56.9670,97.8462,-63.9560,20.0397,-23.6293,39.0759,-56.1554,97.1470,-62.4955,22.1397,-23.6293,39.0759,-56.1554,97.1470,-62.4955,22.1397,-50,200,50,0,350,350,0
349,1786977869.9911,1786977869.9957,0.03339,-22.8571,39.6044,-56.8791,97.8462,-63.6044,20.7672,-23.8306,39.4713,-55.6236,96.1952,-63.5539,22.1647,-23.8306,39.4713,-55.6236,96.1952,-63.5539,22.1647,0,50,0,0,100,350,0
350,1786977870.0245,1786977870.2464,0.03339,-22.8571,39.6044,-56.4396,97.6703,-63.4286,21.2302,-25.9124,29.1748,-42.0330,100.2746,-66.0319,20.6740,-25.9124,30.3077,-45.6484,100.2746,-66.0319,20.6740,0,0,200,-100,50,200,1
351,1786977870.2475,1786977870.2531,0.22302,-23.0330,40.3077,-55.6484,96.6154,-63.5165,21.8254,-26.3836,30.2997,-44.3145,98.5599,-67.1263,20.3368,-26.3836,30.3077,-45.6484,98.5599,-67.1263,20.3368,0,0,0,0,0,0,1
352,1786977870.2808,1786977870.2853,0.03324,-23.1209,40.3077,-55.5604,96.6154,-63.5165,21.8254,-26.8280,29.7622,-43.0993,97.3227,-68.2975,19.9269,-26.8280,30.3077,-45.5604,97.3227,-68.2975,19.9269,-50,0,0,0,0,0,0
353,1786977870.3142,1786977870.3188,0.03343,-23.7363,40.0440,-54.5055,96.9670,-64.3956,21.4286,-26.6661,30.8148,-45.5647,95.9350,-69.3763,19.4268,-26.6661,30.8148,-45.5647,95.9350,-69.3763,19.4268,-100,0,250,50,-300,-50,0
354,1786977870.3476,1786977870.3521,0.03336,-24.4396,38.5495,-51.7802,97.7582,-66.1538,20.6349,-26.3366,31.8686,-47.9980,95.1125,-71.3010,18.5764,-26.3366,31.8686,-47.9980,95.1125,-71.3010,18.5764,-250,-500,850,300,-600,-350,0
355,1786977870.3809,1786977870.3852,0.03339,-25.0549,36.8791,-48.7912,97.0549,-67.4725,20.1058,-26.4039,33.3799,-50.7002,93.9471,-71.3546,17.3331,-26.4039,33.3799,-50.7002,93.9471,-71.3546,17.3331,-200,-500,950,-300,-450,-200,0
356,1786977870.4144,1786977870.4186,0.03343,-25.6703,36.0000,-47.2088,96.1758,-68.5275,19.5106,-25.4321,36.6158,-53.2766,93.1665,-72.9722,15.3934,-25.4321,36.6158,-53.2766,93.1665,-72.9722,15.3934,-150,-400,750,-350,-350,-350,0
357,1786977870.4477,1786977870.4519,0.03336,-25.8462,36.0000,-47.3846,95.3846,-69.7582,18.4524,-25.7489,38.2485,-57.3628,94.3889,-74.0152,13.4904,-25.7489,38.2485,-57.3628,94.3889,-74.0152,13.4904,-100,0,0,-250,-350,-450,0
358,1786977870.4811,1786977870.4857,0.03339,-25.7582,36.9670,-48.7912,94.5055,-70.8132,17.4603,-25.5151,41.1543,-61.7115,95.0328,-74.0828,11.1748,-25.5151,41.1543,-59.0549,95.0328,-74.0828,11.1748,50,400,-500,-300,-300,-500,0
359,1786977870.5145,1786977870.5189,0.03337,-25.4066,38.3736,-51.0769,94.6813,-72.2198,15.8730,-24.8946,43.4909,-65.0068,95.2463,-73.7287,9.0442,-24.8946,43.4909,-61.5165,95.2463,-73.7287,9.0442,100,450,-750,150,-450,-750,0
360,1786977870.548,1786977870.5523,0.03347,-25.2308,39.9560,-53.6264,94.8571,-73.0110,14.0873,-24.4850,47.5521,-70.6049,94.9416,-73.4076,7.7374,-24.4850,47.5521,-63.8901,94.9416,-73.4076,7.7374,50,550,-850,100,-150,-800,0
361,1786977870.5813,1786977870.586,0.03335,-25.1429,41.9780,-56.0879,94.8571,-73.0110,12.1693,-24.4267,48.3373,-71.4500,96.2399,-72.9417,7.4142,-24.4267,48.3373,-66.4396,96.2399,-72.9417,7.4142,50,700,-850,0,0,-850,0
362,1786977870.6147,1786977870.6194,0.03336,-25.1429,44.2637,-58.5495,94.8571,-72.8352,10.5159,-24.0963,50.0236,-73.8710,95.4910,-73.4873,7.5976,-24.0963,50.0236,-68.9011,95.4910,-73.4873,7.5976,0,700,-800,0,100,-750,0
363,1786977870.6481,1786977870.6528,0.03339,-25.0549,46.8132,-61.0110,95.2088,-72.8352,9.3254,-23.5728,51.6254,-72.9072,96.2075,-72.3555,8.2612,-23.5728,51.6254,-71.2747,96.2075,-72.3555,8.2612,0,850,-850,50,0,-600,0
364,1786977870.6815,1786977870.6862,0.03341,-24.7912,49.0110,-63.1209,95.5604,-73.0110,8.7963,-23.5558,53.0342,-75.0827,96.5346,-70.7301,8.5369,-23.5558,53.0342,-73.4725,96.5346,-70.7301,8.5369,50,750,-700,100,0,-200,0
365,1786977870.7148,1786977870.7195,0.03337,-24.2637,50.8571,-65.3187,95.6484,-72.7473,8.7302,-23.1335,52.7986,-75.6072,96.8449,-70.1200,8.8262,-23.1335,52.7986,-75.6072,96.8449,-70.1200,8.8262,150,600,-700,100,50,0,0
366,1786977870.7482,1786977870.7527,0.03337,-23.8242,52.5275,-67.7802,96.0879,-72.0440,8.7302,-21.8905,54.8104,-75.7337,96.4030,-69.0993,8.3300,-21.8905,54.8104,-75.7337,96.4030,-69.0993,8.3300,200,600,-850,150,250,0,0
367,1786977870.7816,1786977870.786,0.03337,-23.4725,53.2308,-69.9780,96.2637,-71.2527,8.7302,-20.6388,54.2651,-75.9139,96.5993,-65.9865,7.6632,-20.6388,54.2651,-75.9139,96.5993,-65.9865,7.6632,100,200,-750,50,350,0,0
368,1786977870.815,1786977870.8194,0.03338,-23.0330,54.0220,-71.3846,96.1758,-70.4615,8.5979,-19.5852,54.8991,-78.1640,95.5362,-63.5577,7.1523,-19.5852,54.8991,-78.1640,95.5362,-63.5577,7.1523,150,350,-450,-50,250,-100,0
369,1786977870.8483,1786977870.8528,0.03337,-22.3297,54.6374,-72.5275,96.2637,-68.9670,8.0688,-19.3882,55.2220,-78.9428,95.5455,-63.0920,6.6809,-19.3882,55.2220,-78.9428,95.5455,-63.0920,6.6809,200,300,-400,50,600,-200,0
370,1786977870.8817,1786977870.8861,0.03337,-21.5385,55.0769,-73.7582,96.0000,-66.9451,7.4735,-18.4146,55.1300,-78.5658,94.6591,-62.7587,6.2087,-18.4146,55.1300,-78.5658,94.6591,-62.7587,6.2087,250,150,-400,-100,700,-300,0
371,1786977870.9152,1786977870.9193,0.03344,-20.5714,55.7802,-74.9890,95.8242,-65.5385,7.3413,-18.0928,54.2379,-78.3762,94.3702,-62.6876,6.4446,-18.0928,54.2379,-78.3762,94.3702,-62.6876,6.4446,350,200,-350,-50,500,-100,0
372,1786977870.9486,1786977870.9528,0.03341,-19.6044,55.8681,-75.3407,95.4725,-64.5714,6.8122,-17.5397,55.3688,-78.6651,94.0694,-62.4479,6.4789,-17.5397,55.3688,-78.6651,94.0694,-62.4479,6.4789,350,50,-200,-50,300,-250,0
373,1786977870.9819,1786977870.9864,0.03336,-18.8132,55.8681,-75.7802,95.1209,-64.0440,6.7460,-17.1805,55.5697,-79.4635,94.6126,-63.0426,6.4284,-17.1805,55.5697,-79.4635,94.6126,-63.0426,6.4284,250,0,-150,-100,250,-50,0
374,1786977871.0153,1786977871.0197,0.03337,-18.3736,56.0440,-76.3077,94.8571,-63.5165,6.7460,-16.5828,55.3486,-79.4053,93.9581,-61.6300,6.7573,-16.5828,55.3486,-79.4053,93.9581,-61.6300,6.7573,150,50,-150,-100,200,0,0
375,1786977871.0487,1786977871.0531,0.03337,-18.0220,56.3956,-76.8352,94.8571,-63.5165,6.7460,-16.4892,55.2524,-78.3804,94.2562,-61.5338,7.2756,-16.4892,55.2524,-78.3804,94.2562,-61.5338,7.2756,100,200,-250,0,0,0,0
376,1786977871.0821,1786977871.0864,0.03339,-17.6703,56.4835,-77.0110,94.5934,-62.9011,6.7460,-16.2017,56.1619,-78.8204,95.0867,-62.4511,8.1226,-16.2017,56.1619,-78.8204,95.0867,-62.4511,8.1226,100,50,-50,-100,100,0,0
377,1786977871.1154,1786977871.1195,0.03336,-17.2308,56.4835,-77.0110,94.5934,-62.4615,6.7460,-16.9572,56.6115,-77.9936,95.5473,-62.9647,9.3607,-16.9572,56.6115,-77.9936,95.5473,-62.9647,9.3607,100,0,0,0,200,0,0
378,1786977871.1489,1786977871.153,0.03344,-16.7912,56.6593,-77.0110,94.6813,-62.6374,7.2751,-16.1675,57.8568,-79.4906,94.6853,-63.3357,10.7972,-16.1675,57.8568,-79.4906,94.6853,-63.3357,10.7972,150,100,0,50,-100,150,0
379,1786977871.1822,1786977871.1868,0.03338,-16.7033,57.0989,-77.0989,95.0330,-62.8132,8.1349,-16.8395,58.4956,-79.2194,94.5904,-64.2429,12.0616,-16.8395,58.4956,-79.2194,94.5904,-64.2429,12.0616,0,200,0,150,-50,350,0
380,1786977871.2156,1786977871.2201,0.03334,-16.5275,57.9780,-77.1868,94.9451,-63.0769,9.1931,-17.1014,58.6552,-79.4060,94.6788,-65.0603,12.5532,-17.1014,58.6552,-79.4060,94.6788,-65.0603,12.5532,50,300,0,0,-100,500,0
381,1786977871.249,1786977871.2534,0.03341,-16.6154,58.9451,-77.2747,94.8571,-63.4286,10.3836,-16.7742,59.0943,-79.2344,93.9554,-65.1173,13.3433,-16.7742,59.0943,-79.2344,93.9554,-65.1173,13.3433,-50,250,-100,0,-150,500,0
382,1786977871.2824,1786977871.2868,0.03336,-16.7033,59.3846,-77.2747,94.8571,-64.1319,11.1772,-17.2016,59.7188,-79.3555,93.8526,-65.7100,14.2601,-17.2016,59.7188,-79.3555,93.8526,-65.7100,14.2601,0,150,0,0,-250,400,0
383,1786977871.3157,1786977871.32,0.03338,-16.7033,59.6484,-77.2747,94.5934,-64.4835,11.9709,-17.7195,59.8936,-80.1379,92.9657,-67.1561,15.3031,-17.7195,59.8936,-80.1379,92.9657,-67.1561,15.3031,0,100,0,-100,-150,350,0
384,1786977871.3492,1786977871.3536,0.03345,-16.7033,60.1758,-77.5385,94.4176,-65.0110,12.8307,-17.6718,61.1760,-79.2362,92.9954,-66.4653,16.5325,-17.6718,61.1760,-79.2362,92.9954,-66.4653,16.5325,0,200,-100,-50,-200,350,0
385,1786977871.3826,1786977871.387,0.03339,-16.8791,60.4396,-77.8022,93.8901,-65.8901,13.8228,-18.1198,62.1504,-80.1345,93.2540,-67.0572,18.2529,-18.1198,62.1504,-80.1345,93.2540,-67.0572,18.2529,-50,100,-100,-150,-350,450,0
386,1786977871.4159,1786977871.4201,0.03333,-17.0549,61.2308,-77.8022,93.7143,-66.1538,14.8810,-18.1091,62.2233,-79.5588,92.7898,-68.1412,20.3665,-18.1091,62.2233,-79.5588,92.7898,-68.1412,20.3665,-50,250,0,-50,-100,500,0
387,1786977871.4493,1786977871.4538,0.03343,-17.3187,62.2857,-78.1538,93.6264,-66.2418,16.0714,-18.0953,62.8883,-79.0942,93.6533,-67.6317,21.7465,-18.0953,62.8883,-79.0942,93.6533,-67.6317,21.7465,-100,350,-50,0,0,600,0
388,1786977871.4827,1786977871.4868,0.03336,-17.5824,62.7253,-78.0659,93.4505,-67.0330,17.6587,-18.7405,62.5424,-77.9818,91.4897,-68.0366,23.1745,-18.7405,62.5424,-77.9818,91.4897,-68.0366,23.1745,-100,200,0,-100,-300,700,0
389,1786977871.5161,1786977871.5205,0.03337,-17.7582,63.2527,-78.0659,93.5385,-67.0330,19.3122,-18.6977,61.4900,-75.9847,92.2403,-68.6075,23.6441,-18.6977,61.4900,-75.9847,92.2403,-68.6075,23.6441,-100,250,0,50,-50,700,0
390,1786977871.5495,1786977871.5537,0.03338,-17.9341,63.3407,-77.8022,93.1868,-67.3846,20.7672,-18.8276,62.5048,-76.3492,91.9707,-68.0643,24.0510,-18.8276,62.5048,-76.3492,91.9707,-68.0643,24.0510,0,0,150,-150,-150,650,0
391,1786977871.5829,1786977871.5871,0.03348,-18.0220,63.3407,-76.8352,92.3956,-67.9121,21.8915,-18.7921,62.5051,-73.7729,90.4506,-68.4475,23.9692,-18.7921,62.5051,-73.7729,90.4506,-68.4475,23.9692,-100,0,300,-300,-200,550,0
392,1786977871.6163,1786977871.6207,0.03332,-18.1978,63.4286,-76.3956,92.4835,-67.8242,22.5529,-19.7346,61.9602,-73.4604,90.3997,-68.9061,23.4099,-19.7346,61.9602,-73.4604,90.3997,-68.9061,23.4099,-50,-50,150,100,0,300,0
393,1786977871.6497,1786977871.654,0.03342,-18.2857,63.6044,-75.9560,91.7802,-68.0879,22.9497,-20.0997,63.0386,-73.2520,90.3801,-69.7482,23.1802,-20.0997,63.0386,-73.2520,90.3801,-69.7482,23.1802,-50,50,250,-300,-100,150,0
394,1786977871.6831,1786977871.6872,0.03341,-18.5495,63.6044,-74.5495,91.2527,-68.5275,22.9497,-19.5367,63.0219,-72.3759,89.4551,-71.4871,22.5712,-19.5367,63.0219,-72.3759,89.4551,-71.4871,22.5712,-150,0,450,-200,-150,0,0
395,1786977871.7164,1786977871.7205,0.03333,-18.9011,63.7802,-73.6703,91.0769,-69.1429,22.9497,-19.8643,63.1077,-71.8520,89.4299,-72.7812,22.4297,-19.8643,63.1077,-71.8520,89.4299,-72.7812,22.4297,-50,0,250,0,-200,0,0
396,1786977871.7498,1786977871.7545,0.0334,-19.2527,63.9560,-72.8791,90.4615,-69.9341,22.8836,-20.0357,61.5797,-70.5504,88.9048,-74.8981,21.9095,-20.0357,61.5797,-70.5504,88.9048,-74.8981,21.9095,-150,50,300,-200,-200,-50,0
397,1786977871.7832,1786977871.7876,0.03339,-19.4286,63.9560,-72.1758,90.0220,-71.2527,22.6852,-20.4377,62.4611,-70.1809,89.0349,-75.0227,21.6881,-20.4377,62.4611,-70.1809,89.0349,-75.0227,21.6881,-50,0,250,-200,-500,-50,0
398,1786977871.8166,1786977871.8211,0.03337,-19.5165,63.8681,-71.4725,89.6703,-72.4835,22.4206,-20.4941,62.4074,-70.1031,89.0936,-76.3996,21.6035,-20.4941,62.4074,-70.1031,89.0936,-76.3996,21.6035,-50,0,250,-100,-350,-150,0
399,1786977871.85,1786977871.8544,0.03343,-19.6044,63.7802,-70.7692,89.4066,-73.7143,22.0899,-21.4242,62.7753,-71.3474,88.2122,-76.6574,21.5783,-21.4242,62.7753,-71.3474,88.2122,-76.6574,21.5783,0,-50,200,-100,-450,-50,0
400,1786977871.8833,1786977872.0994,0.03334,-19.6044,63.7802,-70.5934,89.4066,-74.6813,21.9577,-22.2173,49.1509,-43.0791,85.7348,-72.6920,22.1868,-22.2173,53.7802,-60.7692,85.7348,-72.6920,22.1868,0,0,100,0,-350,-50,1
401,1786977872.1005,1786977872.1057,0.21715,-20.6593,63.7802,-70.7692,88.5275,-76.4396,21.7593,-22.3136,49.9004,-44.2526,86.1987,-71.8430,21.6000,-22.3136,53.7802,-60.7692,86.1987,-71.8430,21.6000,0,0,0,0,0,0,1
402,1786977872.1338,1786977872.1382,0.0333,-20.6593,63.7802,-70.7692,88.5275,-76.4396,21.7593,-22.7528,50.5845,-45.4652,86.8888,-71.9974,21.8331,-22.7528,53.7802,-60.7692,86.8888,-71.9974,21.8331,0,0,0,0,0,0,0
403,1786977872.1672,1786977872.1715,0.03337,-21.0110,63.4286,-70.0659,87.7363,-75.7363,21.7593,-22.7234,50.1576,-46.3141,85.8724,-71.5701,21.9663,-22.7234,53.2527,-59.8022,85.8724,-71.5701,21.9663,-150,-50,350,-300,200,0,0
404,1786977872.2005,1786977872.2049,0.03338,-21.1868,61.6703,-67.4286,86.8571,-74.2418,21.8254,-22.6398,50.4408,-46.9636,86.8696,-72.0857,22.2449,-22.6398,51.3187,-57.0769,86.8696,-72.0857,22.2449,-50,-650,800,-200,500,0,0
405,1786977872.2339,1786977872.2383,0.03338,-21.6264,59.6484,-64.2637,87.0330,-73.1868,21.8254,-22.1886,50.1128,-46.4357,86.8270,-71.7215,22.4835,-22.1886,50.1128,-53.8242,86.8270,-71.7215,22.4835,-150,-650,1050,50,450,0,0
406,1786977872.2673,1786977872.2716,0.0334,-21.8901,57.8022,-61.1868,86.5934,-73.0989,21.7593,-22.4508,50.6517,-47.7908,86.6962,-72.1874,23.0028,-22.4508,50.6517,-50.8352,86.6962,-72.1874,23.0028,-100,-600,1000,-200,50,0,0
407,1786977872.3007,1786977872.3051,0.03339,-21.9780,56.3077,-58.2857,86.7692,-72.7473,22.0238,-22.6887,51.0528,-47.5199,86.5903,-72.8568,23.3277,-22.6887,51.0528,-47.9341,86.5903,-72.8568,23.3277,0,-500,1000,100,200,150,0
408,1786977872.3341,1786977872.3384,0.03337,-21.9780,55.3407,-55.4725,86.5055,-72.8352,22.4206,-22.6024,49.8552,-48.2784,86.6108,-72.5774,24.1003,-22.6024,49.8552,-48.2784,86.6108,-72.5774,24.1003,0,-300,950,-50,0,150,0
409,1786977872.3674,1786977872.3716,0.03336,-21.9780,54.4615,-53.0989,86.5055,-72.9231,22.7513,-22.9859,49.7431,-48.4749,86.9193,-73.0429,24.7876,-22.9859,49.7431,-48.4749,86.9193,-73.0429,24.7876,0,-250,750,0,-50,150,0
410,1786977872.4008,1786977872.405,0.03339,-21.9780,53.3187,-50.9890,86.5055,-72.9231,23.2804,-23.2726,50.1926,-49.3421,86.2211,-72.1629,25.0137,-23.2726,50.1926,-49.3421,86.2211,-72.1629,25.0137,0,-400,750,0,0,200,0
411,1786977872.4342,1786977872.4383,0.03338,-22.1538,52.5275,-50.1978,86.5055,-72.9231,23.8757,-23.1463,49.7745,-50.3039,86.1077,-72.8348,25.3888,-23.1463,49.7745,-50.3039,86.1077,-72.8348,25.3888,-50,-200,250,0,0,300,0
412,1786977872.4676,1786977872.4717,0.03335,-22.2418,52.3516,-50.1978,86.5055,-72.7473,24.2725,-23.3749,49.1830,-49.9741,86.2457,-73.4401,25.7066,-23.3749,49.1830,-49.9741,86.2457,-73.4401,25.7066,-50,-100,0,0,100,200,0
413,1786977872.5009,1786977872.5051,0.03337,-22.2418,52.0879,-50.1978,86.3297,-72.7473,24.6693,-23.6701,50.0201,-50.7449,86.3019,-72.6227,25.7413,-23.6701,50.0201,-50.7449,86.3019,-72.6227,25.7413,0,-100,0,-50,0,200,0
414,1786977872.5343,1786977872.5385,0.0334,-22.2418,51.9121,-50.1099,86.3297,-73.0110,25.0661,-23.5932,50.3946,-51.3600,86.2711,-72.8869,26.0387,-23.5932,50.3946,-51.3600,86.2711,-72.8869,26.0387,0,-100,50,0,-100,150,0
415,1786977872.5677,1786977872.5719,0.03335,-22.4176,51.9121,-50.1099,86.3297,-73.0110,25.2646,-24.0028,50.4333,-51.1078,87.1360,-73.2734,26.0323,-24.0028,50.4333,-51.1078,87.1360,-73.2734,26.0323,-50,0,0,0,0,150,0
416,1786977872.6011,1786977872.6052,0.03341,-22.5934,51.9121,-50.1099,86.3297,-73.0110,25.5291,-23.8494,50.6634,-50.8686,86.7484,-73.5483,26.1230,-23.8494,50.6634,-50.8686,86.7484,-73.5483,26.1230,-50,0,0,0,0,100,0
417,1786977872.6344,1786977872.6387,0.03337,-22.7692,51.9121,-50.1099,86.4176,-73.0989,25.5952,-24.3871,50.3072,-51.1270,86.6993,-73.5327,26.2755,-24.3871,50.3072,-51.1270,86.6993,-73.5327,26.2755,-50,0,0,50,0,50,0
418,1786977872.6679,1786977872.6721,0.03343,-22.8571,51.9121,-50.1099,86.5055,-73.1868,25.7275,-24.2595,50.5859,-51.2910,86.8990,-72.6259,26.1079,-24.2595,50.5859,-51.2910,86.8990,-72.6259,26.1079,0,0,0,50,-50,50,0
419,1786977872.7012,1786977872.7055,0.03335,-23.0330,51.9121,-50.1099,86.5055,-73.2747,25.8598,-24.1714,51.0526,-51.7997,87.1150,-73.0216,25.7706,-24.1714,51.0526,-51.7997,87.1150,-73.0216,25.7706,-100,0,0,0,-50,50,0
420,1786977872.7346,1786977872.7387,0.03336,-23.1209,51.9121,-50.1099,86.5055,-73.2747,25.8598,-23.2220,50.5231,-51.1455,85.6773,-72.6501,24.2144,-23.2220,50.5231,-51.1455,85.6773,-72.6501,24.2144,-50,0,0,0,0,0,0
421,1786977872.768,1786977872.7721,0.03343,-23.1209,51.9121,-50.3736,86.5934,-73.1868,25.8598,-23.6414,49.8514,-51.6835,85.5931,-73.2178,21.7938,-23.6414,49.8514,-51.6835,85.5931,-73.2178,21.7938,0,0,-50,50,50,0,0
422,1786977872.8013,1786977872.8055,0.03332,-23.1209,51.9121,-50.3736,86.4176,-73.1868,25.3307,-23.6422,50.6783,-52.1783,84.8039,-73.6674,18.5686,-23.6422,50.6783,-52.1783,84.8039,-73.6674,18.5686,0,0,-50,-50,0,-100,0
423,1786977872.8347,1786977872.8388,0.03337,-23.1209,51.9121,-50.4615,86.1538,-73.1868,23.9418,-23.7368,50.1258,-51.8504,84.3369,-73.1962,15.2755,-23.7368,50.1258,-51.8504,84.3369,-73.1962,15.2755,0,0,0,-150,0,-550,0
424,1786977872.8681,1786977872.8722,0.03338,-23.1209,51.9121,-50.6374,85.6264,-73.1868,22.0899,-23.7298,50.7728,-51.6429,83.5937,-72.7457,11.6520,-23.7298,50.7728,-51.6429,83.5937,-72.7457,11.8254,0,0,-100,-200,0,-850,0
425,1786977872.9015,1786977872.9058,0.0334,-23.1209,52.0000,-50.6374,85.0989,-73.1868,19.7751,-24.3720,50.0648,-51.6612,83.6937,-73.1502,8.3961,-24.3720,50.0648,-51.6612,83.6937,-73.1502,9.5106,0,50,0,-150,0,-1050,0
426,1786977872.9349,1786977872.9392,0.03338,-23.1209,52.0000,-50.6374,84.5714,-73.0989,17.1958,-23.9814,50.4314,-52.5992,83.9736,-74.0421,6.0856,-23.9814,50.4314,-52.5992,83.9736,-74.0421,6.8651,0,0,0,-200,0,-1150,0
427,1786977872.9682,1786977872.9726,0.03336,-23.2088,52.0000,-50.6374,84.2198,-73.1868,14.4841,-24.2025,49.9677,-51.7088,84.6095,-74.0120,3.1076,-24.2025,49.9677,-51.7088,84.6095,-74.0120,4.1534,0,0,0,-100,-50,-1250,0
428,1786977873.0016,1786977873.006,0.03337,-23.2088,52.0000,-50.8132,84.3077,-73.4505,11.7725,-24.0932,49.0928,-51.8550,84.6711,-74.4173,1.2923,-24.0932,49.0928,-51.8550,84.6711,-74.4173,1.4418,0,0,-100,0,-100,-1150,0
429,1786977873.035,1786977873.0392,0.0334,-23.2088,52.0000,-50.8132,84.3956,-73.7143,9.1270,-23.7943,48.0375,-51.3067,84.8402,-73.7026,1.5656,-23.7943,48.0375,-51.3067,84.8402,-73.7026,1.5656,0,0,0,0,-100,-1200,0
430,1786977873.0684,1786977873.0725,0.03335,-23.2967,52.0000,-50.8132,84.3956,-73.8901,6.2831,-24.0458,48.1215,-53.0018,85.2915,-74.2883,1.6080,-24.0458,48.1215,-53.0018,85.2915,-74.2883,1.6080,-50,0,0,0,-50,-1300,0
431,1786977873.1018,1786977873.1059,0.03341,-23.2967,51.9121,-50.8132,84.4835,-73.8901,4.3651,-24.2340,46.9364,-54.1684,86.7337,-74.3618,1.7693,-24.2340,46.9364,-54.1684,86.7337,-74.3618,1.7693,0,-50,0,50,0,-750,0
432,1786977873.1352,1786977873.1392,0.03338,-23.2967,51.9121,-50.9890,84.6593,-73.9780,3.5053,-24.9093,47.0401,-56.3883,89.8491,-74.8578,2.1943,-24.9093,47.0401,-56.3883,89.8491,-74.8578,2.1943,0,0,-50,100,-50,-450,0
433,1786977873.1685,1786977873.1726,0.03337,-23.2967,51.9121,-51.6923,85.4505,-74.1538,3.0423,-25.2942,46.2910,-58.0635,91.5989,-73.8286,2.2581,-25.2942,46.2910,-58.0635,91.5989,-73.8286,2.2581,0,0,-250,250,-50,-200,0
434,1786977873.2019,1786977873.206,0.03337,-23.5604,51.9121,-52.6593,87.1209,-74.5055,2.9101,-26.3840,45.5795,-60.2966,93.7863,-74.6087,2.4192,-26.3840,45.5795,-60.2966,93.7863,-74.6087,2.4192,-100,0,-350,500,-100,-50,0
435,1786977873.2353,1786977873.2393,0.03338,-23.8242,51.8242,-54.1538,88.9670,-74.3297,2.8439,-26.4728,44.0531,-62.3035,96.3022,-74.4505,2.5025,-26.4728,44.0531,-62.3035,96.3022,-74.4505,2.5025,-100,0,-450,650,100,-50,0
436,1786977873.2687,1786977873.2727,0.03337,-24.5275,51.3846,-55.6484,90.9011,-74.2418,2.7778,-27.1631,43.4081,-64.7020,96.6194,-74.2503,2.3068,-27.1631,43.4081,-64.7020,96.6194,-74.2503,2.3068,-250,-150,-550,650,100,0,0
437,1786977873.302,1786977873.3062,0.03338,-25.0549,50.6813,-57.4066,92.9231,-74.5055,2.7778,-27.6707,42.8632,-65.6611,98.4661,-74.4626,2.7004,-27.6707,42.8632,-65.6611,98.4661,-74.4626,2.7004,-200,-300,-600,700,-50,0,0
438,1786977873.3354,1786977873.3395,0.03337,-25.7582,49.7143,-59.4286,94.4176,-74.3297,2.6455,-27.7551,42.0901,-66.9508,99.5538,-74.3048,2.6461,-27.7551,42.0901,-66.9508,99.5538,-74.3048,2.6461,-200,-350,-600,500,0,-50,0
439,1786977873.3689,1786977873.3731,0.03347,-26.2857,48.6593,-61.2747,95.5604,-74.3297,2.7116,-28.0111,41.5962,-66.4285,99.3450,-74.2786,2.8179,-28.0111,41.5962,-66.4285,99.3450,-74.2786,2.8179,-150,-300,-650,350,0,50,0
440,1786977873.4022,1786977873.407,0.03335,-26.7253,47.5165,-62.7692,97.4066,-74.3297,2.7116,-28.7700,41.1227,-68.7941,100.6707,-73.6499,3.0551,-28.7700,41.1227,-68.7941,100.6707,-73.6499,3.0551,-150,-400,-500,600,0,0,0
441,1786977873.4356,1786977873.4398,0.03333,-27.0769,46.7253,-63.5604,97.8462,-74.3297,2.7116,-28.5156,40.3202,-68.9432,101.1270,-72.9645,3.1977,-28.5156,40.3202,-68.9432,101.1270,-72.9645,3.1977,-100,-300,-350,100,0,0,0
442,1786977873.4689,1786977873.4731,0.03339,-27.5165,46.0220,-64.2637,98.8132,-74.3297,2.7116,-28.0577,39.4084,-69.4375,101.3777,-71.1796,3.4973,-28.0577,39.4084,-69.4375,101.3777,-71.1796,3.4973,-150,-250,-250,150,0,0,0
443,1786977873.5023,1786977873.5065,0.03336,-27.6923,45.5824,-65.4945,100.0440,-73.7143,2.7116,-28.5408,39.4047,-69.8261,102.4339,-69.4009,3.8691,-28.5408,39.4047,-69.8261,102.4339,-69.4009,3.8691,-50,-150,-400,550,250,0,0
444,1786977873.5357,1786977873.5398,0.03338,-27.6923,45.1429,-66.2857,100.2198,-72.9231,2.9101,-28.2675,39.9982,-70.6226,102.8970,-66.9648,4.3850,-28.2675,39.9982,-70.6226,102.8970,-66.9648,4.3850,0,-150,-300,0,250,50,0
445,1786977873.5691,1786977873.5732,0.03341,-27.7802,44.6154,-67.0769,101.0989,-71.4286,3.2407,-28.1360,40.0155,-70.3501,102.9084,-63.0419,4.9171,-28.1360,40.0155,-70.3501,102.9084,-63.0419,4.9171,0,-200,-200,350,500,150,0
446,1786977873.6025,1786977873.6066,0.03338,-27.7802,44.3516,-67.8681,101.9780,-69.7582,3.5714,-27.9153,39.2364,-69.1154,103.3549,-60.5140,6.2971,-27.9153,39.2364,-69.1154,103.3549,-60.5140,6.2971,0,-50,-250,350,600,100,0
447,1786977873.6359,1786977873.64,0.03339,-27.7802,44.3516,-68.1319,101.9780,-67.5604,4.1005,-27.5822,40.0513,-69.2499,102.5670,-57.4487,7.3188,-27.5822,40.0513,-69.2499,102.5670,-57.4487,7.3188,0,0,-150,0,800,250,0
448,1786977873.6692,1786977873.6733,0.03336,-27.8681,44.0000,-68.0440,102.5055,-64.9231,4.8280,-27.6178,38.9436,-69.3044,102.9393,-55.7606,8.4134,-27.6178,38.9436,-69.3044,102.9393,-55.7606,8.4134,-50,-100,0,200,850,300,0
449,1786977873.7026,1786977873.7068,0.03341,-27.8681,44.0000,-68.0440,102.5934,-62.1978,5.8862,-26.9076,39.5467,-70.1744,102.8337,-54.2621,9.4369,-26.9076,39.5467,-70.1744,102.8337,-54.2621,9.4369,0,0,0,50,950,500,0
450,1786977873.736,1786977873.9562,0.03335,-27.7802,43.7363,-68.0440,102.6813,-59.7363,6.8783,-26.7912,28.4476,-61.2553,105.2781,-56.6582,6.5243,-26.7912,33.5604,-61.2553,105.2781,-56.6582,6.5243,0,-100,0,50,800,450,1
451,1786977873.9574,1786977873.963,0.22139,-27.0769,43.5604,-68.3956,102.6813,-54.8132,9.1270,-26.4986,28.5715,-62.6934,104.7506,-56.4149,5.9958,-26.4986,33.5604,-62.6934,104.7506,-56.4149,5.9958,0,0,0,0,50,0,1
452,1786977873.9906,1786977873.995,0.03325,-27.1648,43.5604,-68.3956,102.6813,-54.7253,9.1270,-26.9765,29.0711,-62.7069,103.5652,-55.6040,5.6056,-26.9765,33.4725,-62.7069,103.5652,-55.6040,5.6056,0,0,0,0,50,0,0
453,1786977874.024,1786977874.0284,0.03335,-27.1648,42.8571,-67.8681,103.1209,-55.1648,8.7302,-26.8797,29.1784,-63.4394,102.1435,-55.5371,5.2445,-26.8797,32.6813,-63.4394,102.1435,-55.5371,5.2445,0,-150,150,0,-100,-50,0
454,1786977874.0574,1786977874.0618,0.03342,-26.9890,41.0989,-65.8462,103.7363,-55.6923,7.1429,-25.9726,29.7437,-63.2615,99.5427,-54.4926,5.2757,-25.9726,30.9231,-63.2615,99.5427,-54.4926,5.2757,0,-600,750,250,-150,-750,0
455,1786977874.0908,1786977874.0951,0.03343,-26.9011,39.3407,-64.0879,103.1209,-55.6044,6.3492,-25.9076,31.8006,-63.1299,98.3917,-54.3279,5.1035,-25.9076,31.8006,-63.1299,98.3917,-54.3279,5.1035,50,-600,700,-250,50,-550,0
456,1786977874.1241,1786977874.1283,0.03329,-26.7253,37.8462,-63.7363,101.8022,-55.1648,6.0847,-25.3857,32.4835,-63.4480,96.5161,-53.9260,4.6913,-25.3857,32.4835,-63.4480,96.5161,-53.9260,4.6913,100,-550,100,-400,150,-100,0
457,1786977874.1575,1786977874.1616,0.03337,-26.5495,36.9670,-63.5604,100.3077,-54.8132,5.6878,-24.7847,34.1889,-64.1117,94.9610,-54.3008,4.6111,-24.7847,34.1889,-64.1117,94.9610,-54.3008,4.6111,0,-350,100,-500,100,-200,0
458,1786977874.1909,1786977874.195,0.03338,-26.1978,36.7033,-63.5604,99.0769,-54.5495,5.2910,-24.5732,36.5073,-64.6489,94.1842,-54.0564,4.6364,-24.5732,36.5073,-64.6489,94.1842,-54.0564,4.6364,100,-50,0,-450,100,-150,0
459,1786977874.2243,1786977874.2283,0.03337,-25.7582,36.6154,-63.5604,97.4066,-54.5495,5.0926,-23.1846,39.1912,-65.5880,93.7691,-54.4116,4.7218,-23.1846,39.1912,-65.5880,93.7691,-54.4116,4.7218,150,-50,0,-550,50,-100,0
460,1786977874.2577,1786977874.2619,0.03342,-25.1429,37.4066,-63.5604,96.0879,-54.5495,5.0265,-22.6847,41.2805,-66.6098,92.7724,-54.4398,4.6882,-22.6847,41.2805,-66.6098,92.7724,-54.4398,4.6882,200,250,0,-450,0,0,0
461,1786977874.291,1786977874.2951,0.03336,-24.4396,38.6374,-63.7363,95.3846,-54.5495,5.0265,-21.8292,43.3610,-67.3956,92.9404,-55.0990,4.4895,-21.8292,43.3610,-67.3956,92.9404,-55.0990,4.4895,200,450,0,-250,0,0,0
462,1786977874.3244,1786977874.3285,0.03337,-23.7363,40.3956,-64.3516,94.5055,-54.5495,4.8942,-21.4303,45.5185,-68.7479,92.9143,-54.7855,4.1982,-21.4303,45.5185,-68.7479,92.9143,-54.7855,4.1982,250,600,-250,-300,0,-50,0
463,1786977874.3579,1786977874.362,0.03345,-23.0330,42.3297,-64.8791,94.0659,-54.6374,4.6958,-20.7757,46.4489,-68.8138,93.3064,-54.7290,4.1478,-20.7757,46.4489,-68.8138,93.3064,-54.7290,4.1478,250,650,-150,-200,0,-100,0
464,1786977874.3912,1786977874.3953,0.0333,-22.3297,44.3516,-65.5824,93.8022,-54.6374,4.4312,-20.7365,47.6296,-70.6252,94.7380,-55.2287,4.6433,-20.7365,47.6296,-70.6252,94.7380,-55.2287,4.6433,200,700,-200,-50,0,-100,0
465,1786977874.4246,1786977874.4287,0.0334,-21.7143,46.0220,-66.1099,93.8022,-54.7253,4.4312,-20.9245,50.4174,-71.8290,94.4816,-55.2598,4.6055,-20.9245,50.4174,-71.8290,94.4816,-55.2598,4.6055,150,500,-200,0,-50,0,0
466,1786977874.458,1786977874.4621,0.03342,-21.3626,47.5165,-66.8132,94.0659,-54.8132,4.4312,-20.7676,51.9394,-74.7215,95.3556,-55.9954,4.5192,-20.7676,51.9394,-74.7215,95.3556,-55.9954,4.5192,100,500,-300,0,-50,0,0
467,1786977874.4913,1786977874.4955,0.03335,-21.2747,49.1868,-68.3077,94.3297,-54.9011,4.4312,-21.6732,52.5995,-75.7438,95.9420,-56.6175,4.6738,-21.6732,52.5995,-75.7438,95.9420,-56.6175,4.6738,0,550,-450,100,0,0,0
468,1786977874.5247,1786977874.5289,0.03338,-21.2747,50.9451,-69.9780,94.6813,-55.4286,4.4312,-21.2078,53.6669,-77.3587,96.6644,-56.5282,4.5163,-21.2078,53.6669,-77.3587,96.6644,-56.5282,4.5163,0,600,-550,150,-150,0,0
469,1786977874.5581,1786977874.5623,0.03343,-21.4505,52.4396,-71.6484,95.2967,-55.6923,4.4312,-22.2050,54.2377,-78.8899,96.9281,-56.7241,4.6439,-22.2050,54.2377,-78.8899,96.9281,-56.7241,4.6439,-50,550,-600,250,-150,0,0
470,1786977874.5915,1786977874.5957,0.03335,-21.5385,53.6703,-72.9670,95.8242,-55.9560,4.4312,-22.1694,54.5057,-79.4904,96.6318,-57.0690,4.4900,-22.1694,54.5057,-79.4904,96.6318,-57.0690,4.4900,-50,400,-400,150,-100,0,0
471,1786977874.6249,1786977874.629,0.03337,-21.6264,54.6374,-74.5495,96.1758,-56.2198,4.4312,-22.3129,55.6267,-80.7645,96.9493,-56.8036,4.6751,-22.3129,55.6267,-80.7645,96.9493,-56.8036,4.6751,0,300,-550,150,-100,0,0
472,1786977874.6583,1786977874.6624,0.0334,-21.6264,54.9890,-75.6923,96.2637,-56.6593,4.4312,-22.8963,55.7404,-80.0519,96.7717,-57.2641,4.5854,-22.8963,55.7404,-80.0519,96.7717,-57.2641,4.5854,0,150,-350,0,-150,0,0
473,1786977874.6916,1786977874.6958,0.03335,-21.8022,55.6923,-77.0110,96.3516,-56.6593,4.4312,-23.0647,57.2767,-82.3042,96.1454,-57.1156,4.7190,-23.0647,57.2767,-82.3042,96.1454,-57.1156,4.7190,-50,250,-400,50,0,0,0
474,1786977874.725,1786977874.7291,0.03337,-22.0659,56.1319,-77.6264,96.4396,-56.8352,4.4312,-23.4051,56.4567,-81.6879,96.4035,-56.7331,4.5759,-23.4051,56.4567,-81.6879,96.4035,-56.7331,4.5759,-100,100,-300,0,0,0,0
475,1786977874.7584,1786977874.7626,0.03338,-22.3297,56.9231,-77.9780,96.4396,-56.9231,4.4312,-23.7716,57.3375,-82.1623,96.2164,-56.6942,4.3478,-23.7716,57.3375,-82.1623,96.2164,-56.6942,4.3478,-100,300,-150,0,-50,0,0
476,1786977874.7917,1786977874.7959,0.03336,-22.5934,57.6264,-78.7692,96.4396,-56.8352,4.4312,-23.9304,56.8356,-82.8926,95.4162,-56.0587,4.0882,-23.9304,56.8356,-82.8926,95.4162,-56.0587,4.0882,-50,300,-250,0,50,0,0
477,1786977874.8251,1786977874.8292,0.03338,-22.9451,57.8901,-79.1209,96.4396,-56.7473,4.4312,-24.1242,56.7295,-82.8534,95.7493,-56.1013,3.8136,-24.1242,56.7295,-82.8534,95.7493,-56.1013,3.8136,-100,100,-100,0,50,0,0
478,1786977874.8585,1786977874.8625,0.03337,-23.2088,57.9780,-79.6484,96.2637,-56.6593,4.3651,-24.2238,56.5041,-83.0620,95.3213,-55.8321,3.8435,-24.2238,56.5041,-83.0620,95.3213,-55.8321,3.8435,-150,0,-200,-100,0,-50,0
479,1786977874.8919,1786977874.896,0.03338,-23.4725,57.9780,-80.1758,96.1758,-56.4835,4.1005,-24.8096,56.5869,-82.8403,95.7874,-55.8146,3.8569,-24.8096,56.5869,-82.8403,95.7874,-55.8146,3.8569,-50,0,-150,0,50,-100,0
480,1786977874.9253,1786977874.9294,0.0334,-23.6484,57.9780,-80.5275,95.9121,-56.3077,4.0344,-24.9175,56.8195,-83.4136,95.6723,-56.3965,4.5734,-24.9175,56.8195,-83.4136,95.6723,-56.3965,4.5734,-50,0,-150,-100,100,0,0
481,1786977874.9586,1786977874.9627,0.03337,-23.9121,57.9780,-80.7033,95.9121,-56.3077,4.0344,-25.2726,56.8348,-82.7703,96.2977,-56.6599,5.4094,-25.2726,56.8348,-82.7703,96.2977,-56.6599,5.4094,-100,0,-50,0,0,0,0
482,1786977874.992,1786977874.9975,0.03337,-24.0879,58.0659,-80.9670,95.9121,-56.3077,4.1005,-25.6866,56.9912,-81.6126,95.2546,-56.8638,8.7810,-25.6866,56.9912,-81.6126,95.2546,-56.8638,8.7810,-50,0,-50,0,0,50,0
483,1786977875.0254,1786977875.0295,0.0334,-24.3516,58.0659,-80.9670,95.9121,-56.3956,4.6296,-26.2803,57.3452,-82.4763,97.1513,-57.7270,11.6464,-26.2803,57.3452,-82.4763,97.1513,-57.7270,11.6464,-50,0,0,0,-50,200,0
484,1786977875.0588,1786977875.0629,0.03342,-24.7033,58.0659,-81.0549,95.7363,-56.6593,5.3571,-26.2103,57.9770,-82.3496,97.1585,-57.5497,15.2529,-26.2103,57.9770,-82.3496,97.1585,-57.5497,15.2529,-100,0,0,-100,-100,300,0
485,1786977875.0922,1786977875.0963,0.03333,-25.0549,58.0659,-81.0549,95.8242,-57.0989,7.1429,-26.3862,58.6438,-82.1961,97.3976,-57.9409,18.3946,-26.3862,58.6438,-82.1961,97.3976,-57.9409,17.4074,-150,0,0,0,-150,900,0
486,1786977875.1256,1786977875.1298,0.03341,-25.4945,58.5055,-81.0549,96.6154,-57.1868,9.7884,-26.7771,58.7402,-81.6437,97.7597,-58.2321,21.0217,-26.7771,58.7402,-81.6437,97.7597,-58.2321,20.1190,-150,150,0,300,-100,1150,0
487,1786977875.159,1786977875.1632,0.03339,-25.6703,59.1209,-81.0549,96.8791,-57.4505,12.4339,-27.1621,59.2366,-82.7499,98.3545,-58.5172,22.8801,-27.1621,59.2366,-82.7499,98.3545,-58.5172,22.8307,-100,200,0,100,-100,1200,0
488,1786977875.1923,1786977875.1965,0.03336,-26.0220,59.4725,-81.0549,97.2308,-57.7143,15.1455,-27.8865,59.0293,-81.7591,97.8258,-58.3215,24.2261,-27.8865,59.0293,-81.7591,97.8258,-58.3215,24.2261,-100,100,0,100,-100,1200,0
489,1786977875.2257,1786977875.2298,0.03338,-26.1978,59.8242,-81.0549,97.6703,-58.1538,17.8571,-27.9648,59.4171,-81.7455,98.1309,-58.9500,24.9194,-27.9648,59.4171,-81.7455,98.1309,-58.9500,24.9194,-50,150,0,150,-150,1200,0
490,1786977875.2591,1786977875.2645,0.03337,-26.5495,59.8242,-81.0549,97.6703,-58.1538,20.2381,-28.0735,59.2802,-81.3816,98.4677,-59.2537,25.2227,-28.0735,59.2802,-81.3816,98.4677,-59.2537,25.2227,-100,0,0,0,0,1150,0
491,1786977875.2925,1786977875.2966,0.0334,-26.9011,59.8242,-81.0549,97.8462,-58.3297,22.0238,-28.1219,60.2092,-82.0566,97.9072,-59.4314,25.2612,-28.1219,60.2092,-82.0566,97.9072,-59.4314,25.2612,-100,0,0,50,0,750,0
492,1786977875.3259,1786977875.3299,0.03339,-27.3407,59.9121,-81.0549,98.0220,-58.6813,23.0820,-28.6546,60.0312,-81.7920,97.6067,-59.8360,24.8275,-28.6546,60.0312,-81.7920,97.6067,-59.8360,24.8275,-150,0,0,100,-150,550,0
493,1786977875.3592,1786977875.3633,0.03337,-27.5165,60.4396,-81.0549,98.0220,-58.9451,23.6772,-28.8735,61.0623,-81.6200,97.7771,-60.2503,24.5032,-28.8735,61.0623,-81.6200,97.7771,-60.2503,24.5032,-50,200,0,0,-100,300,0
494,1786977875.3926,1786977875.3967,0.03339,-27.6923,60.7912,-81.0549,98.0220,-59.3846,23.9418,-29.3875,61.6677,-81.3472,97.9051,-61.5327,24.2364,-29.3875,61.6677,-81.3472,97.9051,-61.5327,24.2364,-50,100,0,0,-150,100,0
495,1786977875.426,1786977875.4301,0.03338,-27.8681,61.4945,-81.0549,98.0220,-59.7363,23.9418,-29.5763,62.1751,-81.6957,97.5786,-61.2230,24.1424,-29.5763,62.1751,-81.6957,97.5786,-61.2230,24.1424,-50,200,0,0,-100,0,0
496,1786977875.4593,1786977875.4634,0.03335,-28.2198,62.1978,-81.0549,98.0220,-60.4396,23.9418,-29.4191,62.3598,-81.3720,97.2884,-62.7818,24.1105,-29.4191,62.3598,-81.3720,97.2884,-62.7818,24.1105,-100,250,0,0,-150,0,0
497,1786977875.4928,1786977875.4969,0.03349,-28.4835,62.7253,-81.0549,98.0220,-60.8791,23.9418,-30.2088,62.7993,-81.0176,97.3933,-62.8602,24.1799,-30.2088,62.7993,-81.0176,97.3933,-62.8602,24.1799,-100,200,0,0,-150,0,0
498,1786977875.5261,1786977875.5302,0.03331,-28.6593,63.0769,-80.8791,97.8462,-61.2308,23.9418,-30.4827,63.3705,-80.3849,97.4622,-63.3131,24.1943,-30.4827,63.3705,-80.3849,97.4622,-63.3131,24.1943,-50,150,50,-100,-200,0,0
499,1786977875.5595,1786977875.5636,0.03336,-29.0110,63.4286,-80.7912,97.7582,-62.1978,23.9418,-30.5345,63.5624,-79.9727,97.7552,-63.5982,24.2279,-30.5345,63.5624,-79.9727,97.7552,-63.5982,24.2279,-150,100,0,-50,-300,0,0
500,1786977875.5929,1786977875.8082,0.03337,-29.1868,63.8681,-80.4396,97.7582,-62.6374,23.9418,-30.5407,53.0867,-73.8103,103.1448,-61.2818,22.5751,-30.5407,54.2198,-73.8103,103.1448,-61.2818,22.5751,-50,150,100,0,-150,0,1
501,1786977875.8093,1786977875.8152,0.21646,-29.8022,64.2198,-79.7363,97.8462,-63.3407,23.9418,-29.8394,54.0896,-74.9268,103.6901,-62.1031,21.9176,-29.8394,54.3077,-74.9268,103.6901,-62.1031,21.9176,0,50,0,0,0,0,1
502,1786977875.8426,1786977875.847,0.03326,-29.8022,64.3956,-79.6484,97.8462,-63.3407,23.9418,-30.2489,53.3979,-76.9630,103.2557,-62.0818,21.0698,-30.2489,54.3956,-76.9630,103.2557,-62.0818,21.0698,0,50,0,0,0,0,0
503,1786977875.8759,1786977875.8802,0.03334,-29.8022,64.1319,-78.7692,98.2857,-62.9890,23.4788,-29.8207,54.7409,-76.8239,102.7078,-62.5244,19.7269,-29.8207,54.7409,-76.8239,102.7078,-62.5244,19.7269,0,-50,300,150,0,-150,0
504,1786977875.9093,1786977875.9134,0.0334,-29.8022,62.8132,-77.2747,100.3077,-62.6374,22.2884,-29.8066,54.9244,-78.6145,102.7116,-63.0055,18.1581,-29.8066,54.9244,-78.6145,102.7116,-63.0055,18.1581,0,-500,550,600,100,-550,0
505,1786977875.9427,1786977875.9468,0.03338,-29.7143,61.7582,-76.9231,101.5385,-62.8132,21.1640,-29.8138,54.5330,-78.4638,103.0530,-63.0155,16.0566,-29.8138,54.5330,-78.4638,103.0530,-63.0155,16.0566,0,-300,200,600,0,-600,0
506,1786977875.9761,1786977875.9802,0.03337,-29.7143,60.8791,-77.0110,101.5385,-62.8132,20.0397,-29.7015,55.0522,-77.8805,103.3848,-63.7828,13.4252,-29.7015,55.0522,-77.8805,103.3848,-63.7828,13.4252,0,-250,0,-50,0,-450,0
507,1786977876.0095,1786977876.0135,0.0334,-29.7143,60.0000,-77.1868,101.8901,-62.9011,18.5185,-29.7774,54.6876,-78.7748,103.3593,-64.2183,10.5324,-29.7774,54.6876,-78.7748,103.3593,-64.2183,10.5324,0,-350,0,150,-50,-700,0
508,1786977876.0429,1786977876.047,0.03337,-29.7143,59.4725,-77.0989,102.5055,-63.1648,16.6667,-29.5341,54.6792,-78.7671,103.1464,-64.2753,7.5981,-29.5341,54.6792,-78.7671,103.1464,-64.2753,7.5981,0,-150,-50,200,-150,-750,0
509,1786977876.0762,1786977876.0803,0.03337,-29.7143,59.2967,-77.0989,102.5055,-63.7802,14.4841,-30.0446,54.2145,-79.5528,102.2778,-64.2860,5.8104,-30.0446,54.2145,-79.5528,102.2778,-64.2860,5.8104,0,-100,0,0,-200,-950,0
510,1786977876.1096,1786977876.1137,0.03338,-29.7143,59.2967,-77.0989,102.6813,-63.8681,12.1032,-30.0221,54.0978,-79.0405,101.8319,-64.4405,5.5083,-30.0221,54.0978,-79.0405,101.8319,-64.4405,5.5083,0,0,0,50,0,-1050,0
511,1786977876.143,1786977876.1471,0.0334,-29.7143,59.2967,-77.0989,102.6813,-63.8681,9.7222,-29.9235,53.4711,-78.6947,102.5262,-64.3617,5.7193,-29.9235,53.4711,-78.6947,102.5262,-64.3617,5.7193,0,0,0,0,0,-1100,0
512,1786977876.1764,1786977876.1805,0.03337,-29.7143,59.2088,-77.0989,102.3297,-63.9560,8.1349,-29.7600,53.4835,-78.5045,101.6537,-63.7911,6.8319,-29.7600,53.4835,-78.5045,101.6537,-63.7911,6.8319,0,0,0,-150,-50,-800,0
513,1786977876.2098,1786977876.2139,0.0334,-29.7143,58.8571,-77.0989,102.4176,-63.9560,7.3413,-29.5969,54.0189,-78.6684,101.5678,-62.8008,9.0114,-29.5969,54.0189,-78.6684,101.5678,-62.8008,9.0114,0,-100,0,50,0,-350,0
514,1786977876.2431,1786977876.2472,0.03335,-29.7143,58.6813,-77.0989,102.1538,-63.9560,7.2751,-29.3710,54.2953,-77.6797,102.0813,-62.0991,11.5927,-29.3710,54.2953,-77.6797,102.0813,-62.0991,11.5927,0,-50,0,-50,0,-100,0
515,1786977876.2765,1786977876.2806,0.0334,-29.7143,58.6813,-77.0989,101.9780,-63.5165,7.8042,-29.7190,54.0270,-77.2605,101.4935,-60.5210,14.6457,-29.7190,54.0270,-77.2605,101.4935,-60.5210,14.6457,0,0,0,-100,100,150,0
516,1786977876.3099,1786977876.3141,0.03339,-29.7143,58.6813,-76.9231,101.9780,-62.9011,9.1931,-29.4443,54.4902,-76.6785,101.9751,-59.4853,17.6590,-29.4443,54.4902,-76.6785,101.9751,-59.4853,17.6590,0,0,50,0,250,650,0
517,1786977876.3433,1786977876.3473,0.03336,-29.7143,58.6813,-76.6593,101.8901,-62.1099,11.0450,-29.6054,53.9978,-76.7205,101.9418,-58.9308,20.1705,-29.6054,53.9978,-76.7205,101.9418,-58.9308,20.1705,0,0,50,0,350,800,0
518,1786977876.3767,1786977876.3808,0.03343,-29.7143,58.6813,-76.3956,101.8901,-60.9670,13.3598,-29.0080,53.5541,-75.1888,100.3868,-58.4464,21.7682,-29.0080,53.5541,-75.1888,100.3868,-58.4464,21.7682,0,0,100,0,400,1000,0
519,1786977876.4101,1786977876.4142,0.03336,-29.7143,58.6813,-76.3077,101.8901,-60.2637,15.6746,-29.0922,53.7561,-74.4339,100.4352,-58.2892,23.0441,-29.0922,53.7561,-74.4339,100.4352,-58.2892,23.0441,0,0,0,0,250,1100,0
520,1786977876.4435,1786977876.4476,0.03338,-29.6264,58.5055,-75.7802,101.4505,-59.5604,18.0556,-29.0200,53.6829,-74.5979,99.7501,-58.2014,23.8567,-29.0200,53.6829,-74.5979,99.7501,-58.2014,23.8567,50,-50,300,-50,200,1000,0
521,1786977876.4768,1786977876.4809,0.03338,-29.4505,58.2418,-74.9890,101.0110,-59.1209,19.9074,-28.9172,54.3564,-74.7317,99.7433,-58.3713,24.2485,-28.9172,54.3564,-74.7317,99.7433,-58.3713,24.2485,50,-50,300,-150,250,900,0
522,1786977876.5102,1786977876.5143,0.03336,-29.3626,58.2418,-74.8132,100.5714,-59.0330,21.4286,-28.9305,54.8364,-74.6130,98.1088,-58.1530,24.2484,-28.9305,54.8364,-74.6130,98.1088,-58.1530,24.2484,50,0,50,-150,0,650,0
523,1786977876.5436,1786977876.5476,0.03337,-29.3626,58.2418,-74.8132,100.3077,-58.8571,22.3545,-28.5692,55.3505,-74.8535,97.4940,-57.9813,24.0039,-28.5692,55.3505,-74.8535,97.4940,-57.9813,24.0039,0,0,0,-100,50,400,0
524,1786977876.577,1786977876.581,0.03339,-29.3626,58.2418,-74.6374,99.6044,-58.5934,22.8836,-28.6256,56.2895,-74.6309,96.8263,-58.8528,23.9780,-28.6256,56.2895,-74.6309,96.8263,-58.8528,23.9780,0,0,100,-200,50,300,0
525,1786977876.6103,1786977876.6144,0.03336,-29.3626,58.2418,-74.5495,98.5495,-58.4176,23.1481,-27.8479,57.2660,-75.1139,96.9244,-57.8920,23.8960,-27.8479,57.2660,-75.1139,96.9244,-57.8920,23.8960,0,0,0,-300,50,100,0
526,1786977876.6438,1786977876.6479,0.03345,-29.2747,58.2418,-74.4615,97.9341,-58.5055,23.3466,-27.8374,58.8042,-75.9087,96.2630,-58.3567,23.7970,-27.8374,58.8042,-75.9087,96.2630,-58.3567,23.7970,50,0,0,-200,-50,100,0
527,1786977876.6771,1786977876.6812,0.03334,-28.8352,58.4176,-74.4615,97.6703,-58.5055,23.4127,-27.8636,60.0103,-76.6737,96.1975,-57.9738,23.5699,-27.8636,60.0103,-76.6737,96.1975,-57.9738,23.5699,150,100,0,-100,0,50,0
528,1786977876.7105,1786977876.7146,0.03338,-28.3077,59.0330,-74.5495,97.1429,-58.5055,23.4127,-27.7556,60.5818,-77.4536,96.0060,-58.1019,23.6527,-27.7556,60.5818,-77.4536,96.0060,-58.1019,23.6527,200,100,0,-200,-50,0,0
529,1786977876.7439,1786977876.748,0.03343,-28.0440,60.0879,-74.9011,96.8791,-58.4176,23.4127,-27.3350,61.5548,-78.2457,95.9651,-58.0951,23.6269,-27.3350,61.5548,-78.2457,95.9651,-58.0951,23.6269,100,350,-150,-50,50,0,0
530,1786977876.7773,1786977876.7813,0.03335,-28.0440,60.9670,-75.2527,96.6154,-58.4176,23.4127,-27.3061,62.6319,-79.6426,96.2185,-58.0411,23.7316,-27.3061,62.6319,-79.6426,96.2185,-58.0411,23.7316,0,300,-200,-100,0,0,0
531,1786977876.8106,1786977876.8147,0.03336,-27.9560,61.9341,-75.6044,96.5275,-58.3297,23.4127,-27.2306,62.8203,-79.3989,96.6080,-58.2116,23.7395,-27.2306,62.8203,-79.3989,96.6080,-58.2116,23.7395,50,350,-100,0,0,0,0
532,1786977876.844,1786977876.848,0.03337,-27.9560,62.9890,-76.3956,96.5275,-58.2418,23.4127,-27.2104,63.6557,-80.2702,95.9857,-58.3098,23.6439,-27.2104,63.6557,-80.2702,95.9857,-58.3098,23.6439,0,350,-300,0,50,0,0
533,1786977876.8774,1786977876.8814,0.0334,-27.9560,63.3407,-76.9231,96.6154,-58.2418,23.4127,-27.4187,63.7056,-81.5764,96.1303,-58.5721,23.8072,-27.4187,63.7056,-81.5764,96.1303,-58.5721,23.8072,0,150,-250,50,0,0,0
534,1786977876.9108,1786977876.915,0.03338,-27.6923,64.0440,-77.4505,96.4396,-58.3297,23.4127,-27.4402,63.5478,-81.3028,95.9660,-58.8271,23.7413,-27.4402,63.5478,-81.3028,95.9660,-58.8271,23.7413,50,250,-200,-100,-50,0,0
535,1786977876.9441,1786977876.9482,0.03337,-27.5165,64.4835,-78.2418,96.3516,-58.3297,23.4127,-27.3876,63.3901,-80.2962,95.7433,-58.3969,23.6681,-27.3876,63.3901,-80.2962,95.7433,-58.3969,23.6681,50,150,-300,0,0,0,0
536,1786977876.9775,1786977876.9816,0.0334,-27.4286,64.4835,-78.5055,96.3516,-58.4176,23.4127,-27.2467,63.5319,-80.5245,95.6192,-58.7818,23.5617,-27.2467,63.5319,-80.5245,95.6192,-58.7818,23.5617,50,0,-150,0,-50,0,0
537,1786977877.0109,1786977877.015,0.03337,-27.4286,64.4835,-78.5934,96.3516,-58.3297,23.4127,-27.3236,63.4178,-80.3742,94.6952,-58.8407,23.5490,-27.3236,63.4178,-80.3742,94.6952,-58.8407,23.5490,0,0,-50,0,50,0,0
538,1786977877.0443,1786977877.0484,0.0334,-27.5165,64.3956,-78.6813,96.2637,-58.4176,23.4127,-27.5215,63.5418,-80.1454,95.2886,-59.2783,23.5454,-27.5215,63.5418,-80.1454,95.2886,-59.2783,23.5454,-50,-50,0,0,0,0,0
539,1786977877.0777,1786977877.0817,0.03339,-27.6044,64.4835,-78.6813,95.6484,-58.5055,23.4127,-27.4386,63.3051,-80.0029,95.4182,-58.7896,23.5779,-27.4386,63.3051,-80.0029,95.4182,-58.7896,23.5779,0,0,0,-200,0,0,0
540,1786977877.1111,1786977877.1151,0.03335,-27.6044,64.4835,-78.6813,95.7363,-58.8571,23.4127,-27.2542,63.4569,-79.7844,95.2951,-59.3034,23.5385,-27.2542,63.4569,-79.7844,95.2951,-59.3034,23.5385,0,0,0,0,-150,0,0
541,1786977877.1444,1786977877.1485,0.03338,-27.5165,64.4835,-78.6813,95.6484,-58.8571,23.4127,-27.3453,63.5466,-79.5074,94.8261,-58.8301,23.4899,-27.3453,63.5466,-79.5074,94.8261,-58.8301,23.4899,50,0,0,0,0,0,0
542,1786977877.1778,1786977877.1819,0.03338,-27.4286,64.4835,-78.6813,95.5604,-58.9451,23.4127,-27.0433,64.0549,-80.8446,95.3598,-59.1452,23.6543,-27.0433,64.0549,-80.8446,95.3598,-59.1452,23.6543,50,0,0,-50,-50,0,0
543,1786977877.2112,1786977877.2153,0.0334,-27.4286,64.4835,-78.6813,95.2967,-58.9451,23.3466,-27.1020,64.6290,-81.4439,95.8077,-58.9964,23.7433,-27.1020,64.6290,-81.4439,95.8077,-58.9964,23.7433,0,0,0,-100,0,-50,0
544,1786977877.2446,1786977877.2486,0.03337,-27.5165,64.7473,-78.8571,95.4725,-58.9451,23.3466,-27.1454,64.5245,-81.2063,95.7719,-59.6973,23.6178,-27.1454,64.5245,-81.2063,95.7719,-59.6973,23.6178,-50,150,-50,100,0,0,0
545,1786977877.278,1786977877.282,0.03337,-27.5165,65.1868,-79.2088,95.5604,-58.8571,23.3466,-26.9407,65.0455,-80.8750,95.2247,-59.6751,23.5022,-26.9407,65.0455,-80.8750,95.2247,-59.6751,23.5022,0,200,-50,50,0,0,0
546,1786977877.3113,1786977877.3154,0.03338,-27.5165,65.2747,-79.2088,95.5604,-59.2088,23.3466,-27.4267,64.6672,-81.4853,95.3816,-60.3091,23.5207,-27.4267,64.6672,-81.4853,95.3816,-60.3091,23.5207,0,50,0,0,-100,0,0
547,1786977877.3448,1786977877.3489,0.03343,-27.4286,65.5385,-79.2967,95.5604,-59.3846,23.3466,-27.2659,64.0336,-80.5047,95.3286,-60.3707,23.2730,-27.2659,64.0336,-80.5047,95.3286,-60.3707,23.2730,0,100,-50,0,-50,0,0
548,1786977877.3781,1786977877.3822,0.03335,-27.4286,65.6264,-79.4725,95.5604,-59.8242,23.3466,-27.4064,64.1900,-79.5216,95.2479,-60.8768,23.0991,-27.4064,64.1900,-79.5216,95.2479,-60.8768,23.0991,0,50,-50,0,-150,0,0
549,1786977877.4115,1786977877.4156,0.03341,-27.5165,65.6264,-79.4725,95.5604,-60.0000,23.3466,-26.9247,62.8596,-78.1486,94.8437,-61.3750,22.6726,-26.9247,62.8596,-78.1486,94.8437,-61.3750,22.6726,-50,0,0,0,-50,0,0
550,1786977877.4449,1786977877.6669,0.0334,-27.5165,65.6264,-79.0330,95.5604,-60.3516,23.3466,-28.8819,55.9408,-67.0329,96.0368,-59.6167,22.9077,-28.8819,55.9408,-67.9780,96.0368,-59.6167,22.9077,0,0,200,0,-100,0,1
551,1786977877.668,1786977877.6732,0.22313,-27.1648,65.6264,-77.9780,95.2967,-61.0549,22.8836,-28.6768,55.4693,-66.9384,96.1611,-59.4604,22.9315,-28.6768,55.6264,-67.9780,96.1611,-59.4604,22.9315,0,0,0,0,0,0,1
552,1786977877.7013,1786977877.7059,0.03327,-27.2527,65.6264,-77.8901,95.2967,-61.0549,22.8836,-28.8043,55.4772,-67.4540,96.0582,-60.2206,22.6387,-28.8043,55.6264,-67.8901,96.0582,-60.2206,22.6387,-50,0,50,0,0,0,0
553,1786977877.7347,1786977877.7396,0.03339,-27.4286,65.0989,-76.9231,95.6484,-60.6154,22.8836,-28.8003,55.5792,-67.7753,95.2016,-60.4890,22.7143,-28.8003,55.5792,-67.7753,95.2016,-60.4890,22.7143,-50,-50,100,50,50,0,0
554,1786977877.7681,1786977877.7726,0.03339,-27.6044,63.5165,-74.2857,95.6484,-60.2637,22.8836,-28.6864,55.1860,-67.2179,95.9834,-60.9324,22.7160,-28.6864,55.1860,-67.2179,95.9834,-60.9324,22.7160,-50,-550,800,50,150,0,0
555,1786977877.8015,1786977877.8059,0.03339,-27.8681,61.9341,-71.2967,95.4725,-60.3516,22.8836,-28.6867,55.5453,-67.1208,94.8488,-60.3498,22.6980,-28.6867,55.5453,-67.1208,94.8488,-60.3498,22.6980,-100,-500,1000,-50,-50,0,0
556,1786977877.8349,1786977877.8395,0.03344,-28.1319,60.9670,-69.3626,95.6484,-60.5275,22.8836,-28.8703,55.3880,-68.8549,94.9788,-61.6830,22.9091,-28.8703,55.3880,-68.8549,94.9788,-61.6830,22.9091,-50,-350,550,100,-50,0,0
557,1786977877.8683,1786977877.8729,0.03335,-28.1319,60.7033,-68.3077,95.4725,-60.5275,22.8836,-29.3231,56.2150,-68.5028,95.8211,-61.0984,23.0656,-29.3231,56.2150,-68.5028,95.8211,-61.0984,23.0656,0,-100,400,0,0,0,0
558,1786977877.9016,1786977877.906,0.03336,-28.1319,60.7033,-68.2198,95.2967,-61.0549,22.8836,-29.1381,56.3184,-69.1434,95.8647,-61.1921,22.9213,-29.1381,56.3184,-69.1434,95.8647,-61.1921,22.9213,0,0,50,-50,-150,0,0
559,1786977877.935,1786977877.9392,0.0334,-28.2198,60.7033,-68.2198,95.5604,-61.3187,22.8836,-29.4981,56.3723,-69.7032,95.4148,-61.2234,22.8993,-29.4981,56.3723,-69.7032,95.4148,-61.2234,22.8993,-50,0,0,100,0,0,0
560,1786977877.9684,1786977877.9725,0.03332,-28.3077,60.6154,-68.2198,95.6484,-61.2308,22.8836,-29.6967,56.4875,-70.0174,95.6965,-61.8032,22.7528,-29.6967,56.4875,-70.0174,95.6965,-61.8032,22.7528,-50,-50,0,50,50,0,0
561,1786977878.0018,1786977878.0061,0.03345,-28.5714,60.6154,-68.3077,95.6484,-61.3187,22.8836,-29.9217,58.0225,-71.7725,96.2739,-60.9716,22.8656,-29.9217,58.0225,-71.7725,96.2739,-60.9716,22.8656,-100,0,0,0,0,0,0
562,1786977878.0351,1786977878.0393,0.0333,-28.7473,60.6154,-68.3077,95.6484,-61.4066,22.8836,-30.4997,58.6358,-72.3869,96.9224,-61.1488,22.5116,-30.4997,58.6358,-72.3869,96.9224,-61.1488,22.5116,-50,0,0,0,-50,0,0
563,1786977878.0685,1786977878.0727,0.03342,-28.9231,60.7033,-68.6593,95.8242,-61.3187,22.8836,-31.0625,60.0076,-73.6814,97.1959,-61.2607,21.9185,-31.0625,60.0076,-73.6814,97.1959,-61.2607,21.9185,-50,50,0,0,0,0,0
564,1786977878.1019,1786977878.1061,0.03336,-29.1868,60.7033,-69.4505,96.2637,-61.3187,22.8175,-31.2802,59.8518,-74.1966,98.4867,-61.6240,20.7373,-31.2802,59.8518,-74.1966,98.4867,-61.6240,20.7373,-100,0,-250,150,0,-50,0
565,1786977878.1353,1786977878.1396,0.0334,-29.6264,60.7912,-70.4176,96.6154,-61.3187,22.4868,-31.6503,60.3004,-75.1371,99.5185,-61.0774,18.5975,-31.6503,60.3004,-75.1371,99.5185,-61.0774,18.5975,-100,0,-400,100,0,-200,0
566,1786977878.1687,1786977878.1728,0.03337,-30.0659,60.9670,-71.3846,97.1429,-61.3187,21.7593,-31.8901,60.9325,-75.3750,99.7912,-61.6164,16.6998,-31.8901,60.9325,-75.3750,99.7912,-61.6164,16.6998,-150,100,-350,150,0,-250,0
567,1786977878.202,1786977878.2062,0.03339,-30.5055,61.2308,-72.1758,98.4615,-61.2308,20.5688,-32.3420,61.0278,-75.7444,100.3625,-61.8315,14.1984,-32.3420,61.0278,-75.7444,100.3625,-61.8315,14.1984,-200,100,-300,450,50,-550,0
568,1786977878.2354,1786977878.2396,0.03336,-30.8571,61.5824,-72.7033,98.8132,-61.3187,18.9153,-32.3558,62.1684,-77.9323,101.0456,-61.5662,11.5085,-32.3558,62.1684,-77.9323,101.0456,-61.5662,11.5085,-100,150,-200,50,0,-750,0
569,1786977878.2688,1786977878.2729,0.03339,-31.2088,61.8462,-73.1429,99.1648,-61.5824,17.2619,-32.3767,62.1069,-78.2999,101.1827,-62.0827,9.2348,-32.3767,62.1069,-78.2999,101.1827,-62.0827,9.2348,-100,100,-100,0,-50,-650,0
570,1786977878.3022,1786977878.3064,0.0334,-31.4725,62.4615,-74.1099,100.0440,-61.5824,15.2116,-32.6490,60.9618,-79.4937,99.9264,-62.5330,6.6498,-32.6490,60.9618,-79.4937,99.9264,-62.5330,6.6498,-100,150,-300,300,0,-900,0
571,1786977878.3356,1786977878.34,0.03339,-31.6484,62.8132,-75.0769,100.3956,-61.6703,12.9630,-32.8589,60.9604,-79.2152,99.3906,-62.0840,5.9031,-32.8589,60.9604,-79.2152,99.3906,-62.0840,5.9031,-50,100,-350,100,-50,-1050,0
572,1786977878.369,1786977878.3731,0.03339,-31.8242,62.8132,-75.8681,100.1319,-62.1099,10.7804,-32.9882,60.4533,-80.1643,99.0667,-62.4742,6.9441,-32.9882,60.4533,-80.1643,99.0667,-62.4742,6.9441,-50,0,-250,0,-150,-1000,0
573,1786977878.4024,1786977878.4069,0.03343,-31.9121,62.8132,-76.4835,99.6923,-62.1099,8.7963,-32.8430,60.4823,-79.9615,99.8806,-62.3604,8.4604,-32.8430,60.4823,-79.9615,99.8806,-62.3604,8.4604,-50,0,-200,-200,0,-900,0
574,1786977878.4358,1786977878.4403,0.03337,-32.0000,62.7253,-77.3626,99.5165,-62.2857,8.1349,-32.6784,60.6036,-79.8472,99.7553,-62.5565,9.4015,-32.6784,60.6036,-79.8472,99.7553,-62.5565,9.4015,-50,-50,-300,-100,-50,-200,0
575,1786977878.4692,1786977878.4733,0.03337,-32.0879,62.7253,-77.6264,99.5165,-62.2857,8.2011,-32.4396,60.2600,-80.8728,99.5054,-62.8698,11.1199,-32.4396,60.2600,-80.8728,99.5054,-62.8698,11.1199,0,0,-150,0,-50,0,0
576,1786977878.5025,1786977878.5066,0.03337,-32.0879,62.7253,-77.7143,99.6923,-62.1978,8.8624,-31.9402,60.7499,-80.6797,99.6746,-62.3128,12.9684,-31.9402,60.7499,-80.6797,99.6746,-62.3128,12.9684,0,0,0,50,50,300,0
577,1786977878.5359,1786977878.54,0.03338,-32.0879,62.8132,-78.0659,99.6923,-62.6374,9.7222,-31.9989,59.0563,-80.7563,99.0904,-63.0293,15.4590,-31.9989,59.0563,-80.7563,99.0904,-63.0293,15.4590,0,50,-150,0,-150,450,0
578,1786977878.5693,1786977878.5746,0.03339,-32.0000,62.8132,-78.3297,99.7802,-62.6374,11.0450,-31.8548,58.5692,-80.5292,98.7426,-61.9170,17.8677,-31.8548,58.5692,-80.5292,98.7426,-61.9170,17.8677,50,0,-50,0,0,600,0
579,1786977878.6027,1786977878.6068,0.03344,-32.0000,62.6374,-78.5055,99.5165,-62.6374,12.5661,-31.9121,58.0397,-79.6323,98.5345,-62.3798,20.3549,-31.9121,58.0397,-79.6323,98.5345,-62.3798,20.3549,0,-50,-100,-50,0,650,0
580,1786977878.6361,1786977878.6402,0.03335,-32.0000,62.4615,-78.5055,99.2527,-62.4615,14.4180,-31.8251,57.7717,-79.4072,98.8181,-62.3844,22.4167,-31.8251,57.7717,-79.4072,98.8181,-62.3844,22.4167,0,-100,0,-150,100,850,0
581,1786977878.6695,1786977878.6735,0.03338,-32.0000,62.4615,-78.5055,99.0769,-62.2857,16.5344,-32.0227,57.1916,-79.2481,98.7715,-62.3243,23.3500,-32.0227,57.1916,-79.2481,98.7715,-62.3243,23.3500,0,0,0,0,100,950,0
582,1786977878.7029,1786977878.707,0.03342,-32.0000,62.4615,-78.5055,99.0769,-62.3736,18.7169,-32.2074,57.0242,-78.9599,98.6815,-62.0911,24.5890,-32.2074,57.0242,-78.9599,98.6815,-62.0911,24.5890,0,0,0,0,-50,950,0
583,1786977878.7362,1786977878.7405,0.03336,-32.0000,62.4615,-78.5055,99.0769,-62.3736,20.5026,-32.4854,56.5838,-78.3997,98.4992,-61.7213,25.1195,-32.4854,56.5838,-78.3997,98.4992,-61.7213,25.1195,0,0,0,0,0,850,0
584,1786977878.7696,1786977878.7738,0.03337,-32.0000,62.4615,-78.5055,99.0769,-62.3736,22.0238,-32.6679,55.6305,-78.4728,98.2105,-62.6828,25.2465,-32.6679,55.6305,-78.4728,98.2105,-62.6828,25.2465,0,0,0,0,0,650,0
585,1786977878.803,1786977878.8071,0.03342,-32.0000,62.2857,-78.2418,99.0769,-62.2857,23.1481,-33.0365,55.4648,-78.2345,98.3676,-62.1372,25.1852,-33.0365,55.4648,-78.2345,98.3676,-62.1372,25.1852,0,-100,100,0,50,550,0
586,1786977878.8364,1786977878.8405,0.03338,-32.0000,61.8462,-78.0659,98.9011,-62.3736,23.8095,-33.2175,55.6386,-78.8719,97.8976,-62.2326,24.9829,-33.2175,55.6386,-78.8719,97.8976,-62.2326,24.9829,0,-150,50,-100,0,250,0
587,1786977878.8698,1786977878.8738,0.03337,-32.0879,61.4945,-78.0659,98.7253,-62.4615,24.2063,-33.4264,56.2861,-78.0514,97.6474,-62.2594,24.7129,-33.4264,56.2861,-78.0514,97.6474,-62.2594,24.7129,0,-150,0,-50,-150,150,0
588,1786977878.9031,1786977878.9072,0.03337,-32.1758,61.1429,-78.0659,98.4615,-62.4615,24.2725,-33.6862,55.5880,-78.1909,97.4185,-62.4257,24.4809,-33.6862,55.5880,-78.1909,97.4185,-62.4257,24.4809,0,-100,0,-50,0,50,0
589,1786977878.9365,1786977878.9406,0.03338,-32.2637,60.8791,-77.8901,98.1978,-62.4615,24.2725,-33.4599,55.7319,-78.2933,96.7358,-62.2041,24.2722,-33.4599,55.7319,-78.2933,96.7358,-62.2041,24.2722,-50,-100,100,-150,0,0,0
590,1786977878.9699,1786977878.974,0.03337,-32.5275,60.7033,-77.8022,97.9341,-62.4615,24.2725,-33.7068,55.9259,-79.8918,96.8669,-62.4429,23.9791,-33.7068,55.9259,-79.8918,96.8669,-62.4429,23.9791,-150,-100,0,-50,0,0,0
591,1786977879.0033,1786977879.0074,0.03343,-32.7033,60.7033,-77.8022,97.5824,-62.4615,24.2725,-33.7487,57.3408,-78.7056,97.2929,-62.6420,23.3451,-33.7487,57.3408,-78.7056,97.2929,-62.6420,23.3451,-50,0,0,-150,0,0,0
592,1786977879.0367,1786977879.0408,0.03336,-32.8791,60.7033,-77.8901,97.4945,-62.4615,24.2725,-33.2488,57.1569,-79.2844,96.1406,-63.3898,22.5133,-33.2488,57.1569,-79.2844,96.1406,-63.3898,22.5133,-50,0,0,0,0,0,0
593,1786977879.0701,1786977879.0741,0.03338,-32.8791,60.6154,-78.0659,97.4945,-62.4615,23.7434,-33.0357,57.9578,-79.6516,96.1683,-63.0582,21.0349,-33.0357,57.9578,-79.6516,96.1683,-63.0582,21.0349,0,-50,0,0,0,-250,0
594,1786977879.1035,1786977879.108,0.03341,-32.8791,60.6154,-78.0659,97.0549,-62.6374,23.2143,-33.1934,57.8893,-80.0782,95.7016,-62.7326,18.2550,-33.1934,57.8893,-80.0782,95.7016,-62.7326,18.2550,0,0,0,-50,-50,-200,0
595,1786977879.1369,1786977879.1416,0.03342,-32.8791,60.6154,-78.0659,96.7033,-62.8132,22.5529,-33.2889,58.1953,-79.7338,95.4331,-63.5141,15.2370,-33.2889,58.1953,-79.7338,95.4331,-63.5141,15.2370,0,0,0,-150,-50,-300,0
596,1786977879.1703,1786977879.1748,0.03337,-32.8791,60.6154,-78.0659,96.3516,-62.8132,21.0317,-33.2188,57.4785,-80.3806,94.2538,-63.8325,11.4290,-33.2188,57.4785,-80.3806,94.2538,-63.8325,11.4290,0,0,0,-150,0,-750,0
597,1786977879.2037,1786977879.2086,0.03346,-32.8791,60.6154,-78.0659,96.0000,-63.0769,18.9815,-33.4947,56.7074,-79.8049,93.0572,-63.9943,7.0338,-33.4947,56.7074,-79.8049,93.0572,-63.9943,8.6508,0,0,0,-150,-100,-900,0
598,1786977879.2371,1786977879.2416,0.03337,-32.8791,60.6154,-78.1538,95.3846,-63.2527,16.5344,-33.5823,56.2109,-80.4836,92.5580,-63.9756,2.5865,-33.5823,56.2109,-80.4836,92.5580,-63.9756,6.2698,0,0,-50,-150,-50,-1100,0
599,1786977879.2705,1786977879.2748,0.0334,-32.8791,60.6154,-78.1538,94.4176,-63.5165,13.7566,-33.4958,56.6696,-79.9790,92.7853,-64.9982,0.3590,-33.4958,56.6696,-79.9790,92.7853,-64.9982,3.4259,0,0,0,-350,-50,-1250,0
600,1786977879.3038,1786977879.5207,0.03336,-32.8791,60.6154,-78.4176,93.7143,-63.6923,11.1111,-36.2454,48.8657,-70.2643,98.7048,-63.3455,4.1970,-36.2454,50.6154,-70.2643,98.7048,-63.3455,4.1970,0,0,-100,-200,-50,-1250,1
601,1786977879.5219,1786977879.5273,0.218,-32.8791,60.6154,-78.4176,93.3626,-64.7473,3.9021,-35.8251,48.9323,-72.1265,98.6378,-64.6848,3.6038,-35.8251,50.6154,-72.1265,98.6378,-64.6848,3.6038,0,0,0,0,0,-100,1
602,1786977879.5551,1786977879.5596,0.03328,-32.8791,60.6154,-78.4176,93.3626,-64.7473,3.8360,-35.0973,49.5487,-72.9535,98.4082,-64.7136,3.6895,-35.0973,50.6154,-72.9535,98.4082,-64.7136,3.6895,0,0,0,0,0,-50,0
603,1786977879.5885,1786977879.5929,0.03339,-33.4066,60.1758,-77.8901,94.0659,-64.7473,3.8360,-34.6037,50.1693,-74.2727,98.4982,-64.2574,3.7970,-34.6037,50.1693,-74.2727,98.4982,-64.2574,3.7970,-100,-50,250,250,0,0,0
604,1786977879.6219,1786977879.6266,0.03334,-33.8462,58.5055,-75.6923,95.9121,-64.7473,3.7698,-34.0918,50.7449,-74.3072,98.4699,-64.0826,3.5320,-34.0918,50.7449,-74.3072,98.4699,-64.0826,3.5320,-150,-550,650,650,0,-50,0
605,1786977879.6553,1786977879.6594,0.03339,-34.1978,57.0989,-74.1099,97.0549,-64.5714,3.7698,-33.6703,50.8431,-75.5974,97.8354,-63.5105,3.8082,-33.6703,50.8431,-75.5974,97.8354,-63.5105,3.8082,-150,-450,600,450,50,0,0
606,1786977879.6886,1786977879.6928,0.03338,-34.2857,56.3956,-73.8462,97.4066,-64.3956,3.7037,-33.0800,51.4460,-75.6856,97.4551,-63.3302,3.7480,-33.0800,51.4460,-75.6856,97.4551,-63.3302,3.7480,-50,-250,50,100,0,0,0
607,1786977879.722,1786977879.7261,0.03339,-34.1978,56.1319,-74.1099,97.4066,-64.1319,3.7037,-32.1918,51.8076,-76.1321,97.2936,-62.8326,3.8603,-32.1918,51.8076,-76.1321,97.2936,-62.8326,3.8603,0,-100,-100,0,100,0,0
608,1786977879.7554,1786977879.7596,0.03338,-33.7582,56.1319,-74.2857,97.3187,-63.9560,3.7037,-31.7172,52.4480,-76.9092,96.7517,-61.6338,3.6849,-31.7172,52.4480,-76.9092,96.7517,-61.6338,3.6849,150,0,0,0,50,0,0
609,1786977879.7888,1786977879.7929,0.03344,-33.1429,56.1319,-74.2857,97.3187,-63.5165,3.7037,-30.8354,53.4121,-77.6033,96.2331,-61.2785,3.8106,-30.8354,53.4121,-77.6033,96.2331,-61.2785,3.8106,200,0,0,0,150,0,0
610,1786977879.8222,1786977879.8263,0.03338,-32.4396,56.1319,-74.5495,97.1429,-62.8132,3.7037,-30.2264,54.0640,-78.2234,96.9532,-60.4137,3.9181,-30.2264,54.0640,-78.2234,96.9532,-60.4137,3.9181,250,0,-50,-100,200,0,0
611,1786977879.8556,1786977879.8598,0.03335,-31.8242,56.1319,-74.9890,96.8791,-62.1978,3.7037,-29.0837,54.1248,-78.2701,96.4668,-58.4624,4.0686,-29.0837,54.1248,-78.2701,96.4668,-58.4624,4.0686,250,0,-100,-100,200,0,0
612,1786977879.8889,1786977879.893,0.03338,-31.1209,56.1319,-75.4286,96.9670,-61.5824,3.7037,-28.3103,53.4534,-78.4410,96.2726,-56.1936,4.2578,-28.3103,53.4534,-78.4410,96.2726,-56.1936,4.2578,250,0,-200,50,250,0,0
613,1786977879.9224,1786977879.9266,0.03343,-30.5055,56.1319,-75.8681,96.7912,-60.4396,3.7037,-27.6080,53.4275,-77.5656,96.5353,-54.6068,4.4976,-27.6080,53.4275,-77.5656,96.5353,-54.6068,4.4976,200,0,-150,-50,300,0,0
614,1786977879.9557,1786977879.9599,0.03336,-29.8022,56.1319,-76.2198,96.7033,-58.7692,3.7698,-26.7475,53.7084,-78.0028,97.3976,-52.0646,4.7291,-26.7475,53.7084,-78.0028,97.3976,-52.0646,4.7291,300,0,-100,-100,550,50,0
615,1786977879.9891,1786977879.9932,0.03338,-29.0110,56.1319,-76.2198,96.7033,-57.0989,3.9683,-25.2525,53.2917,-77.9486,96.8204,-49.5571,4.8293,-25.2525,53.2917,-77.9486,96.8204,-49.5571,4.8293,300,0,0,0,550,100,0
616,1786977880.0225,1786977880.0266,0.03337,-28.1319,56.1319,-76.2198,96.9670,-55.3407,4.2328,-24.6200,52.8695,-78.3558,98.0464,-47.4476,5.1639,-24.6200,52.8695,-78.3558,98.0464,-47.4476,5.1639,250,0,0,100,550,200,0
617,1786977880.0559,1786977880.06,0.03338,-27.1648,56.1319,-76.2198,96.9670,-53.0549,4.3651,-23.5949,52.6581,-77.8186,97.9760,-45.7383,5.4123,-23.5949,52.6581,-77.8186,97.9760,-45.7383,5.4123,350,0,0,0,750,100,0
618,1786977880.0893,1786977880.0933,0.0334,-26.1099,56.1319,-76.2198,97.3187,-50.9451,4.6296,-22.9349,52.8428,-78.0414,98.3735,-44.0679,5.4250,-22.9349,52.8428,-78.0414,98.3735,-44.0679,5.4250,350,0,0,50,650,150,0
619,1786977880.1227,1786977880.1269,0.03343,-24.9670,56.1319,-76.2198,97.5824,-48.9231,4.8942,-22.3809,51.9566,-77.5886,98.0189,-43.4090,5.5395,-22.3809,51.9566,-77.5886,98.0189,-43.4090,5.5395,350,0,0,100,750,100,0
620,1786977880.156,1786977880.1602,0.03334,-24.0879,56.1319,-76.2198,97.8462,-47.0769,5.0265,-21.5052,53.2399,-78.1535,97.4163,-42.5769,5.2441,-21.5052,53.2399,-78.1535,97.4163,-42.5769,5.2441,300,0,0,100,650,50,0
621,1786977880.1894,1786977880.1935,0.03341,-23.2967,56.1319,-76.2198,97.8462,-45.6703,5.0926,-20.9077,52.7660,-78.4639,96.7060,-42.3954,5.3163,-20.9077,52.7660,-78.4639,96.7060,-42.3954,5.3163,250,0,0,0,450,0,0
622,1786977880.2228,1786977880.2269,0.03339,-22.6813,56.1319,-76.2198,97.7582,-44.6154,5.0926,-20.7574,52.6528,-78.2621,95.7073,-41.7011,5.1452,-20.7574,52.6528,-78.2621,95.7073,-41.7011,5.1452,200,0,0,-50,350,0,0
623,1786977880.2562,1786977880.2603,0.03336,-22.2418,56.1319,-76.3956,97.3187,-43.8242,5.0926,-20.2162,53.0759,-78.9895,95.3378,-40.7058,4.9016,-20.2162,53.0759,-78.9895,95.3378,-40.7058,4.9016,150,0,-50,-200,250,0,0
624,1786977880.2896,1786977880.2937,0.03342,-21.7143,56.1319,-76.3956,96.7033,-43.0330,5.0926,-19.9909,53.2024,-78.7250,94.6132,-40.8100,4.4737,-19.9909,53.2024,-78.7250,94.6132,-40.8100,4.4737,200,0,0,-150,300,0,0
625,1786977880.323,1786977880.3271,0.03337,-21.0989,56.1319,-76.5714,96.1758,-42.1538,5.0926,-19.9340,53.1674,-78.9444,93.9985,-40.6184,4.0762,-19.9340,53.1674,-78.9444,93.9985,-40.6184,4.0762,200,0,-100,-150,300,0,0
626,1786977880.3564,1786977880.3605,0.03338,-20.5714,56.1319,-76.6593,95.6484,-41.8022,5.0265,-20.0116,53.5615,-78.7734,92.7348,-40.0373,3.6506,-20.0116,53.5615,-78.7734,92.7348,-40.0373,3.6506,200,0,-50,-200,150,0,0
627,1786977880.3897,1786977880.3939,0.03337,-20.3077,56.1319,-76.7473,95.0330,-41.4505,4.5635,-19.8429,53.2092,-78.8948,92.3905,-39.8409,3.2963,-19.8429,53.2092,-78.8948,92.3905,-39.8409,3.2963,100,0,0,-200,100,-200,0
628,1786977880.4231,1786977880.4272,0.03337,-20.2198,56.1319,-76.7473,94.1538,-40.9231,4.1667,-19.7919,53.0369,-78.6478,92.4961,-39.3774,3.0911,-19.7919,53.0369,-78.6478,92.4961,-39.3774,3.0911,50,0,0,-250,150,-150,0
629,1786977880.4565,1786977880.4607,0.03341,-20.3077,56.1319,-76.7473,93.5385,-40.4835,3.7698,-19.7918,54.1289,-78.6536,91.8840,-39.6844,2.9885,-19.7918,54.1289,-78.6536,91.8840,-39.6844,2.9885,0,0,0,-200,150,-200,0
630,1786977880.4899,1786977880.494,0.03337,-20.3956,56.1319,-76.7473,93.3626,-40.1319,3.5714,-19.5963,53.6782,-78.6628,91.2501,-39.4594,2.8128,-19.5963,53.6782,-78.6628,91.2501,-39.4594,2.8128,0,0,0,-50,100,-100,0
631,1786977880.5233,1786977880.5275,0.03338,-20.3956,56.1319,-76.7473,92.8352,-40.0440,3.3730,-19.4803,53.6402,-79.0701,91.1567,-39.9136,2.6039,-19.4803,53.6402,-79.0701,91.1567,-39.9136,2.6039,0,0,0,-200,0,-100,0
632,1786977880.5567,1786977880.5609,0.03342,-20.2198,56.1319,-76.7473,92.2198,-40.0440,3.1746,-19.4259,54.5039,-79.9894,91.4674,-40.0724,2.4924,-19.4259,54.5039,-79.9894,91.4674,-40.0724,2.4924,50,0,0,-200,0,-100,0
633,1786977880.59,1786977880.5941,0.03335,-19.9560,56.1319,-76.7473,91.9560,-40.1319,2.9762,-19.5338,54.7378,-80.3338,91.1577,-40.5850,2.2024,-19.5338,54.7378,-80.3338,91.1577,-40.5850,2.2024,150,0,0,-150,0,-100,0
634,1786977880.6234,1786977880.6275,0.03337,-19.6923,56.2198,-77.2747,91.8681,-40.1319,2.7778,-19.2890,54.6493,-81.1183,91.2543,-41.2245,2.3156,-19.2890,54.6493,-81.1183,91.2543,-41.2245,2.3156,100,50,-150,0,0,-100,0
635,1786977880.6568,1786977880.661,0.03344,-19.5165,56.2198,-77.7143,91.8681,-40.3077,2.6455,-19.4038,54.8446,-81.4348,91.6976,-41.0412,2.0510,-19.4038,54.8446,-81.4348,91.6976,-41.0412,2.0510,100,0,-200,0,0,-50,0
636,1786977880.6902,1786977880.6943,0.03334,-19.4286,56.2198,-78.3297,91.7802,-40.6593,2.5132,-18.8170,54.9984,-81.4413,91.3639,-41.1696,2.2241,-18.8170,54.9984,-81.4413,91.3639,-41.1696,2.2241,50,0,-200,-50,-150,-50,0
637,1786977880.7236,1786977880.7276,0.03337,-19.5165,56.2198,-78.8571,91.8681,-40.6593,2.5132,-18.0748,55.0597,-81.1649,91.1092,-40.8893,2.1691,-18.0748,55.0597,-81.1649,91.1092,-40.8893,2.1691,-50,0,-150,50,0,0,0
638,1786977880.7569,1786977880.7611,0.0334,-19.6044,56.2198,-78.9451,91.8681,-40.6593,2.5132,-17.5916,54.6250,-81.4884,90.2968,-40.8607,2.0742,-17.5916,54.6250,-81.4884,90.2968,-40.8607,2.0742,0,0,-100,0,0,0,0
639,1786977880.7903,1786977880.7949,0.0334,-19.3407,56.2198,-79.0330,91.6044,-40.5714,2.4471,-16.7002,55.6499,-80.7832,90.7866,-41.5864,2.0458,-16.7002,55.6499,-80.7832,90.7866,-41.5864,2.0458,100,0,-50,-100,50,-50,0
640,1786977880.8237,1786977880.8283,0.03337,-18.9011,56.2198,-79.0330,91.2527,-40.5714,2.4471,-16.3562,55.4334,-80.2553,90.4552,-42.1058,1.9134,-16.3562,55.4334,-80.2553,90.4552,-42.1058,1.9134,150,0,0,-150,0,0,0
641,1786977880.8571,1786977880.8616,0.03343,-18.1099,56.3956,-79.0330,91.1648,-40.8352,2.4471,-15.4840,55.6887,-80.2713,90.4967,-42.0828,1.8442,-15.4840,55.6887,-80.2713,90.4967,-42.0828,1.8442,200,100,0,0,-100,0,0
642,1786977880.8905,1786977880.8948,0.03337,-17.3187,56.4835,-79.0330,91.1648,-41.4505,2.3148,-14.7952,56.1403,-78.9025,90.4411,-42.2597,2.0146,-14.7952,56.1403,-78.9025,90.4411,-42.2597,2.0146,250,50,0,0,-300,-50,0
643,1786977880.9239,1786977880.928,0.03338,-16.5275,56.4835,-79.0330,91.0769,-41.6264,2.1825,-14.0730,55.6048,-78.2829,90.3556,-42.9187,2.3734,-14.0730,55.6048,-78.2829,90.3556,-42.9187,2.3734,250,0,0,0,-50,-50,0
644,1786977880.9573,1786977880.9619,0.03344,-15.8242,56.7473,-78.6813,90.9011,-41.9780,2.1825,-13.7251,55.5310,-76.8071,90.6855,-43.7481,3.4191,-13.7251,55.5310,-76.8071,90.6855,-43.7481,3.4191,250,100,200,-100,-100,0,0
645,1786977880.9907,1786977880.9952,0.03339,-15.1209,56.7473,-78.1538,90.8132,-42.2418,2.1825,-13.3668,54.3816,-75.1989,90.6044,-43.7010,5.9116,-13.3668,54.3816,-75.1989,90.6044,-43.7010,5.9116,200,0,200,0,-50,0,0
646,1786977881.0241,1786977881.0286,0.03337,-14.5934,56.8352,-77.2747,90.8132,-42.9451,2.5794,-13.2974,52.7831,-73.9934,90.9349,-43.1885,9.4191,-13.2974,52.7831,-73.9934,90.9349,-43.1885,9.4191,150,0,250,0,-250,200,0
647,1786977881.0575,1786977881.062,0.03339,-14.1538,56.8352,-75.9560,90.8132,-43.2088,3.5714,-13.5167,52.1163,-72.8073,91.6342,-43.0815,13.0357,-13.5167,52.1163,-72.8073,91.6342,-43.0815,13.0357,150,0,450,0,-200,400,0
648,1786977881.0909,1786977881.0958,0.03338,-13.8901,56.5714,-74.7253,90.8132,-43.2088,5.4894,-13.5563,52.1444,-72.2488,91.8672,-43.1097,16.3537,-13.5563,52.1444,-72.2488,91.8672,-43.1097,15.6878,150,-100,450,0,0,850,0
649,1786977881.1243,1786977881.1295,0.0334,-13.8022,56.5714,-73.6703,91.1648,-43.2088,7.9365,-13.3590,51.7651,-71.6925,91.9733,-42.5952,18.6476,-13.3590,51.7651,-71.6925,91.9733,-42.5952,18.3333,50,0,350,50,0,1150,0
650,1786977881.1577,1786977881.3793,0.03342,-13.8022,56.5714,-72.7033,91.4286,-43.2088,10.6481,-16.9451,40.9689,-55.6857,91.9316,-39.5373,17.3521,-16.9451,46.5714,-61.8242,91.9316,-39.5373,17.3521,0,0,300,100,0,1200,1
651,1786977881.3803,1786977881.3856,0.22266,-13.7143,56.5714,-71.8242,91.6923,-42.8571,17.7249,-17.1483,41.9564,-57.6366,92.4512,-39.6926,18.0827,-17.1483,46.5714,-61.8242,92.4512,-39.6926,18.0827,50,0,0,0,0,100,1
652,1786977881.4137,1786977881.4187,0.03337,-13.6264,56.5714,-71.7363,91.6923,-42.8571,17.8571,-17.6314,41.9872,-57.4756,92.7988,-39.9445,18.5113,-17.6314,46.5714,-61.7363,92.7988,-39.9445,18.5113,50,0,0,0,0,100,0
653,1786977881.4471,1786977881.452,0.03342,-13.9780,55.6044,-70.5055,91.8681,-42.1538,17.8571,-17.0502,42.3520,-58.1385,93.0687,-40.4463,18.4687,-17.0502,45.4286,-60.1538,93.0687,-40.4463,18.4687,-50,-450,350,100,200,0,0
654,1786977881.4805,1786977881.4853,0.03338,-14.9451,53.8462,-67.7802,92.2198,-41.0989,18.1217,-17.7831,43.0591,-58.1186,92.0658,-40.3939,18.4595,-17.7831,43.5824,-58.1186,92.0658,-40.3939,18.4595,-350,-550,950,150,300,50,0
655,1786977881.5139,1786977881.5181,0.0334,-15.6484,52.0879,-64.6154,92.4835,-40.9231,18.1878,-17.3667,43.0591,-59.1585,92.9600,-40.3479,18.1419,-17.3667,43.0591,-59.1585,92.9600,-40.3479,18.1419,-250,-600,1100,100,0,100,0
656,1786977881.5473,1786977881.5514,0.0334,-16.5275,50.4176,-61.8022,92.3956,-41.0110,18.1217,-17.7022,43.0140,-58.0083,91.8500,-40.8242,17.8462,-17.7022,43.0140,-58.0083,91.8500,-40.8242,17.8462,-300,-550,950,-50,-50,-50,0
657,1786977881.5807,1786977881.5848,0.03342,-16.8791,49.3626,-59.9560,92.5714,-40.7473,18.1217,-17.1889,43.7127,-59.0307,92.0527,-40.9337,17.5788,-17.1889,43.7127,-59.0307,92.0527,-40.9337,17.5788,-100,-450,600,0,50,0,0
658,1786977881.6141,1786977881.6181,0.03335,-17.0549,49.0110,-59.1648,92.3956,-40.8352,17.9894,-17.3006,43.2906,-58.6208,91.4006,-40.7397,17.2757,-17.3006,43.2906,-58.6208,91.4006,-40.7397,17.2757,-50,-150,250,0,-50,0,0
659,1786977881.6475,1786977881.6516,0.03342,-16.8791,48.8352,-59.0769,92.2198,-40.8352,17.7910,-16.9295,43.6539,-59.0142,91.7266,-40.3866,17.3412,-16.9295,43.6539,-59.0142,91.7266,-40.3866,17.3412,50,-50,50,-50,0,-100,0
660,1786977881.6808,1786977881.6849,0.03335,-16.7912,48.6593,-58.8132,92.1319,-40.9231,17.5926,-17.0927,44.4150,-58.3557,90.9554,-40.3862,17.1810,-17.0927,44.4150,-58.3557,90.9554,-40.3862,17.1810,50,-50,100,-50,0,-100,0
661,1786977881.7143,1786977881.7185,0.03348,-16.7033,48.5714,-58.8132,92.0440,-40.9231,17.5265,-16.7950,44.1931,-58.2377,91.1015,-40.5985,17.1906,-16.7950,44.1931,-58.2377,91.1015,-40.5985,17.1906,0,-50,0,0,0,0,0
662,1786977881.7477,1786977881.7519,0.03336,-16.7033,48.4835,-58.3736,91.6923,-40.8352,17.5265,-16.9347,43.9324,-58.4781,90.8119,-39.5968,17.0750,-16.9347,43.9324,-58.4781,90.8119,-39.5968,17.0750,0,-50,150,-150,50,0,0
663,1786977881.7811,1786977881.7852,0.03341,-16.7912,48.4835,-58.1978,91.5165,-40.8352,17.3942,-17.1077,44.2609,-58.6963,90.3886,-40.7421,17.1258,-17.1077,44.2609,-58.6963,90.3886,-40.7421,17.1258,-50,0,50,-50,0,-50,0
664,1786977881.8144,1786977881.8185,0.03336,-16.8791,48.5714,-58.1099,91.2527,-40.3956,17.3280,-17.1908,44.6909,-58.6611,91.2805,-39.8678,17.0610,-17.1908,44.6909,-58.6611,91.2805,-39.8678,17.0610,-50,0,0,-100,100,0,0
665,1786977881.8478,1786977881.8519,0.03339,-16.7912,48.5714,-58.1099,90.9890,-40.3077,17.2619,-17.3864,45.7522,-58.7794,90.7824,-40.2904,17.1662,-17.3864,45.7522,-58.7794,90.7824,-40.2904,17.1662,0,0,0,-50,100,-50,0
666,1786977881.8812,1786977881.8853,0.0334,-16.7912,48.5714,-58.1099,91.0769,-40.5714,17.1958,-17.7320,45.8219,-59.4027,90.8958,-41.2228,17.0228,-17.7320,45.8219,-59.4027,90.8958,-41.2228,17.0228,0,0,0,50,-50,-50,0
667,1786977881.9147,1786977881.9188,0.03341,-16.7912,48.4835,-58.1099,90.9890,-40.4835,17.1958,-17.6140,46.1923,-59.1558,90.4023,-40.6210,17.1295,-17.6140,46.1923,-59.1558,90.4023,-40.6210,17.1295,0,-50,0,0,50,0,0
668,1786977881.948,1786977881.9521,0.0334,-16.7912,48.4835,-58.1099,90.9890,-40.7473,17.1958,-17.7657,46.0628,-58.9500,91.1967,-41.4654,17.2044,-17.7657,46.0628,-58.9500,91.1967,-41.4654,17.2044,-50,0,0,0,-150,0,0
669,1786977881.9814,1786977881.9855,0.03337,-16.9670,48.5714,-58.1099,90.9011,-40.8352,17.1958,-18.0306,46.4441,-59.6284,90.7593,-41.3524,17.1152,-18.0306,46.4441,-59.6284,90.7593,-41.3524,17.1152,0,0,0,0,0,0,0
670,1786977882.0148,1786977882.0188,0.03337,-17.0549,48.5714,-58.1099,90.9011,-41.0110,17.1958,-17.9564,46.8605,-59.3205,90.5955,-41.6882,17.1238,-17.9564,46.8605,-59.3205,90.5955,-41.6882,17.1238,-50,0,0,0,0,0,0
671,1786977882.0482,1786977882.0523,0.03342,-17.2308,48.5714,-58.1099,90.9011,-41.1868,17.1958,-18.2158,47.0391,-58.3702,90.3176,-41.9969,17.2363,-18.2158,47.0391,-58.3702,90.3176,-41.9969,17.2363,-50,0,0,0,-100,0,0
672,1786977882.0817,1786977882.0858,0.03346,-17.3187,48.5714,-58.1099,90.9011,-41.1868,17.1958,-17.5501,48.2751,-58.6996,89.8008,-41.8229,17.0611,-17.5501,48.2751,-58.6996,89.8008,-41.8229,17.0611,0,0,0,0,0,0,0
673,1786977882.115,1786977882.1191,0.0333,-17.4066,48.5714,-58.0220,90.7253,-41.5385,17.1958,-18.0253,48.5298,-57.9968,90.7211,-42.4090,17.3839,-18.0253,48.5298,-57.9968,90.7211,-42.4090,17.3839,-50,0,50,-100,-50,0,0
674,1786977882.1484,1786977882.1524,0.0334,-17.4066,49.0110,-58.0220,90.3736,-41.6264,17.1958,-18.4952,48.4915,-58.1725,89.8595,-42.1062,17.3386,-18.4952,48.4915,-58.1725,89.8595,-42.1062,17.3386,0,100,0,-100,0,0,0
675,1786977882.1818,1786977882.1859,0.03343,-17.4945,49.2747,-57.9341,90.4615,-41.8022,17.1958,-18.7669,49.2178,-58.2076,89.8586,-42.7697,17.6425,-18.7669,49.2178,-58.2076,89.8586,-42.7697,17.6425,0,100,0,100,-50,0,0
676,1786977882.2151,1786977882.2192,0.03334,-17.6703,49.4505,-57.8462,90.5495,-41.7143,17.1958,-18.9564,49.8272,-58.2913,90.0946,-43.2695,17.6053,-18.9564,49.8272,-58.2913,90.0946,-43.2695,17.6053,-50,50,0,50,50,0,0
677,1786977882.2485,1786977882.2527,0.03338,-17.9341,49.8901,-57.8462,90.2857,-42.2418,17.1958,-19.0659,50.5097,-58.3230,90.5945,-43.4887,17.6870,-19.0659,50.5097,-58.3230,90.5945,-43.4887,17.6870,-100,150,0,-100,-200,0,0
678,1786977882.282,1786977882.2861,0.03344,-18.1978,50.4176,-57.8462,90.2857,-42.7692,17.1958,-19.3868,50.8508,-58.0974,90.6857,-43.6796,17.6977,-19.3868,50.8508,-58.0974,90.6857,-43.6796,17.6977,-50,150,0,0,-250,0,0
679,1786977882.3153,1786977882.3196,0.03336,-18.3736,50.9451,-57.8462,90.2857,-42.9451,17.1958,-19.3330,51.2240,-58.8428,90.4161,-43.6819,17.7604,-19.3330,51.2240,-58.8428,90.4161,-43.6819,17.7604,-50,250,0,0,-50,0,0
680,1786977882.3487,1786977882.3527,0.03337,-18.5495,51.5604,-57.7582,90.2857,-43.2088,17.1958,-19.5459,51.1368,-58.9713,90.6184,-43.8288,17.7953,-19.5459,51.1368,-58.9713,90.6184,-43.8288,17.7953,-50,200,0,0,-100,0,0
681,1786977882.3821,1786977882.3862,0.03342,-18.6374,52.0000,-57.7582,90.2857,-43.2967,17.2619,-19.6644,51.5748,-59.2939,90.5486,-44.2246,17.6272,-19.6644,51.5748,-59.2939,90.5486,-44.2246,17.6272,-50,150,0,0,-50,50,0
682,1786977882.4155,1786977882.4196,0.03338,-18.7253,52.0879,-57.7582,90.2857,-43.4725,17.3942,-19.3052,52.7679,-59.6860,90.5360,-43.9216,17.8501,-19.3052,52.7679,-59.6860,90.5360,-43.9216,17.8501,0,0,0,0,-100,50,0
683,1786977882.4489,1786977882.4529,0.0334,-18.7253,52.0879,-57.7582,90.2857,-43.9121,17.3942,-19.1075,52.4547,-59.5472,90.5468,-44.1155,17.8350,-19.1075,52.4547,-59.5472,90.5468,-44.1155,17.8350,0,0,-50,0,-100,0,0
684,1786977882.4823,1786977882.4863,0.03339,-18.8132,52.6154,-57.9341,90.2857,-43.9121,17.4603,-19.4964,52.6169,-59.7113,90.6724,-44.5857,17.7568,-19.4964,52.6169,-59.7113,90.6724,-44.5857,17.7568,0,150,-50,0,0,50,0
685,1786977882.5157,1786977882.5198,0.0334,-18.8132,52.9670,-57.9341,90.2857,-44.0000,17.5265,-19.1723,52.9110,-60.0805,90.8952,-44.8616,17.8808,-19.1723,52.9110,-60.0805,90.8952,-44.8616,17.8808,0,100,0,0,-50,50,0
686,1786977882.5491,1786977882.5531,0.03337,-18.9011,53.3187,-57.8462,90.2857,-44.0879,17.5265,-18.6701,52.6833,-60.1610,90.8923,-45.4714,17.9603,-18.6701,52.6833,-60.1610,90.8923,-45.4714,17.9603,0,100,50,0,0,0,0
687,1786977882.5825,1786977882.5866,0.0334,-18.9011,53.4945,-57.8462,90.3736,-44.5275,17.5265,-19.4578,53.3136,-59.8337,90.4897,-45.5687,18.0300,-19.4578,53.3136,-59.8337,90.4897,-45.5687,18.0300,0,50,0,0,-150,0,0
688,1786977882.6158,1786977882.6199,0.03337,-18.9011,53.4945,-58.0220,90.4615,-44.8791,17.5265,-19.1272,53.2993,-60.3577,90.2816,-45.7531,18.1539,-19.1272,53.2993,-60.3577,90.2816,-45.7531,18.1539,0,0,-100,0,-100,0,0
689,1786977882.6492,1786977882.6533,0.0334,-18.9011,53.6703,-58.0220,90.3736,-45.1429,17.5926,-19.3892,53.1216,-59.8668,89.9807,-45.7667,18.2501,-19.3892,53.1216,-59.8668,89.9807,-45.7667,18.2501,0,100,0,-50,-100,0,0
690,1786977882.6827,1786977882.6867,0.03342,-18.9890,53.9341,-58.1978,90.3736,-45.2308,17.5926,-19.4447,53.1200,-59.9845,89.8597,-46.5045,18.0493,-19.4447,53.1200,-59.9845,89.8597,-46.5045,18.0493,0,100,-50,0,0,0,0
691,1786977882.716,1786977882.7201,0.03335,-18.9890,54.0220,-58.1978,90.3736,-45.4066,17.7910,-19.2669,52.7462,-59.4859,90.1719,-46.6319,18.1944,-19.2669,52.7462,-59.4859,90.1719,-46.6319,18.1944,0,50,0,0,-100,100,0
692,1786977882.7494,1786977882.7535,0.03342,-18.9890,54.0220,-58.1978,90.1978,-46.0220,17.7910,-19.4159,52.9393,-59.1767,90.4651,-46.7352,18.3609,-19.4159,52.9393,-59.1767,90.4651,-46.7352,18.3609,0,0,0,-100,-200,0,0
693,1786977882.7828,1786977882.787,0.03337,-18.9890,53.9341,-58.1978,90.2857,-46.1978,17.8571,-19.3751,53.4925,-59.0889,90.1627,-47.2108,18.2230,-19.3751,53.4925,-59.0889,90.1627,-47.2108,18.2230,0,0,0,50,-50,50,0
694,1786977882.8162,1786977882.8202,0.03338,-18.9890,53.9341,-58.1978,90.2857,-46.1978,17.9894,-19.2560,52.9961,-59.7253,90.0021,-47.2923,18.2815,-19.2560,52.9961,-59.7253,90.0021,-47.2923,18.2815,0,0,0,0,0,50,0
695,1786977882.8496,1786977882.8537,0.03347,-18.9890,54.1099,-58.1978,90.2857,-46.5495,17.9894,-19.5712,52.9473,-59.0625,89.9616,-47.5684,18.2403,-19.5712,52.9473,-59.0625,89.9616,-47.5684,18.2403,0,100,0,0,-50,0,0
696,1786977882.883,1786977882.8871,0.03334,-18.9890,54.1978,-58.1978,90.2857,-46.8132,17.9894,-19.5695,53.1582,-59.7918,89.9647,-47.9932,18.2665,-19.5695,53.1582,-59.7918,89.9647,-47.9932,18.2665,0,50,0,0,-100,0,0
697,1786977882.9164,1786977882.9207,0.03337,-18.9890,54.1978,-58.1978,90.2857,-47.2527,17.9894,-19.7728,53.5407,-59.5321,89.7395,-48.1322,18.3032,-19.7728,53.5407,-59.5321,89.7395,-48.1322,18.3032,0,0,0,0,-150,0,0
698,1786977882.9498,1786977882.9538,0.03341,-18.9890,54.1099,-58.1978,90.2857,-47.6044,17.9894,-19.8297,53.9908,-59.4764,90.0157,-48.5428,18.4122,-19.8297,53.9908,-59.4764,90.0157,-48.5428,18.4122,0,0,0,0,-150,0,0
699,1786977882.9831,1786977882.9872,0.03338,-18.9890,54.1099,-58.1978,90.1978,-47.7802,17.9894,-19.7084,53.6878,-59.5404,89.8300,-48.5282,18.2466,-19.7084,53.6878,-59.5404,89.8300,-48.5282,18.2466,0,-50,0,-50,-50,0,0
700,1786977883.0165,1786977883.2317,0.03339,-19.0769,54.4615,-58.1978,90.1978,-47.9560,17.9894,-22.7867,46.9112,-54.7314,89.3576,-44.2774,18.2741,-22.7867,46.9112,-54.7314,89.3576,-44.2774,18.2741,0,150,0,0,-50,0,1
701,1786977883.2329,1786977883.2374,0.21636,-19.0769,54.6374,-58.1978,90.1978,-48.3077,17.9894,-22.7723,46.3182,-54.9666,89.6591,-44.0542,18.5984,-22.7723,46.3182,-54.9666,89.6591,-44.0542,18.5984,0,0,0,0,0,0,1
702,1786977883.2662,1786977883.2704,0.03329,-19.0769,54.6374,-58.1978,90.1978,-48.3077,17.9894,-22.9093,45.8080,-54.6304,89.4160,-44.1470,19.0683,-22.9093,45.8080,-54.6304,89.4160,-44.1470,19.0683,0,0,0,0,0,0,0
703,1786977883.2997,1786977883.3038,0.03345,-19.6923,54.3736,-57.5824,90.1099,-47.6044,18.1217,-23.3922,45.4496,-54.0252,89.3474,-44.3680,19.4321,-23.3922,45.4496,-54.0252,89.3474,-44.3680,19.4321,-300,-150,100,0,250,50,0
704,1786977883.333,1786977883.3371,0.03332,-20.5714,53.2308,-55.8242,90.0220,-46.1099,18.4524,-23.2250,45.6236,-54.4981,89.0544,-44.5820,19.7711,-23.2250,45.6236,-54.4981,89.0544,-44.5820,19.7711,-300,-400,550,-50,500,200,0
705,1786977883.3664,1786977883.3705,0.03343,-21.3626,52.0879,-54.7692,89.8462,-45.4945,18.7831,-23.2337,44.8892,-54.3887,88.9315,-44.8695,20.1907,-23.2337,44.8892,-54.3887,88.9315,-44.8695,20.1907,-250,-400,300,-50,300,100,0
706,1786977883.3998,1786977883.4039,0.03338,-22.2418,51.6484,-54.6813,89.4945,-45.4945,19.1799,-23.2317,45.2652,-54.1557,88.5852,-44.5951,20.4821,-23.2317,45.2652,-54.1557,88.5852,-44.5951,20.4821,-300,-150,50,-100,0,200,0
707,1786977883.4332,1786977883.4373,0.03339,-22.5934,50.7692,-54.3297,89.4066,-45.3187,19.5106,-23.5739,45.2092,-54.9877,88.5224,-44.9557,20.5618,-23.5739,45.2092,-54.9877,88.5224,-44.9557,20.5618,-150,-300,150,-50,100,150,0
708,1786977883.4665,1786977883.4707,0.03336,-22.8571,50.3297,-54.2418,89.0549,-45.0549,19.9074,-23.6010,45.3772,-54.9272,89.1526,-44.9082,20.4771,-23.6010,45.3772,-54.9272,89.1526,-44.9082,20.4771,-50,-200,50,-100,150,150,0
709,1786977883.4999,1786977883.504,0.03341,-22.8571,50.1538,-54.2418,88.9670,-45.1429,20.0397,-23.6667,46.3540,-55.9147,88.2019,-45.6734,20.3541,-23.6667,46.3540,-55.9147,88.2019,-45.6734,20.3541,0,-50,0,-50,-50,50,0
710,1786977883.5334,1786977883.5374,0.0334,-22.7692,50.1538,-54.2418,89.0549,-45.1429,20.1058,-23.6982,47.0304,-56.7949,88.3741,-45.9925,20.2235,-23.6982,47.0304,-56.7949,88.3741,-45.9925,20.2235,50,0,0,50,0,50,0
711,1786977883.5667,1786977883.5708,0.0334,-22.7692,50.1538,-54.2418,88.7912,-45.3187,20.1058,-23.5882,47.7905,-57.1763,88.0028,-46.3085,19.9659,-23.5882,47.7905,-57.1763,88.0028,-46.3085,19.9659,0,0,0,-50,-50,0,0
712,1786977883.6001,1786977883.6047,0.0334,-22.8571,50.1538,-54.5055,88.7033,-45.6703,20.1058,-23.4217,48.4081,-57.1968,88.3951,-47.0606,19.5705,-23.4217,48.4081,-57.1968,88.3951,-47.0606,19.5705,-50,0,-100,-50,-100,0,0
713,1786977883.6336,1786977883.638,0.03341,-22.8571,50.1538,-54.6813,88.7033,-45.7582,20.1058,-23.6561,48.7615,-57.8088,88.5800,-47.6049,18.7555,-23.6561,48.7615,-57.8088,88.5800,-47.6049,18.7555,0,0,-50,0,-50,0,0
714,1786977883.6669,1786977883.671,0.03336,-22.8571,50.1538,-54.8571,88.7033,-46.3736,19.9735,-23.7669,49.6164,-58.1059,88.2604,-48.8150,17.1398,-23.7669,49.6164,-58.1059,88.2604,-48.8150,17.1398,0,0,-100,50,-200,-100,0
715,1786977883.7003,1786977883.7044,0.03338,-22.8571,50.1538,-55.2088,88.7033,-47.0769,19.3783,-24.0908,49.4964,-58.9765,88.8897,-50.0281,14.6063,-24.0908,49.4964,-58.9765,88.8897,-50.0281,14.6063,0,0,-100,0,-250,-300,0
716,1786977883.7338,1786977883.7379,0.03347,-22.8571,50.4176,-55.5604,88.7033,-47.6923,18.5185,-24.0881,50.0724,-60.2803,88.8783,-51.0884,11.6603,-24.0881,50.0724,-60.2803,88.8783,-51.0884,11.6603,0,100,-100,0,-250,-400,0
717,1786977883.7671,1786977883.7712,0.03331,-23.0330,50.5055,-56.0879,88.7033,-48.7473,17.1296,-24.4164,51.1243,-60.5461,88.5649,-52.0700,7.7036,-24.4164,51.1243,-60.5461,88.5649,-52.0700,7.7036,-50,50,-200,0,-250,-650,0
718,1786977883.8005,1786977883.8047,0.03342,-23.1209,50.7692,-56.9670,88.7033,-49.7143,15.1455,-24.6829,50.8862,-61.1108,87.7790,-52.4053,4.9223,-24.6829,50.8862,-61.1108,87.7790,-52.4053,4.9223,-50,100,-200,0,-350,-800,0
719,1786977883.8339,1786977883.8382,0.03343,-23.4725,51.3846,-57.7582,88.7033,-50.7692,12.6984,-24.7631,51.0195,-60.7511,87.8890,-52.9415,4.2780,-24.7631,51.0195,-60.7511,87.8890,-52.9415,4.2780,-50,250,-250,0,-350,-1050,0
720,1786977883.8673,1786977883.8713,0.03334,-23.6484,51.6484,-58.3736,88.4396,-51.3846,10.1190,-24.8709,51.1258,-61.2504,87.9388,-52.4154,4.7334,-24.8709,51.1258,-61.2504,87.9388,-52.4154,4.7334,-100,100,-200,-150,-300,-1200,0
721,1786977883.9006,1786977883.9048,0.03338,-23.9121,51.7363,-58.4615,88.3516,-51.9121,7.6720,-25.3780,52.1193,-62.4212,87.3013,-52.9316,5.2681,-25.3780,52.1193,-62.4212,87.3013,-52.9316,5.2681,-100,50,-50,-50,-200,-1100,0
722,1786977883.9341,1786977883.9382,0.03341,-24.0000,51.8242,-58.6374,88.3516,-51.9121,6.4153,-25.8650,52.8075,-63.1630,87.8736,-53.4741,6.3765,-25.8650,52.8075,-63.1630,87.8736,-53.4741,6.3765,-50,50,0,0,0,-700,0
723,1786977883.9674,1786977883.9718,0.03335,-24.2637,52.4396,-59.6044,88.0000,-52.2637,6.3492,-26.4764,52.9959,-64.5066,87.9064,-53.0689,7.9088,-26.4764,52.9959,-64.5066,87.9064,-53.0689,7.9088,-50,150,-350,-150,0,0,0
724,1786977884.0008,1786977884.0051,0.0334,-24.6154,53.1429,-60.4835,88.0000,-52.7912,6.4815,-26.7545,53.7847,-64.8040,87.0223,-52.9230,9.4442,-26.7545,53.7847,-64.8040,87.0223,-52.9230,9.4442,-100,300,-300,-50,-250,50,0
725,1786977884.0343,1786977884.0387,0.03347,-25.1429,53.6703,-61.1868,88.0000,-52.6154,6.9444,-26.9332,54.1536,-65.2000,87.4730,-52.7130,10.6204,-26.9332,54.1536,-65.2000,87.4730,-52.7130,10.6204,-150,150,-200,0,100,150,0
726,1786977884.0676,1786977884.0721,0.03335,-25.5824,54.3736,-61.8022,87.7363,-52.7033,8.0026,-26.7060,54.5683,-64.9514,87.1977,-53.2262,12.1838,-26.7060,54.5683,-64.9514,87.1977,-53.2262,12.1838,-150,200,-200,-100,-50,450,0
727,1786977884.101,1786977884.1052,0.03337,-25.9341,54.7253,-62.4176,87.6484,-52.6154,9.1270,-27.1339,55.1204,-65.1635,86.9303,-53.8999,13.3374,-27.1339,55.1204,-65.1635,86.9303,-53.8999,13.3374,-150,100,-150,-50,50,550,0
728,1786977884.1345,1786977884.1387,0.03349,-26.1099,55.1648,-62.5934,87.5604,-52.8791,10.3175,-26.7633,54.8599,-65.2872,86.2283,-55.4887,14.8731,-26.7633,54.8599,-65.2872,86.2283,-55.4887,14.8731,-50,150,-50,-50,-150,550,0
729,1786977884.1678,1786977884.1726,0.03331,-26.1978,55.6044,-62.7692,87.3846,-53.3187,11.5079,-27.2922,55.2497,-65.6541,86.8619,-56.0236,16.1521,-27.2922,55.2497,-65.6541,86.8619,-56.0236,16.1521,-50,150,-50,-100,-150,550,0
730,1786977884.2012,1786977884.2057,0.03341,-26.1978,55.7802,-62.7692,87.0330,-54.1099,12.6984,-27.2528,54.8813,-65.7342,86.4140,-57.6365,17.4391,-27.2528,54.8813,-65.7342,86.4140,-57.6365,17.4391,0,50,0,-100,-250,500,0
731,1786977884.2346,1786977884.239,0.03335,-26.2857,55.7802,-62.8571,87.0330,-55.1648,14.0873,-27.5871,54.9646,-66.1528,86.7443,-59.7038,18.9406,-27.5871,54.9646,-66.1528,86.7443,-59.7038,18.9406,-50,0,0,0,-350,650,0
732,1786977884.2679,1786977884.2725,0.03337,-26.3736,55.7802,-63.0330,86.8571,-55.8681,15.3439,-27.8738,54.7179,-65.9861,86.5197,-61.4660,19.8092,-27.8738,54.7179,-65.9861,86.5197,-61.4660,19.8092,-50,0,-50,-50,-250,650,0
733,1786977884.3013,1786977884.3056,0.03341,-26.5495,55.7802,-63.4725,86.8571,-57.5385,16.7328,-27.7632,54.9137,-66.0897,86.7551,-63.2342,20.7817,-27.7632,54.9137,-66.0897,86.7551,-63.2342,20.7817,-50,0,-200,0,-600,600,0
734,1786977884.3347,1786977884.3393,0.0334,-26.7253,55.7802,-63.5604,86.8571,-59.2088,17.9233,-28.0867,53.9538,-65.6971,86.8286,-64.6122,21.0766,-28.0867,53.9538,-65.6971,86.8286,-64.6122,21.0766,-50,0,-50,0,-550,600,0
735,1786977884.3681,1786977884.3727,0.0334,-26.9011,55.7802,-63.5604,86.9451,-60.7912,18.9153,-28.3302,54.2835,-65.1439,86.9089,-65.7676,20.9534,-28.3302,54.2835,-65.1439,86.9089,-65.7676,20.9534,-50,0,0,50,-600,450,0
736,1786977884.4015,1786977884.4061,0.03338,-27.1648,55.7802,-63.5604,86.9451,-62.3736,19.7090,-28.3500,53.6010,-65.4067,86.5418,-66.4936,20.6699,-28.3500,53.6010,-65.4067,86.5418,-66.4936,20.6699,-100,0,0,0,-500,300,0
737,1786977884.4349,1786977884.4397,0.03343,-27.2527,55.7802,-63.5604,86.9451,-63.8681,19.9735,-28.5383,53.4987,-65.1378,86.6476,-66.8587,20.3467,-28.5383,53.4987,-65.1378,86.6476,-66.8587,20.3467,-50,0,0,0,-500,150,0
738,1786977884.4683,1786977884.4725,0.03337,-27.3407,55.7802,-63.5604,86.9451,-64.6593,20.1058,-28.2000,54.1063,-65.4533,86.3946,-67.2386,20.2291,-28.2000,54.1063,-65.4533,86.3946,-67.2386,20.2291,0,0,0,0,-200,50,0
739,1786977884.5017,1786977884.506,0.03342,-27.5165,55.7802,-63.5604,86.9451,-65.7143,20.1058,-28.4073,53.3767,-64.1840,86.4023,-67.4377,20.1585,-28.4073,53.3767,-64.1840,86.4023,-67.4377,20.1585,-50,0,0,0,-350,0,0
740,1786977884.5351,1786977884.5392,0.03337,-27.6044,55.7802,-63.5604,86.9451,-66.3297,20.1058,-28.2561,53.1860,-64.5197,86.3454,-67.4043,20.0060,-28.2561,53.1860,-64.5197,86.3454,-67.4043,20.0060,0,0,0,0,-200,0,0
741,1786977884.5685,1786977884.5728,0.0334,-27.6044,55.7802,-63.5604,86.9451,-66.5934,20.1058,-28.3509,53.5081,-64.3306,86.1982,-67.6088,20.1680,-28.3509,53.5081,-64.3306,86.1982,-67.6088,20.1680,0,0,0,0,-100,0,0
742,1786977884.6019,1786977884.606,0.03337,-27.6044,55.7802,-63.5604,86.9451,-66.7692,20.1058,-28.3307,53.3002,-64.1425,86.4754,-67.5667,20.1234,-28.3307,53.3002,-64.1425,86.4754,-67.5667,20.1234,0,0,0,0,-50,0,0
743,1786977884.6353,1786977884.6393,0.0334,-27.6044,55.7802,-63.5604,86.9451,-67.1209,20.1058,-28.2445,53.1797,-64.4878,86.4736,-67.5670,20.2441,-28.2445,53.1797,-64.4878,86.4736,-67.5670,20.2441,0,0,0,0,-150,0,0
744,1786977884.6686,1786977884.6728,0.03337,-27.6044,55.7802,-63.5604,86.9451,-67.2967,20.1058,-28.1543,54.4702,-63.8792,86.2970,-67.6424,20.2270,-28.1543,54.4702,-63.8792,86.2970,-67.6424,20.2270,0,0,0,0,0,0,0
745,1786977884.702,1786977884.7061,0.03338,-27.6044,55.7802,-63.5604,86.9451,-67.2967,20.1058,-28.1193,53.8813,-63.8910,85.9112,-66.6099,19.9784,-28.1193,53.8813,-63.8910,85.9112,-66.6099,19.9784,0,0,0,0,0,0,0
746,1786977884.7354,1786977884.7395,0.0334,-27.6044,55.7802,-63.3846,86.7692,-67.2967,20.1058,-27.6180,53.9571,-63.2982,85.5555,-66.0968,19.9555,-27.6180,53.9571,-63.2982,85.5555,-66.0968,19.9555,0,0,50,-50,0,0,0
747,1786977884.7688,1786977884.773,0.03339,-27.6044,55.7802,-63.3846,86.5055,-67.0330,20.1058,-27.6468,54.2413,-64.2206,85.6396,-65.7899,19.7922,-27.6468,54.2413,-64.2206,85.6396,-65.7899,19.7922,0,0,0,-150,100,0,0
748,1786977884.8022,1786977884.8063,0.03339,-27.6044,55.7802,-63.1209,86.2418,-66.6813,20.1058,-27.5350,54.0357,-63.8134,85.5776,-65.9143,19.8038,-27.5350,54.0357,-63.8134,85.5776,-65.9143,19.8038,0,0,100,-100,100,0,0
749,1786977884.8356,1786977884.8397,0.03339,-27.6044,55.7802,-63.1209,86.1538,-66.4176,20.1058,-27.8450,54.4818,-64.7748,85.9911,-65.5490,19.7552,-27.8450,54.4818,-64.7748,85.9911,-65.5490,19.7552,0,0,0,0,150,0,0
750,1786977884.869,1786977885.0908,0.03342,-27.6044,55.7802,-63.1209,86.1538,-66.4176,20.1058,-32.1727,46.8748,-47.0300,85.2242,-64.4141,21.7486,-32.1727,46.8748,-53.1209,85.2242,-64.4141,21.7486,0,0,0,0,0,0,1
751,1786977885.0918,1786977885.0967,0.22274,-27.6044,55.7802,-63.1209,86.2418,-66.0659,20.1058,-32.3880,47.1449,-47.7024,85.5582,-64.6320,22.0732,-32.3880,47.1449,-53.1209,85.5582,-64.6320,22.0732,0,0,0,0,0,0,1
752,1786977885.1252,1786977885.1301,0.03346,-27.6044,55.7802,-63.1209,86.2418,-66.0659,20.1058,-31.9208,47.5554,-48.0136,85.0198,-64.4411,22.4690,-31.9208,47.5554,-53.1209,85.0198,-64.4411,22.4690,0,0,0,0,0,0,0
753,1786977885.1586,1786977885.1634,0.03335,-28.1319,55.6044,-62.5055,85.9780,-65.5385,20.6349,-31.6347,46.6667,-49.0133,85.4217,-64.8243,22.9687,-31.6347,46.6667,-52.3297,85.4217,-64.8243,22.9687,-50,-50,250,-100,150,300,0
754,1786977885.192,1786977885.1962,0.03341,-29.0989,54.3736,-60.0440,85.7143,-65.1868,21.4947,-31.6520,46.4946,-50.1273,84.8804,-63.9875,22.8393,-31.6520,46.4946,-50.1273,84.8804,-63.9875,22.8393,-350,-300,650,-100,100,450,0
755,1786977885.2254,1786977885.2295,0.0334,-29.7143,52.9670,-56.9670,85.7143,-65.1868,22.0238,-31.6001,47.2053,-51.7105,85.0766,-64.7752,22.8341,-31.6001,47.2053,-51.7105,85.0766,-64.7752,22.8341,-250,-500,1100,0,0,200,0
756,1786977885.2587,1786977885.2628,0.03336,-30.5055,52.0000,-53.9780,85.4505,-64.8352,22.2222,-31.7564,47.8553,-52.7005,84.7352,-64.7747,22.6550,-31.7564,47.8553,-52.7005,84.7352,-64.7747,22.6550,-200,-350,950,-100,50,100,0
757,1786977885.2921,1786977885.2963,0.0334,-31.0330,51.8242,-52.3077,85.4505,-64.7473,22.3545,-31.5098,48.6716,-54.4648,84.7290,-65.0148,22.4180,-31.5098,48.6716,-54.4648,84.7290,-65.0148,22.4180,-200,-50,750,0,0,50,0
758,1786977885.3256,1786977885.3297,0.03344,-31.2088,52.0000,-52.1319,85.1868,-65.0989,22.3545,-31.8069,49.3326,-56.0304,85.0323,-65.0189,22.4053,-31.8069,49.3326,-56.0304,85.0323,-65.0189,22.4053,-100,100,50,-50,-150,50,0
759,1786977885.359,1786977885.363,0.03337,-31.0330,51.9121,-52.7473,85.2747,-65.0989,22.3545,-32.0617,49.2674,-56.8918,85.4182,-65.3871,22.4126,-32.0617,49.2674,-56.8918,85.4182,-65.3871,22.4126,50,-50,-200,0,-50,-50,0
760,1786977885.3923,1786977885.3964,0.03336,-30.9451,51.9121,-53.6264,85.2747,-65.0989,22.3545,-31.7433,50.2294,-58.1220,85.0441,-65.1513,22.1246,-31.7433,50.2294,-58.1220,85.0441,-65.1513,22.1246,50,0,-250,0,0,0,0
761,1786977885.4257,1786977885.4303,0.0334,-30.9451,51.9121,-54.2418,85.2747,-65.0989,22.3545,-31.2578,51.0332,-59.2392,84.5577,-65.4424,21.9636,-31.2578,51.0332,-59.2392,84.5577,-65.4424,21.9636,0,0,-300,0,0,0,0
762,1786977885.4591,1786977885.4638,0.0334,-31.0330,51.9121,-54.9451,85.2747,-65.0989,22.2884,-31.1251,52.2687,-60.8911,85.8148,-65.2897,21.4740,-31.1251,52.2687,-60.8911,85.8148,-65.2897,21.4740,0,0,-200,0,0,-50,0
763,1786977885.4925,1786977885.4975,0.03339,-31.1209,52.1758,-56.0000,85.1868,-65.0989,22.1561,-30.8818,52.5917,-61.6943,85.1739,-65.2460,21.3420,-30.8818,52.5917,-61.6943,85.1739,-65.2460,21.3420,-50,50,-350,-50,0,-50,0
764,1786977885.5266,1786977885.5327,0.03407,-31.0330,52.6154,-57.1429,85.3626,-65.0989,21.8915,-31.5629,53.4688,-62.2957,85.3324,-65.0302,20.8999,-31.5629,53.4688,-62.2957,85.3324,-65.0302,20.8999,50,100,-350,0,0,-100,0
765,1786977885.5594,1786977885.5649,0.0328,-30.9451,53.2308,-58.3736,85.4505,-65.0989,21.7593,-31.5916,53.7651,-62.8342,85.0985,-65.3058,19.7580,-31.5916,53.7651,-62.8342,85.0985,-65.3058,19.7580,50,200,-400,0,0,-50,0
766,1786977885.5926,1786977885.5969,0.03326,-30.9451,53.9341,-59.1648,85.4505,-65.0989,21.3624,-31.5821,54.3105,-64.0056,85.4333,-66.0169,17.8009,-31.5821,54.3105,-64.0056,85.4333,-66.0169,17.8009,0,300,-250,0,0,-150,0
767,1786977885.626,1786977885.6303,0.03337,-31.0330,54.3736,-59.8681,85.3626,-65.0989,20.7672,-31.1046,54.3450,-63.6521,85.6869,-65.1443,14.5536,-31.1046,54.3450,-63.6521,85.6869,-65.1443,14.5536,-50,200,-250,-50,0,-200,0
768,1786977885.6594,1786977885.6637,0.0334,-31.0330,54.8132,-60.6593,85.3626,-65.3626,19.4444,-31.3078,54.3046,-64.7190,85.6864,-65.6372,10.9028,-31.3078,54.3046,-64.7190,85.6864,-65.6372,10.9028,0,200,-300,0,-50,-650,0
769,1786977885.6928,1786977885.6971,0.03342,-31.0330,54.9890,-61.0110,85.3626,-65.4505,17.8571,-31.5087,54.0090,-64.0580,85.6972,-65.4310,6.2592,-31.5087,54.0090,-64.0580,85.6972,-65.4310,7.6587,0,50,-50,0,0,-600,0
770,1786977885.7262,1786977885.7307,0.03339,-31.0330,55.0769,-61.6264,85.3626,-65.4505,15.6746,-31.6363,52.8798,-64.3266,85.7366,-64.8605,2.3682,-31.6363,52.8798,-64.3266,85.7366,-64.8605,5.3439,0,50,-200,0,0,-1000,0
771,1786977885.7596,1786977885.7641,0.03335,-31.0330,55.0769,-61.8022,85.3626,-65.4505,12.8307,-31.7783,52.6470,-65.0866,85.4035,-65.7338,1.8956,-31.7783,52.6470,-65.0866,85.4035,-65.7338,2.5000,0,0,-50,0,0,-1200,0
772,1786977885.793,1786977885.7973,0.0334,-31.0330,55.0769,-61.9780,85.3626,-65.4505,10.1852,-32.1331,52.1421,-65.5135,85.6618,-64.5477,0.6308,-32.1331,52.1421,-65.5135,85.6618,-64.5477,0.6308,0,0,-50,0,0,-1250,0
773,1786977885.8263,1786977885.8305,0.03337,-31.1209,55.0769,-62.5055,85.3626,-65.5385,7.4074,-32.0672,51.2952,-66.7631,85.7693,-65.3924,1.4356,-32.0672,51.2952,-66.7631,85.7693,-65.3924,1.4356,0,0,-150,0,-50,-1200,0
774,1786977885.8597,1786977885.8639,0.03334,-31.2088,55.0769,-62.7692,85.3626,-65.3626,4.8280,-32.0684,51.6363,-67.7543,85.9873,-64.8335,1.4814,-32.0684,51.6363,-67.7543,85.9873,-64.8335,1.4814,0,0,-100,0,0,-1200,0
775,1786977885.8931,1786977885.8973,0.03341,-31.2967,55.0769,-63.5604,85.3626,-65.1868,3.3069,-31.9801,50.4320,-68.1345,87.6965,-65.2460,2.0798,-31.9801,50.4320,-68.1345,87.6965,-65.2460,2.0798,0,0,-300,0,100,-500,0
776,1786977885.9265,1786977885.9307,0.03338,-31.3846,55.0769,-64.5275,85.6264,-65.1868,2.9101,-32.1625,50.3726,-69.6989,88.4275,-64.8604,2.7917,-32.1625,50.3726,-69.6989,88.4275,-64.8604,2.7917,-50,0,-350,50,0,-250,0
777,1786977885.9598,1786977885.964,0.03337,-31.3846,54.8132,-65.2308,86.4176,-65.2747,2.9101,-31.7808,50.1799,-70.9799,89.5823,-63.4450,5.0123,-31.7808,50.1799,-70.9799,89.5823,-63.4450,5.0123,0,-50,-250,150,0,0,0
778,1786977885.9932,1786977885.9973,0.03337,-31.3846,54.7253,-66.1978,87.2967,-65.1868,2.9101,-31.3788,50.4343,-71.7948,90.6037,-62.2278,8.4973,-31.3788,50.4343,-71.7948,90.6037,-62.2278,8.4973,0,-50,-350,300,0,0,0
779,1786977886.0266,1786977886.0307,0.0334,-31.3846,54.7253,-67.4286,88.1758,-64.5714,3.4392,-31.0864,50.1269,-72.5650,90.3650,-60.7035,14.4547,-31.0864,50.1269,-72.5650,90.3650,-60.7035,13.5714,0,0,-450,250,250,200,0
780,1786977886.06,1786977886.0643,0.03339,-31.3846,54.7253,-68.3956,89.1429,-63.6044,4.9603,-30.5669,51.7074,-72.8774,90.1256,-60.6644,18.7186,-30.5669,51.7074,-72.8774,90.1256,-60.6644,15.2249,0,0,-350,350,300,750,0
781,1786977886.0934,1786977886.0977,0.0334,-31.3846,54.7253,-69.3626,89.4066,-62.6374,7.4074,-30.3340,52.4495,-72.6287,89.9951,-60.1809,21.0918,-30.3340,52.4495,-72.6287,89.9951,-60.1809,17.7381,0,0,-300,50,350,1150,0
782,1786977886.1268,1786977886.1311,0.0334,-31.2967,54.7253,-69.9780,89.4945,-61.9341,10.1852,-29.8196,52.4437,-72.1287,90.2935,-59.5561,23.0194,-29.8196,52.4437,-72.1287,90.2935,-59.5561,20.5159,0,0,-250,50,250,1250,0
783,1786977886.1602,1786977886.1644,0.03337,-31.1209,54.7253,-70.1538,89.5824,-61.3187,12.7646,-29.1351,52.5915,-72.3629,90.5717,-59.2643,23.8052,-29.1351,52.5915,-72.3629,90.5717,-59.2643,23.1614,100,0,-100,50,200,1150,0
784,1786977886.1936,1786977886.1978,0.03339,-30.6813,54.7253,-70.1538,89.9341,-60.7033,15.4762,-28.7204,51.7890,-72.7573,91.2678,-58.9011,24.1243,-28.7204,51.7890,-72.7573,91.2678,-58.9011,24.1243,100,0,0,200,200,1200,0
785,1786977886.2269,1786977886.231,0.03335,-30.2418,54.7253,-70.3297,90.1978,-60.1758,18.1217,-27.7833,52.4815,-72.6314,91.4098,-58.4849,23.8828,-27.7833,52.4815,-72.6314,91.4098,-58.4849,23.8828,200,0,-50,100,150,1200,0
786,1786977886.2603,1786977886.2646,0.03341,-29.5385,54.7253,-70.4176,90.6374,-59.7363,20.4365,-27.0052,51.9065,-72.3667,91.5495,-57.5932,23.6076,-27.0052,51.9065,-72.3667,91.5495,-57.5932,23.6076,200,0,-50,150,150,1050,0
787,1786977886.2937,1786977886.2978,0.03334,-28.8352,54.7253,-70.4176,90.9890,-59.2967,21.6270,-26.2256,52.8860,-72.0901,91.9095,-57.2617,23.2014,-26.2256,52.8860,-72.0901,91.9095,-57.2617,23.2014,250,0,0,100,150,450,0
788,1786977886.3271,1786977886.3313,0.0334,-28.1319,54.7253,-70.4176,91.0769,-58.5934,22.0238,-25.3594,52.4846,-72.1756,92.2748,-56.4173,22.6370,-25.3594,52.4846,-72.1756,92.2748,-56.4173,22.6370,250,0,0,50,200,250,0
789,1786977886.3605,1786977886.3646,0.03338,-27.4286,54.7253,-70.4176,91.4286,-58.0659,22.2222,-24.5158,53.6044,-72.1597,92.0395,-56.2474,22.1706,-24.5158,53.6044,-72.1597,92.0395,-56.2474,22.1706,250,0,0,150,150,100,0
790,1786977886.3939,1786977886.398,0.03342,-26.5495,54.7253,-70.4176,91.6923,-57.5385,22.2222,-24.4224,54.3839,-73.1040,92.4204,-56.2690,21.6122,-24.4224,54.3839,-73.1040,92.4204,-56.2690,21.6122,250,0,0,100,200,0,0
791,1786977886.4272,1786977886.4314,0.03335,-25.6703,54.8132,-70.4176,91.7802,-57.0989,22.2222,-23.7838,55.0531,-72.5717,91.9483,-55.8978,21.3015,-23.7838,55.0531,-72.5717,91.9483,-55.8978,21.3015,300,0,0,0,150,0,0
792,1786977886.4607,1786977886.4648,0.03344,-25.0549,55.3407,-70.8571,92.0440,-56.8352,21.9577,-23.7796,56.2697,-73.8993,92.4914,-55.7619,20.7705,-23.7796,56.2697,-73.8993,92.4914,-55.7619,20.7705,250,200,-150,50,100,-100,0
793,1786977886.494,1786977886.4982,0.03335,-24.5275,55.6923,-70.9451,92.0440,-56.5714,21.7593,-23.5719,57.1616,-73.8554,92.0524,-55.8249,20.3754,-23.5719,57.1616,-73.8554,92.0524,-55.8249,20.3754,150,100,0,0,100,-50,0
794,1786977886.5274,1786977886.5316,0.03336,-24.2637,56.5714,-71.2967,92.0440,-56.3077,21.2963,-23.8409,57.8701,-74.9221,92.7075,-55.7524,20.1070,-23.8409,57.8701,-74.9221,92.7075,-55.7524,20.1070,50,250,-150,0,100,-200,0
795,1786977886.5608,1786977886.565,0.03344,-24.0879,57.4505,-71.5604,92.0440,-56.3077,20.8995,-23.9030,58.9760,-74.5610,92.2582,-56.0550,19.7319,-23.9030,58.9760,-74.5610,92.2582,-56.0550,19.7319,50,300,-150,0,0,-150,0
796,1786977886.5942,1786977886.5983,0.03337,-24.0879,58.2418,-72.1758,92.1319,-56.3077,20.5688,-24.4057,59.7979,-74.7063,92.1085,-56.7267,19.4671,-24.4057,59.7979,-74.7063,92.1085,-56.7267,19.4671,0,300,-200,50,0,-150,0
797,1786977886.6275,1786977886.6317,0.03336,-24.0879,59.1209,-72.3516,92.2198,-56.3077,20.2381,-24.2207,59.7200,-74.7984,92.7433,-56.2665,19.5039,-24.2207,59.7200,-74.7984,92.7433,-56.2665,19.5039,0,300,-50,0,0,-150,0
798,1786977886.6609,1786977886.6651,0.0334,-24.0879,60.0000,-72.5275,92.2198,-56.3077,19.9074,-24.6732,60.9274,-75.4657,93.5518,-57.0682,19.8463,-24.6732,60.9274,-75.4657,93.5518,-57.0682,19.8463,0,300,-50,0,0,-150,0
799,1786977886.6943,1786977886.6985,0.03338,-24.0879,60.5275,-72.5275,92.3077,-56.3077,19.8413,-24.4053,61.4712,-76.3368,93.7955,-56.9482,19.9372,-24.4053,61.4712,-76.3368,93.7955,-56.9482,19.9372,0,150,0,0,0,-50,0
800,1786977886.7277,1786977886.944,0.03335,-24.1758,61.1429,-72.7033,92.9231,-56.5714,19.8413,-26.1318,48.3822,-54.4574,90.1115,-53.9678,20.1085,-26.1318,52.0220,-64.1099,90.1115,-53.9678,20.1085,0,200,-50,200,-100,0,1
801,1786977886.9452,1786977886.9471,0.21751,-24.2637,62.0220,-74.1099,93.4505,-56.6593,19.8413,-24.1096,60.9102,-72.9764,93.3497,-56.8387,19.7235,-24.1096,60.9102,-72.9764,93.3497,-56.8387,19.7235,0,0,0,0,0,0,1
