step,t_obs,t_cmd,dt,pos_shoulder_pan,pos_shoulder_lift,pos_elbow_flex,pos_wrist_flex,pos_wrist_roll,pos_gripper,cmd_shoulder_pan,cmd_shoulder_lift,cmd_elbow_flex,cmd_wrist_flex,cmd_wrist_roll,cmd_gripper,sent_shoulder_pan,sent_shoulder_lift,sent_elbow_flex,sent_wrist_flex,sent_wrist_roll,sent_gripper,velraw_shoulder_pan,velraw_shoulder_lift,velraw_elbow_flex,velraw_wrist_flex,velraw_wrist_roll,velraw_gripper,chunk_start
0,1700000000.0000,1700000000.0020,0.0000,-56.6429,-27.3681,53.2033,51.4011,-111.1923,30.0035,-56.6429,-27.3681,53.2033,51.4011,-111.1923,30.0035,-56.6429,-27.3681,53.2033,51.4011,-111.1923,30.0035,0.0000,0.0000,0.0000,0.0000,0.0000,0.0000,1
1,1700000000.2200,1700000000.2220,0.2200,-56.6429,-27.3681,53.2033,51.4011,-111.1923,30.0035,-58.2582,-26.6978,51.3242,50.4011,-112.1923,28.6279,-58.2582,-26.6978,51.3242,50.4011,-112.1923,28.6279,0.0000,0.0000,0.0000,0.0000,0.0000,0.0000,1
2,1700000000.2533,1700000000.2553,0.0333,-57.0201,-27.1946,52.7257,51.1708,-111.4307,29.6285,-57.6978,-23.9396,51.0055,51.4011,-111.1923,29.0704,-57.6978,-23.9396,51.0055,51.4011,-111.1923,29.0704,0.0000,0.0000,0.0000,0.0000,0.0000,0.0000,0
3,1700000000.2867,1700000000.2887,0.0333,-57.1784,-26.3522,52.2886,51.2238,-111.3738,29.4763,-59.0494,-23.0055,48.3352,50.4890,-112.2802,27.9280,-59.0494,-23.0055,48.3352,50.4890,-112.2802,27.9280,0.0000,0.0000,0.0000,0.0000,0.0000,0.0000,0
4,1700000000.3200,1700000000.3220,0.0333,-57.6154,-25.4860,51.2838,51.0546,-111.5899,29.0542,-58.2253,-19.9835,47.3132,51.7527,-111.2802,28.7594,-58.2253,-19.9835,47.3132,51.7527,-111.2802,28.7594,0.0000,0.0000,0.0000,0.0000,0.0000,0.0000,0
5,1700000000.3533,1700000000.3553,0.0333,-57.7578,-24.0619,50.2748,51.2154,-111.5161,28.9738,-59.3132,-18.8736,44.1154,51.1044,-112.9835,27.8503,-59.3132,-18.8736,44.1154,51.1044,-112.9835,27.8503,0.0000,0.0000,0.0000,0.0000,0.0000,0.0000,0
6,1700000000.3867,1700000000.3887,0.0333,-58.1211,-22.7191,48.7094,51.1898,-111.8658,28.6675,-58.4890,-15.6758,42.6538,52.9835,-112.6868,28.7594,-58.4890,-15.6758,42.6538,52.9835,-112.6868,28.7594,0.0000,0.0000,0.0000,0.0000,0.0000,0.0000,0
7,1700000000.4200,1700000000.4220,0.0333,-58.2070,-20.8963,47.1705,51.6030,-112.0615,28.6925,-60.0165,-14.4780,39.1044,53.4780,-114.4780,27.8503,-60.0165,-14.4780,39.1044,53.4780,-114.4780,27.8503,0.0000,0.0000,0.0000,0.0000,0.0000,0.0000,0
8,1700000000.4533,1700000000.4553,0.0333,-58.6296,-19.2352,45.1206,52.0349,-112.6375,28.4629,-59.3681,-11.5440,37.2912,56.4121,-114.3571,28.7594,-59.3681,-11.5440,37.2912,56.4121,-114.3571,28.7594,0.0000,0.0000,0.0000,0.0000,0.0000,0.0000,0
9,1700000000.4867,1700000000.4887,0.0333,-58.8021,-17.2446,43.1308,53.0431,-113.0474,28.5437,-60.6319,-10.6099,33.8297,57.4341,-116.0604,27.8503,-60.6319,-10.6099,33.8297,57.4341,-116.0604,27.8503,0.0000,0.0000,0.0000,0.0000,0.0000,0.0000,0
10,1700000000.5200,1700000000.5220,0.0333,-59.2294,-15.5275,40.7670,54.0545,-113.7656,28.3547,-59.8077,-7.9396,32.7198,60.1923,-115.2363,28.7594,-59.8077,-7.9396,32.7198,60.1923,-115.2363,28.7594,0.0000,0.0000,0.0000,0.0000,0.0000,0.0000,0
11,1700000000.5533,1700000000.5553,0.0333,-59.3645,-13.5636,38.7219,55.4682,-114.1161,28.4650,-60.8077,-7.5330,30.1374,60.3352,-116.3242,27.8503,-60.8077,-7.5330,30.1374,60.3352,-116.3242,27.8503,0.0000,0.0000,0.0000,0.0000,0.0000,0.0000,0
12,1700000000.5867,1700000000.5887,0.0333,-59.7016,-12.0028,36.5403,56.5893,-114.6424,28.2974,-59.9835,-5.2143,29.9066,61.9506,-115.2363,28.7594,-59.9835,-5.2143,29.9066,61.9506,-115.2363,28.7594,0.0000,0.0000,0.0000,0.0000,0.0000,0.0000,0
13,1700000000.6200,1700000000.6220,0.0333,-59.7674,-10.2459,34.8544,57.8241,-114.7839,28.4234,-61.0714,-5.1593,28.4670,61.1264,-116.1484,27.8503,-61.0714,-5.1593,28.4670,61.1264,-116.1484,27.8503,0.0000,0.0000,0.0000,0.0000,0.0000,0.0000,0
14,1700000000.6533,1700000000.6553,0.0333,-60.0720,-8.9294,33.2311,58.5848,-115.1092,28.2671,-60.4231,-3.5440,29.2912,62.1264,-115.1484,28.7594,-60.4231,-3.5440,29.2912,62.1264,-115.1484,28.7594,0.0000,0.0000,0.0000,0.0000,0.0000,0.0000,0
15,1700000000.6867,1700000000.6887,0.0333,-60.1540,-7.5356,32.2298,59.4005,-115.1185,28.4013,-61.8626,-4.2802,28.1154,61.0385,-116.1484,27.8503,-61.8626,-4.2802,28.1154,61.0385,-116.1484,27.8503,0.0000,0.0000,0.0000,0.0000,0.0000,0.0000,0
16,1700000000.7200,1700000000.7220,0.0333,-60.5530,-6.6931,31.1842,59.7778,-115.3640,28.2511,-61.3022,-3.1044,29.0275,62.0385,-115.2363,28.7594,-61.3022,-3.1044,29.0275,62.0385,-115.2363,28.7594,0.0000,0.0000,0.0000,0.0000,0.0000,0.0000,0
17,1700000000.7533,1700000000.7553,0.0333,-60.7280,-5.7643,30.6361,60.2985,-115.3335,28.3897,-62.6538,-4.0165,27.8516,61.1264,-116.3242,27.8503,-62.6538,-4.0165,27.8516,61.1264,-116.3242,27.8503,0.0000,0.0000,0.0000,0.0000,0.0000,0.0000,0
18,1700000000.7867,1700000000.7887,0.0333,-61.1778,-5.3119,29.9285,60.4892,-115.5697,28.2426,-61.8297,-2.9286,28.8516,62.0385,-115.4121,28.7594,-61.8297,-2.9286,28.8516,62.0385,-115.4121,28.7594,0.0000,0.0000,0.0000,0.0000,0.0000,0.0000,0
19,1700000000.8200,1700000000.8220,0.0333,-61.3300,-4.6951,29.6548,60.8460,-115.5321,28.3835,-63.1813,-3.9286,27.7637,61.0385,-116.4121,27.8503,-63.1813,-3.9286,27.7637,61.0385,-116.4121,27.8503,0.0000,0.0000,0.0000,0.0000,0.0000,0.0000,0
20,1700000000.8533,1700000000.8553,0.0333,-61.7624,-4.4967,29.1742,60.8904,-115.7418,28.2381,-63.1483,-2.9286,28.6758,61.7747,-115.4121,28.7594,-63.1483,-2.9286,28.6758,61.7747,-115.4121,28.7594,0.0000,0.0000,0.0000,0.0000,0.0000,0.0000,0
21,1700000000.8867,1700000000.8887,0.0333,-62.0861,-4.0909,29.0475,61.0941,-115.6632,28.3802,-65.0275,-3.7527,27.6758,59.9835,-116.4121,27.8503,-65.0275,-3.7527,27.6758,59.9835,-116.4121,27.8503,0.0000,0.0000,0.0000,0.0000,0.0000,0.0000,0
22,1700000000.9200,1700000000.9220,0.0333,-62.7731,-4.0034,28.6989,60.8383,-115.8417,28.2357,-64.4670,-2.6648,28.7637,60.1044,-115.4121,28.7594,-64.4670,-2.6648,28.7637,60.1044,-115.4121,28.7594,0.0000,0.0000,0.0000,0.0000,0.0000,0.0000,0
23,1700000000.9533,1700000000.9553,0.0333,-63.1687,-3.6569,28.7154,60.6692,-115.7393,28.3785,-65.9066,-3.6648,27.8516,58.4011,-116.5000,27.8503,-65.9066,-3.6648,27.8516,58.4011,-116.5000,27.8503,0.0000,0.0000,0.0000,0.0000,0.0000,0.0000,0
24,1700000000.9867,1700000000.9887,0.0333,-63.8081,-3.6590,28.4959,60.1468,-115.9206,28.2345,-65.5220,-2.5769,29.1154,58.7857,-115.5879,28.7594,-65.5220,-2.5769,29.1154,58.7857,-115.5879,28.7594,0.0000,0.0000,0.0000,0.0000,0.0000,0.0000,0
25,1700000001.0200,1700000001.0220,0.0333,-64.2084,-3.3789,28.6533,59.8333,-115.8413,28.3776,-66.8736,-3.1374,28.2033,57.6978,-116.6758,27.8503,-66.8736,-3.1374,28.2033,57.6978,-116.6758,27.8503,0.0000,0.0000,0.0000,0.0000,0.0000,0.0000,0
26,1700000001.0533,1700000001.0553,0.0333,-64.8309,-3.3164,28.5390,59.3414,-116.0402,28.2338,-66.0495,-1.4341,29.1154,58.7857,-115.6758,28.7594,-66.0495,-1.4341,29.1154,58.7857,-115.6758,28.7594,0.0000,0.0000,0.0000,0.0000,0.0000,0.0000,0
27,1700000001.0867,1700000001.0887,0.0333,-65.1155,-2.8292,28.6855,59.2134,-115.9534,28.3771,-67.2253,-1.4670,28.0275,57.8736,-116.5879,27.8503,-67.2253,-1.4670,28.0275,57.8736,-116.5879,27.8503,0.0000,0.0000,0.0000,0.0000,0.0000,0.0000,0
28,1700000001.1200,1700000001.1220,0.0333,-65.6082,-2.4767,28.5182,58.9048,-116.1046,28.2335,-66.2253,0.5000,28.9396,59.4890,-115.5879,28.7594,-66.2253,0.5000,28.9396,59.4890,-115.5879,28.7594,0.0000,0.0000,0.0000,0.0000,0.0000,0.0000,0
29,1700000001.1533,1700000001.1553,0.0333,-65.7523,-1.7063,28.6253,59.0394,-115.9815,28.3769,-67.2253,0.2912,27.7637,59.2802,-116.4121,27.8503,-67.2253,0.2912,27.7637,59.2802,-116.4121,27.8503,0.0000,0.0000,0.0000,0.0000,0.0000,0.0000,0
30,1700000001.1867,1700000001.1887,0.0333,-66.0963,-1.1893,28.4064,59.0949,-116.0841,28.2333,-66.1374,1.9066,28.4121,60.8077,-115.3242,28.7594,-66.1374,1.9066,28.4121,60.8077,-115.3242,28.7594,0.0000,0.0000,0.0000,0.0000,0.0000,0.0000,0
31,1700000001.2200,1700000001.2220,0.0333,-66.1059,-0.3881,28.4078,59.4894,-115.9030,28.3767,-67.0495,1.4341,26.9725,60.3352,-116.2363,27.8503,-67.0495,1.4341,26.9725,60.3352,-116.2363,27.8503,0.0000,0.0000,0.0000,0.0000,0.0000,0.0000,0
32,1700000001.2533,1700000001.2553,0.0333,-66.3263,0.0835,28.0430,59.6842,-115.9824,28.2332,-65.8736,2.8736,27.5330,61.6868,-115.2363,28.7594,-65.8736,2.8736,27.5330,61.6868,-115.2363,28.7594,0.0000,0.0000,0.0000,0.0000,0.0000,0.0000,0
33,1700000001.2867,1700000001.2887,0.0333,-66.2206,0.8056,27.9134,60.1455,-115.8046,28.3766,-66.6978,2.2253,26.1813,60.9506,-116.1484,27.8503,-66.6978,2.2253,26.1813,60.9506,-116.1484,27.8503,0.0000,0.0000,0.0000,0.0000,0.0000,0.0000,0
34,1700000001.3200,1700000001.3220,0.0333,-66.3320,1.1730,27.4732,60.3309,-115.8865,28.2331,-65.1703,3.5769,27.0055,61.9506,-115.1484,28.7594,-65.1703,3.5769,27.0055,61.9506,-115.1484,28.7594,0.0000,0.0000,0.0000,0.0000,0.0000,0.0000,0
35,1700000001.3533,1700000001.3553,0.0333,-66.0607,1.7952,27.3544,60.7040,-115.7106,28.3766,-65.7308,2.6648,25.9176,60.8626,-116.1484,27.8503,-65.7308,2.6648,25.9176,60.8626,-116.1484,27.8503,0.0000,0.0000,0.0000,0.0000,0.0000,0.0000,0
36,1700000001.3867,1700000001.3887,0.0333,-65.9836,2.0203,26.9892,60.7405,-115.8149,28.2331,-64.5549,3.6648,26.9176,61.7747,-115.1484,28.9926,-64.5549,3.6648,26.9176,61.7747,-115.1484,28.9926,0.0000,0.0000,0.0000,0.0000,0.0000,0.0000,0
37,1700000001.4200,1700000001.4220,0.0333,-65.6500,2.4459,26.9710,60.9787,-115.6560,28.4402,-65.2912,2.6648,25.9176,60.5989,-116.1484,28.2391,-65.2912,2.6648,25.9176,60.5989,-116.1484,28.2391,0.0000,0.0000,0.0000,0.0000,0.0000,0.0000,0
38,1700000001.4533,1700000001.4553,0.0333,-65.5662,2.5026,26.7033,60.8912,-115.7734,28.3854,-64.0275,3.6648,26.7418,61.5989,-115.1484,29.1482,-64.0275,3.6648,26.7418,61.5989,-115.1484,29.1482,0.0000,0.0000,0.0000,0.0000,0.0000,0.0000,0
39,1700000001.4867,1700000001.4887,0.0333,-65.2068,2.8034,26.7131,61.0542,-115.6244,28.5933,-64.8516,2.6648,25.5659,60.6868,-116.1484,28.2391,-64.8516,2.6648,25.5659,60.6868,-116.1484,28.2391,0.0000,0.0000,0.0000,0.0000,0.0000,0.0000,0
40,1700000001.5200,1700000001.5220,0.0333,-65.1239,2.7675,26.4215,60.9696,-115.7493,28.4968,-63.6758,3.6648,26.5659,61.7747,-115.1484,29.1482,-63.6758,3.6648,26.5659,61.7747,-115.1484,29.1482,0.0000,0.0000,0.0000,0.0000,0.0000,0.0000,0
41,1700000001.5533,1700000001.5553,0.0333,-64.7857,2.9998,26.4582,61.1551,-115.6061,28.6744,-64.3242,2.6648,25.5659,60.7747,-116.1484,28.2391,-64.3242,2.6648,25.5659,60.7747,-116.1484,28.2391,0.0000,0.0000,0.0000,0.0000,0.0000,0.0000,0
42,1700000001.5867,1700000001.5887,0.0333,-64.6779,2.9131,26.2315,61.0675,-115.7353,28.5557,-62.8846,3.6648,26.5659,61.8626,-115.1484,28.9926,-62.8846,3.6648,26.5659,61.8626,-115.1484,28.9926,0.0000,0.0000,0.0000,0.0000,0.0000,0.0000,0
43,1700000001.6200,1700000001.6220,0.0333,-64.2591,3.1076,26.3165,61.2506,-115.5954,28.6748,-63.5330,2.6648,25.6538,60.9506,-116.1484,28.0058,-63.5330,2.6648,25.6538,60.9506,-116.1484,28.0058,0.0000,0.0000,0.0000,0.0000,0.0000,0.0000,0
44,1700000001.6533,1700000001.6553,0.0333,-64.0895,2.9930,26.1481,61.1815,-115.7272,28.4924,-62.4451,3.5769,26.7418,61.9506,-115.1484,28.9149,-62.4451,3.5769,26.7418,61.9506,-115.1484,28.9149,0.0000,0.0000,0.0000,0.0000,0.0000,0.0000,0
45,1700000001.6867,1700000001.6887,0.0333,-63.7054,3.1442,26.2989,61.3586,-115.5892,28.6076,-63.0934,2.5769,25.7418,60.9506,-116.1484,28.0058,-63.0934,2.5769,25.7418,60.9506,-116.1484,28.0058,0.0000,0.0000,0.0000,0.0000,0.0000,0.0000,0
46,1700000001.7200,1700000001.7220,0.0333,-63.5625,2.9973,26.1573,61.2646,-115.7225,28.4435,-61.9176,3.5769,26.7418,61.9506,-115.1484,28.8371,-61.9176,3.5769,26.7418,61.9506,-115.1484,28.8371,0.0000,0.0000,0.0000,0.0000,0.0000,0.0000,0
47,1700000001.7533,1700000001.7553,0.0333,-63.1783,3.1473,26.3059,61.4226,-115.5857,28.5508,-62.8297,2.5769,25.7418,60.9506,-116.1484,27.9280,-62.8297,2.5769,25.7418,60.9506,-116.1484,27.9280,0.0000,0.0000,0.0000,0.0000,0.0000,0.0000,0
48,1700000001.7867,1700000001.7887,0.0333,-63.0969,2.9997,26.1625,61.3139,-115.7198,28.3810,-61.7418,3.6648,26.5659,61.9506,-115.1484,28.8371,-61.7418,3.6648,26.5659,61.9506,-115.1484,28.8371,0.0000,0.0000,0.0000,0.0000,0.0000,0.0000,0
49,1700000001.8200,1700000001.8220,0.0333,-62.7804,3.1719,26.2650,61.4605,-115.5836,28.5054,-62.7418,2.6648,25.5659,60.7747,-116.1484,27.9280,-62.7418,2.6648,25.5659,60.7747,-116.1484,27.9280,0.0000,0.0000,0.0000,0.0000,0.0000,0.0000,0
50,1700000001.8533,1700000001.8553,0.0333,-62.7714,3.0406,26.0874,61.3026,-115.7182,28.3480,-61.9176,3.7527,26.5659,61.6868,-115.1484,28.8371,-61.9176,3.7527,26.5659,61.6868,-115.1484,28.8371,0.0000,0.0000,0.0000,0.0000,0.0000,0.0000,1
51,1700000002.0733,1700000002.0753,0.2200,-62.0651,3.6541,26.4968,61.6185,-115.2428,28.7773,-63.0055,2.7527,25.8297,60.6868,-116.1484,27.9280,-63.0055,2.7527,25.8297,60.6868,-116.1484,27.9280,0.0000,0.0000,0.0000,0.0000,0.0000,0.0000,1
52,1700000002.1067,1700000002.1087,0.0333,-62.2848,3.4208,26.3273,61.4039,-115.4587,28.5457,-62.0934,3.7527,27.0934,61.6868,-115.1484,28.8371,-62.0934,3.7527,27.0934,61.6868,-115.1484,28.8371,0.0000,0.0000,0.0000,0.0000,0.0000,0.0000,0
53,1700000002.1400,1700000002.1420,0.0333,-62.2401,3.5067,26.5220,61.4691,-115.3847,28.6252,-63.0934,2.7527,26.6209,60.5989,-116.1484,27.9280,-63.0934,2.7527,26.6209,60.5989,-116.1484,27.9280,0.0000,0.0000,0.0000,0.0000,0.0000,0.0000,0
54,1700000002.1733,1700000002.1753,0.0333,-62.4394,3.3116,26.5471,61.2687,-115.5667,28.4351,-62.1813,3.7527,27.9725,61.5989,-115.1484,28.8371,-62.1813,3.7527,27.9725,61.5989,-115.1484,28.8371,0.0000,0.0000,0.0000,0.0000,0.0000,0.0000,0
55,1700000002.2067,1700000002.2087,0.0333,-62.3791,3.4258,26.9094,61.3447,-115.4670,28.5447,-63.5330,2.7527,27.0604,60.5989,-116.1484,27.9280,-63.5330,2.7527,27.0604,60.5989,-116.1484,27.9280,0.0000,0.0000,0.0000,0.0000,0.0000,0.0000,0
56,1700000002.2400,1700000002.2420,0.0333,-62.6486,3.2516,26.9478,61.1729,-115.6294,28.3766,-62.7088,3.7527,28.4121,61.5989,-115.1484,28.8371,-62.7088,3.7527,28.4121,61.5989,-115.1484,28.8371,0.0000,0.0000,0.0000,0.0000,0.0000,0.0000,0
57,1700000002.2733,1700000002.2753,0.0333,-62.6626,3.3813,27.3199,61.2710,-115.5147,28.5021,-63.7088,2.7527,27.6758,60.5989,-116.1484,27.9280,-63.7088,2.7527,27.6758,60.5989,-116.1484,27.9280,0.0000,0.0000,0.0000,0.0000,0.0000,0.0000,0
58,1700000002.3067,1700000002.3087,0.0333,-62.9070,3.2186,27.4104,61.1162,-115.6658,28.3456,-62.7967,3.7527,28.7637,61.5989,-115.1484,28.8371,-62.7967,3.7527,28.7637,61.5989,-115.1484,28.8371,0.0000,0.0000,0.0000,0.0000,0.0000,0.0000,0
59,1700000002.3400,1700000002.3420,0.0333,-62.8812,3.3569,27.7543,61.2274,-115.5424,28.4796,-63.8846,2.7527,27.7637,60.5989,-116.1484,27.9280,-63.8846,2.7527,27.7637,60.5989,-116.1484,27.9280,0.0000,0.0000,0.0000,0.0000,0.0000,0.0000,0
60,1700000002.3733,1700000002.3753,0.0333,-63.1156,3.2005,27.7567,61.0826,-115.6869,28.3292,-62.8846,3.8407,28.8516,61.5989,-115.1484,28.8371,-62.8846,3.8407,28.8516,61.5989,-115.1484,28.8371,0.0000,0.0000,0.0000,0.0000,0.0000,0.0000,0
61,1700000002.4067,1700000002.4087,0.0333,-63.0616,3.3662,28.0350,61.2016,-115.5585,28.4677,-63.8846,2.8407,27.8516,60.5989,-116.1484,27.9280,-63.8846,2.8407,27.8516,60.5989,-116.1484,27.9280,0.0000,0.0000,0.0000,0.0000,0.0000,0.0000,0
62,1700000002.4400,1700000002.4420,0.0333,-63.2538,3.2302,27.9884,61.0627,-115.6991,28.3206,-62.8846,3.8407,29.0275,61.5989,-115.1484,28.8371,-62.8846,3.8407,29.0275,61.5989,-115.1484,28.8371,0.0000,0.0000,0.0000,0.0000,0.0000,0.0000,0
63,1700000002.4733,1700000002.4753,0.0333,-63.1676,3.3882,28.2525,61.1862,-115.5678,28.4614,-63.8846,2.9286,28.3791,60.5110,-116.1484,27.9280,-63.8846,2.9286,28.3791,60.5110,-116.1484,27.9280,0.0000,0.0000,0.0000,0.0000,0.0000,0.0000,0
64,1700000002.5067,1700000002.5087,0.0333,-63.3351,3.2692,28.2846,61.0307,-115.7062,28.3160,-62.8846,4.1923,29.5549,61.5110,-115.1484,28.8371,-62.8846,4.1923,29.5549,61.5110,-115.1484,28.8371,0.0000,0.0000,0.0000,0.0000,0.0000,0.0000,0
65,1700000002.5400,1700000002.5420,0.0333,-63.2299,3.5081,28.6075,61.1413,-115.5732,28.4581,-63.8846,3.6319,28.5549,60.5110,-116.1484,27.9280,-63.8846,3.6319,28.5549,60.5110,-116.1484,27.9280,0.0000,0.0000,0.0000,0.0000,0.0000,0.0000,0
66,1700000002.5733,1700000002.5753,0.0333,-63.3828,3.5402,28.5941,60.9961,-115.7103,28.3136,-62.8846,4.9835,29.5549,61.5989,-115.1484,28.8371,-62.8846,4.9835,29.5549,61.5989,-115.1484,28.8371,0.0000,0.0000,0.0000,0.0000,0.0000,0.0000,0
67,1700000002.6067,1700000002.6087,0.0333,-63.2664,3.9137,28.8383,61.1350,-115.5764,28.4563,-63.9725,4.3352,28.5549,60.5989,-116.1484,27.9280,-63.9725,4.3352,28.5549,60.5989,-116.1484,27.9280,0.0000,0.0000,0.0000,0.0000,0.0000,0.0000,0
68,1700000002.6400,1700000002.6420,0.0333,-63.4313,4.0228,28.7663,61.0115,-115.7127,28.3123,-62.9725,5.5989,29.5549,61.5989,-115.1484,28.6816,-62.9725,5.5989,29.5549,61.5989,-115.1484,28.6816,0.0000,0.0000,0.0000,0.0000,0.0000,0.0000,0
69,1700000002.6733,1700000002.6753,0.0333,-63.3242,4.4307,28.9667,61.1468,-115.5782,28.4130,-64.0604,4.7747,28.3791,60.5989,-116.1484,27.0727,-64.0604,4.7747,28.3791,60.5989,-116.1484,27.0727,0.0000,0.0000,0.0000,0.0000,0.0000,0.0000,0
70,1700000002.7067,1700000002.7087,0.0333,-63.4961,4.5197,28.8174,61.0206,-115.7141,28.0475,-63.0604,5.9505,29.2912,61.5989,-115.1484,26.5821,-63.0604,5.9505,29.2912,61.5989,-115.1484,26.5821,0.0000,0.0000,0.0000,0.0000,0.0000,0.0000,0
71,1700000002.7400,1700000002.7420,0.0333,-63.3944,4.8900,28.9378,61.1538,-115.5792,27.6480,-64.0604,4.9505,28.2912,60.5989,-116.1484,23.5734,-64.0604,4.9505,28.2912,60.5989,-116.1484,23.5734,0.0000,0.0000,0.0000,0.0000,0.0000,0.0000,0
72,1700000002.7733,1700000002.7753,0.0333,-63.5499,4.9057,28.7735,61.0260,-115.7149,26.5371,-63.0604,5.9505,29.2912,61.5989,-115.1484,21.6832,-63.0604,5.9505,29.2912,61.5989,-115.1484,21.6832,0.0000,0.0000,0.0000,0.0000,0.0000,0.0000,0
73,1700000002.8067,1700000002.8087,0.0333,-63.4356,5.1761,28.9051,61.1579,-115.5799,25.2136,-64.0604,4.9505,28.2912,60.5989,-116.1484,17.6637,-64.0604,4.9505,28.2912,60.5989,-116.1484,17.6637,0.0000,0.0000,0.0000,0.0000,0.0000,0.0000,0
74,1700000002.8400,1700000002.8420,0.0333,-63.5815,5.1177,28.7491,61.0292,-115.7154,23.1551,-63.0604,5.9505,29.2912,61.5989,-115.1484,14.9958,-63.0604,5.9505,29.2912,61.5989,-115.1484,14.9958,0.0000,0.0000,0.0000,0.0000,0.0000,0.0000,0
75,1700000002.8733,1700000002.8753,0.0333,-63.4598,5.3333,28.8868,61.1604,-115.5802,20.9305,-64.0604,4.9505,28.2912,60.5989,-116.1484,10.5097,-64.0604,4.9505,28.2912,60.5989,-116.1484,10.5097,0.0000,0.0000,0.0000,0.0000,0.0000,0.0000,0
76,1700000002.9067,1700000002.9087,0.0333,-63.6001,5.2342,28.7355,61.0311,-115.7156,18.0892,-63.0604,5.9505,29.3791,61.5989,-115.1484,7.9196,-63.0604,5.9505,29.3791,61.5989,-115.1484,7.9196,0.0000,0.0000,0.0000,0.0000,0.0000,0.0000,0
77,1700000002.9400,1700000002.9420,0.0333,-63.4741,5.4196,28.8990,61.1619,-115.5804,15.3165,-64.0604,4.9505,28.5549,60.5989,-116.1484,3.5112,-64.0604,4.9505,28.5549,60.5989,-116.1484,3.5112,0.0000,0.0000,0.0000,0.0000,0.0000,0.0000,0
78,1700000002.9733,1700000002.9753,0.0333,-63.6110,5.2982,28.8116,61.0322,-115.7158,12.0978,-63.0604,5.9505,29.5549,61.6868,-115.1484,1.6987,-63.0604,5.9505,29.5549,61.6868,-115.1484,1.6987,0.0000,0.0000,0.0000,0.0000,0.0000,0.0000,0
79,1700000003.0067,1700000003.0087,0.0333,-63.4824,5.4670,29.0005,61.1830,-115.5805,9.2625,-64.0604,4.9505,28.5549,60.6868,-116.1484,0.4786,-64.0604,4.9505,28.5549,60.6868,-116.1484,0.4786,0.0000,0.0000,0.0000,0.0000,0.0000,0.0000,0
80,1700000003.0400,1700000003.0420,0.0333,-63.6174,5.3334,28.8873,61.0687,-115.7159,6.8675,-63.0604,5.9505,29.5549,61.6868,-115.1484,2.4763,-63.0604,5.9505,29.5549,61.6868,-115.1484,2.4763,0.0000,0.0000,0.0000,0.0000,0.0000,0.0000,0
81,1700000003.0733,1700000003.0753,0.0333,-63.4873,5.4931,29.0570,61.2111,-115.5806,5.6703,-64.0604,4.9505,28.5549,60.6868,-116.1484,2.2671,-64.0604,4.9505,28.5549,60.6868,-116.1484,2.2671,0.0000,0.0000,0.0000,0.0000,0.0000,0.0000,0
82,1700000003.1067,1700000003.1087,0.0333,-63.6212,5.3527,28.9294,61.0903,-115.7159,4.7424,-62.8846,5.9505,29.5549,61.6868,-115.1484,3.0984,-62.8846,5.9505,29.5549,61.6868,-115.1484,3.0984,0.0000,0.0000,0.0000,0.0000,0.0000,0.0000,0
83,1700000003.1400,1700000003.1420,0.0333,-63.4492,5.5074,29.0884,61.2277,-115.5806,4.2942,-63.7967,4.8626,28.5549,60.6868,-116.1484,1.8783,-63.7967,4.8626,28.5549,60.6868,-116.1484,1.8783,0.0000,0.0000,0.0000,0.0000,0.0000,0.0000,0
84,1700000003.1733,1700000003.1753,0.0333,-63.5303,5.3405,28.9528,61.1031,-115.7160,3.6355,-62.6209,5.7747,29.5549,61.6868,-115.1484,2.6318,-62.6209,5.7747,29.5549,61.6868,-115.1484,2.6318,0.0000,0.0000,0.0000,0.0000,0.0000,0.0000,0
85,1700000003.2067,1700000003.2087,0.0333,-63.3179,5.4529,29.1058,61.2376,-115.5807,3.3618,-63.6209,4.7747,28.5549,60.7747,-116.1484,1.7227,-63.6209,4.7747,28.5549,60.7747,-116.1484,1.7227,0.0000,0.0000,0.0000,0.0000,0.0000,0.0000,0
86,1700000003.2400,1700000003.2420,0.0333,-63.3887,5.2774,28.9658,61.1310,-115.7160,2.9149,-62.6209,5.6868,29.5549,61.9506,-115.1484,2.6318,-62.6209,5.6868,29.5549,61.9506,-115.1484,2.6318,0.0000,0.0000,0.0000,0.0000,0.0000,0.0000,0
87,1700000003.2733,1700000003.2753,0.0333,-63.2094,5.3834,29.1155,61.3197,-115.5807,2.8377,-63.6209,4.6868,28.5549,60.9506,-116.1484,1.7227,-63.6209,4.6868,28.5549,60.9506,-116.1484,1.7227,0.0000,0.0000,0.0000,0.0000,0.0000,0.0000,0
88,1700000003.3067,1700000003.3087,0.0333,-63.3055,5.2031,28.9731,61.2347,-115.7160,2.5337,-62.4451,5.3352,29.3791,61.9506,-115.1484,2.6318,-62.4451,5.3352,29.3791,61.9506,-115.1484,2.6318,0.0000,0.0000,0.0000,0.0000,0.0000,0.0000,0
89,1700000003.3400,1700000003.3420,0.0333,-63.1045,5.2373,29.0763,61.3996,-115.5807,2.5605,-62.7418,3.8077,27.3242,61.0385,-116.0604,1.7227,-62.7418,3.8077,27.3242,61.0385,-116.0604,1.7227,0.0000,0.0000,0.0000,0.0000,0.0000,0.0000,0
90,1700000003.3733,1700000003.3753,0.0333,-63.0198,4.8673,28.6310,61.3164,-115.6950,2.3321,-60.9506,3.4890,26.5659,62.9176,-114.7967,2.7096,-60.9506,3.4890,26.5659,62.9176,-114.7967,2.7096,0.0000,0.0000,0.0000,0.0000,0.0000,0.0000,0
91,1700000003.4067,1700000003.4087,0.0333,-62.5365,4.5106,28.1062,61.6852,-115.4809,2.4350,-61.1593,0.7308,23.5440,63.6758,-114.8297,1.8783,-61.1593,0.7308,23.5440,63.6758,-114.8297,1.8783,0.0000,0.0000,0.0000,0.0000,0.0000,0.0000,0
92,1700000003.4400,1700000003.4420,0.0333,-62.2149,3.5323,26.9467,62.1437,-115.3257,2.2832,-59.3681,-0.2033,22.2582,66.5220,-112.8626,2.7874,-59.3681,-0.2033,22.2582,66.5220,-112.8626,2.7874,0.0000,0.0000,0.0000,0.0000,0.0000,0.0000,0
93,1700000003.4733,1700000003.4753,0.0333,-61.5500,2.5655,25.7552,63.1522,-114.7386,2.4207,-59.0494,-3.2253,18.8846,67.8077,-112.8077,1.8783,-59.0494,-3.2253,18.8846,67.8077,-112.8077,1.8783,0.0000,0.0000,0.0000,0.0000,0.0000,0.0000,0
94,1700000003.5067,1700000003.5087,0.0333,-60.9660,1.0668,24.0091,64.2245,-114.2784,2.2728,-56.4670,-4.2473,17.5989,71.5330,-110.0495,2.7874,-56.4670,-4.2473,17.5989,71.5330,-110.0495,2.7874,0.0000,0.0000,0.0000,0.0000,0.0000,0.0000,0
95,1700000003.5400,1700000003.5420,0.0333,-59.9153,-0.3085,22.3800,65.9079,-113.2704,2.4131,-55.7967,-7.1813,14.2253,73.7857,-108.6758,1.8783,-55.7967,-7.1813,14.2253,73.7857,-108.6758,1.8783,0.0000,0.0000,0.0000,0.0000,0.0000,0.0000,0
96,1700000003.5733,1700000003.5753,0.0333,-58.9534,-2.0873,20.3076,67.7224,-112.1753,2.2673,-52.8626,-8.0275,12.5000,78.3901,-105.1264,2.7874,-52.8626,-8.0275,12.5000,78.3901,-105.1264,2.7874,0.0000,0.0000,0.0000,0.0000,0.0000,0.0000,0
97,1700000003.6067,1700000003.6087,0.0333,-57.5309,-3.6247,18.3234,70.1796,-110.4952,2.4091,-51.4011,-10.8736,8.5989,81.6099,-103.1374,1.9560,-51.4011,-10.8736,8.5989,81.6099,-103.1374,1.9560,0.0000,0.0000,0.0000,0.0000,0.0000,0.0000,0
98,1700000003.6400,1700000003.6420,0.0333,-56.0992,-5.5008,15.8520,72.8124,-108.7414,2.2855,-47.9396,-11.6319,6.9615,86.6538,-98.4451,2.8651,-47.9396,-11.6319,6.9615,86.6538,-98.4451,2.8651,0.0000,0.0000,0.0000,0.0000,0.0000,0.0000,0
99,1700000003.6733,1700000003.6753,0.0333,-54.1935,-7.0876,13.5926,76.0005,-106.2872,2.4436,-45.9506,-14.3022,3.5879,89.5220,-95.5769,1.9560,-45.9506,-14.3022,3.5879,89.5220,-95.5769,1.9560,0.0000,0.0000,0.0000,0.0000,0.0000,0.0000,0
100,1700000003.7067,1700000003.7087,0.0333,-52.2684,-8.9548,11.0500,79.1150,-103.7344,2.3106,-41.6099,-14.7967,2.7418,93.5110,-89.9176,2.8651,-41.6099,-14.7967,2.7418,93.5110,-89.9176,2.8651,0.0000,0.0000,0.0000,0.0000,0.0000,0.0000,1
101,1700000003.9267,1700000003.9287,0.2200,-43.4519,-13.9874,3.9414,90.9534,-92.2084,2.7973,-39.1813,-17.0275,0.3352,94.7967,-85.8187,1.9560,-39.1813,-17.0275,0.3352,94.7967,-85.8187,1.9560,0.0000,0.0000,0.0000,0.0000,0.0000,0.0000,1
102,1700000003.9600,1700000003.9620,0.0333,-42.4545,-14.7742,3.0249,91.8386,-90.6854,2.5679,-34.4011,-17.3462,0.7198,97.2033,-78.8407,2.8651,-34.4011,-17.3462,0.7198,97.2033,-78.8407,2.8651,0.0000,0.0000,0.0000,0.0000,0.0000,0.0000,0
103,1700000003.9933,1700000003.9953,0.0333,-40.5736,-15.4399,2.4391,93.0743,-87.8622,2.6490,-31.1813,-19.6648,-0.3681,96.5549,-73.5110,1.8783,-31.1813,-19.6648,-0.3681,96.5549,-73.5110,1.8783,0.0000,0.0000,0.0000,0.0000,0.0000,0.0000,0
104,1700000004.0267,1700000004.0287,0.0333,-38.3800,-16.5333,1.7257,93.8760,-84.4415,2.4388,-26.2253,-19.6319,0.4560,97.5549,-65.7418,2.7874,-26.2253,-19.6319,0.4560,97.5549,-65.7418,2.7874,0.0000,0.0000,0.0000,0.0000,0.0000,0.0000,0
105,1700000004.0600,1700000004.0620,0.0333,-35.5412,-17.3353,1.4030,94.7234,-79.9844,2.5339,-23.3571,-21.4231,-0.8956,96.1154,-60.2363,1.8005,-23.3571,-21.4231,-0.8956,96.1154,-60.2363,1.8005,0.0000,0.0000,0.0000,0.0000,0.0000,0.0000,0
106,1700000004.0933,1700000004.0953,0.0333,-32.6956,-18.3932,0.8188,95.0440,-75.2774,2.3339,-18.5769,-21.0385,-0.6868,96.5000,-52.6429,2.7096,-18.5769,-21.0385,-0.6868,96.5000,-52.6429,2.7096,0.0000,0.0000,0.0000,0.0000,0.0000,0.0000,0
107,1700000004.1267,1700000004.1287,0.0333,-29.3982,-19.0778,0.4362,95.3794,-69.8824,2.4363,-15.8846,-22.5659,-2.6538,95.0604,-47.0494,1.8783,-15.8846,-22.5659,-2.6538,95.0604,-47.0494,1.8783,0.0000,0.0000,0.0000,0.0000,0.0000,0.0000,0
108,1700000004.1600,1700000004.1620,0.0333,-26.2421,-19.9806,-0.3491,95.3059,-64.4401,2.2842,-11.3681,-21.9176,-2.7967,95.6209,-39.7198,2.7096,-11.3681,-21.9176,-2.7967,95.6209,-39.7198,2.7096,0.0000,0.0000,0.0000,0.0000,0.0000,0.0000,0
109,1700000004.1933,1700000004.1953,0.0333,-22.7682,-20.4819,-0.9711,95.3785,-58.5479,2.4002,-9.2912,-23.0934,-5.1154,94.0934,-33.9506,1.8005,-9.2912,-23.0934,-5.1154,94.0934,-33.9506,1.8005,0.0000,0.0000,0.0000,0.0000,0.0000,0.0000,0
110,1700000004.2267,1700000004.2287,0.0333,-19.6206,-21.1578,-2.0243,95.0825,-52.6851,2.2367,-5.4780,-22.0055,-5.4341,94.1264,-26.3571,2.7096,-5.4780,-22.0055,-5.4341,94.1264,-26.3571,2.7096,0.0000,0.0000,0.0000,0.0000,0.0000,0.0000,0
111,1700000004.2600,1700000004.2620,0.0333,-16.3176,-21.3772,-2.8909,94.8622,-46.4098,2.3656,-4.1044,-22.9176,-7.4011,91.6319,-20.7637,1.8005,-4.1044,-22.9176,-7.4011,91.6319,-20.7637,1.8005,0.0000,0.0000,0.0000,0.0000,0.0000,0.0000,0
112,1700000004.2933,1700000004.2953,0.0333,-13.4652,-21.7759,-4.0371,94.1182,-40.2970,2.2115,-1.0824,-21.8297,-6.7527,90.2582,-13.8736,2.7096,-1.0824,-21.8297,-6.7527,90.2582,-13.8736,2.7096,0.0000,0.0000,0.0000,0.0000,0.0000,0.0000,0
113,1700000004.3267,1700000004.3287,0.0333,-10.5732,-21.7898,-4.7273,93.2291,-33.9989,2.3473,-0.4121,-22.5659,-7.6648,86.5330,-9.8626,1.8005,-0.4121,-22.5659,-7.6648,86.5330,-9.8626,1.8005,0.0000,0.0000,0.0000,0.0000,0.0000,0.0000,0
114,1700000004.3600,1700000004.3620,0.0333,-8.2000,-21.9907,-5.4738,91.6868,-28.2460,2.1982,1.9066,-21.1264,-6.6648,85.3352,-5.2582,2.7096,1.9066,-21.1264,-6.6648,85.3352,-5.2582,2.7096,0.0000,0.0000,0.0000,0.0000,0.0000,0.0000,0
115,1700000004.3933,1700000004.3953,0.0333,-5.8396,-21.7670,-5.7765,90.2238,-22.7668,2.3377,1.7857,-21.4231,-7.8407,83.2802,-4.5000,1.8005,1.7857,-21.4231,-7.8407,83.2802,-4.5000,1.8005,0.0000,0.0000,0.0000,0.0000,0.0000,0.0000,0
116,1700000004.4267,1700000004.4287,0.0333,-4.0587,-21.6780,-6.3011,88.6244,-18.4129,2.1912,3.4890,-19.6319,-6.8407,83.4011,-3.1484,2.7096,3.4890,-19.6319,-6.8407,83.4011,-3.1484,2.7096,0.0000,0.0000,0.0000,0.0000,0.0000,0.0000,0
117,1700000004.4600,1700000004.4620,0.0333,-2.2959,-21.1484,-6.4382,87.4213,-14.7745,2.3325,2.8407,-19.4890,-7.9286,81.7857,-4.1484,1.8005,2.8407,-19.4890,-7.9286,81.7857,-4.1484,1.8005,0.0000,0.0000,0.0000,0.0000,0.0000,0.0000,0
118,1700000004.4933,1700000004.4953,0.0333,-1.0963,-20.7189,-6.8170,86.1232,-12.2417,2.1875,3.9286,-17.2582,-7.0165,82.2582,-3.0604,2.7096,3.9286,-17.2582,-7.0165,82.2582,-3.0604,2.7096,0.0000,0.0000,0.0000,0.0000,0.0000,0.0000,0
119,1700000004.5267,1700000004.5287,0.0333,0.0773,-19.8233,-6.8677,85.2330,-10.0534,2.3298,2.7527,-16.8516,-8.3681,80.8187,-4.0604,1.8005,2.7527,-16.8516,-8.3681,80.8187,-4.0604,1.8005,0.0000,0.0000,0.0000,0.0000,0.0000,0.0000,0
120,1700000004.5600,1700000004.5620,0.0333,0.7022,-19.0542,-7.2490,84.2162,-8.6249,2.1855,3.6648,-14.3571,-7.9835,81.4670,-3.0604,2.7096,3.6648,-14.3571,-7.9835,81.4670,-3.0604,2.7096,0.0000,0.0000,0.0000,0.0000,0.0000,0.0000,0
121,1700000004.5933,1700000004.5953,0.0333,1.3941,-17.8385,-7.4357,83.5830,-7.2986,2.3284,2.3132,-13.5989,-9.7747,80.0275,-3.9725,1.8783,2.3132,-13.5989,-9.7747,80.0275,-3.9725,1.8783,0.0000,0.0000,0.0000,0.0000,0.0000,0.0000,0
122,1700000004.6267,1700000004.6287,0.0333,1.6087,-16.7413,-8.0301,82.7640,-6.5058,2.2057,2.6978,-10.8407,-9.8297,80.5879,-2.9725,2.7874,2.6978,-10.8407,-9.8297,80.5879,-2.9725,2.7874,0.0000,0.0000,0.0000,0.0000,0.0000,0.0000,0
123,1700000004.6600,1700000004.6620,0.0333,1.8631,-15.2141,-8.4874,82.2628,-5.6637,2.3643,1.2582,-9.9066,-12.4121,79.3242,-3.9725,1.8005,1.2582,-9.9066,-12.4121,79.3242,-3.9725,1.8005,0.0000,0.0000,0.0000,0.0000,0.0000,0.0000,0
124,1700000004.6933,1700000004.6953,0.0333,1.7218,-13.8405,-9.4848,81.5859,-5.2606,2.2106,1.9066,-6.8846,-13.0824,80.1484,-2.9725,2.7096,1.9066,-6.8846,-13.0824,80.1484,-2.9725,2.7096,0.0000,0.0000,0.0000,0.0000,0.0000,0.0000,0
125,1700000004.7267,1700000004.7287,0.0333,1.7650,-12.0402,-10.3991,81.2548,-4.7152,2.3466,0.8187,-5.8626,-15.8407,79.1484,-3.9725,1.8005,0.8187,-5.8626,-15.8407,79.1484,-3.9725,1.8005,0.0000,0.0000,0.0000,0.0000,0.0000,0.0000,0
126,1700000004.7600,1700000004.7620,0.0333,1.5440,-10.4414,-11.7820,80.7696,-4.5382,2.1977,1.7308,-2.7527,-16.5989,80.1484,-2.9725,2.7096,1.7308,-2.7527,-16.5989,80.1484,-2.9725,2.7096,0.0000,0.0000,0.0000,0.0000,0.0000,0.0000,0
127,1700000004.7933,1700000004.7953,0.0333,1.5876,-8.4515,-13.0062,80.6265,-4.1650,2.3373,0.4670,-1.7308,-19.6209,79.1484,-3.9725,1.8783,0.4670,-1.7308,-19.6209,79.1484,-3.9725,1.8783,0.0000,0.0000,0.0000,0.0000,0.0000,0.0000,0
128,1700000004.8267,1700000004.8287,0.0333,1.3259,-6.7121,-14.6872,80.2860,-4.1191,2.2121,0.5879,1.3791,-20.8187,80.1484,-2.9725,2.7874,0.5879,1.3791,-20.8187,80.1484,-2.9725,2.7874,0.0000,0.0000,0.0000,0.0000,0.0000,0.0000,0
129,1700000004.8600,1700000004.8620,0.0333,1.1535,-4.6180,-16.2455,80.2543,-3.8458,2.3690,-1.0275,2.2253,-23.9286,79.2363,-3.9725,1.8005,-1.0275,2.2253,-23.9286,79.2363,-3.9725,1.8005,0.0000,0.0000,0.0000,0.0000,0.0000,0.0000,0
130,1700000004.8933,1700000004.8953,0.0333,0.6442,-2.8469,-18.1980,80.0198,-3.8760,2.2140,-0.6429,4.9835,-24.7747,80.3242,-2.9725,2.7096,-0.6429,4.9835,-24.7747,80.3242,-2.9725,2.7096,0.0000,0.0000,0.0000,0.0000,0.0000,0.0000,0
131,1700000004.9267,1700000004.9287,0.0333,0.3436,-0.8203,-19.8694,80.0899,-3.6607,2.3491,-1.9945,5.5659,-27.3571,79.8516,-3.9725,1.8005,-1.9945,5.5659,-27.3571,79.8516,-3.9725,1.8005,0.0000,0.0000,0.0000,0.0000,0.0000,0.0000,0
132,1700000004.9600,1700000004.9620,0.0333,-0.2025,0.8325,-21.7723,80.0350,-3.7350,2.1995,-1.4341,8.0604,-28.0275,81.7308,-2.9725,2.7096,-1.4341,8.0604,-28.0275,81.7308,-2.9725,2.7096,0.0000,0.0000,0.0000,0.0000,0.0000,0.0000,0
133,1700000004.9933,1700000004.9953,0.0333,-0.4901,2.7032,-23.3620,80.4256,-3.5533,2.3386,-2.8736,8.4670,-30.6978,81.5220,-3.9725,1.8005,-2.8736,8.4670,-30.6978,81.5220,-3.9725,1.8005,0.0000,0.0000,0.0000,0.0000,0.0000,0.0000,0
134,1700000005.0267,1700000005.0287,0.0333,-1.0468,4.1949,-25.2263,80.6782,-3.6532,2.1919,-2.1374,10.8736,-31.1044,82.9615,-2.9725,2.7096,-2.1374,10.8736,-31.1044,82.9615,-2.9725,2.7096,0.0000,0.0000,0.0000,0.0000,0.0000,0.0000,0
135,1700000005.0600,1700000005.0620,0.0333,-1.3015,5.9234,-26.7202,81.2041,-3.4910,2.3330,-3.4890,11.2802,-33.2473,82.1374,-3.9725,1.8783,-3.4890,11.2802,-33.2473,82.1374,-3.9725,1.8783,0.0000,0.0000,0.0000,0.0000,0.0000,0.0000,0
136,1700000005.0933,1700000005.0953,0.0333,-1.8124,7.3098,-28.3789,81.4191,-3.6057,2.2091,-2.7527,13.3352,-33.2143,83.3132,-2.9725,2.8651,-2.7527,13.3352,-33.2143,83.3132,-2.9725,2.8651,0.0000,0.0000,0.0000,0.0000,0.0000,0.0000,0
137,1700000005.1267,1700000005.1287,0.0333,-2.0320,8.8692,-29.6078,81.8553,-3.4548,2.3879,-3.9286,13.3901,-35.3571,82.4890,-3.9725,2.0338,-3.9286,13.3901,-35.3571,82.4890,-3.9725,2.0338,0.0000,0.0000,0.0000,0.0000,0.0000,0.0000,0
138,1700000005.1600,1700000005.1620,0.0333,-2.4750,10.0393,-31.0689,82.0013,-3.5782,2.2914,-2.9286,15.2692,-35.1483,83.4890,-2.9725,2.9429,-2.9286,15.2692,-35.1483,83.4890,-2.9725,2.9429,0.0000,0.0000,0.0000,0.0000,0.0000,0.0000,0
139,1700000005.1933,1700000005.1953,0.0333,-2.5809,11.3929,-32.1057,82.3440,-3.4338,2.4690,-3.9286,14.9725,-36.8517,82.6648,-3.9725,2.0338,-3.9286,14.9725,-36.8517,82.6648,-3.9725,2.0338,0.0000,0.0000,0.0000,0.0000,0.0000,0.0000,0
140,1700000005.2267,1700000005.2287,0.0333,-2.8957,12.3193,-33.3118,82.4179,-3.5622,2.3503,-2.9286,16.7637,-36.7308,83.7527,-2.9725,2.9429,-2.9286,16.7637,-36.7308,83.7527,-2.9725,2.9429,0.0000,0.0000,0.0000,0.0000,0.0000,0.0000,0
141,1700000005.2600,1700000005.2620,0.0333,-2.9033,13.4696,-34.1807,82.7253,-3.4217,2.5119,-3.8407,16.2912,-38.5220,82.8407,-3.9725,2.1116,-3.8407,16.2912,-38.5220,82.8407,-3.9725,2.1116,0.0000,0.0000,0.0000,0.0000,0.0000,0.0000,0
142,1700000005.2933,1700000005.2953,0.0333,-3.1223,14.1998,-35.2840,82.7519,-3.5530,2.4027,-2.8407,17.9066,-38.0494,83.8407,-2.9725,3.0206,-2.8407,17.9066,-38.0494,83.8407,-2.9725,3.0206,0.0000,0.0000,0.0000,0.0000,0.0000,0.0000,0
143,1700000005.3267,1700000005.3287,0.0333,-3.0565,15.1592,-35.9868,83.0027,-3.4146,2.5712,-3.7527,17.5220,-39.3132,82.7527,-3.9725,2.1116,-3.7527,17.5220,-39.3132,82.7527,-3.9725,2.1116,0.0000,0.0000,0.0000,0.0000,0.0000,0.0000,0
144,1700000005.3600,1700000005.3620,0.0333,-3.2191,15.7707,-36.8322,82.9451,-3.5476,2.4459,-2.7527,19.1374,-38.4890,83.7527,-2.9725,3.0206,-2.7527,19.1374,-38.4890,83.7527,-2.9725,3.0206,0.0000,0.0000,0.0000,0.0000,0.0000,0.0000,0
145,1700000005.3933,1700000005.3953,0.0333,-3.1102,16.6420,-37.2532,83.1311,-3.4105,2.6026,-3.7527,18.7527,-39.7527,82.7527,-3.9725,2.1116,-3.7527,18.7527,-39.7527,82.7527,-3.9725,2.1116,0.0000,0.0000,0.0000,0.0000,0.0000,0.0000,0
146,1700000005.4267,1700000005.4287,0.0333,-3.2603,17.1883,-37.8885,83.0440,-3.5445,2.4687,-2.7527,20.1923,-38.9286,83.8407,-2.9725,3.0206,-2.7527,20.1923,-38.9286,83.8407,-2.9725,3.0206,0.0000,0.0000,0.0000,0.0000,0.0000,0.0000,0
147,1700000005.4600,1700000005.4620,0.0333,-3.1417,17.9658,-38.1528,83.2275,-3.4082,2.6192,-3.7527,19.5440,-40.0165,82.8407,-3.9725,2.1116,-3.7527,19.5440,-40.0165,82.8407,-3.9725,2.1116,0.0000,0.0000,0.0000,0.0000,0.0000,0.0000,0
148,1700000005.4933,1700000005.4953,0.0333,-3.2844,18.3742,-38.6264,83.1384,-3.5427,2.4808,-2.8407,20.8077,-39.0165,83.8407,-2.9725,3.0206,-2.8407,20.8077,-39.0165,83.8407,-2.9725,3.0206,0.0000,0.0000,0.0000,0.0000,0.0000,0.0000,0
149,1700000005.5267,1700000005.5287,0.0333,-3.1808,19.0040,-38.7256,83.3001,-3.4068,2.6280,-3.8407,19.8956,-40.0165,82.8407,-3.9725,2.1116,-3.8407,19.8956,-40.0165,82.8407,-3.9725,2.1116,0.0000,0.0000,0.0000,0.0000,0.0000,0.0000,0
150,1700000005.5600,1700000005.5620,0.0333,-3.3349,19.2348,-39.0536,83.1943,-3.5416,2.4872,-2.8407,20.8956,-38.8407,83.8407,-2.9725,3.0206,-2.8407,20.8956,-38.8407,83.8407,-2.9725,3.0206,0.0000,0.0000,0.0000,0.0000,0.0000,0.0000,1
151,1700000005.7800,1700000005.7820,0.2200,-2.9261,20.6655,-38.8714,83.7258,-3.0669,2.9554,-3.8407,19.8956,-39.6648,82.8407,-3.9725,2.1116,-3.8407,19.8956,-39.6648,82.8407,-3.9725,2.1116,0.0000,0.0000,0.0000,0.0000,0.0000,0.0000,1
152,1700000005.8133,1700000005.8153,0.0333,-3.1397,20.4663,-39.0731,83.5219,-3.2827,2.7253,-2.8407,20.9835,-38.5769,83.8407,-2.9725,3.0206,-2.8407,20.9835,-38.5769,83.8407,-2.9725,3.0206,0.0000,0.0000,0.0000,0.0000,0.0000,0.0000,0
153,1700000005.8467,1700000005.8487,0.0333,-3.0698,20.6001,-38.9470,83.5954,-3.2088,2.8058,-3.8407,20.0714,-39.4011,82.6648,-3.9725,2.1116,-3.8407,20.0714,-39.4011,82.6648,-3.9725,2.1116,0.0000,0.0000,0.0000,0.0000,0.0000,0.0000,0
154,1700000005.8800,1700000005.8820,0.0333,-3.2499,20.4633,-39.0624,83.3810,-3.3908,2.6165,-2.8407,21.3352,-37.8736,83.5769,-2.9725,3.0206,-2.8407,21.3352,-37.8736,83.5769,-2.9725,3.0206,0.0000,0.0000,0.0000,0.0000,0.0000,0.0000,0
155,1700000005.9133,1700000005.9153,0.0333,-3.1543,20.6889,-38.7603,83.4261,-3.2911,2.7267,-3.8407,20.8626,-38.7857,82.2253,-3.9725,2.1116,-3.8407,20.8626,-38.7857,82.2253,-3.9725,2.1116,0.0000,0.0000,0.0000,0.0000,0.0000,0.0000,0
156,1700000005.9467,1700000005.9487,0.0333,-3.3146,20.7339,-38.7667,83.1495,-3.4535,2.5590,-2.8407,22.4780,-37.8736,83.1374,-2.9725,3.0206,-2.8407,22.4780,-37.8736,83.1374,-2.9725,3.0206,0.0000,0.0000,0.0000,0.0000,0.0000,0.0000,0
157,1700000005.9800,1700000005.9820,0.0333,-3.2039,21.1853,-38.5398,83.1467,-3.3389,2.6849,-3.8407,22.0934,-39.0494,82.0495,-3.9725,2.1116,-3.8407,22.0934,-39.0494,82.0495,-3.9725,2.1116,0.0000,0.0000,0.0000,0.0000,0.0000,0.0000,0
158,1700000006.0133,1700000006.0153,0.0333,-3.3526,21.4203,-38.6693,82.8940,-3.4899,2.5285,-2.8407,23.6209,-38.5769,82.9615,-2.9725,3.0206,-2.8407,23.6209,-38.5769,82.9615,-2.9725,3.0206,0.0000,0.0000,0.0000,0.0000,0.0000,0.0000,0
159,1700000006.0467,1700000006.0487,0.0333,-3.2331,21.9899,-38.6458,82.9096,-3.3666,2.6627,-3.8407,23.1484,-39.9286,81.8736,-3.9725,2.1116,-3.8407,23.1484,-39.9286,81.8736,-3.9725,2.1116,0.0000,0.0000,0.0000,0.0000,0.0000,0.0000,0
160,1700000006.0800,1700000006.0820,0.0333,-3.3750,22.2897,-38.9718,82.6709,-3.5110,2.5124,-2.9286,24.6758,-39.4560,82.7857,-2.9725,3.0206,-2.9286,24.6758,-39.4560,82.7857,-2.9725,3.0206,0.0000,0.0000,0.0000,0.0000,0.0000,0.0000,0
161,1700000006.1133,1700000006.1153,0.0333,-3.2707,22.9072,-39.0949,82.6974,-3.3827,2.6510,-3.9286,24.2033,-41.1593,81.7857,-3.9725,2.1116,-3.9286,24.2033,-41.1593,81.7857,-3.9725,2.1116,0.0000,0.0000,0.0000,0.0000,0.0000,0.0000,0
162,1700000006.1467,1700000006.1487,0.0333,-3.4244,23.2427,-39.6195,82.4874,-3.5233,2.5039,-3.1044,25.7308,-40.6868,82.7857,-2.9725,3.0206,-3.1044,25.7308,-40.6868,82.7857,-2.9725,3.0206,0.0000,0.0000,0.0000,0.0000,0.0000,0.0000,0
163,1700000006.1800,1700000006.1820,0.0333,-3.3496,23.8866,-39.8908,82.5561,-3.3920,2.6448,-4.5440,25.2582,-42.2143,81.7857,-3.9725,2.1116,-4.5440,25.2582,-42.2143,81.7857,-3.9725,2.1116,0.0000,0.0000,0.0000,0.0000,0.0000,0.0000,0
164,1700000006.2133,1700000006.2153,0.0333,-3.6286,24.2416,-40.4813,82.3787,-3.5304,2.4994,-3.7198,26.6978,-41.8297,82.7857,-2.9725,3.0206,-3.7198,26.6978,-41.8297,82.7857,-2.9725,3.0206,0.0000,0.0000,0.0000,0.0000,0.0000,0.0000,0
165,1700000006.2467,1700000006.2487,0.0333,-3.6499,24.8773,-40.8239,82.4724,-3.3974,2.6415,-4.8077,26.1374,-43.3571,81.7857,-3.9725,2.1116,-4.8077,26.1374,-43.3571,81.7857,-3.9725,2.1116,0.0000,0.0000,0.0000,0.0000,0.0000,0.0000,0
166,1700000006.2800,1700000006.2820,0.0333,-3.9203,25.2034,-41.4677,82.3142,-3.5345,2.4970,-3.8956,27.5769,-42.8846,82.7857,-2.9725,3.0206,-3.8956,27.5769,-42.8846,82.7857,-2.9725,3.0206,0.0000,0.0000,0.0000,0.0000,0.0000,0.0000,0
167,1700000006.3133,1700000006.3153,0.0333,-3.9145,25.8177,-41.8278,82.4228,-3.4005,2.6398,-4.9835,26.9286,-44.2363,81.7857,-3.9725,2.1116,-4.9835,26.9286,-44.2363,81.7857,-3.9725,2.1116,0.0000,0.0000,0.0000,0.0000,0.0000,0.0000,0
168,1700000006.3467,1700000006.3487,0.0333,-4.1642,26.1052,-42.4399,82.2761,-3.5369,2.4958,-4.2473,28.1923,-43.6758,82.7857,-2.9725,3.0206,-4.2473,28.1923,-43.6758,82.7857,-2.9725,3.0206,0.0000,0.0000,0.0000,0.0000,0.0000,0.0000,0
169,1700000006.3800,1700000006.3820,0.0333,-4.1836,26.6454,-42.7540,82.3935,-3.4024,2.6389,-5.5110,27.4560,-45.0275,81.7857,-3.9725,2.1116,-5.5110,27.4560,-45.0275,81.7857,-3.9725,2.1116,0.0000,0.0000,0.0000,0.0000,0.0000,0.0000,0
170,1700000006.4133,1700000006.4153,0.0333,-4.4936,26.8552,-43.3318,82.2535,-3.5383,2.4951,-4.5989,28.6319,-44.2033,82.7857,-2.9725,3.0206,-4.5989,28.6319,-44.2033,82.7857,-2.9725,3.0206,0.0000,0.0000,0.0000,0.0000,0.0000,0.0000,0
171,1700000006.4467,1700000006.4487,0.0333,-4.5182,27.3150,-43.5533,82.3761,-3.4034,2.6384,-5.6868,27.8956,-45.2912,81.7857,-3.9725,2.1116,-5.6868,27.8956,-45.2912,81.7857,-3.9725,2.1116,0.0000,0.0000,0.0000,0.0000,0.0000,0.0000,0
172,1700000006.4800,1700000006.4820,0.0333,-4.7911,27.4653,-43.9949,82.2401,-3.5391,2.4947,-4.6868,29.0714,-44.2912,82.7857,-2.9725,3.0206,-4.6868,29.0714,-44.2912,82.7857,-2.9725,3.0206,0.0000,0.0000,0.0000,0.0000,0.0000,0.0000,0
173,1700000006.5133,1700000006.5153,0.0333,-4.7668,27.8810,-44.0702,82.3658,-3.4040,2.6381,-5.7747,28.1593,-45.2912,81.7857,-3.9725,2.1116,-5.7747,28.1593,-45.2912,81.7857,-3.9725,2.1116,0.0000,0.0000,0.0000,0.0000,0.0000,0.0000,0
174,1700000006.5467,1700000006.5487,0.0333,-5.0022,27.9530,-44.3805,82.2322,-3.5395,2.4946,-4.7747,29.1593,-44.2912,82.7857,-2.9725,3.0206,-4.7747,29.1593,-44.2912,82.7857,-2.9725,3.0206,0.0000,0.0000,0.0000,0.0000,0.0000,0.0000,0
175,1700000006.5800,1700000006.5820,0.0333,-4.9491,28.2652,-44.3578,82.3597,-3.4044,2.6380,-5.7747,28.1593,-45.2912,81.7857,-3.9725,2.1116,-5.7747,28.1593,-45.2912,81.7857,-3.9725,2.1116,0.0000,0.0000,0.0000,0.0000,0.0000,0.0000,0
176,1700000006.6133,1700000006.6153,0.0333,-5.1419,28.2378,-44.5950,82.2275,-3.5398,2.4945,-4.7747,29.1593,-44.2912,82.7857,-2.9725,3.0206,-4.7747,29.1593,-44.2912,82.7857,-2.9725,3.0206,0.0000,0.0000,0.0000,0.0000,0.0000,0.0000,0
177,1700000006.6467,1700000006.6487,0.0333,-5.0561,28.4763,-44.5178,82.3560,-3.4046,2.6379,-5.7747,28.2473,-45.2912,81.7857,-3.9725,2.1116,-5.7747,28.2473,-45.2912,81.7857,-3.9725,2.1116,0.0000,0.0000,0.0000,0.0000,0.0000,0.0000,0
178,1700000006.6800,1700000006.6820,0.0333,-5.2240,28.4170,-44.7144,82.2247,-3.5400,2.4944,-4.7747,29.2473,-44.1154,82.7857,-2.9725,3.0206,-4.7747,29.2473,-44.1154,82.7857,-2.9725,3.0206,0.0000,0.0000,0.0000,0.0000,0.0000,0.0000,0
179,1700000006.7133,1700000006.7153,0.0333,-5.1190,28.6319,-44.5621,82.3539,-3.4047,2.6379,-5.7747,28.2473,-45.0275,81.7857,-3.9725,2.1893,-5.7747,28.2473,-45.0275,81.7857,-3.9725,2.1893,0.0000,0.0000,0.0000,0.0000,0.0000,0.0000,0
180,1700000006.7467,1700000006.7487,0.0333,-5.2722,28.5324,-44.6804,82.2230,-3.5401,2.5156,-4.7747,29.2473,-44.0275,82.7857,-2.9725,3.0984,-4.7747,29.2473,-44.0275,82.7857,-2.9725,3.0984,0.0000,0.0000,0.0000,0.0000,0.0000,0.0000,0
181,1700000006.7800,1700000006.7820,0.0333,-5.1560,28.7174,-44.5145,82.3526,-3.4048,2.6745,-5.7747,28.3352,-45.0275,81.7857,-3.9725,2.1893,-5.7747,28.3352,-45.0275,81.7857,-3.9725,2.1893,0.0000,0.0000,0.0000,0.0000,0.0000,0.0000,0
182,1700000006.8133,1700000006.8153,0.0333,-5.3005,28.6185,-44.6448,82.2221,-3.5401,2.5422,-4.7747,29.5110,-44.0275,82.7857,-2.9725,3.0984,-4.7747,29.5110,-44.0275,82.7857,-2.9725,3.0984,0.0000,0.0000,0.0000,0.0000,0.0000,0.0000,0
183,1700000006.8467,1700000006.8487,0.0333,-5.1777,28.8495,-44.4879,82.3519,-3.4048,2.6939,-5.7747,28.7747,-45.0275,81.7857,-3.9725,2.2671,-5.7747,28.7747,-45.0275,81.7857,-3.9725,2.2671,0.0000,0.0000,0.0000,0.0000,0.0000,0.0000,0
184,1700000006.8800,1700000006.8820,0.0333,-5.3171,28.8301,-44.6251,82.2215,-3.5401,2.5775,-4.7747,29.9506,-44.2033,82.7857,-2.9725,3.1762,-4.7747,29.9506,-44.2033,82.7857,-2.9725,3.1762,0.0000,0.0000,0.0000,0.0000,0.0000,0.0000,0
185,1700000006.9133,1700000006.9153,0.0333,-5.1905,29.1201,-44.5179,82.3514,-3.4048,2.7407,-5.7747,29.1264,-45.2033,81.7857,-3.9725,2.2671,-5.7747,29.1264,-45.2033,81.7857,-3.9725,2.2671,0.0000,0.0000,0.0000,0.0000,0.0000,0.0000,0
186,1700000006.9467,1700000006.9487,0.0333,-5.3269,29.1217,-44.6921,82.2211,-3.5402,2.6116,-4.7747,30.1264,-44.2033,82.7857,-2.9725,3.4094,-4.7747,30.1264,-44.2033,82.7857,-2.9725,3.4094,0.0000,0.0000,0.0000,0.0000,0.0000,0.0000,0
187,1700000006.9800,1700000006.9820,0.0333,-5.1980,29.3817,-44.5679,82.3512,-3.4049,2.8291,-5.7747,29.1264,-45.2033,81.7857,-3.9725,3.5890,-5.7747,29.1264,-45.2033,81.7857,-3.9725,3.5890,0.0000,0.0000,0.0000,0.0000,0.0000,0.0000,0
188,1700000007.0133,1700000007.0153,0.0333,-5.3327,29.3156,-44.7293,82.2209,-3.5402,3.0363,-4.8626,30.1264,-44.2033,82.7857,-2.9725,6.3643,-4.8626,30.1264,-44.2033,82.7857,-2.9725,6.3643,0.0000,0.0000,0.0000,0.0000,0.0000,0.0000,0
189,1700000007.0467,1700000007.0487,0.0333,-5.2229,29.5255,-44.5957,82.3510,-3.4049,3.9437,-5.8626,29.1264,-45.1154,81.7857,-3.9725,7.8658,-5.8626,29.1264,-45.1154,81.7857,-3.9725,7.8658,0.0000,0.0000,0.0000,0.0000,0.0000,0.0000,0
190,1700000007.0800,1700000007.0820,0.0333,-5.3723,29.4222,-44.7277,82.2208,-3.5402,5.0131,-4.8626,30.1264,-44.0275,82.7857,-2.9725,11.6521,-4.8626,30.1264,-44.0275,82.7857,-2.9725,11.6521,0.0000,0.0000,0.0000,0.0000,0.0000,0.0000,0
191,1700000007.1133,1700000007.1153,0.0333,-5.2533,29.6044,-44.5498,82.3509,-3.4049,6.8232,-5.8626,29.1264,-44.9396,81.7857,-3.9725,13.6201,-5.8626,29.1264,-44.9396,81.7857,-3.9725,13.6201,0.0000,0.0000,0.0000,0.0000,0.0000,0.0000,0
192,1700000007.1467,1700000007.1487,0.0333,-5.3956,29.4807,-44.6488,82.2207,-3.5402,8.6764,-4.8626,30.1264,-43.9396,82.7857,-2.9725,17.3286,-4.8626,30.1264,-43.9396,82.7857,-2.9725,17.3286,0.0000,0.0000,0.0000,0.0000,0.0000,0.0000,0
193,1700000007.1800,1700000007.1820,0.0333,-5.2711,29.6478,-44.4686,82.3509,-3.4049,11.0354,-5.8626,29.1264,-44.9396,81.7857,-3.9725,18.6745,-5.8626,29.1264,-44.9396,81.7857,-3.9725,18.6745,0.0000,0.0000,0.0000,0.0000,0.0000,0.0000,0
194,1700000007.2133,1700000007.2153,0.0333,-5.4093,29.5129,-44.5883,82.2207,-3.5402,13.1182,-4.8626,30.2143,-43.9396,82.9615,-2.9725,21.2166,-4.8626,30.2143,-43.9396,82.9615,-2.9725,21.2166,0.0000,0.0000,0.0000,0.0000,0.0000,0.0000,0
195,1700000007.2467,1700000007.2487,0.0333,-5.2816,29.6944,-44.4234,82.3913,-3.4049,15.3262,-5.8626,29.2143,-44.8517,82.0495,-3.9725,21.1629,-5.8626,29.2143,-44.8517,82.0495,-3.9725,21.1629,0.0000,0.0000,0.0000,0.0000,0.0000,0.0000,0
196,1700000007.2800,1700000007.2820,0.0333,-5.4173,29.5701,-44.5322,82.3126,-3.5402,16.9176,-4.8626,30.2143,-43.8517,83.0495,-2.9725,22.1497,-4.8626,30.2143,-43.8517,83.0495,-2.9725,22.1497,0.0000,0.0000,0.0000,0.0000,0.0000,0.0000,0
197,1700000007.3133,1700000007.3153,0.0333,-5.2878,29.7368,-44.3593,82.4823,-3.4049,18.3441,-5.8626,29.2143,-44.8517,82.1374,-3.9725,21.2406,-5.8626,29.2143,-44.8517,82.1374,-3.9725,21.2406,0.0000,0.0000,0.0000,0.0000,0.0000,0.0000,0
198,1700000007.3467,1700000007.3487,0.0333,-5.4220,29.6016,-44.4844,82.4029,-3.5402,19.1339,-4.8626,30.2143,-43.8517,83.4011,-2.9725,22.1497,-4.8626,30.2143,-43.8517,83.4011,-2.9725,22.1497,0.0000,0.0000,0.0000,0.0000,0.0000,0.0000,0
199,1700000007.3800,1700000007.3820,0.0333,-5.2914,29.7602,-44.3236,82.6328,-3.4049,19.9561,-5.8626,29.2143,-44.8517,82.7527,-3.9725,21.2406,-5.8626,29.2143,-44.8517,82.7527,-3.9725,21.2406,0.0000,0.0000,0.0000,0.0000,0.0000,0.0000,0
200,1700000007.4133,1700000007.4153,0.0333,-5.4248,29.6189,-44.4578,82.6604,-3.5402,20.3064,-4.8626,30.2143,-43.9396,84.1044,-2.9725,22.1497,-4.8626,30.2143,-43.9396,84.1044,-2.9725,22.1497,0.0000,0.0000,0.0000,0.0000,0.0000,0.0000,1
201,1700000007.6333,1700000007.6353,0.2200,-4.9598,30.1318,-44.0144,83.8479,-3.0666,21.9242,-6.1264,29.1264,-44.9396,83.7198,-3.9725,21.2406,-6.1264,29.1264,-44.9396,83.7198,-3.9725,21.2406,0.0000,0.0000,0.0000,0.0000,0.0000,0.0000,1
202,1700000007.6667,1700000007.6687,0.0333,-5.2322,29.8716,-44.2495,83.8184,-3.2826,21.7379,-5.4780,30.1264,-43.9396,85.5110,-2.9725,22.1497,-5.4780,30.1264,-43.9396,85.5110,-2.9725,22.1497,0.0000,0.0000,0.0000,0.0000,0.0000,0.0000,0
203,1700000007.7000,1700000007.7020,0.0333,-5.2896,29.9375,-44.1707,84.2082,-3.2087,21.8502,-6.8297,29.1264,-44.9396,85.3901,-3.9725,21.2406,-6.8297,29.1264,-44.9396,85.3901,-3.9725,21.2406,0.0000,0.0000,0.0000,0.0000,0.0000,0.0000,0
204,1700000007.7333,1700000007.7353,0.0333,-5.6493,29.7276,-44.3661,84.4805,-3.3907,21.6840,-5.9176,30.1264,-43.9396,86.9176,-2.9725,22.1497,-5.9176,30.1264,-43.9396,86.9176,-2.9725,22.1497,0.0000,0.0000,0.0000,0.0000,0.0000,0.0000,0
205,1700000007.7667,1700000007.7687,0.0333,-5.7120,29.8308,-44.2577,85.0418,-3.2911,21.8110,-7.0934,29.1264,-44.9396,86.1813,-4.0604,21.2406,-7.0934,29.1264,-44.9396,86.1813,-4.0604,21.2406,0.0000,0.0000,0.0000,0.0000,0.0000,0.0000,0
206,1700000007.8000,1700000007.8020,0.0333,-6.0346,29.6485,-44.4310,85.3043,-3.4744,21.6555,-6.1813,29.9506,-43.9396,87.6209,-3.2363,22.1497,-6.1813,29.9506,-43.9396,87.6209,-3.2363,22.1497,0.0000,0.0000,0.0000,0.0000,0.0000,0.0000,0
207,1700000007.8333,1700000007.8353,0.0333,-6.0689,29.7267,-44.3061,85.8379,-3.4177,21.7902,-7.4451,28.7747,-45.1154,87.4121,-4.3242,21.2406,-7.4451,28.7747,-45.1154,87.4121,-4.3242,21.2406,0.0000,0.0000,0.0000,0.0000,0.0000,0.0000,0
208,1700000007.8667,1700000007.8687,0.0333,-6.3903,29.4803,-44.5118,86.2005,-3.6337,21.6404,-7.0604,29.5110,-44.4670,89.4670,-3.3242,22.1497,-7.0604,29.5110,-44.4670,89.4670,-3.3242,22.1497,0.0000,0.0000,0.0000,0.0000,0.0000,0.0000,0
209,1700000007.9000,1700000007.9020,0.0333,-6.5468,29.4882,-44.5004,86.9529,-3.5600,21.7792,-8.3242,27.9835,-46.7857,90.4890,-4.3242,21.2406,-8.3242,27.9835,-46.7857,90.4890,-4.3242,21.2406,0.0000,0.0000,0.0000,0.0000,0.0000,0.0000,0
210,1700000007.9333,1700000007.9353,0.0333,-6.9619,29.0988,-45.0812,87.7674,-3.7421,21.6324,-7.5879,28.0165,-47.8956,94.3901,-3.3242,22.1497,-7.5879,28.0165,-47.8956,94.3901,-3.3242,22.1497,0.0000,0.0000,0.0000,0.0000,0.0000,0.0000,0
211,1700000007.9667,1700000007.9687,0.0333,-7.1081,28.8187,-45.7964,89.2928,-3.6425,21.7734,-8.6758,26.2253,-50.3901,96.0275,-4.4121,21.2406,-8.6758,26.2253,-50.3901,96.0275,-4.4121,21.2406,0.0000,0.0000,0.0000,0.0000,0.0000,0.0000,0
212,1700000008.0000,1700000008.0020,0.0333,-7.4743,28.1475,-46.9639,90.8440,-3.8259,21.6282,-7.6758,26.2582,-50.4451,98.6099,-3.4121,22.1497,-7.6758,26.2582,-50.4451,98.6099,-3.4121,22.1497,0.0000,0.0000,0.0000,0.0000,0.0000,0.0000,0
213,1700000008.0333,1700000008.0353,0.0333,-7.5213,27.6585,-47.8486,92.6328,-3.7273,21.7704,-8.5879,24.4670,-51.6209,98.3132,-4.4121,21.2406,-8.5879,24.4670,-51.6209,98.3132,-4.4121,21.2406,0.0000,0.0000,0.0000,0.0000,0.0000,0.0000,0
214,1700000008.0667,1700000008.0687,0.0333,-7.7704,26.8325,-48.8073,93.9412,-3.8905,21.6259,-7.5000,24.8516,-50.4451,99.3132,-3.4121,22.1497,-7.5000,24.8516,-50.4451,99.3132,-3.4121,22.1497,0.0000,0.0000,0.0000,0.0000,0.0000,0.0000,0
215,1700000008.1000,1700000008.1020,0.0333,-7.7073,26.3199,-49.2235,95.1785,-3.7765,21.7688,-8.3242,23.3242,-51.7088,98.3132,-4.4121,21.2406,-8.3242,23.3242,-51.7088,98.3132,-4.4121,21.2406,0.0000,0.0000,0.0000,0.0000,0.0000,0.0000,0
216,1700000008.1333,1700000008.1353,0.0333,-7.8514,25.5445,-49.8551,95.9006,-3.9280,21.6248,-7.2363,23.8846,-50.8846,99.3132,-3.4121,22.1497,-7.2363,23.8846,-50.8846,99.3132,-3.4121,22.1497,0.0000,0.0000,0.0000,0.0000,0.0000,0.0000,0
217,1700000008.1667,1700000008.1687,0.0333,-7.7077,25.1149,-50.1167,96.6866,-3.8050,21.7679,-7.9725,22.5330,-51.8846,98.3132,-4.3242,21.2406,-7.9725,22.5330,-51.8846,98.3132,-4.3242,21.2406,0.0000,0.0000,0.0000,0.0000,0.0000,0.0000,0
218,1700000008.2000,1700000008.2020,0.0333,-7.7695,24.4467,-50.5660,97.0613,-3.9288,21.6241,-6.5330,23.0055,-50.8846,99.5769,-3.2363,22.1497,-6.5330,23.0055,-50.8846,99.5769,-3.2363,22.1497,0.0000,0.0000,0.0000,0.0000,0.0000,0.0000,0
219,1700000008.2333,1700000008.2353,0.0333,-7.4807,24.0737,-50.6470,97.6407,-3.7637,21.7674,-7.1813,21.2143,-51.8846,98.8407,-4.2363,21.2406,-7.1813,21.2143,-51.8846,98.8407,-4.2363,21.2406,0.0000,0.0000,0.0000,0.0000,0.0000,0.0000,0
220,1700000008.2667,1700000008.2687,0.0333,-7.4108,23.3337,-50.9615,97.9171,-3.8763,21.6238,-5.9176,20.8956,-50.8846,101.0714,-3.3242,22.1497,-5.9176,20.8956,-50.8846,101.0714,-3.3242,22.1497,0.0000,0.0000,0.0000,0.0000,0.0000,0.0000,0
221,1700000008.3000,1700000008.3020,0.0333,-7.0621,22.7027,-50.9420,98.6436,-3.7447,21.7672,-6.6538,18.5769,-51.5330,101.6538,-4.5000,21.2406,-6.6538,18.5769,-51.5330,101.6538,-4.5000,21.2406,0.0000,0.0000,0.0000,0.0000,0.0000,0.0000,0
222,1700000008.3333,1700000008.3353,0.0333,-6.9667,21.6349,-51.0922,99.3370,-3.9247,21.6236,-5.1264,18.3462,-50.4451,103.7967,-3.5879,22.1497,-5.1264,18.3462,-50.4451,103.7967,-3.5879,22.1497,0.0000,0.0000,0.0000,0.0000,0.0000,0.0000,0
223,1700000008.3667,1700000008.3687,0.0333,-6.5369,20.7837,-50.9277,100.3642,-3.8445,21.7671,-5.0714,16.1154,-51.4451,103.4121,-5.2912,21.2406,-5.0714,16.1154,-51.4451,103.4121,-5.2912,21.2406,0.0000,0.0000,0.0000,0.0000,0.0000,0.0000,0
224,1700000008.4000,1700000008.4020,0.0333,-6.1946,19.5755,-51.0592,101.0663,-4.1893,21.6235,-2.9286,16.1484,-50.3571,104.5000,-5.7857,22.1497,-2.9286,16.1484,-50.3571,104.5000,-5.7857,22.1497,0.0000,0.0000,0.0000,0.0000,0.0000,0.0000,0
225,1700000008.4333,1700000008.4353,0.0333,-5.4318,18.6885,-50.8808,101.8572,-4.5698,21.7670,-3.1374,14.7088,-51.3571,103.0604,-8.5440,21.2406,-3.1374,14.7088,-51.3571,103.0604,-8.5440,21.2406,0.0000,0.0000,0.0000,0.0000,0.0000,0.0000,0
226,1700000008.4667,1700000008.4687,0.0333,-4.8960,17.6585,-51.0018,102.1343,-5.5171,21.6235,-1.4341,15.7088,-49.6538,102.9176,-9.0385,22.1497,-1.4341,15.7088,-49.6538,102.9176,-9.0385,22.1497,0.0000,0.0000,0.0000,0.0000,0.0000,0.0000,0
227,1700000008.5000,1700000008.5020,0.0333,-4.0874,17.1539,-50.6593,102.3147,-6.3564,21.7670,-2.0824,15.0604,-50.0385,100.6868,-11.0934,21.2406,-2.0824,15.0604,-50.0385,100.6868,-11.0934,21.2406,0.0000,0.0000,0.0000,0.0000,0.0000,0.0000,0
228,1700000008.5333,1700000008.5353,0.0333,-3.6192,16.6121,-50.5015,101.9398,-7.4855,21.6235,-0.9945,16.3242,-48.6868,101.0714,-11.3242,22.1497,-0.9945,16.3242,-48.6868,101.0714,-11.3242,22.1497,0.0000,0.0000,0.0000,0.0000,0.0000,0.0000,0
229,1700000008.5667,1700000008.5687,0.0333,-3.0062,16.5376,-50.0403,101.7398,-8.4004,21.7669,-1.9945,15.5879,-49.5110,99.8956,-13.8187,21.1629,-1.9945,15.5879,-49.5110,99.8956,-13.8187,21.1629,0.0000,0.0000,0.0000,0.0000,0.0000,0.0000,0
230,1700000008.6000,1700000008.6020,0.0333,-2.7699,16.2918,-49.9058,101.3150,-9.6919,21.6022,-0.9945,16.7637,-48.4231,100.8956,-14.4890,21.4499,-0.9945,16.7637,-48.4231,100.8956,-14.4890,21.4499,0.0000,0.0000,0.0000,0.0000,0.0000,0.0000,0
231,1700000008.6333,1700000008.6353,0.0333,-2.3552,16.4139,-49.5290,101.2184,-10.8353,21.5607,-1.9945,16.0275,-49.4231,99.8956,-17.3352,19.2189,-1.9945,16.0275,-49.4231,99.8956,-17.3352,19.2189,0.0000,0.0000,0.0000,0.0000,0.0000,0.0000,0
232,1700000008.6667,1700000008.6687,0.0333,-2.2710,16.3139,-49.5021,100.9137,-12.3846,20.9222,-1.1703,17.2912,-48.4231,100.8956,-18.3571,17.8729,-1.1703,17.2912,-48.4231,100.8956,-18.3571,17.8729,0.0000,0.0000,0.0000,0.0000,0.0000,0.0000,0
233,1700000008.7000,1700000008.7020,0.0333,-2.0139,16.5669,-49.2279,100.9095,-13.8081,20.0908,-2.2582,16.8187,-49.4231,99.8956,-21.7308,13.8534,-2.2582,16.8187,-49.4231,99.8956,-21.7308,13.8534,0.0000,0.0000,0.0000,0.0000,0.0000,0.0000,0
234,1700000008.7333,1700000008.7353,0.0333,-2.0710,16.6320,-49.2775,100.6760,-15.6965,18.3902,-1.2582,18.2582,-48.4231,100.8956,-23.8077,10.7189,-1.2582,18.2582,-48.4231,100.8956,-23.8077,10.7189,0.0000,0.0000,0.0000,0.0000,0.0000,0.0000,0
235,1700000008.7667,1700000008.7687,0.0333,-1.8812,17.0529,-49.0603,100.7266,-17.6298,16.2986,-2.2582,17.7857,-49.6868,99.8077,-28.5000,5.3775,-2.2582,17.7857,-49.6868,99.8077,-28.5000,5.3775,0.0000,0.0000,0.0000,0.0000,0.0000,0.0000,0
236,1700000008.8000,1700000008.8020,0.0333,-1.9692,17.2426,-49.2195,100.5149,-20.2208,13.3210,-1.2582,19.2253,-48.7747,100.6319,-31.8077,2.0098,-1.2582,19.2253,-48.7747,100.6319,-31.8077,2.0098,0.0000,0.0000,0.0000,0.0000,0.0000,0.0000,0
237,1700000008.8333,1700000008.8353,0.0333,-1.8032,17.7557,-49.1065,100.5419,-22.9825,10.2370,-2.2582,18.5769,-49.7747,99.6319,-37.2912,0.0898,-2.2582,18.5769,-49.7747,99.6319,-37.2912,0.0898,0.0000,0.0000,0.0000,0.0000,0.0000,0.0000,0
238,1700000008.8667,1700000008.8687,0.0333,-1.9095,17.9682,-49.2763,100.3323,-26.3930,7.4703,-1.2582,19.8407,-48.6868,100.6319,-40.7747,2.3986,-1.2582,19.8407,-48.6868,100.6319,-40.7747,2.3986,0.0000,0.0000,0.0000,0.0000,0.0000,0.0000,0
239,1700000008.9000,1700000008.9020,0.0333,-1.7574,18.4528,-49.1265,100.4013,-29.8210,6.0875,-2.2582,19.1044,-49.5110,99.6319,-45.9945,2.5781,-2.2582,19.1044,-49.5110,99.6319,-45.9945,2.5781,0.0000,0.0000,0.0000,0.0000,0.0000,0.0000,0
240,1700000008.9333,1700000008.9353,0.0333,-1.8743,18.6215,-49.2242,100.2240,-33.6760,5.1307,-1.2582,20.5440,-48.5110,100.5440,-49.1264,3.2539,-1.2582,20.5440,-48.5110,100.5440,-49.1264,3.2539,0.0000,0.0000,0.0000,0.0000,0.0000,0.0000,0
241,1700000008.9667,1700000008.9687,0.0333,-1.7305,19.1190,-49.0430,100.2977,-37.3586,4.6190,-2.3462,20.0714,-49.5989,99.1044,-53.6429,1.8005,-2.3462,20.0714,-49.5989,99.1044,-53.6429,1.8005,0.0000,0.0000,0.0000,0.0000,0.0000,0.0000,0
242,1700000009.0000,1700000009.0020,0.0333,-1.8743,19.3655,-49.1842,100.0229,-41.2400,3.8505,-1.4341,21.5989,-48.5110,98.7857,-55.5440,2.3208,-1.4341,21.5989,-48.5110,98.7857,-55.5440,2.3208,0.0000,0.0000,0.0000,0.0000,0.0000,0.0000,0
243,1700000009.0333,1700000009.0353,0.0333,-1.7714,19.9435,-49.0131,99.7379,-44.6494,3.4334,-2.5220,21.3022,-49.5110,95.9396,-58.8297,1.3339,-2.5220,21.3022,-49.5110,95.9396,-58.8297,1.3339,0.0000,0.0000,0.0000,0.0000,0.0000,0.0000,0
244,1700000009.0667,1700000009.0687,0.0333,-1.9467,20.2952,-49.1397,98.8630,-48.0293,2.8610,-1.9615,22.9176,-48.5110,95.0055,-59.5879,2.1653,-1.9615,22.9176,-48.5110,95.0055,-59.5879,2.1653,0.0000,0.0000,0.0000,0.0000,0.0000,0.0000,0
245,1700000009.1000,1700000009.1020,0.0333,-1.9502,20.9739,-48.9799,97.9745,-50.7843,2.6713,-3.4890,22.4451,-49.6868,92.0714,-61.9066,1.2562,-3.4890,22.4451,-49.6868,92.0714,-61.9066,1.2562,0.0000,0.0000,0.0000,0.0000,0.0000,0.0000,0
246,1700000009.1333,1700000009.1353,0.0333,-2.3096,21.3546,-49.1596,96.6148,-53.4353,2.2855,-2.7527,23.9725,-48.7747,91.1374,-61.8736,2.1653,-2.7527,23.9725,-48.7747,91.1374,-61.8736,2.1653,0.0000,0.0000,0.0000,0.0000,0.0000,0.0000,0
247,1700000009.1667,1700000009.1687,0.0333,-2.4131,22.0322,-49.0618,95.3532,-55.4466,2.2527,-3.9286,23.5000,-49.7747,88.5549,-63.7527,1.2562,-3.9286,23.5000,-49.7747,88.5549,-63.7527,1.2562,0.0000,0.0000,0.0000,0.0000,0.0000,0.0000,0
248,1700000009.2000,1700000009.2020,0.0333,-2.7670,22.4121,-49.2429,93.7873,-57.4264,1.9810,-3.0165,25.0275,-48.6868,88.2363,-63.6319,2.1653,-3.0165,25.0275,-48.6868,88.2363,-63.6319,2.1653,0.0000,0.0000,0.0000,0.0000,0.0000,0.0000,0
249,1700000009.2333,1700000009.2353,0.0333,-2.8253,23.0890,-49.1016,92.5087,-58.9055,2.0312,-4.5440,24.6429,-49.5989,86.4451,-65.5110,1.2562,-4.5440,24.6429,-49.5989,86.4451,-65.5110,1.2562,0.0000,0.0000,0.0000,0.0000,0.0000,0.0000,0
250,1700000009.2667,1700000009.2687,0.0333,-3.2267,23.4911,-49.2280,91.1120,-60.4799,1.8199,-3.8956,26.1703,-48.5989,87.0055,-65.4780,2.1653,-3.8956,26.1703,-48.5989,87.0055,-65.4780,2.1653,0.0000,0.0000,0.0000,0.0000,0.0000,0.0000,1
251,1700000009.4867,1700000009.4887,0.2200,-3.7800,25.7992,-48.6897,87.7351,-64.6494,2.1230,-5.2473,25.6978,-49.7747,85.8297,-67.4451,1.2562,-5.2473,25.6978,-49.7747,85.8297,-67.4451,1.2562,0.0000,0.0000,0.0000,0.0000,0.0000,0.0000,1
252,1700000009.5200,1700000009.5220,0.0333,-4.1227,25.7729,-48.9655,87.2962,-65.3157,1.8867,-4.4231,27.2253,-48.7747,86.8297,-67.3242,2.1653,-4.4231,27.2253,-48.7747,86.8297,-67.3242,2.1653,0.0000,0.0000,0.0000,0.0000,0.0000,0.0000,0
253,1700000009.5533,1700000009.5553,0.0333,-4.1928,26.1488,-48.9170,87.1887,-65.7944,1.9626,-5.5989,26.6648,-49.7747,85.8297,-69.0275,1.2562,-5.5989,26.6648,-49.7747,85.8297,-69.0275,1.2562,0.0000,0.0000,0.0000,0.0000,0.0000,0.0000,0
254,1700000009.5867,1700000009.5887,0.0333,-4.5212,26.2824,-49.1350,86.8757,-66.5650,1.7700,-5.1264,28.0165,-48.7747,86.9176,-68.3791,2.1653,-5.1264,28.0165,-48.7747,86.9176,-68.3791,2.1653,0.0000,0.0000,0.0000,0.0000,0.0000,0.0000,0
255,1700000009.6200,1700000009.6220,0.0333,-4.6626,26.7312,-49.0434,86.8853,-66.9974,1.8778,-6.5659,27.3681,-49.7747,85.9176,-69.4670,1.2562,-6.5659,27.3681,-49.7747,85.9176,-69.4670,1.2562,0.0000,0.0000,0.0000,0.0000,0.0000,0.0000,0
256,1700000009.6533,1700000009.6553,0.0333,-5.1071,26.8960,-49.2293,86.6624,-67.5861,1.7083,-5.8297,28.5440,-48.7747,86.9176,-68.4670,2.1653,-5.8297,28.5440,-48.7747,86.9176,-68.4670,2.1653,0.0000,0.0000,0.0000,0.0000,0.0000,0.0000,0
257,1700000009.6867,1700000009.6887,0.0333,-5.2759,27.3225,-49.1138,86.7212,-67.7960,1.8329,-7.0055,27.6319,-49.7747,85.9176,-69.4670,1.2562,-7.0055,27.6319,-49.7747,85.9176,-69.4670,1.2562,0.0000,0.0000,0.0000,0.0000,0.0000,0.0000,0
258,1700000009.7200,1700000009.7220,0.0333,-5.6798,27.4026,-49.2817,86.5361,-68.1943,1.6757,-6.0055,28.6319,-48.6868,86.9176,-68.6429,2.2430,-6.0055,28.6319,-48.6868,86.9176,-68.6429,2.2430,0.0000,0.0000,0.0000,0.0000,0.0000,0.0000,0
259,1700000009.7533,1700000009.7553,0.0333,-5.7559,27.7207,-49.1305,86.6240,-68.3012,1.8304,-7.0934,27.6319,-49.5989,85.8297,-69.7308,1.3339,-7.0934,27.6319,-49.5989,85.8297,-69.7308,1.3339,0.0000,0.0000,0.0000,0.0000,0.0000,0.0000,0
260,1700000009.7867,1700000009.7887,0.0333,-6.0683,27.6977,-49.2496,86.4410,-68.6420,1.6950,-6.0934,28.6319,-48.5110,86.8297,-68.7308,2.2430,-6.0934,28.6319,-48.5110,86.8297,-68.7308,2.2430,0.0000,0.0000,0.0000,0.0000,0.0000,0.0000,0
261,1700000009.8200,1700000009.8220,0.0333,-6.0741,27.9395,-49.0619,86.5305,-68.6631,1.8444,-7.0934,27.6319,-49.4231,85.8297,-69.7308,1.3339,-7.0934,27.6319,-49.4231,85.8297,-69.7308,1.3339,0.0000,0.0000,0.0000,0.0000,0.0000,0.0000,0
262,1700000009.8533,1700000009.8553,0.0333,-6.3122,27.8599,-49.1537,86.3691,-68.9176,1.7052,-6.0055,28.7198,-48.4231,86.8297,-68.7308,2.2430,-6.0055,28.7198,-48.4231,86.8297,-68.7308,2.2430,0.0000,0.0000,0.0000,0.0000,0.0000,0.0000,0
263,1700000009.8867,1700000009.8887,0.0333,-6.2406,28.0824,-48.9680,86.4752,-68.8731,1.8519,-6.9176,27.7198,-49.3352,85.8297,-69.7308,1.3339,-6.9176,27.7198,-49.3352,85.8297,-69.7308,1.3339,0.0000,0.0000,0.0000,0.0000,0.0000,0.0000,0
264,1700000009.9200,1700000009.9220,0.0333,-6.3987,27.9886,-49.0613,86.3265,-69.0775,1.7107,-5.7418,28.7198,-48.3352,86.8297,-68.7308,2.2430,-5.7418,28.7198,-48.3352,86.8297,-68.7308,2.2430,0.0000,0.0000,0.0000,0.0000,0.0000,0.0000,0
265,1700000009.9533,1700000009.9553,0.0333,-6.2453,28.1778,-48.8768,86.4424,-68.9949,1.8558,-6.6538,27.7198,-49.0714,85.8297,-69.7308,1.3339,-6.6538,27.7198,-49.0714,85.8297,-69.7308,1.3339,0.0000,0.0000,0.0000,0.0000,0.0000,0.0000,0
266,1700000009.9867,1700000009.9887,0.0333,-6.3407,28.0593,-48.9262,86.3013,-69.1703,1.7135,-5.5659,28.7198,-47.6319,86.7418,-68.7308,2.2430,-5.5659,28.7198,-47.6319,86.7418,-68.7308,2.2430,0.0000,0.0000,0.0000,0.0000,0.0000,0.0000,0
267,1700000010.0200,1700000010.0220,0.0333,-6.1597,28.2302,-48.5973,86.4027,-69.0655,1.8579,-6.5659,27.7198,-48.5440,85.7418,-69.7308,1.3339,-6.5659,27.7198,-48.5440,85.7418,-69.7308,1.3339,0.0000,0.0000,0.0000,0.0000,0.0000,0.0000,0
268,1700000010.0533,1700000010.0553,0.0333,-6.2546,28.0981,-48.5837,86.2505,-69.2241,1.7150,-5.5659,28.7198,-47.5440,86.7418,-68.7308,2.2430,-5.5659,28.7198,-47.5440,86.7418,-68.7308,2.2430,0.0000,0.0000,0.0000,0.0000,0.0000,0.0000,0
269,1700000010.0867,1700000010.0887,0.0333,-6.0938,28.2590,-48.3195,86.3636,-69.1065,1.8590,-6.5659,27.7198,-48.5440,85.8297,-69.7308,1.3339,-6.5659,27.7198,-48.5440,85.8297,-69.7308,1.3339,0.0000,0.0000,0.0000,0.0000,0.0000,0.0000,0
270,1700000010.1200,1700000010.1220,0.0333,-6.2040,28.1194,-48.3765,86.2407,-69.2553,1.7158,-5.5659,28.7198,-47.5440,86.8297,-68.7308,2.2430,-5.5659,28.7198,-47.5440,86.8297,-68.7308,2.2430,0.0000,0.0000,0.0000,0.0000,0.0000,0.0000,0
271,1700000010.1533,1700000010.1553,0.0333,-6.0550,28.2748,-48.1649,86.3763,-69.1303,1.8596,-6.5659,27.7198,-48.4560,85.8297,-69.7308,1.3339,-6.5659,27.7198,-48.4560,85.8297,-69.7308,1.3339,0.0000,0.0000,0.0000,0.0000,0.0000,0.0000,0
272,1700000010.1867,1700000010.1887,0.0333,-6.1743,28.1312,-48.2389,86.2504,-69.2734,1.7163,-5.5659,28.7198,-47.1923,86.8297,-68.7308,2.2430,-5.5659,28.7198,-47.1923,86.8297,-68.7308,2.2430,0.0000,0.0000,0.0000,0.0000,0.0000,0.0000,0
273,1700000010.2200,1700000010.2220,0.0333,-6.0322,28.2835,-47.9729,86.3838,-69.1441,1.8599,-6.4780,27.7198,-47.4890,85.4780,-69.8187,1.3339,-6.4780,27.7198,-47.4890,85.4780,-69.8187,1.3339,0.0000,0.0000,0.0000,0.0000,0.0000,0.0000,0
274,1700000010.2533,1700000010.2553,0.0333,-6.1364,28.1376,-47.8500,86.1752,-69.3049,1.7165,-5.3022,28.7198,-45.6099,85.7747,-68.8187,2.2430,-5.3022,28.7198,-45.6099,85.7747,-68.8187,2.2430,0.0000,0.0000,0.0000,0.0000,0.0000,0.0000,0
275,1700000010.2867,1700000010.2887,0.0333,-5.9415,28.2883,-47.2807,86.0830,-69.1890,1.8601,-5.9505,27.7198,-45.6429,84.0714,-69.8187,1.3339,-5.9505,27.7198,-45.6429,84.0714,-69.8187,1.3339,0.0000,0.0000,0.0000,0.0000,0.0000,0.0000,0
276,1700000010.3200,1700000010.3220,0.0333,-5.9436,28.1411,-46.8644,85.6196,-69.3391,1.7166,-4.6868,28.7198,-43.9396,84.5440,-68.8187,2.0875,-4.6868,28.7198,-43.9396,84.5440,-68.8187,2.0875,0.0000,0.0000,0.0000,0.0000,0.0000,0.0000,0
277,1700000010.3533,1700000010.3553,0.0333,-5.6501,28.2909,-46.1211,85.3719,-69.2150,1.8177,-5.4231,27.7198,-44.5879,83.1923,-69.8187,1.1784,-5.4231,27.7198,-44.5879,83.1923,-69.8187,1.1784,0.0000,0.0000,0.0000,0.0000,0.0000,0.0000,0
278,1700000010.3867,1700000010.3887,0.0333,-5.5971,28.1431,-45.7315,84.8698,-69.3589,1.6434,-4.3352,28.7198,-43.5000,83.9286,-68.8187,2.0875,-4.3352,28.7198,-43.5000,83.9286,-68.8187,2.0875,0.0000,0.0000,0.0000,0.0000,0.0000,0.0000,0
279,1700000010.4200,1700000010.4220,0.0333,-5.3024,28.2923,-45.1644,84.6530,-69.2301,1.7645,-5.2473,27.7198,-44.5000,82.7527,-69.8187,1.1784,-5.2473,27.7198,-44.5000,82.7527,-69.8187,1.1784,0.0000,0.0000,0.0000,0.0000,0.0000,0.0000,0
280,1700000010.4533,1700000010.4553,0.0333,-5.2895,28.1442,-44.9955,84.2153,-69.3704,1.6047,-3.8077,28.7198,-43.4121,83.5769,-68.8187,2.0875,-3.8077,28.7198,-43.4121,83.5769,-68.8187,2.0875,0.0000,0.0000,0.0000,0.0000,0.0000,0.0000,0
281,1700000010.4867,1700000010.4887,0.0333,-4.9434,28.2931,-44.5931,84.0683,-69.2389,1.7363,-4.6319,27.7198,-44.4121,82.5769,-69.8187,1.1784,-4.6319,27.7198,-44.4121,82.5769,-69.8187,1.1784,0.0000,0.0000,0.0000,0.0000,0.0000,0.0000,0
282,1700000010.5200,1700000010.5220,0.0333,-4.8707,28.1447,-44.5471,83.7248,-69.3771,1.5842,-3.5440,28.7198,-43.2363,83.5769,-68.8187,2.0875,-3.5440,28.7198,-43.2363,83.5769,-68.8187,2.0875,0.0000,0.0000,0.0000,0.0000,0.0000,0.0000,0
283,1700000010.5533,1700000010.5553,0.0333,-4.5608,28.2936,-44.2140,83.6907,-69.2440,1.7215,-4.4560,27.7198,-43.5330,82.5769,-69.8187,1.1784,-4.4560,27.7198,-43.5330,82.5769,-69.8187,1.1784,0.0000,0.0000,0.0000,0.0000,0.0000,0.0000,0
284,1700000010.5867,1700000010.5887,0.0333,-4.5363,28.1451,-44.0409,83.4342,-69.3810,1.5734,-3.4560,28.7198,-41.7418,83.5769,-68.8187,2.0875,-3.4560,28.7198,-41.7418,83.5769,-68.8187,2.0875,0.0000,0.0000,0.0000,0.0000,0.0000,0.0000,0
285,1700000010.6200,1700000010.6220,0.0333,-4.2840,28.2938,-43.4566,83.4670,-69.2470,1.7136,-4.4560,27.7198,-41.9506,82.5769,-69.8187,1.1784,-4.4560,27.7198,-41.9506,82.5769,-69.8187,1.1784,0.0000,0.0000,0.0000,0.0000,0.0000,0.0000,0
286,1700000010.6533,1700000010.6553,0.0333,-4.3242,28.1452,-43.0739,83.2620,-69.3832,1.5677,-3.4560,28.7198,-40.1593,83.5769,-68.8187,2.0875,-3.4560,28.7198,-40.1593,83.5769,-68.8187,2.0875,0.0000,0.0000,0.0000,0.0000,0.0000,0.0000,0
287,1700000010.6867,1700000010.6887,0.0333,-4.1214,28.2939,-42.3332,83.3346,-69.2487,1.7094,-4.4560,27.7198,-40.6319,82.5769,-69.8187,1.1784,-4.4560,27.7198,-40.6319,82.5769,-69.8187,1.1784,0.0000,0.0000,0.0000,0.0000,0.0000,0.0000,0
288,1700000010.7200,1700000010.7220,0.0333,-4.1996,28.1453,-41.9008,83.1600,-69.3845,1.5646,-3.4560,28.7198,-39.1923,83.5769,-68.8187,2.0875,-3.4560,28.7198,-39.1923,83.5769,-68.8187,2.0875,0.0000,0.0000,0.0000,0.0000,0.0000,0.0000,0
289,1700000010.7533,1700000010.7553,0.0333,-4.0259,28.2940,-41.2125,83.2561,-69.2497,1.7072,-4.4560,27.7198,-39.8407,82.5769,-69.8187,1.1784,-4.4560,27.7198,-39.8407,82.5769,-69.8187,1.1784,0.0000,0.0000,0.0000,0.0000,0.0000,0.0000,0
290,1700000010.7867,1700000010.7887,0.0333,-4.1264,28.1454,-40.8638,83.0996,-69.3853,1.5630,-3.4560,28.7198,-38.8407,83.5769,-68.8187,2.0875,-3.4560,28.7198,-38.8407,83.5769,-68.8187,2.0875,0.0000,0.0000,0.0000,0.0000,0.0000,0.0000,0
291,1700000010.8200,1700000010.8220,0.0333,-3.9698,28.2941,-40.3497,83.2096,-69.2502,1.7060,-4.4560,27.7198,-39.6648,82.5769,-69.8187,1.1784,-4.4560,27.7198,-39.6648,82.5769,-69.8187,1.1784,0.0000,0.0000,0.0000,0.0000,0.0000,0.0000,0
292,1700000010.8533,1700000010.8553,0.0333,-4.0834,28.1454,-40.1756,83.0638,-69.3857,1.5622,-3.4560,28.7198,-38.3132,83.2253,-68.8187,2.0875,-3.4560,28.7198,-38.3132,83.2253,-68.8187,2.0875,0.0000,0.0000,0.0000,0.0000,0.0000,0.0000,0
293,1700000010.8867,1700000010.8887,0.0333,-3.9369,28.2941,-39.7023,83.1010,-69.2506,1.7054,-4.4560,27.7198,-38.8736,81.4341,-69.7308,1.1784,-4.4560,27.7198,-38.8736,81.4341,-69.7308,1.1784,0.0000,0.0000,0.0000,0.0000,0.0000,0.0000,0
294,1700000010.9200,1700000010.9220,0.0333,-4.0581,28.1454,-39.4917,82.7171,-69.3650,1.5617,-3.4560,28.6319,-37.7857,81.5549,-68.6429,2.0875,-3.4560,28.6319,-37.7857,81.5549,-68.6429,2.0875,0.0000,0.0000,0.0000,0.0000,0.0000,0.0000,0
295,1700000010.9533,1700000010.9553,0.0333,-3.9175,28.2713,-39.0582,82.4494,-69.1929,1.7051,-4.4560,27.6319,-38.9615,80.0275,-69.6429,1.1784,-4.4560,27.6319,-38.9615,80.0275,-69.6429,1.1784,0.0000,0.0000,0.0000,0.0000,0.0000,0.0000,0
296,1700000010.9867,1700000010.9887,0.0333,-4.0433,28.1058,-39.0336,81.8915,-69.3001,1.5615,-3.4560,28.6319,-38.2253,80.5879,-68.6429,2.0875,-3.4560,28.6319,-38.2253,80.5879,-68.6429,2.0875,0.0000,0.0000,0.0000,0.0000,0.0000,0.0000,0
297,1700000011.0200,1700000011.0220,0.0333,-3.9061,28.2420,-38.8282,81.5913,-69.1435,1.7049,-4.5440,27.5440,-39.2253,79.0604,-69.6429,1.1784,-4.5440,27.5440,-39.2253,79.0604,-69.6429,1.1784,0.0000,0.0000,0.0000,0.0000,0.0000,0.0000,0
298,1700000011.0533,1700000011.0553,0.0333,-4.0551,28.0613,-38.9291,81.0083,-69.2625,1.5614,-3.6319,28.4560,-38.2253,79.5330,-68.7308,2.0875,-3.6319,28.4560,-38.2253,79.5330,-68.7308,2.0875,0.0000,0.0000,0.0000,0.0000,0.0000,0.0000,0
299,1700000011.0867,1700000011.0887,0.0333,-3.9563,28.1635,-38.7502,80.6685,-69.1358,1.7048,-4.7198,27.4560,-39.2253,78.4451,-69.7308,1.1784,-4.7198,27.4560,-39.2253,78.4451,-69.7308,1.1784,0.0000,0.0000,0.0000,0.0000,0.0000,0.0000,0
300,1700000011.1200,1700000011.1220,0.0333,-4.1346,27.9804,-38.8710,80.1564,-69.2776,1.5613,-3.8077,28.4560,-38.2253,79.4451,-68.7308,2.0875,-3.8077,28.4560,-38.2253,79.4451,-68.7308,2.0875,0.0000,0.0000,0.0000,0.0000,0.0000,0.0000,1
301,1700000011.3400,1700000011.3420,0.2200,-3.8642,28.3902,-38.3185,79.5714,-68.8214,2.0231,-4.8077,27.4560,-39.2253,78.4451,-69.7308,1.1784,-4.8077,27.4560,-39.2253,78.4451,-69.7308,1.1784,0.0000,0.0000,0.0000,0.0000,0.0000,0.0000,1
302,1700000011.3733,1700000011.3753,0.0333,-4.0845,28.1484,-38.5489,79.3120,-69.0382,1.7928,-3.8077,28.3681,-38.2253,79.6209,-68.7308,2.0875,-3.8077,28.3681,-38.2253,79.6209,-68.7308,2.0875,0.0000,0.0000,0.0000,0.0000,0.0000,0.0000,0
303,1700000011.4067,1700000011.4087,0.0333,-4.0199,28.2053,-38.4667,79.3831,-68.9649,1.8732,-4.8077,27.2802,-39.0494,78.7088,-69.7308,1.1784,-4.8077,27.2802,-39.0494,78.7088,-69.7308,1.1784,0.0000,0.0000,0.0000,0.0000,0.0000,0.0000,0
304,1700000011.4400,1700000011.4420,0.0333,-4.2039,27.9659,-38.6148,79.2278,-69.1474,1.6838,-3.8077,28.2802,-38.0494,79.7088,-68.7308,2.0875,-3.8077,28.2802,-38.0494,79.7088,-68.7308,2.0875,0.0000,0.0000,0.0000,0.0000,0.0000,0.0000,0
305,1700000011.4733,1700000011.4753,0.0333,-4.1113,28.0472,-38.4711,79.3386,-69.0481,1.7938,-4.8077,27.1923,-39.0494,78.7088,-69.7308,1.1784,-4.8077,27.1923,-39.0494,78.7088,-69.7308,1.1784,0.0000,0.0000,0.0000,0.0000,0.0000,0.0000,0
306,1700000011.5067,1700000011.5087,0.0333,-4.2740,27.8260,-38.6181,79.1935,-69.2108,1.6260,-3.8956,28.1923,-38.1374,79.7967,-68.7308,2.0875,-3.8956,28.1923,-38.1374,79.7967,-68.7308,2.0875,0.0000,0.0000,0.0000,0.0000,0.0000,0.0000,0
307,1700000011.5400,1700000011.5420,0.0333,-4.1856,27.9208,-38.4959,79.3325,-69.0964,1.7519,-4.8956,27.1044,-39.1374,78.7967,-69.7308,1.1784,-4.8956,27.1044,-39.1374,78.7967,-69.7308,1.1784,0.0000,0.0000,0.0000,0.0000,0.0000,0.0000,0
308,1700000011.5733,1700000011.5753,0.0333,-4.3514,27.7095,-38.6589,79.2091,-69.2476,1.5955,-3.9835,28.0165,-38.2253,79.7967,-68.6429,2.0875,-3.9835,28.0165,-38.2253,79.7967,-68.6429,2.0875,0.0000,0.0000,0.0000,0.0000,0.0000,0.0000,0
309,1700000011.6067,1700000011.6087,0.0333,-4.2655,27.7889,-38.5487,79.3444,-69.1035,1.7297,-5.2473,26.9286,-39.3132,78.8846,-69.5549,1.1784,-5.2473,26.9286,-39.3132,78.8846,-69.5549,1.1784,0.0000,0.0000,0.0000,0.0000,0.0000,0.0000,0
310,1700000011.6400,1700000011.6420,0.0333,-4.4948,27.5663,-38.7430,79.2385,-69.2111,1.5794,-4.5989,27.6648,-38.8407,80.1484,-68.5549,2.0875,-4.5989,27.6648,-38.8407,80.1484,-68.5549,2.0875,0.0000,0.0000,0.0000,0.0000,0.0000,0.0000,0
311,1700000011.6733,1700000011.6753,0.0333,-4.5191,27.5918,-38.7678,79.4481,-69.0547,1.7179,-5.8626,26.1374,-40.2802,80.1154,-69.5549,1.1784,-5.8626,26.1374,-40.2802,80.1154,-69.5549,1.1784,0.0000,0.0000,0.0000,0.0000,0.0000,0.0000,0
312,1700000011.7067,1700000011.7087,0.0333,-4.8329,27.2154,-39.1522,79.6018,-69.1739,1.5708,-5.0385,26.6099,-39.3681,81.9066,-68.5549,2.0875,-5.0385,26.6099,-39.3681,81.9066,-68.5549,2.0875,0.0000,0.0000,0.0000,0.0000,0.0000,0.0000,0
313,1700000011.7400,1700000011.7420,0.0333,-4.8809,27.0587,-39.2071,80.1327,-69.0264,1.7117,-6.1264,25.1703,-40.1044,81.3462,-69.6429,1.1784,-6.1264,25.1703,-40.1044,81.3462,-69.6429,1.1784,0.0000,0.0000,0.0000,0.0000,0.0000,0.0000,0
314,1700000011.7733,1700000011.7753,0.0333,-5.1718,26.5699,-39.4351,80.4122,-69.1733,1.5663,-5.1264,25.8187,-39.0165,82.6978,-68.6429,2.0875,-5.1264,25.8187,-39.0165,82.6978,-68.6429,2.0875,0.0000,0.0000,0.0000,0.0000,0.0000,0.0000,0
315,1700000011.8067,1700000011.8087,0.0333,-5.1612,26.3755,-39.3287,80.9386,-69.0469,1.7084,-6.2143,24.5549,-39.9286,81.6978,-69.6429,1.1784,-6.2143,24.5549,-39.9286,81.6978,-69.6429,1.1784,0.0000,0.0000,0.0000,0.0000,0.0000,0.0000,0
316,1700000011.8400,1700000011.8420,0.0333,-5.4071,25.9043,-39.4812,81.1135,-69.1889,1.5639,-5.3022,25.4670,-38.9286,82.6978,-68.5549,2.0875,-5.3022,25.4670,-38.9286,82.6978,-68.5549,2.0875,0.0000,0.0000,0.0000,0.0000,0.0000,0.0000,0
317,1700000011.8733,1700000011.8753,0.0333,-5.3826,25.7912,-39.3407,81.4784,-69.0378,1.7067,-6.6538,24.3791,-39.9286,81.6978,-69.5549,1.1784,-6.6538,24.3791,-39.9286,81.6978,-69.5549,1.1784,0.0000,0.0000,0.0000,0.0000,0.0000,0.0000,0
318,1700000011.9067,1700000011.9087,0.0333,-5.6795,25.4257,-39.4901,81.5289,-69.1611,1.5626,-5.7418,25.2912,-39.0165,82.6978,-68.5549,2.0875,-5.7418,25.2912,-39.0165,82.6978,-68.5549,2.0875,0.0000,0.0000,0.0000,0.0000,0.0000,0.0000,0
319,1700000011.9400,1700000011.9420,0.0333,-5.6941,25.3909,-39.3698,81.7982,-69.0166,1.7058,-6.7418,24.1154,-40.1044,81.6978,-69.5549,1.1784,-6.7418,24.1154,-40.1044,81.6978,-69.5549,1.1784,0.0000,0.0000,0.0000,0.0000,0.0000,0.0000,0
320,1700000011.9733,1700000011.9753,0.0333,-5.9387,25.0608,-39.5565,81.7751,-69.1449,1.5620,-5.7418,24.8516,-39.2802,82.6978,-68.5549,2.0875,-5.7418,24.8516,-39.2802,82.6978,-68.5549,2.0875,0.0000,0.0000,0.0000,0.0000,0.0000,0.0000,0
321,1700000012.0067,1700000012.0087,0.0333,-5.8927,25.0067,-39.4863,81.9876,-69.0043,1.7053,-6.7418,23.6758,-40.3681,81.6978,-69.5549,1.1784,-6.7418,23.6758,-40.3681,81.6978,-69.5549,1.1784,0.0000,0.0000,0.0000,0.0000,0.0000,0.0000,0
322,1700000012.0400,1700000012.0420,0.0333,-6.0910,24.6622,-39.7104,81.9208,-69.1355,1.5616,-5.7418,24.3242,-39.4560,82.6978,-68.5549,2.0875,-5.7418,24.3242,-39.4560,82.6978,-68.5549,2.0875,0.0000,0.0000,0.0000,0.0000,0.0000,0.0000,0
323,1700000012.0733,1700000012.0753,0.0333,-6.0095,24.5747,-39.6457,82.0998,-68.9972,1.7050,-6.7418,22.7967,-40.4560,81.6978,-69.5549,1.1784,-6.7418,22.7967,-40.4560,81.6978,-69.5549,1.1784,0.0000,0.0000,0.0000,0.0000,0.0000,0.0000,0
324,1700000012.1067,1700000012.1087,0.0333,-6.1805,24.1146,-39.8517,82.0072,-69.1301,1.5614,-5.9176,23.0934,-39.4560,82.6978,-68.5549,2.0875,-5.9176,23.0934,-39.4560,82.6978,-68.5549,2.0875,0.0000,0.0000,0.0000,0.0000,0.0000,0.0000,0
325,1700000012.1400,1700000012.1420,0.0333,-6.1191,23.8503,-39.7511,82.1663,-68.9930,1.7049,-7.0055,21.2143,-40.2802,82.1374,-69.5549,1.1784,-7.0055,21.2143,-40.2802,82.1374,-69.5549,1.1784,0.0000,0.0000,0.0000,0.0000,0.0000,0.0000,0
326,1700000012.1733,1700000012.1753,0.0333,-6.3261,23.1681,-39.8856,82.1596,-69.1270,1.5613,-6.0934,21.2473,-39.1044,83.8407,-68.5549,2.0875,-6.0934,21.2473,-39.1044,83.8407,-68.5549,2.0875,0.0000,0.0000,0.0000,0.0000,0.0000,0.0000,0
327,1700000012.2067,1700000012.2087,0.0333,-6.2718,22.6709,-39.6871,82.5468,-68.9906,1.7048,-7.0934,19.4560,-39.9286,83.2802,-69.5549,1.1784,-7.0934,19.4560,-39.9286,83.2802,-69.5549,1.1784,0.0000,0.0000,0.0000,0.0000,0.0000,0.0000,0
328,1700000012.2400,1700000012.2420,0.0333,-6.4637,21.8389,-39.7484,82.7157,-69.1251,1.5613,-6.0934,19.8407,-38.9286,84.4560,-68.5549,2.0875,-6.0934,19.8407,-38.9286,84.4560,-68.5549,2.0875,0.0000,0.0000,0.0000,0.0000,0.0000,0.0000,0
329,1700000012.2733,1700000012.2753,0.0333,-6.3772,21.3217,-39.5401,83.1166,-68.9892,1.7048,-7.0934,18.2253,-39.9286,83.3681,-69.5549,1.1784,-7.0934,18.2253,-39.9286,83.3681,-69.5549,1.1784,0.0000,0.0000,0.0000,0.0000,0.0000,0.0000,0
330,1700000012.3067,1700000012.3087,0.0333,-6.5445,20.5203,-39.6388,83.1745,-69.1241,1.5613,-6.0055,18.8736,-39.2802,84.3681,-68.5549,2.0875,-6.0055,18.8736,-39.2802,84.3681,-68.5549,2.0875,0.0000,0.0000,0.0000,0.0000,0.0000,0.0000,0
331,1700000012.3400,1700000012.3420,0.0333,-6.4186,20.0941,-39.5477,83.4495,-68.9884,1.7047,-6.8297,17.7857,-40.3681,83.1044,-69.5549,1.1784,-6.8297,17.7857,-40.3681,83.1044,-69.5549,1.1784,0.0000,0.0000,0.0000,0.0000,0.0000,0.0000,0
332,1700000012.3733,1700000012.3753,0.0333,-6.5146,19.4967,-39.7562,83.3700,-69.1234,1.5612,-5.7418,18.9615,-39.1923,83.1374,-68.5549,2.0875,-5.7418,18.9615,-39.1923,83.1374,-68.5549,2.0875,0.0000,0.0000,0.0000,0.0000,0.0000,0.0000,0
333,1700000012.4067,1700000012.4087,0.0333,-6.3341,19.3582,-39.6129,83.3164,-68.9879,1.7047,-6.6538,18.0494,-40.0165,81.2582,-69.5549,1.1784,-6.6538,18.0494,-40.0165,81.2582,-69.5549,1.1784,0.0000,0.0000,0.0000,0.0000,0.0000,0.0000,0
334,1700000012.4400,1700000012.4420,0.0333,-6.4088,19.0195,-39.7155,82.8423,-69.1231,1.5612,-5.5659,19.1374,-39.0165,81.5549,-68.5549,2.0875,-5.5659,19.1374,-39.0165,81.5549,-68.5549,2.0875,0.0000,0.0000,0.0000,0.0000,0.0000,0.0000,0
335,1700000012.4733,1700000012.4753,0.0333,-6.2119,19.0500,-39.5378,82.5458,-68.9877,1.7047,-6.5659,18.1374,-39.9286,80.1154,-69.5549,1.1784,-6.5659,18.1374,-39.9286,80.1154,-69.5549,1.1784,0.0000,0.0000,0.0000,0.0000,0.0000,0.0000,0
336,1700000012.5067,1700000012.5087,0.0333,-6.2946,18.8138,-39.6371,81.9860,-69.1229,1.5612,-5.4780,19.1374,-38.9286,80.7637,-68.5549,2.0875,-5.4780,19.1374,-38.9286,80.7637,-68.5549,2.0875,0.0000,0.0000,0.0000,0.0000,0.0000,0.0000,0
337,1700000012.5400,1700000012.5420,0.0333,-6.1039,18.8975,-39.4571,81.7045,-68.9875,1.7047,-6.4780,18.4890,-39.8407,79.3242,-69.5549,1.1784,-6.4780,18.4890,-39.8407,79.3242,-69.5549,1.1784,0.0000,0.0000,0.0000,0.0000,0.0000,0.0000,0
338,1700000012.5733,1700000012.5753,0.0333,-6.1913,18.7918,-39.5545,81.1562,-69.1228,1.5612,-5.2143,19.8407,-38.8407,80.2363,-68.5549,2.0875,-5.2143,19.8407,-38.8407,80.2363,-68.5549,2.0875,0.0000,0.0000,0.0000,0.0000,0.0000,0.0000,0
339,1700000012.6067,1700000012.6087,0.0333,-5.9631,19.0633,-39.3731,80.9443,-68.9874,1.7047,-6.1264,19.3681,-39.8407,79.2363,-69.6429,1.1784,-6.1264,19.3681,-39.8407,79.2363,-69.6429,1.1784,0.0000,0.0000,0.0000,0.0000,0.0000,0.0000,0
340,1700000012.6400,1700000012.6420,0.0333,-6.0012,19.1422,-39.4919,80.5509,-69.1436,1.5612,-5.0385,20.9835,-38.8407,80.3242,-68.6429,2.0875,-5.0385,20.9835,-38.8407,80.3242,-68.6429,2.0875,0.0000,0.0000,0.0000,0.0000,0.0000,0.0000,0
341,1700000012.6733,1700000012.6753,0.0333,-5.7764,19.6187,-39.3264,80.4987,-69.0243,1.7047,-6.0385,20.5989,-39.8407,79.4121,-69.6429,1.1784,-6.0385,20.5989,-39.8407,79.4121,-69.6429,1.1784,0.0000,0.0000,0.0000,0.0000,0.0000,0.0000,0
342,1700000012.7067,1700000012.7087,0.0333,-5.8376,19.8724,-39.4571,80.2484,-69.1717,1.5612,-5.0385,22.2143,-38.8407,80.5000,-68.6429,2.0875,-5.0385,22.2143,-38.8407,80.5000,-68.6429,2.0875,0.0000,0.0000,0.0000,0.0000,0.0000,0.0000,0
343,1700000012.7400,1700000012.7420,0.0333,-5.6509,20.4785,-39.3004,80.3063,-69.0457,1.7047,-6.0385,21.8297,-39.8407,79.4121,-69.6429,1.1784,-6.0385,21.8297,-39.8407,79.4121,-69.6429,1.1784,0.0000,0.0000,0.0000,0.0000,0.0000,0.0000,0
344,1700000012.7733,1700000012.7753,0.0333,-5.7415,20.8282,-39.4377,80.1004,-69.1880,1.5612,-4.9505,23.4451,-39.0165,80.2363,-68.6429,2.0875,-4.9505,23.4451,-39.0165,80.2363,-68.6429,2.0875,0.0000,0.0000,0.0000,0.0000,0.0000,0.0000,0
345,1700000012.8067,1700000012.8087,0.0333,-5.5567,21.5055,-39.3307,80.1317,-69.0581,1.7047,-5.8626,23.1484,-40.2802,79.2363,-69.7308,1.1784,-5.8626,23.1484,-40.2802,79.2363,-69.7308,1.1784,0.0000,0.0000,0.0000,0.0000,0.0000,0.0000,0
346,1700000012.8400,1700000012.8420,0.0333,-5.6282,21.9307,-39.5720,79.9254,-69.2184,1.5612,-4.7747,24.7637,-39.3681,80.2363,-68.7308,2.0875,-4.7747,24.7637,-39.3681,80.2363,-68.7308,2.0875,0.0000,0.0000,0.0000,0.0000,0.0000,0.0000,0
347,1700000012.8733,1700000012.8753,0.0333,-5.4289,22.6639,-39.5202,79.9970,-69.1022,1.7047,-5.7747,24.3791,-40.3681,79.0604,-69.7308,1.1784,-5.7747,24.3791,-40.3681,79.0604,-69.7308,1.1784,0.0000,0.0000,0.0000,0.0000,0.0000,0.0000,0
348,1700000012.9067,1700000012.9087,0.0333,-5.5096,23.1078,-39.7357,79.7813,-69.2520,1.5612,-4.6868,25.9066,-39.1044,79.6209,-68.7308,2.0875,-4.6868,25.9066,-39.1044,79.6209,-68.7308,2.0875,0.0000,0.0000,0.0000,0.0000,0.0000,0.0000,0
349,1700000012.9400,1700000012.9420,0.0333,-5.3175,23.8322,-39.5752,79.7443,-69.1278,1.7047,-5.6868,25.3462,-40.0165,78.0934,-69.7308,1.1784,-5.6868,25.3462,-40.0165,78.0934,-69.7308,1.1784,0.0000,0.0000,0.0000,0.0000,0.0000,0.0000,0
350,1700000012.9733,1700000012.9753,0.0333,-5.4037,24.2240,-39.6874,79.3641,-69.2715,1.5612,-4.6868,26.6978,-39.0165,78.4780,-68.7308,2.0875,-4.6868,26.6978,-39.0165,78.4780,-68.7308,2.0875,0.0000,0.0000,0.0000,0.0000,0.0000,0.0000,1
351,1700000013.1933,1700000013.1953,0.2200,-4.8107,26.3551,-39.1134,78.6354,-68.8204,2.0231,-5.6868,26.0494,-40.0165,76.8626,-69.7308,1.1784,-5.6868,26.0494,-40.0165,76.8626,-69.7308,1.1784,0.0000,0.0000,0.0000,0.0000,0.0000,0.0000,1
352,1700000013.2267,1700000013.2287,0.0333,-5.0153,26.2760,-39.3429,78.2271,-69.0374,1.7928,-4.6868,27.4011,-39.0165,77.3352,-68.7308,2.0875,-4.6868,27.4011,-39.0165,77.3352,-68.7308,2.0875,0.0000,0.0000,0.0000,0.0000,0.0000,0.0000,0
353,1700000013.2600,1700000013.2620,0.0333,-4.9386,26.5672,-39.2599,78.0217,-68.9643,1.8732,-5.6868,26.5769,-40.0165,76.0714,-69.7308,1.1784,-5.6868,26.5769,-40.0165,76.0714,-69.7308,1.1784,0.0000,0.0000,0.0000,0.0000,0.0000,0.0000,0
354,1700000013.2933,1700000013.2953,0.0333,-5.1133,26.5697,-39.4522,77.5725,-69.1470,1.6838,-4.7747,27.8407,-39.0165,76.9835,-68.7308,2.0875,-4.7747,27.8407,-39.0165,76.9835,-68.7308,2.0875,0.0000,0.0000,0.0000,0.0000,0.0000,0.0000,0
355,1700000013.3267,1700000013.3287,0.0333,-5.0343,26.8986,-39.3415,77.4368,-69.0478,1.7938,-5.8626,27.1044,-40.0165,75.9835,-69.7308,1.1784,-5.8626,27.1044,-40.0165,75.9835,-69.7308,1.1784,0.0000,0.0000,0.0000,0.0000,0.0000,0.0000,0
356,1700000013.3600,1700000013.3620,0.0333,-5.2277,26.9519,-39.5130,77.1021,-69.2106,1.6260,-4.8626,28.4560,-38.9286,77.0714,-68.7308,2.0875,-4.8626,28.4560,-38.9286,77.0714,-68.7308,2.0875,0.0000,0.0000,0.0000,0.0000,0.0000,0.0000,0
357,1700000013.3933,1700000013.3953,0.0333,-5.1425,27.3412,-39.3645,77.0950,-69.0962,1.7519,-5.8626,27.8956,-39.9286,76.0714,-69.7308,1.1784,-5.8626,27.8956,-39.9286,76.0714,-69.7308,1.1784,0.0000,0.0000,0.0000,0.0000,0.0000,0.0000,0
358,1700000013.4267,1700000013.4287,0.0333,-5.3107,27.4847,-39.5078,76.8592,-69.2475,1.5955,-4.8626,29.3352,-38.9286,77.0714,-68.7308,2.0875,-4.8626,29.3352,-38.9286,77.0714,-68.7308,2.0875,0.0000,0.0000,0.0000,0.0000,0.0000,0.0000,0
359,1700000013.4600,1700000013.4620,0.0333,-5.2060,27.9636,-39.3606,76.9081,-69.1243,1.7297,-5.8626,28.7747,-39.9286,76.1593,-69.7308,1.1784,-5.8626,28.7747,-39.9286,76.1593,-69.7308,1.1784,0.0000,0.0000,0.0000,0.0000,0.0000,0.0000,0
360,1700000013.4933,1700000013.4953,0.0333,-5.3594,28.1735,-39.5050,76.7356,-69.2689,1.5794,-4.7747,30.2143,-38.9286,77.2473,-68.7308,2.0875,-4.7747,30.2143,-38.9286,77.2473,-68.7308,2.0875,0.0000,0.0000,0.0000,0.0000,0.0000,0.0000,0
361,1700000013.5267,1700000013.5287,0.0333,-5.2228,28.7017,-39.3585,76.8535,-69.1406,1.7179,-5.7747,29.7418,-39.9286,76.2473,-69.7308,1.1784,-5.7747,29.7418,-39.9286,76.2473,-69.7308,1.1784,0.0000,0.0000,0.0000,0.0000,0.0000,0.0000,0
362,1700000013.5600,1700000013.5620,0.0333,-5.3517,28.9709,-39.5034,76.7138,-69.2813,1.5708,-4.7747,31.0934,-38.9286,77.2473,-68.7308,2.0875,-4.7747,31.0934,-38.9286,77.2473,-68.7308,2.0875,0.0000,0.0000,0.0000,0.0000,0.0000,0.0000,0
363,1700000013.5933,1700000013.5953,0.0333,-5.2170,29.5202,-39.3573,76.8367,-69.1501,1.7117,-5.7747,30.4451,-39.9286,76.2473,-69.7308,1.1784,-5.7747,30.4451,-39.9286,76.2473,-69.7308,1.1784,0.0000,0.0000,0.0000,0.0000,0.0000,0.0000,0
364,1700000013.6267,1700000013.6287,0.0333,-5.3472,29.7596,-39.5025,76.7009,-69.2885,1.5663,-4.7747,31.7088,-38.9286,77.2473,-68.7308,2.0875,-4.7747,31.7088,-38.9286,77.2473,-68.7308,2.0875,0.0000,0.0000,0.0000,0.0000,0.0000,0.0000,0
365,1700000013.6600,1700000013.6620,0.0333,-5.2135,30.2640,-39.3566,76.8268,-69.1555,1.7084,-5.7747,30.8846,-39.9286,76.2473,-69.7308,1.1784,-5.7747,30.8846,-39.9286,76.2473,-69.7308,1.1784,0.0000,0.0000,0.0000,0.0000,0.0000,0.0000,0
366,1700000013.6933,1700000013.6953,0.0333,-5.3446,30.4247,-39.5020,76.6933,-69.2926,1.5639,-4.7747,31.8846,-38.9286,77.2473,-68.7308,2.0875,-4.7747,31.8846,-38.9286,77.2473,-68.7308,2.0875,0.0000,0.0000,0.0000,0.0000,0.0000,0.0000,0
367,1700000013.7267,1700000013.7287,0.0333,-5.2115,30.8025,-39.3563,76.8209,-69.1587,1.7067,-5.7747,30.8846,-39.9286,76.2473,-69.7308,1.1784,-5.7747,30.8846,-39.9286,76.2473,-69.7308,1.1784,0.0000,0.0000,0.0000,0.0000,0.0000,0.0000,0
368,1700000013.7600,1700000013.7620,0.0333,-5.3430,30.8238,-39.5017,76.6888,-69.2951,1.5626,-4.7747,31.8846,-38.9286,77.2473,-68.7308,2.0875,-4.7747,31.8846,-38.9286,77.2473,-68.7308,2.0875,0.0000,0.0000,0.0000,0.0000,0.0000,0.0000,0
369,1700000013.7933,1700000013.7953,0.0333,-5.2103,31.0983,-39.3560,76.8174,-69.1606,1.7058,-5.8626,30.8846,-39.9286,76.2473,-69.7308,1.1784,-5.8626,30.8846,-39.9286,76.2473,-69.7308,1.1784,0.0000,0.0000,0.0000,0.0000,0.0000,0.0000,0
370,1700000013.8267,1700000013.8287,0.0333,-5.3627,31.0430,-39.5015,76.6861,-69.2965,1.5620,-4.9505,31.7967,-39.1923,77.2473,-68.7308,2.0875,-4.9505,31.7967,-39.1923,77.2473,-68.7308,2.0875,0.0000,0.0000,0.0000,0.0000,0.0000,0.0000,0
371,1700000013.8600,1700000013.8620,0.0333,-5.2664,31.2381,-39.4230,76.8153,-69.1616,1.7053,-6.0385,30.7967,-40.2802,76.2473,-69.7308,1.1784,-6.0385,30.7967,-40.2802,76.2473,-69.7308,1.1784,0.0000,0.0000,0.0000,0.0000,0.0000,0.0000,0
372,1700000013.8933,1700000013.8953,0.0333,-5.4467,31.1238,-39.6408,76.6845,-69.2973,1.5616,-5.0385,31.6209,-39.3681,77.2473,-68.7308,2.0875,-5.0385,31.6209,-39.3681,77.2473,-68.7308,2.0875,0.0000,0.0000,0.0000,0.0000,0.0000,0.0000,0
373,1700000013.9267,1700000013.9287,0.0333,-5.3514,31.2525,-39.5715,76.8141,-69.1623,1.7050,-6.1264,30.3571,-40.4560,76.2473,-69.7308,1.1784,-6.1264,30.3571,-40.4560,76.2473,-69.7308,1.1784,0.0000,0.0000,0.0000,0.0000,0.0000,0.0000,0
374,1700000013.9600,1700000013.9620,0.0333,-5.5324,31.0208,-39.7963,76.6835,-69.2978,1.5614,-5.2143,30.7418,-40.3352,77.4231,-68.7308,2.0875,-5.2143,30.7418,-40.3352,77.4231,-68.7308,2.0875,0.0000,0.0000,0.0000,0.0000,0.0000,0.0000,0
375,1700000013.9933,1700000013.9953,0.0333,-5.4581,30.9486,-39.9333,76.8539,-69.1626,1.7049,-6.5659,28.5989,-42.8297,77.5659,-69.7308,1.1784,-6.5659,28.5989,-42.8297,77.5659,-69.7308,1.1784,0.0000,0.0000,0.0000,0.0000,0.0000,0.0000,0
376,1700000014.0267,1700000014.0287,0.0333,-5.7168,30.3404,-40.6693,77.0179,-69.2980,1.5613,-6.0934,28.2802,-43.7637,80.3242,-68.7308,2.0875,-6.0934,28.2802,-43.7637,80.3242,-68.7308,2.0875,0.0000,0.0000,0.0000,0.0000,0.0000,0.0000,0
377,1700000014.0600,1700000014.0620,0.0333,-5.8048,29.8072,-41.4557,77.7794,-69.1628,1.7048,-7.2692,25.8736,-46.3462,81.0824,-69.7308,1.1784,-7.2692,25.8736,-46.3462,81.0824,-69.7308,1.1784,0.0000,0.0000,0.0000,0.0000,0.0000,0.0000,0
378,1700000014.0933,1700000014.0953,0.0333,-6.1468,28.7892,-42.6986,78.5402,-69.2982,1.5613,-6.4451,25.4670,-46.5769,84.1044,-68.7308,2.0875,-6.4451,25.4670,-46.5769,84.1044,-68.7308,2.0875,0.0000,0.0000,0.0000,0.0000,0.0000,0.0000,0
379,1700000014.1267,1700000014.1287,0.0333,-6.2165,27.9294,-43.6842,79.8219,-69.1629,1.7048,-7.5330,23.1484,-48.6319,85.3901,-69.7308,1.1784,-7.5330,23.1484,-48.6319,85.3901,-69.7308,1.1784,0.0000,0.0000,0.0000,0.0000,0.0000,0.0000,0
380,1700000014.1600,1700000014.1620,0.0333,-6.5239,26.6920,-44.9416,81.1044,-69.2983,1.5613,-6.6209,22.4780,-48.9506,89.2912,-68.7308,2.0875,-6.6209,22.4780,-48.9506,89.2912,-68.7308,2.0875,0.0000,0.0000,0.0000,0.0000,0.0000,0.0000,0
381,1700000014.1933,1700000014.1953,0.0333,-6.5466,25.6014,-45.9604,82.9901,-69.1630,1.7047,-7.7088,19.6319,-51.7088,91.3681,-69.7308,1.1784,-7.7088,19.6319,-51.7088,91.3681,-69.7308,1.1784,0.0000,0.0000,0.0000,0.0000,0.0000,0.0000,0
382,1700000014.2267,1700000014.2287,0.0333,-6.8180,24.0564,-47.4213,84.9199,-69.2983,1.5612,-6.7088,18.6099,-52.6429,95.4451,-68.7308,2.0875,-6.7088,18.6099,-52.6429,95.4451,-68.7308,2.0875,0.0000,0.0000,0.0000,0.0000,0.0000,0.0000,0
383,1700000014.2600,1700000014.2620,0.0333,-6.7925,22.6468,-48.7483,87.3442,-69.1631,1.7047,-7.7088,15.5879,-55.3132,97.3462,-69.7308,1.1007,-7.7088,15.5879,-55.3132,97.3462,-69.7308,1.1007,0.0000,0.0000,0.0000,0.0000,0.0000,0.0000,0
384,1700000014.2933,1700000014.2953,0.0333,-7.0065,20.8199,-50.4167,89.6480,-69.2984,1.5400,-6.7088,14.4780,-55.8077,101.4231,-68.7308,2.0098,-6.7088,14.4780,-55.8077,101.4231,-68.7308,2.0098,0.0000,0.0000,0.0000,0.0000,0.0000,0.0000,0
385,1700000014.3267,1700000014.3287,0.0333,-6.9370,19.1785,-51.7868,92.3602,-69.1631,1.6681,-7.7088,11.2802,-58.1264,103.8516,-69.7308,1.1007,-7.7088,11.2802,-58.1264,103.8516,-69.7308,1.1007,0.0000,0.0000,0.0000,0.0000,0.0000,0.0000,0
386,1700000014.3600,1700000014.3620,0.0333,-7.1172,17.1344,-53.3979,95.0071,-69.2984,1.5134,-6.7088,9.7308,-57.3022,105.7308,-68.3791,1.8542,-6.7088,9.7308,-57.3022,105.7308,-68.3791,1.8542,0.0000,0.0000,0.0000,0.0000,0.0000,0.0000,0
387,1700000014.3933,1700000014.3953,0.0333,-7.0218,15.2182,-54.3901,97.4771,-69.0793,1.6063,-7.7088,5.6538,-57.6868,104.2912,-69.3791,0.9451,-7.7088,5.6538,-57.6868,104.2912,-69.3791,0.9451,0.0000,0.0000,0.0000,0.0000,0.0000,0.0000,0
388,1700000014.4267,1700000014.4287,0.0333,-7.1823,12.7429,-55.2279,99.0466,-69.1507,1.4261,-6.7088,2.9615,-56.0714,105.3791,-68.6429,1.8542,-6.7088,2.9615,-56.0714,105.3791,-68.6429,1.8542,0.0000,0.0000,0.0000,0.0000,0.0000,0.0000,0
389,1700000014.4600,1700000014.4620,0.0333,-7.0717,10.2114,-55.4423,100.5052,-69.0297,1.5428,-7.7088,-1.7308,-56.1044,104.3791,-69.6429,0.9451,-7.7088,-1.7308,-56.1044,104.3791,-69.6429,0.9451,0.0000,0.0000,0.0000,0.0000,0.0000,0.0000,0
390,1700000014.4933,1700000014.4953,0.0333,-7.2205,7.1206,-55.6106,101.3975,-69.1758,1.3798,-6.4451,-4.3352,-52.7308,105.3791,-68.6429,1.8542,-6.4451,-4.3352,-52.7308,105.3791,-68.6429,1.8542,0.0000,0.0000,0.0000,0.0000,0.0000,0.0000,0
391,1700000014.5267,1700000014.5287,0.0333,-7.0394,4.1557,-54.8787,102.3146,-69.0488,1.5092,-7.2692,-8.8516,-49.7747,104.3791,-69.6429,0.9451,-7.2692,-8.8516,-49.7747,104.3791,-69.6429,0.9451,0.0000,0.0000,0.0000,0.0000,0.0000,0.0000,0
392,1700000014.5600,1700000014.5620,0.0333,-7.0931,0.7893,-53.5816,102.7901,-69.1904,1.3554,-6.2692,-11.3681,-44.2033,105.3791,-68.4670,1.8542,-6.2692,-11.3681,-44.2033,105.3791,-68.4670,1.8542,0.0000,0.0000,0.0000,0.0000,0.0000,0.0000,0
393,1700000014.5933,1700000014.5953,0.0333,-6.9007,-2.3572,-51.1982,103.3865,-69.0180,1.4914,-7.2692,-16.4121,-40.1923,104.3791,-69.4670,0.9451,-7.2692,-16.4121,-40.1923,104.3791,-69.4670,0.9451,0.0000,0.0000,0.0000,0.0000,0.0000,0.0000,0
394,1700000014.6267,1700000014.6287,0.0333,-6.9867,-5.9947,-48.4012,103.6151,-69.1250,1.3425,-6.2692,-19.7198,-33.8297,105.3791,-68.4670,1.8542,-6.2692,-19.7198,-33.8297,105.3791,-68.4670,1.8542,0.0000,0.0000,0.0000,0.0000,0.0000,0.0000,0
395,1700000014.6600,1700000014.6620,0.0333,-6.8192,-9.5469,-44.6980,104.0214,-68.9682,1.4820,-7.2692,-25.5549,-28.7637,104.3791,-69.5549,1.0229,-7.2692,-25.5549,-28.7637,104.3791,-69.5549,1.0229,0.0000,0.0000,0.0000,0.0000,0.0000,0.0000,0
396,1700000014.6933,1700000014.6953,0.0333,-6.9243,-13.6899,-40.6485,104.1038,-69.1080,1.3568,-6.2692,-29.3022,-21.8736,105.1154,-68.7308,2.1653,-6.2692,-29.3022,-21.8736,105.1154,-68.7308,2.1653,0.0000,0.0000,0.0000,0.0000,0.0000,0.0000,0
397,1700000014.7267,1700000014.7287,0.0333,-6.7713,-17.7306,-35.8771,104.3368,-69.0181,1.5773,-7.2692,-35.1374,-16.7198,103.4121,-69.7308,1.2562,-7.2692,-35.1374,-16.7198,103.4121,-69.7308,1.2562,0.0000,0.0000,0.0000,0.0000,0.0000,0.0000,0
398,1700000014.7600,1700000014.7620,0.0333,-6.8876,-22.2356,-31.0085,104.1238,-69.1880,1.4897,-6.2692,-38.9725,-9.4780,103.7967,-68.7308,2.1653,-6.2692,-38.9725,-9.4780,103.7967,-68.7308,2.1653,0.0000,0.0000,0.0000,0.0000,0.0000,0.0000,0
399,1700000014.7933,1700000014.7953,0.0333,-6.7432,-26.5673,-25.5368,104.0485,-69.0790,1.6739,-7.2692,-45.2473,-4.5879,102.1813,-69.7308,1.2562,-7.2692,-45.2473,-4.5879,102.1813,-69.7308,1.2562,0.0000,0.0000,0.0000,0.0000,0.0000,0.0000,0
400,1700000014.8267,1700000014.8287,0.0333,-6.8660,-31.4019,-20.2128,103.6184,-69.2344,1.5600,-6.2692,-49.7857,2.7418,102.2143,-68.7308,2.2430,-6.2692,-49.7857,2.7418,102.2143,-68.7308,2.2430,0.0000,0.0000,0.0000,0.0000,0.0000,0.0000,1
401,1700000015.0467,1700000015.0487,0.2200,-6.3724,-47.2391,-0.5727,102.4637,-68.8143,2.1595,-7.2692,-56.7637,8.6868,99.5440,-69.7308,1.3339,-7.2692,-56.7637,8.6868,99.5440,-69.7308,1.3339,0.0000,0.0000,0.0000,0.0000,0.0000,0.0000,1
402,1700000015.0800,1700000015.0820,0.0333,-6.5818,-49.7041,1.7805,101.7912,-69.0327,1.9344,-6.2692,-62.0055,16.8077,98.4341,-68.7308,2.2430,-6.2692,-62.0055,16.8077,98.4341,-68.7308,2.2430,0.0000,0.0000,0.0000,0.0000,0.0000,0.0000,0
403,1700000015.1133,1700000015.1153,0.0333,-6.5088,-52.8879,5.5995,101.0179,-68.9607,2.0186,-7.2692,-69.5110,23.0165,95.1484,-69.6429,1.3339,-7.2692,-69.5110,23.0165,95.1484,-69.6429,1.3339,0.0000,0.0000,0.0000,0.0000,0.0000,0.0000,0
404,1700000015.1467,1700000015.1487,0.0333,-6.6864,-57.1901,10.0258,99.6660,-69.1233,1.8319,-6.2692,-75.5440,30.9615,93.7747,-68.7308,2.1653,-6.2692,-75.5440,30.9615,93.7747,-68.7308,2.1653,0.0000,0.0000,0.0000,0.0000,0.0000,0.0000,0
405,1700000015.1800,1700000015.1820,0.0333,-6.5890,-61.9403,15.3464,98.3090,-69.0298,1.9228,-7.2692,-83.2253,36.3791,90.3132,-69.7308,1.1784,-7.2692,-83.2253,36.3791,90.3132,-69.7308,1.1784,0.0000,0.0000,0.0000,0.0000,0.0000,0.0000,0
406,1700000015.2133,1700000015.2153,0.0333,-6.7479,-67.4490,20.6916,96.4673,-69.1968,1.7198,-6.2692,-88.7308,43.2692,88.3242,-68.8187,1.9320,-6.2692,-88.7308,43.2692,88.3242,-68.8187,1.9320,0.0000,0.0000,0.0000,0.0000,0.0000,0.0000,0
407,1700000015.2467,1700000015.2487,0.0333,-6.6361,-72.9570,26.4295,94.5917,-69.1067,1.7777,-7.2692,-95.7967,47.5440,84.9505,-69.8187,0.9451,-7.2692,-95.7967,47.5440,84.9505,-69.8187,0.9451,0.0000,0.0000,0.0000,0.0000,0.0000,0.0000,0
408,1700000015.2800,1700000015.2820,0.0333,-6.7839,-78.8681,31.7955,92.3710,-69.2764,1.5507,-6.2692,-100.3352,52.8517,84.2802,-68.9066,1.8542,-6.2692,-100.3352,52.8517,84.2802,-68.9066,1.8542,0.0000,0.0000,0.0000,0.0000,0.0000,0.0000,0
409,1700000015.3133,1700000015.3153,0.0333,-6.6637,-84.4240,37.1466,90.5074,-69.1883,1.6335,-7.2692,-105.9945,55.2802,82.2253,-71.0495,0.9451,-7.2692,-105.9945,55.2802,82.2253,-71.0495,0.9451,0.0000,0.0000,0.0000,0.0000,0.0000,0.0000,0
410,1700000015.3467,1700000015.3487,0.0333,-6.8051,-90.0067,41.7551,88.5997,-69.6319,1.4458,-6.2692,-107.1044,59.7088,82.5220,-71.9835,2.0098,-6.2692,-107.1044,59.7088,82.5220,-71.9835,2.0098,0.0000,0.0000,0.0000,0.0000,0.0000,0.0000,0
411,1700000015.3800,1700000015.3820,0.0333,-6.6800,-94.4317,46.3178,87.1998,-70.1924,1.5996,-7.2692,-107.4011,60.2912,81.6099,-74.6538,1.1007,-7.2692,-107.4011,60.2912,81.6099,-74.6538,1.1007,0.0000,0.0000,0.0000,0.0000,0.0000,0.0000,0
412,1700000015.4133,1700000015.4153,0.0333,-6.8176,-97.7883,49.8690,85.9123,-71.2558,1.4635,-6.2692,-104.8187,62.9615,82.3462,-74.3571,2.0098,-6.2692,-104.8187,62.9615,82.3462,-74.3571,2.0098,0.0000,0.0000,0.0000,0.0000,0.0000,0.0000,0
413,1700000015.4467,1700000015.4487,0.0333,-6.6895,-99.6079,53.1963,85.0909,-71.9950,1.6125,-7.2692,-104.2363,64.3352,79.9396,-75.3571,1.1007,-7.2692,-104.2363,64.3352,79.9396,-75.3571,1.1007,0.0000,0.0000,0.0000,0.0000,0.0000,0.0000,0
414,1700000015.4800,1700000015.4820,0.0333,-6.8249,-100.8057,56.0271,83.9043,-72.7964,1.4729,-6.2692,-102.2692,67.7088,77.5989,-74.1813,2.0875,-6.2692,-102.2692,67.7088,77.5989,-74.1813,2.0875,0.0000,0.0000,0.0000,0.0000,0.0000,0.0000,0
415,1700000015.5133,1700000015.5153,0.0333,-6.6951,-101.1845,58.9959,82.4520,-73.1265,1.6405,-7.2692,-103.4451,68.9945,72.8187,-75.0934,1.2562,-7.2692,-103.4451,68.9945,72.8187,-75.0934,1.2562,0.0000,0.0000,0.0000,0.0000,0.0000,0.0000,0
416,1700000015.5467,1700000015.5487,0.0333,-6.8292,-101.7696,61.5369,80.2331,-73.5953,1.5357,-6.2692,-102.9725,72.7198,68.8956,-74.0055,2.1653,-6.2692,-102.9725,72.7198,68.8956,-74.0055,2.1653,0.0000,0.0000,0.0000,0.0000,0.0000,0.0000,0
417,1700000015.5800,1700000015.5820,0.0333,-6.6984,-102.0809,64.3789,77.6217,-73.6931,1.7074,-7.2692,-104.5879,74.6209,62.9725,-74.3022,1.2562,-7.2692,-104.5879,74.6209,62.9725,-74.3022,1.2562,0.0000,0.0000,0.0000,0.0000,0.0000,0.0000,0
418,1700000015.6133,1700000015.6153,0.0333,-6.8317,-102.7297,66.9818,74.2475,-73.8383,1.5843,-6.2692,-103.9396,78.2582,59.1374,-72.4231,2.1653,-6.2692,-103.9396,78.2582,59.1374,-72.4231,2.1653,0.0000,0.0000,0.0000,0.0000,0.0000,0.0000,0
419,1700000015.6467,1700000015.6487,0.0333,-6.7004,-103.0429,69.8476,70.7671,-73.5009,1.7427,-7.2692,-105.1154,79.8077,54.1813,-73.2473,1.2562,-7.2692,-105.1154,79.8077,54.1813,-73.2473,1.2562,0.0000,0.0000,0.0000,0.0000,0.0000,0.0000,0
420,1700000015.6800,1700000015.6820,0.0333,-6.8332,-103.5792,72.3788,66.9468,-73.4405,1.6101,-6.2692,-104.2912,83.0055,52.0165,-72.4231,2.2430,-6.2692,-104.2912,83.0055,52.0165,-72.4231,2.2430,0.0000,0.0000,0.0000,0.0000,0.0000,0.0000,0
421,1700000015.7133,1700000015.7153,0.0333,-6.7015,-103.7635,75.0795,63.5078,-73.1980,1.7827,-7.2692,-105.2912,83.5000,49.8736,-73.4231,1.2562,-7.2692,-105.2912,83.5000,49.8736,-73.4231,1.2562,0.0000,0.0000,0.0000,0.0000,0.0000,0.0000,0
422,1700000015.7467,1700000015.7487,0.0333,-6.8341,-104.1589,77.2194,60.3674,-73.2516,1.6391,-6.2692,-104.2033,85.3791,50.7857,-72.4231,2.0875,-6.2692,-104.2033,85.3791,50.7857,-72.4231,2.0875,0.0000,0.0000,0.0000,0.0000,0.0000,0.0000,0
423,1700000015.7800,1700000015.7820,0.0333,-6.7022,-104.1704,79.2931,58.1604,-73.0541,1.7614,-7.2692,-105.2033,85.0824,50.3132,-73.6868,1.1784,-7.2692,-105.2033,85.0824,50.3132,-73.6868,1.1784,0.0000,0.0000,0.0000,0.0000,0.0000,0.0000,0
424,1700000015.8133,1700000015.8153,0.0333,-6.8346,-104.4377,80.7644,56.3529,-73.2049,1.6024,-6.2692,-104.2033,86.7857,52.6319,-73.9176,2.0875,-6.2692,-104.2033,86.7857,52.6319,-73.9176,2.0875,0.0000,0.0000,0.0000,0.0000,0.0000,0.0000,0
425,1700000015.8467,1700000015.8487,0.0333,-6.7026,-104.3770,82.2947,55.4958,-73.3748,1.7347,-7.2692,-105.2033,86.5769,53.7418,-76.4121,1.1784,-7.2692,-105.2033,86.5769,53.7418,-76.4121,1.1784,0.0000,0.0000,0.0000,0.0000,0.0000,0.0000,0
426,1700000015.8800,1700000015.8820,0.0333,-6.8349,-104.5909,83.3829,55.0918,-74.0987,1.5830,-6.2692,-104.2033,88.3681,57.3791,-77.1703,2.1653,-6.2692,-104.2033,88.3681,57.3791,-77.1703,2.1653,0.0000,0.0000,0.0000,0.0000,0.0000,0.0000,0
427,1700000015.9133,1700000015.9153,0.0333,-6.7028,-104.4906,84.6499,55.6187,-74.8309,1.7418,-7.2692,-105.2033,88.2473,58.9286,-79.4890,1.2562,-7.2692,-105.2033,88.2473,58.9286,-79.4890,1.2562,0.0000,0.0000,0.0000,0.0000,0.0000,0.0000,0
428,1700000015.9467,1700000015.9487,0.0333,-6.8351,-104.6750,85.5641,56.3810,-75.9411,1.6094,-6.2692,-104.2033,90.0385,62.4780,-79.6319,2.1653,-6.2692,-104.2033,90.0385,62.4780,-79.6319,2.1653,0.0000,0.0000,0.0000,0.0000,0.0000,0.0000,0
429,1700000015.9800,1700000015.9820,0.0333,-6.7029,-104.5529,86.7012,57.7854,-76.8208,1.7609,-7.2692,-105.2033,90.0055,63.6758,-81.5989,1.2562,-7.2692,-105.2033,90.0055,63.6758,-81.5989,1.2562,0.0000,0.0000,0.0000,0.0000,0.0000,0.0000,0
430,1700000016.0133,1700000016.0153,0.0333,-6.8352,-104.7213,87.5410,59.1422,-77.9597,1.6233,-6.2692,-104.2033,92.2363,66.3462,-81.3901,2.1653,-6.2692,-104.2033,92.2363,66.3462,-81.3901,2.1653,0.0000,0.0000,0.0000,0.0000,0.0000,0.0000,0
431,1700000016.0467,1700000016.0487,0.0333,-6.7030,-104.5872,88.7342,60.8015,-78.7773,1.7711,-7.4451,-105.2033,92.2912,66.4011,-82.6538,1.2562,-7.4451,-105.2033,92.2912,66.4011,-82.6538,1.2562,0.0000,0.0000,0.0000,0.0000,0.0000,0.0000,0
432,1700000016.0800,1700000016.0820,0.0333,-6.8763,-104.7467,89.6382,62.0913,-79.7013,1.6307,-6.6209,-104.2033,94.3462,67.8407,-81.4780,2.1653,-6.6209,-104.2033,94.3462,67.8407,-81.4780,2.1653,0.0000,0.0000,0.0000,0.0000,0.0000,0.0000,0
433,1700000016.1133,1700000016.1153,0.0333,-6.8167,-104.6060,90.8347,63.4156,-80.1248,1.7765,-7.7088,-105.2033,94.4011,66.8407,-82.4780,1.2562,-7.7088,-105.2033,94.4011,66.8407,-82.4780,1.2562,0.0000,0.0000,0.0000,0.0000,0.0000,0.0000,0
434,1700000016.1467,1700000016.1487,0.0333,-7.0250,-104.7606,91.7410,64.2045,-80.6857,1.6346,-6.7088,-104.2033,96.4560,68.0165,-81.4780,2.0098,-6.7088,-104.2033,96.4560,68.0165,-81.4780,2.0098,0.0000,0.0000,0.0000,0.0000,0.0000,0.0000,0
435,1700000016.1800,1700000016.1820,0.0333,-6.9512,-104.6164,92.9393,65.0825,-80.8745,1.7369,-7.8846,-105.2033,96.4231,67.0165,-82.4780,1.1007,-7.8846,-105.2033,96.4231,67.0165,-82.4780,1.1007,0.0000,0.0000,0.0000,0.0000,0.0000,0.0000,0
436,1700000016.2133,1700000016.2153,0.0333,-7.1692,-104.7683,93.8247,65.5280,-81.2567,1.5634,-7.5879,-104.2033,97.5989,68.1923,-81.4780,2.0098,-7.5879,-104.2033,97.5989,68.1923,-81.4780,2.0098,0.0000,0.0000,0.0000,0.0000,0.0000,0.0000,0
437,1700000016.2467,1700000016.2487,0.0333,-7.2670,-104.6221,94.7838,66.1417,-81.3095,1.6851,-9.3791,-105.1154,96.5989,68.0714,-82.4780,1.1007,-9.3791,-105.1154,96.5989,68.0714,-82.4780,1.1007,0.0000,0.0000,0.0000,0.0000,0.0000,0.0000,0
438,1700000016.2800,1700000016.2820,0.0333,-7.7603,-104.7497,95.2451,66.5862,-81.5880,1.5258,-8.9945,-104.1154,97.5989,70.5659,-81.4780,2.0098,-8.9945,-104.1154,97.5989,70.5659,-81.4780,2.0098,0.0000,0.0000,0.0000,0.0000,0.0000,0.0000,0
439,1700000016.3133,1700000016.3153,0.0333,-8.0485,-104.5856,95.8433,67.5028,-81.5618,1.6577,-10.5220,-105.1154,96.5989,71.1484,-82.4780,1.1007,-10.5220,-105.1154,96.5989,71.1484,-82.4780,1.1007,0.0000,0.0000,0.0000,0.0000,0.0000,0.0000,0
440,1700000016.3467,1700000016.3487,0.0333,-8.6262,-104.7227,96.0353,68.3425,-81.7802,1.5058,-9.6978,-104.1154,97.5989,73.6429,-81.4780,2.0098,-9.6978,-104.1154,97.5989,73.6429,-81.4780,2.0098,0.0000,0.0000,0.0000,0.0000,0.0000,0.0000,0
441,1700000016.3800,1700000016.3820,0.0333,-8.8765,-104.5655,96.4327,69.5634,-81.7082,1.6432,-10.7857,-105.1154,96.5989,73.7857,-82.3022,1.1007,-10.7857,-105.1154,96.5989,73.7857,-82.3022,1.1007,0.0000,0.0000,0.0000,0.0000,0.0000,0.0000,0
442,1700000016.4133,1700000016.4153,0.0333,-9.3224,-104.7078,96.4749,70.5359,-81.8497,1.4953,-9.7857,-104.1154,97.5989,75.0495,-80.0714,2.0875,-9.7857,-104.1154,97.5989,75.0495,-80.0714,2.0875,0.0000,0.0000,0.0000,0.0000,0.0000,0.0000,0
443,1700000016.4467,1700000016.4487,0.0333,-9.4306,-104.5545,96.7606,71.5755,-81.4259,1.6568,-10.6978,-105.1154,96.5989,74.3132,-79.4890,1.1784,-10.6978,-105.1154,96.5989,74.3132,-79.4890,1.1784,0.0000,0.0000,0.0000,0.0000,0.0000,0.0000,0
444,1700000016.4800,1700000016.4820,0.0333,-9.7266,-104.6997,96.7195,72.2061,-80.9642,1.5263,-9.5220,-104.1154,97.5989,75.5769,-76.9066,2.1653,-9.5220,-104.1154,97.5989,75.5769,-76.9066,2.1653,0.0000,0.0000,0.0000,0.0000,0.0000,0.0000,0
445,1700000016.5133,1700000016.5153,0.0333,-9.6788,-104.5484,96.9430,72.9825,-79.9971,1.7006,-10.5220,-105.1154,96.5989,75.3681,-76.7637,1.1784,-10.5220,-105.1154,96.5989,75.3681,-76.7637,1.1784,0.0000,0.0000,0.0000,0.0000,0.0000,0.0000,0
446,1700000016.5467,1700000016.5487,0.0333,-9.8757,-104.6952,96.8555,73.5320,-79.2264,1.5582,-9.5220,-104.1154,97.5989,77.2473,-75.2363,2.0875,-9.5220,-104.1154,97.5989,77.2473,-75.2363,2.0875,0.0000,0.0000,0.0000,0.0000,0.0000,0.0000,0
447,1700000016.5800,1700000016.5820,0.0333,-9.7931,-104.5451,97.0445,74.3878,-78.2753,1.7025,-10.5220,-105.1154,96.5989,77.1264,-76.1484,1.2562,-10.5220,-105.1154,96.5989,77.1264,-76.1484,1.2562,0.0000,0.0000,0.0000,0.0000,0.0000,0.0000,0
448,1700000016.6133,1700000016.6153,0.0333,-9.9633,-104.6927,96.9312,75.0186,-77.7684,1.5808,-9.5220,-104.2033,97.5989,78.6538,-75.0604,2.1653,-9.5220,-104.2033,97.5989,78.6538,-75.0604,2.1653,0.0000,0.0000,0.0000,0.0000,0.0000,0.0000,0
449,1700000016.6467,1700000016.6487,0.0333,-9.8602,-104.5660,97.1009,75.8559,-77.1229,1.7402,-10.5220,-105.2033,96.5989,78.4451,-76.0604,1.2562,-10.5220,-105.2033,96.5989,78.4451,-76.0604,1.2562,0.0000,0.0000,0.0000,0.0000,0.0000,0.0000,0
