step,t_obs,t_cmd,dt,pos_shoulder_pan,pos_shoulder_lift,pos_elbow_flex,pos_wrist_flex,pos_wrist_roll,pos_gripper,cmd_shoulder_pan,cmd_shoulder_lift,cmd_elbow_flex,cmd_wrist_flex,cmd_wrist_roll,cmd_gripper,sent_shoulder_pan,sent_shoulder_lift,sent_elbow_flex,sent_wrist_flex,sent_wrist_roll,sent_gripper,velraw_shoulder_pan,velraw_shoulder_lift,velraw_elbow_flex,velraw_wrist_flex,velraw_wrist_roll,velraw_gripper,chunk_start
0,1700000000.0000,1700000000.0020,0.0000,-57.1429,-27.8681,52.7033,50.9011,-111.6923,29.5490,-57.1429,-27.8681,52.7033,50.9011,-111.6923,29.5490,-57.1429,-27.8681,52.7033,50.9011,-111.6923,29.5490,0.0000,0.0000,0.0000,0.0000,0.0000,0.0000,1
1,1700000000.2200,1700000000.2220,0.2200,-57.1429,-27.8681,52.7033,50.9011,-111.6923,29.5490,-57.7582,-26.1978,51.8242,50.9011,-111.6923,29.0824,-57.7582,-26.1978,51.8242,50.9011,-111.6923,29.0824,0.0000,0.0000,0.0000,0.0000,0.0000,0.0000,1
2,1700000000.2533,1700000000.2553,0.0333,-57.2866,-27.4358,52.4799,50.9011,-111.6923,29.4218,-58.1978,-24.4396,50.5055,50.9011,-111.6923,28.6159,-58.1978,-24.4396,50.5055,50.9011,-111.6923,28.6159,0.0000,0.0000,0.0000,0.0000,0.0000,0.0000,0
3,1700000000.2867,1700000000.2887,0.0333,-57.4994,-26.6604,51.9781,50.9011,-111.6923,29.2020,-58.5494,-22.5055,48.8352,50.9890,-111.7802,28.3826,-58.5494,-22.5055,48.8352,50.9890,-111.7802,28.3826,0.0000,0.0000,0.0000,0.0000,0.0000,0.0000,0
4,1700000000.3200,1700000000.3220,0.0333,-57.7446,-25.5850,51.1794,50.9213,-111.7133,28.9786,-58.7253,-20.4835,46.8132,51.2527,-111.7802,28.3048,-58.7253,-20.4835,46.8132,51.2527,-111.7802,28.3048,0.0000,0.0000,0.0000,0.0000,0.0000,0.0000,0
5,1700000000.3533,1700000000.3553,0.0333,-57.9737,-24.2647,50.0698,50.9977,-111.7292,28.7949,-58.8132,-18.3736,44.6154,51.6044,-112.4835,28.3048,-58.8132,-18.3736,44.6154,51.6044,-112.4835,28.3048,0.0000,0.0000,0.0000,0.0000,0.0000,0.0000,0
6,1700000000.3867,1700000000.3887,0.0333,-58.1697,-22.7400,48.6836,51.1374,-111.9090,28.6613,-58.9890,-16.1758,42.1538,52.4835,-113.1868,28.3048,-58.9890,-16.1758,42.1538,52.4835,-113.1868,28.3048,0.0000,0.0000,0.0000,0.0000,0.0000,0.0000,0
7,1700000000.4200,1700000000.4220,0.0333,-58.3611,-21.0412,47.0241,51.4475,-112.2136,28.5641,-59.5165,-13.9780,39.6044,53.9780,-113.9780,28.3048,-59.5165,-13.9780,39.6044,53.9780,-113.9780,28.3048,0.0000,0.0000,0.0000,0.0000,0.0000,0.0000,0
8,1700000000.4533,1700000000.4553,0.0333,-58.6309,-19.2131,45.1385,52.0304,-112.6341,28.4934,-59.8681,-12.0440,36.7912,55.9121,-114.8571,28.3048,-59.8681,-12.0440,36.7912,55.9121,-114.8571,28.3048,0.0000,0.0000,0.0000,0.0000,0.0000,0.0000,0
9,1700000000.4867,1700000000.4887,0.0333,-58.9199,-17.3577,43.0171,52.9244,-113.1640,28.4420,-60.1319,-10.1099,34.3297,57.9341,-115.5604,28.3048,-60.1319,-10.1099,34.3297,57.9341,-115.5604,28.3048,0.0000,0.0000,0.0000,0.0000,0.0000,0.0000,0
10,1700000000.5200,1700000000.5220,0.0333,-59.2029,-15.4819,40.8093,54.0783,-113.7352,28.4046,-60.3077,-8.4396,32.2198,59.6923,-115.7363,28.3048,-60.3077,-8.4396,32.2198,59.6923,-115.7363,28.3048,0.0000,0.0000,0.0000,0.0000,0.0000,0.0000,0
11,1700000000.5533,1700000000.5553,0.0333,-59.4610,-13.6593,38.6264,55.3714,-114.2122,28.3774,-60.3077,-7.0330,30.6374,60.8352,-115.8242,28.3048,-60.3077,-7.0330,30.6374,60.8352,-115.8242,28.3048,0.0000,0.0000,0.0000,0.0000,0.0000,0.0000,0
12,1700000000.5867,1700000000.5887,0.0333,-59.6587,-11.9443,36.5961,56.6299,-114.5964,28.3576,-60.4835,-5.7143,29.4066,61.4506,-115.7363,28.3048,-60.4835,-5.7143,29.4066,61.4506,-115.7363,28.3048,0.0000,0.0000,0.0000,0.0000,0.0000,0.0000,0
13,1700000000.6200,1700000000.6220,0.0333,-59.8513,-10.3319,34.7689,57.7403,-114.8681,28.3432,-60.5714,-4.6593,28.9670,61.6264,-115.6484,28.3048,-60.5714,-4.6593,28.9670,61.6264,-115.6484,28.3048,0.0000,0.0000,0.0000,0.0000,0.0000,0.0000,0
14,1700000000.6533,1700000000.6553,0.0333,-60.0195,-8.8638,33.2945,58.6354,-115.0541,28.3327,-60.9231,-4.0440,28.7912,61.6264,-115.6484,28.3048,-60.9231,-4.0440,28.7912,61.6264,-115.6484,28.3048,0.0000,0.0000,0.0000,0.0000,0.0000,0.0000,0
15,1700000000.6867,1700000000.6887,0.0333,-60.2306,-7.6164,32.1500,59.3243,-115.1957,28.3251,-61.3626,-3.7802,28.6154,61.5385,-115.6484,28.3048,-61.3626,-3.7802,28.6154,61.5385,-115.6484,28.3048,0.0000,0.0000,0.0000,0.0000,0.0000,0.0000,0
16,1700000000.7200,1700000000.7220,0.0333,-60.4950,-6.6235,31.2517,59.8343,-115.3036,28.3196,-61.8022,-3.6044,28.5275,61.5385,-115.7363,28.3048,-61.8022,-3.6044,28.5275,61.5385,-115.7363,28.3048,0.0000,0.0000,0.0000,0.0000,0.0000,0.0000,0
17,1700000000.7533,1700000000.7553,0.0333,-60.8003,-5.8422,30.5594,60.2268,-115.4067,28.3156,-62.1538,-3.5165,28.3516,61.6264,-115.8242,28.3048,-62.1538,-3.5165,28.3516,61.6264,-115.8242,28.3048,0.0000,0.0000,0.0000,0.0000,0.0000,0.0000,0
18,1700000000.7867,1700000000.7887,0.0333,-61.1164,-5.2402,29.9983,60.5492,-115.5062,28.3126,-62.3297,-3.4286,28.3516,61.5385,-115.9121,28.3048,-62.3297,-3.4286,28.3516,61.5385,-115.9121,28.3048,0.0000,0.0000,0.0000,0.0000,0.0000,0.0000,0
19,1700000000.8200,1700000000.8220,0.0333,-61.3998,-4.7714,29.5798,60.7771,-115.6030,28.3105,-62.6813,-3.4286,28.2637,61.5385,-115.9121,28.3048,-62.6813,-3.4286,28.2637,61.5385,-115.9121,28.3048,0.0000,0.0000,0.0000,0.0000,0.0000,0.0000,0
20,1700000000.8533,1700000000.8553,0.0333,-61.6991,-4.4238,29.2454,60.9524,-115.6766,28.3090,-63.6483,-3.4286,28.1758,61.2747,-115.9121,28.3048,-63.6483,-3.4286,28.1758,61.2747,-115.9121,28.3048,0.0000,0.0000,0.0000,0.0000,0.0000,0.0000,0
21,1700000000.8867,1700000000.8887,0.0333,-62.1543,-4.1663,28.9736,61.0267,-115.7328,28.3078,-64.5275,-3.2527,28.1758,60.4835,-115.9121,28.3048,-64.5275,-3.2527,28.1758,60.4835,-115.9121,28.3048,0.0000,0.0000,0.0000,0.0000,0.0000,0.0000,0
22,1700000000.9200,1700000000.9220,0.0333,-62.7086,-3.9298,28.7708,60.9016,-115.7755,28.3070,-64.9670,-3.1648,28.2637,59.6044,-115.9121,28.3048,-64.9670,-3.1648,28.2637,59.6044,-115.9121,28.3048,0.0000,0.0000,0.0000,0.0000,0.0000,0.0000,0
23,1700000000.9533,1700000000.9553,0.0333,-63.2360,-3.7318,28.6419,60.6028,-115.8081,28.3064,-65.4066,-3.1648,28.3516,58.9011,-116.0000,28.3048,-65.4066,-3.1648,28.3516,58.9011,-116.0000,28.3048,0.0000,0.0000,0.0000,0.0000,0.0000,0.0000,0
24,1700000000.9867,1700000000.9887,0.0333,-63.7430,-3.5851,28.5682,60.2108,-115.8538,28.3060,-66.0220,-3.0769,28.6154,58.2857,-116.0879,28.3048,-66.0220,-3.0769,28.6154,58.2857,-116.0879,28.3048,0.0000,0.0000,0.0000,0.0000,0.0000,0.0000,0
25,1700000001.0200,1700000001.0220,0.0333,-64.2752,-3.4536,28.5802,59.7674,-115.9096,28.3057,-66.3736,-2.6374,28.7033,58.1978,-116.1758,28.3048,-66.3736,-2.6374,28.7033,58.1978,-116.1758,28.3048,0.0000,0.0000,0.0000,0.0000,0.0000,0.0000,0
26,1700000001.0533,1700000001.0553,0.0333,-64.7653,-3.2423,28.6115,59.4059,-115.9731,28.3054,-66.5495,-1.9341,28.6154,58.2857,-116.1758,28.3048,-66.5495,-1.9341,28.6154,58.2857,-116.1758,28.3048,0.0000,0.0000,0.0000,0.0000,0.0000,0.0000,0
27,1700000001.0867,1700000001.0887,0.0333,-65.1820,-2.9037,28.6125,59.1479,-116.0214,28.3053,-66.7253,-0.9670,28.5275,58.3736,-116.0879,28.3048,-66.7253,-0.9670,28.5275,58.3736,-116.0879,28.3048,0.0000,0.0000,0.0000,0.0000,0.0000,0.0000,0
28,1700000001.1200,1700000001.1220,0.0333,-65.5424,-2.4025,28.5909,58.9695,-116.0372,28.3051,-66.7253,0.0000,28.4396,58.9890,-116.0879,28.3048,-66.7253,0.0000,28.4396,58.9890,-116.0879,28.3048,0.0000,0.0000,0.0000,0.0000,0.0000,0.0000,0
29,1700000001.1533,1700000001.1553,0.0333,-65.8187,-1.7807,28.5524,58.9740,-116.0493,28.3051,-66.7253,0.7912,28.2637,59.7802,-115.9121,28.3048,-66.7253,0.7912,28.2637,59.7802,-115.9121,28.3048,0.0000,0.0000,0.0000,0.0000,0.0000,0.0000,0
30,1700000001.1867,1700000001.1887,0.0333,-66.0304,-1.1151,28.4790,59.1597,-116.0166,28.3050,-66.6374,1.4066,27.9121,60.3077,-115.8242,28.3048,-66.6374,1.4066,27.9121,60.3077,-115.8242,28.3048,0.0000,0.0000,0.0000,0.0000,0.0000,0.0000,0
31,1700000001.2200,1700000001.2220,0.0333,-66.1722,-0.4624,28.3350,59.4241,-115.9707,28.3049,-66.5495,1.9341,27.4725,60.8352,-115.7363,28.3048,-66.5495,1.9341,27.4725,60.8352,-115.7363,28.3048,0.0000,0.0000,0.0000,0.0000,0.0000,0.0000,0
32,1700000001.2533,1700000001.2553,0.0333,-66.2603,0.1578,28.1158,59.7491,-115.9149,28.3049,-66.3736,2.3736,27.0330,61.1868,-115.7363,28.3048,-66.3736,2.3736,27.0330,61.1868,-115.7363,28.3048,0.0000,0.0000,0.0000,0.0000,0.0000,0.0000,0
33,1700000001.2867,1700000001.2887,0.0333,-66.2868,0.7313,27.8406,60.0803,-115.8723,28.3049,-66.1978,2.7253,26.6813,61.4506,-115.6484,28.3048,-66.1978,2.7253,26.6813,61.4506,-115.6484,28.3048,0.0000,0.0000,0.0000,0.0000,0.0000,0.0000,0
34,1700000001.3200,1700000001.3220,0.0333,-66.2660,1.2473,27.5460,60.3959,-115.8189,28.3049,-65.6703,3.0769,26.5055,61.4506,-115.6484,28.3048,-65.6703,3.0769,26.5055,61.4506,-115.6484,28.3048,0.0000,0.0000,0.0000,0.0000,0.0000,0.0000,0
35,1700000001.3533,1700000001.3553,0.0333,-66.1269,1.7209,27.2816,60.6388,-115.7783,28.3049,-65.2308,3.1648,26.4176,61.3626,-115.6484,28.3048,-65.2308,3.1648,26.4176,61.3626,-115.6484,28.3048,0.0000,0.0000,0.0000,0.0000,0.0000,0.0000,0
36,1700000001.3867,1700000001.3887,0.0333,-65.9176,2.0946,27.0620,60.8055,-115.7473,28.3048,-65.0549,3.1648,26.4176,61.2747,-115.6484,28.5381,-65.0549,3.1648,26.4176,61.2747,-115.6484,28.5381,0.0000,0.0000,0.0000,0.0000,0.0000,0.0000,0
37,1700000001.4200,1700000001.4220,0.0333,-65.7161,2.3716,26.8982,60.9136,-115.7237,28.3684,-64.7912,3.1648,26.4176,61.0989,-115.6484,28.6936,-64.7912,3.1648,26.4176,61.0989,-115.6484,28.6936,0.0000,0.0000,0.0000,0.0000,0.0000,0.0000,0
38,1700000001.4533,1700000001.4553,0.0333,-65.5001,2.5769,26.7761,60.9563,-115.7058,28.4571,-64.5275,3.1648,26.2418,61.0989,-115.6484,28.6936,-64.5275,3.1648,26.2418,61.0989,-115.6484,28.6936,0.0000,0.0000,0.0000,0.0000,0.0000,0.0000,0
39,1700000001.4867,1700000001.4887,0.0333,-65.2729,2.7290,26.6403,60.9891,-115.6921,28.5216,-64.3516,3.1648,26.0659,61.1868,-115.6484,28.6936,-64.3516,3.1648,26.0659,61.1868,-115.6484,28.6936,0.0000,0.0000,0.0000,0.0000,0.0000,0.0000,0
40,1700000001.5200,1700000001.5220,0.0333,-65.0578,2.8418,26.4943,61.0347,-115.6817,28.5685,-64.1758,3.1648,26.0659,61.2747,-115.6484,28.6936,-64.1758,3.1648,26.0659,61.2747,-115.6484,28.6936,0.0000,0.0000,0.0000,0.0000,0.0000,0.0000,0
41,1700000001.5533,1700000001.5553,0.0333,-64.8518,2.9254,26.3854,61.0900,-115.6737,28.6026,-63.8242,3.1648,26.0659,61.2747,-115.6484,28.6936,-63.8242,3.1648,26.0659,61.2747,-115.6484,28.6936,0.0000,0.0000,0.0000,0.0000,0.0000,0.0000,0
42,1700000001.5867,1700000001.5887,0.0333,-64.6118,2.9874,26.3042,61.1325,-115.6677,28.6274,-63.3846,3.1648,26.0659,61.3626,-115.6484,28.5381,-63.3846,3.1648,26.0659,61.3626,-115.6484,28.5381,0.0000,0.0000,0.0000,0.0000,0.0000,0.0000,0
43,1700000001.6200,1700000001.6220,0.0333,-64.3252,3.0333,26.2437,61.1855,-115.6631,28.6031,-63.0330,3.1648,26.1538,61.4506,-115.6484,28.4603,-63.0330,3.1648,26.1538,61.4506,-115.6484,28.4603,0.0000,0.0000,0.0000,0.0000,0.0000,0.0000,0
44,1700000001.6533,1700000001.6553,0.0333,-64.0234,3.0674,26.2209,61.2466,-115.6596,28.5642,-62.9451,3.0769,26.2418,61.4506,-115.6484,28.4603,-62.9451,3.0769,26.2418,61.4506,-115.6484,28.4603,0.0000,0.0000,0.0000,0.0000,0.0000,0.0000,0
45,1700000001.6867,1700000001.6887,0.0333,-63.7715,3.0698,26.2262,61.2936,-115.6569,28.5359,-62.5934,3.0769,26.2418,61.4506,-115.6484,28.4603,-62.5934,3.0769,26.2418,61.4506,-115.6484,28.4603,0.0000,0.0000,0.0000,0.0000,0.0000,0.0000,0
46,1700000001.7200,1700000001.7220,0.0333,-63.4964,3.0717,26.2301,61.3297,-115.6549,28.5153,-62.4176,3.0769,26.2418,61.4506,-115.6484,28.3826,-62.4176,3.0769,26.2418,61.4506,-115.6484,28.3826,0.0000,0.0000,0.0000,0.0000,0.0000,0.0000,0
47,1700000001.7533,1700000001.7553,0.0333,-63.2444,3.0730,26.2331,61.3575,-115.6533,28.4791,-62.3297,3.0769,26.2418,61.4506,-115.6484,28.3826,-62.3297,3.0769,26.2418,61.4506,-115.6484,28.3826,0.0000,0.0000,0.0000,0.0000,0.0000,0.0000,0
48,1700000001.7867,1700000001.7887,0.0333,-63.0308,3.0740,26.2353,61.3790,-115.6521,28.4528,-62.2418,3.1648,26.0659,61.4506,-115.6484,28.3826,-62.2418,3.1648,26.0659,61.4506,-115.6484,28.3826,0.0000,0.0000,0.0000,0.0000,0.0000,0.0000,0
49,1700000001.8200,1700000001.8220,0.0333,-62.8465,3.0975,26.1922,61.3955,-115.6512,28.4336,-62.2418,3.1648,26.0659,61.2747,-115.6484,28.3826,-62.2418,3.1648,26.0659,61.2747,-115.6484,28.3826,0.0000,0.0000,0.0000,0.0000,0.0000,0.0000,0
50,1700000001.8533,1700000001.8553,0.0333,-62.7053,3.1150,26.1601,61.3676,-115.6505,28.4197,-62.4176,3.2527,26.0659,61.1868,-115.6484,28.3826,-62.4176,3.2527,26.0659,61.1868,-115.6484,28.3826,0.0000,0.0000,0.0000,0.0000,0.0000,0.0000,1
51,1700000002.0733,1700000002.0753,0.2200,-62.4673,3.2337,26.0795,61.2189,-115.6487,28.3871,-62.5055,3.2527,26.3297,61.1868,-115.6484,28.3826,-62.5055,3.2527,26.3297,61.1868,-115.6484,28.3826,0.0000,0.0000,0.0000,0.0000,0.0000,0.0000,1
52,1700000002.1067,1700000002.1087,0.0333,-62.4762,3.2386,26.1431,61.2115,-115.6486,28.3859,-62.5934,3.2527,26.5934,61.1868,-115.6484,28.3826,-62.5934,3.2527,26.5934,61.1868,-115.6484,28.3826,0.0000,0.0000,0.0000,0.0000,0.0000,0.0000,0
53,1700000002.1400,1700000002.1420,0.0333,-62.5036,3.2423,26.2575,61.2058,-115.6486,28.3850,-62.5934,3.2527,27.1209,61.0989,-115.6484,28.3826,-62.5934,3.2527,27.1209,61.0989,-115.6484,28.3826,0.0000,0.0000,0.0000,0.0000,0.0000,0.0000,0
54,1700000002.1733,1700000002.1753,0.0333,-62.5246,3.2450,26.4770,61.1812,-115.6485,28.3843,-62.6813,3.2527,27.4725,61.0989,-115.6484,28.3826,-62.6813,3.2527,27.4725,61.0989,-115.6484,28.3826,0.0000,0.0000,0.0000,0.0000,0.0000,0.0000,0
55,1700000002.2067,1700000002.2087,0.0333,-62.5612,3.2470,26.7300,61.1623,-115.6485,28.3839,-63.0330,3.2527,27.5604,61.0989,-115.6484,28.3826,-63.0330,3.2527,27.5604,61.0989,-115.6484,28.3826,0.0000,0.0000,0.0000,0.0000,0.0000,0.0000,0
56,1700000002.2400,1700000002.2420,0.0333,-62.6714,3.2485,26.9410,61.1477,-115.6484,28.3835,-63.2088,3.2527,27.9121,61.0989,-115.6484,28.3826,-63.2088,3.2527,27.9121,61.0989,-115.6484,28.3826,0.0000,0.0000,0.0000,0.0000,0.0000,0.0000,0
57,1700000002.2733,1700000002.2753,0.0333,-62.7969,3.2496,27.1878,61.1364,-115.6484,28.3833,-63.2088,3.2527,28.1758,61.0989,-115.6484,28.3826,-63.2088,3.2527,28.1758,61.0989,-115.6484,28.3826,0.0000,0.0000,0.0000,0.0000,0.0000,0.0000,0
58,1700000002.3067,1700000002.3087,0.0333,-62.8931,3.2504,27.4389,61.1278,-115.6484,28.3831,-63.2967,3.2527,28.2637,61.0989,-115.6484,28.3826,-63.2967,3.2527,28.2637,61.0989,-115.6484,28.3826,0.0000,0.0000,0.0000,0.0000,0.0000,0.0000,0
59,1700000002.3400,1700000002.3420,0.0333,-62.9873,3.2510,27.6485,61.1211,-115.6484,28.3829,-63.3846,3.2527,28.2637,61.0989,-115.6484,28.3826,-63.3846,3.2527,28.2637,61.0989,-115.6484,28.3826,0.0000,0.0000,0.0000,0.0000,0.0000,0.0000,0
60,1700000002.3733,1700000002.3753,0.0333,-63.0801,3.2515,27.8049,61.1160,-115.6484,28.3828,-63.3846,3.3407,28.3516,61.0989,-115.6484,28.3826,-63.3846,3.3407,28.3516,61.0989,-115.6484,28.3826,0.0000,0.0000,0.0000,0.0000,0.0000,0.0000,0
61,1700000002.4067,1700000002.4087,0.0333,-63.1512,3.2745,27.9438,61.1121,-115.6484,28.3828,-63.3846,3.3407,28.3516,61.0989,-115.6484,28.3826,-63.3846,3.3407,28.3516,61.0989,-115.6484,28.3826,0.0000,0.0000,0.0000,0.0000,0.0000,0.0000,0
62,1700000002.4400,1700000002.4420,0.0333,-63.2057,3.2917,28.0475,61.1090,-115.6484,28.3827,-63.3846,3.3407,28.5275,61.0989,-115.6484,28.3826,-63.3846,3.3407,28.5275,61.0989,-115.6484,28.3826,0.0000,0.0000,0.0000,0.0000,0.0000,0.0000,0
63,1700000002.4733,1700000002.4753,0.0333,-63.2475,3.3043,28.1695,61.1067,-115.6484,28.3827,-63.3846,3.4286,28.8791,61.0110,-115.6484,28.3826,-63.3846,3.4286,28.8791,61.0110,-115.6484,28.3826,0.0000,0.0000,0.0000,0.0000,0.0000,0.0000,0
64,1700000002.5067,1700000002.5087,0.0333,-63.2795,3.3365,28.3498,61.0847,-115.6484,28.3827,-63.3846,3.6923,29.0549,61.0110,-115.6484,28.3826,-63.3846,3.6923,29.0549,61.0110,-115.6484,28.3826,0.0000,0.0000,0.0000,0.0000,0.0000,0.0000,0
65,1700000002.5400,1700000002.5420,0.0333,-63.3041,3.4286,28.5290,61.0677,-115.6484,28.3826,-63.3846,4.1319,29.0549,61.0110,-115.6484,28.3826,-63.3846,4.1319,29.0549,61.0110,-115.6484,28.3826,0.0000,0.0000,0.0000,0.0000,0.0000,0.0000,0
66,1700000002.5733,1700000002.5753,0.0333,-63.3229,3.6106,28.6627,61.0546,-115.6484,28.3826,-63.3846,4.4835,29.0549,61.0989,-115.6484,28.3826,-63.3846,4.4835,29.0549,61.0989,-115.6484,28.3826,0.0000,0.0000,0.0000,0.0000,0.0000,0.0000,0
67,1700000002.6067,1700000002.6087,0.0333,-63.3373,3.8365,28.7624,61.0648,-115.6484,28.3826,-63.4725,4.8352,29.0549,61.0989,-115.6484,28.3826,-63.4725,4.8352,29.0549,61.0989,-115.6484,28.3826,0.0000,0.0000,0.0000,0.0000,0.0000,0.0000,0
68,1700000002.6400,1700000002.6420,0.0333,-63.3689,4.0950,28.8367,61.0727,-115.6484,28.3826,-63.4725,5.0989,29.0549,61.0989,-115.6484,28.2271,-63.4725,5.0989,29.0549,61.0989,-115.6484,28.2271,0.0000,0.0000,0.0000,0.0000,0.0000,0.0000,0
69,1700000002.6733,1700000002.6753,0.0333,-63.3931,4.3548,28.8922,61.0787,-115.6484,28.3402,-63.5604,5.2747,28.8791,61.0989,-115.6484,27.5272,-63.5604,5.2747,28.8791,61.0989,-115.6484,27.5272,0.0000,0.0000,0.0000,0.0000,0.0000,0.0000,0
70,1700000002.7067,1700000002.7087,0.0333,-63.4322,4.5929,28.8889,61.0834,-115.6484,28.1185,-63.5604,5.4505,28.7912,61.0989,-115.6484,26.1275,-63.5604,5.4505,28.7912,61.0989,-115.6484,26.1275,0.0000,0.0000,0.0000,0.0000,0.0000,0.0000,0
71,1700000002.7400,1700000002.7420,0.0333,-63.4621,4.8149,28.8640,61.0869,-115.6484,27.5757,-63.5604,5.4505,28.7912,61.0989,-115.6484,24.0280,-63.5604,5.4505,28.7912,61.0989,-115.6484,24.0280,0.0000,0.0000,0.0000,0.0000,0.0000,0.0000,0
72,1700000002.7733,1700000002.7753,0.0333,-63.4851,4.9794,28.8455,61.0897,-115.6484,26.6084,-63.5604,5.4505,28.7912,61.0989,-115.6484,21.2286,-63.5604,5.4505,28.7912,61.0989,-115.6484,21.2286,0.0000,0.0000,0.0000,0.0000,0.0000,0.0000,0
73,1700000002.8067,1700000002.8087,0.0333,-63.5027,5.1013,28.8317,61.0918,-115.6484,25.1416,-63.5604,5.4505,28.7912,61.0989,-115.6484,18.1182,-63.5604,5.4505,28.7912,61.0989,-115.6484,18.1182,0.0000,0.0000,0.0000,0.0000,0.0000,0.0000,0
74,1700000002.8400,1700000002.8420,0.0333,-63.5162,5.1917,28.8214,61.0934,-115.6484,23.2267,-63.5604,5.4505,28.7912,61.0989,-115.6484,14.5412,-63.5604,5.4505,28.7912,61.0989,-115.6484,14.5412,0.0000,0.0000,0.0000,0.0000,0.0000,0.0000,0
75,1700000002.8733,1700000002.8753,0.0333,-63.5265,5.2587,28.8137,61.0947,-115.6484,20.8586,-63.5604,5.4505,28.7912,61.0989,-115.6484,10.9642,-63.5604,5.4505,28.7912,61.0989,-115.6484,10.9642,0.0000,0.0000,0.0000,0.0000,0.0000,0.0000,0
76,1700000002.9067,1700000002.9087,0.0333,-63.5344,5.3084,28.8080,61.0957,-115.6484,18.1609,-63.5604,5.4505,28.8791,61.0989,-115.6484,7.4650,-63.5604,5.4505,28.8791,61.0989,-115.6484,7.4650,0.0000,0.0000,0.0000,0.0000,0.0000,0.0000,0
77,1700000002.9400,1700000002.9420,0.0333,-63.5405,5.3452,28.8261,61.0964,-115.6484,15.2446,-63.5604,5.4505,29.0549,61.0989,-115.6484,3.9658,-63.5604,5.4505,29.0549,61.0989,-115.6484,3.9658,0.0000,0.0000,0.0000,0.0000,0.0000,0.0000,0
78,1700000002.9733,1700000002.9753,0.0333,-63.5452,5.3724,28.8843,61.0970,-115.6484,12.1695,-63.5604,5.4505,29.0549,61.1868,-115.6484,1.2442,-63.5604,5.4505,29.0549,61.1868,-115.6484,1.2442,0.0000,0.0000,0.0000,0.0000,0.0000,0.0000,0
79,1700000003.0067,1700000003.0087,0.0333,-63.5487,5.3926,28.9276,61.1177,-115.6484,9.1907,-63.5604,5.4505,29.0549,61.1868,-115.6484,0.9331,-63.5604,5.4505,29.0549,61.1868,-115.6484,0.9331,0.0000,0.0000,0.0000,0.0000,0.0000,0.0000,0
80,1700000003.0400,1700000003.0420,0.0333,-63.5515,5.4076,28.9600,61.1336,-115.6484,6.9393,-63.5604,5.4505,29.0549,61.1868,-115.6484,2.0218,-63.5604,5.4505,29.0549,61.1868,-115.6484,2.0218,0.0000,0.0000,0.0000,0.0000,0.0000,0.0000,0
81,1700000003.0733,1700000003.0753,0.0333,-63.5536,5.4187,28.9841,61.1459,-115.6484,5.5985,-63.5604,5.4505,29.0549,61.1868,-115.6484,2.7216,-63.5604,5.4505,29.0549,61.1868,-115.6484,2.7216,0.0000,0.0000,0.0000,0.0000,0.0000,0.0000,0
82,1700000003.1067,1700000003.1087,0.0333,-63.5552,5.4270,29.0021,61.1553,-115.6484,4.8141,-63.3846,5.4505,29.0549,61.1868,-115.6484,2.6439,-63.3846,5.4505,29.0549,61.1868,-115.6484,2.6439,0.0000,0.0000,0.0000,0.0000,0.0000,0.0000,0
83,1700000003.1400,1700000003.1420,0.0333,-63.5153,5.4331,29.0155,61.1626,-115.6484,4.2224,-63.2967,5.3626,29.0549,61.1868,-115.6484,2.3328,-63.2967,5.3626,29.0549,61.1868,-115.6484,2.3328,0.0000,0.0000,0.0000,0.0000,0.0000,0.0000,0
84,1700000003.1733,1700000003.1753,0.0333,-63.4643,5.4148,29.0256,61.1681,-115.6484,3.7072,-63.1209,5.2747,29.0549,61.1868,-115.6484,2.1773,-63.1209,5.2747,29.0549,61.1868,-115.6484,2.1773,0.0000,0.0000,0.0000,0.0000,0.0000,0.0000,0
85,1700000003.2067,1700000003.2087,0.0333,-63.3841,5.3786,29.0330,61.1724,-115.6484,3.2901,-63.1209,5.2747,29.0549,61.2747,-115.6484,2.1773,-63.1209,5.2747,29.0549,61.2747,-115.6484,2.1773,0.0000,0.0000,0.0000,0.0000,0.0000,0.0000,0
86,1700000003.2400,1700000003.2420,0.0333,-63.3226,5.3517,29.0386,61.1960,-115.6484,2.9867,-63.1209,5.1868,29.0549,61.4506,-115.6484,2.1773,-63.1209,5.1868,29.0549,61.4506,-115.6484,2.1773,0.0000,0.0000,0.0000,0.0000,0.0000,0.0000,0
87,1700000003.2733,1700000003.2753,0.0333,-63.2755,5.3090,29.0428,61.2546,-115.6484,2.7660,-63.1209,5.1868,29.0549,61.4506,-115.6484,2.1773,-63.1209,5.1868,29.0549,61.4506,-115.6484,2.1773,0.0000,0.0000,0.0000,0.0000,0.0000,0.0000,0
88,1700000003.3067,1700000003.3087,0.0333,-63.2394,5.2774,29.0459,61.2998,-115.6484,2.6055,-62.9451,4.8352,28.8791,61.4506,-115.6484,2.1773,-62.9451,4.8352,28.8791,61.4506,-115.6484,2.1773,0.0000,0.0000,0.0000,0.0000,0.0000,0.0000,0
89,1700000003.3400,1700000003.3420,0.0333,-63.1706,5.1629,29.0035,61.3345,-115.6484,2.4887,-62.2418,4.3077,27.8242,61.5385,-115.5604,2.1773,-62.2418,4.3077,27.8242,61.5385,-115.5604,2.1773,0.0000,0.0000,0.0000,0.0000,0.0000,0.0000,0
90,1700000003.3733,1700000003.3753,0.0333,-62.9537,4.9416,28.7038,61.3815,-115.6274,2.4038,-61.4506,2.9890,26.0659,62.4176,-115.2967,2.2551,-61.4506,2.9890,26.0659,62.4176,-115.2967,2.2551,0.0000,0.0000,0.0000,0.0000,0.0000,0.0000,0
91,1700000003.4067,1700000003.4087,0.0333,-62.6026,4.4362,28.0334,61.6201,-115.5486,2.3633,-60.6593,1.2308,24.0440,64.1758,-114.3297,2.3328,-60.6593,1.2308,24.0440,64.1758,-114.3297,2.3328,0.0000,0.0000,0.0000,0.0000,0.0000,0.0000,0
92,1700000003.4400,1700000003.4420,0.0333,-62.1488,3.6066,27.0195,62.2088,-115.2580,2.3550,-59.8681,-0.7033,21.7582,66.0220,-113.3626,2.3328,-59.8681,-0.7033,21.7582,66.0220,-113.3626,2.3328,0.0000,0.0000,0.0000,0.0000,0.0000,0.0000,0
93,1700000003.4733,1700000003.4753,0.0333,-61.6161,2.4912,25.6824,63.0871,-114.8063,2.3489,-58.5494,-2.7253,19.3846,68.3077,-112.3077,2.3328,-58.5494,-2.7253,19.3846,68.3077,-112.3077,2.3328,0.0000,0.0000,0.0000,0.0000,0.0000,0.0000,0
94,1700000003.5067,1700000003.5087,0.0333,-60.8999,1.1411,24.0819,64.2896,-114.2107,2.3445,-56.9670,-4.7473,17.0989,71.0330,-110.5495,2.3328,-56.9670,-4.7473,17.0989,71.0330,-110.5495,2.3328,0.0000,0.0000,0.0000,0.0000,0.0000,0.0000,0
95,1700000003.5400,1700000003.5420,0.0333,-59.9814,-0.3829,22.3073,65.8428,-113.3381,2.3413,-55.2967,-6.6813,14.7253,74.2857,-108.1758,2.3328,-55.2967,-6.6813,14.7253,74.2857,-108.1758,2.3328,0.0000,0.0000,0.0000,0.0000,0.0000,0.0000,0
96,1700000003.5733,1700000003.5753,0.0333,-58.8873,-2.0130,20.3804,67.7875,-112.1076,2.3390,-53.3626,-8.5275,12.0000,77.8901,-105.6264,2.3328,-53.3626,-8.5275,12.0000,77.8901,-105.6264,2.3328,0.0000,0.0000,0.0000,0.0000,0.0000,0.0000,0
97,1700000003.6067,1700000003.6087,0.0333,-57.5970,-3.6990,18.2506,70.1145,-110.5628,2.3373,-50.9011,-10.3736,9.0989,82.1099,-102.6374,2.4106,-50.9011,-10.3736,9.0989,82.1099,-102.6374,2.4106,0.0000,0.0000,0.0000,0.0000,0.0000,0.0000,0
98,1700000003.6400,1700000003.6420,0.0333,-56.0331,-5.4265,15.9248,72.8774,-108.6738,2.3573,-48.4396,-12.1319,6.4615,86.1538,-98.9451,2.4106,-48.4396,-12.1319,6.4615,86.1538,-98.9451,2.4106,0.0000,0.0000,0.0000,0.0000,0.0000,0.0000,0
99,1700000003.6733,1700000003.6753,0.0333,-54.2596,-7.1619,13.5198,75.9355,-106.3549,2.3718,-45.4506,-13.8022,4.0879,90.0220,-95.0769,2.4106,-45.4506,-13.8022,4.0879,90.0220,-95.0769,2.4106,0.0000,0.0000,0.0000,0.0000,0.0000,0.0000,0
100,1700000003.7067,1700000003.7087,0.0333,-52.2023,-8.8805,11.1228,79.1801,-103.6668,2.3824,-42.1099,-15.2967,2.2418,93.0110,-90.4176,2.4106,-42.1099,-15.2967,2.2418,93.0110,-90.4176,2.4106,0.0000,0.0000,0.0000,0.0000,0.0000,0.0000,1
101,1700000003.9267,1700000003.9287,0.2200,-43.8540,-14.4079,3.5241,90.5538,-92.6143,2.4071,-38.6813,-16.5275,0.8352,95.2967,-85.3187,2.4106,-38.6813,-16.5275,0.8352,95.2967,-85.3187,2.4106,0.0000,0.0000,0.0000,0.0000,0.0000,0.0000,1
102,1700000003.9600,1700000003.9620,0.0333,-42.6459,-14.9565,2.8407,91.6462,-90.8753,2.4081,-34.9011,-17.8462,0.2198,96.7033,-79.3407,2.4106,-34.9011,-17.8462,0.2198,96.7033,-79.3407,2.4106,0.0000,0.0000,0.0000,0.0000,0.0000,0.0000,0
103,1700000003.9933,1700000003.9953,0.0333,-40.8371,-15.7043,2.1747,92.8110,-88.1260,2.4088,-30.6813,-19.1648,0.1319,97.0549,-73.0110,2.3328,-30.6813,-19.1648,0.1319,97.0549,-73.0110,2.3328,0.0000,0.0000,0.0000,0.0000,0.0000,0.0000,0
104,1700000004.0267,1700000004.0287,0.0333,-38.4652,-16.5999,1.6555,93.7886,-84.5233,2.3880,-26.7253,-20.1319,-0.0440,97.0549,-66.2418,2.3328,-26.7253,-20.1319,-0.0440,97.0549,-66.2418,2.3328,0.0000,0.0000,0.0000,0.0000,0.0000,0.0000,0
105,1700000004.0600,1700000004.0620,0.0333,-35.7233,-17.5140,1.2236,94.5409,-80.1659,2.3730,-22.8571,-20.9231,-0.3956,96.6154,-59.7363,2.2551,-22.8571,-20.9231,-0.3956,96.6154,-59.7363,2.2551,0.0000,0.0000,0.0000,0.0000,0.0000,0.0000,0
106,1700000004.0933,1700000004.0953,0.0333,-32.7184,-18.3963,0.8121,95.0187,-75.2964,2.3408,-19.0769,-21.5385,-1.1868,96.0000,-53.1429,2.2551,-19.0769,-21.5385,-1.1868,96.0000,-53.1429,2.2551,0.0000,0.0000,0.0000,0.0000,0.0000,0.0000,0
107,1700000004.1267,1700000004.1287,0.0333,-29.5324,-19.2096,0.3041,95.2448,-70.0161,2.3174,-15.3846,-22.0659,-2.1538,95.5604,-46.5494,2.3328,-15.3846,-22.0659,-2.1538,95.5604,-46.5494,2.3328,0.0000,0.0000,0.0000,0.0000,0.0000,0.0000,0
108,1700000004.1600,1700000004.1620,0.0333,-26.2282,-19.9488,-0.3206,95.3175,-64.4227,2.3216,-11.8681,-22.4176,-3.2967,95.1209,-40.2198,2.2551,-11.8681,-22.4176,-3.2967,95.1209,-40.2198,2.2551,0.0000,0.0000,0.0000,0.0000,0.0000,0.0000,0
109,1700000004.1933,1700000004.1953,0.0333,-22.8744,-20.5878,-1.0769,95.2722,-58.6539,2.3035,-8.7912,-22.5934,-4.6154,94.5934,-33.4506,2.2551,-8.7912,-22.5934,-4.6154,94.5934,-33.4506,2.2551,0.0000,0.0000,0.0000,0.0000,0.0000,0.0000,0
110,1700000004.2267,1700000004.2287,0.0333,-19.5852,-21.1068,-1.9762,95.1158,-52.6466,2.2903,-5.9780,-22.5055,-5.9341,93.6264,-26.8571,2.2551,-5.9780,-22.5055,-5.9341,93.6264,-26.8571,2.2551,0.0000,0.0000,0.0000,0.0000,0.0000,0.0000,0
111,1700000004.2600,1700000004.2620,0.0333,-16.4072,-21.4688,-2.9820,94.7728,-46.4996,2.2807,-3.6044,-22.4176,-6.9011,92.1319,-20.2637,2.2551,-3.6044,-22.4176,-6.9011,92.1319,-20.2637,2.2551,0.0000,0.0000,0.0000,0.0000,0.0000,0.0000,0
112,1700000004.2933,1700000004.2953,0.0333,-13.4171,-21.7144,-3.9780,94.1645,-40.2462,2.2737,-1.5824,-22.3297,-7.2527,89.7582,-14.3736,2.2551,-1.5824,-22.3297,-7.2527,89.7582,-14.3736,2.2551,0.0000,0.0000,0.0000,0.0000,0.0000,0.0000,0
113,1700000004.3267,1700000004.3287,0.0333,-10.6531,-21.8736,-4.8102,93.1496,-34.0794,2.2686,0.0879,-22.0659,-7.1648,87.0330,-9.3626,2.2551,0.0879,-22.0659,-7.1648,87.0330,-9.3626,2.2551,0.0000,0.0000,0.0000,0.0000,0.0000,0.0000,0
114,1700000004.3600,1700000004.3620,0.0333,-8.1445,-21.9234,-5.4086,91.7407,-28.1881,2.2649,1.4066,-21.6264,-7.1648,84.8352,-5.7582,2.2551,1.4066,-21.6264,-7.1648,84.8352,-5.7582,2.2551,0.0000,0.0000,0.0000,0.0000,0.0000,0.0000,0
115,1700000004.3933,1700000004.3953,0.0333,-5.9138,-21.8465,-5.8550,90.1501,-22.8419,2.2622,2.2857,-20.9231,-7.3407,83.7802,-4.0000,2.2551,2.2857,-20.9231,-7.3407,83.7802,-4.0000,2.2551,0.0000,0.0000,0.0000,0.0000,0.0000,0.0000,0
116,1700000004.4267,1700000004.4287,0.0333,-3.9988,-21.6075,-6.2325,88.6829,-18.3509,2.2603,2.9890,-20.1319,-7.3407,82.9011,-3.6484,2.2551,2.9890,-20.1319,-7.3407,82.9011,-3.6484,2.2551,0.0000,0.0000,0.0000,0.0000,0.0000,0.0000,0
117,1700000004.4600,1700000004.4620,0.0333,-2.3668,-21.2256,-6.5141,87.3512,-14.8465,2.2588,3.3407,-18.9890,-7.4286,82.2857,-3.6484,2.2551,3.3407,-18.9890,-7.4286,82.2857,-3.6484,2.2551,0.0000,0.0000,0.0000,0.0000,0.0000,0.0000,0
118,1700000004.4933,1700000004.4953,0.0333,-1.0338,-20.6468,-6.7465,86.1844,-12.1774,2.2578,3.4286,-17.7582,-7.5165,81.7582,-3.5604,2.2551,3.4286,-17.7582,-7.5165,81.7582,-3.5604,2.2551,0.0000,0.0000,0.0000,0.0000,0.0000,0.0000,0
119,1700000004.5267,1700000004.5287,0.0333,0.0084,-19.8992,-6.9422,85.1649,-10.1235,2.2571,3.2527,-16.3516,-7.8681,81.3187,-3.5604,2.2551,3.2527,-16.3516,-7.8681,81.3187,-3.5604,2.2551,0.0000,0.0000,0.0000,0.0000,0.0000,0.0000,0
120,1700000004.5600,1700000004.5620,0.0333,0.7661,-18.9810,-7.1775,84.2790,-8.5592,2.2565,3.1648,-14.8571,-8.4835,80.9670,-3.5604,2.2551,3.1648,-14.8571,-8.4835,80.9670,-3.5604,2.2551,0.0000,0.0000,0.0000,0.0000,0.0000,0.0000,0
121,1700000004.5933,1700000004.5953,0.0333,1.3263,-17.9137,-7.5094,83.5161,-7.3677,2.2561,2.8132,-13.0989,-9.2747,80.5275,-3.4725,2.3328,2.8132,-13.0989,-9.2747,80.5275,-3.4725,2.3328,0.0000,0.0000,0.0000,0.0000,0.0000,0.0000,0
122,1700000004.6267,1700000004.6287,0.0333,1.6736,-16.6676,-7.9581,82.8277,-6.4393,2.2770,2.1978,-11.3407,-10.3297,80.0879,-3.4725,2.3328,2.1978,-11.3407,-10.3297,80.0879,-3.4725,2.3328,0.0000,0.0000,0.0000,0.0000,0.0000,0.0000,0
123,1700000004.6600,1700000004.6620,0.0333,1.7960,-15.2889,-8.5608,82.1967,-5.7322,2.2922,1.7582,-9.4066,-11.9121,79.8242,-3.4725,2.2551,1.7582,-9.4066,-11.9121,79.8242,-3.4725,2.2551,0.0000,0.0000,0.0000,0.0000,0.0000,0.0000,0
124,1700000004.6933,1700000004.6953,0.0333,1.7872,-13.7665,-9.4125,81.6502,-5.1936,2.2821,1.4066,-7.3846,-13.5824,79.6484,-3.4725,2.2551,1.4066,-7.3846,-13.5824,79.6484,-3.4725,2.2551,0.0000,0.0000,0.0000,0.0000,0.0000,0.0000,0
125,1700000004.7267,1700000004.7287,0.0333,1.6983,-12.1148,-10.4722,81.1891,-4.7834,2.2747,1.3187,-5.3626,-15.3407,79.6484,-3.4725,2.2551,1.3187,-5.3626,-15.3407,79.6484,-3.4725,2.2551,0.0000,0.0000,0.0000,0.0000,0.0000,0.0000,0
126,1700000004.7600,1700000004.7620,0.0333,1.6096,-10.3673,-11.7095,80.8342,-4.4709,2.2694,1.2308,-3.2527,-17.0989,79.6484,-3.4725,2.2551,1.2308,-3.2527,-17.0989,79.6484,-3.4725,2.2551,0.0000,0.0000,0.0000,0.0000,0.0000,0.0000,0
127,1700000004.7933,1700000004.7953,0.0333,1.5212,-8.5260,-13.0791,80.5611,-4.2329,2.2655,0.9670,-1.2308,-19.1209,79.6484,-3.4725,2.3328,0.9670,-1.2308,-19.1209,79.6484,-3.4725,2.3328,0.0000,0.0000,0.0000,0.0000,0.0000,0.0000,0
128,1700000004.8267,1700000004.8287,0.0333,1.3917,-6.6379,-14.6146,80.3508,-4.0517,2.2838,0.0879,0.8791,-21.3187,79.6484,-3.4725,2.3328,0.0879,0.8791,-21.3187,79.6484,-3.4725,2.3328,0.0000,0.0000,0.0000,0.0000,0.0000,0.0000,0
129,1700000004.8600,1700000004.8620,0.0333,1.0872,-4.6924,-16.3183,80.1890,-3.9137,2.2972,-0.5275,2.7253,-23.4286,79.7363,-3.4725,2.2551,-0.5275,2.7253,-23.4286,79.7363,-3.4725,2.2551,0.0000,0.0000,0.0000,0.0000,0.0000,0.0000,0
130,1700000004.8933,1700000004.8953,0.0333,0.7101,-2.7726,-18.1253,80.0847,-3.8085,2.2857,-1.1429,4.4835,-25.2747,79.8242,-3.4725,2.2551,-1.1429,4.4835,-25.2747,79.8242,-3.4725,2.2551,0.0000,0.0000,0.0000,0.0000,0.0000,0.0000,0
131,1700000004.9267,1700000004.9287,0.0333,0.2773,-0.8947,-19.9423,80.0247,-3.7284,2.2773,-1.4945,6.0659,-26.8571,80.3516,-3.4725,2.2551,-1.4945,6.0659,-26.8571,80.3516,-3.4725,2.2551,0.0000,0.0000,0.0000,0.0000,0.0000,0.0000,0
132,1700000004.9600,1700000004.9620,0.0333,-0.1365,0.9068,-21.6996,80.1000,-3.6674,2.2713,-1.9341,7.5604,-28.5275,81.2308,-3.4725,2.2551,-1.9341,7.5604,-28.5275,81.2308,-3.4725,2.2551,0.0000,0.0000,0.0000,0.0000,0.0000,0.0000,0
133,1700000004.9933,1700000004.9953,0.0333,-0.5563,2.6288,-23.4348,80.3605,-3.6210,2.2668,-2.3736,8.9670,-30.1978,82.0220,-3.4725,2.2551,-2.3736,8.9670,-30.1978,82.0220,-3.4725,2.2551,0.0000,0.0000,0.0000,0.0000,0.0000,0.0000,0
134,1700000005.0267,1700000005.0287,0.0333,-0.9807,4.2692,-25.1536,80.7432,-3.5856,2.2636,-2.6374,10.3736,-31.6044,82.4615,-3.4725,2.2551,-2.6374,10.3736,-31.6044,82.4615,-3.4725,2.2551,0.0000,0.0000,0.0000,0.0000,0.0000,0.0000,0
135,1700000005.0600,1700000005.0620,0.0333,-1.3676,5.8491,-26.7930,81.1390,-3.5586,2.2613,-2.9890,11.7802,-32.7473,82.6374,-3.4725,2.3328,-2.9890,11.7802,-32.7473,82.6374,-3.4725,2.3328,0.0000,0.0000,0.0000,0.0000,0.0000,0.0000,0
136,1700000005.0933,1700000005.0953,0.0333,-1.7463,7.3841,-28.3062,81.4841,-3.5381,2.2808,-3.2527,12.8352,-33.7143,82.8132,-3.4725,2.4106,-3.2527,12.8352,-33.7143,82.8132,-3.4725,2.4106,0.0000,0.0000,0.0000,0.0000,0.0000,0.0000,0
137,1700000005.1267,1700000005.1287,0.0333,-2.0981,8.7949,-29.6806,81.7902,-3.5225,2.3162,-3.4286,13.8901,-34.8571,82.9890,-3.4725,2.4883,-3.4286,13.8901,-34.8571,82.9890,-3.4725,2.4883,0.0000,0.0000,0.0000,0.0000,0.0000,0.0000,0
138,1700000005.1600,1700000005.1620,0.0333,-2.4089,10.1136,-30.9961,82.0664,-3.5106,2.3631,-3.4286,14.7692,-35.6483,82.9890,-3.4725,2.4883,-3.4286,14.7692,-35.6483,82.9890,-3.4725,2.4883,0.0000,0.0000,0.0000,0.0000,0.0000,0.0000,0
139,1700000005.1933,1700000005.1953,0.0333,-2.6470,11.3185,-32.1785,82.2789,-3.5015,2.3973,-3.4286,15.4725,-36.3517,83.1648,-3.4725,2.4883,-3.4286,15.4725,-36.3517,83.1648,-3.4725,2.4883,0.0000,0.0000,0.0000,0.0000,0.0000,0.0000,0
140,1700000005.2267,1700000005.2287,0.0333,-2.8296,12.3936,-33.2390,82.4829,-3.4946,2.4221,-3.4286,16.2637,-37.2308,83.2527,-3.4725,2.4883,-3.4286,16.2637,-37.2308,83.2527,-3.4725,2.4883,0.0000,0.0000,0.0000,0.0000,0.0000,0.0000,0
141,1700000005.2600,1700000005.2620,0.0333,-2.9695,13.3952,-34.2535,82.6603,-3.4893,2.4402,-3.3407,16.7912,-38.0220,83.3407,-3.4725,2.5661,-3.3407,16.7912,-38.0220,83.3407,-3.4725,2.5661,0.0000,0.0000,0.0000,0.0000,0.0000,0.0000,0
142,1700000005.2933,1700000005.2953,0.0333,-3.0562,14.2742,-35.2112,82.8170,-3.4853,2.4745,-3.3407,17.4066,-38.5494,83.3407,-3.4725,2.5661,-3.3407,17.4066,-38.5494,83.3407,-3.4725,2.5661,0.0000,0.0000,0.0000,0.0000,0.0000,0.0000,0
143,1700000005.3267,1700000005.3287,0.0333,-3.1226,15.0849,-36.0596,82.9376,-3.4823,2.4995,-3.2527,18.0220,-38.8132,83.2527,-3.4725,2.5661,-3.2527,18.0220,-38.8132,83.2527,-3.4725,2.5661,0.0000,0.0000,0.0000,0.0000,0.0000,0.0000,0
144,1700000005.3600,1700000005.3620,0.0333,-3.1530,15.8450,-36.7594,83.0102,-3.4800,2.5176,-3.2527,18.6374,-38.9890,83.2527,-3.4725,2.5661,-3.2527,18.6374,-38.9890,83.2527,-3.4725,2.5661,0.0000,0.0000,0.0000,0.0000,0.0000,0.0000,0
145,1700000005.3933,1700000005.3953,0.0333,-3.1763,16.5677,-37.3260,83.0661,-3.4782,2.5308,-3.2527,19.2527,-39.2527,83.2527,-3.4725,2.5661,-3.2527,19.2527,-39.2527,83.2527,-3.4725,2.5661,0.0000,0.0000,0.0000,0.0000,0.0000,0.0000,0
146,1700000005.4267,1700000005.4287,0.0333,-3.1941,17.2626,-37.8157,83.1091,-3.4768,2.5405,-3.2527,19.6923,-39.4286,83.3407,-3.4725,2.5661,-3.2527,19.6923,-39.4286,83.3407,-3.4725,2.5661,0.0000,0.0000,0.0000,0.0000,0.0000,0.0000,0
147,1700000005.4600,1700000005.4620,0.0333,-3.2078,17.8914,-38.2256,83.1624,-3.4758,2.5474,-3.2527,20.0440,-39.5165,83.3407,-3.4725,2.5661,-3.2527,20.0440,-39.5165,83.3407,-3.4725,2.5661,0.0000,0.0000,0.0000,0.0000,0.0000,0.0000,0
148,1700000005.4933,1700000005.4953,0.0333,-3.2183,18.4485,-38.5536,83.2035,-3.4750,2.5525,-3.3407,20.3077,-39.5165,83.3407,-3.4725,2.5661,-3.3407,20.3077,-39.5165,83.3407,-3.4725,2.5661,0.0000,0.0000,0.0000,0.0000,0.0000,0.0000,0
149,1700000005.5267,1700000005.5287,0.0333,-3.2469,18.9297,-38.7983,83.2351,-3.4744,2.5562,-3.3407,20.3956,-39.5165,83.3407,-3.4725,2.5661,-3.3407,20.3956,-39.5165,83.3407,-3.4725,2.5661,0.0000,0.0000,0.0000,0.0000,0.0000,0.0000,0
150,1700000005.5600,1700000005.5620,0.0333,-3.2688,19.3091,-38.9808,83.2594,-3.4740,2.5589,-3.3407,20.3956,-39.3407,83.3407,-3.4725,2.5661,-3.3407,20.3956,-39.3407,83.3407,-3.4725,2.5661,0.0000,0.0000,0.0000,0.0000,0.0000,0.0000,1
151,1700000005.7800,1700000005.7820,0.2200,-3.3282,20.2451,-39.2887,83.3262,-3.4728,2.5652,-3.3407,20.3956,-39.1648,83.3407,-3.4725,2.5661,-3.3407,20.3956,-39.1648,83.3407,-3.4725,2.5661,0.0000,0.0000,0.0000,0.0000,0.0000,0.0000,1
152,1700000005.8133,1700000005.8153,0.0333,-3.3311,20.2840,-39.2572,83.3295,-3.4727,2.5655,-3.3407,20.4835,-39.0769,83.3407,-3.4725,2.5661,-3.3407,20.4835,-39.0769,83.3407,-3.4725,2.5661,0.0000,0.0000,0.0000,0.0000,0.0000,0.0000,0
153,1700000005.8467,1700000005.8487,0.0333,-3.3334,20.3357,-39.2114,83.3321,-3.4727,2.5656,-3.3407,20.5714,-38.9011,83.1648,-3.4725,2.5661,-3.3407,20.5714,-38.9011,83.1648,-3.4725,2.5661,0.0000,0.0000,0.0000,0.0000,0.0000,0.0000,0
154,1700000005.8800,1700000005.8820,0.0333,-3.3351,20.3967,-39.1325,83.2936,-3.4726,2.5658,-3.3407,20.8352,-38.3736,83.0769,-3.4725,2.5661,-3.3407,20.8352,-38.3736,83.0769,-3.4725,2.5661,0.0000,0.0000,0.0000,0.0000,0.0000,0.0000,0
155,1700000005.9133,1700000005.9153,0.0333,-3.3364,20.5102,-38.9397,83.2437,-3.4726,2.5659,-3.3407,21.3626,-38.2857,82.7253,-3.4725,2.5661,-3.3407,21.3626,-38.2857,82.7253,-3.4725,2.5661,0.0000,0.0000,0.0000,0.0000,0.0000,0.0000,0
156,1700000005.9467,1700000005.9487,0.0333,-3.3374,20.7308,-38.7735,83.1243,-3.4726,2.5659,-3.3407,21.9780,-38.3736,82.6374,-3.4725,2.5661,-3.3407,21.9780,-38.3736,82.6374,-3.4725,2.5661,0.0000,0.0000,0.0000,0.0000,0.0000,0.0000,0
157,1700000005.9800,1700000005.9820,0.0333,-3.3381,21.0536,-38.6719,83.0121,-3.4726,2.5660,-3.3407,22.5934,-38.5494,82.5495,-3.4725,2.5661,-3.3407,22.5934,-38.5494,82.5495,-3.4725,2.5661,0.0000,0.0000,0.0000,0.0000,0.0000,0.0000,0
158,1700000006.0133,1700000006.0153,0.0333,-3.3387,21.4521,-38.6408,82.9055,-3.4726,2.5660,-3.3407,23.1209,-39.0769,82.4615,-3.4725,2.5661,-3.3407,23.1209,-39.0769,82.4615,-3.4725,2.5661,0.0000,0.0000,0.0000,0.0000,0.0000,0.0000,0
159,1700000006.0467,1700000006.0487,0.0333,-3.3392,21.8840,-38.7516,82.8033,-3.4726,2.5660,-3.3407,23.6484,-39.4286,82.3736,-3.4725,2.5661,-3.3407,23.6484,-39.4286,82.3736,-3.4725,2.5661,0.0000,0.0000,0.0000,0.0000,0.0000,0.0000,0
160,1700000006.0800,1700000006.0820,0.0333,-3.3395,22.3406,-38.9236,82.7043,-3.4725,2.5660,-3.4286,24.1758,-39.9560,82.2857,-3.4725,2.5661,-3.4286,24.1758,-39.9560,82.2857,-3.4725,2.5661,0.0000,0.0000,0.0000,0.0000,0.0000,0.0000,0
161,1700000006.1133,1700000006.1153,0.0333,-3.3603,22.8156,-39.1860,82.6079,-3.4725,2.5661,-3.4286,24.7033,-40.6593,82.2857,-3.4725,2.5661,-3.4286,24.7033,-40.6593,82.2857,-3.4725,2.5661,0.0000,0.0000,0.0000,0.0000,0.0000,0.0000,0
162,1700000006.1467,1700000006.1487,0.0333,-3.3763,23.3042,-39.5604,82.5337,-3.4725,2.5661,-3.6044,25.2308,-41.1868,82.2857,-3.4725,2.5661,-3.6044,25.2308,-41.1868,82.2857,-3.4725,2.5661,0.0000,0.0000,0.0000,0.0000,0.0000,0.0000,0
163,1700000006.1800,1700000006.1820,0.0333,-3.4295,23.8028,-39.9738,82.4766,-3.4725,2.5661,-4.0440,25.7582,-41.7143,82.2857,-3.4725,2.5661,-4.0440,25.7582,-41.7143,82.2857,-3.4725,2.5661,0.0000,0.0000,0.0000,0.0000,0.0000,0.0000,0
164,1700000006.2133,1700000006.2153,0.0333,-3.5730,24.3089,-40.4161,82.4326,-3.4725,2.5661,-4.2198,26.1978,-42.3297,82.2857,-3.4725,2.5661,-4.2198,26.1978,-42.3297,82.2857,-3.4725,2.5661,0.0000,0.0000,0.0000,0.0000,0.0000,0.0000,0
165,1700000006.2467,1700000006.2487,0.0333,-3.7241,24.7977,-40.9024,82.3988,-3.4725,2.5661,-4.3077,26.6374,-42.8571,82.2857,-3.4725,2.5661,-4.3077,26.6374,-42.8571,82.2857,-3.4725,2.5661,0.0000,0.0000,0.0000,0.0000,0.0000,0.0000,0
166,1700000006.2800,1700000006.2820,0.0333,-3.8604,25.2739,-41.3992,82.3727,-3.4725,2.5661,-4.3956,27.0769,-43.3846,82.2857,-3.4725,2.5661,-4.3956,27.0769,-43.3846,82.2857,-3.4725,2.5661,0.0000,0.0000,0.0000,0.0000,0.0000,0.0000,0
167,1700000006.3133,1700000006.3153,0.0333,-3.9854,25.7405,-41.9038,82.3527,-3.4725,2.5661,-4.4835,27.4286,-43.7363,82.2857,-3.4725,2.5661,-4.4835,27.4286,-43.7363,82.2857,-3.4725,2.5661,0.0000,0.0000,0.0000,0.0000,0.0000,0.0000,0
168,1700000006.3467,1700000006.3487,0.0333,-4.1017,26.1774,-42.3695,82.3373,-3.4725,2.5661,-4.7473,27.6923,-44.1758,82.2857,-3.4725,2.5661,-4.7473,27.6923,-44.1758,82.2857,-3.4725,2.5661,0.0000,0.0000,0.0000,0.0000,0.0000,0.0000,0
169,1700000006.3800,1700000006.3820,0.0333,-4.2525,26.5695,-42.8285,82.3254,-3.4725,2.5661,-5.0110,27.9560,-44.5275,82.2857,-3.4725,2.5661,-5.0110,27.9560,-44.5275,82.2857,-3.4725,2.5661,0.0000,0.0000,0.0000,0.0000,0.0000,0.0000,0
170,1700000006.4133,1700000006.4153,0.0333,-4.4296,26.9283,-43.2603,82.3162,-3.4725,2.5661,-5.0989,28.1319,-44.7033,82.2857,-3.4725,2.5661,-5.0989,28.1319,-44.7033,82.2857,-3.4725,2.5661,0.0000,0.0000,0.0000,0.0000,0.0000,0.0000,0
171,1700000006.4467,1700000006.4487,0.0333,-4.5859,27.2398,-43.6270,82.3092,-3.4725,2.5661,-5.1868,28.3956,-44.7912,82.2857,-3.4725,2.5661,-5.1868,28.3956,-44.7912,82.2857,-3.4725,2.5661,0.0000,0.0000,0.0000,0.0000,0.0000,0.0000,0
172,1700000006.4800,1700000006.4820,0.0333,-4.7263,27.5389,-43.9229,82.3038,-3.4725,2.5661,-5.1868,28.5714,-44.7912,82.2857,-3.4725,2.5661,-5.1868,28.5714,-44.7912,82.2857,-3.4725,2.5661,0.0000,0.0000,0.0000,0.0000,0.0000,0.0000,0
173,1700000006.5133,1700000006.5153,0.0333,-4.8338,27.8062,-44.1436,82.2996,-3.4725,2.5661,-5.2747,28.6593,-44.7912,82.2857,-3.4725,2.5661,-5.2747,28.6593,-44.7912,82.2857,-3.4725,2.5661,0.0000,0.0000,0.0000,0.0000,0.0000,0.0000,0
174,1700000006.5467,1700000006.5487,0.0333,-4.9368,28.0270,-44.3082,82.2964,-3.4725,2.5661,-5.2747,28.6593,-44.7912,82.2857,-3.4725,2.5661,-5.2747,28.6593,-44.7912,82.2857,-3.4725,2.5661,0.0000,0.0000,0.0000,0.0000,0.0000,0.0000,0
175,1700000006.5800,1700000006.5820,0.0333,-5.0157,28.1906,-44.4309,82.2940,-3.4725,2.5661,-5.2747,28.6593,-44.7912,82.2857,-3.4725,2.5661,-5.2747,28.6593,-44.7912,82.2857,-3.4725,2.5661,0.0000,0.0000,0.0000,0.0000,0.0000,0.0000,0
176,1700000006.6133,1700000006.6153,0.0333,-5.0762,28.3119,-44.5225,82.2921,-3.4725,2.5661,-5.2747,28.6593,-44.7912,82.2857,-3.4725,2.5661,-5.2747,28.6593,-44.7912,82.2857,-3.4725,2.5661,0.0000,0.0000,0.0000,0.0000,0.0000,0.0000,0
177,1700000006.6467,1700000006.6487,0.0333,-5.1226,28.4019,-44.5908,82.2906,-3.4725,2.5661,-5.2747,28.7473,-44.7912,82.2857,-3.4725,2.5661,-5.2747,28.7473,-44.7912,82.2857,-3.4725,2.5661,0.0000,0.0000,0.0000,0.0000,0.0000,0.0000,0
178,1700000006.6800,1700000006.6820,0.0333,-5.1581,28.4912,-44.6417,82.2895,-3.4725,2.5661,-5.2747,28.7473,-44.6154,82.2857,-3.4725,2.5661,-5.2747,28.7473,-44.6154,82.2857,-3.4725,2.5661,0.0000,0.0000,0.0000,0.0000,0.0000,0.0000,0
179,1700000006.7133,1700000006.7153,0.0333,-5.1853,28.5575,-44.6350,82.2886,-3.4725,2.5661,-5.2747,28.7473,-44.5275,82.2857,-3.4725,2.6439,-5.2747,28.7473,-44.5275,82.2857,-3.4725,2.6439,0.0000,0.0000,0.0000,0.0000,0.0000,0.0000,0
180,1700000006.7467,1700000006.7487,0.0333,-5.2062,28.6066,-44.6077,82.2879,-3.4725,2.5873,-5.2747,28.7473,-44.5275,82.2857,-3.4725,2.6439,-5.2747,28.7473,-44.5275,82.2857,-3.4725,2.6439,0.0000,0.0000,0.0000,0.0000,0.0000,0.0000,0
181,1700000006.7800,1700000006.7820,0.0333,-5.2222,28.6430,-44.5873,82.2874,-3.4725,2.6027,-5.2747,28.8352,-44.5275,82.2857,-3.4725,2.6439,-5.2747,28.8352,-44.5275,82.2857,-3.4725,2.6439,0.0000,0.0000,0.0000,0.0000,0.0000,0.0000,0
182,1700000006.8133,1700000006.8153,0.0333,-5.2345,28.6927,-44.5721,82.2870,-3.4725,2.6139,-5.2747,29.0110,-44.5275,82.2857,-3.4725,2.6439,-5.2747,29.0110,-44.5275,82.2857,-3.4725,2.6439,0.0000,0.0000,0.0000,0.0000,0.0000,0.0000,0
183,1700000006.8467,1700000006.8487,0.0333,-5.2439,28.7751,-44.5608,82.2867,-3.4725,2.6221,-5.2747,29.2747,-44.5275,82.2857,-3.4725,2.7216,-5.2747,29.2747,-44.5275,82.2857,-3.4725,2.7216,0.0000,0.0000,0.0000,0.0000,0.0000,0.0000,0
184,1700000006.8800,1700000006.8820,0.0333,-5.2511,28.9044,-44.5523,82.2865,-3.4725,2.6492,-5.2747,29.4506,-44.7033,82.2857,-3.4725,2.7216,-5.2747,29.4506,-44.7033,82.2857,-3.4725,2.7216,0.0000,0.0000,0.0000,0.0000,0.0000,0.0000,0
185,1700000006.9133,1700000006.9153,0.0333,-5.2566,29.0458,-44.5907,82.2863,-3.4725,2.6690,-5.2747,29.6264,-44.7033,82.2857,-3.4725,2.7216,-5.2747,29.6264,-44.7033,82.2857,-3.4725,2.7216,0.0000,0.0000,0.0000,0.0000,0.0000,0.0000,0
186,1700000006.9467,1700000006.9487,0.0333,-5.2608,29.1960,-44.6193,82.2862,-3.4725,2.6833,-5.2747,29.6264,-44.7033,82.2857,-3.4725,2.9549,-5.2747,29.6264,-44.7033,82.2857,-3.4725,2.9549,0.0000,0.0000,0.0000,0.0000,0.0000,0.0000,0
187,1700000006.9800,1700000006.9820,0.0333,-5.2641,29.3074,-44.6406,82.2861,-3.4725,2.7574,-5.2747,29.6264,-44.7033,82.2857,-3.4725,4.0435,-5.2747,29.6264,-44.7033,82.2857,-3.4725,4.0435,0.0000,0.0000,0.0000,0.0000,0.0000,0.0000,0
188,1700000007.0133,1700000007.0153,0.0333,-5.2666,29.3900,-44.6566,82.2860,-3.4725,3.1080,-5.3626,29.6264,-44.7033,82.2857,-3.4725,5.9098,-5.3626,29.6264,-44.7033,82.2857,-3.4725,5.9098,0.0000,0.0000,0.0000,0.0000,0.0000,0.0000,0
189,1700000007.0467,1700000007.0487,0.0333,-5.2890,29.4511,-44.6684,82.2859,-3.4725,3.8719,-5.3626,29.6264,-44.6154,82.2857,-3.4725,8.3204,-5.3626,29.6264,-44.6154,82.2857,-3.4725,8.3204,0.0000,0.0000,0.0000,0.0000,0.0000,0.0000,0
190,1700000007.0800,1700000007.0820,0.0333,-5.3062,29.4965,-44.6550,82.2859,-3.4725,5.0848,-5.3626,29.6264,-44.5275,82.2857,-3.4725,11.1975,-5.3626,29.6264,-44.5275,82.2857,-3.4725,11.1975,0.0000,0.0000,0.0000,0.0000,0.0000,0.0000,0
191,1700000007.1133,1700000007.1153,0.0333,-5.3194,29.5301,-44.6226,82.2858,-3.4725,6.7514,-5.3626,29.6264,-44.4396,82.2857,-3.4725,14.0746,-5.3626,29.6264,-44.4396,82.2857,-3.4725,14.0746,0.0000,0.0000,0.0000,0.0000,0.0000,0.0000,0
192,1700000007.1467,1700000007.1487,0.0333,-5.3295,29.5550,-44.5761,82.2858,-3.4725,8.7481,-5.3626,29.6264,-44.4396,82.2857,-3.4725,16.8740,-5.3626,29.6264,-44.4396,82.2857,-3.4725,16.8740,0.0000,0.0000,0.0000,0.0000,0.0000,0.0000,0
193,1700000007.1800,1700000007.1820,0.0333,-5.3372,29.5735,-44.5414,82.2858,-3.4725,10.9636,-5.3626,29.6264,-44.4396,82.2857,-3.4725,19.1291,-5.3626,29.6264,-44.4396,82.2857,-3.4725,19.1291,0.0000,0.0000,0.0000,0.0000,0.0000,0.0000,0
194,1700000007.2133,1700000007.2153,0.0333,-5.3432,29.5872,-44.5155,82.2858,-3.4725,13.1900,-5.3626,29.7143,-44.4396,82.4615,-3.4725,20.7621,-5.3626,29.7143,-44.4396,82.4615,-3.4725,20.7621,0.0000,0.0000,0.0000,0.0000,0.0000,0.0000,0
195,1700000007.2467,1700000007.2487,0.0333,-5.3477,29.6201,-44.4962,82.3263,-3.4725,15.2545,-5.3626,29.7143,-44.3517,82.5495,-3.4725,21.6174,-5.3626,29.7143,-44.3517,82.5495,-3.4725,21.6174,0.0000,0.0000,0.0000,0.0000,0.0000,0.0000,0
196,1700000007.2800,1700000007.2820,0.0333,-5.3512,29.6445,-44.4595,82.3777,-3.4725,16.9893,-5.3626,29.7143,-44.3517,82.5495,-3.4725,21.6952,-5.3626,29.7143,-44.3517,82.5495,-3.4725,21.6952,0.0000,0.0000,0.0000,0.0000,0.0000,0.0000,0
197,1700000007.3133,1700000007.3153,0.0333,-5.3539,29.6625,-44.4321,82.4172,-3.4725,18.2724,-5.3626,29.7143,-44.3517,82.6374,-3.4725,21.6952,-5.3626,29.7143,-44.3517,82.6374,-3.4725,21.6952,0.0000,0.0000,0.0000,0.0000,0.0000,0.0000,0
198,1700000007.3467,1700000007.3487,0.0333,-5.3559,29.6759,-44.4116,82.4679,-3.4725,19.2056,-5.3626,29.7143,-44.3517,82.9011,-3.4725,21.6952,-5.3626,29.7143,-44.3517,82.9011,-3.4725,21.6952,0.0000,0.0000,0.0000,0.0000,0.0000,0.0000,0
199,1700000007.3800,1700000007.3820,0.0333,-5.3575,29.6859,-44.3964,82.5677,-3.4725,19.8844,-5.3626,29.7143,-44.3517,83.2527,-3.4725,21.6952,-5.3626,29.7143,-44.3517,83.2527,-3.4725,21.6952,0.0000,0.0000,0.0000,0.0000,0.0000,0.0000,0
200,1700000007.4133,1700000007.4153,0.0333,-5.3587,29.6932,-44.3850,82.7255,-3.4725,20.3781,-5.3626,29.7143,-44.4396,83.6044,-3.4725,21.6952,-5.3626,29.7143,-44.4396,83.6044,-3.4725,21.6952,0.0000,0.0000,0.0000,0.0000,0.0000,0.0000,1
201,1700000007.6333,1700000007.6353,0.2200,-5.3620,29.7114,-44.4317,83.4482,-3.4725,21.5341,-5.6264,29.6264,-44.4396,84.2198,-3.4725,21.6952,-5.6264,29.6264,-44.4396,84.2198,-3.4725,21.6952,0.0000,0.0000,0.0000,0.0000,0.0000,0.0000,1
202,1700000007.6667,1700000007.6687,0.0333,-5.4237,29.6894,-44.4337,83.6260,-3.4725,21.5780,-5.9780,29.6264,-44.4396,85.0110,-3.4725,21.6952,-5.9780,29.6264,-44.4396,85.0110,-3.4725,21.6952,0.0000,0.0000,0.0000,0.0000,0.0000,0.0000,0
203,1700000007.7000,1700000007.7020,0.0333,-5.5532,29.6731,-44.4352,83.9450,-3.4725,21.6099,-6.3297,29.6264,-44.4396,85.8901,-3.4725,21.6952,-6.3297,29.6264,-44.4396,85.8901,-3.4725,21.6952,0.0000,0.0000,0.0000,0.0000,0.0000,0.0000,0
204,1700000007.7333,1700000007.7353,0.0333,-5.7345,29.6610,-44.4363,84.3930,-3.4725,21.6332,-6.4176,29.6264,-44.4396,86.4176,-3.4725,21.6952,-6.4176,29.6264,-44.4396,86.4176,-3.4725,21.6952,0.0000,0.0000,0.0000,0.0000,0.0000,0.0000,0
205,1700000007.7667,1700000007.7687,0.0333,-5.8941,29.6520,-44.4371,84.8593,-3.4725,21.6501,-6.5934,29.6264,-44.4396,86.6813,-3.5604,21.6952,-6.5934,29.6264,-44.4396,86.6813,-3.5604,21.6952,0.0000,0.0000,0.0000,0.0000,0.0000,0.0000,0
206,1700000007.8000,1700000007.8020,0.0333,-6.0574,29.6454,-44.4377,85.2790,-3.4935,21.6624,-6.6813,29.4506,-44.4396,87.1209,-3.7363,21.6952,-6.6813,29.4506,-44.4396,87.1209,-3.7363,21.6952,0.0000,0.0000,0.0000,0.0000,0.0000,0.0000,0
207,1700000007.8333,1700000007.8353,0.0333,-6.2031,29.5950,-44.4382,85.7033,-3.5513,21.6713,-6.9451,29.2747,-44.6154,87.9121,-3.8242,21.6952,-6.9451,29.2747,-44.6154,87.9121,-3.8242,21.6952,0.0000,0.0000,0.0000,0.0000,0.0000,0.0000,0
208,1700000007.8667,1700000007.8687,0.0333,-6.3764,29.5121,-44.4832,86.2120,-3.6164,21.6778,-7.5604,29.0110,-44.9670,88.9670,-3.8242,21.6952,-7.5604,29.0110,-44.9670,88.9670,-3.8242,21.6952,0.0000,0.0000,0.0000,0.0000,0.0000,0.0000,0
209,1700000007.9000,1700000007.9020,0.0333,-6.6529,29.3824,-44.6062,86.8466,-3.6659,21.6826,-7.8242,28.4835,-46.2857,90.9890,-3.8242,21.6952,-7.8242,28.4835,-46.2857,90.9890,-3.8242,21.6952,0.0000,0.0000,0.0000,0.0000,0.0000,0.0000,0
210,1700000007.9333,1700000007.9353,0.0333,-6.9265,29.1498,-45.0330,87.8007,-3.7036,21.6860,-8.0879,27.5165,-48.3956,93.8901,-3.8242,21.6952,-8.0879,27.5165,-48.3956,93.8901,-3.8242,21.6952,0.0000,0.0000,0.0000,0.0000,0.0000,0.0000,0
211,1700000007.9667,1700000007.9687,0.0333,-7.1977,28.7270,-45.8876,89.2033,-3.7324,21.6885,-8.1758,26.7253,-49.8901,96.5275,-3.9121,21.6952,-8.1758,26.7253,-49.8901,96.5275,-3.9121,21.6952,0.0000,0.0000,0.0000,0.0000,0.0000,0.0000,0
212,1700000008.0000,1700000008.0020,0.0333,-7.4262,28.2090,-46.9048,90.8903,-3.7752,21.6903,-8.1758,25.7582,-50.9451,98.1099,-3.9121,21.6952,-8.1758,25.7582,-50.9451,98.1099,-3.9121,21.6952,0.0000,0.0000,0.0000,0.0000,0.0000,0.0000,0
213,1700000008.0333,1700000008.0353,0.0333,-7.6013,27.5747,-47.9316,92.5532,-3.8078,21.6916,-8.0879,24.9670,-51.1209,98.8132,-3.9121,21.6952,-8.0879,24.9670,-51.1209,98.8132,-3.9121,21.6952,0.0000,0.0000,0.0000,0.0000,0.0000,0.0000,0
214,1700000008.0667,1700000008.0687,0.0333,-7.7149,26.8998,-48.7421,93.9951,-3.8327,21.6926,-8.0000,24.3516,-50.9451,98.8132,-3.9121,21.6952,-8.0000,24.3516,-50.9451,98.8132,-3.9121,21.6952,0.0000,0.0000,0.0000,0.0000,0.0000,0.0000,0
215,1700000008.1000,1700000008.1020,0.0333,-7.7815,26.2403,-49.3020,95.1049,-3.8516,21.6933,-7.8242,23.8242,-51.2088,98.8132,-3.9121,21.6952,-7.8242,23.8242,-51.2088,98.8132,-3.9121,21.6952,0.0000,0.0000,0.0000,0.0000,0.0000,0.0000,0
216,1700000008.1333,1700000008.1353,0.0333,-7.7915,25.6150,-49.7866,95.9590,-3.8660,21.6938,-7.7363,23.3846,-51.3846,98.8132,-3.9121,21.6952,-7.7363,23.3846,-51.3846,98.8132,-3.9121,21.6952,0.0000,0.0000,0.0000,0.0000,0.0000,0.0000,0
217,1700000008.1667,1700000008.1687,0.0333,-7.7786,25.0377,-50.1927,96.6165,-3.8770,21.6942,-7.4725,23.0330,-51.3846,98.8132,-3.8242,21.6952,-7.4725,23.0330,-51.3846,98.8132,-3.8242,21.6952,0.0000,0.0000,0.0000,0.0000,0.0000,0.0000,0
218,1700000008.2000,1700000008.2020,0.0333,-7.7071,24.5189,-50.4956,97.1224,-3.8644,21.6945,-7.0330,22.5055,-51.3846,99.0769,-3.7363,21.6952,-7.0330,22.5055,-51.3846,99.0769,-3.7363,21.6952,0.0000,0.0000,0.0000,0.0000,0.0000,0.0000,0
219,1700000008.2333,1700000008.2353,0.0333,-7.5497,23.9978,-50.7215,97.5726,-3.8339,21.6947,-6.6813,21.7143,-51.3846,99.3407,-3.7363,21.6952,-6.6813,21.7143,-51.3846,99.3407,-3.7363,21.6952,0.0000,0.0000,0.0000,0.0000,0.0000,0.0000,0
220,1700000008.2667,1700000008.2687,0.0333,-7.3468,23.4068,-50.8900,97.9799,-3.8106,21.6948,-6.4176,20.3956,-51.3846,100.5714,-3.8242,21.6952,-6.4176,20.3956,-51.3846,100.5714,-3.8242,21.6952,0.0000,0.0000,0.0000,0.0000,0.0000,0.0000,0
221,1700000008.3000,1700000008.3020,0.0333,-7.1298,22.6275,-51.0157,98.5768,-3.8138,21.6949,-6.1538,19.0769,-51.0330,102.1538,-4.0000,21.6952,-6.1538,19.0769,-51.0330,102.1538,-4.0000,21.6952,0.0000,0.0000,0.0000,0.0000,0.0000,0.0000,0
222,1700000008.3333,1700000008.3353,0.0333,-6.9019,21.7086,-51.0201,99.4007,-3.8582,21.6950,-5.6264,17.8462,-50.9451,103.2967,-4.0879,21.6952,-5.6264,17.8462,-50.9451,103.2967,-4.0879,21.6952,0.0000,0.0000,0.0000,0.0000,0.0000,0.0000,0
223,1700000008.3667,1700000008.3687,0.0333,-6.6040,20.7089,-51.0010,100.2981,-3.9130,21.6950,-4.5714,16.6154,-50.9451,103.9121,-4.7912,21.6952,-4.5714,16.6154,-50.9451,103.9121,-4.7912,21.6952,0.0000,0.0000,0.0000,0.0000,0.0000,0.0000,0
224,1700000008.4000,1700000008.4020,0.0333,-6.1293,19.6495,-50.9868,101.1305,-4.1223,21.6951,-3.4286,15.6484,-50.8571,104.0000,-6.2857,21.6952,-3.4286,15.6484,-50.8571,104.0000,-6.2857,21.6952,0.0000,0.0000,0.0000,0.0000,0.0000,0.0000,0
225,1700000008.4333,1700000008.4353,0.0333,-5.4985,18.6139,-50.9539,101.7915,-4.6379,21.6951,-2.6374,15.2088,-50.8571,103.5604,-8.0440,21.6952,-2.6374,15.2088,-50.8571,103.5604,-8.0440,21.6952,0.0000,0.0000,0.0000,0.0000,0.0000,0.0000,0
226,1700000008.4667,1700000008.4687,0.0333,-4.8303,17.7327,-50.9293,102.1989,-5.4498,21.6951,-1.9341,15.2088,-50.1538,102.4176,-9.5385,21.6952,-1.9341,15.2088,-50.1538,102.4176,-9.5385,21.6952,0.0000,0.0000,0.0000,0.0000,0.0000,0.0000,0
227,1700000008.5000,1700000008.5020,0.0333,-4.1539,17.0795,-50.7322,102.2493,-6.4243,21.6951,-1.5824,15.5604,-49.5385,101.1868,-10.5934,21.6952,-1.5824,15.5604,-49.5385,101.1868,-10.5934,21.6952,0.0000,0.0000,0.0000,0.0000,0.0000,0.0000,0
228,1700000008.5333,1700000008.5353,0.0333,-3.5533,16.6863,-50.4288,102.0046,-7.4180,21.6951,-1.4945,15.8242,-49.1868,100.5714,-11.8242,21.6952,-1.4945,15.8242,-49.1868,100.5714,-11.8242,21.6952,0.0000,0.0000,0.0000,0.0000,0.0000,0.0000,0
229,1700000008.5667,1700000008.5687,0.0333,-3.0725,16.4632,-50.1132,101.6745,-8.4683,21.6952,-1.4945,16.0879,-49.0110,100.3956,-13.3187,21.6174,-1.4945,16.0879,-49.0110,100.3956,-13.3187,21.6174,0.0000,0.0000,0.0000,0.0000,0.0000,0.0000,0
230,1700000008.6000,1700000008.6020,0.0333,-2.7039,16.3661,-49.8331,101.3799,-9.6244,21.6740,-1.4945,16.2637,-48.9231,100.3956,-14.9890,20.9953,-1.4945,16.2637,-48.9231,100.3956,-14.9890,20.9953,0.0000,0.0000,0.0000,0.0000,0.0000,0.0000,0
231,1700000008.6333,1700000008.6353,0.0333,-2.4215,16.3396,-49.6018,101.1532,-10.9030,21.4889,-1.4945,16.5275,-48.9231,100.3956,-16.8352,19.6734,-1.4945,16.5275,-48.9231,100.3956,-16.8352,19.6734,0.0000,0.0000,0.0000,0.0000,0.0000,0.0000,0
232,1700000008.6667,1700000008.6687,0.0333,-2.2050,16.3882,-49.4293,100.9787,-12.3170,20.9939,-1.6703,16.7912,-48.9231,100.3956,-18.8571,17.4184,-1.6703,16.7912,-48.9231,100.3956,-18.8571,17.4184,0.0000,0.0000,0.0000,0.0000,0.0000,0.0000,0
233,1700000008.7000,1700000008.7020,0.0333,-2.0801,16.4925,-49.3007,100.8444,-13.8758,20.0190,-1.7582,17.3187,-48.9231,100.3956,-21.2308,14.3079,-1.7582,17.3187,-48.9231,100.3956,-21.2308,14.3079,0.0000,0.0000,0.0000,0.0000,0.0000,0.0000,0
234,1700000008.7333,1700000008.7353,0.0333,-2.0049,16.7063,-49.2047,100.7410,-15.6289,18.4619,-1.7582,17.7582,-48.9231,100.3956,-24.3077,10.2644,-1.7582,17.7582,-48.9231,100.3956,-24.3077,10.2644,0.0000,0.0000,0.0000,0.0000,0.0000,0.0000,0
235,1700000008.7667,1700000008.7687,0.0333,-1.9473,16.9786,-49.1331,100.6615,-17.6975,16.2269,-1.7582,18.2857,-49.1868,100.3077,-28.0000,5.8320,-1.7582,18.2857,-49.1868,100.3077,-28.0000,5.8320,0.0000,0.0000,0.0000,0.0000,0.0000,0.0000,0
236,1700000008.8000,1700000008.8020,0.0333,-1.9032,17.3169,-49.1468,100.5800,-20.1531,13.3927,-1.7582,18.7253,-49.2747,100.1319,-32.3077,1.5552,-1.7582,18.7253,-49.2747,100.1319,-32.3077,1.5552,0.0000,0.0000,0.0000,0.0000,0.0000,0.0000,0
237,1700000008.8333,1700000008.8353,0.0333,-1.8693,17.6814,-49.1793,100.4768,-23.0502,10.1652,-1.7582,19.0769,-49.2747,100.1319,-36.7912,0.5443,-1.7582,19.0769,-49.2747,100.1319,-36.7912,0.5443,0.0000,0.0000,0.0000,0.0000,0.0000,0.0000,0
238,1700000008.8667,1700000008.8687,0.0333,-1.8434,18.0426,-49.2035,100.3973,-26.3254,7.5421,-1.7582,19.3407,-49.1868,100.1319,-41.2747,1.9440,-1.7582,19.3407,-49.1868,100.1319,-41.2747,1.9440,0.0000,0.0000,0.0000,0.0000,0.0000,0.0000,0
239,1700000008.9000,1700000008.9020,0.0333,-1.8235,18.3785,-49.1993,100.3362,-29.8886,6.0158,-1.7582,19.6044,-49.0110,100.1319,-45.4945,3.0327,-1.7582,19.6044,-49.0110,100.1319,-45.4945,3.0327,0.0000,0.0000,0.0000,0.0000,0.0000,0.0000,0
240,1700000008.9333,1700000008.9353,0.0333,-1.8083,18.6958,-49.1514,100.2891,-33.6083,5.2024,-1.7582,20.0440,-49.0110,100.0440,-49.6264,2.7994,-1.7582,20.0440,-49.0110,100.0440,-49.6264,2.7994,0.0000,0.0000,0.0000,0.0000,0.0000,0.0000,0
241,1700000008.9667,1700000008.9687,0.0333,-1.7966,19.0447,-49.1157,100.2326,-37.4263,4.5472,-1.8462,20.5714,-49.0989,99.6044,-53.1429,2.2551,-1.8462,20.5714,-49.0989,99.6044,-53.1429,2.2551,0.0000,0.0000,0.0000,0.0000,0.0000,0.0000,0
242,1700000009.0000,1700000009.0020,0.0333,-1.8082,19.4398,-49.1115,100.0879,-41.1723,3.9223,-1.9341,21.0989,-49.0110,98.2857,-56.0440,1.8663,-1.9341,21.0989,-49.0110,98.2857,-56.0440,1.8663,0.0000,0.0000,0.0000,0.0000,0.0000,0.0000,0
243,1700000009.0333,1700000009.0353,0.0333,-1.8376,19.8692,-49.0859,99.6728,-44.7170,3.3617,-2.0220,21.8022,-49.0110,96.4396,-58.3297,1.7885,-2.0220,21.8022,-49.0110,96.4396,-58.3297,1.7885,0.0000,0.0000,0.0000,0.0000,0.0000,0.0000,0
244,1700000009.0667,1700000009.0687,0.0333,-1.8806,20.3695,-49.0669,98.9281,-47.9616,2.9328,-2.4615,22.4176,-49.0110,94.5055,-60.0879,1.7107,-2.4615,22.4176,-49.0110,94.5055,-60.0879,1.7107,0.0000,0.0000,0.0000,0.0000,0.0000,0.0000,0
245,1700000009.1000,1700000009.1020,0.0333,-2.0163,20.8996,-49.0527,97.9094,-50.8520,2.5996,-2.9890,22.9451,-49.1868,92.5714,-61.4066,1.7107,-2.9890,22.9451,-49.1868,92.5714,-61.4066,1.7107,0.0000,0.0000,0.0000,0.0000,0.0000,0.0000,0
246,1700000009.1333,1700000009.1353,0.0333,-2.2435,21.4290,-49.0868,96.6799,-53.3677,2.3572,-3.2527,23.4725,-49.2747,90.6374,-62.3736,1.7107,-3.2527,23.4725,-49.2747,90.6374,-62.3736,1.7107,0.0000,0.0000,0.0000,0.0000,0.0000,0.0000,0
247,1700000009.1667,1700000009.1687,0.0333,-2.4792,21.9579,-49.1345,95.2881,-55.5143,2.1810,-3.4286,24.0000,-49.2747,89.0549,-63.2527,1.7107,-3.4286,24.0000,-49.2747,89.0549,-63.2527,1.7107,0.0000,0.0000,0.0000,0.0000,0.0000,0.0000,0
248,1700000009.2000,1700000009.2020,0.0333,-2.7009,22.4864,-49.1702,93.8524,-57.3588,2.0528,-3.5165,24.5275,-49.1868,87.7363,-64.1319,1.7107,-3.5165,24.5275,-49.1868,87.7363,-64.1319,1.7107,0.0000,0.0000,0.0000,0.0000,0.0000,0.0000,0
249,1700000009.2333,1700000009.2353,0.0333,-2.8914,23.0146,-49.1744,92.4436,-58.9731,1.9595,-4.0440,25.1429,-49.0989,86.9451,-65.0110,1.7107,-4.0440,25.1429,-49.0989,86.9451,-65.0110,1.7107,0.0000,0.0000,0.0000,0.0000,0.0000,0.0000,0
250,1700000009.2667,1700000009.2687,0.0333,-3.1606,23.5654,-49.1552,91.1771,-60.4123,1.8917,-4.3956,25.6703,-49.0989,86.5055,-65.9780,1.7107,-4.3956,25.6703,-49.0989,86.5055,-65.9780,1.7107,0.0000,0.0000,0.0000,0.0000,0.0000,0.0000,1
251,1700000009.4867,1700000009.4887,0.2200,-4.1822,25.3787,-49.1070,87.3355,-65.0552,1.7329,-4.7473,26.1978,-49.2747,86.3297,-66.9451,1.7107,-4.7473,26.1978,-49.2747,86.3297,-66.9451,1.7107,0.0000,0.0000,0.0000,0.0000,0.0000,0.0000,1
252,1700000009.5200,1700000009.5220,0.0333,-4.3141,25.5907,-49.1496,87.1038,-65.5057,1.7268,-4.9231,26.7253,-49.2747,86.3297,-67.8242,1.7107,-4.9231,26.7253,-49.2747,86.3297,-67.8242,1.7107,0.0000,0.0000,0.0000,0.0000,0.0000,0.0000,0
253,1700000009.5533,1700000009.5553,0.0333,-4.4564,25.8844,-49.1814,86.9255,-66.0583,1.7224,-5.0989,27.1648,-49.2747,86.3297,-68.5275,1.7107,-5.0989,27.1648,-49.2747,86.3297,-68.5275,1.7107,0.0000,0.0000,0.0000,0.0000,0.0000,0.0000,0
254,1700000009.5867,1700000009.5887,0.0333,-4.6064,26.2158,-49.2051,86.7883,-66.6468,1.7192,-5.6264,27.5165,-49.2747,86.4176,-68.8791,1.7107,-5.6264,27.5165,-49.2747,86.4176,-68.8791,1.7107,0.0000,0.0000,0.0000,0.0000,0.0000,0.0000,0
255,1700000009.6200,1700000009.6220,0.0333,-4.8446,26.5524,-49.2228,86.7029,-67.1789,1.7169,-6.0659,27.8681,-49.2747,86.4176,-68.9670,1.7107,-6.0659,27.8681,-49.2747,86.4176,-68.9670,1.7107,0.0000,0.0000,0.0000,0.0000,0.0000,0.0000,0
256,1700000009.6533,1700000009.6553,0.0333,-5.1299,26.8929,-49.2360,86.6372,-67.6051,1.7152,-6.3297,28.0440,-49.2747,86.4176,-68.9670,1.7107,-6.3297,28.0440,-49.2747,86.4176,-68.9670,1.7107,0.0000,0.0000,0.0000,0.0000,0.0000,0.0000,0
257,1700000009.6867,1700000009.6887,0.0333,-5.4101,27.1908,-49.2459,86.5866,-67.9297,1.7140,-6.5055,28.1319,-49.2747,86.4176,-68.9670,1.7107,-6.5055,28.1319,-49.2747,86.4176,-68.9670,1.7107,0.0000,0.0000,0.0000,0.0000,0.0000,0.0000,0
258,1700000009.7200,1700000009.7220,0.0333,-5.6659,27.4344,-49.2532,86.5477,-68.1770,1.7131,-6.5055,28.1319,-49.1868,86.4176,-69.1429,1.7885,-6.5055,28.1319,-49.1868,86.4176,-69.1429,1.7885,0.0000,0.0000,0.0000,0.0000,0.0000,0.0000,0
259,1700000009.7533,1700000009.7553,0.0333,-5.8620,27.6149,-49.2363,86.5177,-68.4072,1.7337,-6.5934,28.1319,-49.0989,86.3297,-69.2308,1.7885,-6.5934,28.1319,-49.0989,86.3297,-69.2308,1.7885,0.0000,0.0000,0.0000,0.0000,0.0000,0.0000,0
260,1700000009.7867,1700000009.7887,0.0333,-6.0328,27.7487,-49.2014,86.4744,-68.6035,1.7486,-6.5934,28.1319,-49.0110,86.3297,-69.2308,1.7885,-6.5934,28.1319,-49.0110,86.3297,-69.2308,1.7885,0.0000,0.0000,0.0000,0.0000,0.0000,0.0000,0
261,1700000009.8200,1700000009.8220,0.0333,-6.1638,27.8479,-49.1530,86.4411,-68.7530,1.7595,-6.5934,28.1319,-48.9231,86.3297,-69.2308,1.7885,-6.5934,28.1319,-48.9231,86.3297,-69.2308,1.7885,0.0000,0.0000,0.0000,0.0000,0.0000,0.0000,0
262,1700000009.8533,1700000009.8553,0.0333,-6.2641,27.9214,-49.0946,86.4154,-68.8669,1.7674,-6.5055,28.2198,-48.9231,86.3297,-69.2308,1.7885,-6.5055,28.2198,-48.9231,86.3297,-69.2308,1.7885,0.0000,0.0000,0.0000,0.0000,0.0000,0.0000,0
263,1700000009.8867,1700000009.8887,0.0333,-6.3205,27.9986,-49.0510,86.3957,-68.9536,1.7731,-6.4176,28.2198,-48.8352,86.3297,-69.2308,1.7885,-6.4176,28.2198,-48.8352,86.3297,-69.2308,1.7885,0.0000,0.0000,0.0000,0.0000,0.0000,0.0000,0
264,1700000009.9200,1700000009.9220,0.0333,-6.3432,28.0558,-48.9961,86.3805,-69.0197,1.7773,-6.2418,28.2198,-48.8352,86.3297,-69.2308,1.7885,-6.2418,28.2198,-48.8352,86.3297,-69.2308,1.7885,0.0000,0.0000,0.0000,0.0000,0.0000,0.0000,0
265,1700000009.9533,1700000009.9553,0.0333,-6.3195,28.0983,-48.9552,86.3688,-69.0700,1.7804,-6.1538,28.2198,-48.5714,86.3297,-69.2308,1.7885,-6.1538,28.2198,-48.5714,86.3297,-69.2308,1.7885,0.0000,0.0000,0.0000,0.0000,0.0000,0.0000,0
266,1700000009.9867,1700000009.9887,0.0333,-6.2808,28.1297,-48.8577,86.3598,-69.1083,1.7826,-6.0659,28.2198,-48.1319,86.2418,-69.2308,1.7885,-6.0659,28.2198,-48.1319,86.2418,-69.2308,1.7885,0.0000,0.0000,0.0000,0.0000,0.0000,0.0000,0
267,1700000010.0200,1700000010.0220,0.0333,-6.2306,28.1530,-48.6732,86.3326,-69.1375,1.7842,-6.0659,28.2198,-48.0440,86.2418,-69.2308,1.7885,-6.0659,28.2198,-48.0440,86.2418,-69.2308,1.7885,0.0000,0.0000,0.0000,0.0000,0.0000,0.0000,0
268,1700000010.0533,1700000010.0553,0.0333,-6.1922,28.1703,-48.5133,86.3117,-69.1597,1.7854,-6.0659,28.2198,-48.0440,86.2418,-69.2308,1.7885,-6.0659,28.2198,-48.0440,86.2418,-69.2308,1.7885,0.0000,0.0000,0.0000,0.0000,0.0000,0.0000,0
269,1700000010.0867,1700000010.0887,0.0333,-6.1627,28.1831,-48.3940,86.2956,-69.1767,1.7862,-6.0659,28.2198,-48.0440,86.3297,-69.2308,1.7885,-6.0659,28.2198,-48.0440,86.3297,-69.2308,1.7885,0.0000,0.0000,0.0000,0.0000,0.0000,0.0000,0
270,1700000010.1200,1700000010.1220,0.0333,-6.1401,28.1926,-48.3051,86.3034,-69.1896,1.7868,-6.0659,28.2198,-48.0440,86.3297,-69.2308,1.7885,-6.0659,28.2198,-48.0440,86.3297,-69.2308,1.7885,0.0000,0.0000,0.0000,0.0000,0.0000,0.0000,0
271,1700000010.1533,1700000010.1553,0.0333,-6.1228,28.1996,-48.2387,86.3095,-69.1994,1.7873,-6.0659,28.2198,-47.9560,86.3297,-69.2308,1.7885,-6.0659,28.2198,-47.9560,86.3297,-69.2308,1.7885,0.0000,0.0000,0.0000,0.0000,0.0000,0.0000,0
272,1700000010.1867,1700000010.1887,0.0333,-6.1095,28.2048,-48.1669,86.3141,-69.2069,1.7876,-6.0659,28.2198,-47.6923,86.3297,-69.2308,1.7885,-6.0659,28.2198,-47.6923,86.3297,-69.2308,1.7885,0.0000,0.0000,0.0000,0.0000,0.0000,0.0000,0
273,1700000010.2200,1700000010.2220,0.0333,-6.0993,28.2087,-48.0463,86.3177,-69.2126,1.7879,-5.9780,28.2198,-46.9890,85.9780,-69.3187,1.7885,-5.9780,28.2198,-46.9890,85.9780,-69.3187,1.7885,0.0000,0.0000,0.0000,0.0000,0.0000,0.0000,0
274,1700000010.2533,1700000010.2553,0.0333,-6.0710,28.2116,-47.7776,86.2395,-69.2379,1.7880,-5.8022,28.2198,-46.1099,85.2747,-69.3187,1.7885,-5.8022,28.2198,-46.1099,85.2747,-69.3187,1.7885,0.0000,0.0000,0.0000,0.0000,0.0000,0.0000,0
275,1700000010.2867,1700000010.2887,0.0333,-6.0082,28.2137,-47.3538,86.0172,-69.2571,1.7882,-5.4505,28.2198,-45.1429,84.5714,-69.3187,1.7885,-5.4505,28.2198,-45.1429,84.5714,-69.3187,1.7885,0.0000,0.0000,0.0000,0.0000,0.0000,0.0000,0
276,1700000010.3200,1700000010.3220,0.0333,-5.8780,28.2153,-46.7919,85.6842,-69.2718,1.7882,-5.1868,28.2198,-44.4396,84.0440,-69.3187,1.6330,-5.1868,28.2198,-44.4396,84.0440,-69.3187,1.6330,0.0000,0.0000,0.0000,0.0000,0.0000,0.0000,0
277,1700000010.3533,1700000010.3553,0.0333,-5.7165,28.2164,-46.1941,85.3064,-69.2830,1.7459,-4.9231,28.2198,-44.0879,83.6923,-69.3187,1.6330,-4.9231,28.2198,-44.0879,83.6923,-69.3187,1.6330,0.0000,0.0000,0.0000,0.0000,0.0000,0.0000,0
278,1700000010.3867,1700000010.3887,0.0333,-5.5312,28.2173,-45.6588,84.9346,-69.2915,1.7151,-4.8352,28.2198,-44.0000,83.4286,-69.3187,1.6330,-4.8352,28.2198,-44.0000,83.4286,-69.3187,1.6330,0.0000,0.0000,0.0000,0.0000,0.0000,0.0000,0
279,1700000010.4200,1700000010.4220,0.0333,-5.3687,28.2179,-45.2372,84.5877,-69.2980,1.6927,-4.7473,28.2198,-44.0000,83.2527,-69.3187,1.6330,-4.7473,28.2198,-44.0000,83.2527,-69.3187,1.6330,0.0000,0.0000,0.0000,0.0000,0.0000,0.0000,0
280,1700000010.4533,1700000010.4553,0.0333,-5.2235,28.2184,-44.9228,84.2802,-69.3029,1.6764,-4.3077,28.2198,-43.9121,83.0769,-69.3187,1.6330,-4.3077,28.2198,-43.9121,83.0769,-69.3187,1.6330,0.0000,0.0000,0.0000,0.0000,0.0000,0.0000,0
281,1700000010.4867,1700000010.4887,0.0333,-5.0096,28.2188,-44.6659,84.0031,-69.3067,1.6646,-4.1319,28.2198,-43.9121,83.0769,-69.3187,1.6330,-4.1319,28.2198,-43.9121,83.0769,-69.3187,1.6330,0.0000,0.0000,0.0000,0.0000,0.0000,0.0000,0
282,1700000010.5200,1700000010.5220,0.0333,-4.8046,28.2190,-44.4744,83.7897,-69.3095,1.6560,-4.0440,28.2198,-43.7363,83.0769,-69.3187,1.6330,-4.0440,28.2198,-43.7363,83.0769,-69.3187,1.6330,0.0000,0.0000,0.0000,0.0000,0.0000,0.0000,0
283,1700000010.5533,1700000010.5553,0.0333,-4.6270,28.2192,-44.2868,83.6256,-69.3117,1.6497,-3.9560,28.2198,-43.0330,83.0769,-69.3187,1.6330,-3.9560,28.2198,-43.0330,83.0769,-69.3187,1.6330,0.0000,0.0000,0.0000,0.0000,0.0000,0.0000,0
284,1700000010.5867,1700000010.5887,0.0333,-4.4703,28.2194,-43.9681,83.4992,-69.3134,1.6451,-3.9560,28.2198,-42.2418,83.0769,-69.3187,1.6330,-3.9560,28.2198,-42.2418,83.0769,-69.3187,1.6330,0.0000,0.0000,0.0000,0.0000,0.0000,0.0000,0
285,1700000010.6200,1700000010.6220,0.0333,-4.3502,28.2195,-43.5294,83.4019,-69.3146,1.6418,-3.9560,28.2198,-41.4506,83.0769,-69.3187,1.6330,-3.9560,28.2198,-41.4506,83.0769,-69.3187,1.6330,0.0000,0.0000,0.0000,0.0000,0.0000,0.0000,0
286,1700000010.6533,1700000010.6553,0.0333,-4.2581,28.2196,-43.0011,83.3271,-69.3156,1.6394,-3.9560,28.2198,-40.6593,83.0769,-69.3187,1.6330,-3.9560,28.2198,-40.6593,83.0769,-69.3187,1.6330,0.0000,0.0000,0.0000,0.0000,0.0000,0.0000,0
287,1700000010.6867,1700000010.6887,0.0333,-4.1876,28.2196,-42.4060,83.2694,-69.3163,1.6377,-3.9560,28.2198,-40.1319,83.0769,-69.3187,1.6330,-3.9560,28.2198,-40.1319,83.0769,-69.3187,1.6330,0.0000,0.0000,0.0000,0.0000,0.0000,0.0000,0
288,1700000010.7200,1700000010.7220,0.0333,-4.1335,28.2197,-41.8280,83.2251,-69.3169,1.6364,-3.9560,28.2198,-39.6923,83.0769,-69.3187,1.6330,-3.9560,28.2198,-39.6923,83.0769,-69.3187,1.6330,0.0000,0.0000,0.0000,0.0000,0.0000,0.0000,0
289,1700000010.7533,1700000010.7553,0.0333,-4.0921,28.2197,-41.2853,83.1910,-69.3173,1.6354,-3.9560,28.2198,-39.3407,83.0769,-69.3187,1.6330,-3.9560,28.2198,-39.3407,83.0769,-69.3187,1.6330,0.0000,0.0000,0.0000,0.0000,0.0000,0.0000,0
290,1700000010.7867,1700000010.7887,0.0333,-4.0603,28.2197,-40.7911,83.1647,-69.3176,1.6348,-3.9560,28.2198,-39.3407,83.0769,-69.3187,1.6330,-3.9560,28.2198,-39.3407,83.0769,-69.3187,1.6330,0.0000,0.0000,0.0000,0.0000,0.0000,0.0000,0
291,1700000010.8200,1700000010.8220,0.0333,-4.0359,28.2197,-40.4225,83.1445,-69.3179,1.6343,-3.9560,28.2198,-39.1648,83.0769,-69.3187,1.6330,-3.9560,28.2198,-39.1648,83.0769,-69.3187,1.6330,0.0000,0.0000,0.0000,0.0000,0.0000,0.0000,0
292,1700000010.8533,1700000010.8553,0.0333,-4.0173,28.2197,-40.1028,83.1289,-69.3181,1.6339,-3.9560,28.2198,-38.8132,82.7253,-69.3187,1.6330,-3.9560,28.2198,-38.8132,82.7253,-69.3187,1.6330,0.0000,0.0000,0.0000,0.0000,0.0000,0.0000,0
293,1700000010.8867,1700000010.8887,0.0333,-4.0030,28.2198,-39.7751,83.0359,-69.3182,1.6337,-3.9560,28.2198,-38.3736,81.9341,-69.2308,1.6330,-3.9560,28.2198,-38.3736,81.9341,-69.2308,1.6330,0.0000,0.0000,0.0000,0.0000,0.0000,0.0000,0
294,1700000010.9200,1700000010.9220,0.0333,-3.9920,28.2198,-39.4189,82.7821,-69.2974,1.6335,-3.9560,28.1319,-38.2857,81.0549,-69.1429,1.6330,-3.9560,28.1319,-38.2857,81.0549,-69.1429,1.6330,0.0000,0.0000,0.0000,0.0000,0.0000,0.0000,0
295,1700000010.9533,1700000010.9553,0.0333,-3.9836,28.1970,-39.1309,82.3843,-69.2605,1.6333,-3.9560,28.1319,-38.4615,80.5275,-69.1429,1.6330,-3.9560,28.1319,-38.4615,80.5275,-69.1429,1.6330,0.0000,0.0000,0.0000,0.0000,0.0000,0.0000,0
296,1700000010.9867,1700000010.9887,0.0333,-3.9772,28.1802,-38.9608,81.9566,-69.2325,1.6332,-3.9560,28.1319,-38.7253,80.0879,-69.1429,1.6330,-3.9560,28.1319,-38.7253,80.0879,-69.1429,1.6330,0.0000,0.0000,0.0000,0.0000,0.0000,0.0000,0
297,1700000011.0200,1700000011.0220,0.0333,-3.9722,28.1677,-38.9010,81.5262,-69.2111,1.6332,-4.0440,28.0440,-38.7253,79.5604,-69.1429,1.6330,-4.0440,28.0440,-38.7253,79.5604,-69.1429,1.6330,0.0000,0.0000,0.0000,0.0000,0.0000,0.0000,0
298,1700000011.0533,1700000011.0553,0.0333,-3.9890,28.1356,-38.8563,81.0734,-69.1949,1.6331,-4.1319,27.9560,-38.7253,79.0330,-69.2308,1.6330,-4.1319,27.9560,-38.7253,79.0330,-69.2308,1.6330,0.0000,0.0000,0.0000,0.0000,0.0000,0.0000,0
299,1700000011.0867,1700000011.0887,0.0333,-4.0224,28.0892,-38.8230,80.6034,-69.2034,1.6331,-4.2198,27.9560,-38.7253,78.9451,-69.2308,1.6330,-4.2198,27.9560,-38.7253,78.9451,-69.2308,1.6330,0.0000,0.0000,0.0000,0.0000,0.0000,0.0000,0
300,1700000011.1200,1700000011.1220,0.0333,-4.0685,28.0547,-38.7982,80.2214,-69.2099,1.6330,-4.3077,27.9560,-38.7253,78.9451,-69.2308,1.6330,-4.3077,27.9560,-38.7253,78.9451,-69.2308,1.6330,0.0000,0.0000,0.0000,0.0000,0.0000,0.0000,1
301,1700000011.3400,1700000011.3420,0.2200,-4.2664,27.9697,-38.7358,79.1718,-69.2273,1.6330,-4.3077,27.9560,-38.7253,78.9451,-69.2308,1.6330,-4.3077,27.9560,-38.7253,78.9451,-69.2308,1.6330,0.0000,0.0000,0.0000,0.0000,0.0000,0.0000,1
302,1700000011.3733,1700000011.3753,0.0333,-4.2760,27.9662,-38.7331,79.1196,-69.2281,1.6330,-4.3077,27.8681,-38.7253,79.1209,-69.2308,1.6330,-4.3077,27.8681,-38.7253,79.1209,-69.2308,1.6330,0.0000,0.0000,0.0000,0.0000,0.0000,0.0000,0
303,1700000011.4067,1700000011.4087,0.0333,-4.2834,27.9408,-38.7311,79.1199,-69.2288,1.6330,-4.3077,27.7802,-38.5494,79.2088,-69.2308,1.6330,-4.3077,27.7802,-38.5494,79.2088,-69.2308,1.6330,0.0000,0.0000,0.0000,0.0000,0.0000,0.0000,0
304,1700000011.4400,1700000011.4420,0.0333,-4.2891,27.8992,-38.6850,79.1404,-69.2292,1.6330,-4.3077,27.7802,-38.5494,79.2088,-69.2308,1.6330,-4.3077,27.7802,-38.5494,79.2088,-69.2308,1.6330,0.0000,0.0000,0.0000,0.0000,0.0000,0.0000,0
305,1700000011.4733,1700000011.4753,0.0333,-4.2934,27.8684,-38.6505,79.1561,-69.2296,1.6330,-4.3077,27.6923,-38.5494,79.2088,-69.2308,1.6330,-4.3077,27.6923,-38.5494,79.2088,-69.2308,1.6330,0.0000,0.0000,0.0000,0.0000,0.0000,0.0000,0
306,1700000011.5067,1700000011.5087,0.0333,-4.2968,27.8229,-38.6248,79.1683,-69.2299,1.6330,-4.3956,27.6923,-38.6374,79.2967,-69.2308,1.6330,-4.3956,27.6923,-38.6374,79.2967,-69.2308,1.6330,0.0000,0.0000,0.0000,0.0000,0.0000,0.0000,0
307,1700000011.5400,1700000011.5420,0.0333,-4.3198,27.7891,-38.6280,79.1978,-69.2301,1.6330,-4.3956,27.6044,-38.6374,79.2967,-69.2308,1.6330,-4.3956,27.6044,-38.6374,79.2967,-69.2308,1.6330,0.0000,0.0000,0.0000,0.0000,0.0000,0.0000,0
308,1700000011.5733,1700000011.5753,0.0333,-4.3375,27.7413,-38.6304,79.2206,-69.2303,1.6330,-4.4835,27.5165,-38.7253,79.2967,-69.1429,1.6330,-4.4835,27.5165,-38.7253,79.2967,-69.1429,1.6330,0.0000,0.0000,0.0000,0.0000,0.0000,0.0000,0
309,1700000011.6067,1700000011.6087,0.0333,-4.3716,27.6831,-38.6545,79.2381,-69.2094,1.6330,-4.7473,27.4286,-38.8132,79.3846,-69.0549,1.6330,-4.7473,27.4286,-38.8132,79.3846,-69.0549,1.6330,0.0000,0.0000,0.0000,0.0000,0.0000,0.0000,0
310,1700000011.6400,1700000011.6420,0.0333,-4.4594,27.6172,-38.6948,79.2719,-69.1726,1.6330,-5.0989,27.1648,-39.3407,79.6484,-69.0549,1.6330,-5.0989,27.1648,-39.3407,79.6484,-69.0549,1.6330,0.0000,0.0000,0.0000,0.0000,0.0000,0.0000,0
311,1700000011.6733,1700000011.6753,0.0333,-4.6087,27.5001,-38.8590,79.3586,-69.1446,1.6330,-5.3626,26.6374,-39.7802,80.6154,-69.0549,1.6330,-5.3626,26.6374,-39.7802,80.6154,-69.0549,1.6330,0.0000,0.0000,0.0000,0.0000,0.0000,0.0000,0
312,1700000011.7067,1700000011.7087,0.0333,-4.7848,27.2768,-39.0931,79.6481,-69.1232,1.6330,-5.5385,26.1099,-39.8681,81.4066,-69.0549,1.6330,-5.5385,26.1099,-39.8681,81.4066,-69.0549,1.6330,0.0000,0.0000,0.0000,0.0000,0.0000,0.0000,0
313,1700000011.7400,1700000011.7420,0.0333,-4.9608,26.9748,-39.2901,80.0531,-69.1069,1.6330,-5.6264,25.6703,-39.6044,81.8462,-69.1429,1.6330,-5.6264,25.6703,-39.6044,81.8462,-69.1429,1.6330,0.0000,0.0000,0.0000,0.0000,0.0000,0.0000,0
314,1700000011.7733,1700000011.7753,0.0333,-5.1163,26.6372,-39.3699,80.4661,-69.1155,1.6330,-5.6264,25.3187,-39.5165,82.1978,-69.1429,1.6330,-5.6264,25.3187,-39.5165,82.1978,-69.1429,1.6330,0.0000,0.0000,0.0000,0.0000,0.0000,0.0000,0
315,1700000011.8067,1700000011.8087,0.0333,-5.2354,26.2960,-39.4072,80.8650,-69.1220,1.6330,-5.7143,25.0549,-39.4286,82.1978,-69.1429,1.6330,-5.7143,25.0549,-39.4286,82.1978,-69.1429,1.6330,0.0000,0.0000,0.0000,0.0000,0.0000,0.0000,0
316,1700000011.8400,1700000011.8420,0.0333,-5.3472,25.9748,-39.4126,81.1720,-69.1270,1.6330,-5.8022,24.9670,-39.4286,82.1978,-69.0549,1.6330,-5.8022,24.9670,-39.4286,82.1978,-69.0549,1.6330,0.0000,0.0000,0.0000,0.0000,0.0000,0.0000,0
317,1700000011.8733,1700000011.8753,0.0333,-5.4535,25.7140,-39.4167,81.4083,-69.1098,1.6330,-6.1538,24.8791,-39.4286,82.1978,-69.0549,1.6330,-6.1538,24.8791,-39.4286,82.1978,-69.0549,1.6330,0.0000,0.0000,0.0000,0.0000,0.0000,0.0000,0
318,1700000011.9067,1700000011.9087,0.0333,-5.6171,25.4979,-39.4197,81.5901,-69.0967,1.6330,-6.2418,24.7912,-39.5165,82.1978,-69.0549,1.6330,-6.2418,24.7912,-39.5165,82.1978,-69.0549,1.6330,0.0000,0.0000,0.0000,0.0000,0.0000,0.0000,0
319,1700000011.9400,1700000011.9420,0.0333,-5.7630,25.3150,-39.4443,81.7301,-69.0868,1.6330,-6.2418,24.6154,-39.6044,82.1978,-69.0549,1.6330,-6.2418,24.6154,-39.6044,82.1978,-69.0549,1.6330,0.0000,0.0000,0.0000,0.0000,0.0000,0.0000,0
320,1700000011.9733,1700000011.9753,0.0333,-5.8748,25.1339,-39.4850,81.8378,-69.0792,1.6330,-6.2418,24.3516,-39.7802,82.1978,-69.0549,1.6330,-6.2418,24.3516,-39.7802,82.1978,-69.0549,1.6330,0.0000,0.0000,0.0000,0.0000,0.0000,0.0000,0
321,1700000012.0067,1700000012.0087,0.0333,-5.9605,24.9315,-39.5600,81.9207,-69.0734,1.6330,-6.2418,24.1758,-39.8681,82.1978,-69.0549,1.6330,-6.2418,24.1758,-39.8681,82.1978,-69.0549,1.6330,0.0000,0.0000,0.0000,0.0000,0.0000,0.0000,0
322,1700000012.0400,1700000012.0420,0.0333,-6.0262,24.7359,-39.6383,81.9846,-69.0690,1.6330,-6.2418,23.8242,-39.9560,82.1978,-69.0549,1.6330,-6.2418,23.8242,-39.9560,82.1978,-69.0549,1.6330,0.0000,0.0000,0.0000,0.0000,0.0000,0.0000,0
323,1700000012.0733,1700000012.0753,0.0333,-6.0765,24.4999,-39.7191,82.0337,-69.0657,1.6330,-6.2418,23.2967,-39.9560,82.1978,-69.0549,1.6330,-6.2418,23.2967,-39.9560,82.1978,-69.0549,1.6330,0.0000,0.0000,0.0000,0.0000,0.0000,0.0000,0
324,1700000012.1067,1700000012.1087,0.0333,-6.1151,24.1885,-39.7793,82.0715,-69.0631,1.6330,-6.4176,22.5934,-39.9560,82.1978,-69.0549,1.6330,-6.4176,22.5934,-39.9560,82.1978,-69.0549,1.6330,0.0000,0.0000,0.0000,0.0000,0.0000,0.0000,0
325,1700000012.1400,1700000012.1420,0.0333,-6.1858,23.7757,-39.8242,82.1006,-69.0612,1.6330,-6.5055,21.7143,-39.7802,82.6374,-69.0549,1.6330,-6.5055,21.7143,-39.7802,82.6374,-69.0549,1.6330,0.0000,0.0000,0.0000,0.0000,0.0000,0.0000,0
326,1700000012.1733,1700000012.1753,0.0333,-6.2604,23.2422,-39.8130,82.2242,-69.0597,1.6330,-6.5934,20.7473,-39.6044,83.3407,-69.0549,1.6330,-6.5934,20.7473,-39.6044,83.3407,-69.0549,1.6330,0.0000,0.0000,0.0000,0.0000,0.0000,0.0000,0
327,1700000012.2067,1700000012.2087,0.0333,-6.3382,22.5965,-39.7600,82.4814,-69.0586,1.6330,-6.5934,19.9560,-39.4286,83.7802,-69.0549,1.6330,-6.5934,19.9560,-39.4286,83.7802,-69.0549,1.6330,0.0000,0.0000,0.0000,0.0000,0.0000,0.0000,0
328,1700000012.2400,1700000012.2420,0.0333,-6.3978,21.9131,-39.6758,82.7805,-69.0577,1.6330,-6.5934,19.3407,-39.4286,83.9560,-69.0549,1.6330,-6.5934,19.3407,-39.4286,83.9560,-69.0549,1.6330,0.0000,0.0000,0.0000,0.0000,0.0000,0.0000,0
329,1700000012.2733,1700000012.2753,0.0333,-6.4435,21.2473,-39.6130,83.0513,-69.0570,1.6330,-6.5934,18.7253,-39.4286,83.8681,-69.0549,1.6330,-6.5934,18.7253,-39.4286,83.8681,-69.0549,1.6330,0.0000,0.0000,0.0000,0.0000,0.0000,0.0000,0
330,1700000012.3067,1700000012.3087,0.0333,-6.4785,20.5946,-39.5661,83.2394,-69.0565,1.6330,-6.5055,18.3736,-39.7802,83.8681,-69.0549,1.6330,-6.5055,18.3736,-39.7802,83.8681,-69.0549,1.6330,0.0000,0.0000,0.0000,0.0000,0.0000,0.0000,0
331,1700000012.3400,1700000012.3420,0.0333,-6.4848,20.0198,-39.6205,83.3843,-69.0562,1.6330,-6.3297,18.2857,-39.8681,83.6044,-69.0549,1.6330,-6.3297,18.2857,-39.8681,83.6044,-69.0549,1.6330,0.0000,0.0000,0.0000,0.0000,0.0000,0.0000,0
332,1700000012.3733,1700000012.3753,0.0333,-6.4486,19.5710,-39.6834,83.4350,-69.0559,1.6330,-6.2418,18.4615,-39.6923,82.6374,-69.0549,1.6330,-6.2418,18.4615,-39.6923,82.6374,-69.0549,1.6330,0.0000,0.0000,0.0000,0.0000,0.0000,0.0000,0
333,1700000012.4067,1700000012.4087,0.0333,-6.4003,19.2839,-39.6857,83.2512,-69.0557,1.6330,-6.1538,18.5494,-39.5165,81.7582,-69.0549,1.6330,-6.1538,18.5494,-39.5165,81.7582,-69.0549,1.6330,0.0000,0.0000,0.0000,0.0000,0.0000,0.0000,0
334,1700000012.4400,1700000012.4420,0.0333,-6.3427,19.0938,-39.6427,82.9074,-69.0555,1.6330,-6.0659,18.6374,-39.5165,81.0549,-69.0549,1.6330,-6.0659,18.6374,-39.5165,81.0549,-69.0549,1.6330,0.0000,0.0000,0.0000,0.0000,0.0000,0.0000,0
335,1700000012.4733,1700000012.4753,0.0333,-6.2781,18.9757,-39.6106,82.4807,-69.0554,1.6330,-6.0659,18.6374,-39.4286,80.6154,-69.0549,1.6330,-6.0659,18.6374,-39.4286,80.6154,-69.0549,1.6330,0.0000,0.0000,0.0000,0.0000,0.0000,0.0000,0
336,1700000012.5067,1700000012.5087,0.0333,-6.2285,18.8881,-39.5644,82.0510,-69.0553,1.6330,-5.9780,18.6374,-39.4286,80.2637,-69.0549,1.6330,-5.9780,18.6374,-39.4286,80.2637,-69.0549,1.6330,0.0000,0.0000,0.0000,0.0000,0.0000,0.0000,0
337,1700000012.5400,1700000012.5420,0.0333,-6.1700,18.8232,-39.5298,81.6394,-69.0552,1.6330,-5.9780,18.9890,-39.3407,79.8242,-69.0549,1.6330,-5.9780,18.9890,-39.3407,79.8242,-69.0549,1.6330,0.0000,0.0000,0.0000,0.0000,0.0000,0.0000,0
338,1700000012.5733,1700000012.5753,0.0333,-6.1252,18.8661,-39.4818,81.2213,-69.0551,1.6330,-5.7143,19.3407,-39.3407,79.7363,-69.0549,1.6330,-5.7143,19.3407,-39.3407,79.7363,-69.0549,1.6330,0.0000,0.0000,0.0000,0.0000,0.0000,0.0000,0
339,1700000012.6067,1700000012.6087,0.0333,-6.0292,18.9889,-39.4459,80.8792,-69.0551,1.6330,-5.6264,19.8681,-39.3407,79.7363,-69.1429,1.6330,-5.6264,19.8681,-39.3407,79.7363,-69.1429,1.6330,0.0000,0.0000,0.0000,0.0000,0.0000,0.0000,0
340,1700000012.6400,1700000012.6420,0.0333,-5.9351,19.2165,-39.4192,80.6160,-69.0760,1.6330,-5.5385,20.4835,-39.3407,79.8242,-69.1429,1.6330,-5.5385,20.4835,-39.3407,79.8242,-69.1429,1.6330,0.0000,0.0000,0.0000,0.0000,0.0000,0.0000,0
341,1700000012.6733,1700000012.6753,0.0333,-5.8425,19.5444,-39.3992,80.4336,-69.0919,1.6330,-5.5385,21.0989,-39.3407,79.9121,-69.1429,1.6330,-5.5385,21.0989,-39.3407,79.9121,-69.1429,1.6330,0.0000,0.0000,0.0000,0.0000,0.0000,0.0000,0
342,1700000012.7067,1700000012.7087,0.0333,-5.7715,19.9467,-39.3843,80.3135,-69.1041,1.6330,-5.5385,21.7143,-39.3407,80.0000,-69.1429,1.6330,-5.5385,21.7143,-39.3407,80.0000,-69.1429,1.6330,0.0000,0.0000,0.0000,0.0000,0.0000,0.0000,0
343,1700000012.7400,1700000012.7420,0.0333,-5.7171,20.4042,-39.3732,80.2413,-69.1133,1.6330,-5.5385,22.3297,-39.3407,79.9121,-69.1429,1.6330,-5.5385,22.3297,-39.3407,79.9121,-69.1429,1.6330,0.0000,0.0000,0.0000,0.0000,0.0000,0.0000,0
344,1700000012.7733,1700000012.7753,0.0333,-5.6753,20.9025,-39.3650,80.1654,-69.1204,1.6330,-5.4505,22.9451,-39.5165,79.7363,-69.1429,1.6330,-5.4505,22.9451,-39.5165,79.7363,-69.1429,1.6330,0.0000,0.0000,0.0000,0.0000,0.0000,0.0000,0
345,1700000012.8067,1700000012.8087,0.0333,-5.6228,21.4311,-39.4035,80.0666,-69.1257,1.6330,-5.3626,23.6484,-39.7802,79.7363,-69.2308,1.6330,-5.3626,23.6484,-39.7802,79.7363,-69.2308,1.6330,0.0000,0.0000,0.0000,0.0000,0.0000,0.0000,0
346,1700000012.8400,1700000012.8420,0.0333,-5.5621,22.0050,-39.4992,79.9905,-69.1508,1.6330,-5.2747,24.2637,-39.8681,79.7363,-69.2308,1.6330,-5.2747,24.2637,-39.8681,79.7363,-69.2308,1.6330,0.0000,0.0000,0.0000,0.0000,0.0000,0.0000,0
347,1700000012.8733,1700000012.8753,0.0333,-5.4950,22.5896,-39.5930,79.9319,-69.1698,1.6330,-5.2747,24.8791,-39.8681,79.5604,-69.2308,1.6330,-5.2747,24.8791,-39.8681,79.5604,-69.2308,1.6330,0.0000,0.0000,0.0000,0.0000,0.0000,0.0000,0
348,1700000012.9067,1700000012.9087,0.0333,-5.4435,23.1821,-39.6629,79.8464,-69.1844,1.6330,-5.1868,25.4066,-39.6044,79.1209,-69.2308,1.6330,-5.1868,25.4066,-39.6044,79.1209,-69.2308,1.6330,0.0000,0.0000,0.0000,0.0000,0.0000,0.0000,0
349,1700000012.9400,1700000012.9420,0.0333,-5.3836,23.7578,-39.6480,79.6793,-69.1954,1.6330,-5.1868,25.8462,-39.5165,78.5934,-69.2308,1.6330,-5.1868,25.8462,-39.5165,78.5934,-69.2308,1.6330,0.0000,0.0000,0.0000,0.0000,0.0000,0.0000,0
350,1700000012.9733,1700000012.9753,0.0333,-5.3376,24.2983,-39.6146,79.4292,-69.2038,1.6330,-5.1868,26.1978,-39.5165,77.9780,-69.2308,1.6330,-5.1868,26.1978,-39.5165,77.9780,-69.2308,1.6330,0.0000,0.0000,0.0000,0.0000,0.0000,0.0000,1
351,1700000013.1933,1700000013.1953,0.2200,-5.2129,25.9347,-39.5307,78.2358,-69.2263,1.6330,-5.1868,26.5494,-39.5165,77.3626,-69.2308,1.6330,-5.1868,26.5494,-39.5165,77.3626,-69.2308,1.6330,0.0000,0.0000,0.0000,0.0000,0.0000,0.0000,1
352,1700000013.2267,1700000013.2287,0.0333,-5.2068,26.0938,-39.5271,78.0347,-69.2274,1.6330,-5.1868,26.9011,-39.5165,76.8352,-69.2308,1.6330,-5.1868,26.9011,-39.5165,76.8352,-69.2308,1.6330,0.0000,0.0000,0.0000,0.0000,0.0000,0.0000,0
353,1700000013.2600,1700000013.2620,0.0333,-5.2021,26.3027,-39.5244,77.7584,-69.2282,1.6330,-5.1868,27.0769,-39.5165,76.5714,-69.2308,1.6330,-5.1868,27.0769,-39.5165,76.5714,-69.2308,1.6330,0.0000,0.0000,0.0000,0.0000,0.0000,0.0000,0
354,1700000013.2933,1700000013.2953,0.0333,-5.1985,26.5031,-39.5224,77.4850,-69.2288,1.6330,-5.2747,27.3407,-39.5165,76.4835,-69.2308,1.6330,-5.2747,27.3407,-39.5165,76.4835,-69.2308,1.6330,0.0000,0.0000,0.0000,0.0000,0.0000,0.0000,0
355,1700000013.3267,1700000013.3287,0.0333,-5.2163,26.7199,-39.5209,77.2543,-69.2293,1.6330,-5.3626,27.6044,-39.5165,76.4835,-69.2308,1.6330,-5.3626,27.6044,-39.5165,76.4835,-69.2308,1.6330,0.0000,0.0000,0.0000,0.0000,0.0000,0.0000,0
356,1700000013.3600,1700000013.3620,0.0333,-5.2505,26.9488,-39.5198,77.0768,-69.2296,1.6330,-5.3626,27.9560,-39.4286,76.5714,-69.2308,1.6330,-5.3626,27.9560,-39.4286,76.5714,-69.2308,1.6330,0.0000,0.0000,0.0000,0.0000,0.0000,0.0000,0
357,1700000013.3933,1700000013.3953,0.0333,-5.2767,27.2095,-39.4966,76.9604,-69.2299,1.6330,-5.3626,28.3956,-39.4286,76.5714,-69.2308,1.6330,-5.3626,28.3956,-39.4286,76.5714,-69.2308,1.6330,0.0000,0.0000,0.0000,0.0000,0.0000,0.0000,0
358,1700000013.4267,1700000013.4287,0.0333,-5.2968,27.5165,-39.4793,76.8708,-69.2301,1.6330,-5.3626,28.8352,-39.4286,76.5714,-69.2308,1.6330,-5.3626,28.8352,-39.4286,76.5714,-69.2308,1.6330,0.0000,0.0000,0.0000,0.0000,0.0000,0.0000,0
359,1700000013.4600,1700000013.4620,0.0333,-5.3122,27.8578,-39.4664,76.8018,-69.2303,1.6330,-5.3626,29.2747,-39.4286,76.6593,-69.2308,1.6330,-5.3626,29.2747,-39.4286,76.6593,-69.2308,1.6330,0.0000,0.0000,0.0000,0.0000,0.0000,0.0000,0
360,1700000013.4933,1700000013.4953,0.0333,-5.3239,28.2245,-39.4568,76.7690,-69.2304,1.6330,-5.2747,29.7143,-39.4286,76.7473,-69.2308,1.6330,-5.2747,29.7143,-39.4286,76.7473,-69.2308,1.6330,0.0000,0.0000,0.0000,0.0000,0.0000,0.0000,0
361,1700000013.5267,1700000013.5287,0.0333,-5.3124,28.6101,-39.4496,76.7640,-69.2305,1.6330,-5.2747,30.2418,-39.4286,76.7473,-69.2308,1.6330,-5.2747,30.2418,-39.4286,76.7473,-69.2308,1.6330,0.0000,0.0000,0.0000,0.0000,0.0000,0.0000,0
362,1700000013.5600,1700000013.5620,0.0333,-5.3036,29.0324,-39.4443,76.7601,-69.2305,1.6330,-5.2747,30.5934,-39.4286,76.7473,-69.2308,1.6330,-5.2747,30.5934,-39.4286,76.7473,-69.2308,1.6330,0.0000,0.0000,0.0000,0.0000,0.0000,0.0000,0
363,1700000013.5933,1700000013.5953,0.0333,-5.2969,29.4364,-39.4403,76.7572,-69.2306,1.6330,-5.2747,30.9451,-39.4286,76.7473,-69.2308,1.6330,-5.2747,30.9451,-39.4286,76.7473,-69.2308,1.6330,0.0000,0.0000,0.0000,0.0000,0.0000,0.0000,0
364,1700000013.6267,1700000013.6287,0.0333,-5.2917,29.8268,-39.4373,76.7549,-69.2306,1.6330,-5.2747,31.2088,-39.4286,76.7473,-69.2308,1.6330,-5.2747,31.2088,-39.4286,76.7473,-69.2308,1.6330,0.0000,0.0000,0.0000,0.0000,0.0000,0.0000,0
365,1700000013.6600,1700000013.6620,0.0333,-5.2877,30.1845,-39.4351,76.7531,-69.2307,1.6330,-5.2747,31.3846,-39.4286,76.7473,-69.2308,1.6330,-5.2747,31.3846,-39.4286,76.7473,-69.2308,1.6330,0.0000,0.0000,0.0000,0.0000,0.0000,0.0000,0
366,1700000013.6933,1700000013.6953,0.0333,-5.2847,30.4951,-39.4334,76.7518,-69.2307,1.6330,-5.2747,31.3846,-39.4286,76.7473,-69.2308,1.6330,-5.2747,31.3846,-39.4286,76.7473,-69.2308,1.6330,0.0000,0.0000,0.0000,0.0000,0.0000,0.0000,0
367,1700000013.7267,1700000013.7287,0.0333,-5.2824,30.7253,-39.4322,76.7507,-69.2307,1.6330,-5.2747,31.3846,-39.4286,76.7473,-69.2308,1.6330,-5.2747,31.3846,-39.4286,76.7473,-69.2308,1.6330,0.0000,0.0000,0.0000,0.0000,0.0000,0.0000,0
368,1700000013.7600,1700000013.7620,0.0333,-5.2806,30.8959,-39.4313,76.7499,-69.2307,1.6330,-5.2747,31.3846,-39.4286,76.7473,-69.2308,1.6330,-5.2747,31.3846,-39.4286,76.7473,-69.2308,1.6330,0.0000,0.0000,0.0000,0.0000,0.0000,0.0000,0
369,1700000013.7933,1700000013.7953,0.0333,-5.2792,31.0224,-39.4306,76.7493,-69.2307,1.6330,-5.3626,31.3846,-39.4286,76.7473,-69.2308,1.6330,-5.3626,31.3846,-39.4286,76.7473,-69.2308,1.6330,0.0000,0.0000,0.0000,0.0000,0.0000,0.0000,0
370,1700000013.8267,1700000013.8287,0.0333,-5.2987,31.1162,-39.4301,76.7488,-69.2307,1.6330,-5.4505,31.2967,-39.6923,76.7473,-69.2308,1.6330,-5.4505,31.2967,-39.6923,76.7473,-69.2308,1.6330,0.0000,0.0000,0.0000,0.0000,0.0000,0.0000,0
371,1700000013.8600,1700000013.8620,0.0333,-5.3342,31.1629,-39.4967,76.7485,-69.2307,1.6330,-5.5385,31.2967,-39.7802,76.7473,-69.2308,1.6330,-5.5385,31.2967,-39.7802,76.7473,-69.2308,1.6330,0.0000,0.0000,0.0000,0.0000,0.0000,0.0000,0
372,1700000013.8933,1700000013.8953,0.0333,-5.3819,31.1975,-39.5688,76.7482,-69.2308,1.6330,-5.5385,31.1209,-39.8681,76.7473,-69.2308,1.6330,-5.5385,31.1209,-39.8681,76.7473,-69.2308,1.6330,0.0000,0.0000,0.0000,0.0000,0.0000,0.0000,0
373,1700000013.9267,1700000013.9287,0.0333,-5.4184,31.1777,-39.6448,76.7480,-69.2308,1.6330,-5.6264,30.8571,-39.9560,76.7473,-69.2308,1.6330,-5.6264,30.8571,-39.9560,76.7473,-69.2308,1.6330,0.0000,0.0000,0.0000,0.0000,0.0000,0.0000,0
374,1700000013.9600,1700000013.9620,0.0333,-5.4670,31.0947,-39.7239,76.7478,-69.2308,1.6330,-5.7143,30.2418,-40.8352,76.9231,-69.2308,1.6330,-5.7143,30.2418,-40.8352,76.9231,-69.2308,1.6330,0.0000,0.0000,0.0000,0.0000,0.0000,0.0000,0
375,1700000013.9933,1700000013.9953,0.0333,-5.5248,30.8740,-40.0063,76.7882,-69.2308,1.6330,-6.0659,29.0989,-42.3297,78.0659,-69.2308,1.6330,-6.0659,29.0989,-42.3297,78.0659,-69.2308,1.6330,0.0000,0.0000,0.0000,0.0000,0.0000,0.0000,0
376,1700000014.0267,1700000014.0287,0.0333,-5.6512,30.4146,-40.5968,77.0825,-69.2308,1.6330,-6.5934,27.7802,-44.2637,79.8242,-69.2308,1.6330,-6.5934,27.7802,-44.2637,79.8242,-69.2308,1.6330,0.0000,0.0000,0.0000,0.0000,0.0000,0.0000,0
377,1700000014.0600,1700000014.0620,0.0333,-5.8712,29.7328,-41.5287,77.7140,-69.2308,1.6330,-6.7692,26.3736,-45.8462,81.5824,-69.2308,1.6330,-6.7692,26.3736,-45.8462,81.5824,-69.2308,1.6330,0.0000,0.0000,0.0000,0.0000,0.0000,0.0000,0
378,1700000014.0933,1700000014.0953,0.0333,-6.0810,28.8634,-42.6259,78.6050,-69.2308,1.6330,-6.9451,24.9670,-47.0769,83.6044,-69.2308,1.6330,-6.9451,24.9670,-47.0769,83.6044,-69.2308,1.6330,0.0000,0.0000,0.0000,0.0000,0.0000,0.0000,0
379,1700000014.1267,1700000014.1287,0.0333,-6.2828,27.8550,-43.7571,79.7566,-69.2308,1.6330,-7.0330,23.6484,-48.1319,85.8901,-69.2308,1.6330,-7.0330,23.6484,-48.1319,85.8901,-69.2308,1.6330,0.0000,0.0000,0.0000,0.0000,0.0000,0.0000,0
380,1700000014.1600,1700000014.1620,0.0333,-6.4580,26.7663,-44.8689,81.1693,-69.2308,1.6330,-7.1209,21.9780,-49.4506,88.7912,-69.2308,1.6330,-7.1209,21.9780,-49.4506,88.7912,-69.2308,1.6330,0.0000,0.0000,0.0000,0.0000,0.0000,0.0000,0
381,1700000014.1933,1700000014.1953,0.0333,-6.6128,25.5270,-46.0333,82.9249,-69.2308,1.6330,-7.2088,20.1319,-51.2088,91.8681,-69.2308,1.6330,-7.2088,20.1319,-51.2088,91.8681,-69.2308,1.6330,0.0000,0.0000,0.0000,0.0000,0.0000,0.0000,0
382,1700000014.2267,1700000014.2287,0.0333,-6.7520,24.1307,-47.3486,84.9848,-69.2308,1.6330,-7.2088,18.1099,-53.1429,94.9451,-69.2308,1.6330,-7.2088,18.1099,-53.1429,94.9451,-69.2308,1.6330,0.0000,0.0000,0.0000,0.0000,0.0000,0.0000,0
383,1700000014.2600,1700000014.2620,0.0333,-6.8587,22.5724,-48.8211,87.2790,-69.2308,1.6330,-7.2088,16.0879,-54.8132,97.8462,-69.2308,1.5552,-7.2088,16.0879,-54.8132,97.8462,-69.2308,1.5552,0.0000,0.0000,0.0000,0.0000,0.0000,0.0000,0
384,1700000014.2933,1700000014.2953,0.0333,-6.9404,20.8942,-50.3439,89.7130,-69.2308,1.6118,-7.2088,13.9780,-56.3077,100.9231,-69.2308,1.5552,-7.2088,13.9780,-56.3077,100.9231,-69.2308,1.5552,0.0000,0.0000,0.0000,0.0000,0.0000,0.0000,0
385,1700000014.3267,1700000014.3287,0.0333,-7.0031,19.1042,-51.8596,92.2951,-69.2308,1.5963,-7.2088,11.7802,-57.6264,104.3516,-69.2308,1.5552,-7.2088,11.7802,-57.6264,104.3516,-69.2308,1.5552,0.0000,0.0000,0.0000,0.0000,0.0000,0.0000,0
386,1700000014.3600,1700000014.3620,0.0333,-7.0512,17.2087,-53.3251,95.0721,-69.2308,1.5851,-7.2088,9.2308,-57.8022,105.2308,-68.8791,1.3997,-7.2088,9.2308,-57.8022,105.2308,-68.8791,1.3997,0.0000,0.0000,0.0000,0.0000,0.0000,0.0000,0
387,1700000014.3933,1700000014.3953,0.0333,-7.0880,15.1439,-54.4629,97.4120,-69.1470,1.5346,-7.2088,6.1538,-57.1868,104.7912,-68.8791,1.3997,-7.2088,6.1538,-57.1868,104.7912,-68.8791,1.3997,0.0000,0.0000,0.0000,0.0000,0.0000,0.0000,0
388,1700000014.4267,1700000014.4287,0.0333,-7.1162,12.8172,-55.1552,99.1117,-69.0831,1.4978,-7.2088,2.4615,-56.5714,104.8791,-69.1429,1.3997,-7.2088,2.4615,-56.5714,104.8791,-69.1429,1.3997,0.0000,0.0000,0.0000,0.0000,0.0000,0.0000,0
389,1700000014.4600,1700000014.4620,0.0333,-7.1378,10.1370,-55.5151,100.4401,-69.0974,1.4710,-7.2088,-1.2308,-55.6044,104.8791,-69.1429,1.3997,-7.2088,-1.2308,-55.6044,104.8791,-69.1429,1.3997,0.0000,0.0000,0.0000,0.0000,0.0000,0.0000,0
390,1700000014.4933,1700000014.4953,0.0333,-7.1544,7.1949,-55.5378,101.4626,-69.1082,1.4516,-6.9451,-4.8352,-53.2308,104.8791,-69.1429,1.3997,-6.9451,-4.8352,-53.2308,104.8791,-69.1429,1.3997,0.0000,0.0000,0.0000,0.0000,0.0000,0.0000,0
391,1700000014.5267,1700000014.5287,0.0333,-7.1055,4.0814,-54.9515,102.2495,-69.1165,1.4374,-6.7692,-8.3516,-49.2747,104.8791,-69.1429,1.3997,-6.7692,-8.3516,-49.2747,104.8791,-69.1429,1.3997,0.0000,0.0000,0.0000,0.0000,0.0000,0.0000,0
392,1700000014.5600,1700000014.5620,0.0333,-7.0270,0.8636,-53.5088,102.8552,-69.1228,1.4271,-6.7692,-11.8681,-44.7033,104.8791,-68.9670,1.3997,-6.7692,-11.8681,-44.7033,104.8791,-68.9670,1.3997,0.0000,0.0000,0.0000,0.0000,0.0000,0.0000,0
393,1700000014.5933,1700000014.5953,0.0333,-6.9668,-2.4315,-51.2710,103.3214,-69.0856,1.4197,-6.7692,-15.9121,-39.6923,104.8791,-68.9670,1.3997,-6.7692,-15.9121,-39.6923,104.8791,-68.9670,1.3997,0.0000,0.0000,0.0000,0.0000,0.0000,0.0000,0
394,1700000014.6267,1700000014.6287,0.0333,-6.9206,-5.9204,-48.3284,103.6802,-69.0574,1.4142,-6.7692,-20.2198,-34.3297,104.8791,-68.9670,1.3997,-6.7692,-20.2198,-34.3297,104.8791,-68.9670,1.3997,0.0000,0.0000,0.0000,0.0000,0.0000,0.0000,0
395,1700000014.6600,1700000014.6620,0.0333,-6.8853,-9.6212,-44.7708,103.9563,-69.0358,1.4103,-6.7692,-25.0549,-28.2637,104.8791,-69.0549,1.4774,-6.7692,-25.0549,-28.2637,104.8791,-69.0549,1.4774,0.0000,0.0000,0.0000,0.0000,0.0000,0.0000,0
396,1700000014.6933,1700000014.6953,0.0333,-6.8582,-13.6156,-40.5757,104.1689,-69.0404,1.4286,-6.7692,-29.8022,-22.3736,104.6154,-69.2308,1.7107,-6.7692,-29.8022,-22.3736,104.6154,-69.2308,1.7107,0.0000,0.0000,0.0000,0.0000,0.0000,0.0000,0
397,1700000014.7267,1700000014.7287,0.0333,-6.8374,-17.8049,-35.9499,104.2717,-69.0858,1.5055,-6.7692,-34.6374,-16.2198,103.9121,-69.2308,1.7107,-6.7692,-34.6374,-16.2198,103.9121,-69.2308,1.7107,0.0000,0.0000,0.0000,0.0000,0.0000,0.0000,0
398,1700000014.7600,1700000014.7620,0.0333,-6.8215,-22.1613,-30.9357,104.1889,-69.1203,1.5615,-6.7692,-39.4725,-9.9780,103.2967,-69.2308,1.7107,-6.7692,-39.4725,-9.9780,103.2967,-69.2308,1.7107,0.0000,0.0000,0.0000,0.0000,0.0000,0.0000,0
399,1700000014.7933,1700000014.7953,0.0333,-6.8093,-26.6416,-25.6095,103.9834,-69.1467,1.6022,-6.7692,-44.7473,-4.0879,102.6813,-69.2308,1.7107,-6.7692,-44.7473,-4.0879,102.6813,-69.2308,1.7107,0.0000,0.0000,0.0000,0.0000,0.0000,0.0000,0
400,1700000014.8267,1700000014.8287,0.0333,-6.7999,-31.3275,-20.1401,103.6835,-69.1667,1.6318,-6.7692,-50.2857,2.2418,101.7143,-69.2308,1.7885,-6.7692,-50.2857,2.2418,101.7143,-69.2308,1.7885,0.0000,0.0000,0.0000,0.0000,0.0000,0.0000,1
401,1700000015.0467,1700000015.0487,0.2200,-6.7745,-47.6595,-0.9900,102.0641,-69.2201,1.7693,-6.7692,-56.2637,9.1868,100.0440,-69.2308,1.7885,-6.7692,-56.2637,9.1868,100.0440,-69.2308,1.7885,0.0000,0.0000,0.0000,0.0000,0.0000,0.0000,1
402,1700000015.0800,1700000015.0820,0.0333,-6.7733,-49.8864,1.5963,101.5988,-69.2227,1.7745,-6.7692,-62.5055,16.3077,97.9341,-69.2308,1.7885,-6.7692,-62.5055,16.3077,97.9341,-69.2308,1.7885,0.0000,0.0000,0.0000,0.0000,0.0000,0.0000,0
403,1700000015.1133,1700000015.1153,0.0333,-6.7723,-53.1523,5.3350,100.7547,-69.2246,1.7783,-6.7692,-69.0110,23.5165,95.6484,-69.1429,1.7885,-6.7692,-69.0110,23.5165,95.6484,-69.1429,1.7885,0.0000,0.0000,0.0000,0.0000,0.0000,0.0000,0
404,1700000015.1467,1700000015.1487,0.0333,-6.7716,-57.2567,9.9556,99.5785,-69.2051,1.7811,-6.7692,-76.0440,30.4615,93.2747,-69.2308,1.7107,-6.7692,-76.0440,30.4615,93.2747,-69.2308,1.7107,0.0000,0.0000,0.0000,0.0000,0.0000,0.0000,0
405,1700000015.1800,1700000015.1820,0.0333,-6.7711,-62.1190,15.1670,98.1265,-69.2112,1.7619,-6.7692,-82.7253,36.8791,90.8132,-69.2308,1.6330,-6.7692,-82.7253,36.8791,90.8132,-69.2308,1.6330,0.0000,0.0000,0.0000,0.0000,0.0000,0.0000,0
406,1700000015.2133,1700000015.2153,0.0333,-6.7706,-67.4521,20.6849,96.4420,-69.2159,1.7268,-6.7692,-89.2308,42.7692,87.8242,-69.3187,1.4774,-6.7692,-89.2308,42.7692,87.8242,-69.3187,1.4774,0.0000,0.0000,0.0000,0.0000,0.0000,0.0000,0
407,1700000015.2467,1700000015.2487,0.0333,-6.7703,-73.0887,26.2974,94.4570,-69.2404,1.6588,-6.7692,-95.2967,48.0440,85.4505,-69.3187,1.3997,-6.7692,-95.2967,48.0440,85.4505,-69.3187,1.3997,0.0000,0.0000,0.0000,0.0000,0.0000,0.0000,0
408,1700000015.2800,1700000015.2820,0.0333,-6.7701,-78.8363,31.8240,92.3825,-69.2591,1.5881,-6.7692,-100.8352,52.3517,83.7802,-69.4066,1.3997,-6.7692,-100.8352,52.3517,83.7802,-69.4066,1.3997,0.0000,0.0000,0.0000,0.0000,0.0000,0.0000,0
409,1700000015.3133,1700000015.3153,0.0333,-6.7699,-84.5299,37.0409,90.4011,-69.2942,1.5368,-6.7692,-105.4945,55.7802,82.7253,-70.5495,1.3997,-6.7692,-105.4945,55.7802,82.7253,-70.5495,1.3997,0.0000,0.0000,0.0000,0.0000,0.0000,0.0000,0
410,1700000015.3467,1700000015.3487,0.0333,-6.7697,-89.9557,41.8033,88.6331,-69.5934,1.4994,-6.7692,-107.6044,59.2088,82.0220,-72.4835,1.5552,-6.7692,-107.6044,59.2088,82.0220,-72.4835,1.5552,0.0000,0.0000,0.0000,0.0000,0.0000,0.0000,0
411,1700000015.3800,1700000015.3820,0.0333,-6.7696,-94.5234,46.2267,87.1103,-70.2823,1.5146,-6.7692,-106.9011,60.7912,82.1099,-74.1538,1.5552,-6.7692,-106.9011,60.7912,82.1099,-74.1538,1.5552,0.0000,0.0000,0.0000,0.0000,0.0000,0.0000,0
412,1700000015.4133,1700000015.4153,0.0333,-6.7695,-97.7269,49.9281,85.9586,-71.2051,1.5257,-6.7692,-105.3187,62.4615,81.8462,-74.8571,1.5552,-6.7692,-105.3187,62.4615,81.8462,-74.8571,1.5552,0.0000,0.0000,0.0000,0.0000,0.0000,0.0000,0
413,1700000015.4467,1700000015.4487,0.0333,-6.7694,-99.6917,53.1133,85.0113,-72.0755,1.5337,-6.7692,-103.7363,64.8352,80.4396,-74.8571,1.5552,-6.7692,-103.7363,64.8352,80.4396,-74.8571,1.5552,0.0000,0.0000,0.0000,0.0000,0.0000,0.0000,0
414,1700000015.4800,1700000015.4820,0.0333,-6.7694,-100.7385,56.0923,83.9583,-72.7385,1.5396,-6.7692,-102.7692,67.2088,77.0989,-74.6813,1.6330,-6.7692,-102.7692,67.2088,77.0989,-74.6813,1.6330,0.0000,0.0000,0.0000,0.0000,0.0000,0.0000,0
415,1700000015.5133,1700000015.5153,0.0333,-6.7694,-101.2641,58.9174,82.3783,-73.2016,1.5650,-6.7692,-102.9451,69.4945,73.3187,-74.5934,1.7107,-6.7692,-102.9451,69.4945,73.3187,-74.5934,1.7107,0.0000,0.0000,0.0000,0.0000,0.0000,0.0000,0
416,1700000015.5467,1700000015.5487,0.0333,-6.7693,-101.6991,61.6055,80.2916,-73.5334,1.6048,-6.7692,-103.4725,72.2198,68.3956,-74.5055,1.7107,-6.7692,-103.4725,72.2198,68.3956,-74.5055,1.7107,0.0000,0.0000,0.0000,0.0000,0.0000,0.0000,0
417,1700000015.5800,1700000015.5820,0.0333,-6.7693,-102.1581,64.3030,77.5515,-73.7651,1.6337,-6.7692,-104.0879,75.1209,63.4725,-73.8022,1.7107,-6.7692,-104.0879,75.1209,63.4725,-73.8022,1.7107,0.0000,0.0000,0.0000,0.0000,0.0000,0.0000,0
418,1700000015.6133,1700000015.6153,0.0333,-6.7693,-102.6575,67.0522,74.3086,-73.7739,1.6547,-6.7692,-104.4396,77.7582,58.6374,-72.9231,1.7107,-6.7692,-104.4396,77.7582,58.6374,-72.9231,1.7107,0.0000,0.0000,0.0000,0.0000,0.0000,0.0000,0
419,1700000015.6467,1700000015.6487,0.0333,-6.7693,-103.1188,69.7730,70.6990,-73.5711,1.6700,-6.7692,-104.6154,80.3077,54.6813,-72.7473,1.7107,-6.7692,-104.6154,80.3077,54.6813,-72.7473,1.7107,0.0000,0.0000,0.0000,0.0000,0.0000,0.0000,0
420,1700000015.6800,1700000015.6820,0.0333,-6.7693,-103.5061,72.4503,67.0096,-73.3747,1.6811,-6.7692,-104.7912,82.5055,51.5165,-72.9231,1.7885,-6.7692,-104.7912,82.5055,51.5165,-72.9231,1.7885,0.0000,0.0000,0.0000,0.0000,0.0000,0.0000,0
421,1700000015.7133,1700000015.7153,0.0333,-6.7693,-103.8387,75.0057,63.4410,-73.2671,1.7104,-6.7692,-104.7912,84.0000,50.3736,-72.9231,1.7107,-6.7692,-104.7912,84.0000,50.3736,-72.9231,1.7107,0.0000,0.0000,0.0000,0.0000,0.0000,0.0000,0
422,1700000015.7467,1700000015.7487,0.0333,-6.7693,-104.0852,77.2915,60.4311,-73.1851,1.7105,-6.7692,-104.7033,84.8791,50.2857,-72.9231,1.6330,-6.7692,-104.7033,84.8791,50.2857,-72.9231,1.6330,0.0000,0.0000,0.0000,0.0000,0.0000,0.0000,0
423,1700000015.7800,1700000015.7820,0.0333,-6.7692,-104.2452,79.2198,58.0943,-73.1226,1.6893,-6.7692,-104.7033,85.5824,50.8132,-73.1868,1.6330,-6.7692,-104.7033,85.5824,50.8132,-73.1868,1.6330,0.0000,0.0000,0.0000,0.0000,0.0000,0.0000,0
424,1700000015.8133,1700000015.8153,0.0333,-6.7692,-104.3637,80.8368,56.4172,-73.1379,1.6740,-6.7692,-104.7033,86.2857,52.1319,-74.4176,1.6330,-6.7692,-104.7033,86.2857,52.1319,-74.4176,1.6330,0.0000,0.0000,0.0000,0.0000,0.0000,0.0000,0
425,1700000015.8467,1700000015.8487,0.0333,-6.7692,-104.4516,82.2216,55.4301,-73.4429,1.6628,-6.7692,-104.7033,87.0769,54.2418,-75.9121,1.6330,-6.7692,-104.7033,87.0769,54.2418,-75.9121,1.6330,0.0000,0.0000,0.0000,0.0000,0.0000,0.0000,0
426,1700000015.8800,1700000015.8820,0.0333,-6.7692,-104.5168,83.4555,55.1564,-74.0315,1.6547,-6.7692,-104.7033,87.8681,56.8791,-77.6703,1.7107,-6.7692,-104.7033,87.8681,56.8791,-77.6703,1.7107,0.0000,0.0000,0.0000,0.0000,0.0000,0.0000,0
427,1700000015.9133,1700000015.9153,0.0333,-6.7692,-104.5650,84.5769,55.5532,-74.8988,1.6699,-6.7692,-104.7033,88.7473,59.4286,-78.9890,1.7107,-6.7692,-104.7033,88.7473,59.4286,-78.9890,1.7107,0.0000,0.0000,0.0000,0.0000,0.0000,0.0000,0
428,1700000015.9467,1700000015.9487,0.0333,-6.7692,-104.6008,85.6368,56.4458,-75.8737,1.6811,-6.7692,-104.7033,89.5385,61.9780,-80.1319,1.7107,-6.7692,-104.7033,89.5385,61.9780,-80.1319,1.7107,0.0000,0.0000,0.0000,0.0000,0.0000,0.0000,0
429,1700000015.9800,1700000015.9820,0.0333,-6.7692,-104.6273,86.6283,57.7201,-76.8887,1.6892,-6.7692,-104.7033,90.5055,64.1758,-81.0989,1.7107,-6.7692,-104.7033,90.5055,64.1758,-81.0989,1.7107,0.0000,0.0000,0.0000,0.0000,0.0000,0.0000,0
430,1700000016.0133,1700000016.0153,0.0333,-6.7692,-104.6470,87.6137,59.2071,-77.8922,1.6950,-6.7692,-104.7033,91.7363,65.8462,-81.8901,1.7107,-6.7692,-104.7033,91.7363,65.8462,-81.8901,1.7107,0.0000,0.0000,0.0000,0.0000,0.0000,0.0000,0
431,1700000016.0467,1700000016.0487,0.0333,-6.7692,-104.6616,88.6614,60.7363,-78.8451,1.6993,-6.9451,-104.7033,92.7912,66.9011,-82.1538,1.7107,-6.9451,-104.7033,92.7912,66.9011,-82.1538,1.7107,0.0000,0.0000,0.0000,0.0000,0.0000,0.0000,0
432,1700000016.0800,1700000016.0820,0.0333,-6.8103,-104.6724,89.7109,62.1563,-79.6337,1.7024,-7.1209,-104.7033,93.8462,67.3407,-81.9780,1.7107,-7.1209,-104.7033,93.8462,67.3407,-81.9780,1.7107,0.0000,0.0000,0.0000,0.0000,0.0000,0.0000,0
433,1700000016.1133,1700000016.1153,0.0333,-6.8828,-104.6804,90.7618,63.3504,-80.1925,1.7047,-7.2088,-104.7033,94.9011,67.3407,-81.9780,1.7107,-7.2088,-104.7033,94.9011,67.3407,-81.9780,1.7107,0.0000,0.0000,0.0000,0.0000,0.0000,0.0000,0
434,1700000016.1467,1700000016.1487,0.0333,-6.9590,-104.6863,91.8138,64.2695,-80.6181,1.7063,-7.2088,-104.7033,95.9560,67.5165,-81.9780,1.5552,-7.2088,-104.7033,95.9560,67.5165,-81.9780,1.5552,0.0000,0.0000,0.0000,0.0000,0.0000,0.0000,0
435,1700000016.1800,1700000016.1820,0.0333,-7.0173,-104.6907,92.8665,65.0174,-80.9422,1.6651,-7.3846,-104.7033,96.9231,67.5165,-81.9780,1.5552,-7.3846,-104.7033,96.9231,67.5165,-81.9780,1.5552,0.0000,0.0000,0.0000,0.0000,0.0000,0.0000,0
436,1700000016.2133,1700000016.2153,0.0333,-7.1031,-104.6940,93.8974,65.5930,-81.1891,1.6352,-8.0879,-104.7033,97.0989,67.6923,-81.9780,1.5552,-8.0879,-104.7033,97.0989,67.6923,-81.9780,1.5552,0.0000,0.0000,0.0000,0.0000,0.0000,0.0000,0
437,1700000016.2467,1700000016.2487,0.0333,-7.3331,-104.6964,94.7110,66.0766,-81.3772,1.6134,-8.8791,-104.6154,97.0989,68.5714,-81.9780,1.5552,-8.8791,-104.6154,97.0989,68.5714,-81.9780,1.5552,0.0000,0.0000,0.0000,0.0000,0.0000,0.0000,0
438,1700000016.2800,1700000016.2820,0.0333,-7.6942,-104.6754,95.3179,66.6512,-81.5204,1.5975,-9.4945,-104.6154,97.0989,70.0659,-81.9780,1.5552,-9.4945,-104.6154,97.0989,70.0659,-81.9780,1.5552,0.0000,0.0000,0.0000,0.0000,0.0000,0.0000,0
439,1700000016.3133,1700000016.3153,0.0333,-8.1146,-104.6599,95.7705,67.4377,-81.6295,1.5860,-10.0220,-104.6154,97.0989,71.6484,-81.9780,1.5552,-10.0220,-104.6154,97.0989,71.6484,-81.9780,1.5552,0.0000,0.0000,0.0000,0.0000,0.0000,0.0000,0
440,1700000016.3467,1700000016.3487,0.0333,-8.5601,-104.6484,96.1081,68.4076,-81.7125,1.5776,-10.1978,-104.6154,97.0989,73.1429,-81.9780,1.5552,-10.1978,-104.6154,97.0989,73.1429,-81.9780,1.5552,0.0000,0.0000,0.0000,0.0000,0.0000,0.0000,0
441,1700000016.3800,1700000016.3820,0.0333,-8.9426,-104.6398,96.3599,69.4983,-81.7758,1.5715,-10.2857,-104.6154,97.0989,74.2857,-81.8022,1.5552,-10.2857,-104.6154,97.0989,74.2857,-81.8022,1.5552,0.0000,0.0000,0.0000,0.0000,0.0000,0.0000,0
442,1700000016.4133,1700000016.4153,0.0333,-9.2563,-104.6335,96.5477,70.6010,-81.7821,1.5670,-10.2857,-104.6154,97.0989,74.5495,-80.5714,1.6330,-10.2857,-104.6154,97.0989,74.5495,-80.5714,1.6330,0.0000,0.0000,0.0000,0.0000,0.0000,0.0000,0
443,1700000016.4467,1700000016.4487,0.0333,-9.4967,-104.6288,96.6878,71.5105,-81.4935,1.5850,-10.1978,-104.6154,97.0989,74.8132,-78.9890,1.6330,-10.1978,-104.6154,97.0989,74.8132,-78.9890,1.6330,0.0000,0.0000,0.0000,0.0000,0.0000,0.0000,0
444,1700000016.4800,1700000016.4820,0.0333,-9.6604,-104.6253,96.7923,72.2712,-80.8966,1.5981,-10.0220,-104.6154,97.0989,75.0769,-77.4066,1.7107,-10.0220,-104.6154,97.0989,75.0769,-77.4066,1.7107,0.0000,0.0000,0.0000,0.0000,0.0000,0.0000,0
445,1700000016.5133,1700000016.5153,0.0333,-9.7449,-104.6228,96.8702,72.9174,-80.0647,1.6288,-10.0220,-104.6154,97.0989,75.8681,-76.2637,1.6330,-10.0220,-104.6154,97.0989,75.8681,-76.2637,1.6330,0.0000,0.0000,0.0000,0.0000,0.0000,0.0000,0
446,1700000016.5467,1700000016.5487,0.0333,-9.8096,-104.6209,96.9283,73.5971,-79.1588,1.6299,-10.0220,-104.6154,97.0989,76.7473,-75.7363,1.6330,-10.0220,-104.6154,97.0989,76.7473,-75.7363,1.6330,0.0000,0.0000,0.0000,0.0000,0.0000,0.0000,0
447,1700000016.5800,1700000016.5820,0.0333,-9.8592,-104.6194,96.9717,74.3227,-78.3430,1.6308,-10.0220,-104.6154,97.0989,77.6264,-75.6484,1.7107,-10.0220,-104.6154,97.0989,77.6264,-75.6484,1.7107,0.0000,0.0000,0.0000,0.0000,0.0000,0.0000,0
448,1700000016.6133,1700000016.6153,0.0333,-9.8972,-104.6184,97.0040,75.0836,-77.7007,1.6526,-10.0220,-104.7033,97.0989,78.1538,-75.5604,1.7107,-10.0220,-104.7033,97.0989,78.1538,-75.5604,1.7107,0.0000,0.0000,0.0000,0.0000,0.0000,0.0000,0
449,1700000016.6467,1700000016.6487,0.0333,-9.9264,-104.6404,97.0281,75.7908,-77.1906,1.6684,-10.0220,-104.7033,97.0989,78.9451,-75.5604,1.7107,-10.0220,-104.7033,97.0989,78.9451,-75.5604,1.7107,0.0000,0.0000,0.0000,0.0000,0.0000,0.0000,0
