step,t_obs,t_cmd,dt,pos_shoulder_pan,pos_shoulder_lift,pos_elbow_flex,pos_wrist_flex,pos_wrist_roll,pos_gripper,cmd_shoulder_pan,cmd_shoulder_lift,cmd_elbow_flex,cmd_wrist_flex,cmd_wrist_roll,cmd_gripper,sent_shoulder_pan,sent_shoulder_lift,sent_elbow_flex,sent_wrist_flex,sent_wrist_roll,sent_gripper,velraw_shoulder_pan,velraw_shoulder_lift,velraw_elbow_flex,velraw_wrist_flex,velraw_wrist_roll,velraw_gripper,chunk_start
0,1786977377.9226,1786977378.3739,2.34046,-9.7582,-104.3077,96.4396,77.7143,-76.4396,2.2487,-9.3802,-104.8308,96.8682,78.0935,-76.4673,1.9506,-9.3802,-104.8308,96.8682,78.0935,-76.4673,1.9506,0,0,0,0,0,0,1
1,1786977378.3751,1786977378.3806,0.45249,-9.7582,-104.3077,96.4396,77.7143,-76.4396,2.2487,-9.7829,-105.0019,96.3633,78.1708,-75.8001,1.8777,-9.7829,-105.0019,96.3633,78.1708,-75.8001,1.8777,0,0,0,0,0,0,1
2,1786977378.4084,1786977378.4136,0.03334,-9.7582,-104.3077,96.4396,77.7143,-76.4396,2.2487,-9.7331,-105.0481,96.7949,78.0643,-76.4519,1.7795,-9.7331,-105.0481,96.7949,78.0643,-76.4519,1.7795,0,0,0,0,0,0,0
3,1786977378.4418,1786977378.4463,0.03338,-9.7582,-104.3077,96.4396,77.8022,-76.4396,2.2487,-9.7937,-105.2015,96.3462,78.5717,-76.5017,1.7296,-9.7937,-105.2015,96.3462,78.5717,-76.5017,1.7296,0,0,0,0,0,0,0
4,1786977378.4752,1786977378.4796,0.03338,-9.7582,-104.4835,96.4396,77.8022,-76.4396,2.2487,-9.9069,-105.4124,97.0701,78.7285,-76.6810,1.8092,-9.9069,-105.4124,97.0701,78.7285,-76.6810,1.8092,0,-50,0,0,0,0,0
5,1786977378.5086,1786977378.5131,0.03341,-9.7582,-104.8352,96.4396,78.1538,-76.4396,2.2487,-10.1824,-105.6411,96.9597,78.6784,-76.6171,1.6730,-10.1824,-105.6411,96.9597,78.6784,-76.6171,1.6730,0,-150,0,150,0,0,0
6,1786977378.5419,1786977378.5464,0.03338,-9.7582,-104.8352,96.4396,78.3297,-76.4396,2.2487,-10.3703,-106.0717,96.6153,78.8992,-76.3255,1.6917,-10.3703,-106.0717,96.6153,78.8992,-76.3255,1.6917,0,0,0,50,0,0,0
7,1786977378.5754,1786977378.5798,0.03341,-9.7582,-105.0110,96.4396,78.3297,-76.4396,2.2487,-10.1122,-105.2323,96.7684,78.8508,-75.8664,1.6939,-10.1122,-105.2323,96.7684,78.8508,-75.8664,1.6939,0,-50,0,0,0,0,0
8,1786977378.6088,1786977378.6132,0.0334,-9.9341,-105.0110,96.4396,78.5055,-76.4396,2.2487,-10.0468,-104.9087,96.0743,78.8518,-76.4299,1.8106,-10.0468,-104.9087,96.0743,78.8518,-76.4299,1.8106,-50,0,0,50,0,0,0
9,1786977378.6421,1786977378.6465,0.03335,-10.1099,-105.0989,96.4396,78.5055,-76.4396,2.2487,-10.3005,-105.7369,96.5684,79.6989,-76.5787,1.7483,-10.3005,-105.7369,96.5684,79.6989,-76.5787,1.7483,-50,-50,0,0,0,0,0
10,1786977378.6755,1786977378.6801,0.03343,-10.1978,-105.0989,96.4396,78.5055,-76.3516,2.2487,-10.1587,-105.3397,96.5684,79.2886,-76.4369,1.6594,-10.1587,-105.3397,96.5684,79.2886,-76.4369,1.6594,0,0,0,0,0,0,0
11,1786977378.7089,1786977378.7134,0.03341,-10.1978,-105.1868,96.4396,78.9451,-76.5275,2.2487,-10.2739,-105.4887,96.4229,79.3194,-76.7087,1.7035,-10.2739,-105.4887,96.4229,79.3194,-76.7087,1.7035,0,0,0,200,-100,0,0
12,1786977378.7423,1786977378.7468,0.03339,-10.1099,-105.1868,96.4396,79.0330,-76.6154,2.2487,-10.1942,-105.5131,96.6327,79.1706,-76.5919,1.7023,-10.1942,-105.5131,96.6327,79.1706,-76.5919,1.7023,50,0,0,0,0,0,0
13,1786977378.7757,1786977378.7802,0.03339,-10.1099,-105.1868,96.4396,79.0330,-76.6154,2.2487,-10.1639,-105.4502,96.6335,78.4278,-76.8136,1.7225,-10.1639,-105.4502,96.6335,78.4278,-76.8136,1.7225,0,0,0,0,0,0,0
14,1786977378.8091,1786977378.8136,0.0334,-10.1099,-105.1868,96.4396,79.0330,-76.6154,2.2487,-10.3687,-105.2060,96.3434,79.1667,-76.7494,1.7301,-10.3687,-105.2060,96.3434,79.1667,-76.7494,1.7301,0,0,0,0,0,0,0
15,1786977378.8426,1786977378.8466,0.03344,-10.1099,-105.1868,96.4396,79.0330,-76.6154,2.2487,-10.1710,-104.6450,96.5120,79.0785,-76.5650,1.5381,-10.1710,-104.6450,96.5120,79.0785,-76.5650,1.5381,0,0,0,0,0,0,0
16,1786977378.8759,1786977378.88,0.03333,-10.1099,-105.1868,96.4396,79.1209,-76.6154,2.2487,-10.1287,-104.9473,96.0809,79.1145,-77.0778,1.4657,-10.1287,-104.9473,96.0809,79.1145,-77.0778,1.4657,0,0,0,0,0,0,0
17,1786977378.9093,1786977378.9134,0.03342,-10.1099,-105.0989,96.4396,79.2088,-76.6154,2.2487,-10.3136,-105.6854,95.8846,78.8426,-76.8778,1.2934,-10.3136,-105.6854,95.8846,78.8426,-76.8778,1.2934,0,0,0,50,0,0,0
18,1786977378.9427,1786977378.9472,0.0334,-10.1099,-105.0989,96.3516,79.2088,-76.7033,2.2487,-10.6409,-104.6877,95.6734,78.6140,-77.1792,1.2311,-10.6409,-104.6877,95.6734,78.6140,-77.1792,1.2311,0,0,0,0,-50,0,0
19,1786977378.9761,1786977378.9805,0.03334,-10.1099,-105.0989,96.2637,79.2088,-76.7912,2.1164,-10.3758,-105.0430,95.6457,79.0063,-77.2986,1.0102,-10.3758,-105.0430,95.6457,79.0063,-77.2986,1.0102,0,0,-50,0,0,-100,0
20,1786977379.0095,1786977379.0139,0.03341,-10.1978,-105.0989,96.0879,79.2088,-76.8791,2.0503,-10.3982,-105.0177,95.8671,79.4319,-77.1192,0.9531,-10.3982,-105.0177,95.8671,79.4319,-77.1192,0.9531,-50,0,0,0,0,-50,0
21,1786977379.0429,1786977379.0474,0.03339,-10.2857,-105.0989,96.0879,79.2088,-76.9670,1.9180,-10.4941,-105.0625,95.3230,79.4900,-76.9687,1.0879,-10.4941,-105.0625,95.3230,79.4900,-76.9687,1.0879,-50,0,0,0,0,-50,0
22,1786977379.0763,1786977379.0805,0.03339,-10.3736,-105.0989,96.0879,79.2088,-76.8791,1.9180,-10.5352,-105.1792,95.2691,79.5357,-76.8725,1.3108,-10.5352,-105.1792,95.2691,79.5357,-76.8725,1.3108,-50,0,0,0,50,0,0
23,1786977379.1097,1786977379.1141,0.03342,-10.3736,-105.0989,96.0000,79.2088,-76.8791,1.9180,-10.4150,-104.9796,95.7036,79.4841,-77.3428,1.2568,-10.4150,-104.9796,95.7036,79.4841,-77.3428,1.2568,0,0,-50,0,0,0,0
24,1786977379.143,1786977379.1476,0.03335,-10.3736,-105.0989,95.8242,79.2088,-76.8791,1.9180,-10.4632,-104.7011,95.0535,79.1378,-77.2413,1.3641,-10.4632,-104.7011,95.0535,79.1378,-77.2413,1.3641,0,0,-100,0,0,0,0
25,1786977379.1764,1786977379.181,0.0334,-10.3736,-105.0989,95.7363,79.2088,-76.9670,1.9180,-10.2320,-104.3669,94.3233,79.2698,-77.1401,1.3401,-10.2320,-104.3669,94.3233,79.2698,-77.1401,1.3401,0,0,0,0,-50,0,0
26,1786977379.2099,1786977379.2141,0.03346,-10.3736,-105.0989,95.5604,79.2088,-76.9670,1.9180,-10.6068,-104.6824,94.2617,79.9447,-78.0275,1.1117,-10.6068,-104.6824,94.2617,79.9447,-78.0275,1.1117,0,0,-100,0,0,0,0
27,1786977379.2432,1786977379.2473,0.03333,-10.3736,-105.0989,95.2088,79.2088,-76.9670,1.9180,-10.0073,-103.2779,92.8111,80.0925,-77.2647,1.0879,-10.0073,-103.2779,92.8111,80.0925,-77.2647,1.0879,0,0,-100,0,0,0,0
28,1786977379.2767,1786977379.2812,0.03344,-10.3736,-105.2747,95.1209,79.5604,-77.4066,1.9180,-10.6248,-103.3106,92.1262,80.3089,-77.7006,1.0730,-10.6248,-103.3106,92.1262,80.3089,-77.7006,1.0730,0,-50,-50,150,-150,0,0
29,1786977379.31,1786977379.3145,0.03335,-10.3736,-105.0989,94.7692,79.8242,-77.4945,1.9180,-9.9105,-102.5432,90.3575,80.5050,-77.4202,1.1692,-9.9105,-102.5432,90.3575,80.5050,-77.4202,1.1692,0,0,-150,100,-100,0,0
30,1786977379.3434,1786977379.3478,0.03338,-10.3736,-104.4835,94.3297,80.0000,-77.4066,1.9180,-10.0376,-101.8705,87.4325,82.7571,-76.6711,1.3214,-10.0376,-101.8705,87.4325,82.7571,-76.6711,1.3214,0,250,-150,50,50,0,0
31,1786977379.3768,1786977379.3812,0.03337,-10.2857,-103.8681,93.6264,80.1758,-77.4066,1.9180,-9.5621,-101.1318,85.2073,82.6221,-76.7300,1.1968,-9.5621,-101.1318,85.2073,82.6221,-76.7300,1.1968,50,150,-200,100,0,0,0
32,1786977379.4101,1786977379.4146,0.03338,-10.2857,-103.2527,92.1319,80.9670,-77.2308,1.9180,-9.1867,-100.4202,82.4059,83.5682,-75.2952,1.2072,-9.1867,-100.4202,82.4059,83.5682,-75.2952,1.2072,0,250,-550,200,50,0,0
33,1786977379.4435,1786977379.4478,0.03339,-10.1978,-102.5495,90.1099,81.9341,-77.1429,1.9180,-8.7679,-98.8279,80.2800,83.6249,-74.3282,1.4158,-8.7679,-98.8279,80.2800,83.6249,-74.3282,1.4158,0,250,-700,350,0,0,0
34,1786977379.477,1786977379.4813,0.03344,-9.8462,-101.8462,88.0879,82.5495,-76.5275,1.9180,-7.8365,-96.0552,78.2095,83.0674,-73.8150,1.1419,-7.8365,-96.0552,78.2095,83.0674,-73.8150,1.1419,100,250,-700,250,250,0,0
35,1786977379.5104,1786977379.5145,0.03339,-9.2308,-100.9670,85.7143,82.9011,-75.5604,1.9180,-6.7190,-93.5766,75.6516,83.9286,-72.3220,1.1496,-6.7190,-93.5766,75.6516,83.9286,-72.3220,1.1496,200,300,-800,150,300,0,0
36,1786977379.5437,1786977379.5483,0.03338,-8.7912,-99.4725,83.5165,82.9011,-74.9451,1.9180,-4.6172,-88.6264,71.3642,83.4080,-71.8797,1.3043,-4.6172,-89.2088,73.2527,83.4080,-71.8797,1.3043,150,500,-750,0,150,0,0
37,1786977379.5771,1786977379.5815,0.03339,-8.1758,-97.3626,81.2308,83.2527,-73.9780,1.9180,-2.5577,-82.8968,66.4578,83.4123,-68.5795,1.2244,-2.5577,-87.0989,70.9670,83.4123,-68.5795,1.2244,150,750,-750,150,350,0,0
38,1786977379.6106,1786977379.6158,0.03343,-6.9451,-94.9011,78.9451,83.2527,-73.2747,1.9180,0.4864,-78.1086,61.3605,83.7014,-65.6047,1.1838,0.4864,-84.5495,68.6813,83.7014,-65.6047,1.1838,450,750,-800,50,150,0,0
39,1786977379.6439,1786977379.6486,0.03335,-5.2747,-92.1758,76.5714,83.2527,-72.1319,1.9180,3.6074,-71.9856,55.4933,84.8489,-61.3081,1.3261,3.6074,-81.7363,66.3077,84.8489,-61.9560,1.3261,600,950,-850,0,300,0,0
40,1786977379.6773,1786977379.6828,0.03341,-3.2527,-89.4505,74.2857,83.5165,-69.8462,1.9180,6.6296,-65.6728,49.6610,86.0287,-55.7183,1.3614,6.6296,-79.0989,63.9341,86.0287,-59.4945,1.3614,650,900,-750,100,800,0,0
41,1786977379.7107,1786977379.7164,0.03339,-0.7912,-86.8132,71.9121,84.1319,-67.1209,1.9180,9.6359,-59.9457,43.5279,87.3059,-50.7932,1.4398,9.4725,-76.4615,61.6484,87.3059,-56.6813,1.4398,850,900,-800,150,950,0,0
42,1786977379.7441,1786977379.7494,0.03335,1.8462,-84.0879,69.5385,85.0110,-64.3077,1.9180,12.7883,-53.7797,37.6860,89.1757,-45.4082,1.4921,12.1978,-73.7363,59.1868,89.1757,-53.9560,1.4921,900,950,-800,300,950,0,0
43,1786977379.7775,1786977379.7817,0.0334,4.6593,-81.4505,67.1648,85.8901,-61.5824,1.9180,16.3278,-48.1833,33.2783,89.9311,-41.1749,1.6023,14.9231,-71.0989,56.9011,89.9311,-51.1429,1.6023,1000,900,-800,300,900,0,0
44,1786977379.8109,1786977379.8157,0.03342,7.3846,-78.7253,64.7912,87.2967,-58.6813,1.9180,18.6926,-42.2517,28.2921,91.9863,-36.8630,1.7132,17.7363,-68.3736,54.5275,91.9863,-48.2418,1.7132,950,900,-800,450,1000,0,0
45,1786977379.8443,1786977379.8487,0.03338,10.1099,-75.9121,62.5055,88.4396,-56.0440,1.9180,21.4672,-38.1689,25.0871,93.1025,-32.8114,1.6859,20.4615,-65.6484,52.1538,93.1025,-45.6923,1.6859,900,900,-750,400,850,0,0
46,1786977379.8776,1786977379.8827,0.03338,12.9231,-73.2747,60.1319,89.4945,-53.2308,1.9180,23.1177,-33.3380,21.0908,93.2280,-28.7965,1.8665,23.1177,-62.8352,49.7802,93.2280,-42.8791,1.8665,950,950,-850,400,950,0,0
47,1786977379.911,1786977379.9153,0.03341,15.5604,-70.5495,57.7582,91.0769,-50.4176,1.9180,24.2749,-29.3734,18.7944,93.2421,-25.7699,1.8056,24.2749,-60.2857,47.4066,93.2421,-39.9780,1.8056,900,850,-850,550,950,0,0
48,1786977379.9444,1786977379.9487,0.03335,18.2857,-67.8242,55.3846,91.8681,-47.6923,1.9180,26.1290,-26.1744,16.6895,93.1943,-22.7538,1.9025,26.1290,-57.4725,45.1209,93.1943,-37.4286,1.9025,900,950,-800,300,900,0,0
49,1786977379.9778,1786977379.9824,0.03338,20.6593,-64.9231,53.0110,92.3077,-44.8791,1.9180,27.1940,-22.0364,13.6494,92.0850,-19.7604,2.0581,27.1940,-54.5714,42.7473,92.0850,-34.6154,2.0581,850,950,-800,150,950,0,0
50,1786977380.0112,1786977380.2312,0.03338,22.5934,-62.1978,50.7253,92.5714,-42.2418,1.9180,27.5409,-27.9400,18.7335,96.1441,-22.8897,1.1617,27.5409,-45.0769,35.0989,96.1441,-25.2967,1.1617,650,900,-850,100,950,0,1
51,1786977380.2324,1786977380.238,0.22126,26.6374,-55.0769,45.0989,92.2198,-35.2967,1.9841,30.4408,-22.6112,15.0620,97.0953,-17.9087,1.2600,30.4408,-44.9890,35.0989,97.0953,-25.2088,1.2600,50,50,-50,0,100,0,1
52,1786977380.2656,1786977380.2711,0.03322,26.9011,-54.9011,44.9231,92.3077,-35.1209,1.9841,32.1347,-20.0364,13.9902,97.8630,-12.3737,1.6123,32.1347,-44.8132,34.9231,97.8630,-25.0330,1.6123,150,50,0,0,50,0,0
53,1786977380.299,1786977380.3034,0.03336,27.6923,-53.8462,43.8681,93.1868,-33.9780,1.9180,34.4680,-16.7638,12.3593,98.6155,-7.0964,1.8196,34.4680,-43.6703,33.6923,98.6155,-23.7143,1.8196,350,250,-200,300,300,-50,0
54,1786977380.3324,1786977380.337,0.03337,29.5385,-51.4725,41.4945,95.1209,-31.5165,1.9180,35.5065,-15.6422,12.3783,98.8596,-2.5847,1.9771,35.5065,-41.0330,31.1429,98.8596,-21.1648,1.9771,600,900,-850,700,850,0,0
55,1786977380.3657,1786977380.3705,0.03338,31.5604,-48.3077,38.9451,96.6154,-28.6154,1.9180,38.0479,-14.7580,11.1332,98.8908,1.3467,2.2493,38.0479,-37.8681,28.5934,98.8908,-18.1758,2.2493,750,1050,-850,550,1000,0,0
56,1786977380.3991,1786977380.4039,0.03338,33.3187,-45.4066,36.7473,97.4066,-25.8022,1.9841,39.0883,-13.7231,11.7538,97.9418,3.3965,2.1861,39.0883,-34.9670,26.3956,97.9418,-15.4505,2.1861,550,1000,-800,250,950,0,0
57,1786977380.4326,1786977380.4379,0.03344,34.5495,-42.5934,34.3736,97.7582,-23.1648,1.9841,40.0651,-13.4853,12.3434,98.2926,6.1015,2.1531,40.0651,-32.1538,24.0220,98.2926,-12.7253,2.1531,350,1000,-800,150,900,0,0
58,1786977380.4659,1786977380.4707,0.03336,36.0440,-39.7802,31.9121,97.7582,-20.3516,1.9841,41.0498,-11.8315,11.4182,97.7476,8.7314,2.1788,41.0498,-29.3407,21.5604,97.7476,-10.0000,2.1788,500,900,-850,0,950,0,0
59,1786977380.4994,1786977380.505,0.03347,37.7143,-36.7912,29.5385,97.8462,-17.6264,1.9841,41.4968,-11.9447,11.0741,96.5948,8.2766,2.2524,41.4968,-26.4396,19.2747,96.5948,-7.2747,2.2524,500,1000,-750,-50,900,0,0
60,1786977380.5327,1786977380.5374,0.03335,39.2088,-33.8022,27.2527,97.6703,-14.9011,1.9841,41.5729,-11.5465,10.9508,96.8878,8.6369,2.5268,41.5729,-23.4505,16.9890,96.8878,-4.5495,2.5268,550,1000,-750,-50,900,0,0
61,1786977380.5661,1786977380.5708,0.03334,40.0000,-30.9890,24.8791,97.2308,-12.0879,1.9841,41.2709,-11.5734,11.3780,95.8941,8.5264,2.5614,41.2709,-20.5495,14.5275,95.8941,-1.6484,2.5614,300,950,-850,-200,950,0,0
62,1786977380.5995,1786977380.6042,0.0334,40.2637,-28.0000,22.4176,96.9670,-9.3626,2.1825,41.0832,-11.3582,12.8356,95.7165,8.0432,2.6212,41.0832,-17.5604,12.8356,95.7165,1.0769,2.6212,50,1000,-800,-100,900,100,0
63,1786977380.6328,1786977380.6376,0.03337,40.5275,-25.0110,20.2198,96.7912,-6.6374,2.3148,41.1382,-11.0089,13.4530,95.3887,7.7234,2.7696,41.1382,-14.5714,13.4530,95.3887,3.8022,2.7696,100,1000,-750,50,950,50,0
64,1786977380.6662,1786977380.671,0.03339,40.7033,-21.9341,17.9341,96.0879,-3.8242,2.3148,41.7277,-10.3608,13.8022,93.0168,8.2499,2.5547,41.7277,-11.4945,13.8022,93.0168,6.6154,2.5547,100,1000,-800,-250,950,0,0
65,1786977380.6996,1786977380.7039,0.03336,40.7033,-19.0330,16.7033,95.7363,-1.0110,2.3148,41.6192,-10.2982,14.4478,91.6872,8.5419,2.6207,41.6192,-10.2982,14.4478,91.6872,8.5419,2.6207,0,1050,-300,-150,1000,0,0
66,1786977380.7331,1786977380.7375,0.03346,40.7033,-15.9560,16.5275,95.2088,1.8022,2.3148,41.3433,-10.9911,16.8561,89.6809,9.1026,2.5748,41.3433,-10.9911,16.8561,89.6809,9.1026,2.5748,0,1000,-50,-50,950,0,0
67,1786977380.7664,1786977380.7712,0.03333,40.8791,-13.2308,16.5275,93.2747,4.2637,2.3148,41.1971,-11.9008,17.6237,87.7372,9.7047,2.4486,41.1971,-11.9008,17.6237,87.7372,9.7047,2.4486,50,900,0,-750,850,0,0
68,1786977380.7998,1786977380.8041,0.03337,41.1429,-12.0000,16.8791,91.6923,6.1099,2.3148,41.0198,-12.7128,18.8868,86.2644,10.6896,2.6255,41.0198,-12.7128,18.8868,86.2644,10.6896,2.6255,100,650,200,-500,700,0,0
69,1786977380.8332,1786977380.8378,0.03345,41.4066,-12.0879,17.8462,90.3736,7.3407,2.3148,41.0296,-11.2739,21.0711,84.2914,12.1024,2.4959,41.0296,-11.2739,21.0711,84.2914,12.1024,2.4959,50,0,400,-500,400,0,0
70,1786977380.8665,1786977380.8708,0.03331,41.4066,-12.2637,18.5495,88.7033,8.5714,2.3148,41.0053,-12.3953,22.2603,83.0138,12.3582,2.4002,41.0053,-12.3953,22.2603,83.0138,12.3582,2.4002,0,-50,250,-600,400,0,0
71,1786977380.8999,1786977380.9044,0.03342,41.0549,-11.8242,19.6923,86.6813,9.9780,2.3148,41.6232,-11.8305,22.5965,81.5205,12.5614,2.7330,41.6232,-11.8305,22.5965,81.5205,12.5614,2.7330,-150,250,450,-650,450,0,0
72,1786977380.9333,1786977380.9378,0.03339,40.9670,-11.3846,21.2747,85.0989,10.7692,2.3148,41.7975,-13.0417,23.7321,80.1123,12.9980,2.5309,41.7975,-13.0417,23.7321,80.1123,12.9980,2.5309,-50,200,500,-550,300,0,0
73,1786977380.9667,1786977380.9709,0.03337,41.0549,-11.2967,22.3297,84.1319,11.3846,2.3810,42.0070,-12.1345,23.8297,79.9264,13.8174,2.7219,42.0070,-12.1345,23.8297,79.9264,13.8174,2.7219,0,0,350,-250,200,0,0
74,1786977381.0001,1786977381.0043,0.03343,41.4945,-11.4725,22.9451,82.1978,12.0000,2.4471,41.6179,-12.7489,24.2262,78.7024,14.1220,2.3845,41.6179,-12.7489,24.2262,78.7024,14.1220,2.3845,150,-100,250,-600,200,0,0
75,1786977381.0335,1786977381.038,0.03338,41.5824,-11.5604,23.5604,81.3187,12.6154,2.4471,41.5519,-12.5445,24.3459,78.0602,13.9720,2.1934,41.5519,-12.5445,24.3459,78.0602,13.9720,2.1934,0,-50,250,-300,250,50,0
76,1786977381.0668,1786977381.0715,0.03334,41.5824,-11.2967,24.1758,80.7033,13.1429,2.5132,41.4833,-12.2968,23.8744,76.8674,13.7186,2.1663,41.4833,-12.2968,23.8744,76.8674,13.7186,2.1663,0,50,200,-250,150,50,0
77,1786977381.1002,1786977381.1048,0.03337,41.4066,-11.2967,24.3516,79.4725,13.3187,2.5132,41.0418,-12.2053,22.8982,76.8623,12.8981,2.2833,41.0418,-12.2053,22.8982,76.8623,12.8981,2.2833,-50,0,50,-400,50,0,0
78,1786977381.1337,1786977381.1383,0.03347,41.3187,-11.4725,24.2637,78.3297,13.3187,2.4471,41.5258,-11.7486,22.9698,75.8081,12.6219,2.4502,41.5258,-11.7486,22.9698,75.8081,12.6219,2.4502,0,-50,0,-450,0,-50,0
79,1786977381.167,1786977381.1715,0.0333,41.2308,-11.4725,24.1758,77.8022,13.3187,2.4471,41.6370,-11.2900,21.8979,74.3940,11.9401,2.6786,41.6370,-11.2900,21.8979,74.3940,11.9401,2.6786,0,0,-50,-150,0,0,0
80,1786977381.2004,1786977381.2049,0.0334,41.2308,-11.2967,24.2637,77.1868,13.0549,2.4471,41.4007,-10.9072,22.2908,74.0426,10.4272,3.3286,41.4007,-10.9072,22.2908,74.0426,10.4272,3.3286,0,50,50,-300,-50,0,0
81,1786977381.2338,1786977381.2383,0.03344,41.3187,-11.0330,24.0879,76.0440,12.6154,2.5132,41.5050,-10.1844,22.0140,72.9407,10.5104,4.8514,41.5050,-10.1844,22.0140,72.9407,10.5104,4.8514,50,50,0,-400,-150,50,0
82,1786977381.2672,1786977381.2716,0.03335,41.4066,-10.8571,23.9121,74.9890,11.9121,2.9101,40.9502,-10.5410,22.3827,72.4506,9.7751,6.4636,40.9502,-10.5410,22.3827,72.4506,9.7751,6.4636,50,50,-50,-400,-300,150,0
83,1786977381.3006,1786977381.305,0.03338,41.4066,-10.5055,23.9121,74.5495,11.3846,3.3730,41.3953,-10.7727,21.7453,73.5204,10.0737,9.1332,41.3953,-10.7727,21.7453,73.5204,10.0737,9.1332,0,150,0,-150,-200,300,0
84,1786977381.334,1786977381.3382,0.03342,41.4066,-10.3297,23.9121,73.4945,10.7692,4.6958,41.1142,-9.7982,22.7882,72.6588,10.2798,11.6401,41.1142,-9.7982,22.7882,72.6588,10.2798,11.6401,0,50,0,-350,-250,600,0
85,1786977381.3673,1786977381.3719,0.03336,41.4945,-10.3297,23.9121,73.4945,10.6813,6.0847,41.2260,-9.5098,23.5047,72.3331,10.0893,14.7408,41.2260,-9.5098,23.5047,72.3331,10.0893,14.7408,50,0,0,0,0,650,0
86,1786977381.4007,1786977381.4049,0.03337,41.4945,-10.1538,23.9121,73.4945,10.7692,8.1349,41.1486,-8.5512,24.3632,72.1013,10.0590,17.5030,41.1486,-8.5512,24.3632,72.1013,10.0590,17.5030,0,0,0,-150,0,900,0
87,1786977381.4341,1786977381.4383,0.03343,41.4945,-9.5385,24.0000,72.5275,10.5934,10.5159,40.9779,-9.2319,24.4037,71.8561,10.1948,20.0025,40.9779,-9.2319,24.4037,71.8561,10.1948,20.0025,0,250,50,-350,-100,1150,0
88,1786977381.4675,1786977381.472,0.03337,41.4066,-8.7473,24.4396,72.6154,10.4176,12.7646,41.0893,-8.6889,27.0560,71.2040,10.6103,21.9111,41.0893,-8.6889,27.0560,71.2040,10.6103,21.9111,-50,250,100,0,0,950,0
89,1786977381.5009,1786977381.5056,0.03335,41.4066,-8.6593,24.7912,72.6154,10.5055,15.2778,40.6215,-8.5230,26.3485,72.1581,10.5530,23.8114,40.6215,-8.5230,26.3485,72.1581,10.5530,23.8114,0,50,150,-50,-50,1150,0
90,1786977381.5342,1786977381.5388,0.03338,41.4945,-8.6593,25.3187,71.6484,10.4176,17.7910,41.0469,-8.3419,26.9642,70.4068,10.2432,24.9379,41.0469,-8.3419,26.9642,70.4068,10.2432,24.9379,50,0,250,-300,-50,1100,0
91,1786977381.5677,1786977381.572,0.03344,41.4066,-8.6593,26.3736,71.9121,10.4176,20.1058,41.2954,-8.7388,27.5599,70.1957,10.9276,25.8148,41.2954,-8.7388,27.5599,70.1957,10.9276,25.8148,-50,0,400,50,0,1050,0
92,1786977381.601,1786977381.6051,0.0333,41.0549,-8.1319,26.9011,71.9121,10.5055,21.8254,41.6522,-8.0465,29.1387,68.5314,11.1151,26.0631,41.6522,-8.0465,29.1387,68.5314,11.1151,26.0631,-150,200,150,-100,0,800,0
93,1786977381.6344,1786977381.6384,0.03338,41.0549,-8.0440,27.4286,70.5934,10.4176,23.4127,41.3092,-8.6875,29.0487,68.0176,10.1154,26.1770,41.3092,-8.6875,29.0487,68.0176,10.1154,26.1770,0,0,200,-500,-50,700,0
94,1786977381.6678,1786977381.672,0.03345,41.1429,-8.1319,28.2198,70.2418,10.5934,24.2063,41.0318,-8.3810,30.5234,66.4531,10.9096,26.1008,41.0318,-8.3810,30.5234,66.4531,10.9096,26.1008,50,0,250,-50,50,400,0
95,1786977381.7012,1786977381.7053,0.03336,41.3187,-8.0440,28.8352,69.1868,10.4176,24.8016,40.7704,-9.0210,31.1804,66.3240,9.7778,26.0119,40.7704,-9.0210,31.1804,66.3240,9.7778,26.0119,50,0,200,-350,-50,250,0
96,1786977381.7345,1786977381.7386,0.03338,41.3187,-7.7802,29.7143,67.9560,10.4176,25.1323,41.0096,-7.7748,32.1974,66.0828,10.5429,26.0830,41.0096,-7.7748,32.1974,66.0828,10.5429,26.0830,0,100,400,-400,-50,150,0
97,1786977381.7679,1786977381.772,0.03337,41.3187,-7.8681,30.7692,67.6044,10.5055,25.3968,40.6369,-7.4561,32.1106,65.9691,10.5747,25.9779,40.6369,-7.4561,32.1106,65.9691,10.5747,25.9779,0,-50,400,-100,0,100,0
98,1786977381.8013,1786977381.8054,0.0334,41.3187,-7.6923,31.4725,66.7253,10.1538,25.5952,41.2691,-7.6973,32.4839,65.8962,9.9206,25.9570,41.2691,-7.6973,32.4839,65.8962,9.9206,25.9570,0,0,250,-350,-150,50,0
99,1786977381.8347,1786977381.8388,0.03334,41.0549,-7.2527,32.0000,66.5495,10.3297,25.5952,41.0963,-8.3415,33.1890,65.9069,10.1957,26.0618,41.0963,-8.3415,33.1890,65.9069,10.1957,26.0618,-50,150,200,-200,100,-50,0
100,1786977381.868,1786977382.0853,0.03337,40.9670,-7.1648,32.5275,66.6374,10.3297,25.5952,38.9475,-3.6056,31.1279,64.3561,7.3477,24.9848,38.9475,-3.6056,31.1279,64.3561,7.3477,24.9848,-50,0,200,50,0,-50,1
101,1786977382.0864,1786977382.091,0.21841,41.0549,-7.2527,33.4066,66.1099,10.2418,25.7275,38.6890,-4.0955,31.3804,64.2473,6.4491,24.8860,38.6890,-4.0955,31.3804,64.2473,6.4491,24.8860,0,0,50,50,0,0,1
102,1786977382.1197,1786977382.1239,0.03328,41.0549,-7.2527,33.4066,66.0220,10.1538,25.7275,38.8514,-2.7985,31.4350,64.1688,6.0245,24.5695,38.8514,-2.7985,31.4350,64.1688,6.0245,24.5695,0,0,0,0,0,0,0
103,1786977382.1531,1786977382.1572,0.03337,40.6154,-6.6374,33.2308,65.4066,9.3626,25.3307,39.3834,-3.1646,30.5226,63.4526,5.6021,24.6867,39.3834,-3.1646,30.5226,63.4526,5.6021,24.6867,-100,100,-100,-300,-150,-200,0
104,1786977382.1865,1786977382.1906,0.03337,39.8242,-4.8791,32.7033,64.4396,7.7802,25.1323,38.8464,-3.0276,29.8192,63.5090,5.3918,24.3209,38.8464,-3.0276,29.8192,63.5090,5.3918,24.3209,-250,650,-200,-350,-550,-150,0
105,1786977382.2198,1786977382.2239,0.03337,39.4725,-3.5604,32.5275,64.1758,6.9890,24.9339,39.1774,-1.4044,29.7815,63.6054,4.8992,24.3486,39.1774,-1.4044,29.7815,63.6054,4.8992,24.3486,-100,600,-100,-100,-200,-50,0
106,1786977382.2532,1786977382.2573,0.03339,39.3846,-3.2967,32.3516,64.3516,6.3736,24.6032,39.2876,-1.8995,29.9796,63.2491,5.6923,24.1038,39.2876,-1.8995,29.9796,63.2491,5.6923,24.1038,-100,100,-50,0,-150,-200,0
107,1786977382.2866,1786977382.2907,0.03339,39.6484,-2.5934,32.0000,63.7363,5.7582,24.6032,39.1905,-0.3455,30.6298,62.6076,4.7496,24.3443,39.1905,-0.3455,30.6298,62.6076,4.7496,24.3443,100,200,-100,-150,-250,0,0
108,1786977382.32,1786977382.3241,0.03337,39.6484,-1.9780,31.7363,63.3846,5.8462,24.4709,40.3393,-0.0942,31.2265,63.0354,5.1350,24.4863,40.3393,-0.0942,31.2265,63.0354,5.1350,24.4863,0,200,-100,-50,50,-50,0
109,1786977382.3534,1786977382.3574,0.03338,39.4725,-1.3626,31.8242,63.4725,5.4945,24.3386,40.5839,-0.6647,31.3901,63.5008,5.4762,24.6518,40.5839,-0.6647,31.3901,63.5008,5.4762,24.6518,-50,150,50,50,-100,-100,0
110,1786977382.3868,1786977382.3908,0.03341,39.4725,-0.5714,31.6484,63.2088,5.3187,24.3386,40.7688,0.0424,30.6769,63.2696,4.8487,24.3148,40.7688,0.0424,30.6769,63.2696,4.8487,24.3148,0,300,-50,0,-50,0,0
111,1786977382.4201,1786977382.4242,0.03337,39.8242,-0.4835,31.6484,63.1209,5.4066,24.3386,40.1875,0.4214,30.3452,63.5824,3.8268,24.2197,40.1875,0.4214,30.3452,63.5824,3.8268,24.2197,100,0,0,0,50,100,0
112,1786977382.4535,1786977382.4578,0.03337,40.2637,-0.3077,31.6484,63.4725,5.2308,24.4048,41.1682,0.2527,30.8885,63.8589,4.8217,24.1723,41.1682,0.2527,30.8885,63.8589,4.8217,24.1723,150,50,0,100,-150,50,0
113,1786977382.4869,1786977382.4912,0.03337,40.3516,0.1319,31.5604,63.2967,4.5275,24.4048,41.1606,0.4215,30.5685,63.5022,4.6325,24.3181,41.1606,0.4215,30.5685,63.5022,4.6325,24.3181,0,150,-50,-50,-250,0,0
114,1786977382.5203,1786977382.5244,0.03337,40.2637,0.1319,31.5604,63.2088,4.5275,24.4709,41.3694,0.2210,30.7962,64.0770,4.7764,24.4413,41.3694,0.2210,30.7962,64.0770,4.7764,24.4413,-50,0,0,-50,50,50,0
115,1786977382.5537,1786977382.5578,0.03342,40.5275,0.1319,31.5604,63.2088,4.5275,24.4709,40.8984,0.0626,30.6862,63.9396,5.0290,24.1133,40.8984,0.0626,30.6862,63.9396,5.0290,24.1133,50,0,0,0,0,0,0
116,1786977382.587,1786977382.5911,0.03334,40.7912,0.1319,31.5604,63.3846,4.7912,24.4709,41.1425,1.5329,31.2898,63.2934,4.5767,23.5440,41.1425,1.5329,31.2898,63.2934,4.5767,23.5440,100,0,0,50,100,0,0
117,1786977382.6205,1786977382.6256,0.03343,40.7033,0.1319,31.5604,63.4725,4.7033,24.3386,40.9121,0.8940,30.9593,63.8048,4.4989,22.5306,40.9121,0.8940,30.9593,63.8048,4.4989,22.5306,-50,0,0,50,0,0,0
118,1786977382.6538,1786977382.6584,0.03339,40.7033,0.5714,31.5604,63.2967,4.5275,24.0079,41.0681,1.0728,31.3931,63.4403,4.3650,19.4057,41.0681,1.0728,31.3931,63.4403,4.3650,19.4057,0,100,0,-50,-150,-150,0
119,1786977382.6872,1786977382.6914,0.03339,40.7033,0.8352,31.4725,63.2967,4.5275,23.3466,40.4664,2.4605,30.5283,63.5102,3.5411,15.5886,40.4664,2.4605,30.5283,63.5102,3.5411,15.5886,0,150,-50,0,0,-350,0
120,1786977382.7207,1786977382.7253,0.03343,40.7033,0.9231,31.4725,63.1209,4.5275,22.1561,40.6619,2.1906,31.3831,64.4973,2.8453,11.2490,40.6619,2.1906,31.3831,64.4973,2.8453,11.9577,0,50,0,-100,0,-400,0
121,1786977382.754,1786977382.759,0.03333,40.6154,1.3626,30.9451,63.1209,4.1758,20.1058,40.9382,2.1498,31.9153,64.4559,2.4629,5.8559,40.9382,2.1498,31.9153,64.4559,2.4629,9.7090,-50,200,-200,0,-50,-950,0
122,1786977382.7874,1786977382.7921,0.03339,40.6154,1.7143,30.8571,63.3846,3.5604,17.5265,40.5590,1.2202,31.6414,63.2532,2.4161,0.2071,40.5590,1.2202,31.6414,63.2532,2.4161,7.1296,0,200,0,100,-250,-1150,0
123,1786977382.8208,1786977382.8255,0.03343,40.6154,1.8022,31.0330,63.4725,3.2088,14.8148,40.5372,2.3960,32.4898,63.1405,1.7578,-0.9228,40.5372,2.3960,32.4898,63.1405,1.7578,4.4180,0,50,0,50,-50,-1250,0
124,1786977382.8542,1786977382.8589,0.03337,40.7033,1.7143,31.2088,63.2967,2.9451,12.0370,41.1497,2.5394,33.0601,63.3988,1.5693,1.3859,41.1497,2.5394,33.0601,63.3988,1.5693,1.7725,0,0,0,-100,0,-1250,0
125,1786977382.8876,1786977382.8922,0.03341,40.7033,1.8901,31.2967,63.1209,2.2418,9.3915,41.0523,2.9476,31.8826,62.0580,1.0201,2.0307,41.0523,2.9476,31.8826,62.0580,1.0201,2.0307,0,0,50,0,-250,-1200,0
126,1786977382.921,1786977382.9255,0.03338,40.7033,1.9780,31.8242,63.1209,2.0659,6.6799,41.7054,3.0716,31.9023,61.9157,2.1714,1.8210,41.7054,3.0716,31.9023,61.9157,2.1714,1.8210,0,0,200,0,-50,-1250,0
127,1786977382.9544,1786977382.9588,0.03338,40.7033,2.1538,31.8242,62.8571,1.7143,4.6958,41.0204,2.8086,32.8518,61.6084,1.1091,1.6200,41.0204,2.8086,32.8518,61.6084,1.1091,1.6200,0,100,0,-150,-50,-900,0
128,1786977382.9878,1786977382.9919,0.03344,40.7912,2.3297,31.7363,62.6813,1.8022,3.7698,41.0061,2.4176,33.1511,62.5068,0.4827,1.4441,41.0061,2.4176,33.1511,62.5068,0.4827,1.4441,0,100,0,-50,50,-350,0
129,1786977383.0211,1786977383.0252,0.03335,40.7912,2.3297,32.0879,62.3297,1.6264,3.1085,40.4431,1.3699,31.2825,62.6544,-1.0369,1.4261,40.4431,1.3699,31.2825,62.6544,-1.0369,1.4261,0,0,100,-150,-50,-350,0
130,1786977383.0546,1786977383.0587,0.0334,40.7912,2.3297,32.3516,62.2418,0.9231,2.5794,39.6927,1.4948,30.7513,64.1456,-1.6513,1.4373,39.6927,1.4948,30.7513,64.1456,-1.6513,1.4373,0,0,100,-50,-250,-250,0
131,1786977383.0879,1786977383.0924,0.03339,40.7033,2.3297,32.1758,62.4176,0.3956,2.3810,39.0243,-0.1019,28.4113,66.6573,-2.8935,1.6382,39.0243,-0.1019,28.4113,66.6573,-2.8935,1.6382,0,-50,-100,100,-150,-100,0
132,1786977383.1213,1786977383.1258,0.03337,40.5275,2.3297,31.3846,63.0330,-0.7473,2.2487,38.1154,-1.1106,25.6486,68.9133,-5.0462,1.7995,38.1154,-1.1106,25.6486,68.9133,-5.0462,1.7995,-50,50,-250,150,-400,-100,0
133,1786977383.1547,1786977383.1592,0.03335,40.0879,1.8901,30.6813,64.2637,-1.6264,2.2487,36.6853,-2.5166,23.0922,72.7084,-7.4619,1.8131,36.6853,-2.5166,23.0922,72.7084,-7.4619,1.8131,-200,-150,-200,400,-250,0,0
134,1786977383.1881,1786977383.1926,0.03341,39.3846,1.3626,29.4505,66.4615,-2.9451,2.2487,34.5151,-4.4277,21.6968,76.6996,-11.5430,1.7065,34.5151,-4.4277,21.6968,76.6996,-11.5430,1.7065,-200,-150,-400,750,-450,0,0
135,1786977383.2215,1786977383.2267,0.03339,38.3297,1.2747,27.7802,68.3956,-4.7912,2.2487,32.1333,-6.7354,19.9144,78.9981,-14.6141,1.5723,32.1333,-6.7354,19.9144,78.5714,-14.6141,1.5723,-400,-50,-500,850,-750,0,0
136,1786977383.2549,1786977383.2596,0.03339,36.9231,0.3077,25.8462,70.9451,-6.9890,2.2487,29.4253,-8.5506,17.8522,81.6108,-18.7082,1.3737,29.4253,-8.5506,17.8522,81.3846,-17.4286,1.3737,-450,-300,-650,850,-700,0,0
137,1786977383.2883,1786977383.2927,0.0334,35.2527,-1.3626,24.0879,74.2857,-9.6264,2.2487,26.6131,-10.4259,14.6462,82.9808,-22.1545,1.5331,26.6131,-10.4259,14.6462,82.9808,-20.0659,1.5331,-550,-600,-600,1100,-900,0,0
138,1786977383.3217,1786977383.3264,0.03344,33.1429,-3.2088,22.3297,76.5714,-12.7912,2.1825,23.7480,-12.5554,11.8613,83.5085,-26.8674,1.3013,23.7480,-12.5554,12.0659,83.5085,-23.1429,1.3013,-700,-650,-600,800,-1050,-50,0
139,1786977383.355,1786977383.3594,0.03334,30.6813,-4.9670,20.3077,79.1209,-15.5165,2.1164,19.9732,-15.2667,11.6809,83.2997,-32.2430,1.2983,20.4176,-15.1429,11.6809,83.2997,-25.8681,1.2983,-850,-600,-700,850,-900,-50,0
140,1786977383.3884,1786977383.393,0.03339,28.1319,-6.8132,17.8462,80.8791,-18.1538,2.1164,15.7836,-16.9586,9.8458,82.6028,-36.9894,1.3368,17.8681,-16.9586,9.8458,82.6028,-28.5055,1.3368,-900,-600,-850,500,-850,0,0
141,1786977383.4218,1786977383.4265,0.03335,25.5824,-9.0110,16.0879,81.0549,-21.0549,2.1164,11.8788,-19.8204,8.6158,81.7447,-40.7456,1.5421,15.1429,-19.2747,8.6158,81.7447,-31.4945,1.5421,-850,-700,-700,150,-1000,0,0
142,1786977383.4552,1786977383.4599,0.03338,22.7692,-11.2967,14.5055,81.8462,-23.7802,2.1164,8.1448,-20.7378,8.0328,79.5128,-45.7516,1.4396,12.3297,-20.7378,8.0328,79.5128,-34.1319,1.4396,-950,-800,-500,200,-850,0,0
143,1786977383.4886,1786977383.4933,0.03347,19.9560,-13.4066,12.8352,81.5824,-26.5055,2.1164,4.1979,-22.8520,7.6041,76.0201,-50.4849,1.1304,9.6044,-22.8520,7.6041,76.0201,-36.9451,1.1304,-950,-700,-550,-50,-950,0,0
144,1786977383.5219,1786977383.5266,0.03331,17.2308,-15.4286,11.6923,80.9670,-29.4066,2.1164,0.8188,-23.7788,9.2900,72.2960,-56.2825,0.6341,6.8791,-23.7788,9.2900,72.2960,-39.7582,0.6341,-950,-750,-450,-100,-1000,0,0
145,1786977383.5553,1786977383.56,0.03341,14.5055,-17.5385,10.9890,79.2088,-32.1319,1.9841,-2.0983,-25.6008,10.9856,65.6477,-58.9647,0.6514,4.0659,-25.6008,10.9856,68.8571,-42.5714,0.6514,-900,-700,-250,-500,-950,-50,0
146,1786977383.5888,1786977383.5931,0.03341,11.6923,-19.3846,10.8132,76.7473,-35.1209,1.7857,-4.2366,-27.5377,14.0239,56.3614,-62.3029,0.3809,1.3407,-27.5377,14.0239,66.4835,-45.3846,0.3809,-950,-600,-50,-900,-1000,-100,0
147,1786977383.6221,1786977383.6268,0.03336,8.9670,-21.0549,11.5165,73.9341,-37.7582,1.7857,-5.6835,-28.4586,17.5049,45.5798,-64.8513,0.2309,-1.4725,-28.4586,17.5049,63.5824,-48.1978,0.2309,-950,-600,150,-1000,-950,0,0
148,1786977383.6555,1786977383.6602,0.03338,6.1538,-22.8132,12.6593,71.2088,-40.5714,1.6534,-6.3826,-30.6908,21.6183,35.9599,-66.5037,0.4196,-4.2857,-30.6908,21.6183,60.7692,-50.9231,0.4196,-950,-600,350,-950,-900,-100,0
149,1786977383.6889,1786977383.6936,0.03344,3.4286,-24.4835,14.7692,68.3956,-43.3846,1.5873,-7.1038,-32.0747,26.1484,26.4314,-67.0546,-0.0020,-7.0110,-32.0747,25.0330,58.0440,-53.7363,-0.0020,-950,-600,750,-900,-950,-50,0
150,1786977383.7223,1786977383.9384,0.03334,0.6154,-26.2418,17.3187,65.5824,-46.1099,1.5873,6.5381,-25.0418,10.4959,68.6367,-40.2784,1.0536,3.8462,-25.0418,14.8791,68.6367,-43.0549,1.0536,-950,-600,950,-950,-900,0,1
151,1786977383.9396,1786977383.9452,0.21729,-6.2418,-29.9341,24.8791,59.0769,-53.0549,1.5873,9.3702,-24.0174,9.1537,71.7470,-38.1295,1.2835,3.6703,-24.0174,14.8791,69.0769,-43.0549,1.2835,-100,-100,0,-50,0,0,1
152,1786977383.9728,1786977383.9776,0.03325,-6.6813,-30.0220,24.8791,58.9011,-53.1429,1.5873,12.5552,-23.6050,8.3565,74.5305,-35.4431,1.4713,3.3187,-23.6050,14.8791,68.9011,-43.1429,1.4713,-200,0,0,-50,0,0,0
153,1786977384.0062,1786977384.0106,0.03338,-6.1538,-29.7582,24.5275,59.6044,-52.6154,1.5873,15.2266,-22.5952,7.3652,77.0236,-32.2067,1.7753,4.0220,-22.5952,14.3516,69.6923,-42.4396,1.7753,250,100,-150,200,50,0,0
154,1786977384.0396,1786977384.044,0.0334,-4.0440,-27.9121,22.5934,61.8901,-50.4176,1.7196,18.6391,-22.4076,6.7878,79.9273,-29.8471,1.9061,6.3077,-22.4076,12.1538,72.2418,-39.9780,1.9061,600,700,-450,900,750,0,0
155,1786977384.073,1786977384.0777,0.03344,-1.2308,-25.4505,19.9560,64.9670,-47.3407,1.7857,21.8996,-22.4444,6.4001,82.7686,-25.5626,1.9443,9.2088,-22.4444,9.6044,75.4066,-36.9890,1.9443,950,800,-900,1050,1050,0,0
156,1786977384.1064,1786977384.1109,0.03339,2.0220,-23.6044,17.7582,67.7802,-44.7912,1.8519,24.4082,-22.6160,7.2686,85.0717,-22.1130,1.8845,12.3736,-22.6160,7.4945,78.1319,-34.4396,1.8845,1050,700,-750,950,950,0,0
157,1786977384.1398,1786977384.1446,0.03335,4.7473,-22.9011,15.8242,70.5055,-41.9780,1.8519,27.5729,-23.6190,8.2099,85.8392,-19.1005,1.9916,15.0110,-23.6190,8.2099,81.0330,-31.6264,1.9916,900,150,-700,1000,900,0,0
158,1786977384.1732,1786977384.1779,0.03342,7.2088,-22.9011,13.5385,73.4066,-39.0769,1.8519,29.9408,-23.4932,9.7633,87.2828,-15.2799,2.2041,17.4725,-23.4932,9.7633,83.8462,-28.8132,2.2041,900,0,-750,1000,1000,0,0
159,1786977384.2066,1786977384.2114,0.0334,9.8462,-23.2527,11.9560,76.2198,-36.5275,1.8519,31.3175,-23.4594,12.0722,86.9142,-14.4314,2.1751,20.2857,-23.4594,12.0722,86.6593,-26.1758,2.1751,1000,-100,-550,950,850,0,0
160,1786977384.24,1786977384.2445,0.03335,12.6593,-23.3407,11.7802,78.9451,-33.7143,1.9180,33.5417,-23.9369,13.8725,86.9096,-13.2719,2.1877,23.0110,-23.9369,13.8725,86.9096,-23.3626,2.1877,950,-50,0,950,950,50,0
161,1786977384.2734,1786977384.2777,0.03341,15.8242,-23.1648,12.3956,81.8462,-31.0769,1.9841,34.2207,-25.5256,16.9263,86.6638,-12.6999,2.6383,26.0879,-25.5256,16.9263,86.6638,-20.7253,2.6383,1050,100,150,1000,950,50,0
162,1786977384.3067,1786977384.3117,0.03339,18.4615,-22.9890,13.7143,83.7802,-28.1758,1.9841,35.1016,-25.3309,19.7742,84.4238,-12.8001,2.8115,28.7253,-25.3309,19.7742,84.4238,-17.8242,2.8115,900,50,450,700,950,0,0
163,1786977384.3401,1786977384.3448,0.03339,21.0989,-22.9890,15.2088,84.5714,-25.4505,2.1825,36.1757,-26.2471,22.7703,83.2782,-13.3740,2.8917,31.5385,-26.2471,22.7703,83.2782,-15.0989,2.8917,900,0,550,250,900,100,0
164,1786977384.3735,1786977384.378,0.03337,23.7363,-23.4286,17.2308,84.5714,-22.5495,2.3810,36.7859,-27.4196,25.8189,81.9056,-13.2881,2.9823,34.0000,-27.4196,25.8189,81.9056,-13.2881,2.9823,850,-150,650,100,1000,150,0
165,1786977384.4069,1786977384.4113,0.03337,26.4615,-24.0440,19.6923,83.6044,-20.0000,2.5794,37.7654,-29.2343,28.1983,80.1665,-12.4990,3.0904,36.8132,-29.2343,28.1983,80.1665,-12.4990,3.0904,950,-200,800,-300,1000,50,0
166,1786977384.4403,1786977384.4446,0.03338,29.3626,-24.5714,22.3297,82.9011,-17.4505,2.7116,37.8452,-29.0030,32.5766,78.2199,-13.4533,3.0324,37.8452,-29.0030,32.5766,78.2199,-13.4533,3.0324,1000,-200,950,-150,850,50,0
167,1786977384.4737,1786977384.4781,0.03339,32.3516,-25.4505,25.1429,81.8462,-15.6923,2.7116,38.5440,-29.8783,34.9066,75.9529,-12.8647,3.0554,38.5440,-29.8783,34.9066,75.9529,-12.8647,3.0554,1100,-350,1000,-450,550,50,0
168,1786977384.507,1786977384.5116,0.03338,34.6374,-26.2418,27.6923,80.2637,-15.0769,2.7778,38.5003,-30.3854,37.8104,74.0713,-12.6380,3.1113,38.5003,-30.3854,37.8104,74.0713,-12.6380,3.1113,750,-300,900,-500,300,50,0
169,1786977384.5404,1786977384.5447,0.03338,36.0440,-27.1209,30.7692,78.5055,-14.4615,2.8439,39.0757,-31.1688,40.8018,71.2110,-12.7759,3.2692,39.0757,-31.1688,40.8018,71.2110,-12.7759,3.2692,400,-250,1050,-600,250,0,0
170,1786977384.5738,1786977384.5783,0.03339,36.7473,-27.7363,33.7582,76.7473,-13.7582,2.9101,39.4155,-31.1904,42.0641,69.2568,-13.1931,3.2937,39.4155,-31.1904,42.0641,69.2568,-13.1931,3.2937,300,-200,1000,-600,200,50,0
171,1786977384.6072,1786977384.6117,0.03339,37.3626,-28.4396,36.7473,74.6374,-13.5824,2.9101,40.3012,-31.1944,44.0177,67.1715,-13.0771,3.3660,40.3012,-31.1944,44.0177,67.1715,-13.0771,3.3660,150,-250,1050,-650,100,0,0
172,1786977384.6406,1786977384.6448,0.0334,37.9780,-28.7912,39.2967,72.5275,-13.4945,2.9762,39.8619,-31.2162,44.7853,65.1299,-12.6330,3.6221,39.8619,-31.2162,44.7853,65.1299,-12.6330,3.6221,200,-150,850,-750,50,50,0
173,1786977384.674,1786977384.6781,0.03336,38.7692,-28.9670,41.4945,70.4176,-13.5824,3.0423,40.6502,-31.3611,46.6758,63.8628,-12.9252,3.6495,40.6502,-31.3611,46.6758,63.8628,-12.9252,3.6495,250,-50,800,-650,0,0,0
174,1786977384.7074,1786977384.7118,0.03341,39.3846,-29.0549,43.2527,68.3956,-13.3187,3.1746,41.0826,-31.9888,45.9509,62.1902,-12.4810,3.5518,41.0826,-31.9888,45.9509,62.1902,-12.4810,3.5518,250,0,650,-700,100,100,0
175,1786977384.7407,1786977384.7452,0.03337,39.5604,-29.0549,44.5714,66.5495,-13.4066,3.3069,41.4608,-31.5533,48.4266,60.4451,-12.4564,3.4595,41.4608,-31.5533,48.4266,60.4451,-12.4564,3.4595,100,0,450,-600,-50,0,0
176,1786977384.7741,1786977384.7787,0.03339,39.9121,-29.4945,45.7143,65.1429,-12.8791,3.3069,41.6233,-31.1658,48.7957,59.1709,-12.1950,3.7135,41.6233,-31.1658,48.7957,59.1709,-12.1950,3.7135,50,-150,450,-400,250,0,0
177,1786977384.8075,1786977384.812,0.03336,40.5275,-29.5824,46.3297,62.9451,-12.9670,3.3069,41.7613,-30.8410,48.7499,59.2445,-12.2958,3.9983,41.7613,-30.8410,48.7499,59.2445,-12.2958,3.9983,200,-50,150,-700,0,0,0
178,1786977384.8409,1786977384.8454,0.0334,41.1429,-29.6703,47.6484,61.3626,-12.8791,3.4392,41.7339,-30.6622,50.3922,58.0797,-12.4756,4.3581,41.7339,-30.6622,50.3922,58.0797,-12.4756,4.3581,200,-50,500,-600,0,50,0
179,1786977384.8743,1786977384.8788,0.03336,41.3187,-29.5824,48.4396,61.0110,-12.6154,3.5053,42.2634,-31.3392,51.1136,58.8072,-12.2500,4.7877,42.2634,-31.3392,51.1136,58.8072,-12.2500,4.7877,50,0,350,-150,50,0,0
180,1786977384.9076,1786977384.912,0.03336,41.1429,-29.4945,49.3187,59.8681,-12.8791,3.7698,42.6811,-31.7145,52.3314,57.8092,-12.4427,6.1743,42.6811,-31.7145,52.3314,57.8092,-12.4427,6.1743,-100,0,300,-350,0,150,0
181,1786977384.9411,1786977384.9455,0.03343,41.3187,-29.9341,50.3736,59.6044,-12.6154,4.1667,42.5004,-31.7615,52.3120,57.7051,-12.8031,8.0420,42.5004,-31.7615,52.3120,57.7051,-12.8031,8.0420,100,-100,300,-100,100,200,0
182,1786977384.9744,1786977384.9787,0.03336,41.8462,-30.1099,51.5165,59.2527,-12.5275,4.8942,42.7259,-31.7549,52.5753,57.2775,-12.5186,10.7812,42.7259,-31.7549,52.5753,57.2775,-12.5186,10.7812,250,-100,350,-150,0,400,0
183,1786977385.0078,1786977385.012,0.03339,42.2857,-30.1099,52.2198,58.7253,-12.6154,6.0847,42.5274,-32.7037,52.9566,57.5827,-12.3642,13.7350,42.5274,-32.7037,52.9566,57.5827,-12.3642,13.7350,150,0,300,-200,0,500,0
184,1786977385.0412,1786977385.0456,0.03344,42.2857,-30.1099,52.3956,58.1978,-12.6154,7.8042,42.9261,-32.6043,53.2170,57.7789,-12.1983,17.7723,42.9261,-32.6043,53.2170,57.7789,-12.1983,17.7723,0,0,100,-150,0,750,0
185,1786977385.0746,1786977385.079,0.03339,41.9341,-30.6374,52.9231,58.1978,-12.6154,9.9206,42.8986,-33.5280,53.2754,57.6741,-13.3170,21.1404,42.8986,-33.5280,53.2754,57.6741,-13.3170,20.1190,-100,-200,150,0,0,1000,0
186,1786977385.108,1786977385.1129,0.03341,42.0220,-30.8132,53.3626,58.1978,-12.4396,12.2354,43.0222,-33.0258,53.7734,58.0967,-13.1009,24.9784,43.0222,-33.0258,53.7734,58.0967,-13.1009,22.6323,0,-50,150,0,0,900,0
187,1786977385.1414,1786977385.1459,0.03337,42.6374,-31.0769,53.4505,58.1978,-12.9670,14.9471,43.5922,-32.5609,55.1690,58.5068,-13.3724,28.3747,43.5922,-32.5609,55.1690,58.5068,-13.3724,25.3439,250,-150,0,0,-100,1300,0
188,1786977385.1748,1786977385.1796,0.03343,42.7253,-31.2527,53.7143,58.1978,-13.0549,17.6587,43.7870,-33.0717,54.9228,58.8817,-13.6040,30.0756,43.7870,-33.0717,54.9228,58.8817,-13.6040,27.9894,0,-50,100,0,-50,1200,0
189,1786977385.2082,1786977385.213,0.0334,42.6374,-31.2527,54.4176,58.1978,-13.0549,20.3704,43.6290,-33.6458,56.0071,59.3056,-13.6552,31.6444,43.6290,-33.6458,56.0071,59.3056,-13.6552,30.7011,-50,0,200,0,0,1200,0
190,1786977385.2416,1786977385.2462,0.03337,42.9011,-31.2527,54.9451,58.5495,-12.9670,22.9497,43.8928,-32.6123,56.4757,59.2984,-14.3722,32.2340,43.8928,-32.6123,56.4757,59.2984,-14.3722,32.2340,100,0,200,100,0,1200,0
191,1786977385.275,1786977385.2794,0.03339,43.5165,-31.3407,55.2088,58.6374,-13.4945,25.6614,44.0174,-32.8606,55.9650,59.0663,-13.8551,32.4007,44.0174,-32.8606,55.9650,59.0663,-13.8551,32.4007,100,0,150,100,-150,1250,0
192,1786977385.3084,1786977385.3124,0.0334,43.4286,-31.5165,55.9121,58.9011,-13.7582,28.0423,44.3020,-32.9668,55.8845,59.7052,-14.0604,32.3485,44.3020,-32.9668,55.8845,59.7052,-14.0604,32.3485,50,-50,300,150,-50,1200,0
193,1786977385.3418,1786977385.3462,0.03336,43.0769,-31.3407,56.0879,58.9890,-13.4945,29.5635,43.5500,-31.7373,56.3408,59.1757,-13.8492,32.1949,43.5500,-31.7373,56.3408,59.1757,-13.8492,32.1949,-200,100,50,50,150,700,0
194,1786977385.3751,1786977385.3796,0.03337,43.3407,-31.4286,56.0879,59.0769,-13.6703,30.4233,43.8165,-31.9539,56.5014,58.1958,-14.3364,31.9665,43.8165,-31.9539,56.5014,58.1958,-14.3364,31.9665,150,0,0,0,-100,350,0
195,1786977385.4085,1786977385.413,0.03337,43.7802,-31.4286,56.0879,59.0769,-14.0220,30.8862,43.7435,-32.0057,56.7282,58.8950,-14.2138,31.8530,43.7435,-32.0057,56.7282,58.8950,-14.2138,31.8530,200,0,0,0,-200,250,0
196,1786977385.4419,1786977385.4461,0.03339,43.6923,-31.2527,56.5275,58.7253,-14.0220,31.1508,42.8111,-32.2681,57.6269,58.2499,-13.9914,31.3827,42.8111,-32.2681,57.6269,58.2499,-13.9914,31.3827,0,50,150,-200,0,150,0
197,1786977385.4753,1786977385.4794,0.03338,43.4286,-31.2527,56.8791,58.9011,-13.7582,31.2169,43.2362,-31.8401,56.7347,56.9767,-14.0937,31.1651,43.2362,-31.8401,56.7347,56.9767,-14.0937,31.1651,-100,0,100,50,50,50,0
198,1786977385.5087,1786977385.5132,0.03346,43.3407,-31.3407,57.3187,58.3736,-14.0220,31.2169,43.2316,-31.1365,56.6155,56.6945,-13.5656,30.8911,43.2316,-31.1365,56.6155,56.6945,-13.5656,30.8911,0,0,100,-200,-200,0,0
199,1786977385.5421,1786977385.5467,0.03333,43.3407,-31.2527,57.4945,57.9341,-13.7582,31.1508,42.7298,-30.5672,57.2915,56.5898,-14.0562,30.6369,42.7298,-30.5672,57.2915,56.5898,-14.0562,30.6369,0,0,50,-150,0,-50,0
200,1786977385.5754,1786977385.7951,0.03337,43.3407,-30.9011,57.4945,57.4066,-13.8462,31.1508,44.9525,-27.3846,54.2585,59.3965,-1.7861,28.7649,44.9525,-27.3846,54.2585,59.3965,-4.0220,28.7649,0,100,0,-200,0,0,1
201,1786977385.7963,1786977385.8015,0.22085,42.9011,-30.4615,57.5824,57.0549,-14.0220,30.8201,45.7201,-27.3355,55.1843,60.3631,-1.7594,28.9388,45.7201,-27.3355,55.1843,60.3631,-4.0220,28.9388,0,0,0,0,0,0,1
202,1786977385.8296,1786977385.835,0.03332,42.9011,-30.4615,57.5824,57.0549,-14.0220,30.8201,45.9588,-27.1110,54.5330,60.1247,-1.4939,28.6270,45.9588,-27.1110,54.5330,60.1247,-4.0220,28.6270,0,0,0,0,0,0,0
203,1786977385.8629,1786977385.8677,0.03333,43.5165,-29.7582,57.3187,57.6703,-13.1429,30.1587,46.2152,-25.6325,53.0228,60.1437,-2.6399,28.5139,46.2152,-25.6325,53.0228,60.1437,-2.8791,28.5139,100,150,-50,350,150,-250,0
204,1786977385.8963,1786977385.901,0.03335,44.5714,-28.2637,56.6154,58.8132,-10.5934,29.3651,46.0718,-25.6240,53.9541,59.7746,-2.3904,28.4264,46.0718,-25.6240,53.9541,59.7746,-2.3904,28.4264,350,500,-200,400,800,-350,0
205,1786977385.9297,1786977385.9343,0.03344,45.4505,-27.0330,56.1758,59.2527,-7.6923,29.1005,46.4834,-24.7952,54.6479,59.9595,-3.1630,28.3802,46.4834,-24.7952,54.6479,59.9595,-3.1630,28.3802,250,400,-150,150,1000,-100,0
206,1786977385.9631,1786977385.9675,0.03336,45.3626,-26.2418,55.8242,59.0769,-5.6703,28.8360,46.8361,-25.6404,54.5953,60.1295,-2.7206,28.1670,46.8361,-25.6404,54.5953,60.1295,-2.7206,28.1670,0,300,-200,-50,850,-150,0
207,1786977385.9965,1786977386.0009,0.03338,45.3626,-25.7143,55.8242,59.4286,-4.8791,28.8360,46.8060,-25.3696,54.6376,59.8987,-3.6894,28.3372,46.8060,-25.3696,54.6376,59.8987,-3.6894,28.3372,0,200,0,-50,300,0,0
208,1786977386.0299,1786977386.0342,0.0334,45.8901,-25.5385,55.8242,59.6923,-4.2637,28.4392,47.4699,-24.4414,54.4342,60.0493,-3.6945,28.2077,47.4699,-24.4414,54.4342,60.0493,-3.6945,28.2077,150,50,0,50,200,-150,0
209,1786977386.0632,1786977386.0677,0.03337,46.5055,-25.4505,55.8242,59.6923,-4.2637,28.3730,47.2865,-25.6649,54.1414,59.7206,-3.9626,28.4791,47.2865,-25.6649,54.1414,59.7206,-3.9626,28.4791,350,0,50,0,0,0,0
210,1786977386.0966,1786977386.1011,0.03338,46.5055,-25.0110,55.7363,59.6044,-4.2637,28.5053,48.2049,-24.9026,54.2355,60.4400,-3.9743,28.5421,48.2049,-24.9026,54.2355,60.4400,-3.9743,28.5421,50,150,0,-50,0,50,0
211,1786977386.13,1786977386.1345,0.03344,46.4176,-24.8352,55.8242,59.6923,-4.2637,28.3730,47.9773,-24.2289,54.6555,59.9361,-4.5198,28.4204,47.9773,-24.2289,54.6555,59.9361,-4.5198,28.4204,-50,50,0,0,0,-50,0
212,1786977386.1634,1786977386.1677,0.03334,47.0330,-24.8352,55.8242,59.9560,-4.1758,28.3730,48.7366,-23.8723,54.6450,61.9700,-4.5743,27.8868,48.7366,-23.8723,54.6450,61.9700,-4.5743,27.8868,250,0,50,100,0,0,0
213,1786977386.1968,1786977386.2011,0.03343,47.6484,-24.3956,55.7363,59.6923,-4.2637,28.4392,49.1845,-23.4471,54.3518,62.0691,-4.9367,26.6660,49.1845,-23.4471,54.3518,62.0691,-4.9367,26.6660,300,100,-50,-100,-50,0,0
214,1786977386.2302,1786977386.2347,0.03341,47.8242,-23.9560,55.7363,60.3077,-4.2637,28.3069,49.4791,-23.1091,54.7091,61.9808,-4.4537,24.4882,49.4791,-23.1091,54.7091,61.9808,-4.4537,24.4882,100,150,0,150,0,-150,0
215,1786977386.2636,1786977386.2681,0.03336,48.0000,-23.6044,55.8242,61.3626,-4.2637,27.4471,49.3068,-23.0552,52.9324,62.3511,-4.9160,21.2377,49.3068,-23.0552,52.9324,62.3511,-4.9160,21.2377,100,100,50,250,0,-300,0
216,1786977386.297,1786977386.3014,0.03341,48.7033,-23.2527,55.8242,61.0989,-4.4396,26.5212,49.9516,-24.2267,53.8673,62.1651,-4.8051,17.7411,49.9516,-24.2267,53.8673,62.1651,-4.8051,17.7411,200,150,0,50,-50,-350,0
217,1786977386.3304,1786977386.335,0.03339,48.8791,-23.0769,55.4725,61.7143,-4.4396,24.6032,49.8380,-23.3194,53.5675,61.9751,-4.9050,14.0568,49.8380,-23.3194,53.5675,61.9751,-4.9050,14.2725,50,0,-100,100,0,-900,0
218,1786977386.3638,1786977386.3685,0.03338,48.8791,-23.0769,55.1209,61.8022,-4.4396,22.2884,50.4900,-22.6239,53.4568,61.3115,-5.0878,10.5684,50.4900,-22.6239,53.4568,61.3115,-5.0878,11.9577,0,0,-150,0,0,-1050,0
219,1786977386.3971,1786977386.4018,0.03337,48.9670,-23.1648,55.0330,61.5385,-4.4396,19.7090,50.9147,-22.3726,53.9135,61.4437,-5.5533,7.5249,50.9147,-22.3726,53.9135,61.4437,-5.5533,9.3783,0,-50,-50,-200,0,-1150,0
220,1786977386.4306,1786977386.4353,0.03347,49.5824,-22.6374,55.0330,61.6264,-4.6154,16.8651,50.8391,-22.6653,53.0894,61.1180,-5.3175,5.3700,50.8391,-22.6653,53.0894,61.1180,-5.3175,6.6005,200,250,0,0,-100,-1250,0
221,1786977386.4639,1786977386.4683,0.03335,50.1978,-22.4615,55.0330,61.5385,-4.9670,14.2857,51.1630,-21.7339,53.1722,60.8648,-5.4643,3.5110,51.1630,-21.7339,53.1722,60.8648,-5.4643,3.9550,200,0,0,-100,-150,-1150,0
222,1786977386.4973,1786977386.5016,0.03337,50.4615,-22.4615,54.8571,61.6264,-4.9670,11.5741,50.5502,-20.6226,52.9031,60.8035,-5.8770,2.0841,50.5502,-20.6226,52.9031,60.8035,-5.8770,2.0841,150,0,-50,50,0,-1200,0
223,1786977386.5307,1786977386.5356,0.03342,50.6374,-22.0220,54.7692,61.4505,-4.9670,8.9286,50.6948,-20.5915,52.6050,60.2740,-5.5546,1.4461,50.6948,-20.5915,52.6050,60.2740,-5.5546,1.4461,50,150,0,0,0,-1200,0
224,1786977386.5641,1786977386.5687,0.03339,50.5495,-21.3187,54.6813,60.9231,-5.3187,6.2169,50.8077,-20.1850,52.9347,60.0792,-5.9478,1.8454,50.8077,-20.1850,52.9347,60.0792,-5.9478,1.8454,0,250,0,-150,-100,-1200,0
225,1786977386.5976,1786977386.602,0.03344,50.4615,-20.8791,54.5055,60.7473,-5.3187,4.3651,50.5133,-20.2739,53.7965,60.3316,-6.0600,2.6214,50.5133,-20.2739,53.7965,60.3316,-6.0600,2.6214,-100,150,-50,-50,0,-900,0
226,1786977386.6309,1786977386.6355,0.03332,50.3736,-20.5275,54.4176,60.6593,-5.4945,3.6376,50.7733,-19.6158,53.4327,59.8614,-5.3921,3.3026,50.7733,-19.6158,53.4327,59.8614,-5.3921,3.3026,0,100,0,0,-100,-300,0
227,1786977386.6643,1786977386.6685,0.03339,50.3736,-20.5275,54.4176,60.5714,-5.6703,3.5053,50.6473,-18.9875,54.1017,60.1047,-6.1436,3.6693,50.6473,-18.9875,54.1017,60.1047,-6.1436,3.6693,0,0,0,-50,-50,-150,0
228,1786977386.6977,1786977386.7021,0.03341,50.3736,-20.1758,54.3297,60.4835,-5.5824,3.5053,50.5518,-19.9330,53.9683,59.7290,-5.8336,3.7974,50.5518,-19.9330,53.9683,59.7290,-5.8336,3.7974,0,50,-50,-50,0,0,0
229,1786977386.7311,1786977386.7355,0.03344,50.3736,-19.8242,54.3297,60.3956,-5.7582,3.5053,50.2994,-20.8274,53.9717,59.0953,-5.6064,3.7770,50.2994,-20.8274,53.9717,59.0953,-5.6064,3.7770,0,150,0,-50,-100,0,0
230,1786977386.7645,1786977386.769,0.03338,50.3736,-19.8242,54.2418,60.3956,-5.7582,3.5714,49.6730,-19.7448,54.0145,59.5134,-6.1019,3.5644,49.6730,-19.7448,54.0145,59.5134,-6.1019,3.5644,0,0,0,0,0,50,0
231,1786977386.7978,1786977386.8023,0.03333,50.3736,-20.0000,54.3297,60.0440,-5.7582,3.5714,50.3446,-20.0733,53.3299,59.3055,-5.5906,3.4284,50.3446,-20.0733,53.3299,59.3055,-5.5906,3.4284,0,-100,0,-100,0,0,0
232,1786977386.8312,1786977386.8357,0.03338,50.3736,-19.9121,54.3297,60.0440,-5.8462,3.5714,50.1005,-20.5916,53.3481,59.8884,-6.3095,3.2048,50.1005,-20.5916,53.3481,59.8884,-6.3095,3.2048,0,0,0,-50,-50,0,0
233,1786977386.8646,1786977386.8688,0.03341,50.3736,-19.9121,54.2418,60.0440,-5.7582,3.5714,49.6304,-20.9387,52.5317,59.7791,-6.7296,3.1818,49.6304,-20.9387,52.5317,59.7791,-6.7296,3.1818,0,0,0,0,50,0,0
234,1786977386.8981,1786977386.9026,0.03348,50.3736,-19.9121,54.2418,60.0440,-5.8462,3.5714,48.6814,-22.5476,51.9441,60.6726,-7.5106,2.6907,48.6814,-22.5476,51.9441,60.6726,-7.5106,2.6907,0,0,0,0,-50,0,0
235,1786977386.9314,1786977386.936,0.03335,50.1978,-19.9121,54.0659,60.0440,-6.2857,3.5053,47.8462,-23.9634,50.0568,62.3689,-8.6090,2.3870,47.8462,-23.9634,50.0568,62.3689,-8.6090,2.3870,-50,0,-50,0,-100,0,0
236,1786977386.9648,1786977386.9693,0.0334,49.5824,-20.1758,53.7143,60.0440,-6.9890,3.1085,46.2596,-25.3481,48.9227,64.9629,-10.8017,1.9026,46.2596,-25.3481,48.9227,64.9629,-10.8017,1.9026,-200,-100,-100,0,-300,-150,0
237,1786977386.9982,1786977387.0027,0.03337,48.7912,-21.0549,53.0110,61.1868,-7.6044,2.8439,44.3890,-25.7515,44.8352,67.5036,-12.7210,1.5723,44.3890,-25.7515,44.8352,67.5036,-12.7210,1.5723,-300,-300,-200,500,-200,-150,0
238,1786977387.0316,1786977387.0358,0.03337,47.8242,-22.1099,51.8681,62.5934,-8.9231,2.5132,42.6845,-28.1021,41.6706,70.4236,-15.9809,1.4382,42.6845,-28.1021,41.6923,70.4236,-15.9809,1.4382,-300,-350,-450,500,-400,-150,0
239,1786977387.065,1786977387.0697,0.03342,46.5934,-22.9011,50.3736,64.3516,-10.5934,2.3148,40.0011,-29.8094,38.4843,72.3270,-18.8651,0.9036,40.0011,-29.8094,40.1099,72.3270,-18.8651,0.9036,-400,-250,-500,500,-550,-100,0
240,1786977387.0984,1786977387.1028,0.03338,44.9231,-23.7802,48.1758,66.9890,-12.2637,2.1825,36.1152,-30.7958,36.0760,73.6884,-24.5123,0.8491,36.1152,-30.7958,37.7363,73.6884,-22.6154,0.8491,-550,-300,-750,750,-550,-100,0
241,1786977387.1318,1786977387.1363,0.03344,43.1648,-25.4505,45.6264,68.8352,-14.9890,1.9180,32.1227,-32.8258,33.7602,73.4157,-30.5925,0.9854,32.9011,-32.8258,35.3626,73.4157,-25.3407,0.9854,-650,-500,-850,600,-850,-100,0
242,1786977387.1652,1786977387.1697,0.03338,40.9670,-27.1209,43.0769,70.6813,-17.7143,1.8519,27.6276,-35.2546,31.2381,73.7873,-36.1216,1.0464,30.7033,-35.2546,32.8132,73.7873,-28.0659,1.0464,-700,-600,-850,600,-900,0,0
243,1786977387.1986,1786977387.2034,0.03338,38.0659,-28.5275,40.7912,71.8242,-20.5275,1.7857,23.1468,-36.2481,29.2663,71.9373,-41.9321,0.8430,27.7143,-36.2481,30.5275,71.9373,-30.8791,0.8430,-1000,-500,-800,350,-950,0,0
244,1786977387.232,1786977387.2367,0.0334,34.9890,-30.1978,38.5934,72.3516,-23.2527,1.7857,18.9150,-36.8035,28.1032,68.5925,-46.5810,1.0206,24.5495,-36.8035,28.3297,68.5925,-33.6044,1.0206,-1050,-600,-750,150,-950,0,0
245,1786977387.2654,1786977387.2698,0.03343,32.2637,-32.0440,36.3077,72.2637,-25.9780,1.7857,13.8590,-39.1882,27.7579,63.2342,-50.1485,1.0344,21.9121,-39.1882,27.7579,63.2342,-36.2418,1.0344,-950,-650,-800,0,-950,0,0
246,1786977387.2988,1786977387.3033,0.03337,29.7143,-33.4505,33.8462,70.9451,-28.7033,1.7857,10.0968,-40.0931,27.3567,57.8180,-54.2751,1.1120,19.4505,-40.0931,27.3567,60.7692,-39.1429,1.1120,-850,-500,-850,-500,-900,0,0
247,1786977387.3322,1786977387.3367,0.03341,26.9890,-34.7692,32.1758,68.5714,-31.6923,1.7857,6.3529,-40.4973,26.8265,51.6977,-56.9253,1.2496,16.6374,-40.4973,26.8265,58.2198,-42.0440,1.2496,-950,-500,-600,-850,-1050,0,0
248,1786977387.3656,1786977387.3712,0.03341,24.1758,-36.2637,31.2967,65.7582,-34.3297,1.7857,1.8003,-40.9637,28.4627,45.7551,-60.0620,1.3464,13.7363,-40.9637,28.4627,55.3187,-44.6813,1.3464,-900,-550,-300,-950,-900,0,0
249,1786977387.399,1786977387.4037,0.03338,21.0989,-37.4066,30.4176,62.9451,-37.1429,1.7857,-0.7573,-41.2641,30.5156,38.7770,-61.4017,1.3011,10.7473,-41.2641,30.5156,52.5055,-47.5824,1.3011,-1050,-400,-300,-950,-950,0,0
250,1786977387.4323,1786977387.6498,0.03337,18.3736,-38.3736,30.1538,60.2198,-39.9560,1.7857,29.6716,-36.8812,23.2290,69.2021,-29.6513,0.6234,21.4286,-36.8812,23.2290,63.5385,-36.9890,0.6234,-900,-300,-100,-950,-950,0,1
251,1786977387.651,1786977387.6571,0.21865,11.4286,-39.4286,31.1209,53.5385,-46.9890,1.7857,32.5722,-37.8530,20.6075,72.1217,-27.4714,0.7742,21.3407,-37.8530,21.1209,63.4505,-37.0769,0.7742,-150,0,0,-50,-100,0,1
252,1786977387.6842,1786977387.6891,0.03322,11.0769,-39.4286,31.1209,53.4505,-47.0769,1.7857,35.6465,-36.4531,19.4304,73.9193,-24.3491,0.4798,21.0769,-36.4531,21.1209,63.4505,-37.0769,0.4798,-150,0,0,-50,0,0,0
253,1786977387.7177,1786977387.7221,0.03345,11.6044,-39.0769,30.6813,54.1538,-46.3736,1.7857,38.3488,-35.4449,18.9875,75.6966,-24.5626,0.5303,21.7802,-35.4449,20.5055,64.4176,-36.1978,0.5303,150,50,-50,200,350,0,0
254,1786977387.7511,1786977387.7558,0.03339,13.7143,-37.7582,28.4835,56.5275,-44.0879,1.6534,41.7642,-34.3817,19.9659,77.1193,-23.5931,0.7678,24.1538,-34.3817,19.9659,66.9670,-33.7363,0.7678,800,450,-650,800,650,-50,0
255,1786977387.7845,1786977387.7889,0.03344,16.6154,-36.3516,26.1978,59.6044,-41.0989,1.6534,44.6131,-35.3321,19.2878,77.6989,-21.4337,0.7836,26.9670,-35.3321,19.2878,69.9560,-30.8352,0.7836,950,450,-800,1050,1000,0,0
256,1786977387.8178,1786977387.8225,0.03333,19.8681,-35.3846,24.5275,62.4176,-38.5495,1.6534,47.0551,-34.2773,20.6844,78.9855,-20.3777,0.7774,30.2198,-34.2773,20.6844,72.8571,-28.1978,0.7774,1150,300,-650,950,850,0,0
257,1786977387.8512,1786977387.8559,0.03336,22.5055,-35.2088,23.4725,65.3187,-35.7363,1.6534,48.6583,-32.4062,20.6282,79.0125,-19.2112,0.7793,32.8571,-32.4062,20.6282,75.6703,-25.2967,0.7793,900,50,-400,900,950,0,0
258,1786977387.8846,1786977387.8893,0.03342,24.7912,-35.1209,23.2088,68.1319,-32.9231,1.6534,50.8312,-32.1074,20.8781,78.9027,-18.6614,0.5293,35.2308,-32.1074,20.8781,78.4835,-22.6593,0.5293,850,0,-50,950,900,0,0
259,1786977387.918,1786977387.9227,0.03337,27.6923,-34.2418,23.1209,70.9451,-30.0220,1.6534,52.2730,-31.1768,22.8195,79.3384,-17.1531,0.4127,38.0440,-31.1768,22.8195,79.3384,-19.6703,0.4127,950,250,-50,1000,950,0,0
260,1786977387.9513,1786977387.956,0.03336,30.3297,-32.9231,22.9451,73.7582,-27.3846,1.6534,53.2951,-30.9580,23.4516,78.8414,-16.6487,0.5738,40.7692,-30.9580,23.4516,78.8414,-17.2088,0.5738,950,400,-100,900,900,0,0
261,1786977387.9848,1786977387.9895,0.03343,33.5824,-31.8681,23.4725,75.9560,-24.6593,1.6534,53.9166,-29.7607,23.5765,76.7473,-14.8385,0.3788,44.0220,-29.7607,23.5765,76.7473,-14.8385,0.3788,1050,350,250,900,950,0,0
262,1786977388.0181,1786977388.0228,0.03335,36.3077,-31.2527,24.0879,76.8352,-21.9341,1.6534,55.9738,-29.7372,24.3422,76.0492,-14.3695,0.1856,46.5714,-29.7372,24.3422,76.0492,-14.3695,0.1856,900,250,100,300,900,0,0
263,1786977388.0515,1786977388.0563,0.0334,38.6813,-30.5495,24.0879,76.7473,-19.3846,1.6534,56.2755,-27.7499,23.7526,74.1409,-13.5603,0.4922,49.0330,-27.7499,23.7526,74.1409,-13.5603,0.4922,800,200,0,-50,900,0,0
264,1786977388.0849,1786977388.0896,0.03339,41.4945,-30.0220,24.1758,76.3077,-17.3626,1.5212,56.8219,-26.5174,25.1847,72.6758,-13.5975,0.1614,51.8462,-26.5174,25.1847,72.6758,-13.5975,0.1614,900,200,0,-150,750,-50,0
265,1786977388.1183,1786977388.123,0.03335,44.3956,-29.1429,24.2637,75.6923,-15.9560,1.5212,58.0937,-25.7199,24.3027,70.3878,-13.9497,0.4471,54.6593,-25.7199,24.3027,70.3878,-13.9497,0.4471,900,400,50,-100,500,0,0
266,1786977388.1517,1786977388.1566,0.03342,47.3846,-27.8242,24.6154,74.1099,-15.5165,1.5212,58.7745,-23.9894,25.7403,68.8464,-13.6392,0.4504,57.6484,-23.9894,25.7403,68.8464,-13.6392,0.4504,1000,450,50,-550,150,0,0
267,1786977388.1851,1786977388.1897,0.03339,49.9341,-26.5934,25.0549,72.8791,-14.9011,1.5212,59.4645,-21.7935,25.2822,66.8067,-15.0720,0.6190,59.4645,-21.7935,25.2822,66.8067,-15.0720,0.6190,850,400,150,-500,300,0,0
268,1786977388.2186,1786977388.2231,0.03348,52.3956,-25.2747,25.1429,71.1209,-14.7253,1.5212,59.5575,-20.5664,24.8115,65.6647,-15.1823,0.2885,59.5575,-20.5664,24.8115,65.6647,-15.1823,0.2885,800,450,0,-550,0,0,0
269,1786977388.2519,1786977388.2564,0.03331,55.1209,-23.7802,25.4066,69.5385,-14.7253,1.5212,60.0195,-18.2300,24.6860,64.6096,-15.1627,0.5618,60.0195,-18.2300,24.6860,64.6096,-15.1627,0.5618,900,450,100,-550,0,0,0
270,1786977388.2853,1786977388.2897,0.03342,57.0549,-22.0220,25.4066,67.8681,-15.1648,1.5212,60.9277,-17.3356,24.7123,64.1807,-14.8405,0.8072,60.9277,-17.3356,24.7123,64.1807,-14.8405,0.8072,600,600,0,-550,-200,0,0
271,1786977388.3187,1786977388.3231,0.03337,58.1978,-20.3516,25.4945,66.8132,-15.0769,1.5212,60.8423,-15.4411,24.8471,64.7138,-16.0643,0.9546,60.8423,-15.4411,24.8471,64.7138,-16.0643,0.9546,450,600,50,-450,50,0,0
272,1786977388.3521,1786977388.3563,0.0334,58.9011,-18.6813,25.4066,65.9341,-15.0769,1.5212,61.1245,-15.4559,24.6271,65.3747,-15.2786,1.6525,61.1245,-15.4559,24.6271,65.3747,-15.2786,1.6525,200,600,0,-350,50,0,0
273,1786977388.3855,1786977388.39,0.03349,59.4286,-17.3626,25.4066,65.7582,-15.4286,1.5212,62.0208,-15.0387,24.8020,64.5215,-15.7379,2.9473,62.0208,-15.0387,24.8020,64.5215,-15.7379,2.9473,150,450,0,-50,-50,0,0
274,1786977388.4189,1786977388.4233,0.03331,59.9560,-16.2198,25.4066,65.8462,-15.4286,1.6534,61.9378,-14.6422,24.2332,63.9892,-15.3852,5.1597,61.9378,-14.6422,24.2332,63.9892,-15.3852,5.1597,200,400,0,100,0,100,0
275,1786977388.4523,1786977388.4565,0.03341,60.6593,-15.2527,25.4066,65.2308,-15.5165,2.1825,61.6937,-14.7803,24.4730,63.6653,-15.3445,7.6218,61.6937,-14.7803,24.4730,63.6653,-15.3445,7.6218,250,350,0,-200,0,150,0
276,1786977388.4857,1786977388.4902,0.03341,61.2747,-14.9011,25.4066,64.7912,-15.5165,3.2407,61.5912,-14.1905,25.1476,63.7173,-15.1333,10.3998,61.5912,-14.1905,25.1476,63.7173,-15.1333,10.3998,200,150,0,-150,0,500,0
277,1786977388.519,1786977388.5233,0.03334,61.3626,-14.9011,25.4066,64.4396,-15.5165,4.6958,61.2654,-14.0120,26.1741,63.5790,-15.0484,12.6050,61.2654,-14.0120,26.1741,63.5790,-15.0484,12.6050,50,0,0,-100,0,750,0
278,1786977388.5524,1786977388.5568,0.03338,61.0989,-14.4615,25.4066,64.2637,-15.5165,6.7460,61.3475,-15.7970,26.3269,63.9748,-14.9081,14.7702,61.3475,-15.7970,26.3269,63.9748,-14.9081,14.7702,-100,150,0,-50,0,850,0
279,1786977388.5858,1786977388.5901,0.03343,60.8352,-14.1099,26.0220,64.1758,-15.5165,8.8624,61.3522,-14.9359,28.2532,62.2751,-15.3844,15.7203,61.3522,-14.9359,28.2532,62.2751,-15.3844,15.7203,-50,150,200,-50,0,950,0
280,1786977388.6192,1786977388.6237,0.03336,60.8352,-13.9341,26.5495,64.1758,-15.3407,10.9788,60.7112,-15.7202,29.2920,60.9671,-14.7289,16.3429,60.7112,-15.7202,29.2920,60.9671,-14.7289,16.3429,0,50,150,0,50,950,0
281,1786977388.6525,1786977388.6571,0.03336,61.1868,-14.0220,27.2527,63.5604,-15.5165,12.7646,60.2501,-15.5455,30.8978,60.7615,-15.6012,16.4999,60.2501,-15.5455,30.8978,60.7615,-15.6012,16.4999,200,-50,150,-150,-100,900,0
282,1786977388.6859,1786977388.6904,0.03337,61.2747,-14.1978,28.4835,62.3297,-15.4286,14.0873,59.8089,-16.3858,31.9891,59.4985,-14.6668,16.4000,59.8089,-16.3858,31.9891,59.4985,-14.6668,16.4000,0,-100,450,-400,0,650,0
283,1786977388.7193,1786977388.7239,0.03343,60.9231,-14.1099,29.7143,61.7143,-15.4286,14.8810,60.2580,-16.2768,34.6896,56.7301,-14.9194,16.5098,60.2580,-16.2768,34.6896,56.7301,-14.9194,16.5098,-100,50,400,-250,0,350,0
284,1786977388.7527,1786977388.7569,0.03334,60.3077,-14.0220,31.2088,61.0110,-14.9890,15.2778,59.7806,-16.1492,34.5230,55.1178,-15.0178,16.5975,59.7806,-16.1492,34.5230,55.1178,-15.0178,16.5975,-200,0,550,-150,250,200,0
285,1786977388.7861,1786977388.7906,0.03342,60.1319,-14.0220,32.3516,59.4286,-14.9890,15.6746,59.2546,-15.7806,36.1771,54.3953,-14.7931,16.4636,59.2546,-15.7806,36.1771,54.3953,-14.7931,16.4636,0,0,350,-600,0,200,0
286,1786977388.8195,1786977388.8237,0.03343,60.1319,-14.1099,33.5824,57.6703,-15.0769,15.8730,59.3456,-17.2176,36.8520,53.3700,-14.9242,16.9542,59.3456,-17.2176,36.8520,53.3700,-14.9242,16.9542,0,-50,400,-550,-50,100,0
287,1786977388.8529,1786977388.8575,0.03339,60.1319,-14.1099,34.7253,56.1758,-15.1648,16.0053,58.6145,-16.5926,37.4904,52.2423,-15.2557,17.1734,58.6145,-16.5926,37.4904,52.2423,-15.2557,17.1734,0,0,400,-500,-100,50,0
288,1786977388.8863,1786977388.8906,0.03336,59.8681,-14.1978,36.1319,55.3846,-14.9890,16.4021,58.4338,-16.4481,37.4033,51.3186,-15.1797,17.4468,58.4338,-16.4481,37.4033,51.3186,-15.1797,17.4468,-50,0,500,-200,0,150,0
289,1786977388.9197,1786977388.9238,0.0334,59.4286,-14.2857,36.9231,54.1538,-15.0769,16.6667,58.1037,-16.3102,39.1692,51.5567,-15.1000,17.6366,58.1037,-16.3102,39.1692,51.5567,-15.1000,17.6366,-150,-50,300,-400,0,150,0
290,1786977388.9531,1786977388.9576,0.03336,58.9011,-14.2857,37.1868,53.0989,-14.9890,16.9312,57.6474,-16.0336,39.3597,51.2616,-14.6427,17.8556,57.6474,-16.0336,39.3597,51.2616,-14.6427,17.8556,-150,0,50,-400,100,100,0
291,1786977388.9865,1786977388.991,0.03343,58.4615,-14.3736,37.8901,52.4835,-15.1648,17.1958,57.6485,-16.6675,39.5994,51.2748,-14.9710,18.1166,57.6485,-16.6675,39.5994,51.2748,-14.9710,18.1166,-150,0,200,-200,-100,100,0
292,1786977389.0198,1786977389.0243,0.03332,58.0220,-14.4615,39.0330,52.3077,-14.9890,17.3942,57.4802,-16.1334,39.6607,51.4182,-15.0458,18.4441,57.4802,-16.1334,39.6607,51.4182,-15.0458,18.4441,-150,-50,400,-50,50,100,0
293,1786977389.0532,1786977389.0577,0.0334,57.9341,-14.2857,39.3846,52.0440,-14.9011,17.6587,57.3086,-17.6093,41.4405,51.3120,-15.4526,18.2585,57.3086,-17.6093,41.4405,51.3120,-15.4526,18.2585,0,50,100,-50,0,150,0
294,1786977389.0866,1786977389.0911,0.03342,58.0220,-14.3736,39.5604,52.0440,-14.9890,17.9233,56.9205,-17.1634,40.5373,51.3629,-14.4568,18.5857,56.9205,-17.1634,40.5373,51.3629,-14.4568,18.5857,0,-50,50,0,-50,150,0
295,1786977389.12,1786977389.1245,0.03336,57.9341,-14.9011,40.2637,51.7802,-15.2527,17.9894,56.6915,-15.2520,42.5038,51.5684,-15.9387,18.7009,56.6915,-15.2520,42.5038,51.5684,-15.9387,18.7009,-50,-150,300,-150,-100,0,0
296,1786977389.1534,1786977389.1579,0.03338,57.4066,-15.1648,41.1429,52.0440,-14.8132,18.1217,56.6257,-16.2122,41.7771,51.4179,-15.1492,18.7424,56.6257,-16.2122,41.7771,51.4179,-15.1492,18.7424,-150,-100,250,0,200,0,0
297,1786977389.1867,1786977389.1913,0.03338,56.8791,-14.6374,41.2308,51.7802,-15.0769,18.3201,56.3863,-17.1900,41.2059,51.0057,-15.5207,18.6523,56.3863,-17.1900,41.2059,51.0057,-15.5207,18.6523,-250,200,0,0,100,100,0
298,1786977389.2201,1786977389.2245,0.03337,56.8791,-14.6374,41.9341,51.7802,-15.6044,18.4524,55.8623,-17.8537,40.3253,51.2024,-16.0986,18.7139,55.8623,-17.8537,40.3253,51.2024,-16.0986,18.7139,0,50,250,50,-200,100,0
299,1786977389.2535,1786977389.258,0.03342,56.8791,-14.8132,42.0220,51.7802,-15.5165,18.3862,56.0364,-16.9821,41.1118,50.1885,-16.3904,18.9057,56.0364,-16.9821,41.1118,50.1885,-16.3904,18.9057,-50,-100,0,100,-100,0,0
300,1786977389.2869,1786977389.5084,0.03341,56.7912,-15.0769,41.9341,51.6044,-15.7802,18.3862,46.3748,-15.2059,44.7325,52.8053,-1.9894,18.6975,46.3748,-15.2059,44.7325,52.8053,-5.9560,18.6975,0,-100,-50,-50,-100,0,1
301,1786977389.5096,1786977389.5145,0.22268,56.1758,-15.1648,41.8462,50.5495,-15.9560,18.5847,46.9546,-16.7690,43.8385,53.3948,-2.4657,18.7094,46.9546,-16.7690,43.8385,53.3948,-5.8681,18.7094,-50,0,0,0,50,0,1
302,1786977389.5429,1786977389.5473,0.03323,56.0879,-15.1648,41.8462,50.5495,-15.9560,18.5847,47.7502,-16.6714,44.2773,53.6918,-2.4990,18.6599,47.7502,-16.6714,44.2773,53.6918,-5.9560,18.6599,0,0,0,0,50,0,0
303,1786977389.5762,1786977389.5807,0.03339,55.6484,-15.1648,42.4615,50.9011,-15.4286,18.5847,48.6130,-17.6148,43.7921,53.6729,-2.8315,18.9988,48.6130,-17.6148,43.7921,53.6729,-5.1648,18.9988,-200,0,200,150,200,-50,0
304,1786977389.6096,1786977389.614,0.0334,53.5385,-15.1648,43.6044,52.4835,-12.8791,18.6508,50.3942,-16.8994,44.1686,53.1378,-3.0230,18.6888,50.3942,-16.8994,44.1686,53.1378,-3.0230,18.6888,-600,0,350,450,1000,0,0
305,1786977389.643,1786977389.6472,0.03338,50.9011,-15.0769,43.8681,52.7473,-9.6264,18.5847,50.3378,-17.9692,43.5395,53.5759,-3.2319,18.6017,50.3378,-17.9692,43.5395,53.5759,-3.2319,18.6017,-900,50,150,100,1200,-50,0
306,1786977389.6765,1786977389.6807,0.03346,49.9341,-15.1648,43.8681,52.4835,-7.1648,18.5847,51.7875,-17.8136,44.0344,53.1256,-2.7954,18.6812,51.7875,-17.8136,44.0344,53.1256,-2.7954,18.6812,-250,-150,0,-150,850,-50,0
307,1786977389.7098,1786977389.7139,0.03334,50.1099,-15.6923,43.8681,53.0110,-5.6703,18.5847,52.3603,-17.6294,44.2383,52.9110,-2.8955,18.6013,52.3603,-17.6294,44.2383,52.9110,-2.8955,18.6013,50,-150,0,200,450,0,0
308,1786977389.7432,1786977389.7473,0.03339,50.9011,-15.8681,44.1319,53.0110,-5.0549,18.5847,52.5563,-18.1968,43.6293,52.6682,-3.1909,18.6780,52.5563,-18.1968,43.6293,52.6682,-3.1909,18.6780,250,-50,50,0,300,0,0
309,1786977389.7766,1786977389.7807,0.0334,51.7802,-15.8681,44.4835,53.0110,-4.4396,18.5847,52.8719,-18.2585,44.7361,53.1617,-3.6621,18.5107,52.8719,-18.2585,44.7361,53.1617,-3.6621,18.5107,250,0,200,0,250,0,0
310,1786977389.81,1786977389.8146,0.0334,52.0440,-15.8681,44.4835,53.0110,-4.1758,18.5847,53.1565,-17.2456,44.6045,52.7329,-3.7786,18.5930,53.1565,-17.2456,44.6045,52.7329,-3.7786,18.5930,50,0,0,0,50,0,0
311,1786977389.8434,1786977389.8478,0.03338,52.0440,-15.8681,44.6593,52.9231,-4.2637,18.5847,53.2356,-17.4251,45.5870,52.4655,-2.8348,18.5705,53.2356,-17.4251,45.5870,52.4655,-2.8348,18.5705,0,0,0,-50,0,0,0
312,1786977389.8768,1786977389.8812,0.03337,52.1319,-15.8681,44.9231,53.0110,-4.0000,18.5847,53.6267,-17.8973,45.9708,52.0097,-2.6131,18.5485,53.6267,-17.8973,45.9708,52.0097,-2.6131,18.5485,50,50,50,0,50,0,0
313,1786977389.9102,1786977389.9147,0.0334,52.6593,-15.8681,45.2747,52.9231,-3.8242,18.5847,53.9747,-17.5667,45.4167,52.0604,-3.8243,18.6396,53.9747,-17.5667,45.4167,52.0604,-3.8243,18.6396,200,0,200,-50,50,0,0
314,1786977389.9436,1786977389.9481,0.03339,53.1868,-15.8681,45.8022,52.7473,-3.3846,18.5847,53.7693,-17.2711,45.2320,51.5936,-2.7009,18.5211,53.7693,-17.2711,45.2320,51.5936,-2.7009,18.5211,200,0,250,-50,200,0,0
315,1786977389.9769,1786977389.9811,0.03339,53.3626,-15.8681,45.8022,52.4835,-3.4725,18.5847,54.1121,-17.2525,45.9475,52.6052,-2.9658,18.4314,54.1121,-17.2525,45.9475,52.6052,-2.9658,18.4314,100,0,0,-100,-50,0,0
316,1786977390.0104,1786977390.0146,0.03343,53.0989,-15.8681,45.8022,52.2198,-3.3846,18.6508,54.5217,-16.3460,45.3586,52.1408,-3.4945,18.5989,54.5217,-16.3460,45.3586,52.1408,-3.4945,18.5989,-150,0,0,-100,0,0,0
317,1786977390.0437,1786977390.0478,0.03335,53.0989,-15.9560,45.8901,52.0440,-3.3846,18.6508,54.6818,-16.2588,43.9227,52.6638,-2.7191,18.4157,54.6818,-16.2588,43.9227,52.6638,-2.7191,18.4157,0,-50,0,-100,0,0,0
318,1786977390.0771,1786977390.0814,0.03343,53.6264,-15.6923,46.0659,52.3077,-3.2967,18.5185,54.9690,-14.8160,44.7097,53.3531,-3.1569,18.6141,54.9690,-14.8160,44.7097,53.3531,-3.1569,18.6141,150,100,50,50,0,-50,0
319,1786977390.1105,1786977390.1147,0.03339,54.3297,-15.6044,45.9780,52.3956,-3.2088,18.5847,54.8543,-14.6675,44.8176,53.8502,-3.1981,18.7936,54.8543,-14.6675,44.8176,53.8502,-3.1981,18.7936,200,0,-50,0,50,-50,0
320,1786977390.1439,1786977390.1481,0.03337,54.5055,-15.4286,45.8022,52.7473,-3.3846,18.5847,54.5551,-13.7274,43.9062,54.4064,-4.0000,19.1752,54.5551,-13.7274,43.9062,54.4064,-4.0000,19.1752,150,0,-50,150,-100,0,0
321,1786977390.1773,1786977390.182,0.03338,54.2418,-14.9011,45.8022,53.0110,-3.3846,18.7169,54.6688,-12.5354,44.2675,54.8845,-3.3695,19.2237,54.6688,-12.5354,44.2675,54.8845,-3.3695,19.2237,-50,200,0,50,0,0,0
322,1786977390.2107,1786977390.2152,0.03339,54.0659,-14.0220,45.8022,53.8022,-3.3846,18.8492,53.7175,-11.8145,43.7696,56.4831,-3.8646,19.9083,53.7175,-11.8145,43.7696,56.4831,-3.8646,19.9083,0,300,0,300,0,100,0
323,1786977390.2441,1786977390.2486,0.03341,54.0659,-13.1429,45.8022,54.1538,-3.4725,18.8492,53.9189,-10.0102,43.2113,57.8624,-3.7166,20.1106,53.9189,-10.0102,43.2113,57.8624,-3.7166,20.1106,0,300,0,200,0,0,0
324,1786977390.2775,1786977390.2818,0.03337,54.2418,-12.1758,45.4505,54.8571,-3.6484,19.1799,54.2475,-8.1445,42.1491,58.9304,-3.8386,20.4546,54.2475,-8.1445,42.1491,58.9304,-3.8386,20.4546,100,300,-100,250,-50,150,0
325,1786977390.3109,1786977390.315,0.03342,54.2418,-11.3846,44.9231,56.0000,-3.5604,19.6429,54.0878,-7.3460,42.1920,59.2618,-3.5574,20.6411,54.0878,-7.3460,42.1920,59.2618,-3.5574,20.6411,0,250,-150,300,-50,150,0
326,1786977390.3443,1786977390.3483,0.03339,54.0659,-9.9780,44.0440,57.2308,-3.4725,19.9074,54.5022,-7.1899,41.4739,59.6924,-3.2569,20.7974,54.5022,-7.1899,41.4739,59.6924,-3.2569,20.7974,0,450,-200,600,-50,100,0
327,1786977390.3776,1786977390.3818,0.03336,53.9780,-8.9231,43.3407,58.1099,-3.3846,20.1058,54.5771,-6.0571,41.7605,60.1876,-3.1669,20.6761,54.5771,-6.0571,41.7605,60.1876,-3.1669,20.6761,-50,400,-250,300,50,50,0
328,1786977390.411,1786977390.4152,0.0334,53.9780,-8.3077,42.7253,58.5495,-3.5604,20.3042,54.4596,-4.9873,41.6235,59.9824,-3.4472,20.6535,54.4596,-4.9873,41.6235,59.9824,-3.4472,20.6535,0,150,-250,150,-100,100,0
329,1786977390.4445,1786977390.4487,0.03345,54.0659,-7.6044,42.2857,58.9890,-3.5604,20.3042,54.7162,-4.9682,41.2424,60.5975,-3.6814,20.6808,54.7162,-4.9682,41.2424,60.5975,-3.6814,20.6808,0,200,-150,150,0,0,0
330,1786977390.4778,1786977390.4819,0.03333,54.0659,-6.9011,41.9341,59.4286,-3.5604,20.3042,54.1563,-5.4750,41.1135,61.1770,-2.7046,20.7250,54.1563,-5.4750,41.1135,61.1770,-2.7046,20.7250,0,250,-150,150,0,0,0
331,1786977390.5112,1786977390.5156,0.03341,54.0659,-6.3736,41.7582,59.6923,-3.5604,20.3704,54.4030,-4.9548,40.7341,60.7876,-2.5468,20.8064,54.4030,-4.9548,40.7341,60.7876,-2.5468,20.8064,0,150,-50,50,0,50,0
332,1786977390.5446,1786977390.5489,0.0334,54.0659,-6.1978,41.4945,60.1319,-3.3846,20.3704,54.6422,-6.2760,39.8527,61.2298,-2.6649,20.7746,54.6422,-6.2760,39.8527,61.2298,-2.6649,20.7746,0,50,-100,100,100,0,0
333,1786977390.578,1786977390.5822,0.03339,54.0659,-5.9341,41.4066,60.2198,-3.1209,20.4365,54.2197,-5.3915,40.1967,62.0981,-3.2736,20.0845,54.2197,-5.3915,40.1967,62.0981,-3.2736,20.0845,0,50,-50,0,150,0,0
334,1786977390.6115,1786977390.6159,0.03346,54.0659,-5.8462,40.8791,60.4835,-3.0330,20.4365,54.2751,-6.8875,40.4719,61.4491,-3.0424,18.0969,54.2751,-6.8875,40.4719,61.4491,-3.0424,18.0969,0,50,-200,100,0,0,0
335,1786977390.6448,1786977390.649,0.03336,54.0659,-5.6703,40.5275,60.9231,-3.1209,20.3042,53.7956,-7.0243,40.7734,61.2745,-3.8260,14.6453,53.7956,-7.0243,40.7734,61.2745,-3.8260,14.6453,0,50,-100,150,0,-100,0
336,1786977390.6782,1786977390.6823,0.03335,54.1538,-5.5824,40.3516,60.8352,-3.1209,19.5106,53.9283,-6.7497,40.8910,61.7978,-2.9261,10.9756,53.9283,-6.7497,40.8910,61.7978,-2.9261,10.9756,50,50,-50,0,0,-300,0
337,1786977390.7116,1786977390.7168,0.03342,54.1538,-5.9341,40.3516,60.8352,-3.2967,17.9233,53.9494,-5.6864,40.2277,62.0769,-1.5424,5.8002,53.9494,-5.6864,40.2277,62.0769,-1.5424,7.6587,0,-100,0,0,-50,-700,0
338,1786977390.745,1786977390.7499,0.03342,54.2418,-6.1099,40.5275,60.9231,-3.1209,15.6746,54.5253,-5.9075,40.3599,61.7962,-1.8405,5.0924,54.5253,-5.9075,40.3599,61.7962,-1.8405,5.3439,50,-50,100,50,100,-1050,0
339,1786977390.7784,1786977390.7827,0.03335,54.2418,-6.0220,40.4396,61.1868,-2.5055,13.0291,54.2529,-5.7595,39.4388,60.3467,-2.1867,3.4045,54.2529,-5.7595,39.4388,60.3467,-2.1867,3.4045,0,0,0,100,250,-1150,0
340,1786977390.8117,1786977390.8161,0.03337,54.2418,-5.9341,40.2637,61.1868,-2.3297,10.7143,54.4418,-6.8437,39.8479,60.9453,-2.5311,3.4165,54.4418,-6.8437,39.8479,60.9453,-2.5311,3.4165,0,0,-50,0,0,-1000,0
341,1786977390.8451,1786977390.8493,0.0334,54.2418,-5.9341,40.2637,60.9231,-2.4176,8.9947,54.1919,-6.6191,38.2031,60.8141,-2.1668,2.5925,54.1919,-6.6191,38.2031,60.8141,-2.1668,2.5925,0,0,0,-150,0,-650,0
342,1786977390.8785,1786977390.8826,0.03338,54.2418,-6.0220,40.1758,60.7473,-2.4176,8.5979,54.2730,-6.1056,38.4964,61.1820,-2.6484,1.5043,54.2730,-6.1056,38.4964,61.1820,-2.6484,1.5043,0,0,-50,-100,0,-300,0
343,1786977390.9119,1786977390.9162,0.0334,54.2418,-6.0220,39.6484,60.7473,-2.3297,8.5317,53.9788,-6.4311,37.6062,61.5531,-2.5440,0.6380,53.9788,-6.4311,37.6062,61.5531,-2.5440,0.6380,0,0,-200,0,50,0,0
344,1786977390.9453,1786977390.9496,0.03342,54.2418,-6.0220,39.2967,60.8352,-2.3297,8.2011,53.8395,-7.5284,37.5080,61.2362,-2.9731,-0.2691,53.8395,-7.5284,37.5080,61.2362,-2.9731,-0.2691,0,0,-100,50,0,-150,0
345,1786977390.9787,1786977390.9828,0.03335,54.2418,-6.0220,39.1209,61.0110,-2.3297,7.9365,53.6513,-6.4171,36.8664,61.6387,-2.7031,-0.1099,53.6513,-6.4171,36.8664,61.6387,-2.7031,-0.1099,0,0,0,0,0,-150,0
346,1786977391.0121,1786977391.017,0.03343,54.2418,-6.0220,38.7692,61.0110,-2.5055,7.9365,53.4425,-6.3569,37.6590,62.6273,-3.6177,1.0982,53.4425,-6.3569,37.6590,62.6273,-3.6177,1.0982,0,0,-100,0,-50,0,0
347,1786977391.0455,1786977391.05,0.03338,54.1538,-5.8462,38.5934,61.1868,-2.5055,7.9365,53.7611,-6.5568,36.4386,62.6562,-4.2176,1.4604,53.7611,-6.5568,36.4386,62.6562,-4.2176,1.4604,-50,50,-100,50,0,0,0
348,1786977391.0789,1786977391.0834,0.03336,54.0659,-5.7582,38.5055,61.6264,-2.9451,7.9365,53.2159,-7.1067,35.9204,63.8401,-5.6374,1.7458,53.2159,-7.1067,35.9204,63.8401,-5.6374,1.7458,-50,0,-50,100,-100,0,0
349,1786977391.1122,1786977391.1169,0.03338,54.0659,-5.7582,38.2418,62.0659,-3.4725,7.9365,52.8256,-7.0904,34.9349,64.8525,-7.2776,2.0963,52.8256,-7.0904,34.9349,64.8525,-7.2776,2.0963,0,0,-100,150,-200,0,0
350,1786977391.1456,1786977391.3616,0.03338,53.8022,-5.6703,37.7143,62.5934,-4.2637,7.9365,45.4353,-4.1394,36.7516,62.8447,-6.8988,3.0420,45.4353,-4.1394,36.7516,62.8447,-6.8988,3.0420,-100,0,-150,200,-300,0,1
351,1786977391.3628,1786977391.3676,0.21713,53.2747,-5.6703,36.8352,64.6154,-6.9011,7.9365,44.3999,-5.7565,36.0476,64.7364,-7.8010,2.5595,44.3999,-5.7565,36.0476,64.7364,-7.8010,2.5595,0,0,0,0,0,0,1
352,1786977391.3961,1786977391.4007,0.0333,53.2747,-5.6703,36.8352,64.5275,-6.9011,7.9365,42.2401,-7.1336,36.4376,67.4152,-10.0515,2.5554,43.1868,-7.1336,36.4376,67.4152,-10.0515,2.5554,0,0,0,0,0,0,0
353,1786977391.4295,1786977391.4342,0.03342,52.3956,-5.4945,36.8352,64.4396,-7.1648,7.9365,40.0152,-7.4349,34.7324,70.6187,-12.4336,1.8826,42.2198,-7.4349,34.7324,70.6187,-12.4336,1.8826,-200,0,0,0,-100,0,0
354,1786977391.4628,1786977391.4676,0.03335,50.1978,-5.3187,36.8352,64.9670,-8.2198,7.9365,37.1379,-10.2411,30.8849,74.4199,-15.7513,1.6886,39.8462,-10.2411,30.8849,74.4199,-15.7513,1.6886,-800,50,0,200,-400,0,0
355,1786977391.4962,1786977391.5009,0.03339,47.2967,-5.3187,36.5714,67.0769,-9.8901,7.9365,34.3405,-13.0453,30.5498,77.7651,-18.3198,1.5211,36.8571,-13.0453,30.5498,77.5165,-18.3198,1.5211,-1000,0,-50,550,-550,0,0
356,1786977391.5296,1786977391.5344,0.03338,44.0440,-5.5824,35.3407,69.8022,-11.7363,7.9365,30.3011,-15.5247,25.2066,80.1246,-24.2147,1.3619,33.7802,-15.5247,25.2066,80.1246,-22.1758,1.3619,-1150,0,-350,950,-600,0,0
357,1786977391.563,1786977391.5676,0.03339,41.4945,-6.9011,34.1099,72.2637,-14.3736,7.9365,27.4756,-17.9554,24.2118,82.0711,-27.8493,1.4065,31.1429,-17.2527,24.2118,82.0711,-24.7253,1.4065,-900,-400,-450,750,-850,0,0
358,1786977391.5965,1786977391.6009,0.03351,39.1209,-9.2747,32.7912,75.1648,-17.0989,7.9365,22.4401,-21.0955,20.5352,80.8983,-32.9543,1.4543,28.8571,-19.6264,22.6154,80.8983,-27.4505,1.4543,-800,-800,-350,1000,-1000,0,0
359,1786977391.6298,1786977391.6347,0.0333,36.3077,-11.4725,30.5934,77.8901,-19.8242,7.9365,18.9947,-24.6418,20.0851,79.9997,-38.4880,1.4556,26.0440,-21.6484,20.2418,79.9997,-30.1758,1.4556,-900,-700,-750,1100,-950,0,0
360,1786977391.6632,1786977391.6679,0.03338,33.4945,-13.4945,28.1319,78.9451,-22.6374,7.9365,15.4391,-28.0790,19.3597,78.3118,-41.7398,1.5791,23.0549,-23.8462,19.3597,78.3118,-32.9890,1.5791,-1000,-700,-850,350,-950,0,0
361,1786977391.6966,1786977391.7012,0.03342,30.5055,-15.6923,25.8462,78.9451,-25.1868,7.9365,11.7278,-29.8199,18.3835,74.1463,-46.0454,1.7082,20.1538,-26.0440,18.3835,74.1463,-35.5385,1.7082,-1000,-700,-750,0,-900,0,0
362,1786977391.73,1786977391.7343,0.0334,27.8681,-17.9780,24.0000,78.5055,-28.0000,7.9365,7.7416,-33.6032,19.5250,69.1494,-49.0755,1.9295,17.6044,-28.3297,19.5250,69.1494,-38.4396,1.9295,-900,-800,-700,-50,-950,0,0
363,1786977391.7633,1786977391.7677,0.03335,25.4066,-20.2637,22.6813,77.4505,-30.8132,7.9365,3.4760,-35.0238,21.6852,61.9984,-53.7648,1.7469,14.9670,-30.5275,21.6852,67.1868,-41.0769,1.7469,-850,-750,-450,-300,-900,0,0
364,1786977391.7967,1786977391.8011,0.03341,22.5934,-22.5495,22.2418,74.9011,-33.6264,7.9365,0.3054,-38.2649,22.7034,53.7767,-56.6907,1.7361,12.2418,-32.9011,22.7034,64.4615,-44.0659,1.7361,-950,-750,-100,-950,-950,0,0
365,1786977391.8301,1786977391.8345,0.03338,19.7802,-24.9231,22.5934,71.9121,-36.3516,7.9365,-2.1345,-40.3922,27.0351,44.4308,-58.7016,1.7871,9.3407,-35.1868,27.0351,61.5604,-46.6154,1.7871,-950,-800,50,-1000,-900,0,0
366,1786977391.8635,1786977391.8678,0.0334,16.7912,-27.2967,23.2967,69.1868,-39.0769,7.9365,-4.4386,-40.6444,30.4665,33.7905,-60.8301,1.6066,6.4396,-37.5604,30.4665,58.9231,-49.5165,1.6066,-1000,-800,300,-900,-950,0,0
367,1786977391.8969,1786977391.9012,0.03337,14.1538,-29.4945,24.0000,66.5495,-41.8901,7.9365,-5.6699,-42.3732,35.8850,24.1002,-61.9347,1.6815,3.8901,-39.7582,34.1758,56.1099,-52.2418,1.6815,-950,-700,300,-950,-950,0,0
368,1786977391.9303,1786977391.9346,0.03341,11.5165,-32.0440,26.1099,63.7363,-44.7033,7.9365,-7.4689,-43.3796,39.0225,15.0438,-62.9086,1.4677,1.1648,-42.3077,36.4615,53.4725,-55.0549,1.4677,-900,-850,600,-950,-900,0,0
369,1786977391.9637,1786977391.968,0.03341,8.7033,-34.6813,29.0989,61.0110,-47.4286,7.9365,-7.5469,-42.0789,43.3822,6.5071,-62.9854,1.6695,-1.6484,-42.0789,39.4505,50.6593,-57.6923,1.6695,-950,-950,1050,-950,-900,0,0
370,1786977391.9971,1786977392.0015,0.0334,5.8901,-36.8791,32.3516,58.3736,-50.2418,7.9365,-8.5303,-42.8188,46.8352,-0.2927,-62.6388,1.5986,-4.5495,-42.8188,42.7912,48.0220,-60.5934,1.5986,-950,-800,1050,-850,-950,0,0
371,1786977392.0305,1786977392.0348,0.03339,2.9890,-38.2857,35.3407,55.7363,-52.9670,7.9365,-8.2846,-41.6397,49.7392,-5.6992,-62.8282,1.5755,-7.3626,-41.6397,45.7802,45.4725,-62.8282,1.5755,-900,-450,1050,-900,-900,0,0
372,1786977392.0638,1786977392.0682,0.03336,0.1758,-39.3407,38.3297,53.0110,-55.7802,7.9365,-8.4623,-40.7647,53.1235,-9.8936,-62.4747,1.6872,-8.4623,-40.7647,48.7692,42.6593,-62.4747,1.6872,-950,-300,1000,-950,-950,0,0
373,1786977392.0973,1786977392.1016,0.03341,-2.3736,-39.6044,41.4066,50.3736,-58.4176,7.9365,-7.9777,-40.4549,54.3149,-11.1014,-61.5692,1.7225,-7.9777,-40.4549,51.8462,40.0220,-61.5692,1.7225,-900,-150,1050,-850,-950,0,0
374,1786977392.1306,1786977392.1349,0.03338,-4.9231,-39.6044,44.4835,47.7363,-60.0000,7.9365,-7.7139,-40.1698,54.8743,-11.9721,-61.8460,1.8553,-7.7139,-40.1698,54.8743,37.3846,-61.8460,1.8553,-850,0,1050,-900,-600,0,0
375,1786977392.164,1786977392.1683,0.03338,-6.1538,-39.5165,47.7363,44.9231,-60.1758,7.9365,-7.0095,-38.4834,54.5040,-11.8920,-61.5466,1.9469,-7.0095,-38.4834,54.5040,34.6593,-61.5466,1.9469,-600,50,1100,-950,-50,0,0
376,1786977392.1974,1786977392.2018,0.03342,-6.5055,-39.5165,50.8132,42.3736,-60.6154,7.9365,-6.7671,-38.1679,54.6084,-11.8409,-62.0155,1.8291,-6.7671,-38.1679,54.6084,32.0220,-62.0155,1.8291,-100,0,1050,-900,-150,0,0
377,1786977392.2308,1786977392.2352,0.0334,-6.1538,-39.1648,52.9231,39.7363,-60.8791,7.9365,-6.2340,-38.1547,54.6043,-10.9335,-61.9976,1.9009,-6.2340,-38.1547,54.6043,29.4725,-61.9976,1.9009,200,100,850,-900,-150,0,0
378,1786977392.2642,1786977392.2686,0.03338,-6.1538,-38.2857,53.8022,37.0989,-61.3187,7.9365,-5.7414,-35.5035,54.3700,-10.7087,-61.8366,1.8669,-5.7414,-35.5035,54.3700,26.8352,-61.8366,1.8669,0,300,300,-900,-150,0,0
379,1786977392.2976,1786977392.302,0.03335,-6.1538,-38.1978,54.3297,34.6374,-61.4066,7.9365,-5.8616,-35.4559,54.3767,-10.5202,-61.8388,1.8311,-5.8616,-35.4559,54.3767,24.1978,-61.8388,1.8311,0,50,100,-850,0,0,0
380,1786977392.331,1786977392.3353,0.03345,-6.3297,-37.7582,54.1538,31.9121,-61.4945,7.9365,-5.5896,-33.8292,52.5575,-9.5116,-61.9169,1.8357,-5.5896,-33.8292,52.5575,21.5604,-61.9169,1.8357,-50,100,50,-900,0,0,0
381,1786977392.3644,1786977392.3688,0.03343,-6.3297,-36.6154,54.1538,29.0989,-61.5824,7.9365,-4.9694,-34.4920,52.8628,-10.0187,-62.1820,2.1144,-4.9694,-34.4920,52.8628,18.7473,-62.1820,2.1144,0,350,0,-1000,0,0,0
382,1786977392.3978,1786977392.402,0.03333,-6.3297,-35.3846,54.1538,26.5495,-61.5824,7.9365,-4.7150,-33.7550,53.9767,-10.3760,-62.0763,2.0355,-4.7150,-33.7550,53.9767,16.1978,-62.0763,2.0355,0,400,0,-900,0,0,0
383,1786977392.4312,1786977392.4355,0.03343,-5.9780,-34.5934,54.2418,24.0000,-61.5824,7.9365,-4.5310,-32.4554,52.9116,-10.7989,-61.9077,2.0464,-4.5310,-32.4554,52.9116,13.6484,-61.9077,2.0464,200,350,50,-850,0,0,0
384,1786977392.4646,1786977392.4689,0.03336,-5.3626,-34.4176,54.5055,21.2747,-61.7582,7.9365,-4.7413,-32.0888,54.0318,-10.6006,-62.3852,1.9557,-4.7413,-32.0888,54.0318,10.9231,-62.3852,1.9557,150,50,150,-900,-50,0,0
385,1786977392.498,1786977392.5022,0.0334,-4.9231,-33.5385,54.4176,18.5495,-61.7582,7.9365,-4.5301,-31.3736,53.5856,-11.6789,-62.7346,2.0269,-4.5301,-31.3736,53.5856,8.1099,-62.7346,2.0269,150,350,-50,-900,0,0,0
386,1786977392.5314,1786977392.5357,0.03339,-4.9231,-32.6593,54.5055,15.9121,-62.1099,7.9365,-4.5187,-30.6220,54.2317,-12.2771,-62.5820,2.2882,-4.5187,-30.6220,54.2317,5.5604,-62.5820,2.2882,0,350,-50,-900,-150,0,0
387,1786977392.5647,1786977392.569,0.03337,-5.0110,-31.7802,54.7692,13.2747,-62.1978,7.9365,-4.8392,-31.5050,53.7272,-12.8814,-62.0569,2.1410,-4.8392,-31.5050,53.7272,3.0110,-62.0569,2.1410,-50,300,150,-850,0,0,0
388,1786977392.5981,1786977392.6024,0.03339,-5.0110,-31.0769,54.7692,10.6374,-62.1978,7.9365,-5.0813,-29.2170,53.7645,-13.9368,-62.1955,2.1934,-5.0813,-29.2170,53.7645,0.2857,-62.1955,2.1934,0,200,0,-900,0,0,0
389,1786977392.6315,1786977392.6358,0.0334,-5.0110,-30.9890,54.7692,8.0879,-62.1978,7.9365,-5.4240,-29.3080,55.1771,-15.0460,-63.0328,1.9822,-5.4240,-29.3080,55.1771,-2.2637,-63.0328,1.9822,0,50,0,-900,0,0,0
390,1786977392.6649,1786977392.6693,0.03339,-4.9231,-30.6374,54.6813,5.2747,-62.1978,7.9365,-5.5490,-28.5308,55.2501,-16.0329,-63.8326,2.1461,-5.5490,-28.5308,55.2501,-4.9890,-63.8326,2.1461,50,50,0,-900,0,0,0
391,1786977392.6983,1786977392.7026,0.0334,-4.9231,-29.8462,54.9451,2.6374,-62.5495,7.9365,-5.5627,-28.9074,56.1067,-17.5502,-63.7561,2.1091,-5.5627,-28.9074,56.1067,-7.8022,-63.7561,2.1091,0,300,100,-950,-150,0,0
392,1786977392.7317,1786977392.736,0.03343,-5.0989,-29.1429,55.4725,0.0879,-63.0769,7.9365,-6.0376,-28.2042,56.9235,-18.3819,-63.7038,2.2321,-6.0376,-28.2042,56.9235,-10.2637,-63.7038,2.2321,-50,200,200,-850,-200,0,0
393,1786977392.7651,1786977392.7694,0.03337,-5.1868,-28.8791,56.1758,-2.5495,-63.2527,7.9365,-6.5084,-26.9304,56.3416,-18.0015,-63.4901,2.2698,-6.5084,-26.9304,56.3416,-12.9011,-63.4901,2.2698,-50,150,150,-850,-50,0,0
394,1786977392.7985,1786977392.8027,0.03337,-5.2747,-28.5275,56.8791,-5.1868,-63.3407,7.9365,-6.4377,-27.5835,57.7522,-18.5556,-63.7838,2.3284,-6.4377,-27.5835,57.7522,-15.5385,-63.7838,2.3284,0,100,250,-900,0,0,0
395,1786977392.8319,1786977392.8362,0.03341,-5.7143,-27.7363,56.8791,-7.9121,-63.4286,7.9365,-6.1994,-26.5924,57.2940,-18.4464,-64.7588,2.4961,-6.1994,-26.5924,57.2940,-18.2637,-64.7588,2.4961,-100,200,0,-900,-100,0,0
396,1786977392.8652,1786977392.8695,0.03337,-6.1538,-27.3846,57.4945,-10.6374,-63.3407,7.9365,-6.4812,-26.4454,56.8938,-19.9807,-64.1306,2.2292,-6.4812,-26.4454,56.8938,-19.9807,-64.1306,2.2292,-200,150,150,-900,0,0,0
397,1786977392.8986,1786977392.9028,0.03338,-6.2418,-27.1209,57.9341,-13.0989,-63.9560,7.9365,-6.9285,-25.2092,57.0152,-20.2459,-64.4419,2.0612,-6.9285,-25.2092,57.0152,-20.2459,-64.4419,2.0612,0,100,150,-850,-200,0,0
398,1786977392.932,1786977392.9361,0.0334,-6.1538,-26.5934,57.7582,-15.5604,-64.0440,7.9365,-7.6390,-24.9420,56.9818,-20.4367,-64.4187,2.2499,-7.6390,-24.9420,56.9818,-20.4367,-64.4187,2.2499,0,150,-50,-850,-100,0,0
399,1786977392.9654,1786977392.9696,0.03341,-5.9780,-26.0659,57.7582,-17.1429,-64.0440,7.9365,-6.8773,-25.9762,56.6945,-21.0471,-64.9821,2.2768,-6.8773,-25.9762,56.6945,-21.0471,-64.9821,2.2768,0,150,0,-450,0,0,0
400,1786977392.9988,1786977393.2189,0.03339,-6.4176,-25.3626,57.7582,-18.0220,-64.1319,7.9365,-5.5822,-26.0595,55.8391,-12.2623,-63.8060,2.5063,-5.5822,-26.0595,55.8391,-12.2623,-63.8060,2.5063,-150,200,0,-350,0,0,1
401,1786977393.2201,1786977393.2256,0.22127,-6.5934,-25.2747,57.8462,-20.0440,-64.7473,7.9365,-4.7911,-25.5708,56.0477,-11.5906,-63.4971,2.5617,-4.7911,-25.5708,56.0477,-11.5906,-63.4971,2.5617,0,0,0,0,50,0,1
402,1786977393.2536,1786977393.2589,0.03348,-6.5934,-25.3626,57.8462,-20.0440,-64.7473,7.9365,-4.3184,-25.2132,55.8939,-11.7109,-64.1164,2.4469,-4.3184,-25.2132,55.8939,-11.7109,-64.1164,2.4469,-50,0,0,0,0,0,0
403,1786977393.2869,1786977393.2917,0.03328,-6.4176,-25.3626,57.8462,-19.4286,-64.5714,7.9365,-4.4265,-25.3596,56.3715,-12.0280,-64.0454,2.4082,-4.4265,-25.3596,56.3715,-12.0280,-64.0454,2.4082,0,0,0,250,50,0,0
404,1786977393.3201,1786977393.3247,0.03329,-5.6264,-25.0989,57.8462,-17.2308,-64.2198,7.9365,-3.9957,-25.2513,55.9481,-11.6697,-63.8871,2.2869,-3.9957,-25.2513,55.9481,-11.6697,-63.8871,2.2869,250,100,0,600,100,0,0
405,1786977393.3535,1786977393.358,0.03339,-4.9231,-25.0110,57.8462,-14.8571,-64.4835,7.9365,-3.8292,-24.3430,55.9178,-12.0629,-64.5727,2.2168,-3.8292,-24.3430,55.9178,-12.0629,-64.5727,2.2168,300,0,0,850,-50,0,0
406,1786977393.387,1786977393.3915,0.03342,-4.4835,-25.0110,57.8462,-13.5385,-64.3956,7.9365,-3.5635,-24.2481,55.6666,-12.3710,-64.6205,2.3274,-3.5635,-24.2481,55.6666,-12.3710,-64.6205,2.3274,150,0,0,400,50,0,0
407,1786977393.4203,1786977393.4245,0.03338,-4.3956,-24.5714,57.8462,-13.2747,-64.3956,7.9365,-3.5927,-23.3585,55.6898,-12.6895,-64.6583,2.2216,-3.5927,-23.3585,55.6898,-12.6895,-64.6583,2.2216,50,100,0,150,50,0,0
408,1786977393.4537,1786977393.4582,0.03338,-4.3956,-24.3077,57.7582,-13.0989,-64.3956,7.9365,-3.2695,-23.8384,55.5062,-13.1106,-64.5099,2.4265,-3.2695,-23.8384,55.5062,-13.1106,-64.5099,2.4265,0,100,-50,100,0,0,0
409,1786977393.4871,1786977393.4916,0.03337,-4.2198,-23.7802,57.7582,-13.0110,-64.3956,7.9365,-3.4915,-23.2775,55.7637,-13.0490,-64.2420,2.4355,-3.4915,-23.2775,55.7637,-13.0490,-64.2420,2.4355,50,200,-50,50,0,0,0
410,1786977393.5205,1786977393.525,0.0334,-3.8681,-23.6923,57.6703,-13.0110,-64.4835,7.9365,-3.3262,-22.9701,55.8744,-13.4886,-64.0124,2.4636,-3.3262,-22.9701,55.8744,-13.4886,-64.0124,2.4636,100,100,0,0,-50,0,0
411,1786977393.5539,1786977393.558,0.0334,-3.6044,-23.3407,57.6703,-13.0110,-64.4835,7.9365,-3.3491,-22.7644,55.2944,-13.5499,-64.2683,2.4395,-3.3491,-22.7644,55.2944,-13.5499,-64.2683,2.4395,150,50,0,0,0,0,0
412,1786977393.5873,1786977393.5917,0.03338,-3.5165,-23.0769,57.6703,-13.0989,-64.4835,7.9365,-3.4318,-22.6311,55.6587,-13.7958,-64.2942,2.5548,-3.4318,-22.6311,55.6587,-13.7958,-64.2942,2.5548,50,100,0,-50,0,0,0
413,1786977393.6207,1786977393.6251,0.03339,-3.5165,-22.7253,57.6703,-13.0989,-64.3956,7.9365,-3.1731,-22.5401,55.9590,-13.7233,-64.0045,2.6285,-3.1731,-22.5401,55.9590,-13.7233,-64.0045,2.6285,0,100,0,0,0,0,0
414,1786977393.6541,1786977393.6586,0.03341,-3.5165,-22.6374,57.6703,-13.0989,-64.3077,7.9365,-3.3438,-22.2902,56.1712,-13.8289,-64.1594,2.6075,-3.3438,-22.2902,56.1712,-13.8289,-64.1594,2.6075,0,50,0,0,0,0,0
415,1786977393.6874,1786977393.6926,0.03337,-3.5165,-22.5495,57.6703,-13.0989,-64.3077,7.9365,-3.5179,-22.6763,56.4541,-13.8410,-64.6826,2.7207,-3.5179,-22.6763,56.4541,-13.8410,-64.6826,2.7207,0,50,0,0,0,0,0
416,1786977393.7208,1786977393.7252,0.03341,-3.5165,-22.4615,57.6703,-13.0989,-64.4835,7.9365,-3.5490,-22.3531,55.9285,-14.1015,-64.3933,2.6976,-3.5490,-22.3531,55.9285,-14.1015,-64.3933,2.6976,0,0,0,0,-50,0,0
417,1786977393.7542,1786977393.7588,0.03337,-3.5165,-22.3736,57.6703,-13.0989,-64.3956,7.9365,-3.4076,-22.3618,56.3171,-13.9935,-64.0696,2.8906,-3.4076,-22.3618,56.3171,-13.9935,-64.0696,2.8906,0,50,0,0,0,0,0
418,1786977393.7876,1786977393.792,0.03336,-3.5165,-22.1099,57.6703,-13.0989,-64.3077,7.9365,-3.6230,-22.5640,56.3552,-14.6093,-64.2426,2.8652,-3.6230,-22.5640,56.3552,-14.6093,-64.2426,2.8652,0,100,0,0,50,0,0
419,1786977393.821,1786977393.8256,0.03346,-3.5165,-22.0220,57.6703,-13.0989,-64.3077,7.9365,-3.8625,-22.5050,56.2110,-14.9904,-64.6290,2.9832,-3.8625,-22.5050,56.2110,-14.9904,-64.6290,2.9832,0,50,0,0,0,0,0
420,1786977393.8544,1786977393.8586,0.03335,-3.5165,-22.0220,57.6703,-13.3626,-64.3077,7.9365,-3.7486,-21.8854,56.1587,-15.3624,-64.4650,3.1069,-3.7486,-21.8854,56.1587,-15.3624,-64.4650,3.1069,0,0,0,-50,0,0,0
421,1786977393.8878,1786977393.8925,0.03343,-3.5165,-22.0220,57.6703,-13.8022,-64.3077,7.9365,-3.8373,-22.5853,56.1977,-15.6246,-63.9438,3.1510,-3.8373,-22.5853,56.1977,-15.6246,-63.9438,3.1510,0,0,0,-100,0,0,0
422,1786977393.9212,1786977393.9258,0.03338,-3.5165,-21.8462,57.5824,-14.1538,-64.3077,7.9365,-3.6316,-22.3508,56.2894,-15.9489,-64.1843,3.2290,-3.6316,-22.3508,56.2894,-15.9489,-64.1843,3.2290,0,50,0,-100,0,0,0
423,1786977393.9545,1786977393.959,0.03332,-3.5165,-21.8462,57.5824,-14.5055,-64.3077,7.9365,-3.7808,-22.3653,56.5313,-15.8715,-64.2886,3.4432,-3.7808,-22.3653,56.5313,-15.8715,-64.2886,3.4432,0,0,0,-100,0,0,0
424,1786977393.988,1786977393.9925,0.03345,-3.5165,-21.7582,57.5824,-14.6813,-64.3077,7.9365,-3.8768,-22.8191,56.6764,-16.3064,-64.2765,4.1855,-3.8768,-22.8191,56.6764,-16.3064,-64.2765,4.1855,0,50,0,-100,0,0,0
425,1786977394.0214,1786977394.0256,0.03342,-3.5165,-21.7582,57.5824,-14.8571,-64.3956,7.9365,-3.8191,-22.9477,57.2725,-16.3696,-64.4334,5.4608,-3.8191,-22.9477,57.2725,-16.3696,-64.4334,5.4608,0,0,0,-100,-50,0,0
426,1786977394.0548,1786977394.0596,0.03339,-3.5165,-21.7582,57.5824,-15.2088,-64.3956,7.9365,-3.7536,-23.5125,57.0282,-16.4244,-64.1701,7.3494,-3.7536,-23.5125,57.0282,-16.4244,-64.1701,7.3494,0,0,0,-100,0,0,0
427,1786977394.0882,1786977394.0926,0.03337,-3.5165,-21.7582,57.7582,-15.3846,-64.3956,7.9365,-3.8616,-23.6820,57.2694,-16.4241,-64.2977,9.5594,-3.8616,-23.6820,57.2694,-16.4241,-64.2977,9.5594,0,0,100,-50,0,0,0
428,1786977394.1215,1786977394.1262,0.03339,-3.5165,-21.7582,57.7582,-15.3846,-64.3956,8.3995,-3.8206,-23.8600,57.4246,-16.6622,-63.8566,12.1869,-3.8206,-23.8600,57.4246,-16.6622,-63.8566,12.1869,0,0,0,0,0,150,0
429,1786977394.1549,1786977394.1595,0.03341,-3.5165,-21.7582,57.8462,-15.4725,-64.3956,9.1270,-4.0080,-23.8022,57.6572,-16.3092,-63.9646,14.6254,-4.0080,-23.8022,57.6572,-16.3092,-63.9646,14.6254,0,0,50,-50,0,300,0
430,1786977394.1883,1786977394.1925,0.03338,-3.5165,-21.7582,57.8462,-15.6484,-64.3956,10.1852,-3.7744,-24.1052,58.1771,-16.2320,-64.3683,16.9690,-3.7744,-24.1052,58.1771,-16.2320,-64.3683,16.9690,0,0,0,-100,0,500,0
431,1786977394.2217,1786977394.2266,0.03339,-3.5165,-21.7582,57.8462,-15.6484,-64.3077,11.5079,-3.9607,-24.2959,58.2744,-16.1983,-64.1432,18.9571,-3.9607,-24.2959,58.2744,-16.1983,-64.1432,18.9571,0,0,0,0,0,550,0
432,1786977394.2551,1786977394.2595,0.03337,-3.5165,-21.9341,58.1978,-15.6484,-64.3077,13.4921,-3.8754,-24.1564,58.3714,-15.8700,-64.1649,20.3360,-3.8754,-24.1564,58.3714,-15.8700,-64.1649,20.3360,0,-100,100,0,0,850,0
433,1786977394.2886,1786977394.293,0.03348,-3.5165,-21.9341,58.3736,-15.6484,-64.3077,15.4762,-4.0619,-24.4817,58.3810,-15.5991,-64.0536,21.5136,-4.0619,-24.4817,58.3810,-15.5991,-64.0536,21.5136,0,0,50,0,0,950,0
434,1786977394.3219,1786977394.3263,0.03329,-3.6044,-21.9341,58.5495,-15.6484,-64.3077,17.3280,-4.1414,-24.4869,58.6146,-15.3298,-64.4957,22.0796,-4.1414,-24.4869,58.6146,-15.3298,-64.4957,22.0796,0,0,100,0,0,850,0
435,1786977394.3552,1786977394.3593,0.03338,-3.6044,-21.9341,58.6374,-15.6484,-64.3077,18.9153,-4.2578,-24.4763,58.8516,-14.8240,-63.9530,22.2582,-4.2578,-24.4763,58.8516,-14.8240,-63.9530,22.2582,0,0,50,0,0,750,0
436,1786977394.3887,1786977394.3936,0.03344,-3.6044,-21.9341,58.8132,-15.6484,-64.3077,20.1058,-4.4572,-24.7069,58.7644,-14.7716,-63.9626,22.2143,-4.4572,-24.7069,58.7644,-14.7716,-63.9626,22.2143,0,0,50,0,0,500,0
437,1786977394.422,1786977394.4265,0.03338,-3.6044,-21.9341,58.9890,-15.2088,-64.3077,20.7672,-4.4989,-25.4393,58.4819,-14.5050,-64.1168,21.9154,-4.4989,-25.4393,58.4819,-14.5050,-64.1168,21.9154,0,0,50,100,0,350,0
438,1786977394.4554,1786977394.4596,0.03337,-3.6923,-21.9341,59.0769,-15.1209,-64.3077,21.1640,-4.8125,-25.2066,59.2737,-14.3633,-63.9418,21.7907,-4.8125,-25.2066,59.2737,-14.3633,-63.9418,21.7907,-50,0,0,0,0,200,0
439,1786977394.4888,1786977394.4935,0.03343,-3.9560,-22.1099,59.0769,-14.8571,-64.3077,21.2302,-4.7504,-25.1496,59.3793,-14.7448,-64.3555,21.5966,-4.7504,-25.1496,59.3793,-14.7448,-64.3555,21.5966,-50,-50,0,100,0,0,0
440,1786977394.5222,1786977394.5267,0.03337,-4.2198,-22.2857,59.2527,-14.6813,-64.3077,21.3624,-4.6343,-25.5589,59.5922,-14.1208,-64.0290,21.5044,-4.6343,-25.5589,59.5922,-14.1208,-64.0290,21.5044,-100,-50,100,50,0,50,0
441,1786977394.5556,1786977394.56,0.03338,-4.3956,-22.5495,59.7802,-14.6813,-64.3077,21.3624,-4.9276,-25.5863,59.8871,-14.1570,-64.1523,21.4288,-4.9276,-25.5863,59.8871,-14.1570,-64.1523,21.4288,-50,-100,200,0,0,0,0
442,1786977394.589,1786977394.5937,0.03338,-4.3956,-22.6374,59.7802,-14.4176,-64.3077,21.3624,-4.7004,-25.7140,60.4832,-14.0280,-64.3588,21.5783,-4.7004,-25.7140,60.4832,-14.0280,-64.3588,21.5783,0,0,0,50,0,0,0
443,1786977394.6224,1786977394.6269,0.0334,-4.3956,-22.8132,59.9560,-14.4176,-64.3077,21.3624,-4.9122,-27.0208,59.7639,-14.1324,-64.8626,21.3598,-4.9122,-27.0208,59.7639,-14.1324,-64.8626,21.3598,0,-50,50,0,0,0,0
444,1786977394.6558,1786977394.6606,0.03339,-4.4835,-23.1648,60.3077,-14.2418,-64.3956,21.3624,-5.0601,-27.2731,61.3901,-14.1439,-64.0629,21.3460,-5.0601,-27.2731,61.3901,-14.1439,-64.0629,21.3460,-50,-100,150,100,-50,0,0
445,1786977394.6892,1786977394.6937,0.03339,-4.5714,-23.6923,60.3956,-14.2418,-64.3956,21.3624,-5.2723,-27.7727,61.4157,-14.4189,-64.9545,21.1992,-5.2723,-27.7727,61.4157,-14.4189,-64.9545,21.1992,0,-200,0,0,0,0,0
446,1786977394.7225,1786977394.7267,0.03335,-4.5714,-24.3956,60.6593,-14.2418,-64.3956,21.3624,-5.7840,-28.7494,61.8186,-14.7184,-64.6130,21.0360,-5.7840,-28.7494,61.8186,-14.7184,-64.6130,21.0360,0,-250,150,0,0,0,0
447,1786977394.7559,1786977394.7605,0.0334,-4.5714,-25.1868,61.3626,-14.2418,-64.4835,21.3624,-5.9542,-30.5032,63.0786,-15.0770,-65.1545,20.9366,-5.9542,-30.5032,63.0786,-15.0770,-65.1545,20.9366,0,-250,250,0,-50,0,0
448,1786977394.7893,1786977394.7938,0.03338,-4.9231,-25.7143,61.8901,-14.2418,-64.4835,21.3624,-6.4505,-32.6212,63.9692,-15.4180,-65.0913,20.6368,-6.4505,-32.6212,63.9692,-15.4180,-65.0913,20.6368,-150,-150,150,0,0,0,0
449,1786977394.8227,1786977394.8272,0.03338,-5.2747,-26.7692,62.6813,-14.2418,-64.6593,21.2963,-6.9250,-34.8495,64.4672,-15.5380,-65.4129,20.0599,-6.9250,-34.8495,64.4672,-15.5380,-65.4129,20.0599,-100,-300,300,0,-50,-50,0
450,1786977394.856,1786977395.0718,0.03337,-5.7143,-28.4396,63.7363,-14.4176,-64.7473,20.9656,-6.3318,-33.5008,64.0737,-5.9014,-63.7519,21.6953,-6.3318,-33.5008,64.0737,-5.9014,-63.7519,21.6953,-150,-550,350,-100,-50,-150,1
451,1786977395.0729,1786977395.0775,0.21689,-6.5055,-32.5714,64.5275,-14.5055,-65.1868,20.3042,-6.3338,-35.9466,66.6088,-6.9999,-64.0658,22.1369,-6.3338,-35.9466,66.6088,-6.9999,-64.0658,22.1369,50,0,0,0,0,0,1
452,1786977395.1062,1786977395.1105,0.03328,-6.5055,-32.5714,64.5275,-14.5055,-65.1868,20.2381,-6.8689,-38.5261,67.6425,-7.2388,-63.3607,22.2010,-6.8689,-38.5261,67.6425,-7.2388,-63.3607,22.2010,0,0,0,0,0,0,0
453,1786977395.1396,1786977395.1437,0.03337,-6.5055,-32.9231,64.9670,-13.8022,-64.8352,20.6349,-7.2846,-40.1517,67.6192,-7.1336,-62.9877,22.3173,-7.2846,-40.1517,67.6192,-7.1336,-62.9877,22.3173,0,0,250,150,50,300,0
454,1786977395.1729,1786977395.1771,0.03337,-6.5934,-34.6813,66.6374,-11.7802,-64.3077,21.3624,-8.0717,-42.1940,69.1743,-6.7251,-62.8963,21.9417,-8.0717,-42.1940,69.1743,-6.7251,-62.8963,21.9417,0,-550,500,750,200,400,0
455,1786977395.2064,1786977395.2106,0.03341,-6.8571,-36.1758,67.3407,-9.5824,-63.8681,21.6270,-9.2291,-43.5361,69.7161,-6.2888,-63.2762,21.9103,-9.2291,-43.5361,69.7161,-6.2888,-63.2762,21.9103,-100,-450,250,650,100,100,0
456,1786977395.2397,1786977395.2438,0.03337,-7.2967,-37.7582,68.3956,-8.4396,-63.6923,21.6270,-10.0871,-47.5606,69.8409,-5.5738,-63.1146,21.4439,-10.0871,-47.5606,69.8409,-5.5738,-63.1146,21.4439,-150,-600,400,450,100,0,0
457,1786977395.2731,1786977395.2773,0.03337,-8.0000,-39.6923,69.2747,-7.5604,-63.6923,21.6270,-11.3086,-50.6573,70.3690,-3.2515,-63.6554,20.2967,-11.3086,-49.8681,70.3690,-3.2515,-63.6554,20.2967,-250,-700,400,300,0,0,0
458,1786977395.3065,1786977395.3108,0.0334,-8.9670,-41.4505,69.8022,-6.6813,-63.6923,21.5608,-11.9504,-53.9477,70.6258,-0.0779,-64.2775,18.3863,-11.9504,-51.7143,70.6258,-0.0779,-64.2775,18.3863,-300,-550,150,300,0,0,0
459,1786977395.3398,1786977395.3441,0.03335,-9.8462,-44.0000,70.5055,-5.4505,-63.6923,21.0317,-12.8656,-57.8945,69.8188,4.2998,-64.9434,15.6716,-12.8656,-54.2637,69.8188,4.2998,-64.9434,15.6716,-300,-900,250,350,0,-300,0
460,1786977395.3733,1786977395.3776,0.03342,-10.7253,-46.6374,70.5934,-3.3407,-63.8681,20.0397,-12.7612,-62.2762,69.8320,10.1466,-65.4076,12.4091,-12.7612,-56.9011,69.8320,6.9231,-65.4076,12.4091,-300,-900,100,700,-50,-350,0
461,1786977395.4066,1786977395.4109,0.03337,-11.7802,-49.0989,70.5934,-0.6154,-64.1319,18.3201,-12.9507,-65.8582,68.8625,17.8154,-66.1160,8.6183,-12.9507,-59.4505,68.8625,9.6484,-66.1160,8.6183,-350,-850,0,950,-100,-750,0
462,1786977395.44,1786977395.4443,0.03338,-12.2198,-51.5604,70.6813,2.2857,-64.6593,16.2037,-13.3309,-69.7081,68.2451,25.1304,-66.4304,4.2557,-13.3309,-61.9121,68.2451,12.6374,-66.4304,5.9392,-150,-800,50,1000,-200,-950,0
463,1786977395.4734,1786977395.4777,0.03337,-12.3956,-54.0220,70.6813,5.1868,-65.2747,13.7566,-13.1040,-73.2071,67.6326,32.5169,-67.2951,0.8240,-13.1040,-64.3736,67.6326,15.4505,-67.2951,3.4259,-100,-800,0,1000,-200,-1000,0
464,1786977395.5068,1786977395.5117,0.03337,-12.3956,-56.6593,70.6813,8.0000,-65.8901,11.3095,-13.5527,-76.2487,68.2137,39.6385,-68.9578,-0.4323,-13.5527,-67.0110,68.2137,18.3516,-68.9578,0.8466,50,-850,0,950,-250,-1100,0
465,1786977395.5402,1786977395.5445,0.03339,-12.6593,-59.2088,70.4176,10.8132,-66.3297,8.2672,-12.9721,-81.0579,69.6212,45.2365,-69.2523,-0.4237,-12.9721,-69.4725,69.6212,21.2527,-69.2523,-0.4237,-100,-900,-50,1000,-150,-1400,0
466,1786977395.5735,1786977395.5778,0.03336,-13.1868,-61.7582,70.4176,13.7143,-67.2088,5.6217,-12.6082,-84.4540,71.4440,48.7240,-70.2679,0.2705,-12.6082,-72.1099,71.4440,24.0659,-70.2679,0.2705,-200,-850,-50,950,-350,-1300,0
467,1786977395.6069,1786977395.6111,0.03338,-13.1868,-64.3956,70.4176,16.5275,-68.0879,3.5714,-12.1789,-87.3018,72.3894,52.1679,-70.8678,0.7557,-12.1789,-74.7473,72.3894,26.8791,-70.8678,0.7557,-50,-900,0,950,-250,-1000,0
468,1786977395.6404,1786977395.6447,0.03347,-12.8352,-67.1209,71.2967,19.3407,-68.8791,2.5132,-11.8401,-92.6081,75.0285,54.1079,-71.5254,0.5835,-11.8401,-77.4725,75.0285,29.8681,-71.5254,0.5835,150,-900,300,1000,-250,-450,0
469,1786977395.6737,1786977395.678,0.03331,-12.5714,-69.7582,72.3516,22.3297,-69.6703,2.1164,-11.4032,-95.4164,78.8842,55.8445,-72.1816,0.4697,-11.4032,-80.1099,78.8842,32.6813,-72.1816,0.4697,150,-900,400,1000,-250,-150,0
470,1786977395.707,1786977395.7113,0.03337,-12.3956,-72.3077,73.3187,25.1429,-70.3736,1.6534,-10.2453,-98.0396,80.6750,57.0150,-73.6456,0.5614,-10.2453,-82.7473,80.6750,35.4945,-73.6456,0.5614,0,-850,300,1000,-200,-200,0
471,1786977395.7404,1786977395.7447,0.0334,-12.3077,-75.4725,75.5165,27.9560,-71.1648,1.5212,-9.7788,-99.0386,83.8903,58.4888,-75.3227,0.4084,-9.7788,-85.8242,83.8903,38.3956,-75.3227,0.4084,50,-1000,750,950,-300,-50,0
472,1786977395.7739,1786977395.7787,0.03343,-11.6044,-78.1978,78.0659,30.8571,-72.0440,1.4550,-9.3655,-99.5024,85.6789,60.4060,-77.1229,0.4778,-9.3655,-88.4615,85.6789,41.2088,-77.1229,0.4778,150,-850,800,1000,-250,-50,0
473,1786977395.8072,1786977395.8116,0.03332,-10.5495,-80.4835,80.6154,33.6703,-73.5385,1.4550,-9.0854,-99.8708,87.7417,61.5130,-79.6444,0.4736,-9.0854,-90.8352,87.7417,44.0220,-79.6444,0.4736,300,-700,800,900,-500,0,0
474,1786977395.8406,1786977395.8449,0.03342,-10.0220,-83.2967,83.2527,36.5714,-75.1209,1.3889,-8.8978,-100.3002,89.1549,62.9288,-81.8337,0.4322,-8.8978,-93.6484,89.1549,47.0110,-81.8337,0.4322,200,-950,900,1000,-600,0,0
475,1786977395.874,1786977395.8782,0.03336,-9.9341,-86.1099,85.4505,39.4725,-76.6154,1.3889,-9.1032,-99.3983,89.7737,64.5479,-83.8670,0.4671,-9.1032,-96.3736,89.7737,49.7363,-83.8670,0.4671,0,-900,750,950,-450,0,0
476,1786977395.9073,1786977395.9117,0.03337,-9.9341,-88.7473,87.4725,42.2857,-78.8132,1.3889,-8.4355,-100.0730,90.8168,66.9113,-84.6063,0.4511,-8.4355,-99.0989,90.8168,52.6374,-84.6063,0.4511,-50,-950,700,950,-700,0,0
477,1786977395.9407,1786977395.945,0.03338,-9.4066,-91.3846,88.9670,45.0989,-80.9231,1.3889,-8.1293,-99.8046,90.7636,68.4617,-84.8615,0.5180,-8.1293,-99.8046,90.7636,55.4505,-84.8615,0.5180,200,-850,450,950,-700,0,0
478,1786977395.9741,1786977395.9784,0.03338,-8.8791,-94.1978,89.9341,48.0000,-82.4176,1.3889,-8.1388,-101.5788,91.9892,68.3765,-84.5237,0.5820,-8.1388,-101.5788,91.9892,58.3516,-84.5237,0.5820,150,-950,300,950,-550,0,0
479,1786977396.0075,1786977396.0117,0.03339,-8.7033,-96.7473,90.5495,50.9011,-83.0330,1.3889,-7.6284,-101.1206,93.2607,70.1261,-84.0029,0.5912,-7.6284,-101.1206,93.2607,61.1648,-84.0029,0.5912,50,-1000,250,1000,-200,0,0
480,1786977396.0409,1786977396.0452,0.03342,-8.5275,-98.4176,91.3407,53.5385,-83.4725,1.3889,-7.6028,-101.2413,94.2871,71.1777,-85.2372,0.5664,-7.6028,-101.2413,94.2871,63.8901,-85.2372,0.5664,100,-550,250,950,-100,0,0
481,1786977396.0742,1786977396.0785,0.03335,-8.4396,-99.6484,92.6593,56.5275,-83.4725,1.3889,-7.6339,-101.9896,95.8406,71.3438,-84.1460,0.6466,-7.6339,-101.9896,95.8406,66.8791,-84.1460,0.6466,0,-350,450,1000,0,0,0
482,1786977396.1076,1786977396.112,0.03338,-8.1758,-100.0000,93.7143,59.2527,-84.1758,1.3889,-7.4305,-100.9498,95.6069,71.9649,-84.2012,0.7015,-7.4305,-100.9498,95.6069,69.6044,-84.2012,0.7015,100,-100,400,950,-250,0,0
483,1786977396.141,1786977396.1452,0.03337,-8.0879,-100.3516,94.8571,62.1538,-84.3516,1.3889,-7.6861,-101.6389,96.6128,71.8885,-84.8195,0.4541,-7.6861,-101.6389,96.6128,71.8885,-84.8195,0.4541,50,-100,400,1000,0,0,0
484,1786977396.1744,1786977396.1785,0.03338,-7.8242,-100.4396,95.0330,65.1429,-84.2637,1.3889,-7.7126,-102.2904,97.4926,72.6245,-83.7167,0.4547,-7.7126,-102.2904,97.4926,72.6245,-83.7167,0.4547,50,0,0,1000,50,0,0
485,1786977396.2078,1786977396.2119,0.03337,-7.7363,-100.6154,95.4725,67.6923,-84.4396,1.3889,-7.7140,-103.0617,98.8004,73.0454,-83.2400,0.5324,-7.7140,-103.0617,98.8004,73.0454,-83.2400,0.5324,50,-150,100,900,-50,0,0
486,1786977396.2411,1786977396.2454,0.0334,-7.8242,-101.3187,96.0000,69.7143,-84.1758,1.3889,-7.2302,-103.7703,99.0505,72.5899,-83.3149,0.6633,-7.2302,-103.7703,99.0505,72.5899,-83.3149,0.6633,0,-250,150,600,150,0,0
487,1786977396.2745,1786977396.2786,0.03338,-7.8242,-101.9341,96.7033,70.8571,-83.8242,1.3889,-6.6869,-103.8561,99.6653,73.1974,-83.3652,0.5389,-6.6869,-103.8561,99.6653,73.1974,-83.3652,0.5389,0,-200,250,500,200,0,0
488,1786977396.3079,1786977396.312,0.03338,-7.8242,-102.5495,96.9670,71.3846,-83.8242,1.3889,-7.3403,-104.6072,99.1748,73.7009,-82.8471,0.7873,-7.3403,-104.6072,99.1748,73.7009,-82.8471,0.7873,0,-250,150,150,0,0,0
489,1786977396.3413,1786977396.3454,0.03342,-7.5604,-102.9890,97.0549,72.0879,-83.8242,1.3889,-7.0252,-104.0059,100.2825,74.0264,-82.9762,0.7060,-7.0252,-104.0059,100.2825,74.0264,-82.9762,0.7060,50,-150,0,300,0,0,0
490,1786977396.3747,1786977396.3787,0.03335,-7.2088,-103.4286,97.0549,72.7033,-83.8242,1.3889,-6.4501,-104.0987,100.6096,75.1318,-82.6276,0.6324,-6.4501,-104.0987,100.6096,75.1318,-82.6276,0.6324,100,-150,0,200,0,0,0
491,1786977396.408,1786977396.4121,0.03337,-7.2088,-103.6044,97.0549,73.3187,-83.4725,1.3889,-6.4205,-104.8577,101.0693,75.5933,-83.1474,0.8526,-6.4205,-104.8577,101.0693,75.5933,-83.1474,0.8526,0,-50,0,200,100,0,0
492,1786977396.4415,1786977396.4455,0.03342,-7.2088,-103.5165,97.0549,74.1099,-83.2967,1.3889,-5.5208,-104.7534,100.7122,76.3601,-82.8137,0.7437,-5.5208,-104.7534,100.7122,76.3601,-82.8137,0.7437,0,50,0,300,50,0,0
493,1786977396.4748,1786977396.4789,0.03338,-7.1209,-103.8681,97.0549,74.7253,-83.2967,1.3889,-5.0753,-103.9683,100.7236,77.3021,-82.7014,0.7031,-5.0753,-103.9683,100.7236,77.3021,-82.7014,0.7031,50,-150,0,300,0,0,0
494,1786977396.5082,1786977396.5122,0.03336,-6.5055,-104.2198,97.0549,75.4286,-83.2088,1.3889,-4.7848,-104.5366,101.0484,77.9982,-82.4619,0.6239,-4.7848,-104.5366,101.0484,77.9982,-82.4619,0.6239,200,-100,0,250,0,0,0
495,1786977396.5416,1786977396.5457,0.03338,-5.7143,-104.1319,97.0549,76.2198,-83.2088,1.3889,-3.5939,-104.7446,100.9595,79.6625,-82.5440,0.7511,-3.5939,-104.7446,100.9595,79.6625,-82.5440,0.7511,300,50,0,300,0,0,0
496,1786977396.5749,1786977396.579,0.03337,-5.1868,-104.2198,97.0549,76.9231,-83.2967,1.3889,-3.5185,-104.8031,101.4463,80.4652,-83.0617,0.8091,-3.5185,-104.8031,101.4463,80.4652,-83.0617,0.8091,150,0,0,200,0,0,0
497,1786977396.6084,1786977396.6125,0.03342,-5.0989,-104.2198,97.0549,77.9780,-83.0330,1.3889,-2.3849,-104.5070,100.8254,81.7299,-82.5784,1.0706,-2.3849,-104.5070,100.8254,81.7299,-82.5784,1.0706,50,0,0,300,100,0,0
498,1786977396.6417,1786977396.6459,0.03338,-4.3077,-104.2198,97.0549,79.1209,-83.1209,1.3889,-2.2787,-104.4027,101.7103,83.0333,-83.1713,1.1060,-2.2787,-104.4027,101.7103,83.0333,-83.1713,1.1060,200,0,0,400,-50,0,0
499,1786977396.6751,1786977396.6796,0.03338,-3.5165,-104.2198,97.0549,80.1758,-83.1209,1.3889,-2.3381,-104.5629,100.1642,83.2789,-81.7258,1.2538,-2.3381,-104.5629,100.1642,83.2789,-81.7258,1.2538,300,0,0,400,0,0,0
500,1786977396.7085,1786977396.9301,0.03338,-3.0769,-104.2198,97.0549,81.3187,-83.0330,1.3889,-2.7904,-105.6896,97.2775,80.2642,-83.2959,0.6786,-2.7904,-105.6896,97.2775,80.2642,-83.2959,0.6786,100,0,0,400,50,0,1
501,1786977396.9312,1786977396.9361,0.22272,-2.7253,-104.8352,97.0549,82.5495,-82.2418,1.3889,-2.8268,-105.3839,96.9224,80.4638,-83.9125,0.6157,-2.8268,-105.3839,96.9224,80.4638,-83.9125,0.6157,100,0,0,0,0,0,1
502,1786977396.9645,1786977396.9688,0.03329,-2.6374,-104.8352,97.0549,82.5495,-82.2418,1.3889,-2.8397,-105.6637,96.6652,80.4503,-83.0425,0.6822,-2.8397,-105.6637,96.6652,80.4503,-83.0425,0.6822,0,0,0,0,0,0,0
503,1786977396.9979,1786977397.0024,0.03341,-2.6374,-104.8352,96.7912,82.3736,-82.7692,1.3228,-3.0614,-105.6973,97.4210,80.2594,-83.3787,0.6575,-3.0614,-105.6973,97.4210,80.2594,-83.3787,0.6575,0,0,-100,-50,-250,-50,0
504,1786977397.0313,1786977397.0359,0.0334,-2.6374,-104.7473,96.7033,81.5824,-83.2088,1.3228,-3.0306,-105.7602,97.1081,80.8423,-83.6749,0.7444,-3.0306,-105.7602,97.1081,80.8423,-83.6749,0.7444,0,50,0,-250,-250,0,0
505,1786977397.0647,1786977397.0693,0.03336,-2.6374,-104.9231,96.7033,81.2308,-83.2088,1.2566,-3.1897,-105.6293,97.5495,80.2344,-83.1467,0.8002,-3.1897,-105.6293,97.5495,80.2344,-83.1467,0.8002,0,-50,0,-150,0,0,0
506,1786977397.0981,1786977397.1026,0.03343,-2.6374,-105.0110,96.7033,81.2308,-83.2967,1.2566,-2.7324,-105.6604,97.7075,80.4561,-83.0791,0.7460,-2.7324,-105.6604,97.7075,80.4561,-83.0791,0.7460,0,-50,0,0,0,0,0
507,1786977397.1315,1786977397.136,0.03335,-2.6374,-105.0989,96.7033,80.8791,-83.2967,1.2566,-2.5644,-105.9930,97.8000,80.9699,-82.7848,0.9641,-2.5644,-105.9930,97.8000,80.9699,-82.7848,0.9641,0,0,0,-150,0,0,0
508,1786977397.1649,1786977397.1694,0.0334,-2.6374,-105.1868,96.7033,80.8791,-83.2967,1.2566,-2.8745,-106.0214,97.7186,80.7933,-83.2614,0.6870,-2.8745,-106.0214,97.7186,80.7933,-83.2614,0.6870,0,-50,0,0,0,0,0
509,1786977397.1982,1786977397.2027,0.03336,-2.6374,-105.1868,96.7033,80.9670,-83.2967,1.2566,-2.6406,-105.7405,97.3784,81.1497,-83.1627,0.6780,-2.6406,-105.7405,97.3784,81.1497,-83.1627,0.6780,0,0,0,50,0,0,0
510,1786977397.2316,1786977397.236,0.03337,-2.6374,-105.1868,96.7033,80.9670,-83.2967,1.2566,-2.8563,-105.4806,96.7386,80.8550,-83.1843,0.8516,-2.8563,-105.4806,96.7386,80.8550,-83.1843,0.8516,0,0,0,0,0,0,0
511,1786977397.265,1786977397.2694,0.0334,-2.6374,-105.1868,96.7033,80.9670,-83.2967,1.2566,-2.7727,-105.3529,97.3102,80.7334,-83.0066,0.9735,-2.7727,-105.3529,97.3102,80.7334,-83.0066,0.9735,0,0,0,0,0,0,0
512,1786977397.2984,1786977397.3025,0.03341,-2.6374,-105.1868,96.6154,80.9670,-83.2967,1.2566,-2.7730,-105.9518,97.6827,81.0124,-82.6475,0.8088,-2.7730,-105.9518,97.6827,81.0124,-82.6475,0.8088,0,0,-50,0,0,0,0
513,1786977397.3318,1786977397.3361,0.0334,-2.6374,-105.0989,96.6154,80.9670,-83.2967,1.2566,-2.9697,-106.0465,97.5440,80.6446,-83.0077,0.9220,-2.9697,-106.0465,97.5440,80.6446,-83.0077,0.9220,0,0,0,0,0,0,0
514,1786977397.3652,1786977397.3696,0.03339,-2.6374,-105.0989,96.7033,80.9670,-83.2088,1.2566,-2.8378,-106.1473,97.2834,80.5236,-82.9871,0.7833,-2.8378,-106.1473,97.2834,80.5236,-82.9871,0.7833,0,0,50,0,50,0,0
515,1786977397.3986,1786977397.4029,0.03337,-2.6374,-105.0989,96.7033,80.9670,-83.2967,1.2566,-2.7793,-105.9602,97.2264,80.5317,-82.8717,0.7027,-2.7793,-105.9602,97.2264,80.5317,-82.8717,0.7027,0,0,0,0,-50,0,0
516,1786977397.432,1786977397.4361,0.03339,-2.6374,-105.0989,96.7033,80.9670,-83.2088,1.2566,-2.7765,-105.4784,98.2839,80.2954,-83.2990,0.8533,-2.7765,-105.4784,98.2839,80.2954,-83.2990,0.8533,0,0,0,0,0,0,0
517,1786977397.4653,1786977397.4695,0.03339,-2.6374,-105.0989,96.7033,80.9670,-83.2088,1.2566,-2.3090,-105.7111,97.4400,79.9619,-82.8639,0.8454,-2.3090,-105.7111,97.4400,79.9619,-82.8639,0.8454,0,0,0,0,0,0,0
518,1786977397.4988,1786977397.5028,0.03343,-2.6374,-105.0989,96.7912,80.9670,-83.2088,1.2566,-2.6826,-105.1383,96.8474,80.3208,-82.8026,0.7697,-2.6826,-105.1383,96.8474,80.3208,-82.8026,0.7697,0,0,0,0,0,0,0
519,1786977397.5321,1786977397.5362,0.03335,-2.6374,-105.0989,96.7912,80.7033,-83.2088,1.2566,-2.7614,-105.4124,97.3742,80.2178,-83.1546,0.8049,-2.7614,-105.4124,97.3742,80.2178,-83.1546,0.8049,0,0,0,-100,0,0,0
520,1786977397.5655,1786977397.5696,0.0334,-2.6374,-105.0989,96.7033,80.7033,-83.2088,1.2566,-2.7903,-106.3611,97.2939,80.6417,-83.0108,0.7615,-2.7903,-106.3611,97.2939,80.6417,-83.0108,0.7615,0,0,-50,0,0,0,0
521,1786977397.599,1786977397.6031,0.03344,-2.6374,-105.0989,96.7033,80.7033,-83.2088,1.2566,-2.9772,-105.3157,96.3176,80.2969,-83.0735,0.7920,-2.9772,-105.3157,96.3176,80.2969,-83.0735,0.7920,0,0,0,0,0,0,0
522,1786977397.6323,1786977397.6365,0.03338,-2.6374,-105.0989,96.7033,80.7033,-83.2088,1.2566,-2.8179,-104.6357,96.3994,80.5215,-82.8898,0.8520,-2.8179,-104.6357,96.3994,80.5215,-82.8898,0.8520,0,0,0,0,0,0,0
523,1786977397.6657,1786977397.6699,0.03338,-2.6374,-105.0989,96.5275,80.7033,-83.2088,1.2566,-2.6488,-105.3387,96.3176,80.2002,-83.0060,0.8174,-2.6488,-105.3387,96.3176,80.2002,-83.0060,0.8174,0,0,0,0,0,0,0
524,1786977397.6991,1786977397.7032,0.03339,-2.6374,-105.0989,96.5275,80.7033,-83.2088,1.2566,-3.0099,-105.9174,96.3232,80.2612,-83.0302,0.7888,-3.0099,-105.9174,96.3232,80.2612,-83.0302,0.7888,0,0,-50,0,0,0,0
525,1786977397.7325,1786977397.7366,0.03341,-2.6374,-105.0989,96.5275,80.7033,-83.2088,1.2566,-2.7265,-105.4941,96.2945,80.6925,-82.3955,0.7158,-2.7265,-105.4941,96.2945,80.6925,-82.3955,0.7158,0,0,0,0,0,0,0
526,1786977397.7659,1786977397.77,0.03335,-2.6374,-105.1868,96.5275,80.7033,-83.2088,1.2566,-3.0243,-106.6091,96.5230,80.9448,-82.6372,0.8159,-3.0243,-106.6091,96.5230,80.9448,-82.6372,0.8159,0,-50,0,0,0,0,0
527,1786977397.7993,1786977397.8035,0.03346,-2.6374,-105.2747,96.5275,80.7033,-83.1209,1.2566,-2.7297,-105.5439,97.8318,80.9754,-82.7961,0.8360,-2.7297,-105.5439,97.8318,80.9754,-82.7961,0.8360,0,-50,0,0,50,0,0
528,1786977397.8327,1786977397.8368,0.03338,-2.6374,-105.2747,96.5275,80.7033,-83.1209,1.2566,-3.0179,-105.4530,97.6308,80.3086,-83.0926,0.9078,-3.0179,-105.4530,97.6308,80.3086,-83.0926,0.9078,0,0,0,0,0,0,0
529,1786977397.8661,1786977397.8702,0.03339,-2.6374,-105.2747,96.7033,80.7033,-83.1209,1.2566,-3.1268,-105.6599,96.8085,80.9959,-83.3700,0.8398,-3.1268,-105.6599,96.8085,80.9959,-83.3700,0.8398,0,0,50,0,0,0,0
530,1786977397.8995,1786977397.9036,0.03339,-2.6374,-105.2747,96.7033,80.7033,-83.1209,1.2566,-2.9569,-106.0905,97.0206,81.0431,-83.1416,0.7313,-2.9569,-106.0905,97.0206,81.0431,-83.1416,0.7313,0,0,50,0,0,0,0
531,1786977397.9329,1786977397.937,0.0334,-2.6374,-105.2747,96.7033,80.7033,-83.1209,1.2566,-3.2414,-105.6397,96.7741,81.2601,-82.6618,0.8692,-3.2414,-105.6397,96.7741,81.2601,-82.6618,0.8692,0,0,0,0,0,0,0
532,1786977397.9663,1786977397.9704,0.03338,-2.6374,-105.2747,96.7033,80.7912,-83.1209,1.2566,-3.1019,-105.7236,96.0054,81.1322,-82.7056,0.8135,-3.1019,-105.7236,96.0054,81.1322,-82.7056,0.8135,0,0,0,0,0,0,0
533,1786977397.9997,1786977398.0038,0.03344,-2.7253,-105.2747,96.7033,80.8791,-83.1209,1.2566,-3.2764,-105.6116,96.5500,80.2785,-82.9235,0.7899,-3.2764,-105.6116,96.5500,80.2785,-82.9235,0.7899,-50,0,0,0,0,0,0
534,1786977398.0331,1786977398.0373,0.03336,-2.8132,-105.2747,96.5275,80.8791,-83.1209,1.2566,-3.0685,-105.8760,96.6902,80.8453,-82.5954,0.8940,-3.0685,-105.8760,96.6902,80.8453,-82.5954,0.8940,-50,0,-50,0,0,0,0
535,1786977398.0664,1786977398.0706,0.03339,-2.9011,-105.2747,96.5275,80.8791,-83.1209,1.2566,-3.2332,-106.1183,96.7050,81.1210,-82.8544,0.8917,-3.2332,-106.1183,96.7050,81.1210,-82.8544,0.8917,0,0,0,0,0,0,0
536,1786977398.0999,1786977398.1039,0.03341,-2.9890,-105.2747,96.5275,80.8791,-83.1209,1.2566,-3.1453,-105.8703,96.3436,80.9324,-82.7395,0.8409,-3.1453,-105.8703,96.3436,80.9324,-82.7395,0.8409,-50,0,0,0,0,0,0
537,1786977398.1333,1786977398.1375,0.03347,-2.9890,-105.2747,96.5275,80.9670,-83.1209,1.2566,-2.6072,-105.2988,96.6329,80.9331,-83.7217,0.7659,-2.6072,-105.2988,96.6329,80.9331,-83.7217,0.7659,0,0,0,50,0,0,0
538,1786977398.1666,1786977398.1712,0.03332,-2.9890,-105.2747,96.5275,80.9670,-83.1209,1.2566,-3.0915,-105.8364,96.6666,81.0552,-82.8031,0.7244,-3.0915,-105.8364,96.6666,81.0552,-82.8031,0.7244,0,0,0,0,0,0,0
539,1786977398.2,1786977398.2045,0.03338,-2.9890,-105.2747,96.5275,80.9670,-83.2967,1.2566,-3.1558,-105.3683,96.5627,80.9413,-82.7214,0.8586,-3.1558,-105.3683,96.5627,80.9413,-82.7214,0.8586,0,0,0,0,-50,0,0
540,1786977398.2335,1786977398.238,0.03342,-2.9890,-105.2747,96.5275,80.9670,-83.2088,1.2566,-2.8590,-105.6478,96.9651,80.4121,-82.5516,0.8802,-2.8590,-105.6478,96.9651,80.4121,-82.5516,0.8802,0,0,0,0,50,0,0
541,1786977398.2668,1786977398.271,0.03337,-2.9890,-105.2747,96.5275,80.9670,-83.0330,1.2566,-3.1694,-105.8967,97.1845,80.6729,-82.9922,0.9591,-3.1694,-105.8967,97.1845,80.6729,-82.9922,0.9591,0,0,0,0,100,0,0
542,1786977398.3002,1786977398.3047,0.03339,-2.9890,-105.2747,96.5275,80.8791,-82.9451,1.2566,-3.1389,-105.8351,96.3933,80.9750,-83.0992,1.0115,-3.1389,-105.8351,96.3933,80.9750,-83.0992,1.0115,0,0,0,0,50,0,0
543,1786977398.3336,1786977398.3377,0.03334,-2.9890,-105.2747,96.5275,80.8791,-82.9451,1.2566,-2.8296,-105.6479,96.7102,81.0606,-82.9930,0.9890,-2.8296,-105.6479,96.7102,81.0606,-82.9930,0.9890,0,0,0,0,0,0,0
544,1786977398.367,1786977398.3711,0.03341,-2.9890,-105.2747,96.5275,80.8791,-82.9451,1.2566,-2.9753,-105.8142,96.9266,80.9910,-82.8387,0.8092,-2.9753,-105.8142,96.9266,80.9910,-82.8387,0.8092,0,0,0,0,0,0,0
545,1786977398.4004,1786977398.4044,0.03338,-2.9890,-105.2747,96.5275,80.8791,-82.9451,1.2566,-2.8012,-105.4228,96.4043,81.2142,-83.0905,0.6873,-2.8012,-105.4228,96.4043,81.2142,-83.0905,0.6873,0,0,0,0,0,0,0
546,1786977398.4337,1786977398.4381,0.03339,-2.9890,-105.2747,96.5275,80.8791,-82.9451,1.2566,-2.9114,-105.7253,96.6359,80.8721,-82.2739,0.8551,-2.9114,-105.7253,96.6359,80.8721,-82.2739,0.8551,0,0,0,0,0,0,0
547,1786977398.4671,1786977398.4717,0.03336,-2.9890,-105.2747,96.5275,80.8791,-82.9451,1.2566,-2.8838,-105.5001,96.3051,80.8804,-82.6768,0.9227,-2.8838,-105.5001,96.3051,80.8804,-82.6768,0.9227,0,0,0,0,0,0,0
548,1786977398.5005,1786977398.5047,0.03337,-2.9890,-105.2747,96.5275,80.8791,-82.8571,1.2566,-2.9256,-105.0862,96.6411,81.0542,-82.6213,0.8093,-2.9256,-105.0862,96.6411,81.0542,-82.6213,0.8093,0,0,0,0,50,0,0
549,1786977398.5339,1786977398.5384,0.03344,-2.9890,-105.2747,96.5275,80.8791,-82.8571,1.2566,-2.8866,-105.8740,96.3317,80.9695,-82.4578,0.7647,-2.8866,-105.8740,96.3317,80.9695,-82.4578,0.7647,0,0,0,0,0,0,0
550,1786977398.5673,1786977398.7848,0.03338,-2.9890,-105.2747,96.5275,80.8791,-82.8571,1.2566,-2.3446,-105.7743,97.6374,79.9671,-83.8809,0.3137,-2.3446,-105.7743,97.6374,79.9671,-83.8809,0.3137,0,0,0,0,0,0,1
551,1786977398.786,1786977398.7879,0.21867,-2.9890,-105.2747,96.5275,80.8791,-82.8571,1.2566,-3.0341,-105.2683,96.5269,80.8580,-82.8144,1.2632,-3.0341,-105.2683,96.5269,80.8580,-82.8144,1.2632,0,0,0,0,0,0,1
