step,t_obs,t_cmd,dt,pos_base,pos_shoulder,pos_elbow,pos_wrist,pos_roll,pos_gripper,cmd_base,cmd_shoulder,cmd_elbow,cmd_wrist,cmd_roll,cmd_gripper,sent_base,sent_shoulder,sent_elbow,sent_wrist,sent_roll,sent_gripper,velraw_base,velraw_shoulder,velraw_elbow,velraw_wrist,velraw_roll,velraw_gripper,chunk_start
0,1787660171.7695,1787660171.7846,0.06262,-0.141126,-0.558369,2.883884,0.296058,0.035282,-0.026078,-0.150163,-0.524764,2.981248,0.295907,0.061830,-0.014396,-0.150200,-0.524800,2.981200,0.295900,0.061800,-0.014400,,,,,,,1
1,1787660171.8064,1787660171.8204,0.03688,-0.141126,-0.558369,2.883884,0.296058,0.035282,-0.026078,-0.149945,-0.527724,2.982619,0.301166,0.072076,-0.017055,-0.149900,-0.527700,2.982600,0.301200,0.072100,-0.017100,,,,,,,1
2,1787660171.8578,1787660171.8727,0.05136,-0.141126,-0.558369,2.883884,0.296058,0.035282,-0.026078,-0.153606,-0.525804,2.979221,0.296997,0.069860,-0.017429,-0.153600,-0.525800,2.979200,0.297000,0.069900,-0.017400,,,,,,,0
3,1787660171.9244,1787660171.9386,0.06662,-0.141126,-0.558369,2.883884,0.296058,0.044485,-0.018408,-0.151123,-0.530107,2.987961,0.290597,0.075868,-0.019785,-0.151100,-0.530100,2.988000,0.290600,0.075900,-0.019800,,,,,,,0
4,1787660171.9616,1787660171.9766,0.03717,-0.141126,-0.544563,2.900758,0.292990,0.067495,-0.015340,-0.149412,-0.527798,2.981298,0.294793,0.066587,-0.017542,-0.149400,-0.527800,2.981300,0.294800,0.066600,-0.017500,,,,,,,0
5,1787660172.013,1787660172.0276,0.05138,-0.144194,-0.526155,2.917631,0.289922,0.072097,-0.010738,-0.150313,-0.531099,2.953062,0.294774,0.077876,-0.019076,-0.150300,-0.531100,2.953100,0.294800,0.077900,-0.019100,,,,,,,0
6,1787660172.0796,1787660172.0946,0.06661,-0.144194,-0.526155,2.922233,0.282252,0.072097,-0.010738,-0.153195,-0.524736,2.958424,0.302894,0.067688,-0.019119,-0.153200,-0.524700,2.958400,0.302900,0.067700,-0.019100,,,,,,,0
7,1787660172.1165,1787660172.1316,0.03688,-0.144194,-0.526155,2.922233,0.282252,0.072097,-0.010738,-0.154893,-0.524818,2.938868,0.292830,0.080278,-0.020129,-0.154900,-0.524800,2.938900,0.292800,0.080300,-0.020100,,,,,,,0
8,1787660172.1681,1787660172.1816,0.05163,-0.144194,-0.526155,2.922233,0.282252,0.073631,-0.010738,-0.153721,-0.526226,2.884201,0.294090,0.084931,-0.018693,-0.153700,-0.526200,2.884200,0.294100,0.084900,-0.018700,,,,,,,0
9,1787660172.2347,1787660172.2495,0.06664,-0.144194,-0.521553,2.922233,0.282252,0.073631,-0.010738,-0.155115,-0.531866,2.947317,0.293850,0.083158,-0.021743,-0.155100,-0.531900,2.947300,0.293900,0.083200,-0.021700,,,,,,,0
10,1787660172.2735,1787660172.2883,0.03874,-0.144194,-0.521553,2.920699,0.282252,0.078233,-0.015340,-0.152965,-0.529779,2.959471,0.287333,0.082912,-0.022711,-0.153000,-0.529800,2.959500,0.287300,0.082900,-0.022700,,,,,,,0
11,1787660172.3302,1787660172.3436,0.05678,-0.144194,-0.521553,2.902292,0.285320,0.081301,-0.016874,-0.153295,-0.529575,2.972523,0.287594,0.097661,-0.024215,-0.153300,-0.529600,2.972500,0.287600,0.097700,-0.024200,,,,,,,0
12,1787660172.3976,1787660172.4115,0.06736,-0.144194,-0.521553,2.894622,0.285320,0.081301,-0.016874,-0.156853,-0.530308,2.982754,0.281749,0.081929,-0.021657,-0.156900,-0.530300,2.982800,0.281700,0.081900,-0.021700,,,,,,,1
13,1787660172.4364,1787660172.4506,0.03879,-0.144194,-0.521553,2.894622,0.285320,0.081301,-0.016874,-0.151187,-0.532817,2.971826,0.281592,0.062423,-0.024421,-0.151200,-0.532800,2.971800,0.281600,0.062400,-0.024400,,,,,,,1
14,1787660172.4942,1787660172.5085,0.05785,-0.144194,-0.521553,2.911496,0.282252,0.095107,-0.016874,-0.152085,-0.527195,2.970351,0.284355,0.089983,-0.021072,-0.152100,-0.527200,2.970400,0.284400,0.090000,-0.021100,,,,,,,0
15,1787660172.5606,1787660172.5745,0.06636,-0.145728,-0.521553,2.922233,0.276117,0.084369,-0.018408,-0.153193,-0.520254,2.975867,0.280958,0.076644,-0.025618,-0.153200,-0.520300,2.975900,0.281000,0.076600,-0.025600,,,,,,,1
16,1787660172.598,1787660172.6125,0.03742,-0.145728,-0.521553,2.923767,0.274583,0.078233,-0.016874,-0.154933,-0.524192,2.961327,0.286450,0.082650,-0.021118,-0.154900,-0.524200,2.961300,0.286400,0.082600,-0.021100,,,,,,,1
17,1787660172.6493,1787660172.6646,0.05124,-0.145728,-0.521553,2.923767,0.274583,0.073631,-0.012272,-0.154908,-0.521753,2.932326,0.293228,0.076852,-0.019970,-0.154900,-0.521800,2.932300,0.293200,0.076900,-0.020000,,,,,,,0
18,1787660172.7156,1787660172.7306,0.06638,-0.147262,-0.520019,2.923767,0.274583,0.076699,-0.016874,-0.147518,-0.517445,2.825820,0.295129,0.110600,-0.015304,-0.147500,-0.517400,2.825800,0.295100,0.110600,-0.015300,,,,,,,0
19,1787660172.7526,1787660172.7655,0.03696,-0.147262,-0.520019,2.923767,0.274583,0.079767,-0.016874,-0.152729,-0.513913,2.895969,0.293026,0.090038,-0.019495,-0.152700,-0.513900,2.896000,0.293000,0.090000,-0.019500,,,,,,,0
20,1787660172.8041,1787660172.8175,0.05154,-0.147262,-0.520019,2.923767,0.274583,0.079767,-0.016874,-0.150666,-0.504583,2.821886,0.293220,0.098965,-0.018440,-0.150700,-0.504600,2.821900,0.293200,0.099000,-0.018400,,,,,,,0
21,1787660172.8708,1787660172.8846,0.06665,-0.147262,-0.512350,2.903826,0.277651,0.087437,-0.024544,-0.153336,-0.501944,2.875361,0.292268,0.098920,-0.020611,-0.153300,-0.501900,2.875400,0.292300,0.098900,-0.020600,,,,,,,0
22,1787660172.9096,1787660172.9244,0.03885,-0.147262,-0.510816,2.897690,0.279185,0.090505,-0.024544,-0.155936,-0.493897,2.953777,0.280221,0.104296,-0.019675,-0.155900,-0.493900,2.953800,0.280200,0.104300,-0.019700,,,,,,,0
23,1787660172.9672,1787660172.9807,0.05755,-0.147262,-0.503146,2.880816,0.294524,0.096641,-0.024544,-0.160850,-0.497398,2.939468,0.287120,0.095600,-0.021406,-0.160800,-0.497400,2.939500,0.287100,0.095600,-0.021400,,,,,,,0
24,1787660173.0224,1787660173.0366,0.0552,-0.147262,-0.497010,2.859340,0.282252,0.101243,-0.024544,-0.154613,-0.497061,2.948502,0.287392,0.106218,-0.024597,-0.154600,-0.497100,2.948500,0.287400,0.106200,-0.024600,,,,,,,0
25,1787660173.0603,1787660173.0736,0.03789,-0.147262,-0.492408,2.859340,0.279185,0.102777,-0.024544,-0.156081,-0.496897,2.955570,0.280885,0.092113,-0.027984,-0.156100,-0.496900,2.955600,0.280900,0.092100,-0.028000,,,,,,,0
26,1787660173.1122,1787660173.1256,0.0519,-0.150330,-0.492408,2.876214,0.285320,0.102777,-0.024544,-0.159561,-0.500036,2.968276,0.276365,0.105030,-0.022749,-0.159600,-0.500000,2.968300,0.276400,0.105000,-0.022700,,,,,,,0
27,1787660173.1787,1787660173.1947,0.06653,-0.150330,-0.492408,2.905360,0.274583,0.101243,-0.026078,-0.157909,-0.499470,2.956467,0.292876,0.091716,-0.023204,-0.157900,-0.499500,2.956500,0.292900,0.091700,-0.023200,,,,,,,0
28,1787660173.2458,1787660173.2596,0.06711,-0.150330,-0.492408,2.923767,0.269981,0.101243,-0.026078,-0.156170,-0.501393,2.934832,0.295173,0.101376,-0.025103,-0.156200,-0.501400,2.934800,0.295200,0.101400,-0.025100,,,,,,,0
29,1787660173.2832,1787660173.2975,0.03734,-0.150330,-0.492408,2.925301,0.269981,0.101243,-0.026078,-0.158000,-0.492760,2.940189,0.296667,0.100506,-0.021726,-0.158000,-0.492800,2.940200,0.296700,0.100500,-0.021700,,,,,,,0
30,1787660173.3342,1787660173.3476,0.05103,-0.150330,-0.492408,2.925301,0.269981,0.098175,-0.026078,-0.158085,-0.494030,2.951326,0.288604,0.101490,-0.026292,-0.158100,-0.494000,2.951300,0.288600,0.101500,-0.026300,,,,,,,0
31,1787660173.4008,1787660173.4148,0.06662,-0.150330,-0.492408,2.925301,0.269981,0.098175,-0.026078,-0.156446,-0.500079,2.940891,0.302014,0.088142,-0.025539,-0.156400,-0.500100,2.940900,0.302000,0.088100,-0.025500,,,,,,,1
32,1787660173.4376,1787660173.4516,0.03673,-0.150330,-0.489340,2.925301,0.269981,0.098175,-0.026078,-0.151123,-0.495890,2.935734,0.292657,0.089762,-0.025983,-0.151100,-0.495900,2.935700,0.292700,0.089800,-0.026000,,,,,,,1
33,1787660173.489,1787660173.5045,0.05146,-0.150330,-0.489340,2.925301,0.269981,0.098175,-0.026078,-0.150517,-0.489901,2.923296,0.297475,0.098432,-0.030983,-0.150500,-0.489900,2.923300,0.297500,0.098400,-0.031000,,,,,,,0
34,1787660173.5555,1787660173.5706,0.0665,-0.150330,-0.489340,2.925301,0.269981,0.096641,-0.026078,-0.149707,-0.482616,2.884669,0.291956,0.098312,-0.029636,-0.149700,-0.482600,2.884700,0.292000,0.098300,-0.029600,,,,,,,1
35,1787660173.5945,1787660173.6085,0.03897,-0.150330,-0.489340,2.923767,0.269981,0.096641,-0.026078,-0.153764,-0.485160,2.916750,0.293518,0.102120,-0.028306,-0.153800,-0.485200,2.916700,0.293500,0.102100,-0.028300,,,,,,,1
36,1787660173.6523,1787660173.6676,0.05778,-0.150330,-0.484738,2.913030,0.273049,0.096641,-0.027612,-0.136946,-0.474869,2.787071,0.297741,0.102671,-0.018848,-0.136900,-0.474900,2.787100,0.297700,0.102700,-0.018800,,,,,,,0
37,1787660173.7076,1787660173.7223,0.05535,-0.150330,-0.483204,2.902292,0.279185,0.098175,-0.027612,-0.133359,-0.469022,2.695127,0.299688,0.108164,-0.030335,-0.133400,-0.469000,2.695100,0.299700,0.108200,-0.030300,,,,,,,0
38,1787660173.7466,1787660173.7616,0.03901,-0.150330,-0.481670,2.902292,0.280718,0.101243,-0.026078,-0.134675,-0.471004,2.674273,0.291779,0.088318,-0.026904,-0.134700,-0.471000,2.674300,0.291800,0.088300,-0.026900,,,,,,,0
39,1787660173.8037,1787660173.8184,0.0571,-0.142660,-0.472466,2.893088,0.286854,0.101243,-0.027612,-0.132023,-0.461666,2.631987,0.288901,0.091998,-0.024362,-0.132000,-0.461700,2.632000,0.288900,0.092000,-0.024400,,,,,,,0
40,1787660173.8592,1787660173.8726,0.05552,-0.139592,-0.467864,2.867010,0.300660,0.104311,-0.026078,-0.137936,-0.454786,2.642437,0.292697,0.113626,-0.025980,-0.137900,-0.454800,2.642400,0.292700,0.113600,-0.026000,,,,,,,0
41,1787660173.8984,1787660173.9135,0.03914,-0.139592,-0.467864,2.831729,0.294524,0.101243,-0.026078,-0.158701,-0.474083,2.831721,0.283916,0.123072,-0.024089,-0.158700,-0.474100,2.831700,0.283900,0.123100,-0.024100,,,,,,,0
42,1787660173.9578,1787660173.9726,0.05938,-0.139592,-0.458660,2.753496,0.292990,0.098175,-0.026078,-0.159451,-0.480719,2.897924,0.280041,0.135212,-0.026422,-0.159500,-0.480700,2.897900,0.280000,0.135200,-0.026400,,,,,,,0
43,1787660173.9973,1787660174.0105,0.03952,-0.139592,-0.454058,2.712078,0.291456,0.098175,-0.026078,-0.160553,-0.475686,2.915277,0.276987,0.119842,-0.025179,-0.160600,-0.475700,2.915300,0.277000,0.119800,-0.025200,,,,,,,0
44,1787660174.0538,1787660174.0675,0.05655,-0.147262,-0.454058,2.664525,0.285320,0.122718,-0.026078,-0.159064,-0.479591,2.906654,0.283418,0.134780,-0.020939,-0.159100,-0.479600,2.906700,0.283400,0.134800,-0.020900,,,,,,,0
45,1787660174.1208,1787660174.1347,0.06694,-0.150330,-0.458660,2.647651,0.280718,0.130388,-0.026078,-0.158989,-0.476946,2.924072,0.274967,0.140525,-0.019986,-0.159000,-0.476900,2.924100,0.275000,0.140500,-0.020000,,,,,,,0
46,1787660174.158,1787660174.1727,0.03727,-0.150330,-0.458660,2.650719,0.280718,0.130388,-0.026078,-0.159366,-0.478428,2.924552,0.282434,0.127427,-0.020654,-0.159400,-0.478400,2.924600,0.282400,0.127400,-0.020700,,,,,,,0
47,1787660174.2092,1787660174.2224,0.05111,-0.150330,-0.458660,2.676796,0.280718,0.130388,-0.026078,-0.161278,-0.484439,2.927960,0.278829,0.135849,-0.023366,-0.161300,-0.484400,2.928000,0.278800,0.135800,-0.023400,,,,,,,0
48,1787660174.2758,1787660174.2906,0.06663,-0.150330,-0.458660,2.747360,0.280718,0.138058,-0.026078,-0.164698,-0.481892,2.941119,0.278633,0.132557,-0.021172,-0.164700,-0.481900,2.941100,0.278600,0.132600,-0.021200,,,,,,,0
49,1787660174.3132,1787660174.3276,0.03737,-0.150330,-0.458660,2.799515,0.280718,0.138058,-0.026078,-0.162498,-0.475997,2.944304,0.276516,0.123275,-0.021404,-0.162500,-0.476000,2.944300,0.276500,0.123300,-0.021400,,,,,,,0
50,1787660174.3644,1787660174.3806,0.05128,-0.150330,-0.460194,2.867010,0.280718,0.134990,-0.026078,-0.159722,-0.481852,2.946200,0.280749,0.141687,-0.023312,-0.159700,-0.481900,2.946200,0.280700,0.141700,-0.023300,,,,,,,1
51,1787660174.431,1787660174.4456,0.06653,-0.153398,-0.460194,2.902292,0.269981,0.131922,-0.024544,-0.162888,-0.478917,2.948378,0.281416,0.141709,-0.025363,-0.162900,-0.478900,2.948400,0.281400,0.141700,-0.025400,,,,,,,1
52,1787660174.4683,1787660174.4815,0.03737,-0.153398,-0.460194,2.916097,0.266913,0.128854,-0.026078,-0.161619,-0.485113,2.931478,0.280343,0.138964,-0.021607,-0.161600,-0.485100,2.931500,0.280300,0.139000,-0.021600,,,,,,,0
53,1787660174.5193,1787660174.5326,0.05091,-0.153398,-0.460194,2.919165,0.266913,0.134990,-0.026078,-0.157356,-0.481337,2.938512,0.275985,0.148309,-0.022501,-0.157400,-0.481300,2.938500,0.276000,0.148300,-0.022500,,,,,,,1
54,1787660174.5858,1787660174.6005,0.06655,-0.153398,-0.460194,2.919165,0.266913,0.138058,-0.026078,-0.154926,-0.480800,2.920472,0.277696,0.146946,-0.023049,-0.154900,-0.480800,2.920500,0.277700,0.146900,-0.023000,,,,,,,1
55,1787660174.6231,1787660174.6366,0.03728,-0.153398,-0.460194,2.919165,0.265379,0.138058,-0.026078,-0.155360,-0.470812,2.940062,0.271721,0.137690,-0.027351,-0.155400,-0.470800,2.940100,0.271700,0.137700,-0.027400,,,,,,,0
56,1787660174.6743,1787660174.6883,0.05122,-0.153398,-0.460194,2.919165,0.265379,0.145728,-0.026078,-0.156074,-0.476904,2.957410,0.269305,0.148197,-0.026004,-0.156100,-0.476900,2.957400,0.269300,0.148200,-0.026000,,,,,,,0
57,1787660174.7407,1787660174.7553,0.06643,-0.153398,-0.460194,2.919165,0.265379,0.145728,-0.026078,-0.156311,-0.471935,2.939949,0.276090,0.142022,-0.020542,-0.156300,-0.471900,2.939900,0.276100,0.142000,-0.020500,,,,,,,0
58,1787660174.7777,1787660174.7915,0.037,-0.153398,-0.460194,2.919165,0.265379,0.145728,-0.026078,-0.156882,-0.475464,2.934081,0.278225,0.146141,-0.022909,-0.156900,-0.475500,2.934100,0.278200,0.146100,-0.022900,,,,,,,0
59,1787660174.8294,1787660174.8426,0.05162,-0.153398,-0.460194,2.920699,0.265379,0.145728,-0.026078,-0.152083,-0.474369,2.869923,0.280023,0.152301,-0.022226,-0.152100,-0.474400,2.869900,0.280000,0.152300,-0.022200,,,,,,,0
60,1787660174.8959,1787660174.9106,0.06649,-0.153398,-0.460194,2.920699,0.265379,0.145728,-0.026078,-0.152638,-0.466315,2.893123,0.276666,0.166871,-0.021422,-0.152600,-0.466300,2.893100,0.276700,0.166900,-0.021400,,,,,,,0
61,1787660174.935,1787660174.9486,0.03918,-0.153398,-0.460194,2.920699,0.265379,0.145728,-0.026078,-0.149715,-0.463116,2.901651,0.284315,0.177271,-0.023474,-0.149700,-0.463100,2.901700,0.284300,0.177300,-0.023500,,,,,,,0
62,1787660174.9925,1787660175.0076,0.05744,-0.153398,-0.460194,2.903826,0.266913,0.151864,-0.026078,-0.157665,-0.462156,2.899735,0.282382,0.163056,-0.020770,-0.157700,-0.462200,2.899700,0.282400,0.163100,-0.020800,,,,,,,0
63,1787660175.0477,1787660175.0626,0.05518,-0.153398,-0.458660,2.899224,0.271515,0.170272,-0.026078,-0.158819,-0.461119,2.896890,0.281901,0.169362,-0.021946,-0.158800,-0.461100,2.896900,0.281900,0.169400,-0.021900,,,,,,,0
64,1787660175.0862,1787660175.1005,0.03856,-0.153398,-0.458660,2.896156,0.274583,0.173340,-0.026078,-0.156281,-0.465613,2.920702,0.281070,0.172044,-0.022859,-0.156300,-0.465600,2.920700,0.281100,0.172000,-0.022900,,,,,,,0
65,1787660175.1427,1787660175.1575,0.05652,-0.153398,-0.458660,2.896156,0.274583,0.171806,-0.026078,-0.157030,-0.460950,2.914975,0.286776,0.186169,-0.022008,-0.157000,-0.460900,2.915000,0.286800,0.186200,-0.022000,,,,,,,0
66,1787660175.1819,1787660175.1965,0.03918,-0.153398,-0.458660,2.896156,0.274583,0.170272,-0.026078,-0.158685,-0.461221,2.922887,0.282040,0.166763,-0.023927,-0.158700,-0.461200,2.922900,0.282000,0.166800,-0.023900,,,,,,,0
67,1787660175.2414,1787660175.2565,0.05952,-0.153398,-0.458660,2.899224,0.274583,0.170272,-0.026078,-0.156593,-0.457178,2.906522,0.289242,0.183140,-0.020206,-0.156600,-0.457200,2.906500,0.289200,0.183100,-0.020200,,,,,,,0
68,1787660175.308,1787660175.3224,0.06654,-0.153398,-0.458660,2.905360,0.274583,0.181010,-0.026078,-0.160963,-0.456350,2.912774,0.281087,0.164972,-0.018446,-0.161000,-0.456400,2.912800,0.281100,0.165000,-0.018400,,,,,,,0
69,1787660175.345,1787660175.3587,0.03705,-0.153398,-0.458660,2.905360,0.274583,0.177942,-0.026078,-0.162739,-0.447783,2.886717,0.291855,0.169623,-0.018761,-0.162700,-0.447800,2.886700,0.291900,0.169600,-0.018800,,,,,,,1
70,1787660175.3964,1787660175.4097,0.0514,-0.153398,-0.454058,2.903826,0.274583,0.174874,-0.026078,-0.156492,-0.447670,2.853012,0.291344,0.151313,-0.021715,-0.156500,-0.447700,2.853000,0.291300,0.151300,-0.021700,,,,,,,1
71,1787660175.4631,1787660175.4766,0.06666,-0.153398,-0.447922,2.902292,0.276117,0.176408,-0.026078,-0.140007,-0.437700,2.750143,0.290057,0.187308,-0.018584,-0.140000,-0.437700,2.750100,0.290100,0.187300,-0.018600,,,,,,,0
72,1787660175.502,1787660175.5167,0.03896,-0.153398,-0.444854,2.896156,0.279185,0.174874,-0.026078,-0.133382,-0.424485,2.657444,0.294935,0.163962,-0.021862,-0.133400,-0.424500,2.657400,0.294900,0.164000,-0.021900,,,,,,,1
73,1787660175.558,1787660175.5716,0.05598,-0.153398,-0.443320,2.876214,0.294524,0.159534,-0.026078,-0.113197,-0.408197,2.618963,0.292403,0.142829,-0.019986,-0.113200,-0.408200,2.619000,0.292400,0.142800,-0.020000,,,,,,,1
74,1787660175.5958,1787660175.6106,0.03778,-0.151864,-0.437185,2.854738,0.294524,0.159534,-0.026078,-0.110518,-0.388005,2.565520,0.295062,0.128000,-0.022549,-0.110500,-0.388000,2.565500,0.295100,0.128000,-0.022500,,,,,,,0
75,1787660175.6473,1787660175.6615,0.05153,-0.139592,-0.423379,2.802583,0.296058,0.161068,-0.026078,-0.109710,-0.373626,2.535852,0.292532,0.128230,-0.024963,-0.109700,-0.373600,2.535900,0.292500,0.128200,-0.025000,,,,,,,0
76,1787660175.714,1787660175.7276,0.06662,-0.125786,-0.406505,2.713612,0.296058,0.154932,-0.026078,-0.094644,-0.362327,2.480607,0.302386,0.119320,-0.025092,-0.094600,-0.362300,2.480600,0.302400,0.119300,-0.025100,,,,,,,0
77,1787660175.7505,1787660175.7645,0.0365,-0.118117,-0.388097,2.666059,0.296058,0.139592,-0.026078,-0.085296,-0.354210,2.451178,0.309805,0.111981,-0.024110,-0.085300,-0.354200,2.451200,0.309800,0.112000,-0.024100,,,,,,,0
78,1787660175.8026,1787660175.8173,0.05214,-0.116583,-0.372757,2.604699,0.296058,0.134990,-0.026078,-0.084254,-0.348374,2.423201,0.313647,0.120166,-0.023261,-0.084300,-0.348400,2.423200,0.313600,0.120200,-0.023300,,,,,,,0
79,1787660175.8691,1787660175.8833,0.06649,-0.102777,-0.357418,2.540272,0.302194,0.121184,-0.026078,-0.082521,-0.357087,2.427414,0.310684,0.111999,-0.024124,-0.082500,-0.357100,2.427400,0.310700,0.112000,-0.024100,,,,,,,0
80,1787660175.9083,1787660175.9213,0.03923,-0.093573,-0.349748,2.506525,0.305262,0.119651,-0.026078,-0.091095,-0.352093,2.448200,0.299295,0.137998,-0.024696,-0.091100,-0.352100,2.448200,0.299300,0.138000,-0.024700,,,,,,,0
81,1787660175.9656,1787660175.9795,0.05728,-0.092039,-0.345146,2.460505,0.308330,0.119651,-0.026078,-0.059456,-0.347167,2.450296,0.306844,0.085126,-0.025518,-0.059500,-0.347200,2.450300,0.306800,0.085100,-0.025500,,,,,,,0
82,1787660176.0206,1787660176.0355,0.05496,-0.092039,-0.343612,2.442097,0.308330,0.119651,-0.026078,-0.058518,-0.346693,2.474831,0.300236,0.116885,-0.021842,-0.058500,-0.346700,2.474800,0.300200,0.116900,-0.021800,,,,,,,0
83,1787660176.0601,1787660176.0745,0.03953,-0.092039,-0.343612,2.443631,0.303728,0.122718,-0.026078,-0.070436,-0.352010,2.504188,0.305326,0.121050,-0.007289,-0.070400,-0.352000,2.504200,0.305300,0.121000,-0.007300,,,,,,,0
84,1787660176.1165,1787660176.1315,0.05641,-0.079767,-0.343612,2.457437,0.305262,0.133456,-0.026078,-0.106497,-0.387921,2.523598,0.299555,0.153336,-0.003847,-0.106500,-0.387900,2.523600,0.299600,0.153300,-0.003800,,,,,,,0
85,1787660176.1553,1787660176.1695,0.03883,-0.067495,-0.343612,2.466641,0.305262,0.131922,-0.016874,-0.099142,-0.394542,2.551315,0.291920,0.162516,-0.011841,-0.099100,-0.394500,2.551300,0.291900,0.162500,-0.011800,,,,,,,0
86,1787660176.2146,1787660176.2295,0.05929,-0.065961,-0.343612,2.503457,0.305262,0.125786,-0.010738,-0.073129,-0.390973,2.538750,0.296523,0.153177,-0.009034,-0.073100,-0.391000,2.538700,0.296500,0.153200,-0.009000,,,,,,,0
87,1787660176.2812,1787660176.2956,0.06653,-0.084369,-0.351282,2.535670,0.297592,0.148796,-0.010738,-0.073073,-0.370115,2.516356,0.308719,0.160945,-0.011367,-0.073100,-0.370100,2.516400,0.308700,0.160900,-0.011400,,,,,,,0
88,1787660176.3197,1787660176.3335,0.0386,-0.087437,-0.363553,2.551010,0.296058,0.158000,-0.010738,-0.076905,-0.366963,2.509192,0.316733,0.136949,-0.007769,-0.076900,-0.367000,2.509200,0.316700,0.136900,-0.007800,,,,,,,1
89,1787660176.3776,1787660176.3935,0.0579,-0.084369,-0.369689,2.552544,0.297592,0.158000,-0.010738,-0.079796,-0.358025,2.509726,0.317910,0.167922,-0.005959,-0.079800,-0.358000,2.509700,0.317900,0.167900,-0.006000,,,,,,,1
90,1787660176.4442,1787660176.4575,0.06652,-0.079767,-0.365087,2.534136,0.309864,0.158000,-0.010738,-0.073244,-0.346652,2.491434,0.314723,0.154821,-0.001037,-0.073200,-0.346700,2.491400,0.314700,0.154800,-0.001000,,,,,,,0
91,1787660176.483,1787660176.4965,0.03888,-0.079767,-0.363553,2.528000,0.311398,0.153398,-0.010738,-0.061851,-0.322541,2.497859,0.309948,0.196583,0.039467,-0.061900,-0.322500,2.497900,0.309900,0.196600,0.039500,,,,,,,1
92,1787660176.5398,1787660176.5544,0.05674,-0.079767,-0.354350,2.526466,0.311398,0.145728,-0.010738,-0.031656,-0.315854,2.478989,0.309121,0.185481,0.024287,-0.031700,-0.315900,2.479000,0.309100,0.185500,0.024300,,,,,,,1
93,1787660176.5962,1787660176.6096,0.05637,-0.076699,-0.337476,2.515728,0.311398,0.159534,0.035282,-0.037694,-0.277001,2.453956,0.306741,0.214272,0.183707,-0.037700,-0.277000,2.454000,0.306700,0.214300,0.183700,,,,,,,0
94,1787660176.6355,1787660176.6494,0.03938,-0.067495,-0.320602,2.511127,0.311398,0.179476,0.035282,-0.031143,-0.282276,2.433642,0.302269,0.258695,0.119905,-0.031100,-0.282300,2.433600,0.302300,0.258700,0.119900,,,,,,,0
95,1787660176.6932,1787660176.7076,0.05765,-0.047553,-0.309864,2.504991,0.311398,0.196350,0.036816,-0.007481,-0.277485,2.439069,0.297137,0.250180,0.105735,-0.007500,-0.277500,2.439100,0.297100,0.250200,0.105700,,,,,,,0
96,1787660176.7491,1787660176.7636,0.05589,-0.036816,-0.292990,2.472777,0.308330,0.219359,0.121184,0.007097,-0.263319,2.422534,0.295800,0.268333,0.166926,0.007100,-0.263300,2.422500,0.295800,0.268300,0.166900,,,,,,,0
97,1787660176.7883,1787660176.8027,0.03923,-0.036816,-0.279185,2.455903,0.303728,0.240835,0.121184,0.027518,-0.221453,2.387958,0.294972,0.288884,0.284286,0.027500,-0.221500,2.388000,0.295000,0.288900,0.284300,,,,,,,0
98,1787660176.8449,1787660176.8597,0.05664,-0.019942,-0.273049,2.451301,0.300660,0.259243,0.121184,0.040217,-0.189464,2.372111,0.288851,0.337767,0.319970,0.040200,-0.189500,2.372100,0.288900,0.337800,0.320000,,,,,,,0
99,1787660176.8842,1787660176.8985,0.03925,-0.003068,-0.265379,2.451301,0.300660,0.266913,0.200951,0.025673,-0.147697,2.359877,0.296986,0.369791,0.383961,0.025700,-0.147700,2.359900,0.297000,0.369800,0.384000,,,,,,,0
100,1787660176.9427,1787660176.9575,0.05849,0.018408,-0.228563,2.423690,0.299126,0.286854,0.314466,0.039353,-0.135028,2.351302,0.279968,0.442098,0.406175,0.039400,-0.135000,2.351300,0.280000,0.442100,0.406200,,,,,,,0
101,1787660176.998,1787660177.0115,0.05531,0.032214,-0.190214,2.389942,0.296058,0.317534,0.368155,0.027008,-0.116590,2.330714,0.271365,0.490452,0.435674,0.027000,-0.116600,2.330700,0.271400,0.490500,0.435700,,,,,,,0
102,1787660177.0372,1787660177.0505,0.03918,0.032214,-0.162602,2.376136,0.296058,0.343612,0.397301,0.021118,-0.091531,2.307167,0.274406,0.537917,0.464146,0.021100,-0.091500,2.307200,0.274400,0.537900,0.464100,,,,,,,0
103,1787660177.0957,1787660177.1105,0.05857,0.032214,-0.131922,2.366932,0.283786,0.398835,0.420311,-0.021903,-0.045798,2.303825,0.274004,0.527703,0.505984,-0.021900,-0.045800,2.303800,0.274000,0.527700,0.506000,,,,,,,0
104,1787660177.151,1787660177.1656,0.05524,0.032214,-0.107379,2.348525,0.277651,0.457126,0.463262,-0.020523,-0.026848,2.292619,0.280892,0.607522,0.524017,-0.020500,-0.026800,2.292600,0.280900,0.607500,0.524000,,,,,,,0
105,1787660177.1899,1787660177.2045,0.03889,0.032214,-0.090505,2.330117,0.277651,0.490874,0.477068,-0.042358,0.026762,2.280962,0.298128,0.609385,0.575895,-0.042400,0.026800,2.281000,0.298100,0.609400,0.575900,,,,,,,0
106,1787660177.2463,1787660177.2605,0.05641,0.015340,-0.055223,2.317845,0.276117,0.530757,0.516952,-0.068800,0.046804,2.242721,0.307489,0.634274,0.570975,-0.068800,0.046800,2.242700,0.307500,0.634300,0.571000,,,,,,,0
107,1787660177.2851,1787660177.2996,0.03881,-0.003068,-0.033748,2.314777,0.277651,0.555301,0.536893,-0.077906,0.074617,2.246801,0.304301,0.671629,0.565559,-0.077900,0.074600,2.246800,0.304300,0.671600,0.565600,,,,,,,1
108,1787660177.3366,1787660177.3516,0.05155,-0.026078,0.006136,2.299437,0.289922,0.590583,0.575243,-0.085015,0.096687,2.249908,0.307488,0.698107,0.572953,-0.085000,0.096700,2.249900,0.307500,0.698100,0.573000,,,,,,,1
109,1787660177.4033,1787660177.4165,0.06665,-0.050621,0.052155,2.282563,0.300660,0.632000,0.570641,-0.134287,0.127721,2.251626,0.316516,0.721258,0.583288,-0.134300,0.127700,2.251600,0.316500,0.721300,0.583300,,,,,,,0
110,1787660177.4419,1787660177.4565,0.03858,-0.062893,0.073631,2.267224,0.300660,0.656544,0.570641,-0.181697,0.165263,2.224964,0.319515,0.746703,0.584033,-0.181700,0.165300,2.225000,0.319500,0.746700,0.584000,,,,,,,1
111,1787660177.4981,1787660177.5125,0.05626,-0.076699,0.099709,2.261088,0.303728,0.691825,0.573709,-0.229367,0.174835,2.224538,0.308626,0.746640,0.604887,-0.229400,0.174800,2.224500,0.308600,0.746600,0.604900,,,,,,,1
112,1787660177.5359,1787660177.5496,0.03775,-0.082835,0.119651,2.261088,0.311398,0.710233,0.581379,-0.211161,0.200966,2.212056,0.319983,0.732249,0.593196,-0.211200,0.201000,2.212100,0.320000,0.732200,0.593200,,,,,,,0
113,1787660177.5876,1787660177.6015,0.05172,-0.110447,0.156466,2.250350,0.314466,0.736311,0.582913,-0.225270,0.214300,2.213469,0.322091,0.765569,0.600036,-0.225300,0.214300,2.213500,0.322100,0.765600,0.600000,,,,,,,0
114,1787660177.6542,1787660177.6686,0.06655,-0.171806,0.193282,2.228874,0.312932,0.743981,0.599786,-0.234806,0.232948,2.192478,0.326850,0.736718,0.593990,-0.234800,0.232900,2.192500,0.326900,0.736700,0.594000,,,,,,,0
115,1787660177.691,1787660177.7047,0.03687,-0.197884,0.204019,2.224272,0.312932,0.742447,0.599786,-0.246882,0.258658,2.176462,0.322128,0.687485,0.584972,-0.246900,0.258700,2.176500,0.322100,0.687500,0.585000,,,,,,,0
116,1787660177.7428,1787660177.7577,0.05176,-0.214757,0.222427,2.222738,0.319068,0.740913,0.599786,-0.261595,0.274256,2.156529,0.317151,0.637338,0.579443,-0.261600,0.274300,2.156500,0.317200,0.637300,0.579400,,,,,,,0
117,1787660177.8093,1787660177.8224,0.06655,-0.227029,0.239301,2.213534,0.319068,0.756253,0.587515,-0.265657,0.297765,2.158428,0.309082,0.560273,0.570790,-0.265700,0.297800,2.158400,0.309100,0.560300,0.570800,,,,,,,0
118,1787660177.846,1787660177.8606,0.03672,-0.234699,0.257709,2.195127,0.319068,0.756253,0.585981,-0.262130,0.314998,2.137049,0.305344,0.535149,0.575737,-0.262100,0.315000,2.137000,0.305300,0.535100,0.575700,,,,,,,0
119,1787660177.8978,1787660177.9124,0.05176,-0.248505,0.282252,2.172117,0.319068,0.724039,0.584447,-0.282956,0.325416,2.152277,0.300701,0.480321,0.569501,-0.283000,0.325400,2.152300,0.300700,0.480300,0.569500,,,,,,,0
120,1787660177.9643,1787660177.9777,0.06651,-0.254641,0.302194,2.165981,0.309864,0.653476,0.578311,-0.268621,0.346774,2.152416,0.293969,0.465172,0.562417,-0.268600,0.346800,2.152400,0.294000,0.465200,0.562400,,,,,,,0
121,1787660178.0011,1787660178.0157,0.03675,-0.254641,0.319068,2.153709,0.305262,0.612058,0.576777,-0.268605,0.340298,2.148893,0.310201,0.448586,0.566793,-0.268600,0.340300,2.148900,0.310200,0.448600,0.566800,,,,,,,0
122,1787660178.0527,1787660178.0676,0.05164,-0.262311,0.335942,2.150641,0.296058,0.552233,0.567573,-0.282325,0.356029,2.141384,0.305258,0.397130,0.568231,-0.282300,0.356000,2.141400,0.305300,0.397100,0.568200,,,,,,,0
123,1787660178.1192,1787660178.1337,0.06647,-0.273049,0.345146,2.155243,0.300660,0.490874,0.570641,-0.275415,0.372440,2.137879,0.290543,0.393171,0.561925,-0.275400,0.372400,2.137900,0.290500,0.393200,0.561900,,,,,,,0
124,1787660178.1587,1787660178.1736,0.03957,-0.273049,0.351282,2.150641,0.294524,0.467864,0.567573,-0.305730,0.380525,2.127211,0.291829,0.345108,0.565151,-0.305700,0.380500,2.127200,0.291800,0.345100,0.565200,,,,,,,0
125,1787660178.2156,1787660178.2306,0.05687,-0.269981,0.365087,2.152175,0.308330,0.424913,0.567573,-0.292151,0.386787,2.130233,0.290104,0.365648,0.568640,-0.292200,0.386800,2.130200,0.290100,0.365600,0.568600,,,,,,,0
126,1787660178.2824,1787660178.2966,0.06676,-0.276117,0.386563,2.142971,0.288388,0.388097,0.567573,-0.296524,0.410648,2.129443,0.285427,0.333155,0.565010,-0.296500,0.410600,2.129400,0.285400,0.333200,0.565000,,,,,,,1
127,1787660178.3191,1787660178.3346,0.03672,-0.282252,0.391165,2.138369,0.294524,0.366621,0.567573,-0.287662,0.410855,2.143816,0.293081,0.371909,0.564864,-0.287700,0.410900,2.143800,0.293100,0.371900,0.564900,,,,,,,1
128,1787660178.371,1787660178.3856,0.05193,-0.292990,0.394233,2.138369,0.291456,0.354350,0.567573,-0.305505,0.429305,2.143265,0.293355,0.342597,0.566145,-0.305500,0.429300,2.143300,0.293400,0.342600,0.566100,,,,,,,0
129,1787660178.4375,1787660178.4516,0.06644,-0.294524,0.409573,2.138369,0.289922,0.351282,0.567573,-0.290296,0.459212,2.143700,0.281258,0.346721,0.569445,-0.290300,0.459200,2.143700,0.281300,0.346700,0.569400,,,,,,,1
130,1787660178.4774,1787660178.4916,0.0399,-0.289922,0.420311,2.142971,0.288388,0.357418,0.567573,-0.275141,0.455305,2.140913,0.285041,0.365249,0.569432,-0.275100,0.455300,2.140900,0.285000,0.365200,0.569400,,,,,,,1
131,1787660178.5341,1787660178.5486,0.05675,-0.292990,0.438719,2.144505,0.289922,0.366621,0.567573,-0.291069,0.476028,2.143371,0.282753,0.344375,0.570037,-0.291100,0.476000,2.143400,0.282800,0.344400,0.570000,,,,,,,0
132,1787660178.6003,1787660178.6146,0.06618,-0.296058,0.464796,2.142971,0.279185,0.357418,0.567573,-0.272192,0.489580,2.137432,0.274748,0.369243,0.571152,-0.272200,0.489600,2.137400,0.274700,0.369200,0.571200,,,,,,,0
133,1787660178.6397,1787660178.6544,0.03945,-0.285320,0.469398,2.144505,0.288388,0.357418,0.567573,-0.285701,0.488344,2.140201,0.269515,0.378694,0.565303,-0.285700,0.488300,2.140200,0.269500,0.378700,0.565300,,,,,,,0
134,1787660178.697,1787660178.7106,0.05728,-0.277651,0.483204,2.141437,0.282252,0.352816,0.567573,-0.296007,0.491454,2.136904,0.259203,0.379692,0.566722,-0.296000,0.491500,2.136900,0.259200,0.379700,0.566700,,,,,,,0
135,1787660178.7523,1787660178.7666,0.05523,-0.282252,0.498544,2.141437,0.269981,0.352816,0.567573,-0.295927,0.491652,2.143967,0.246357,0.369668,0.563899,-0.295900,0.491700,2.144000,0.246400,0.369700,0.563900,,,,,,,0
136,1787660178.7925,1787660178.8077,0.04024,-0.282252,0.501612,2.144505,0.277651,0.368155,0.567573,-0.311084,0.485847,2.145100,0.245488,0.368900,0.569654,-0.311100,0.485800,2.145100,0.245500,0.368900,0.569700,,,,,,,0
137,1787660178.8491,1787660178.8636,0.05664,-0.282252,0.500078,2.139903,0.251573,0.377359,0.567573,-0.307446,0.485355,2.150999,0.237197,0.374158,0.559083,-0.307400,0.485400,2.151000,0.237200,0.374200,0.559100,,,,,,,0
138,1787660178.9044,1787660178.9194,0.05524,-0.291456,0.500078,2.142971,0.250039,0.377359,0.567573,-0.311691,0.484097,2.142860,0.235501,0.381426,0.563469,-0.311700,0.484100,2.142900,0.235500,0.381400,0.563500,,,,,,,0
139,1787660178.9431,1787660178.9577,0.03873,-0.300660,0.501612,2.153709,0.256175,0.375825,0.569107,-0.305469,0.488147,2.164612,0.203790,0.370674,0.560676,-0.305500,0.488100,2.164600,0.203800,0.370700,0.560700,,,,,,,0
140,1787660178.9998,1787660179.0147,0.05666,-0.302194,0.500078,2.142971,0.233165,0.375825,0.559903,-0.299182,0.502987,2.155085,0.222850,0.381049,0.556312,-0.299200,0.503000,2.155100,0.222900,0.381000,0.556300,,,,,,,0
141,1787660179.0394,1787660179.0525,0.03962,-0.302194,0.500078,2.136835,0.233165,0.375825,0.559903,-0.308215,0.507559,2.153140,0.211325,0.392813,0.550914,-0.308200,0.507600,2.153100,0.211300,0.392800,0.550900,,,,,,,0
142,1787660179.0991,1787660179.1127,0.05966,-0.302194,0.500078,2.165981,0.225495,0.375825,0.559903,-0.315040,0.511736,2.146555,0.211889,0.393003,0.557544,-0.315000,0.511700,2.146600,0.211900,0.393000,0.557500,,,,,,,0
143,1787660179.1655,1787660179.1787,0.06642,-0.302194,0.516952,2.149107,0.202485,0.389631,0.550699,-0.306591,0.516748,2.149982,0.222753,0.397277,0.554183,-0.306600,0.516700,2.150000,0.222800,0.397300,0.554200,,,,,,,0
144,1787660179.2044,1787660179.2177,0.03895,-0.302194,0.518486,2.141437,0.207087,0.391165,0.552233,-0.304887,0.526516,2.144984,0.222505,0.395574,0.545035,-0.304900,0.526500,2.145000,0.222500,0.395600,0.545000,,,,,,,0
145,1787660179.2616,1787660179.2747,0.05712,-0.302194,0.520019,2.162913,0.220893,0.391165,0.556835,-0.315143,0.519659,2.148411,0.215931,0.390006,0.540392,-0.315100,0.519700,2.148400,0.215900,0.390000,0.540400,,,,,,,1
146,1787660179.3176,1787660179.3317,0.05602,-0.302194,0.529223,2.149107,0.210155,0.395767,0.543029,-0.315907,0.519112,2.139033,0.210089,0.386147,0.532649,-0.315900,0.519100,2.139000,0.210100,0.386100,0.532600,,,,,,,1
147,1787660179.3568,1787660179.3706,0.03921,-0.302194,0.533825,2.146039,0.213223,0.395767,0.544563,-0.317947,0.513430,2.156527,0.211263,0.398646,0.516969,-0.317900,0.513400,2.156500,0.211300,0.398600,0.517000,,,,,,,0
148,1787660179.4132,1787660179.4265,0.05644,-0.303728,0.533825,2.159845,0.223961,0.394233,0.543029,-0.317345,0.530601,2.169995,0.205185,0.399060,0.504706,-0.317300,0.530600,2.170000,0.205200,0.399100,0.504700,,,,,,,1
149,1787660179.4518,1787660179.4666,0.03859,-0.308330,0.533825,2.152175,0.208621,0.394233,0.524621,-0.315548,0.532980,2.169456,0.200834,0.410425,0.441864,-0.315500,0.533000,2.169500,0.200800,0.410400,0.441900,,,,,,,1
150,1787660179.5108,1787660179.5255,0.05902,-0.309864,0.533825,2.146039,0.205553,0.397301,0.513884,-0.314371,0.531487,2.172203,0.199352,0.406508,0.307415,-0.314400,0.531500,2.172200,0.199400,0.406500,0.307400,,,,,,,0
151,1787660179.5775,1787660179.5925,0.06665,-0.309864,0.538427,2.175185,0.213223,0.403437,0.444854,-0.309597,0.535480,2.164688,0.203582,0.430193,0.157236,-0.309600,0.535500,2.164700,0.203600,0.430200,0.157200,,,,,,,0
152,1787660179.6164,1787660179.6307,0.03888,-0.309864,0.541495,2.170583,0.197884,0.408039,0.432583,-0.314475,0.551317,2.172415,0.203733,0.435759,0.084603,-0.314500,0.551300,2.172400,0.203700,0.435800,0.084600,,,,,,,0
153,1787660179.6741,1787660179.6884,0.05774,-0.309864,0.539961,2.167515,0.194816,0.408039,0.265379,-0.312685,0.551886,2.166750,0.208876,0.436787,0.057039,-0.312700,0.551900,2.166700,0.208900,0.436800,0.057000,,,,,,,0
154,1787660179.73,1787660179.7445,0.05591,-0.309864,0.550699,2.175185,0.205553,0.424913,0.098175,-0.315028,0.544462,2.167520,0.207996,0.447813,0.087969,-0.315000,0.544500,2.167500,0.208000,0.447800,0.088000,,,,,,,0
155,1787660179.7694,1787660179.7826,0.03935,-0.309864,0.559903,2.172117,0.205553,0.434117,0.059825,-0.318863,0.538283,2.164861,0.205605,0.449585,0.285974,-0.318900,0.538300,2.164900,0.205600,0.449600,0.286000,,,,,,,0
156,1787660179.8271,1787660179.8415,0.05774,-0.309864,0.561437,2.172117,0.205553,0.435651,0.067495,-0.321655,0.529935,2.173602,0.205495,0.440903,0.328982,-0.321700,0.529900,2.173600,0.205500,0.440900,0.329000,,,,,,,0
157,1787660179.8934,1787660179.9065,0.06626,-0.309864,0.561437,2.172117,0.205553,0.446388,0.173340,-0.316887,0.537331,2.169702,0.205675,0.436494,0.353400,-0.316900,0.537300,2.169700,0.205700,0.436500,0.353400,,,,,,,0
158,1787660179.9324,1787660179.9455,0.03903,-0.309864,0.561437,2.172117,0.205553,0.446388,0.289922,-0.316558,0.532195,2.174149,0.205044,0.435327,0.325965,-0.316600,0.532200,2.174100,0.205000,0.435300,0.326000,,,,,,,0
159,1787660179.9886,1787660180.0036,0.05622,-0.312932,0.559903,2.175185,0.207087,0.446388,0.340544,-0.312519,0.531894,2.177632,0.202910,0.434620,0.161722,-0.312500,0.531900,2.177600,0.202900,0.434600,0.161700,,,,,,,0
160,1787660180.0442,1787660180.0585,0.05553,-0.312932,0.559903,2.175185,0.207087,0.443320,0.332874,-0.316569,0.535974,2.176692,0.211466,0.430910,0.041505,-0.316600,0.536000,2.176700,0.211500,0.430900,0.041500,,,,,,,0
161,1787660180.0832,1787660180.0965,0.039,-0.312932,0.559903,2.176719,0.207087,0.440252,0.316000,-0.318459,0.531284,2.189250,0.203269,0.430486,0.009980,-0.318500,0.531300,2.189200,0.203300,0.430500,0.010000,,,,,,,0
162,1787660180.1402,1787660180.1544,0.05701,-0.312932,0.559903,2.178253,0.207087,0.440252,0.131922,-0.312005,0.500763,2.183906,0.211759,0.422076,-0.024540,-0.312000,0.500800,2.183900,0.211800,0.422100,-0.024500,,,,,,,0
163,1787660180.1793,1787660180.1936,0.03911,-0.312932,0.559903,2.178253,0.207087,0.437185,0.032214,-0.308945,0.462688,2.178506,0.209212,0.429035,-0.021501,-0.308900,0.462700,2.178500,0.209200,0.429000,-0.021500,,,,,,,0
164,1787660180.2361,1787660180.2507,0.05679,-0.312932,0.559903,2.184389,0.204019,0.434117,-0.003068,-0.315310,0.438704,2.170618,0.216842,0.421530,-0.018958,-0.315300,0.438700,2.170600,0.216800,0.421500,-0.019000,,,,,,,1
165,1787660180.3058,1787660180.3194,0.06976,-0.312932,0.547631,2.185923,0.208621,0.429515,-0.019942,-0.319549,0.400115,2.164273,0.213165,0.446961,-0.021616,-0.319500,0.400100,2.164300,0.213200,0.447000,-0.021600,,,,,,,1
166,1787660180.345,1787660180.3587,0.03915,-0.312932,0.524621,2.185923,0.208621,0.429515,-0.019942,-0.321334,0.376594,2.151689,0.216433,0.465263,-0.022697,-0.321300,0.376600,2.151700,0.216400,0.465300,-0.022700,,,,,,,0
167,1787660180.4023,1787660180.4156,0.05734,-0.312932,0.477068,2.179787,0.208621,0.427981,-0.019942,-0.332222,0.305712,2.140189,0.221691,0.468348,-0.024921,-0.332200,0.305700,2.140200,0.221700,0.468300,-0.024900,,,,,,,1
168,1787660180.4686,1787660180.4837,0.06625,-0.312932,0.443320,2.169049,0.208621,0.446388,-0.019942,-0.335858,0.277853,2.116127,0.218754,0.482804,-0.024154,-0.335900,0.277900,2.116100,0.218800,0.482800,-0.024200,,,,,,,1
169,1787660180.5072,1787660180.5213,0.03862,-0.312932,0.424913,2.164447,0.208621,0.458660,-0.019942,-0.333831,0.242908,2.103950,0.224254,0.492632,-0.027627,-0.333800,0.242900,2.104000,0.224300,0.492600,-0.027600,,,,,,,0
170,1787660180.5651,1787660180.5795,0.05788,-0.322136,0.380427,2.152175,0.216291,0.466330,-0.019942,-0.334799,0.198532,2.082925,0.219260,0.496368,-0.032561,-0.334800,0.198500,2.082900,0.219300,0.496400,-0.032600,,,,,,,0
171,1787660180.6318,1787660180.6466,0.06678,-0.326738,0.325204,2.129165,0.219359,0.487806,-0.023010,-0.337482,0.153469,2.049332,0.223986,0.524334,-0.029726,-0.337500,0.153500,2.049300,0.224000,0.524300,-0.029700,,,,,,,0
172,1787660180.6705,1787660180.6845,0.03862,-0.326738,0.296058,2.118427,0.217825,0.490874,-0.026078,-0.330401,0.107291,2.000621,0.231590,0.555336,-0.030039,-0.330400,0.107300,2.000600,0.231600,0.555300,-0.030000,,,,,,,0
173,1787660180.7275,1787660180.7426,0.05702,-0.326738,0.251573,2.100020,0.217825,0.497010,-0.026078,-0.327243,0.078525,1.947753,0.238859,0.654050,-0.030002,-0.327200,0.078500,1.947800,0.238900,0.654100,-0.030000,,,,,,,0
174,1787660180.7651,1787660180.7795,0.03761,-0.326738,0.228563,2.084680,0.219359,0.507748,-0.026078,-0.319191,0.067710,1.893866,0.247616,0.763076,-0.028671,-0.319200,0.067700,1.893900,0.247600,0.763100,-0.028700,,,,,,,0
175,1787660180.8163,1787660180.8306,0.05124,-0.326738,0.182544,2.047864,0.227029,0.536893,-0.026078,-0.305978,0.060429,1.877889,0.254878,0.856184,-0.028913,-0.306000,0.060400,1.877900,0.254900,0.856200,-0.028900,,,,,,,0
176,1787660180.8828,1787660180.8976,0.06644,-0.325204,0.125786,1.992641,0.240835,0.581379,-0.026078,-0.279363,0.057474,1.852000,0.261929,0.913883,-0.033492,-0.279400,0.057500,1.852000,0.261900,0.913900,-0.033500,,,,,,,0
177,1787660180.9215,1787660180.9365,0.03868,-0.323670,0.105845,1.960427,0.243903,0.619728,-0.026078,-0.263193,0.070061,1.858801,0.265096,0.965406,-0.027198,-0.263200,0.070100,1.858800,0.265100,0.965400,-0.027200,,,,,,,0
178,1787660180.9785,1787660180.9935,0.05703,-0.311398,0.093573,1.912874,0.253107,0.705631,-0.026078,-0.250543,0.086409,1.859751,0.267682,1.051376,-0.030626,-0.250500,0.086400,1.859800,0.267700,1.051400,-0.030600,,,,,,,0
179,1787660181.016,1787660181.0296,0.03749,-0.299126,0.090505,1.889864,0.259243,0.760854,-0.026078,-0.237560,0.080348,1.846325,0.275261,1.112489,-0.037271,-0.237600,0.080300,1.846300,0.275300,1.112500,-0.037300,,,,,,,0
180,1787660181.0673,1787660181.0805,0.05132,-0.276117,0.090505,1.871457,0.262311,0.843689,-0.026078,-0.234668,0.079412,1.869127,0.286216,1.176002,-0.040260,-0.234700,0.079400,1.869100,0.286200,1.176000,-0.040300,,,,,,,0
181,1787660181.1229,1787660181.1365,0.05557,-0.254641,0.092039,1.869923,0.268447,0.926524,-0.029146,-0.209338,0.082642,1.876653,0.280525,1.194830,-0.039710,-0.209300,0.082600,1.876700,0.280500,1.194800,-0.039700,,,,,,,0
182,1787660181.1785,1787660181.1935,0.05566,-0.242369,0.092039,1.869923,0.276117,1.015495,-0.033748,-0.194396,0.088416,1.897679,0.280703,1.254135,-0.031936,-0.194400,0.088400,1.897700,0.280700,1.254100,-0.031900,,,,,,,0
183,1787660181.2182,1787660181.2336,0.03963,-0.239301,0.092039,1.869923,0.280718,1.064583,-0.033748,-0.179574,0.092917,1.898077,0.293766,1.262138,-0.036871,-0.179600,0.092900,1.898100,0.293800,1.262100,-0.036900,,,,,,,1
184,1787660181.2774,1787660181.2916,0.05925,-0.225495,0.092039,1.883728,0.280718,1.138214,-0.033748,-0.152452,0.097442,1.918693,0.293109,1.270957,-0.036157,-0.152500,0.097400,1.918700,0.293100,1.271000,-0.036200,,,,,,,1
185,1787660181.3324,1787660181.3476,0.05501,-0.197884,0.099709,1.899068,0.282252,1.199573,-0.033748,-0.130106,0.109829,1.931244,0.287726,1.290420,-0.040083,-0.130100,0.109800,1.931200,0.287700,1.290400,-0.040100,,,,,,,0
186,1787660181.3884,1787660181.4017,0.05599,-0.174874,0.102777,1.905204,0.289922,1.244058,-0.033748,-0.100653,0.098911,1.963274,0.287631,1.332130,-0.035481,-0.100700,0.098900,1.963300,0.287600,1.332100,-0.035500,,,,,,,1
187,1787660181.428,1787660181.4427,0.03959,-0.164136,0.102777,1.914408,0.289922,1.262466,-0.033748,-0.096145,0.098992,1.995669,0.268739,1.310124,-0.029060,-0.096100,0.099000,1.995700,0.268700,1.310100,-0.029100,,,,,,,1
188,1787660181.4848,1787660181.4996,0.05683,-0.141126,0.115049,1.935884,0.289922,1.287010,-0.033748,-0.086978,0.100690,1.996526,0.270617,1.334631,-0.030471,-0.087000,0.100700,1.996500,0.270600,1.334600,-0.030500,,,,,,,0
189,1787660181.5236,1787660181.5384,0.03873,-0.122718,0.118117,1.948156,0.288388,1.302350,-0.033748,-0.083562,0.096565,2.020311,0.287482,1.303501,-0.034809,-0.083600,0.096600,2.020300,0.287500,1.303500,-0.034800,,,,,,,0
190,1787660181.5833,1787660181.5977,0.05978,-0.101243,0.116583,1.989573,0.276117,1.319223,-0.033748,-0.088444,0.108106,2.026356,0.269573,1.351095,-0.031208,-0.088400,0.108100,2.026400,0.269600,1.351100,-0.031200,,,,,,,0
191,1787660181.6388,1787660181.6533,0.05548,-0.090505,0.115049,2.006447,0.274583,1.329961,-0.033748,-0.088342,0.105433,2.049447,0.275863,1.373702,-0.036314,-0.088300,0.105400,2.049400,0.275900,1.373700,-0.036300,,,,,,,0
192,1787660181.6782,1787660181.6927,0.0394,-0.088971,0.116583,2.023321,0.280718,1.329961,-0.033748,-0.099206,0.105178,2.064804,0.281552,1.386148,-0.039457,-0.099200,0.105200,2.064800,0.281600,1.386100,-0.039500,,,,,,,0
193,1787660181.7357,1787660181.7506,0.0575,-0.088971,0.116583,2.030991,0.280718,1.333029,-0.032214,-0.096621,0.096449,2.066407,0.294214,1.385406,-0.040095,-0.096600,0.096400,2.066400,0.294200,1.385400,-0.040100,,,,,,,0
194,1787660181.7922,1787660181.8053,0.05653,-0.088971,0.116583,2.046330,0.271515,1.360641,-0.033748,-0.084068,0.101340,2.072195,0.277549,1.411657,-0.037982,-0.084100,0.101300,2.072200,0.277500,1.411700,-0.038000,,,,,,,0
195,1787660181.8316,1787660181.8466,0.03936,-0.088971,0.116583,2.066272,0.282252,1.375981,-0.033748,-0.098075,0.093170,2.062315,0.292173,1.422831,-0.040025,-0.098100,0.093200,2.062300,0.292200,1.422800,-0.040000,,,,,,,0
196,1787660181.8885,1787660181.9026,0.05686,-0.090505,0.118117,2.070874,0.288388,1.385185,-0.033748,-0.105675,0.092590,2.070229,0.295475,1.399287,-0.042677,-0.105700,0.092600,2.070200,0.295500,1.399300,-0.042700,,,,,,,0
197,1787660181.9444,1787660181.9595,0.05592,-0.090505,0.115049,2.073942,0.286854,1.403592,-0.033748,-0.111465,0.103927,2.074263,0.291921,1.389166,-0.036715,-0.111500,0.103900,2.074300,0.291900,1.389200,-0.036700,,,,,,,0
198,1787660181.9833,1787660181.9965,0.03897,-0.088971,0.115049,2.070874,0.286854,1.415864,-0.033748,-0.119566,0.118099,2.073100,0.273981,1.402262,-0.043915,-0.119600,0.118100,2.073100,0.274000,1.402300,-0.043900,,,,,,,0
199,1787660182.0401,1787660182.0544,0.05676,-0.095107,0.116583,2.078544,0.291456,1.415864,-0.033748,-0.123454,0.115520,2.086718,0.275056,1.368354,-0.035717,-0.123500,0.115500,2.086700,0.275100,1.368400,-0.035700,,,,,,,0
200,1787660182.0801,1787660182.0936,0.04003,-0.102777,0.116583,2.078544,0.289922,1.405126,-0.035282,-0.113125,0.105542,2.103300,0.263276,1.358042,-0.035857,-0.113100,0.105500,2.103300,0.263300,1.358000,-0.035900,,,,,,,0
201,1787660182.1384,1787660182.1515,0.05822,-0.110447,0.124252,2.078544,0.280718,1.397456,-0.039884,-0.112253,0.079816,2.133559,0.252658,1.343819,-0.036830,-0.112300,0.079800,2.133600,0.252700,1.343800,-0.036800,,,,,,,0
202,1787660182.2048,1787660182.2186,0.0664,-0.111981,0.125786,2.100020,0.271515,1.377515,-0.039884,-0.115314,0.088193,2.139804,0.249385,1.345951,-0.042663,-0.115300,0.088200,2.139800,0.249400,1.346000,-0.042700,,,,,,,1
203,1787660182.2438,1787660182.2585,0.03904,-0.111981,0.124252,2.107690,0.268447,1.365243,-0.039884,-0.122080,0.081948,2.144756,0.238717,1.321499,-0.038117,-0.122100,0.081900,2.144800,0.238700,1.321500,-0.038100,,,,,,,1
204,1787660182.3014,1787660182.3155,0.05762,-0.111981,0.119651,2.126097,0.254641,1.351437,-0.039884,-0.115523,0.081062,2.142802,0.239894,1.309708,-0.036390,-0.115500,0.081100,2.142800,0.239900,1.309700,-0.036400,,,,,,,0
205,1787660182.3679,1787660182.3827,0.06648,-0.113515,0.116583,2.146039,0.250039,1.343767,-0.039884,-0.118627,0.087081,2.168613,0.215281,1.328620,-0.041671,-0.118600,0.087100,2.168600,0.215300,1.328600,-0.041700,,,,,,,1
206,1787660182.4071,1787660182.4204,0.03924,-0.113515,0.115049,2.146039,0.242369,1.329961,-0.039884,-0.124006,0.083412,2.167446,0.211740,1.325884,-0.030597,-0.124000,0.083400,2.167400,0.211700,1.325900,-0.030600,,,,,,,1
207,1787660182.4645,1787660182.4785,0.05739,-0.113515,0.115049,2.150641,0.243903,1.319223,-0.039884,-0.125116,0.093121,2.182308,0.212545,1.309317,-0.033444,-0.125100,0.093100,2.182300,0.212500,1.309300,-0.033400,,,,,,,0
208,1787660182.5311,1787660182.5456,0.06655,-0.113515,0.115049,2.167515,0.220893,1.320757,-0.036816,-0.125519,0.100518,2.186888,0.193693,1.332630,-0.038443,-0.125500,0.100500,2.186900,0.193700,1.332600,-0.038400,,,,,,,0
209,1787660182.5698,1787660182.5846,0.0387,-0.113515,0.115049,2.173651,0.217825,1.322291,-0.029146,-0.124204,0.088739,2.199390,0.196718,1.308254,-0.030019,-0.124200,0.088700,2.199400,0.196700,1.308300,-0.030000,,,,,,,0
210,1787660182.6274,1787660182.6416,0.05764,-0.113515,0.115049,2.184389,0.214757,1.320757,-0.033748,-0.112324,0.085485,2.193960,0.195740,1.334643,-0.018049,-0.112300,0.085500,2.194000,0.195700,1.334600,-0.018000,,,,,,,0
211,1787660182.6825,1787660182.6976,0.05514,-0.113515,0.115049,2.193593,0.202485,1.319223,-0.032214,-0.114613,0.079940,2.159147,0.219058,1.363626,-0.014318,-0.114600,0.079900,2.159100,0.219100,1.363600,-0.014300,,,,,,,0
212,1787660182.7217,1787660182.7364,0.03914,-0.113515,0.115049,2.196660,0.193282,1.317689,-0.032214,-0.113179,0.066885,2.163822,0.232961,1.342288,-0.006292,-0.113200,0.066900,2.163800,0.233000,1.342300,-0.006300,,,,,,,0
213,1787660182.7782,1787660182.7917,0.05648,-0.113515,0.115049,2.199728,0.200951,1.320757,-0.016874,-0.109044,0.049900,2.173942,0.242031,1.307195,-0.010145,-0.109000,0.049900,2.173900,0.242000,1.307200,-0.010100,,,,,,,0
214,1787660182.8168,1787660182.8316,0.03865,-0.113515,0.115049,2.193593,0.202485,1.340699,-0.016874,-0.102750,0.053288,2.136709,0.252086,1.355306,0.040193,-0.102700,0.053300,2.136700,0.252100,1.355300,0.040200,,,,,,,0
215,1787660182.8766,1787660182.8915,0.05974,-0.113515,0.102777,2.185923,0.227029,1.359107,-0.009204,-0.104376,0.057738,2.151379,0.254817,1.324322,0.040244,-0.104400,0.057700,2.151400,0.254800,1.324300,0.040200,,,,,,,0
216,1787660182.9432,1787660182.9563,0.06664,-0.110447,0.082835,2.184389,0.245437,1.359107,0.044485,-0.108051,0.071948,2.152211,0.248349,1.353070,0.065217,-0.108100,0.071900,2.152200,0.248300,1.353100,0.065200,,,,,,,0
217,1787660182.9818,1787660182.9966,0.03864,-0.108913,0.082835,2.181321,0.246971,1.359107,0.044485,-0.111065,0.091737,2.140848,0.240513,1.326418,0.159321,-0.111100,0.091700,2.140800,0.240500,1.326400,0.159300,,,,,,,0
218,1787660183.0378,1787660183.0525,0.05602,-0.108913,0.082835,2.169049,0.250039,1.345301,0.047553,-0.111171,0.100898,2.141162,0.240062,1.327592,0.197904,-0.111200,0.100900,2.141200,0.240100,1.327600,0.197900,,,,,,,0
219,1787660183.0936,1787660183.1086,0.05573,-0.108913,0.084369,2.169049,0.248505,1.333029,0.116583,-0.110266,0.100977,2.138151,0.251385,1.319587,0.204230,-0.110300,0.101000,2.138200,0.251400,1.319600,0.204200,,,,,,,0
220,1787660183.1334,1787660183.1465,0.03979,-0.108913,0.096641,2.161379,0.245437,1.331495,0.188680,-0.103144,0.113621,2.143851,0.231584,1.310980,0.172210,-0.103100,0.113600,2.143900,0.231600,1.311000,0.172200,,,,,,,0
221,1787660183.19,1787660183.2046,0.05659,-0.108913,0.110447,2.159845,0.243903,1.331495,0.205553,-0.098447,0.118263,2.151525,0.238385,1.310162,0.201908,-0.098400,0.118300,2.151500,0.238400,1.310200,0.201900,,,,,,,1
222,1787660183.2294,1787660183.2436,0.0394,-0.108913,0.110447,2.158311,0.245437,1.325359,0.196350,-0.100947,0.123050,2.154561,0.245010,1.301386,0.187969,-0.100900,0.123100,2.154600,0.245000,1.301400,0.188000,,,,,,,1
223,1787660183.2885,1787660183.3024,0.05911,-0.105845,0.119651,2.158311,0.242369,1.317689,0.181010,-0.101511,0.131346,2.146693,0.236832,1.305453,0.228264,-0.101500,0.131300,2.146700,0.236800,1.305500,0.228300,,,,,,,0
224,1787660183.3439,1787660183.3576,0.0554,-0.104311,0.127320,2.159845,0.240835,1.311554,0.191748,-0.099244,0.126670,2.134612,0.239020,1.312897,0.249337,-0.099200,0.126700,2.134600,0.239000,1.312900,0.249300,,,,,,,1
225,1787660183.3839,1787660183.3976,0.04,-0.104311,0.130388,2.161379,0.240835,1.308486,0.197884,-0.085964,0.137231,2.136065,0.229796,1.309011,0.239546,-0.086000,0.137200,2.136100,0.229800,1.309000,0.239500,,,,,,,1
226,1787660183.4415,1787660183.4564,0.05767,-0.104311,0.136524,2.159845,0.239301,1.308486,0.240835,-0.089757,0.134653,2.137101,0.224401,1.325998,0.229333,-0.089800,0.134700,2.137100,0.224400,1.326000,0.229300,,,,,,,0
227,1787660183.4972,1787660183.5116,0.05561,-0.102777,0.141126,2.155243,0.239301,1.308486,0.242369,-0.095448,0.143017,2.140632,0.218233,1.313573,0.216558,-0.095400,0.143000,2.140600,0.218200,1.313600,0.216600,,,,,,,0
228,1787660183.5365,1787660183.5515,0.03936,-0.098175,0.141126,2.155243,0.233165,1.308486,0.237767,-0.097808,0.153281,2.125457,0.227062,1.349513,0.236514,-0.097800,0.153300,2.125500,0.227100,1.349500,0.236500,,,,,,,0
229,1787660183.5936,1787660183.6085,0.05712,-0.096641,0.141126,2.152175,0.225495,1.319223,0.223961,-0.102383,0.174770,2.093275,0.225984,1.361254,0.275248,-0.102400,0.174800,2.093300,0.226000,1.361300,0.275200,,,,,,,0
230,1787660183.6491,1787660183.6636,0.05547,-0.096641,0.156466,2.152175,0.222427,1.322291,0.236233,-0.088103,0.188609,2.075710,0.234395,1.373624,0.322989,-0.088100,0.188600,2.075700,0.234400,1.373600,0.323000,,,,,,,0
231,1787660183.6889,1787660183.7037,0.03975,-0.096641,0.159534,2.147573,0.222427,1.331495,0.240835,-0.067182,0.207989,2.043519,0.261082,1.378194,0.374550,-0.067200,0.208000,2.043500,0.261100,1.378200,0.374600,,,,,,,0
232,1787660183.7459,1787660183.7607,0.05705,-0.096641,0.179476,2.121495,0.222427,1.356039,0.285320,-0.066184,0.220675,2.045403,0.258885,1.371718,0.360896,-0.066200,0.220700,2.045400,0.258900,1.371700,0.360900,,,,,,,0
233,1787660183.8021,1787660183.8165,0.05616,-0.092039,0.202485,2.089282,0.236233,1.372913,0.377359,-0.063516,0.226600,2.028311,0.264564,1.335218,0.370921,-0.063500,0.226600,2.028300,0.264600,1.335200,0.370900,,,,,,,0
234,1787660183.8411,1787660183.8554,0.03907,-0.081301,0.216291,2.070874,0.250039,1.372913,0.369689,-0.064049,0.229108,2.044172,0.266710,1.335774,0.382343,-0.064000,0.229100,2.044200,0.266700,1.335800,0.382300,,,,,,,0
235,1787660183.8974,1787660183.9116,0.05632,-0.067495,0.230097,2.058602,0.254641,1.372913,0.363553,-0.065636,0.241179,2.045339,0.273937,1.332160,0.384753,-0.065600,0.241200,2.045300,0.273900,1.332200,0.384800,,,,,,,0
236,1787660183.9364,1787660183.9495,0.03895,-0.065961,0.233165,2.052466,0.260777,1.366777,0.381961,-0.063920,0.248645,2.055221,0.279674,1.322997,0.388672,-0.063900,0.248600,2.055200,0.279700,1.323000,0.388700,,,,,,,0
237,1787660183.9967,1787660184.0116,0.06026,-0.065961,0.234699,2.046330,0.263845,1.343767,0.381961,-0.071016,0.252471,2.057915,0.285091,1.342208,0.422340,-0.071000,0.252500,2.057900,0.285100,1.342200,0.422300,,,,,,,0
238,1787660184.0632,1787660184.0766,0.06655,-0.065961,0.253107,2.054000,0.273049,1.331495,0.381961,-0.064248,0.250427,2.066149,0.283284,1.324662,0.431408,-0.064200,0.250400,2.066100,0.283300,1.324700,0.431400,,,,,,,0
239,1787660184.1024,1787660184.1166,0.03922,-0.065961,0.259243,2.060136,0.277651,1.328427,0.394233,-0.066532,0.258175,2.059668,0.288091,1.336582,0.445653,-0.066500,0.258200,2.059700,0.288100,1.336600,0.445700,,,,,,,0
240,1787660184.1594,1787660184.1746,0.05693,-0.065961,0.263845,2.061670,0.279185,1.334563,0.424913,-0.074519,0.266411,2.061362,0.285716,1.350585,0.434708,-0.074500,0.266400,2.061400,0.285700,1.350600,0.434700,,,,,,,1
241,1787660184.215,1787660184.2285,0.05561,-0.065961,0.260777,2.063204,0.282252,1.337631,0.443320,-0.074961,0.268646,2.061845,0.292759,1.340056,0.439309,-0.075000,0.268600,2.061800,0.292800,1.340100,0.439300,,,,,,,1
242,1787660184.2547,1787660184.2696,0.03973,-0.065961,0.266913,2.064738,0.283786,1.339165,0.443320,-0.074298,0.262914,2.056853,0.297531,1.338278,0.441526,-0.074300,0.262900,2.056900,0.297500,1.338300,0.441500,,,,,,,0
243,1787660184.3122,1787660184.3256,0.0575,-0.067495,0.277651,2.064738,0.283786,1.345301,0.441786,-0.079168,0.276432,2.066402,0.289256,1.347672,0.437873,-0.079200,0.276400,2.066400,0.289300,1.347700,0.437900,,,,,,,1
244,1787660184.3674,1787660184.3824,0.05522,-0.067495,0.277651,2.064738,0.291456,1.345301,0.441786,-0.081835,0.281265,2.082475,0.286879,1.350545,0.433976,-0.081800,0.281300,2.082500,0.286900,1.350500,0.434000,,,,,,,1
245,1787660184.407,1787660184.4204,0.03956,-0.069029,0.277651,2.064738,0.292990,1.345301,0.441786,-0.092539,0.287075,2.079781,0.278255,1.343417,0.434113,-0.092500,0.287100,2.079800,0.278300,1.343400,0.434100,,,,,,,0
246,1787660184.464,1787660184.4785,0.05701,-0.069029,0.283786,2.069340,0.292990,1.345301,0.440252,-0.086959,0.294520,2.088902,0.268758,1.327394,0.432260,-0.087000,0.294500,2.088900,0.268800,1.327400,0.432300,,,,,,,0
247,1787660184.5033,1787660184.5166,0.03928,-0.070563,0.288388,2.078544,0.289922,1.343767,0.437185,-0.098116,0.297503,2.061897,0.273089,1.338789,0.429781,-0.098100,0.297500,2.061900,0.273100,1.338800,0.429800,,,,,,,0
248,1787660184.5619,1787660184.5766,0.0586,-0.078233,0.297592,2.084680,0.280718,1.343767,0.437185,-0.094896,0.301468,2.049120,0.268639,1.352977,0.436010,-0.094900,0.301500,2.049100,0.268600,1.353000,0.436000,,,,,,,0
249,1787660184.617,1787660184.6315,0.05513,-0.081301,0.303728,2.089282,0.274583,1.337631,0.437185,-0.089510,0.312367,2.035574,0.269086,1.365123,0.429944,-0.089500,0.312400,2.035600,0.269100,1.365100,0.429900,,,,,,,0
250,1787660184.6557,1787660184.6695,0.03873,-0.082835,0.306796,2.087748,0.274583,1.336097,0.437185,-0.087922,0.317561,2.020004,0.272227,1.372520,0.427100,-0.087900,0.317600,2.020000,0.272200,1.372500,0.427100,,,,,,,0
251,1787660184.7148,1787660184.7296,0.05904,-0.084369,0.308330,2.066272,0.274583,1.351437,0.437185,-0.092843,0.322914,2.011302,0.275259,1.367828,0.436660,-0.092800,0.322900,2.011300,0.275300,1.367800,0.436700,,,,,,,0
252,1787660184.7705,1787660184.7855,0.05579,-0.084369,0.322136,2.044796,0.274583,1.366777,0.432583,-0.084662,0.330075,2.001397,0.270135,1.356081,0.426950,-0.084700,0.330100,2.001400,0.270100,1.356100,0.426900,,,,,,,0
253,1787660184.8098,1787660184.8245,0.03923,-0.084369,0.326738,2.034059,0.274583,1.368311,0.431049,-0.085695,0.331528,2.004638,0.267593,1.361326,0.427365,-0.085700,0.331500,2.004600,0.267600,1.361300,0.427400,,,,,,,0
254,1787660184.8678,1787660184.8827,0.05801,-0.084369,0.332874,2.026389,0.274583,1.368311,0.429515,-0.091588,0.336911,2.003032,0.273459,1.338337,0.422948,-0.091600,0.336900,2.003000,0.273500,1.338300,0.422900,,,,,,,0
255,1787660184.9229,1787660184.9377,0.05514,-0.084369,0.337476,2.017185,0.271515,1.366777,0.429515,-0.086912,0.339484,2.008745,0.268668,1.347914,0.424244,-0.086900,0.339500,2.008700,0.268700,1.347900,0.424200,,,,,,,0
256,1787660184.9625,1787660184.9757,0.03963,-0.084369,0.340544,2.017185,0.269981,1.366777,0.429515,-0.089413,0.354177,2.008658,0.269952,1.341632,0.420790,-0.089400,0.354200,2.008700,0.270000,1.341600,0.420800,,,,,,,0
257,1787660185.019,1787660185.0336,0.05647,-0.084369,0.346680,2.017185,0.271515,1.349903,0.429515,-0.083898,0.371095,2.026810,0.269751,1.331425,0.419118,-0.083900,0.371100,2.026800,0.269800,1.331400,0.419100,,,,,,,0
258,1787660185.0749,1787660185.0894,0.05591,-0.084369,0.351282,2.017185,0.271515,1.345301,0.424913,-0.098852,0.367918,2.003293,0.282593,1.325076,0.420811,-0.098900,0.367900,2.003300,0.282600,1.325100,0.420800,,,,,,,0
259,1787660185.1144,1787660185.1276,0.03951,-0.084369,0.363553,2.017185,0.271515,1.345301,0.423379,-0.092307,0.369188,1.995489,0.274401,1.319952,0.423139,-0.092300,0.369200,1.995500,0.274400,1.320000,0.423100,,,,,,,1
260,1787660185.1712,1787660185.1846,0.05674,-0.084369,0.381961,2.026389,0.269981,1.334563,0.423379,-0.094766,0.381187,1.994580,0.273905,1.319611,0.419947,-0.094800,0.381200,1.994600,0.273900,1.319600,0.419900,,,,,,,1
261,1787660185.21,1787660185.2234,0.03878,-0.084369,0.383495,2.029457,0.276117,1.329961,0.423379,-0.104841,0.381402,1.988605,0.280505,1.312605,0.421649,-0.104800,0.381400,1.988600,0.280500,1.312600,0.421600,,,,,,,0
262,1787660185.2698,1787660185.2836,0.05984,-0.085903,0.381961,2.015651,0.276117,1.325359,0.423379,-0.096191,0.385162,1.990419,0.267516,1.325540,0.417033,-0.096200,0.385200,1.990400,0.267500,1.325500,0.417000,,,,,,,1
263,1787660185.3365,1787660185.3515,0.06666,-0.090505,0.391165,2.001845,0.274583,1.320757,0.423379,-0.091542,0.389493,1.991958,0.259695,1.310845,0.396363,-0.091500,0.389500,1.992000,0.259700,1.310800,0.396400,,,,,,,1
264,1787660185.3753,1787660185.3893,0.03886,-0.092039,0.392699,2.001845,0.274583,1.319223,0.423379,-0.083985,0.380835,1.990927,0.254291,1.337984,0.258940,-0.084000,0.380800,1.990900,0.254300,1.338000,0.258900,,,,,,,0
265,1787660185.433,1787660185.4475,0.05762,-0.092039,0.394233,2.001845,0.268447,1.319223,0.408039,-0.087322,0.378529,1.987615,0.258380,1.345696,0.222542,-0.087300,0.378500,1.987600,0.258400,1.345700,0.222500,,,,,,,0
266,1787660185.4881,1787660185.5016,0.05512,-0.092039,0.394233,2.001845,0.259243,1.319223,0.339010,-0.078991,0.362201,1.997322,0.260076,1.351067,0.055638,-0.079000,0.362200,1.997300,0.260100,1.351100,0.055600,,,,,,,0
267,1787660185.5272,1787660185.5406,0.03914,-0.090505,0.395767,2.001845,0.257709,1.319223,0.245437,-0.092568,0.348654,1.985846,0.256882,1.362235,-0.008037,-0.092600,0.348700,1.985800,0.256900,1.362200,-0.008000,,,,,,,0
268,1787660185.5853,1787660185.5985,0.05812,-0.090505,0.395767,2.001845,0.257709,1.340699,0.208621,-0.094577,0.330568,1.979505,0.257520,1.385023,0.024146,-0.094600,0.330600,1.979500,0.257500,1.385000,0.024100,,,,,,,0
269,1787660185.6415,1787660185.6564,0.05616,-0.087437,0.392699,2.001845,0.257709,1.354505,0.038350,-0.082079,0.320926,1.974566,0.257130,1.360137,0.207167,-0.082100,0.320900,1.974600,0.257100,1.360100,0.207200,,,,,,,0
270,1787660185.6803,1787660185.6936,0.03885,-0.087437,0.389631,2.001845,0.257709,1.360641,-0.009204,-0.075836,0.333270,1.978162,0.250515,1.351720,0.301313,-0.075800,0.333300,1.978200,0.250500,1.351700,0.301300,,,,,,,0
271,1787660185.739,1787660185.7534,0.05867,-0.087437,0.371223,1.994175,0.257709,1.377515,0.065961,-0.079085,0.331907,1.984120,0.257420,1.353877,0.337543,-0.079100,0.331900,1.984100,0.257400,1.353900,0.337500,,,,,,,0
272,1787660185.8053,1787660185.8185,0.06628,-0.085903,0.355884,1.991107,0.256175,1.379049,0.288388,-0.080032,0.332134,1.996601,0.252686,1.376989,0.342681,-0.080000,0.332100,1.996600,0.252700,1.377000,0.342700,,,,,,,0
273,1787660185.844,1787660185.8586,0.0387,-0.082835,0.355884,1.991107,0.254641,1.368311,0.328272,-0.083051,0.339275,2.001074,0.256317,1.365315,0.348329,-0.083100,0.339300,2.001100,0.256300,1.365300,0.348300,,,,,,,0
274,1787660185.9013,1787660185.9145,0.05726,-0.081301,0.358952,1.991107,0.256175,1.360641,0.339010,-0.079843,0.339005,1.992463,0.262746,1.340816,0.346893,-0.079800,0.339000,1.992500,0.262700,1.340800,0.346900,,,,,,,0
275,1787660185.9565,1787660185.9705,0.05525,-0.081301,0.357418,2.000311,0.256175,1.369845,0.343612,-0.083553,0.340409,2.010031,0.260015,1.346129,0.335041,-0.083600,0.340400,2.010000,0.260000,1.346100,0.335000,,,,,,,0
276,1787660185.9959,1787660186.0105,0.03936,-0.081301,0.357418,2.003379,0.256175,1.371379,0.346680,-0.078877,0.338417,2.008088,0.252804,1.352435,0.327309,-0.078900,0.338400,2.008100,0.252800,1.352400,0.327300,,,,,,,0
277,1787660186.0521,1787660186.0665,0.05628,-0.081301,0.358952,2.003379,0.256175,1.359107,0.346680,-0.082547,0.323890,1.996287,0.250354,1.364254,0.075168,-0.082500,0.323900,1.996300,0.250400,1.364300,0.075200,,,,,,,0
278,1787660186.0919,1787660186.1055,0.03979,-0.081301,0.358952,2.007981,0.256175,1.349903,0.331340,-0.073643,0.314163,2.001947,0.267082,1.382690,-0.016812,-0.073600,0.314200,2.001900,0.267100,1.382700,-0.016800,,,,,,,1
279,1787660186.1511,1787660186.1667,0.05912,-0.081301,0.357418,2.011049,0.256175,1.349903,0.311398,-0.087596,0.300551,1.980720,0.253556,1.368112,-0.005789,-0.087600,0.300600,1.980700,0.253600,1.368100,-0.005800,,,,,,,1
280,1787660186.2176,1787660186.2317,0.06651,-0.081301,0.358952,2.011049,0.256175,1.371379,0.075165,-0.087137,0.282112,1.988640,0.259125,1.361663,0.000333,-0.087100,0.282100,1.988600,0.259100,1.361700,0.000300,,,,,,,0
281,1787660186.2564,1787660186.2706,0.03882,-0.081301,0.355884,2.012583,0.260777,1.377515,-0.012272,-0.073183,0.270205,1.968794,0.269514,1.350002,-0.007585,-0.073200,0.270200,1.968800,0.269500,1.350000,-0.007600,,,,,,,1
282,1787660186.3134,1787660186.3266,0.05702,-0.081301,0.334408,2.001845,0.260777,1.375981,-0.003068,-0.092881,0.241744,1.974679,0.277222,1.373886,-0.003624,-0.092900,0.241700,1.974700,0.277200,1.373900,-0.003600,,,,,,,1
283,1787660186.3805,1787660186.3936,0.06705,-0.081301,0.314466,1.992641,0.265379,1.360641,-0.004602,-0.093719,0.216492,1.973185,0.250846,1.422498,0.000534,-0.093700,0.216500,1.973200,0.250800,1.422500,0.000500,,,,,,,0
284,1787660186.419,1787660186.4336,0.03858,-0.081301,0.306796,1.988039,0.265379,1.357573,-0.004602,-0.083542,0.168762,1.952364,0.262830,1.373906,-0.003209,-0.083500,0.168800,1.952400,0.262800,1.373900,-0.003200,,,,,,,0
285,1787660186.4756,1787660186.4904,0.05653,-0.081301,0.285320,1.988039,0.274583,1.366777,-0.004602,-0.100501,0.150803,1.959526,0.249342,1.380044,-0.009139,-0.100500,0.150800,1.959500,0.249300,1.380000,-0.009100,,,,,,,0
286,1787660186.531,1787660186.5455,0.05541,-0.082835,0.259243,1.986505,0.266913,1.397456,-0.004602,-0.098912,0.138812,1.944296,0.257206,1.364402,-0.010646,-0.098900,0.138800,1.944300,0.257200,1.364400,-0.010600,,,,,,,0
287,1787660186.5705,1787660186.5846,0.03951,-0.082835,0.233165,1.978835,0.265379,1.408194,-0.004602,-0.099332,0.128170,1.952980,0.255142,1.389083,-0.014232,-0.099300,0.128200,1.953000,0.255100,1.389100,-0.014200,,,,,,,0
288,1787660186.6272,1787660186.6415,0.05677,-0.085903,0.188680,1.971165,0.254641,1.403592,-0.004602,-0.096133,0.190478,1.972093,0.260990,1.372495,0.066116,-0.096100,0.190500,1.972100,0.261000,1.372500,0.066100,,,,,,,0
289,1787660186.6662,1787660186.6796,0.03901,-0.087437,0.171806,1.968097,0.256175,1.389787,-0.004602,-0.095253,0.237285,1.974598,0.260131,1.368974,0.213693,-0.095300,0.237300,1.974600,0.260100,1.369000,0.213700,,,,,,,0
290,1787660186.7181,1787660186.7325,0.05185,-0.090505,0.164136,1.968097,0.256175,1.371379,-0.006136,-0.092502,0.243778,1.987073,0.260964,1.374709,0.212903,-0.092500,0.243800,1.987100,0.261000,1.374700,0.212900,,,,,,,0
291,1787660186.7743,1787660186.7874,0.05623,-0.090505,0.164136,1.969631,0.256175,1.371379,0.108913,-0.099464,0.262771,1.959044,0.252367,1.363746,0.257117,-0.099500,0.262800,1.959000,0.252400,1.363700,0.257100,,,,,,,0
292,1787660186.8296,1787660186.8446,0.05525,-0.090505,0.185612,1.984971,0.256175,1.371379,0.217825,-0.099210,0.270255,1.966991,0.255445,1.335855,0.236590,-0.099200,0.270300,1.967000,0.255400,1.335900,0.236600,,,,,,,0
293,1787660186.8692,1787660186.8836,0.03963,-0.090505,0.216291,1.988039,0.256175,1.371379,0.219359,-0.098868,0.282345,1.968311,0.261612,1.332100,0.287145,-0.098900,0.282300,1.968300,0.261600,1.332100,0.287100,,,,,,,0
294,1787660186.9281,1787660186.9425,0.05886,-0.090505,0.262311,1.988039,0.256175,1.371379,0.245437,-0.093917,0.276862,1.974999,0.253234,1.332916,0.244234,-0.093900,0.276900,1.975000,0.253200,1.332900,0.244200,,,,,,,0
295,1787660186.9945,1787660187.0096,0.06639,-0.090505,0.285320,1.978835,0.256175,1.345301,0.285320,-0.100889,0.285505,1.972053,0.257801,1.313753,0.232551,-0.100900,0.285500,1.972100,0.257800,1.313800,0.232600,,,,,,,0
296,1787660187.0334,1787660187.0475,0.03893,-0.090505,0.288388,1.978835,0.256175,1.340699,0.283786,-0.102652,0.280470,1.983648,0.257854,1.319364,0.226714,-0.102700,0.280500,1.983600,0.257900,1.319400,0.226700,,,,,,,0
297,1787660187.0911,1787660187.1045,0.05774,-0.090505,0.291456,1.978835,0.256175,1.337631,0.242369,-0.102922,0.283282,1.976470,0.256271,1.335605,0.219705,-0.102900,0.283300,1.976500,0.256300,1.335600,0.219700,,,,,,,1
298,1787660187.1574,1787660187.1705,0.06627,-0.090505,0.289922,1.980369,0.256175,1.323825,0.230097,-0.088659,0.276389,1.984429,0.253190,1.336439,0.210339,-0.088700,0.276400,1.984400,0.253200,1.336400,0.210300,,,,,,,1
299,1787660187.197,1787660187.2126,0.03962,-0.090505,0.289922,1.986505,0.256175,1.323825,0.228563,-0.095328,0.282324,1.973863,0.259057,1.324529,0.200042,-0.095300,0.282300,1.973900,0.259100,1.324500,0.200000,,,,,,,0
300,1787660187.2541,1787660187.2675,0.05709,-0.090505,0.291456,1.986505,0.256175,1.328427,0.216291,-0.091495,0.279283,1.987916,0.246889,1.358379,0.184548,-0.091500,0.279300,1.987900,0.246900,1.358400,0.184500,,,,,,,1
301,1787660187.3105,1787660187.3257,0.05639,-0.090505,0.289922,1.988039,0.256175,1.331495,0.202485,-0.096104,0.277340,1.986073,0.246672,1.339749,0.162223,-0.096100,0.277300,1.986100,0.246700,1.339700,0.162200,,,,,,,1
302,1787660187.3504,1787660187.3636,0.03991,-0.090505,0.289922,1.988039,0.256175,1.331495,0.194816,-0.087747,0.279698,1.977799,0.250970,1.326809,0.172406,-0.087700,0.279700,1.977800,0.251000,1.326800,0.172400,,,,,,,0
303,1787660187.4073,1787660187.4204,0.0569,-0.090505,0.291456,1.991107,0.253107,1.340699,0.174874,-0.088418,0.291332,1.972458,0.247075,1.317707,0.199831,-0.088400,0.291300,1.972500,0.247100,1.317700,0.199800,,,,,,,0
304,1787660187.463,1787660187.4777,0.05573,-0.090505,0.291456,1.991107,0.251573,1.345301,0.168738,-0.091805,0.282194,1.973367,0.251300,1.332174,0.203555,-0.091800,0.282200,1.973400,0.251300,1.332200,0.203600,,,,,,,0
305,1787660187.5022,1787660187.5156,0.03914,-0.090505,0.289922,1.989573,0.251573,1.343767,0.174874,-0.096985,0.287695,1.971172,0.251735,1.314470,0.213956,-0.097000,0.287700,1.971200,0.251700,1.314500,0.214000,,,,,,,0
306,1787660187.5601,1787660187.5747,0.05788,-0.090505,0.299126,1.988039,0.251573,1.326893,0.202485,-0.098757,0.285985,1.971631,0.249739,1.327673,0.217469,-0.098800,0.286000,1.971600,0.249700,1.327700,0.217500,,,,,,,0
307,1787660187.6266,1787660187.6417,0.06652,-0.090505,0.299126,1.988039,0.251573,1.326893,0.210155,-0.096748,0.271413,1.948214,0.262065,1.313604,0.195584,-0.096700,0.271400,1.948200,0.262100,1.313600,0.195600,,,,,,,0
308,1787660187.6653,1787660187.6787,0.03871,-0.090505,0.299126,1.988039,0.251573,1.325359,0.210155,-0.101703,0.271482,1.956598,0.260280,1.320934,0.203739,-0.101700,0.271500,1.956600,0.260300,1.320900,0.203700,,,,,,,0
309,1787660187.7231,1787660187.7376,0.05776,-0.090505,0.299126,1.988039,0.251573,1.322291,0.210155,-0.105151,0.249257,1.968917,0.260465,1.313703,0.196791,-0.105200,0.249300,1.968900,0.260500,1.313700,0.196800,,,,,,,0
310,1787660187.7895,1787660187.8046,0.06641,-0.090505,0.299126,1.975767,0.256175,1.320757,0.204019,-0.108367,0.240471,1.980198,0.258283,1.315795,0.189661,-0.108400,0.240500,1.980200,0.258300,1.315800,0.189700,,,,,,,0
311,1787660187.8283,1787660187.8416,0.03887,-0.090505,0.297592,1.972699,0.256175,1.320757,0.200951,-0.106809,0.246853,1.997368,0.252562,1.310230,0.180792,-0.106800,0.246900,1.997400,0.252600,1.310200,0.180800,,,,,,,0
312,1787660187.8862,1787660187.9006,0.05784,-0.095107,0.291456,1.975767,0.257709,1.320757,0.199418,-0.106808,0.222566,1.986343,0.254319,1.305498,0.119718,-0.106800,0.222600,1.986300,0.254300,1.305500,0.119700,,,,,,,0
313,1787660187.9526,1787660187.9666,0.06643,-0.096641,0.282252,1.994175,0.257709,1.316156,0.185612,-0.106107,0.206539,2.005579,0.255088,1.314487,0.082034,-0.106100,0.206500,2.005600,0.255100,1.314500,0.082000,,,,,,,0
314,1787660187.9913,1787660188.0056,0.03872,-0.096641,0.277651,1.997243,0.257709,1.314622,0.171806,-0.111316,0.205140,2.011342,0.255460,1.308565,0.085614,-0.111300,0.205100,2.011300,0.255500,1.308600,0.085600,,,,,,,0
315,1787660188.0481,1787660188.0616,0.0568,-0.096641,0.269981,1.998777,0.257709,1.313088,0.095107,-0.111773,0.213300,1.999218,0.247449,1.306401,0.120991,-0.111800,0.213300,1.999200,0.247400,1.306400,0.121000,,,,,,,0
316,1787660188.1035,1787660188.1196,0.05541,-0.099709,0.248505,2.006447,0.257709,1.313088,0.085903,-0.122137,0.211651,1.990806,0.249430,1.319377,0.143308,-0.122100,0.211700,1.990800,0.249400,1.319400,0.143300,,,,,,,1
317,1787660188.1425,1787660188.1574,0.03895,-0.101243,0.236233,2.014117,0.257709,1.313088,0.092039,-0.124779,0.230759,1.979738,0.250689,1.318103,0.168371,-0.124800,0.230800,1.979700,0.250700,1.318100,0.168400,,,,,,,1
318,1787660188.2023,1787660188.2156,0.05977,-0.102777,0.237767,2.011049,0.251573,1.313088,0.128854,-0.124580,0.234023,1.978966,0.249802,1.291871,0.174026,-0.124600,0.234000,1.979000,0.249800,1.291900,0.174000,,,,,,,0
319,1787660188.2689,1787660188.2826,0.06662,-0.111981,0.239301,2.006447,0.253107,1.313088,0.165670,-0.113828,0.238805,1.951804,0.253811,1.315034,0.162363,-0.113800,0.238800,1.951800,0.253800,1.315000,0.162400,,,,,,,1
320,1787660188.3076,1787660188.3224,0.03876,-0.115049,0.237767,1.998777,0.253107,1.313088,0.165670,-0.117125,0.223569,1.940439,0.258754,1.329496,0.141192,-0.117100,0.223600,1.940400,0.258800,1.329500,0.141200,,,,,,,1
321,1787660188.3654,1787660188.3786,0.05774,-0.115049,0.242369,1.994175,0.253107,1.306952,0.165670,-0.118769,0.218951,1.948620,0.251883,1.325426,0.128511,-0.118800,0.219000,1.948600,0.251900,1.325400,0.128500,,,,,,,0
322,1787660188.4316,1787660188.4467,0.06625,-0.113515,0.246971,1.975767,0.253107,1.300816,0.144194,-0.116046,0.217102,1.953166,0.245751,1.339298,0.133686,-0.116000,0.217100,1.953200,0.245800,1.339300,0.133700,,,,,,,0
323,1787660188.4704,1787660188.4837,0.03873,-0.113515,0.245437,1.960427,0.253107,1.311554,0.138058,-0.110894,0.229725,1.926138,0.249881,1.311986,0.133702,-0.110900,0.229700,1.926100,0.249900,1.312000,0.133700,,,,,,,0
324,1787660188.5283,1787660188.5427,0.05791,-0.115049,0.243903,1.957359,0.251573,1.328427,0.133456,-0.112985,0.232406,1.903919,0.253219,1.301562,0.114041,-0.113000,0.232400,1.903900,0.253200,1.301600,0.114000,,,,,,,0
325,1787660188.5836,1787660188.5987,0.05535,-0.115049,0.245437,1.958893,0.251573,1.334563,0.133456,-0.109632,0.225704,1.893833,0.259558,1.302712,0.106308,-0.109600,0.225700,1.893800,0.259600,1.302700,0.106300,,,,,,,0
326,1787660188.6225,1787660188.6367,0.0389,-0.115049,0.245437,1.952758,0.253107,1.334563,0.125786,-0.100880,0.213197,1.869625,0.262460,1.279492,0.022930,-0.100900,0.213200,1.869600,0.262500,1.279500,0.022900,,,,,,,0
327,1787660188.6813,1787660188.6947,0.05876,-0.115049,0.245437,1.923612,0.253107,1.311554,0.113515,-0.109663,0.203333,1.835977,0.247159,1.271996,0.026866,-0.109700,0.203300,1.836000,0.247200,1.272000,0.026900,,,,,,,0
328,1787660188.7477,1787660188.7627,0.06642,-0.108913,0.245437,1.903670,0.257709,1.299282,0.038350,-0.115681,0.185645,1.853161,0.256680,1.265867,0.023016,-0.115700,0.185600,1.853200,0.256700,1.265900,0.023000,,,,,,,0
329,1787660188.7864,1787660188.8007,0.03871,-0.108913,0.245437,1.891398,0.259243,1.287010,0.023010,-0.108991,0.171022,1.874615,0.248256,1.244408,0.020384,-0.109000,0.171000,1.874600,0.248300,1.244400,0.020400,,,,,,,0
330,1787660188.8444,1787660188.8573,0.058,-0.108913,0.240835,1.865321,0.253107,1.276272,0.024544,-0.112612,0.167958,1.852013,0.259996,1.261446,0.013982,-0.112600,0.168000,1.852000,0.260000,1.261400,0.014000,,,,,,,0
331,1787660188.9107,1787660188.9255,0.06629,-0.108913,0.220893,1.856117,0.253107,1.260932,0.024544,-0.120143,0.144379,1.887373,0.255297,1.265791,0.001290,-0.120100,0.144400,1.887400,0.255300,1.265800,0.001300,,,,,,,0
332,1787660188.9505,1787660188.9656,0.03974,-0.108913,0.208621,1.865321,0.253107,1.253262,0.021476,-0.127319,0.111546,1.890316,0.255943,1.277042,0.031697,-0.127300,0.111500,1.890300,0.255900,1.277000,0.031700,,,,,,,0
333,1787660189.0073,1787660189.0224,0.05689,-0.108913,0.196350,1.877592,0.253107,1.253262,0.009204,-0.116293,0.070505,1.938557,0.258689,1.184247,0.023097,-0.116300,0.070500,1.938600,0.258700,1.184200,0.023100,,,,,,,0
334,1787660189.0629,1787660189.0776,0.05561,-0.113515,0.187146,1.894466,0.253107,1.268602,0.033748,-0.112745,0.068160,1.970709,0.248936,1.194152,0.033912,-0.112700,0.068200,1.970700,0.248900,1.194200,0.033900,,,,,,,0
335,1787660189.1019,1787660189.1156,0.039,-0.115049,0.171806,1.897534,0.254641,1.271670,0.029146,-0.104556,0.043738,1.991199,0.254523,1.135980,0.014378,-0.104600,0.043700,1.991200,0.254500,1.136000,0.014400,,,,,,,1
336,1787660189.159,1787660189.1725,0.05702,-0.115049,0.122718,1.912874,0.251573,1.264000,0.027612,-0.108288,0.045183,2.007271,0.256807,1.117380,0.019192,-0.108300,0.045200,2.007300,0.256800,1.117400,0.019200,,,,,,,1
337,1787660189.1971,1787660189.2125,0.03816,-0.115049,0.096641,1.938952,0.251573,1.233321,0.029146,-0.121849,0.038884,2.006215,0.252716,1.109207,0.014513,-0.121800,0.038900,2.006200,0.252700,1.109200,0.014500,,,,,,,0
338,1787660189.2483,1787660189.2625,0.05122,-0.108913,0.081301,1.978835,0.253107,1.187301,0.016874,-0.118255,0.003197,2.047171,0.249101,1.017984,0.007128,-0.118300,0.003200,2.047200,0.249100,1.018000,0.007100,,,,,,,1
339,1787660189.3149,1787660189.3295,0.06653,-0.108913,0.079767,2.007981,0.253107,1.138214,0.016874,-0.120427,0.008760,2.067637,0.255462,1.014704,0.003992,-0.120400,0.008800,2.067600,0.255500,1.014700,0.004000,,,,,,,1
340,1787660189.3537,1787660189.3686,0.03881,-0.111981,0.072097,2.009515,0.253107,1.119806,0.016874,-0.114452,-0.028578,2.132011,0.232550,0.901920,0.003929,-0.114500,-0.028600,2.132000,0.232600,0.901900,0.003900,,,,,,,0
341,1787660189.4115,1787660189.4255,0.0578,-0.111981,0.050621,2.030991,0.253107,1.079922,0.012272,-0.120803,-0.040052,2.152359,0.242125,0.889334,0.005842,-0.120800,-0.040100,2.152400,0.242100,0.889300,0.005800,,,,,,,0
342,1787660189.4779,1787660189.4913,0.06638,-0.111981,0.029146,2.077010,0.251573,1.021631,0.009204,-0.117147,-0.078295,2.198811,0.247721,0.835218,0.000448,-0.117100,-0.078300,2.198800,0.247700,0.835200,0.000400,,,,,,,0
343,1787660189.5148,1787660189.5296,0.03691,-0.111981,0.012272,2.107690,0.242369,0.983282,0.009204,-0.107169,-0.105572,2.237743,0.245939,0.804744,0.000277,-0.107200,-0.105600,2.237700,0.245900,0.804700,0.000300,,,,,,,0
344,1787660189.5665,1787660189.5815,0.05174,-0.113515,-0.006136,2.142971,0.239301,0.932660,0.009204,-0.097186,-0.136924,2.280111,0.253989,0.803517,-0.002818,-0.097200,-0.136900,2.280100,0.254000,0.803500,-0.002800,,,,,,,0
345,1787660189.633,1787660189.6476,0.06649,-0.113515,-0.023010,2.182855,0.240835,0.874369,0.007670,-0.086078,-0.187185,2.377927,0.258228,0.692915,-0.004539,-0.086100,-0.187200,2.377900,0.258200,0.692900,-0.004500,,,,,,,0
346,1787660189.6704,1787660189.6856,0.03741,-0.111981,-0.041417,2.213534,0.240835,0.845223,0.001534,-0.094860,-0.218771,2.422879,0.248347,0.618910,-0.012499,-0.094900,-0.218800,2.422900,0.248300,0.618900,-0.012500,,,,,,,0
347,1787660189.7212,1787660189.7357,0.05082,-0.104311,-0.085903,2.254952,0.250039,0.816078,0.001534,-0.083019,-0.234978,2.488997,0.260074,0.533522,-0.010482,-0.083000,-0.235000,2.489000,0.260100,0.533500,-0.010500,,,,,,,0
348,1787660189.7877,1787660189.8026,0.0665,-0.098175,-0.133456,2.305573,0.251573,0.783864,-0.009204,-0.087110,-0.260489,2.529366,0.247933,0.486750,-0.012600,-0.087100,-0.260500,2.529400,0.247900,0.486800,-0.012600,,,,,,,0
349,1787660189.8245,1787660189.8397,0.0368,-0.098175,-0.156466,2.350059,0.251573,0.756253,-0.009204,-0.078394,-0.283913,2.597712,0.232620,0.388017,-0.018352,-0.078400,-0.283900,2.597700,0.232600,0.388000,-0.018400,,,,,,,0
350,1787660189.8766,1787660189.8904,0.05202,-0.093573,-0.197884,2.411418,0.254641,0.696427,-0.009204,-0.076412,-0.299904,2.662675,0.214505,0.289163,-0.017556,-0.076400,-0.299900,2.662700,0.214500,0.289200,-0.017600,,,,,,,0
351,1787660189.9431,1787660189.9564,0.06652,-0.090505,-0.227029,2.492719,0.246971,0.590583,-0.010738,-0.074278,-0.322007,2.721602,0.198732,0.234384,-0.016030,-0.074300,-0.322000,2.721600,0.198700,0.234400,-0.016000,,,,,,,0
352,1787660189.9803,1787660189.9957,0.03727,-0.085903,-0.246971,2.534136,0.237767,0.533825,-0.010738,-0.077112,-0.333259,2.751853,0.180274,0.217444,-0.009901,-0.077100,-0.333300,2.751900,0.180300,0.217400,-0.009900,,,,,,,0
353,1787660190.0316,1787660190.0467,0.05122,-0.084369,-0.274583,2.595495,0.220893,0.447922,-0.010738,-0.082116,-0.355946,2.795368,0.157250,0.198572,-0.014967,-0.082100,-0.355900,2.795400,0.157200,0.198600,-0.015000,,,,,,,0
354,1787660190.098,1787660190.1117,0.06643,-0.082835,-0.289922,2.672195,0.199418,0.345146,-0.010738,-0.077842,-0.363294,2.830467,0.110572,0.162808,-0.009230,-0.077800,-0.363300,2.830500,0.110600,0.162800,-0.009200,,,,,,,1
355,1787660190.1353,1787660190.1486,0.03735,-0.082835,-0.306796,2.705942,0.185612,0.302194,-0.010738,-0.078393,-0.389695,2.854267,0.100994,0.160533,-0.011453,-0.078400,-0.389700,2.854300,0.101000,0.160500,-0.011500,,,,,,,1
356,1787660190.1866,1787660190.2016,0.05123,-0.082835,-0.325204,2.758097,0.165670,0.248505,-0.010738,-0.079264,-0.394056,2.897138,0.053853,0.136527,-0.014008,-0.079300,-0.394100,2.897100,0.053900,0.136500,-0.014000,,,,,,,0
357,1787660190.2531,1787660190.2666,0.0665,-0.082835,-0.349748,2.811787,0.134990,0.193282,-0.010738,-0.084260,-0.395032,2.907545,0.048928,0.141706,-0.016223,-0.084300,-0.395000,2.907500,0.048900,0.141700,-0.016200,,,,,,,1
358,1787660190.2905,1787660190.3045,0.0374,-0.082835,-0.362019,2.839398,0.115049,0.174874,-0.010738,-0.080374,-0.394542,2.922597,0.038207,0.138222,-0.012604,-0.080400,-0.394500,2.922600,0.038200,0.138200,-0.012600,,,,,,,1
359,1787660190.3416,1787660190.3553,0.0511,-0.082835,-0.369689,2.876214,0.081301,0.150330,-0.010738,-0.084798,-0.403152,2.926079,0.035641,0.131928,-0.016331,-0.084800,-0.403200,2.926100,0.035600,0.131900,-0.016300,,,,,,,0
360,1787660190.4081,1787660190.4213,0.06655,-0.082835,-0.369689,2.911496,0.049087,0.142660,-0.010738,-0.085945,-0.393652,2.948740,0.006131,0.115206,-0.013244,-0.085900,-0.393700,2.948700,0.006100,0.115200,-0.013200,,,,,,,0
361,1787660190.4447,1787660190.4586,0.03657,-0.082835,-0.369689,2.922233,0.042951,0.142660,-0.010738,-0.083250,-0.404050,2.973238,0.008466,0.132153,-0.013497,-0.083300,-0.404000,2.973200,0.008500,0.132200,-0.013500,,,,,,,0
362,1787660190.4966,1787660190.5115,0.0519,-0.082835,-0.377359,2.926835,0.039884,0.136524,-0.010738,-0.078435,-0.412165,2.973811,0.019357,0.160215,-0.015142,-0.078400,-0.412200,2.973800,0.019400,0.160200,-0.015100,,,,,,,0
363,1787660190.5631,1787660190.5776,0.06652,-0.082835,-0.377359,2.945243,0.021476,0.133456,-0.010738,-0.084462,-0.393037,2.935804,0.046097,0.153612,0.035031,-0.084500,-0.393000,2.935800,0.046100,0.153600,0.035000,,,,,,,0
364,1787660190.5998,1787660190.6136,0.03663,-0.082835,-0.378893,2.960583,0.015340,0.133456,-0.010738,-0.072349,-0.318833,2.776852,0.110461,0.246190,0.260264,-0.072300,-0.318800,2.776900,0.110500,0.246200,0.260300,,,,,,,0
365,1787660190.6514,1787660190.6666,0.05163,-0.082835,-0.391165,2.969787,0.016874,0.144194,-0.010738,-0.074755,-0.307227,2.745640,0.106176,0.242636,0.275088,-0.074800,-0.307200,2.745600,0.106200,0.242600,0.275100,,,,,,,0
366,1787660190.7181,1787660190.7325,0.06675,-0.082835,-0.388097,2.960583,0.035282,0.170272,0.156466,-0.066697,-0.262955,2.698404,0.113397,0.279232,0.359889,-0.066700,-0.263000,2.698400,0.113400,0.279200,0.359900,,,,,,,0
367,1787660190.7556,1787660190.7695,0.0375,-0.079767,-0.371223,2.945243,0.059825,0.191748,0.262311,-0.070784,-0.235392,2.640081,0.126920,0.253288,0.345146,-0.070800,-0.235400,2.640100,0.126900,0.253300,0.345100,,,,,,,0
368,1787660190.8065,1787660190.8214,0.05086,-0.079767,-0.328272,2.897690,0.088971,0.225495,0.273049,-0.065242,-0.193457,2.602824,0.140104,0.251239,0.415247,-0.065200,-0.193500,2.602800,0.140100,0.251200,0.415200,,,,,,,0
369,1787660190.8731,1787660190.8874,0.06664,-0.078233,-0.279185,2.804117,0.115049,0.256175,0.346680,-0.046382,-0.176648,2.588442,0.149810,0.269087,0.417031,-0.046400,-0.176600,2.588400,0.149800,0.269100,0.417000,,,,,,,0
370,1787660190.9099,1787660190.9244,0.03674,-0.076699,-0.250039,2.753496,0.122718,0.259243,0.355884,-0.042872,-0.146365,2.558528,0.181102,0.277502,0.478284,-0.042900,-0.146400,2.558500,0.181100,0.277500,0.478300,,,,,,,0
371,1787660190.9615,1787660190.9766,0.05166,-0.073631,-0.213223,2.687534,0.133456,0.259243,0.417243,-0.025152,-0.117211,2.543002,0.199238,0.294557,0.505108,-0.025200,-0.117200,2.543000,0.199200,0.294600,0.505100,,,,,,,0
372,1787660191.028,1787660191.0427,0.06651,-0.058291,-0.168738,2.623107,0.153398,0.266913,0.475534,-0.034507,-0.083710,2.511855,0.216397,0.320373,0.529391,-0.034500,-0.083700,2.511900,0.216400,0.320400,0.529400,,,,,,,0
373,1787660191.0649,1787660191.0806,0.03688,-0.049087,-0.147262,2.593962,0.167204,0.277651,0.489340,-0.037096,-0.047150,2.493002,0.222380,0.350420,0.548449,-0.037100,-0.047200,2.493000,0.222400,0.350400,0.548400,,,,,,,1
374,1787660191.1167,1787660191.1317,0.05179,-0.035282,-0.119651,2.566350,0.191748,0.291456,0.504680,-0.027333,-0.022628,2.480182,0.241626,0.369755,0.529285,-0.027300,-0.022600,2.480200,0.241600,0.369800,0.529300,,,,,,,1
375,1787660191.1832,1787660191.1976,0.06649,-0.032214,-0.084369,2.537204,0.213223,0.314466,0.549165,0.015696,0.000608,2.467338,0.249430,0.408788,0.542306,0.015700,0.000600,2.467300,0.249400,0.408800,0.542300,,,,,,,0
376,1787660191.2203,1787660191.2346,0.03712,-0.032214,-0.059825,2.517262,0.217825,0.334408,0.546097,0.021880,0.017405,2.453942,0.256368,0.472845,0.546137,0.021900,0.017400,2.453900,0.256400,0.472800,0.546100,,,,,,,1
377,1787660191.2717,1787660191.2867,0.05136,-0.032214,-0.026078,2.494253,0.231631,0.360485,0.529223,0.017723,0.023265,2.466176,0.248797,0.484524,0.532782,0.017700,0.023300,2.466200,0.248800,0.484500,0.532800,,,,,,,1
378,1787660191.3383,1787660191.3514,0.06658,-0.018408,0.004602,2.478913,0.250039,0.395767,0.543029,-0.003970,0.040206,2.460027,0.276414,0.495281,0.539007,-0.004000,0.040200,2.460000,0.276400,0.495300,0.539000,,,,,,,0
379,1787660191.3724,1787660191.3874,0.03414,0.000000,0.019942,2.468175,0.251573,0.423379,0.541495,-0.001467,0.056389,2.446781,0.267379,0.495782,0.542465,-0.001500,0.056400,2.446800,0.267400,0.495800,0.542500,,,,,,,0
380,1787660191.4351,1787660191.4486,0.06267,0.015340,0.030680,2.471243,0.251573,0.466330,0.538427,-0.017894,0.075341,2.436291,0.271720,0.498156,0.541108,-0.017900,0.075300,2.436300,0.271700,0.498200,0.541100,,,,,,,0
381,1787660191.491,1787660191.5056,0.05588,0.012272,0.049087,2.469709,0.259243,0.489340,0.539961,-0.055840,0.093479,2.400513,0.269522,0.477130,0.547748,-0.055800,0.093500,2.400500,0.269500,0.477100,0.547700,,,,,,,0
382,1787660191.5305,1787660191.5435,0.03952,0.007670,0.062893,2.460505,0.263845,0.493942,0.539961,-0.127610,0.100510,2.386463,0.261025,0.413033,0.567073,-0.127600,0.100500,2.386500,0.261000,0.413000,0.567100,,,,,,,0
383,1787660191.5877,1787660191.6016,0.05723,-0.007670,0.079767,2.446699,0.263845,0.497010,0.539961,-0.257085,0.115304,2.379678,0.237379,0.313761,0.563694,-0.257100,0.115300,2.379700,0.237400,0.313800,0.563700,,,,,,,0
384,1787660191.6542,1787660191.6685,0.06648,-0.042951,0.104311,2.425224,0.263845,0.478602,0.566039,-0.325464,0.106528,2.370500,0.232780,0.317594,0.565715,-0.325500,0.106500,2.370500,0.232800,0.317600,0.565700,,,,,,,0
385,1787660191.691,1787660191.7056,0.03678,-0.072097,0.110447,2.406816,0.262311,0.452524,0.566039,-0.364970,0.109436,2.377342,0.232393,0.309632,0.554840,-0.365000,0.109400,2.377300,0.232400,0.309600,0.554800,,,,,,,0
386,1787660191.7426,1787660191.7564,0.05162,-0.128854,0.118117,2.391476,0.246971,0.400369,0.566039,-0.412298,0.119285,2.371079,0.225964,0.298104,0.553914,-0.412300,0.119300,2.371100,0.226000,0.298100,0.553900,,,,,,,0
387,1787660191.8091,1787660191.8234,0.06653,-0.220893,0.121184,2.385340,0.236233,0.342078,0.559903,-0.463900,0.131960,2.382499,0.221872,0.279482,0.558908,-0.463900,0.132000,2.382500,0.221900,0.279500,0.558900,,,,,,,0
388,1787660191.846,1787660191.8605,0.03686,-0.268447,0.121184,2.385340,0.236233,0.323670,0.559903,-0.509928,0.141669,2.370319,0.222402,0.244792,0.568471,-0.509900,0.141700,2.370300,0.222400,0.244800,0.568500,,,,,,,0
389,1787660191.8977,1787660191.9126,0.05175,-0.331340,0.125786,2.385340,0.228563,0.305262,0.559903,-0.512826,0.169967,2.354455,0.220730,0.201675,0.559510,-0.512800,0.170000,2.354500,0.220700,0.201700,0.559500,,,,,,,0
390,1787660191.9641,1787660191.9786,0.06639,-0.404971,0.139592,2.385340,0.225495,0.285320,0.566039,-0.510925,0.204519,2.353891,0.217401,0.093971,0.566613,-0.510900,0.204500,2.353900,0.217400,0.094000,0.566600,,,,,,,0
391,1787660192.0013,1787660192.0145,0.03714,-0.441786,0.147262,2.383806,0.225495,0.265379,0.566039,-0.515594,0.221021,2.340077,0.213485,0.063215,0.567667,-0.515600,0.221000,2.340100,0.213500,0.063200,0.567700,,,,,,,0
392,1787660192.0526,1787660192.0685,0.05137,-0.484738,0.165670,2.370000,0.225495,0.230097,0.566039,-0.516258,0.237116,2.333348,0.215972,0.042323,0.568296,-0.516300,0.237100,2.333300,0.216000,0.042300,0.568300,,,,,,,1
393,1787660192.1193,1787660192.1335,0.06666,-0.504680,0.204019,2.359262,0.217825,0.177942,0.566039,-0.510671,0.264992,2.320529,0.217628,-0.009012,0.577844,-0.510700,0.265000,2.320500,0.217600,-0.009000,0.577800,,,,,,,1
394,1787660192.1559,1787660192.1707,0.0366,-0.506214,0.223961,2.351593,0.216291,0.142660,0.566039,-0.494475,0.292461,2.328031,0.206992,-0.033918,0.574471,-0.494500,0.292500,2.328000,0.207000,-0.033900,0.574500,,,,,,,0
395,1787660192.2077,1787660192.2224,0.05178,-0.506214,0.242369,2.343923,0.216291,0.090505,0.567573,-0.465103,0.317996,2.327931,0.199222,-0.028934,0.583405,-0.465100,0.318000,2.327900,0.199200,-0.028900,0.583400,,,,,,,1
396,1787660192.2636,1787660192.2785,0.05591,-0.506214,0.260777,2.340855,0.214757,0.038350,0.573709,-0.464059,0.329681,2.330336,0.195615,-0.014617,0.587123,-0.464100,0.329700,2.330300,0.195600,-0.014600,0.587100,,,,,,,1
397,1787660192.3012,1787660192.3145,0.0376,-0.501612,0.283786,2.340855,0.207087,0.009204,0.575243,-0.462718,0.347515,2.327652,0.201573,-0.018486,0.587805,-0.462700,0.347500,2.327700,0.201600,-0.018500,0.587800,,,,,,,0
398,1787660192.3526,1787660192.3666,0.05138,-0.481670,0.316000,2.339321,0.202485,-0.019942,0.576777,-0.445253,0.358478,2.333438,0.197092,-0.030199,0.588273,-0.445300,0.358500,2.333400,0.197100,-0.030200,0.588300,,,,,,,0
399,1787660192.4194,1787660192.4326,0.0668,-0.464796,0.343612,2.339321,0.199418,-0.026078,0.582913,-0.460528,0.368632,2.332528,0.184586,-0.020033,0.599580,-0.460500,0.368600,2.332500,0.184600,-0.020000,0.599600,,,,,,,0
400,1787660192.4586,1787660192.4726,0.0392,-0.464796,0.355884,2.339321,0.199418,-0.026078,0.582913,-0.477829,0.375130,2.343214,0.183958,-0.034925,0.598855,-0.477800,0.375100,2.343200,0.184000,-0.034900,0.598900,,,,,,,0
401,1787660192.5158,1787660192.5306,0.05724,-0.457126,0.369689,2.339321,0.199418,-0.024544,0.595185,-0.489050,0.367099,2.342863,0.179307,-0.029844,0.597227,-0.489100,0.367100,2.342900,0.179300,-0.029800,0.597200,,,,,,,0
402,1787660192.5823,1787660192.5955,0.06653,-0.449456,0.381961,2.339321,0.181010,-0.024544,0.595185,-0.507284,0.368168,2.354453,0.179534,-0.042141,0.587433,-0.507300,0.368200,2.354500,0.179500,-0.042100,0.587400,,,,,,,0
403,1787660192.6191,1787660192.6335,0.03672,-0.461728,0.385029,2.342389,0.185612,-0.026078,0.595185,-0.513322,0.362284,2.366983,0.182305,-0.042959,0.590120,-0.513300,0.362300,2.367000,0.182300,-0.043000,0.590100,,,,,,,0
404,1787660192.6708,1787660192.6855,0.05178,-0.480136,0.385029,2.343923,0.182544,-0.026078,0.595185,-0.519914,0.371462,2.347771,0.181963,-0.067954,0.593846,-0.519900,0.371500,2.347800,0.182000,-0.068000,0.593800,,,,,,,0
405,1787660192.7374,1787660192.7525,0.06661,-0.492408,0.383495,2.345457,0.176408,-0.036816,0.595185,-0.546366,0.370278,2.339772,0.173468,-0.106638,0.589759,-0.546400,0.370300,2.339800,0.173500,-0.106600,0.589800,,,,,,,0
406,1787660192.7746,1787660192.7903,0.03715,-0.501612,0.383495,2.366932,0.176408,-0.038350,0.595185,-0.552030,0.392191,2.349012,0.166237,-0.088567,0.587649,-0.552000,0.392200,2.349000,0.166200,-0.088600,0.587600,,,,,,,0
407,1787660192.8257,1787660192.8405,0.05111,-0.512350,0.383495,2.370000,0.185612,-0.053689,0.595185,-0.566105,0.390035,2.330268,0.157592,-0.106505,0.591823,-0.566100,0.390000,2.330300,0.157600,-0.106500,0.591800,,,,,,,0
408,1787660192.8924,1787660192.9055,0.06667,-0.521553,0.386563,2.343923,0.168738,-0.078233,0.593651,-0.558272,0.417981,2.344090,0.152042,-0.086893,0.590077,-0.558300,0.418000,2.344100,0.152000,-0.086900,0.590100,,,,,,,0
409,1787660192.929,1787660192.9435,0.0366,-0.533825,0.397301,2.346991,0.164136,-0.082835,0.593651,-0.566957,0.416561,2.337207,0.152547,-0.087494,0.588046,-0.567000,0.416600,2.337200,0.152500,-0.087500,0.588000,,,,,,,0
410,1787660192.981,1787660192.9956,0.05199,-0.553767,0.401903,2.353127,0.167204,-0.098175,0.593651,-0.570535,0.421537,2.328463,0.142580,-0.068541,0.599058,-0.570500,0.421500,2.328500,0.142600,-0.068500,0.599100,,,,,,,0
411,1787660193.0474,1787660193.0626,0.06643,-0.555301,0.409573,2.328583,0.148796,-0.095107,0.593651,-0.573459,0.428245,2.338311,0.139627,-0.092574,0.589988,-0.573500,0.428200,2.338300,0.139600,-0.092600,0.590000,,,,,,,1
412,1787660193.1144,1787660193.1285,0.06697,-0.558369,0.432583,2.340855,0.145728,-0.079767,0.595185,-0.579427,0.432297,2.353175,0.113846,-0.099399,0.591546,-0.579400,0.432300,2.353200,0.113800,-0.099400,0.591500,,,,,,,1
413,1787660193.1533,1787660193.1675,0.0389,-0.561437,0.432583,2.348525,0.151864,-0.072097,0.595185,-0.570112,0.459729,2.358413,0.108400,-0.087599,0.596853,-0.570100,0.459700,2.358400,0.108400,-0.087600,0.596900,,,,,,,0
414,1787660193.2099,1787660193.2234,0.05662,-0.564505,0.435651,2.322447,0.136524,-0.076699,0.595185,-0.574730,0.460829,2.361332,0.095142,-0.100546,0.608902,-0.574700,0.460800,2.361300,0.095100,-0.100500,0.608900,,,,,,,1
415,1787660193.2479,1787660193.2626,0.03801,-0.566039,0.441786,2.333185,0.125786,-0.090505,0.595185,-0.567058,0.485209,2.349049,0.086957,-0.082175,0.600632,-0.567100,0.485200,2.349000,0.087000,-0.082200,0.600600,,,,,,,1
416,1787660193.299,1787660193.3135,0.05111,-0.566039,0.455592,2.373068,0.121184,-0.092039,0.595185,-0.571828,0.483174,2.351808,0.087106,-0.067335,0.609610,-0.571800,0.483200,2.351800,0.087100,-0.067300,0.609600,,,,,,,0
417,1787660193.3654,1787660193.3804,0.06643,-0.566039,0.481670,2.345457,0.092039,-0.084369,0.602854,-0.568713,0.494271,2.356227,0.082530,-0.075774,0.602149,-0.568700,0.494300,2.356200,0.082500,-0.075800,0.602100,,,,,,,0
418,1787660193.4043,1787660193.4185,0.03887,-0.566039,0.490874,2.342389,0.087437,-0.084369,0.602854,-0.574462,0.484540,2.344439,0.090477,-0.097276,0.610896,-0.574500,0.484500,2.344400,0.090500,-0.097300,0.610900,,,,,,,0
419,1787660193.462,1787660193.4765,0.05771,-0.566039,0.492408,2.370000,0.095107,-0.072097,0.602854,-0.575073,0.488086,2.340858,0.094098,-0.099159,0.611749,-0.575100,0.488100,2.340900,0.094100,-0.099200,0.611700,,,,,,,0
420,1787660193.5284,1787660193.5417,0.0664,-0.566039,0.501612,2.345457,0.082835,-0.076699,0.602854,-0.583004,0.482877,2.348350,0.091406,-0.117037,0.607478,-0.583000,0.482900,2.348300,0.091400,-0.117000,0.607500,,,,,,,0
421,1787660193.5656,1787660193.5795,0.03723,-0.566039,0.501612,2.336253,0.084369,-0.088971,0.604388,-0.581042,0.484393,2.347273,0.105499,-0.110607,0.610614,-0.581000,0.484400,2.347300,0.105500,-0.110600,0.610600,,,,,,,0
422,1787660193.6171,1787660193.6306,0.05141,-0.566039,0.501612,2.351593,0.084369,-0.093573,0.604388,-0.587147,0.489417,2.343664,0.099411,-0.137422,0.608614,-0.587100,0.489400,2.343700,0.099400,-0.137400,0.608600,,,,,,,0
423,1787660193.6835,1787660193.6987,0.06639,-0.570641,0.501612,2.354661,0.095107,-0.104311,0.604388,-0.587649,0.496537,2.336986,0.087670,-0.133678,0.607910,-0.587600,0.496500,2.337000,0.087700,-0.133700,0.607900,,,,,,,0
424,1787660193.7206,1787660193.7347,0.03713,-0.572175,0.501612,2.343923,0.095107,-0.104311,0.604388,-0.593447,0.501492,2.344971,0.083211,-0.117826,0.607618,-0.593400,0.501500,2.345000,0.083200,-0.117800,0.607600,,,,,,,0
425,1787660193.7719,1787660193.7866,0.05134,-0.576777,0.501612,2.345457,0.095107,-0.121184,0.604388,-0.597495,0.494243,2.341460,0.070311,-0.131998,0.610202,-0.597500,0.494200,2.341500,0.070300,-0.132000,0.610200,,,,,,,0
426,1787660193.8386,1787660193.8535,0.06668,-0.581379,0.509282,2.350059,0.090505,-0.130388,0.604388,-0.593297,0.493768,2.351837,0.070326,-0.145782,0.610693,-0.593300,0.493800,2.351800,0.070300,-0.145800,0.610700,,,,,,,0
427,1787660193.8774,1787660193.8926,0.03885,-0.582913,0.510816,2.342389,0.078233,-0.125786,0.604388,-0.601854,0.492844,2.341682,0.058925,-0.199438,0.615692,-0.601900,0.492800,2.341700,0.058900,-0.199400,0.615700,,,,,,,0
428,1787660193.9343,1787660193.9495,0.05687,-0.585981,0.510816,2.340855,0.072097,-0.121184,0.604388,-0.598639,0.497737,2.344060,0.056792,-0.186236,0.622189,-0.598600,0.497700,2.344100,0.056800,-0.186200,0.622200,,,,,,,0
429,1787660193.9722,1787660193.9856,0.03791,-0.587515,0.510816,2.353127,0.072097,-0.133456,0.610524,-0.599835,0.510184,2.342467,0.062037,-0.171588,0.623070,-0.599800,0.510200,2.342500,0.062000,-0.171600,0.623100,,,,,,,0
430,1787660194.0231,1787660194.0366,0.05085,-0.589049,0.510816,2.353127,0.062893,-0.165670,0.612058,-0.605043,0.514167,2.329441,0.060542,-0.185923,0.621096,-0.605000,0.514200,2.329400,0.060500,-0.185900,0.621100,,,,,,,1
431,1787660194.0894,1787660194.1046,0.0663,-0.590583,0.512350,2.339321,0.055223,-0.190214,0.616660,-0.609574,0.524838,2.332155,0.062577,-0.166915,0.624882,-0.609600,0.524800,2.332200,0.062600,-0.166900,0.624900,,,,,,,1
432,1787660194.1284,1787660194.1436,0.03902,-0.590583,0.520019,2.342389,0.056757,-0.190214,0.616660,-0.615585,0.522877,2.329166,0.051605,-0.156561,0.620915,-0.615600,0.522900,2.329200,0.051600,-0.156600,0.620900,,,,,,,0
433,1787660194.1861,1787660194.2006,0.05769,-0.593651,0.523087,2.343923,0.064427,-0.190214,0.616660,-0.627220,0.524138,2.328145,0.052397,-0.153626,0.612083,-0.627200,0.524100,2.328100,0.052400,-0.153600,0.612100,,,,,,,1
434,1787660194.2525,1787660194.2675,0.06643,-0.602854,0.532291,2.327049,0.056757,-0.164136,0.616660,-0.630922,0.516857,2.323670,0.051899,-0.167108,0.606683,-0.630900,0.516900,2.323700,0.051900,-0.167100,0.606700,,,,,,,1
435,1787660194.2913,1787660194.3045,0.03884,-0.607456,0.532291,2.325515,0.055223,-0.158000,0.616660,-0.629618,0.527550,2.324456,0.054402,-0.155849,0.612736,-0.629600,0.527600,2.324500,0.054400,-0.155800,0.612700,,,,,,,0
436,1787660194.3484,1787660194.3635,0.05706,-0.616660,0.532291,2.339321,0.059825,-0.154932,0.613592,-0.623236,0.531694,2.308550,0.053402,-0.170208,0.615640,-0.623200,0.531700,2.308500,0.053400,-0.170200,0.615600,,,,,,,0
437,1787660194.4156,1787660194.4306,0.06722,-0.621262,0.532291,2.327049,0.050621,-0.158000,0.610524,-0.625842,0.531340,2.311450,0.044896,-0.171346,0.612314,-0.625800,0.531300,2.311500,0.044900,-0.171300,0.612300,,,,,,,0
438,1787660194.455,1787660194.4685,0.03936,-0.621262,0.532291,2.322447,0.050621,-0.158000,0.610524,-0.630783,0.540942,2.324550,0.043622,-0.179144,0.604695,-0.630800,0.540900,2.324500,0.043600,-0.179100,0.604700,,,,,,,0
439,1787660194.5121,1787660194.5266,0.05714,-0.621262,0.538427,2.322447,0.058291,-0.161068,0.610524,-0.634753,0.536771,2.322212,0.041372,-0.177861,0.549626,-0.634800,0.536800,2.322200,0.041400,-0.177900,0.549600,,,,,,,0
440,1787660194.5785,1787660194.5925,0.06638,-0.621262,0.544563,2.314777,0.041417,-0.170272,0.610524,-0.627852,0.544408,2.322754,0.032630,-0.175343,0.463448,-0.627900,0.544400,2.322800,0.032600,-0.175300,0.463400,,,,,,,0
441,1787660194.6178,1787660194.6325,0.03929,-0.621262,0.547631,2.313243,0.041417,-0.173340,0.601320,-0.631093,0.528281,2.329036,0.036583,-0.184936,0.373434,-0.631100,0.528300,2.329000,0.036600,-0.184900,0.373400,,,,,,,0
442,1787660194.6749,1787660194.6894,0.05709,-0.625864,0.547631,2.316311,0.039884,-0.173340,0.530757,-0.633600,0.536750,2.324730,0.021532,-0.192185,0.383460,-0.633600,0.536800,2.324700,0.021500,-0.192200,0.383500,,,,,,,0
443,1787660194.7416,1787660194.7564,0.06671,-0.625864,0.547631,2.320913,0.033748,-0.174874,0.368155,-0.631191,0.526969,2.320358,0.029781,-0.189385,0.326480,-0.631200,0.527000,2.320400,0.029800,-0.189400,0.326500,,,,,,,0
444,1787660194.7781,1787660194.7927,0.03656,-0.625864,0.547631,2.322447,0.033748,-0.181010,0.378893,-0.635165,0.525774,2.331766,0.023603,-0.194295,0.190159,-0.635200,0.525800,2.331800,0.023600,-0.194300,0.190200,,,,,,,0
445,1787660194.83,1787660194.8436,0.05187,-0.625864,0.547631,2.323981,0.026078,-0.185612,0.380427,-0.643790,0.526041,2.331416,0.023982,-0.182537,0.212617,-0.643800,0.526000,2.331400,0.024000,-0.182500,0.212600,,,,,,,0
446,1787660194.8967,1787660194.9114,0.06667,-0.625864,0.547631,2.327049,0.023010,-0.187146,0.234699,-0.640726,0.522282,2.345941,0.022412,-0.193639,0.056578,-0.640700,0.522300,2.345900,0.022400,-0.193600,0.056600,,,,,,,0
447,1787660194.9333,1787660194.9486,0.03662,-0.627398,0.547631,2.327049,0.023010,-0.187146,0.191748,-0.634345,0.515518,2.332628,0.038814,-0.173156,0.019873,-0.634300,0.515500,2.332600,0.038800,-0.173200,0.019900,,,,,,,0
448,1787660194.9851,1787660194.9987,0.0518,-0.633534,0.547631,2.327049,0.023010,-0.187146,0.208621,-0.631503,0.521406,2.341580,0.032665,-0.182077,0.021365,-0.631500,0.521400,2.341600,0.032700,-0.182100,0.021400,,,,,,,0
449,1787660195.0517,1787660195.0666,0.0666,-0.636602,0.546097,2.327049,0.024544,-0.185612,0.061359,-0.629493,0.519750,2.340169,0.029800,-0.168760,-0.003973,-0.629500,0.519700,2.340200,0.029800,-0.168800,-0.004000,,,,,,,1
450,1787660195.0901,1787660195.1035,0.03837,-0.638136,0.546097,2.330117,0.029146,-0.177942,0.018408,-0.636786,0.506589,2.356493,0.035800,-0.182969,-0.021170,-0.636800,0.506600,2.356500,0.035800,-0.183000,-0.021200,,,,,,,1
451,1787660195.1482,1787660195.1615,0.05816,-0.635068,0.546097,2.336253,0.029146,-0.176408,0.010738,-0.645230,0.491322,2.352690,0.045724,-0.183778,-0.023265,-0.645200,0.491300,2.352700,0.045700,-0.183800,-0.023300,,,,,,,0
452,1787660195.2036,1787660195.2186,0.05535,-0.633534,0.546097,2.340855,0.030680,-0.176408,-0.021476,-0.635808,0.416546,2.362285,0.034089,-0.185058,-0.024567,-0.635800,0.416500,2.362300,0.034100,-0.185100,-0.024600,,,,,,,1
453,1787660195.2415,1787660195.2563,0.03789,-0.633534,0.541495,2.348525,0.030680,-0.176408,-0.026078,-0.640143,0.372443,2.369220,0.037658,-0.172964,-0.031388,-0.640100,0.372400,2.369200,0.037700,-0.173000,-0.031400,,,,,,,1
454,1787660195.2931,1787660195.3075,0.05165,-0.635068,0.529223,2.366932,0.047553,-0.177942,-0.026078,-0.633338,0.325876,2.381331,0.034463,-0.186202,-0.029181,-0.633300,0.325900,2.381300,0.034500,-0.186200,-0.029200,,,,,,,0
455,1787660195.3596,1787660195.3746,0.06651,-0.635068,0.509282,2.359262,0.033748,-0.176408,-0.026078,-0.623249,0.267967,2.364346,0.045408,-0.169674,-0.031592,-0.623200,0.268000,2.364300,0.045400,-0.169700,-0.031600,,,,,,,0
456,1787660195.3962,1787660195.4094,0.03661,-0.635068,0.487806,2.356194,0.032214,-0.176408,-0.024544,-0.611340,0.223945,2.377570,0.053399,-0.163682,-0.035922,-0.611300,0.223900,2.377600,0.053400,-0.163700,-0.035900,,,,,,,0
457,1787660195.4481,1787660195.4615,0.05191,-0.635068,0.437185,2.389942,0.033748,-0.176408,-0.024544,-0.574112,0.191456,2.357229,0.041980,-0.159554,-0.036673,-0.574100,0.191500,2.357200,0.042000,-0.159600,-0.036700,,,,,,,0
458,1787660195.5147,1787660195.5295,0.06652,-0.627398,0.358952,2.385340,0.036816,-0.171806,-0.032214,-0.516641,0.137120,2.334687,0.030650,-0.124545,-0.036735,-0.516600,0.137100,2.334700,0.030600,-0.124500,-0.036700,,,,,,,0
459,1787660195.5541,1787660195.5686,0.03947,-0.616660,0.319068,2.368466,0.044485,-0.164136,-0.032214,-0.454347,0.118497,2.306433,0.022011,-0.101521,-0.036150,-0.454300,0.118500,2.306400,0.022000,-0.101500,-0.036100,,,,,,,0
460,1787660195.6111,1787660195.6253,0.05698,-0.595185,0.256175,2.380738,0.047553,-0.161068,-0.032214,-0.391421,0.105065,2.270127,0.023692,-0.003070,-0.035343,-0.391400,0.105100,2.270100,0.023700,-0.003100,-0.035300,,,,,,,0
461,1787660195.6777,1787660195.6925,0.06663,-0.549165,0.200951,2.340855,0.023010,-0.131922,-0.032214,-0.349126,0.089005,2.250790,0.017969,0.070452,-0.038150,-0.349100,0.089000,2.250800,0.018000,0.070500,-0.038100,,,,,,,0
462,1787660195.7145,1787660195.7296,0.03677,-0.509282,0.171806,2.319379,0.021476,-0.111981,-0.032214,-0.300238,0.081895,2.243784,0.013622,0.239152,-0.041706,-0.300200,0.081900,2.243800,0.013600,0.239200,-0.041700,,,,,,,0
463,1787660195.7663,1787660195.7795,0.05176,-0.452524,0.139592,2.300971,0.027612,-0.073631,-0.032214,-0.254284,0.051598,2.195743,0.005862,0.306929,-0.037526,-0.254300,0.051600,2.195700,0.005900,0.306900,-0.037500,,,,,,,0
464,1787660195.8326,1787660195.8455,0.0663,-0.389631,0.125786,2.271826,0.019942,0.004602,-0.033748,-0.227746,0.055605,2.200005,0.007241,0.338043,-0.035204,-0.227700,0.055600,2.200000,0.007200,0.338000,-0.035200,,,,,,,0
465,1787660195.8714,1787660195.8855,0.03881,-0.354350,0.116583,2.259554,0.018408,0.058291,-0.033748,-0.185206,0.058815,2.155860,0.017867,0.511375,-0.035798,-0.185200,0.058800,2.155900,0.017900,0.511400,-0.035800,,,,,,,0
466,1787660195.9278,1787660195.9424,0.05641,-0.292990,0.093573,2.238078,0.012272,0.159534,-0.033748,-0.162539,0.054063,2.139732,0.015804,0.585076,-0.036811,-0.162500,0.054100,2.139700,0.015800,0.585100,-0.036800,,,,,,,0
467,1787660195.9834,1787660195.9976,0.05564,-0.250039,0.087437,2.212000,0.012272,0.248505,-0.033748,-0.134272,0.053190,2.113562,0.015203,0.723636,-0.037044,-0.134300,0.053200,2.113600,0.015200,0.723600,-0.037000,,,,,,,0
468,1787660196.0219,1787660196.0357,0.03847,-0.222427,0.087437,2.192059,0.013806,0.309864,-0.033748,-0.106428,0.069051,2.086313,0.015125,0.799905,-0.034959,-0.106400,0.069100,2.086300,0.015100,0.799900,-0.035000,,,,,,,1
469,1787660196.0785,1787660196.0936,0.05666,-0.179476,0.087437,2.161379,0.013806,0.420311,-0.033748,-0.089078,0.065710,2.050764,0.024910,0.887717,-0.033838,-0.089100,0.065700,2.050800,0.024900,0.887700,-0.033800,,,,,,,1
470,1787660196.1175,1787660196.1316,0.039,-0.158000,0.087437,2.146039,0.013806,0.486272,-0.033748,-0.071489,0.073596,2.022161,0.025227,0.984460,-0.026779,-0.071500,0.073600,2.022200,0.025200,0.984500,-0.026800,,,,,,,0
471,1787660196.1783,1787660196.1914,0.06074,-0.124252,0.087437,2.110758,0.013806,0.605922,-0.033748,-0.038789,0.085860,2.004371,0.043603,1.099209,-0.028083,-0.038800,0.085900,2.004400,0.043600,1.099200,-0.028100,,,,,,,1
472,1787660196.2447,1787660196.2596,0.06642,-0.090505,0.088971,2.072408,0.019942,0.734777,-0.032214,-0.032573,0.088504,2.003923,0.036252,1.149066,-0.029628,-0.032600,0.088500,2.003900,0.036300,1.149100,-0.029600,,,,,,,1
473,1787660196.2841,1787660196.2987,0.03939,-0.078233,0.088971,2.050932,0.019942,0.800738,-0.032214,-0.018768,0.100625,2.001230,0.046680,1.206140,-0.031501,-0.018800,0.100600,2.001200,0.046700,1.206100,-0.031500,,,,,,,0
474,1787660196.3413,1787660196.3554,0.05721,-0.056757,0.092039,2.024855,0.036816,0.914253,-0.032214,-0.016522,0.101130,2.010222,0.039415,1.217599,-0.030847,-0.016500,0.101100,2.010200,0.039400,1.217600,-0.030800,,,,,,,0
475,1787660196.3967,1787660196.4115,0.05539,-0.035282,0.101243,2.023321,0.038350,1.013961,-0.032214,-0.008948,0.111829,2.045220,0.038853,1.296250,-0.028361,-0.008900,0.111800,2.045200,0.038900,1.296200,-0.028400,,,,,,,0
476,1787660196.4366,1787660196.4515,0.0399,-0.023010,0.108913,2.023321,0.039884,1.069185,-0.032214,0.000253,0.111957,2.080137,0.052493,1.286934,-0.027684,0.000300,0.112000,2.080100,0.052500,1.286900,-0.027700,,,,,,,0
477,1787660196.4934,1787660196.5084,0.05686,-0.019942,0.110447,2.023321,0.039884,1.147418,-0.032214,-0.006495,0.111322,2.143248,0.078450,1.269217,-0.007191,-0.006500,0.111300,2.143200,0.078400,1.269200,-0.007200,,,,,,,0
478,1787660196.5504,1787660196.5656,0.05694,-0.015340,0.116583,2.034059,0.039884,1.216447,-0.032214,-0.027480,0.099338,2.207877,0.092471,1.185212,0.022949,-0.027500,0.099300,2.207900,0.092500,1.185200,0.022900,,,,,,,0
479,1787660196.5893,1787660196.6035,0.03892,-0.009204,0.119651,2.057068,0.049087,1.250194,-0.024544,-0.032813,0.097219,2.250878,0.100548,1.101939,0.088809,-0.032800,0.097200,2.250900,0.100500,1.101900,0.088800,,,,,,,0
480,1787660196.6474,1787660196.6616,0.05807,-0.006136,0.119651,2.112292,0.070563,1.285476,0.004602,-0.042625,0.101178,2.247922,0.125815,1.079478,0.083409,-0.042600,0.101200,2.247900,0.125800,1.079500,0.083400,,,,,,,0
481,1787660196.714,1787660196.7276,0.06661,-0.018408,0.119651,2.181321,0.093573,1.288544,0.082835,-0.044972,0.105092,2.253275,0.131776,1.058174,0.149818,-0.045000,0.105100,2.253300,0.131800,1.058200,0.149800,,,,,,,0
482,1787660196.7511,1787660196.7645,0.03712,-0.023010,0.119651,2.216602,0.099709,1.279340,0.088971,-0.051386,0.113666,2.242472,0.162673,1.014688,0.264148,-0.051400,0.113700,2.242500,0.162700,1.014700,0.264100,,,,,,,0
483,1787660196.8025,1787660196.8186,0.05136,-0.030680,0.119651,2.245748,0.113515,1.236389,0.087437,-0.037203,0.116671,2.268375,0.159713,1.019150,0.314817,-0.037200,0.116700,2.268400,0.159700,1.019200,0.314800,,,,,,,0
484,1787660196.869,1787660196.8836,0.06655,-0.038350,0.119651,2.253418,0.139592,1.155088,0.237767,-0.042150,0.145138,2.226736,0.177230,1.041820,0.311231,-0.042200,0.145100,2.226700,0.177200,1.041800,0.311200,,,,,,,0
485,1787660196.9055,1787660196.9196,0.03649,-0.041417,0.119651,2.251884,0.151864,1.109068,0.294524,-0.037989,0.145388,2.247241,0.191249,1.044886,0.364329,-0.038000,0.145400,2.247200,0.191200,1.044900,0.364300,,,,,,,0
486,1787660196.9572,1787660196.9715,0.05175,-0.041417,0.121184,2.261088,0.156466,1.058447,0.316000,-0.050755,0.160753,2.231396,0.187303,1.093714,0.372406,-0.050800,0.160800,2.231400,0.187300,1.093700,0.372400,,,,,,,0
487,1787660197.0238,1787660197.0386,0.06652,-0.041417,0.136524,2.268758,0.171806,1.023165,0.365087,-0.053293,0.170294,2.227684,0.187882,1.092927,0.388195,-0.053300,0.170300,2.227700,0.187900,1.092900,0.388200,,,,,,,1
488,1787660197.0628,1787660197.0775,0.03904,-0.041417,0.153398,2.268758,0.184078,1.020097,0.368155,-0.041624,0.176967,2.230336,0.190242,1.081076,0.390641,-0.041600,0.177000,2.230300,0.190200,1.081100,0.390600,,,,,,,1
489,1787660197.1199,1787660197.1355,0.05712,-0.041417,0.170272,2.250350,0.184078,1.036971,0.377359,-0.046072,0.189810,2.212933,0.190798,1.118117,0.398956,-0.046100,0.189800,2.212900,0.190800,1.118100,0.399000,,,,,,,0
490,1787660197.187,1787660197.2005,0.0671,-0.041417,0.182544,2.241146,0.185612,1.076855,0.389631,-0.032825,0.204078,2.206144,0.197712,1.101788,0.415921,-0.032800,0.204100,2.206100,0.197700,1.101800,0.415900,,,,,,,1
491,1787660197.2259,1787660197.2394,0.03888,-0.041417,0.185612,2.241146,0.185612,1.089126,0.391165,-0.037630,0.207897,2.200517,0.206300,1.123741,0.424298,-0.037600,0.207900,2.200500,0.206300,1.123700,0.424300,,,,,,,1
492,1787660197.2827,1787660197.2976,0.05678,-0.041417,0.197884,2.233476,0.185612,1.112136,0.408039,-0.042542,0.217324,2.200082,0.207045,1.125416,0.425604,-0.042500,0.217300,2.200100,0.207000,1.125400,0.425600,,,,,,,0
493,1787660197.3384,1787660197.3526,0.05571,-0.039884,0.214757,2.216602,0.194816,1.118272,0.420311,-0.048328,0.218463,2.190866,0.213754,1.139921,0.422430,-0.048300,0.218500,2.190900,0.213800,1.139900,0.422400,,,,,,,0
494,1787660197.3784,1787660197.3924,0.04003,-0.039884,0.219359,2.213534,0.202485,1.122874,0.421845,-0.045740,0.221857,2.207046,0.215505,1.109715,0.444418,-0.045700,0.221900,2.207000,0.215500,1.109700,0.444400,,,,,,,0
495,1787660197.4359,1787660197.4497,0.05751,-0.039884,0.225495,2.212000,0.204019,1.124408,0.421845,-0.045562,0.241002,2.196063,0.213463,1.118859,0.436716,-0.045600,0.241000,2.196100,0.213500,1.118900,0.436700,,,,,,,0
496,1787660197.4917,1787660197.5065,0.05575,-0.039884,0.227029,2.205864,0.210155,1.135146,0.441786,-0.051100,0.251991,2.194311,0.209569,1.116077,0.441081,-0.051100,0.252000,2.194300,0.209600,1.116100,0.441100,,,,,,,0
497,1787660197.5312,1787660197.5456,0.0395,-0.039884,0.230097,2.207398,0.210155,1.135146,0.441786,-0.045005,0.270363,2.186330,0.198043,1.107251,0.434922,-0.045000,0.270400,2.186300,0.198000,1.107300,0.434900,,,,,,,0
498,1787660197.5883,1787660197.6026,0.05714,-0.039884,0.245437,2.208932,0.210155,1.125942,0.441786,-0.044066,0.283647,2.192458,0.183260,1.094934,0.438800,-0.044100,0.283600,2.192500,0.183300,1.094900,0.438800,,,,,,,0
499,1787660197.6448,1787660197.6596,0.05651,-0.039884,0.268447,2.202796,0.207087,1.118272,0.440252,-0.042815,0.295485,2.197474,0.186312,1.109770,0.442483,-0.042800,0.295500,2.197500,0.186300,1.109800,0.442500,,,,,,,0
500,1787660197.6844,1787660197.6996,0.03953,-0.039884,0.277651,2.202796,0.199418,1.112136,0.440252,-0.040881,0.306705,2.201945,0.179840,1.108308,0.440875,-0.040900,0.306700,2.201900,0.179800,1.108300,0.440900,,,,,,,0
501,1787660197.7419,1787660197.7563,0.05749,-0.039884,0.294524,2.202796,0.187146,1.102932,0.440252,-0.055951,0.305112,2.201324,0.181945,1.112743,0.442354,-0.056000,0.305100,2.201300,0.181900,1.112700,0.442400,,,,,,,0
502,1787660197.7986,1787660197.8136,0.0567,-0.039884,0.308330,2.204330,0.187146,1.102932,0.440252,-0.053376,0.322767,2.199696,0.181668,1.111622,0.433383,-0.053400,0.322800,2.199700,0.181700,1.111600,0.433400,,,,,,,0
503,1787660197.8388,1787660197.8536,0.04025,-0.039884,0.314466,2.205864,0.184078,1.107534,0.440252,-0.052913,0.329507,2.204065,0.172254,1.112219,0.440850,-0.052900,0.329500,2.204100,0.172300,1.112200,0.440800,,,,,,,0
504,1787660197.8957,1787660197.9106,0.05689,-0.042951,0.316000,2.205864,0.182544,1.109068,0.440252,-0.055737,0.338170,2.199007,0.176944,1.110981,0.440452,-0.055700,0.338200,2.199000,0.176900,1.111000,0.440500,,,,,,,0
505,1787660197.962,1787660197.9766,0.06627,-0.044485,0.334408,2.205864,0.176408,1.109068,0.440252,-0.062651,0.341639,2.198550,0.177517,1.109383,0.438247,-0.062700,0.341600,2.198600,0.177500,1.109400,0.438200,,,,,,,0
506,1787660198.0014,1787660198.0146,0.03941,-0.044485,0.342078,2.205864,0.176408,1.109068,0.440252,-0.062305,0.353956,2.195370,0.181918,1.102805,0.436698,-0.062300,0.354000,2.195400,0.181900,1.102800,0.436700,,,,,,,1
507,1787660198.0585,1787660198.0746,0.0571,-0.044485,0.346680,2.205864,0.176408,1.109068,0.440252,-0.063337,0.360090,2.185313,0.180180,1.094738,0.432398,-0.063300,0.360100,2.185300,0.180200,1.094700,0.432400,,,,,,,1
508,1787660198.1139,1787660198.1296,0.0554,-0.052155,0.354350,2.205864,0.176408,1.109068,0.440252,-0.070310,0.354575,2.194685,0.173837,1.108283,0.434692,-0.070300,0.354600,2.194700,0.173800,1.108300,0.434700,,,,,,,0
509,1787660198.1531,1787660198.1686,0.03922,-0.053689,0.365087,2.205864,0.176408,1.109068,0.440252,-0.068910,0.359949,2.196198,0.175576,1.080144,0.439047,-0.068900,0.359900,2.196200,0.175600,1.080100,0.439000,,,,,,,1
510,1787660198.2116,1787660198.2266,0.05851,-0.053689,0.371223,2.204330,0.176408,1.106000,0.440252,-0.071001,0.382921,2.196712,0.166628,1.082685,0.432792,-0.071000,0.382900,2.196700,0.166600,1.082700,0.432800,,,,,,,1
511,1787660198.278,1787660198.2914,0.06641,-0.056757,0.371223,2.202796,0.176408,1.106000,0.440252,-0.073701,0.382873,2.200695,0.170580,1.085367,0.424900,-0.073700,0.382900,2.200700,0.170600,1.085400,0.424900,,,,,,,0
512,1787660198.3168,1787660198.3317,0.03876,-0.059825,0.371223,2.202796,0.176408,1.099864,0.440252,-0.075578,0.389860,2.188912,0.158372,1.074122,0.429240,-0.075600,0.389900,2.188900,0.158400,1.074100,0.429200,,,,,,,0
513,1787660198.3738,1787660198.3884,0.05697,-0.059825,0.388097,2.202796,0.171806,1.090660,0.435651,-0.070884,0.384517,2.190886,0.168024,1.075491,0.434017,-0.070900,0.384500,2.190900,0.168000,1.075500,0.434000,,,,,,,0
514,1787660198.4294,1787660198.4427,0.05566,-0.062893,0.395767,2.202796,0.168738,1.086058,0.431049,-0.073216,0.392737,2.181987,0.171196,1.069715,0.438153,-0.073200,0.392700,2.182000,0.171200,1.069700,0.438200,,,,,,,0
515,1787660198.4684,1787660198.4837,0.03902,-0.064427,0.398835,2.202796,0.162602,1.081456,0.431049,-0.074501,0.397073,2.169518,0.184557,1.050076,0.445392,-0.074500,0.397100,2.169500,0.184600,1.050100,0.445400,,,,,,,0
516,1787660198.5249,1787660198.5387,0.05649,-0.064427,0.398835,2.201262,0.167204,1.079922,0.431049,-0.066030,0.392735,2.174358,0.185121,1.041073,0.449322,-0.066000,0.392700,2.174400,0.185100,1.041100,0.449300,,,,,,,0
517,1787660198.5635,1787660198.5787,0.03863,-0.064427,0.398835,2.196660,0.170272,1.075321,0.438719,-0.079733,0.401865,2.156575,0.189596,1.017084,0.448483,-0.079700,0.401900,2.156600,0.189600,1.017100,0.448500,,,,,,,0
518,1787660198.6236,1787660198.6374,0.06001,-0.064427,0.404971,2.181321,0.176408,1.056913,0.440252,-0.066269,0.405765,2.155733,0.183800,1.026821,0.448664,-0.066300,0.405800,2.155700,0.183800,1.026800,0.448700,,,,,,,0
519,1787660198.6788,1787660198.6937,0.05525,-0.065961,0.406505,2.181321,0.188680,1.040039,0.443320,-0.069469,0.411327,2.141754,0.172044,1.000055,0.441309,-0.069500,0.411300,2.141800,0.172000,1.000100,0.441300,,,,,,,0
520,1787660198.7184,1787660198.7317,0.03954,-0.065961,0.408039,2.175185,0.188680,1.029301,0.446388,-0.069309,0.430942,2.136888,0.176252,1.020600,0.446488,-0.069300,0.430900,2.136900,0.176300,1.020600,0.446500,,,,,,,0
521,1787660198.7748,1787660198.7893,0.05646,-0.065961,0.415709,2.165981,0.187146,1.026233,0.444854,-0.072272,0.443004,2.134639,0.184523,1.014109,0.435737,-0.072300,0.443000,2.134600,0.184500,1.014100,0.435700,,,,,,,0
522,1787660198.8312,1787660198.8446,0.0564,-0.065961,0.423379,2.155243,0.177942,1.026233,0.446388,-0.075974,0.449772,2.132627,0.180443,1.024537,0.434375,-0.076000,0.449800,2.132600,0.180400,1.024500,0.434400,,,,,,,0
523,1787660198.8698,1787660198.8846,0.03863,-0.065961,0.437185,2.146039,0.170272,1.026233,0.443320,-0.070500,0.463780,2.113974,0.183317,1.027414,0.446866,-0.070500,0.463800,2.114000,0.183300,1.027400,0.446900,,,,,,,0
524,1787660198.9266,1787660198.9416,0.05672,-0.065961,0.454058,2.146039,0.185612,1.020097,0.443320,-0.071424,0.467250,2.099437,0.174036,1.029354,0.434447,-0.071400,0.467300,2.099400,0.174000,1.029400,0.434400,,,,,,,0
525,1787660198.9657,1787660198.9805,0.03912,-0.065961,0.460194,2.144505,0.182544,1.021631,0.443320,-0.068073,0.473640,2.090586,0.180552,1.015433,0.431100,-0.068100,0.473600,2.090600,0.180600,1.015400,0.431100,,,,,,,1
526,1787660199.0256,1787660199.0405,0.05989,-0.065961,0.472466,2.127631,0.182544,1.026233,0.441786,-0.067608,0.482920,2.082789,0.178000,1.018653,0.424044,-0.067600,0.482900,2.082800,0.178000,1.018700,0.424000,,,,,,,1
527,1787660199.0918,1787660199.1055,0.06626,-0.065961,0.483204,2.106156,0.177942,1.027767,0.437185,-0.068047,0.486917,2.092362,0.180164,1.032675,0.428765,-0.068000,0.486900,2.092400,0.180200,1.032700,0.428800,,,,,,,1
528,1787660199.1317,1787660199.1475,0.03987,-0.065961,0.484738,2.101554,0.177942,1.024699,0.431049,-0.066752,0.486584,2.098600,0.175065,1.023063,0.431071,-0.066800,0.486600,2.098600,0.175100,1.023100,0.431100,,,,,,,1
529,1787660199.1881,1787660199.2024,0.05638,-0.065961,0.492408,2.093884,0.176408,1.024699,0.427981,-0.070918,0.498784,2.098947,0.175074,1.042542,0.426532,-0.070900,0.498800,2.098900,0.175100,1.042500,0.426500,,,,,,,0
530,1787660199.2446,1787660199.2594,0.05653,-0.065961,0.497010,2.098486,0.177942,1.027767,0.427981,-0.072994,0.496717,2.084432,0.168791,1.021749,0.410114,-0.073000,0.496700,2.084400,0.168800,1.021700,0.410100,,,,,,,0
531,1787660199.2799,1787660199.2935,0.03528,-0.065961,0.497010,2.098486,0.177942,1.027767,0.427981,-0.067024,0.491188,2.083108,0.175733,1.039691,0.391272,-0.067000,0.491200,2.083100,0.175700,1.039700,0.391300,,,,,,,0
532,1787660199.3418,1787660199.3563,0.06187,-0.065961,0.506214,2.098486,0.176408,1.032369,0.418777,-0.072335,0.482977,2.091744,0.171697,1.040738,0.394599,-0.072300,0.483000,2.091700,0.171700,1.040700,0.394600,,,,,,,0
533,1787660199.408,1787660199.4215,0.06624,-0.065961,0.509282,2.098486,0.173340,1.036971,0.394233,-0.075275,0.471920,2.083450,0.169357,1.048566,0.407609,-0.075300,0.471900,2.083400,0.169400,1.048600,0.407600,,,,,,,0
534,1787660199.4475,1787660199.4615,0.03949,-0.065961,0.507748,2.095418,0.173340,1.036971,0.394233,-0.083685,0.470755,2.097767,0.165501,1.030110,0.442948,-0.083700,0.470800,2.097800,0.165500,1.030100,0.442900,,,,,,,0
535,1787660199.5039,1787660199.5186,0.05638,-0.065961,0.507748,2.095418,0.171806,1.040039,0.395767,-0.072619,0.461023,2.085757,0.179218,1.052504,0.434087,-0.072600,0.461000,2.085800,0.179200,1.052500,0.434100,,,,,,,0
536,1787660199.5595,1787660199.5726,0.05564,-0.065961,0.507748,2.095418,0.171806,1.046175,0.440252,-0.079878,0.456292,2.082956,0.169026,1.019278,0.438514,-0.079900,0.456300,2.083000,0.169000,1.019300,0.438500,,,,,,,0
537,1787660199.5983,1787660199.6115,0.03875,-0.069029,0.506214,2.096952,0.170272,1.044641,0.438719,-0.076549,0.450701,2.080409,0.164350,1.026563,0.431086,-0.076500,0.450700,2.080400,0.164400,1.026600,0.431100,,,,,,,0
538,1787660199.6498,1787660199.6647,0.05152,-0.070563,0.495476,2.098486,0.173340,1.040039,0.438719,-0.076534,0.454009,2.080770,0.171848,1.013941,0.439730,-0.076500,0.454000,2.080800,0.171800,1.013900,0.439700,,,,,,,0
539,1787660199.7163,1787660199.7317,0.06655,-0.070563,0.493942,2.093884,0.168738,1.038505,0.438719,-0.077159,0.448611,2.068833,0.181669,1.014694,0.421574,-0.077200,0.448600,2.068800,0.181700,1.014700,0.421600,,,,,,,0
540,1787660199.7549,1787660199.7684,0.03856,-0.070563,0.493942,2.093884,0.167204,1.030835,0.438719,-0.081092,0.446911,2.069809,0.191496,1.029189,0.431045,-0.081100,0.446900,2.069800,0.191500,1.029200,0.431000,,,,,,,0
541,1787660199.8116,1787660199.8267,0.05666,-0.070563,0.490874,2.092350,0.167204,1.020097,0.437185,-0.071143,0.453022,2.058327,0.195499,1.032565,0.413941,-0.071100,0.453000,2.058300,0.195500,1.032600,0.413900,,,,,,,0
542,1787660199.8494,1787660199.8626,0.03789,-0.070563,0.487806,2.086214,0.174874,1.020097,0.429515,-0.073190,0.443455,2.054760,0.194861,1.028046,0.425132,-0.073200,0.443500,2.054800,0.194900,1.028000,0.425100,,,,,,,0
543,1787660199.9006,1787660199.9146,0.05113,-0.070563,0.486272,2.083146,0.187146,1.023165,0.429515,-0.076050,0.447290,2.052786,0.203298,1.024070,0.427745,-0.076000,0.447300,2.052800,0.203300,1.024100,0.427700,,,,,,,1
544,1787660199.9672,1787660199.9826,0.06659,-0.070563,0.486272,2.069340,0.190214,1.027767,0.420311,-0.077732,0.448532,2.037950,0.205732,1.035478,0.411758,-0.077700,0.448500,2.037900,0.205700,1.035500,0.411800,,,,,,,1
545,1787660200.0066,1787660200.0216,0.0394,-0.070563,0.486272,2.067806,0.190214,1.027767,0.420311,-0.072831,0.451572,2.031331,0.209267,1.035841,0.416371,-0.072800,0.451600,2.031300,0.209300,1.035800,0.416400,,,,,,,0
546,1787660200.0639,1787660200.0786,0.05735,-0.070563,0.483204,2.066272,0.200951,1.027767,0.420311,-0.066385,0.447065,2.017447,0.197096,1.059168,0.373166,-0.066400,0.447100,2.017400,0.197100,1.059200,0.373200,,,,,,,1
547,1787660200.1303,1787660200.1436,0.06641,-0.072097,0.484738,2.046330,0.200951,1.033903,0.418777,-0.083548,0.434612,2.017026,0.199462,1.079141,0.219942,-0.083500,0.434600,2.017000,0.199500,1.079100,0.219900,,,,,,,1
548,1787660200.1693,1787660200.1825,0.03899,-0.072097,0.484738,2.041728,0.204019,1.033903,0.404971,-0.078018,0.415681,1.988786,0.208393,1.073277,0.157723,-0.078000,0.415700,1.988800,0.208400,1.073300,0.157700,,,,,,,0
549,1787660200.2252,1787660200.2395,0.05588,-0.070563,0.483204,2.032525,0.200951,1.053845,0.357418,-0.085177,0.396075,2.005444,0.202645,1.069097,0.067056,-0.085200,0.396100,2.005400,0.202600,1.069100,0.067100,,,,,,,0
550,1787660200.2809,1787660200.2956,0.05565,-0.070563,0.469398,2.026389,0.200951,1.073787,0.191748,-0.083901,0.390595,2.028257,0.209824,1.074761,-0.006696,-0.083900,0.390600,2.028300,0.209800,1.074800,-0.006700,,,,,,,0
551,1787660200.3197,1787660200.3345,0.03887,-0.070563,0.457126,2.017185,0.204019,1.075321,0.127320,-0.083962,0.377229,2.030582,0.205571,1.084997,-0.018663,-0.084000,0.377200,2.030600,0.205600,1.085000,-0.018700,,,,,,,0
552,1787660200.376,1787660200.3894,0.05627,-0.073631,0.434117,2.001845,0.202485,1.075321,0.038350,-0.088818,0.365129,2.030524,0.202702,1.092249,-0.002670,-0.088800,0.365100,2.030500,0.202700,1.092200,-0.002700,,,,,,,0
553,1787660200.4151,1787660200.4285,0.0391,-0.075165,0.424913,2.007981,0.202485,1.075321,-0.015340,-0.086740,0.374572,2.032755,0.200922,1.082258,0.154230,-0.086700,0.374600,2.032800,0.200900,1.082300,0.154200,,,,,,,0
554,1787660200.476,1787660200.4894,0.06092,-0.075165,0.415709,2.030991,0.202485,1.084524,-0.013806,-0.093393,0.380165,2.015107,0.202769,1.059158,0.309736,-0.093400,0.380200,2.015100,0.202800,1.059200,0.309700,,,,,,,0
555,1787660200.5424,1787660200.5573,0.06639,-0.075165,0.414175,2.035593,0.204019,1.089126,0.082835,-0.087795,0.387679,2.034018,0.208233,1.074153,0.343212,-0.087800,0.387700,2.034000,0.208200,1.074200,0.343200,,,,,,,0
556,1787660200.581,1787660200.5955,0.03856,-0.075165,0.412641,2.034059,0.202485,1.089126,0.188680,-0.087841,0.381483,2.043365,0.209959,1.078670,0.340108,-0.087800,0.381500,2.043400,0.210000,1.078700,0.340100,,,,,,,0
557,1787660200.639,1787660200.6536,0.058,-0.078233,0.412641,2.034059,0.202485,1.072253,0.337476,-0.091534,0.387933,2.037893,0.215580,1.075540,0.330891,-0.091500,0.387900,2.037900,0.215600,1.075500,0.330900,,,,,,,0
558,1787660200.7054,1787660200.7186,0.06641,-0.079767,0.414175,2.037126,0.204019,1.067651,0.345146,-0.087229,0.390315,2.025991,0.219589,1.054157,0.327648,-0.087200,0.390300,2.026000,0.219600,1.054200,0.327600,,,,,,,0
559,1787660200.7423,1787660200.7555,0.03687,-0.079767,0.412641,2.043262,0.207087,1.072253,0.343612,-0.092876,0.403223,2.048076,0.218367,1.089196,0.326894,-0.092900,0.403200,2.048100,0.218400,1.089200,0.326900,,,,,,,0
560,1787660200.794,1787660200.8075,0.05176,-0.079767,0.412641,2.044796,0.213223,1.073787,0.335942,-0.094990,0.401170,2.031399,0.222058,1.078831,0.315547,-0.095000,0.401200,2.031400,0.222100,1.078800,0.315500,,,,,,,0
561,1787660200.8604,1787660200.8755,0.0664,-0.081301,0.415709,2.046330,0.213223,1.075321,0.331340,-0.088778,0.395283,2.028424,0.220910,1.109735,0.294928,-0.088800,0.395300,2.028400,0.220900,1.109700,0.294900,,,,,,,0
562,1787660200.899,1787660200.9137,0.03861,-0.081301,0.415709,2.047864,0.213223,1.082990,0.325204,-0.091765,0.388974,2.010468,0.218146,1.074739,0.275179,-0.091800,0.389000,2.010500,0.218100,1.074700,0.275200,,,,,,,1
563,1787660200.9569,1787660200.9724,0.05787,-0.081301,0.415709,2.047864,0.217825,1.086058,0.305262,-0.082509,0.373263,1.980149,0.219205,1.120534,0.226081,-0.082500,0.373300,1.980100,0.219200,1.120500,0.226100,,,,,,,1
564,1787660201.0122,1787660201.0265,0.05526,-0.081301,0.417243,2.037126,0.217825,1.086058,0.277651,-0.074812,0.383112,1.970498,0.214688,1.119963,0.200898,-0.074800,0.383100,1.970500,0.214700,1.120000,0.200900,,,,,,,0
565,1787660201.051,1787660201.0644,0.03888,-0.081301,0.415709,2.027923,0.217825,1.086058,0.263845,-0.086086,0.355285,1.987508,0.202375,1.125141,0.118340,-0.086100,0.355300,1.987500,0.202400,1.125100,0.118300,,,,,,,1
566,1787660201.1074,1787660201.1207,0.05639,-0.081301,0.414175,2.003379,0.217825,1.086058,0.213223,-0.084465,0.333337,1.993505,0.209439,1.106121,0.010081,-0.084500,0.333300,1.993500,0.209400,1.106100,0.010100,,,,,,,1
567,1787660201.1467,1787660201.1616,0.03923,-0.081301,0.414175,1.991107,0.217825,1.102932,0.190214,-0.083677,0.311832,1.991240,0.214926,1.105260,-0.004244,-0.083700,0.311800,1.991200,0.214900,1.105300,-0.004200,,,,,,,0
568,1787660201.2061,1787660201.2206,0.05939,-0.081301,0.406505,1.989573,0.207087,1.121340,0.078233,-0.084678,0.273291,1.957913,0.208465,1.133944,-0.014845,-0.084700,0.273300,1.957900,0.208500,1.133900,-0.014800,,,,,,,0
569,1787660201.2726,1787660201.2875,0.06655,-0.081301,0.371223,1.998777,0.211689,1.118272,-0.006136,-0.090255,0.256832,1.965812,0.215078,1.107783,-0.016689,-0.090300,0.256800,1.965800,0.215100,1.107800,-0.016700,,,,,,,0
570,1787660201.3118,1787660201.3263,0.03924,-0.081301,0.351282,1.997243,0.210155,1.115204,-0.006136,-0.095232,0.245775,1.987120,0.219431,1.141086,-0.018027,-0.095200,0.245800,1.987100,0.219400,1.141100,-0.018000,,,,,,,0
571,1787660201.3691,1787660201.3825,0.05724,-0.081301,0.319068,1.989573,0.210155,1.122874,-0.010738,-0.094799,0.261103,2.015404,0.220323,1.142349,0.034157,-0.094800,0.261100,2.015400,0.220300,1.142300,0.034200,,,,,,,0
572,1787660201.4356,1787660201.4505,0.06651,-0.082835,0.292990,1.978835,0.213223,1.136680,-0.010738,-0.098171,0.295024,2.045155,0.232928,1.119552,0.140257,-0.098200,0.295000,2.045200,0.232900,1.119600,0.140300,,,,,,,0
573,1787660201.4745,1787660201.4875,0.03888,-0.084369,0.280718,1.983437,0.214757,1.139748,-0.009204,-0.093167,0.312122,2.027198,0.230981,1.122712,0.297056,-0.093200,0.312100,2.027200,0.231000,1.122700,0.297100,,,,,,,0
574,1787660201.5313,1787660201.5445,0.05684,-0.084369,0.280718,2.011049,0.216291,1.141282,0.052155,-0.100478,0.318434,2.037448,0.239304,1.127410,0.349309,-0.100500,0.318400,2.037400,0.239300,1.127400,0.349300,,,,,,,0
575,1787660201.5691,1787660201.5825,0.0378,-0.084369,0.291456,2.030991,0.223961,1.141282,0.147262,-0.100006,0.314938,2.042555,0.246929,1.107908,0.387439,-0.100000,0.314900,2.042600,0.246900,1.107900,0.387400,,,,,,,0
576,1787660201.62,1787660201.6345,0.05084,-0.084369,0.308330,2.037126,0.219359,1.132078,0.294524,-0.099607,0.328638,2.025129,0.248455,1.114387,0.360303,-0.099600,0.328600,2.025100,0.248500,1.114400,0.360300,,,,,,,0
577,1787660201.6866,1787660201.7016,0.06664,-0.084369,0.320602,2.021787,0.231631,1.127476,0.381961,-0.092898,0.325009,2.015951,0.253618,1.109695,0.342585,-0.092900,0.325000,2.016000,0.253600,1.109700,0.342600,,,,,,,0
578,1787660201.7233,1787660201.7375,0.03673,-0.084369,0.320602,2.030991,0.234699,1.118272,0.375825,-0.098645,0.328939,2.009955,0.255907,1.122280,0.322715,-0.098600,0.328900,2.010000,0.255900,1.122300,0.322700,,,,,,,0
579,1787660201.7748,1787660201.7894,0.05151,-0.085903,0.325204,2.023321,0.236233,1.115204,0.362019,-0.087991,0.321915,2.006304,0.246235,1.132688,0.298452,-0.088000,0.321900,2.006300,0.246200,1.132700,0.298500,,,,,,,0
580,1787660201.8416,1787660201.8554,0.06677,-0.085903,0.329806,2.011049,0.245437,1.115204,0.323670,-0.101501,0.332034,2.004297,0.243675,1.116903,0.282450,-0.101500,0.332000,2.004300,0.243700,1.116900,0.282400,,,,,,,0
581,1787660201.8807,1787660201.8955,0.03912,-0.085903,0.329806,2.007981,0.246971,1.116738,0.314466,-0.099620,0.337908,2.007374,0.234891,1.144996,0.280228,-0.099600,0.337900,2.007400,0.234900,1.145000,0.280200,,,,,,,1
582,1787660201.9382,1787660201.9525,0.05743,-0.085903,0.329806,2.009515,0.243903,1.127476,0.291456,-0.090394,0.334188,2.002918,0.252277,1.128912,0.290093,-0.090400,0.334200,2.002900,0.252300,1.128900,0.290100,,,,,,,1
583,1787660201.9932,1787660202.0066,0.05502,-0.085903,0.337476,2.007981,0.237767,1.125942,0.279185,-0.079518,0.327375,1.997872,0.236473,1.154997,0.273148,-0.079500,0.327400,1.997900,0.236500,1.155000,0.273100,,,,,,,0
584,1787660202.033,1787660202.0465,0.03983,-0.087437,0.337476,2.006447,0.236233,1.125942,0.282252,-0.077957,0.338267,2.002875,0.245131,1.140491,0.279797,-0.078000,0.338300,2.002900,0.245100,1.140500,0.279800,,,,,,,1
585,1787660202.0899,1787660202.1055,0.05686,-0.087437,0.337476,2.001845,0.239301,1.127476,0.282252,-0.083328,0.348835,1.981096,0.240159,1.150130,0.270458,-0.083300,0.348800,1.981100,0.240200,1.150100,0.270500,,,,,,,1
586,1787660202.1458,1787660202.1605,0.05597,-0.085903,0.339010,1.998777,0.240835,1.141282,0.279185,-0.072029,0.338649,1.995164,0.234510,1.182472,0.256431,-0.072000,0.338600,1.995200,0.234500,1.182500,0.256400,,,,,,,0
587,1787660202.1853,1787660202.1985,0.03951,-0.084369,0.340544,1.998777,0.240835,1.141282,0.277651,-0.090383,0.328485,1.981239,0.239403,1.173340,0.228547,-0.090400,0.328500,1.981200,0.239400,1.173300,0.228500,,,,,,,0
588,1787660202.242,1787660202.2564,0.0567,-0.084369,0.348214,1.986505,0.239301,1.150486,0.265379,-0.098189,0.336879,2.001484,0.249210,1.134056,0.237218,-0.098200,0.336900,2.001500,0.249200,1.134100,0.237200,,,,,,,0
589,1787660202.281,1787660202.2954,0.03898,-0.081301,0.348214,1.980369,0.236233,1.164291,0.246971,-0.091697,0.320017,2.000937,0.249632,1.154394,0.259218,-0.091700,0.320000,2.000900,0.249600,1.154400,0.259200,,,,,,,0
590,1787660202.3402,1787660202.3537,0.05917,-0.079767,0.348214,1.981903,0.236233,1.175029,0.234699,-0.095117,0.313441,2.001513,0.251192,1.157471,0.270940,-0.095100,0.313400,2.001500,0.251200,1.157500,0.270900,,,,,,,0
591,1787660202.4066,1787660202.4216,0.0664,-0.085903,0.348214,1.986505,0.237767,1.167359,0.253107,-0.091491,0.308772,1.989886,0.260575,1.163712,-0.023471,-0.091500,0.308800,1.989900,0.260600,1.163700,-0.023500,,,,,,,0
592,1787660202.4434,1787660202.4584,0.03681,-0.085903,0.343612,1.991107,0.240835,1.162757,0.260777,-0.096245,0.285619,1.963771,0.250057,1.160245,-0.018779,-0.096200,0.285600,1.963800,0.250100,1.160200,-0.018800,,,,,,,0
593,1787660202.4949,1787660202.5096,0.05149,-0.085903,0.337476,1.994175,0.240835,1.162757,0.263845,-0.095750,0.269564,1.960273,0.250119,1.146741,-0.027115,-0.095700,0.269600,1.960300,0.250100,1.146700,-0.027100,,,,,,,0
594,1787660202.5616,1787660202.5755,0.06667,-0.085903,0.331340,1.991107,0.245437,1.162757,0.099709,-0.098634,0.238923,1.941476,0.252564,1.142330,-0.024059,-0.098600,0.238900,1.941500,0.252600,1.142300,-0.024100,,,,,,,0
595,1787660202.5984,1787660202.6136,0.03687,-0.085903,0.320602,1.989573,0.257709,1.162757,-0.007670,-0.101740,0.211701,1.937198,0.238724,1.158321,-0.024555,-0.101700,0.211700,1.937200,0.238700,1.158300,-0.024600,,,,,,,0
596,1787660202.6502,1787660202.6645,0.0518,-0.085903,0.309864,1.977301,0.253107,1.155088,-0.029146,-0.108969,0.185077,1.955886,0.253719,1.177549,-0.027864,-0.109000,0.185100,1.955900,0.253700,1.177500,-0.027900,,,,,,,0
597,1787660202.7167,1787660202.7316,0.0665,-0.088971,0.291456,1.966563,0.253107,1.148952,-0.026078,-0.107133,0.155330,1.940124,0.241701,1.153032,-0.026536,-0.107100,0.155300,1.940100,0.241700,1.153000,-0.026500,,,,,,,0
598,1787660202.7552,1787660202.7695,0.03845,-0.088971,0.273049,1.958893,0.243903,1.153554,-0.026078,-0.109876,0.120960,1.947997,0.239760,1.160243,-0.026641,-0.109900,0.121000,1.948000,0.239800,1.160200,-0.026600,,,,,,,0
599,1787660202.8131,1787660202.8263,0.05792,-0.095107,0.228563,1.960427,0.250039,1.171961,-0.026078,-0.111599,0.084561,1.947139,0.236981,1.146182,-0.024077,-0.111600,0.084600,1.947100,0.237000,1.146200,-0.024100,,,,,,,0
600,1787660202.8795,1787660202.8944,0.06639,-0.099709,0.187146,1.960427,0.243903,1.171961,-0.026078,-0.110781,0.049326,1.955102,0.236242,1.137678,-0.028222,-0.110800,0.049300,1.955100,0.236200,1.137700,-0.028200,,,,,,,1
601,1787660202.9185,1787660202.9336,0.039,-0.101243,0.168738,1.960427,0.243903,1.165825,-0.026078,-0.115897,0.009443,1.951198,0.238639,1.092776,-0.026959,-0.115900,0.009400,1.951200,0.238600,1.092800,-0.027000,,,,,,,1
602,1787660202.9762,1787660202.9894,0.05773,-0.101243,0.131922,1.960427,0.243903,1.150486,-0.026078,-0.112728,-0.004939,1.966866,0.237757,1.031602,-0.026874,-0.112700,-0.004900,1.966900,0.237800,1.031600,-0.026900,,,,,,,0
603,1787660203.0427,1787660203.0574,0.06649,-0.102777,0.084369,1.960427,0.243903,1.133612,-0.026078,-0.115636,-0.040440,2.023189,0.243277,0.887590,-0.024496,-0.115600,-0.040400,2.023200,0.243300,0.887600,-0.024500,,,,,,,1
604,1787660203.0813,1787660203.0955,0.03855,-0.104311,0.059825,1.961961,0.243903,1.113670,-0.026078,-0.121559,-0.069866,2.059045,0.245223,0.791859,-0.024661,-0.121600,-0.069900,2.059000,0.245200,0.791900,-0.024700,,,,,,,1
605,1787660203.138,1787660203.1526,0.05675,-0.105845,0.027612,1.969631,0.243903,1.066117,-0.026078,-0.121991,-0.088588,2.094160,0.241113,0.728809,-0.025201,-0.122000,-0.088600,2.094200,0.241100,0.728800,-0.025200,,,,,,,0
606,1787660203.1758,1787660203.1894,0.03773,-0.105845,0.009204,1.986505,0.243903,1.032369,-0.026078,-0.125589,-0.113669,2.127679,0.246556,0.703795,-0.026437,-0.125600,-0.113700,2.127700,0.246600,0.703800,-0.026400,,,,,,,0
607,1787660203.2271,1787660203.2415,0.05138,-0.107379,-0.016874,2.026389,0.243903,0.961806,-0.026078,-0.120581,-0.124861,2.219578,0.246043,0.565566,-0.023948,-0.120600,-0.124900,2.219600,0.246000,0.565600,-0.023900,,,,,,,0
608,1787660203.2935,1787660203.3075,0.06636,-0.115049,-0.061359,2.080078,0.243903,0.857495,-0.026078,-0.115683,-0.145461,2.319486,0.247727,0.396965,-0.021091,-0.115700,-0.145500,2.319500,0.247700,0.397000,-0.021100,,,,,,,0
609,1787660203.3324,1787660203.3477,0.03893,-0.116583,-0.078233,2.110758,0.243903,0.806874,-0.026078,-0.110740,-0.158825,2.399292,0.238751,0.291268,-0.018909,-0.110700,-0.158800,2.399300,0.238800,0.291300,-0.018900,,,,,,,0
610,1787660203.3903,1787660203.4047,0.05785,-0.116583,-0.095107,2.165981,0.243903,0.714835,-0.026078,-0.104642,-0.180352,2.497959,0.215791,0.213521,-0.017805,-0.104600,-0.180400,2.498000,0.215800,0.213500,-0.017800,,,,,,,0
611,1787660203.4565,1787660203.4716,0.06628,-0.116583,-0.116583,2.253418,0.243903,0.590583,-0.026078,-0.103760,-0.196877,2.571442,0.186753,0.155006,-0.017628,-0.103800,-0.196900,2.571400,0.186800,0.155000,-0.017600,,,,,,,0
612,1787660203.4933,1787660203.5075,0.03671,-0.115049,-0.128854,2.305573,0.243903,0.518486,-0.026078,-0.099682,-0.215648,2.639843,0.109186,0.142911,-0.011190,-0.099700,-0.215600,2.639800,0.109200,0.142900,-0.011200,,,,,,,0
613,1787660203.5452,1787660203.5584,0.05193,-0.111981,-0.147262,2.382272,0.228563,0.418777,-0.026078,-0.097607,-0.224587,2.692441,0.112990,0.129626,-0.012202,-0.097600,-0.224600,2.692400,0.113000,0.129600,-0.012200,,,,,,,0
614,1787660203.6117,1787660203.6263,0.06653,-0.108913,-0.171806,2.477379,0.193282,0.305262,-0.015340,-0.099190,-0.235847,2.735351,0.088730,0.135619,-0.012346,-0.099200,-0.235800,2.735400,0.088700,0.135600,-0.012300,,,,,,,0
615,1787660203.6492,1787660203.6626,0.03747,-0.108913,-0.187146,2.532602,0.167204,0.253107,-0.013806,-0.100777,-0.247611,2.816729,-0.012814,0.114681,-0.010718,-0.100800,-0.247600,2.816700,-0.012800,0.114700,-0.010700,,,,,,,0
616,1787660203.7004,1787660203.7157,0.05117,-0.107379,-0.197884,2.604699,0.127320,0.191748,-0.013806,-0.097065,-0.266850,2.879447,-0.072924,0.092404,-0.009380,-0.097100,-0.266800,2.879400,-0.072900,0.092400,-0.009400,,,,,,,0
617,1787660203.7667,1787660203.7806,0.06637,-0.107379,-0.207087,2.689068,0.087437,0.142660,-0.013806,-0.101244,-0.276776,2.938472,-0.123079,0.091412,-0.010936,-0.101200,-0.276800,2.938500,-0.123100,0.091400,-0.010900,,,,,,,0
618,1787660203.8044,1787660203.8206,0.03772,-0.107379,-0.220893,2.732020,0.050621,0.125786,-0.013806,-0.100704,-0.282423,2.994462,-0.208494,0.060253,-0.010141,-0.100700,-0.282400,2.994500,-0.208500,0.060300,-0.010100,,,,,,,0
619,1787660203.8553,1787660203.8716,0.05091,-0.104311,-0.234699,2.801049,-0.004602,0.102777,-0.013806,-0.101674,-0.286384,3.015556,-0.245791,0.056104,-0.012530,-0.101700,-0.286400,3.015600,-0.245800,0.056100,-0.012500,,,,,,,1
620,1787660203.9045,1787660203.9195,0.04912,-0.104311,-0.251573,2.856272,-0.059825,0.095107,-0.013806,-0.101744,-0.284282,3.015512,-0.237882,0.045966,-0.010083,-0.101700,-0.284300,3.015500,-0.237900,0.046000,-0.010100,,,,,,,1
621,1787660203.9535,1787660203.9685,0.04902,-0.104311,-0.259243,2.914563,-0.121184,0.075165,-0.013806,-0.098293,-0.279088,3.064912,-0.307321,0.053819,-0.003697,-0.098300,-0.279100,3.064900,-0.307300,0.053800,-0.003700,,,,,,,0
622,1787660204.0198,1787660204.0336,0.06634,-0.104311,-0.260777,2.959049,-0.194816,0.055223,-0.013806,-0.091808,-0.278740,3.092510,-0.326639,0.052576,-0.007337,-0.091800,-0.278700,3.092500,-0.326600,0.052600,-0.007300,,,,,,,1
623,1787660204.0565,1787660204.0705,0.0367,-0.104311,-0.260777,2.968253,-0.220893,0.052155,-0.010738,-0.102600,-0.285903,3.109499,-0.328068,0.044778,-0.010572,-0.102600,-0.285900,3.109500,-0.328100,0.044800,-0.010600,,,,,,,1
624,1787660204.1085,1787660204.1233,0.05197,-0.104311,-0.260777,2.969787,-0.263845,0.052155,-0.010738,-0.096660,-0.293364,3.113563,-0.338038,0.043350,-0.009857,-0.096700,-0.293400,3.113600,-0.338000,0.043400,-0.009900,,,,,,,0
625,1787660204.1747,1787660204.1894,0.06626,-0.101243,-0.260777,2.968253,-0.306796,0.052155,-0.010738,-0.092085,-0.293433,3.107212,-0.332524,0.026164,-0.010100,-0.092100,-0.293400,3.107200,-0.332500,0.026200,-0.010100,,,,,,,0
626,1787660204.2116,1787660204.2253,0.03687,-0.101243,-0.260777,2.968253,-0.322136,0.052155,-0.010738,-0.096200,-0.285975,3.127255,-0.344492,0.020224,-0.011367,-0.096200,-0.286000,3.127300,-0.344500,0.020200,-0.011400,,,,,,,0
627,1787660204.2634,1787660204.2785,0.05175,-0.101243,-0.265379,2.968253,-0.331340,0.049087,-0.010738,-0.097659,-0.284297,3.131024,-0.345840,0.031118,-0.012987,-0.097700,-0.284300,3.131000,-0.345800,0.031100,-0.013000,,,,,,,0
628,1787660204.3299,1787660204.3445,0.06649,-0.101243,-0.266913,2.969787,-0.334408,0.032214,-0.010738,-0.101759,-0.280236,3.143783,-0.336868,0.019713,-0.012728,-0.101800,-0.280200,3.143800,-0.336900,0.019700,-0.012700,,,,,,,0
629,1787660204.369,1787660204.3825,0.03916,-0.101243,-0.266913,2.969787,-0.339010,0.027612,-0.010738,-0.095218,-0.277958,3.136585,-0.309572,0.035103,-0.012410,-0.095200,-0.278000,3.136600,-0.309600,0.035100,-0.012400,,,,,,,0
630,1787660204.4264,1787660204.4405,0.05735,-0.101243,-0.266913,2.969787,-0.339010,0.027612,-0.010738,-0.100565,-0.278156,3.136324,-0.317308,0.042104,-0.015215,-0.100600,-0.278200,3.136300,-0.317300,0.042100,-0.015200,,,,,,,0
631,1787660204.4927,1787660204.5076,0.06637,-0.101243,-0.266913,2.969787,-0.331340,0.027612,-0.010738,-0.093509,-0.288539,3.141170,-0.309011,0.047238,-0.013709,-0.093500,-0.288500,3.141200,-0.309000,0.047200,-0.013700,,,,,,,0
632,1787660204.5316,1787660204.5466,0.03889,-0.101243,-0.266913,2.969787,-0.317534,0.030680,-0.010738,-0.093867,-0.287524,3.131315,-0.306529,0.042866,-0.018041,-0.093900,-0.287500,3.131300,-0.306500,0.042900,-0.018000,,,,,,,0
633,1787660204.5893,1787660204.6036,0.05771,-0.101243,-0.266913,2.969787,-0.316000,0.041417,-0.010738,-0.091824,-0.286340,3.123128,-0.288650,0.047086,-0.013619,-0.091800,-0.286300,3.123100,-0.288700,0.047100,-0.013600,,,,,,,0
634,1787660204.6559,1787660204.6705,0.06661,-0.101243,-0.266913,2.969787,-0.312932,0.044485,-0.010738,-0.091639,-0.284708,3.138872,-0.299819,0.037068,-0.012473,-0.091600,-0.284700,3.138900,-0.299800,0.037100,-0.012500,,,,,,,0
635,1787660204.695,1787660204.7095,0.03907,-0.101243,-0.266913,2.969787,-0.311398,0.044485,-0.010738,-0.097353,-0.287876,3.135581,-0.296424,0.053996,-0.015114,-0.097400,-0.287900,3.135600,-0.296400,0.054000,-0.015100,,,,,,,0
636,1787660204.7521,1787660204.7665,0.05706,-0.101243,-0.266913,2.969787,-0.296058,0.044485,-0.010738,-0.097066,-0.287711,3.124071,-0.280556,0.046356,-0.015776,-0.097100,-0.287700,3.124100,-0.280600,0.046400,-0.015800,,,,,,,0
637,1787660204.819,1787660204.8337,0.06694,-0.101243,-0.266913,2.969787,-0.296058,0.044485,-0.010738,-0.094330,-0.286339,3.114239,-0.283029,0.051521,-0.016218,-0.094300,-0.286300,3.114200,-0.283000,0.051500,-0.016200,,,,,,,0
638,1787660204.8575,1787660204.8716,0.03851,-0.101243,-0.266913,2.969787,-0.296058,0.049087,-0.010738,-0.098024,-0.282239,3.111368,-0.252506,0.039252,-0.019380,-0.098000,-0.282200,3.111400,-0.252500,0.039300,-0.019400,,,,,,,1
639,1787660204.9148,1787660204.9297,0.05731,-0.101243,-0.266913,2.969787,-0.286854,0.050621,-0.010738,-0.102615,-0.284435,3.107880,-0.246141,0.040939,-0.019591,-0.102600,-0.284400,3.107900,-0.246100,0.040900,-0.019600,,,,,,,1
640,1787660204.982,1787660204.9967,0.0672,-0.101243,-0.266913,2.969787,-0.279185,0.052155,-0.012272,-0.091334,-0.288109,3.105861,-0.245397,0.060810,-0.018427,-0.091300,-0.288100,3.105900,-0.245400,0.060800,-0.018400,,,,,,,1
641,1787660205.0208,1787660205.0356,0.0388,-0.101243,-0.266913,2.969787,-0.263845,0.050621,-0.013806,-0.093277,-0.288963,3.097383,-0.231637,0.043575,-0.016423,-0.093300,-0.289000,3.097400,-0.231600,0.043600,-0.016400,,,,,,,1
642,1787660205.0778,1787660205.0923,0.05701,-0.101243,-0.266913,2.969787,-0.250039,0.047553,-0.013806,-0.092337,-0.289072,3.088663,-0.225499,0.042409,-0.017848,-0.092300,-0.289100,3.088700,-0.225500,0.042400,-0.017800,,,,,,,0
643,1787660205.145,1787660205.1583,0.06713,-0.101243,-0.266913,2.969787,-0.243903,0.055223,-0.013806,-0.094921,-0.287535,3.094066,-0.229196,0.054377,-0.019369,-0.094900,-0.287500,3.094100,-0.229200,0.054400,-0.019400,,,,,,,0
644,1787660205.1818,1787660205.1975,0.03685,-0.101243,-0.266913,2.969787,-0.234699,0.055223,-0.013806,-0.096185,-0.287645,3.102767,-0.248345,0.057158,-0.021735,-0.096200,-0.287600,3.102800,-0.248300,0.057200,-0.021700,,,,,,,0
645,1787660205.2336,1787660205.2486,0.05178,-0.099709,-0.266913,2.969787,-0.230097,0.049087,-0.013806,-0.096712,-0.278956,3.107800,-0.249638,0.057847,-0.021923,-0.096700,-0.279000,3.107800,-0.249600,0.057800,-0.021900,,,,,,,0
646,1787660205.3001,1787660205.3135,0.06654,-0.099709,-0.266913,2.969787,-0.233165,0.050621,-0.013806,-0.100877,-0.274862,3.123847,-0.268198,0.063282,-0.022905,-0.100900,-0.274900,3.123800,-0.268200,0.063300,-0.022900,,,,,,,0
647,1787660205.3391,1787660205.3526,0.03898,-0.099709,-0.266913,2.969787,-0.243903,0.055223,-0.013806,-0.108684,-0.271728,3.131069,-0.286214,0.070509,-0.023643,-0.108700,-0.271700,3.131100,-0.286200,0.070500,-0.023600,,,,,,,0
648,1787660205.3956,1787660205.4106,0.05648,-0.099709,-0.266913,2.969787,-0.245437,0.056757,-0.013806,-0.100832,-0.268672,3.142511,-0.286597,0.084566,-0.021632,-0.100800,-0.268700,3.142500,-0.286600,0.084600,-0.021600,,,,,,,0
649,1787660205.4513,1787660205.4655,0.0557,-0.099709,-0.266913,2.969787,-0.266913,0.065961,-0.013806,-0.106335,-0.271222,3.144231,-0.290167,0.058846,-0.022689,-0.106300,-0.271200,3.144200,-0.290200,0.058800,-0.022700,,,,,,,0
650,1787660205.4902,1787660205.5035,0.03886,-0.099709,-0.266913,2.969787,-0.279185,0.070563,-0.013806,-0.101000,-0.270996,3.141434,-0.287545,0.068868,-0.022597,-0.101000,-0.271000,3.141400,-0.287500,0.068900,-0.022600,,,,,,,0
651,1787660205.5472,1787660205.5606,0.05706,-0.099709,-0.265379,2.969787,-0.282252,0.081301,-0.013806,-0.101854,-0.271475,3.122813,-0.287336,0.067035,-0.012851,-0.101900,-0.271500,3.122800,-0.287300,0.067000,-0.012900,,,,,,,0
652,1787660205.5859,1787660205.6005,0.03866,-0.099709,-0.265379,2.969787,-0.283786,0.081301,-0.013806,-0.099445,-0.273932,3.111120,-0.289661,0.081976,-0.018070,-0.099400,-0.273900,3.111100,-0.289700,0.082000,-0.018100,,,,,,,0
653,1787660205.6456,1787660205.6594,0.05976,-0.099709,-0.265379,2.969787,-0.283786,0.075165,-0.013806,-0.097244,-0.272879,3.120841,-0.283388,0.099054,-0.023052,-0.097200,-0.272900,3.120800,-0.283400,0.099100,-0.023100,,,,,,,0
654,1787660205.712,1787660205.7264,0.06639,-0.099709,-0.265379,2.969787,-0.283786,0.073631,-0.013806,-0.104698,-0.274293,3.135066,-0.291526,0.079576,-0.021038,-0.104700,-0.274300,3.135100,-0.291500,0.079600,-0.021000,,,,,,,0
655,1787660205.7514,1787660205.7645,0.03937,-0.099709,-0.265379,2.969787,-0.283786,0.078233,-0.013806,-0.103604,-0.280000,3.140449,-0.289928,0.077794,-0.022533,-0.103600,-0.280000,3.140400,-0.289900,0.077800,-0.022500,,,,,,,0
656,1787660205.8086,1787660205.8223,0.05724,-0.099709,-0.265379,2.969787,-0.283786,0.095107,-0.013806,-0.102834,-0.273561,3.147651,-0.293181,0.070936,-0.021818,-0.102800,-0.273600,3.147700,-0.293200,0.070900,-0.021800,,,,,,,1
657,1787660205.8749,1787660205.8894,0.06629,-0.099709,-0.265379,2.969787,-0.283786,0.095107,-0.013806,-0.103645,-0.269857,3.153556,-0.293476,0.060283,-0.011901,-0.103600,-0.269900,3.153600,-0.293500,0.060300,-0.011900,,,,,,,1
658,1787660205.9138,1787660205.9285,0.03891,-0.099709,-0.265379,2.969787,-0.283786,0.084369,-0.013806,-0.105247,-0.265795,3.141562,-0.296249,0.053556,0.033082,-0.105200,-0.265800,3.141600,-0.296200,0.053600,0.033100,,,,,,,0
659,1787660205.9716,1787660205.9854,0.05781,-0.099709,-0.265379,2.969787,-0.286854,0.075165,-0.013806,-0.105825,-0.269949,3.142380,-0.287210,0.064949,-0.019385,-0.105800,-0.269900,3.142400,-0.287200,0.064900,-0.019400,,,,,,,1
660,1787660206.0382,1787660206.0516,0.06657,-0.099709,-0.262311,2.969787,-0.289922,0.061359,0.033748,-0.103941,-0.271303,3.158566,-0.289908,0.080821,-0.023737,-0.103900,-0.271300,3.158600,-0.289900,0.080800,-0.023700,,,,,,,1
661,1787660206.0748,1787660206.0884,0.03655,-0.099709,-0.262311,2.969787,-0.289922,0.059825,0.030680,-0.103050,-0.272620,3.154138,-0.288309,0.075830,-0.022683,-0.103100,-0.272600,3.154100,-0.288300,0.075800,-0.022700,,,,,,,0
662,1787660206.1266,1787660206.1416,0.0518,-0.099709,-0.262311,2.969787,-0.289922,0.059825,-0.021476,-0.104891,-0.274241,3.145271,-0.290804,0.065050,-0.016863,-0.104900,-0.274200,3.145300,-0.290800,0.065000,-0.016900,,,,,,,0
663,1787660206.1825,1787660206.1976,0.05598,-0.099709,-0.262311,2.969787,-0.289922,0.072097,-0.021476,-0.103788,-0.276265,3.143425,-0.287641,0.078281,-0.020027,-0.103800,-0.276300,3.143400,-0.287600,0.078300,-0.020000,,,,,,,0
664,1787660206.2502,1787660206.2637,0.06768,-0.099709,-0.262311,2.969787,-0.289922,0.073631,-0.021476,-0.101529,-0.274042,3.124884,-0.284249,0.083670,-0.017883,-0.101500,-0.274000,3.124900,-0.284200,0.083700,-0.017900,,,,,,,0
665,1787660206.2867,1787660206.3015,0.03645,-0.099709,-0.262311,2.969787,-0.289922,0.073631,-0.021476,-0.102224,-0.274773,3.135169,-0.283826,0.091035,-0.018282,-0.102200,-0.274800,3.135200,-0.283800,0.091000,-0.018300,,,,,,,0
666,1787660206.3387,1787660206.3534,0.05202,-0.099709,-0.262311,2.969787,-0.289922,0.073631,-0.021476,-0.100698,-0.271642,3.136840,-0.289776,0.089930,-0.018183,-0.100700,-0.271600,3.136800,-0.289800,0.089900,-0.018200,,,,,,,0
667,1787660206.4053,1787660206.4204,0.06659,-0.099709,-0.262311,2.969787,-0.286854,0.087437,-0.021476,-0.102996,-0.273906,3.143702,-0.289625,0.087674,-0.019018,-0.103000,-0.273900,3.143700,-0.289600,0.087700,-0.019000,,,,,,,0
668,1787660206.4444,1787660206.4584,0.03909,-0.099709,-0.262311,2.969787,-0.286854,0.087437,-0.021476,-0.096868,-0.273098,3.152529,-0.287448,0.085413,-0.022823,-0.096900,-0.273100,3.152500,-0.287400,0.085400,-0.022800,,,,,,,0
669,1787660206.5017,1787660206.5165,0.05734,-0.099709,-0.262311,2.969787,-0.286854,0.087437,-0.021476,-0.107617,-0.280643,3.149822,-0.282151,0.087110,-0.021832,-0.107600,-0.280600,3.149800,-0.282200,0.087100,-0.021800,,,,,,,0
670,1787660206.5681,1787660206.5815,0.06642,-0.099709,-0.262311,2.969787,-0.286854,0.087437,-0.021476,-0.103920,-0.273339,3.153203,-0.281619,0.075636,-0.022884,-0.103900,-0.273300,3.153200,-0.281600,0.075600,-0.022900,,,,,,,0
671,1787660206.6076,1787660206.6234,0.03946,-0.099709,-0.262311,2.969787,-0.286854,0.087437,-0.021476,-0.100011,-0.275228,3.153231,-0.282162,0.086947,-0.022869,-0.100000,-0.275200,3.153200,-0.282200,0.086900,-0.022900,,,,,,,0
672,1787660206.6636,1787660206.6786,0.05599,-0.099709,-0.262311,2.969787,-0.286854,0.087437,-0.021476,-0.096865,-0.277711,3.149059,-0.284109,0.105129,-0.023345,-0.096900,-0.277700,3.149100,-0.284100,0.105100,-0.023300,,,,,,,0
673,1787660206.7189,1787660206.7335,0.05537,-0.099709,-0.262311,2.969787,-0.286854,0.087437,-0.021476,-0.101798,-0.271072,3.146940,-0.282389,0.090001,-0.022963,-0.101800,-0.271100,3.146900,-0.282400,0.090000,-0.023000,,,,,,,0
674,1787660206.7582,1787660206.7716,0.03929,-0.099709,-0.262311,2.969787,-0.286854,0.087437,-0.021476,-0.100260,-0.271889,3.156571,-0.279487,0.089247,-0.022026,-0.100300,-0.271900,3.156600,-0.279500,0.089200,-0.022000,,,,,,,0
675,1787660206.8152,1787660206.8295,0.057,-0.099709,-0.262311,2.969787,-0.286854,0.102777,-0.021476,-0.104091,-0.269908,3.152670,-0.280077,0.090231,-0.021943,-0.104100,-0.269900,3.152700,-0.280100,0.090200,-0.021900,,,,,,,1
676,1787660206.8537,1787660206.8676,0.03849,-0.099709,-0.262311,2.969787,-0.286854,0.102777,-0.021476,-0.100839,-0.267840,3.143854,-0.274701,0.082191,-0.022549,-0.100800,-0.267800,3.143900,-0.274700,0.082200,-0.022500,,,,,,,1
677,1787660206.9056,1787660206.9195,0.05192,-0.099709,-0.262311,2.969787,-0.286854,0.096641,-0.021476,-0.100330,-0.264117,3.140971,-0.282978,0.076396,-0.020461,-0.100300,-0.264100,3.141000,-0.283000,0.076400,-0.020500,,,,,,,0
678,1787660206.9721,1787660206.9853,0.06649,-0.099709,-0.262311,2.969787,-0.280718,0.090505,-0.021476,-0.099588,-0.262956,3.141396,-0.282261,0.090044,-0.024671,-0.099600,-0.263000,3.141400,-0.282300,0.090000,-0.024700,,,,,,,1
679,1787660207.0116,1787660207.0254,0.03947,-0.099709,-0.262311,2.969787,-0.279185,0.087437,-0.021476,-0.100726,-0.260439,3.109715,-0.274569,0.080708,-0.019601,-0.100700,-0.260400,3.109700,-0.274600,0.080700,-0.019600,,,,,,,1
680,1787660207.0683,1787660207.0835,0.0567,-0.099709,-0.262311,2.969787,-0.279185,0.082835,-0.021476,-0.102266,-0.260700,3.131988,-0.279860,0.078004,-0.026230,-0.102300,-0.260700,3.132000,-0.279900,0.078000,-0.026200,,,,,,,0
681,1787660207.124,1787660207.1385,0.0557,-0.099709,-0.256175,2.969787,-0.277651,0.085903,-0.021476,-0.099681,-0.264302,3.107517,-0.270146,0.093897,-0.021430,-0.099700,-0.264300,3.107500,-0.270100,0.093900,-0.021400,,,,,,,0
682,1787660207.1643,1787660207.1775,0.04026,-0.099709,-0.256175,2.969787,-0.277651,0.085903,-0.021476,-0.099521,-0.258377,3.128790,-0.277405,0.085500,-0.024428,-0.099500,-0.258400,3.128800,-0.277400,0.085500,-0.024400,,,,,,,0
683,1787660207.221,1787660207.2347,0.05675,-0.099709,-0.256175,2.969787,-0.277651,0.085903,-0.021476,-0.097498,-0.269195,3.099133,-0.282476,0.106419,-0.018442,-0.097500,-0.269200,3.099100,-0.282500,0.106400,-0.018400,,,,,,,0
684,1787660207.2777,1787660207.2915,0.05663,-0.099709,-0.256175,2.969787,-0.277651,0.087437,-0.021476,-0.097424,-0.268012,3.122173,-0.284829,0.112311,-0.023859,-0.097400,-0.268000,3.122200,-0.284800,0.112300,-0.023900,,,,,,,0
685,1787660207.3177,1787660207.3317,0.04001,-0.099709,-0.254641,2.969787,-0.277651,0.087437,-0.021476,-0.099813,-0.265245,3.130721,-0.281944,0.109325,-0.025869,-0.099800,-0.265200,3.130700,-0.281900,0.109300,-0.025900,,,,,,,0
686,1787660207.3742,1787660207.3876,0.05653,-0.099709,-0.254641,2.969787,-0.277651,0.098175,-0.021476,-0.100548,-0.259974,3.140625,-0.287427,0.128852,-0.024698,-0.100500,-0.260000,3.140600,-0.287400,0.128900,-0.024700,,,,,,,0
687,1787660207.4297,1787660207.4447,0.05548,-0.099709,-0.254641,2.969787,-0.277651,0.108913,-0.021476,-0.098944,-0.266007,3.134399,-0.288057,0.130917,-0.022420,-0.098900,-0.266000,3.134400,-0.288100,0.130900,-0.022400,,,,,,,0
688,1787660207.4693,1787660207.4844,0.03966,-0.099709,-0.254641,2.969787,-0.277651,0.110447,-0.021476,-0.100087,-0.263415,3.134707,-0.285743,0.126401,-0.025687,-0.100100,-0.263400,3.134700,-0.285700,0.126400,-0.025700,,,,,,,0
689,1787660207.5257,1787660207.5406,0.05635,-0.099709,-0.254641,2.969787,-0.282252,0.125786,-0.021476,-0.098688,-0.259795,3.136380,-0.285901,0.115939,-0.020100,-0.098700,-0.259800,3.136400,-0.285900,0.115900,-0.020100,,,,,,,0
690,1787660207.5651,1787660207.5796,0.03937,-0.099709,-0.254641,2.969787,-0.282252,0.127320,-0.021476,-0.099856,-0.269641,3.130215,-0.285255,0.139027,-0.024186,-0.099900,-0.269600,3.130200,-0.285300,0.139000,-0.024200,,,,,,,0
691,1787660207.6238,1787660207.6386,0.05873,-0.099709,-0.254641,2.969787,-0.282252,0.127320,-0.021476,-0.102413,-0.266659,3.130744,-0.291431,0.126016,-0.027450,-0.102400,-0.266700,3.130700,-0.291400,0.126000,-0.027500,,,,,,,0
692,1787660207.6903,1787660207.7046,0.06649,-0.099709,-0.254641,2.969787,-0.282252,0.127320,-0.021476,-0.100390,-0.267620,3.133869,-0.285113,0.136202,-0.024352,-0.100400,-0.267600,3.133900,-0.285100,0.136200,-0.024400,,,,,,,0
693,1787660207.7297,1787660207.7446,0.03945,-0.099709,-0.254641,2.969787,-0.282252,0.128854,-0.021476,-0.100971,-0.279409,3.139600,-0.288940,0.122177,-0.027113,-0.101000,-0.279400,3.139600,-0.288900,0.122200,-0.027100,,,,,,,0
694,1787660207.7869,1787660207.8016,0.05714,-0.099709,-0.254641,2.969787,-0.286854,0.136524,-0.021476,-0.100992,-0.274618,3.145312,-0.291491,0.115769,-0.026157,-0.101000,-0.274600,3.145300,-0.291500,0.115800,-0.026200,,,,,,,1
695,1787660207.8425,1787660207.8573,0.05563,-0.099709,-0.254641,2.969787,-0.286854,0.136524,-0.021476,-0.100795,-0.279657,3.141545,-0.289599,0.124782,-0.024439,-0.100800,-0.279700,3.141500,-0.289600,0.124800,-0.024400,,,,,,,1
696,1787660207.8818,1787660207.8966,0.03929,-0.099709,-0.256175,2.969787,-0.286854,0.131922,-0.021476,-0.099022,-0.280140,3.146876,-0.290232,0.113212,-0.026193,-0.099000,-0.280100,3.146900,-0.290200,0.113200,-0.026200,,,,,,,0
697,1787660207.9397,1787660207.9546,0.05793,-0.099709,-0.256175,2.969787,-0.286854,0.121184,-0.021476,-0.100533,-0.270079,3.141042,-0.291151,0.136376,-0.023950,-0.100500,-0.270100,3.141000,-0.291200,0.136400,-0.023900,,,,,,,1
698,1787660207.9952,1787660208.0106,0.05551,-0.099709,-0.256175,2.969787,-0.286854,0.121184,-0.021476,-0.097879,-0.278387,3.130382,-0.287210,0.129554,-0.022651,-0.097900,-0.278400,3.130400,-0.287200,0.129600,-0.022700,,,,,,,1
699,1787660208.0344,1787660208.0495,0.03919,-0.099709,-0.256175,2.969787,-0.286854,0.121184,-0.021476,-0.100271,-0.278538,3.091922,-0.288491,0.128865,-0.022313,-0.100300,-0.278500,3.091900,-0.288500,0.128900,-0.022300,,,,,,,0
700,1787660208.0928,1787660208.1076,0.05838,-0.099709,-0.256175,2.969787,-0.286854,0.127320,-0.021476,-0.102686,-0.272773,3.111533,-0.282188,0.135128,-0.024560,-0.102700,-0.272800,3.111500,-0.282200,0.135100,-0.024600,,,,,,,0
701,1787660208.1591,1787660208.1736,0.06633,-0.099709,-0.256175,2.969787,-0.286854,0.130388,-0.021476,-0.098253,-0.274551,3.119410,-0.288674,0.129235,-0.027003,-0.098300,-0.274600,3.119400,-0.288700,0.129200,-0.027000,,,,,,,0
702,1787660208.1988,1787660208.2136,0.03965,-0.099709,-0.256175,2.969787,-0.286854,0.130388,-0.021476,-0.098147,-0.271899,3.133031,-0.289411,0.131619,-0.023675,-0.098100,-0.271900,3.133000,-0.289400,0.131600,-0.023700,,,,,,,0
703,1787660208.256,1787660208.2706,0.05725,-0.099709,-0.256175,2.969787,-0.286854,0.133456,-0.021476,-0.098621,-0.275047,3.143871,-0.293948,0.126893,-0.022137,-0.098600,-0.275000,3.143900,-0.293900,0.126900,-0.022100,,,,,,,0
704,1787660208.3114,1787660208.3264,0.0554,-0.099709,-0.256175,2.969787,-0.286854,0.133456,-0.021476,-0.095461,-0.273034,3.143234,-0.299800,0.134525,-0.020678,-0.095500,-0.273000,3.143200,-0.299800,0.134500,-0.020700,,,,,,,0
705,1787660208.3505,1787660208.3646,0.0391,-0.099709,-0.256175,2.969787,-0.286854,0.133456,-0.021476,-0.093174,-0.271937,3.140612,-0.307082,0.121563,-0.023045,-0.093200,-0.271900,3.140600,-0.307100,0.121600,-0.023000,,,,,,,0
706,1787660208.409,1787660208.4234,0.05852,-0.099709,-0.256175,2.969787,-0.289922,0.133456,-0.021476,-0.092271,-0.270282,3.150112,-0.302577,0.130819,-0.026664,-0.092300,-0.270300,3.150100,-0.302600,0.130800,-0.026700,,,,,,,0
707,1787660208.4755,1787660208.4914,0.06652,-0.099709,-0.256175,2.969787,-0.299126,0.133456,-0.021476,-0.094087,-0.261460,3.144599,-0.301708,0.098934,-0.026098,-0.094100,-0.261500,3.144600,-0.301700,0.098900,-0.026100,,,,,,,0
708,1787660208.5307,1787660208.5447,0.05514,-0.099709,-0.256175,2.969787,-0.302194,0.131922,-0.021476,-0.092786,-0.264105,3.140730,-0.305529,0.124232,-0.023023,-0.092800,-0.264100,3.140700,-0.305500,0.124200,-0.023000,,,,,,,0
709,1787660208.57,1787660208.5856,0.03935,-0.099709,-0.256175,2.969787,-0.302194,0.131922,-0.021476,-0.094558,-0.258597,3.144547,-0.303959,0.125920,-0.021334,-0.094600,-0.258600,3.144500,-0.304000,0.125900,-0.021300,,,,,,,0
710,1787660208.6263,1787660208.6407,0.0563,-0.099709,-0.256175,2.969787,-0.302194,0.116583,-0.021476,-0.096862,-0.259892,3.147890,-0.299504,0.113648,-0.026998,-0.096900,-0.259900,3.147900,-0.299500,0.113600,-0.027000,,,,,,,0
711,1787660208.6653,1787660208.6807,0.039,-0.099709,-0.256175,2.969787,-0.302194,0.107379,-0.021476,-0.093604,-0.264312,3.142710,-0.308294,0.136324,-0.027316,-0.093600,-0.264300,3.142700,-0.308300,0.136300,-0.027300,,,,,,,0
712,1787660208.7249,1787660208.7397,0.05959,-0.099709,-0.256175,2.969787,-0.302194,0.108913,-0.021476,-0.100133,-0.269028,3.151796,-0.299358,0.114974,-0.027030,-0.100100,-0.269000,3.151800,-0.299400,0.115000,-0.027000,,,,,,,0
713,1787660208.7912,1787660208.8057,0.06625,-0.099709,-0.256175,2.969787,-0.302194,0.127320,-0.021476,-0.099247,-0.263488,3.144596,-0.298309,0.107079,-0.026471,-0.099200,-0.263500,3.144600,-0.298300,0.107100,-0.026500,,,,,,,1
714,1787660208.8306,1787660208.8457,0.03943,-0.099709,-0.256175,2.969787,-0.302194,0.133456,-0.021476,-0.095034,-0.258520,3.142559,-0.296596,0.131429,-0.024368,-0.095000,-0.258500,3.142600,-0.296600,0.131400,-0.024400,,,,,,,1
715,1787660208.8881,1787660208.9015,0.0575,-0.099709,-0.256175,2.969787,-0.302194,0.127320,-0.021476,-0.099650,-0.264137,3.147679,-0.296636,0.124357,-0.026211,-0.099700,-0.264100,3.147700,-0.296600,0.124400,-0.026200,,,,,,,0
716,1787660208.9546,1787660208.9685,0.06647,-0.099709,-0.256175,2.969787,-0.302194,0.115049,-0.021476,-0.102890,-0.264728,3.143548,-0.300622,0.121462,-0.021616,-0.102900,-0.264700,3.143500,-0.300600,0.121500,-0.021600,,,,,,,1
717,1787660208.9932,1787660209.0066,0.0386,-0.099709,-0.256175,2.969787,-0.299126,0.118117,-0.021476,-0.095922,-0.268282,3.145541,-0.303687,0.117238,-0.026103,-0.095900,-0.268300,3.145500,-0.303700,0.117200,-0.026100,,,,,,,1
718,1787660209.0511,1787660209.0646,0.05796,-0.099709,-0.256175,2.969787,-0.299126,0.127320,-0.021476,-0.093604,-0.266252,3.137506,-0.301985,0.121808,-0.028979,-0.093600,-0.266300,3.137500,-0.302000,0.121800,-0.029000,,,,,,,0
719,1787660209.1176,1787660209.1325,0.06653,-0.099709,-0.256175,2.969787,-0.299126,0.124252,-0.021476,-0.098090,-0.265944,3.146564,-0.296290,0.113729,-0.023354,-0.098100,-0.265900,3.146600,-0.296300,0.113700,-0.023400,,,,,,,0
720,1787660209.1566,1787660209.1705,0.03893,-0.099709,-0.256175,2.969787,-0.299126,0.122718,-0.023010,-0.095689,-0.265541,3.149514,-0.302812,0.127077,-0.023751,-0.095700,-0.265500,3.149500,-0.302800,0.127100,-0.023800,,,,,,,0
721,1787660209.2139,1787660209.2286,0.05737,-0.099709,-0.256175,2.969787,-0.299126,0.122718,-0.026078,-0.099654,-0.270122,3.148775,-0.300048,0.124918,-0.024456,-0.099700,-0.270100,3.148800,-0.300000,0.124900,-0.024500,,,,,,,0
722,1787660209.2805,1787660209.2946,0.06652,-0.099709,-0.256175,2.969787,-0.299126,0.119651,-0.026078,-0.098904,-0.268256,3.152627,-0.298400,0.131641,-0.022438,-0.098900,-0.268300,3.152600,-0.298400,0.131600,-0.022400,,,,,,,0
723,1787660209.3195,1787660209.3345,0.03902,-0.099709,-0.256175,2.969787,-0.299126,0.122718,-0.026078,-0.093975,-0.265229,3.163107,-0.305803,0.137477,-0.021163,-0.094000,-0.265200,3.163100,-0.305800,0.137500,-0.021200,,,,,,,0
724,1787660209.3771,1787660209.3904,0.05766,-0.099709,-0.256175,2.969787,-0.299126,0.125786,-0.026078,-0.099590,-0.265963,3.158515,-0.299459,0.139575,-0.022910,-0.099600,-0.266000,3.158500,-0.299500,0.139600,-0.022900,,,,,,,0
725,1787660209.4435,1787660209.4584,0.06636,-0.099709,-0.256175,2.969787,-0.299126,0.136524,-0.026078,-0.096152,-0.267176,3.152446,-0.298132,0.133456,-0.025862,-0.096200,-0.267200,3.152400,-0.298100,0.133500,-0.025900,,,,,,,0
726,1787660209.4829,1787660209.4985,0.03938,-0.099709,-0.256175,2.969787,-0.299126,0.136524,-0.026078,-0.101649,-0.263059,3.160798,-0.291909,0.129237,-0.022304,-0.101600,-0.263100,3.160800,-0.291900,0.129200,-0.022300,,,,,,,0
727,1787660209.5401,1787660209.5535,0.05726,-0.099709,-0.256175,2.969787,-0.299126,0.136524,-0.026078,-0.101196,-0.266878,3.158308,-0.292650,0.133310,-0.025299,-0.101200,-0.266900,3.158300,-0.292700,0.133300,-0.025300,,,,,,,0
728,1787660209.6066,1787660209.6205,0.06642,-0.099709,-0.256175,2.969787,-0.299126,0.136524,-0.026078,-0.102061,-0.267846,3.158633,-0.290369,0.122794,-0.026134,-0.102100,-0.267800,3.158600,-0.290400,0.122800,-0.026100,,,,,,,0
729,1787660209.6459,1787660209.6594,0.0393,-0.099709,-0.256175,2.969787,-0.296058,0.136524,-0.026078,-0.101818,-0.266356,3.161697,-0.291416,0.133168,-0.025349,-0.101800,-0.266400,3.161700,-0.291400,0.133200,-0.025300,,,,,,,0
730,1787660209.7025,1787660209.7175,0.05667,-0.099709,-0.256175,2.969787,-0.296058,0.136524,-0.026078,-0.100567,-0.266953,3.154359,-0.295191,0.136381,-0.027419,-0.100600,-0.267000,3.154400,-0.295200,0.136400,-0.027400,,,,,,,0
731,1787660209.7579,1787660209.7725,0.05536,-0.099709,-0.256175,2.969787,-0.296058,0.131922,-0.026078,-0.102225,-0.255465,3.158275,-0.290386,0.110008,-0.028253,-0.102200,-0.255500,3.158300,-0.290400,0.110000,-0.028300,,,,,,,0
732,1787660209.7979,1787660209.8134,0.04001,-0.099709,-0.256175,2.969787,-0.296058,0.131922,-0.026078,-0.099220,-0.265211,3.157452,-0.294173,0.127169,-0.025337,-0.099200,-0.265200,3.157500,-0.294200,0.127200,-0.025300,,,,,,,1
733,1787660209.8547,1787660209.8686,0.05678,-0.099709,-0.256175,2.969787,-0.296058,0.133456,-0.026078,-0.102079,-0.264038,3.156940,-0.301622,0.122324,-0.025473,-0.102100,-0.264000,3.156900,-0.301600,0.122300,-0.025500,,,,,,,1
734,1787660209.9102,1787660209.9244,0.05552,-0.099709,-0.253107,2.969787,-0.296058,0.130388,-0.026078,-0.098741,-0.262206,3.160494,-0.295574,0.134002,-0.025591,-0.098700,-0.262200,3.160500,-0.295600,0.134000,-0.025600,,,,,,,0
735,1787660209.9502,1787660209.9646,0.03997,-0.099709,-0.253107,2.969787,-0.296058,0.128854,-0.026078,-0.098669,-0.260875,3.153239,-0.295141,0.134402,-0.023720,-0.098700,-0.260900,3.153200,-0.295100,0.134400,-0.023700,,,,,,,1
736,1787660210.0068,1787660210.0206,0.05663,-0.099709,-0.253107,2.969787,-0.296058,0.128854,-0.026078,-0.096697,-0.264405,3.147019,-0.296212,0.129595,-0.023858,-0.096700,-0.264400,3.147000,-0.296200,0.129600,-0.023900,,,,,,,1
737,1787660210.0463,1787660210.0594,0.0395,-0.099709,-0.253107,2.969787,-0.296058,0.130388,-0.026078,-0.100417,-0.256333,3.140649,-0.286794,0.121780,-0.022146,-0.100400,-0.256300,3.140600,-0.286800,0.121800,-0.022100,,,,,,,0
738,1787660210.1051,1787660210.1196,0.05879,-0.099709,-0.253107,2.969787,-0.296058,0.133456,-0.026078,-0.099947,-0.258539,3.145115,-0.290695,0.128617,-0.024642,-0.099900,-0.258500,3.145100,-0.290700,0.128600,-0.024600,,,,,,,0
739,1787660210.16,1787660210.1746,0.05495,-0.099709,-0.253107,2.969787,-0.296058,0.133456,-0.026078,-0.099546,-0.260384,3.153119,-0.291290,0.128215,-0.023417,-0.099500,-0.260400,3.153100,-0.291300,0.128200,-0.023400,,,,,,,0
740,1787660210.2,1787660210.2145,0.03992,-0.099709,-0.253107,2.969787,-0.292990,0.130388,-0.026078,-0.095548,-0.264450,3.155820,-0.288207,0.140747,-0.023649,-0.095500,-0.264500,3.155800,-0.288200,0.140700,-0.023600,,,,,,,0
741,1787660210.2576,1787660210.2725,0.05761,-0.099709,-0.253107,2.969787,-0.292990,0.130388,-0.026078,-0.095755,-0.266154,3.156679,-0.286239,0.146532,-0.024618,-0.095800,-0.266200,3.156700,-0.286200,0.146500,-0.024600,,,,,,,0
742,1787660210.3142,1787660210.3296,0.05662,-0.099709,-0.253107,2.969787,-0.292990,0.130388,-0.026078,-0.097903,-0.260678,3.163561,-0.281588,0.142341,-0.022809,-0.097900,-0.260700,3.163600,-0.281600,0.142300,-0.022800,,,,,,,0
743,1787660210.354,1787660210.3685,0.0398,-0.099709,-0.253107,2.969787,-0.292990,0.139592,-0.026078,-0.103987,-0.262268,3.166750,-0.283454,0.146824,-0.017967,-0.104000,-0.262300,3.166700,-0.283500,0.146800,-0.018000,,,,,,,0
744,1787660210.4112,1787660210.4254,0.05724,-0.099709,-0.253107,2.969787,-0.292990,0.145728,-0.026078,-0.095273,-0.271382,3.170459,-0.283351,0.156606,-0.024855,-0.095300,-0.271400,3.170500,-0.283400,0.156600,-0.024900,,,,,,,0
745,1787660210.4667,1787660210.4816,0.05552,-0.099709,-0.253107,2.969787,-0.288388,0.145728,-0.026078,-0.094927,-0.264788,3.155147,-0.281945,0.162306,-0.022459,-0.094900,-0.264800,3.155100,-0.281900,0.162300,-0.022500,,,,,,,0
746,1787660210.5061,1787660210.5194,0.03938,-0.099709,-0.253107,2.969787,-0.286854,0.145728,-0.026078,-0.095954,-0.263156,3.168173,-0.283605,0.152796,-0.024861,-0.096000,-0.263200,3.168200,-0.283600,0.152800,-0.024900,,,,,,,0
747,1787660210.5629,1787660210.5775,0.05674,-0.099709,-0.253107,2.969787,-0.286854,0.156466,-0.026078,-0.096184,-0.266352,3.163449,-0.285276,0.145908,-0.024767,-0.096200,-0.266400,3.163400,-0.285300,0.145900,-0.024800,,,,,,,0
748,1787660210.6191,1787660210.6326,0.05626,-0.099709,-0.253107,2.969787,-0.286854,0.159534,-0.026078,-0.098230,-0.261008,3.162255,-0.283543,0.132728,-0.022168,-0.098200,-0.261000,3.162300,-0.283500,0.132700,-0.022200,,,,,,,0
749,1787660210.6584,1787660210.6735,0.03923,-0.099709,-0.253107,2.969787,-0.286854,0.159534,-0.026078,-0.096003,-0.265202,3.161074,-0.283736,0.158218,-0.026030,-0.096000,-0.265200,3.161100,-0.283700,0.158200,-0.026000,,,,,,,0
750,1787660210.7152,1787660210.7286,0.05687,-0.099709,-0.253107,2.969787,-0.286854,0.151864,-0.026078,-0.097983,-0.264364,3.165540,-0.279094,0.157086,-0.025081,-0.098000,-0.264400,3.165500,-0.279100,0.157100,-0.025100,,,,,,,0
751,1787660210.7715,1787660210.7855,0.05626,-0.099709,-0.253107,2.969787,-0.286854,0.141126,-0.026078,-0.100648,-0.261259,3.158879,-0.279242,0.157142,-0.024115,-0.100600,-0.261300,3.158900,-0.279200,0.157100,-0.024100,,,,,,,1
752,1787660210.8106,1787660210.8244,0.03915,-0.099709,-0.253107,2.969787,-0.286854,0.141126,-0.026078,-0.094928,-0.264074,3.150338,-0.284088,0.156252,-0.024557,-0.094900,-0.264100,3.150300,-0.284100,0.156300,-0.024600,,,,,,,1
753,1787660210.8673,1787660210.8826,0.05664,-0.099709,-0.253107,2.969787,-0.285320,0.153398,-0.026078,-0.097402,-0.259585,3.154188,-0.287260,0.146839,-0.026345,-0.097400,-0.259600,3.154200,-0.287300,0.146800,-0.026300,,,,,,,0
754,1787660210.9066,1787660210.9225,0.03935,-0.099709,-0.253107,2.969787,-0.283786,0.153398,-0.026078,-0.093046,-0.260206,3.147484,-0.287188,0.146119,-0.021452,-0.093000,-0.260200,3.147500,-0.287200,0.146100,-0.021500,,,,,,,1
755,1787660210.9662,1787660210.9805,0.05952,-0.099709,-0.253107,2.969787,-0.283786,0.153398,-0.026078,-0.093420,-0.270084,3.145245,-0.283376,0.155053,-0.024328,-0.093400,-0.270100,3.145200,-0.283400,0.155100,-0.024300,,,,,,,1
756,1787660211.0327,1787660211.0477,0.06651,-0.099709,-0.253107,2.969787,-0.283786,0.153398,-0.026078,-0.089948,-0.267525,3.135124,-0.275290,0.160810,-0.022857,-0.089900,-0.267500,3.135100,-0.275300,0.160800,-0.022900,,,,,,,0
757,1787660211.0719,1787660211.0867,0.03922,-0.099709,-0.253107,2.969787,-0.283786,0.153398,-0.026078,-0.094051,-0.270586,3.120167,-0.279860,0.177476,-0.022139,-0.094100,-0.270600,3.120200,-0.279900,0.177500,-0.022100,,,,,,,0
758,1787660211.1293,1787660211.1427,0.05741,-0.099709,-0.253107,2.969787,-0.283786,0.153398,-0.026078,-0.091896,-0.270249,3.120939,-0.277975,0.162447,-0.020019,-0.091900,-0.270200,3.120900,-0.278000,0.162400,-0.020000,,,,,,,0
759,1787660211.1958,1787660211.2104,0.06647,-0.099709,-0.253107,2.969787,-0.282252,0.168738,-0.026078,-0.094984,-0.263799,3.140244,-0.279164,0.156701,-0.023726,-0.095000,-0.263800,3.140200,-0.279200,0.156700,-0.023700,,,,,,,0
760,1787660211.2348,1787660211.2497,0.03901,-0.099709,-0.253107,2.969787,-0.282252,0.174874,-0.026078,-0.097406,-0.263210,3.153390,-0.281733,0.157254,-0.025365,-0.097400,-0.263200,3.153400,-0.281700,0.157300,-0.025400,,,,,,,0
761,1787660211.2923,1787660211.3066,0.05749,-0.098175,-0.253107,2.969787,-0.282252,0.170272,-0.026078,-0.094481,-0.259168,3.156410,-0.288015,0.183739,-0.024158,-0.094500,-0.259200,3.156400,-0.288000,0.183700,-0.024200,,,,,,,0
762,1787660211.3477,1787660211.3626,0.05544,-0.098175,-0.253107,2.969787,-0.282252,0.162602,-0.026078,-0.099692,-0.255800,3.163372,-0.289227,0.162623,-0.023881,-0.099700,-0.255800,3.163400,-0.289200,0.162600,-0.023900,,,,,,,0
763,1787660211.3877,1787660211.4016,0.03997,-0.098175,-0.253107,2.969787,-0.282252,0.162602,-0.026078,-0.097728,-0.253504,3.157887,-0.288377,0.161304,-0.024906,-0.097700,-0.253500,3.157900,-0.288400,0.161300,-0.024900,,,,,,,0
764,1787660211.4445,1787660211.4593,0.05676,-0.098175,-0.253107,2.969787,-0.282252,0.174874,-0.026078,-0.096727,-0.250567,3.166560,-0.289137,0.178269,-0.026697,-0.096700,-0.250600,3.166600,-0.289100,0.178300,-0.026700,,,,,,,0
765,1787660211.5003,1787660211.5135,0.05586,-0.098175,-0.251573,2.969787,-0.282252,0.179476,-0.026078,-0.091251,-0.252976,3.153933,-0.288783,0.158003,-0.023614,-0.091300,-0.253000,3.153900,-0.288800,0.158000,-0.023600,,,,,,,0
766,1787660211.5398,1787660211.5545,0.03952,-0.098175,-0.250039,2.969787,-0.282252,0.176408,-0.026078,-0.094754,-0.255082,3.153665,-0.292020,0.160025,-0.024962,-0.094800,-0.255100,3.153700,-0.292000,0.160000,-0.025000,,,,,,,0
767,1787660211.5967,1787660211.6115,0.05686,-0.098175,-0.245437,2.969787,-0.283786,0.168738,-0.026078,-0.095573,-0.256621,3.154731,-0.291545,0.169086,-0.023498,-0.095600,-0.256600,3.154700,-0.291500,0.169100,-0.023500,,,,,,,0
768,1787660211.6529,1787660211.6675,0.05616,-0.098175,-0.245437,2.969787,-0.283786,0.164136,-0.026078,-0.099379,-0.259828,3.155536,-0.293333,0.148667,-0.027196,-0.099400,-0.259800,3.155500,-0.293300,0.148700,-0.027200,,,,,,,0
769,1787660211.6925,1787660211.7075,0.03959,-0.098175,-0.245437,2.969787,-0.283786,0.164136,-0.026078,-0.090726,-0.249343,3.145759,-0.280461,0.155725,-0.029064,-0.090700,-0.249300,3.145800,-0.280500,0.155700,-0.029100,,,,,,,0
770,1787660211.7495,1787660211.7635,0.05702,-0.098175,-0.245437,2.969787,-0.283786,0.165670,-0.026078,-0.098054,-0.255061,3.152529,-0.283046,0.156167,-0.024384,-0.098100,-0.255100,3.152500,-0.283000,0.156200,-0.024400,,,,,,,1
771,1787660211.789,1787660211.8026,0.03953,-0.098175,-0.245437,2.969787,-0.283786,0.164136,-0.026078,-0.098934,-0.257461,3.148983,-0.290497,0.139556,-0.027667,-0.098900,-0.257500,3.149000,-0.290500,0.139600,-0.027700,,,,,,,1
772,1787660211.8474,1787660211.8626,0.05836,-0.098175,-0.245437,2.969787,-0.283786,0.159534,-0.026078,-0.093858,-0.252359,3.149252,-0.284489,0.155761,-0.021903,-0.093900,-0.252400,3.149300,-0.284500,0.155800,-0.021900,,,,,,,0
773,1787660211.9031,1787660211.9176,0.05573,-0.098175,-0.245437,2.969787,-0.283786,0.156466,-0.026078,-0.095280,-0.252568,3.161663,-0.294230,0.148656,-0.027191,-0.095300,-0.252600,3.161700,-0.294200,0.148700,-0.027200,,,,,,,1
774,1787660211.9429,1787660211.9574,0.03977,-0.098175,-0.245437,2.969787,-0.283786,0.148796,-0.026078,-0.097191,-0.259743,3.150028,-0.285104,0.151650,-0.025090,-0.097200,-0.259700,3.150000,-0.285100,0.151700,-0.025100,,,,,,,1
775,1787660212.0005,1787660212.0166,0.05764,-0.098175,-0.245437,2.969787,-0.283786,0.148796,-0.026078,-0.098340,-0.251953,3.157942,-0.290716,0.142383,-0.025166,-0.098300,-0.252000,3.157900,-0.290700,0.142400,-0.025200,,,,,,,0
776,1787660212.0557,1787660212.0705,0.05522,-0.098175,-0.245437,2.969787,-0.288388,0.151864,-0.026078,-0.101520,-0.249303,3.145636,-0.286254,0.141100,-0.027661,-0.101500,-0.249300,3.145600,-0.286300,0.141100,-0.027700,,,,,,,0
777,1787660212.0954,1787660212.1105,0.03968,-0.098175,-0.245437,2.969787,-0.288388,0.151864,-0.026078,-0.094241,-0.249258,3.149303,-0.295342,0.153167,-0.026822,-0.094200,-0.249300,3.149300,-0.295300,0.153200,-0.026800,,,,,,,0
778,1787660212.153,1787660212.1675,0.05759,-0.098175,-0.245437,2.969787,-0.286854,0.150330,-0.026078,-0.091525,-0.251259,3.153413,-0.293538,0.174155,-0.026602,-0.091500,-0.251300,3.153400,-0.293500,0.174200,-0.026600,,,,,,,0
779,1787660212.2092,1787660212.2234,0.05616,-0.098175,-0.245437,2.969787,-0.288388,0.147262,-0.026078,-0.088845,-0.257384,3.151868,-0.291810,0.174585,-0.027068,-0.088800,-0.257400,3.151900,-0.291800,0.174600,-0.027100,,,,,,,0
780,1787660212.2489,1787660212.2625,0.03973,-0.098175,-0.245437,2.969787,-0.289922,0.151864,-0.026078,-0.089984,-0.252196,3.163001,-0.294284,0.184716,-0.026683,-0.090000,-0.252200,3.163000,-0.294300,0.184700,-0.026700,,,,,,,0
781,1787660212.3055,1787660212.3205,0.05662,-0.098175,-0.245437,2.969787,-0.289922,0.170272,-0.026078,-0.087395,-0.259651,3.166460,-0.293311,0.201206,-0.027912,-0.087400,-0.259700,3.166500,-0.293300,0.201200,-0.027900,,,,,,,0
782,1787660212.3617,1787660212.3767,0.05617,-0.098175,-0.245437,2.969787,-0.289922,0.177942,-0.026078,-0.082529,-0.254025,3.153472,-0.290975,0.180056,-0.024489,-0.082500,-0.254000,3.153500,-0.291000,0.180100,-0.024500,,,,,,,0
783,1787660212.4012,1787660212.4146,0.03953,-0.098175,-0.245437,2.969787,-0.289922,0.184078,-0.026078,-0.085169,-0.264988,3.156765,-0.292355,0.177604,-0.026736,-0.085200,-0.265000,3.156800,-0.292400,0.177600,-0.026700,,,,,,,0
784,1787660212.4578,1787660212.4726,0.05657,-0.096641,-0.245437,2.969787,-0.289922,0.197884,-0.026078,-0.085319,-0.251033,3.145429,-0.287300,0.172352,-0.026246,-0.085300,-0.251000,3.145400,-0.287300,0.172400,-0.026200,,,,,,,0
785,1787660212.5137,1787660212.5287,0.05589,-0.093573,-0.245437,2.969787,-0.289922,0.197884,-0.026078,-0.087901,-0.260926,3.141600,-0.293773,0.183716,-0.023968,-0.087900,-0.260900,3.141600,-0.293800,0.183700,-0.024000,,,,,,,0
786,1787660212.5526,1787660212.5676,0.03889,-0.092039,-0.245437,2.969787,-0.289922,0.187146,-0.026078,-0.084554,-0.261301,3.143462,-0.285453,0.171055,-0.026743,-0.084600,-0.261300,3.143500,-0.285500,0.171100,-0.026700,,,,,,,0
787,1787660212.6096,1787660212.6244,0.05702,-0.092039,-0.245437,2.969787,-0.289922,0.177942,-0.026078,-0.088251,-0.258102,3.142941,-0.285172,0.180584,-0.027897,-0.088300,-0.258100,3.142900,-0.285200,0.180600,-0.027900,,,,,,,0
788,1787660212.6486,1787660212.6637,0.03897,-0.092039,-0.245437,2.969787,-0.289922,0.177942,-0.026078,-0.089338,-0.254748,3.149360,-0.288898,0.176481,-0.029142,-0.089300,-0.254700,3.149400,-0.288900,0.176500,-0.029100,,,,,,,0
789,1787660212.7083,1787660212.7226,0.05973,-0.092039,-0.245437,2.969787,-0.289922,0.179476,-0.026078,-0.091263,-0.260474,3.141745,-0.290273,0.168074,-0.027782,-0.091300,-0.260500,3.141700,-0.290300,0.168100,-0.027800,,,,,,,1
790,1787660212.764,1787660212.7786,0.05568,-0.092039,-0.245437,2.969787,-0.289922,0.179476,-0.026078,-0.090697,-0.267064,3.133731,-0.289479,0.175086,-0.025073,-0.090700,-0.267100,3.133700,-0.289500,0.175100,-0.025100,,,,,,,1
791,1787660212.8036,1787660212.8175,0.03963,-0.092039,-0.245437,2.969787,-0.289922,0.179476,-0.026078,-0.088379,-0.264064,3.136526,-0.286832,0.157667,-0.027563,-0.088400,-0.264100,3.136500,-0.286800,0.157700,-0.027600,,,,,,,0
792,1787660212.8616,1787660212.8755,0.05796,-0.092039,-0.245437,2.969787,-0.289922,0.176408,-0.026078,-0.090994,-0.265947,3.126341,-0.287194,0.166872,-0.029498,-0.091000,-0.265900,3.126300,-0.287200,0.166900,-0.029500,,,,,,,1
793,1787660212.9169,1787660212.9305,0.0553,-0.092039,-0.245437,2.969787,-0.289922,0.176408,-0.026078,-0.087972,-0.265801,3.139358,-0.288809,0.179659,-0.032952,-0.088000,-0.265800,3.139400,-0.288800,0.179700,-0.033000,,,,,,,1
794,1787660212.9562,1787660212.9715,0.03936,-0.092039,-0.245437,2.969787,-0.289922,0.167204,-0.026078,-0.087361,-0.262539,3.138352,-0.292087,0.175157,-0.028503,-0.087400,-0.262500,3.138400,-0.292100,0.175200,-0.028500,,,,,,,0
795,1787660213.013,1787660213.0273,0.05677,-0.092039,-0.245437,2.969787,-0.289922,0.165670,-0.027612,-0.086551,-0.259860,3.131219,-0.286381,0.168018,-0.030414,-0.086600,-0.259900,3.131200,-0.286400,0.168000,-0.030400,,,,,,,0
796,1787660213.0688,1787660213.0835,0.05585,-0.092039,-0.245437,2.969787,-0.289922,0.176408,-0.027612,-0.084960,-0.256699,3.143942,-0.288286,0.181192,-0.028172,-0.085000,-0.256700,3.143900,-0.288300,0.181200,-0.028200,,,,,,,0
797,1787660213.1081,1787660213.1216,0.03924,-0.092039,-0.245437,2.969787,-0.289922,0.176408,-0.027612,-0.087770,-0.259237,3.131272,-0.293262,0.184136,-0.023823,-0.087800,-0.259200,3.131300,-0.293300,0.184100,-0.023800,,,,,,,0
798,1787660213.1649,1787660213.1795,0.05677,-0.092039,-0.245437,2.969787,-0.289922,0.176408,-0.027612,-0.086163,-0.256387,3.136428,-0.292916,0.176646,-0.023029,-0.086200,-0.256400,3.136400,-0.292900,0.176600,-0.023000,,,,,,,0
799,1787660213.2044,1787660213.2195,0.0395,-0.092039,-0.245437,2.969787,-0.289922,0.177942,-0.027612,-0.085544,-0.257412,3.166775,-0.299781,0.162298,-0.028299,-0.085500,-0.257400,3.166800,-0.299800,0.162300,-0.028300,,,,,,,0
800,1787660213.2636,1787660213.2786,0.05928,-0.092039,-0.245437,2.969787,-0.289922,0.182544,-0.027612,-0.085580,-0.254794,3.152152,-0.302628,0.163108,-0.022283,-0.085600,-0.254800,3.152200,-0.302600,0.163100,-0.022300,,,,,,,0
801,1787660213.3301,1787660213.3445,0.06648,-0.092039,-0.245437,2.969787,-0.289922,0.176408,-0.027612,-0.090110,-0.251706,3.149632,-0.293962,0.145294,-0.020716,-0.090100,-0.251700,3.149600,-0.294000,0.145300,-0.020700,,,,,,,0
802,1787660213.3693,1787660213.3826,0.03917,-0.092039,-0.245437,2.969787,-0.291456,0.168738,-0.027612,-0.087936,-0.252337,3.150505,-0.289958,0.172211,-0.026331,-0.087900,-0.252300,3.150500,-0.290000,0.172200,-0.026300,,,,,,,0
803,1787660213.4265,1787660213.4405,0.05719,-0.092039,-0.245437,2.969787,-0.296058,0.167204,-0.027612,-0.083439,-0.251239,3.159371,-0.292701,0.160103,-0.026029,-0.083400,-0.251200,3.159400,-0.292700,0.160100,-0.026000,,,,,,,0
804,1787660213.493,1787660213.5075,0.06656,-0.092039,-0.245437,2.969787,-0.296058,0.154932,-0.027612,-0.082672,-0.241089,3.148188,-0.284937,0.172426,-0.023588,-0.082700,-0.241100,3.148200,-0.284900,0.172400,-0.023600,,,,,,,0
805,1787660213.5327,1787660213.5475,0.03965,-0.092039,-0.245437,2.969787,-0.296058,0.154932,-0.027612,-0.094286,-0.252953,3.149941,-0.286174,0.179690,-0.023593,-0.094300,-0.253000,3.149900,-0.286200,0.179700,-0.023600,,,,,,,0
806,1787660213.5898,1787660213.6035,0.05708,-0.092039,-0.245437,2.969787,-0.294524,0.159534,-0.027612,-0.095591,-0.241421,3.154787,-0.293792,0.166671,-0.024344,-0.095600,-0.241400,3.154800,-0.293800,0.166700,-0.024300,,,,,,,0
807,1787660213.6562,1787660213.6706,0.06644,-0.092039,-0.239301,2.969787,-0.289922,0.174874,-0.027612,-0.088656,-0.244723,3.154284,-0.288932,0.158132,-0.025076,-0.088700,-0.244700,3.154300,-0.288900,0.158100,-0.025100,,,,,,,0
808,1787660213.6954,1787660213.7106,0.03919,-0.092039,-0.237767,2.969787,-0.289922,0.176408,-0.027612,-0.092033,-0.240353,3.138199,-0.297621,0.154929,-0.023116,-0.092000,-0.240400,3.138200,-0.297600,0.154900,-0.023100,,,,,,,1
809,1787660213.7527,1787660213.7668,0.05729,-0.092039,-0.237767,2.969787,-0.289922,0.176408,-0.027612,-0.087258,-0.234423,3.098538,-0.299981,0.134660,-0.011173,-0.087300,-0.234400,3.098500,-0.300000,0.134700,-0.011200,,,,,,,1
810,1787660213.8192,1787660213.8337,0.06649,-0.092039,-0.237767,2.969787,-0.289922,0.161068,-0.027612,-0.090809,-0.241886,3.121186,-0.293672,0.165248,-0.018078,-0.090800,-0.241900,3.121200,-0.293700,0.165200,-0.018100,,,,,,,0
811,1787660213.8578,1787660213.8724,0.0386,-0.092039,-0.236233,2.969787,-0.291456,0.159534,-0.024544,-0.086576,-0.230393,3.101810,-0.283943,0.171730,-0.023951,-0.086600,-0.230400,3.101800,-0.283900,0.171700,-0.024000,,,,,,,1
812,1787660213.9157,1787660213.9306,0.05791,-0.092039,-0.231631,2.969787,-0.296058,0.144194,-0.013806,-0.084300,-0.233281,3.125215,-0.285292,0.157340,-0.027448,-0.084300,-0.233300,3.125200,-0.285300,0.157300,-0.027400,,,,,,,1
813,1787660213.9822,1787660213.9953,0.06654,-0.092039,-0.230097,2.969787,-0.291456,0.144194,-0.016874,-0.090418,-0.235815,3.144439,-0.283847,0.154004,-0.025398,-0.090400,-0.235800,3.144400,-0.283800,0.154000,-0.025400,,,,,,,0
814,1787660214.021,1787660214.0345,0.03873,-0.092039,-0.227029,2.969787,-0.288388,0.161068,-0.023010,-0.086971,-0.231520,3.150114,-0.294021,0.176292,-0.024463,-0.087000,-0.231500,3.150100,-0.294000,0.176300,-0.024500,,,,,,,0
815,1787660214.0777,1787660214.0923,0.05674,-0.092039,-0.225495,2.969787,-0.288388,0.168738,-0.026078,-0.087494,-0.233549,3.142183,-0.285981,0.177187,-0.021234,-0.087500,-0.233500,3.142200,-0.286000,0.177200,-0.021200,,,,,,,0
816,1787660214.1331,1787660214.1476,0.05538,-0.092039,-0.225495,2.969787,-0.286854,0.162602,-0.026078,-0.089362,-0.231397,3.142862,-0.286734,0.176608,-0.022563,-0.089400,-0.231400,3.142900,-0.286700,0.176600,-0.022600,,,,,,,0
817,1787660214.1719,1787660214.1863,0.03885,-0.092039,-0.225495,2.969787,-0.289922,0.162602,-0.026078,-0.089324,-0.229583,3.107795,-0.288944,0.193011,-0.014954,-0.089300,-0.229600,3.107800,-0.288900,0.193000,-0.015000,,,,,,,0
818,1787660214.2287,1787660214.2426,0.05679,-0.092039,-0.225495,2.969787,-0.289922,0.174874,-0.026078,-0.092660,-0.224648,3.137825,-0.291286,0.200410,-0.018216,-0.092700,-0.224600,3.137800,-0.291300,0.200400,-0.018200,,,,,,,0
819,1787660214.2685,1787660214.2836,0.03975,-0.092039,-0.225495,2.969787,-0.289922,0.174874,-0.026078,-0.095685,-0.223208,3.142061,-0.292405,0.202278,-0.019584,-0.095700,-0.223200,3.142100,-0.292400,0.202300,-0.019600,,,,,,,0
820,1787660214.3276,1787660214.3415,0.0591,-0.092039,-0.225495,2.969787,-0.289922,0.193282,-0.019942,-0.094905,-0.225748,3.143177,-0.292537,0.197973,-0.019982,-0.094900,-0.225700,3.143200,-0.292500,0.198000,-0.020000,,,,,,,0
821,1787660214.394,1787660214.4086,0.06639,-0.092039,-0.219359,2.969787,-0.289922,0.199418,-0.019942,-0.095455,-0.226164,3.142784,-0.293971,0.191671,-0.017795,-0.095500,-0.226200,3.142800,-0.294000,0.191700,-0.017800,,,,,,,0
822,1787660214.4333,1787660214.4485,0.03937,-0.092039,-0.219359,2.969787,-0.289922,0.200951,-0.019942,-0.091171,-0.226019,3.143777,-0.296342,0.195466,-0.020928,-0.091200,-0.226000,3.143800,-0.296300,0.195500,-0.020900,,,,,,,0
823,1787660214.4907,1787660214.5055,0.05739,-0.092039,-0.219359,2.969787,-0.289922,0.200951,-0.019942,-0.090334,-0.227850,3.139452,-0.300689,0.191226,-0.023285,-0.090300,-0.227900,3.139500,-0.300700,0.191200,-0.023300,,,,,,,0
824,1787660214.5571,1787660214.5715,0.0664,-0.092039,-0.219359,2.969787,-0.289922,0.200951,-0.019942,-0.092453,-0.233776,3.123511,-0.298083,0.189670,-0.024552,-0.092500,-0.233800,3.123500,-0.298100,0.189700,-0.024600,,,,,,,0
825,1787660214.596,1787660214.6105,0.03888,-0.092039,-0.219359,2.969787,-0.289922,0.200951,-0.019942,-0.087933,-0.228551,3.130651,-0.294217,0.192538,-0.023108,-0.087900,-0.228600,3.130700,-0.294200,0.192500,-0.023100,,,,,,,0
826,1787660214.6537,1787660214.6685,0.05773,-0.092039,-0.219359,2.969787,-0.294524,0.197884,-0.019942,-0.093736,-0.233336,3.132127,-0.295466,0.198302,-0.021050,-0.093700,-0.233300,3.132100,-0.295500,0.198300,-0.021000,,,,,,,0
827,1787660214.7203,1787660214.7346,0.06657,-0.092039,-0.219359,2.969787,-0.294524,0.196350,-0.019942,-0.085724,-0.229406,3.127190,-0.295551,0.191859,-0.017940,-0.085700,-0.229400,3.127200,-0.295600,0.191900,-0.017900,,,,,,,1
828,1787660214.7591,1787660214.7735,0.03881,-0.092039,-0.219359,2.969787,-0.294524,0.196350,-0.019942,-0.087372,-0.224286,3.119500,-0.295758,0.187318,-0.018029,-0.087400,-0.224300,3.119500,-0.295800,0.187300,-0.018000,,,,,,,1
829,1787660214.8168,1787660214.8315,0.05767,-0.092039,-0.219359,2.969787,-0.294524,0.196350,-0.019942,-0.088002,-0.221690,3.102310,-0.297705,0.159851,-0.019357,-0.088000,-0.221700,3.102300,-0.297700,0.159900,-0.019400,,,,,,,0
830,1787660214.8832,1787660214.8976,0.06635,-0.092039,-0.219359,2.969787,-0.294524,0.194816,-0.019942,-0.086441,-0.242797,3.110727,-0.296194,0.179868,-0.020903,-0.086400,-0.242800,3.110700,-0.296200,0.179900,-0.020900,,,,,,,1
831,1787660214.9223,1787660214.9377,0.03913,-0.092039,-0.219359,2.969787,-0.294524,0.193282,-0.019942,-0.089835,-0.235159,3.117894,-0.299415,0.186258,-0.019967,-0.089800,-0.235200,3.117900,-0.299400,0.186300,-0.020000,,,,,,,1
832,1787660214.9793,1787660214.9924,0.057,-0.092039,-0.219359,2.969787,-0.294524,0.173340,-0.019942,-0.088390,-0.241057,3.117020,-0.285822,0.176357,-0.021648,-0.088400,-0.241100,3.117000,-0.285800,0.176400,-0.021600,,,,,,,0
833,1787660215.0462,1787660215.0614,0.06692,-0.092039,-0.219359,2.969787,-0.296058,0.167204,-0.019942,-0.088993,-0.252410,3.122236,-0.293483,0.179377,-0.022446,-0.089000,-0.252400,3.122200,-0.293500,0.179400,-0.022400,,,,,,,0
834,1787660215.0851,1787660215.0997,0.03887,-0.092039,-0.219359,2.969787,-0.296058,0.176408,-0.019942,-0.089937,-0.234597,3.130552,-0.286447,0.178238,-0.022134,-0.089900,-0.234600,3.130600,-0.286400,0.178200,-0.022100,,,,,,,0
835,1787660215.1418,1787660215.1566,0.05674,-0.092039,-0.219359,2.969787,-0.292990,0.182544,-0.019942,-0.090902,-0.237368,3.136082,-0.288494,0.190547,-0.022869,-0.090900,-0.237400,3.136100,-0.288500,0.190500,-0.022900,,,,,,,0
836,1787660215.1971,1787660215.2117,0.05524,-0.092039,-0.227029,2.969787,-0.292990,0.182544,-0.019942,-0.093118,-0.241865,3.131565,-0.292721,0.201791,-0.023382,-0.093100,-0.241900,3.131600,-0.292700,0.201800,-0.023400,,,,,,,0
837,1787660215.2362,1787660215.2506,0.0391,-0.092039,-0.227029,2.969787,-0.292990,0.182544,-0.019942,-0.096176,-0.245829,3.147534,-0.286611,0.189977,-0.024098,-0.096200,-0.245800,3.147500,-0.286600,0.190000,-0.024100,,,,,,,0
838,1787660215.2931,1787660215.3075,0.05691,-0.092039,-0.227029,2.969787,-0.292990,0.190214,-0.019942,-0.090146,-0.238720,3.138183,-0.287880,0.202378,-0.025358,-0.090100,-0.238700,3.138200,-0.287900,0.202400,-0.025400,,,,,,,0
839,1787660215.3326,1787660215.3476,0.0395,-0.092039,-0.227029,2.969787,-0.292990,0.197884,-0.019942,-0.099391,-0.235533,3.146333,-0.285315,0.204312,-0.025292,-0.099400,-0.235500,3.146300,-0.285300,0.204300,-0.025300,,,,,,,0
840,1787660215.3893,1787660215.4046,0.05678,-0.092039,-0.227029,2.969787,-0.292990,0.199418,-0.019942,-0.093455,-0.238250,3.138339,-0.288684,0.201435,-0.027691,-0.093500,-0.238300,3.138300,-0.288700,0.201400,-0.027700,,,,,,,0
841,1787660215.4582,1787660215.4715,0.06889,-0.092039,-0.227029,2.969787,-0.291456,0.197884,-0.019942,-0.095190,-0.234884,3.134835,-0.285337,0.216494,-0.025839,-0.095200,-0.234900,3.134800,-0.285300,0.216500,-0.025800,,,,,,,0
842,1787660215.4977,1787660215.5126,0.0395,-0.092039,-0.227029,2.969787,-0.289922,0.199418,-0.019942,-0.091674,-0.238885,3.139289,-0.290854,0.189658,-0.027528,-0.091700,-0.238900,3.139300,-0.290900,0.189700,-0.027500,,,,,,,0
843,1787660215.5546,1787660215.5695,0.05686,-0.092039,-0.227029,2.969787,-0.289922,0.202485,-0.019942,-0.089484,-0.233978,3.140652,-0.294042,0.210972,-0.030380,-0.089500,-0.234000,3.140700,-0.294000,0.211000,-0.030400,,,,,,,0
844,1787660215.6106,1787660215.6244,0.05601,-0.092039,-0.227029,2.969787,-0.289922,0.214757,-0.019942,-0.099545,-0.237929,3.146322,-0.285717,0.211514,-0.024779,-0.099500,-0.237900,3.146300,-0.285700,0.211500,-0.024800,,,,,,,0
845,1787660215.6502,1787660215.6636,0.03964,-0.092039,-0.227029,2.969787,-0.289922,0.214757,-0.019942,-0.091644,-0.236945,3.142269,-0.288510,0.212398,-0.030178,-0.091600,-0.236900,3.142300,-0.288500,0.212400,-0.030200,,,,,,,0
846,1787660215.7072,1787660215.7215,0.05702,-0.092039,-0.227029,2.969787,-0.289922,0.214757,-0.023010,-0.089919,-0.236486,3.139744,-0.280012,0.214399,-0.024804,-0.089900,-0.236500,3.139700,-0.280000,0.214400,-0.024800,,,,,,,1
847,1787660215.7633,1787660215.7785,0.05601,-0.092039,-0.227029,2.969787,-0.289922,0.214757,-0.026078,-0.094465,-0.237241,3.136565,-0.289231,0.185148,-0.026515,-0.094500,-0.237200,3.136600,-0.289200,0.185100,-0.026500,,,,,,,1
848,1787660215.8033,1787660215.8196,0.04001,-0.092039,-0.227029,2.969787,-0.289922,0.214757,-0.026078,-0.087829,-0.236206,3.140769,-0.289335,0.198808,-0.027209,-0.087800,-0.236200,3.140800,-0.289300,0.198800,-0.027200,,,,,,,0
849,1787660215.8608,1787660215.8745,0.05758,-0.092039,-0.227029,2.969787,-0.286854,0.214757,-0.026078,-0.088992,-0.242489,3.136395,-0.290225,0.204012,-0.025924,-0.089000,-0.242500,3.136400,-0.290200,0.204000,-0.025900,,,,,,,1
850,1787660215.9165,1787660215.9305,0.05565,-0.092039,-0.227029,2.969787,-0.286854,0.207087,-0.026078,-0.087386,-0.239296,3.133280,-0.293523,0.215274,-0.027341,-0.087400,-0.239300,3.133300,-0.293500,0.215300,-0.027300,,,,,,,1
851,1787660215.9556,1787660215.9705,0.03913,-0.092039,-0.227029,2.969787,-0.286854,0.205553,-0.026078,-0.094872,-0.242390,3.143728,-0.294905,0.196166,-0.025501,-0.094900,-0.242400,3.143700,-0.294900,0.196200,-0.025500,,,,,,,0
852,1787660216.0126,1787660216.0274,0.05701,-0.092039,-0.227029,2.969787,-0.286854,0.205553,-0.026078,-0.094949,-0.244976,3.139756,-0.287756,0.198656,-0.024834,-0.094900,-0.245000,3.139800,-0.287800,0.198700,-0.024800,,,,,,,0
853,1787660216.0684,1787660216.0835,0.05575,-0.092039,-0.227029,2.969787,-0.286854,0.210155,-0.026078,-0.093219,-0.255832,3.141085,-0.288543,0.197470,-0.027356,-0.093200,-0.255800,3.141100,-0.288500,0.197500,-0.027400,,,,,,,0
854,1787660216.1075,1787660216.1217,0.03914,-0.092039,-0.227029,2.969787,-0.288388,0.210155,-0.026078,-0.091430,-0.254536,3.136010,-0.285942,0.193126,-0.022949,-0.091400,-0.254500,3.136000,-0.285900,0.193100,-0.022900,,,,,,,0
855,1787660216.1639,1787660216.1787,0.05635,-0.092039,-0.227029,2.969787,-0.286854,0.204019,-0.026078,-0.089864,-0.262011,3.103597,-0.288978,0.196970,-0.021836,-0.089900,-0.262000,3.103600,-0.289000,0.197000,-0.021800,,,,,,,0
856,1787660216.2032,1787660216.2166,0.03928,-0.092039,-0.227029,2.969787,-0.286854,0.200951,-0.026078,-0.081396,-0.252220,3.120908,-0.277942,0.189981,-0.022540,-0.081400,-0.252200,3.120900,-0.277900,0.190000,-0.022500,,,,,,,0
857,1787660216.2631,1787660216.2775,0.05989,-0.092039,-0.230097,2.969787,-0.286854,0.199418,-0.026078,-0.085075,-0.249075,3.117571,-0.289161,0.197895,-0.021757,-0.085100,-0.249100,3.117600,-0.289200,0.197900,-0.021800,,,,,,,0
858,1787660216.3296,1787660216.3445,0.06652,-0.092039,-0.236233,2.969787,-0.286854,0.196350,-0.026078,-0.094704,-0.249108,3.127826,-0.294556,0.181601,-0.023566,-0.094700,-0.249100,3.127800,-0.294600,0.181600,-0.023600,,,,,,,0
859,1787660216.3686,1787660216.3836,0.03898,-0.092039,-0.236233,2.969787,-0.283786,0.194816,-0.026078,-0.092153,-0.248933,3.119779,-0.298136,0.181380,-0.020587,-0.092200,-0.248900,3.119800,-0.298100,0.181400,-0.020600,,,,,,,0
860,1787660216.4259,1787660216.4406,0.05734,-0.090505,-0.236233,2.969787,-0.286854,0.194816,-0.026078,-0.087900,-0.248941,3.105541,-0.300884,0.190806,-0.022781,-0.087900,-0.248900,3.105500,-0.300900,0.190800,-0.022800,,,,,,,0
861,1787660216.4923,1787660216.5066,0.06639,-0.090505,-0.236233,2.969787,-0.289922,0.187146,-0.026078,-0.090487,-0.252188,3.103374,-0.302466,0.176430,-0.021674,-0.090500,-0.252200,3.103400,-0.302500,0.176400,-0.021700,,,,,,,0
862,1787660216.5318,1787660216.5466,0.0395,-0.090505,-0.236233,2.969787,-0.292990,0.187146,-0.026078,-0.093936,-0.248136,3.094348,-0.292157,0.167396,-0.022575,-0.093900,-0.248100,3.094300,-0.292200,0.167400,-0.022600,,,,,,,0
863,1787660216.5889,1787660216.6035,0.05716,-0.090505,-0.236233,2.969787,-0.296058,0.187146,-0.026078,-0.093453,-0.248931,3.068248,-0.294238,0.177458,-0.020564,-0.093500,-0.248900,3.068200,-0.294200,0.177500,-0.020600,,,,,,,0
864,1787660216.6554,1787660216.6706,0.0665,-0.090505,-0.236233,2.969787,-0.296058,0.176408,-0.026078,-0.090773,-0.245549,3.100873,-0.289232,0.185252,-0.025102,-0.090800,-0.245500,3.100900,-0.289200,0.185300,-0.025100,,,,,,,0
865,1787660216.6949,1787660216.7105,0.03946,-0.090505,-0.236233,2.969787,-0.296058,0.173340,-0.026078,-0.088055,-0.255569,3.063547,-0.285359,0.172007,-0.018931,-0.088100,-0.255600,3.063500,-0.285400,0.172000,-0.018900,,,,,,,1
866,1787660216.7521,1787660216.7676,0.05717,-0.090505,-0.236233,2.969787,-0.296058,0.177942,-0.026078,-0.093259,-0.247986,3.072071,-0.286313,0.175592,-0.019990,-0.093300,-0.248000,3.072100,-0.286300,0.175600,-0.020000,,,,,,,1
867,1787660216.8186,1787660216.8346,0.06652,-0.090505,-0.236233,2.969787,-0.289922,0.182544,-0.026078,-0.081071,-0.242455,3.126409,-0.290397,0.174560,-0.020353,-0.081100,-0.242500,3.126400,-0.290400,0.174600,-0.020400,,,,,,,1
868,1787660216.8739,1787660216.8885,0.05525,-0.090505,-0.236233,2.969787,-0.289922,0.179476,-0.026078,-0.088803,-0.248887,3.131972,-0.288080,0.162225,-0.022475,-0.088800,-0.248900,3.132000,-0.288100,0.162200,-0.022500,,,,,,,1
869,1787660216.9132,1787660216.9274,0.0394,-0.090505,-0.236233,2.969787,-0.289922,0.179476,-0.026078,-0.090922,-0.245818,3.133720,-0.295209,0.176406,-0.026819,-0.090900,-0.245800,3.133700,-0.295200,0.176400,-0.026800,,,,,,,0
870,1787660216.9699,1787660216.9845,0.05664,-0.088971,-0.236233,2.969787,-0.289922,0.177942,-0.026078,-0.083986,-0.237048,3.102315,-0.282767,0.177599,-0.019853,-0.084000,-0.237000,3.102300,-0.282800,0.177600,-0.019900,,,,,,,0
871,1787660217.0252,1787660217.0386,0.05532,-0.088971,-0.236233,2.969787,-0.289922,0.170272,-0.026078,-0.089319,-0.238381,2.969214,-0.286016,0.169372,-0.026078,-0.089300,-0.238400,2.969200,-0.286000,0.169400,-0.026100,,,,,,,0
