step,t_obs,t_cmd,dt,pos_base,pos_shoulder,pos_elbow,pos_wrist,pos_roll,pos_gripper,cmd_base,cmd_shoulder,cmd_elbow,cmd_wrist,cmd_roll,cmd_gripper,sent_base,sent_shoulder,sent_elbow,sent_wrist,sent_roll,sent_gripper,velraw_base,velraw_shoulder,velraw_elbow,velraw_wrist,velraw_roll,velraw_gripper,chunk_start
0,1787660011.2397,1787660011.2535,0.0331,-0.148796,-0.607456,2.873146,0.311398,0.029146,-0.026078,-0.157685,-0.586973,2.991875,0.327040,0.012366,-0.012310,-0.157700,-0.587000,2.991900,0.327000,0.012400,-0.012300,,,,,,,1
1,1787660011.2897,1787660011.3046,0.04991,-0.148796,-0.607456,2.873146,0.311398,0.029146,-0.026078,-0.154515,-0.574514,2.983658,0.321517,0.020081,-0.006005,-0.154500,-0.574500,2.983700,0.321500,0.020100,-0.006000,,,,,,,1
2,1787660011.3467,1787660011.3615,0.057,-0.148796,-0.607456,2.874680,0.311398,0.027612,-0.018408,-0.153536,-0.576257,2.987486,0.319606,0.032776,-0.013460,-0.153500,-0.576300,2.987500,0.319600,0.032800,-0.013500,,,,,,,0
3,1787660011.4135,1787660011.4286,0.0668,-0.148796,-0.585981,2.891554,0.314466,0.019942,-0.010738,-0.157897,-0.578736,2.977577,0.319390,0.010600,-0.011651,-0.157900,-0.578700,2.977600,0.319400,0.010600,-0.011700,,,,,,,0
4,1787660011.4503,1787660011.4637,0.03682,-0.148796,-0.573709,2.903826,0.312932,0.021476,-0.010738,-0.156682,-0.574735,2.969999,0.317933,0.000920,-0.009243,-0.156700,-0.574700,2.970000,0.317900,0.000900,-0.009200,,,,,,,0
5,1787660011.5017,1787660011.5157,0.05137,-0.148796,-0.569107,2.914563,0.309864,0.032214,-0.004602,-0.157570,-0.581920,2.982654,0.318775,0.007197,-0.015821,-0.157600,-0.581900,2.982700,0.318800,0.007200,-0.015800,,,,,,,0
6,1787660011.5683,1787660011.5826,0.06668,-0.148796,-0.567573,2.914563,0.309864,0.019942,-0.004602,-0.159292,-0.573014,2.976978,0.311639,0.005616,-0.012556,-0.159300,-0.573000,2.977000,0.311600,0.005600,-0.012600,,,,,,,0
7,1787660011.6056,1787660011.6197,0.03722,-0.150330,-0.567573,2.914563,0.309864,0.010738,-0.006136,-0.152919,-0.577452,2.969762,0.317649,0.010137,-0.011378,-0.152900,-0.577500,2.969800,0.317600,0.010100,-0.011400,,,,,,,0
8,1787660011.6567,1787660011.6717,0.05113,-0.150330,-0.567573,2.914563,0.309864,0.010738,-0.010738,-0.153155,-0.575646,2.968343,0.319993,0.009233,-0.009049,-0.153200,-0.575600,2.968300,0.320000,0.009200,-0.009000,,,,,,,0
9,1787660011.7233,1787660011.7376,0.06665,-0.150330,-0.567573,2.914563,0.305262,0.010738,-0.010738,-0.148851,-0.572326,2.953030,0.323621,0.013943,-0.012382,-0.148900,-0.572300,2.953000,0.323600,0.013900,-0.012400,,,,,,,0
10,1787660011.7621,1787660011.7755,0.03872,-0.150330,-0.567573,2.914563,0.305262,0.010738,-0.010738,-0.157834,-0.577559,2.956677,0.323993,-0.000126,-0.009635,-0.157800,-0.577600,2.956700,0.324000,-0.000100,-0.009600,,,,,,,0
11,1787660011.82,1787660011.8343,0.0579,-0.150330,-0.567573,2.914563,0.305262,0.012272,-0.010738,-0.157795,-0.576091,2.960019,0.318400,-0.014128,-0.015032,-0.157800,-0.576100,2.960000,0.318400,-0.014100,-0.015000,,,,,,,0
12,1787660011.8864,1787660011.9003,0.06641,-0.150330,-0.567573,2.914563,0.305262,0.010738,-0.010738,-0.153580,-0.558498,2.946770,0.320163,-0.019566,-0.010433,-0.153600,-0.558500,2.946800,0.320200,-0.019600,-0.010400,,,,,,,1
13,1787660011.9239,1787660011.9394,0.03751,-0.150330,-0.567573,2.914563,0.305262,0.004602,-0.010738,-0.151931,-0.584430,2.961273,0.313236,-0.033192,-0.016547,-0.151900,-0.584400,2.961300,0.313200,-0.033200,-0.016500,,,,,,,1
14,1787660011.9748,1787660011.9895,0.05087,-0.150330,-0.567573,2.914563,0.305262,-0.006136,-0.010738,-0.153976,-0.577559,2.956275,0.311659,-0.013255,-0.021732,-0.154000,-0.577600,2.956300,0.311700,-0.013300,-0.021700,,,,,,,0
15,1787660012.0415,1787660012.0565,0.06671,-0.150330,-0.567573,2.914563,0.303728,-0.021476,-0.010738,-0.155558,-0.576670,2.962169,0.308160,-0.035980,-0.013771,-0.155600,-0.576700,2.962200,0.308200,-0.036000,-0.013800,,,,,,,1
16,1787660012.0788,1787660012.0935,0.03728,-0.150330,-0.567573,2.914563,0.303728,-0.024544,-0.010738,-0.155039,-0.564796,2.931449,0.322012,-0.023783,-0.015442,-0.155000,-0.564800,2.931400,0.322000,-0.023800,-0.015400,,,,,,,1
17,1787660012.1297,1787660012.1446,0.05098,-0.150330,-0.567573,2.914563,0.303728,-0.016874,-0.012272,-0.153738,-0.565461,2.954211,0.319057,-0.032219,-0.012814,-0.153700,-0.565500,2.954200,0.319100,-0.032200,-0.012800,,,,,,,0
18,1787660012.1966,1787660012.2115,0.06688,-0.150330,-0.566039,2.914563,0.303728,-0.015340,-0.010738,-0.151171,-0.566125,2.955460,0.315274,-0.045852,-0.016613,-0.151200,-0.566100,2.955500,0.315300,-0.045900,-0.016600,,,,,,,0
19,1787660012.234,1787660012.2475,0.03737,-0.150330,-0.561437,2.914563,0.303728,-0.018408,-0.010738,-0.153593,-0.565680,2.946120,0.312839,-0.023588,-0.013711,-0.153600,-0.565700,2.946100,0.312800,-0.023600,-0.013700,,,,,,,0
20,1787660012.285,1787660012.2994,0.05104,-0.150330,-0.559903,2.914563,0.303728,-0.026078,-0.010738,-0.154750,-0.555354,2.949688,0.313312,-0.009931,-0.012297,-0.154700,-0.555400,2.949700,0.313300,-0.009900,-0.012300,,,,,,,0
21,1787660012.3515,1787660012.3664,0.0665,-0.150330,-0.559903,2.914563,0.303728,-0.029146,-0.010738,-0.157464,-0.551118,2.951717,0.309928,-0.011122,-0.009399,-0.157500,-0.551100,2.951700,0.309900,-0.011100,-0.009400,,,,,,,0
22,1787660012.3887,1787660012.4024,0.03713,-0.150330,-0.559903,2.914563,0.303728,-0.023010,-0.010738,-0.157560,-0.548279,2.957438,0.310164,0.007811,-0.009200,-0.157600,-0.548300,2.957400,0.310200,0.007800,-0.009200,,,,,,,0
23,1787660012.4401,1787660012.4546,0.0514,-0.150330,-0.552233,2.913030,0.303728,-0.010738,-0.010738,-0.166791,-0.544502,2.968561,0.303522,0.007548,-0.016225,-0.166800,-0.544500,2.968600,0.303500,0.007500,-0.016200,,,,,,,0
24,1787660012.5066,1787660012.5216,0.06652,-0.150330,-0.544563,2.913030,0.303728,-0.003068,-0.010738,-0.162527,-0.549263,2.977433,0.306297,0.002949,-0.008265,-0.162500,-0.549300,2.977400,0.306300,0.002900,-0.008300,,,,,,,0
25,1787660012.5432,1787660012.5585,0.03666,-0.150330,-0.544563,2.913030,0.303728,0.006136,-0.010738,-0.165390,-0.546291,2.976434,0.295115,-0.008915,-0.014033,-0.165400,-0.546300,2.976400,0.295100,-0.008900,-0.014000,,,,,,,0
26,1787660012.5948,1787660012.6096,0.0516,-0.156466,-0.541495,2.917631,0.296058,0.006136,-0.010738,-0.163333,-0.543746,2.983455,0.297882,-0.006561,-0.007310,-0.163300,-0.543700,2.983500,0.297900,-0.006600,-0.007300,,,,,,,0
27,1787660012.6617,1787660012.6766,0.06686,-0.156466,-0.541495,2.919165,0.289922,0.000000,-0.010738,-0.163140,-0.545756,2.976581,0.300946,0.007026,-0.011541,-0.163100,-0.545800,2.976600,0.300900,0.007000,-0.011500,,,,,,,0
28,1787660012.7005,1787660012.7155,0.03884,-0.156466,-0.541495,2.920699,0.286854,-0.001534,-0.010738,-0.164072,-0.549002,2.970444,0.302393,0.000778,-0.008527,-0.164100,-0.549000,2.970400,0.302400,0.000800,-0.008500,,,,,,,0
29,1787660012.7581,1787660012.7714,0.05758,-0.156466,-0.541495,2.920699,0.285320,-0.001534,-0.010738,-0.160866,-0.554705,2.960523,0.306640,-0.000338,-0.009903,-0.160900,-0.554700,2.960500,0.306600,-0.000300,-0.009900,,,,,,,0
30,1787660012.8245,1787660012.8395,0.0664,-0.156466,-0.541495,2.922233,0.285320,0.006136,-0.010738,-0.164360,-0.542886,2.963558,0.312220,0.006625,-0.012969,-0.164400,-0.542900,2.963600,0.312200,0.006600,-0.013000,,,,,,,0
31,1787660012.8613,1787660012.8775,0.03682,-0.156466,-0.541495,2.922233,0.285320,0.006136,-0.010738,-0.165797,-0.535724,2.957888,0.305194,0.001070,-0.012420,-0.165800,-0.535700,2.957900,0.305200,0.001100,-0.012400,,,,,,,1
32,1787660012.913,1787660012.9276,0.05167,-0.156466,-0.541495,2.922233,0.285320,0.006136,-0.010738,-0.165863,-0.537082,2.961166,0.310803,-0.004165,-0.009920,-0.165900,-0.537100,2.961200,0.310800,-0.004200,-0.009900,,,,,,,1
33,1787660012.9798,1787660012.9935,0.06675,-0.156466,-0.536893,2.922233,0.285320,0.006136,-0.010738,-0.158598,-0.537319,2.962689,0.314029,0.000343,-0.012184,-0.158600,-0.537300,2.962700,0.314000,0.000300,-0.012200,,,,,,,0
34,1787660013.0169,1787660013.0305,0.03712,-0.156466,-0.532291,2.922233,0.285320,0.006136,-0.010738,-0.161755,-0.529952,2.948489,0.310327,-0.008002,-0.011124,-0.161800,-0.530000,2.948500,0.310300,-0.008000,-0.011100,,,,,,,1
35,1787660013.0678,1787660013.0815,0.05089,-0.156466,-0.532291,2.922233,0.285320,0.001534,-0.010738,-0.158286,-0.538603,2.952303,0.310140,-0.019125,-0.009276,-0.158300,-0.538600,2.952300,0.310100,-0.019100,-0.009300,,,,,,,1
36,1787660013.1345,1787660013.1487,0.06676,-0.156466,-0.529223,2.922233,0.285320,0.000000,-0.010738,-0.161169,-0.533646,2.942825,0.315363,-0.021117,-0.011269,-0.161200,-0.533600,2.942800,0.315400,-0.021100,-0.011300,,,,,,,0
37,1787660013.1734,1787660013.1876,0.0389,-0.156466,-0.527689,2.922233,0.285320,-0.003068,-0.010738,-0.161213,-0.540713,2.947335,0.315504,-0.018001,-0.017493,-0.161200,-0.540700,2.947300,0.315500,-0.018000,-0.017500,,,,,,,0
38,1787660013.2301,1787660013.2447,0.05671,-0.156466,-0.527689,2.922233,0.285320,-0.013806,-0.010738,-0.159239,-0.531528,2.939982,0.317231,-0.022896,-0.014488,-0.159200,-0.531500,2.940000,0.317200,-0.022900,-0.014500,,,,,,,0
39,1787660013.2684,1787660013.2827,0.03827,-0.156466,-0.527689,2.922233,0.286854,-0.013806,-0.010738,-0.160274,-0.527166,2.920315,0.307778,-0.009480,-0.013341,-0.160300,-0.527200,2.920300,0.307800,-0.009500,-0.013300,,,,,,,0
40,1787660013.3191,1787660013.3334,0.05068,-0.156466,-0.527689,2.922233,0.286854,-0.013806,-0.010738,-0.157349,-0.518330,2.896105,0.309400,0.000388,-0.009385,-0.157300,-0.518300,2.896100,0.309400,0.000400,-0.009400,,,,,,,0
41,1787660013.3857,1787660013.4003,0.06662,-0.156466,-0.524621,2.914563,0.288388,-0.013806,-0.010738,-0.158163,-0.506850,2.936610,0.306718,0.007072,-0.012730,-0.158200,-0.506900,2.936600,0.306700,0.007100,-0.012700,,,,,,,0
42,1787660013.4222,1787660013.4363,0.03647,-0.156466,-0.523087,2.908428,0.289922,-0.009204,-0.010738,-0.163468,-0.508538,2.932837,0.305830,0.001990,-0.010660,-0.163500,-0.508500,2.932800,0.305800,0.002000,-0.010700,,,,,,,0
43,1787660013.4741,1787660013.4876,0.05192,-0.156466,-0.515418,2.897690,0.291456,-0.001534,-0.010738,-0.163382,-0.517338,2.941393,0.301264,0.006967,-0.010447,-0.163400,-0.517300,2.941400,0.301300,0.007000,-0.010400,,,,,,,0
44,1787660013.5314,1787660013.5466,0.05726,-0.156466,-0.507748,2.894622,0.292990,0.001534,-0.010738,-0.162281,-0.512429,2.939229,0.293870,0.003500,-0.011418,-0.162300,-0.512400,2.939200,0.293900,0.003500,-0.011400,,,,,,,0
45,1787660013.5978,1787660013.6115,0.06639,-0.156466,-0.506214,2.906894,0.291456,0.007670,-0.010738,-0.161054,-0.524809,2.950743,0.302798,0.016809,-0.006880,-0.161100,-0.524800,2.950700,0.302800,0.016800,-0.006900,,,,,,,0
46,1787660013.6364,1787660013.6506,0.03863,-0.156466,-0.506214,2.909962,0.291456,0.007670,-0.010738,-0.154848,-0.522247,2.940381,0.300053,0.024051,-0.006255,-0.154800,-0.522200,2.940400,0.300100,0.024100,-0.006300,,,,,,,0
47,1787660013.6926,1787660013.7076,0.05623,-0.156466,-0.506214,2.909962,0.288388,0.007670,-0.010738,-0.163108,-0.519745,2.945970,0.305342,0.015949,-0.011260,-0.163100,-0.519700,2.946000,0.305300,0.015900,-0.011300,,,,,,,0
48,1787660013.7314,1787660013.7446,0.03876,-0.156466,-0.506214,2.914563,0.288388,0.013806,-0.010738,-0.165131,-0.525916,2.948366,0.293540,0.019959,-0.016606,-0.165100,-0.525900,2.948400,0.293500,0.020000,-0.016600,,,,,,,0
49,1787660013.7903,1787660013.8046,0.05891,-0.156466,-0.506214,2.914563,0.286854,0.023010,-0.010738,-0.164742,-0.517283,2.963011,0.299760,0.007339,-0.007654,-0.164700,-0.517300,2.963000,0.299800,0.007300,-0.007700,,,,,,,0
50,1787660013.8568,1787660013.8706,0.06648,-0.156466,-0.506214,2.914563,0.286854,0.021476,-0.010738,-0.164295,-0.521247,2.956981,0.299701,-0.005249,-0.011873,-0.164300,-0.521200,2.957000,0.299700,-0.005200,-0.011900,,,,,,,1
51,1787660013.8934,1787660013.9095,0.03663,-0.156466,-0.506214,2.914563,0.286854,0.021476,-0.010738,-0.162511,-0.521573,2.948704,0.296059,-0.019098,-0.008116,-0.162500,-0.521600,2.948700,0.296100,-0.019100,-0.008100,,,,,,,1
52,1787660013.9453,1787660013.9606,0.0519,-0.156466,-0.506214,2.917631,0.286854,0.013806,-0.010738,-0.164351,-0.523375,2.947376,0.294405,0.021245,-0.008553,-0.164400,-0.523400,2.947400,0.294400,0.021200,-0.008600,,,,,,,0
53,1787660014.0119,1787660014.0265,0.0666,-0.156466,-0.506214,2.919165,0.286854,-0.001534,-0.010738,-0.172768,-0.518727,2.966951,0.298814,0.009294,-0.017881,-0.172800,-0.518700,2.967000,0.298800,0.009300,-0.017900,,,,,,,1
54,1787660014.0489,1787660014.0626,0.03703,-0.156466,-0.506214,2.919165,0.286854,-0.009204,-0.010738,-0.164438,-0.515566,2.964824,0.303279,-0.002065,-0.011894,-0.164400,-0.515600,2.964800,0.303300,-0.002100,-0.011900,,,,,,,1
55,1787660014.1001,1787660014.1146,0.05121,-0.156466,-0.506214,2.919165,0.286854,-0.001534,-0.010738,-0.169402,-0.523661,2.950922,0.296559,-0.002963,-0.012160,-0.169400,-0.523700,2.950900,0.296600,-0.003000,-0.012200,,,,,,,0
56,1787660014.1667,1787660014.1806,0.06655,-0.158000,-0.506214,2.919165,0.286854,0.009204,-0.010738,-0.165558,-0.525455,2.945619,0.304396,-0.007006,-0.012268,-0.165600,-0.525500,2.945600,0.304400,-0.007000,-0.012300,,,,,,,0
57,1787660014.2037,1787660014.2186,0.03701,-0.158000,-0.506214,2.919165,0.286854,0.007670,-0.010738,-0.162474,-0.516721,2.934258,0.300488,-0.016896,-0.010623,-0.162500,-0.516700,2.934300,0.300500,-0.016900,-0.010600,,,,,,,0
58,1787660014.2553,1787660014.2683,0.05163,-0.159534,-0.506214,2.919165,0.286854,0.003068,-0.010738,-0.162296,-0.503151,2.938409,0.298706,-0.002965,-0.015546,-0.162300,-0.503200,2.938400,0.298700,-0.003000,-0.015500,,,,,,,0
59,1787660014.3219,1787660014.3363,0.06663,-0.159534,-0.506214,2.919165,0.286854,-0.007670,-0.010738,-0.159415,-0.496616,2.899707,0.295876,0.006297,-0.010054,-0.159400,-0.496600,2.899700,0.295900,0.006300,-0.010100,,,,,,,0
60,1787660014.3586,1787660014.3736,0.03663,-0.159534,-0.506214,2.917631,0.286854,-0.009204,-0.010738,-0.164378,-0.491440,2.919099,0.290022,0.009460,-0.015566,-0.164400,-0.491400,2.919100,0.290000,0.009500,-0.015600,,,,,,,0
61,1787660014.4104,1787660014.4255,0.05179,-0.159534,-0.500078,2.917631,0.286854,-0.003068,-0.010738,-0.160409,-0.490337,2.933699,0.294083,0.026558,-0.009087,-0.160400,-0.490300,2.933700,0.294100,0.026600,-0.009100,,,,,,,0
62,1787660014.4671,1787660014.4805,0.05669,-0.159534,-0.490874,2.914563,0.283786,0.006136,-0.010738,-0.165298,-0.485997,2.905934,0.294942,0.017546,-0.008424,-0.165300,-0.486000,2.905900,0.294900,0.017500,-0.008400,,,,,,,0
63,1787660014.5338,1787660014.5485,0.0667,-0.159534,-0.487806,2.911496,0.283786,0.018408,-0.010738,-0.163916,-0.481207,2.905486,0.298844,0.018861,-0.007987,-0.163900,-0.481200,2.905500,0.298800,0.018900,-0.008000,,,,,,,0
64,1787660014.5707,1787660014.5856,0.03698,-0.159534,-0.487806,2.911496,0.283786,0.023010,-0.010738,-0.166609,-0.483077,2.855591,0.294429,0.010322,-0.009288,-0.166600,-0.483100,2.855600,0.294400,0.010300,-0.009300,,,,,,,0
65,1787660014.6223,1787660014.6354,0.05154,-0.159534,-0.481670,2.908428,0.283786,0.023010,-0.010738,-0.164343,-0.475958,2.802992,0.293569,0.011891,-0.009362,-0.164300,-0.476000,2.803000,0.293600,0.011900,-0.009400,,,,,,,0
66,1787660014.6889,1787660014.7034,0.06659,-0.159534,-0.481670,2.894622,0.286854,0.018408,-0.010738,-0.163890,-0.481687,2.693692,0.301000,0.030474,-0.005929,-0.163900,-0.481700,2.693700,0.301000,0.030500,-0.005900,,,,,,,0
67,1787660014.7256,1787660014.7407,0.03676,-0.159534,-0.480136,2.888486,0.288388,0.016874,-0.010738,-0.169365,-0.483789,2.646311,0.303898,0.019593,-0.004485,-0.169400,-0.483800,2.646300,0.303900,0.019600,-0.004500,,,,,,,0
68,1787660014.7775,1787660014.7927,0.0519,-0.159534,-0.475534,2.851670,0.299126,0.015340,-0.010738,-0.178488,-0.477028,2.601929,0.305670,0.020833,-0.011688,-0.178500,-0.477000,2.601900,0.305700,0.020800,-0.011700,,,,,,,0
69,1787660014.8439,1787660014.8586,0.06638,-0.159534,-0.474000,2.793379,0.300660,0.016874,-0.010738,-0.183642,-0.468988,2.546157,0.314447,0.004518,-0.003805,-0.183600,-0.469000,2.546200,0.314400,0.004500,-0.003800,,,,,,,1
70,1787660014.8825,1787660014.8986,0.03865,-0.159534,-0.474000,2.756563,0.302194,0.016874,-0.010738,-0.182799,-0.468354,2.533953,0.312335,-0.025500,-0.006743,-0.182800,-0.468400,2.534000,0.312300,-0.025500,-0.006700,,,,,,,1
71,1787660014.9396,1787660014.9547,0.05701,-0.168738,-0.472466,2.678330,0.300660,0.019942,-0.010738,-0.182515,-0.456190,2.506959,0.316161,-0.010448,-0.002552,-0.182500,-0.456200,2.507000,0.316200,-0.010400,-0.002600,,,,,,,0
72,1787660014.9773,1787660014.9917,0.03775,-0.171806,-0.467864,2.641515,0.308330,0.016874,-0.010738,-0.196700,-0.455549,2.516755,0.312615,-0.016714,-0.003179,-0.196700,-0.455500,2.516800,0.312600,-0.016700,-0.003200,,,,,,,0
73,1787660015.0283,1787660015.0446,0.05099,-0.174874,-0.464796,2.587826,0.308330,-0.009204,-0.010738,-0.222854,-0.447633,2.472279,0.324696,-0.007689,-0.003016,-0.222900,-0.447600,2.472300,0.324700,-0.007700,-0.003000,,,,,,,1
74,1787660015.095,1787660015.1096,0.06665,-0.177942,-0.454058,2.543340,0.308330,-0.016874,-0.009204,-0.221418,-0.444181,2.468171,0.326377,-0.004262,-0.009431,-0.221400,-0.444200,2.468200,0.326400,-0.004300,-0.009400,,,,,,,1
75,1787660015.1319,1787660015.1456,0.03697,-0.185612,-0.449456,2.526466,0.308330,-0.016874,-0.009204,-0.230284,-0.441902,2.443589,0.328802,-0.009588,-0.005417,-0.230300,-0.441900,2.443600,0.328800,-0.009600,-0.005400,,,,,,,0
76,1787660015.1833,1787660015.1985,0.05141,-0.200951,-0.444854,2.504991,0.320602,-0.010738,-0.009204,-0.278716,-0.420600,2.410311,0.335477,-0.024297,0.001237,-0.278700,-0.420600,2.410300,0.335500,-0.024300,0.001200,,,,,,,0
77,1787660015.2501,1787660015.2635,0.06673,-0.217825,-0.437185,2.477379,0.323670,-0.007670,-0.009204,-0.326490,-0.411002,2.385012,0.334444,-0.004912,0.003732,-0.326500,-0.411000,2.385000,0.334400,-0.004900,0.003700,,,,,,,0
78,1787660015.2868,1787660015.3014,0.03677,-0.220893,-0.437185,2.465107,0.326738,-0.007670,-0.007670,-0.315380,-0.414558,2.376051,0.333099,0.005256,-0.002070,-0.315400,-0.414600,2.376100,0.333100,0.005300,-0.002100,,,,,,,0
79,1787660015.3386,1787660015.3525,0.05177,-0.234699,-0.423379,2.443631,0.331340,-0.013806,-0.003068,-0.331883,-0.410180,2.367983,0.338093,0.034053,0.001104,-0.331900,-0.410200,2.368000,0.338100,0.034100,0.001100,,,,,,,0
80,1787660015.405,1787660015.4196,0.06636,-0.279185,-0.406505,2.409884,0.331340,-0.010738,-0.003068,-0.374850,-0.421015,2.328099,0.340104,-0.001676,-0.001856,-0.374900,-0.421000,2.328100,0.340100,-0.001700,-0.001900,,,,,,,0
81,1787660015.4436,1787660015.4585,0.03861,-0.297592,-0.406505,2.396078,0.331340,0.001534,-0.003068,-0.444700,-0.404904,2.303515,0.349091,0.007900,-0.001723,-0.444700,-0.404900,2.303500,0.349100,0.007900,-0.001700,,,,,,,0
82,1787660015.5015,1787660015.5156,0.05788,-0.320602,-0.406505,2.385340,0.332874,0.026078,-0.003068,-0.520081,-0.390621,2.291932,0.346824,-0.027832,0.005192,-0.520100,-0.390600,2.291900,0.346800,-0.027800,0.005200,,,,,,,0
83,1787660015.5679,1787660015.5816,0.06639,-0.354350,-0.404971,2.362330,0.343612,0.030680,-0.003068,-0.559252,-0.391305,2.292765,0.366776,-0.017283,0.012787,-0.559300,-0.391300,2.292800,0.366800,-0.017300,0.012800,,,,,,,0
84,1787660015.6052,1787660015.6185,0.0373,-0.383495,-0.403437,2.339321,0.343612,0.018408,-0.003068,-0.613800,-0.380225,2.286311,0.375641,-0.075521,0.024539,-0.613800,-0.380200,2.286300,0.375600,-0.075500,0.024500,,,,,,,0
85,1787660015.6565,1787660015.6717,0.05138,-0.437185,-0.386563,2.314777,0.343612,-0.007670,-0.000000,-0.658350,-0.372198,2.294490,0.381705,-0.097376,0.104707,-0.658300,-0.372200,2.294500,0.381700,-0.097400,0.104700,,,,,,,0
86,1787660015.7233,1787660015.7387,0.06677,-0.513884,-0.380427,2.311709,0.360485,-0.033748,0.023010,-0.706887,-0.345785,2.295783,0.369177,-0.132316,0.246172,-0.706900,-0.345800,2.295800,0.369200,-0.132300,0.246200,,,,,,,0
87,1787660015.7606,1787660015.7766,0.03733,-0.549165,-0.375825,2.310175,0.369689,-0.055223,0.035282,-0.730350,-0.328584,2.289860,0.370303,-0.141307,0.352202,-0.730300,-0.328600,2.289900,0.370300,-0.141300,0.352200,,,,,,,0
88,1787660015.8117,1787660015.8266,0.05104,-0.601320,-0.366621,2.310175,0.377359,-0.081301,0.108913,-0.746849,-0.323253,2.294609,0.365012,-0.131686,0.387493,-0.746800,-0.323300,2.294600,0.365000,-0.131700,0.387500,,,,,,,0
89,1787660015.878,1787660015.8918,0.06638,-0.662680,-0.352816,2.308641,0.375825,-0.115049,0.269981,-0.780492,-0.312757,2.285996,0.357348,-0.145953,0.435296,-0.780500,-0.312800,2.286000,0.357300,-0.146000,0.435300,,,,,,,1
90,1787660015.9153,1787660015.9297,0.03727,-0.690291,-0.334408,2.308641,0.372757,-0.128854,0.368155,-0.809581,-0.296945,2.290518,0.357209,-0.145109,0.475222,-0.809600,-0.296900,2.290500,0.357200,-0.145100,0.475200,,,,,,,1
91,1787660015.9665,1787660015.9817,0.05122,-0.724039,-0.317534,2.308641,0.371223,-0.131922,0.389631,-0.842362,-0.270425,2.290488,0.355170,-0.160151,0.507670,-0.842400,-0.270400,2.290500,0.355200,-0.160200,0.507700,,,,,,,0
92,1787660016.0332,1787660016.0466,0.06664,-0.759320,-0.306796,2.308641,0.362019,-0.134990,0.475534,-0.882839,-0.224723,2.291203,0.356777,-0.102836,0.570675,-0.882800,-0.224700,2.291200,0.356800,-0.102800,0.570700,,,,,,,1
93,1787660016.0699,1787660016.0846,0.03674,-0.782330,-0.292990,2.307107,0.362019,-0.141126,0.487806,-0.903021,-0.215304,2.285434,0.347825,-0.079129,0.585999,-0.903000,-0.215300,2.285400,0.347800,-0.079100,0.586000,,,,,,,1
94,1787660016.1217,1787660016.1363,0.05179,-0.816078,-0.271515,2.308641,0.362019,-0.151864,0.509282,-0.924499,-0.172237,2.285244,0.367930,-0.056751,0.591550,-0.924500,-0.172200,2.285200,0.367900,-0.056800,0.591500,,,,,,,0
95,1787660016.188,1787660016.2024,0.0663,-0.854427,-0.242369,2.307107,0.355884,-0.142660,0.587515,-0.944744,-0.143923,2.297177,0.353665,-0.049043,0.604864,-0.944700,-0.143900,2.297200,0.353700,-0.049000,0.604900,,,,,,,0
96,1787660016.2257,1787660016.2406,0.03771,-0.877437,-0.219359,2.305573,0.352816,-0.119651,0.587515,-0.964053,-0.103193,2.292480,0.348913,0.011321,0.609247,-0.964100,-0.103200,2.292500,0.348900,0.011300,0.609200,,,,,,,0
97,1787660016.2765,1787660016.2916,0.05077,-0.906583,-0.185612,2.305573,0.360485,-0.081301,0.587515,-0.979865,-0.068524,2.290974,0.345263,0.042173,0.610884,-0.979900,-0.068500,2.291000,0.345300,0.042200,0.610900,,,,,,,0
98,1787660016.343,1787660016.3576,0.06651,-0.932660,-0.141126,2.305573,0.360485,-0.041417,0.607456,-1.002316,-0.007169,2.278141,0.329736,0.079031,0.612448,-1.002300,-0.007200,2.278100,0.329700,0.079000,0.612400,,,,,,,0
99,1787660016.38,1787660016.3936,0.037,-0.948000,-0.111981,2.305573,0.352816,-0.015340,0.607456,-0.990088,0.028294,2.275705,0.318570,0.092687,0.607462,-0.990100,0.028300,2.275700,0.318600,0.092700,0.607500,,,,,,,0
100,1787660016.4315,1787660016.4466,0.05148,-0.966408,-0.078233,2.305573,0.349748,0.021476,0.607456,-0.988849,0.053431,2.293604,0.304167,0.093163,0.611821,-0.988800,0.053400,2.293600,0.304200,0.093200,0.611800,,,,,,,0
101,1787660016.4981,1787660016.5126,0.06665,-0.977146,-0.035282,2.299437,0.332874,0.064427,0.607456,-0.976574,0.087849,2.276924,0.300880,0.052822,0.623388,-0.976600,0.087800,2.276900,0.300900,0.052800,0.623400,,,,,,,0
102,1787660016.5368,1787660016.5516,0.03863,-0.980214,-0.003068,2.291767,0.320602,0.082835,0.607456,-0.982547,0.109091,2.280642,0.284854,0.056029,0.631101,-0.982500,0.109100,2.280600,0.284900,0.056000,0.631100,,,,,,,0
103,1787660016.5938,1787660016.6087,0.05705,-0.980214,0.047553,2.297903,0.308330,0.090505,0.616660,-0.977090,0.134344,2.271229,0.302329,0.031642,0.624406,-0.977100,0.134300,2.271200,0.302300,0.031600,0.624400,,,,,,,0
104,1787660016.6492,1787660016.6625,0.05535,-0.980214,0.084369,2.294835,0.297592,0.079767,0.628932,-0.990161,0.172499,2.269819,0.301726,-0.034390,0.624425,-0.990200,0.172500,2.269800,0.301700,-0.034400,0.624400,,,,,,,0
105,1787660016.6881,1787660016.7014,0.03889,-0.980214,0.107379,2.291767,0.289922,0.064427,0.628932,-0.971617,0.201459,2.270730,0.291089,-0.012751,0.623581,-0.971600,0.201500,2.270700,0.291100,-0.012800,0.623600,,,,,,,0
106,1787660016.7445,1787660016.7597,0.0564,-0.980214,0.136524,2.285631,0.292990,0.039884,0.628932,-0.955483,0.212095,2.253953,0.277372,-0.037785,0.613631,-0.955500,0.212100,2.254000,0.277400,-0.037800,0.613600,,,,,,,0
107,1787660016.7831,1787660016.7964,0.0386,-0.981748,0.159534,2.285631,0.297592,0.019942,0.628932,-0.956554,0.232126,2.233939,0.285038,-0.089488,0.608652,-0.956600,0.232100,2.233900,0.285000,-0.089500,0.608700,,,,,,,0
108,1787660016.8459,1787660016.8605,0.06287,-0.981748,0.200951,2.281029,0.289922,-0.006136,0.621262,-0.947876,0.269845,2.230138,0.293322,-0.105193,0.615313,-0.947900,0.269800,2.230100,0.293300,-0.105200,0.615300,,,,,,,1
109,1787660016.9102,1787660016.9267,0.0643,-0.966408,0.228563,2.261088,0.282252,-0.041417,0.613592,-0.926289,0.283230,2.222094,0.304303,-0.137671,0.617128,-0.926300,0.283200,2.222100,0.304300,-0.137700,0.617100,,,,,,,1
110,1787660016.9775,1787660016.9915,0.06724,-0.954136,0.250039,2.239612,0.280718,-0.082835,0.608990,-0.917177,0.290460,2.210132,0.297618,-0.195341,0.604094,-0.917200,0.290500,2.210100,0.297600,-0.195300,0.604100,,,,,,,0
111,1787660017.0162,1787660017.0316,0.03875,-0.952602,0.269981,2.239612,0.296058,-0.096641,0.608990,-0.896234,0.312745,2.181379,0.291728,-0.136477,0.614894,-0.896200,0.312700,2.181400,0.291700,-0.136500,0.614900,,,,,,,1
112,1787660017.0729,1787660017.0875,0.05666,-0.938796,0.292990,2.236544,0.297592,-0.125786,0.608990,-0.890844,0.345737,2.171347,0.302351,-0.162316,0.610399,-0.890800,0.345700,2.171300,0.302400,-0.162300,0.610400,,,,,,,1
113,1787660017.1107,1787660017.1256,0.03784,-0.923456,0.299126,2.225806,0.297592,-0.147262,0.608990,-0.876530,0.360491,2.166668,0.302268,-0.151746,0.619052,-0.876500,0.360500,2.166700,0.302300,-0.151700,0.619100,,,,,,,0
114,1787660017.1616,1787660017.1765,0.05089,-0.905049,0.314466,2.201262,0.297592,-0.170272,0.608990,-0.854563,0.379196,2.164663,0.297658,-0.193426,0.621926,-0.854600,0.379200,2.164700,0.297700,-0.193400,0.621900,,,,,,,0
115,1787660017.2283,1787660017.2425,0.06665,-0.888175,0.348214,2.178253,0.297592,-0.171806,0.615126,-0.845137,0.383965,2.159574,0.302163,-0.230363,0.623972,-0.845100,0.384000,2.159600,0.302200,-0.230400,0.624000,,,,,,,0
116,1787660017.2673,1787660017.2816,0.039,-0.880505,0.363553,2.176719,0.297592,-0.159534,0.615126,-0.841379,0.377228,2.168258,0.298568,-0.252794,0.626164,-0.841400,0.377200,2.168300,0.298600,-0.252800,0.626200,,,,,,,0
117,1787660017.325,1787660017.3396,0.05777,-0.862097,0.386563,2.176719,0.297592,-0.154932,0.616660,-0.837863,0.378576,2.177788,0.297132,-0.300096,0.628840,-0.837900,0.378600,2.177800,0.297100,-0.300100,0.628800,,,,,,,0
118,1787660017.3913,1787660017.4066,0.06628,-0.846757,0.391165,2.172117,0.297592,-0.191748,0.622796,-0.841337,0.371742,2.198464,0.289691,-0.339204,0.626233,-0.841300,0.371700,2.198500,0.289700,-0.339200,0.626200,,,,,,,0
119,1787660017.4277,1787660017.4426,0.03644,-0.843689,0.391165,2.172117,0.297592,-0.219359,0.622796,-0.843020,0.370573,2.212602,0.285478,-0.323764,0.622845,-0.843000,0.370600,2.212600,0.285500,-0.323800,0.622800,,,,,,,0
120,1787660017.4799,1787660017.4936,0.05217,-0.842155,0.391165,2.178253,0.292990,-0.262311,0.622796,-0.840308,0.379256,2.216061,0.292512,-0.350727,0.627901,-0.840300,0.379300,2.216100,0.292500,-0.350700,0.627900,,,,,,,0
121,1787660017.5465,1787660017.5614,0.06663,-0.842155,0.391165,2.195127,0.288388,-0.306796,0.622796,-0.845223,0.380991,2.234498,0.286751,-0.371090,0.633202,-0.845200,0.381000,2.234500,0.286800,-0.371100,0.633200,,,,,,,0
122,1787660017.5829,1787660017.5967,0.03637,-0.842155,0.391165,2.207398,0.282252,-0.320602,0.622796,-0.846205,0.370466,2.253299,0.282413,-0.420666,0.642923,-0.846200,0.370500,2.253300,0.282400,-0.420700,0.642900,,,,,,,0
123,1787660017.6348,1787660017.6496,0.05184,-0.842155,0.391165,2.218136,0.292990,-0.342078,0.624330,-0.842827,0.380296,2.246671,0.270373,-0.407004,0.646181,-0.842800,0.380300,2.246700,0.270400,-0.407000,0.646200,,,,,,,0
124,1787660017.7012,1787660017.7155,0.06643,-0.842155,0.391165,2.222738,0.277651,-0.369689,0.638136,-0.840112,0.373887,2.256621,0.273575,-0.438430,0.648183,-0.840100,0.373900,2.256600,0.273600,-0.438400,0.648200,,,,,,,0
125,1787660017.7383,1787660017.7515,0.03707,-0.842155,0.391165,2.244214,0.279185,-0.391165,0.642738,-0.836671,0.380719,2.273159,0.263523,-0.455694,0.653898,-0.836700,0.380700,2.273200,0.263500,-0.455700,0.653900,,,,,,,0
126,1787660017.7898,1787660017.8046,0.05155,-0.842155,0.391165,2.262622,0.280718,-0.412641,0.642738,-0.849403,0.374948,2.274588,0.269409,-0.479313,0.664421,-0.849400,0.374900,2.274600,0.269400,-0.479300,0.664400,,,,,,,0
127,1787660017.8566,1787660017.8716,0.06679,-0.842155,0.391165,2.244214,0.263845,-0.434117,0.650408,-0.845547,0.381769,2.285831,0.264733,-0.486856,0.675196,-0.845500,0.381800,2.285800,0.264700,-0.486900,0.675200,,,,,,,1
128,1787660017.8952,1787660017.9096,0.03862,-0.840621,0.389631,2.265690,0.262311,-0.449456,0.656544,-0.845594,0.375846,2.278402,0.260750,-0.465352,0.703248,-0.845600,0.375800,2.278400,0.260700,-0.465400,0.703200,,,,,,,1
129,1787660017.9521,1787660017.9665,0.05688,-0.840621,0.391165,2.290233,0.274583,-0.470932,0.670350,-0.836541,0.384940,2.279265,0.255924,-0.486030,0.720368,-0.836500,0.384900,2.279300,0.255900,-0.486000,0.720400,,,,,,,0
130,1787660017.9897,1787660018.0034,0.03764,-0.840621,0.391165,2.274894,0.256175,-0.477068,0.685689,-0.845926,0.394234,2.271736,0.250221,-0.512325,0.711467,-0.845900,0.394200,2.271700,0.250200,-0.512300,0.711500,,,,,,,0
131,1787660018.041,1787660018.0555,0.0512,-0.840621,0.389631,2.273360,0.256175,-0.475534,0.701029,-0.835011,0.399837,2.275156,0.235733,-0.503077,0.722059,-0.835000,0.399800,2.275200,0.235700,-0.503100,0.722100,,,,,,,1
132,1787660018.1076,1787660018.1225,0.0666,-0.840621,0.400369,2.293301,0.260777,-0.467864,0.713301,-0.843822,0.402877,2.270902,0.245445,-0.479774,0.718399,-0.843800,0.402900,2.270900,0.245400,-0.479800,0.718400,,,,,,,1
133,1787660018.1442,1787660018.1575,0.03668,-0.840621,0.403437,2.273360,0.243903,-0.478602,0.716369,-0.840558,0.414196,2.280300,0.248988,-0.480204,0.729003,-0.840600,0.414200,2.280300,0.249000,-0.480200,0.729000,,,,,,,0
134,1787660018.1959,1787660018.2106,0.05169,-0.839087,0.406505,2.270292,0.239301,-0.495476,0.716369,-0.838261,0.411084,2.291307,0.248818,-0.480354,0.737562,-0.838300,0.411100,2.291300,0.248800,-0.480400,0.737600,,,,,,,0
135,1787660018.2627,1787660018.2775,0.06673,-0.839087,0.418777,2.285631,0.250039,-0.489340,0.724039,-0.841770,0.416583,2.278871,0.238141,-0.478504,0.752144,-0.841800,0.416600,2.278900,0.238100,-0.478500,0.752100,,,,,,,0
136,1787660018.3014,1787660018.3155,0.03873,-0.839087,0.423379,2.274894,0.239301,-0.481670,0.731709,-0.847781,0.427601,2.272526,0.238953,-0.476378,0.770051,-0.847800,0.427600,2.272500,0.239000,-0.476400,0.770100,,,,,,,0
137,1787660018.3591,1787660018.3725,0.05773,-0.839087,0.423379,2.291767,0.240835,-0.481670,0.743981,-0.851226,0.443457,2.263872,0.223098,-0.464895,0.773618,-0.851200,0.443500,2.263900,0.223100,-0.464900,0.773600,,,,,,,0
138,1787660018.4256,1787660018.4407,0.06646,-0.839087,0.434117,2.288699,0.243903,-0.477068,0.766990,-0.853608,0.461063,2.263557,0.215211,-0.470315,0.765010,-0.853600,0.461100,2.263600,0.215200,-0.470300,0.765000,,,,,,,0
139,1787660018.4646,1787660018.4796,0.03898,-0.840621,0.438719,2.264156,0.234699,-0.477068,0.766990,-0.845187,0.466694,2.251187,0.214526,-0.463026,0.756411,-0.845200,0.466700,2.251200,0.214500,-0.463000,0.756400,,,,,,,0
140,1787660018.5222,1787660018.5354,0.05762,-0.843689,0.452524,2.279495,0.222427,-0.466330,0.766990,-0.845034,0.468211,2.247799,0.217059,-0.465386,0.761420,-0.845000,0.468200,2.247800,0.217100,-0.465400,0.761400,,,,,,,0
141,1787660018.5774,1787660018.5923,0.05526,-0.843689,0.474000,2.273360,0.220893,-0.466330,0.759320,-0.849261,0.471207,2.244456,0.214104,-0.460263,0.754689,-0.849300,0.471200,2.244500,0.214100,-0.460300,0.754700,,,,,,,0
142,1787660018.6169,1787660018.6306,0.03949,-0.843689,0.478602,2.254952,0.210155,-0.464796,0.759320,-0.859718,0.481355,2.245383,0.209432,-0.469057,0.752020,-0.859700,0.481400,2.245400,0.209400,-0.469100,0.752000,,,,,,,0
143,1787660018.6733,1787660018.6866,0.05643,-0.843689,0.477068,2.250350,0.211689,-0.464796,0.757787,-0.863891,0.488552,2.254749,0.205281,-0.467951,0.752615,-0.863900,0.488600,2.254700,0.205300,-0.468000,0.752600,,,,,,,0
144,1787660018.7122,1787660018.7253,0.03888,-0.843689,0.480136,2.256486,0.219359,-0.461728,0.757787,-0.861892,0.495561,2.251424,0.204666,-0.466000,0.747713,-0.861900,0.495600,2.251400,0.204700,-0.466000,0.747700,,,,,,,0
145,1787660018.7711,1787660018.7856,0.0589,-0.849825,0.490874,2.254952,0.202485,-0.461728,0.757787,-0.861932,0.497800,2.251966,0.205199,-0.469378,0.747488,-0.861900,0.497800,2.252000,0.205200,-0.469400,0.747500,,,,,,,0
146,1787660018.8376,1787660018.8525,0.06649,-0.854427,0.501612,2.254952,0.202485,-0.461728,0.754719,-0.852786,0.499063,2.250182,0.206737,-0.450535,0.746195,-0.852800,0.499100,2.250200,0.206700,-0.450500,0.746200,,,,,,,0
147,1787660018.8765,1787660018.8905,0.03887,-0.854427,0.504680,2.258020,0.211689,-0.461728,0.748583,-0.853447,0.514642,2.255283,0.195180,-0.477686,0.751830,-0.853400,0.514600,2.255300,0.195200,-0.477700,0.751800,,,,,,,1
148,1787660018.9341,1787660018.9485,0.05762,-0.854427,0.507748,2.254952,0.202485,-0.464796,0.750117,-0.852240,0.513319,2.256866,0.189594,-0.468973,0.756034,-0.852200,0.513300,2.256900,0.189600,-0.469000,0.756000,,,,,,,1
149,1787660019.0005,1787660019.0136,0.0664,-0.854427,0.515418,2.256486,0.208621,-0.455592,0.750117,-0.851816,0.512960,2.252376,0.188630,-0.481967,0.761707,-0.851800,0.513000,2.252400,0.188600,-0.482000,0.761700,,,,,,,0
150,1787660019.0394,1787660019.0535,0.03888,-0.854427,0.521553,2.258020,0.196350,-0.455592,0.751651,-0.866485,0.518464,2.242071,0.184709,-0.478100,0.760141,-0.866500,0.518500,2.242100,0.184700,-0.478100,0.760100,,,,,,,1
151,1787660019.096,1787660019.1115,0.05665,-0.854427,0.524621,2.256486,0.185612,-0.466330,0.757787,-0.871228,0.514881,2.238626,0.184920,-0.486041,0.760282,-0.871200,0.514900,2.238600,0.184900,-0.486000,0.760300,,,,,,,1
152,1787660019.1518,1787660019.1656,0.05575,-0.854427,0.524621,2.256486,0.188680,-0.474000,0.757787,-0.873525,0.518247,2.233490,0.183051,-0.494225,0.765238,-0.873500,0.518200,2.233500,0.183100,-0.494200,0.765200,,,,,,,0
153,1787660019.191,1787660019.2057,0.03922,-0.857495,0.524621,2.251884,0.187146,-0.474000,0.757787,-0.874380,0.516510,2.234042,0.180145,-0.476405,0.765089,-0.874400,0.516500,2.234000,0.180100,-0.476400,0.765100,,,,,,,0
154,1787660019.2474,1787660019.2627,0.05645,-0.863631,0.524621,2.244214,0.185612,-0.483204,0.757787,-0.880352,0.528236,2.238096,0.178433,-0.476474,0.761316,-0.880400,0.528200,2.238100,0.178400,-0.476500,0.761300,,,,,,,0
155,1787660019.2866,1787660019.3004,0.0392,-0.866699,0.524621,2.241146,0.185612,-0.486272,0.762388,-0.880465,0.529081,2.244045,0.182250,-0.479850,0.759940,-0.880500,0.529100,2.244000,0.182200,-0.479800,0.759900,,,,,,,0
156,1787660019.3463,1787660019.3607,0.05963,-0.866699,0.526155,2.239612,0.182544,-0.481670,0.759320,-0.885203,0.532570,2.244439,0.176243,-0.476657,0.758195,-0.885200,0.532600,2.244400,0.176200,-0.476700,0.758200,,,,,,,0
157,1787660019.4128,1787660019.4276,0.06654,-0.872835,0.536893,2.239612,0.179476,-0.478602,0.759320,-0.885256,0.539076,2.243042,0.182270,-0.481688,0.757801,-0.885300,0.539100,2.243000,0.182300,-0.481700,0.757800,,,,,,,0
158,1787660019.4519,1787660019.4665,0.03903,-0.872835,0.538427,2.239612,0.179476,-0.478602,0.759320,-0.879466,0.540893,2.245057,0.179238,-0.478383,0.747698,-0.879500,0.540900,2.245100,0.179200,-0.478400,0.747700,,,,,,,0
159,1787660019.5088,1787660019.5233,0.05699,-0.875903,0.539961,2.242680,0.181010,-0.478602,0.759320,-0.892253,0.540004,2.245034,0.178119,-0.481089,0.747369,-0.892300,0.540000,2.245000,0.178100,-0.481100,0.747400,,,,,,,0
160,1787660019.5643,1787660019.5796,0.05543,-0.878971,0.549165,2.239612,0.179476,-0.475534,0.747049,-0.892568,0.542610,2.246148,0.177875,-0.476062,0.749309,-0.892600,0.542600,2.246100,0.177900,-0.476100,0.749300,,,,,,,0
161,1787660019.6035,1787660019.6176,0.03928,-0.878971,0.549165,2.244214,0.173340,-0.475534,0.750117,-0.894941,0.540497,2.246835,0.182553,-0.484705,0.753677,-0.894900,0.540500,2.246800,0.182600,-0.484700,0.753700,,,,,,,0
162,1787660019.6606,1787660019.6756,0.05706,-0.882039,0.549165,2.244214,0.181010,-0.475534,0.750117,-0.897671,0.550958,2.240434,0.178416,-0.464117,0.750231,-0.897700,0.551000,2.240400,0.178400,-0.464100,0.750200,,,,,,,0
163,1787660019.6993,1787660019.7125,0.03873,-0.883573,0.549165,2.244214,0.181010,-0.475534,0.750117,-0.912001,0.556471,2.239678,0.172586,-0.477834,0.744573,-0.912000,0.556500,2.239700,0.172600,-0.477800,0.744600,,,,,,,0
164,1787660019.7585,1787660019.7735,0.05915,-0.886641,0.549165,2.244214,0.181010,-0.477068,0.750117,-0.912575,0.552615,2.234726,0.178769,-0.475116,0.748265,-0.912600,0.552600,2.234700,0.178800,-0.475100,0.748300,,,,,,,0
165,1787660019.8248,1787660019.8395,0.06627,-0.894311,0.559903,2.244214,0.177942,-0.470932,0.750117,-0.910667,0.554622,2.236349,0.176343,-0.474423,0.748263,-0.910700,0.554600,2.236300,0.176300,-0.474400,0.748300,,,,,,,0
166,1787660019.8615,1787660019.8755,0.03671,-0.900447,0.561437,2.244214,0.177942,-0.469398,0.750117,-0.922330,0.564847,2.225797,0.171626,-0.480836,0.749980,-0.922300,0.564800,2.225800,0.171600,-0.480800,0.750000,,,,,,,1
167,1787660019.9131,1787660019.9275,0.05166,-0.903515,0.561437,2.241146,0.179476,-0.469398,0.750117,-0.918060,0.568814,2.229190,0.169177,-0.486144,0.741051,-0.918100,0.568800,2.229200,0.169200,-0.486100,0.741100,,,,,,,1
168,1787660019.9799,1787660019.9945,0.06676,-0.906583,0.566039,2.236544,0.179476,-0.474000,0.750117,-0.920515,0.562426,2.228485,0.172397,-0.480827,0.738348,-0.920500,0.562400,2.228500,0.172400,-0.480800,0.738300,,,,,,,0
169,1787660020.0165,1787660020.0315,0.03662,-0.908117,0.567573,2.235010,0.177942,-0.475534,0.750117,-0.919615,0.565095,2.223584,0.171056,-0.482889,0.707164,-0.919600,0.565100,2.223600,0.171100,-0.482900,0.707200,,,,,,,1
170,1787660020.0683,1787660020.0825,0.05175,-0.909651,0.570641,2.233476,0.177942,-0.480136,0.742447,-0.922377,0.566362,2.217648,0.170089,-0.484673,0.722508,-0.922400,0.566400,2.217600,0.170100,-0.484700,0.722500,,,,,,,1
171,1787660020.1348,1787660020.1496,0.06655,-0.909651,0.570641,2.231942,0.177942,-0.480136,0.704097,-0.922966,0.569501,2.216052,0.163227,-0.491330,0.699551,-0.923000,0.569500,2.216100,0.163200,-0.491300,0.699600,,,,,,,0
172,1787660020.1737,1787660020.1886,0.03887,-0.909651,0.570641,2.230408,0.177942,-0.480136,0.716369,-0.923559,0.571665,2.221435,0.171370,-0.494197,0.650903,-0.923600,0.571700,2.221400,0.171400,-0.494200,0.650900,,,,,,,0
173,1787660020.2307,1787660020.2456,0.05701,-0.909651,0.570641,2.228874,0.176408,-0.480136,0.713301,-0.928247,0.571297,2.219969,0.169529,-0.492411,0.623895,-0.928200,0.571300,2.220000,0.169500,-0.492400,0.623900,,,,,,,0
174,1787660020.2681,1787660020.2826,0.03742,-0.911185,0.572175,2.228874,0.171806,-0.484738,0.687223,-0.927087,0.569887,2.216320,0.166764,-0.493839,0.589548,-0.927100,0.569900,2.216300,0.166800,-0.493800,0.589500,,,,,,,0
175,1787660020.3193,1787660020.3326,0.05119,-0.912719,0.573709,2.228874,0.171806,-0.489340,0.650408,-0.931477,0.567183,2.209959,0.161166,-0.493858,0.589197,-0.931500,0.567200,2.210000,0.161200,-0.493900,0.589200,,,,,,,0
176,1787660020.3859,1787660020.4003,0.06655,-0.915787,0.573709,2.227340,0.171806,-0.489340,0.584447,-0.931176,0.566789,2.208767,0.171057,-0.499388,0.524618,-0.931200,0.566800,2.208800,0.171100,-0.499400,0.524600,,,,,,,0
177,1787660020.4247,1787660020.4395,0.03883,-0.915787,0.573709,2.224272,0.171806,-0.489340,0.585981,-0.932445,0.566128,2.220087,0.161280,-0.489530,0.523975,-0.932400,0.566100,2.220100,0.161300,-0.489500,0.524000,,,,,,,0
178,1787660020.4818,1787660020.4964,0.05713,-0.917321,0.573709,2.218136,0.171806,-0.490874,0.578311,-0.927827,0.566670,2.204638,0.166094,-0.492416,0.480661,-0.927800,0.566700,2.204600,0.166100,-0.492400,0.480700,,,,,,,0
179,1787660020.549,1787660020.5636,0.06717,-0.921922,0.573709,2.218136,0.171806,-0.490874,0.521553,-0.929980,0.567902,2.212146,0.167621,-0.499025,0.371537,-0.930000,0.567900,2.212100,0.167600,-0.499000,0.371500,,,,,,,0
180,1787660020.5876,1787660020.6024,0.03864,-0.921922,0.573709,2.218136,0.168738,-0.490874,0.518486,-0.928381,0.570855,2.204236,0.169089,-0.499594,0.239328,-0.928400,0.570900,2.204200,0.169100,-0.499600,0.239300,,,,,,,0
181,1787660020.6455,1787660020.6605,0.05789,-0.921922,0.573709,2.213534,0.168738,-0.490874,0.467864,-0.931003,0.567765,2.199120,0.165246,-0.492269,0.199434,-0.931000,0.567800,2.199100,0.165200,-0.492300,0.199400,,,,,,,0
182,1787660020.712,1787660020.7255,0.06651,-0.921922,0.573709,2.212000,0.168738,-0.495476,0.263845,-0.934694,0.580063,2.208718,0.165640,-0.501307,0.104915,-0.934700,0.580100,2.208700,0.165600,-0.501300,0.104900,,,,,,,0
183,1787660020.751,1787660020.7655,0.03898,-0.921922,0.573709,2.210466,0.168738,-0.495476,0.213223,-0.933942,0.578269,2.202285,0.171193,-0.487688,0.120196,-0.933900,0.578300,2.202300,0.171200,-0.487700,0.120200,,,,,,,0
184,1787660020.8077,1787660020.8224,0.05669,-0.921922,0.573709,2.208932,0.168738,-0.495476,0.184078,-0.931908,0.573814,2.199143,0.169680,-0.492978,0.008640,-0.931900,0.573800,2.199100,0.169700,-0.493000,0.008600,,,,,,,0
185,1787660020.863,1787660020.8776,0.05537,-0.926524,0.578311,2.201262,0.167204,-0.495476,0.115049,-0.929720,0.570183,2.205192,0.173440,-0.492833,-0.028933,-0.929700,0.570200,2.205200,0.173400,-0.492800,-0.028900,,,,,,,1
186,1787660020.9024,1787660020.9177,0.03935,-0.929592,0.578311,2.202796,0.167204,-0.493942,0.108913,-0.937496,0.574133,2.212234,0.164275,-0.499991,-0.014040,-0.937500,0.574100,2.212200,0.164300,-0.500000,-0.014000,,,,,,,1
187,1787660020.9593,1787660020.9725,0.05692,-0.929592,0.579845,2.190525,0.167204,-0.492408,-0.018408,-0.940039,0.575462,2.211387,0.170580,-0.494705,-0.030223,-0.940000,0.575500,2.211400,0.170600,-0.494700,-0.030200,,,,,,,0
188,1787660020.998,1787660021.0126,0.03873,-0.929592,0.579845,2.199728,0.159534,-0.489340,-0.027612,-0.932093,0.551296,2.211013,0.173672,-0.518964,-0.032043,-0.932100,0.551300,2.211000,0.173700,-0.519000,-0.032000,,,,,,,1
189,1787660021.0545,1787660021.0684,0.0565,-0.931126,0.579845,2.204330,0.158000,-0.492408,-0.018408,-0.943814,0.532016,2.223284,0.169501,-0.499369,-0.035949,-0.943800,0.532000,2.223300,0.169500,-0.499400,-0.035900,,,,,,,1
190,1787660021.1241,1787660021.1386,0.06953,-0.934194,0.578311,2.204330,0.165670,-0.497010,-0.027612,-0.935643,0.514616,2.229974,0.182692,-0.526512,-0.036783,-0.935600,0.514600,2.230000,0.182700,-0.526500,-0.036800,,,,,,,0
191,1787660021.1607,1787660021.1757,0.03663,-0.934194,0.573709,2.204330,0.165670,-0.507748,-0.030680,-0.931543,0.457666,2.240596,0.172618,-0.545008,-0.034774,-0.931500,0.457700,2.240600,0.172600,-0.545000,-0.034800,,,,,,,0
192,1787660021.2126,1787660021.2276,0.05187,-0.934194,0.562971,2.213534,0.165670,-0.509282,-0.032214,-0.924345,0.425086,2.244555,0.169604,-0.556126,-0.030962,-0.924300,0.425100,2.244600,0.169600,-0.556100,-0.031000,,,,,,,0
193,1787660021.2793,1787660021.2935,0.06669,-0.934194,0.546097,2.242680,0.177942,-0.506214,-0.032214,-0.916681,0.390706,2.249433,0.171153,-0.572008,-0.037651,-0.916700,0.390700,2.249400,0.171200,-0.572000,-0.037700,,,,,,,0
194,1787660021.3183,1787660021.3315,0.03903,-0.934194,0.527689,2.245748,0.177942,-0.515418,-0.033748,-0.908229,0.382970,2.256152,0.178169,-0.579820,-0.034292,-0.908200,0.383000,2.256200,0.178200,-0.579800,-0.034300,,,,,,,0
195,1787660021.3752,1787660021.3885,0.05692,-0.931126,0.475534,2.236544,0.164136,-0.546097,-0.033748,-0.887177,0.327072,2.274208,0.171747,-0.586582,-0.033687,-0.887200,0.327100,2.274200,0.171700,-0.586600,-0.033700,,,,,,,0
196,1787660021.4127,1787660021.4275,0.03751,-0.923456,0.444854,2.242680,0.165670,-0.561437,-0.033748,-0.862506,0.249887,2.280757,0.172296,-0.580770,-0.034746,-0.862500,0.249900,2.280800,0.172300,-0.580800,-0.034700,,,,,,,0
197,1787660021.4636,1787660021.4786,0.05089,-0.912719,0.423379,2.264156,0.182544,-0.573709,-0.038350,-0.811780,0.201054,2.292095,0.172913,-0.566460,-0.032298,-0.811800,0.201100,2.292100,0.172900,-0.566500,-0.032300,,,,,,,0
198,1787660021.5302,1787660021.5435,0.06663,-0.897379,0.398835,2.265690,0.165670,-0.578311,-0.033748,-0.778939,0.173220,2.279318,0.165968,-0.539320,-0.031731,-0.778900,0.173200,2.279300,0.166000,-0.539300,-0.031700,,,,,,,0
199,1787660021.5671,1787660021.5816,0.03686,-0.883573,0.369689,2.276427,0.168738,-0.578311,-0.033748,-0.744983,0.139938,2.274744,0.163771,-0.524367,-0.033277,-0.745000,0.139900,2.274700,0.163800,-0.524400,-0.033300,,,,,,,0
200,1787660021.6187,1787660021.6335,0.05162,-0.843689,0.308330,2.297903,0.181010,-0.570641,-0.038350,-0.703498,0.118597,2.271804,0.157915,-0.501748,-0.028738,-0.703500,0.118600,2.271800,0.157900,-0.501700,-0.028700,,,,,,,0
201,1787660021.6853,1787660021.6986,0.06657,-0.797670,0.237767,2.282563,0.161068,-0.546097,-0.033748,-0.646089,0.089039,2.281553,0.158628,-0.465264,-0.027907,-0.646100,0.089000,2.281600,0.158600,-0.465300,-0.027900,,,,,,,0
202,1787660021.7219,1787660021.7364,0.03658,-0.771592,0.205553,2.282563,0.168738,-0.530757,-0.033748,-0.535084,0.051138,2.274694,0.156053,-0.406122,-0.029660,-0.535100,0.051100,2.274700,0.156100,-0.406100,-0.029700,,,,,,,0
203,1787660021.7736,1787660021.7887,0.05177,-0.731709,0.167204,2.282563,0.162602,-0.509282,-0.035282,-0.479431,0.027133,2.281498,0.147319,-0.399896,-0.027327,-0.479400,0.027100,2.281500,0.147300,-0.399900,-0.027300,,,,,,,0
204,1787660021.8403,1787660021.8557,0.06668,-0.687223,0.127320,2.282563,0.159534,-0.477068,-0.035282,-0.413501,0.010661,2.274273,0.142432,-0.329568,-0.028019,-0.413500,0.010700,2.274300,0.142400,-0.329600,-0.028000,,,,,,,1
205,1787660021.9071,1787660021.9216,0.06674,-0.607456,0.079767,2.282563,0.151864,-0.427981,-0.035282,-0.346488,0.000723,2.244306,0.133709,-0.242632,-0.024303,-0.346500,0.000700,2.244300,0.133700,-0.242600,-0.024300,,,,,,,1
206,1787660021.9458,1787660021.9597,0.03876,-0.558369,0.061359,2.284097,0.150330,-0.409573,-0.035282,-0.268842,-0.021171,2.225234,0.140888,-0.122676,-0.029825,-0.268800,-0.021200,2.225200,0.140900,-0.122700,-0.029800,,,,,,,0
207,1787660022.0024,1787660022.0184,0.05658,-0.489340,0.041417,2.285631,0.144194,-0.366621,-0.029146,-0.185732,-0.037696,2.164695,0.136624,-0.025908,-0.026128,-0.185700,-0.037700,2.164700,0.136600,-0.025900,-0.026100,,,,,,,1
208,1787660022.0406,1787660022.0556,0.03816,-0.447922,0.032214,2.277961,0.139592,-0.328272,-0.029146,-0.128906,-0.046051,2.139879,0.137122,0.083201,-0.028361,-0.128900,-0.046100,2.139900,0.137100,0.083200,-0.028400,,,,,,,1
209,1787660022.0916,1787660022.1065,0.05102,-0.377359,0.013806,2.254952,0.139592,-0.259243,-0.029146,-0.093359,-0.034555,2.103003,0.136277,0.146407,-0.023820,-0.093400,-0.034600,2.103000,0.136300,0.146400,-0.023800,,,,,,,0
210,1787660022.1582,1787660022.1726,0.06661,-0.286854,-0.009204,2.219670,0.139592,-0.153398,-0.027612,-0.070151,-0.034573,2.087198,0.118169,0.244970,-0.021294,-0.070200,-0.034600,2.087200,0.118200,0.245000,-0.021300,,,,,,,0
211,1787660022.1948,1787660022.2095,0.03665,-0.240835,-0.013806,2.192059,0.139592,-0.092039,-0.027612,-0.039314,-0.030736,2.085226,0.130036,0.330995,-0.018653,-0.039300,-0.030700,2.085200,0.130000,0.331000,-0.018700,,,,,,,0
212,1787660022.2467,1787660022.2616,0.05188,-0.171806,-0.013806,2.147573,0.139592,-0.003068,-0.027612,-0.034170,-0.036611,2.080362,0.126413,0.339277,-0.015854,-0.034200,-0.036600,2.080400,0.126400,0.339300,-0.015900,,,,,,,0
213,1787660022.3134,1787660022.3285,0.06665,-0.104311,-0.013806,2.112292,0.139592,0.107379,-0.026078,-0.033877,-0.042973,2.094403,0.129438,0.315966,-0.021105,-0.033900,-0.043000,2.094400,0.129400,0.316000,-0.021100,,,,,,,0
214,1787660022.3501,1787660022.3633,0.03675,-0.076699,-0.013806,2.101554,0.134990,0.165670,-0.021476,-0.047980,-0.044252,2.153880,0.124953,0.207751,-0.018898,-0.048000,-0.044300,2.153900,0.125000,0.207800,-0.018900,,,,,,,0
215,1787660022.4016,1787660022.4166,0.05148,-0.046019,-0.013806,2.096952,0.130388,0.242369,-0.018408,-0.048899,-0.049663,2.183156,0.125003,0.166679,0.004416,-0.048900,-0.049700,2.183200,0.125000,0.166700,0.004400,,,,,,,0
216,1787660022.4576,1787660022.4726,0.05603,-0.039884,-0.013806,2.100020,0.130388,0.297592,-0.018408,-0.046507,-0.040096,2.193732,0.119422,0.154635,0.007733,-0.046500,-0.040100,2.193700,0.119400,0.154600,0.007700,,,,,,,0
217,1787660022.5253,1787660022.5383,0.06766,-0.041417,-0.019942,2.141437,0.128854,0.331340,0.003068,-0.046938,-0.040012,2.195490,0.117839,0.160750,-0.005661,-0.046900,-0.040000,2.195500,0.117800,0.160700,-0.005700,,,,,,,0
218,1787660022.5641,1787660022.5776,0.03886,-0.041417,-0.019942,2.170583,0.128854,0.334408,0.003068,-0.047713,-0.053560,2.216394,0.124828,0.138145,-0.000163,-0.047700,-0.053600,2.216400,0.124800,0.138100,-0.000200,,,,,,,0
219,1787660022.6203,1787660022.6336,0.05616,-0.041417,-0.019942,2.195127,0.127320,0.317534,0.003068,-0.048245,-0.067069,2.213813,0.120347,0.126820,-0.001895,-0.048200,-0.067100,2.213800,0.120300,0.126800,-0.001900,,,,,,,0
220,1787660022.6761,1787660022.6895,0.05576,-0.041417,-0.019942,2.201262,0.124252,0.271515,0.004602,-0.061226,-0.056680,2.231627,0.121966,0.075981,0.019008,-0.061200,-0.056700,2.231600,0.122000,0.076000,0.019000,,,,,,,0
221,1787660022.7153,1787660022.7295,0.03921,-0.041417,-0.023010,2.213534,0.124252,0.230097,0.004602,-0.057685,-0.062825,2.224250,0.112854,0.219431,-0.001925,-0.057700,-0.062800,2.224300,0.112900,0.219400,-0.001900,,,,,,,0
222,1787660022.7669,1787660022.7816,0.05163,-0.041417,-0.033748,2.221204,0.124252,0.177942,0.001534,-0.050223,-0.068578,2.234674,0.111054,0.317048,-0.009730,-0.050200,-0.068600,2.234700,0.111100,0.317000,-0.009700,,,,,,,0
223,1787660022.8332,1787660022.8467,0.06628,-0.046019,-0.036816,2.225806,0.121184,0.124252,0.007670,-0.056656,-0.067459,2.239836,0.107580,0.369780,-0.007022,-0.056700,-0.067500,2.239800,0.107600,0.369800,-0.007000,,,,,,,1
224,1787660022.8719,1787660022.8877,0.03876,-0.047553,-0.036816,2.230408,0.119651,0.107379,-0.004602,-0.053904,-0.060597,2.237499,0.097144,0.390307,-0.004466,-0.053900,-0.060600,2.237500,0.097100,0.390300,-0.004500,,,,,,,1
225,1787660022.9284,1787660022.9446,0.0565,-0.047553,-0.036816,2.238078,0.113515,0.099709,-0.006136,-0.063998,-0.061300,2.253753,0.091944,0.379132,-0.009035,-0.064000,-0.061300,2.253800,0.091900,0.379100,-0.009000,,,,,,,0
226,1787660022.9839,1787660022.9976,0.05549,-0.047553,-0.038350,2.244214,0.108913,0.121184,-0.006136,-0.081543,-0.055694,2.246856,0.092739,0.384480,0.020826,-0.081500,-0.055700,2.246900,0.092700,0.384500,0.020800,,,,,,,1
227,1787660023.0231,1787660023.0373,0.03913,-0.047553,-0.036816,2.242680,0.099709,0.150330,-0.006136,-0.072836,-0.054243,2.249458,0.095670,0.413244,0.015302,-0.072800,-0.054200,2.249500,0.095700,0.413200,0.015300,,,,,,,1
228,1787660023.0795,1787660023.0946,0.0564,-0.053689,-0.036816,2.254952,0.096641,0.220893,0.001534,-0.075509,-0.040395,2.236689,0.094668,0.474968,0.007061,-0.075500,-0.040400,2.236700,0.094700,0.475000,0.007100,,,,,,,0
229,1787660023.1183,1787660023.1336,0.03889,-0.061359,-0.036816,2.254952,0.096641,0.269981,0.016874,-0.070824,-0.029607,2.223154,0.088075,0.557557,0.002487,-0.070800,-0.029600,2.223200,0.088100,0.557600,0.002500,,,,,,,0
230,1787660023.1789,1787660023.1925,0.06051,-0.069029,-0.036816,2.254952,0.096641,0.346680,0.015340,-0.073331,-0.022289,2.251053,0.096393,0.571908,0.008870,-0.073300,-0.022300,2.251100,0.096400,0.571900,0.008900,,,,,,,0
231,1787660023.2453,1787660023.2606,0.06642,-0.069029,-0.026078,2.244214,0.095107,0.431049,0.007670,-0.082894,-0.024101,2.256272,0.107251,0.639342,-0.000651,-0.082900,-0.024100,2.256300,0.107300,0.639300,-0.000700,,,,,,,0
232,1787660023.2853,1787660023.3006,0.04,-0.069029,-0.023010,2.239612,0.095107,0.475534,0.007670,-0.079058,-0.012513,2.266777,0.133486,0.666023,-0.000533,-0.079100,-0.012500,2.266800,0.133500,0.666000,-0.000500,,,,,,,0
233,1787660023.342,1787660023.3566,0.05675,-0.069029,-0.016874,2.248816,0.096641,0.536893,0.007670,-0.094736,-0.015856,2.260426,0.173717,0.680188,0.019230,-0.094700,-0.015900,2.260400,0.173700,0.680200,0.019200,,,,,,,0
234,1787660023.4086,1787660023.4236,0.06654,-0.070563,-0.010738,2.267224,0.115049,0.604388,0.007670,-0.106040,0.016137,2.257289,0.174101,0.649602,0.012319,-0.106000,0.016100,2.257300,0.174100,0.649600,0.012300,,,,,,,0
235,1787660023.4471,1787660023.4617,0.03854,-0.072097,-0.004602,2.271826,0.128854,0.635068,0.012272,-0.129253,0.043113,2.252840,0.200396,0.581246,0.071479,-0.129300,0.043100,2.252800,0.200400,0.581200,0.071500,,,,,,,0
236,1787660023.5038,1787660023.5187,0.05667,-0.082835,-0.004602,2.268758,0.154932,0.668816,0.016874,-0.123424,0.064424,2.261452,0.175354,0.630311,0.024045,-0.123400,0.064400,2.261500,0.175400,0.630300,0.024000,,,,,,,0
237,1787660023.5431,1787660023.5577,0.03927,-0.092039,0.000000,2.268758,0.167204,0.676486,0.018408,-0.144455,0.069861,2.243697,0.194004,0.600406,0.090915,-0.144500,0.069900,2.243700,0.194000,0.600400,0.090900,,,,,,,0
238,1787660023.5994,1787660023.6127,0.05634,-0.115049,0.038350,2.267224,0.191748,0.668816,0.059825,-0.145034,0.069626,2.246496,0.191205,0.628318,0.066497,-0.145000,0.069600,2.246500,0.191200,0.628300,0.066500,,,,,,,0
239,1787660023.6675,1787660023.6815,0.06808,-0.122718,0.070563,2.268758,0.194816,0.628932,0.058291,-0.171506,0.071062,2.240190,0.204212,0.588808,0.130488,-0.171500,0.071100,2.240200,0.204200,0.588800,0.130500,,,,,,,0
240,1787660023.7063,1787660023.7197,0.03882,-0.130388,0.075165,2.262622,0.194816,0.613592,0.092039,-0.175080,0.082107,2.252909,0.190834,0.616950,0.106060,-0.175100,0.082100,2.252900,0.190800,0.617000,0.106100,,,,,,,0
241,1787660023.7638,1787660023.7777,0.05752,-0.139592,0.076699,2.259554,0.194816,0.607456,0.081301,-0.191923,0.084077,2.266658,0.201040,0.604025,0.147451,-0.191900,0.084100,2.266700,0.201000,0.604000,0.147500,,,,,,,0
242,1787660023.8305,1787660023.8457,0.06667,-0.156466,0.082835,2.256486,0.197884,0.602854,0.124252,-0.202344,0.083527,2.278553,0.198322,0.609835,0.202345,-0.202300,0.083500,2.278600,0.198300,0.609800,0.202300,,,,,,,1
243,1787660023.8698,1787660023.8835,0.03932,-0.165670,0.088971,2.258020,0.196350,0.605922,0.115049,-0.219666,0.099828,2.268238,0.219079,0.576577,0.319548,-0.219700,0.099800,2.268200,0.219100,0.576600,0.319500,,,,,,,1
244,1787660023.9271,1787660023.9415,0.05733,-0.181010,0.092039,2.271826,0.196350,0.612058,0.159534,-0.231841,0.096299,2.277348,0.200903,0.576567,0.367403,-0.231800,0.096300,2.277300,0.200900,0.576600,0.367400,,,,,,,0
245,1787660023.9934,1787660024.0076,0.06633,-0.200951,0.093573,2.277961,0.200951,0.610524,0.311398,-0.286694,0.108072,2.258806,0.219288,0.562553,0.411105,-0.286700,0.108100,2.258800,0.219300,0.562600,0.411100,,,,,,,1
246,1787660024.0322,1787660024.0455,0.03877,-0.210155,0.104311,2.276427,0.211689,0.593651,0.331340,-0.281164,0.120850,2.268025,0.228587,0.610805,0.433717,-0.281200,0.120900,2.268000,0.228600,0.610800,0.433700,,,,,,,1
247,1787660024.0903,1787660024.1033,0.05807,-0.222427,0.107379,2.281029,0.213223,0.581379,0.386563,-0.290469,0.130634,2.253205,0.242097,0.600490,0.435019,-0.290500,0.130600,2.253200,0.242100,0.600500,0.435000,,,,,,,0
248,1787660024.1565,1787660024.1714,0.06625,-0.245437,0.121184,2.273360,0.214757,0.570641,0.432583,-0.327372,0.128343,2.239593,0.244431,0.598104,0.439574,-0.327400,0.128300,2.239600,0.244400,0.598100,0.439600,,,,,,,0
249,1787660024.1951,1787660024.2095,0.03859,-0.263845,0.130388,2.273360,0.225495,0.572175,0.435651,-0.311754,0.139462,2.251183,0.262932,0.631686,0.483534,-0.311800,0.139500,2.251200,0.262900,0.631700,0.483500,,,,,,,0
250,1787660024.2531,1787660024.2674,0.058,-0.283786,0.136524,2.271826,0.237767,0.595185,0.437185,-0.322969,0.139429,2.232881,0.274431,0.681008,0.477236,-0.323000,0.139400,2.232900,0.274400,0.681000,0.477200,,,,,,,0
251,1787660024.3082,1787660024.3215,0.05503,-0.296058,0.139592,2.253418,0.240835,0.599786,0.478602,-0.316258,0.144149,2.227836,0.283846,0.757171,0.483885,-0.316300,0.144100,2.227800,0.283800,0.757200,0.483900,,,,,,,0
252,1787660024.3468,1787660024.3615,0.03863,-0.302194,0.148796,2.251884,0.251573,0.618194,0.480136,-0.290597,0.155900,2.234049,0.287998,0.848873,0.497963,-0.290600,0.155900,2.234000,0.288000,0.848900,0.498000,,,,,,,0
253,1787660024.403,1787660024.4175,0.05624,-0.312932,0.148796,2.258020,0.271515,0.659612,0.484738,-0.304474,0.165475,2.225382,0.287098,0.854518,0.487157,-0.304500,0.165500,2.225400,0.287100,0.854500,0.487200,,,,,,,0
254,1787660024.442,1787660024.4567,0.03898,-0.314466,0.148796,2.244214,0.276117,0.690291,0.484738,-0.302846,0.171121,2.210999,0.286159,0.851012,0.492252,-0.302800,0.171100,2.211000,0.286200,0.851000,0.492300,,,,,,,0
255,1787660024.502,1787660024.5167,0.05999,-0.300660,0.164136,2.239612,0.288388,0.759320,0.492408,-0.317229,0.180662,2.214094,0.293148,0.833086,0.497615,-0.317200,0.180700,2.214100,0.293100,0.833100,0.497600,,,,,,,0
256,1787660024.5576,1787660024.5714,0.05555,-0.294524,0.177942,2.238078,0.289922,0.814544,0.495476,-0.321172,0.188052,2.225246,0.290223,0.818456,0.515459,-0.321200,0.188100,2.225200,0.290200,0.818500,0.515500,,,,,,,0
257,1787660024.5961,1787660024.6096,0.03851,-0.296058,0.181010,2.227340,0.289922,0.836020,0.495476,-0.344301,0.199333,2.224651,0.295131,0.827791,0.516754,-0.344300,0.199300,2.224700,0.295100,0.827800,0.516800,,,,,,,0
258,1787660024.653,1787660024.6667,0.0569,-0.308330,0.188680,2.222738,0.288388,0.851359,0.506214,-0.364637,0.210007,2.228067,0.295966,0.821751,0.514181,-0.364600,0.210000,2.228100,0.296000,0.821800,0.514200,,,,,,,0
259,1787660024.6925,1787660024.7054,0.03951,-0.312932,0.196350,2.225806,0.288388,0.846757,0.513884,-0.387918,0.215210,2.230039,0.296363,0.798630,0.522848,-0.387900,0.215200,2.230000,0.296400,0.798600,0.522800,,,,,,,0
260,1787660024.7492,1787660024.7636,0.05673,-0.329806,0.208621,2.227340,0.289922,0.831418,0.513884,-0.420899,0.229165,2.244329,0.297983,0.736756,0.511843,-0.420900,0.229200,2.244300,0.298000,0.736800,0.511800,,,,,,,0
261,1787660024.8176,1787660024.8326,0.0684,-0.360485,0.222427,2.230408,0.289922,0.817612,0.516952,-0.423175,0.248511,2.236543,0.292965,0.742858,0.515107,-0.423200,0.248500,2.236500,0.293000,0.742900,0.515100,,,,,,,1
262,1787660024.8563,1787660024.8714,0.03866,-0.375825,0.223961,2.233476,0.289922,0.805340,0.516952,-0.439325,0.253897,2.225558,0.291595,0.710218,0.519601,-0.439300,0.253900,2.225600,0.291600,0.710200,0.519600,,,,,,,1
263,1787660024.9126,1787660024.9266,0.05632,-0.400369,0.236233,2.241146,0.289922,0.776194,0.515418,-0.453418,0.253382,2.228442,0.291904,0.715456,0.523132,-0.453400,0.253400,2.228400,0.291900,0.715500,0.523100,,,,,,,0
264,1787660024.951,1787660024.9655,0.03838,-0.411107,0.248505,2.244214,0.292990,0.757787,0.515418,-0.453749,0.279176,2.223614,0.286612,0.705766,0.520359,-0.453700,0.279200,2.223600,0.286600,0.705800,0.520400,,,,,,,1
265,1787660025.002,1787660025.0155,0.05102,-0.427981,0.263845,2.236544,0.291456,0.730175,0.515418,-0.486037,0.278806,2.227109,0.286238,0.689077,0.523213,-0.486000,0.278800,2.227100,0.286200,0.689100,0.523200,,,,,,,1
266,1787660025.0686,1787660025.0835,0.06663,-0.441786,0.266913,2.238078,0.291456,0.711767,0.515418,-0.487852,0.280261,2.226840,0.286124,0.670204,0.526051,-0.487900,0.280300,2.226800,0.286100,0.670200,0.526100,,,,,,,0
267,1787660025.108,1787660025.1225,0.03937,-0.446388,0.280718,2.236544,0.289922,0.710233,0.515418,-0.494676,0.293498,2.219232,0.265617,0.634611,0.520222,-0.494700,0.293500,2.219200,0.265600,0.634600,0.520200,,,,,,,0
268,1787660025.165,1787660025.1794,0.05703,-0.463262,0.291456,2.238078,0.291456,0.693359,0.521553,-0.498909,0.292171,2.219700,0.257802,0.639118,0.524212,-0.498900,0.292200,2.219700,0.257800,0.639100,0.524200,,,,,,,0
269,1787660025.2317,1787660025.2464,0.06665,-0.486272,0.291456,2.231942,0.280718,0.664214,0.523087,-0.511440,0.287489,2.218394,0.264445,0.633724,0.531523,-0.511400,0.287500,2.218400,0.264400,0.633700,0.531500,,,,,,,0
270,1787660025.2706,1787660025.2855,0.03894,-0.489340,0.299126,2.230408,0.262311,0.647340,0.523087,-0.524633,0.284241,2.213568,0.265649,0.574443,0.540372,-0.524600,0.284200,2.213600,0.265600,0.574400,0.540400,,,,,,,0
271,1787660025.3283,1787660025.3417,0.05768,-0.490874,0.302194,2.231942,0.266913,0.641204,0.523087,-0.530052,0.276233,2.218670,0.259122,0.518133,0.550919,-0.530100,0.276200,2.218700,0.259100,0.518100,0.550900,,,,,,,0
272,1787660025.3948,1787660025.4096,0.06653,-0.507748,0.299126,2.225806,0.265379,0.627398,0.536893,-0.543691,0.278495,2.212546,0.266335,0.480274,0.569280,-0.543700,0.278500,2.212500,0.266300,0.480300,0.569300,,,,,,,0
273,1787660025.4315,1787660025.4464,0.03673,-0.513884,0.300660,2.222738,0.265379,0.607456,0.544563,-0.586181,0.281204,2.238456,0.239645,0.380469,0.614118,-0.586200,0.281200,2.238500,0.239600,0.380500,0.614100,,,,,,,0
274,1787660025.4834,1787660025.4967,0.05186,-0.521553,0.300660,2.222738,0.265379,0.566039,0.547631,-0.557119,0.294331,2.220001,0.240675,0.442883,0.605760,-0.557100,0.294300,2.220000,0.240700,0.442900,0.605800,,,,,,,0
275,1787660025.5498,1787660025.5636,0.06642,-0.533825,0.299126,2.221204,0.265379,0.500078,0.613592,-0.567660,0.303705,2.220259,0.246672,0.380330,0.622129,-0.567700,0.303700,2.220300,0.246700,0.380300,0.622100,,,,,,,0
276,1787660025.5872,1787660025.6005,0.03734,-0.552233,0.300660,2.228874,0.253107,0.461728,0.613592,-0.608577,0.312817,2.227789,0.236875,0.358706,0.608129,-0.608600,0.312800,2.227800,0.236900,0.358700,0.608100,,,,,,,0
277,1787660025.6382,1787660025.6526,0.05104,-0.578311,0.300660,2.235010,0.245437,0.417243,0.608990,-0.618426,0.327837,2.221823,0.237236,0.322348,0.607864,-0.618400,0.327800,2.221800,0.237200,0.322300,0.607900,,,,,,,0
278,1787660025.7048,1787660025.7195,0.06663,-0.578311,0.316000,2.230408,0.243903,0.378893,0.608990,-0.620693,0.338884,2.213583,0.221842,0.311445,0.619401,-0.620700,0.338900,2.213600,0.221800,0.311400,0.619400,,,,,,,0
279,1787660025.7414,1787660025.7566,0.0366,-0.578311,0.323670,2.230408,0.239301,0.365087,0.607456,-0.619322,0.345418,2.217888,0.204310,0.277353,0.630597,-0.619300,0.345400,2.217900,0.204300,0.277400,0.630600,,,,,,,0
280,1787660025.7935,1787660025.8075,0.05205,-0.601320,0.334408,2.230408,0.239301,0.343612,0.608990,-0.631350,0.356809,2.213856,0.204389,0.217624,0.636016,-0.631300,0.356800,2.213900,0.204400,0.217600,0.636000,,,,,,,1
281,1787660025.8599,1787660025.8745,0.06639,-0.616660,0.352816,2.228874,0.223961,0.308330,0.628932,-0.640391,0.366600,2.211689,0.198620,0.218094,0.632829,-0.640400,0.366600,2.211700,0.198600,0.218100,0.632800,,,,,,,1
282,1787660025.8988,1787660025.9135,0.03891,-0.613592,0.355884,2.228874,0.210155,0.289922,0.630466,-0.644442,0.373606,2.218023,0.187272,0.252952,0.634073,-0.644400,0.373600,2.218000,0.187300,0.253000,0.634100,,,,,,,0
283,1787660025.9557,1787660025.9694,0.05696,-0.621262,0.366621,2.222738,0.205553,0.253107,0.630466,-0.628393,0.386546,2.205414,0.203026,0.296920,0.630472,-0.628400,0.386500,2.205400,0.203000,0.296900,0.630500,,,,,,,1
284,1787660026.011,1787660026.0255,0.05523,-0.638136,0.378893,2.221204,0.194816,0.227029,0.630466,-0.634295,0.397770,2.191917,0.188100,0.262236,0.628451,-0.634300,0.397800,2.191900,0.188100,0.262200,0.628500,,,,,,,1
285,1787660026.0509,1787660026.0656,0.0399,-0.638136,0.383495,2.222738,0.191748,0.225495,0.630466,-0.617716,0.419998,2.193432,0.206977,0.289270,0.646714,-0.617700,0.420000,2.193400,0.207000,0.289300,0.646700,,,,,,,0
286,1787660026.1074,1787660026.1205,0.05652,-0.635068,0.395767,2.213534,0.194816,0.243903,0.630466,-0.632075,0.430817,2.189397,0.181648,0.262721,0.647511,-0.632100,0.430800,2.189400,0.181600,0.262700,0.647500,,,,,,,0
287,1787660026.1633,1787660026.1774,0.05588,-0.632000,0.415709,2.202796,0.196350,0.266913,0.644272,-0.626394,0.422884,2.190742,0.205739,0.286803,0.641911,-0.626400,0.422900,2.190700,0.205700,0.286800,0.641900,,,,,,,0
288,1787660026.2026,1787660026.2176,0.03933,-0.627398,0.426447,2.201262,0.199418,0.282252,0.644272,-0.632290,0.420056,2.196070,0.210426,0.274576,0.636254,-0.632300,0.420100,2.196100,0.210400,0.274600,0.636300,,,,,,,0
289,1787660026.2593,1787660026.2746,0.05671,-0.622796,0.438719,2.198194,0.199418,0.285320,0.644272,-0.638236,0.404142,2.208133,0.202515,0.263176,0.655176,-0.638200,0.404100,2.208100,0.202500,0.263200,0.655200,,,,,,,0
290,1787660026.2988,1787660026.3135,0.03947,-0.622796,0.438719,2.198194,0.196350,0.286854,0.642738,-0.650309,0.390335,2.227655,0.210077,0.233305,0.670862,-0.650300,0.390300,2.227700,0.210100,0.233300,0.670900,,,,,,,0
291,1787660026.3585,1787660026.3737,0.05975,-0.627398,0.438719,2.198194,0.204019,0.279185,0.648874,-0.655523,0.382785,2.221412,0.210334,0.220352,0.657317,-0.655500,0.382800,2.221400,0.210300,0.220400,0.657300,,,,,,,0
292,1787660026.425,1787660026.4397,0.06642,-0.635068,0.434117,2.215068,0.199418,0.257709,0.667282,-0.677235,0.382106,2.229166,0.208157,0.216252,0.649332,-0.677200,0.382100,2.229200,0.208200,0.216300,0.649300,,,,,,,0
293,1787660026.4618,1787660026.4763,0.03683,-0.639670,0.429515,2.227340,0.210155,0.242369,0.665748,-0.684111,0.388478,2.236459,0.217069,0.204439,0.653793,-0.684100,0.388500,2.236500,0.217100,0.204400,0.653800,,,,,,,0
294,1787660026.5133,1787660026.5276,0.05156,-0.647340,0.415709,2.222738,0.204019,0.228563,0.658078,-0.690847,0.387373,2.230111,0.212347,0.160594,0.652052,-0.690800,0.387400,2.230100,0.212300,0.160600,0.652100,,,,,,,0
295,1787660026.5801,1787660026.5936,0.06677,-0.658078,0.414175,2.231942,0.210155,0.211689,0.650408,-0.711919,0.388269,2.237229,0.207240,0.187769,0.645121,-0.711900,0.388300,2.237200,0.207200,0.187800,0.645100,,,,,,,0
296,1787660026.619,1787660026.6336,0.03884,-0.668816,0.414175,2.241146,0.219359,0.207087,0.650408,-0.709925,0.382392,2.242234,0.205713,0.166587,0.649056,-0.709900,0.382400,2.242200,0.205700,0.166600,0.649100,,,,,,,0
297,1787660026.6756,1787660026.6896,0.05661,-0.684155,0.414175,2.230408,0.205553,0.188680,0.650408,-0.714505,0.383049,2.240905,0.201502,0.149302,0.654544,-0.714500,0.383000,2.240900,0.201500,0.149300,0.654500,,,,,,,0
298,1787660026.7313,1787660026.7446,0.05578,-0.693359,0.414175,2.244214,0.205553,0.174874,0.650408,-0.729970,0.395908,2.247484,0.199583,0.122889,0.672191,-0.730000,0.395900,2.247500,0.199600,0.122900,0.672200,,,,,,,0
299,1787660026.7702,1787660026.7845,0.03888,-0.699495,0.414175,2.251884,0.214757,0.170272,0.651942,-0.730538,0.410547,2.250469,0.192035,0.114274,0.687498,-0.730500,0.410500,2.250500,0.192000,0.114300,0.687500,,,,,,,1
300,1787660026.8269,1787660026.8424,0.05665,-0.710233,0.414175,2.239612,0.196350,0.153398,0.664214,-0.737448,0.409589,2.233993,0.189404,0.142184,0.678800,-0.737400,0.409600,2.234000,0.189400,0.142200,0.678800,,,,,,,1
301,1787660026.8658,1787660026.8815,0.03891,-0.714835,0.414175,2.241146,0.197884,0.139592,0.679553,-0.763771,0.416674,2.232726,0.203695,0.107003,0.668858,-0.763800,0.416700,2.232700,0.203700,0.107000,0.668900,,,,,,,0
302,1787660026.9175,1787660026.9315,0.0517,-0.720971,0.418777,2.261088,0.202485,0.121184,0.684155,-0.764669,0.435231,2.229608,0.180311,0.078036,0.666972,-0.764700,0.435200,2.229600,0.180300,0.078000,0.667000,,,,,,,1
303,1787660026.984,1787660026.9985,0.06654,-0.734777,0.421845,2.244214,0.187146,0.121184,0.668816,-0.761164,0.434648,2.227365,0.178154,0.069739,0.664235,-0.761200,0.434600,2.227400,0.178200,0.069700,0.664200,,,,,,,1
304,1787660027.0226,1787660027.0374,0.03862,-0.747049,0.423379,2.231942,0.196350,0.113515,0.668816,-0.768763,0.442883,2.230224,0.167619,0.035731,0.668004,-0.768800,0.442900,2.230200,0.167600,0.035700,0.668000,,,,,,,0
305,1787660027.0807,1787660027.0955,0.05806,-0.759320,0.443320,2.239612,0.197884,0.087437,0.668816,-0.765943,0.455734,2.218766,0.169160,0.026271,0.671797,-0.765900,0.455700,2.218800,0.169200,0.026300,0.671800,,,,,,,0
306,1787660027.1358,1787660027.1506,0.05508,-0.759320,0.446388,2.238078,0.171806,0.067495,0.670350,-0.759928,0.453929,2.229270,0.177324,0.051528,0.664011,-0.759900,0.453900,2.229300,0.177300,0.051500,0.664000,,,,,,,0
307,1787660027.1752,1787660027.1897,0.03937,-0.759320,0.449456,2.233476,0.167204,0.049087,0.670350,-0.764017,0.446648,2.234206,0.187098,0.045823,0.660615,-0.764000,0.446600,2.234200,0.187100,0.045800,0.660600,,,,,,,0
308,1787660027.2319,1787660027.2466,0.05678,-0.760854,0.464796,2.228874,0.174874,0.035282,0.670350,-0.774566,0.437530,2.248571,0.186726,0.067861,0.654493,-0.774600,0.437500,2.248600,0.186700,0.067900,0.654500,,,,,,,0
309,1787660027.2878,1787660027.3015,0.0559,-0.759320,0.466330,2.233476,0.179476,0.038350,0.665748,-0.770889,0.430651,2.245273,0.199508,0.075100,0.640644,-0.770900,0.430700,2.245300,0.199500,0.075100,0.640600,,,,,,,0
310,1787660027.3274,1787660027.3406,0.03953,-0.759320,0.463262,2.233476,0.182544,0.046019,0.665748,-0.779684,0.424469,2.268597,0.197379,0.084205,0.640929,-0.779700,0.424500,2.268600,0.197400,0.084200,0.640900,,,,,,,0
311,1787660027.3837,1787660027.3987,0.05635,-0.763922,0.464796,2.242680,0.179476,0.064427,0.650408,-0.782787,0.422137,2.261784,0.198744,0.055921,0.640168,-0.782800,0.422100,2.261800,0.198700,0.055900,0.640200,,,,,,,0
312,1787660027.4228,1787660027.4363,0.0391,-0.765456,0.464796,2.251884,0.199418,0.073631,0.642738,-0.785137,0.429504,2.274842,0.190811,0.077409,0.646021,-0.785100,0.429500,2.274800,0.190800,0.077400,0.646000,,,,,,,0
313,1787660027.4826,1787660027.4975,0.05983,-0.770058,0.452524,2.251884,0.188680,0.082835,0.642738,-0.789899,0.424924,2.274275,0.194466,0.068399,0.647496,-0.789900,0.424900,2.274300,0.194500,0.068400,0.647500,,,,,,,0
314,1787660027.5493,1787660027.5643,0.06662,-0.776194,0.450990,2.281029,0.190214,0.076699,0.642738,-0.800407,0.433424,2.273570,0.185466,0.057707,0.654758,-0.800400,0.433400,2.273600,0.185500,0.057700,0.654800,,,,,,,0
315,1787660027.5879,1787660027.6014,0.03861,-0.777728,0.450990,2.288699,0.200951,0.075165,0.642738,-0.799596,0.436448,2.271867,0.187223,0.057607,0.658559,-0.799600,0.436400,2.271900,0.187200,0.057600,0.658600,,,,,,,0
316,1787660027.6448,1787660027.6595,0.05688,-0.782330,0.450990,2.267224,0.191748,0.075165,0.650408,-0.809065,0.440904,2.259165,0.186071,0.036349,0.656599,-0.809100,0.440900,2.259200,0.186100,0.036300,0.656600,,,,,,,0
317,1787660027.7123,1787660027.7255,0.06752,-0.790000,0.450990,2.282563,0.188680,0.062893,0.651942,-0.814084,0.443320,2.262578,0.179041,0.017009,0.652530,-0.814100,0.443300,2.262600,0.179000,0.017000,0.652500,,,,,,,0
318,1787660027.7509,1787660027.7644,0.0386,-0.791534,0.452524,2.285631,0.196350,0.061359,0.651942,-0.820824,0.436580,2.258218,0.175414,0.011838,0.655248,-0.820800,0.436600,2.258200,0.175400,0.011800,0.655200,,,,,,,1
319,1787660027.8075,1787660027.8226,0.05664,-0.799204,0.452524,2.261088,0.179476,0.044485,0.651942,-0.831908,0.445337,2.241832,0.170277,-0.003643,0.661177,-0.831900,0.445300,2.241800,0.170300,-0.003600,0.661200,,,,,,,1
320,1787660027.8629,1787660027.8775,0.05542,-0.808408,0.452524,2.262622,0.177942,0.023010,0.651942,-0.840633,0.454942,2.253026,0.160031,-0.007667,0.665572,-0.840600,0.454900,2.253000,0.160000,-0.007700,0.665600,,,,,,,0
321,1787660027.9015,1787660027.9165,0.03859,-0.813010,0.452524,2.273360,0.187146,0.015340,0.653476,-0.838952,0.461219,2.256196,0.148067,-0.028550,0.663777,-0.839000,0.461200,2.256200,0.148100,-0.028600,0.663800,,,,,,,1
322,1787660027.9579,1787660027.9724,0.05637,-0.820680,0.454058,2.253418,0.162602,0.003068,0.658078,-0.839322,0.476109,2.253202,0.149683,-0.036393,0.670294,-0.839300,0.476100,2.253200,0.149700,-0.036400,0.670300,,,,,,,1
323,1787660027.9976,1787660028.0117,0.03967,-0.826816,0.463262,2.236544,0.161068,-0.003068,0.658078,-0.839285,0.496606,2.256349,0.145222,-0.058425,0.659231,-0.839300,0.496600,2.256300,0.145200,-0.058400,0.659200,,,,,,,0
324,1787660028.0578,1787660028.0714,0.06024,-0.831418,0.472466,2.268758,0.159534,-0.021476,0.665748,-0.847869,0.500607,2.253057,0.140195,-0.036392,0.673282,-0.847900,0.500600,2.253100,0.140200,-0.036400,0.673300,,,,,,,0
325,1787660028.1243,1787660028.1374,0.06649,-0.831418,0.495476,2.258020,0.139592,-0.041417,0.664214,-0.849750,0.502050,2.251166,0.142018,-0.055413,0.667703,-0.849800,0.502100,2.251200,0.142000,-0.055400,0.667700,,,,,,,0
326,1787660028.161,1787660028.1746,0.03666,-0.831418,0.504680,2.245748,0.141126,-0.050621,0.667282,-0.857144,0.498305,2.256972,0.146085,-0.063109,0.666797,-0.857100,0.498300,2.257000,0.146100,-0.063100,0.666800,,,,,,,0
327,1787660028.2128,1787660028.2277,0.05184,-0.836020,0.509282,2.267224,0.151864,-0.050621,0.670350,-0.862114,0.489677,2.259738,0.142318,-0.053744,0.662783,-0.862100,0.489700,2.259700,0.142300,-0.053700,0.662800,,,,,,,0
328,1787660028.2793,1787660028.2935,0.06656,-0.846757,0.509282,2.251884,0.141126,-0.039884,0.670350,-0.866352,0.486655,2.266681,0.131908,-0.049201,0.666155,-0.866400,0.486700,2.266700,0.131900,-0.049200,0.666200,,,,,,,0
329,1787660028.3179,1787660028.3326,0.03857,-0.848291,0.509282,2.247282,0.141126,-0.046019,0.670350,-0.869338,0.494432,2.262480,0.138897,-0.035336,0.660372,-0.869300,0.494400,2.262500,0.138900,-0.035300,0.660400,,,,,,,0
330,1787660028.3751,1787660028.3895,0.05716,-0.852893,0.509282,2.274894,0.151864,-0.056757,0.670350,-0.869494,0.492995,2.271117,0.135026,-0.037904,0.659834,-0.869500,0.493000,2.271100,0.135000,-0.037900,0.659800,,,,,,,0
331,1787660028.4125,1787660028.4275,0.03742,-0.855961,0.509282,2.273360,0.141126,-0.052155,0.668816,-0.863411,0.495786,2.258555,0.142976,-0.025526,0.660761,-0.863400,0.495800,2.258600,0.143000,-0.025500,0.660800,,,,,,,0
332,1787660028.4637,1787660028.4775,0.05123,-0.860563,0.509282,2.253418,0.133456,-0.038350,0.664214,-0.869597,0.497422,2.262274,0.143196,-0.040323,0.670656,-0.869600,0.497400,2.262300,0.143200,-0.040300,0.670700,,,,,,,0
333,1787660028.5304,1787660028.5435,0.06663,-0.860563,0.509282,2.279495,0.145728,-0.032214,0.664214,-0.878034,0.494490,2.264457,0.135314,-0.058113,0.672328,-0.878000,0.494500,2.264500,0.135300,-0.058100,0.672300,,,,,,,0
334,1787660028.5688,1787660028.5835,0.0385,-0.860563,0.509282,2.273360,0.145728,-0.029146,0.665748,-0.880475,0.499011,2.267417,0.127849,-0.049290,0.680177,-0.880500,0.499000,2.267400,0.127800,-0.049300,0.680200,,,,,,,0
335,1787660028.625,1787660028.6393,0.05614,-0.862097,0.509282,2.254952,0.134990,-0.032214,0.665748,-0.878845,0.511534,2.260816,0.125727,-0.042157,0.675433,-0.878800,0.511500,2.260800,0.125700,-0.042200,0.675400,,,,,,,0
336,1787660028.6629,1787660028.6776,0.0379,-0.865165,0.509282,2.271826,0.133456,-0.046019,0.673418,-0.873813,0.507620,2.242698,0.132914,-0.036878,0.673443,-0.873800,0.507600,2.242700,0.132900,-0.036900,0.673400,,,,,,,0
337,1787660028.7147,1787660028.7295,0.05185,-0.871301,0.510816,2.279495,0.134990,-0.050621,0.674952,-0.877128,0.515929,2.235614,0.116878,-0.046318,0.671754,-0.877100,0.515900,2.235600,0.116900,-0.046300,0.671800,,,,,,,1
338,1787660028.7813,1787660028.7945,0.06653,-0.872835,0.512350,2.251884,0.125786,-0.039884,0.673418,-0.880145,0.510868,2.237784,0.130135,-0.028116,0.679260,-0.880100,0.510900,2.237800,0.130100,-0.028100,0.679300,,,,,,,1
339,1787660028.8213,1787660028.8354,0.04003,-0.872835,0.515418,2.248816,0.125786,-0.039884,0.673418,-0.875780,0.513833,2.232443,0.120550,-0.049387,0.686287,-0.875800,0.513800,2.232400,0.120600,-0.049400,0.686300,,,,,,,0
340,1787660028.8778,1787660028.8915,0.05648,-0.872835,0.523087,2.245748,0.122718,-0.039884,0.673418,-0.882244,0.512431,2.240671,0.118148,-0.075883,0.692356,-0.882200,0.512400,2.240700,0.118100,-0.075900,0.692400,,,,,,,1
341,1787660028.9336,1787660028.9486,0.05579,-0.872835,0.523087,2.239612,0.116583,-0.032214,0.679553,-0.884452,0.524348,2.230229,0.105984,-0.122534,0.687387,-0.884500,0.524300,2.230200,0.106000,-0.122500,0.687400,,,,,,,1
342,1787660028.9727,1787660028.9876,0.03918,-0.872835,0.523087,2.238078,0.122718,-0.032214,0.685689,-0.883444,0.530441,2.224054,0.095038,-0.123209,0.690125,-0.883400,0.530400,2.224100,0.095000,-0.123200,0.690100,,,,,,,0
343,1787660029.0298,1787660029.0446,0.05709,-0.872835,0.524621,2.241146,0.118117,-0.058291,0.687223,-0.891101,0.534617,2.226510,0.090414,-0.127512,0.688715,-0.891100,0.534600,2.226500,0.090400,-0.127500,0.688700,,,,,,,0
344,1787660029.0677,1787660029.0837,0.03784,-0.872835,0.530757,2.239612,0.110447,-0.082835,0.687223,-0.889853,0.541448,2.231419,0.077523,-0.123230,0.691429,-0.889900,0.541400,2.231400,0.077500,-0.123200,0.691400,,,,,,,0
345,1787660029.119,1787660029.1335,0.05135,-0.872835,0.539961,2.228874,0.093573,-0.108913,0.687223,-0.890115,0.550396,2.226356,0.084169,-0.100750,0.692393,-0.890100,0.550400,2.226400,0.084200,-0.100700,0.692400,,,,,,,0
346,1787660029.1856,1787660029.2005,0.06661,-0.878971,0.549165,2.231942,0.085903,-0.118117,0.687223,-0.899533,0.548516,2.235549,0.083005,-0.091035,0.687484,-0.899500,0.548500,2.235500,0.083000,-0.091000,0.687500,,,,,,,0
347,1787660029.2247,1787660029.2394,0.03908,-0.880505,0.550699,2.228874,0.078233,-0.118117,0.687223,-0.910528,0.549240,2.242726,0.070257,-0.093650,0.682749,-0.910500,0.549200,2.242700,0.070300,-0.093700,0.682700,,,,,,,0
348,1787660029.282,1787660029.2965,0.05725,-0.882039,0.556835,2.228874,0.084369,-0.105845,0.687223,-0.913404,0.553352,2.236772,0.069605,-0.114783,0.683399,-0.913400,0.553400,2.236800,0.069600,-0.114800,0.683400,,,,,,,0
349,1787660029.3485,1787660029.3635,0.0665,-0.894311,0.556835,2.239612,0.076699,-0.095107,0.687223,-0.918414,0.551230,2.234777,0.073040,-0.115622,0.681617,-0.918400,0.551200,2.234800,0.073000,-0.115600,0.681600,,,,,,,0
350,1787660029.3875,1787660029.4024,0.03901,-0.900447,0.556835,2.241146,0.073631,-0.095107,0.687223,-0.908493,0.559560,2.223017,0.083367,-0.126573,0.682451,-0.908500,0.559600,2.223000,0.083400,-0.126600,0.682500,,,,,,,0
351,1787660029.4442,1787660029.4576,0.05676,-0.906583,0.556835,2.241146,0.072097,-0.104311,0.687223,-0.907341,0.558258,2.226754,0.082757,-0.122972,0.682419,-0.907300,0.558300,2.226800,0.082800,-0.123000,0.682400,,,,,,,0
352,1787660029.5114,1787660029.5266,0.06717,-0.908117,0.564505,2.235010,0.075165,-0.118117,0.687223,-0.921361,0.565360,2.221351,0.083500,-0.118863,0.685222,-0.921400,0.565400,2.221400,0.083500,-0.118900,0.685200,,,,,,,0
353,1787660029.5508,1787660029.5646,0.03935,-0.908117,0.566039,2.230408,0.078233,-0.119651,0.687223,-0.922298,0.568013,2.219281,0.075643,-0.115971,0.683990,-0.922300,0.568000,2.219300,0.075600,-0.116000,0.684000,,,,,,,0
354,1787660029.608,1787660029.6225,0.05725,-0.908117,0.566039,2.228874,0.078233,-0.119651,0.687223,-0.930593,0.566418,2.221775,0.072133,-0.114020,0.691044,-0.930600,0.566400,2.221800,0.072100,-0.114000,0.691000,,,,,,,0
355,1787660029.6634,1787660029.6785,0.05538,-0.911185,0.572175,2.228874,0.078233,-0.119651,0.687223,-0.930612,0.562774,2.211818,0.076657,-0.101861,0.692240,-0.930600,0.562800,2.211800,0.076700,-0.101900,0.692200,,,,,,,0
356,1787660029.7024,1787660029.7167,0.039,-0.912719,0.572175,2.228874,0.078233,-0.119651,0.687223,-0.930604,0.570012,2.210623,0.069425,-0.120335,0.697820,-0.930600,0.570000,2.210600,0.069400,-0.120300,0.697800,,,,,,,1
357,1787660029.7612,1787660029.7747,0.0588,-0.917321,0.572175,2.228874,0.076699,-0.111981,0.687223,-0.934591,0.568535,2.204551,0.062862,-0.122799,0.692269,-0.934600,0.568500,2.204600,0.062900,-0.122800,0.692300,,,,,,,1
358,1787660029.8274,1787660029.8427,0.06621,-0.918854,0.572175,2.216602,0.075165,-0.104311,0.694893,-0.930123,0.566718,2.204885,0.071301,-0.120434,0.682842,-0.930100,0.566700,2.204900,0.071300,-0.120400,0.682800,,,,,,,1
359,1787660029.866,1787660029.8807,0.03863,-0.920388,0.575243,2.216602,0.073631,-0.105845,0.694893,-0.925623,0.564941,2.201990,0.071599,-0.119703,0.680655,-0.925600,0.564900,2.202000,0.071600,-0.119700,0.680700,,,,,,,1
360,1787660029.9242,1787660029.9373,0.05814,-0.920388,0.575243,2.210466,0.067495,-0.116583,0.690291,-0.924385,0.561416,2.191909,0.070741,-0.129309,0.685820,-0.924400,0.561400,2.191900,0.070700,-0.129300,0.685800,,,,,,,0
361,1787660029.9793,1787660029.9926,0.05512,-0.921922,0.575243,2.210466,0.067495,-0.116583,0.687223,-0.927225,0.564964,2.210811,0.076142,-0.120330,0.696290,-0.927200,0.565000,2.210800,0.076100,-0.120300,0.696300,,,,,,,0
362,1787660030.0197,1787660030.0346,0.04039,-0.921922,0.575243,2.208932,0.067495,-0.116583,0.687223,-0.930981,0.570655,2.208177,0.079882,-0.126016,0.693206,-0.931000,0.570700,2.208200,0.079900,-0.126000,0.693200,,,,,,,0
363,1787660030.0763,1787660030.0896,0.05665,-0.921922,0.575243,2.199728,0.067495,-0.121184,0.690291,-0.937024,0.576302,2.211742,0.072616,-0.116135,0.677492,-0.937000,0.576300,2.211700,0.072600,-0.116100,0.677500,,,,,,,0
364,1787660030.1317,1787660030.1456,0.05536,-0.921922,0.575243,2.202796,0.069029,-0.119651,0.693359,-0.935108,0.573014,2.220555,0.081527,-0.113442,0.585760,-0.935100,0.573000,2.220600,0.081500,-0.113400,0.585800,,,,,,,0
365,1787660030.1701,1787660030.1846,0.03844,-0.921922,0.576777,2.199728,0.072097,-0.119651,0.690291,-0.935008,0.566314,2.231269,0.084056,-0.105589,0.345514,-0.935000,0.566300,2.231300,0.084100,-0.105600,0.345500,,,,,,,0
366,1787660030.2268,1787660030.2416,0.05671,-0.924990,0.581379,2.205864,0.070563,-0.116583,0.664214,-0.938478,0.557140,2.230434,0.080644,-0.111464,0.243322,-0.938500,0.557100,2.230400,0.080600,-0.111500,0.243300,,,,,,,0
367,1787660030.2655,1787660030.2806,0.03865,-0.924990,0.581379,2.210466,0.070563,-0.111981,0.559903,-0.942238,0.567461,2.235572,0.074779,-0.129704,0.150272,-0.942200,0.567500,2.235600,0.074800,-0.129700,0.150300,,,,,,,0
368,1787660030.3275,1787660030.3406,0.062,-0.924990,0.581379,2.218136,0.072097,-0.107379,0.325204,-0.944428,0.564091,2.229004,0.074013,-0.137512,0.163375,-0.944400,0.564100,2.229000,0.074000,-0.137500,0.163400,,,,,,,0
369,1787660030.3926,1787660030.4076,0.06511,-0.932660,0.578311,2.224272,0.072097,-0.113515,0.159534,-0.942501,0.565240,2.224024,0.072108,-0.134092,0.166214,-0.942500,0.565200,2.224000,0.072100,-0.134100,0.166200,,,,,,,0
370,1787660030.4315,1787660030.4466,0.03892,-0.937262,0.578311,2.225806,0.072097,-0.125786,0.158000,-0.946820,0.562747,2.229273,0.069401,-0.138993,0.139350,-0.946800,0.562700,2.229300,0.069400,-0.139000,0.139300,,,,,,,0
371,1787660030.489,1787660030.5034,0.05747,-0.938796,0.578311,2.225806,0.072097,-0.130388,0.165670,-0.949402,0.561519,2.232049,0.069355,-0.122435,0.065485,-0.949400,0.561500,2.232000,0.069400,-0.122400,0.065500,,,,,,,0
372,1787660030.5556,1787660030.5704,0.06666,-0.938796,0.578311,2.225806,0.072097,-0.134990,0.145728,-0.950743,0.562813,2.238929,0.076625,-0.129305,-0.012225,-0.950700,0.562800,2.238900,0.076600,-0.129300,-0.012200,,,,,,,0
373,1787660030.5943,1787660030.6077,0.03861,-0.940330,0.578311,2.225806,0.072097,-0.134990,0.133456,-0.950238,0.548428,2.249910,0.063798,-0.121820,0.013460,-0.950200,0.548400,2.249900,0.063800,-0.121800,0.013500,,,,,,,0
374,1787660030.6523,1787660030.6667,0.05804,-0.944932,0.578311,2.225806,0.072097,-0.127320,0.032214,-0.949086,0.547094,2.260264,0.069916,-0.149272,-0.008850,-0.949100,0.547100,2.260300,0.069900,-0.149300,-0.008800,,,,,,,1
375,1787660030.7187,1787660030.7327,0.06637,-0.944932,0.573709,2.235010,0.069029,-0.119651,-0.000000,-0.950993,0.536713,2.255621,0.068987,-0.133888,-0.017295,-0.951000,0.536700,2.255600,0.069000,-0.133900,-0.017300,,,,,,,1
376,1787660030.7556,1787660030.7704,0.03691,-0.944932,0.572175,2.239612,0.065961,-0.119651,0.001534,-0.947908,0.527328,2.251690,0.067778,-0.119858,-0.025023,-0.947900,0.527300,2.251700,0.067800,-0.119900,-0.025000,,,,,,,0
377,1787660030.8072,1787660030.8217,0.05158,-0.944932,0.572175,2.247282,0.065961,-0.131922,-0.009204,-0.946974,0.476232,2.262053,0.057795,-0.135835,-0.034242,-0.947000,0.476200,2.262100,0.057800,-0.135800,-0.034200,,,,,,,1
378,1787660030.8737,1787660030.8877,0.06657,-0.944932,0.561437,2.248816,0.065961,-0.141126,-0.021476,-0.940132,0.436560,2.268288,0.069640,-0.137374,-0.030831,-0.940100,0.436600,2.268300,0.069600,-0.137400,-0.030800,,,,,,,1
379,1787660030.9127,1787660030.9274,0.03896,-0.944932,0.558369,2.258020,0.065961,-0.134990,-0.024544,-0.933677,0.387657,2.269569,0.061503,-0.160991,-0.032771,-0.933700,0.387700,2.269600,0.061500,-0.161000,-0.032800,,,,,,,0
380,1787660030.9702,1787660030.9846,0.05747,-0.944932,0.543029,2.270292,0.067495,-0.125786,-0.030680,-0.914751,0.334069,2.270356,0.071118,-0.177721,-0.034273,-0.914800,0.334100,2.270400,0.071100,-0.177700,-0.034300,,,,,,,0
381,1787660031.0367,1787660031.0506,0.06656,-0.941864,0.492408,2.267224,0.064427,-0.141126,-0.030680,-0.878228,0.277070,2.260525,0.067802,-0.173933,-0.034009,-0.878200,0.277100,2.260500,0.067800,-0.173900,-0.034000,,,,,,,0
382,1787660031.0756,1787660031.0905,0.03886,-0.938796,0.454058,2.268758,0.065961,-0.153398,-0.030680,-0.835594,0.231573,2.265854,0.067683,-0.165611,-0.029649,-0.835600,0.231600,2.265900,0.067700,-0.165600,-0.029600,,,,,,,0
383,1787660031.1323,1787660031.1465,0.05675,-0.923456,0.403437,2.268758,0.065961,-0.170272,-0.030680,-0.796573,0.189816,2.258480,0.067257,-0.151271,-0.030542,-0.796600,0.189800,2.258500,0.067300,-0.151300,-0.030500,,,,,,,0
384,1787660031.1882,1787660031.2014,0.05583,-0.891243,0.351282,2.270292,0.067495,-0.170272,-0.030680,-0.753535,0.154338,2.247869,0.062002,-0.115112,-0.027539,-0.753500,0.154300,2.247900,0.062000,-0.115100,-0.027500,,,,,,,0
385,1787660031.2272,1787660031.2405,0.03906,-0.865165,0.309864,2.268758,0.067495,-0.165670,-0.030680,-0.708973,0.133611,2.253835,0.056068,-0.091133,-0.024174,-0.709000,0.133600,2.253800,0.056100,-0.091100,-0.024200,,,,,,,0
386,1787660031.284,1787660031.2984,0.05677,-0.819146,0.251573,2.267224,0.067495,-0.151864,-0.030680,-0.642436,0.096289,2.255977,0.052697,-0.043282,-0.031603,-0.642400,0.096300,2.256000,0.052700,-0.043300,-0.031600,,,,,,,0
387,1787660031.3228,1787660031.3363,0.03885,-0.791534,0.225495,2.265690,0.064427,-0.138058,-0.029146,-0.608832,0.080857,2.243560,0.050312,-0.026054,-0.029780,-0.608800,0.080900,2.243600,0.050300,-0.026100,-0.029800,,,,,,,0
388,1787660031.3741,1787660031.3886,0.05126,-0.748583,0.187146,2.264156,0.059825,-0.107379,-0.029146,-0.522009,0.054004,2.258499,0.044901,0.043005,-0.027638,-0.522000,0.054000,2.258500,0.044900,0.043000,-0.027600,,,,,,,0
389,1787660031.4408,1787660031.4556,0.06666,-0.693359,0.141126,2.261088,0.055223,-0.064427,-0.029146,-0.452178,0.039918,2.255535,0.038422,0.128032,-0.027619,-0.452200,0.039900,2.255500,0.038400,0.128000,-0.027600,,,,,,,0
390,1787660031.4775,1787660031.4905,0.03673,-0.661146,0.124252,2.259554,0.055223,-0.042951,-0.029146,-0.397840,0.012797,2.253044,0.039758,0.224796,-0.027733,-0.397800,0.012800,2.253000,0.039800,0.224800,-0.027700,,,,,,,0
391,1787660031.5292,1787660031.5425,0.05167,-0.604388,0.095107,2.259554,0.049087,-0.001534,-0.029146,-0.339961,-0.004552,2.250469,0.040819,0.277638,-0.026138,-0.340000,-0.004600,2.250500,0.040800,0.277600,-0.026100,,,,,,,0
392,1787660031.5958,1787660031.6107,0.06663,-0.526155,0.064427,2.259554,0.042951,0.062893,-0.029146,-0.287647,-0.012091,2.225342,0.041683,0.345613,-0.024470,-0.287600,-0.012100,2.225300,0.041700,0.345600,-0.024500,,,,,,,0
393,1787660031.6345,1787660031.6486,0.03875,-0.481670,0.049087,2.261088,0.042951,0.110447,-0.029146,-0.241743,-0.011799,2.188052,0.046686,0.418229,-0.021835,-0.241700,-0.011800,2.188100,0.046700,0.418200,-0.021800,,,,,,,1
394,1787660031.6924,1787660031.7064,0.05788,-0.408039,0.024544,2.259554,0.042951,0.191748,-0.029146,-0.205028,-0.030359,2.161181,0.043600,0.543671,-0.019441,-0.205000,-0.030400,2.161200,0.043600,0.543700,-0.019400,,,,,,,1
395,1787660031.759,1787660031.7747,0.06654,-0.332874,0.018408,2.242680,0.042951,0.285320,-0.027612,-0.178211,-0.036361,2.130790,0.044302,0.629887,-0.022426,-0.178200,-0.036400,2.130800,0.044300,0.629900,-0.022400,,,,,,,0
396,1787660031.8144,1787660031.8285,0.05549,-0.274583,0.018408,2.207398,0.042951,0.358952,-0.027612,-0.125607,-0.047046,2.098981,0.045349,0.839179,-0.021671,-0.125600,-0.047000,2.099000,0.045300,0.839200,-0.021700,,,,,,,1
397,1787660031.8535,1787660031.8686,0.03902,-0.243903,0.006136,2.188991,0.042951,0.412641,-0.027612,-0.103025,-0.050852,2.073006,0.039196,0.939739,-0.017742,-0.103000,-0.050900,2.073000,0.039200,0.939700,-0.017700,,,,,,,1
398,1787660031.9117,1787660031.9266,0.05828,-0.199418,-0.010738,2.155243,0.042951,0.507748,-0.026078,-0.083429,-0.040843,2.059326,0.041924,0.977463,-0.019707,-0.083400,-0.040800,2.059300,0.041900,0.977500,-0.019700,,,,,,,0
399,1787660031.9667,1787660031.9815,0.05496,-0.156466,-0.016874,2.123029,0.042951,0.607456,-0.021476,-0.073538,-0.039105,2.048676,0.047226,1.040091,-0.015978,-0.073500,-0.039100,2.048700,0.047200,1.040100,-0.016000,,,,,,,0
400,1787660032.0055,1787660032.0195,0.03875,-0.130388,-0.018408,2.103088,0.042951,0.679553,-0.021476,-0.062439,-0.018621,2.059796,0.048837,1.088994,-0.017168,-0.062400,-0.018600,2.059800,0.048800,1.089000,-0.017200,,,,,,,0
401,1787660032.0621,1787660032.0756,0.05668,-0.095107,-0.018408,2.075476,0.042951,0.793068,-0.021476,-0.063023,-0.008539,2.063251,0.052841,1.122702,-0.018308,-0.063000,-0.008500,2.063300,0.052800,1.122700,-0.018300,,,,,,,0
402,1787660032.1008,1787660032.1155,0.0387,-0.082835,-0.018408,2.069340,0.042951,0.859029,-0.021476,-0.082218,-0.005290,2.090672,0.066640,1.084589,-0.015924,-0.082200,-0.005300,2.090700,0.066600,1.084600,-0.015900,,,,,,,0
403,1787660032.1632,1787660032.1766,0.06239,-0.070563,-0.010738,2.070874,0.044485,0.958738,-0.021476,-0.128879,0.002395,2.104167,0.077373,0.950682,-0.019852,-0.128900,0.002400,2.104200,0.077400,0.950700,-0.019900,,,,,,,0
404,1787660032.2279,1787660032.2415,0.06467,-0.070563,0.003068,2.073942,0.055223,1.046175,-0.021476,-0.152668,0.004580,2.124075,0.088089,0.911474,-0.003547,-0.152700,0.004600,2.124100,0.088100,0.911500,-0.003500,,,,,,,0
405,1787660032.2646,1787660032.2785,0.03669,-0.072097,0.004602,2.090816,0.062893,1.078388,-0.021476,-0.169642,0.010672,2.160599,0.089582,0.859699,0.003339,-0.169600,0.010700,2.160600,0.089600,0.859700,0.003300,,,,,,,0
406,1787660032.3165,1787660032.3314,0.0519,-0.090505,0.009204,2.107690,0.072097,1.109068,-0.021476,-0.213317,0.026733,2.193789,0.106755,0.690322,0.030877,-0.213300,0.026700,2.193800,0.106800,0.690300,0.030900,,,,,,,0
407,1787660032.3831,1787660032.3974,0.06655,-0.134990,0.016874,2.124563,0.082835,1.116738,0.001534,-0.233163,0.028473,2.193320,0.119632,0.667269,0.039793,-0.233200,0.028500,2.193300,0.119600,0.667300,0.039800,,,,,,,0
408,1787660032.4198,1787660032.4337,0.03673,-0.156466,0.018408,2.150641,0.085903,1.104466,0.013806,-0.284569,0.053120,2.213715,0.136990,0.627581,0.097491,-0.284600,0.053100,2.213700,0.137000,0.627600,0.097500,,,,,,,0
409,1787660032.4714,1787660032.4855,0.05161,-0.184078,0.032214,2.181321,0.099709,1.066117,0.026078,-0.289379,0.061299,2.231887,0.128271,0.604099,0.179700,-0.289400,0.061300,2.231900,0.128300,0.604100,0.179700,,,,,,,0
410,1787660032.538,1787660032.5517,0.06663,-0.223961,0.047553,2.207398,0.122718,0.989418,0.092039,-0.317529,0.077755,2.244441,0.143396,0.565619,0.222776,-0.317500,0.077800,2.244400,0.143400,0.565600,0.222800,,,,,,,0
411,1787660032.5748,1787660032.5897,0.03679,-0.250039,0.056757,2.218136,0.130388,0.931126,0.111981,-0.316767,0.081136,2.240821,0.149510,0.609289,0.271533,-0.316800,0.081100,2.240800,0.149500,0.609300,0.271500,,,,,,,0
412,1787660032.6267,1787660032.6406,0.05187,-0.277651,0.069029,2.231942,0.130388,0.834486,0.184078,-0.352382,0.102543,2.246678,0.159115,0.540063,0.368343,-0.352400,0.102500,2.246700,0.159100,0.540100,0.368300,,,,,,,1
413,1787660032.6928,1787660032.7063,0.06615,-0.297592,0.081301,2.242680,0.139592,0.720971,0.274583,-0.376705,0.110638,2.234899,0.180205,0.527507,0.374769,-0.376700,0.110600,2.234900,0.180200,0.527500,0.374800,,,,,,,1
414,1787660032.7316,1787660032.7456,0.03872,-0.308330,0.088971,2.242680,0.145728,0.668816,0.280718,-0.391447,0.121459,2.230696,0.179624,0.468100,0.415953,-0.391400,0.121500,2.230700,0.179600,0.468100,0.416000,,,,,,,0
415,1787660032.7873,1787660032.8015,0.05577,-0.331340,0.107379,2.248816,0.158000,0.599786,0.377359,-0.434381,0.111533,2.224481,0.222387,0.508991,0.535729,-0.434400,0.111500,2.224500,0.222400,0.509000,0.535700,,,,,,,1
416,1787660032.8261,1787660032.8393,0.03876,-0.349748,0.118117,2.247282,0.165670,0.567573,0.386563,-0.453946,0.121272,2.220301,0.210307,0.492636,0.544654,-0.453900,0.121300,2.220300,0.210300,0.492600,0.544700,,,,,,,1
417,1787660032.8831,1787660032.8973,0.05699,-0.380427,0.127320,2.242680,0.177942,0.512350,0.434117,-0.466707,0.123786,2.223141,0.218497,0.499736,0.558385,-0.466700,0.123800,2.223100,0.218500,0.499700,0.558400,,,,,,,0
418,1787660032.9522,1787660032.9653,0.06908,-0.412641,0.127320,2.238078,0.197884,0.478602,0.546097,-0.498329,0.139904,2.220649,0.215896,0.495229,0.555953,-0.498300,0.139900,2.220600,0.215900,0.495200,0.556000,,,,,,,0
419,1787660032.991,1787660033.0054,0.03882,-0.434117,0.127320,2.235010,0.204019,0.475534,0.549165,-0.492369,0.136417,2.224382,0.226568,0.529585,0.589347,-0.492400,0.136400,2.224400,0.226600,0.529600,0.589300,,,,,,,0
420,1787660033.0472,1787660033.0605,0.05627,-0.458660,0.131922,2.235010,0.213223,0.487806,0.555301,-0.514836,0.142793,2.218345,0.246176,0.619234,0.579285,-0.514800,0.142800,2.218300,0.246200,0.619200,0.579300,,,,,,,0
421,1787660033.1029,1787660033.1175,0.05561,-0.475534,0.145728,2.233476,0.213223,0.506214,0.585981,-0.509504,0.154322,2.217155,0.255088,0.717784,0.578813,-0.509500,0.154300,2.217200,0.255100,0.717800,0.578800,,,,,,,0
422,1787660033.1419,1787660033.1556,0.03901,-0.484738,0.147262,2.233476,0.223961,0.521553,0.585981,-0.499093,0.154171,2.215176,0.266503,0.826466,0.574731,-0.499100,0.154200,2.215200,0.266500,0.826500,0.574700,,,,,,,0
423,1787660033.198,1787660033.2115,0.05613,-0.500078,0.150330,2.231942,0.237767,0.562971,0.582913,-0.512905,0.173352,2.219831,0.272537,0.809400,0.575414,-0.512900,0.173400,2.219800,0.272500,0.809400,0.575400,,,,,,,0
424,1787660033.2376,1787660033.2515,0.03959,-0.503146,0.158000,2.230408,0.248505,0.599786,0.582913,-0.528171,0.177445,2.221120,0.271403,0.818571,0.580637,-0.528200,0.177400,2.221100,0.271400,0.818600,0.580600,,,,,,,0
425,1787660033.2897,1787660033.3034,0.05207,-0.503146,0.164136,2.231942,0.262311,0.668816,0.582913,-0.527819,0.192947,2.219305,0.270348,0.842843,0.578828,-0.527800,0.192900,2.219300,0.270300,0.842800,0.578800,,,,,,,0
426,1787660033.3564,1787660033.3704,0.06672,-0.503146,0.177942,2.230408,0.266913,0.753185,0.581379,-0.530477,0.213433,2.218091,0.268878,0.825232,0.572594,-0.530500,0.213400,2.218100,0.268900,0.825200,0.572600,,,,,,,0
427,1787660033.3949,1787660033.4097,0.03855,-0.512350,0.187146,2.230408,0.268447,0.786932,0.581379,-0.550366,0.217550,2.219683,0.267032,0.794566,0.563261,-0.550400,0.217500,2.219700,0.267000,0.794600,0.563300,,,,,,,0
428,1787660033.4528,1787660033.4676,0.05787,-0.521553,0.204019,2.230408,0.268447,0.826816,0.581379,-0.563368,0.232046,2.220559,0.265097,0.760830,0.568662,-0.563400,0.232000,2.220600,0.265100,0.760800,0.568700,,,,,,,0
429,1787660033.5083,1787660033.5216,0.05553,-0.523087,0.219359,2.230408,0.268447,0.839087,0.566039,-0.572889,0.252368,2.220675,0.258113,0.760816,0.569528,-0.572900,0.252400,2.220700,0.258100,0.760800,0.569500,,,,,,,0
430,1787660033.5471,1787660033.5607,0.03875,-0.532291,0.227029,2.230408,0.266913,0.832952,0.566039,-0.586064,0.261547,2.227107,0.259635,0.763601,0.561951,-0.586100,0.261500,2.227100,0.259600,0.763600,0.562000,,,,,,,0
431,1787660033.6033,1787660033.6177,0.05626,-0.555301,0.239301,2.231942,0.266913,0.803806,0.566039,-0.593691,0.275665,2.222593,0.261816,0.730571,0.567923,-0.593700,0.275700,2.222600,0.261800,0.730600,0.567900,,,,,,,1
432,1787660033.6424,1787660033.6576,0.0391,-0.562971,0.250039,2.230408,0.262311,0.780796,0.564505,-0.602664,0.290706,2.225108,0.243099,0.720288,0.578190,-0.602700,0.290700,2.225100,0.243100,0.720300,0.578200,,,,,,,1
433,1787660033.7017,1787660033.7156,0.05927,-0.575243,0.273049,2.231942,0.260777,0.766990,0.564505,-0.603749,0.303511,2.223826,0.249555,0.702545,0.570378,-0.603700,0.303500,2.223800,0.249600,0.702500,0.570400,,,,,,,0
434,1787660033.7683,1787660033.7815,0.06661,-0.590583,0.292990,2.231942,0.256175,0.740913,0.573709,-0.603811,0.317874,2.227520,0.241550,0.678175,0.573463,-0.603800,0.317900,2.227500,0.241600,0.678200,0.573500,,,,,,,1
435,1787660033.8072,1787660033.8206,0.03891,-0.595185,0.299126,2.231942,0.246971,0.728641,0.573709,-0.606646,0.325684,2.229001,0.228036,0.665912,0.567447,-0.606600,0.325700,2.229000,0.228000,0.665900,0.567400,,,,,,,1
436,1787660033.864,1787660033.8775,0.05672,-0.595185,0.312932,2.231942,0.246971,0.707165,0.572175,-0.605515,0.338015,2.225645,0.209262,0.660585,0.572626,-0.605500,0.338000,2.225600,0.209300,0.660600,0.572600,,,,,,,0
437,1787660033.9195,1787660033.9345,0.05556,-0.595185,0.331340,2.231942,0.236233,0.684155,0.572175,-0.626020,0.336061,2.239072,0.186288,0.632827,0.576829,-0.626000,0.336100,2.239100,0.186300,0.632800,0.576800,,,,,,,0
438,1787660033.9592,1787660033.9724,0.03973,-0.595185,0.335942,2.231942,0.230097,0.673418,0.572175,-0.629664,0.347061,2.230776,0.199417,0.641319,0.583928,-0.629700,0.347100,2.230800,0.199400,0.641300,0.583900,,,,,,,0
439,1787660034.016,1787660034.0295,0.05678,-0.596719,0.343612,2.231942,0.211689,0.664214,0.572175,-0.644432,0.339877,2.236455,0.203426,0.637690,0.591521,-0.644400,0.339900,2.236500,0.203400,0.637700,0.591500,,,,,,,0
440,1787660034.0548,1787660034.0693,0.03873,-0.604388,0.343612,2.231942,0.196350,0.655010,0.576777,-0.649662,0.338716,2.239360,0.207120,0.615860,0.597307,-0.649700,0.338700,2.239400,0.207100,0.615900,0.597300,,,,,,,0
441,1787660034.1139,1787660034.1284,0.05913,-0.622796,0.354350,2.238078,0.191748,0.645806,0.587515,-0.647501,0.332446,2.236669,0.215320,0.633643,0.603819,-0.647500,0.332400,2.236700,0.215300,0.633600,0.603800,,,,,,,0
442,1787660034.1803,1787660034.1944,0.06642,-0.638136,0.355884,2.239612,0.200951,0.633534,0.592117,-0.667742,0.331974,2.241640,0.218116,0.602611,0.597820,-0.667700,0.332000,2.241600,0.218100,0.602600,0.597800,,,,,,,0
443,1787660034.2191,1787660034.2335,0.03882,-0.641204,0.354350,2.241146,0.204019,0.624330,0.598253,-0.667144,0.343560,2.250120,0.213511,0.578418,0.595661,-0.667100,0.343600,2.250100,0.213500,0.578400,0.595700,,,,,,,0
444,1787660034.276,1787660034.2907,0.0569,-0.641204,0.354350,2.241146,0.213223,0.624330,0.601320,-0.676883,0.338583,2.244201,0.215586,0.525458,0.600943,-0.676900,0.338600,2.244200,0.215600,0.525500,0.600900,,,,,,,0
445,1787660034.3432,1787660034.3566,0.06716,-0.653476,0.354350,2.244214,0.211689,0.625864,0.601320,-0.692253,0.337709,2.242178,0.203440,0.539001,0.601534,-0.692300,0.337700,2.242200,0.203400,0.539000,0.601500,,,,,,,0
446,1787660034.3824,1787660034.3956,0.03917,-0.662680,0.354350,2.248816,0.213223,0.607456,0.599786,-0.699284,0.343642,2.242834,0.201838,0.517111,0.596830,-0.699300,0.343600,2.242800,0.201800,0.517100,0.596800,,,,,,,0
447,1787660034.438,1787660034.4526,0.05566,-0.668816,0.354350,2.250350,0.214757,0.561437,0.599786,-0.713422,0.356566,2.253572,0.196523,0.501130,0.596842,-0.713400,0.356600,2.253600,0.196500,0.501100,0.596800,,,,,,,0
448,1787660034.4773,1787660034.4906,0.0393,-0.673418,0.354350,2.248816,0.207087,0.541495,0.599786,-0.721142,0.365625,2.253031,0.196476,0.504889,0.603017,-0.721100,0.365600,2.253000,0.196500,0.504900,0.603000,,,,,,,0
449,1787660034.5359,1787660034.5505,0.05862,-0.690291,0.354350,2.248816,0.205553,0.521553,0.599786,-0.717353,0.376648,2.248226,0.189862,0.496216,0.608032,-0.717400,0.376600,2.248200,0.189900,0.496200,0.608000,,,,,,,0
450,1787660034.6023,1787660034.6166,0.06642,-0.707165,0.372757,2.251884,0.199418,0.509282,0.599786,-0.705719,0.379817,2.252218,0.187136,0.501964,0.604526,-0.705700,0.379800,2.252200,0.187100,0.502000,0.604500,,,,,,,1
451,1787660034.6413,1787660034.6555,0.039,-0.710233,0.374291,2.251884,0.199418,0.507748,0.601320,-0.711905,0.390419,2.255759,0.197254,0.456710,0.599940,-0.711900,0.390400,2.255800,0.197300,0.456700,0.599900,,,,,,,1
452,1787660034.6989,1787660034.7126,0.05751,-0.710233,0.385029,2.251884,0.191748,0.501612,0.601320,-0.714698,0.404441,2.258100,0.190492,0.429873,0.600982,-0.714700,0.404400,2.258100,0.190500,0.429900,0.601000,,,,,,,0
453,1787660034.7541,1787660034.7685,0.05521,-0.710233,0.392699,2.251884,0.190214,0.500078,0.601320,-0.717923,0.401637,2.270107,0.183443,0.442247,0.611509,-0.717900,0.401600,2.270100,0.183400,0.442200,0.611500,,,,,,,1
454,1787660034.7927,1787660034.8075,0.03864,-0.710233,0.400369,2.256486,0.190214,0.486272,0.601320,-0.715338,0.414222,2.265159,0.177791,0.458906,0.616472,-0.715300,0.414200,2.265200,0.177800,0.458900,0.616500,,,,,,,1
455,1787660034.8495,1787660034.8645,0.05677,-0.710233,0.411107,2.258020,0.190214,0.450990,0.605922,-0.712791,0.420591,2.266837,0.187130,0.444724,0.602737,-0.712800,0.420600,2.266800,0.187100,0.444700,0.602700,,,,,,,0
456,1787660034.8885,1787660034.9033,0.03901,-0.710233,0.412641,2.262622,0.182544,0.440252,0.610524,-0.713484,0.422469,2.258395,0.175334,0.430671,0.614991,-0.713500,0.422500,2.258400,0.175300,0.430700,0.615000,,,,,,,0
457,1787660034.948,1787660034.9626,0.05949,-0.710233,0.421845,2.268758,0.182544,0.438719,0.608990,-0.722427,0.415294,2.267398,0.171940,0.427007,0.616346,-0.722400,0.415300,2.267400,0.171900,0.427000,0.616300,,,,,,,0
458,1787660035.0028,1787660035.0177,0.05487,-0.710233,0.429515,2.265690,0.179476,0.441786,0.608990,-0.729603,0.414685,2.257416,0.175708,0.421176,0.618871,-0.729600,0.414700,2.257400,0.175700,0.421200,0.618900,,,,,,,0
459,1787660035.0591,1787660035.0724,0.05628,-0.710233,0.429515,2.267224,0.174874,0.434117,0.608990,-0.744006,0.402876,2.259212,0.175936,0.428082,0.618829,-0.744000,0.402900,2.259200,0.175900,0.428100,0.618800,,,,,,,0
460,1787660035.0984,1787660035.1135,0.03925,-0.713301,0.429515,2.267224,0.168738,0.431049,0.610524,-0.760339,0.396877,2.261135,0.176794,0.405661,0.613974,-0.760300,0.396900,2.261100,0.176800,0.405700,0.614000,,,,,,,0
461,1787660035.1552,1787660035.1695,0.0568,-0.722505,0.429515,2.265690,0.177942,0.426447,0.613592,-0.759405,0.392637,2.257973,0.175216,0.405176,0.619322,-0.759400,0.392600,2.258000,0.175200,0.405200,0.619300,,,,,,,0
462,1787660035.1942,1787660035.2096,0.03907,-0.730175,0.427981,2.265690,0.177942,0.426447,0.613592,-0.772685,0.391108,2.267421,0.175870,0.402400,0.617764,-0.772700,0.391100,2.267400,0.175900,0.402400,0.617800,,,,,,,0
463,1787660035.251,1787660035.2656,0.05677,-0.748583,0.426447,2.265690,0.177942,0.414175,0.613592,-0.768055,0.420927,2.264820,0.173331,0.379442,0.607146,-0.768100,0.420900,2.264800,0.173300,0.379400,0.607100,,,,,,,0
464,1787660035.3205,1787660035.3357,0.06944,-0.757787,0.426447,2.267224,0.177942,0.406505,0.613592,-0.784174,0.424926,2.253892,0.164862,0.338292,0.613010,-0.784200,0.424900,2.253900,0.164900,0.338300,0.613000,,,,,,,0
465,1787660035.3591,1787660035.3734,0.03869,-0.760854,0.426447,2.268758,0.177942,0.404971,0.613592,-0.785910,0.420005,2.259635,0.155835,0.326598,0.607553,-0.785900,0.420000,2.259600,0.155800,0.326600,0.607600,,,,,,,0
466,1787660035.4163,1787660035.4296,0.05715,-0.763922,0.426447,2.268758,0.174874,0.386563,0.613592,-0.791685,0.411580,2.266280,0.159392,0.339960,0.611576,-0.791700,0.411600,2.266300,0.159400,0.340000,0.611600,,,,,,,0
467,1787660035.4537,1787660035.4686,0.03742,-0.768524,0.431049,2.265690,0.167204,0.366621,0.613592,-0.795589,0.411861,2.263617,0.154466,0.298834,0.614317,-0.795600,0.411900,2.263600,0.154500,0.298800,0.614300,,,,,,,0
468,1787660035.5048,1787660035.5195,0.05108,-0.774660,0.434117,2.265690,0.158000,0.340544,0.610524,-0.794991,0.427467,2.254759,0.148471,0.224660,0.613716,-0.795000,0.427500,2.254800,0.148500,0.224700,0.613700,,,,,,,0
469,1787660035.5611,1787660035.5755,0.05635,-0.785398,0.432583,2.267224,0.159534,0.325204,0.610524,-0.786083,0.428757,2.261264,0.138513,0.145013,0.610371,-0.786100,0.428800,2.261300,0.138500,0.145000,0.610400,,,,,,,1
470,1787660035.6285,1787660035.6425,0.06734,-0.788466,0.434117,2.265690,0.151864,0.292990,0.610524,-0.800141,0.422907,2.257659,0.141009,0.192263,0.612983,-0.800100,0.422900,2.257700,0.141000,0.192300,0.613000,,,,,,,1
471,1787660035.668,1787660035.6825,0.0395,-0.788466,0.434117,2.265690,0.150330,0.263845,0.610524,-0.804875,0.428315,2.271616,0.139568,0.226513,0.608645,-0.804900,0.428300,2.271600,0.139600,0.226500,0.608600,,,,,,,0
472,1787660035.725,1787660035.7384,0.05698,-0.788466,0.437185,2.265690,0.142660,0.205553,0.610524,-0.810412,0.448164,2.275792,0.122932,0.267714,0.617459,-0.810400,0.448200,2.275800,0.122900,0.267700,0.617500,,,,,,,1
473,1787660035.7913,1787660035.8054,0.06636,-0.794602,0.437185,2.267224,0.141126,0.162602,0.610524,-0.806528,0.463960,2.267945,0.124187,0.273729,0.614927,-0.806500,0.464000,2.267900,0.124200,0.273700,0.614900,,,,,,,1
474,1787660035.8308,1787660035.8456,0.03947,-0.796136,0.437185,2.271826,0.141126,0.153398,0.610524,-0.808302,0.458689,2.272331,0.119082,0.280223,0.619735,-0.808300,0.458700,2.272300,0.119100,0.280200,0.619700,,,,,,,0
475,1787660035.8874,1787660035.9025,0.0566,-0.800738,0.455592,2.276427,0.127320,0.154932,0.610524,-0.815767,0.467796,2.261874,0.121247,0.282568,0.621028,-0.815800,0.467800,2.261900,0.121200,0.282600,0.621000,,,,,,,0
476,1787660035.9436,1787660035.9584,0.05624,-0.800738,0.472466,2.273360,0.121184,0.199418,0.615126,-0.813797,0.471263,2.277330,0.126951,0.285932,0.617709,-0.813800,0.471300,2.277300,0.127000,0.285900,0.617700,,,,,,,0
477,1787660035.9828,1787660035.9975,0.03913,-0.800738,0.472466,2.274894,0.125786,0.230097,0.615126,-0.818527,0.472432,2.273594,0.129827,0.264311,0.619418,-0.818500,0.472400,2.273600,0.129800,0.264300,0.619400,,,,,,,0
478,1787660036.0394,1787660036.0535,0.0566,-0.803806,0.474000,2.273360,0.119651,0.268447,0.615126,-0.827075,0.461880,2.272713,0.140927,0.269350,0.620620,-0.827100,0.461900,2.272700,0.140900,0.269400,0.620600,,,,,,,0
479,1787660036.0783,1787660036.0914,0.03893,-0.806874,0.480136,2.273360,0.121184,0.280718,0.615126,-0.823122,0.448370,2.285934,0.141079,0.298240,0.617291,-0.823100,0.448400,2.285900,0.141100,0.298200,0.617300,,,,,,,0
480,1787660036.1371,1787660036.1516,0.05883,-0.808408,0.481670,2.277961,0.131922,0.280718,0.615126,-0.833176,0.473739,2.275808,0.141807,0.266817,0.617108,-0.833200,0.473700,2.275800,0.141800,0.266800,0.617100,,,,,,,0
481,1787660036.2036,1787660036.2187,0.06645,-0.813010,0.480136,2.273360,0.133456,0.280718,0.615126,-0.825604,0.480959,2.268632,0.136102,0.284275,0.613809,-0.825600,0.481000,2.268600,0.136100,0.284300,0.613800,,,,,,,0
482,1787660036.2402,1787660036.2536,0.03665,-0.816078,0.478602,2.284097,0.141126,0.289922,0.615126,-0.822653,0.484151,2.267916,0.139278,0.285818,0.615994,-0.822700,0.484200,2.267900,0.139300,0.285800,0.616000,,,,,,,0
483,1787660036.2921,1787660036.3064,0.05182,-0.819146,0.478602,2.284097,0.144194,0.294524,0.615126,-0.822955,0.479040,2.270985,0.147750,0.287100,0.616598,-0.823000,0.479000,2.271000,0.147800,0.287100,0.616600,,,,,,,0
484,1787660036.3483,1787660036.3615,0.05627,-0.820680,0.490874,2.274894,0.136524,0.289922,0.615126,-0.834502,0.476211,2.268006,0.139402,0.275726,0.617886,-0.834500,0.476200,2.268000,0.139400,0.275700,0.617900,,,,,,,0
485,1787660036.4043,1787660036.4185,0.05598,-0.820680,0.493942,2.274894,0.144194,0.289922,0.615126,-0.833004,0.479283,2.269397,0.138709,0.281522,0.618583,-0.833000,0.479300,2.269400,0.138700,0.281500,0.618600,,,,,,,0
486,1787660036.4434,1787660036.4596,0.03905,-0.820680,0.493942,2.274894,0.144194,0.289922,0.615126,-0.829509,0.483199,2.266486,0.135188,0.279798,0.618045,-0.829500,0.483200,2.266500,0.135200,0.279800,0.618000,,,,,,,0
487,1787660036.5001,1787660036.5145,0.05675,-0.823748,0.492408,2.274894,0.141126,0.282252,0.615126,-0.844657,0.492904,2.261259,0.128338,0.246837,0.614846,-0.844700,0.492900,2.261300,0.128300,0.246800,0.614800,,,,,,,0
488,1787660036.5392,1787660036.5546,0.03911,-0.825282,0.492408,2.274894,0.141126,0.282252,0.615126,-0.842865,0.502463,2.265913,0.130451,0.269444,0.621833,-0.842900,0.502500,2.265900,0.130500,0.269400,0.621800,,,,,,,1
489,1787660036.5984,1787660036.6116,0.05917,-0.825282,0.492408,2.273360,0.136524,0.280718,0.615126,-0.846525,0.500655,2.271047,0.128206,0.255333,0.630681,-0.846500,0.500700,2.271000,0.128200,0.255300,0.630700,,,,,,,1
490,1787660036.6648,1787660036.6786,0.06637,-0.832952,0.509282,2.270292,0.127320,0.269981,0.615126,-0.845184,0.511168,2.259897,0.118714,0.262264,0.635739,-0.845200,0.511200,2.259900,0.118700,0.262300,0.635700,,,,,,,1
491,1787660036.7037,1787660036.7175,0.03897,-0.836020,0.513884,2.270292,0.130388,0.269981,0.622796,-0.853574,0.513187,2.260163,0.121527,0.256809,0.631255,-0.853600,0.513200,2.260200,0.121500,0.256800,0.631300,,,,,,,1
492,1787660036.761,1787660036.7748,0.05731,-0.837554,0.512350,2.273360,0.131922,0.262311,0.628932,-0.859898,0.514910,2.270623,0.114186,0.236917,0.630966,-0.859900,0.514900,2.270600,0.114200,0.236900,0.631000,,,,,,,0
493,1787660036.8278,1787660036.8426,0.06672,-0.842155,0.523087,2.264156,0.116583,0.260777,0.628932,-0.860516,0.519993,2.260178,0.101056,0.250112,0.632860,-0.860500,0.520000,2.260200,0.101100,0.250100,0.632900,,,,,,,0
494,1787660036.867,1787660036.8805,0.03929,-0.845223,0.526155,2.264156,0.119651,0.259243,0.628932,-0.857473,0.523323,2.257021,0.112631,0.251876,0.635253,-0.857500,0.523300,2.257000,0.112600,0.251900,0.635300,,,,,,,0
495,1787660036.9243,1787660036.9375,0.05724,-0.851359,0.524621,2.267224,0.113515,0.245437,0.628932,-0.854120,0.533746,2.252085,0.102690,0.251987,0.637095,-0.854100,0.533700,2.252100,0.102700,0.252000,0.637100,,,,,,,0
496,1787660036.9794,1787660036.9925,0.05515,-0.852893,0.529223,2.261088,0.101243,0.243903,0.628932,-0.852954,0.536929,2.257070,0.110279,0.257526,0.631528,-0.853000,0.536900,2.257100,0.110300,0.257500,0.631500,,,,,,,0
497,1787660037.0191,1787660037.0325,0.0397,-0.852893,0.532291,2.262622,0.110447,0.246971,0.628932,-0.854648,0.530488,2.257282,0.106880,0.245697,0.627769,-0.854600,0.530500,2.257300,0.106900,0.245700,0.627800,,,,,,,0
498,1787660037.0758,1787660037.0907,0.05667,-0.852893,0.541495,2.261088,0.104311,0.250039,0.628932,-0.852583,0.543887,2.255174,0.096932,0.241913,0.626285,-0.852600,0.543900,2.255200,0.096900,0.241900,0.626300,,,,,,,0
499,1787660037.1322,1787660037.1457,0.05641,-0.852893,0.546097,2.262622,0.107379,0.254641,0.628932,-0.851551,0.550689,2.253420,0.092067,0.228933,0.620633,-0.851600,0.550700,2.253400,0.092100,0.228900,0.620600,,,,,,,0
500,1787660037.1719,1787660037.1867,0.03971,-0.852893,0.546097,2.264156,0.108913,0.253107,0.628932,-0.844925,0.554202,2.244807,0.085541,0.215051,0.620147,-0.844900,0.554200,2.244800,0.085500,0.215100,0.620100,,,,,,,0
501,1787660037.2288,1787660037.2436,0.05688,-0.852893,0.552233,2.261088,0.092039,0.245437,0.628932,-0.843128,0.550758,2.247442,0.074708,0.241569,0.616233,-0.843100,0.550800,2.247400,0.074700,0.241600,0.616200,,,,,,,0
502,1787660037.2846,1787660037.2993,0.05579,-0.852893,0.558369,2.256486,0.093573,0.228563,0.625864,-0.849612,0.561952,2.233697,0.068239,0.224548,0.617075,-0.849600,0.562000,2.233700,0.068200,0.224500,0.617100,,,,,,,0
503,1787660037.3241,1787660037.3383,0.03953,-0.849825,0.559903,2.251884,0.087437,0.222427,0.624330,-0.856175,0.570522,2.234921,0.076012,0.228252,0.626058,-0.856200,0.570500,2.234900,0.076000,0.228300,0.626100,,,,,,,0
504,1787660037.3808,1787660037.3956,0.0567,-0.848291,0.559903,2.251884,0.076699,0.227029,0.622796,-0.846695,0.559843,2.247754,0.075339,0.234383,0.545572,-0.846700,0.559800,2.247800,0.075300,0.234400,0.545600,,,,,,,0
505,1787660037.4198,1787660037.4336,0.03902,-0.848291,0.567573,2.245748,0.073631,0.234699,0.622796,-0.860769,0.571527,2.231275,0.063371,0.228901,0.610595,-0.860800,0.571500,2.231300,0.063400,0.228900,0.610600,,,,,,,0
506,1787660037.4795,1787660037.4936,0.05967,-0.848291,0.573709,2.241146,0.073631,0.234699,0.613592,-0.856560,0.574857,2.238630,0.074723,0.217790,0.578781,-0.856600,0.574900,2.238600,0.074700,0.217800,0.578800,,,,,,,1
507,1787660037.5459,1787660037.5606,0.06638,-0.848291,0.573709,2.241146,0.069029,0.234699,0.547631,-0.866625,0.577006,2.236045,0.070447,0.208792,0.614446,-0.866600,0.577000,2.236000,0.070400,0.208800,0.614400,,,,,,,1
508,1787660037.5847,1787660037.5986,0.03877,-0.848291,0.576777,2.241146,0.067495,0.234699,0.602854,-0.860529,0.565834,2.241194,0.075611,0.214750,0.601754,-0.860500,0.565800,2.241200,0.075600,0.214800,0.601800,,,,,,,0
509,1787660037.6425,1787660037.6586,0.05784,-0.849825,0.578311,2.238078,0.069029,0.222427,0.581379,-0.874238,0.579623,2.241723,0.050287,0.168688,0.573048,-0.874200,0.579600,2.241700,0.050300,0.168700,0.573000,,,,,,,1
510,1787660037.6978,1787660037.7126,0.05526,-0.854427,0.579845,2.238078,0.069029,0.216291,0.607456,-0.869004,0.567950,2.249324,0.062890,0.186503,0.352314,-0.869000,0.568000,2.249300,0.062900,0.186500,0.352300,,,,,,,1
511,1787660037.7366,1787660037.7516,0.03886,-0.854427,0.579845,2.238078,0.069029,0.216291,0.595185,-0.864059,0.571889,2.256714,0.061447,0.193483,0.278345,-0.864100,0.571900,2.256700,0.061400,0.193500,0.278300,,,,,,,0
512,1787660037.7933,1787660037.8064,0.05666,-0.859029,0.581379,2.238078,0.059825,0.197884,0.556835,-0.862684,0.569151,2.255397,0.060773,0.214089,0.239117,-0.862700,0.569200,2.255400,0.060800,0.214100,0.239100,,,,,,,0
513,1787660037.8327,1787660037.8477,0.03938,-0.860563,0.581379,2.241146,0.055223,0.191748,0.461728,-0.866121,0.568267,2.246344,0.054817,0.200247,0.173299,-0.866100,0.568300,2.246300,0.054800,0.200200,0.173300,,,,,,,0
514,1787660037.8916,1787660037.9064,0.05891,-0.865165,0.578311,2.247282,0.050621,0.194816,0.266913,-0.871035,0.564581,2.241679,0.056293,0.195878,0.149048,-0.871000,0.564600,2.241700,0.056300,0.195900,0.149000,,,,,,,0
515,1787660037.9469,1787660037.9617,0.05534,-0.866699,0.578311,2.247282,0.053689,0.210155,0.184078,-0.878799,0.567336,2.240168,0.052379,0.189678,0.125088,-0.878800,0.567300,2.240200,0.052400,0.189700,0.125100,,,,,,,0
516,1787660038.003,1787660038.0177,0.05614,-0.866699,0.578311,2.244214,0.052155,0.208621,0.154932,-0.889216,0.574378,2.232203,0.044722,0.190457,0.110835,-0.889200,0.574400,2.232200,0.044700,0.190500,0.110800,,,,,,,0
517,1787660038.0423,1787660038.0557,0.03924,-0.866699,0.578311,2.244214,0.052155,0.200951,0.141126,-0.878817,0.559983,2.246469,0.050394,0.170090,0.091261,-0.878800,0.560000,2.246500,0.050400,0.170100,0.091300,,,,,,,0
518,1787660038.0987,1787660038.1136,0.05645,-0.872835,0.578311,2.239612,0.053689,0.194816,0.119651,-0.881066,0.560292,2.235020,0.053248,0.166796,0.010458,-0.881100,0.560300,2.235000,0.053200,0.166800,0.010500,,,,,,,0
519,1787660038.1383,1787660038.1516,0.03958,-0.878971,0.578311,2.236544,0.052155,0.193282,0.104311,-0.894047,0.553584,2.239083,0.048384,0.166288,0.010006,-0.894000,0.553600,2.239100,0.048400,0.166300,0.010000,,,,,,,0
520,1787660038.1976,1787660038.2125,0.05925,-0.882039,0.576777,2.239612,0.050621,0.177942,0.081301,-0.883862,0.555854,2.253114,0.039774,0.167710,0.001262,-0.883900,0.555900,2.253100,0.039800,0.167700,0.001300,,,,,,,0
521,1787660038.264,1787660038.2775,0.0664,-0.882039,0.576777,2.238078,0.044485,0.170272,0.006136,-0.873410,0.547025,2.255078,0.049043,0.190932,-0.021624,-0.873400,0.547000,2.255100,0.049000,0.190900,-0.021600,,,,,,,0
522,1787660038.3034,1787660038.3175,0.03947,-0.883573,0.576777,2.238078,0.044485,0.170272,0.006136,-0.879011,0.519061,2.254609,0.048880,0.183190,-0.026020,-0.879000,0.519100,2.254600,0.048900,0.183200,-0.026000,,,,,,,0
523,1787660038.3603,1787660038.3734,0.0569,-0.883573,0.576777,2.245748,0.042951,0.170272,-0.010738,-0.878372,0.487740,2.263535,0.049895,0.160468,-0.024132,-0.878400,0.487700,2.263500,0.049900,0.160500,-0.024100,,,,,,,0
524,1787660038.4155,1787660038.4295,0.05516,-0.882039,0.569107,2.248816,0.042951,0.179476,-0.023010,-0.878208,0.462048,2.251788,0.047223,0.173626,-0.024077,-0.878200,0.462000,2.251800,0.047200,0.173600,-0.024100,,,,,,,0
525,1787660038.4544,1787660038.4675,0.03887,-0.878971,0.559903,2.256486,0.042951,0.179476,-0.023010,-0.876850,0.406562,2.257148,0.039237,0.145425,-0.025248,-0.876900,0.406600,2.257100,0.039200,0.145400,-0.025200,,,,,,,1
526,1787660038.5112,1787660038.5246,0.0568,-0.878971,0.533825,2.271826,0.052155,0.171806,-0.021476,-0.876482,0.347041,2.274619,0.044843,0.151506,-0.024632,-0.876500,0.347000,2.274600,0.044800,0.151500,-0.024600,,,,,,,1
527,1787660038.5499,1787660038.5635,0.03876,-0.878971,0.512350,2.262622,0.049087,0.167204,-0.021476,-0.853758,0.314446,2.266704,0.036255,0.120789,-0.022467,-0.853800,0.314400,2.266700,0.036300,0.120800,-0.022500,,,,,,,0
528,1787660038.6095,1787660038.6235,0.05959,-0.878971,0.464796,2.261088,0.038350,0.153398,-0.021476,-0.813138,0.231753,2.259737,0.030927,0.101926,-0.024690,-0.813100,0.231800,2.259700,0.030900,0.101900,-0.024700,,,,,,,1
529,1787660038.6762,1787660038.6895,0.06668,-0.874369,0.408039,2.274894,0.042951,0.148796,-0.021476,-0.775508,0.191900,2.256051,0.019907,0.107977,-0.023549,-0.775500,0.191900,2.256100,0.019900,0.108000,-0.023500,,,,,,,1
530,1787660038.7147,1787660038.7296,0.03851,-0.866699,0.378893,2.273360,0.038350,0.136524,-0.019942,-0.743084,0.163269,2.250498,0.024306,0.125990,-0.022334,-0.743100,0.163300,2.250500,0.024300,0.126000,-0.022300,,,,,,,0
531,1787660038.7714,1787660038.7854,0.05673,-0.832952,0.319068,2.267224,0.032214,0.111981,-0.019942,-0.716865,0.135046,2.239081,0.018263,0.131073,-0.023294,-0.716900,0.135000,2.239100,0.018300,0.131100,-0.023300,,,,,,,0
532,1787660038.8266,1787660038.8417,0.05522,-0.793068,0.262311,2.267224,0.024544,0.110447,-0.019942,-0.662403,0.092586,2.240251,0.020799,0.157740,-0.026238,-0.662400,0.092600,2.240300,0.020800,0.157700,-0.026200,,,,,,,0
533,1787660038.8654,1787660038.8796,0.0388,-0.765456,0.228563,2.265690,0.024544,0.119651,-0.019942,-0.616090,0.058383,2.227033,0.025308,0.172506,-0.029641,-0.616100,0.058400,2.227000,0.025300,0.172500,-0.029600,,,,,,,0
534,1787660038.9219,1787660038.9366,0.05647,-0.728641,0.182544,2.253418,0.023010,0.130388,-0.019942,-0.564220,0.032367,2.247419,0.017198,0.237234,-0.028878,-0.564200,0.032400,2.247400,0.017200,0.237200,-0.028900,,,,,,,0
535,1787660038.9608,1787660038.9744,0.03888,-0.710233,0.158000,2.251884,0.023010,0.141126,-0.019942,-0.526262,0.004783,2.249464,0.018105,0.250631,-0.031803,-0.526300,0.004800,2.249500,0.018100,0.250600,-0.031800,,,,,,,0
536,1787660039.0231,1787660039.0373,0.06227,-0.659612,0.110447,2.245748,0.023010,0.168738,-0.024544,-0.477686,-0.009338,2.248745,0.009849,0.330546,-0.030736,-0.477700,-0.009300,2.248700,0.009800,0.330500,-0.030700,,,,,,,0
537,1787660039.0881,1787660039.1026,0.06504,-0.590583,0.062893,2.250350,0.021476,0.210155,-0.027612,-0.429892,-0.015157,2.254771,0.002092,0.405693,-0.031846,-0.429900,-0.015200,2.254800,0.002100,0.405700,-0.031800,,,,,,,0
538,1787660039.1268,1787660039.1415,0.03871,-0.561437,0.042951,2.253418,0.021476,0.234699,-0.027612,-0.396227,-0.012653,2.258785,0.003350,0.455689,-0.027627,-0.396200,-0.012700,2.258800,0.003300,0.455700,-0.027600,,,,,,,0
539,1787660039.1846,1787660039.1985,0.05775,-0.512350,0.019942,2.253418,0.012272,0.285320,-0.027612,-0.333665,-0.039086,2.241458,0.000016,0.534767,-0.028690,-0.333700,-0.039100,2.241500,0.000000,0.534800,-0.028700,,,,,,,0
540,1787660039.251,1787660039.2655,0.06641,-0.450990,0.015340,2.261088,0.007670,0.360485,-0.027612,-0.290989,-0.046024,2.230865,-0.004771,0.578671,-0.029284,-0.291000,-0.046000,2.230900,-0.004800,0.578700,-0.029300,,,,,,,0
541,1787660039.2901,1787660039.3044,0.03913,-0.421845,0.015340,2.262622,0.007670,0.400369,-0.027612,-0.245239,-0.042942,2.213438,-0.005709,0.638714,-0.026297,-0.245200,-0.042900,2.213400,-0.005700,0.638700,-0.026300,,,,,,,0
542,1787660039.3477,1787660039.3626,0.05764,-0.377359,0.004602,2.258020,0.006136,0.467864,-0.027612,-0.213851,-0.048883,2.191472,-0.007349,0.697316,-0.026030,-0.213900,-0.048900,2.191500,-0.007300,0.697300,-0.026000,,,,,,,0
543,1787660039.4143,1787660039.4295,0.06658,-0.312932,-0.018408,2.238078,-0.001534,0.547631,-0.027612,-0.187340,-0.048754,2.172576,-0.002995,0.792879,-0.024414,-0.187300,-0.048800,2.172600,-0.003000,0.792900,-0.024400,,,,,,,0
544,1787660039.4511,1787660039.4645,0.03681,-0.279185,-0.018408,2.227340,-0.001534,0.584447,-0.027612,-0.153857,-0.058387,2.139415,-0.001045,0.891438,-0.026411,-0.153900,-0.058400,2.139400,-0.001000,0.891400,-0.026400,,,,,,,1
545,1787660039.5026,1787660039.5164,0.0515,-0.243903,-0.018408,2.218136,-0.001534,0.639670,-0.027612,-0.136964,-0.059002,2.134905,-0.005907,0.939666,-0.029812,-0.137000,-0.059000,2.134900,-0.005900,0.939700,-0.029800,,,,,,,1
546,1787660039.5691,1787660039.5825,0.06652,-0.199418,-0.026078,2.188991,-0.001534,0.714835,-0.027612,-0.112799,-0.050594,2.108334,-0.005165,0.997537,-0.026046,-0.112800,-0.050600,2.108300,-0.005200,0.997500,-0.026000,,,,,,,0
547,1787660039.606,1787660039.6197,0.03681,-0.173340,-0.027612,2.170583,-0.001534,0.762388,-0.027612,-0.083860,-0.037580,2.072404,0.001079,1.101403,-0.023678,-0.083900,-0.037600,2.072400,0.001100,1.101400,-0.023700,,,,,,,1
548,1787660039.6579,1787660039.6724,0.05194,-0.147262,-0.027612,2.155243,-0.001534,0.837554,-0.027612,-0.074500,-0.023391,2.061441,-0.004776,1.158886,-0.023197,-0.074500,-0.023400,2.061400,-0.004800,1.158900,-0.023200,,,,,,,1
549,1787660039.7242,1787660039.7394,0.06632,-0.124252,-0.027612,2.141437,-0.001534,0.929592,-0.027612,-0.059390,-0.030844,2.057162,-0.009790,1.198439,-0.028403,-0.059400,-0.030800,2.057200,-0.009800,1.198400,-0.028400,,,,,,,0
550,1787660039.7629,1787660039.7787,0.03868,-0.105845,-0.026078,2.119961,-0.001534,0.983282,-0.027612,-0.052157,-0.014613,2.056439,-0.014381,1.211346,-0.021265,-0.052200,-0.014600,2.056400,-0.014400,1.211300,-0.021300,,,,,,,0
551,1787660039.8196,1787660039.8326,0.05666,-0.079767,-0.016874,2.084680,-0.001534,1.066117,-0.027612,-0.040014,-0.015705,2.079603,0.006395,1.250677,-0.025955,-0.040000,-0.015700,2.079600,0.006400,1.250700,-0.026000,,,,,,,0
552,1787660039.8573,1787660039.8704,0.03775,-0.069029,-0.016874,2.077010,-0.003068,1.112136,-0.027612,-0.052023,-0.012414,2.108989,0.016867,1.283591,-0.023682,-0.052000,-0.012400,2.109000,0.016900,1.283600,-0.023700,,,,,,,0
553,1787660039.9089,1787660039.9235,0.05161,-0.061359,-0.013806,2.077010,-0.007670,1.165825,-0.026078,-0.066347,-0.000956,2.139940,0.024610,1.299423,-0.022307,-0.066300,-0.001000,2.139900,0.024600,1.299400,-0.022300,,,,,,,0
554,1787660039.9753,1787660039.9895,0.06635,-0.053689,-0.006136,2.080078,0.000000,1.227185,-0.026078,-0.086277,-0.009060,2.199008,0.047294,1.250151,-0.002512,-0.086300,-0.009100,2.199000,0.047300,1.250200,-0.002500,,,,,,,0
555,1787660040.0147,1787660040.0295,0.03946,-0.053689,-0.004602,2.100020,0.012272,1.254796,-0.026078,-0.161451,-0.008420,2.189052,0.090216,1.254279,-0.008609,-0.161500,-0.008400,2.189100,0.090200,1.254300,-0.008600,,,,,,,0
556,1787660040.0718,1787660040.0866,0.05709,-0.056757,0.003068,2.136835,0.021476,1.288544,-0.018408,-0.212564,-0.006956,2.207852,0.106219,1.241527,-0.012806,-0.212600,-0.007000,2.207900,0.106200,1.241500,-0.012800,,,,,,,0
557,1787660040.1381,1787660040.1515,0.06625,-0.081301,0.006136,2.179787,0.050621,1.293146,-0.003068,-0.267024,-0.006658,2.224065,0.150392,1.143944,0.050627,-0.267000,-0.006700,2.224100,0.150400,1.143900,0.050600,,,,,,,0
558,1787660040.175,1787660040.1886,0.0369,-0.107379,0.004602,2.190525,0.072097,1.280874,-0.004602,-0.318195,0.001985,2.234521,0.173069,1.094579,0.206019,-0.318200,0.002000,2.234500,0.173100,1.094600,0.206000,,,,,,,0
559,1787660040.2269,1787660040.2404,0.0519,-0.158000,0.004602,2.205864,0.096641,1.254796,-0.007670,-0.359828,0.010360,2.241053,0.207185,1.062522,0.324400,-0.359800,0.010400,2.241100,0.207200,1.062500,0.324400,,,,,,,0
560,1787660040.2933,1787660040.3063,0.06641,-0.220893,0.004602,2.225806,0.124252,1.221049,0.142660,-0.388346,0.013339,2.238889,0.212565,1.082727,0.383322,-0.388300,0.013300,2.238900,0.212600,1.082700,0.383300,,,,,,,0
561,1787660040.3302,1787660040.3445,0.03696,-0.254641,0.007670,2.238078,0.153398,1.191903,0.245437,-0.399499,0.020173,2.240766,0.213401,1.115322,0.420506,-0.399500,0.020200,2.240800,0.213400,1.115300,0.420500,,,,,,,0
562,1787660040.3819,1787660040.3965,0.05161,-0.308330,0.018408,2.245748,0.185612,1.136680,0.328272,-0.435894,0.018481,2.232557,0.234936,1.107502,0.442356,-0.435900,0.018500,2.232600,0.234900,1.107500,0.442400,,,,,,,0
563,1787660040.4481,1787660040.4615,0.06627,-0.360485,0.024544,2.247282,0.208621,1.086058,0.427981,-0.451274,0.025995,2.250220,0.250372,1.083461,0.492739,-0.451300,0.026000,2.250200,0.250400,1.083500,0.492700,,,,,,,1
564,1787660040.4849,1787660040.4995,0.03679,-0.380427,0.026078,2.247282,0.210155,1.073787,0.427981,-0.441346,0.039385,2.245058,0.245542,1.095900,0.487515,-0.441300,0.039400,2.245100,0.245500,1.095900,0.487500,,,,,,,1
565,1787660040.5369,1787660040.5505,0.052,-0.408039,0.026078,2.241146,0.225495,1.072253,0.440252,-0.449714,0.045380,2.229345,0.243404,1.053207,0.482408,-0.449700,0.045400,2.229300,0.243400,1.053200,0.482400,,,,,,,0
566,1787660040.6033,1787660040.6186,0.06637,-0.438719,0.039884,2.247282,0.240835,1.087592,0.490874,-0.478244,0.063610,2.254656,0.243231,1.106350,0.507122,-0.478200,0.063600,2.254700,0.243200,1.106300,0.507100,,,,,,,1
567,1787660040.6429,1787660040.6576,0.03963,-0.441786,0.049087,2.248816,0.242369,1.090660,0.489340,-0.496402,0.071122,2.249127,0.254698,1.120651,0.516390,-0.496400,0.071100,2.249100,0.254700,1.120700,0.516400,,,,,,,1
568,1787660040.6998,1787660040.7144,0.05692,-0.441786,0.055223,2.247282,0.242369,1.082990,0.490874,-0.513198,0.080465,2.260731,0.251200,1.113536,0.524399,-0.513200,0.080500,2.260700,0.251200,1.113500,0.524400,,,,,,,0
569,1787660040.7548,1787660040.7696,0.05499,-0.458660,0.069029,2.245748,0.242369,1.072253,0.513884,-0.531600,0.101253,2.250540,0.254544,1.111787,0.533251,-0.531600,0.101300,2.250500,0.254500,1.111800,0.533300,,,,,,,0
570,1787660040.7938,1787660040.8074,0.03901,-0.477068,0.079767,2.251884,0.250039,1.075321,0.518486,-0.556340,0.121821,2.257419,0.247663,1.104221,0.538984,-0.556300,0.121800,2.257400,0.247700,1.104200,0.539000,,,,,,,0
571,1787660040.8502,1787660040.8636,0.05636,-0.504680,0.087437,2.262622,0.250039,1.104466,0.529223,-0.560224,0.145895,2.253715,0.242070,1.123799,0.529326,-0.560200,0.145900,2.253700,0.242100,1.123800,0.529300,,,,,,,0
572,1787660040.8894,1787660040.9043,0.03923,-0.515418,0.093573,2.259554,0.248505,1.109068,0.530757,-0.571690,0.167251,2.258385,0.249674,1.130090,0.524617,-0.571700,0.167300,2.258400,0.249700,1.130100,0.524600,,,,,,,0
573,1787660040.9465,1787660040.9606,0.05704,-0.539961,0.127320,2.259554,0.248505,1.109068,0.530757,-0.569047,0.185077,2.254520,0.248987,1.149253,0.509776,-0.569000,0.185100,2.254500,0.249000,1.149300,0.509800,,,,,,,0
574,1787660041.0071,1787660041.0215,0.06062,-0.555301,0.156466,2.259554,0.248505,1.122874,0.530757,-0.587700,0.217255,2.247726,0.253343,1.137158,0.509327,-0.587700,0.217300,2.247700,0.253300,1.137200,0.509300,,,,,,,0
575,1787660041.041,1787660041.0556,0.03386,-0.559903,0.170272,2.261088,0.248505,1.130544,0.523087,-0.595807,0.232120,2.248444,0.246509,1.104977,0.514975,-0.595800,0.232100,2.248400,0.246500,1.105000,0.515000,,,,,,,0
576,1787660041.1021,1787660041.1165,0.06114,-0.562971,0.194816,2.261088,0.248505,1.145884,0.512350,-0.602784,0.249867,2.255731,0.235587,1.100149,0.510871,-0.602800,0.249900,2.255700,0.235600,1.100100,0.510900,,,,,,,0
577,1787660041.1576,1787660041.1714,0.0555,-0.575243,0.222427,2.259554,0.248505,1.142816,0.512350,-0.602534,0.266736,2.255018,0.220963,1.096154,0.518236,-0.602500,0.266700,2.255000,0.221000,1.096200,0.518200,,,,,,,0
578,1787660041.1968,1787660041.2115,0.03916,-0.584447,0.234699,2.258020,0.246971,1.125942,0.512350,-0.614547,0.279042,2.258324,0.201362,1.031777,0.511228,-0.614500,0.279000,2.258300,0.201400,1.031800,0.511200,,,,,,,0
579,1787660041.2535,1787660041.2665,0.05676,-0.595185,0.259243,2.259554,0.237767,1.106000,0.512350,-0.612896,0.284470,2.255699,0.191305,1.015998,0.516376,-0.612900,0.284500,2.255700,0.191300,1.016000,0.516400,,,,,,,0
580,1787660041.3093,1787660041.3226,0.05576,-0.596719,0.277651,2.259554,0.217825,1.096796,0.512350,-0.612508,0.299537,2.251492,0.187686,0.992006,0.520663,-0.612500,0.299500,2.251500,0.187700,0.992000,0.520700,,,,,,,0
581,1787660041.3481,1787660041.3625,0.03887,-0.601320,0.288388,2.259554,0.205553,1.079922,0.512350,-0.610058,0.307879,2.253579,0.190301,0.955049,0.523428,-0.610100,0.307900,2.253600,0.190300,0.955000,0.523400,,,,,,,0
582,1787660041.405,1787660041.4185,0.05686,-0.605922,0.294524,2.259554,0.193282,1.041573,0.512350,-0.599991,0.315685,2.251177,0.187185,0.950875,0.522951,-0.600000,0.315700,2.251200,0.187200,0.950900,0.523000,,,,,,,1
583,1787660041.4442,1787660041.4595,0.03917,-0.607456,0.300660,2.258020,0.190214,1.017029,0.515418,-0.600184,0.319561,2.253132,0.173417,0.933282,0.525694,-0.600200,0.319600,2.253100,0.173400,0.933300,0.525700,,,,,,,1
584,1787660041.504,1787660041.5177,0.05986,-0.607456,0.319068,2.258020,0.190214,0.975612,0.521553,-0.612645,0.339513,2.258658,0.134516,0.907734,0.526320,-0.612600,0.339500,2.258700,0.134500,0.907700,0.526300,,,,,,,0
585,1787660041.5705,1787660041.5846,0.06648,-0.605922,0.326738,2.259554,0.182544,0.948000,0.523087,-0.620413,0.333975,2.261934,0.143169,0.840239,0.526489,-0.620400,0.334000,2.261900,0.143200,0.840200,0.526500,,,,,,,1
586,1787660041.6098,1787660041.6246,0.03928,-0.604388,0.326738,2.258020,0.174874,0.937262,0.523087,-0.644845,0.352833,2.265491,0.142256,0.818864,0.534326,-0.644800,0.352800,2.265500,0.142300,0.818900,0.534300,,,,,,,1
587,1787660041.6671,1787660041.6816,0.05727,-0.604388,0.345146,2.259554,0.154932,0.915787,0.523087,-0.644276,0.360439,2.259820,0.140020,0.859245,0.538295,-0.644300,0.360400,2.259800,0.140000,0.859200,0.538300,,,,,,,0
588,1787660041.7334,1787660041.7475,0.06637,-0.619728,0.352816,2.264156,0.144194,0.871301,0.529223,-0.644701,0.366976,2.253857,0.129098,0.823368,0.545269,-0.644700,0.367000,2.253900,0.129100,0.823400,0.545300,,,,,,,0
589,1787660041.7718,1787660041.7865,0.03838,-0.628932,0.360485,2.267224,0.144194,0.846757,0.530757,-0.646052,0.367765,2.256870,0.129777,0.835274,0.548849,-0.646100,0.367800,2.256900,0.129800,0.835300,0.548800,,,,,,,0
590,1787660041.8301,1787660041.8445,0.05825,-0.638136,0.372757,2.265690,0.142660,0.828350,0.539961,-0.651431,0.366756,2.253658,0.142302,0.847301,0.553213,-0.651400,0.366800,2.253700,0.142300,0.847300,0.553200,,,,,,,0
591,1787660041.8852,1787660041.8985,0.05514,-0.638136,0.374291,2.265690,0.131922,0.826816,0.544563,-0.650763,0.357073,2.250606,0.144426,0.860067,0.574492,-0.650800,0.357100,2.250600,0.144400,0.860100,0.574500,,,,,,,0
592,1787660041.9243,1787660041.9393,0.03911,-0.638136,0.375825,2.264156,0.125786,0.834486,0.546097,-0.650513,0.346442,2.255619,0.152361,0.890499,0.555463,-0.650500,0.346400,2.255600,0.152400,0.890500,0.555500,,,,,,,0
593,1787660041.981,1787660041.9955,0.05666,-0.642738,0.377359,2.264156,0.141126,0.845223,0.566039,-0.654130,0.361994,2.254228,0.147385,0.886322,0.546408,-0.654100,0.362000,2.254200,0.147400,0.886300,0.546400,,,,,,,0
594,1787660042.0204,1787660042.0355,0.03939,-0.644272,0.377359,2.261088,0.141126,0.857495,0.570641,-0.657079,0.352191,2.267220,0.145906,0.885645,0.538573,-0.657100,0.352200,2.267200,0.145900,0.885600,0.538600,,,,,,,0
595,1787660042.0771,1787660042.0915,0.05676,-0.644272,0.375825,2.259554,0.150330,0.883573,0.552233,-0.656741,0.359464,2.269336,0.116167,0.879202,0.533623,-0.656700,0.359500,2.269300,0.116200,0.879200,0.533600,,,,,,,0
596,1787660042.1454,1787660042.1595,0.06826,-0.645806,0.375825,2.262622,0.150330,0.888175,0.543029,-0.649991,0.371266,2.271183,0.126914,0.869165,0.534372,-0.650000,0.371300,2.271200,0.126900,0.869200,0.534400,,,,,,,0
597,1787660042.1841,1787660042.1975,0.03874,-0.647340,0.375825,2.267224,0.145728,0.888175,0.539961,-0.661423,0.367180,2.269404,0.137997,0.836798,0.526829,-0.661400,0.367200,2.269400,0.138000,0.836800,0.526800,,,,,,,0
598,1787660042.2404,1787660042.2546,0.05625,-0.647340,0.375825,2.270292,0.127320,0.883573,0.541495,-0.668177,0.365280,2.271627,0.122623,0.850116,0.529855,-0.668200,0.365300,2.271600,0.122600,0.850100,0.529900,,,,,,,0
599,1787660042.2967,1787660042.3114,0.0563,-0.647340,0.378893,2.268758,0.119651,0.868233,0.529223,-0.675702,0.369731,2.271835,0.090596,0.837886,0.529231,-0.675700,0.369700,2.271800,0.090600,0.837900,0.529200,,,,,,,0
600,1787660042.3356,1787660042.3506,0.03897,-0.651942,0.378893,2.270292,0.130388,0.852893,0.527689,-0.681894,0.380895,2.274626,0.106815,0.831251,0.532780,-0.681900,0.380900,2.274600,0.106800,0.831300,0.532800,,,,,,,0
601,1787660042.3921,1787660042.4064,0.0565,-0.661146,0.378893,2.268758,0.128854,0.845223,0.527689,-0.681138,0.384596,2.270877,0.113884,0.816342,0.536445,-0.681100,0.384600,2.270900,0.113900,0.816300,0.536400,,,,,,,1
602,1787660042.4308,1787660042.4467,0.03866,-0.665748,0.378893,2.270292,0.122718,0.842155,0.527689,-0.677721,0.387448,2.281194,0.118290,0.802738,0.536088,-0.677700,0.387400,2.281200,0.118300,0.802700,0.536100,,,,,,,1
603,1787660042.4913,1787660042.5044,0.06051,-0.671884,0.389631,2.273360,0.111981,0.834486,0.527689,-0.679924,0.390202,2.272811,0.117367,0.808748,0.532921,-0.679900,0.390200,2.272800,0.117400,0.808700,0.532900,,,,,,,0
604,1787660042.5578,1787660042.5714,0.06648,-0.671884,0.394233,2.277961,0.115049,0.813010,0.530757,-0.680613,0.407694,2.272340,0.105816,0.809684,0.534934,-0.680600,0.407700,2.272300,0.105800,0.809700,0.534900,,,,,,,1
605,1787660042.597,1787660042.6114,0.03918,-0.671884,0.395767,2.281029,0.115049,0.809942,0.530757,-0.676978,0.412459,2.268934,0.111568,0.827348,0.538236,-0.677000,0.412500,2.268900,0.111600,0.827300,0.538200,,,,,,,1
606,1787660042.6543,1787660042.6676,0.05737,-0.671884,0.398835,2.281029,0.115049,0.809942,0.530757,-0.677836,0.412990,2.268953,0.094851,0.811239,0.538138,-0.677800,0.413000,2.269000,0.094900,0.811200,0.538100,,,,,,,0
607,1787660042.7094,1787660042.7236,0.05512,-0.673418,0.414175,2.279495,0.108913,0.809942,0.530757,-0.669140,0.422512,2.273153,0.108907,0.801659,0.534601,-0.669100,0.422500,2.273200,0.108900,0.801700,0.534600,,,,,,,0
608,1787660042.7496,1787660042.7645,0.04016,-0.673418,0.420311,2.277961,0.108913,0.822214,0.530757,-0.679630,0.420842,2.268421,0.103739,0.756588,0.535277,-0.679600,0.420800,2.268400,0.103700,0.756600,0.535300,,,,,,,0
609,1787660042.8059,1787660042.8206,0.05632,-0.673418,0.420311,2.276427,0.099709,0.822214,0.530757,-0.673178,0.420045,2.265750,0.099678,0.759986,0.535082,-0.673200,0.420000,2.265700,0.099700,0.760000,0.535100,,,,,,,0
610,1787660042.8617,1787660042.8763,0.05583,-0.673418,0.429515,2.273360,0.098175,0.799204,0.530757,-0.686877,0.410368,2.260850,0.108451,0.739942,0.536770,-0.686900,0.410400,2.260800,0.108500,0.739900,0.536800,,,,,,,0
611,1787660042.9008,1787660042.9155,0.0391,-0.673418,0.432583,2.276427,0.105845,0.780796,0.530757,-0.688509,0.400613,2.270237,0.106097,0.737909,0.533489,-0.688500,0.400600,2.270200,0.106100,0.737900,0.533500,,,,,,,0
612,1787660042.9596,1787660042.9744,0.05875,-0.673418,0.431049,2.273360,0.099709,0.760854,0.530757,-0.695270,0.400421,2.258143,0.106740,0.736336,0.538160,-0.695300,0.400400,2.258100,0.106700,0.736300,0.538200,,,,,,,0
613,1787660043.0267,1787660043.0413,0.06713,-0.678020,0.431049,2.273360,0.107379,0.743981,0.530757,-0.703744,0.399374,2.254207,0.111117,0.740024,0.533233,-0.703700,0.399400,2.254200,0.111100,0.740000,0.533200,,,,,,,0
614,1787660043.0656,1787660043.0807,0.03891,-0.679553,0.431049,2.276427,0.108913,0.742447,0.530757,-0.695245,0.399299,2.267680,0.103924,0.740529,0.532426,-0.695200,0.399300,2.267700,0.103900,0.740500,0.532400,,,,,,,0
615,1787660043.1226,1787660043.1374,0.057,-0.687223,0.429515,2.265690,0.107379,0.740913,0.530757,-0.699046,0.405429,2.263641,0.102928,0.722418,0.533947,-0.699000,0.405400,2.263600,0.102900,0.722400,0.533900,,,,,,,0
616,1787660043.1899,1787660043.2044,0.06725,-0.691825,0.429515,2.264156,0.107379,0.740913,0.530757,-0.698802,0.406693,2.258115,0.104709,0.718333,0.536956,-0.698800,0.406700,2.258100,0.104700,0.718300,0.537000,,,,,,,0
617,1787660043.2286,1787660043.2445,0.03876,-0.691825,0.429515,2.267224,0.108913,0.740913,0.530757,-0.696676,0.409085,2.270653,0.104512,0.731488,0.542031,-0.696700,0.409100,2.270700,0.104500,0.731500,0.542000,,,,,,,0
618,1787660043.2856,1787660043.3004,0.05698,-0.691825,0.429515,2.265690,0.105845,0.728641,0.530757,-0.706537,0.403791,2.280490,0.107390,0.733575,0.537396,-0.706500,0.403800,2.280500,0.107400,0.733600,0.537400,,,,,,,0
619,1787660043.353,1787660043.3677,0.06742,-0.693359,0.429515,2.267224,0.105845,0.725573,0.538427,-0.705087,0.413568,2.268787,0.104727,0.698010,0.544131,-0.705100,0.413600,2.268800,0.104700,0.698000,0.544100,,,,,,,0
620,1787660043.3896,1787660043.4037,0.03651,-0.693359,0.429515,2.270292,0.105845,0.728641,0.538427,-0.703540,0.412212,2.277707,0.102505,0.708150,0.547677,-0.703500,0.412200,2.277700,0.102500,0.708100,0.547700,,,,,,,1
621,1787660043.4413,1787660043.4567,0.05172,-0.694893,0.429515,2.279495,0.105845,0.731709,0.538427,-0.701164,0.416996,2.279629,0.098770,0.711153,0.547508,-0.701200,0.417000,2.279600,0.098800,0.711200,0.547500,,,,,,,1
622,1787660043.5078,1787660043.5237,0.06651,-0.696427,0.429515,2.279495,0.104311,0.727107,0.544563,-0.698495,0.434155,2.272081,0.094118,0.693331,0.549738,-0.698500,0.434200,2.272100,0.094100,0.693300,0.549700,,,,,,,0
623,1787660043.5637,1787660043.5796,0.0559,-0.696427,0.429515,2.282563,0.105845,0.717903,0.544563,-0.717524,0.439868,2.268921,0.093278,0.637819,0.552888,-0.717500,0.439900,2.268900,0.093300,0.637800,0.552900,,,,,,,1
624,1787660043.6199,1787660043.6347,0.05618,-0.696427,0.432583,2.281029,0.096641,0.713301,0.544563,-0.717611,0.449393,2.281930,0.087904,0.659832,0.552934,-0.717600,0.449400,2.281900,0.087900,0.659800,0.552900,,,,,,,1
625,1787660043.6591,1787660043.6734,0.0392,-0.696427,0.441786,2.277961,0.092039,0.699495,0.544563,-0.709065,0.448783,2.273342,0.088866,0.690422,0.559089,-0.709100,0.448800,2.273300,0.088900,0.690400,0.559100,,,,,,,0
626,1787660043.7156,1787660043.7296,0.05652,-0.702563,0.449456,2.276427,0.096641,0.668816,0.544563,-0.716149,0.456663,2.274727,0.092560,0.681352,0.562564,-0.716100,0.456700,2.274700,0.092600,0.681400,0.562600,,,,,,,0
627,1787660043.7545,1787660043.7686,0.0389,-0.708699,0.454058,2.276427,0.090505,0.653476,0.550699,-0.719817,0.455887,2.273201,0.089382,0.675227,0.557725,-0.719800,0.455900,2.273200,0.089400,0.675200,0.557700,,,,,,,0
628,1787660043.8145,1787660043.8295,0.05998,-0.710233,0.457126,2.277961,0.090505,0.648874,0.558369,-0.724514,0.451727,2.275311,0.091165,0.655844,0.562329,-0.724500,0.451700,2.275300,0.091200,0.655800,0.562300,,,,,,,0
629,1787660043.8696,1787660043.8836,0.05512,-0.710233,0.464796,2.277961,0.090505,0.665748,0.558369,-0.729554,0.450972,2.275844,0.082201,0.659508,0.567407,-0.729600,0.451000,2.275800,0.082200,0.659500,0.567400,,,,,,,0
630,1787660043.9254,1787660043.9385,0.05578,-0.713301,0.464796,2.277961,0.090505,0.671884,0.558369,-0.724816,0.449903,2.264213,0.081962,0.690261,0.570078,-0.724800,0.449900,2.264200,0.082000,0.690300,0.570100,,,,,,,0
631,1787660043.9649,1787660043.9796,0.03947,-0.716369,0.464796,2.277961,0.090505,0.667282,0.559903,-0.732041,0.444880,2.278908,0.083197,0.673209,0.567906,-0.732000,0.444900,2.278900,0.083200,0.673200,0.567900,,,,,,,0
632,1787660044.0218,1787660044.0365,0.05693,-0.719437,0.464796,2.277961,0.084369,0.664214,0.566039,-0.736867,0.441551,2.275838,0.077675,0.662011,0.565889,-0.736900,0.441600,2.275800,0.077700,0.662000,0.565900,,,,,,,0
633,1787660044.0612,1787660044.0743,0.03938,-0.719437,0.464796,2.274894,0.084369,0.664214,0.566039,-0.745264,0.456714,2.274109,0.082371,0.648018,0.567861,-0.745300,0.456700,2.274100,0.082400,0.648000,0.567900,,,,,,,0
634,1787660044.1206,1787660044.1356,0.05948,-0.722505,0.464796,2.274894,0.081301,0.671884,0.566039,-0.746858,0.454332,2.271204,0.064800,0.649646,0.560945,-0.746900,0.454300,2.271200,0.064800,0.649600,0.560900,,,,,,,0
635,1787660044.1868,1787660044.2017,0.06616,-0.733243,0.464796,2.277961,0.082835,0.661146,0.566039,-0.754662,0.467587,2.278327,0.054907,0.646613,0.566104,-0.754700,0.467600,2.278300,0.054900,0.646600,0.566100,,,,,,,0
636,1787660044.2262,1787660044.2403,0.03936,-0.737845,0.464796,2.276427,0.081301,0.655010,0.566039,-0.755317,0.473750,2.258932,0.051498,0.647636,0.571252,-0.755300,0.473700,2.258900,0.051500,0.647600,0.571300,,,,,,,0
637,1787660044.2837,1787660044.2987,0.05753,-0.740913,0.464796,2.277961,0.067495,0.655010,0.566039,-0.748870,0.476237,2.254389,0.046736,0.640734,0.579207,-0.748900,0.476200,2.254400,0.046700,0.640700,0.579200,,,,,,,0
638,1787660044.3387,1787660044.3536,0.05501,-0.743981,0.478602,2.276427,0.056757,0.651942,0.566039,-0.748092,0.483018,2.259508,0.047039,0.637615,0.580580,-0.748100,0.483000,2.259500,0.047000,0.637600,0.580600,,,,,,,0
639,1787660044.3781,1787660044.3917,0.03936,-0.745515,0.484738,2.271826,0.056757,0.651942,0.572175,-0.760947,0.482768,2.256184,0.050974,0.611803,0.576367,-0.760900,0.482800,2.256200,0.051000,0.611800,0.576400,,,,,,,1
640,1787660044.4348,1787660044.4496,0.05676,-0.745515,0.484738,2.265690,0.047553,0.645806,0.576777,-0.748323,0.478797,2.265186,0.042864,0.630233,0.582307,-0.748300,0.478800,2.265200,0.042900,0.630200,0.582300,,,,,,,1
641,1787660044.4908,1787660044.5054,0.05602,-0.745515,0.489340,2.265690,0.047553,0.639670,0.578311,-0.748606,0.487770,2.286045,0.033697,0.637166,0.570546,-0.748600,0.487800,2.286000,0.033700,0.637200,0.570500,,,,,,,0
642,1787660044.5298,1787660044.5436,0.03902,-0.750117,0.492408,2.265690,0.047553,0.625864,0.578311,-0.748869,0.514551,2.274480,0.031973,0.632164,0.579056,-0.748900,0.514600,2.274500,0.032000,0.632200,0.579100,,,,,,,1
643,1787660044.5867,1787660044.6016,0.05687,-0.750117,0.492408,2.268758,0.044485,0.621262,0.579845,-0.753230,0.514261,2.264502,0.037666,0.605678,0.575762,-0.753200,0.514300,2.264500,0.037700,0.605700,0.575800,,,,,,,1
644,1787660044.6259,1787660044.6403,0.03914,-0.750117,0.492408,2.271826,0.033748,0.624330,0.578311,-0.755218,0.511361,2.274894,0.022477,0.610706,0.575114,-0.755200,0.511400,2.274900,0.022500,0.610700,0.575100,,,,,,,0
645,1787660044.6857,1787660044.7004,0.05983,-0.750117,0.518486,2.279495,0.036816,0.633534,0.579845,-0.747391,0.512828,2.260961,0.034548,0.619403,0.578453,-0.747400,0.512800,2.261000,0.034500,0.619400,0.578500,,,,,,,0
646,1787660044.752,1787660044.7656,0.06634,-0.750117,0.523087,2.273360,0.030680,0.616660,0.579845,-0.753248,0.510840,2.258819,0.038762,0.615774,0.580718,-0.753200,0.510800,2.258800,0.038800,0.615800,0.580700,,,,,,,0
647,1787660044.7911,1787660044.8053,0.03908,-0.750117,0.520019,2.273360,0.021476,0.615126,0.579845,-0.760671,0.507983,2.262592,0.029419,0.622971,0.583026,-0.760700,0.508000,2.262600,0.029400,0.623000,0.583000,,,,,,,0
648,1787660044.8478,1787660044.8616,0.05674,-0.750117,0.523087,2.273360,0.033748,0.616660,0.579845,-0.759546,0.510951,2.254506,0.030171,0.623232,0.582525,-0.759500,0.511000,2.254500,0.030200,0.623200,0.582500,,,,,,,0
649,1787660044.9038,1787660044.9166,0.05595,-0.750117,0.523087,2.268758,0.032214,0.618194,0.579845,-0.755132,0.511517,2.239005,0.030035,0.619996,0.580691,-0.755100,0.511500,2.239000,0.030000,0.620000,0.580700,,,,,,,0
650,1787660044.9429,1787660044.9576,0.03908,-0.751651,0.521553,2.267224,0.027612,0.621262,0.579845,-0.769506,0.521414,2.241709,0.023841,0.613425,0.574912,-0.769500,0.521400,2.241700,0.023800,0.613400,0.574900,,,,,,,0
651,1787660044.9998,1787660045.0136,0.05691,-0.753185,0.523087,2.264156,0.032214,0.621262,0.579845,-0.767385,0.535127,2.240667,0.026493,0.613916,0.582334,-0.767400,0.535100,2.240700,0.026500,0.613900,0.582300,,,,,,,0
652,1787660045.0559,1787660045.0707,0.05615,-0.753185,0.523087,2.250350,0.032214,0.621262,0.579845,-0.767051,0.536894,2.248557,0.021229,0.613697,0.583803,-0.767100,0.536900,2.248600,0.021200,0.613700,0.583800,,,,,,,0
653,1787660045.0948,1787660045.1097,0.03885,-0.756253,0.529223,2.244214,0.023010,0.621262,0.579845,-0.780307,0.532602,2.240128,0.016035,0.596968,0.585931,-0.780300,0.532600,2.240100,0.016000,0.597000,0.585900,,,,,,,0
654,1787660045.1513,1787660045.1647,0.05651,-0.760854,0.546097,2.248816,0.029146,0.618194,0.579845,-0.777244,0.544243,2.245726,-0.013196,0.596951,0.588987,-0.777200,0.544200,2.245700,-0.013200,0.597000,0.589000,,,,,,,0
655,1787660045.1907,1787660045.2044,0.03936,-0.760854,0.547631,2.251884,0.027612,0.618194,0.579845,-0.775651,0.547666,2.236638,-0.010455,0.618518,0.594476,-0.775700,0.547700,2.236600,-0.010500,0.618500,0.594500,,,,,,,0
656,1787660045.2508,1787660045.2657,0.06012,-0.765456,0.546097,2.239612,0.010738,0.604388,0.581379,-0.780679,0.555746,2.239085,-0.014130,0.610812,0.587151,-0.780700,0.555700,2.239100,-0.014100,0.610800,0.587200,,,,,,,0
657,1787660045.306,1787660045.3207,0.05526,-0.771592,0.555301,2.248816,-0.001534,0.602854,0.590583,-0.775600,0.552520,2.240938,-0.005295,0.596271,0.590810,-0.775600,0.552500,2.240900,-0.005300,0.596300,0.590800,,,,,,,0
658,1787660045.3462,1787660045.3607,0.04019,-0.771592,0.558369,2.248816,-0.003068,0.608990,0.596719,-0.774595,0.562986,2.231328,-0.000422,0.596676,0.591706,-0.774600,0.563000,2.231300,-0.000400,0.596700,0.591700,,,,,,,1
659,1787660045.4026,1787660045.4177,0.05634,-0.771592,0.561437,2.235010,-0.015340,0.615126,0.587515,-0.779724,0.562526,2.236309,-0.018643,0.595779,0.592914,-0.779700,0.562500,2.236300,-0.018600,0.595800,0.592900,,,,,,,1
660,1787660045.4704,1787660045.4846,0.06781,-0.771592,0.566039,2.245748,-0.003068,0.599786,0.592117,-0.780871,0.579829,2.248931,-0.028479,0.606088,0.578496,-0.780900,0.579800,2.248900,-0.028500,0.606100,0.578500,,,,,,,1
661,1787660045.5095,1787660045.5245,0.0391,-0.771592,0.569107,2.245748,0.001534,0.598253,0.595185,-0.786086,0.577989,2.240313,-0.031826,0.612411,0.583214,-0.786100,0.578000,2.240300,-0.031800,0.612400,0.583200,,,,,,,1
662,1787660045.5667,1787660045.5815,0.05723,-0.771592,0.570641,2.241146,-0.015340,0.598253,0.589049,-0.785198,0.579571,2.235947,-0.030786,0.606385,0.577004,-0.785200,0.579600,2.235900,-0.030800,0.606400,0.577000,,,,,,,0
663,1787660045.6334,1787660045.6476,0.06667,-0.774660,0.582913,2.242680,-0.027612,0.608990,0.589049,-0.781222,0.579349,2.246439,-0.032603,0.607350,0.554876,-0.781200,0.579300,2.246400,-0.032600,0.607300,0.554900,,,,,,,0
664,1787660045.6719,1787660045.6855,0.03847,-0.776194,0.582913,2.242680,-0.027612,0.608990,0.589049,-0.791096,0.584136,2.237143,-0.036309,0.593740,0.579577,-0.791100,0.584100,2.237100,-0.036300,0.593700,0.579600,,,,,,,0
665,1787660045.7299,1787660045.7445,0.05803,-0.776194,0.582913,2.242680,-0.027612,0.608990,0.578311,-0.785880,0.585123,2.237241,-0.034271,0.586541,0.583811,-0.785900,0.585100,2.237200,-0.034300,0.586500,0.583800,,,,,,,0
666,1787660045.7851,1787660045.7985,0.05525,-0.777728,0.584447,2.242680,-0.027612,0.608990,0.579845,-0.784895,0.588888,2.242637,-0.029791,0.589662,0.550160,-0.784900,0.588900,2.242600,-0.029800,0.589700,0.550200,,,,,,,0
667,1787660045.8243,1787660045.8394,0.03914,-0.780796,0.585981,2.241146,-0.030680,0.601320,0.582913,-0.779836,0.590512,2.243314,-0.041539,0.590485,0.583488,-0.779800,0.590500,2.243300,-0.041500,0.590500,0.583500,,,,,,,0
668,1787660045.8809,1787660045.8956,0.05659,-0.780796,0.585981,2.241146,-0.030680,0.593651,0.578311,-0.780354,0.605332,2.236509,-0.039976,0.588462,0.581204,-0.780400,0.605300,2.236500,-0.040000,0.588500,0.581200,,,,,,,0
669,1787660045.9205,1787660045.9355,0.03965,-0.780796,0.589049,2.241146,-0.030680,0.593651,0.566039,-0.780161,0.593525,2.233008,-0.045203,0.579261,0.559461,-0.780200,0.593500,2.233000,-0.045200,0.579300,0.559500,,,,,,,0
670,1787660045.9789,1787660045.9944,0.05838,-0.780796,0.590583,2.241146,-0.033748,0.593651,0.585981,-0.777014,0.596114,2.245253,-0.052008,0.561982,0.505523,-0.777000,0.596100,2.245300,-0.052000,0.562000,0.505500,,,,,,,0
671,1787660046.0454,1787660046.0605,0.06649,-0.782330,0.599786,2.241146,-0.035282,0.589049,0.578311,-0.786145,0.609314,2.246807,-0.065320,0.567805,0.515398,-0.786100,0.609300,2.246800,-0.065300,0.567800,0.515400,,,,,,,0
672,1787660046.0844,1787660046.0987,0.03902,-0.782330,0.599786,2.239612,-0.035282,0.584447,0.569107,-0.784882,0.597355,2.255760,-0.059947,0.569545,0.439764,-0.784900,0.597400,2.255800,-0.059900,0.569500,0.439800,,,,,,,0
673,1787660046.1419,1787660046.1566,0.05747,-0.782330,0.598253,2.244214,-0.046019,0.569107,0.527689,-0.790288,0.588554,2.268050,-0.059620,0.564696,0.181151,-0.790300,0.588600,2.268000,-0.059600,0.564700,0.181200,,,,,,,0
674,1787660046.2082,1787660046.2226,0.06629,-0.782330,0.595185,2.254952,-0.056757,0.564505,0.470932,-0.797759,0.595226,2.270482,-0.054568,0.578378,0.053722,-0.797800,0.595200,2.270500,-0.054600,0.578400,0.053700,,,,,,,0
675,1787660046.2473,1787660046.2607,0.03914,-0.783864,0.593651,2.256486,-0.056757,0.564505,0.441786,-0.788110,0.586673,2.281545,-0.049906,0.566504,-0.006192,-0.788100,0.586700,2.281500,-0.049900,0.566500,-0.006200,,,,,,,0
676,1787660046.3041,1787660046.3186,0.05675,-0.786932,0.598253,2.248816,-0.065961,0.562971,0.211689,-0.786748,0.584071,2.292915,-0.048939,0.553741,-0.017975,-0.786700,0.584100,2.292900,-0.048900,0.553700,-0.018000,,,,,,,1
677,1787660046.342,1787660046.3566,0.03791,-0.786932,0.601320,2.251884,-0.067495,0.573709,0.059825,-0.786519,0.574627,2.301871,-0.053990,0.571241,-0.026027,-0.786500,0.574600,2.301900,-0.054000,0.571200,-0.026000,,,,,,,1
678,1787660046.3929,1787660046.4083,0.05087,-0.793068,0.598253,2.264156,-0.062893,0.578311,-0.013806,-0.789746,0.550596,2.314733,-0.051346,0.565066,-0.020705,-0.789700,0.550600,2.314700,-0.051300,0.565100,-0.020700,,,,,,,0
679,1787660046.4594,1787660046.4733,0.06658,-0.791534,0.595185,2.277961,-0.062893,0.561437,-0.026078,-0.786835,0.500346,2.326969,-0.055323,0.560796,-0.026540,-0.786800,0.500300,2.327000,-0.055300,0.560800,-0.026500,,,,,,,1
680,1787660046.4964,1787660046.5115,0.03701,-0.791534,0.592117,2.285631,-0.062893,0.561437,-0.026078,-0.781414,0.462671,2.331637,-0.065100,0.552905,-0.026418,-0.781400,0.462700,2.331600,-0.065100,0.552900,-0.026400,,,,,,,1
681,1787660046.548,1787660046.5625,0.05157,-0.790000,0.581379,2.297903,-0.062893,0.562971,-0.026078,-0.778787,0.428662,2.325411,-0.065009,0.558521,-0.025955,-0.778800,0.428700,2.325400,-0.065000,0.558500,-0.026000,,,,,,,0
682,1787660046.6142,1787660046.6275,0.06622,-0.788466,0.558369,2.325515,-0.059825,0.559903,-0.024544,-0.788117,0.370953,2.322517,-0.053301,0.543007,-0.028879,-0.788100,0.371000,2.322500,-0.053300,0.543000,-0.028900,,,,,,,0
683,1787660046.6527,1787660046.6675,0.03847,-0.786932,0.538427,2.343923,-0.053689,0.556835,-0.021476,-0.789450,0.297451,2.304139,-0.056346,0.516616,-0.031939,-0.789500,0.297500,2.304100,-0.056300,0.516600,-0.031900,,,,,,,0
684,1787660046.7091,1787660046.7225,0.05642,-0.783864,0.486272,2.330117,-0.064427,0.556835,-0.019942,-0.780352,0.245201,2.299406,-0.062308,0.486000,-0.031525,-0.780400,0.245200,2.299400,-0.062300,0.486000,-0.031500,,,,,,,0
685,1787660046.7473,1787660046.7605,0.03816,-0.783864,0.450990,2.311709,-0.061359,0.552233,-0.029146,-0.774050,0.188389,2.277742,-0.063679,0.468449,-0.033720,-0.774000,0.188400,2.277700,-0.063700,0.468400,-0.033700,,,,,,,0
686,1787660046.7989,1787660046.8125,0.0516,-0.783864,0.398835,2.327049,-0.059825,0.529223,-0.029146,-0.757463,0.133693,2.257219,-0.077093,0.462550,-0.030792,-0.757500,0.133700,2.257200,-0.077100,0.462600,-0.030800,,,,,,,0
687,1787660046.8655,1787660046.8806,0.06664,-0.783864,0.328272,2.304039,-0.059825,0.498544,-0.029146,-0.735726,0.090664,2.257951,-0.082892,0.444295,-0.038961,-0.735700,0.090700,2.258000,-0.082900,0.444300,-0.039000,,,,,,,0
688,1787660046.9021,1787660046.9166,0.03661,-0.780796,0.286854,2.285631,-0.067495,0.481670,-0.029146,-0.700909,0.042126,2.244414,-0.080701,0.456892,-0.037146,-0.700900,0.042100,2.244400,-0.080700,0.456900,-0.037100,,,,,,,0
689,1787660046.9539,1787660046.9684,0.05178,-0.766990,0.222427,2.276427,-0.069029,0.469398,-0.029146,-0.645955,0.005056,2.222776,-0.083846,0.501496,-0.036463,-0.646000,0.005100,2.222800,-0.083800,0.501500,-0.036500,,,,,,,0
690,1787660047.0206,1787660047.0354,0.06666,-0.743981,0.159534,2.265690,-0.078233,0.461728,-0.029146,-0.606565,-0.023954,2.182050,-0.085754,0.530941,-0.030077,-0.606600,-0.024000,2.182000,-0.085800,0.530900,-0.030100,,,,,,,0
691,1787660047.059,1787660047.0734,0.03847,-0.724039,0.124252,2.261088,-0.078233,0.461728,-0.029146,-0.543293,-0.038758,2.162612,-0.094182,0.587417,-0.028644,-0.543300,-0.038800,2.162600,-0.094200,0.587400,-0.028600,,,,,,,0
692,1787660047.1171,1787660047.1316,0.05806,-0.679553,0.062893,2.239612,-0.078233,0.475534,-0.029146,-0.476485,-0.065411,2.144556,-0.091838,0.640704,-0.026148,-0.476500,-0.065400,2.144600,-0.091800,0.640700,-0.026100,,,,,,,0
693,1787660047.1835,1787660047.1986,0.06645,-0.619728,0.016874,2.205864,-0.084369,0.529223,-0.029146,-0.432918,-0.066459,2.137913,-0.105322,0.701057,-0.024568,-0.432900,-0.066500,2.137900,-0.105300,0.701100,-0.024600,,,,,,,0
694,1787660047.2228,1787660047.2375,0.03928,-0.587515,0.000000,2.185923,-0.087437,0.558369,-0.029146,-0.375273,-0.067131,2.123333,-0.093869,0.775857,-0.025003,-0.375300,-0.067100,2.123300,-0.093900,0.775900,-0.025000,,,,,,,0
695,1787660047.2796,1787660047.2946,0.05677,-0.527689,-0.030680,2.162913,-0.087437,0.608990,-0.029146,-0.305288,-0.084925,2.101882,-0.097429,0.841121,-0.026418,-0.305300,-0.084900,2.101900,-0.097400,0.841100,-0.026400,,,,,,,1
696,1787660047.3174,1787660047.3325,0.03785,-0.493942,-0.035282,2.156777,-0.095107,0.644272,-0.029146,-0.238327,-0.084427,2.078703,-0.098344,0.846541,-0.022179,-0.238300,-0.084400,2.078700,-0.098300,0.846500,-0.022200,,,,,,,1
697,1787660047.3679,1787660047.3826,0.0505,-0.438719,-0.036816,2.144505,-0.098175,0.704097,-0.029146,-0.178912,-0.086598,2.084093,-0.096402,0.847192,-0.025296,-0.178900,-0.086600,2.084100,-0.096400,0.847200,-0.025300,,,,,,,0
698,1787660047.4344,1787660047.4486,0.06645,-0.369689,-0.042951,2.129165,-0.096641,0.776194,-0.027612,-0.116046,-0.098955,2.103847,-0.093406,0.899049,-0.024993,-0.116000,-0.099000,2.103800,-0.093400,0.899000,-0.025000,,,,,,,1
699,1787660047.4711,1787660047.4845,0.0367,-0.328272,-0.052155,2.110758,-0.096641,0.806874,-0.027612,-0.098405,-0.100283,2.090926,-0.096523,0.896980,-0.020557,-0.098400,-0.100300,2.090900,-0.096500,0.897000,-0.020600,,,,,,,1
700,1787660047.523,1787660047.5376,0.05188,-0.262311,-0.059825,2.095418,-0.096641,0.836020,-0.027612,-0.061073,-0.090033,2.095734,-0.090884,0.935900,-0.022779,-0.061100,-0.090000,2.095700,-0.090900,0.935900,-0.022800,,,,,,,0
701,1787660047.5896,1787660047.6045,0.06666,-0.184078,-0.062893,2.103088,-0.095107,0.869767,-0.027612,-0.053337,-0.073550,2.100229,-0.081143,0.971484,-0.020548,-0.053300,-0.073500,2.100200,-0.081100,0.971500,-0.020500,,,,,,,0
702,1787660047.6286,1787660047.6435,0.03899,-0.150330,-0.062893,2.101554,-0.095107,0.889709,-0.026078,-0.039532,-0.066685,2.109616,-0.091377,0.960653,-0.024267,-0.039500,-0.066700,2.109600,-0.091400,0.960700,-0.024300,,,,,,,0
703,1787660047.6854,1787660047.7015,0.05677,-0.096641,-0.065961,2.101554,-0.093573,0.923456,-0.026078,-0.034673,-0.056115,2.123261,-0.106226,0.919891,-0.027443,-0.034700,-0.056100,2.123300,-0.106200,0.919900,-0.027400,,,,,,,0
704,1787660047.7527,1787660047.7674,0.06727,-0.058291,-0.059825,2.112292,-0.087437,0.960272,-0.026078,-0.040776,-0.062861,2.170242,-0.104924,0.835583,-0.027247,-0.040800,-0.062900,2.170200,-0.104900,0.835600,-0.027200,,,,,,,0
705,1787660047.7916,1787660047.8054,0.03895,-0.047553,-0.058291,2.118427,-0.087437,0.967942,-0.026078,-0.046806,-0.081120,2.228127,-0.099323,0.729025,-0.025251,-0.046800,-0.081100,2.228100,-0.099300,0.729000,-0.025300,,,,,,,0
706,1787660047.8484,1787660047.8635,0.05676,-0.042951,-0.052155,2.126097,-0.099709,0.957204,-0.026078,-0.056510,-0.097554,2.274869,-0.101451,0.655118,-0.028441,-0.056500,-0.097600,2.274900,-0.101500,0.655100,-0.028400,,,,,,,0
707,1787660047.8859,1787660047.9004,0.03754,-0.042951,-0.052155,2.141437,-0.099709,0.934194,-0.026078,-0.068539,-0.107320,2.335423,-0.108061,0.567804,-0.025224,-0.068500,-0.107300,2.335400,-0.108100,0.567800,-0.025200,,,,,,,0
708,1787660047.9372,1787660047.9506,0.05127,-0.042951,-0.050621,2.178253,-0.099709,0.885107,-0.026078,-0.087157,-0.114207,2.382700,-0.120254,0.492265,-0.027377,-0.087200,-0.114200,2.382700,-0.120300,0.492300,-0.027400,,,,,,,0
709,1787660048.0037,1787660048.0177,0.06651,-0.049087,-0.069029,2.244214,-0.099709,0.786932,-0.026078,-0.081229,-0.106848,2.398843,-0.110133,0.512089,-0.028090,-0.081200,-0.106800,2.398800,-0.110100,0.512100,-0.028100,,,,,,,0
710,1787660048.0413,1787660048.0546,0.03758,-0.056757,-0.079767,2.284097,-0.099709,0.731709,-0.026078,-0.090292,-0.094268,2.439866,-0.121031,0.442745,-0.028447,-0.090300,-0.094300,2.439900,-0.121000,0.442700,-0.028400,,,,,,,0
711,1787660048.0923,1787660048.1064,0.051,-0.072097,-0.085903,2.340855,-0.111981,0.642738,-0.026078,-0.101407,-0.095198,2.443648,-0.127952,0.414587,-0.034849,-0.101400,-0.095200,2.443600,-0.128000,0.414600,-0.034800,,,,,,,0
712,1787660048.1588,1787660048.1733,0.06649,-0.076699,-0.085903,2.393010,-0.111981,0.555301,-0.026078,-0.100127,-0.087447,2.430782,-0.128183,0.521193,-0.029773,-0.100100,-0.087400,2.430800,-0.128200,0.521200,-0.029800,,,,,,,0
713,1787660048.1957,1787660048.2106,0.03695,-0.078233,-0.085903,2.423690,-0.116583,0.510816,-0.027612,-0.108327,-0.081030,2.444557,-0.134988,0.551645,-0.034527,-0.108300,-0.081000,2.444600,-0.135000,0.551600,-0.034500,,,,,,,0
714,1787660048.2471,1787660048.2605,0.05136,-0.087437,-0.085903,2.442097,-0.121184,0.461728,-0.027612,-0.118541,-0.082308,2.442288,-0.143447,0.555361,-0.027958,-0.118500,-0.082300,2.442300,-0.143400,0.555400,-0.028000,,,,,,,1
715,1787660048.3136,1787660048.3295,0.06654,-0.095107,-0.076699,2.443631,-0.128854,0.424913,-0.027612,-0.114308,-0.069001,2.439487,-0.139437,0.551896,-0.020692,-0.114300,-0.069000,2.439500,-0.139400,0.551900,-0.020700,,,,,,,1
716,1787660048.3694,1787660048.3855,0.05577,-0.101243,-0.073631,2.446699,-0.130388,0.421845,-0.027612,-0.119530,-0.061012,2.433136,-0.145495,0.585899,-0.029646,-0.119500,-0.061000,2.433100,-0.145500,0.585900,-0.029600,,,,,,,0
717,1787660048.4079,1787660048.4216,0.03848,-0.107379,-0.073631,2.446699,-0.134990,0.434117,-0.027612,-0.131782,-0.048833,2.415916,-0.135598,0.748573,-0.027476,-0.131800,-0.048800,2.415900,-0.135600,0.748600,-0.027500,,,,,,,1
718,1787660048.4674,1787660048.4825,0.05951,-0.107379,-0.064427,2.446699,-0.136524,0.481670,-0.027612,-0.121720,-0.031381,2.420200,-0.148402,0.757417,-0.025388,-0.121700,-0.031400,2.420200,-0.148400,0.757400,-0.025400,,,,,,,1
719,1787660048.5339,1787660048.5486,0.06652,-0.115049,-0.046019,2.442097,-0.134990,0.559903,-0.027612,-0.126454,-0.008117,2.392898,-0.149607,0.789214,-0.020955,-0.126500,-0.008100,2.392900,-0.149600,0.789200,-0.021000,,,,,,,0
720,1787660048.5724,1787660048.5866,0.03848,-0.119651,-0.042951,2.435961,-0.134990,0.610524,-0.027612,-0.122369,0.015959,2.363595,-0.158321,0.816841,-0.026042,-0.122400,0.016000,2.363600,-0.158300,0.816800,-0.026000,,,,,,,0
721,1787660048.6303,1787660048.6446,0.05791,-0.119651,-0.024544,2.434428,-0.144194,0.687223,-0.027612,-0.139226,0.018604,2.374088,-0.141718,0.864912,-0.017786,-0.139200,0.018600,2.374100,-0.141700,0.864900,-0.017800,,,,,,,0
722,1787660048.6969,1787660048.7115,0.06661,-0.119651,0.007670,2.414486,-0.148796,0.757787,-0.027612,-0.159571,0.013430,2.391701,-0.113402,0.877770,-0.009915,-0.159600,0.013400,2.391700,-0.113400,0.877800,-0.009900,,,,,,,0
723,1787660048.7356,1787660048.7506,0.03876,-0.119651,0.019942,2.393010,-0.150330,0.786932,-0.026078,-0.221737,0.010688,2.401179,-0.081225,0.908775,0.007354,-0.221700,0.010700,2.401200,-0.081200,0.908800,0.007400,,,,,,,0
724,1787660048.7934,1787660048.8074,0.05774,-0.127320,0.026078,2.379204,-0.145728,0.837554,-0.013806,-0.277980,0.002842,2.404107,-0.022269,0.891110,0.061864,-0.278000,0.002800,2.404100,-0.022300,0.891100,0.061900,,,,,,,0
725,1787660048.8597,1787660048.8744,0.06633,-0.159534,0.026078,2.394544,-0.110447,0.880505,0.004602,-0.349191,-0.010782,2.383376,0.057929,0.855786,0.163134,-0.349200,-0.010800,2.383400,0.057900,0.855800,0.163100,,,,,,,0
726,1787660048.8967,1787660048.9117,0.03695,-0.184078,0.026078,2.403748,-0.092039,0.897379,0.023010,-0.410695,-0.004705,2.388819,0.091774,0.863869,0.294307,-0.410700,-0.004700,2.388800,0.091800,0.863900,0.294300,,,,,,,0
727,1787660048.9483,1787660048.9634,0.05167,-0.227029,0.026078,2.403748,-0.061359,0.903515,0.059825,-0.453896,-0.000064,2.376705,0.128507,0.896887,0.417293,-0.453900,-0.000100,2.376700,0.128500,0.896900,0.417300,,,,,,,0
728,1787660049.0148,1787660049.0297,0.06647,-0.286854,0.023010,2.403748,-0.001534,0.882039,0.225495,-0.475311,-0.012595,2.357729,0.175346,0.895236,0.497689,-0.475300,-0.012600,2.357700,0.175300,0.895200,0.497700,,,,,,,0
729,1787660049.082,1787660049.0956,0.06716,-0.363553,0.023010,2.397612,0.065961,0.871301,0.412641,-0.485216,-0.006523,2.338907,0.198396,0.897645,0.528715,-0.485200,-0.006500,2.338900,0.198400,0.897600,0.528700,,,,,,,0
730,1787660049.1191,1787660049.1345,0.0371,-0.400369,0.023010,2.389942,0.095107,0.875903,0.426447,-0.517186,0.000326,2.338886,0.234658,0.886855,0.538324,-0.517200,0.000300,2.338900,0.234700,0.886900,0.538300,,,,,,,0
731,1787660049.1703,1787660049.1855,0.05127,-0.440252,0.021476,2.377670,0.139592,0.892777,0.503146,-0.530282,0.027240,2.333802,0.246454,0.865425,0.543927,-0.530300,0.027200,2.333800,0.246500,0.865400,0.543900,,,,,,,0
732,1787660049.237,1787660049.2516,0.06665,-0.481670,0.019942,2.357728,0.188680,0.892777,0.538427,-0.547073,0.040879,2.333792,0.263675,0.860611,0.565686,-0.547100,0.040900,2.333800,0.263700,0.860600,0.565700,,,,,,,0
733,1787660049.274,1787660049.2875,0.03705,-0.498544,0.019942,2.351593,0.213223,0.891243,0.538427,-0.558044,0.056239,2.326854,0.262011,0.869403,0.573081,-0.558000,0.056200,2.326900,0.262000,0.869400,0.573100,,,,,,,1
734,1787660049.3254,1787660049.3393,0.05132,-0.518486,0.026078,2.350059,0.236233,0.875903,0.541495,-0.578524,0.071743,2.321124,0.274329,0.850296,0.580373,-0.578500,0.071700,2.321100,0.274300,0.850300,0.580400,,,,,,,1
735,1787660049.392,1787660049.4064,0.06664,-0.535359,0.053689,2.343923,0.256175,0.868233,0.572175,-0.594484,0.099892,2.328719,0.269892,0.873798,0.588832,-0.594500,0.099900,2.328700,0.269900,0.873800,0.588800,,,,,,,0
736,1787660049.4305,1787660049.4445,0.03847,-0.546097,0.064427,2.342389,0.257709,0.868233,0.572175,-0.622675,0.114502,2.317050,0.278102,0.865749,0.589671,-0.622700,0.114500,2.317000,0.278100,0.865700,0.589700,,,,,,,1
737,1787660049.4885,1787660049.5035,0.05804,-0.567573,0.078233,2.336253,0.266913,0.857495,0.584447,-0.640269,0.150163,2.320586,0.263606,0.851137,0.596396,-0.640300,0.150200,2.320600,0.263600,0.851100,0.596400,,,,,,,1
738,1787660049.5549,1787660049.5685,0.06642,-0.593651,0.108913,2.334719,0.271515,0.862097,0.585981,-0.652813,0.149306,2.327948,0.261710,0.835718,0.595764,-0.652800,0.149300,2.327900,0.261700,0.835700,0.595800,,,,,,,0
739,1787660049.5938,1787660049.6074,0.03883,-0.608990,0.121184,2.334719,0.273049,0.863631,0.587515,-0.663003,0.159166,2.322181,0.268130,0.811360,0.592086,-0.663000,0.159200,2.322200,0.268100,0.811400,0.592100,,,,,,,0
740,1787660049.6506,1787660049.6656,0.05688,-0.630466,0.145728,2.333185,0.266913,0.854427,0.592117,-0.673438,0.171022,2.318014,0.253906,0.780159,0.595902,-0.673400,0.171000,2.318000,0.253900,0.780200,0.595900,,,,,,,0
741,1787660049.7179,1787660049.7315,0.06727,-0.648874,0.165670,2.333185,0.263845,0.832952,0.592117,-0.682142,0.184505,2.302428,0.249490,0.728470,0.591213,-0.682100,0.184500,2.302400,0.249500,0.728500,0.591200,,,,,,,0
742,1787660049.7569,1787660049.7707,0.03899,-0.655010,0.168738,2.333185,0.263845,0.819146,0.592117,-0.689299,0.190713,2.299123,0.233651,0.695877,0.583942,-0.689300,0.190700,2.299100,0.233700,0.695900,0.583900,,,,,,,0
743,1787660049.8135,1787660049.8284,0.05664,-0.665748,0.179476,2.331651,0.256175,0.791534,0.592117,-0.697107,0.194346,2.306790,0.230932,0.584143,0.571025,-0.697100,0.194300,2.306800,0.230900,0.584100,0.571000,,,,,,,0
744,1787660049.881,1787660049.8947,0.06743,-0.678020,0.197884,2.314777,0.243903,0.745515,0.589049,-0.718757,0.202378,2.311208,0.228332,0.544819,0.578572,-0.718800,0.202400,2.311200,0.228300,0.544800,0.578600,,,,,,,0
745,1787660049.9197,1787660049.9346,0.03873,-0.681087,0.197884,2.311709,0.230097,0.720971,0.579845,-0.721151,0.221759,2.313223,0.211919,0.477128,0.576518,-0.721200,0.221800,2.313200,0.211900,0.477100,0.576500,,,,,,,0
746,1787660049.9775,1787660049.9926,0.05784,-0.687223,0.200951,2.314777,0.234699,0.665748,0.575243,-0.738684,0.242264,2.318080,0.208884,0.461478,0.578440,-0.738700,0.242300,2.318100,0.208900,0.461500,0.578400,,,,,,,0
747,1787660050.044,1787660050.0585,0.06643,-0.705631,0.220893,2.314777,0.222427,0.587515,0.575243,-0.725267,0.246142,2.320951,0.207730,0.440931,0.579722,-0.725300,0.246100,2.321000,0.207700,0.440900,0.579700,,,,,,,0
748,1787660050.0827,1787660050.0975,0.03872,-0.713301,0.231631,2.314777,0.214757,0.547631,0.575243,-0.719642,0.254778,2.333037,0.198440,0.411323,0.592482,-0.719600,0.254800,2.333000,0.198400,0.411300,0.592500,,,,,,,0
749,1787660050.1394,1787660050.1535,0.05675,-0.725573,0.250039,2.319379,0.211689,0.492408,0.575243,-0.724249,0.259230,2.328943,0.198853,0.372166,0.593258,-0.724200,0.259200,2.328900,0.198900,0.372200,0.593300,,,,,,,0
750,1787660050.207,1787660050.2215,0.06752,-0.728641,0.259243,2.328583,0.202485,0.446388,0.589049,-0.727814,0.265667,2.335184,0.188587,0.341900,0.597423,-0.727800,0.265700,2.335200,0.188600,0.341900,0.597400,,,,,,,0
751,1787660050.2436,1787660050.2587,0.03662,-0.724039,0.260777,2.331651,0.200951,0.424913,0.589049,-0.729620,0.285146,2.330868,0.180230,0.303374,0.597703,-0.729600,0.285100,2.330900,0.180200,0.303400,0.597700,,,,,,,0
752,1787660050.2953,1787660050.3105,0.05175,-0.722505,0.266913,2.333185,0.200951,0.394233,0.589049,-0.729129,0.300462,2.331078,0.173038,0.280345,0.604013,-0.729100,0.300500,2.331100,0.173000,0.280300,0.604000,,,,,,,1
753,1787660050.3619,1787660050.3764,0.06655,-0.722505,0.282252,2.334719,0.187146,0.351282,0.593651,-0.735703,0.307037,2.344873,0.167880,0.261403,0.623681,-0.735700,0.307000,2.344900,0.167900,0.261400,0.623700,,,,,,,1
754,1787660050.4012,1787660050.4156,0.03929,-0.724039,0.294524,2.334719,0.181010,0.328272,0.596719,-0.728998,0.318618,2.351703,0.159675,0.243509,0.618299,-0.729000,0.318600,2.351700,0.159700,0.243500,0.618300,,,,,,,0
755,1787660050.4586,1787660050.4744,0.05748,-0.724039,0.308330,2.334719,0.174874,0.292990,0.615126,-0.738446,0.330792,2.348993,0.146215,0.239087,0.614134,-0.738400,0.330800,2.349000,0.146200,0.239100,0.614100,,,,,,,1
756,1787660050.5252,1787660050.5385,0.06655,-0.727107,0.322136,2.346991,0.158000,0.260777,0.621262,-0.734270,0.336157,2.352427,0.137941,0.272309,0.643471,-0.734300,0.336200,2.352400,0.137900,0.272300,0.643500,,,,,,,1
757,1787660050.5639,1787660050.5785,0.03871,-0.727107,0.326738,2.353127,0.165670,0.250039,0.621262,-0.741809,0.347528,2.354017,0.136508,0.267557,0.687184,-0.741800,0.347500,2.354000,0.136500,0.267600,0.687200,,,,,,,0
758,1787660050.6202,1787660050.6335,0.05628,-0.728641,0.339010,2.350059,0.139592,0.245437,0.628932,-0.755662,0.364215,2.363932,0.129440,0.294447,0.695813,-0.755700,0.364200,2.363900,0.129400,0.294400,0.695800,,,,,,,0
759,1787660050.6755,1787660050.6895,0.05535,-0.728641,0.348214,2.351593,0.142660,0.256175,0.685689,-0.754722,0.358252,2.348871,0.129717,0.292363,0.684015,-0.754700,0.358300,2.348900,0.129700,0.292400,0.684000,,,,,,,0
760,1787660050.7153,1787660050.7284,0.03979,-0.731709,0.357418,2.356194,0.141126,0.265379,0.688757,-0.763353,0.352403,2.333840,0.137161,0.287391,0.671144,-0.763400,0.352400,2.333800,0.137200,0.287400,0.671100,,,,,,,0
761,1787660050.7721,1787660050.7856,0.05675,-0.743981,0.371223,2.357728,0.125786,0.286854,0.693359,-0.773278,0.345044,2.333233,0.147228,0.258260,0.658605,-0.773300,0.345000,2.333200,0.147200,0.258300,0.658600,,,,,,,0
762,1787660050.8113,1787660050.8247,0.03924,-0.747049,0.371223,2.359262,0.134990,0.291456,0.681087,-0.781040,0.331385,2.329364,0.155331,0.234584,0.638237,-0.781000,0.331400,2.329400,0.155300,0.234600,0.638200,,,,,,,0
763,1787660050.8707,1787660050.8856,0.05938,-0.754719,0.371223,2.342389,0.128854,0.291456,0.664214,-0.793274,0.326706,2.322526,0.161172,0.215847,0.628260,-0.793300,0.326700,2.322500,0.161200,0.215800,0.628300,,,,,,,0
764,1787660050.9373,1787660050.9506,0.0666,-0.770058,0.369689,2.336253,0.145728,0.263845,0.636602,-0.805823,0.337075,2.319258,0.163133,0.257531,0.626606,-0.805800,0.337100,2.319300,0.163100,0.257500,0.626600,,,,,,,0
765,1787660050.9739,1787660050.9875,0.03658,-0.774660,0.366621,2.342389,0.159534,0.246971,0.638136,-0.793370,0.339280,2.321477,0.164110,0.266354,0.624309,-0.793400,0.339300,2.321500,0.164100,0.266400,0.624300,,,,,,,0
766,1787660051.0257,1787660051.0394,0.05185,-0.782330,0.360485,2.333185,0.150330,0.227029,0.628932,-0.801972,0.336641,2.315642,0.151069,0.245838,0.616341,-0.802000,0.336600,2.315600,0.151100,0.245800,0.616300,,,,,,,0
767,1787660051.0921,1787660051.1055,0.0664,-0.788466,0.360485,2.328583,0.159534,0.225495,0.628932,-0.811039,0.344615,2.319160,0.151814,0.242668,0.620363,-0.811000,0.344600,2.319200,0.151800,0.242700,0.620400,,,,,,,0
768,1787660051.1313,1787660051.1446,0.03923,-0.788466,0.360485,2.331651,0.165670,0.243903,0.627398,-0.804710,0.345490,2.316839,0.150070,0.254565,0.614125,-0.804700,0.345500,2.316800,0.150100,0.254600,0.614100,,,,,,,0
769,1787660051.1878,1787660051.2025,0.05651,-0.791534,0.360485,2.328583,0.147262,0.262311,0.619728,-0.807198,0.359179,2.320205,0.152435,0.200349,0.612884,-0.807200,0.359200,2.320200,0.152400,0.200300,0.612900,,,,,,,0
770,1787660051.243,1787660051.2566,0.05514,-0.800738,0.360485,2.327049,0.154932,0.262311,0.616660,-0.819482,0.357864,2.316943,0.140736,0.246245,0.615458,-0.819500,0.357900,2.316900,0.140700,0.246200,0.615500,,,,,,,0
771,1787660051.2824,1787660051.2987,0.03939,-0.800738,0.360485,2.327049,0.153398,0.262311,0.616660,-0.819636,0.364945,2.315867,0.133489,0.254117,0.618857,-0.819600,0.364900,2.315900,0.133500,0.254100,0.618900,,,,,,,1
772,1787660051.3387,1787660051.3535,0.05635,-0.800738,0.363553,2.323981,0.151864,0.239301,0.615126,-0.810101,0.372007,2.313633,0.124728,0.246521,0.621824,-0.810100,0.372000,2.313600,0.124700,0.246500,0.621800,,,,,,,1
773,1787660051.3778,1787660051.3925,0.0391,-0.803806,0.365087,2.323981,0.144194,0.230097,0.615126,-0.821525,0.374456,2.314594,0.128862,0.245094,0.634218,-0.821500,0.374500,2.314600,0.128900,0.245100,0.634200,,,,,,,0
774,1787660051.4378,1787660051.4515,0.05992,-0.809942,0.372757,2.323981,0.133456,0.234699,0.615126,-0.821214,0.404307,2.309310,0.122439,0.233317,0.627107,-0.821200,0.404300,2.309300,0.122400,0.233300,0.627100,,,,,,,1
775,1787660051.493,1787660051.5074,0.05526,-0.809942,0.381961,2.323981,0.127320,0.243903,0.630466,-0.819713,0.412106,2.306533,0.123016,0.226820,0.629326,-0.819700,0.412100,2.306500,0.123000,0.226800,0.629300,,,,,,,1
776,1787660051.5327,1787660051.5466,0.03964,-0.809942,0.383495,2.323981,0.127320,0.243903,0.630466,-0.828843,0.431034,2.300735,0.109931,0.169351,0.624655,-0.828800,0.431000,2.300700,0.109900,0.169400,0.624700,,,,,,,0
777,1787660051.589,1787660051.6035,0.05636,-0.811476,0.401903,2.320913,0.125786,0.240835,0.630466,-0.834926,0.423936,2.306965,0.108120,0.146096,0.624651,-0.834900,0.423900,2.307000,0.108100,0.146100,0.624700,,,,,,,0
778,1787660051.6453,1787660051.6584,0.05626,-0.813010,0.427981,2.313243,0.119651,0.225495,0.630466,-0.833809,0.432457,2.308996,0.123961,0.148483,0.636818,-0.833800,0.432500,2.309000,0.124000,0.148500,0.636800,,,,,,,0
779,1787660051.6848,1787660051.6996,0.03951,-0.817612,0.437185,2.311709,0.111981,0.210155,0.630466,-0.833469,0.426227,2.296016,0.123824,0.179260,0.633431,-0.833500,0.426200,2.296000,0.123800,0.179300,0.633400,,,,,,,0
780,1787660051.7409,1787660051.7556,0.05613,-0.825282,0.437185,2.311709,0.108913,0.171806,0.630466,-0.836347,0.422632,2.299461,0.123290,0.173957,0.630417,-0.836300,0.422600,2.299500,0.123300,0.174000,0.630400,,,,,,,0
781,1787660051.7799,1787660051.7946,0.039,-0.826816,0.437185,2.311709,0.111981,0.158000,0.630466,-0.834138,0.417546,2.298181,0.133227,0.177953,0.629832,-0.834100,0.417500,2.298200,0.133200,0.178000,0.629800,,,,,,,0
782,1787660051.8397,1787660051.8546,0.05974,-0.826816,0.438719,2.308641,0.119651,0.154932,0.630466,-0.853467,0.423616,2.308168,0.131192,0.173360,0.630032,-0.853500,0.423600,2.308200,0.131200,0.173400,0.630000,,,,,,,0
783,1787660051.9059,1787660051.9206,0.06628,-0.828350,0.438719,2.305573,0.119651,0.174874,0.630466,-0.845531,0.429417,2.314511,0.134725,0.190088,0.635193,-0.845500,0.429400,2.314500,0.134700,0.190100,0.635200,,,,,,,0
784,1787660051.9453,1787660051.9583,0.0394,-0.828350,0.438719,2.305573,0.130388,0.174874,0.630466,-0.847228,0.419893,2.322092,0.131753,0.188216,0.638493,-0.847200,0.419900,2.322100,0.131800,0.188200,0.638500,,,,,,,0
785,1787660052.0028,1787660052.0176,0.0575,-0.837554,0.438719,2.308641,0.130388,0.176408,0.630466,-0.844045,0.420365,2.321213,0.124599,0.167841,0.637014,-0.844000,0.420400,2.321200,0.124600,0.167800,0.637000,,,,,,,0
786,1787660052.0692,1787660052.0826,0.0664,-0.843689,0.438719,2.320913,0.131922,0.187146,0.630466,-0.844758,0.422488,2.314313,0.134110,0.147530,0.638515,-0.844800,0.422500,2.314300,0.134100,0.147500,0.638500,,,,,,,0
787,1787660052.1087,1787660052.1226,0.03949,-0.843689,0.438719,2.323981,0.131922,0.187146,0.630466,-0.851058,0.429769,2.318552,0.124837,0.167382,0.648011,-0.851100,0.429800,2.318600,0.124800,0.167400,0.648000,,,,,,,0
788,1787660052.1658,1787660052.1806,0.05705,-0.842155,0.438719,2.322447,0.122718,0.177942,0.630466,-0.852322,0.423239,2.315358,0.126192,0.169454,0.645576,-0.852300,0.423200,2.315400,0.126200,0.169500,0.645600,,,,,,,0
789,1787660052.2215,1787660052.2346,0.05572,-0.842155,0.438719,2.322447,0.131922,0.156466,0.644272,-0.861389,0.426862,2.308516,0.122984,0.169348,0.649340,-0.861400,0.426900,2.308500,0.123000,0.169300,0.649300,,,,,,,0
790,1787660052.261,1787660052.2754,0.03947,-0.843689,0.438719,2.322447,0.127320,0.154932,0.644272,-0.862852,0.424666,2.301439,0.123918,0.165939,0.646512,-0.862900,0.424700,2.301400,0.123900,0.165900,0.646500,,,,,,,1
791,1787660052.3179,1787660052.3316,0.05693,-0.846757,0.438719,2.322447,0.122718,0.165670,0.644272,-0.866873,0.435642,2.310309,0.121220,0.147239,0.646293,-0.866900,0.435600,2.310300,0.121200,0.147200,0.646300,,,,,,,1
792,1787660052.3735,1787660052.3886,0.05561,-0.852893,0.438719,2.316311,0.125786,0.165670,0.644272,-0.877547,0.454028,2.305921,0.107424,0.106959,0.653123,-0.877500,0.454000,2.305900,0.107400,0.107000,0.653100,,,,,,,0
793,1787660052.413,1787660052.4276,0.03952,-0.854427,0.438719,2.310175,0.119651,0.167204,0.644272,-0.880729,0.458047,2.289832,0.108601,0.126497,0.652803,-0.880700,0.458000,2.289800,0.108600,0.126500,0.652800,,,,,,,1
794,1787660052.4695,1787660052.4846,0.05652,-0.859029,0.441786,2.313243,0.124252,0.153398,0.645806,-0.879248,0.469598,2.297517,0.101758,0.131253,0.647690,-0.879200,0.469600,2.297500,0.101800,0.131300,0.647700,,,,,,,1
795,1787660052.508,1787660052.5227,0.03849,-0.865165,0.455592,2.313243,0.115049,0.138058,0.650408,-0.890570,0.485913,2.285160,0.098960,0.106518,0.657496,-0.890600,0.485900,2.285200,0.099000,0.106500,0.657500,,,,,,,0
796,1787660052.5679,1787660052.5827,0.05987,-0.872835,0.469398,2.300971,0.110447,0.122718,0.650408,-0.886312,0.497094,2.281766,0.092032,0.094189,0.655188,-0.886300,0.497100,2.281800,0.092000,0.094200,0.655200,,,,,,,0
797,1787660052.6233,1787660052.6377,0.05538,-0.874369,0.483204,2.299437,0.101243,0.122718,0.651942,-0.875850,0.487525,2.283637,0.102171,0.091314,0.658388,-0.875900,0.487500,2.283600,0.102200,0.091300,0.658400,,,,,,,0
798,1787660052.6793,1787660052.6927,0.05605,-0.880505,0.503146,2.291767,0.098175,0.116583,0.651942,-0.876897,0.480372,2.288096,0.103749,0.090955,0.661071,-0.876900,0.480400,2.288100,0.103700,0.091000,0.661100,,,,,,,0
799,1787660052.7187,1787660052.7337,0.03935,-0.882039,0.506214,2.290233,0.095107,0.102777,0.651942,-0.882982,0.473901,2.287485,0.097356,0.093303,0.652219,-0.883000,0.473900,2.287500,0.097400,0.093300,0.652200,,,,,,,0
800,1787660052.7751,1787660052.7894,0.05647,-0.880505,0.504680,2.290233,0.098175,0.096641,0.653476,-0.883518,0.471462,2.289878,0.099963,0.094577,0.644281,-0.883500,0.471500,2.289900,0.100000,0.094600,0.644300,,,,,,,0
801,1787660052.8148,1787660052.8285,0.03969,-0.880505,0.504680,2.290233,0.098175,0.096641,0.653476,-0.889851,0.471180,2.305323,0.096699,0.112004,0.638283,-0.889900,0.471200,2.305300,0.096700,0.112000,0.638300,,,,,,,0
802,1787660052.8739,1787660052.8886,0.05907,-0.880505,0.504680,2.290233,0.099709,0.096641,0.651942,-0.890828,0.476772,2.309484,0.096999,0.103648,0.641928,-0.890800,0.476800,2.309500,0.097000,0.103600,0.641900,,,,,,,0
803,1787660052.9295,1787660052.9445,0.05559,-0.880505,0.501612,2.291767,0.095107,0.096641,0.642738,-0.894412,0.480207,2.290634,0.096936,0.117046,0.642817,-0.894400,0.480200,2.290600,0.096900,0.117000,0.642800,,,,,,,0
804,1787660052.9671,1787660052.9805,0.03759,-0.882039,0.501612,2.300971,0.095107,0.107379,0.638136,-0.892255,0.490457,2.292716,0.096315,0.120300,0.647847,-0.892300,0.490500,2.292700,0.096300,0.120300,0.647800,,,,,,,0
805,1787660053.019,1787660053.0325,0.05189,-0.883573,0.503146,2.313243,0.101243,0.108913,0.638136,-0.899386,0.497609,2.302787,0.093069,0.112846,0.647129,-0.899400,0.497600,2.302800,0.093100,0.112800,0.647100,,,,,,,0
806,1787660053.0855,1787660053.1005,0.06652,-0.883573,0.501612,2.297903,0.095107,0.116583,0.644272,-0.892813,0.505220,2.292167,0.090105,0.107830,0.649716,-0.892800,0.505200,2.292200,0.090100,0.107800,0.649700,,,,,,,0
807,1787660053.1249,1787660053.1393,0.03935,-0.885107,0.503146,2.297903,0.093573,0.118117,0.644272,-0.901872,0.510301,2.296997,0.072243,0.082944,0.649407,-0.901900,0.510300,2.297000,0.072200,0.082900,0.649400,,,,,,,0
808,1787660053.182,1787660053.1965,0.05715,-0.889709,0.506214,2.304039,0.098175,0.118117,0.644272,-0.897625,0.520130,2.283351,0.067989,0.054387,0.649094,-0.897600,0.520100,2.283400,0.068000,0.054400,0.649100,,,,,,,0
809,1787660053.2485,1787660053.2625,0.06652,-0.891243,0.518486,2.297903,0.079767,0.102777,0.644272,-0.898817,0.518693,2.293643,0.059435,0.046476,0.650490,-0.898800,0.518700,2.293600,0.059400,0.046500,0.650500,,,,,,,1
810,1787660053.2876,1787660053.3025,0.03912,-0.891243,0.520019,2.300971,0.076699,0.090505,0.644272,-0.897843,0.525373,2.274229,0.071013,0.057859,0.652215,-0.897800,0.525400,2.274200,0.071000,0.057900,0.652200,,,,,,,1
811,1787660053.3445,1787660053.3595,0.05687,-0.892777,0.526155,2.296369,0.067495,0.064427,0.644272,-0.898921,0.531399,2.297849,0.063511,0.065903,0.658650,-0.898900,0.531400,2.297800,0.063500,0.065900,0.658600,,,,,,,0
812,1787660053.4115,1787660053.4278,0.06701,-0.892777,0.530757,2.290233,0.061359,0.053689,0.644272,-0.889942,0.520122,2.300056,0.057345,0.047320,0.664499,-0.889900,0.520100,2.300100,0.057300,0.047300,0.664500,,,,,,,1
813,1787660053.4666,1787660053.4815,0.05513,-0.892777,0.536893,2.287165,0.069029,0.058291,0.653476,-0.906242,0.528714,2.288929,0.062676,0.047766,0.660797,-0.906200,0.528700,2.288900,0.062700,0.047800,0.660800,,,,,,,1
814,1787660053.5063,1787660053.5197,0.03963,-0.894311,0.538427,2.281029,0.056757,0.062893,0.659612,-0.894477,0.537472,2.293561,0.057037,0.069637,0.669486,-0.894500,0.537500,2.293600,0.057000,0.069600,0.669500,,,,,,,0
815,1787660053.5626,1787660053.5777,0.05629,-0.894311,0.536893,2.290233,0.056757,0.056757,0.659612,-0.901040,0.547670,2.286004,0.058637,0.066024,0.666764,-0.901000,0.547700,2.286000,0.058600,0.066000,0.666800,,,,,,,0
816,1787660053.6014,1787660053.6146,0.03885,-0.894311,0.536893,2.308641,0.061359,0.053689,0.659612,-0.906209,0.548576,2.278972,0.062332,0.050800,0.661258,-0.906200,0.548600,2.279000,0.062300,0.050800,0.661300,,,,,,,0
817,1787660053.6612,1787660053.6754,0.05977,-0.897379,0.544563,2.297903,0.059825,0.064427,0.665748,-0.911994,0.544976,2.280004,0.053729,0.057588,0.660230,-0.912000,0.545000,2.280000,0.053700,0.057600,0.660200,,,,,,,0
818,1787660053.7163,1787660053.7316,0.05516,-0.897379,0.555301,2.285631,0.056757,0.065961,0.665748,-0.914108,0.550696,2.267828,0.048764,0.073018,0.662049,-0.914100,0.550700,2.267800,0.048800,0.073000,0.662000,,,,,,,0
819,1787660053.7552,1787660053.7686,0.03884,-0.897379,0.555301,2.285631,0.055223,0.059825,0.665748,-0.920912,0.553234,2.267234,0.047208,0.095597,0.658603,-0.920900,0.553200,2.267200,0.047200,0.095600,0.658600,,,,,,,0
820,1787660053.8143,1787660053.8276,0.05908,-0.903515,0.555301,2.285631,0.055223,0.058291,0.665748,-0.919806,0.552971,2.255208,0.047079,0.085774,0.656055,-0.919800,0.553000,2.255200,0.047100,0.085800,0.656100,,,,,,,0
821,1787660053.8806,1787660053.8955,0.06634,-0.906583,0.558369,2.273360,0.052155,0.082835,0.665748,-0.912061,0.564610,2.253223,0.044649,0.070031,0.663024,-0.912100,0.564600,2.253200,0.044600,0.070000,0.663000,,,,,,,0
822,1787660053.9197,1787660053.9345,0.03912,-0.909651,0.558369,2.273360,0.050621,0.092039,0.665748,-0.907872,0.568940,2.248455,0.043565,0.088860,0.661182,-0.907900,0.568900,2.248500,0.043600,0.088900,0.661200,,,,,,,0
823,1787660053.9771,1787660053.9915,0.05737,-0.909651,0.559903,2.262622,0.050621,0.092039,0.665748,-0.911593,0.583687,2.242458,0.038476,0.084989,0.662958,-0.911600,0.583700,2.242500,0.038500,0.085000,0.663000,,,,,,,0
824,1787660054.0436,1787660054.0585,0.06654,-0.909651,0.572175,2.256486,0.046019,0.078233,0.665748,-0.910603,0.584674,2.233929,0.033341,0.074246,0.658319,-0.910600,0.584700,2.233900,0.033300,0.074200,0.658300,,,,,,,0
825,1787660054.083,1787660054.0975,0.03939,-0.909651,0.572175,2.254952,0.046019,0.079767,0.665748,-0.912010,0.574905,2.236023,0.034648,0.086323,0.659562,-0.912000,0.574900,2.236000,0.034600,0.086300,0.659600,,,,,,,0
826,1787660054.1401,1787660054.1544,0.05711,-0.909651,0.582913,2.248816,0.041417,0.084369,0.665748,-0.908676,0.578230,2.228847,0.027922,0.079032,0.660708,-0.908700,0.578200,2.228800,0.027900,0.079000,0.660700,,,,,,,0
827,1787660054.1955,1787660054.2104,0.05537,-0.909651,0.582913,2.241146,0.039884,0.081301,0.665748,-0.916310,0.594552,2.227023,0.027692,0.066630,0.663337,-0.916300,0.594600,2.227000,0.027700,0.066600,0.663300,,,,,,,0
828,1787660054.2356,1787660054.2495,0.04013,-0.909651,0.582913,2.239612,0.038350,0.084369,0.665748,-0.913290,0.587177,2.228527,0.021409,0.064317,0.665151,-0.913300,0.587200,2.228500,0.021400,0.064300,0.665200,,,,,,,1
829,1787660054.2926,1787660054.3064,0.05702,-0.909651,0.584447,2.233476,0.030680,0.082835,0.665748,-0.914224,0.593042,2.222667,0.008480,0.070313,0.664588,-0.914200,0.593000,2.222700,0.008500,0.070300,0.664600,,,,,,,1
830,1787660054.3479,1787660054.3627,0.05527,-0.909651,0.590583,2.233476,0.026078,0.070563,0.665748,-0.908923,0.595111,2.227569,0.008101,0.055169,0.663739,-0.908900,0.595100,2.227600,0.008100,0.055200,0.663700,,,,,,,0
831,1787660054.3875,1787660054.4025,0.03958,-0.909651,0.590583,2.231942,0.023010,0.070563,0.665748,-0.922987,0.598931,2.212100,0.010861,0.056571,0.672000,-0.923000,0.598900,2.212100,0.010900,0.056600,0.672000,,,,,,,1
832,1787660054.4447,1787660054.4595,0.05716,-0.909651,0.592117,2.225806,0.010738,0.070563,0.665748,-0.927750,0.600422,2.210957,0.012715,0.045841,0.673228,-0.927800,0.600400,2.211000,0.012700,0.045800,0.673200,,,,,,,1
833,1787660054.5004,1787660054.5136,0.05577,-0.909651,0.595185,2.225806,0.009204,0.062893,0.665748,-0.924778,0.599522,2.215810,0.010023,0.057363,0.672902,-0.924800,0.599500,2.215800,0.010000,0.057400,0.672900,,,,,,,0
834,1787660054.5398,1787660054.5547,0.03936,-0.912719,0.596719,2.218136,0.012272,0.061359,0.665748,-0.925225,0.597158,2.209204,0.006234,0.050959,0.657209,-0.925200,0.597200,2.209200,0.006200,0.051000,0.657200,,,,,,,0
835,1787660054.5987,1787660054.6126,0.05888,-0.915787,0.596719,2.208932,0.010738,0.053689,0.665748,-0.931281,0.594595,2.213855,0.010921,0.059302,0.661164,-0.931300,0.594600,2.213900,0.010900,0.059300,0.661200,,,,,,,0
836,1787660054.6382,1787660054.6524,0.03953,-0.915787,0.596719,2.205864,0.009204,0.053689,0.665748,-0.934555,0.597965,2.212144,0.010420,0.062919,0.646459,-0.934600,0.598000,2.212100,0.010400,0.062900,0.646500,,,,,,,0
837,1787660054.6952,1787660054.7083,0.05696,-0.915787,0.598253,2.207398,0.007670,0.055223,0.661146,-0.926348,0.592864,2.220529,0.022366,0.078051,0.569799,-0.926300,0.592900,2.220500,0.022400,0.078100,0.569800,,,,,,,0
838,1787660054.7503,1787660054.7655,0.05517,-0.920388,0.598253,2.207398,0.006136,0.061359,0.648874,-0.924062,0.593139,2.220757,0.024927,0.078478,0.604176,-0.924100,0.593100,2.220800,0.024900,0.078500,0.604200,,,,,,,0
839,1787660054.7892,1787660054.8025,0.03886,-0.920388,0.599786,2.207398,0.006136,0.064427,0.636602,-0.933188,0.577686,2.233661,0.023632,0.086761,0.415201,-0.933200,0.577700,2.233700,0.023600,0.086800,0.415200,,,,,,,0
840,1787660054.8457,1787660054.8606,0.05651,-0.920388,0.599786,2.212000,0.013806,0.076699,0.567573,-0.934067,0.584377,2.229962,0.024688,0.076068,0.319716,-0.934100,0.584400,2.230000,0.024700,0.076100,0.319700,,,,,,,0
841,1787660054.8845,1787660054.8996,0.03875,-0.920388,0.599786,2.212000,0.013806,0.078233,0.599786,-0.930920,0.578712,2.225544,0.015896,0.081076,0.274641,-0.930900,0.578700,2.225500,0.015900,0.081100,0.274600,,,,,,,0
842,1787660054.9465,1787660054.9595,0.06201,-0.921922,0.596719,2.218136,0.013806,0.085903,0.487806,-0.932305,0.576726,2.230019,0.020818,0.078206,0.184032,-0.932300,0.576700,2.230000,0.020800,0.078200,0.184000,,,,,,,0
843,1787660055.0106,1787660055.0256,0.06414,-0.928058,0.592117,2.221204,0.013806,0.078233,0.288388,-0.944247,0.587272,2.219679,0.020586,0.088701,0.034994,-0.944200,0.587300,2.219700,0.020600,0.088700,0.035000,,,,,,,0
844,1787660055.0503,1787660055.0666,0.03966,-0.929592,0.589049,2.221204,0.013806,0.078233,0.268447,-0.940619,0.583501,2.225866,0.029502,0.078286,0.002014,-0.940600,0.583500,2.225900,0.029500,0.078300,0.002000,,,,,,,0
845,1787660055.1072,1787660055.1215,0.05694,-0.929592,0.589049,2.219670,0.013806,0.078233,0.142660,-0.945705,0.579307,2.222480,0.019776,0.073343,0.011812,-0.945700,0.579300,2.222500,0.019800,0.073300,0.011800,,,,,,,0
846,1787660055.1737,1787660055.1885,0.06645,-0.938796,0.589049,2.216602,0.016874,0.087437,-0.006136,-0.945308,0.587293,2.218235,0.024180,0.085435,0.022140,-0.945300,0.587300,2.218200,0.024200,0.085400,0.022100,,,,,,,0
847,1787660055.2128,1787660055.2285,0.0391,-0.940330,0.590583,2.216602,0.018408,0.084369,0.003068,-0.947618,0.576554,2.235806,0.017354,0.069935,-0.000244,-0.947600,0.576600,2.235800,0.017400,0.069900,-0.000200,,,,,,,1
848,1787660055.2704,1787660055.2854,0.05766,-0.940330,0.590583,2.216602,0.018408,0.079767,0.013806,-0.941545,0.574204,2.238474,0.027459,0.081101,-0.023478,-0.941500,0.574200,2.238500,0.027500,0.081100,-0.023500,,,,,,,1
849,1787660055.3258,1787660055.3414,0.05538,-0.940330,0.590583,2.216602,0.018408,0.082835,0.003068,-0.941968,0.563442,2.243437,0.026719,0.065224,-0.022595,-0.942000,0.563400,2.243400,0.026700,0.065200,-0.022600,,,,,,,0
850,1787660055.3638,1787660055.3775,0.03799,-0.940330,0.590583,2.219670,0.018408,0.082835,-0.009204,-0.941360,0.498938,2.245589,0.026722,0.072890,-0.031895,-0.941400,0.498900,2.245600,0.026700,0.072900,-0.031900,,,,,,,1
851,1787660055.4153,1787660055.4297,0.05148,-0.941864,0.590583,2.224272,0.018408,0.079767,-0.021476,-0.944083,0.456204,2.251524,0.022044,0.048588,-0.029659,-0.944100,0.456200,2.251500,0.022000,0.048600,-0.029700,,,,,,,1
852,1787660055.4818,1787660055.4967,0.06654,-0.941864,0.579845,2.228874,0.018408,0.079767,-0.029146,-0.928780,0.403403,2.258663,0.017590,0.035195,-0.031833,-0.928800,0.403400,2.258700,0.017600,0.035200,-0.031800,,,,,,,0
853,1787660055.5208,1787660055.5357,0.03899,-0.941864,0.566039,2.239612,0.019942,0.078233,-0.029146,-0.917139,0.350146,2.247733,0.027176,0.011729,-0.029568,-0.917100,0.350100,2.247700,0.027200,0.011700,-0.029600,,,,,,,0
854,1787660055.5785,1787660055.5916,0.05767,-0.941864,0.527689,2.264156,0.030680,0.056757,-0.029146,-0.898052,0.292835,2.252131,0.023967,0.007230,-0.034079,-0.898100,0.292800,2.252100,0.024000,0.007200,-0.034100,,,,,,,0
855,1787660055.6449,1787660055.6595,0.06649,-0.931126,0.457126,2.241146,0.018408,0.030680,-0.027612,-0.866907,0.237058,2.254412,0.025321,-0.010423,-0.029806,-0.866900,0.237100,2.254400,0.025300,-0.010400,-0.029800,,,,,,,0
856,1787660055.6834,1787660055.6985,0.03847,-0.921922,0.418777,2.245748,0.021476,0.019942,-0.027612,-0.834546,0.189871,2.263233,0.029181,-0.006960,-0.027364,-0.834500,0.189900,2.263200,0.029200,-0.007000,-0.027400,,,,,,,0
857,1787660055.7413,1787660055.7556,0.0579,-0.903515,0.366621,2.267224,0.032214,0.012272,-0.027612,-0.792329,0.152792,2.268448,0.032196,0.007325,-0.023718,-0.792300,0.152800,2.268400,0.032200,0.007300,-0.023700,,,,,,,0
858,1787660055.8077,1787660055.8225,0.06639,-0.872835,0.300660,2.261088,0.024544,-0.001534,-0.027612,-0.744095,0.120629,2.264496,0.018408,0.035814,-0.024691,-0.744100,0.120600,2.264500,0.018400,0.035800,-0.024700,,,,,,,0
859,1787660055.8468,1787660055.8616,0.03914,-0.848291,0.259243,2.265690,0.030680,-0.003068,-0.027612,-0.679001,0.091267,2.262943,0.019404,0.062576,-0.021525,-0.679000,0.091300,2.262900,0.019400,0.062600,-0.021500,,,,,,,0
860,1787660055.9044,1787660055.9174,0.05754,-0.811476,0.208621,2.268758,0.030680,0.006136,-0.027612,-0.620334,0.063436,2.265358,0.023957,0.098735,-0.019515,-0.620300,0.063400,2.265400,0.024000,0.098700,-0.019500,,,,,,,0
861,1787660055.9709,1787660055.9845,0.06648,-0.760854,0.161068,2.271826,0.024544,0.039884,-0.026078,-0.560317,0.040067,2.250677,0.012964,0.164063,-0.021477,-0.560300,0.040100,2.250700,0.013000,0.164100,-0.021500,,,,,,,0
862,1787660056.0096,1787660056.0236,0.03871,-0.724039,0.133456,2.270292,0.023010,0.056757,-0.026078,-0.496611,0.018896,2.239669,0.009570,0.262497,-0.023710,-0.496600,0.018900,2.239700,0.009600,0.262500,-0.023700,,,,,,,0
863,1787660056.0662,1787660056.0795,0.05668,-0.667282,0.102777,2.270292,0.024544,0.088971,-0.026078,-0.433133,0.000434,2.228474,0.014370,0.346308,-0.018881,-0.433100,0.000400,2.228500,0.014400,0.346300,-0.018900,,,,,,,0
864,1787660056.1218,1787660056.1365,0.05553,-0.610524,0.075165,2.265690,0.016874,0.131922,-0.026078,-0.374350,-0.003725,2.218845,0.019940,0.450700,-0.018085,-0.374400,-0.003700,2.218800,0.019900,0.450700,-0.018100,,,,,,,0
865,1787660056.1606,1787660056.1754,0.03886,-0.567573,0.053689,2.254952,0.015340,0.171806,-0.026078,-0.312676,-0.021306,2.208197,0.019282,0.542290,-0.019080,-0.312700,-0.021300,2.208200,0.019300,0.542300,-0.019100,,,,,,,0
866,1787660056.217,1787660056.2317,0.05634,-0.497010,0.032214,2.242680,0.015340,0.253107,-0.026078,-0.261097,-0.037219,2.189093,0.022328,0.632494,-0.020988,-0.261100,-0.037200,2.189100,0.022300,0.632500,-0.021000,,,,,,,1
867,1787660056.2559,1787660056.2695,0.03896,-0.458660,0.027612,2.238078,0.016874,0.303728,-0.026078,-0.216287,-0.036127,2.162033,0.017385,0.730612,-0.019364,-0.216300,-0.036100,2.162000,0.017400,0.730600,-0.019400,,,,,,,1
868,1787660056.3185,1787660056.3335,0.0626,-0.386563,0.015340,2.224272,0.016874,0.403437,-0.024544,-0.174592,-0.050603,2.142558,0.015188,0.813932,-0.020119,-0.174600,-0.050600,2.142600,0.015200,0.813900,-0.020100,,,,,,,0
869,1787660056.3829,1787660056.3966,0.06439,-0.308330,-0.006136,2.201262,0.016874,0.516952,-0.024544,-0.116572,-0.047058,2.117492,0.015952,0.901216,-0.014510,-0.116600,-0.047100,2.117500,0.016000,0.901200,-0.014500,,,,,,,1
870,1787660056.4215,1787660056.4346,0.03862,-0.269981,-0.009204,2.181321,0.016874,0.578311,-0.024544,-0.087958,-0.048859,2.109050,0.019238,0.989028,-0.017874,-0.088000,-0.048900,2.109000,0.019200,0.989000,-0.017900,,,,,,,1
871,1787660056.4782,1787660056.4926,0.05663,-0.213223,-0.009204,2.164447,0.016874,0.679553,-0.019942,-0.081683,-0.042911,2.071945,0.010707,1.040631,-0.019144,-0.081700,-0.042900,2.071900,0.010700,1.040600,-0.019100,,,,,,,0
872,1787660056.5167,1787660056.5316,0.03854,-0.181010,-0.010738,2.150641,0.016874,0.739379,-0.016874,-0.068737,-0.039725,2.076575,0.019003,1.092854,-0.018328,-0.068700,-0.039700,2.076600,0.019000,1.092900,-0.018300,,,,,,,0
873,1787660056.5756,1787660056.5905,0.05886,-0.125786,-0.019942,2.124563,0.016874,0.842155,-0.016874,-0.047158,-0.028063,2.083841,0.005911,1.110994,-0.014377,-0.047200,-0.028100,2.083800,0.005900,1.111000,-0.014400,,,,,,,0
874,1787660056.642,1787660056.6565,0.0664,-0.085903,-0.019942,2.103088,0.016874,0.946466,-0.016874,-0.036560,-0.013556,2.092535,0.016073,1.125450,-0.020102,-0.036600,-0.013600,2.092500,0.016100,1.125500,-0.020100,,,,,,,0
875,1787660056.6808,1787660056.6956,0.03886,-0.076699,-0.019942,2.096952,0.016874,0.995554,-0.016874,-0.032010,-0.000600,2.120146,0.011600,1.145016,-0.019021,-0.032000,-0.000600,2.120100,0.011600,1.145000,-0.019000,,,,,,,0
876,1787660056.7387,1787660056.7535,0.05786,-0.056757,-0.018408,2.096952,0.012272,1.061515,-0.016874,-0.027183,0.005758,2.166402,0.007490,1.049986,-0.018299,-0.027200,0.005800,2.166400,0.007500,1.050000,-0.018300,,,,,,,0
877,1787660056.8048,1787660056.8185,0.06615,-0.038350,0.001534,2.106156,0.013806,1.115204,-0.016874,-0.039836,0.003117,2.194363,-0.003097,1.005875,-0.010307,-0.039800,0.003100,2.194400,-0.003100,1.005900,-0.010300,,,,,,,0
878,1787660056.8444,1787660056.8576,0.03952,-0.035282,0.007670,2.121495,0.013806,1.132078,-0.016874,-0.039748,0.007280,2.209684,0.015099,0.964858,-0.017283,-0.039700,0.007300,2.209700,0.015100,0.964900,-0.017300,,,,,,,0
879,1787660056.9013,1787660056.9166,0.05697,-0.033748,0.012272,2.155243,0.012272,1.138214,-0.016874,-0.056625,-0.005514,2.249699,0.004377,0.875607,-0.014849,-0.056600,-0.005500,2.249700,0.004400,0.875600,-0.014800,,,,,,,0
880,1787660056.9568,1787660056.9715,0.05543,-0.033748,0.012272,2.192059,0.004602,1.118272,-0.016874,-0.074788,-0.005918,2.273531,0.017633,0.883132,-0.014597,-0.074800,-0.005900,2.273500,0.017600,0.883100,-0.014600,,,,,,,0
881,1787660056.9949,1787660057.0093,0.03811,-0.033748,0.013806,2.208932,0.006136,1.090660,-0.016874,-0.068898,-0.009352,2.280767,0.022218,0.730159,-0.016811,-0.068900,-0.009400,2.280800,0.022200,0.730200,-0.016800,,,,,,,0
882,1787660057.0468,1787660057.0616,0.05188,-0.041417,0.013806,2.238078,0.007670,1.030835,-0.016874,-0.089714,-0.003215,2.292450,0.003227,0.690966,-0.023408,-0.089700,-0.003200,2.292500,0.003200,0.691000,-0.023400,,,,,,,0
883,1787660057.1132,1787660057.1265,0.0664,-0.058291,0.012272,2.273360,0.009204,0.937262,-0.016874,-0.096188,-0.004459,2.297084,0.006242,0.689812,-0.019948,-0.096200,-0.004500,2.297100,0.006200,0.689800,-0.019900,,,,,,,0
884,1787660057.1501,1787660057.1635,0.03697,-0.059825,0.012272,2.285631,0.016874,0.880505,-0.016874,-0.112960,-0.011795,2.306169,0.005366,0.681728,-0.024638,-0.113000,-0.011800,2.306200,0.005400,0.681700,-0.024600,,,,,,,0
885,1787660057.2018,1787660057.2155,0.05168,-0.070563,0.012272,2.293301,0.012272,0.803806,-0.016874,-0.119322,0.000787,2.312994,0.005559,0.741679,-0.020698,-0.119300,0.000800,2.313000,0.005600,0.741700,-0.020700,,,,,,,1
886,1787660057.2682,1787660057.2836,0.06641,-0.092039,0.012272,2.305573,0.009204,0.734777,-0.016874,-0.120385,-0.004805,2.313729,0.007214,0.693626,-0.026108,-0.120400,-0.004800,2.313700,0.007200,0.693600,-0.026100,,,,,,,1
887,1787660057.3235,1787660057.3376,0.05524,-0.105845,0.012272,2.311709,0.009204,0.699495,-0.016874,-0.125370,0.009987,2.307986,-0.005143,0.722042,-0.024825,-0.125400,0.010000,2.308000,-0.005100,0.722000,-0.024800,,,,,,,0
888,1787660057.3632,1787660057.3764,0.03971,-0.110447,0.012272,2.314777,0.009204,0.690291,-0.016874,-0.126984,0.013660,2.319315,-0.006154,0.733258,-0.016227,-0.127000,0.013700,2.319300,-0.006200,0.733300,-0.016200,,,,,,,1
889,1787660057.4212,1787660057.4346,0.05803,-0.110447,0.012272,2.316311,0.009204,0.690291,-0.016874,-0.125530,0.025030,2.318751,-0.009143,0.768205,-0.022926,-0.125500,0.025000,2.318800,-0.009100,0.768200,-0.022900,,,,,,,1
890,1787660057.4769,1787660057.4915,0.05571,-0.113515,0.016874,2.317845,-0.001534,0.716369,-0.016874,-0.136139,0.028870,2.339154,-0.006406,0.783363,-0.016426,-0.136100,0.028900,2.339200,-0.006400,0.783400,-0.016400,,,,,,,0
891,1787660057.5166,1787660057.5315,0.03969,-0.115049,0.021476,2.322447,-0.001534,0.728641,-0.016874,-0.139249,0.048123,2.327654,-0.008157,0.830379,-0.012354,-0.139200,0.048100,2.327700,-0.008200,0.830400,-0.012400,,,,,,,0
892,1787660057.5732,1787660057.5865,0.05664,-0.115049,0.032214,2.323981,-0.001534,0.759320,-0.016874,-0.143857,0.043006,2.334572,0.002993,0.841151,0.009191,-0.143900,0.043000,2.334600,0.003000,0.841200,0.009200,,,,,,,0
893,1787660057.612,1787660057.6265,0.03872,-0.121184,0.035282,2.330117,-0.003068,0.774660,-0.016874,-0.163891,0.029745,2.324306,0.019294,0.861461,0.031112,-0.163900,0.029700,2.324300,0.019300,0.861500,0.031100,,,,,,,0
894,1787660057.6689,1787660057.6836,0.05697,-0.131922,0.050621,2.339321,-0.001534,0.813010,-0.003068,-0.152785,0.043655,2.341868,0.019508,0.863047,0.080322,-0.152800,0.043700,2.341900,0.019500,0.863000,0.080300,,,,,,,0
895,1787660057.7374,1787660057.7505,0.06844,-0.141126,0.053689,2.337787,0.009204,0.846757,0.030680,-0.165079,0.019183,2.348994,0.066793,0.875615,0.135559,-0.165100,0.019200,2.349000,0.066800,0.875600,0.135600,,,,,,,0
896,1787660057.776,1787660057.7906,0.03859,-0.150330,0.052155,2.337787,0.015340,0.857495,0.038350,-0.187956,0.012869,2.338122,0.075022,0.918982,0.169298,-0.188000,0.012900,2.338100,0.075000,0.919000,0.169300,,,,,,,0
897,1787660057.8327,1787660057.8475,0.0567,-0.154932,0.052155,2.342389,0.016874,0.863631,0.098175,-0.198697,0.017553,2.341200,0.090415,0.946316,0.173946,-0.198700,0.017600,2.341200,0.090400,0.946300,0.173900,,,,,,,0
898,1787660057.8881,1787660057.9025,0.05547,-0.154932,0.052155,2.350059,0.039884,0.882039,0.170272,-0.205524,0.037155,2.327209,0.116989,0.924704,0.213120,-0.205500,0.037200,2.327200,0.117000,0.924700,0.213100,,,,,,,0
899,1787660057.9273,1787660057.9413,0.03914,-0.170272,0.042951,2.345457,0.053689,0.901981,0.170272,-0.224972,0.036364,2.317434,0.157415,0.944034,0.249833,-0.225000,0.036400,2.317400,0.157400,0.944000,0.249800,,,,,,,0
900,1787660057.9788,1787660057.9935,0.05149,-0.190214,0.041417,2.348525,0.082835,0.931126,0.170272,-0.262434,0.015339,2.325392,0.155309,0.953214,0.307444,-0.262400,0.015300,2.325400,0.155300,0.953200,0.307400,,,,,,,0
901,1787660058.0453,1787660058.0596,0.06651,-0.204019,0.042951,2.339321,0.110447,0.941864,0.251573,-0.300929,0.001234,2.317461,0.191986,0.958371,0.404849,-0.300900,0.001200,2.317500,0.192000,0.958400,0.404800,,,,,,,0
902,1787660058.084,1787660058.0985,0.03878,-0.213223,0.042951,2.334719,0.131922,0.941864,0.260777,-0.328020,0.004350,2.305326,0.193222,0.986581,0.416864,-0.328000,0.004400,2.305300,0.193200,0.986600,0.416900,,,,,,,0
903,1787660058.1404,1787660058.1547,0.05633,-0.239301,0.044485,2.334719,0.154932,0.952602,0.320602,-0.354426,0.005862,2.306651,0.219189,0.996546,0.439249,-0.354400,0.005900,2.306700,0.219200,0.996500,0.439200,,,,,,,0
904,1787660058.1789,1787660058.1937,0.03853,-0.260777,0.038350,2.333185,0.167204,0.958738,0.403437,-0.367484,0.028585,2.302627,0.211327,0.980710,0.439776,-0.367500,0.028600,2.302600,0.211300,0.980700,0.439800,,,,,,,1
905,1787660058.2298,1787660058.2454,0.05093,-0.300660,0.032214,2.322447,0.185612,0.975612,0.418777,-0.383629,0.047654,2.304621,0.210839,0.972343,0.436431,-0.383600,0.047700,2.304600,0.210800,0.972300,0.436400,,,,,,,1
906,1787660058.2963,1787660058.3114,0.0665,-0.339010,0.032214,2.320913,0.204019,0.992486,0.438719,-0.393598,0.054230,2.308131,0.201430,0.999832,0.439462,-0.393600,0.054200,2.308100,0.201400,0.999800,0.439500,,,,,,,0
907,1787660058.3331,1787660058.3467,0.03675,-0.354350,0.036816,2.320913,0.207087,0.992486,0.438719,-0.412840,0.054038,2.324767,0.217837,0.990892,0.470217,-0.412800,0.054000,2.324800,0.217800,0.990900,0.470200,,,,,,,1
908,1787660058.3849,1787660058.3987,0.05186,-0.371223,0.052155,2.317845,0.207087,0.980214,0.438719,-0.430260,0.077820,2.327883,0.235435,0.990589,0.465634,-0.430300,0.077800,2.327900,0.235400,0.990600,0.465600,,,,,,,1
909,1787660058.4513,1787660058.4645,0.06639,-0.388097,0.061359,2.320913,0.207087,0.984816,0.469398,-0.465212,0.084451,2.332806,0.235119,0.999538,0.468600,-0.465200,0.084500,2.332800,0.235100,0.999500,0.468600,,,,,,,0
910,1787660058.4881,1787660058.5026,0.03674,-0.400369,0.061359,2.327049,0.211689,0.989418,0.469398,-0.485990,0.089237,2.331506,0.232137,0.969571,0.475644,-0.486000,0.089200,2.331500,0.232100,0.969600,0.475600,,,,,,,0
911,1787660058.5397,1787660058.5545,0.05168,-0.418777,0.075165,2.330117,0.228563,0.989418,0.470932,-0.510537,0.103779,2.336635,0.248495,0.970114,0.484748,-0.510500,0.103800,2.336600,0.248500,0.970100,0.484700,,,,,,,0
912,1787660058.5962,1787660058.6094,0.05646,-0.435651,0.093573,2.330117,0.227029,0.992486,0.472466,-0.535055,0.115835,2.332670,0.244549,0.940918,0.493017,-0.535100,0.115800,2.332700,0.244500,0.940900,0.493000,,,,,,,0
913,1787660058.6635,1787660058.6784,0.06732,-0.477068,0.101243,2.334719,0.227029,0.980214,0.480136,-0.552694,0.124448,2.333818,0.245164,0.942443,0.505323,-0.552700,0.124400,2.333800,0.245200,0.942400,0.505300,,,,,,,0
914,1787660058.7022,1787660058.7165,0.0387,-0.495476,0.110447,2.337787,0.245437,0.974078,0.487806,-0.541694,0.143822,2.331224,0.238734,0.964456,0.498011,-0.541700,0.143800,2.331200,0.238700,0.964500,0.498000,,,,,,,0
915,1787660058.7593,1787660058.7745,0.05703,-0.520019,0.124252,2.337787,0.243903,0.954136,0.497010,-0.554811,0.149303,2.331812,0.245328,0.904499,0.495933,-0.554800,0.149300,2.331800,0.245300,0.904500,0.495900,,,,,,,0
916,1787660058.8265,1787660058.8415,0.06726,-0.539961,0.139592,2.337787,0.243903,0.948000,0.501612,-0.570230,0.163786,2.313447,0.248977,0.906330,0.494056,-0.570200,0.163800,2.313400,0.249000,0.906300,0.494100,,,,,,,0
917,1787660058.8656,1787660058.8805,0.03912,-0.539961,0.151864,2.337787,0.243903,0.957204,0.501612,-0.569177,0.175370,2.311550,0.239024,0.865881,0.495619,-0.569200,0.175400,2.311600,0.239000,0.865900,0.495600,,,,,,,0
918,1787660058.923,1787660058.9376,0.05739,-0.541495,0.158000,2.337787,0.245437,0.961806,0.501612,-0.571399,0.181548,2.309187,0.242203,0.825785,0.504309,-0.571400,0.181500,2.309200,0.242200,0.825800,0.504300,,,,,,,0
919,1787660058.9894,1787660059.0035,0.06637,-0.559903,0.176408,2.328583,0.243903,0.934194,0.501612,-0.582022,0.192399,2.310529,0.222228,0.758588,0.508129,-0.582000,0.192400,2.310500,0.222200,0.758600,0.508100,,,,,,,0
920,1787660059.028,1787660059.0424,0.03861,-0.561437,0.185612,2.323981,0.240835,0.903515,0.501612,-0.600967,0.204762,2.316505,0.222974,0.673127,0.505940,-0.601000,0.204800,2.316500,0.223000,0.673100,0.505900,,,,,,,0
921,1787660059.085,1787660059.0985,0.05703,-0.562971,0.188680,2.322447,0.242369,0.854427,0.501612,-0.620561,0.208725,2.315759,0.211576,0.635806,0.511449,-0.620600,0.208700,2.315800,0.211600,0.635800,0.511400,,,,,,,0
922,1787660059.1229,1787660059.1375,0.03786,-0.570641,0.194816,2.320913,0.233165,0.822214,0.501612,-0.631601,0.223742,2.318152,0.211082,0.605700,0.515628,-0.631600,0.223700,2.318200,0.211100,0.605700,0.515600,,,,,,,0
923,1787660059.1739,1787660059.1886,0.05099,-0.585981,0.214757,2.320913,0.225495,0.760854,0.501612,-0.623605,0.232824,2.322120,0.195652,0.607963,0.526531,-0.623600,0.232800,2.322100,0.195700,0.608000,0.526500,,,,,,,1
924,1787660059.2404,1787660059.2557,0.06651,-0.610524,0.223961,2.320913,0.214757,0.685689,0.510816,-0.635210,0.245319,2.331023,0.192484,0.590431,0.527854,-0.635200,0.245300,2.331000,0.192500,0.590400,0.527900,,,,,,,1
925,1787660059.2957,1787660059.3103,0.05531,-0.622796,0.236233,2.320913,0.210155,0.636602,0.523087,-0.639397,0.255428,2.335250,0.180466,0.546983,0.529519,-0.639400,0.255400,2.335200,0.180500,0.547000,0.529500,,,,,,,0
926,1787660059.3354,1787660059.3486,0.03972,-0.622796,0.243903,2.323981,0.200951,0.618194,0.523087,-0.640109,0.279091,2.340068,0.161984,0.496147,0.529536,-0.640100,0.279100,2.340100,0.162000,0.496100,0.529500,,,,,,,1
927,1787660059.3921,1787660059.4065,0.05663,-0.625864,0.253107,2.333185,0.187146,0.596719,0.523087,-0.644077,0.295476,2.336243,0.166243,0.458622,0.525327,-0.644100,0.295500,2.336200,0.166200,0.458600,0.525300,,,,,,,1
928,1787660059.4308,1787660059.4456,0.03872,-0.628932,0.262311,2.337787,0.188680,0.581379,0.523087,-0.642236,0.304082,2.336810,0.162699,0.462273,0.527061,-0.642200,0.304100,2.336800,0.162700,0.462300,0.527100,,,,,,,0
929,1787660059.4902,1787660059.5036,0.05938,-0.633534,0.286854,2.339321,0.165670,0.535359,0.523087,-0.649589,0.319301,2.329541,0.166064,0.418993,0.544917,-0.649600,0.319300,2.329500,0.166100,0.419000,0.544900,,,,,,,0
930,1787660059.5566,1787660059.5716,0.06646,-0.635068,0.308330,2.339321,0.165670,0.484738,0.523087,-0.649714,0.321785,2.327334,0.155324,0.447287,0.546101,-0.649700,0.321800,2.327300,0.155300,0.447300,0.546100,,,,,,,0
931,1787660059.5952,1787660059.6093,0.03859,-0.635068,0.314466,2.339321,0.165670,0.469398,0.533825,-0.649699,0.311042,2.331915,0.142018,0.440533,0.543218,-0.649700,0.311000,2.331900,0.142000,0.440500,0.543200,,,,,,,0
932,1787660059.6531,1787660059.6676,0.05789,-0.639670,0.325204,2.339321,0.165670,0.437185,0.543029,-0.657317,0.310221,2.329620,0.146428,0.461786,0.545846,-0.657300,0.310200,2.329600,0.146400,0.461800,0.545800,,,,,,,0
933,1787660059.7195,1787660059.7346,0.0664,-0.641204,0.331340,2.339321,0.148796,0.426447,0.543029,-0.643959,0.311117,2.326837,0.163768,0.512385,0.540609,-0.644000,0.311100,2.326800,0.163800,0.512400,0.540600,,,,,,,0
934,1787660059.7561,1787660059.7706,0.03661,-0.641204,0.329806,2.339321,0.145728,0.432583,0.543029,-0.632099,0.321291,2.322738,0.164615,0.550062,0.543077,-0.632100,0.321300,2.322700,0.164600,0.550100,0.543100,,,,,,,0
935,1787660059.808,1787660059.8216,0.05183,-0.645806,0.329806,2.339321,0.145728,0.454058,0.543029,-0.626288,0.328942,2.339746,0.159429,0.570479,0.537378,-0.626300,0.328900,2.339700,0.159400,0.570500,0.537400,,,,,,,0
936,1787660059.8744,1787660059.8886,0.06646,-0.647340,0.331340,2.334719,0.154932,0.484738,0.543029,-0.632665,0.328462,2.329213,0.174566,0.553032,0.543922,-0.632700,0.328500,2.329200,0.174600,0.553000,0.543900,,,,,,,0
937,1787660059.9142,1787660059.9276,0.03974,-0.636602,0.331340,2.333185,0.156466,0.513884,0.543029,-0.629586,0.320431,2.335913,0.166126,0.524017,0.544337,-0.629600,0.320400,2.335900,0.166100,0.524000,0.544300,,,,,,,0
938,1787660059.9711,1787660059.9847,0.05698,-0.627398,0.332874,2.337787,0.158000,0.553767,0.543029,-0.657774,0.323649,2.320664,0.165510,0.465850,0.549780,-0.657800,0.323600,2.320700,0.165500,0.465900,0.549800,,,,,,,0
939,1787660060.0264,1787660060.0397,0.05529,-0.628932,0.332874,2.337787,0.167204,0.567573,0.543029,-0.654500,0.330287,2.334787,0.154866,0.488018,0.552765,-0.654500,0.330300,2.334800,0.154900,0.488000,0.552800,,,,,,,0
940,1787660060.0656,1787660060.0797,0.03914,-0.628932,0.332874,2.337787,0.167204,0.567573,0.544563,-0.654469,0.338370,2.313137,0.149854,0.459387,0.550843,-0.654500,0.338400,2.313100,0.149900,0.459400,0.550800,,,,,,,0
941,1787660060.1219,1787660060.1367,0.05638,-0.635068,0.332874,2.333185,0.167204,0.530757,0.544563,-0.658268,0.347358,2.322439,0.139013,0.454568,0.558351,-0.658300,0.347400,2.322400,0.139000,0.454600,0.558400,,,,,,,0
942,1787660060.1609,1787660060.1764,0.03898,-0.645806,0.335942,2.331651,0.156466,0.507748,0.544563,-0.655079,0.341024,2.337109,0.114124,0.426126,0.553832,-0.655100,0.341000,2.337100,0.114100,0.426100,0.553800,,,,,,,1
943,1787660060.2202,1787660060.2357,0.05927,-0.651942,0.348214,2.330117,0.151864,0.474000,0.552233,-0.654776,0.371415,2.331356,0.126154,0.447344,0.565371,-0.654800,0.371400,2.331400,0.126200,0.447300,0.565400,,,,,,,1
944,1787660060.2754,1787660060.2887,0.05521,-0.648874,0.354350,2.325515,0.131922,0.454058,0.552233,-0.646109,0.370771,2.326972,0.130757,0.472196,0.570666,-0.646100,0.370800,2.327000,0.130800,0.472200,0.570700,,,,,,,0
945,1787660060.3143,1787660060.3287,0.03894,-0.648874,0.354350,2.333185,0.116583,0.440252,0.558369,-0.646869,0.377301,2.328251,0.133604,0.470369,0.568040,-0.646900,0.377300,2.328300,0.133600,0.470400,0.568000,,,,,,,1
946,1787660060.3709,1787660060.3846,0.05659,-0.650408,0.368155,2.337787,0.122718,0.435651,0.566039,-0.646896,0.391967,2.323976,0.126307,0.452696,0.574201,-0.646900,0.392000,2.324000,0.126300,0.452700,0.574200,,,,,,,1
947,1787660060.4099,1787660060.4246,0.03901,-0.650408,0.380427,2.336253,0.122718,0.444854,0.566039,-0.648441,0.398713,2.323003,0.120053,0.435014,0.584901,-0.648400,0.398700,2.323000,0.120100,0.435000,0.584900,,,,,,,0
948,1787660060.4694,1787660060.4845,0.05942,-0.648874,0.386563,2.336253,0.131922,0.466330,0.566039,-0.650802,0.394081,2.315389,0.126372,0.416200,0.581605,-0.650800,0.394100,2.315400,0.126400,0.416200,0.581600,,,,,,,0
949,1787660060.5251,1787660060.5385,0.05574,-0.648874,0.400369,2.331651,0.118117,0.466330,0.581379,-0.660457,0.396760,2.319616,0.116817,0.385977,0.586726,-0.660500,0.396800,2.319600,0.116800,0.386000,0.586700,,,,,,,0
950,1787660060.5644,1787660060.5773,0.03926,-0.648874,0.408039,2.330117,0.118117,0.449456,0.581379,-0.668688,0.401794,2.300947,0.108611,0.359103,0.580280,-0.668700,0.401800,2.300900,0.108600,0.359100,0.580300,,,,,,,0
951,1787660060.6222,1787660060.6355,0.05789,-0.648874,0.406505,2.327049,0.125786,0.423379,0.581379,-0.682416,0.400130,2.286763,0.106485,0.318998,0.574536,-0.682400,0.400100,2.286800,0.106500,0.319000,0.574500,,,,,,,0
952,1787660060.6889,1787660060.7036,0.06664,-0.655010,0.408039,2.319379,0.115049,0.385029,0.581379,-0.691637,0.408217,2.282551,0.094929,0.271339,0.569614,-0.691600,0.408200,2.282600,0.094900,0.271300,0.569600,,,,,,,0
953,1787660060.7276,1787660060.7424,0.0387,-0.658078,0.408039,2.314777,0.111981,0.371223,0.581379,-0.702175,0.406971,2.276772,0.083501,0.220916,0.566991,-0.702200,0.407000,2.276800,0.083500,0.220900,0.567000,,,,,,,0
954,1787660060.7847,1787660060.7996,0.05716,-0.671884,0.408039,2.296369,0.104311,0.335942,0.579845,-0.707513,0.398340,2.284437,0.064570,0.185079,0.564680,-0.707500,0.398300,2.284400,0.064600,0.185100,0.564700,,,,,,,0
955,1787660060.8517,1787660060.8665,0.06692,-0.688757,0.414175,2.287165,0.090505,0.282252,0.570641,-0.700920,0.388908,2.288595,0.077316,0.201982,0.574998,-0.700900,0.388900,2.288600,0.077300,0.202000,0.575000,,,,,,,0
956,1787660060.8905,1787660060.9055,0.03887,-0.694893,0.415709,2.285631,0.084369,0.253107,0.569107,-0.716215,0.410910,2.289267,0.063638,0.178086,0.571591,-0.716200,0.410900,2.289300,0.063600,0.178100,0.571600,,,,,,,0
957,1787660060.9473,1787660060.9605,0.05673,-0.699495,0.415709,2.285631,0.069029,0.210155,0.569107,-0.716056,0.406894,2.283015,0.048233,0.161590,0.567880,-0.716100,0.406900,2.283000,0.048200,0.161600,0.567900,,,,,,,0
958,1787660061.0148,1787660061.0298,0.06756,-0.699495,0.415709,2.287165,0.067495,0.187146,0.569107,-0.730567,0.416629,2.283071,0.044293,0.167527,0.569517,-0.730600,0.416600,2.283100,0.044300,0.167500,0.569500,,,,,,,0
959,1787660061.0537,1787660061.0686,0.03885,-0.704097,0.415709,2.287165,0.064427,0.182544,0.569107,-0.732601,0.421740,2.276591,0.033549,0.161220,0.568461,-0.732600,0.421700,2.276600,0.033500,0.161200,0.568500,,,,,,,0
960,1787660061.1113,1787660061.1247,0.05759,-0.710233,0.417243,2.287165,0.050621,0.168738,0.569107,-0.733252,0.439150,2.274517,0.029719,0.166231,0.567513,-0.733300,0.439100,2.274500,0.029700,0.166200,0.567500,,,,,,,0
961,1787660061.1777,1787660061.1926,0.06638,-0.720971,0.427981,2.285631,0.039884,0.168738,0.569107,-0.731055,0.436612,2.275754,0.031899,0.183895,0.565493,-0.731100,0.436600,2.275800,0.031900,0.183900,0.565500,,,,,,,1
962,1787660061.2172,1787660061.2327,0.03956,-0.725573,0.431049,2.284097,0.035282,0.167204,0.569107,-0.730922,0.440827,2.293644,0.035499,0.199603,0.563356,-0.730900,0.440800,2.293600,0.035500,0.199600,0.563400,,,,,,,1
963,1787660061.2743,1787660061.2886,0.05711,-0.728641,0.443320,2.284097,0.032214,0.167204,0.569107,-0.731857,0.451308,2.283449,0.030632,0.204717,0.567909,-0.731900,0.451300,2.283400,0.030600,0.204700,0.567900,,,,,,,0
964,1787660061.3299,1787660061.3443,0.05562,-0.728641,0.446388,2.284097,0.032214,0.184078,0.569107,-0.713635,0.456624,2.282679,0.018958,0.187100,0.557839,-0.713600,0.456600,2.282700,0.019000,0.187100,0.557800,,,,,,,1
965,1787660061.3696,1787660061.3836,0.03967,-0.728641,0.446388,2.290233,0.032214,0.196350,0.569107,-0.715719,0.455306,2.280787,0.013697,0.161449,0.557848,-0.715700,0.455300,2.280800,0.013700,0.161400,0.557800,,,,,,,1
966,1787660061.4269,1787660061.4413,0.05735,-0.728641,0.460194,2.291767,0.032214,0.200951,0.567573,-0.717503,0.463887,2.272855,0.019160,0.194833,0.557878,-0.717500,0.463900,2.272900,0.019200,0.194800,0.557900,,,,,,,0
967,1787660061.4825,1787660061.4975,0.05552,-0.724039,0.466330,2.290233,0.018408,0.188680,0.562971,-0.719757,0.470936,2.276182,0.002503,0.195526,0.561801,-0.719800,0.470900,2.276200,0.002500,0.195500,0.561800,,,,,,,0
968,1787660061.5218,1787660061.5366,0.03938,-0.720971,0.464796,2.288699,0.018408,0.173340,0.562971,-0.723096,0.482877,2.272795,-0.001704,0.177303,0.558186,-0.723100,0.482900,2.272800,-0.001700,0.177300,0.558200,,,,,,,0
969,1787660061.5786,1787660061.5926,0.05677,-0.719437,0.472466,2.282563,0.016874,0.170272,0.562971,-0.727927,0.488200,2.272541,-0.002627,0.195153,0.563874,-0.727900,0.488200,2.272500,-0.002600,0.195200,0.563900,,,,,,,0
970,1787660061.635,1787660061.6495,0.05637,-0.719437,0.484738,2.282563,0.006136,0.187146,0.558369,-0.733978,0.489231,2.267736,0.008687,0.182545,0.572872,-0.734000,0.489200,2.267700,0.008700,0.182500,0.572900,,,,,,,0
971,1787660061.6746,1787660061.6895,0.0396,-0.719437,0.490874,2.279495,0.001534,0.191748,0.558369,-0.747318,0.485936,2.272745,0.013671,0.170672,0.575622,-0.747300,0.485900,2.272700,0.013700,0.170700,0.575600,,,,,,,0
972,1787660061.7311,1787660061.7443,0.05654,-0.720971,0.495476,2.279495,0.000000,0.193282,0.567573,-0.753635,0.485251,2.278612,0.013176,0.174890,0.572209,-0.753600,0.485300,2.278600,0.013200,0.174900,0.572200,,,,,,,0
973,1787660061.7898,1787660061.8044,0.05862,-0.730175,0.498544,2.274894,0.001534,0.185612,0.570641,-0.762952,0.484062,2.281421,0.005744,0.172011,0.576427,-0.763000,0.484100,2.281400,0.005700,0.172000,0.576400,,,,,,,0
974,1787660061.8288,1787660061.8434,0.039,-0.736311,0.498544,2.274894,0.012272,0.177942,0.570641,-0.758458,0.511439,2.271918,-0.003805,0.183634,0.579007,-0.758500,0.511400,2.271900,-0.003800,0.183600,0.579000,,,,,,,0
975,1787660061.8865,1787660061.9015,0.05777,-0.747049,0.498544,2.276427,0.012272,0.177942,0.572175,-0.768464,0.516586,2.268084,-0.002180,0.166670,0.584131,-0.768500,0.516600,2.268100,-0.002200,0.166700,0.584100,,,,,,,0
976,1787660061.9416,1787660061.9566,0.05511,-0.751651,0.498544,2.277961,0.004602,0.177942,0.572175,-0.771129,0.532521,2.256643,-0.008903,0.173445,0.585504,-0.771100,0.532500,2.256600,-0.008900,0.173400,0.585500,,,,,,,0
977,1787660061.981,1787660061.9946,0.0394,-0.751651,0.510816,2.276427,-0.001534,0.177942,0.576777,-0.770275,0.539993,2.249257,-0.008567,0.169855,0.590245,-0.770300,0.540000,2.249300,-0.008600,0.169900,0.590200,,,,,,,0
978,1787660062.0368,1787660062.0516,0.05574,-0.757787,0.529223,2.273360,-0.001534,0.176408,0.579845,-0.767806,0.531672,2.257601,-0.013168,0.167934,0.598179,-0.767800,0.531700,2.257600,-0.013200,0.167900,0.598200,,,,,,,0
979,1787660062.0755,1787660062.0896,0.03874,-0.760854,0.538427,2.273360,-0.001534,0.174874,0.585981,-0.769984,0.539884,2.244561,-0.016123,0.161810,0.596698,-0.770000,0.539900,2.244600,-0.016100,0.161800,0.596700,,,,,,,0
980,1787660062.1356,1787660062.1496,0.06005,-0.763922,0.546097,2.253418,-0.013806,0.174874,0.590583,-0.777481,0.548230,2.242009,-0.022361,0.148312,0.609183,-0.777500,0.548200,2.242000,-0.022400,0.148300,0.609200,,,,,,,1
981,1787660062.202,1787660062.2156,0.0664,-0.763922,0.547631,2.262622,-0.009204,0.167204,0.593651,-0.762815,0.553733,2.238055,-0.013320,0.158562,0.596241,-0.762800,0.553700,2.238100,-0.013300,0.158600,0.596200,,,,,,,1
982,1787660062.2405,1787660062.2547,0.03849,-0.763922,0.547631,2.258020,-0.009204,0.165670,0.601320,-0.774618,0.557898,2.247514,-0.016501,0.157965,0.597742,-0.774600,0.557900,2.247500,-0.016500,0.158000,0.597700,,,,,,,0
983,1787660062.2974,1787660062.3113,0.05697,-0.766990,0.556835,2.244214,-0.021476,0.156466,0.604388,-0.785282,0.553111,2.249177,-0.026690,0.158015,0.606431,-0.785300,0.553100,2.249200,-0.026700,0.158000,0.606400,,,,,,,1
984,1787660062.3528,1787660062.3675,0.05539,-0.766990,0.564505,2.250350,-0.013806,0.156466,0.601320,-0.788076,0.569133,2.242891,-0.031247,0.148489,0.607557,-0.788100,0.569100,2.242900,-0.031200,0.148500,0.607600,,,,,,,1
985,1787660062.3925,1787660062.4066,0.03963,-0.766990,0.564505,2.248816,-0.013806,0.158000,0.601320,-0.788503,0.571913,2.232955,-0.032900,0.147809,0.587505,-0.788500,0.571900,2.233000,-0.032900,0.147800,0.587500,,,,,,,0
986,1787660062.4493,1787660062.4645,0.05681,-0.773126,0.566039,2.248816,-0.024544,0.158000,0.601320,-0.777737,0.565189,2.235628,-0.030294,0.162869,0.528643,-0.777700,0.565200,2.235600,-0.030300,0.162900,0.528600,,,,,,,0
987,1787660062.4883,1787660062.5016,0.03904,-0.779262,0.573709,2.248816,-0.027612,0.158000,0.601320,-0.775987,0.557712,2.235614,-0.026033,0.160643,0.377868,-0.776000,0.557700,2.235600,-0.026000,0.160600,0.377900,,,,,,,0
988,1787660062.5475,1787660062.5625,0.05916,-0.785398,0.579845,2.241146,-0.029146,0.153398,0.572175,-0.779572,0.563019,2.236535,-0.024827,0.159192,0.318866,-0.779600,0.563000,2.236500,-0.024800,0.159200,0.318900,,,,,,,0
989,1787660062.6027,1787660062.6175,0.05522,-0.780796,0.579845,2.239612,-0.027612,0.159534,0.435651,-0.782896,0.561215,2.229280,-0.026052,0.153557,0.236650,-0.782900,0.561200,2.229300,-0.026100,0.153600,0.236600,,,,,,,0
990,1787660062.6416,1787660062.6556,0.03891,-0.780796,0.578311,2.238078,-0.029146,0.159534,0.352816,-0.782279,0.557634,2.232069,-0.036693,0.160377,0.248658,-0.782300,0.557600,2.232100,-0.036700,0.160400,0.248700,,,,,,,0
991,1787660062.6984,1787660062.7136,0.05681,-0.780796,0.578311,2.236544,-0.033748,0.159534,0.303728,-0.785920,0.562742,2.220585,-0.032089,0.131283,0.496041,-0.785900,0.562700,2.220600,-0.032100,0.131300,0.496000,,,,,,,0
992,1787660062.7375,1787660062.7526,0.03907,-0.780796,0.578311,2.235010,-0.033748,0.159534,0.243903,-0.784189,0.564110,2.217155,-0.030538,0.148606,0.557937,-0.784200,0.564100,2.217200,-0.030500,0.148600,0.557900,,,,,,,0
993,1787660062.7966,1787660062.8126,0.05914,-0.780796,0.578311,2.233476,-0.033748,0.158000,0.279185,-0.785591,0.570151,2.216844,-0.035230,0.136399,0.508601,-0.785600,0.570200,2.216800,-0.035200,0.136400,0.508600,,,,,,,0
994,1787660062.8631,1787660062.8764,0.06643,-0.774660,0.579845,2.221204,-0.032214,0.153398,0.518486,-0.787485,0.566665,2.228660,-0.037279,0.140390,0.364274,-0.787500,0.566700,2.228700,-0.037300,0.140400,0.364300,,,,,,,0
995,1787660062.9018,1787660062.9166,0.03871,-0.774660,0.579845,2.221204,-0.029146,0.153398,0.566039,-0.790843,0.565543,2.221783,-0.039162,0.129067,0.177309,-0.790800,0.565500,2.221800,-0.039200,0.129100,0.177300,,,,,,,0
996,1787660062.9578,1787660062.9715,0.05602,-0.776194,0.579845,2.221204,-0.030680,0.144194,0.481670,-0.792191,0.567811,2.233925,-0.033449,0.141144,0.030291,-0.792200,0.567800,2.233900,-0.033400,0.141100,0.030300,,,,,,,0
997,1787660062.9967,1787660063.0114,0.03887,-0.779262,0.579845,2.221204,-0.035282,0.142660,0.348214,-0.797720,0.564620,2.235577,-0.031964,0.117279,0.016813,-0.797700,0.564600,2.235600,-0.032000,0.117300,0.016800,,,,,,,0
998,1787660063.0556,1787660063.0694,0.05899,-0.786932,0.579845,2.221204,-0.039884,0.136524,0.134990,-0.794595,0.555825,2.241331,-0.018606,0.131000,-0.009722,-0.794600,0.555800,2.241300,-0.018600,0.131000,-0.009700,,,,,,,0
999,1787660063.1222,1787660063.1377,0.0666,-0.788466,0.579845,2.224272,-0.038350,0.138058,0.009204,-0.787155,0.546977,2.251714,-0.031939,0.117048,0.002440,-0.787200,0.547000,2.251700,-0.031900,0.117000,0.002400,,,,,,,1
1000,1787660063.1892,1787660063.2023,0.06696,-0.788466,0.579845,2.233476,-0.033748,0.134990,-0.006136,-0.784667,0.530075,2.252545,-0.034816,0.128135,-0.013221,-0.784700,0.530100,2.252500,-0.034800,0.128100,-0.013200,,,,,,,1
1001,1787660063.2261,1787660063.2413,0.03688,-0.790000,0.579845,2.239612,-0.027612,0.134990,-0.004602,-0.785555,0.510549,2.264825,-0.028991,0.123340,-0.021855,-0.785600,0.510500,2.264800,-0.029000,0.123300,-0.021900,,,,,,,0
1002,1787660063.2777,1787660063.2936,0.05158,-0.790000,0.576777,2.247282,-0.033748,0.124252,-0.000000,-0.783393,0.454123,2.265255,-0.029226,0.107888,-0.020068,-0.783400,0.454100,2.265300,-0.029200,0.107900,-0.020100,,,,,,,1
1003,1787660063.3442,1787660063.3586,0.06655,-0.788466,0.567573,2.258020,-0.032214,0.124252,-0.019942,-0.776265,0.411451,2.273849,-0.023910,0.113264,-0.022930,-0.776300,0.411500,2.273800,-0.023900,0.113300,-0.022900,,,,,,,1
1004,1787660063.3829,1787660063.3976,0.03866,-0.788466,0.555301,2.270292,-0.024544,0.122718,-0.019942,-0.776875,0.360339,2.271105,-0.019077,0.101642,-0.027543,-0.776900,0.360300,2.271100,-0.019100,0.101600,-0.027500,,,,,,,0
1005,1787660063.44,1787660063.4545,0.05711,-0.786932,0.520019,2.265690,-0.027612,0.116583,-0.019942,-0.769779,0.324779,2.280807,-0.022675,0.105234,-0.026142,-0.769800,0.324800,2.280800,-0.022700,0.105200,-0.026100,,,,,,,0
1006,1787660063.5073,1787660063.5205,0.06731,-0.782330,0.455592,2.274894,-0.019942,0.113515,-0.019942,-0.757610,0.269306,2.284403,-0.024583,0.082181,-0.027075,-0.757600,0.269300,2.284400,-0.024600,0.082200,-0.027100,,,,,,,0
1007,1787660063.5463,1787660063.5595,0.03896,-0.779262,0.423379,2.277961,-0.018408,0.107379,-0.019942,-0.746543,0.224538,2.280595,-0.023638,0.059000,-0.030289,-0.746500,0.224500,2.280600,-0.023600,0.059000,-0.030300,,,,,,,0
1008,1787660063.6025,1787660063.6155,0.05625,-0.774660,0.380427,2.277961,-0.024544,0.107379,-0.019942,-0.728603,0.162032,2.280202,-0.018313,0.041016,-0.031803,-0.728600,0.162000,2.280200,-0.018300,0.041000,-0.031800,,,,,,,0
1009,1787660063.6397,1787660063.6535,0.03723,-0.765456,0.349748,2.285631,-0.018408,0.098175,-0.019942,-0.709612,0.119422,2.271168,-0.017784,0.035709,-0.031574,-0.709600,0.119400,2.271200,-0.017800,0.035700,-0.031600,,,,,,,0
1010,1787660063.6916,1787660063.7065,0.05192,-0.751651,0.300660,2.284097,-0.019942,0.075165,-0.027612,-0.642694,0.070127,2.242166,-0.017126,0.101586,-0.029477,-0.642700,0.070100,2.242200,-0.017100,0.101600,-0.029500,,,,,,,0
1011,1787660063.7583,1787660063.7726,0.06662,-0.736311,0.237767,2.285631,-0.018408,0.046019,-0.027612,-0.596841,0.047139,2.230393,-0.021832,0.150836,-0.030254,-0.596800,0.047100,2.230400,-0.021800,0.150800,-0.030300,,,,,,,0
1012,1787660063.7969,1787660063.8114,0.03863,-0.724039,0.204019,2.285631,-0.018408,0.042951,-0.027612,-0.551746,0.035556,2.210246,-0.027177,0.255646,-0.028082,-0.551700,0.035600,2.210200,-0.027200,0.255600,-0.028100,,,,,,,0
1013,1787660063.8541,1787660063.8685,0.05725,-0.684155,0.142660,2.268758,-0.018408,0.055223,-0.027612,-0.511633,0.015727,2.198368,-0.036874,0.327504,-0.025023,-0.511600,0.015700,2.198400,-0.036900,0.327500,-0.025000,,,,,,,0
1014,1787660063.892,1787660063.9066,0.03787,-0.653476,0.111981,2.250350,-0.018408,0.081301,-0.027612,-0.460563,0.005158,2.191909,-0.036738,0.447166,-0.028601,-0.460600,0.005200,2.191900,-0.036700,0.447200,-0.028600,,,,,,,0
1015,1787660063.9428,1787660063.9577,0.05077,-0.602854,0.078233,2.230408,-0.024544,0.138058,-0.027612,-0.402098,0.000187,2.172794,-0.035654,0.546657,-0.030728,-0.402100,0.000200,2.172800,-0.035700,0.546700,-0.030700,,,,,,,0
1016,1787660064.0091,1787660064.0236,0.06628,-0.541495,0.047553,2.212000,-0.030680,0.234699,-0.027612,-0.351735,-0.008241,2.171009,-0.033312,0.639861,-0.026721,-0.351700,-0.008200,2.171000,-0.033300,0.639900,-0.026700,,,,,,,0
1017,1787660064.0481,1787660064.0627,0.03902,-0.509282,0.036816,2.207398,-0.032214,0.292990,-0.027612,-0.299220,-0.022777,2.168053,-0.033228,0.693009,-0.024629,-0.299200,-0.022800,2.168100,-0.033200,0.693000,-0.024600,,,,,,,0
1018,1787660064.1048,1787660064.1196,0.05672,-0.447922,0.029146,2.193593,-0.032214,0.395767,-0.027612,-0.246198,-0.027135,2.158881,-0.026074,0.752788,-0.024841,-0.246200,-0.027100,2.158900,-0.026100,0.752800,-0.024800,,,,,,,1
1019,1787660064.1425,1787660064.1576,0.03775,-0.412641,0.029146,2.187457,-0.032214,0.457126,-0.027612,-0.215962,-0.041426,2.134916,-0.027981,0.801177,-0.026554,-0.216000,-0.041400,2.134900,-0.028000,0.801200,-0.026600,,,,,,,1
1020,1787660064.194,1787660064.2093,0.05141,-0.362019,0.015340,2.185923,-0.032214,0.546097,-0.027612,-0.190326,-0.033488,2.111061,-0.029041,0.861238,-0.024572,-0.190300,-0.033500,2.111100,-0.029000,0.861200,-0.024600,,,,,,,0
1021,1787660064.2601,1787660064.2735,0.0661,-0.292990,-0.006136,2.170583,-0.032214,0.650408,-0.027612,-0.135381,-0.034966,2.083415,-0.008612,0.970248,-0.025738,-0.135400,-0.035000,2.083400,-0.008600,0.970200,-0.025700,,,,,,,1
1022,1787660064.2987,1787660064.3126,0.03868,-0.260777,-0.009204,2.156777,-0.032214,0.701029,-0.027612,-0.111731,-0.023981,2.064737,-0.023223,1.044998,-0.021289,-0.111700,-0.024000,2.064700,-0.023200,1.045000,-0.021300,,,,,,,1
1023,1787660064.3546,1787660064.3703,0.05585,-0.213223,-0.009204,2.132233,-0.032214,0.779262,-0.027612,-0.104371,-0.010323,2.058486,-0.016776,1.083327,-0.009508,-0.104400,-0.010300,2.058500,-0.016800,1.083300,-0.009500,,,,,,,0
1024,1787660064.3933,1787660064.4083,0.03872,-0.185612,-0.009204,2.115360,-0.021476,0.831418,-0.027612,-0.077843,-0.021174,2.062116,-0.024897,1.130067,-0.028089,-0.077800,-0.021200,2.062100,-0.024900,1.130100,-0.028100,,,,,,,0
1025,1787660064.4446,1787660064.4596,0.0513,-0.144194,-0.009204,2.089282,-0.018408,0.911185,-0.026078,-0.054339,0.002418,2.070748,-0.016930,1.176714,-0.024366,-0.054300,0.002400,2.070700,-0.016900,1.176700,-0.024400,,,,,,,0
1026,1787660064.5111,1787660064.5245,0.06652,-0.104311,-0.007670,2.078544,-0.018408,1.009359,-0.021476,-0.047016,0.000767,2.097446,-0.014908,1.184740,-0.022571,-0.047000,0.000800,2.097400,-0.014900,1.184700,-0.022600,,,,,,,0
1027,1787660064.55,1787660064.5635,0.03886,-0.090505,-0.007670,2.078544,-0.018408,1.052311,-0.024544,-0.041328,-0.004895,2.146085,-0.016589,1.194458,-0.025312,-0.041300,-0.004900,2.146100,-0.016600,1.194500,-0.025300,,,,,,,0
1028,1787660064.6063,1787660064.6195,0.05627,-0.065961,0.004602,2.078544,-0.016874,1.119806,-0.024544,-0.046380,-0.041841,2.235272,-0.022043,1.083855,-0.025252,-0.046400,-0.041800,2.235300,-0.022000,1.083900,-0.025300,,,,,,,0
1029,1787660064.6621,1787660064.6764,0.05585,-0.049087,0.009204,2.096952,-0.016874,1.165825,-0.024544,-0.050795,-0.057912,2.296802,-0.029867,0.896732,-0.030356,-0.050800,-0.057900,2.296800,-0.029900,0.896700,-0.030400,,,,,,,0
1030,1787660064.7011,1787660064.7156,0.03901,-0.046019,0.009204,2.123029,-0.016874,1.182699,-0.024544,-0.068730,-0.098192,2.388364,-0.035937,0.692260,-0.032047,-0.068700,-0.098200,2.388400,-0.035900,0.692300,-0.032000,,,,,,,0
1031,1787660064.7572,1787660064.7726,0.05602,-0.046019,0.000000,2.179787,-0.018408,1.190369,-0.026078,-0.068097,-0.146762,2.453777,-0.044197,0.453903,-0.038966,-0.068100,-0.146800,2.453800,-0.044200,0.453900,-0.039000,,,,,,,0
1032,1787660064.7963,1787660064.8114,0.03911,-0.046019,-0.012272,2.222738,-0.023010,1.181165,-0.026078,-0.083579,-0.152374,2.468018,-0.032508,0.415571,-0.028894,-0.083600,-0.152400,2.468000,-0.032500,0.415600,-0.028900,,,,,,,0
1033,1787660064.858,1787660064.8725,0.06174,-0.053689,-0.050621,2.300971,-0.030680,1.138214,-0.029146,-0.063368,-0.178276,2.511328,-0.027068,0.318659,-0.039113,-0.063400,-0.178300,2.511300,-0.027100,0.318700,-0.039100,,,,,,,0
1034,1787660064.9236,1787660064.9386,0.06554,-0.065961,-0.102777,2.389942,-0.036816,1.058447,-0.032214,-0.082004,-0.201607,2.563280,-0.047639,0.200296,-0.032158,-0.082000,-0.201600,2.563300,-0.047600,0.200300,-0.032200,,,,,,,0
1035,1787660064.9611,1787660064.9754,0.03751,-0.069029,-0.119651,2.425224,-0.036816,1.001689,-0.033748,-0.093507,-0.217655,2.575588,-0.054939,0.130964,-0.030550,-0.093500,-0.217700,2.575600,-0.054900,0.131000,-0.030500,,,,,,,0
1036,1787660065.0119,1787660065.0256,0.05086,-0.070563,-0.142660,2.477379,-0.030680,0.897379,-0.033748,-0.107481,-0.248092,2.617779,-0.058026,0.086636,-0.039177,-0.107500,-0.248100,2.617800,-0.058000,0.086600,-0.039200,,,,,,,0
1037,1787660065.0783,1787660065.0936,0.06636,-0.069029,-0.171806,2.529534,-0.041417,0.739379,-0.033748,-0.121984,-0.246307,2.632166,-0.069328,0.015090,-0.030392,-0.122000,-0.246300,2.632200,-0.069300,0.015100,-0.030400,,,,,,,1
1038,1787660065.116,1787660065.1315,0.0377,-0.076699,-0.187146,2.560214,-0.049087,0.639670,-0.033748,-0.113867,-0.268439,2.653381,-0.066846,-0.006220,-0.028429,-0.113900,-0.268400,2.653400,-0.066800,-0.006200,-0.028400,,,,,,,1
1039,1787660065.1671,1787660065.1815,0.0511,-0.093573,-0.211689,2.595495,-0.052155,0.498544,-0.033748,-0.114265,-0.268980,2.645977,-0.070844,0.079884,-0.029723,-0.114300,-0.269000,2.646000,-0.070800,0.079900,-0.029700,,,,,,,0
1040,1787660065.2335,1787660065.2476,0.06638,-0.102777,-0.233165,2.639981,-0.061359,0.335942,-0.033748,-0.119573,-0.280016,2.671182,-0.091355,0.144921,-0.025827,-0.119600,-0.280000,2.671200,-0.091400,0.144900,-0.025800,,,,,,,1
1041,1787660065.2705,1787660065.2845,0.03699,-0.102777,-0.240835,2.652253,-0.061359,0.260777,-0.033748,-0.115644,-0.279228,2.701790,-0.092879,0.154161,-0.028091,-0.115600,-0.279200,2.701800,-0.092900,0.154200,-0.028100,,,,,,,1
1042,1787660065.3221,1787660065.3355,0.05166,-0.104311,-0.243903,2.652253,-0.064427,0.165670,-0.033748,-0.114966,-0.277282,2.727469,-0.105458,0.155058,-0.024665,-0.115000,-0.277300,2.727500,-0.105500,0.155100,-0.024700,,,,,,,0
1043,1787660065.3886,1787660065.4025,0.06651,-0.107379,-0.248505,2.662991,-0.081301,0.076699,-0.033748,-0.114701,-0.266520,2.739387,-0.096994,0.183393,-0.015832,-0.114700,-0.266500,2.739400,-0.097000,0.183400,-0.015800,,,,,,,0
1044,1787660065.4261,1787660065.4396,0.0375,-0.107379,-0.254641,2.681398,-0.090505,0.042951,-0.033748,-0.096012,-0.287513,2.752847,-0.100990,0.139684,-0.009166,-0.096000,-0.287500,2.752800,-0.101000,0.139700,-0.009200,,,,,,,0
1045,1787660065.477,1787660065.4916,0.05082,-0.107379,-0.254641,2.716680,-0.099709,0.010738,-0.026078,-0.101624,-0.292857,2.721356,-0.070674,0.108722,0.050783,-0.101600,-0.292900,2.721400,-0.070700,0.108700,0.050800,,,,,,,0
1046,1787660065.5435,1787660065.5576,0.06654,-0.107379,-0.254641,2.745826,-0.099709,0.003068,-0.012272,-0.127530,-0.279060,2.682771,-0.046693,0.099515,0.084751,-0.127500,-0.279100,2.682800,-0.046700,0.099500,0.084800,,,,,,,0
1047,1787660065.5801,1787660065.5945,0.03663,-0.102777,-0.257709,2.755029,-0.099709,0.013806,0.001534,-0.226181,-0.257195,2.595184,0.022216,0.139948,0.154830,-0.226200,-0.257200,2.595200,0.022200,0.139900,0.154800,,,,,,,0
1048,1787660065.632,1787660065.6466,0.0519,-0.102777,-0.268447,2.747360,-0.088971,0.052155,0.052155,-0.276234,-0.241986,2.589508,0.017129,0.169199,0.236794,-0.276200,-0.242000,2.589500,0.017100,0.169200,0.236800,,,,,,,0
1049,1787660065.6811,1787660065.6955,0.04903,-0.102777,-0.268447,2.727418,-0.059825,0.090505,0.134990,-0.323152,-0.214922,2.555849,0.057733,0.157083,0.272130,-0.323200,-0.214900,2.555800,0.057700,0.157100,0.272100,,,,,,,0
1050,1787660065.7299,1787660065.7444,0.04881,-0.125786,-0.254641,2.681398,-0.023010,0.127320,0.211689,-0.375725,-0.208019,2.534041,0.083593,0.144474,0.305328,-0.375700,-0.208000,2.534000,0.083600,0.144500,0.305300,,,,,,,0
1051,1787660065.7789,1787660065.7935,0.04901,-0.170272,-0.234699,2.633845,0.009204,0.154932,0.269981,-0.440387,-0.198294,2.489264,0.130868,0.157208,0.331685,-0.440400,-0.198300,2.489300,0.130900,0.157200,0.331700,,,,,,,0
1052,1787660065.8454,1787660065.8607,0.0665,-0.251573,-0.208621,2.578622,0.053689,0.164136,0.303728,-0.484921,-0.185342,2.470211,0.150744,0.111684,0.358518,-0.484900,-0.185300,2.470200,0.150700,0.111700,0.358500,,,,,,,0
1053,1787660065.8828,1787660065.8964,0.03743,-0.294524,-0.205553,2.558680,0.072097,0.158000,0.317534,-0.532335,-0.173310,2.451450,0.168585,0.123400,0.389136,-0.532300,-0.173300,2.451500,0.168600,0.123400,0.389100,,,,,,,0
1054,1787660065.9342,1787660065.9477,0.05139,-0.355884,-0.196350,2.528000,0.102777,0.151864,0.329806,-0.565142,-0.160874,2.450469,0.183394,0.149100,0.430324,-0.565100,-0.160900,2.450500,0.183400,0.149100,0.430300,,,,,,,0
1055,1787660066.0005,1787660066.0146,0.06626,-0.429515,-0.176408,2.486583,0.145728,0.145728,0.389631,-0.599161,-0.158238,2.442309,0.198331,0.172775,0.452215,-0.599200,-0.158200,2.442300,0.198300,0.172800,0.452200,,,,,,,0
1056,1787660066.0374,1787660066.0516,0.03695,-0.469398,-0.168738,2.471243,0.159534,0.134990,0.403437,-0.622697,-0.123401,2.426972,0.221527,0.141426,0.454876,-0.622700,-0.123400,2.427000,0.221500,0.141400,0.454900,,,,,,,1
1057,1787660066.0891,1787660066.1036,0.05167,-0.518486,-0.156466,2.463573,0.177942,0.131922,0.431049,-0.646697,-0.112234,2.405792,0.221379,0.154658,0.468023,-0.646700,-0.112200,2.405800,0.221400,0.154700,0.468000,,,,,,,1
1058,1787660066.1556,1787660066.1695,0.06652,-0.569107,-0.142660,2.454369,0.197884,0.145728,0.454058,-0.658439,-0.084195,2.383503,0.239452,0.196731,0.474182,-0.658400,-0.084200,2.383500,0.239500,0.196700,0.474200,,,,,,,0
1059,1787660066.1928,1787660066.2084,0.03724,-0.595185,-0.125786,2.442097,0.210155,0.147262,0.460194,-0.684878,-0.039074,2.387357,0.238163,0.194917,0.536336,-0.684900,-0.039100,2.387400,0.238200,0.194900,0.536300,,,,,,,1
1060,1787660066.2441,1787660066.2586,0.05125,-0.625864,-0.107379,2.428292,0.216291,0.151864,0.466330,-0.677922,-0.017524,2.367112,0.248756,0.184974,0.557122,-0.677900,-0.017500,2.367100,0.248800,0.185000,0.557100,,,,,,,1
1061,1787660066.3105,1787660066.3255,0.06646,-0.655010,-0.090505,2.405282,0.230097,0.173340,0.533825,-0.692068,0.014220,2.353719,0.248961,0.192841,0.556737,-0.692100,0.014200,2.353700,0.249000,0.192800,0.556700,,,,,,,0
1062,1787660066.3474,1787660066.3606,0.03682,-0.668816,-0.067495,2.399146,0.233165,0.187146,0.544563,-0.681785,0.039326,2.352531,0.252108,0.193676,0.567126,-0.681800,0.039300,2.352500,0.252100,0.193700,0.567100,,,,,,,0
1063,1787660066.3993,1787660066.4126,0.05191,-0.671884,-0.026078,2.386874,0.243903,0.191748,0.553767,-0.702082,0.061071,2.348020,0.239909,0.141935,0.579615,-0.702100,0.061100,2.348000,0.239900,0.141900,0.579600,,,,,,,0
1064,1787660066.4656,1787660066.4795,0.06637,-0.671884,0.013806,2.368466,0.245437,0.191748,0.566039,-0.720634,0.079862,2.349962,0.225921,0.095635,0.579573,-0.720600,0.079900,2.350000,0.225900,0.095600,0.579600,,,,,,,0
1065,1787660066.5045,1787660066.5186,0.03887,-0.673418,0.036816,2.363864,0.245437,0.191748,0.572175,-0.724664,0.096919,2.353063,0.211314,0.008864,0.596365,-0.724700,0.096900,2.353100,0.211300,0.008900,0.596400,,,,,,,0
1066,1787660066.5607,1787660066.5755,0.05622,-0.687223,0.064427,2.362330,0.240835,0.176408,0.575243,-0.724946,0.106658,2.348182,0.203545,-0.087382,0.619131,-0.724900,0.106700,2.348200,0.203500,-0.087400,0.619100,,,,,,,0
1067,1787660066.5987,1787660066.6146,0.03792,-0.701029,0.079767,2.360796,0.230097,0.150330,0.589049,-0.741511,0.144001,2.343100,0.200246,-0.136691,0.635286,-0.741500,0.144000,2.343100,0.200200,-0.136700,0.635300,,,,,,,0
1068,1787660066.65,1787660066.6645,0.05137,-0.716369,0.099709,2.360796,0.214757,0.098175,0.595185,-0.744962,0.169903,2.329329,0.205193,-0.162238,0.670178,-0.745000,0.169900,2.329300,0.205200,-0.162200,0.670200,,,,,,,0
1069,1787660066.706,1787660066.7205,0.05601,-0.719437,0.118117,2.360796,0.205553,0.026078,0.633534,-0.756780,0.174764,2.322697,0.201153,-0.120952,0.677059,-0.756800,0.174800,2.322700,0.201200,-0.121000,0.677100,,,,,,,0
1070,1787660066.7737,1787660066.7876,0.06762,-0.734777,0.158000,2.348525,0.207087,-0.061359,0.668816,-0.766502,0.204542,2.317399,0.195146,-0.196772,0.657156,-0.766500,0.204500,2.317400,0.195100,-0.196800,0.657200,,,,,,,0
1071,1787660066.8103,1787660066.8245,0.0366,-0.739379,0.174874,2.340855,0.207087,-0.101243,0.673418,-0.761055,0.220688,2.315181,0.195680,-0.222529,0.660815,-0.761100,0.220700,2.315200,0.195700,-0.222500,0.660800,,,,,,,0
1072,1787660066.8622,1787660066.8755,0.05191,-0.743981,0.182544,2.334719,0.205553,-0.138058,0.673418,-0.768960,0.246693,2.315844,0.190726,-0.272177,0.678154,-0.769000,0.246700,2.315800,0.190700,-0.272200,0.678200,,,,,,,0
1073,1787660066.9287,1787660066.9435,0.06649,-0.753185,0.197884,2.330117,0.199418,-0.182544,0.662680,-0.761563,0.257526,2.304163,0.187797,-0.319573,0.694634,-0.761600,0.257500,2.304200,0.187800,-0.319600,0.694600,,,,,,,0
1074,1787660066.9657,1787660066.9806,0.03702,-0.753185,0.219359,2.325515,0.196350,-0.204019,0.664214,-0.760548,0.285118,2.305950,0.187130,-0.319298,0.698161,-0.760500,0.285100,2.305900,0.187100,-0.319300,0.698200,,,,,,,0
1075,1787660067.0173,1787660067.0316,0.05165,-0.757787,0.245437,2.325515,0.193282,-0.240835,0.676486,-0.766291,0.298640,2.290581,0.186184,-0.322032,0.698639,-0.766300,0.298600,2.290600,0.186200,-0.322000,0.698600,,,,,,,1
1076,1787660067.0839,1787660067.0996,0.06656,-0.759320,0.274583,2.320913,0.190214,-0.286854,0.696427,-0.764417,0.322953,2.280838,0.184778,-0.339858,0.699253,-0.764400,0.323000,2.280800,0.184800,-0.339900,0.699300,,,,,,,1
1077,1787660067.1393,1787660067.1536,0.05548,-0.759320,0.297592,2.311709,0.188680,-0.311398,0.696427,-0.759974,0.332342,2.275457,0.188630,-0.338187,0.699104,-0.760000,0.332300,2.275500,0.188600,-0.338200,0.699100,,,,,,,0
1078,1787660067.1787,1787660067.1926,0.03935,-0.759320,0.308330,2.304039,0.188680,-0.316000,0.696427,-0.761100,0.353421,2.283847,0.189050,-0.344843,0.727750,-0.761100,0.353400,2.283800,0.189000,-0.344800,0.727800,,,,,,,1
1079,1787660067.2351,1787660067.2486,0.05642,-0.759320,0.328272,2.288699,0.187146,-0.331340,0.696427,-0.754306,0.372685,2.272386,0.185363,-0.353867,0.725916,-0.754300,0.372700,2.272400,0.185400,-0.353900,0.725900,,,,,,,1
1080,1787660067.2918,1787660067.3066,0.05663,-0.759320,0.349748,2.284097,0.187146,-0.334408,0.724039,-0.757095,0.385883,2.263873,0.185929,-0.389623,0.740676,-0.757100,0.385900,2.263900,0.185900,-0.389600,0.740700,,,,,,,0
1081,1787660067.3311,1787660067.3453,0.03936,-0.759320,0.360485,2.287165,0.188680,-0.340544,0.725573,-0.760295,0.397521,2.259849,0.183824,-0.392982,0.745812,-0.760300,0.397500,2.259800,0.183800,-0.393000,0.745800,,,,,,,0
1082,1787660067.3879,1787660067.4026,0.05675,-0.757787,0.381961,2.279495,0.188680,-0.349748,0.731709,-0.752576,0.391281,2.250739,0.174808,-0.368741,0.735003,-0.752600,0.391300,2.250700,0.174800,-0.368700,0.735000,,,,,,,0
1083,1787660067.4271,1787660067.4406,0.03925,-0.757787,0.394233,2.273360,0.188680,-0.360485,0.740913,-0.757556,0.398833,2.246276,0.170647,-0.373263,0.742242,-0.757600,0.398800,2.246300,0.170600,-0.373300,0.742200,,,,,,,0
1084,1787660067.4864,1787660067.5016,0.05926,-0.757787,0.403437,2.267224,0.187146,-0.383495,0.740913,-0.759322,0.394180,2.245915,0.165309,-0.374813,0.744411,-0.759300,0.394200,2.245900,0.165300,-0.374800,0.744400,,,,,,,0
1085,1787660067.5414,1787660067.5556,0.05504,-0.757787,0.403437,2.258020,0.174874,-0.385029,0.739379,-0.764478,0.402098,2.236143,0.152698,-0.386664,0.746842,-0.764500,0.402100,2.236100,0.152700,-0.386700,0.746800,,,,,,,0
1086,1787660067.581,1787660067.5956,0.03962,-0.757787,0.404971,2.253418,0.164136,-0.375825,0.739379,-0.775905,0.398630,2.244795,0.141280,-0.371623,0.748020,-0.775900,0.398600,2.244800,0.141300,-0.371600,0.748000,,,,,,,0
1087,1787660067.6396,1787660067.6547,0.05853,-0.757787,0.406505,2.254952,0.170272,-0.375825,0.739379,-0.781214,0.385788,2.232994,0.136199,-0.365453,0.748642,-0.781200,0.385800,2.233000,0.136200,-0.365500,0.748600,,,,,,,0
1088,1787660067.7058,1787660067.7207,0.06628,-0.759320,0.406505,2.247282,0.139592,-0.375825,0.743981,-0.797089,0.413984,2.230705,0.137646,-0.394809,0.742563,-0.797100,0.414000,2.230700,0.137600,-0.394800,0.742600,,,,,,,0
1089,1787660067.7445,1787660067.7584,0.03869,-0.763922,0.406505,2.247282,0.139592,-0.375825,0.743981,-0.811242,0.398664,2.230372,0.143330,-0.370307,0.737795,-0.811200,0.398700,2.230400,0.143300,-0.370300,0.737800,,,,,,,0
1090,1787660067.8013,1787660067.8147,0.05679,-0.774660,0.406505,2.247282,0.142660,-0.368155,0.743981,-0.809210,0.398434,2.230914,0.142857,-0.348933,0.741046,-0.809200,0.398400,2.230900,0.142900,-0.348900,0.741000,,,,,,,0
1091,1787660067.8393,1787660067.8527,0.03798,-0.782330,0.406505,2.239612,0.138058,-0.368155,0.742447,-0.819233,0.399450,2.246313,0.150004,-0.323762,0.735089,-0.819200,0.399500,2.246300,0.150000,-0.323800,0.735100,,,,,,,0
1092,1787660067.8904,1787660067.9057,0.05112,-0.796136,0.406505,2.238078,0.141126,-0.374291,0.742447,-0.803601,0.411206,2.242182,0.152594,-0.355411,0.765218,-0.803600,0.411200,2.242200,0.152600,-0.355400,0.765200,,,,,,,0
1093,1787660067.9569,1787660067.9714,0.0665,-0.808408,0.406505,2.241146,0.142660,-0.346680,0.736311,-0.811527,0.401230,2.229359,0.152538,-0.359607,0.750335,-0.811500,0.401200,2.229400,0.152500,-0.359600,0.750300,,,,,,,0
1094,1787660067.9936,1787660068.0083,0.03664,-0.809942,0.406505,2.244214,0.145728,-0.331340,0.745515,-0.808323,0.412030,2.219709,0.149630,-0.367845,0.756719,-0.808300,0.412000,2.219700,0.149600,-0.367800,0.756700,,,,,,,1
1095,1787660068.0453,1787660068.0594,0.05177,-0.809942,0.417243,2.245748,0.148796,-0.326738,0.763922,-0.807487,0.439532,2.217681,0.134488,-0.380116,0.764755,-0.807500,0.439500,2.217700,0.134500,-0.380100,0.764800,,,,,,,1
1096,1787660068.1118,1787660068.1253,0.06647,-0.808408,0.418777,2.239612,0.148796,-0.349748,0.754719,-0.806341,0.465439,2.215569,0.126005,-0.378077,0.771882,-0.806300,0.465400,2.215600,0.126000,-0.378100,0.771900,,,,,,,0
1097,1787660068.151,1787660068.1666,0.03918,-0.808408,0.418777,2.228874,0.147262,-0.362019,0.760854,-0.801066,0.450140,2.212474,0.120102,-0.377232,0.790790,-0.801100,0.450100,2.212500,0.120100,-0.377200,0.790800,,,,,,,1
1098,1787660068.2074,1787660068.2215,0.05638,-0.808408,0.441786,2.224272,0.136524,-0.372757,0.766990,-0.785714,0.466268,2.210913,0.117877,-0.381626,0.777030,-0.785700,0.466300,2.210900,0.117900,-0.381600,0.777000,,,,,,,1
1099,1787660068.263,1787660068.2764,0.05562,-0.808408,0.470932,2.222738,0.124252,-0.372757,0.788466,-0.794847,0.460390,2.210863,0.128079,-0.363705,0.774374,-0.794800,0.460400,2.210900,0.128100,-0.363700,0.774400,,,,,,,0
1100,1787660068.302,1787660068.3155,0.039,-0.803806,0.475534,2.221204,0.121184,-0.372757,0.783864,-0.790904,0.467733,2.215151,0.126602,-0.357700,0.778588,-0.790900,0.467700,2.215200,0.126600,-0.357700,0.778600,,,,,,,0
1101,1787660068.3587,1787660068.3735,0.05675,-0.793068,0.474000,2.221204,0.121184,-0.375825,0.780796,-0.798338,0.468066,2.210935,0.125862,-0.356407,0.769271,-0.798300,0.468100,2.210900,0.125900,-0.356400,0.769300,,,,,,,0
1102,1787660068.398,1787660068.4136,0.03925,-0.790000,0.474000,2.221204,0.122718,-0.372757,0.780796,-0.805153,0.475479,2.206655,0.127105,-0.346439,0.763372,-0.805200,0.475500,2.206700,0.127100,-0.346400,0.763400,,,,,,,0
1103,1787660068.4575,1787660068.4725,0.05952,-0.788466,0.475534,2.221204,0.125786,-0.358952,0.777728,-0.814300,0.485038,2.209218,0.118885,-0.347403,0.758926,-0.814300,0.485000,2.209200,0.118900,-0.347400,0.758900,,,,,,,0
1104,1787660068.5131,1787660068.5265,0.05556,-0.794602,0.475534,2.218136,0.125786,-0.352816,0.768524,-0.816243,0.495224,2.206563,0.107811,-0.352965,0.749772,-0.816200,0.495200,2.206600,0.107800,-0.353000,0.749800,,,,,,,0
1105,1787660068.5525,1787660068.5676,0.03945,-0.796136,0.484738,2.216602,0.125786,-0.348214,0.763922,-0.825114,0.493785,2.210876,0.099838,-0.338163,0.756650,-0.825100,0.493800,2.210900,0.099800,-0.338200,0.756600,,,,,,,0
1106,1787660068.6089,1787660068.6227,0.05638,-0.805340,0.493942,2.215068,0.119651,-0.348214,0.756253,-0.827105,0.494906,2.210730,0.094802,-0.329453,0.751699,-0.827100,0.494900,2.210700,0.094800,-0.329500,0.751700,,,,,,,0
1107,1787660068.6649,1787660068.6797,0.05606,-0.809942,0.503146,2.215068,0.105845,-0.348214,0.754719,-0.826361,0.501257,2.220052,0.096527,-0.350097,0.758576,-0.826400,0.501300,2.220100,0.096500,-0.350100,0.758600,,,,,,,0
1108,1787660068.7042,1787660068.7176,0.03922,-0.814544,0.504680,2.215068,0.101243,-0.339010,0.751651,-0.829289,0.508981,2.208921,0.093221,-0.329910,0.758879,-0.829300,0.509000,2.208900,0.093200,-0.329900,0.758900,,,,,,,0
1109,1787660068.7604,1787660068.7754,0.05625,-0.817612,0.504680,2.215068,0.098175,-0.332874,0.753185,-0.837556,0.501478,2.214127,0.093926,-0.334886,0.761757,-0.837600,0.501500,2.214100,0.093900,-0.334900,0.761800,,,,,,,0
1110,1787660068.7994,1787660068.8145,0.03902,-0.819146,0.507748,2.215068,0.096641,-0.332874,0.753185,-0.840916,0.506178,2.220642,0.092533,-0.337134,0.756764,-0.840900,0.506200,2.220600,0.092500,-0.337100,0.756800,,,,,,,0
1111,1787660068.8597,1787660068.8747,0.06027,-0.819146,0.520019,2.215068,0.096641,-0.337476,0.759320,-0.834794,0.528150,2.206654,0.083676,-0.337657,0.746487,-0.834800,0.528100,2.206700,0.083700,-0.337700,0.746500,,,,,,,0
1112,1787660068.9259,1787660068.9406,0.06623,-0.829884,0.518486,2.216602,0.096641,-0.337476,0.759320,-0.834989,0.534787,2.191372,0.084355,-0.352667,0.752260,-0.835000,0.534800,2.191400,0.084400,-0.352700,0.752300,,,,,,,0
1113,1787660068.9652,1787660068.9784,0.03926,-0.832952,0.518486,2.218136,0.090505,-0.337476,0.757787,-0.847496,0.530747,2.194333,0.085386,-0.355065,0.758412,-0.847500,0.530700,2.194300,0.085400,-0.355100,0.758400,,,,,,,1
1114,1787660069.0226,1787660069.0385,0.05738,-0.832952,0.535359,2.218136,0.088971,-0.337476,0.745515,-0.836856,0.539902,2.193341,0.074742,-0.371131,0.758171,-0.836900,0.539900,2.193300,0.074700,-0.371100,0.758200,,,,,,,1
1115,1787660069.0891,1787660069.1025,0.06649,-0.832952,0.544563,2.199728,0.084369,-0.346680,0.753185,-0.840446,0.540272,2.188287,0.085439,-0.363545,0.769209,-0.840400,0.540300,2.188300,0.085400,-0.363500,0.769200,,,,,,,0
1116,1787660069.1283,1787660069.1423,0.0392,-0.837554,0.544563,2.199728,0.085903,-0.349748,0.753185,-0.836057,0.559505,2.176046,0.082727,-0.375437,0.773927,-0.836100,0.559500,2.176000,0.082700,-0.375400,0.773900,,,,,,,1
1117,1787660069.1851,1787660069.1985,0.05685,-0.837554,0.544563,2.199728,0.078233,-0.363553,0.763922,-0.834524,0.565766,2.177941,0.071114,-0.368547,0.775965,-0.834500,0.565800,2.177900,0.071100,-0.368500,0.776000,,,,,,,1
1118,1787660069.2418,1787660069.2564,0.05666,-0.837554,0.552233,2.193593,0.079767,-0.365087,0.768524,-0.844866,0.558420,2.166981,0.085402,-0.364678,0.775287,-0.844900,0.558400,2.167000,0.085400,-0.364700,0.775300,,,,,,,0
1119,1787660069.2815,1787660069.2976,0.03974,-0.837554,0.564505,2.185923,0.078233,-0.368155,0.773126,-0.849237,0.567891,2.171486,0.075497,-0.379930,0.774828,-0.849200,0.567900,2.171500,0.075500,-0.379900,0.774800,,,,,,,0
1120,1787660069.3388,1787660069.3535,0.05725,-0.837554,0.572175,2.182855,0.069029,-0.366621,0.774660,-0.842473,0.578691,2.163109,0.080614,-0.357552,0.768527,-0.842500,0.578700,2.163100,0.080600,-0.357600,0.768500,,,,,,,0
1121,1787660069.4051,1787660069.4185,0.06638,-0.839087,0.572175,2.175185,0.079767,-0.366621,0.773126,-0.847143,0.579379,2.163732,0.081014,-0.359532,0.764016,-0.847100,0.579400,2.163700,0.081000,-0.359500,0.764000,,,,,,,0
1122,1787660069.444,1787660069.4575,0.03883,-0.840621,0.575243,2.175185,0.079767,-0.372757,0.773126,-0.852916,0.585222,2.160444,0.079727,-0.374961,0.760744,-0.852900,0.585200,2.160400,0.079700,-0.375000,0.760700,,,,,,,0
1123,1787660069.5008,1787660069.5146,0.0568,-0.840621,0.584447,2.169049,0.081301,-0.366621,0.773126,-0.855025,0.584712,2.163815,0.080309,-0.362003,0.754535,-0.855000,0.584700,2.163800,0.080300,-0.362000,0.754500,,,,,,,0
1124,1787660069.556,1787660069.5706,0.05522,-0.840621,0.585981,2.167515,0.081301,-0.360485,0.763922,-0.857442,0.580822,2.170723,0.083718,-0.367024,0.744121,-0.857400,0.580800,2.170700,0.083700,-0.367000,0.744100,,,,,,,0
1125,1787660069.5951,1787660069.6084,0.03907,-0.842155,0.587515,2.165981,0.081301,-0.363553,0.760854,-0.856137,0.570515,2.164041,0.084445,-0.352875,0.735277,-0.856100,0.570500,2.164000,0.084400,-0.352900,0.735300,,,,,,,0
1126,1787660069.6515,1787660069.6645,0.05649,-0.843689,0.587515,2.165981,0.081301,-0.365087,0.751651,-0.856245,0.579027,2.165965,0.084780,-0.367283,0.739969,-0.856200,0.579000,2.166000,0.084800,-0.367300,0.740000,,,,,,,0
1127,1787660069.6909,1787660069.7045,0.03937,-0.845223,0.587515,2.165981,0.081301,-0.362019,0.739379,-0.851184,0.572857,2.176466,0.091491,-0.357644,0.687852,-0.851200,0.572900,2.176500,0.091500,-0.357600,0.687900,,,,,,,0
1128,1787660069.7508,1787660069.7657,0.05991,-0.845223,0.587515,2.165981,0.081301,-0.358952,0.736311,-0.854490,0.564983,2.175515,0.095835,-0.337876,0.555984,-0.854500,0.565000,2.175500,0.095800,-0.337900,0.556000,,,,,,,0
1129,1787660069.8171,1787660069.8316,0.06624,-0.845223,0.587515,2.167515,0.081301,-0.355884,0.690291,-0.855736,0.564091,2.175246,0.097855,-0.338507,0.485979,-0.855700,0.564100,2.175200,0.097900,-0.338500,0.486000,,,,,,,0
1130,1787660069.854,1787660069.8676,0.03696,-0.845223,0.587515,2.167515,0.085903,-0.355884,0.678020,-0.852759,0.566920,2.169846,0.092878,-0.334619,0.433323,-0.852800,0.566900,2.169800,0.092900,-0.334600,0.433300,,,,,,,0
1131,1787660069.9058,1787660069.9196,0.05178,-0.845223,0.587515,2.165981,0.090505,-0.345146,0.555301,-0.862072,0.572052,2.163233,0.099606,-0.334504,0.378849,-0.862100,0.572100,2.163200,0.099600,-0.334500,0.378800,,,,,,,0
1132,1787660069.9724,1787660069.9865,0.06662,-0.845223,0.587515,2.167515,0.088971,-0.335942,0.427981,-0.861525,0.571952,2.159988,0.095604,-0.351341,0.320795,-0.861500,0.572000,2.160000,0.095600,-0.351300,0.320800,,,,,,,1
1133,1787660070.009,1787660070.0225,0.03652,-0.845223,0.587515,2.165981,0.088971,-0.335942,0.426447,-0.861901,0.573527,2.167009,0.097544,-0.334678,0.262643,-0.861900,0.573500,2.167000,0.097500,-0.334700,0.262600,,,,,,,1
1134,1787660070.0607,1787660070.0745,0.05176,-0.851359,0.587515,2.165981,0.092039,-0.335942,0.375825,-0.861290,0.562028,2.169784,0.086937,-0.344596,0.239342,-0.861300,0.562000,2.169800,0.086900,-0.344600,0.239300,,,,,,,0
1135,1787660070.1273,1787660070.1423,0.06662,-0.851359,0.587515,2.165981,0.092039,-0.335942,0.263845,-0.867295,0.568038,2.166895,0.093533,-0.349817,0.196859,-0.867300,0.568000,2.166900,0.093500,-0.349800,0.196900,,,,,,,1
1136,1787660070.1662,1787660070.1794,0.03888,-0.851359,0.587515,2.165981,0.092039,-0.335942,0.254641,-0.871127,0.567140,2.170230,0.092599,-0.358684,0.108352,-0.871100,0.567100,2.170200,0.092600,-0.358700,0.108400,,,,,,,1
1137,1787660070.223,1787660070.2376,0.05677,-0.851359,0.587515,2.165981,0.090505,-0.340544,0.242369,-0.866973,0.567124,2.174510,0.096721,-0.339413,0.049415,-0.867000,0.567100,2.174500,0.096700,-0.339400,0.049400,,,,,,,0
1138,1787660070.2608,1787660070.2754,0.03784,-0.854427,0.587515,2.165981,0.090505,-0.345146,0.227029,-0.872468,0.569432,2.191339,0.098067,-0.348588,0.023951,-0.872500,0.569400,2.191300,0.098100,-0.348600,0.024000,,,,,,,0
1139,1787660070.3116,1787660070.3256,0.05076,-0.860563,0.587515,2.165981,0.090505,-0.351282,0.219359,-0.868475,0.564974,2.192138,0.095445,-0.350870,-0.024653,-0.868500,0.565000,2.192100,0.095400,-0.350900,-0.024700,,,,,,,0
1140,1787660070.3783,1787660070.3926,0.06671,-0.860563,0.585981,2.172117,0.088971,-0.351282,0.219359,-0.868692,0.549148,2.200354,0.094288,-0.351547,-0.026250,-0.868700,0.549100,2.200400,0.094300,-0.351500,-0.026300,,,,,,,0
1141,1787660070.4153,1787660070.4285,0.03696,-0.860563,0.585981,2.178253,0.088971,-0.349748,0.219359,-0.869708,0.534193,2.217152,0.092448,-0.347608,-0.029082,-0.869700,0.534200,2.217200,0.092400,-0.347600,-0.029100,,,,,,,0
1142,1787660070.4669,1787660070.4815,0.05164,-0.860563,0.585981,2.181321,0.088971,-0.349748,0.219359,-0.864397,0.493293,2.243830,0.081717,-0.360985,-0.030073,-0.864400,0.493300,2.243800,0.081700,-0.361000,-0.030100,,,,,,,0
1143,1787660070.5335,1787660070.5485,0.06662,-0.860563,0.578311,2.190525,0.087437,-0.349748,0.217825,-0.854592,0.459254,2.256917,0.088053,-0.374250,-0.029970,-0.854600,0.459300,2.256900,0.088100,-0.374200,-0.030000,,,,,,,0
1144,1787660070.57,1787660070.5835,0.03652,-0.860563,0.569107,2.207398,0.087437,-0.349748,0.205553,-0.856515,0.422828,2.271740,0.086537,-0.386421,-0.031555,-0.856500,0.422800,2.271700,0.086500,-0.386400,-0.031600,,,,,,,0
1145,1787660070.6218,1787660070.6367,0.05175,-0.860563,0.550699,2.239612,0.090505,-0.351282,0.202485,-0.841248,0.375259,2.283802,0.085394,-0.390104,-0.031146,-0.841200,0.375300,2.283800,0.085400,-0.390100,-0.031100,,,,,,,0
1146,1787660070.6884,1787660070.7046,0.06662,-0.860563,0.515418,2.259554,0.085903,-0.368155,0.200951,-0.830798,0.340618,2.271192,0.085797,-0.391612,-0.029795,-0.830800,0.340600,2.271200,0.085800,-0.391600,-0.029800,,,,,,,0
1147,1787660070.7553,1787660070.7687,0.06693,-0.854427,0.457126,2.277961,0.088971,-0.381961,0.200951,-0.824052,0.308083,2.282038,0.092423,-0.400906,-0.034865,-0.824100,0.308100,2.282000,0.092400,-0.400900,-0.034900,,,,,,,0
1148,1787660070.7942,1787660070.8085,0.03882,-0.846757,0.431049,2.281029,0.087437,-0.383495,0.200951,-0.811107,0.256119,2.296089,0.090373,-0.392718,-0.039750,-0.811100,0.256100,2.296100,0.090400,-0.392700,-0.039700,,,,,,,0
1149,1787660070.8513,1787660070.8656,0.05716,-0.834486,0.397301,2.281029,0.087437,-0.383495,0.200951,-0.759904,0.208373,2.286169,0.096200,-0.395998,-0.031769,-0.759900,0.208400,2.286200,0.096200,-0.396000,-0.031800,,,,,,,0
1150,1787660070.9077,1787660070.9216,0.05634,-0.825282,0.355884,2.287165,0.087437,-0.389631,0.200951,-0.820772,0.349461,2.291072,0.088930,-0.386839,0.199438,-0.820800,0.349500,2.291100,0.088900,-0.386800,0.199400,,,,,,,0
