step,t_obs,t_cmd,dt,pos_base,pos_shoulder,pos_elbow,pos_wrist,pos_roll,pos_gripper,cmd_base,cmd_shoulder,cmd_elbow,cmd_wrist,cmd_roll,cmd_gripper,sent_base,sent_shoulder,sent_elbow,sent_wrist,sent_roll,sent_gripper,velraw_base,velraw_shoulder,velraw_elbow,velraw_wrist,velraw_roll,velraw_gripper,chunk_start
0,1787660109.556,1787660109.5705,0.03837,-0.151864,-0.585981,2.879282,0.302194,0.030680,-0.024544,-0.145704,-0.549172,2.987432,0.298327,-0.000025,-0.006732,-0.145700,-0.549200,2.987400,0.298300,-0.000000,-0.006700,,,,,,,1
1,1787660109.602,1787660109.6164,0.04596,-0.151864,-0.585981,2.879282,0.302194,0.030680,-0.024544,-0.144341,-0.550401,2.967985,0.296286,0.010333,-0.008146,-0.144300,-0.550400,2.968000,0.296300,0.010300,-0.008100,,,,,,,1
2,1787660109.6686,1787660109.6834,0.06662,-0.151864,-0.585981,2.879282,0.300660,0.027612,-0.007670,-0.154320,-0.544129,2.969294,0.293068,-0.002799,-0.008924,-0.154300,-0.544100,2.969300,0.293100,-0.002800,-0.008900,,,,,,,0
3,1787660109.7055,1787660109.7204,0.03691,-0.151864,-0.578311,2.885418,0.296058,0.013806,-0.007670,-0.155068,-0.542814,2.957531,0.291732,-0.004639,-0.005126,-0.155100,-0.542800,2.957500,0.291700,-0.004600,-0.005100,,,,,,,0
4,1787660109.7569,1787660109.7716,0.0514,-0.151864,-0.553767,2.909962,0.291456,0.010738,-0.003068,-0.145920,-0.543098,2.972253,0.291979,0.002911,-0.006080,-0.145900,-0.543100,2.972300,0.292000,0.002900,-0.006100,,,,,,,0
5,1787660109.8237,1787660109.8387,0.06674,-0.151864,-0.543029,2.922233,0.283786,0.007670,-0.003068,-0.149068,-0.544209,2.968825,0.296038,-0.007210,-0.008933,-0.149100,-0.544200,2.968800,0.296000,-0.007200,-0.008900,,,,,,,0
6,1787660109.8603,1787660109.8736,0.03664,-0.151864,-0.541495,2.922233,0.283786,0.003068,-0.003068,-0.156285,-0.546515,2.963342,0.300491,-0.005858,-0.010288,-0.156300,-0.546500,2.963300,0.300500,-0.005900,-0.010300,,,,,,,0
7,1787660109.9119,1787660109.9266,0.05161,-0.151864,-0.539961,2.922233,0.283786,0.003068,-0.003068,-0.148141,-0.536950,2.972021,0.300133,-0.003129,-0.008968,-0.148100,-0.537000,2.972000,0.300100,-0.003100,-0.009000,,,,,,,0
8,1787660109.9784,1787660109.9936,0.06653,-0.151864,-0.539961,2.922233,0.283786,0.001534,-0.003068,-0.147749,-0.539093,2.968175,0.296136,-0.006619,-0.004591,-0.147700,-0.539100,2.968200,0.296100,-0.006600,-0.004600,,,,,,,0
9,1787660110.0176,1787660110.0325,0.03911,-0.151864,-0.539961,2.922233,0.283786,0.000000,-0.003068,-0.146452,-0.544435,2.963429,0.294969,-0.001103,-0.010016,-0.146500,-0.544400,2.963400,0.295000,-0.001100,-0.010000,,,,,,,0
10,1787660110.0751,1787660110.0885,0.05754,-0.151864,-0.536893,2.922233,0.282252,0.000000,-0.003068,-0.151126,-0.541832,2.959578,0.299630,0.008885,-0.009824,-0.151100,-0.541800,2.959600,0.299600,0.008900,-0.009800,,,,,,,0
11,1787660110.1319,1787660110.1463,0.05676,-0.151864,-0.536893,2.922233,0.282252,0.000000,-0.003068,-0.147668,-0.548209,2.965307,0.297383,-0.007404,-0.007225,-0.147700,-0.548200,2.965300,0.297400,-0.007400,-0.007200,,,,,,,0
12,1787660110.1656,1787660110.1813,0.03373,-0.151864,-0.536893,2.922233,0.282252,0.000000,-0.003068,-0.147778,-0.540479,2.955315,0.300156,-0.001850,-0.008473,-0.147800,-0.540500,2.955300,0.300200,-0.001800,-0.008500,,,,,,,1
13,1787660110.2283,1787660110.2426,0.06276,-0.151864,-0.536893,2.922233,0.282252,0.007670,-0.003068,-0.149901,-0.539698,2.955835,0.297951,-0.000639,-0.008689,-0.149900,-0.539700,2.955800,0.298000,-0.000600,-0.008700,,,,,,,1
14,1787660110.2946,1787660110.3105,0.06626,-0.151864,-0.536893,2.922233,0.282252,0.003068,-0.003068,-0.149859,-0.549627,2.957329,0.299809,-0.001871,-0.003446,-0.149900,-0.549600,2.957300,0.299800,-0.001900,-0.003400,,,,,,,0
15,1787660110.3616,1787660110.3753,0.06702,-0.151864,-0.536893,2.922233,0.282252,0.003068,-0.003068,-0.142522,-0.538567,2.932416,0.295932,-0.014342,-0.001706,-0.142500,-0.538600,2.932400,0.295900,-0.014300,-0.001700,,,,,,,1
16,1787660110.3986,1787660110.4134,0.03699,-0.151864,-0.536893,2.922233,0.282252,0.003068,-0.003068,-0.142835,-0.541996,2.858363,0.300675,-0.000275,-0.005208,-0.142800,-0.542000,2.858400,0.300700,-0.000300,-0.005200,,,,,,,1
17,1787660110.45,1787660110.4646,0.05133,-0.151864,-0.536893,2.922233,0.282252,0.003068,-0.003068,-0.141864,-0.541219,2.819658,0.303427,0.007073,-0.005746,-0.141900,-0.541200,2.819700,0.303400,0.007100,-0.005700,,,,,,,0
18,1787660110.5165,1787660110.5315,0.06652,-0.151864,-0.536893,2.917631,0.282252,0.003068,-0.003068,-0.144359,-0.538728,2.715353,0.311413,0.004616,-0.003950,-0.144400,-0.538700,2.715400,0.311400,0.004600,-0.003900,,,,,,,0
19,1787660110.5551,1787660110.5685,0.03865,-0.151864,-0.536893,2.903826,0.285320,0.003068,-0.003068,-0.150543,-0.529213,2.640573,0.313702,0.025328,-0.001395,-0.150500,-0.529200,2.640600,0.313700,0.025300,-0.001400,,,,,,,0
20,1787660110.6124,1787660110.6266,0.05726,-0.151864,-0.536893,2.879282,0.299126,0.003068,-0.003068,-0.160615,-0.515381,2.569232,0.313944,-0.004920,-0.000923,-0.160600,-0.515400,2.569200,0.313900,-0.004900,-0.000900,,,,,,,0
21,1787660110.6795,1787660110.6937,0.06712,-0.151864,-0.530757,2.802583,0.311398,0.012272,-0.003068,-0.179625,-0.496912,2.514453,0.311575,0.015776,-0.000525,-0.179600,-0.496900,2.514500,0.311600,0.015800,-0.000500,,,,,,,0
22,1787660110.7191,1787660110.7327,0.03962,-0.151864,-0.526155,2.751962,0.311398,0.021476,-0.003068,-0.168248,-0.491181,2.647439,0.293455,0.024162,-0.000523,-0.168200,-0.491200,2.647400,0.293500,0.024200,-0.000500,,,,,,,0
23,1787660110.7762,1787660110.7907,0.05704,-0.153398,-0.512350,2.673729,0.311398,0.018408,-0.003068,-0.179322,-0.495586,2.610025,0.300839,0.036645,-0.000708,-0.179300,-0.495600,2.610000,0.300800,0.036600,-0.000700,,,,,,,0
24,1787660110.8427,1787660110.8576,0.06651,-0.167204,-0.489340,2.592428,0.306796,0.015340,-0.003068,-0.158680,-0.490238,2.747190,0.297628,0.025005,-0.000936,-0.158700,-0.490200,2.747200,0.297600,0.025000,-0.000900,,,,,,,0
25,1787660110.8818,1787660110.8956,0.03912,-0.167204,-0.489340,2.561748,0.297592,0.024544,-0.003068,-0.157669,-0.499491,2.781192,0.300702,0.030251,-0.003534,-0.157700,-0.499500,2.781200,0.300700,0.030300,-0.003500,,,,,,,0
26,1787660110.939,1787660110.9536,0.05717,-0.168738,-0.489340,2.535670,0.299126,0.033748,-0.003068,-0.163276,-0.502694,2.763796,0.303490,0.038299,-0.001509,-0.163300,-0.502700,2.763800,0.303500,0.038300,-0.001500,,,,,,,0
27,1787660110.9941,1787660111.0077,0.05513,-0.168738,-0.489340,2.535670,0.299126,0.033748,-0.003068,-0.160777,-0.504694,2.787108,0.302923,0.024293,0.002199,-0.160800,-0.504700,2.787100,0.302900,0.024300,0.002200,,,,,,,0
28,1787660111.0335,1787660111.0474,0.03945,-0.164136,-0.489340,2.547942,0.299126,0.033748,-0.003068,-0.153905,-0.493784,2.882721,0.293156,0.024669,-0.002361,-0.153900,-0.493800,2.882700,0.293200,0.024700,-0.002400,,,,,,,0
29,1787660111.09,1787660111.1045,0.05646,-0.162602,-0.489340,2.600097,0.300660,0.036816,-0.003068,-0.158109,-0.492141,2.897847,0.296383,0.025328,-0.000334,-0.158100,-0.492100,2.897800,0.296400,0.025300,-0.000300,,,,,,,0
30,1787660111.129,1787660111.1436,0.03896,-0.162602,-0.489340,2.646117,0.300660,0.036816,-0.003068,-0.156011,-0.497312,2.828671,0.302963,0.030914,-0.002925,-0.156000,-0.497300,2.828700,0.303000,0.030900,-0.002900,,,,,,,0
31,1787660111.186,1787660111.2016,0.05702,-0.159534,-0.489340,2.735088,0.299126,0.030680,-0.003068,-0.158117,-0.492537,2.881018,0.297775,0.023471,-0.002397,-0.158100,-0.492500,2.881000,0.297800,0.023500,-0.002400,,,,,,,1
32,1787660111.255,1787660111.2696,0.069,-0.159534,-0.489340,2.827127,0.300660,0.029146,-0.003068,-0.160011,-0.493392,2.875733,0.295393,0.018104,-0.001172,-0.160000,-0.493400,2.875700,0.295400,0.018100,-0.001200,,,,,,,1
33,1787660111.2936,1787660111.3095,0.03864,-0.159534,-0.489340,2.860874,0.300660,0.029146,-0.003068,-0.159869,-0.489279,2.868492,0.303992,0.030730,0.003302,-0.159900,-0.489300,2.868500,0.304000,0.030700,0.003300,,,,,,,0
34,1787660111.3512,1787660111.3656,0.05759,-0.159534,-0.489340,2.888486,0.288388,0.029146,-0.003068,-0.158616,-0.492956,2.859658,0.300293,0.033558,0.000653,-0.158600,-0.493000,2.859700,0.300300,0.033600,0.000700,,,,,,,1
35,1787660111.4176,1787660111.4325,0.06637,-0.159534,-0.487806,2.888486,0.292990,0.026078,-0.003068,-0.156880,-0.495296,2.827020,0.300751,0.029570,0.004379,-0.156900,-0.495300,2.827000,0.300800,0.029600,0.004400,,,,,,,1
36,1787660111.4569,1787660111.4716,0.03932,-0.159534,-0.486272,2.883884,0.294524,0.029146,-0.003068,-0.152480,-0.491686,2.769447,0.305786,0.023009,0.001284,-0.152500,-0.491700,2.769400,0.305800,0.023000,0.001300,,,,,,,0
37,1787660111.5141,1787660111.5276,0.0572,-0.159534,-0.486272,2.871612,0.305262,0.032214,-0.003068,-0.146609,-0.481628,2.695869,0.304166,0.011913,0.002143,-0.146600,-0.481600,2.695900,0.304200,0.011900,0.002100,,,,,,,0
38,1787660111.5807,1787660111.5956,0.06656,-0.158000,-0.486272,2.847068,0.306796,0.032214,-0.003068,-0.149981,-0.486912,2.661454,0.306477,0.015364,0.004595,-0.150000,-0.486900,2.661500,0.306500,0.015400,0.004600,,,,,,,0
39,1787660111.6194,1787660111.6345,0.03871,-0.158000,-0.486272,2.819457,0.306796,0.027612,-0.003068,-0.156485,-0.489004,2.655262,0.303264,0.032069,0.001583,-0.156500,-0.489000,2.655300,0.303300,0.032100,0.001600,,,,,,,0
40,1787660111.6773,1787660111.6906,0.05789,-0.153398,-0.480136,2.762699,0.306796,0.019942,-0.003068,-0.166925,-0.493437,2.654986,0.298801,0.038625,0.001727,-0.166900,-0.493400,2.655000,0.298800,0.038600,0.001700,,,,,,,0
41,1787660111.7435,1787660111.7577,0.06624,-0.153398,-0.478602,2.701340,0.306796,0.019942,-0.003068,-0.163944,-0.501309,2.710614,0.297477,0.032053,-0.000358,-0.163900,-0.501300,2.710600,0.297500,0.032100,-0.000400,,,,,,,0
42,1787660111.7824,1787660111.7957,0.03885,-0.153398,-0.478602,2.682932,0.306796,0.029146,-0.003068,-0.174274,-0.508660,2.604045,0.309238,0.035147,-0.003120,-0.174300,-0.508700,2.604000,0.309200,0.035100,-0.003100,,,,,,,0
43,1787660111.8404,1787660111.8556,0.05808,-0.156466,-0.478602,2.672195,0.300660,0.036816,-0.003068,-0.216334,-0.480822,2.509276,0.306366,0.035574,0.000043,-0.216300,-0.480800,2.509300,0.306400,0.035600,0.000000,,,,,,,0
44,1787660111.9068,1787660111.9207,0.06635,-0.161068,-0.484738,2.676796,0.302194,0.036816,-0.003068,-0.274469,-0.464560,2.417687,0.319160,0.040358,-0.000568,-0.274500,-0.464600,2.417700,0.319200,0.040400,-0.000600,,,,,,,0
45,1787660111.9461,1787660111.9607,0.03927,-0.165670,-0.486272,2.676796,0.303728,0.036816,-0.003068,-0.377575,-0.453517,2.379535,0.318920,0.033033,0.000424,-0.377600,-0.453500,2.379500,0.318900,0.033000,0.000400,,,,,,,0
46,1787660112.0023,1787660112.0153,0.05625,-0.184078,-0.480136,2.649185,0.305262,0.036816,-0.003068,-0.399130,-0.454345,2.367042,0.327711,0.026651,0.002139,-0.399100,-0.454300,2.367000,0.327700,0.026700,0.002100,,,,,,,0
47,1787660112.0698,1787660112.0846,0.06755,-0.237767,-0.455592,2.580156,0.314466,0.036816,-0.003068,-0.415028,-0.442828,2.380326,0.319499,0.025975,0.004554,-0.415000,-0.442800,2.380300,0.319500,0.026000,0.004600,,,,,,,0
48,1787660112.1066,1787660112.1215,0.03673,-0.276117,-0.450990,2.529534,0.316000,0.036816,-0.003068,-0.483179,-0.416199,2.363229,0.328414,0.039748,0.006875,-0.483200,-0.416200,2.363200,0.328400,0.039700,0.006900,,,,,,,0
49,1787660112.1582,1787660112.1715,0.05158,-0.335942,-0.450990,2.460505,0.322136,0.033748,-0.003068,-0.471492,-0.419574,2.376913,0.329699,0.040095,0.004881,-0.471500,-0.419600,2.376900,0.329700,0.040100,0.004900,,,,,,,0
50,1787660112.2249,1787660112.2396,0.06671,-0.395767,-0.432583,2.405282,0.323670,0.032214,-0.003068,-0.506298,-0.406533,2.351759,0.338132,0.027471,0.025208,-0.506300,-0.406500,2.351800,0.338100,0.027500,0.025200,,,,,,,1
51,1787660112.2617,1787660112.2765,0.03683,-0.427981,-0.417243,2.388408,0.323670,0.036816,-0.003068,-0.550297,-0.383832,2.312492,0.343808,0.035484,0.029716,-0.550300,-0.383800,2.312500,0.343800,0.035500,0.029700,,,,,,,1
52,1787660112.3132,1787660112.3266,0.0515,-0.461728,-0.412641,2.382272,0.326738,0.038350,-0.003068,-0.663448,-0.341367,2.320132,0.343871,0.005814,0.233657,-0.663400,-0.341400,2.320100,0.343900,0.005800,0.233700,,,,,,,0
53,1787660112.3798,1787660112.3955,0.06663,-0.495476,-0.400369,2.380738,0.337476,0.038350,0.027612,-0.749433,-0.300280,2.322018,0.338714,-0.008543,0.388651,-0.749400,-0.300300,2.322000,0.338700,-0.008500,0.388700,,,,,,,1
54,1787660112.4468,1787660112.4615,0.06698,-0.541495,-0.365087,2.360796,0.339010,0.035282,0.118117,-0.797167,-0.277671,2.309721,0.336961,-0.019987,0.458795,-0.797200,-0.277700,2.309700,0.337000,-0.020000,0.458800,,,,,,,1
55,1787660112.4841,1787660112.4986,0.03728,-0.576777,-0.348214,2.343923,0.339010,0.018408,0.251573,-0.818021,-0.261305,2.295122,0.330069,-0.012147,0.496063,-0.818000,-0.261300,2.295100,0.330100,-0.012100,0.496100,,,,,,,0
56,1787660112.5352,1787660112.5504,0.05114,-0.642738,-0.316000,2.337787,0.339010,0.000000,0.394233,-0.846507,-0.249288,2.290383,0.332845,0.002724,0.512309,-0.846500,-0.249300,2.290400,0.332800,0.002700,0.512300,,,,,,,0
57,1787660112.6019,1787660112.6153,0.06664,-0.724039,-0.273049,2.330117,0.337476,-0.009204,0.498544,-0.876600,-0.223747,2.288045,0.329500,0.013891,0.543505,-0.876600,-0.223700,2.288000,0.329500,0.013900,0.543500,,,,,,,0
58,1787660112.6386,1787660112.6525,0.03675,-0.759320,-0.259243,2.314777,0.335942,-0.009204,0.501612,-0.905117,-0.203983,2.278853,0.336987,0.040572,0.566308,-0.905100,-0.204000,2.278900,0.337000,0.040600,0.566300,,,,,,,0
59,1787660112.6905,1787660112.7055,0.05192,-0.806874,-0.245437,2.308641,0.334408,-0.001534,0.512350,-0.929800,-0.184223,2.289159,0.329564,0.092398,0.586854,-0.929800,-0.184200,2.289200,0.329600,0.092400,0.586900,,,,,,,0
60,1787660112.757,1787660112.7717,0.06648,-0.854427,-0.228563,2.304039,0.335942,0.021476,0.566039,-0.944645,-0.156253,2.289031,0.333807,0.144350,0.590495,-0.944600,-0.156300,2.289000,0.333800,0.144400,0.590500,,,,,,,0
61,1787660112.7938,1787660112.8085,0.03675,-0.877437,-0.210155,2.299437,0.335942,0.036816,0.575243,-0.962008,-0.123551,2.291866,0.335603,0.146944,0.592440,-0.962000,-0.123600,2.291900,0.335600,0.146900,0.592400,,,,,,,0
62,1787660112.8454,1787660112.8597,0.05163,-0.908117,-0.182544,2.299437,0.334408,0.064427,0.584447,-0.977882,-0.101010,2.286773,0.331215,0.167844,0.582741,-0.977900,-0.101000,2.286800,0.331200,0.167800,0.582700,,,,,,,0
63,1787660112.912,1787660112.9267,0.06665,-0.937262,-0.156466,2.299437,0.335942,0.111981,0.589049,-0.977959,-0.063037,2.288151,0.332989,0.205327,0.582193,-0.978000,-0.063000,2.288200,0.333000,0.205300,0.582200,,,,,,,0
64,1787660112.9484,1787660112.9626,0.03632,-0.948000,-0.133456,2.299437,0.335942,0.133456,0.589049,-0.999734,-0.005193,2.291179,0.321789,0.224680,0.584603,-0.999700,-0.005200,2.291200,0.321800,0.224700,0.584600,,,,,,,0
65,1787660113.0004,1787660113.0154,0.05207,-0.963340,-0.101243,2.299437,0.335942,0.159534,0.589049,-0.995760,0.019745,2.282197,0.324088,0.209889,0.587648,-0.995800,0.019700,2.282200,0.324100,0.209900,0.587600,,,,,,,0
66,1787660113.067,1787660113.0813,0.06653,-0.974078,-0.072097,2.299437,0.331340,0.190214,0.589049,-0.984685,0.067468,2.274412,0.318188,0.216641,0.587094,-0.984700,0.067500,2.274400,0.318200,0.216600,0.587100,,,,,,,0
67,1787660113.1054,1787660113.1187,0.03848,-0.983282,-0.039884,2.297903,0.326738,0.210155,0.589049,-0.978975,0.095495,2.253480,0.308441,0.216924,0.591719,-0.979000,0.095500,2.253500,0.308400,0.216900,0.591700,,,,,,,0
68,1787660113.1626,1787660113.1765,0.05713,-0.986350,0.013806,2.297903,0.326738,0.220893,0.589049,-0.979288,0.134248,2.252444,0.300971,0.192390,0.598255,-0.979300,0.134200,2.252400,0.301000,0.192400,0.598300,,,,,,,0
69,1787660113.2,1787660113.2143,0.03738,-0.986350,0.038350,2.291767,0.320602,0.220893,0.589049,-0.979159,0.169971,2.243813,0.298948,0.168077,0.595136,-0.979200,0.170000,2.243800,0.298900,0.168100,0.595100,,,,,,,1
70,1787660113.2516,1787660113.2665,0.05164,-0.983282,0.078233,2.273360,0.311398,0.220893,0.589049,-0.974918,0.194645,2.237685,0.287822,0.152879,0.595645,-0.974900,0.194600,2.237700,0.287800,0.152900,0.595600,,,,,,,1
71,1787660113.3074,1787660113.3215,0.05578,-0.983282,0.122718,2.261088,0.303728,0.210155,0.590583,-0.968358,0.205045,2.229787,0.281664,0.175476,0.589897,-0.968400,0.205000,2.229800,0.281700,0.175500,0.589900,,,,,,,0
72,1787660113.375,1787660113.3896,0.06758,-0.983282,0.171806,2.251884,0.294524,0.173340,0.590583,-0.949289,0.266899,2.218995,0.288970,0.118525,0.596369,-0.949300,0.266900,2.219000,0.289000,0.118500,0.596400,,,,,,,1
73,1787660113.4144,1787660113.4286,0.03941,-0.981748,0.196350,2.250350,0.289922,0.162602,0.590583,-0.939666,0.278261,2.222245,0.285811,0.096320,0.591057,-0.939700,0.278300,2.222200,0.285800,0.096300,0.591100,,,,,,,1
74,1787660113.4716,1787660113.4866,0.05725,-0.974078,0.213223,2.242680,0.286854,0.162602,0.590583,-0.928136,0.303467,2.215952,0.276022,0.084534,0.593749,-0.928100,0.303500,2.216000,0.276000,0.084500,0.593700,,,,,,,0
75,1787660113.5382,1787660113.5516,0.06653,-0.954136,0.245437,2.230408,0.283786,0.162602,0.590583,-0.919088,0.317566,2.213102,0.274697,0.093050,0.595521,-0.919100,0.317600,2.213100,0.274700,0.093000,0.595500,,,,,,,0
76,1787660113.577,1787660113.5916,0.03885,-0.943398,0.273049,2.230408,0.285320,0.142660,0.590583,-0.881157,0.331582,2.191522,0.271406,0.050933,0.595351,-0.881200,0.331600,2.191500,0.271400,0.050900,0.595400,,,,,,,0
77,1787660113.6336,1787660113.6484,0.05662,-0.931126,0.306796,2.231942,0.279185,0.105845,0.590583,-0.867045,0.345368,2.188711,0.265090,-0.015026,0.598577,-0.867000,0.345400,2.188700,0.265100,-0.015000,0.598600,,,,,,,0
78,1787660113.6891,1787660113.7035,0.05551,-0.918854,0.329806,2.221204,0.274583,0.082835,0.590583,-0.853224,0.359194,2.172190,0.261332,-0.087611,0.593223,-0.853200,0.359200,2.172200,0.261300,-0.087600,0.593200,,,,,,,0
79,1787660113.7287,1787660113.7435,0.03952,-0.901981,0.340544,2.208932,0.273049,0.064427,0.590583,-0.837985,0.372105,2.148203,0.249369,-0.127463,0.593645,-0.838000,0.372100,2.148200,0.249400,-0.127500,0.593600,,,,,,,0
80,1787660113.7855,1787660113.8007,0.05686,-0.871301,0.354350,2.198194,0.266913,0.021476,0.590583,-0.823890,0.374709,2.164405,0.243686,-0.165855,0.593852,-0.823900,0.374700,2.164400,0.243700,-0.165900,0.593900,,,,,,,0
81,1787660113.8241,1787660113.8385,0.03854,-0.859029,0.365087,2.190525,0.262311,-0.012272,0.590583,-0.808598,0.393221,2.151191,0.241760,-0.192730,0.591932,-0.808600,0.393200,2.151200,0.241800,-0.192700,0.591900,,,,,,,0
82,1787660113.8835,1787660113.8975,0.05947,-0.842155,0.383495,2.162913,0.250039,-0.076699,0.590583,-0.806158,0.389705,2.159094,0.230352,-0.217954,0.602542,-0.806200,0.389700,2.159100,0.230400,-0.218000,0.602500,,,,,,,0
83,1787660113.9499,1787660113.9646,0.06636,-0.822214,0.386563,2.158311,0.243903,-0.139592,0.590583,-0.805356,0.405032,2.135785,0.240289,-0.231961,0.605239,-0.805400,0.405000,2.135800,0.240300,-0.232000,0.605200,,,,,,,0
84,1787660113.9888,1787660114.0037,0.03896,-0.811476,0.397301,2.158311,0.243903,-0.165670,0.593651,-0.805042,0.417559,2.122744,0.242737,-0.221898,0.605406,-0.805000,0.417600,2.122700,0.242700,-0.221900,0.605400,,,,,,,0
85,1787660114.0455,1787660114.0597,0.0567,-0.809942,0.403437,2.161379,0.234699,-0.204019,0.601320,-0.787790,0.427686,2.113673,0.256498,-0.215393,0.606579,-0.787800,0.427700,2.113700,0.256500,-0.215400,0.606600,,,,,,,0
86,1787660114.0834,1787660114.0977,0.03784,-0.809942,0.408039,2.159845,0.234699,-0.217825,0.602854,-0.786424,0.431363,2.118593,0.248828,-0.205449,0.615718,-0.786400,0.431400,2.118600,0.248800,-0.205400,0.615700,,,,,,,0
87,1787660114.1345,1787660114.1494,0.05108,-0.809942,0.423379,2.136835,0.237767,-0.222427,0.602854,-0.780304,0.431387,2.140093,0.253322,-0.207497,0.613968,-0.780300,0.431400,2.140100,0.253300,-0.207500,0.614000,,,,,,,0
88,1787660114.2012,1787660114.2153,0.06676,-0.797670,0.440252,2.126097,0.245437,-0.211689,0.610524,-0.777509,0.426185,2.143255,0.244125,-0.204504,0.624374,-0.777500,0.426200,2.143300,0.244100,-0.204500,0.624400,,,,,,,1
89,1787660114.2405,1787660114.2545,0.03927,-0.790000,0.440252,2.126097,0.245437,-0.208621,0.610524,-0.773465,0.439139,2.142130,0.249213,-0.199932,0.650955,-0.773500,0.439100,2.142100,0.249200,-0.199900,0.651000,,,,,,,1
90,1787660114.2977,1787660114.3125,0.05721,-0.783864,0.440252,2.133767,0.240835,-0.208621,0.618194,-0.766852,0.426640,2.159029,0.256460,-0.239594,0.663745,-0.766900,0.426600,2.159000,0.256500,-0.239600,0.663700,,,,,,,0
91,1787660114.3527,1787660114.3676,0.055,-0.779262,0.441786,2.146039,0.251573,-0.202485,0.648874,-0.778107,0.454302,2.128366,0.244566,-0.221305,0.698627,-0.778100,0.454300,2.128400,0.244600,-0.221300,0.698600,,,,,,,1
92,1787660114.3922,1787660114.4066,0.0395,-0.777728,0.443320,2.142971,0.243903,-0.200951,0.658078,-0.772497,0.446020,2.146842,0.240483,-0.224593,0.714906,-0.772500,0.446000,2.146800,0.240500,-0.224600,0.714900,,,,,,,1
93,1787660114.4479,1787660114.4615,0.05573,-0.771592,0.443320,2.153709,0.248505,-0.211689,0.678020,-0.767994,0.454825,2.137556,0.240037,-0.227627,0.729285,-0.768000,0.454800,2.137600,0.240000,-0.227600,0.729300,,,,,,,0
94,1787660114.487,1787660114.5016,0.03903,-0.771592,0.443320,2.164447,0.256175,-0.223961,0.711767,-0.773935,0.466823,2.138379,0.246829,-0.202934,0.728812,-0.773900,0.466800,2.138400,0.246800,-0.202900,0.728800,,,,,,,0
95,1787660114.5387,1787660114.5536,0.05178,-0.771592,0.455592,2.149107,0.236233,-0.223961,0.716369,-0.763440,0.464257,2.143241,0.243750,-0.249113,0.746795,-0.763400,0.464300,2.143200,0.243800,-0.249100,0.746800,,,,,,,0
96,1787660114.5945,1787660114.6095,0.05573,-0.773126,0.464796,2.150641,0.236233,-0.223961,0.724039,-0.762197,0.469240,2.143686,0.240899,-0.236491,0.747891,-0.762200,0.469200,2.143700,0.240900,-0.236500,0.747900,,,,,,,0
97,1787660114.6624,1787660114.6765,0.06789,-0.771592,0.477068,2.152175,0.248505,-0.207087,0.743981,-0.763896,0.471242,2.147193,0.238473,-0.226725,0.738847,-0.763900,0.471200,2.147200,0.238500,-0.226700,0.738800,,,,,,,0
98,1787660114.701,1787660114.7154,0.03862,-0.770058,0.477068,2.149107,0.240835,-0.205553,0.743981,-0.764447,0.476868,2.146579,0.232264,-0.214594,0.715002,-0.764400,0.476900,2.146600,0.232300,-0.214600,0.715000,,,,,,,0
99,1787660114.7587,1787660114.7736,0.05774,-0.765456,0.477068,2.149107,0.245437,-0.227029,0.743981,-0.764503,0.470805,2.153618,0.231026,-0.203654,0.712879,-0.764500,0.470800,2.153600,0.231000,-0.203700,0.712900,,,,,,,0
100,1787660114.8139,1787660114.8285,0.05515,-0.765456,0.483204,2.149107,0.236233,-0.228563,0.716369,-0.767798,0.467885,2.154485,0.231313,-0.239521,0.706853,-0.767800,0.467900,2.154500,0.231300,-0.239500,0.706900,,,,,,,0
101,1787660114.8529,1787660114.8675,0.03906,-0.765456,0.484738,2.150641,0.236233,-0.219359,0.716369,-0.783845,0.464538,2.159637,0.227633,-0.227315,0.711940,-0.783800,0.464500,2.159600,0.227600,-0.227300,0.711900,,,,,,,0
102,1787660114.9093,1787660114.9235,0.05635,-0.765456,0.484738,2.150641,0.227029,-0.208621,0.714835,-0.784801,0.476141,2.164755,0.227953,-0.238108,0.720644,-0.784800,0.476100,2.164800,0.228000,-0.238100,0.720600,,,,,,,0
103,1787660114.9483,1787660114.9625,0.03898,-0.765456,0.484738,2.153709,0.227029,-0.208621,0.711767,-0.780122,0.479502,2.159097,0.212362,-0.237830,0.720354,-0.780100,0.479500,2.159100,0.212400,-0.237800,0.720400,,,,,,,0
104,1787660114.9998,1787660115.0144,0.05151,-0.771592,0.484738,2.162913,0.233165,-0.220893,0.711767,-0.793903,0.476873,2.161698,0.221518,-0.236052,0.726410,-0.793900,0.476900,2.161700,0.221500,-0.236100,0.726400,,,,,,,0
105,1787660115.0663,1787660115.0796,0.06655,-0.776194,0.484738,2.161379,0.217825,-0.231631,0.717903,-0.789375,0.494924,2.139958,0.217824,-0.226023,0.714111,-0.789400,0.494900,2.140000,0.217800,-0.226000,0.714100,,,,,,,0
106,1787660115.1056,1787660115.1206,0.03927,-0.777728,0.484738,2.161379,0.219359,-0.231631,0.717903,-0.789562,0.502123,2.146073,0.215868,-0.220520,0.708079,-0.789600,0.502100,2.146100,0.215900,-0.220500,0.708100,,,,,,,0
107,1787660115.1621,1787660115.1764,0.05647,-0.780796,0.484738,2.162913,0.217825,-0.231631,0.717903,-0.793721,0.500194,2.145789,0.214177,-0.233306,0.702719,-0.793700,0.500200,2.145800,0.214200,-0.233300,0.702700,,,,,,,1
108,1787660115.2176,1787660115.2328,0.05559,-0.785398,0.501612,2.155243,0.217825,-0.227029,0.716369,-0.798758,0.507847,2.137522,0.210213,-0.240155,0.706945,-0.798800,0.507800,2.137500,0.210200,-0.240200,0.706900,,,,,,,1
109,1787660115.2567,1787660115.2706,0.03907,-0.785398,0.510816,2.155243,0.214757,-0.223961,0.708699,-0.805263,0.504818,2.138688,0.212965,-0.254425,0.712930,-0.805300,0.504800,2.138700,0.213000,-0.254400,0.712900,,,,,,,0
110,1787660115.3129,1787660115.3276,0.05623,-0.785398,0.512350,2.155243,0.217825,-0.227029,0.702563,-0.809713,0.499846,2.162550,0.212991,-0.258583,0.725619,-0.809700,0.499800,2.162600,0.213000,-0.258600,0.725600,,,,,,,1
111,1787660115.3518,1787660115.3666,0.03887,-0.788466,0.510816,2.147573,0.213223,-0.236233,0.705631,-0.816134,0.498190,2.155907,0.207823,-0.255849,0.725896,-0.816100,0.498200,2.155900,0.207800,-0.255800,0.725900,,,,,,,1
112,1787660115.4083,1787660115.4226,0.0565,-0.799204,0.512350,2.146039,0.208621,-0.248505,0.717903,-0.824035,0.499658,2.156123,0.204784,-0.255974,0.722536,-0.824000,0.499700,2.156100,0.204800,-0.256000,0.722500,,,,,,,0
113,1787660115.4695,1787660115.4843,0.06114,-0.803806,0.512350,2.155243,0.213223,-0.251573,0.722505,-0.818420,0.509339,2.152359,0.201546,-0.249364,0.715842,-0.818400,0.509300,2.152400,0.201500,-0.249400,0.715800,,,,,,,0
114,1787660115.5081,1787660115.5226,0.03864,-0.806874,0.510816,2.153709,0.202485,-0.251573,0.722505,-0.819755,0.501791,2.158696,0.204506,-0.248076,0.719486,-0.819800,0.501800,2.158700,0.204500,-0.248100,0.719500,,,,,,,0
115,1787660115.5649,1787660115.5796,0.05678,-0.813010,0.512350,2.155243,0.208621,-0.251573,0.722505,-0.820505,0.505971,2.161418,0.200300,-0.244964,0.718361,-0.820500,0.506000,2.161400,0.200300,-0.245000,0.718400,,,,,,,0
116,1787660115.6199,1787660115.6346,0.05499,-0.813010,0.515418,2.156777,0.202485,-0.251573,0.722505,-0.823940,0.504147,2.175556,0.198347,-0.248709,0.715286,-0.823900,0.504100,2.175600,0.198300,-0.248700,0.715300,,,,,,,0
117,1787660115.6589,1787660115.6726,0.039,-0.813010,0.516952,2.155243,0.199418,-0.251573,0.722505,-0.810564,0.500345,2.186224,0.195898,-0.245939,0.715823,-0.810600,0.500300,2.186200,0.195900,-0.245900,0.715800,,,,,,,0
118,1787660115.7156,1787660115.7296,0.05675,-0.813010,0.516952,2.164447,0.205553,-0.250039,0.720971,-0.817173,0.494041,2.185826,0.194360,-0.251060,0.710336,-0.817200,0.494000,2.185800,0.194400,-0.251100,0.710300,,,,,,,0
119,1787660115.7544,1787660115.7696,0.03877,-0.813010,0.516952,2.169049,0.193282,-0.248505,0.719437,-0.818788,0.509247,2.169105,0.194291,-0.263402,0.710479,-0.818800,0.509200,2.169100,0.194300,-0.263400,0.710500,,,,,,,0
120,1787660115.8113,1787660115.8267,0.05688,-0.813010,0.516952,2.187457,0.199418,-0.246971,0.716369,-0.821898,0.506539,2.173739,0.187706,-0.267386,0.705126,-0.821900,0.506500,2.173700,0.187700,-0.267400,0.705100,,,,,,,0
121,1787660115.8805,1787660115.8957,0.06926,-0.813010,0.516952,2.182855,0.193282,-0.250039,0.716369,-0.820874,0.508879,2.165801,0.195708,-0.258726,0.704834,-0.820900,0.508900,2.165800,0.195700,-0.258700,0.704800,,,,,,,0
122,1787660115.9172,1787660115.9316,0.03672,-0.813010,0.516952,2.176719,0.191748,-0.257709,0.713301,-0.819834,0.519683,2.162215,0.192502,-0.266549,0.711027,-0.819800,0.519700,2.162200,0.192500,-0.266500,0.711000,,,,,,,0
123,1787660115.9688,1787660115.9834,0.05154,-0.813010,0.516952,2.176719,0.194816,-0.260777,0.708699,-0.823187,0.523524,2.150628,0.186334,-0.260252,0.714716,-0.823200,0.523500,2.150600,0.186300,-0.260300,0.714700,,,,,,,0
124,1787660116.025,1787660116.0387,0.05626,-0.813010,0.521553,2.176719,0.193282,-0.260777,0.708699,-0.822399,0.523503,2.149619,0.189795,-0.262177,0.719245,-0.822400,0.523500,2.149600,0.189800,-0.262200,0.719200,,,,,,,0
125,1787660116.0802,1787660116.0947,0.05513,-0.813010,0.530757,2.169049,0.191748,-0.260777,0.710233,-0.825969,0.527154,2.156942,0.184821,-0.263671,0.715229,-0.826000,0.527200,2.156900,0.184800,-0.263700,0.715200,,,,,,,0
126,1787660116.1191,1787660116.1337,0.0389,-0.814544,0.532291,2.161379,0.188680,-0.260777,0.711767,-0.840602,0.534800,2.154094,0.171216,-0.266408,0.713925,-0.840600,0.534800,2.154100,0.171200,-0.266400,0.713900,,,,,,,1
127,1787660116.176,1787660116.1897,0.05688,-0.816078,0.532291,2.158311,0.187146,-0.260777,0.716369,-0.832960,0.544326,2.143500,0.179311,-0.268224,0.721074,-0.833000,0.544300,2.143500,0.179300,-0.268200,0.721100,,,,,,,1
128,1787660116.2143,1787660116.2277,0.03835,-0.816078,0.533825,2.158311,0.187146,-0.260777,0.716369,-0.828627,0.543807,2.142011,0.185794,-0.282863,0.726972,-0.828600,0.543800,2.142000,0.185800,-0.282900,0.727000,,,,,,,0
129,1787660116.277,1787660116.2907,0.06275,-0.825282,0.547631,2.158311,0.176408,-0.260777,0.716369,-0.841519,0.543800,2.148583,0.172959,-0.270759,0.718325,-0.841500,0.543800,2.148600,0.173000,-0.270800,0.718300,,,,,,,1
130,1787660116.3412,1787660116.3545,0.06415,-0.829884,0.553767,2.153709,0.179476,-0.269981,0.722505,-0.845066,0.553874,2.137419,0.177142,-0.283846,0.716722,-0.845100,0.553900,2.137400,0.177100,-0.283800,0.716700,,,,,,,1
131,1787660116.3803,1787660116.3945,0.03911,-0.829884,0.553767,2.150641,0.179476,-0.273049,0.722505,-0.848388,0.555819,2.133554,0.170325,-0.292510,0.720366,-0.848400,0.555800,2.133600,0.170300,-0.292500,0.720400,,,,,,,0
132,1787660116.4372,1787660116.4503,0.05689,-0.829884,0.553767,2.152175,0.177942,-0.273049,0.722505,-0.846007,0.547074,2.139931,0.173850,-0.290735,0.722322,-0.846000,0.547100,2.139900,0.173800,-0.290700,0.722300,,,,,,,0
133,1787660116.5046,1787660116.5185,0.06738,-0.840621,0.562971,2.144505,0.173340,-0.283786,0.722505,-0.847020,0.561453,2.134123,0.167881,-0.280180,0.728217,-0.847000,0.561500,2.134100,0.167900,-0.280200,0.728200,,,,,,,0
134,1787660116.5432,1787660116.5566,0.03863,-0.840621,0.564505,2.141437,0.170272,-0.286854,0.722505,-0.853742,0.565850,2.138508,0.163954,-0.288821,0.721747,-0.853700,0.565900,2.138500,0.164000,-0.288800,0.721700,,,,,,,0
135,1787660116.6011,1787660116.6143,0.05793,-0.840621,0.564505,2.142971,0.171806,-0.288388,0.724039,-0.851155,0.565956,2.136383,0.159489,-0.287342,0.718944,-0.851200,0.566000,2.136400,0.159500,-0.287300,0.718900,,,,,,,0
136,1787660116.6564,1787660116.6706,0.05521,-0.843689,0.572175,2.141437,0.162602,-0.285320,0.724039,-0.846702,0.570450,2.136021,0.157169,-0.292453,0.720044,-0.846700,0.570400,2.136000,0.157200,-0.292500,0.720000,,,,,,,0
137,1787660116.6952,1787660116.7088,0.03887,-0.845223,0.575243,2.141437,0.164136,-0.282252,0.724039,-0.844040,0.567782,2.140344,0.156517,-0.294919,0.723006,-0.844000,0.567800,2.140300,0.156500,-0.294900,0.723000,,,,,,,0
138,1787660116.7518,1787660116.7666,0.05654,-0.846757,0.575243,2.141437,0.161068,-0.283786,0.724039,-0.845754,0.567190,2.142706,0.161263,-0.299401,0.716395,-0.845800,0.567200,2.142700,0.161300,-0.299400,0.716400,,,,,,,0
139,1787660116.7912,1787660116.8054,0.03948,-0.846757,0.575243,2.141437,0.159534,-0.288388,0.724039,-0.849995,0.565506,2.137186,0.159638,-0.296535,0.706676,-0.850000,0.565500,2.137200,0.159600,-0.296500,0.706700,,,,,,,0
140,1787660116.8499,1787660116.8635,0.05864,-0.846757,0.575243,2.142971,0.159534,-0.291456,0.722505,-0.838193,0.568003,2.132418,0.160742,-0.295731,0.684226,-0.838200,0.568000,2.132400,0.160700,-0.295700,0.684200,,,,,,,0
141,1787660116.9053,1787660116.9195,0.05539,-0.846757,0.575243,2.142971,0.159534,-0.291456,0.708699,-0.843447,0.577388,2.122516,0.161754,-0.287108,0.666295,-0.843400,0.577400,2.122500,0.161800,-0.287100,0.666300,,,,,,,0
142,1787660116.945,1787660116.9586,0.03972,-0.846757,0.575243,2.142971,0.159534,-0.291456,0.704097,-0.845850,0.577566,2.118764,0.163488,-0.287464,0.648272,-0.845800,0.577600,2.118800,0.163500,-0.287500,0.648300,,,,,,,0
143,1787660117.0031,1787660117.0174,0.05815,-0.843689,0.575243,2.139903,0.159534,-0.291456,0.676486,-0.847252,0.579693,2.113093,0.167367,-0.285480,0.567972,-0.847300,0.579700,2.113100,0.167400,-0.285500,0.568000,,,,,,,0
144,1787660117.0695,1787660117.0844,0.06638,-0.843689,0.585981,2.129165,0.161068,-0.289922,0.645806,-0.839363,0.569253,2.118853,0.168718,-0.287291,0.465210,-0.839400,0.569300,2.118900,0.168700,-0.287300,0.465200,,,,,,,0
145,1787660117.1089,1787660117.1227,0.03942,-0.843689,0.585981,2.126097,0.161068,-0.286854,0.642738,-0.840858,0.569902,2.112730,0.168765,-0.282681,0.482187,-0.840900,0.569900,2.112700,0.168800,-0.282700,0.482200,,,,,,,1
146,1787660117.1662,1787660117.1814,0.05723,-0.843689,0.585981,2.123029,0.161068,-0.286854,0.527689,-0.857354,0.578797,2.113143,0.166911,-0.282980,0.488597,-0.857400,0.578800,2.113100,0.166900,-0.283000,0.488600,,,,,,,1
147,1787660117.2325,1787660117.2484,0.06638,-0.842155,0.585981,2.121495,0.164136,-0.286854,0.470932,-0.857756,0.576838,2.113494,0.163655,-0.293469,0.387884,-0.857800,0.576800,2.113500,0.163700,-0.293500,0.387900,,,,,,,1
148,1787660117.2887,1787660117.3044,0.05614,-0.842155,0.585981,2.121495,0.164136,-0.286854,0.486272,-0.856661,0.570936,2.118401,0.163218,-0.290670,0.320877,-0.856700,0.570900,2.118400,0.163200,-0.290700,0.320900,,,,,,,1
149,1787660117.345,1787660117.3585,0.05628,-0.846757,0.585981,2.121495,0.164136,-0.286854,0.440252,-0.854541,0.576061,2.112944,0.163470,-0.294297,0.337171,-0.854500,0.576100,2.112900,0.163500,-0.294300,0.337200,,,,,,,0
150,1787660117.3843,1787660117.3996,0.03935,-0.848291,0.585981,2.121495,0.164136,-0.286854,0.357418,-0.860453,0.576798,2.112598,0.161760,-0.298361,0.353160,-0.860500,0.576800,2.112600,0.161800,-0.298400,0.353200,,,,,,,0
151,1787660117.4411,1787660117.4545,0.05678,-0.848291,0.585981,2.121495,0.164136,-0.286854,0.329806,-0.862245,0.575461,2.119561,0.158760,-0.300428,0.200856,-0.862200,0.575500,2.119600,0.158800,-0.300400,0.200900,,,,,,,0
152,1787660117.4804,1787660117.4945,0.03935,-0.848291,0.585981,2.121495,0.164136,-0.286854,0.345146,-0.860961,0.577155,2.122613,0.161254,-0.298830,0.128582,-0.861000,0.577200,2.122600,0.161300,-0.298800,0.128600,,,,,,,0
153,1787660117.5392,1787660117.5525,0.05879,-0.851359,0.585981,2.121495,0.162602,-0.294524,0.342078,-0.860377,0.577605,2.123903,0.158910,-0.293977,0.105159,-0.860400,0.577600,2.123900,0.158900,-0.294000,0.105200,,,,,,,0
154,1787660117.6056,1787660117.6205,0.06639,-0.851359,0.585981,2.121495,0.161068,-0.294524,0.144194,-0.857752,0.584554,2.135475,0.163219,-0.284792,0.036653,-0.857800,0.584600,2.135500,0.163200,-0.284800,0.036700,,,,,,,0
155,1787660117.6451,1787660117.6585,0.03946,-0.852893,0.585981,2.121495,0.158000,-0.294524,0.111981,-0.862473,0.568228,2.116392,0.153966,-0.302061,-0.000664,-0.862500,0.568200,2.116400,0.154000,-0.302100,-0.000700,,,,,,,0
156,1787660117.7024,1787660117.7174,0.0573,-0.852893,0.585981,2.121495,0.156466,-0.294524,0.092039,-0.864984,0.571471,2.136422,0.162179,-0.285133,-0.018798,-0.865000,0.571500,2.136400,0.162200,-0.285100,-0.018800,,,,,,,0
157,1787660117.7688,1787660117.7834,0.0664,-0.854427,0.585981,2.126097,0.154932,-0.289922,-0.000000,-0.864155,0.565018,2.138121,0.155465,-0.298863,-0.027725,-0.864200,0.565000,2.138100,0.155500,-0.298900,-0.027700,,,,,,,0
158,1787660117.8074,1787660117.8226,0.03862,-0.854427,0.585981,2.127631,0.154932,-0.289922,-0.007670,-0.870805,0.551165,2.144303,0.161272,-0.307298,-0.013809,-0.870800,0.551200,2.144300,0.161300,-0.307300,-0.013800,,,,,,,0
159,1787660117.8644,1787660117.8795,0.057,-0.854427,0.585981,2.124563,0.158000,-0.292990,-0.023010,-0.869015,0.542199,2.139341,0.152628,-0.290530,-0.019456,-0.869000,0.542200,2.139300,0.152600,-0.290500,-0.019500,,,,,,,0
160,1787660117.9019,1787660117.9164,0.03749,-0.855961,0.585981,2.132233,0.153398,-0.292990,-0.024544,-0.865280,0.512828,2.137772,0.149593,-0.281494,-0.017947,-0.865300,0.512800,2.137800,0.149600,-0.281500,-0.017900,,,,,,,0
161,1787660117.9531,1787660117.9675,0.05124,-0.860563,0.584447,2.142971,0.154932,-0.297592,-0.016874,-0.861216,0.489316,2.157215,0.158880,-0.295689,-0.024962,-0.861200,0.489300,2.157200,0.158900,-0.295700,-0.025000,,,,,,,0
162,1787660118.009,1787660118.0235,0.05589,-0.862097,0.575243,2.149107,0.159534,-0.297592,-0.016874,-0.856564,0.449334,2.153393,0.159270,-0.304832,-0.029554,-0.856600,0.449300,2.153400,0.159300,-0.304800,-0.029600,,,,,,,0
163,1787660118.0644,1787660118.0795,0.05538,-0.862097,0.555301,2.147573,0.153398,-0.286854,-0.016874,-0.850302,0.406664,2.154462,0.159414,-0.315814,-0.025568,-0.850300,0.406700,2.154500,0.159400,-0.315800,-0.025600,,,,,,,1
164,1787660118.1034,1787660118.1174,0.03896,-0.862097,0.533825,2.153709,0.153398,-0.286854,-0.016874,-0.844678,0.353087,2.153457,0.157158,-0.325188,-0.027347,-0.844700,0.353100,2.153500,0.157200,-0.325200,-0.027300,,,,,,,1
165,1787660118.1552,1787660118.1694,0.05181,-0.860563,0.500078,2.155243,0.154932,-0.299126,-0.026078,-0.825350,0.302129,2.161418,0.160652,-0.339354,-0.031509,-0.825300,0.302100,2.161400,0.160700,-0.339400,-0.031500,,,,,,,0
166,1787660118.2113,1787660118.2256,0.05611,-0.854427,0.470932,2.155243,0.154932,-0.311398,-0.026078,-0.749817,0.218570,2.141374,0.159239,-0.347168,-0.021985,-0.749800,0.218600,2.141400,0.159200,-0.347200,-0.022000,,,,,,,1
167,1787660118.2669,1787660118.2814,0.05562,-0.843689,0.420311,2.156777,0.154932,-0.325204,-0.026078,-0.710060,0.182862,2.138740,0.151764,-0.338780,-0.029996,-0.710100,0.182900,2.138700,0.151800,-0.338800,-0.030000,,,,,,,1
168,1787660118.3057,1787660118.3207,0.03878,-0.836020,0.381961,2.159845,0.154932,-0.332874,-0.026078,-0.657722,0.143082,2.142124,0.159093,-0.316806,-0.032192,-0.657700,0.143100,2.142100,0.159100,-0.316800,-0.032200,,,,,,,0
169,1787660118.3573,1787660118.3716,0.05161,-0.809942,0.323670,2.159845,0.154932,-0.340544,-0.026078,-0.596916,0.109837,2.128862,0.145409,-0.293627,-0.032928,-0.596900,0.109800,2.128900,0.145400,-0.293600,-0.032900,,,,,,,0
170,1787660118.4239,1787660118.4375,0.06663,-0.745515,0.256175,2.155243,0.154932,-0.332874,-0.026078,-0.560122,0.087310,2.122540,0.151349,-0.288117,-0.031641,-0.560100,0.087300,2.122500,0.151300,-0.288100,-0.031600,,,,,,,0
171,1787660118.4627,1787660118.4775,0.03876,-0.707165,0.219359,2.155243,0.154932,-0.320602,-0.026078,-0.519864,0.062027,2.112602,0.156769,-0.273162,-0.030503,-0.519900,0.062000,2.112600,0.156800,-0.273200,-0.030500,,,,,,,0
172,1787660118.519,1787660118.5325,0.05629,-0.648874,0.164136,2.142971,0.151864,-0.297592,-0.026078,-0.489692,0.039174,2.113348,0.159572,-0.273095,-0.027639,-0.489700,0.039200,2.113300,0.159600,-0.273100,-0.027600,,,,,,,0
173,1787660118.557,1787660118.5704,0.038,-0.615126,0.142660,2.136835,0.151864,-0.289922,-0.026078,-0.464700,0.034258,2.113165,0.165750,-0.271477,-0.025638,-0.464700,0.034300,2.113200,0.165700,-0.271500,-0.025600,,,,,,,0
174,1787660118.6082,1787660118.6215,0.05125,-0.564505,0.110447,2.132233,0.153398,-0.277651,-0.026078,-0.417619,0.027715,2.096418,0.165696,-0.171761,-0.026159,-0.417600,0.027700,2.096400,0.165700,-0.171800,-0.026200,,,,,,,0
175,1787660118.6749,1787660118.6896,0.06667,-0.509282,0.075165,2.132233,0.161068,-0.273049,-0.026078,-0.374571,0.011519,2.089567,0.168725,-0.133401,-0.023423,-0.374600,0.011500,2.089600,0.168700,-0.133400,-0.023400,,,,,,,0
176,1787660118.7134,1787660118.7285,0.03853,-0.486272,0.064427,2.130699,0.161068,-0.271515,-0.026078,-0.312544,-0.001040,2.078043,0.163254,-0.050807,-0.024819,-0.312500,-0.001000,2.078000,0.163300,-0.050800,-0.024800,,,,,,,0
177,1787660118.77,1787660118.7844,0.05654,-0.443320,0.058291,2.118427,0.162602,-0.250039,-0.026078,-0.255776,-0.001849,2.067625,0.165111,-0.006105,-0.026383,-0.255800,-0.001800,2.067600,0.165100,-0.006100,-0.026400,,,,,,,0
178,1787660118.8081,1787660118.8216,0.03815,-0.418777,0.050621,2.107690,0.164136,-0.223961,-0.026078,-0.221841,0.000397,2.043487,0.170119,0.098107,-0.025991,-0.221800,0.000400,2.043500,0.170100,0.098100,-0.026000,,,,,,,0
179,1787660118.8593,1787660118.8735,0.05112,-0.369689,0.033748,2.098486,0.164136,-0.168738,-0.026078,-0.187672,0.006100,2.046986,0.165064,0.193240,-0.016751,-0.187700,0.006100,2.047000,0.165100,0.193200,-0.016800,,,,,,,0
180,1787660118.9259,1787660118.9405,0.06664,-0.303728,0.027612,2.081612,0.165670,-0.075165,-0.026078,-0.160931,-0.013179,2.041900,0.170863,0.301277,-0.022490,-0.160900,-0.013200,2.041900,0.170900,0.301300,-0.022500,,,,,,,0
181,1787660118.9646,1787660118.9796,0.03871,-0.269981,0.029146,2.067806,0.165670,-0.021476,-0.026078,-0.147268,-0.012875,2.031285,0.174075,0.375910,-0.016811,-0.147300,-0.012900,2.031300,0.174100,0.375900,-0.016800,,,,,,,0
182,1787660119.0225,1787660119.0377,0.05792,-0.219359,0.029146,2.063204,0.165670,0.072097,-0.023010,-0.121256,-0.009566,2.024381,0.178400,0.491234,-0.018674,-0.121300,-0.009600,2.024400,0.178400,0.491200,-0.018700,,,,,,,1
183,1787660119.0888,1787660119.1036,0.06628,-0.171806,0.021476,2.057068,0.170272,0.182544,-0.023010,-0.104239,-0.015996,2.016639,0.163477,0.577944,-0.021479,-0.104200,-0.016000,2.016600,0.163500,0.577900,-0.021500,,,,,,,1
184,1787660119.1276,1787660119.1415,0.03875,-0.154932,0.019942,2.052466,0.170272,0.242369,-0.023010,-0.086097,-0.028130,1.999461,0.155603,0.651487,-0.018050,-0.086100,-0.028100,1.999500,0.155600,0.651500,-0.018000,,,,,,,0
185,1787660119.1855,1787660119.1996,0.05796,-0.131922,0.018408,2.043262,0.173340,0.340544,-0.023010,-0.071179,-0.012054,1.986330,0.173609,0.831211,-0.019948,-0.071200,-0.012100,1.986300,0.173600,0.831200,-0.019900,,,,,,,1
186,1787660119.2518,1787660119.2666,0.06629,-0.104311,0.016874,2.029457,0.164136,0.457126,-0.021476,-0.075448,-0.003098,1.971518,0.166680,0.885494,-0.022557,-0.075400,-0.003100,1.971500,0.166700,0.885500,-0.022600,,,,,,,1
187,1787660119.2908,1787660119.3056,0.03901,-0.093573,0.010738,2.020253,0.161068,0.515418,-0.021476,-0.080557,0.011744,1.966622,0.164118,0.985797,-0.022149,-0.080600,0.011700,1.966600,0.164100,0.985800,-0.022100,,,,,,,0
188,1787660119.3483,1787660119.3617,0.0575,-0.078233,0.007670,2.001845,0.167204,0.622796,-0.021476,-0.078080,0.011458,1.969664,0.162441,1.037072,-0.021775,-0.078100,0.011500,1.969700,0.162400,1.037100,-0.021800,,,,,,,0
189,1787660119.4041,1787660119.4184,0.05575,-0.078233,0.013806,1.991107,0.167204,0.730175,-0.018408,-0.080667,0.021838,1.985196,0.167159,1.151799,-0.023860,-0.080700,0.021800,1.985200,0.167200,1.151800,-0.023900,,,,,,,0
190,1787660119.444,1787660119.4587,0.0399,-0.078233,0.019942,1.989573,0.167204,0.796136,-0.018408,-0.077777,0.026663,2.005623,0.172518,1.217252,-0.021843,-0.077800,0.026700,2.005600,0.172500,1.217300,-0.021800,,,,,,,0
191,1787660119.5007,1787660119.5153,0.05673,-0.078233,0.019942,1.989573,0.167204,0.897379,-0.018408,-0.088809,0.037763,2.019089,0.194093,1.249090,0.000650,-0.088800,0.037800,2.019100,0.194100,1.249100,0.000600,,,,,,,0
192,1787660119.5569,1787660119.5716,0.05625,-0.078233,0.030680,1.994175,0.167204,1.000155,-0.018408,-0.102338,0.046021,2.076448,0.213037,1.249645,0.014699,-0.102300,0.046000,2.076400,0.213000,1.249600,0.014700,,,,,,,0
193,1787660119.5968,1787660119.6106,0.0399,-0.078233,0.033748,2.009515,0.168738,1.058447,-0.015340,-0.124362,0.049571,2.113797,0.228253,1.194679,0.068821,-0.124400,0.049600,2.113800,0.228300,1.194700,0.068800,,,,,,,0
194,1787660119.6537,1787660119.6685,0.05687,-0.079767,0.047553,2.021787,0.188680,1.145884,0.009204,-0.149655,0.048904,2.153236,0.249472,1.122992,0.218451,-0.149700,0.048900,2.153200,0.249500,1.123000,0.218500,,,,,,,0
195,1787660119.721,1787660119.7355,0.06731,-0.096641,0.053689,2.055534,0.216291,1.211845,0.072097,-0.134706,0.063092,2.167239,0.247834,1.083322,0.199108,-0.134700,0.063100,2.167200,0.247800,1.083300,0.199100,,,,,,,0
196,1787660119.758,1787660119.7715,0.03696,-0.110447,0.056757,2.084680,0.225495,1.233321,0.079767,-0.153975,0.066177,2.198142,0.275745,1.046232,0.257433,-0.154000,0.066200,2.198100,0.275700,1.046200,0.257400,,,,,,,0
197,1787660119.8095,1787660119.8245,0.05151,-0.131922,0.056757,2.129165,0.240835,1.244058,0.214757,-0.180842,0.069128,2.211373,0.287082,0.993898,0.357348,-0.180800,0.069100,2.211400,0.287100,0.993900,0.357300,,,,,,,0
198,1787660119.876,1787660119.8905,0.06652,-0.144194,0.067495,2.172117,0.250039,1.231787,0.253107,-0.199963,0.074239,2.196905,0.298628,0.991381,0.361085,-0.200000,0.074200,2.196900,0.298600,0.991400,0.361100,,,,,,,0
199,1787660119.9133,1787660119.9286,0.03727,-0.145728,0.073631,2.193593,0.268447,1.204175,0.268447,-0.198940,0.059375,2.233652,0.306870,0.949690,0.472802,-0.198900,0.059400,2.233700,0.306900,0.949700,0.472800,,,,,,,0
200,1787660119.9645,1787660119.9796,0.0512,-0.156466,0.076699,2.213534,0.282252,1.147418,0.362019,-0.199261,0.061271,2.218422,0.306068,0.942646,0.495579,-0.199300,0.061300,2.218400,0.306100,0.942600,0.495600,,,,,,,0
201,1787660120.0311,1787660120.0445,0.06664,-0.185612,0.076699,2.212000,0.289922,1.059981,0.441786,-0.207359,0.084889,2.206917,0.303643,0.936146,0.484162,-0.207400,0.084900,2.206900,0.303600,0.936100,0.484200,,,,,,,1
202,1787660120.0682,1787660120.0834,0.03704,-0.191748,0.076699,2.225806,0.308330,1.020097,0.492408,-0.221612,0.093279,2.193828,0.304352,0.896151,0.474567,-0.221600,0.093300,2.193800,0.304400,0.896200,0.474600,,,,,,,1
203,1787660120.1197,1787660120.1334,0.05151,-0.191748,0.076699,2.238078,0.309864,0.975612,0.500078,-0.234251,0.099038,2.202904,0.294149,0.933090,0.478620,-0.234300,0.099000,2.202900,0.294100,0.933100,0.478600,,,,,,,0
204,1787660120.1859,1787660120.2017,0.06627,-0.202485,0.084369,2.218136,0.308330,0.934194,0.477068,-0.286553,0.116078,2.161527,0.309732,0.930277,0.485474,-0.286600,0.116100,2.161500,0.309700,0.930300,0.485500,,,,,,,1
205,1787660120.2413,1787660120.2545,0.05539,-0.214757,0.102777,2.208932,0.300660,0.908117,0.477068,-0.297132,0.108408,2.171803,0.314741,0.888026,0.498534,-0.297100,0.108400,2.171800,0.314700,0.888000,0.498500,,,,,,,1
206,1787660120.2804,1787660120.2936,0.03906,-0.223961,0.108913,2.210466,0.299126,0.905049,0.477068,-0.319268,0.122010,2.156708,0.315268,0.884824,0.506777,-0.319300,0.122000,2.156700,0.315300,0.884800,0.506800,,,,,,,0
207,1787660120.3365,1787660120.3514,0.05614,-0.246971,0.121184,2.199728,0.306796,0.915787,0.492408,-0.346863,0.130708,2.159635,0.311630,0.859541,0.508002,-0.346900,0.130700,2.159600,0.311600,0.859500,0.508000,,,,,,,0
208,1787660120.3756,1787660120.3906,0.03905,-0.268447,0.122718,2.187457,0.311398,0.924990,0.501612,-0.371558,0.142709,2.174859,0.322186,0.874940,0.506709,-0.371600,0.142700,2.174900,0.322200,0.874900,0.506700,,,,,,,0
209,1787660120.4324,1787660120.4467,0.05684,-0.306796,0.127320,2.175185,0.311398,0.924990,0.503146,-0.388694,0.138067,2.177698,0.331512,0.844617,0.501984,-0.388700,0.138100,2.177700,0.331500,0.844600,0.502000,,,,,,,0
210,1787660120.502,1787660120.5154,0.06957,-0.339010,0.145728,2.175185,0.312932,0.885107,0.503146,-0.416384,0.152297,2.183148,0.327290,0.858709,0.496784,-0.416400,0.152300,2.183100,0.327300,0.858700,0.496800,,,,,,,0
211,1787660120.5389,1787660120.5535,0.03697,-0.354350,0.151864,2.181321,0.319068,0.874369,0.503146,-0.432673,0.177140,2.184190,0.330834,0.882349,0.491633,-0.432700,0.177100,2.184200,0.330800,0.882300,0.491600,,,,,,,0
212,1787660120.5907,1787660120.6055,0.05172,-0.375825,0.150330,2.182855,0.326738,0.855961,0.503146,-0.440757,0.190139,2.164472,0.326010,0.859469,0.485756,-0.440800,0.190100,2.164500,0.326000,0.859500,0.485800,,,,,,,0
213,1787660120.657,1787660120.6715,0.0663,-0.394233,0.161068,2.184389,0.325204,0.852893,0.498544,-0.447449,0.213918,2.175307,0.337364,0.812908,0.491262,-0.447400,0.213900,2.175300,0.337400,0.812900,0.491300,,,,,,,0
214,1787660120.6958,1787660120.7103,0.03886,-0.409573,0.179476,2.185923,0.325204,0.868233,0.493942,-0.453467,0.227971,2.164481,0.320476,0.747315,0.490196,-0.453500,0.228000,2.164500,0.320500,0.747300,0.490200,,,,,,,0
215,1787660120.7537,1787660120.7685,0.05787,-0.435651,0.199418,2.182855,0.326738,0.877437,0.489340,-0.478762,0.227459,2.160326,0.322939,0.668230,0.485039,-0.478800,0.227500,2.160300,0.322900,0.668200,0.485000,,,,,,,0
216,1787660120.8201,1787660120.8345,0.06643,-0.441786,0.225495,2.178253,0.328272,0.857495,0.489340,-0.494667,0.239056,2.158402,0.326840,0.622316,0.496891,-0.494700,0.239100,2.158400,0.326800,0.622300,0.496900,,,,,,,0
217,1787660120.8586,1787660120.8725,0.03849,-0.443320,0.236233,2.178253,0.328272,0.823748,0.489340,-0.492570,0.256204,2.164117,0.314740,0.600930,0.493493,-0.492600,0.256200,2.164100,0.314700,0.600900,0.493500,,,,,,,0
218,1787660120.9167,1787660120.9314,0.05813,-0.463262,0.237767,2.176719,0.323670,0.753185,0.487806,-0.498268,0.267392,2.167027,0.307398,0.574701,0.507130,-0.498300,0.267400,2.167000,0.307400,0.574700,0.507100,,,,,,,0
219,1787660120.9831,1787660120.9973,0.06639,-0.484738,0.254641,2.172117,0.317534,0.676486,0.487806,-0.502322,0.264838,2.163008,0.298342,0.506129,0.507273,-0.502300,0.264800,2.163000,0.298300,0.506100,0.507300,,,,,,,0
220,1787660121.0218,1787660121.0366,0.03864,-0.486272,0.268447,2.172117,0.317534,0.642738,0.498544,-0.501734,0.306324,2.160075,0.280964,0.503140,0.506377,-0.501700,0.306300,2.160100,0.281000,0.503100,0.506400,,,,,,,1
221,1787660121.0798,1787660121.0936,0.05801,-0.487806,0.274583,2.172117,0.306796,0.598253,0.504680,-0.506937,0.306603,2.166200,0.295965,0.514651,0.508362,-0.506900,0.306600,2.166200,0.296000,0.514700,0.508400,,,,,,,1
222,1787660121.1461,1787660121.1595,0.06635,-0.493942,0.280718,2.172117,0.289922,0.544563,0.504680,-0.499563,0.333340,2.173350,0.278551,0.532272,0.523358,-0.499600,0.333300,2.173300,0.278600,0.532300,0.523400,,,,,,,0
223,1787660121.1845,1787660121.1974,0.03834,-0.493942,0.300660,2.170583,0.285320,0.521553,0.504680,-0.499918,0.339336,2.156465,0.283600,0.520027,0.522209,-0.499900,0.339300,2.156500,0.283600,0.520000,0.522200,,,,,,,1
224,1787660121.241,1787660121.2556,0.05656,-0.493942,0.317534,2.170583,0.291456,0.510816,0.513884,-0.509385,0.367022,2.158844,0.275318,0.509756,0.536284,-0.509400,0.367000,2.158800,0.275300,0.509800,0.536300,,,,,,,1
225,1787660121.2972,1787660121.3115,0.05613,-0.493942,0.335942,2.172117,0.286854,0.515418,0.518486,-0.511454,0.375086,2.152564,0.270096,0.505811,0.524157,-0.511500,0.375100,2.152600,0.270100,0.505800,0.524200,,,,,,,0
226,1787660121.3364,1787660121.3494,0.03925,-0.493942,0.348214,2.170583,0.285320,0.516952,0.529223,-0.498410,0.382028,2.159629,0.261915,0.515406,0.528077,-0.498400,0.382000,2.159600,0.261900,0.515400,0.528100,,,,,,,0
227,1787660121.3933,1787660121.4066,0.05689,-0.497010,0.374291,2.169049,0.276117,0.516952,0.529223,-0.519151,0.387056,2.151103,0.263615,0.508383,0.538663,-0.519200,0.387100,2.151100,0.263600,0.508400,0.538700,,,,,,,0
228,1787660121.4324,1787660121.4456,0.03911,-0.500078,0.381961,2.167515,0.271515,0.515418,0.529223,-0.529743,0.379432,2.159959,0.261593,0.500339,0.534269,-0.529700,0.379400,2.160000,0.261600,0.500300,0.534300,,,,,,,0
229,1787660121.4919,1787660121.5067,0.0595,-0.500078,0.392699,2.167515,0.265379,0.515418,0.532291,-0.537717,0.378725,2.153271,0.260072,0.475376,0.526048,-0.537700,0.378700,2.153300,0.260100,0.475400,0.526000,,,,,,,0
230,1787660121.5583,1787660121.5717,0.06639,-0.506214,0.392699,2.165981,0.263845,0.506214,0.532291,-0.559565,0.362675,2.160079,0.267192,0.428131,0.524917,-0.559600,0.362700,2.160100,0.267200,0.428100,0.524900,,,,,,,0
231,1787660121.5972,1787660121.6106,0.03886,-0.516952,0.392699,2.165981,0.263845,0.504680,0.530757,-0.568394,0.384154,2.161708,0.265048,0.424400,0.526580,-0.568400,0.384200,2.161700,0.265000,0.424400,0.526600,,,,,,,0
232,1787660121.6537,1787660121.6686,0.05652,-0.530757,0.392699,2.165981,0.263845,0.484738,0.530757,-0.571988,0.365541,2.177129,0.265351,0.411162,0.518087,-0.572000,0.365500,2.177100,0.265400,0.411200,0.518100,,,,,,,0
233,1787660121.6912,1787660121.7055,0.03749,-0.536893,0.392699,2.165981,0.263845,0.464796,0.530757,-0.581256,0.376762,2.177309,0.262844,0.396188,0.522948,-0.581300,0.376800,2.177300,0.262800,0.396200,0.522900,,,,,,,0
234,1787660121.7428,1787660121.7576,0.05165,-0.552233,0.391165,2.165981,0.263845,0.438719,0.530757,-0.595973,0.383943,2.187729,0.254100,0.356207,0.522316,-0.596000,0.383900,2.187700,0.254100,0.356200,0.522300,,,,,,,0
235,1787660121.8091,1787660121.8225,0.06628,-0.569107,0.391165,2.175185,0.263845,0.411107,0.529223,-0.626875,0.374726,2.176759,0.253579,0.344124,0.535743,-0.626900,0.374700,2.176800,0.253600,0.344100,0.535700,,,,,,,0
236,1787660121.8479,1787660121.8616,0.03884,-0.572175,0.391165,2.178253,0.263845,0.401903,0.529223,-0.643597,0.386454,2.190718,0.245998,0.321790,0.531080,-0.643600,0.386500,2.190700,0.246000,0.321800,0.531100,,,,,,,0
237,1787660121.9041,1787660121.9184,0.05616,-0.584447,0.391165,2.184389,0.251573,0.375825,0.526155,-0.639355,0.408830,2.192590,0.232283,0.336620,0.541237,-0.639400,0.408800,2.192600,0.232300,0.336600,0.541200,,,,,,,0
238,1787660121.942,1787660121.9565,0.03785,-0.598253,0.392699,2.185923,0.256175,0.357418,0.529223,-0.647477,0.409558,2.186356,0.233685,0.331238,0.545785,-0.647500,0.409600,2.186400,0.233700,0.331200,0.545800,,,,,,,0
239,1787660121.9939,1787660122.0085,0.05191,-0.625864,0.392699,2.187457,0.242369,0.334408,0.530757,-0.655372,0.416831,2.184398,0.232558,0.321678,0.550288,-0.655400,0.416800,2.184400,0.232600,0.321700,0.550300,,,,,,,1
240,1787660122.0601,1787660122.0735,0.06626,-0.641204,0.411107,2.187457,0.242369,0.329806,0.544563,-0.668295,0.414732,2.180078,0.221391,0.279687,0.556562,-0.668300,0.414700,2.180100,0.221400,0.279700,0.556600,,,,,,,1
241,1787660122.0994,1787660122.1125,0.03925,-0.641204,0.420311,2.187457,0.236233,0.329806,0.546097,-0.673484,0.436686,2.185858,0.213476,0.287947,0.559610,-0.673500,0.436700,2.185900,0.213500,0.287900,0.559600,,,,,,,0
242,1787660122.156,1787660122.1695,0.05664,-0.644272,0.424913,2.187457,0.234699,0.326738,0.547631,-0.668213,0.446554,2.174415,0.193672,0.278871,0.553934,-0.668200,0.446600,2.174400,0.193700,0.278900,0.553900,,,,,,,1
243,1787660122.2114,1787660122.2256,0.05536,-0.659612,0.426447,2.187457,0.217825,0.306796,0.555301,-0.676212,0.460264,2.172450,0.188008,0.288371,0.565470,-0.676200,0.460300,2.172400,0.188000,0.288400,0.565500,,,,,,,1
244,1787660122.2507,1787660122.2645,0.03935,-0.662680,0.440252,2.187457,0.213223,0.296058,0.555301,-0.652963,0.469018,2.171125,0.195535,0.293229,0.561733,-0.653000,0.469000,2.171100,0.195500,0.293200,0.561700,,,,,,,0
245,1787660122.3078,1787660122.3225,0.05706,-0.664214,0.457126,2.187457,0.197884,0.285320,0.561437,-0.657011,0.476060,2.166420,0.175286,0.283279,0.564842,-0.657000,0.476100,2.166400,0.175300,0.283300,0.564800,,,,,,,0
246,1787660122.3465,1787660122.3595,0.03873,-0.664214,0.464796,2.184389,0.191748,0.286854,0.561437,-0.650659,0.475985,2.156225,0.191616,0.270893,0.563370,-0.650700,0.476000,2.156200,0.191600,0.270900,0.563400,,,,,,,0
247,1787660122.406,1787660122.4207,0.0595,-0.664214,0.480136,2.179787,0.193282,0.291456,0.561437,-0.645969,0.466828,2.174640,0.195297,0.259242,0.561788,-0.646000,0.466800,2.174600,0.195300,0.259200,0.561800,,,,,,,0
248,1787660122.4613,1787660122.4756,0.05527,-0.658078,0.484738,2.176719,0.182544,0.285320,0.561437,-0.657788,0.456276,2.181556,0.200541,0.253736,0.567605,-0.657800,0.456300,2.181600,0.200500,0.253700,0.567600,,,,,,,0
249,1787660122.5008,1787660122.5145,0.03951,-0.651942,0.484738,2.169049,0.182544,0.276117,0.561437,-0.670295,0.431066,2.193362,0.208553,0.258532,0.571360,-0.670300,0.431100,2.193400,0.208600,0.258500,0.571400,,,,,,,0
250,1787660122.5563,1787660122.5697,0.0555,-0.650408,0.484738,2.172117,0.188680,0.263845,0.566039,-0.668668,0.440968,2.184372,0.207274,0.248651,0.573200,-0.668700,0.441000,2.184400,0.207300,0.248700,0.573200,,,,,,,0
251,1787660122.5951,1787660122.6087,0.03882,-0.650408,0.484738,2.182855,0.202485,0.260777,0.566039,-0.668468,0.439606,2.185784,0.208892,0.224940,0.566553,-0.668500,0.439600,2.185800,0.208900,0.224900,0.566600,,,,,,,0
252,1787660122.6469,1787660122.6614,0.05181,-0.656544,0.477068,2.192059,0.202485,0.260777,0.566039,-0.675857,0.441612,2.189843,0.203604,0.227003,0.562280,-0.675900,0.441600,2.189800,0.203600,0.227000,0.562300,,,,,,,0
253,1787660122.7133,1787660122.7265,0.06641,-0.662680,0.466330,2.192059,0.202485,0.246971,0.566039,-0.694364,0.444872,2.194370,0.196820,0.207107,0.565075,-0.694400,0.444900,2.194400,0.196800,0.207100,0.565100,,,,,,,0
254,1787660122.7527,1787660122.7675,0.03934,-0.662680,0.467864,2.192059,0.202485,0.234699,0.566039,-0.701364,0.446567,2.193650,0.196466,0.233537,0.575230,-0.701400,0.446600,2.193700,0.196500,0.233500,0.575200,,,,,,,0
255,1787660122.8096,1787660122.8245,0.05692,-0.664214,0.470932,2.193593,0.202485,0.230097,0.566039,-0.697399,0.454225,2.199812,0.191739,0.230237,0.576175,-0.697400,0.454200,2.199800,0.191700,0.230200,0.576200,,,,,,,0
256,1787660122.8649,1787660122.8785,0.05535,-0.679553,0.467864,2.193593,0.194816,0.217825,0.567573,-0.708530,0.455853,2.194739,0.194146,0.218731,0.585508,-0.708500,0.455900,2.194700,0.194100,0.218700,0.585500,,,,,,,0
257,1787660122.9046,1787660122.9195,0.03965,-0.688757,0.467864,2.193593,0.193282,0.217825,0.570641,-0.707897,0.464452,2.212259,0.196071,0.220689,0.587438,-0.707900,0.464500,2.212300,0.196100,0.220700,0.587400,,,,,,,0
258,1787660122.9612,1787660122.9745,0.05659,-0.693359,0.470932,2.199728,0.199418,0.225495,0.579845,-0.711636,0.468283,2.209431,0.193559,0.202463,0.586796,-0.711600,0.468300,2.209400,0.193600,0.202500,0.586800,,,,,,,1
259,1787660123.0006,1787660123.0142,0.03944,-0.693359,0.470932,2.198194,0.199418,0.225495,0.582913,-0.723059,0.471680,2.201694,0.189253,0.193339,0.587022,-0.723100,0.471700,2.201700,0.189300,0.193300,0.587000,,,,,,,1
260,1787660123.0572,1787660123.0705,0.05662,-0.697961,0.470932,2.205864,0.191748,0.225495,0.582913,-0.724606,0.466682,2.219006,0.187594,0.198904,0.598931,-0.724600,0.466700,2.219000,0.187600,0.198900,0.598900,,,,,,,0
261,1787660123.1255,1787660123.1405,0.06825,-0.707165,0.480136,2.212000,0.193282,0.204019,0.582913,-0.723356,0.485857,2.209834,0.163429,0.192466,0.600782,-0.723400,0.485900,2.209800,0.163400,0.192500,0.600800,,,,,,,1
262,1787660123.1642,1787660123.1775,0.03875,-0.710233,0.481670,2.207398,0.182544,0.202485,0.592117,-0.723607,0.487484,2.202908,0.169038,0.190280,0.594653,-0.723600,0.487500,2.202900,0.169000,0.190300,0.594700,,,,,,,1
263,1787660123.2213,1787660123.2346,0.05701,-0.716369,0.481670,2.216602,0.188680,0.202485,0.595185,-0.730736,0.495311,2.188606,0.160547,0.159348,0.593061,-0.730700,0.495300,2.188600,0.160500,0.159300,0.593100,,,,,,,0
264,1787660123.2887,1787660123.3037,0.06742,-0.716369,0.495476,2.213534,0.170272,0.196350,0.595185,-0.735214,0.500453,2.187761,0.155887,0.157188,0.595399,-0.735200,0.500500,2.187800,0.155900,0.157200,0.595400,,,,,,,0
265,1787660123.3271,1787660123.3405,0.03845,-0.716369,0.498544,2.207398,0.165670,0.193282,0.595185,-0.730296,0.509695,2.180524,0.156958,0.172093,0.596735,-0.730300,0.509700,2.180500,0.157000,0.172100,0.596700,,,,,,,0
266,1787660123.385,1787660123.3985,0.0579,-0.720971,0.503146,2.201262,0.162602,0.174874,0.595185,-0.732882,0.514837,2.187082,0.159412,0.196110,0.594835,-0.732900,0.514800,2.187100,0.159400,0.196100,0.594800,,,,,,,0
267,1787660123.4403,1787660123.4537,0.05524,-0.722505,0.513884,2.192059,0.156466,0.164136,0.595185,-0.727281,0.523862,2.183214,0.162164,0.207099,0.592238,-0.727300,0.523900,2.183200,0.162200,0.207100,0.592200,,,,,,,0
268,1787660123.4794,1787660123.4934,0.03913,-0.724039,0.518486,2.188991,0.159534,0.164136,0.595185,-0.722255,0.529521,2.187942,0.147991,0.237467,0.585853,-0.722300,0.529500,2.187900,0.148000,0.237500,0.585900,,,,,,,0
269,1787660123.5358,1787660123.5504,0.05642,-0.724039,0.524621,2.188991,0.159534,0.191748,0.595185,-0.716976,0.539158,2.180166,0.139784,0.225967,0.587809,-0.717000,0.539200,2.180200,0.139800,0.226000,0.587800,,,,,,,0
270,1787660123.5922,1787660123.6056,0.05641,-0.725573,0.535359,2.188991,0.158000,0.213223,0.592117,-0.720493,0.544500,2.176912,0.136208,0.216608,0.578241,-0.720500,0.544500,2.176900,0.136200,0.216600,0.578200,,,,,,,0
271,1787660123.6319,1787660123.6466,0.03971,-0.725573,0.538427,2.188991,0.150330,0.228563,0.590583,-0.717269,0.549485,2.167572,0.137467,0.205463,0.571023,-0.717300,0.549500,2.167600,0.137500,0.205500,0.571000,,,,,,,0
272,1787660123.6889,1787660123.7027,0.057,-0.724039,0.549165,2.187457,0.139592,0.234699,0.589049,-0.722090,0.547108,2.175148,0.140749,0.212876,0.574805,-0.722100,0.547100,2.175100,0.140700,0.212900,0.574800,,,,,,,0
273,1787660123.7278,1787660123.7426,0.03888,-0.722505,0.552233,2.184389,0.138058,0.230097,0.576777,-0.723461,0.556325,2.174222,0.136872,0.226094,0.571394,-0.723500,0.556300,2.174200,0.136900,0.226100,0.571400,,,,,,,0
274,1787660123.7872,1787660123.8016,0.05939,-0.720971,0.556835,2.178253,0.138058,0.213223,0.573709,-0.721827,0.558207,2.162822,0.136813,0.225281,0.568318,-0.721800,0.558200,2.162800,0.136800,0.225300,0.568300,,,,,,,0
275,1787660123.8436,1787660123.8583,0.05637,-0.720971,0.558369,2.176719,0.136524,0.214757,0.573709,-0.724888,0.554389,2.174292,0.143601,0.225309,0.564068,-0.724900,0.554400,2.174300,0.143600,0.225300,0.564100,,,,,,,0
276,1787660123.8783,1787660123.8936,0.03477,-0.720971,0.564505,2.176719,0.138058,0.222427,0.572175,-0.716432,0.550117,2.175395,0.140672,0.218468,0.409780,-0.716400,0.550100,2.175400,0.140700,0.218500,0.409800,,,,,,,0
277,1787660123.9402,1787660123.9536,0.06189,-0.720971,0.567573,2.175185,0.138058,0.225495,0.567573,-0.712210,0.550419,2.165008,0.139697,0.223200,0.320049,-0.712200,0.550400,2.165000,0.139700,0.223200,0.320000,,,,,,,1
278,1787660124.0065,1787660124.0206,0.06626,-0.720971,0.567573,2.175185,0.138058,0.225495,0.478602,-0.712155,0.553232,2.175187,0.141187,0.224245,0.215727,-0.712200,0.553200,2.175200,0.141200,0.224200,0.215700,,,,,,,1
279,1787660124.046,1787660124.0596,0.0395,-0.720971,0.567573,2.175185,0.139592,0.220893,0.380427,-0.707064,0.541896,2.168204,0.143433,0.221136,0.153191,-0.707100,0.541900,2.168200,0.143400,0.221100,0.153200,,,,,,,0
280,1787660124.1032,1787660124.1174,0.05722,-0.720971,0.567573,2.173651,0.133456,0.223961,0.289922,-0.705785,0.542717,2.167136,0.143393,0.243990,0.027683,-0.705800,0.542700,2.167100,0.143400,0.244000,0.027700,,,,,,,1
281,1787660124.1583,1787660124.1726,0.05503,-0.716369,0.567573,2.173651,0.139592,0.223961,0.197884,-0.709952,0.534829,2.168509,0.139869,0.223158,0.002399,-0.710000,0.534800,2.168500,0.139900,0.223200,0.002400,,,,,,,1
282,1787660124.1975,1787660124.2126,0.03922,-0.714835,0.567573,2.173651,0.142660,0.223961,0.196350,-0.711395,0.524196,2.177843,0.136385,0.217520,0.007803,-0.711400,0.524200,2.177800,0.136400,0.217500,0.007800,,,,,,,0
283,1787660124.2544,1787660124.2676,0.0569,-0.713301,0.567573,2.173651,0.142660,0.237767,0.182544,-0.705385,0.519219,2.176498,0.133857,0.223683,-0.020059,-0.705400,0.519200,2.176500,0.133900,0.223700,-0.020100,,,,,,,0
284,1787660124.3102,1787660124.3244,0.05579,-0.713301,0.566039,2.175185,0.141126,0.239301,0.182544,-0.707733,0.515128,2.180300,0.136369,0.240884,-0.032659,-0.707700,0.515100,2.180300,0.136400,0.240900,-0.032700,,,,,,,0
285,1787660124.3492,1787660124.3636,0.03906,-0.713301,0.566039,2.175185,0.139592,0.236233,0.181010,-0.720527,0.504996,2.194288,0.130745,0.228381,-0.028643,-0.720500,0.505000,2.194300,0.130700,0.228400,-0.028600,,,,,,,0
286,1787660124.406,1787660124.4207,0.05683,-0.713301,0.559903,2.176719,0.138058,0.228563,0.181010,-0.719466,0.484165,2.207538,0.119561,0.216189,-0.028205,-0.719500,0.484200,2.207500,0.119600,0.216200,-0.028200,,,,,,,0
287,1787660124.4451,1787660124.4587,0.0391,-0.713301,0.558369,2.178253,0.138058,0.228563,0.181010,-0.722214,0.465750,2.221395,0.117902,0.218029,-0.030104,-0.722200,0.465800,2.221400,0.117900,0.218000,-0.030100,,,,,,,0
288,1787660124.5052,1787660124.5184,0.06003,-0.713301,0.546097,2.190525,0.127320,0.236233,0.181010,-0.711675,0.411067,2.230912,0.107245,0.209917,-0.026402,-0.711700,0.411100,2.230900,0.107200,0.209900,-0.026400,,,,,,,0
289,1787660124.5718,1787660124.5867,0.06665,-0.713301,0.520019,2.213534,0.124252,0.225495,0.179476,-0.712326,0.364054,2.226217,0.112070,0.184491,-0.027474,-0.712300,0.364100,2.226200,0.112100,0.184500,-0.027500,,,,,,,0
290,1787660124.6102,1787660124.6244,0.03834,-0.713301,0.507748,2.219670,0.121184,0.223961,0.179476,-0.706307,0.313958,2.225615,0.112456,0.194192,-0.027753,-0.706300,0.314000,2.225600,0.112500,0.194200,-0.027800,,,,,,,0
291,1787660124.6683,1787660124.6814,0.0581,-0.713301,0.480136,2.227340,0.111981,0.214757,0.179476,-0.700463,0.285943,2.219725,0.108599,0.188058,-0.026809,-0.700500,0.285900,2.219700,0.108600,0.188100,-0.026800,,,,,,,0
292,1787660124.7234,1787660124.7377,0.05516,-0.713301,0.437185,2.227340,0.113515,0.202485,0.179476,-0.683954,0.225613,2.216734,0.105859,0.217797,-0.030268,-0.684000,0.225600,2.216700,0.105900,0.217800,-0.030300,,,,,,,0
293,1787660124.7626,1787660124.7775,0.03913,-0.713301,0.400369,2.227340,0.113515,0.202485,0.179476,-0.664065,0.177473,2.203184,0.112094,0.209097,-0.033959,-0.664100,0.177500,2.203200,0.112100,0.209100,-0.034000,,,,,,,0
294,1787660124.8193,1787660124.8326,0.05674,-0.707165,0.342078,2.227340,0.113515,0.196350,0.179476,-0.628918,0.142752,2.188792,0.114600,0.216930,-0.036324,-0.628900,0.142800,2.188800,0.114600,0.216900,-0.036300,,,,,,,0
295,1787660124.8585,1787660124.8735,0.03917,-0.699495,0.316000,2.227340,0.113515,0.196350,0.179476,-0.577603,0.102878,2.160816,0.102042,0.235429,-0.030866,-0.577600,0.102900,2.160800,0.102000,0.235400,-0.030900,,,,,,,0
296,1787660124.9172,1787660124.9315,0.05872,-0.674952,0.262311,2.222738,0.113515,0.207087,0.179476,-0.564570,0.090740,2.139716,0.108186,0.235503,-0.036182,-0.564600,0.090700,2.139700,0.108200,0.235500,-0.036200,,,,,,,1
297,1787660124.9837,1787660124.9986,0.06652,-0.635068,0.193282,2.198194,0.113515,0.222427,0.179476,-0.522542,0.073934,2.124666,0.108670,0.254289,-0.034236,-0.522500,0.073900,2.124700,0.108700,0.254300,-0.034200,,,,,,,1
298,1787660125.0225,1787660125.0365,0.03875,-0.610524,0.164136,2.184389,0.108913,0.230097,0.179476,-0.492125,0.050326,2.117610,0.106677,0.306731,-0.034434,-0.492100,0.050300,2.117600,0.106700,0.306700,-0.034400,,,,,,,0
299,1787660125.0805,1787660125.0946,0.05802,-0.570641,0.131922,2.161379,0.108913,0.236233,0.179476,-0.384533,0.004932,2.079281,0.100249,0.392854,-0.034132,-0.384500,0.004900,2.079300,0.100200,0.392900,-0.034100,,,,,,,1
300,1787660125.1469,1787660125.1615,0.06638,-0.536893,0.104311,2.142971,0.108913,0.260777,0.179476,-0.341621,0.004097,2.056653,0.097440,0.455030,-0.032196,-0.341600,0.004100,2.056700,0.097400,0.455000,-0.032200,,,,,,,1
301,1787660125.1853,1787660125.2005,0.03848,-0.515418,0.090505,2.136835,0.108913,0.283786,0.179476,-0.300855,-0.007542,2.045686,0.092766,0.522202,-0.032594,-0.300900,-0.007500,2.045700,0.092800,0.522200,-0.032600,,,,,,,0
302,1787660125.2426,1787660125.2575,0.05729,-0.464796,0.062893,2.121495,0.108913,0.334408,0.179476,-0.271910,-0.010313,2.033446,0.077581,0.611706,-0.029823,-0.271900,-0.010300,2.033400,0.077600,0.611700,-0.029800,,,,,,,0
303,1787660125.2799,1787660125.2935,0.03723,-0.431049,0.047553,2.101554,0.107379,0.374291,0.179476,-0.231487,-0.023550,2.009745,0.075569,0.743297,-0.028267,-0.231500,-0.023500,2.009700,0.075600,0.743300,-0.028300,,,,,,,0
304,1787660125.3314,1787660125.3455,0.0515,-0.374291,0.027612,2.073942,0.098175,0.437185,0.179476,-0.199430,-0.033622,1.995366,0.080128,0.805424,-0.031927,-0.199400,-0.033600,1.995400,0.080100,0.805400,-0.031900,,,,,,,0
305,1787660125.3978,1787660125.4125,0.06643,-0.302194,0.016874,2.050932,0.085903,0.518486,0.179476,-0.179018,-0.036173,1.975361,0.077030,0.888753,-0.032477,-0.179000,-0.036200,1.975400,0.077000,0.888800,-0.032500,,,,,,,0
306,1787660125.4365,1787660125.4514,0.03871,-0.271515,0.015340,2.037126,0.084369,0.575243,0.179476,-0.145248,-0.038833,1.956431,0.078266,0.989973,-0.033998,-0.145200,-0.038800,1.956400,0.078300,0.990000,-0.034000,,,,,,,0
307,1787660125.4945,1787660125.5095,0.05803,-0.227029,0.001534,2.020253,0.084369,0.671884,0.179476,-0.119735,-0.028342,1.939905,0.081285,1.066028,-0.032741,-0.119700,-0.028300,1.939900,0.081300,1.066000,-0.032700,,,,,,,0
308,1787660125.5608,1787660125.5745,0.06626,-0.182544,-0.004602,1.995709,0.084369,0.780796,0.179476,-0.099473,-0.023358,1.932185,0.079475,1.147514,-0.029637,-0.099500,-0.023400,1.932200,0.079500,1.147500,-0.029600,,,,,,,0
309,1787660125.5977,1787660125.6127,0.03686,-0.162602,-0.004602,1.981903,0.084369,0.839087,0.179476,-0.086305,-0.026483,1.944797,0.082474,1.164618,-0.033262,-0.086300,-0.026500,1.944800,0.082500,1.164600,-0.033300,,,,,,,0
310,1787660125.6493,1787660125.6637,0.05163,-0.136524,-0.004602,1.969631,0.084369,0.921922,0.179476,-0.071607,-0.026004,1.944029,0.075460,1.191673,-0.031668,-0.071600,-0.026000,1.944000,0.075500,1.191700,-0.031700,,,,,,,0
311,1787660125.7157,1787660125.7307,0.0664,-0.107379,-0.004602,1.958893,0.084369,1.023165,0.179476,-0.053133,-0.018647,1.942543,0.081794,1.253985,-0.027341,-0.053100,-0.018600,1.942500,0.081800,1.254000,-0.027300,,,,,,,0
312,1787660125.7546,1787660125.7697,0.03894,-0.096641,-0.004602,1.958893,0.084369,1.069185,0.179476,-0.051875,-0.010447,1.951504,0.074313,1.284260,-0.031781,-0.051900,-0.010400,1.951500,0.074300,1.284300,-0.031800,,,,,,,0
313,1787660125.8124,1787660125.8276,0.05778,-0.078233,-0.004602,1.958893,0.084369,1.138214,0.179476,-0.061550,-0.004604,1.975290,0.082285,1.297420,-0.029955,-0.061600,-0.004600,1.975300,0.082300,1.297400,-0.030000,,,,,,,0
314,1787660125.8677,1787660125.8824,0.05532,-0.064427,-0.003068,1.958893,0.084369,1.201107,0.179476,-0.050671,0.000863,1.968659,0.075904,1.350337,-0.028150,-0.050700,0.000900,1.968700,0.075900,1.350300,-0.028100,,,,,,,0
315,1787660125.907,1787660125.9227,0.03923,-0.061359,-0.001534,1.958893,0.084369,1.234855,0.179476,-0.058986,0.005082,1.980315,0.075907,1.384272,-0.027118,-0.059000,0.005100,1.980300,0.075900,1.384300,-0.027100,,,,,,,1
316,1787660125.9635,1787660125.9775,0.05653,-0.059825,0.004602,1.974233,0.084369,1.279340,0.179476,-0.060771,0.014779,2.003067,0.078321,1.386309,-0.023492,-0.060800,0.014800,2.003100,0.078300,1.386300,-0.023500,,,,,,,1
317,1787660126.0198,1787660126.0335,0.05635,-0.059825,0.010738,1.983437,0.084369,1.323825,0.179476,-0.054722,0.030758,2.005995,0.068175,1.415406,-0.026239,-0.054700,0.030800,2.006000,0.068200,1.415400,-0.026200,,,,,,,0
318,1787660126.0595,1787660126.0756,0.03964,-0.059825,0.013806,1.984971,0.084369,1.351437,0.179476,-0.056257,0.058278,2.027456,0.068432,1.367167,-0.027593,-0.056300,0.058300,2.027500,0.068400,1.367200,-0.027600,,,,,,,1
319,1787660126.1161,1787660126.1305,0.05659,-0.059825,0.023010,2.003379,0.084369,1.379049,0.179476,-0.070047,0.065395,2.034957,0.071527,1.392587,-0.032020,-0.070000,0.065400,2.035000,0.071500,1.392600,-0.032000,,,,,,,1
320,1787660126.1556,1787660126.1706,0.03954,-0.059825,0.033748,2.012583,0.078233,1.395923,0.179476,-0.083802,0.072019,2.053641,0.067093,1.391994,-0.025639,-0.083800,0.072000,2.053600,0.067100,1.392000,-0.025600,,,,,,,0
321,1787660126.2145,1787660126.2285,0.05889,-0.059825,0.062893,2.029457,0.076699,1.408194,0.187146,-0.084978,0.079685,2.054121,0.073744,1.401324,-0.026493,-0.085000,0.079700,2.054100,0.073700,1.401300,-0.026500,,,,,,,0
322,1787660126.2699,1787660126.2854,0.05539,-0.062893,0.078233,2.046330,0.078233,1.402058,0.187146,-0.087244,0.093587,2.065407,0.068663,1.368543,-0.028226,-0.087200,0.093600,2.065400,0.068700,1.368500,-0.028200,,,,,,,0
323,1787660126.3259,1787660126.3406,0.05603,-0.072097,0.082835,2.061670,0.075165,1.398990,0.187146,-0.094104,0.109505,2.054734,0.082336,1.340449,-0.030864,-0.094100,0.109500,2.054700,0.082300,1.340400,-0.030900,,,,,,,0
324,1787660126.3657,1787660126.3795,0.03982,-0.076699,0.085903,2.061670,0.075165,1.398990,0.187146,-0.097196,0.126771,2.046191,0.080811,1.316618,-0.034163,-0.097200,0.126800,2.046200,0.080800,1.316600,-0.034200,,,,,,,0
325,1787660126.422,1787660126.4366,0.05629,-0.078233,0.102777,2.066272,0.075165,1.386719,0.187146,-0.097610,0.133079,2.043253,0.074558,1.288112,-0.035801,-0.097600,0.133100,2.043300,0.074600,1.288100,-0.035800,,,,,,,0
326,1787660126.4611,1787660126.4756,0.03912,-0.078233,0.113515,2.067806,0.076699,1.366777,0.187146,-0.104062,0.149238,2.046034,0.081633,1.294793,-0.033307,-0.104100,0.149200,2.046000,0.081600,1.294800,-0.033300,,,,,,,0
327,1787660126.5203,1787660126.5348,0.05922,-0.084369,0.134990,2.060136,0.075165,1.329961,0.187146,-0.109294,0.163280,2.041586,0.076793,1.283469,-0.035240,-0.109300,0.163300,2.041600,0.076800,1.283500,-0.035200,,,,,,,0
328,1787660126.5869,1787660126.6015,0.06652,-0.090505,0.151864,2.060136,0.075165,1.299282,0.187146,-0.114022,0.176782,2.036127,0.076874,1.288170,-0.035436,-0.114000,0.176800,2.036100,0.076900,1.288200,-0.035400,,,,,,,0
329,1787660126.626,1787660126.6406,0.03916,-0.092039,0.158000,2.060136,0.075165,1.296214,0.187146,-0.117739,0.179650,2.046117,0.081667,1.276990,-0.031762,-0.117700,0.179700,2.046100,0.081700,1.277000,-0.031800,,,,,,,0
330,1787660126.6834,1787660126.6975,0.05737,-0.098175,0.171806,2.060136,0.075165,1.291612,0.187146,-0.112691,0.187023,2.056589,0.080848,1.280893,-0.030644,-0.112700,0.187000,2.056600,0.080800,1.280900,-0.030600,,,,,,,0
331,1787660126.7499,1787660126.7647,0.06652,-0.105845,0.188680,2.055534,0.075165,1.285476,0.187146,-0.110698,0.209478,2.045815,0.081995,1.268510,-0.031437,-0.110700,0.209500,2.045800,0.082000,1.268500,-0.031400,,,,,,,0
332,1787660126.7894,1787660126.8026,0.0395,-0.107379,0.188680,2.055534,0.075165,1.283942,0.187146,-0.108011,0.204514,2.061631,0.089616,1.279374,-0.025312,-0.108000,0.204500,2.061600,0.089600,1.279400,-0.025300,,,,,,,0
333,1787660126.8467,1787660126.8595,0.05725,-0.107379,0.194816,2.061670,0.075165,1.283942,0.187146,-0.100012,0.213576,2.060945,0.081693,1.305972,-0.027249,-0.100000,0.213600,2.060900,0.081700,1.306000,-0.027200,,,,,,,0
334,1787660126.9018,1787660126.9154,0.05515,-0.107379,0.211689,2.060136,0.081301,1.276272,0.187146,-0.099135,0.222073,2.043042,0.075440,1.302257,-0.030126,-0.099100,0.222100,2.043000,0.075400,1.302300,-0.030100,,,,,,,1
335,1787660126.9416,1787660126.9567,0.03975,-0.107379,0.216291,2.064738,0.082835,1.276272,0.187146,-0.098780,0.217369,2.050349,0.070376,1.318112,-0.032914,-0.098800,0.217400,2.050300,0.070400,1.318100,-0.032900,,,,,,,1
336,1787660126.9988,1787660127.0134,0.05725,-0.107379,0.223961,2.064738,0.084369,1.297748,0.187146,-0.097660,0.229383,2.043514,0.069337,1.329351,-0.030113,-0.097700,0.229400,2.043500,0.069300,1.329400,-0.030100,,,,,,,0
337,1787660127.0548,1787660127.0687,0.05599,-0.105845,0.227029,2.060136,0.076699,1.306952,0.187146,-0.098329,0.227502,2.042908,0.061967,1.325964,-0.027752,-0.098300,0.227500,2.042900,0.062000,1.326000,-0.027800,,,,,,,1
338,1787660127.0942,1787660127.1076,0.03943,-0.104311,0.228563,2.060136,0.076699,1.316156,0.187146,-0.103227,0.245839,2.041193,0.066446,1.334593,-0.029618,-0.103200,0.245800,2.041200,0.066400,1.334600,-0.029600,,,,,,,1
339,1787660127.151,1787660127.1645,0.05675,-0.104311,0.236233,2.061670,0.073631,1.325359,0.187146,-0.104564,0.240544,2.036234,0.062237,1.341325,-0.027885,-0.104600,0.240500,2.036200,0.062200,1.341300,-0.027900,,,,,,,0
340,1787660127.2069,1787660127.2215,0.05588,-0.102777,0.240835,2.060136,0.067495,1.328427,0.187146,-0.104779,0.240573,2.035889,0.063644,1.324136,-0.029564,-0.104800,0.240600,2.035900,0.063600,1.324100,-0.029600,,,,,,,0
341,1787660127.2464,1787660127.2596,0.03947,-0.102777,0.250039,2.060136,0.067495,1.333029,0.187146,-0.107286,0.248338,2.022397,0.062732,1.328927,-0.027491,-0.107300,0.248300,2.022400,0.062700,1.328900,-0.027500,,,,,,,0
342,1787660127.305,1787660127.3193,0.05862,-0.102777,0.254641,2.055534,0.067495,1.336097,0.187146,-0.102681,0.247422,2.025472,0.072929,1.321163,-0.027428,-0.102700,0.247400,2.025500,0.072900,1.321200,-0.027400,,,,,,,0
343,1787660127.3604,1787660127.3756,0.05538,-0.102777,0.254641,2.050932,0.067495,1.333029,0.187146,-0.105809,0.245700,2.023123,0.084412,1.312663,-0.015010,-0.105800,0.245700,2.023100,0.084400,1.312700,-0.015000,,,,,,,0
344,1787660127.3997,1787660127.4145,0.03939,-0.102777,0.254641,2.041728,0.067495,1.331495,0.187146,-0.109781,0.273318,2.031650,0.081832,1.294934,-0.011071,-0.109800,0.273300,2.031600,0.081800,1.294900,-0.011100,,,,,,,0
345,1787660127.4565,1787660127.4696,0.05674,-0.102777,0.256175,2.041728,0.070563,1.326893,0.187146,-0.110013,0.266883,2.029238,0.075467,1.317563,-0.008836,-0.110000,0.266900,2.029200,0.075500,1.317600,-0.008800,,,,,,,0
346,1787660127.4951,1787660127.5085,0.03866,-0.102777,0.256175,2.041728,0.078233,1.319223,0.187146,-0.116597,0.262171,2.037785,0.112325,1.303640,0.182369,-0.116600,0.262200,2.037800,0.112300,1.303600,0.182400,,,,,,,0
347,1787660127.5547,1787660127.5696,0.05959,-0.102777,0.271515,2.040194,0.078233,1.303884,0.187146,-0.119276,0.264260,2.009623,0.102317,1.312238,0.104120,-0.119300,0.264300,2.009600,0.102300,1.312200,0.104100,,,,,,,0
348,1787660127.6104,1787660127.6236,0.05566,-0.104311,0.283786,2.040194,0.078233,1.303884,0.187146,-0.113165,0.258230,2.029889,0.101673,1.318870,0.123354,-0.113200,0.258200,2.029900,0.101700,1.318900,0.123400,,,,,,,0
349,1787660127.6491,1787660127.6635,0.03875,-0.105845,0.283786,2.041728,0.088971,1.303884,0.193282,-0.113893,0.276870,2.001484,0.100714,1.304283,0.123909,-0.113900,0.276900,2.001500,0.100700,1.304300,0.123900,,,,,,,0
350,1787660127.7077,1787660127.7237,0.05853,-0.107379,0.279185,2.034059,0.099709,1.308486,0.194816,-0.110218,0.269599,2.015348,0.086776,1.335579,0.068655,-0.110200,0.269600,2.015300,0.086800,1.335600,0.068700,,,,,,,0
351,1787660127.7743,1787660127.7877,0.06661,-0.107379,0.282252,2.021787,0.099709,1.314622,0.190214,-0.112256,0.268637,2.005322,0.083650,1.335747,0.063694,-0.112300,0.268600,2.005300,0.083700,1.335700,0.063700,,,,,,,0
352,1787660127.8133,1787660127.8277,0.03897,-0.107379,0.283786,2.020253,0.101243,1.313088,0.188680,-0.103717,0.272592,1.989204,0.081438,1.336655,0.036695,-0.103700,0.272600,1.989200,0.081400,1.336700,0.036700,,,,,,,0
353,1787660127.87,1787660127.8833,0.05677,-0.107379,0.285320,2.020253,0.092039,1.316156,0.182544,-0.111889,0.265786,2.005817,0.094680,1.334629,0.125436,-0.111900,0.265800,2.005800,0.094700,1.334600,0.125400,,,,,,,1
354,1787660127.9261,1787660127.9396,0.05604,-0.107379,0.286854,2.018719,0.088971,1.331495,0.182544,-0.108674,0.269497,1.994655,0.106619,1.317592,0.193852,-0.108700,0.269500,1.994700,0.106600,1.317600,0.193900,,,,,,,1
355,1787660127.9653,1787660127.9787,0.03926,-0.107379,0.286854,2.014117,0.088971,1.333029,0.182544,-0.117208,0.270150,2.002651,0.121257,1.310572,0.283163,-0.117200,0.270200,2.002700,0.121300,1.310600,0.283200,,,,,,,0
356,1787660128.0219,1787660128.0376,0.05659,-0.107379,0.286854,2.012583,0.092039,1.333029,0.202485,-0.119452,0.264701,1.994523,0.125712,1.305172,0.254721,-0.119500,0.264700,1.994500,0.125700,1.305200,0.254700,,,,,,,1
357,1787660128.061,1787660128.0746,0.03905,-0.107379,0.286854,2.012583,0.102777,1.331495,0.227029,-0.117179,0.269745,1.988297,0.121128,1.296643,0.240996,-0.117200,0.269700,1.988300,0.121100,1.296600,0.241000,,,,,,,1
358,1787660128.1178,1787660128.1325,0.05683,-0.107379,0.286854,2.012583,0.118117,1.316156,0.274583,-0.108458,0.265916,1.994426,0.120221,1.312940,0.247433,-0.108500,0.265900,1.994400,0.120200,1.312900,0.247400,,,,,,,0
359,1787660128.1861,1787660128.2005,0.06827,-0.107379,0.286854,2.006447,0.119651,1.305418,0.254641,-0.107114,0.266956,1.998796,0.122978,1.314549,0.257397,-0.107100,0.267000,1.998800,0.123000,1.314500,0.257400,,,,,,,0
360,1787660128.2257,1787660128.2396,0.03963,-0.107379,0.286854,2.006447,0.119651,1.302350,0.254641,-0.107577,0.266990,2.006567,0.125970,1.318554,0.270958,-0.107600,0.267000,2.006600,0.126000,1.318600,0.271000,,,,,,,0
361,1787660128.2827,1787660128.2975,0.05698,-0.107379,0.286854,2.006447,0.119651,1.306952,0.256175,-0.107121,0.268416,2.001896,0.125690,1.317001,0.275204,-0.107100,0.268400,2.001900,0.125700,1.317000,0.275200,,,,,,,0
362,1787660128.3378,1787660128.3523,0.05515,-0.107379,0.286854,2.009515,0.121184,1.314622,0.268447,-0.107620,0.264848,2.007897,0.121970,1.306942,0.270298,-0.107600,0.264800,2.007900,0.122000,1.306900,0.270300,,,,,,,0
363,1787660128.3776,1787660128.3916,0.03979,-0.107379,0.286854,2.009515,0.121184,1.316156,0.268447,-0.104795,0.271378,2.004921,0.123390,1.299415,0.256110,-0.104800,0.271400,2.004900,0.123400,1.299400,0.256100,,,,,,,0
364,1787660128.4343,1787660128.4484,0.05665,-0.107379,0.286854,2.009515,0.121184,1.316156,0.268447,-0.103070,0.277805,1.999440,0.116554,1.318277,0.235905,-0.103100,0.277800,1.999400,0.116600,1.318300,0.235900,,,,,,,0
365,1787660128.4903,1787660128.5036,0.05601,-0.107379,0.286854,2.009515,0.121184,1.313088,0.265379,-0.100380,0.273904,1.992794,0.112805,1.289551,0.208305,-0.100400,0.273900,1.992800,0.112800,1.289600,0.208300,,,,,,,0
366,1787660128.5297,1787660128.5435,0.03946,-0.107379,0.286854,2.009515,0.121184,1.308486,0.254641,-0.106813,0.267629,1.997699,0.121989,1.290257,0.216447,-0.106800,0.267600,1.997700,0.122000,1.290300,0.216400,,,,,,,0
367,1787660128.5865,1787660128.6016,0.0568,-0.107379,0.286854,2.009515,0.121184,1.308486,0.245437,-0.105885,0.271093,1.999937,0.114324,1.297833,0.214274,-0.105900,0.271100,1.999900,0.114300,1.297800,0.214300,,,,,,,0
368,1787660128.6258,1787660128.6396,0.03922,-0.107379,0.286854,2.009515,0.121184,1.311554,0.243903,-0.105452,0.271324,1.989844,0.119420,1.296127,0.200723,-0.105500,0.271300,1.989800,0.119400,1.296100,0.200700,,,,,,,0
369,1787660128.6823,1787660128.6965,0.05652,-0.107379,0.286854,2.009515,0.121184,1.302350,0.242369,-0.105087,0.266785,1.986107,0.116759,1.296003,0.203131,-0.105100,0.266800,1.986100,0.116800,1.296000,0.203100,,,,,,,0
370,1787660128.743,1787660128.7576,0.06075,-0.107379,0.286854,2.009515,0.121184,1.299282,0.242369,-0.105278,0.261129,1.995999,0.114658,1.301897,0.198182,-0.105300,0.261100,1.996000,0.114700,1.301900,0.198200,,,,,,,0
371,1787660128.7769,1787660128.7925,0.03385,-0.107379,0.286854,2.007981,0.121184,1.299282,0.242369,-0.107322,0.257028,2.003651,0.120368,1.299754,0.204251,-0.107300,0.257000,2.003700,0.120400,1.299800,0.204300,,,,,,,0
372,1787660128.8379,1787660128.8524,0.06107,-0.107379,0.286854,2.006447,0.121184,1.299282,0.240835,-0.107788,0.260993,1.996096,0.116772,1.285618,0.204952,-0.107800,0.261000,1.996100,0.116800,1.285600,0.205000,,,,,,,1
373,1787660128.8929,1787660128.9076,0.055,-0.107379,0.286854,2.006447,0.121184,1.299282,0.240835,-0.105466,0.261747,2.011392,0.117147,1.309984,0.200760,-0.105500,0.261700,2.011400,0.117100,1.310000,0.200800,,,,,,,1
374,1787660128.9331,1787660128.9474,0.04012,-0.107379,0.286854,2.007981,0.121184,1.299282,0.240835,-0.100760,0.259647,2.025671,0.121214,1.326654,0.188029,-0.100800,0.259600,2.025700,0.121200,1.326700,0.188000,,,,,,,0
375,1787660128.9898,1787660129.0057,0.05673,-0.107379,0.286854,2.007981,0.121184,1.293146,0.240835,-0.099052,0.268266,2.014624,0.118128,1.327422,0.199728,-0.099100,0.268300,2.014600,0.118100,1.327400,0.199700,,,,,,,1
376,1787660129.0455,1787660129.0586,0.05567,-0.107379,0.286854,2.017185,0.121184,1.299282,0.239301,-0.106126,0.263341,2.023068,0.120459,1.326995,0.195917,-0.106100,0.263300,2.023100,0.120500,1.327000,0.195900,,,,,,,1
377,1787660129.0847,1787660129.0996,0.03922,-0.107379,0.286854,2.027923,0.121184,1.316156,0.239301,-0.107444,0.259002,2.016723,0.122185,1.341054,0.196005,-0.107400,0.259000,2.016700,0.122200,1.341100,0.196000,,,,,,,0
378,1787660129.1417,1787660129.1567,0.05704,-0.107379,0.285320,2.024855,0.119651,1.323825,0.239301,-0.105512,0.261155,2.013919,0.127434,1.314328,0.205022,-0.105500,0.261200,2.013900,0.127400,1.314300,0.205000,,,,,,,0
379,1787660129.1809,1787660129.1956,0.03922,-0.107379,0.285320,2.024855,0.119651,1.323825,0.239301,-0.101841,0.273814,2.005363,0.122470,1.320515,0.195381,-0.101800,0.273800,2.005400,0.122500,1.320500,0.195400,,,,,,,0
380,1787660129.2398,1787660129.2546,0.05888,-0.107379,0.285320,2.024855,0.119651,1.336097,0.239301,-0.099650,0.278681,2.002962,0.128241,1.322717,0.199902,-0.099600,0.278700,2.003000,0.128200,1.322700,0.199900,,,,,,,0
381,1787660129.3065,1787660129.3215,0.06666,-0.107379,0.285320,2.024855,0.119651,1.331495,0.239301,-0.088028,0.277238,1.990857,0.122936,1.332913,0.199769,-0.088000,0.277200,1.990900,0.122900,1.332900,0.199800,,,,,,,0
382,1787660129.3453,1787660129.3596,0.03882,-0.107379,0.285320,2.024855,0.119651,1.326893,0.239301,-0.087090,0.281207,1.985138,0.124778,1.335963,0.207244,-0.087100,0.281200,1.985100,0.124800,1.336000,0.207200,,,,,,,0
383,1787660129.403,1787660129.4174,0.05767,-0.105845,0.286854,2.018719,0.122718,1.326893,0.239301,-0.090891,0.277276,1.984936,0.124238,1.322849,0.208167,-0.090900,0.277300,1.984900,0.124200,1.322800,0.208200,,,,,,,0
384,1787660129.4584,1787660129.4715,0.0554,-0.099709,0.286854,2.007981,0.122718,1.331495,0.239301,-0.087574,0.271816,1.983057,0.125811,1.317360,0.210059,-0.087600,0.271800,1.983100,0.125800,1.317400,0.210100,,,,,,,0
385,1787660129.4977,1787660129.5125,0.03936,-0.098175,0.286854,2.003379,0.122718,1.333029,0.239301,-0.084605,0.271024,1.976723,0.125329,1.322063,0.203426,-0.084600,0.271000,1.976700,0.125300,1.322100,0.203400,,,,,,,0
386,1787660129.5545,1787660129.5696,0.0568,-0.098175,0.286854,2.003379,0.124252,1.331495,0.239301,-0.089775,0.274258,1.964677,0.124980,1.319281,0.202963,-0.089800,0.274300,1.964700,0.125000,1.319300,0.203000,,,,,,,0
387,1787660129.6105,1787660129.6256,0.05598,-0.098175,0.286854,2.000311,0.124252,1.326893,0.239301,-0.090127,0.273643,1.989494,0.125300,1.326572,0.205437,-0.090100,0.273600,1.989500,0.125300,1.326600,0.205400,,,,,,,0
388,1787660129.6501,1787660129.6645,0.03957,-0.096641,0.286854,1.997243,0.124252,1.326893,0.239301,-0.087920,0.282879,1.988124,0.123350,1.330201,0.202047,-0.087900,0.282900,1.988100,0.123400,1.330200,0.202000,,,,,,,0
389,1787660129.707,1787660129.7216,0.05693,-0.096641,0.286854,1.988039,0.124252,1.326893,0.239301,-0.086467,0.279882,1.998279,0.129155,1.333825,0.198436,-0.086500,0.279900,1.998300,0.129200,1.333800,0.198400,,,,,,,0
390,1787660129.7638,1787660129.7775,0.05678,-0.096641,0.286854,1.991107,0.124252,1.326893,0.239301,-0.083192,0.270519,1.960982,0.123516,1.313640,0.165126,-0.083200,0.270500,1.961000,0.123500,1.313600,0.165100,,,,,,,0
391,1787660129.8034,1787660129.8174,0.03962,-0.096641,0.286854,1.994175,0.124252,1.326893,0.239301,-0.086770,0.271998,1.973344,0.122768,1.315228,0.182137,-0.086800,0.272000,1.973300,0.122800,1.315200,0.182100,,,,,,,1
392,1787660129.8603,1787660129.8735,0.05688,-0.096641,0.288388,2.001845,0.124252,1.331495,0.233165,-0.085997,0.255809,1.973641,0.130012,1.323845,0.184589,-0.086000,0.255800,1.973600,0.130000,1.323800,0.184600,,,,,,,1
393,1787660129.8992,1787660129.9134,0.03892,-0.095107,0.288388,2.000311,0.124252,1.331495,0.230097,-0.085730,0.254358,1.977699,0.125307,1.334247,0.175264,-0.085700,0.254400,1.977700,0.125300,1.334200,0.175300,,,,,,,0
394,1787660129.956,1787660129.9706,0.05682,-0.093573,0.288388,1.991107,0.124252,1.323825,0.230097,-0.091567,0.263528,1.962937,0.129711,1.335670,0.182996,-0.091600,0.263500,1.962900,0.129700,1.335700,0.183000,,,,,,,1
395,1787660130.0115,1787660130.0256,0.0555,-0.093573,0.288388,1.991107,0.124252,1.323825,0.230097,-0.089179,0.257315,1.940579,0.132670,1.333950,0.193659,-0.089200,0.257300,1.940600,0.132700,1.333900,0.193700,,,,,,,1
396,1787660130.0508,1787660130.0654,0.03926,-0.093573,0.286854,1.991107,0.124252,1.331495,0.230097,-0.087553,0.258040,1.952956,0.124963,1.330328,0.194883,-0.087600,0.258000,1.953000,0.125000,1.330300,0.194900,,,,,,,0
397,1787660130.1073,1787660130.1207,0.05648,-0.093573,0.286854,1.983437,0.125786,1.333029,0.231631,-0.087225,0.254487,1.955878,0.120210,1.327504,0.194676,-0.087200,0.254500,1.955900,0.120200,1.327500,0.194700,,,,,,,0
398,1787660130.146,1787660130.1606,0.03874,-0.093573,0.286854,1.974233,0.128854,1.333029,0.231631,-0.088273,0.251837,1.971739,0.126580,1.335299,0.198387,-0.088300,0.251800,1.971700,0.126600,1.335300,0.198400,,,,,,,0
399,1787660130.207,1787660130.2226,0.06104,-0.093573,0.286854,1.960427,0.127320,1.333029,0.231631,-0.088895,0.256421,1.955485,0.132033,1.337060,0.202732,-0.088900,0.256400,1.955500,0.132000,1.337100,0.202700,,,,,,,0
400,1787660130.2734,1787660130.2885,0.06641,-0.093573,0.285320,1.969631,0.127320,1.333029,0.231631,-0.087373,0.258918,1.950919,0.135613,1.337242,0.199748,-0.087400,0.258900,1.950900,0.135600,1.337200,0.199700,,,,,,,0
401,1787660130.3123,1787660130.3256,0.03888,-0.093573,0.285320,1.974233,0.127320,1.333029,0.231631,-0.093098,0.271295,1.955929,0.142909,1.325803,0.204823,-0.093100,0.271300,1.955900,0.142900,1.325800,0.204800,,,,,,,0
402,1787660130.3701,1787660130.3833,0.05774,-0.093573,0.285320,1.971165,0.127320,1.333029,0.231631,-0.086742,0.266178,1.954819,0.139999,1.330461,0.209200,-0.086700,0.266200,1.954800,0.140000,1.330500,0.209200,,,,,,,0
403,1787660130.4364,1787660130.4513,0.06638,-0.093573,0.285320,1.969631,0.136524,1.333029,0.231631,-0.086565,0.262462,1.961648,0.144059,1.328296,0.202726,-0.086600,0.262500,1.961600,0.144100,1.328300,0.202700,,,,,,,0
404,1787660130.4756,1787660130.4905,0.03915,-0.093573,0.285320,1.969631,0.138058,1.333029,0.231631,-0.092465,0.264361,1.969201,0.143435,1.336103,0.202294,-0.092500,0.264400,1.969200,0.143400,1.336100,0.202300,,,,,,,0
405,1787660130.5331,1787660130.5465,0.05754,-0.093573,0.286854,1.969631,0.139592,1.333029,0.231631,-0.095445,0.270225,1.963092,0.144490,1.329961,0.204338,-0.095400,0.270200,1.963100,0.144500,1.330000,0.204300,,,,,,,0
406,1787660130.5995,1787660130.6135,0.06634,-0.093573,0.286854,1.974233,0.139592,1.333029,0.231631,-0.097426,0.264765,1.975481,0.151312,1.329782,0.206615,-0.097400,0.264800,1.975500,0.151300,1.329800,0.206600,,,,,,,0
407,1787660130.6386,1787660130.6534,0.0391,-0.093573,0.286854,1.975767,0.139592,1.333029,0.231631,-0.093423,0.265817,1.969843,0.147051,1.326553,0.203782,-0.093400,0.265800,1.969800,0.147100,1.326600,0.203800,,,,,,,0
408,1787660130.6961,1787660130.7096,0.05754,-0.093573,0.286854,1.975767,0.141126,1.333029,0.231631,-0.096345,0.264738,1.965744,0.150430,1.329448,0.198819,-0.096300,0.264700,1.965700,0.150400,1.329400,0.198800,,,,,,,0
409,1787660130.7625,1787660130.7774,0.0664,-0.093573,0.286854,1.980369,0.145728,1.333029,0.231631,-0.098012,0.269249,1.966369,0.150215,1.340437,0.199435,-0.098000,0.269200,1.966400,0.150200,1.340400,0.199400,,,,,,,0
410,1787660130.802,1787660130.8164,0.03949,-0.093573,0.286854,1.980369,0.145728,1.333029,0.231631,-0.093475,0.269114,1.977960,0.139969,1.331592,0.200361,-0.093500,0.269100,1.978000,0.140000,1.331600,0.200400,,,,,,,1
411,1787660130.8593,1787660130.8737,0.05728,-0.093573,0.286854,1.978835,0.145728,1.333029,0.231631,-0.097800,0.261598,1.982061,0.143028,1.326034,0.206253,-0.097800,0.261600,1.982100,0.143000,1.326000,0.206300,,,,,,,1
412,1787660130.9144,1787660130.9286,0.05513,-0.093573,0.286854,1.978835,0.145728,1.336097,0.231631,-0.098842,0.261921,1.969438,0.144724,1.320256,0.195334,-0.098800,0.261900,1.969400,0.144700,1.320300,0.195300,,,,,,,0
413,1787660130.953,1787660130.9675,0.03861,-0.093573,0.286854,1.983437,0.145728,1.336097,0.231631,-0.096810,0.237431,1.979017,0.144177,1.336221,0.064262,-0.096800,0.237400,1.979000,0.144200,1.336200,0.064300,,,,,,,1
414,1787660131.0096,1787660131.0237,0.05662,-0.093573,0.286854,1.986505,0.145728,1.329961,0.231631,-0.102905,0.248032,1.979645,0.132198,1.311251,0.094125,-0.102900,0.248000,1.979600,0.132200,1.311300,0.094100,,,,,,,1
415,1787660131.0493,1787660131.0625,0.03963,-0.093573,0.286854,1.986505,0.145728,1.328427,0.231631,-0.099843,0.244696,1.990119,0.142364,1.321761,0.098464,-0.099800,0.244700,1.990100,0.142400,1.321800,0.098500,,,,,,,0
416,1787660131.1082,1787660131.1216,0.05891,-0.093573,0.285320,1.986505,0.145728,1.329961,0.211689,-0.102355,0.243393,1.992028,0.145695,1.320078,0.136613,-0.102400,0.243400,1.992000,0.145700,1.320100,0.136600,,,,,,,0
417,1787660131.1746,1787660131.1897,0.06639,-0.093573,0.279185,1.989573,0.139592,1.329961,0.211689,-0.097628,0.249727,1.989046,0.145604,1.328911,0.151010,-0.097600,0.249700,1.989000,0.145600,1.328900,0.151000,,,,,,,0
418,1787660131.2134,1787660131.2266,0.03882,-0.093573,0.279185,1.992641,0.141126,1.329961,0.211689,-0.095409,0.253771,1.979133,0.143345,1.337990,0.158583,-0.095400,0.253800,1.979100,0.143300,1.338000,0.158600,,,,,,,0
419,1787660131.2713,1787660131.2844,0.05791,-0.093573,0.279185,1.994175,0.142660,1.328427,0.211689,-0.091872,0.263444,1.975703,0.147442,1.347607,0.165854,-0.091900,0.263400,1.975700,0.147400,1.347600,0.165900,,,,,,,0
420,1787660131.3266,1787660131.3416,0.05525,-0.095107,0.279185,1.995709,0.142660,1.328427,0.214757,-0.091114,0.258687,1.981626,0.148249,1.361420,0.160041,-0.091100,0.258700,1.981600,0.148200,1.361400,0.160000,,,,,,,0
421,1787660131.3657,1787660131.3806,0.03911,-0.095107,0.279185,1.994175,0.142660,1.336097,0.214757,-0.081990,0.268919,1.981769,0.155338,1.342002,0.166760,-0.082000,0.268900,1.981800,0.155300,1.342000,0.166800,,,,,,,0
422,1787660131.4222,1787660131.4376,0.05652,-0.095107,0.279185,1.992641,0.142660,1.345301,0.214757,-0.085371,0.269212,1.987063,0.157095,1.349647,0.166632,-0.085400,0.269200,1.987100,0.157100,1.349600,0.166600,,,,,,,0
423,1787660131.4615,1787660131.4746,0.03925,-0.095107,0.279185,1.992641,0.142660,1.354505,0.216291,-0.084910,0.256537,2.006301,0.153031,1.355038,0.160648,-0.084900,0.256500,2.006300,0.153000,1.355000,0.160600,,,,,,,0
424,1787660131.5203,1787660131.5335,0.0588,-0.090505,0.279185,1.992641,0.150330,1.356039,0.216291,-0.088220,0.268555,1.988480,0.147794,1.354741,0.165533,-0.088200,0.268600,1.988500,0.147800,1.354700,0.165500,,,,,,,0
425,1787660131.5866,1787660131.6016,0.06632,-0.090505,0.279185,1.995709,0.150330,1.356039,0.216291,-0.091251,0.265901,1.988092,0.144377,1.355873,0.164548,-0.091300,0.265900,1.988100,0.144400,1.355900,0.164500,,,,,,,0
426,1787660131.6259,1787660131.6406,0.03929,-0.090505,0.279185,2.006447,0.150330,1.356039,0.216291,-0.086898,0.270013,1.981221,0.138131,1.372440,0.160404,-0.086900,0.270000,1.981200,0.138100,1.372400,0.160400,,,,,,,0
427,1787660131.6833,1787660131.6976,0.0574,-0.090505,0.279185,2.004913,0.145728,1.356039,0.216291,-0.087155,0.274373,1.983277,0.141901,1.375845,0.164391,-0.087200,0.274400,1.983300,0.141900,1.375800,0.164400,,,,,,,0
428,1787660131.7386,1787660131.7534,0.05532,-0.090505,0.279185,2.000311,0.144194,1.360641,0.216291,-0.084887,0.259184,1.991836,0.143339,1.365490,0.157311,-0.084900,0.259200,1.991800,0.143300,1.365500,0.157300,,,,,,,0
429,1787660131.7779,1787660131.7926,0.03927,-0.090505,0.279185,1.998777,0.142660,1.369845,0.216291,-0.084561,0.270402,1.972133,0.148598,1.363387,0.162362,-0.084600,0.270400,1.972100,0.148600,1.363400,0.162400,,,,,,,1
430,1787660131.8346,1787660131.8486,0.05679,-0.090505,0.282252,1.997243,0.142660,1.372913,0.216291,-0.093175,0.271140,1.971917,0.147033,1.369957,0.156570,-0.093200,0.271100,1.971900,0.147000,1.370000,0.156600,,,,,,,1
431,1787660131.8903,1787660131.9055,0.05563,-0.090505,0.282252,1.997243,0.142660,1.369845,0.216291,-0.089728,0.271363,1.979028,0.141982,1.362933,0.150295,-0.089700,0.271400,1.979000,0.142000,1.362900,0.150300,,,,,,,0
432,1787660131.9288,1787660131.9435,0.03848,-0.090505,0.282252,1.997243,0.142660,1.369845,0.216291,-0.082541,0.274937,1.966980,0.148706,1.383516,0.161065,-0.082500,0.274900,1.967000,0.148700,1.383500,0.161100,,,,,,,1
433,1787660131.9887,1787660132.0035,0.06,-0.090505,0.282252,1.989573,0.142660,1.368311,0.216291,-0.081617,0.272605,1.976216,0.142214,1.377549,0.161308,-0.081600,0.272600,1.976200,0.142200,1.377500,0.161300,,,,,,,1
434,1787660132.0446,1787660132.0597,0.05588,-0.090505,0.282252,1.989573,0.142660,1.368311,0.216291,-0.089556,0.273220,1.975692,0.146456,1.374527,0.157403,-0.089600,0.273200,1.975700,0.146500,1.374500,0.157400,,,,,,,0
435,1787660132.0835,1787660132.0975,0.03891,-0.090505,0.282252,1.988039,0.142660,1.374447,0.216291,-0.091048,0.275733,1.984441,0.148810,1.391982,0.154060,-0.091000,0.275700,1.984400,0.148800,1.392000,0.154100,,,,,,,0
436,1787660132.1423,1787660132.1576,0.05874,-0.090505,0.282252,1.988039,0.142660,1.380583,0.216291,-0.088126,0.271681,1.976883,0.153850,1.374759,0.164593,-0.088100,0.271700,1.976900,0.153900,1.374800,0.164600,,,,,,,0
437,1787660132.2087,1787660132.2246,0.06641,-0.090505,0.282252,1.989573,0.142660,1.382117,0.216291,-0.085477,0.270996,1.976013,0.141410,1.383784,0.168609,-0.085500,0.271000,1.976000,0.141400,1.383800,0.168600,,,,,,,0
438,1787660132.2648,1787660132.2796,0.05611,-0.090505,0.283786,1.989573,0.147262,1.388253,0.216291,-0.083664,0.268568,1.968235,0.146012,1.386081,0.179644,-0.083700,0.268600,1.968200,0.146000,1.386100,0.179600,,,,,,,0
439,1787660132.3038,1787660132.3184,0.03898,-0.090505,0.283786,1.989573,0.148796,1.385185,0.216291,-0.080751,0.262498,1.971030,0.146971,1.392331,0.197795,-0.080800,0.262500,1.971000,0.147000,1.392300,0.197800,,,,,,,0
440,1787660132.3606,1787660132.3744,0.05677,-0.090505,0.283786,1.989573,0.147262,1.382117,0.216291,-0.082443,0.256562,1.969460,0.157390,1.383290,0.195848,-0.082400,0.256600,1.969500,0.157400,1.383300,0.195800,,,,,,,0
441,1787660132.4162,1787660132.4306,0.0556,-0.090505,0.283786,1.989573,0.147262,1.388253,0.228563,-0.081032,0.257423,1.958534,0.154350,1.387587,0.194152,-0.081000,0.257400,1.958500,0.154300,1.387600,0.194200,,,,,,,0
442,1787660132.4553,1787660132.4696,0.03919,-0.090505,0.283786,1.989573,0.147262,1.389787,0.228563,-0.083274,0.254744,1.962453,0.144648,1.392415,0.203912,-0.083300,0.254700,1.962500,0.144600,1.392400,0.203900,,,,,,,0
443,1787660132.5112,1787660132.5256,0.05585,-0.090505,0.283786,1.989573,0.151864,1.389787,0.228563,-0.080649,0.258254,1.955178,0.159608,1.387020,0.204609,-0.080600,0.258300,1.955200,0.159600,1.387000,0.204600,,,,,,,0
444,1787660132.5504,1787660132.5646,0.03925,-0.090505,0.283786,1.984971,0.151864,1.389787,0.230097,-0.076626,0.268753,1.961517,0.146475,1.408950,0.210226,-0.076600,0.268800,1.961500,0.146500,1.408900,0.210200,,,,,,,0
445,1787660132.6115,1787660132.6266,0.06104,-0.090505,0.283786,1.980369,0.151864,1.389787,0.230097,-0.080505,0.257541,1.980142,0.153030,1.403412,0.213339,-0.080500,0.257500,1.980100,0.153000,1.403400,0.213300,,,,,,,0
446,1787660132.678,1787660132.6916,0.06652,-0.088971,0.283786,1.975767,0.151864,1.392855,0.231631,-0.080759,0.265008,1.972201,0.156283,1.390555,0.224668,-0.080800,0.265000,1.972200,0.156300,1.390600,0.224700,,,,,,,0
447,1787660132.7168,1787660132.7316,0.03883,-0.088971,0.283786,1.975767,0.151864,1.402058,0.231631,-0.082669,0.268415,1.972874,0.156992,1.403682,0.240284,-0.082700,0.268400,1.972900,0.157000,1.403700,0.240300,,,,,,,0
448,1787660132.7732,1787660132.7864,0.05639,-0.088971,0.283786,1.981903,0.151864,1.403592,0.237767,-0.084549,0.265018,1.970836,0.176096,1.396636,0.263450,-0.084500,0.265000,1.970800,0.176100,1.396600,0.263400,,,,,,,1
449,1787660132.829,1787660132.8446,0.05578,-0.088971,0.283786,1.983437,0.153398,1.400524,0.245437,-0.080898,0.265917,1.965552,0.175853,1.401829,0.270990,-0.080900,0.265900,1.965600,0.175900,1.401800,0.271000,,,,,,,1
450,1787660132.8682,1787660132.8824,0.03915,-0.088971,0.283786,1.981903,0.153398,1.400524,0.253107,-0.082850,0.270252,1.962771,0.176730,1.388461,0.287566,-0.082900,0.270300,1.962800,0.176700,1.388500,0.287600,,,,,,,0
451,1787660132.9275,1787660132.9426,0.05933,-0.088971,0.283786,1.981903,0.168738,1.400524,0.263845,-0.080911,0.267860,1.945732,0.174762,1.397815,0.248266,-0.080900,0.267900,1.945700,0.174800,1.397800,0.248300,,,,,,,1
452,1787660132.994,1787660133.0086,0.06655,-0.088971,0.283786,1.981903,0.173340,1.398990,0.289922,-0.082036,0.270196,1.938248,0.168700,1.395571,0.235606,-0.082000,0.270200,1.938200,0.168700,1.395600,0.235600,,,,,,,1
453,1787660133.033,1787660133.0466,0.03894,-0.088971,0.283786,1.981903,0.173340,1.397456,0.279185,-0.081540,0.268848,1.930989,0.171075,1.392148,0.230103,-0.081500,0.268800,1.931000,0.171100,1.392100,0.230100,,,,,,,0
454,1787660133.0905,1787660133.1054,0.05755,-0.088971,0.283786,1.968097,0.173340,1.395923,0.245437,-0.080405,0.255165,1.921828,0.177824,1.384156,0.230569,-0.080400,0.255200,1.921800,0.177800,1.384200,0.230600,,,,,,,0
455,1787660133.157,1787660133.1716,0.06649,-0.088971,0.283786,1.951224,0.173340,1.395923,0.233165,-0.079744,0.263044,1.917923,0.167232,1.392514,0.228439,-0.079700,0.263000,1.917900,0.167200,1.392500,0.228400,,,,,,,0
456,1787660133.1961,1787660133.2107,0.03903,-0.088971,0.283786,1.948156,0.173340,1.395923,0.233165,-0.080147,0.254781,1.921934,0.173453,1.393345,0.199354,-0.080100,0.254800,1.921900,0.173500,1.393300,0.199400,,,,,,,0
457,1787660133.2529,1787660133.2677,0.05682,-0.088971,0.283786,1.940486,0.173340,1.389787,0.233165,-0.077869,0.257469,1.936567,0.178086,1.402310,0.224064,-0.077900,0.257500,1.936600,0.178100,1.402300,0.224100,,,,,,,0
458,1787660133.3083,1787660133.3227,0.05541,-0.088971,0.282252,1.935884,0.173340,1.389787,0.204019,-0.070759,0.259774,1.950183,0.173363,1.412630,0.227847,-0.070800,0.259800,1.950200,0.173400,1.412600,0.227800,,,,,,,0
459,1787660133.3476,1787660133.3627,0.03927,-0.088971,0.282252,1.935884,0.173340,1.391321,0.207087,-0.079337,0.257618,1.945484,0.183768,1.396699,0.230825,-0.079300,0.257600,1.945500,0.183800,1.396700,0.230800,,,,,,,0
460,1787660133.4038,1787660133.4184,0.05626,-0.087437,0.282252,1.940486,0.173340,1.400524,0.225495,-0.074434,0.259206,1.933891,0.173197,1.389789,0.230952,-0.074400,0.259200,1.933900,0.173200,1.389800,0.231000,,,,,,,0
461,1787660133.4431,1787660133.4567,0.03926,-0.082835,0.282252,1.951224,0.173340,1.408194,0.225495,-0.076314,0.256456,1.935283,0.176212,1.384027,0.228439,-0.076300,0.256500,1.935300,0.176200,1.384000,0.228400,,,,,,,0
462,1787660133.5001,1787660133.5145,0.05698,-0.081301,0.282252,1.952758,0.177942,1.405126,0.225495,-0.076970,0.261192,1.936557,0.169561,1.403437,0.231397,-0.077000,0.261200,1.936600,0.169600,1.403400,0.231400,,,,,,,0
463,1787660133.5691,1787660133.5825,0.06899,-0.079767,0.282252,1.952758,0.176408,1.391321,0.225495,-0.072256,0.265670,1.923970,0.174109,1.401733,0.226462,-0.072300,0.265700,1.924000,0.174100,1.401700,0.226500,,,,,,,0
464,1787660133.608,1787660133.6225,0.0389,-0.079767,0.282252,1.952758,0.176408,1.389787,0.225495,-0.071206,0.264128,1.910333,0.177362,1.394148,0.234821,-0.071200,0.264100,1.910300,0.177400,1.394100,0.234800,,,,,,,0
465,1787660133.6643,1787660133.6776,0.05637,-0.079767,0.282252,1.952758,0.176408,1.398990,0.225495,-0.067576,0.255802,1.916224,0.177384,1.394027,0.233715,-0.067600,0.255800,1.916200,0.177400,1.394000,0.233700,,,,,,,0
466,1787660133.7196,1787660133.7345,0.05525,-0.079767,0.282252,1.938952,0.177942,1.398990,0.230097,-0.071612,0.258044,1.906574,0.177404,1.407417,0.229664,-0.071600,0.258000,1.906600,0.177400,1.407400,0.229700,,,,,,,0
467,1787660133.759,1787660133.7725,0.0394,-0.079767,0.282252,1.929748,0.177942,1.398990,0.231631,-0.065274,0.245045,1.911862,0.186075,1.402396,0.237484,-0.065300,0.245000,1.911900,0.186100,1.402400,0.237500,,,,,,,1
468,1787660133.8179,1787660133.8326,0.05888,-0.076699,0.282252,1.928214,0.177942,1.398990,0.231631,-0.062837,0.239582,1.919958,0.184052,1.397898,0.234883,-0.062800,0.239600,1.920000,0.184100,1.397900,0.234900,,,,,,,1
469,1787660133.8739,1787660133.8885,0.05603,-0.075165,0.282252,1.925146,0.177942,1.402058,0.231631,-0.062733,0.243095,1.906504,0.187007,1.403981,0.237258,-0.062700,0.243100,1.906500,0.187000,1.404000,0.237300,,,,,,,0
470,1787660133.9132,1787660133.9275,0.03933,-0.073631,0.282252,1.925146,0.181010,1.402058,0.231631,-0.066103,0.250689,1.903073,0.180809,1.403661,0.224094,-0.066100,0.250700,1.903100,0.180800,1.403700,0.224100,,,,,,,1
471,1787660133.9701,1787660133.9844,0.05689,-0.072097,0.277651,1.926680,0.181010,1.402058,0.231631,-0.062403,0.236576,1.899641,0.187455,1.402183,0.235489,-0.062400,0.236600,1.899600,0.187500,1.402200,0.235500,,,,,,,1
472,1787660134.0261,1787660134.0405,0.05603,-0.070563,0.277651,1.923612,0.181010,1.402058,0.230097,-0.066337,0.240646,1.883475,0.186865,1.387802,0.233984,-0.066300,0.240600,1.883500,0.186900,1.387800,0.234000,,,,,,,0
473,1787660134.0656,1787660134.0806,0.03949,-0.070563,0.277651,1.920544,0.181010,1.402058,0.231631,-0.060300,0.249633,1.900093,0.189202,1.394128,0.230406,-0.060300,0.249600,1.900100,0.189200,1.394100,0.230400,,,,,,,0
474,1787660134.1226,1787660134.1374,0.057,-0.070563,0.279185,1.917476,0.181010,1.402058,0.231631,-0.068606,0.244225,1.905470,0.193717,1.385756,0.234404,-0.068600,0.244200,1.905500,0.193700,1.385800,0.234400,,,,,,,0
475,1787660134.1619,1787660134.1765,0.03926,-0.070563,0.277651,1.911340,0.184078,1.398990,0.231631,-0.070927,0.243752,1.919610,0.195164,1.378999,0.227217,-0.070900,0.243800,1.919600,0.195200,1.379000,0.227200,,,,,,,0
476,1787660134.2205,1787660134.2355,0.05862,-0.067495,0.277651,1.900602,0.184078,1.395923,0.231631,-0.062698,0.237132,1.914635,0.188698,1.358295,0.153421,-0.062700,0.237100,1.914600,0.188700,1.358300,0.153400,,,,,,,0
477,1787660134.2869,1787660134.3016,0.0664,-0.067495,0.277651,1.920544,0.191748,1.386719,0.231631,-0.069509,0.206098,1.904720,0.187016,1.358098,0.010154,-0.069500,0.206100,1.904700,0.187000,1.358100,0.010200,,,,,,,0
478,1787660134.3263,1787660134.3395,0.03938,-0.067495,0.277651,1.922078,0.191748,1.382117,0.219359,-0.074395,0.147827,1.917743,0.181075,1.333228,-0.035513,-0.074400,0.147800,1.917700,0.181100,1.333200,-0.035500,,,,,,,0
479,1787660134.3836,1787660134.3986,0.05737,-0.067495,0.276117,1.922078,0.191748,1.366777,0.113515,-0.079885,0.103968,1.924417,0.176904,1.326840,-0.033981,-0.079900,0.104000,1.924400,0.176900,1.326800,-0.034000,,,,,,,0
480,1787660134.4501,1787660134.4647,0.06642,-0.067495,0.253107,1.920544,0.188680,1.354505,-0.036816,-0.090098,0.067456,1.934487,0.178613,1.324178,-0.028063,-0.090100,0.067500,1.934500,0.178600,1.324200,-0.028100,,,,,,,0
481,1787660134.4889,1787660134.5034,0.03887,-0.067495,0.227029,1.923612,0.184078,1.342233,-0.038350,-0.089584,0.035920,1.950622,0.173712,1.306612,-0.025706,-0.089600,0.035900,1.950600,0.173700,1.306600,-0.025700,,,,,,,0
482,1787660134.5468,1787660134.5607,0.05788,-0.070563,0.165670,1.931282,0.182544,1.331495,-0.033748,-0.093415,0.011462,1.965015,0.168382,1.312611,-0.018004,-0.093400,0.011500,1.965000,0.168400,1.312600,-0.018000,,,,,,,0
483,1787660134.6131,1787660134.6265,0.06628,-0.078233,0.108913,1.946622,0.177942,1.322291,-0.030680,-0.092334,-0.041518,2.021571,0.180912,1.258669,-0.016983,-0.092300,-0.041500,2.021600,0.180900,1.258700,-0.017000,,,,,,,0
484,1787660134.6528,1787660134.6665,0.03968,-0.078233,0.085903,1.957359,0.177942,1.314622,-0.023010,-0.091276,-0.080880,2.076047,0.178959,1.205160,-0.011971,-0.091300,-0.080900,2.076000,0.179000,1.205200,-0.012000,,,,,,,0
485,1787660134.7096,1787660134.7245,0.0568,-0.079767,0.052155,1.969631,0.176408,1.314622,-0.021476,-0.094835,-0.113817,2.119278,0.177765,1.082914,-0.010600,-0.094800,-0.113800,2.119300,0.177800,1.082900,-0.010600,,,,,,,0
486,1787660134.7649,1787660134.7786,0.05537,-0.081301,0.009204,1.997243,0.177942,1.296214,-0.016874,-0.089336,-0.151428,2.210183,0.179739,0.898421,-0.013935,-0.089300,-0.151400,2.210200,0.179700,0.898400,-0.013900,,,,,,,1
487,1787660134.8029,1787660134.8165,0.03791,-0.081301,-0.016874,2.024855,0.177942,1.270136,-0.016874,-0.094201,-0.184652,2.273315,0.182293,0.763170,-0.019568,-0.094200,-0.184700,2.273300,0.182300,0.763200,-0.019600,,,,,,,1
488,1787660134.8547,1787660134.8693,0.05189,-0.082835,-0.059825,2.075476,0.177942,1.216447,-0.016874,-0.085018,-0.226157,2.356307,0.186486,0.616383,-0.023189,-0.085000,-0.226200,2.356300,0.186500,0.616400,-0.023200,,,,,,,0
489,1787660134.9211,1787660134.9355,0.06637,-0.084369,-0.105845,2.142971,0.179476,1.118272,-0.016874,-0.091650,-0.278072,2.481742,0.197082,0.340491,-0.034497,-0.091700,-0.278100,2.481700,0.197100,0.340500,-0.034500,,,,,,,1
490,1787660134.9586,1787660134.9736,0.03751,-0.084369,-0.131922,2.188991,0.181010,1.050777,-0.018408,-0.090298,-0.294448,2.542350,0.195884,0.307878,-0.030042,-0.090300,-0.294400,2.542300,0.195900,0.307900,-0.030000,,,,,,,1
491,1787660135.0098,1787660135.0246,0.05116,-0.084369,-0.173340,2.258020,0.182544,0.937262,-0.019942,-0.092326,-0.318330,2.604350,0.197470,0.197889,-0.032324,-0.092300,-0.318300,2.604300,0.197500,0.197900,-0.032300,,,,,,,0
492,1787660135.0762,1787660135.0905,0.06646,-0.084369,-0.219359,2.353127,0.191748,0.779262,-0.027612,-0.098017,-0.328048,2.649430,0.183794,0.154853,-0.028310,-0.098000,-0.328000,2.649400,0.183800,0.154900,-0.028300,,,,,,,0
493,1787660135.1136,1787660135.1286,0.03735,-0.084369,-0.245437,2.409884,0.193282,0.691825,-0.027612,-0.093437,-0.346170,2.697183,0.184784,0.112153,-0.033148,-0.093400,-0.346200,2.697200,0.184800,0.112200,-0.033100,,,,,,,0
494,1787660135.1649,1787660135.1795,0.0513,-0.084369,-0.282252,2.488117,0.193282,0.561437,-0.027612,-0.092764,-0.361426,2.720923,0.170506,0.078938,-0.029721,-0.092800,-0.361400,2.720900,0.170500,0.078900,-0.029700,,,,,,,0
495,1787660135.2312,1787660135.2445,0.06629,-0.084369,-0.306796,2.581690,0.190214,0.409573,-0.027612,-0.091452,-0.382034,2.776583,0.149534,0.058531,-0.028914,-0.091500,-0.382000,2.776600,0.149500,0.058500,-0.028900,,,,,,,0
496,1787660135.2686,1787660135.2834,0.03747,-0.084369,-0.320602,2.629243,0.188680,0.335942,-0.027612,-0.086327,-0.389962,2.838353,0.100826,0.077478,-0.026330,-0.086300,-0.390000,2.838400,0.100800,0.077500,-0.026300,,,,,,,0
497,1787660135.3198,1787660135.3344,0.05112,-0.084369,-0.334408,2.682932,0.176408,0.243903,-0.027612,-0.090188,-0.400068,2.899735,0.038791,0.046366,-0.027864,-0.090200,-0.400100,2.899700,0.038800,0.046400,-0.027900,,,,,,,0
498,1787660135.3863,1787660135.4004,0.06652,-0.084369,-0.351282,2.741224,0.154932,0.150330,-0.027612,-0.081304,-0.423742,2.959261,0.000713,0.065949,-0.025506,-0.081300,-0.423700,2.959300,0.000700,0.065900,-0.025500,,,,,,,0
499,1787660135.4235,1787660135.4387,0.03726,-0.084369,-0.365087,2.784175,0.131922,0.115049,-0.027612,-0.080767,-0.437331,2.992131,-0.040056,0.074856,-0.025088,-0.080800,-0.437300,2.992100,-0.040100,0.074900,-0.025100,,,,,,,0
500,1787660135.4747,1787660135.4896,0.05114,-0.084369,-0.377359,2.840932,0.084369,0.073631,-0.027612,-0.077498,-0.438756,3.038246,-0.093568,0.091966,-0.026691,-0.077500,-0.438800,3.038200,-0.093600,0.092000,-0.026700,,,,,,,0
501,1787660135.5413,1787660135.5567,0.0666,-0.084369,-0.392699,2.908428,0.024544,0.055223,-0.027612,-0.079530,-0.439669,3.079096,-0.152430,0.114111,-0.027965,-0.079500,-0.439700,3.079100,-0.152400,0.114100,-0.028000,,,,,,,0
502,1787660135.5784,1787660135.5936,0.03715,-0.084369,-0.409573,2.940641,-0.004602,0.055223,-0.027612,-0.074308,-0.452142,3.106227,-0.191362,0.088922,-0.023347,-0.074300,-0.452100,3.106200,-0.191400,0.088900,-0.023300,,,,,,,0
503,1787660135.6299,1787660135.6446,0.0515,-0.084369,-0.417243,2.965185,-0.049087,0.079767,-0.027612,-0.073281,-0.458461,3.136059,-0.230156,0.079941,-0.027921,-0.073300,-0.458500,3.136100,-0.230200,0.079900,-0.027900,,,,,,,0
504,1787660135.6963,1787660135.7116,0.06642,-0.079767,-0.421845,2.968253,-0.110447,0.104311,-0.027612,-0.071551,-0.464130,3.132992,-0.243456,0.063456,-0.026832,-0.071600,-0.464100,3.133000,-0.243500,0.063500,-0.026800,,,,,,,0
505,1787660135.7332,1787660135.7477,0.0369,-0.079767,-0.431049,2.968253,-0.144194,0.105845,-0.027612,-0.071025,-0.467241,3.145098,-0.261028,0.040720,-0.026608,-0.071000,-0.467200,3.145100,-0.261000,0.040700,-0.026600,,,,,,,1
506,1787660135.7847,1787660135.7995,0.05144,-0.079767,-0.434117,2.969787,-0.191748,0.098175,-0.027612,-0.069926,-0.467721,3.156646,-0.255987,0.032896,-0.028561,-0.069900,-0.467700,3.156600,-0.256000,0.032900,-0.028600,,,,,,,1
507,1787660135.8512,1787660135.8645,0.06652,-0.079767,-0.443320,2.969787,-0.236233,0.062893,-0.027612,-0.065796,-0.463151,3.159250,-0.256953,0.044709,-0.023817,-0.065800,-0.463200,3.159300,-0.257000,0.044700,-0.023800,,,,,,,0
508,1787660135.8902,1787660135.9035,0.03901,-0.079767,-0.443320,2.969787,-0.250039,0.049087,-0.027612,-0.063940,-0.463456,3.141149,-0.233999,0.060955,-0.023347,-0.063900,-0.463500,3.141100,-0.234000,0.061000,-0.023300,,,,,,,1
509,1787660135.9467,1787660135.9615,0.05649,-0.079767,-0.443320,2.969787,-0.253107,0.039884,-0.027612,-0.063849,-0.465440,3.138951,-0.235129,0.061235,-0.026453,-0.063800,-0.465400,3.139000,-0.235100,0.061200,-0.026500,,,,,,,1
510,1787660136.0028,1787660136.0163,0.05605,-0.072097,-0.443320,2.969787,-0.251573,0.049087,-0.027612,-0.062255,-0.464540,3.141889,-0.233037,0.056007,-0.022167,-0.062300,-0.464500,3.141900,-0.233000,0.056000,-0.022200,,,,,,,0
511,1787660136.0415,1787660136.0565,0.03873,-0.072097,-0.443320,2.969787,-0.243903,0.058291,-0.027612,-0.064258,-0.476774,3.135396,-0.239584,0.046976,-0.024636,-0.064300,-0.476800,3.135400,-0.239600,0.047000,-0.024600,,,,,,,0
512,1787660136.0982,1787660136.1124,0.05676,-0.070563,-0.443320,2.969787,-0.237767,0.058291,-0.027612,-0.066622,-0.463914,3.129327,-0.221199,0.059560,-0.026872,-0.066600,-0.463900,3.129300,-0.221200,0.059600,-0.026900,,,,,,,0
513,1787660136.1375,1787660136.1524,0.03925,-0.070563,-0.443320,2.969787,-0.237767,0.058291,-0.027612,-0.071573,-0.462807,3.133277,-0.205497,0.067631,-0.028164,-0.071600,-0.462800,3.133300,-0.205500,0.067600,-0.028200,,,,,,,0
514,1787660136.1943,1787660136.2095,0.05682,-0.070563,-0.452524,2.969787,-0.237767,0.058291,-0.027612,-0.073886,-0.450562,3.144316,-0.195642,0.074609,-0.027659,-0.073900,-0.450600,3.144300,-0.195600,0.074600,-0.027700,,,,,,,0
515,1787660136.2553,1787660136.2706,0.06099,-0.070563,-0.452524,2.969787,-0.222427,0.059825,-0.027612,-0.074399,-0.446173,3.149195,-0.181851,0.089445,-0.028965,-0.074400,-0.446200,3.149200,-0.181900,0.089400,-0.029000,,,,,,,0
516,1787660136.2893,1787660136.3046,0.03397,-0.070563,-0.452524,2.969787,-0.210155,0.067495,-0.027612,-0.075817,-0.441084,3.143785,-0.182268,0.073092,-0.026619,-0.075800,-0.441100,3.143800,-0.182300,0.073100,-0.026600,,,,,,,0
517,1787660136.352,1787660136.3664,0.06273,-0.070563,-0.446388,2.969787,-0.199418,0.075165,-0.027612,-0.078680,-0.443493,3.148888,-0.178548,0.083556,-0.029153,-0.078700,-0.443500,3.148900,-0.178500,0.083600,-0.029200,,,,,,,0
518,1787660136.4165,1787660136.4305,0.06452,-0.070563,-0.440252,2.969787,-0.187146,0.085903,-0.027612,-0.077753,-0.442914,3.143090,-0.178259,0.086144,-0.031311,-0.077800,-0.442900,3.143100,-0.178300,0.086100,-0.031300,,,,,,,0
519,1787660136.4531,1787660136.4677,0.03655,-0.070563,-0.438719,2.969787,-0.185612,0.084369,-0.027612,-0.080619,-0.438897,3.149507,-0.175013,0.084141,-0.027438,-0.080600,-0.438900,3.149500,-0.175000,0.084100,-0.027400,,,,,,,0
520,1787660136.5049,1787660136.5194,0.05186,-0.070563,-0.438719,2.969787,-0.182544,0.082835,-0.027612,-0.079211,-0.433864,3.149175,-0.171890,0.088080,-0.030259,-0.079200,-0.433900,3.149200,-0.171900,0.088100,-0.030300,,,,,,,0
521,1787660136.5716,1787660136.5854,0.06666,-0.072097,-0.435651,2.969787,-0.177942,0.082835,-0.027612,-0.081373,-0.438711,3.149736,-0.171005,0.084873,-0.030730,-0.081400,-0.438700,3.149700,-0.171000,0.084900,-0.030700,,,,,,,0
522,1787660136.6102,1787660136.6236,0.03858,-0.072097,-0.435651,2.969787,-0.176408,0.081301,-0.027612,-0.078571,-0.435933,3.147483,-0.169762,0.091145,-0.032522,-0.078600,-0.435900,3.147500,-0.169800,0.091100,-0.032500,,,,,,,0
523,1787660136.6667,1787660136.6816,0.05654,-0.072097,-0.432583,2.969787,-0.176408,0.084369,-0.027612,-0.079999,-0.437751,3.150772,-0.168097,0.088481,-0.029892,-0.080000,-0.437800,3.150800,-0.168100,0.088500,-0.029900,,,,,,,0
524,1787660136.7053,1787660136.7204,0.03858,-0.072097,-0.432583,2.969787,-0.176408,0.085903,-0.027612,-0.077987,-0.438734,3.148695,-0.170074,0.085426,-0.033116,-0.078000,-0.438700,3.148700,-0.170100,0.085400,-0.033100,,,,,,,1
525,1787660136.7623,1787660136.7766,0.05703,-0.072097,-0.432583,2.969787,-0.174874,0.087437,-0.027612,-0.079083,-0.439531,3.154006,-0.167976,0.085942,-0.032190,-0.079100,-0.439500,3.154000,-0.168000,0.085900,-0.032200,,,,,,,1
526,1787660136.8175,1787660136.8324,0.05515,-0.072097,-0.432583,2.969787,-0.173340,0.088971,-0.027612,-0.082784,-0.434161,3.153786,-0.169275,0.092769,-0.030406,-0.082800,-0.434200,3.153800,-0.169300,0.092800,-0.030400,,,,,,,0
527,1787660136.8566,1787660136.8716,0.03909,-0.072097,-0.432583,2.969787,-0.173340,0.088971,-0.027612,-0.082332,-0.438174,3.162457,-0.168085,0.083117,-0.032511,-0.082300,-0.438200,3.162500,-0.168100,0.083100,-0.032500,,,,,,,1
528,1787660136.917,1787660136.9313,0.06039,-0.072097,-0.432583,2.969787,-0.173340,0.088971,-0.027612,-0.081444,-0.434301,3.161300,-0.167831,0.078651,-0.031901,-0.081400,-0.434300,3.161300,-0.167800,0.078700,-0.031900,,,,,,,1
529,1787660136.9834,1787660136.9995,0.06643,-0.072097,-0.432583,2.969787,-0.173340,0.088971,-0.027612,-0.078245,-0.433816,3.160665,-0.166712,0.083647,-0.031670,-0.078200,-0.433800,3.160700,-0.166700,0.083600,-0.031700,,,,,,,0
530,1787660137.0506,1787660137.0643,0.06721,-0.072097,-0.431049,2.969787,-0.171806,0.088971,-0.027612,-0.072629,-0.432081,2.969183,-0.168646,0.088582,-0.027591,-0.072600,-0.432100,2.969200,-0.168600,0.088600,-0.027600,,,,,,,0
