step,t_obs,t_cmd,dt,pos_base,pos_shoulder,pos_elbow,pos_wrist,pos_roll,pos_gripper,cmd_base,cmd_shoulder,cmd_elbow,cmd_wrist,cmd_roll,cmd_gripper,sent_base,sent_shoulder,sent_elbow,sent_wrist,sent_roll,sent_gripper,velraw_base,velraw_shoulder,velraw_elbow,velraw_wrist,velraw_roll,velraw_gripper,chunk_start
0,1787660293.1162,1787660293.1305,0.04191,-0.121184,-0.510816,2.893088,0.280718,0.047553,-0.024544,-0.131126,-0.473611,2.897170,0.275898,0.091160,0.005130,-0.131100,-0.473600,2.897200,0.275900,0.091200,0.005100,,,,,,,1
1,1787660293.1661,1787660293.1796,0.04993,-0.121184,-0.510816,2.893088,0.280718,0.047553,-0.024544,-0.124308,-0.474063,2.820348,0.270258,0.095712,-0.000357,-0.124300,-0.474100,2.820300,0.270300,0.095700,-0.000400,,,,,,,1
2,1787660293.2329,1787660293.2476,0.06678,-0.121184,-0.510816,2.893088,0.279185,0.047553,0.003068,-0.129508,-0.468965,2.814154,0.273383,0.103527,0.002867,-0.129500,-0.469000,2.814200,0.273400,0.103500,0.002900,,,,,,,0
3,1787660293.2999,1787660293.3145,0.06701,-0.121184,-0.487806,2.896156,0.271515,0.079767,0.003068,-0.134688,-0.468642,2.916700,0.276717,0.095608,0.000683,-0.134700,-0.468600,2.916700,0.276700,0.095600,0.000700,,,,,,,0
4,1787660293.3385,1787660293.3525,0.03859,-0.121184,-0.472466,2.883884,0.279185,0.092039,0.003068,-0.134536,-0.469136,2.947142,0.279088,0.089638,-0.002296,-0.134500,-0.469100,2.947100,0.279100,0.089600,-0.002300,,,,,,,0
5,1787660293.3965,1787660293.4126,0.05805,-0.121184,-0.469398,2.847068,0.279185,0.099709,0.004602,-0.131612,-0.462854,2.905122,0.270529,0.075623,0.001104,-0.131600,-0.462900,2.905100,0.270500,0.075600,0.001100,,,,,,,0
6,1787660293.4629,1787660293.4775,0.06635,-0.125786,-0.466330,2.828661,0.279185,0.099709,0.004602,-0.132143,-0.473296,2.874411,0.269734,0.089196,0.008148,-0.132100,-0.473300,2.874400,0.269700,0.089200,0.008100,,,,,,,0
7,1787660293.5012,1787660293.5145,0.03833,-0.125786,-0.466330,2.834796,0.279185,0.093573,0.004602,-0.126975,-0.478361,2.791756,0.270312,0.088063,0.010175,-0.127000,-0.478400,2.791800,0.270300,0.088100,0.010200,,,,,,,0
8,1787660293.5595,1787660293.5744,0.05832,-0.125786,-0.460194,2.867010,0.271515,0.084369,0.004602,-0.129278,-0.477155,2.842168,0.270053,0.086989,0.005638,-0.129300,-0.477200,2.842200,0.270100,0.087000,0.005600,,,,,,,0
9,1787660293.626,1787660293.6405,0.06652,-0.125786,-0.461728,2.896156,0.265379,0.084369,0.010738,-0.125755,-0.475858,2.717249,0.270086,0.076853,0.010703,-0.125800,-0.475900,2.717200,0.270100,0.076900,0.010700,,,,,,,0
10,1787660293.6654,1787660293.6805,0.03933,-0.125786,-0.461728,2.897690,0.265379,0.085903,0.004602,-0.126398,-0.473177,2.677397,0.271514,0.088530,0.009982,-0.126400,-0.473200,2.677400,0.271500,0.088500,0.010000,,,,,,,0
11,1787660293.7225,1787660293.7354,0.05712,-0.125786,-0.461728,2.885418,0.273049,0.085903,0.004602,-0.125509,-0.463398,2.633970,0.267568,0.087036,0.017673,-0.125500,-0.463400,2.634000,0.267600,0.087000,0.017700,,,,,,,0
12,1787660293.7888,1787660293.8034,0.06627,-0.125786,-0.461728,2.830195,0.274583,0.085903,0.004602,-0.134326,-0.467322,2.620217,0.281575,0.064896,0.019218,-0.134300,-0.467300,2.620200,0.281600,0.064900,0.019200,,,,,,,1
13,1787660293.828,1787660293.8414,0.03926,-0.125786,-0.461728,2.787243,0.274583,0.085903,0.012272,-0.139163,-0.457086,2.587441,0.272070,0.098724,0.022482,-0.139200,-0.457100,2.587400,0.272100,0.098700,0.022500,,,,,,,1
14,1787660293.8855,1787660293.9014,0.05752,-0.125786,-0.461728,2.713612,0.273049,0.085903,0.013806,-0.148989,-0.456523,2.552335,0.273890,0.076660,0.024267,-0.149000,-0.456500,2.552300,0.273900,0.076700,0.024300,,,,,,,0
15,1787660293.9518,1787660293.9676,0.06623,-0.128854,-0.458660,2.652253,0.277651,0.079767,0.018408,-0.221789,-0.434304,2.427028,0.284044,0.078783,0.044959,-0.221800,-0.434300,2.427000,0.284000,0.078800,0.045000,,,,,,,1
16,1787660294.007,1787660294.0207,0.05524,-0.133456,-0.450990,2.610835,0.276117,0.079767,0.018408,-0.202045,-0.431826,2.428862,0.283918,0.094258,0.039721,-0.202000,-0.431800,2.428900,0.283900,0.094300,0.039700,,,,,,,1
17,1787660294.0462,1787660294.0605,0.03916,-0.139592,-0.450990,2.587826,0.276117,0.079767,0.030680,-0.244865,-0.415139,2.398983,0.276256,0.083288,0.052419,-0.244900,-0.415100,2.399000,0.276300,0.083300,0.052400,,,,,,,0
18,1787660294.1019,1787660294.1167,0.05573,-0.159534,-0.435651,2.543340,0.277651,0.079767,0.041417,-0.289356,-0.407671,2.381368,0.284552,0.086728,0.071824,-0.289400,-0.407700,2.381400,0.284600,0.086700,0.071800,,,,,,,0
19,1787660294.141,1787660294.1556,0.03913,-0.177942,-0.426447,2.504991,0.277651,0.082835,0.046019,-0.363165,-0.386754,2.346527,0.294084,0.107994,0.085605,-0.363200,-0.386800,2.346500,0.294100,0.108000,0.085600,,,,,,,0
20,1787660294.2032,1787660294.2177,0.06215,-0.217825,-0.412641,2.446699,0.277651,0.088971,0.062893,-0.389622,-0.375418,2.331658,0.294000,0.107216,0.107054,-0.389600,-0.375400,2.331700,0.294000,0.107200,0.107100,,,,,,,0
21,1787660294.2678,1787660294.2817,0.06465,-0.271515,-0.394233,2.400680,0.288388,0.095107,0.081301,-0.403900,-0.364202,2.320517,0.297052,0.118079,0.102053,-0.403900,-0.364200,2.320500,0.297100,0.118100,0.102100,,,,,,,0
22,1787660294.3048,1787660294.3196,0.03698,-0.308330,-0.383495,2.379204,0.289922,0.104311,0.093573,-0.464900,-0.357294,2.300501,0.303043,0.122421,0.106788,-0.464900,-0.357300,2.300500,0.303000,0.122400,0.106800,,,,,,,0
23,1787660294.3566,1787660294.3714,0.05179,-0.351282,-0.371223,2.354661,0.289922,0.107379,0.104311,-0.488741,-0.333337,2.305247,0.320317,0.137163,0.161155,-0.488700,-0.333300,2.305200,0.320300,0.137200,0.161200,,,,,,,0
24,1787660294.423,1787660294.4364,0.06638,-0.394233,-0.358952,2.334719,0.299126,0.119651,0.104311,-0.534149,-0.320561,2.306893,0.323858,0.121697,0.222232,-0.534100,-0.320600,2.306900,0.323900,0.121700,0.222200,,,,,,,0
25,1787660294.462,1787660294.4766,0.03906,-0.421845,-0.352816,2.323981,0.300660,0.121184,0.116583,-0.579277,-0.308230,2.303946,0.336284,0.165527,0.244539,-0.579300,-0.308200,2.303900,0.336300,0.165500,0.244500,,,,,,,0
26,1787660294.518,1787660294.5326,0.05594,-0.466330,-0.334408,2.323981,0.316000,0.133456,0.177942,-0.612261,-0.273775,2.309707,0.347989,0.159624,0.354569,-0.612300,-0.273800,2.309700,0.348000,0.159600,0.354600,,,,,,,0
27,1787660294.5561,1787660294.5704,0.03811,-0.490874,-0.319068,2.323981,0.320602,0.133456,0.237767,-0.636605,-0.246873,2.304144,0.343552,0.173271,0.430852,-0.636600,-0.246900,2.304100,0.343600,0.173300,0.430900,,,,,,,0
28,1787660294.6076,1787660294.6226,0.05152,-0.532291,-0.303728,2.322447,0.331340,0.134990,0.245437,-0.669440,-0.222091,2.306289,0.347973,0.205747,0.525454,-0.669400,-0.222100,2.306300,0.348000,0.205700,0.525500,,,,,,,0
29,1787660294.6738,1787660294.6885,0.0662,-0.585981,-0.288388,2.322447,0.339010,0.161068,0.397301,-0.723024,-0.213624,2.316768,0.336977,0.237546,0.548204,-0.723000,-0.213600,2.316800,0.337000,0.237500,0.548200,,,,,,,0
30,1787660294.7106,1787660294.7265,0.0368,-0.608990,-0.265379,2.322447,0.340544,0.171806,0.470932,-0.743283,-0.199810,2.305571,0.331340,0.277392,0.584189,-0.743300,-0.199800,2.305600,0.331300,0.277400,0.584200,,,,,,,0
31,1787660294.7627,1787660294.7776,0.05214,-0.642738,-0.228563,2.322447,0.343612,0.193282,0.527689,-0.762345,-0.181481,2.299057,0.335106,0.313525,0.599187,-0.762300,-0.181500,2.299100,0.335100,0.313500,0.599200,,,,,,,1
32,1787660294.829,1787660294.8426,0.06624,-0.681087,-0.202485,2.322447,0.339010,0.231631,0.584447,-0.798819,-0.154155,2.312192,0.338280,0.361789,0.606448,-0.798800,-0.154200,2.312200,0.338300,0.361800,0.606400,,,,,,,1
33,1787660294.8679,1787660294.8815,0.0389,-0.707165,-0.194816,2.322447,0.335942,0.257709,0.590583,-0.813845,-0.136417,2.312031,0.344378,0.403890,0.614433,-0.813800,-0.136400,2.312000,0.344400,0.403900,0.614400,,,,,,,0
34,1787660294.9246,1787660294.9383,0.05674,-0.745515,-0.176408,2.319379,0.335942,0.297592,0.598253,-0.848684,-0.075283,2.332673,0.355970,0.458319,0.632198,-0.848700,-0.075300,2.332700,0.356000,0.458300,0.632200,,,,,,,1
35,1787660294.9624,1787660294.9766,0.03778,-0.763922,-0.159534,2.319379,0.335942,0.325204,0.610524,-0.857353,-0.030121,2.325706,0.359625,0.477742,0.640081,-0.857400,-0.030100,2.325700,0.359600,0.477700,0.640100,,,,,,,1
36,1787660295.0136,1787660295.0285,0.05121,-0.794602,-0.133456,2.319379,0.342078,0.369689,0.612058,-0.862459,-0.008261,2.322980,0.358448,0.456423,0.642565,-0.862500,-0.008300,2.323000,0.358400,0.456400,0.642600,,,,,,,0
37,1787660295.0801,1787660295.0936,0.06654,-0.825282,-0.107379,2.327049,0.352816,0.424913,0.636602,-0.879492,0.022083,2.350013,0.346240,0.461702,0.633729,-0.879500,0.022100,2.350000,0.346200,0.461700,0.633700,,,,,,,0
38,1787660295.1173,1787660295.1306,0.03711,-0.840621,-0.079767,2.330117,0.355884,0.449456,0.639670,-0.871735,0.061774,2.340733,0.340908,0.421435,0.645286,-0.871700,0.061800,2.340700,0.340900,0.421400,0.645300,,,,,,,0
39,1787660295.1686,1787660295.1836,0.05136,-0.854427,-0.029146,2.330117,0.355884,0.472466,0.639670,-0.869580,0.104718,2.345846,0.330412,0.381382,0.654289,-0.869600,0.104700,2.345800,0.330400,0.381400,0.654300,,,,,,,0
40,1787660295.2349,1787660295.2495,0.06628,-0.860563,0.021476,2.337787,0.345146,0.470932,0.639670,-0.862055,0.131180,2.350075,0.335197,0.321089,0.661152,-0.862100,0.131200,2.350100,0.335200,0.321100,0.661200,,,,,,,0
41,1787660295.2717,1787660295.2866,0.03683,-0.862097,0.049087,2.343923,0.343612,0.452524,0.647340,-0.835659,0.158108,2.363284,0.334582,0.242084,0.661761,-0.835700,0.158100,2.363300,0.334600,0.242100,0.661800,,,,,,,0
42,1787660295.3236,1787660295.3383,0.05183,-0.862097,0.088971,2.345457,0.334408,0.412641,0.653476,-0.824499,0.161913,2.357756,0.319404,0.006186,0.666259,-0.824500,0.161900,2.357800,0.319400,0.006200,0.666300,,,,,,,0
43,1787660295.3902,1787660295.4053,0.06668,-0.859029,0.133456,2.356194,0.328272,0.362019,0.653476,-0.820284,0.183796,2.338681,0.313435,-0.114089,0.671192,-0.820300,0.183800,2.338700,0.313400,-0.114100,0.671200,,,,,,,0
44,1787660295.4289,1787660295.4425,0.03865,-0.846757,0.156466,2.363864,0.335942,0.320602,0.659612,-0.813825,0.188299,2.341548,0.300910,-0.161984,0.666163,-0.813800,0.188300,2.341500,0.300900,-0.162000,0.666200,,,,,,,0
45,1787660295.4864,1787660295.5014,0.05753,-0.826816,0.171806,2.360796,0.312932,0.239301,0.664214,-0.802913,0.205852,2.329296,0.300126,-0.195009,0.664676,-0.802900,0.205900,2.329300,0.300100,-0.195000,0.664700,,,,,,,0
46,1787660295.553,1787660295.5676,0.06662,-0.822214,0.191748,2.353127,0.311398,0.115049,0.667282,-0.800664,0.209588,2.336791,0.294911,-0.272191,0.671279,-0.800700,0.209600,2.336800,0.294900,-0.272200,0.671300,,,,,,,0
47,1787660295.5922,1787660295.6054,0.03917,-0.822214,0.199418,2.351593,0.300660,0.046019,0.667282,-0.803201,0.221936,2.317932,0.294795,-0.293551,0.661475,-0.803200,0.221900,2.317900,0.294800,-0.293600,0.661500,,,,,,,0
48,1787660295.6489,1787660295.6636,0.05671,-0.808408,0.210155,2.343923,0.302194,-0.055223,0.667282,-0.792117,0.240361,2.329821,0.277542,-0.277495,0.663697,-0.792100,0.240400,2.329800,0.277500,-0.277500,0.663700,,,,,,,0
49,1787660295.7163,1787660295.7307,0.06735,-0.803806,0.227029,2.340855,0.297592,-0.161068,0.667282,-0.786718,0.254829,2.307084,0.280692,-0.295534,0.664195,-0.786700,0.254800,2.307100,0.280700,-0.295500,0.664200,,,,,,,0
50,1787660295.7531,1787660295.7677,0.03678,-0.803806,0.231631,2.336253,0.297592,-0.205553,0.667282,-0.781417,0.271374,2.289423,0.282212,-0.287921,0.673558,-0.781400,0.271400,2.289400,0.282200,-0.287900,0.673600,,,,,,,1
51,1787660295.8046,1787660295.8197,0.05151,-0.799204,0.242369,2.331651,0.276117,-0.253107,0.667282,-0.770632,0.283789,2.298344,0.270513,-0.306282,0.677814,-0.770600,0.283800,2.298300,0.270500,-0.306300,0.677800,,,,,,,1
52,1787660295.871,1787660295.8846,0.06642,-0.785398,0.269981,2.334719,0.286854,-0.285320,0.667282,-0.775091,0.287694,2.299122,0.264010,-0.287561,0.685515,-0.775100,0.287700,2.299100,0.264000,-0.287600,0.685500,,,,,,,0
53,1787660295.9097,1787660295.9236,0.03873,-0.785398,0.280718,2.323981,0.286854,-0.288388,0.671884,-0.769561,0.321830,2.301690,0.262848,-0.303332,0.708877,-0.769600,0.321800,2.301700,0.262800,-0.303300,0.708900,,,,,,,1
54,1787660295.9663,1787660295.9806,0.05657,-0.777728,0.292990,2.297903,0.265379,-0.299126,0.676486,-0.769287,0.338178,2.288669,0.264661,-0.278464,0.719433,-0.769300,0.338200,2.288700,0.264700,-0.278500,0.719400,,,,,,,1
55,1787660296.0223,1787660296.0373,0.05603,-0.774660,0.300660,2.305573,0.265379,-0.299126,0.705631,-0.751829,0.335938,2.295035,0.272883,-0.286614,0.709069,-0.751800,0.335900,2.295000,0.272900,-0.286600,0.709100,,,,,,,0
56,1787660296.0613,1787660296.0756,0.039,-0.774660,0.316000,2.308641,0.273049,-0.300660,0.714835,-0.746669,0.344227,2.288408,0.260993,-0.304779,0.712178,-0.746700,0.344200,2.288400,0.261000,-0.304800,0.712200,,,,,,,0
57,1787660296.1177,1787660296.1326,0.0564,-0.774660,0.345146,2.296369,0.260777,-0.288388,0.716369,-0.750056,0.349497,2.295552,0.258067,-0.308750,0.728502,-0.750100,0.349500,2.295600,0.258100,-0.308800,0.728500,,,,,,,0
58,1787660296.1565,1787660296.1713,0.03875,-0.765456,0.346680,2.297903,0.266913,-0.283786,0.716369,-0.760323,0.362586,2.313485,0.253993,-0.306712,0.771405,-0.760300,0.362600,2.313500,0.254000,-0.306700,0.771400,,,,,,,0
59,1787660296.2167,1787660296.2316,0.06029,-0.751651,0.351282,2.299437,0.260777,-0.292990,0.720971,-0.766389,0.362570,2.333030,0.249723,-0.325667,0.748933,-0.766400,0.362600,2.333000,0.249700,-0.325700,0.748900,,,,,,,0
60,1787660296.2833,1787660296.2986,0.06653,-0.750117,0.366621,2.299437,0.251573,-0.300660,0.770058,-0.776313,0.360371,2.354363,0.253109,-0.371055,0.759285,-0.776300,0.360400,2.354400,0.253100,-0.371100,0.759300,,,,,,,0
61,1787660296.3219,1787660296.3363,0.03867,-0.754719,0.371223,2.319379,0.259243,-0.300660,0.763922,-0.772137,0.355723,2.361933,0.241710,-0.426830,0.754446,-0.772100,0.355700,2.361900,0.241700,-0.426800,0.754400,,,,,,,0
62,1787660296.379,1787660296.3936,0.05705,-0.759320,0.372757,2.330117,0.245437,-0.317534,0.754719,-0.777160,0.371824,2.355757,0.235604,-0.455397,0.758305,-0.777200,0.371800,2.355800,0.235600,-0.455400,0.758300,,,,,,,0
63,1787660296.4174,1787660296.4336,0.03838,-0.763922,0.372757,2.333185,0.246971,-0.335942,0.754719,-0.772522,0.381816,2.352921,0.224881,-0.468583,0.772512,-0.772500,0.381800,2.352900,0.224900,-0.468600,0.772500,,,,,,,0
64,1787660296.4678,1787660296.4816,0.05041,-0.763922,0.372757,2.371534,0.242369,-0.377359,0.754719,-0.776993,0.397215,2.343816,0.217884,-0.450324,0.787203,-0.777000,0.397200,2.343800,0.217900,-0.450300,0.787200,,,,,,,0
65,1787660296.5343,1787660296.5487,0.06652,-0.766990,0.380427,2.365398,0.223961,-0.429515,0.768524,-0.780131,0.412583,2.347776,0.221435,-0.451468,0.795793,-0.780100,0.412600,2.347800,0.221400,-0.451500,0.795800,,,,,,,0
66,1787660296.5712,1787660296.5856,0.03689,-0.766990,0.391165,2.342389,0.222427,-0.449456,0.779262,-0.782619,0.421114,2.349708,0.214275,-0.442985,0.806850,-0.782600,0.421100,2.349700,0.214300,-0.443000,0.806800,,,,,,,0
67,1787660296.6228,1787660296.6374,0.05157,-0.768524,0.404971,2.360796,0.217825,-0.458660,0.783864,-0.784463,0.412673,2.347992,0.217774,-0.458893,0.791166,-0.784500,0.412700,2.348000,0.217800,-0.458900,0.791200,,,,,,,0
68,1787660296.6893,1787660296.7034,0.0665,-0.773126,0.418777,2.359262,0.214757,-0.447922,0.803806,-0.780644,0.411118,2.371320,0.215493,-0.453794,0.825239,-0.780600,0.411100,2.371300,0.215500,-0.453800,0.825200,,,,,,,0
69,1787660296.7279,1787660296.7417,0.03865,-0.774660,0.427981,2.339321,0.211689,-0.444854,0.802272,-0.781263,0.411273,2.357563,0.213977,-0.436922,0.815257,-0.781300,0.411300,2.357600,0.214000,-0.436900,0.815300,,,,,,,1
70,1787660296.7847,1787660296.7996,0.05675,-0.774660,0.429515,2.359262,0.211689,-0.450990,0.809942,-0.788622,0.405499,2.354589,0.211685,-0.457140,0.809766,-0.788600,0.405500,2.354600,0.211700,-0.457100,0.809800,,,,,,,1
71,1787660296.8222,1787660296.8374,0.03752,-0.776194,0.427981,2.368466,0.222427,-0.450990,0.823748,-0.795632,0.425726,2.342535,0.201153,-0.432473,0.816804,-0.795600,0.425700,2.342500,0.201200,-0.432500,0.816800,,,,,,,0
72,1787660296.8738,1787660296.8897,0.05157,-0.776194,0.429515,2.360796,0.207087,-0.440252,0.816078,-0.806965,0.432206,2.349811,0.181570,-0.462815,0.812276,-0.807000,0.432200,2.349800,0.181600,-0.462800,0.812300,,,,,,,1
73,1787660296.9403,1787660296.9556,0.0665,-0.782330,0.427981,2.359262,0.202485,-0.437185,0.816078,-0.804767,0.431325,2.363632,0.187771,-0.452405,0.828635,-0.804800,0.431300,2.363600,0.187800,-0.452400,0.828600,,,,,,,1
74,1787660296.9788,1787660296.9927,0.03853,-0.786932,0.431049,2.357728,0.207087,-0.434117,0.816078,-0.806329,0.424626,2.364865,0.191809,-0.463733,0.832352,-0.806300,0.424600,2.364900,0.191800,-0.463700,0.832400,,,,,,,0
75,1787660297.0354,1787660297.0497,0.05664,-0.797670,0.441786,2.350059,0.181010,-0.446388,0.820680,-0.809308,0.424675,2.354302,0.193005,-0.452639,0.824905,-0.809300,0.424700,2.354300,0.193000,-0.452600,0.824900,,,,,,,0
76,1787660297.0738,1787660297.0887,0.03836,-0.797670,0.441786,2.351593,0.181010,-0.455592,0.826816,-0.812666,0.436447,2.354405,0.189330,-0.463554,0.837896,-0.812700,0.436400,2.354400,0.189300,-0.463600,0.837900,,,,,,,0
77,1787660297.1249,1787660297.1397,0.05113,-0.797670,0.441786,2.368466,0.194816,-0.458660,0.828350,-0.822190,0.445296,2.359544,0.184583,-0.452057,0.842066,-0.822200,0.445300,2.359500,0.184600,-0.452100,0.842100,,,,,,,0
78,1787660297.1809,1787660297.1957,0.05594,-0.800738,0.443320,2.366932,0.184078,-0.458660,0.831418,-0.827744,0.455437,2.352357,0.181975,-0.451298,0.833481,-0.827700,0.455400,2.352400,0.182000,-0.451300,0.833500,,,,,,,0
79,1787660297.2483,1787660297.2617,0.06743,-0.808408,0.447922,2.360796,0.184078,-0.458660,0.839087,-0.822581,0.475250,2.350196,0.184283,-0.463830,0.822737,-0.822600,0.475300,2.350200,0.184300,-0.463800,0.822700,,,,,,,0
80,1787660297.2874,1787660297.3024,0.03915,-0.813010,0.454058,2.366932,0.191748,-0.455592,0.837554,-0.822869,0.474179,2.355131,0.176686,-0.459313,0.829022,-0.822900,0.474200,2.355100,0.176700,-0.459300,0.829000,,,,,,,0
81,1787660297.3439,1787660297.3587,0.05648,-0.819146,0.463262,2.362330,0.181010,-0.452524,0.829884,-0.828250,0.486900,2.351843,0.176586,-0.465086,0.835027,-0.828200,0.486900,2.351800,0.176600,-0.465100,0.835000,,,,,,,0
82,1787660297.3992,1787660297.4135,0.05524,-0.819146,0.481670,2.351593,0.177942,-0.452524,0.826816,-0.828158,0.496256,2.339362,0.181413,-0.455681,0.830752,-0.828200,0.496300,2.339400,0.181400,-0.455700,0.830800,,,,,,,0
83,1787660297.4383,1787660297.4515,0.03913,-0.819146,0.484738,2.357728,0.177942,-0.454058,0.826816,-0.833343,0.499741,2.339807,0.166161,-0.443994,0.831875,-0.833300,0.499700,2.339800,0.166200,-0.444000,0.831900,,,,,,,0
84,1787660297.4947,1787660297.5085,0.05641,-0.819146,0.493942,2.359262,0.182544,-0.458660,0.826816,-0.839312,0.506030,2.339605,0.163143,-0.456359,0.824930,-0.839300,0.506000,2.339600,0.163100,-0.456400,0.824900,,,,,,,0
85,1787660297.5334,1787660297.5476,0.03873,-0.819146,0.506214,2.350059,0.173340,-0.458660,0.826816,-0.836472,0.521630,2.329015,0.162912,-0.465884,0.825761,-0.836500,0.521600,2.329000,0.162900,-0.465900,0.825800,,,,,,,0
86,1787660297.594,1787660297.6085,0.06054,-0.820680,0.512350,2.345457,0.167204,-0.446388,0.826816,-0.845671,0.516378,2.338216,0.153620,-0.447136,0.827571,-0.845700,0.516400,2.338200,0.153600,-0.447100,0.827600,,,,,,,0
87,1787660297.6603,1787660297.6745,0.06638,-0.826816,0.521553,2.340855,0.165670,-0.457126,0.826816,-0.851233,0.516920,2.343420,0.151606,-0.455384,0.837304,-0.851200,0.516900,2.343400,0.151600,-0.455400,0.837300,,,,,,,0
88,1787660297.699,1787660297.7127,0.03869,-0.828350,0.529223,2.328583,0.165670,-0.460194,0.825282,-0.857336,0.517196,2.342108,0.147163,-0.458619,0.825897,-0.857300,0.517200,2.342100,0.147200,-0.458600,0.825900,,,,,,,1
89,1787660297.757,1787660297.7704,0.05794,-0.836020,0.529223,2.331651,0.151864,-0.450990,0.829884,-0.863984,0.519302,2.331617,0.143190,-0.444698,0.830282,-0.864000,0.519300,2.331600,0.143200,-0.444700,0.830300,,,,,,,1
90,1787660297.8234,1787660297.8373,0.0664,-0.848291,0.529223,2.354661,0.154932,-0.449456,0.828350,-0.863362,0.523000,2.329596,0.144966,-0.452158,0.827323,-0.863400,0.523000,2.329600,0.145000,-0.452200,0.827300,,,,,,,0
91,1787660297.8621,1787660297.8756,0.03873,-0.849825,0.529223,2.353127,0.151864,-0.450990,0.828350,-0.866554,0.522910,2.324154,0.146132,-0.457995,0.830702,-0.866600,0.522900,2.324200,0.146100,-0.458000,0.830700,,,,,,,1
92,1787660297.92,1787660297.9345,0.05791,-0.854427,0.529223,2.328583,0.138058,-0.447922,0.828350,-0.876202,0.517305,2.325745,0.144956,-0.463075,0.827973,-0.876200,0.517300,2.325700,0.145000,-0.463100,0.828000,,,,,,,1
93,1787660297.9864,1787660298.0005,0.06639,-0.857495,0.530757,2.327049,0.141126,-0.450990,0.828350,-0.881191,0.521080,2.320239,0.148216,-0.462492,0.828334,-0.881200,0.521100,2.320200,0.148200,-0.462500,0.828300,,,,,,,0
94,1787660298.025,1787660298.0383,0.03858,-0.859029,0.530757,2.339321,0.142660,-0.455592,0.828350,-0.887119,0.521495,2.323497,0.151911,-0.451646,0.833748,-0.887100,0.521500,2.323500,0.151900,-0.451600,0.833700,,,,,,,0
95,1787660298.082,1787660298.0955,0.05703,-0.868233,0.530757,2.334719,0.147262,-0.457126,0.828350,-0.883173,0.529505,2.327413,0.149503,-0.450644,0.843487,-0.883200,0.529500,2.327400,0.149500,-0.450600,0.843500,,,,,,,0
96,1787660298.1199,1787660298.1345,0.03783,-0.872835,0.530757,2.323981,0.144194,-0.457126,0.828350,-0.885641,0.529578,2.331981,0.156925,-0.463058,0.780176,-0.885600,0.529600,2.332000,0.156900,-0.463100,0.780200,,,,,,,0
97,1787660298.1706,1787660298.1856,0.05077,-0.878971,0.530757,2.320913,0.145728,-0.455592,0.831418,-0.893136,0.528533,2.335311,0.152720,-0.458986,0.715732,-0.893100,0.528500,2.335300,0.152700,-0.459000,0.715700,,,,,,,0
98,1787660298.2373,1787660298.2515,0.06666,-0.878971,0.535359,2.336253,0.154932,-0.452524,0.791534,-0.894812,0.529457,2.343504,0.144588,-0.444891,0.681567,-0.894800,0.529500,2.343500,0.144600,-0.444900,0.681600,,,,,,,0
99,1787660298.2767,1787660298.2915,0.03938,-0.878971,0.535359,2.336253,0.154932,-0.454058,0.773126,-0.893334,0.528706,2.353721,0.146915,-0.457969,0.481727,-0.893300,0.528700,2.353700,0.146900,-0.458000,0.481700,,,,,,,0
100,1787660298.3341,1787660298.3476,0.05741,-0.883573,0.535359,2.334719,0.153398,-0.454058,0.702563,-0.894680,0.535278,2.338725,0.148726,-0.435344,0.413587,-0.894700,0.535300,2.338700,0.148700,-0.435300,0.413600,,,,,,,0
101,1787660298.4005,1787660298.4135,0.06647,-0.885107,0.535359,2.345457,0.141126,-0.447922,0.564505,-0.891045,0.531194,2.339296,0.146138,-0.435003,0.395703,-0.891000,0.531200,2.339300,0.146100,-0.435000,0.395700,,,,,,,0
102,1787660298.4388,1787660298.4525,0.03831,-0.885107,0.535359,2.348525,0.141126,-0.449456,0.458660,-0.896133,0.526989,2.331837,0.143896,-0.446806,0.387875,-0.896100,0.527000,2.331800,0.143900,-0.446800,0.387900,,,,,,,0
103,1787660298.4958,1787660298.5105,0.05696,-0.885107,0.539961,2.343923,0.145728,-0.450990,0.409573,-0.901340,0.526622,2.340554,0.142850,-0.435699,0.366827,-0.901300,0.526600,2.340600,0.142800,-0.435700,0.366800,,,,,,,0
104,1787660298.5514,1787660298.5669,0.05559,-0.885107,0.539961,2.340855,0.147262,-0.438719,0.392699,-0.894752,0.519694,2.341036,0.138379,-0.438056,0.319211,-0.894800,0.519700,2.341000,0.138400,-0.438100,0.319200,,,,,,,0
105,1787660298.5902,1787660298.6044,0.03877,-0.885107,0.539961,2.339321,0.147262,-0.438719,0.380427,-0.892777,0.520279,2.338126,0.142857,-0.434262,0.209956,-0.892800,0.520300,2.338100,0.142900,-0.434300,0.210000,,,,,,,0
106,1787660298.6465,1787660298.6617,0.05638,-0.891243,0.539961,2.340855,0.147262,-0.437185,0.351282,-0.897403,0.520223,2.348124,0.131530,-0.456460,0.172634,-0.897400,0.520200,2.348100,0.131500,-0.456500,0.172600,,,,,,,0
107,1787660298.6855,1787660298.6996,0.03897,-0.891243,0.539961,2.342389,0.142660,-0.437185,0.288388,-0.899408,0.531545,2.340178,0.138633,-0.449637,0.126778,-0.899400,0.531500,2.340200,0.138600,-0.449600,0.126800,,,,,,,1
108,1787660298.7461,1787660298.7607,0.06056,-0.892777,0.539961,2.339321,0.141126,-0.434117,0.185612,-0.897932,0.525130,2.337981,0.132257,-0.444992,0.105036,-0.897900,0.525100,2.338000,0.132300,-0.445000,0.105000,,,,,,,1
109,1787660298.8124,1787660298.8287,0.06636,-0.895845,0.539961,2.340855,0.133456,-0.443320,0.133456,-0.899782,0.520899,2.354789,0.141500,-0.459301,-0.017331,-0.899800,0.520900,2.354800,0.141500,-0.459300,-0.017300,,,,,,,1
110,1787660298.8686,1787660298.8837,0.05615,-0.895845,0.539961,2.340855,0.134990,-0.443320,0.111981,-0.904847,0.522366,2.350077,0.141244,-0.449985,-0.025360,-0.904800,0.522400,2.350100,0.141200,-0.450000,-0.025400,,,,,,,1
111,1787660298.9081,1787660298.9216,0.0395,-0.895845,0.539961,2.339321,0.134990,-0.443320,0.095107,-0.904317,0.509779,2.356512,0.140026,-0.465089,-0.036850,-0.904300,0.509800,2.356500,0.140000,-0.465100,-0.036900,,,,,,,0
112,1787660298.9645,1787660298.9795,0.05637,-0.895845,0.539961,2.337787,0.133456,-0.450990,-0.027612,-0.904208,0.496727,2.367338,0.138934,-0.470783,-0.037908,-0.904200,0.496700,2.367300,0.138900,-0.470800,-0.037900,,,,,,,0
113,1787660299.0023,1787660299.0166,0.03787,-0.895845,0.539961,2.342389,0.128854,-0.450990,-0.027612,-0.903221,0.480472,2.366508,0.135030,-0.470296,-0.041045,-0.903200,0.480500,2.366500,0.135000,-0.470300,-0.041000,,,,,,,0
114,1787660299.0539,1787660299.0683,0.05154,-0.897379,0.539961,2.350059,0.131922,-0.450990,-0.032214,-0.907955,0.449484,2.369895,0.128222,-0.462154,-0.041773,-0.908000,0.449500,2.369900,0.128200,-0.462200,-0.041800,,,,,,,0
115,1787660299.1205,1787660299.1353,0.06662,-0.897379,0.529223,2.365398,0.133456,-0.464796,-0.033748,-0.911921,0.439133,2.380460,0.124908,-0.480116,-0.040827,-0.911900,0.439100,2.380500,0.124900,-0.480100,-0.040800,,,,,,,0
116,1787660299.1594,1787660299.1745,0.03887,-0.897379,0.520019,2.377670,0.139592,-0.464796,-0.033748,-0.908275,0.384564,2.389842,0.125340,-0.495764,-0.041909,-0.908300,0.384600,2.389800,0.125300,-0.495800,-0.041900,,,,,,,0
117,1787660299.2161,1787660299.2293,0.0568,-0.897379,0.490874,2.374602,0.121184,-0.464796,-0.033748,-0.897044,0.347497,2.397601,0.135100,-0.479953,-0.041837,-0.897000,0.347500,2.397600,0.135100,-0.480000,-0.041800,,,,,,,0
118,1787660299.2546,1787660299.2683,0.03844,-0.900447,0.477068,2.365398,0.121184,-0.469398,-0.033748,-0.884489,0.337977,2.404322,0.124680,-0.513248,-0.040967,-0.884500,0.338000,2.404300,0.124700,-0.513200,-0.041000,,,,,,,0
119,1787660299.305,1787660299.3185,0.0504,-0.900447,0.450990,2.389942,0.121184,-0.486272,-0.033748,-0.880131,0.310633,2.403334,0.126786,-0.518999,-0.040061,-0.880100,0.310600,2.403300,0.126800,-0.519000,-0.040100,,,,,,,0
120,1787660299.3715,1787660299.3856,0.06649,-0.898913,0.403437,2.403748,0.128854,-0.492408,-0.038350,-0.838659,0.274771,2.399280,0.128258,-0.514480,-0.039001,-0.838700,0.274800,2.399300,0.128300,-0.514500,-0.039000,,,,,,,0
121,1787660299.4086,1787660299.4236,0.03715,-0.892777,0.380427,2.386874,0.119651,-0.504680,-0.033748,-0.801040,0.238283,2.390064,0.121119,-0.500845,-0.039090,-0.801000,0.238300,2.390100,0.121100,-0.500800,-0.039100,,,,,,,0
122,1787660299.46,1787660299.4736,0.05139,-0.883573,0.352816,2.405282,0.119651,-0.512350,-0.033748,-0.765220,0.215127,2.396944,0.117289,-0.501907,-0.042655,-0.765200,0.215100,2.396900,0.117300,-0.501900,-0.042700,,,,,,,0
123,1787660299.5267,1787660299.5415,0.06672,-0.874369,0.320602,2.409884,0.125786,-0.509282,-0.035282,-0.745054,0.180168,2.392972,0.119304,-0.492780,-0.046153,-0.745100,0.180200,2.393000,0.119300,-0.492800,-0.046200,,,,,,,0
124,1787660299.5654,1787660299.5785,0.03864,-0.854427,0.296058,2.389942,0.116583,-0.503146,-0.033748,-0.718081,0.155624,2.380699,0.113718,-0.499980,-0.041773,-0.718100,0.155600,2.380700,0.113700,-0.500000,-0.041800,,,,,,,0
125,1787660299.6224,1787660299.6354,0.05697,-0.797670,0.253107,2.400680,0.115049,-0.503146,-0.041417,-0.629001,0.133018,2.380053,0.104080,-0.424230,-0.042736,-0.629000,0.133000,2.380100,0.104100,-0.424200,-0.042700,,,,,,,1
126,1787660299.6599,1787660299.6745,0.03755,-0.770058,0.234699,2.409884,0.125786,-0.497010,-0.046019,-0.577997,0.105038,2.366207,0.104896,-0.391091,-0.041478,-0.578000,0.105000,2.366200,0.104900,-0.391100,-0.041500,,,,,,,1
127,1787660299.711,1787660299.7255,0.0511,-0.739379,0.204019,2.396078,0.108913,-0.495476,-0.042951,-0.525427,0.088127,2.363590,0.099920,-0.333594,-0.043614,-0.525400,0.088100,2.363600,0.099900,-0.333600,-0.043600,,,,,,,0
128,1787660299.7775,1787660299.7936,0.0665,-0.699495,0.161068,2.385340,0.115049,-0.483204,-0.041417,-0.417151,0.056512,2.298702,0.099201,-0.134114,-0.039425,-0.417200,0.056500,2.298700,0.099200,-0.134100,-0.039400,,,,,,,1
129,1787660299.8447,1787660299.8597,0.06717,-0.633534,0.131922,2.377670,0.102777,-0.431049,-0.041417,-0.366339,0.051455,2.272832,0.104610,-0.038299,-0.038243,-0.366300,0.051500,2.272800,0.104600,-0.038300,-0.038200,,,,,,,1
130,1787660299.8813,1787660299.8944,0.03658,-0.589049,0.118117,2.374602,0.102777,-0.395767,-0.041417,-0.304259,0.043956,2.230296,0.103589,0.110426,-0.037095,-0.304300,0.044000,2.230300,0.103600,0.110400,-0.037100,,,,,,,0
131,1787660299.9331,1787660299.9465,0.05187,-0.527689,0.101243,2.363864,0.102777,-0.325204,-0.041417,-0.252469,0.041711,2.202120,0.108233,0.219267,-0.035063,-0.252500,0.041700,2.202100,0.108200,0.219300,-0.035100,,,,,,,0
132,1787660299.9998,1787660300.0145,0.06664,-0.441786,0.079767,2.314777,0.104311,-0.211689,-0.039884,-0.205399,0.038913,2.166594,0.106327,0.328911,-0.038685,-0.205400,0.038900,2.166600,0.106300,0.328900,-0.038700,,,,,,,0
133,1787660300.0366,1787660300.0517,0.03687,-0.392699,0.073631,2.279495,0.104311,-0.141126,-0.039884,-0.168687,0.042777,2.154489,0.106388,0.374910,-0.034532,-0.168700,0.042800,2.154500,0.106400,0.374900,-0.034500,,,,,,,0
134,1787660300.088,1787660300.1024,0.05139,-0.331340,0.073631,2.241146,0.104311,-0.032214,-0.039884,-0.140338,0.039703,2.137569,0.105314,0.435881,-0.038310,-0.140300,0.039700,2.137600,0.105300,0.435900,-0.038300,,,,,,,0
135,1787660300.1547,1787660300.1694,0.06669,-0.259243,0.073631,2.199728,0.104311,0.104311,-0.039884,-0.117173,0.043207,2.142091,0.105037,0.426040,-0.034747,-0.117200,0.043200,2.142100,0.105000,0.426000,-0.034700,,,,,,,0
136,1787660300.1932,1787660300.2077,0.03849,-0.222427,0.073631,2.178253,0.104311,0.173340,-0.039884,-0.090989,0.042143,2.104328,0.110555,0.448472,-0.031965,-0.091000,0.042100,2.104300,0.110600,0.448500,-0.032000,,,,,,,0
137,1787660300.2513,1787660300.2647,0.05812,-0.168738,0.073631,2.156777,0.104311,0.279185,-0.039884,-0.072055,0.053057,2.070593,0.120121,0.530689,-0.035847,-0.072100,0.053100,2.070600,0.120100,0.530700,-0.035800,,,,,,,0
138,1787660300.3177,1787660300.3326,0.06635,-0.125786,0.073631,2.153709,0.105845,0.366621,-0.039884,-0.054424,0.060311,2.046050,0.118784,0.571365,-0.034203,-0.054400,0.060300,2.046000,0.118800,0.571400,-0.034200,,,,,,,0
139,1787660300.3544,1787660300.3694,0.03677,-0.105845,0.073631,2.144505,0.105845,0.403437,-0.039884,-0.039903,0.059924,2.023683,0.110173,0.660269,-0.037262,-0.039900,0.059900,2.023700,0.110200,0.660300,-0.037300,,,,,,,0
140,1787660300.406,1787660300.4206,0.05155,-0.084369,0.073631,2.110758,0.115049,0.460194,-0.039884,-0.038465,0.058179,2.014812,0.105384,0.722963,-0.035863,-0.038500,0.058200,2.014800,0.105400,0.723000,-0.035900,,,,,,,0
141,1787660300.4724,1787660300.4875,0.06645,-0.062893,0.073631,2.069340,0.115049,0.538427,-0.039884,-0.038807,0.066835,2.003697,0.103293,0.749189,-0.033147,-0.038800,0.066800,2.003700,0.103300,0.749200,-0.033100,,,,,,,0
142,1787660300.5115,1787660300.5263,0.03902,-0.052155,0.073631,2.049398,0.115049,0.581379,-0.039884,-0.034968,0.073271,1.990258,0.104631,0.836672,-0.033340,-0.035000,0.073300,1.990300,0.104600,0.836700,-0.033300,,,,,,,0
143,1787660300.5691,1787660300.5835,0.05764,-0.042951,0.073631,2.030991,0.111981,0.655010,-0.039884,-0.036013,0.064427,1.993553,0.106107,0.859512,-0.034121,-0.036000,0.064400,1.993600,0.106100,0.859500,-0.034100,,,,,,,0
144,1787660300.6246,1787660300.6406,0.05551,-0.042951,0.078233,2.017185,0.108913,0.717903,-0.039884,-0.032493,0.073294,1.979608,0.103296,0.839482,-0.030985,-0.032500,0.073300,1.979600,0.103300,0.839500,-0.031000,,,,,,,1
145,1787660300.6805,1787660300.6965,0.05587,-0.042951,0.081301,2.011049,0.108913,0.780796,-0.039884,-0.033096,0.079389,1.975595,0.104909,0.895251,-0.029872,-0.033100,0.079400,1.975600,0.104900,0.895300,-0.029900,,,,,,,1
146,1787660300.7196,1787660300.7353,0.03914,-0.042951,0.081301,2.011049,0.108913,0.814544,-0.038350,-0.034833,0.079188,1.977535,0.107046,0.932134,-0.030107,-0.034800,0.079200,1.977500,0.107000,0.932100,-0.030100,,,,,,,0
147,1787660300.7792,1787660300.7933,0.05963,-0.041417,0.081301,1.998777,0.108913,0.852893,-0.032214,-0.033273,0.099576,1.980584,0.104177,1.010872,-0.027733,-0.033300,0.099600,1.980600,0.104200,1.010900,-0.027700,,,,,,,1
148,1787660300.8349,1787660300.8486,0.05563,-0.041417,0.085903,1.995709,0.108913,0.891243,-0.032214,-0.027318,0.105132,1.976281,0.104306,1.049411,-0.029732,-0.027300,0.105100,1.976300,0.104300,1.049400,-0.029700,,,,,,,1
149,1787660300.8751,1787660300.8896,0.04023,-0.039884,0.087437,1.995709,0.108913,0.914253,-0.032214,-0.033586,0.104702,1.994097,0.103742,1.034554,-0.026289,-0.033600,0.104700,1.994100,0.103700,1.034600,-0.026300,,,,,,,0
150,1787660300.9316,1787660300.9465,0.0565,-0.039884,0.102777,1.995709,0.108913,0.964874,-0.032214,-0.034280,0.115805,1.999929,0.094403,1.078278,-0.029989,-0.034300,0.115800,1.999900,0.094400,1.078300,-0.030000,,,,,,,0
151,1787660300.9881,1787660301.0015,0.05651,-0.036816,0.113515,1.994175,0.108913,1.013961,-0.032214,-0.035573,0.111785,2.025742,0.106985,1.127805,-0.025368,-0.035600,0.111800,2.025700,0.107000,1.127800,-0.025400,,,,,,,0
152,1787660301.0278,1787660301.0425,0.03974,-0.036816,0.115049,2.001845,0.108913,1.035437,-0.032214,-0.038800,0.086902,2.087380,0.109812,1.096244,-0.009079,-0.038800,0.086900,2.087400,0.109800,1.096200,-0.009100,,,,,,,0
153,1787660301.085,1787660301.0996,0.05715,-0.036816,0.119651,2.006447,0.102777,1.069185,-0.032214,-0.035472,0.056326,2.168382,0.118959,1.068150,0.010327,-0.035500,0.056300,2.168400,0.119000,1.068100,0.010300,,,,,,,0
154,1787660301.1405,1787660301.1546,0.05551,-0.036816,0.122718,2.024855,0.105845,1.104466,-0.007670,-0.016502,-0.022826,2.362290,0.132484,0.849676,0.042552,-0.016500,-0.022800,2.362300,0.132500,0.849700,0.042600,,,,,,,0
155,1787660301.1799,1787660301.1945,0.03938,-0.036816,0.121184,2.052466,0.108913,1.116738,-0.000000,-0.014906,-0.065680,2.442995,0.188504,0.738177,0.221925,-0.014900,-0.065700,2.443000,0.188500,0.738200,0.221900,,,,,,,0
156,1787660301.2363,1787660301.2506,0.05642,-0.036816,0.099709,2.110758,0.116583,1.116738,0.024544,0.001188,-0.104873,2.484656,0.140225,0.625746,0.106579,0.001200,-0.104900,2.484700,0.140200,0.625700,0.106600,,,,,,,0
157,1787660301.2746,1787660301.2896,0.03833,-0.033748,0.075165,2.155243,0.125786,1.102932,0.064427,-0.015674,-0.101382,2.480984,0.150068,0.621769,0.086822,-0.015700,-0.101400,2.481000,0.150100,0.621800,0.086800,,,,,,,0
158,1787660301.3262,1787660301.3406,0.05156,-0.024544,0.027612,2.235010,0.153398,1.058447,0.210155,-0.009155,-0.130167,2.535752,0.134560,0.536570,0.077189,-0.009200,-0.130200,2.535800,0.134600,0.536600,0.077200,,,,,,,0
159,1787660301.3928,1787660301.4076,0.06657,-0.018408,-0.036816,2.353127,0.181010,0.972544,0.181010,-0.003000,-0.158098,2.611646,0.111147,0.449131,0.059176,-0.003000,-0.158100,2.611600,0.111100,0.449100,0.059200,,,,,,,0
160,1787660301.43,1787660301.4447,0.03725,-0.018408,-0.061359,2.402214,0.184078,0.911185,0.090505,-0.017772,-0.160880,2.617964,0.132049,0.455078,0.105328,-0.017800,-0.160900,2.618000,0.132000,0.455100,0.105300,,,,,,,0
161,1787660301.4813,1787660301.4945,0.05127,-0.018408,-0.088971,2.463573,0.165670,0.809942,0.073631,-0.024226,-0.176514,2.653081,0.121617,0.428076,0.111890,-0.024200,-0.176500,2.653100,0.121600,0.428100,0.111900,,,,,,,0
162,1787660301.5479,1787660301.5625,0.06664,-0.012272,-0.122718,2.538738,0.125786,0.676486,0.092039,-0.039294,-0.164515,2.649344,0.124800,0.488428,0.176466,-0.039300,-0.164500,2.649300,0.124800,0.488400,0.176500,,,,,,,0
163,1787660301.5854,1787660301.6006,0.03748,-0.012272,-0.133456,2.575554,0.116583,0.615126,0.110447,-0.060854,-0.155935,2.625592,0.146188,0.467986,0.181067,-0.060900,-0.155900,2.625600,0.146200,0.468000,0.181100,,,,,,,1
164,1787660301.6362,1787660301.6506,0.05078,-0.015340,-0.145728,2.624641,0.116583,0.538427,0.111981,-0.057726,-0.148905,2.610869,0.155747,0.492307,0.186367,-0.057700,-0.148900,2.610900,0.155700,0.492300,0.186400,,,,,,,1
165,1787660301.7027,1787660301.7166,0.06649,-0.026078,-0.147262,2.652253,0.131922,0.470932,0.182544,-0.068480,-0.150207,2.601746,0.158729,0.504814,0.242988,-0.068500,-0.150200,2.601700,0.158700,0.504800,0.243000,,,,,,,0
166,1787660301.7394,1787660301.7547,0.03678,-0.042951,-0.145728,2.650719,0.138058,0.449456,0.182544,-0.106606,-0.124802,2.577596,0.159090,0.542988,0.289256,-0.106600,-0.124800,2.577600,0.159100,0.543000,0.289300,,,,,,,1
167,1787660301.7913,1787660301.8044,0.05184,-0.049087,-0.145728,2.643049,0.151864,0.434117,0.184078,-0.130687,-0.115313,2.567363,0.159889,0.541239,0.305924,-0.130700,-0.115300,2.567400,0.159900,0.541200,0.305900,,,,,,,1
168,1787660301.8579,1787660301.8724,0.06662,-0.062893,-0.139592,2.610835,0.154932,0.447922,0.291456,-0.134685,-0.108375,2.570784,0.158090,0.556239,0.317410,-0.134700,-0.108400,2.570800,0.158100,0.556200,0.317400,,,,,,,0
169,1787660301.8951,1787660301.9086,0.03715,-0.081301,-0.122718,2.595495,0.154932,0.474000,0.297592,-0.148700,-0.113513,2.563633,0.168731,0.523836,0.338924,-0.148700,-0.113500,2.563600,0.168700,0.523800,0.338900,,,,,,,0
170,1787660301.9463,1787660301.9606,0.05124,-0.108913,-0.108913,2.581690,0.154932,0.513884,0.305262,-0.144398,-0.110139,2.558881,0.177918,0.533036,0.343384,-0.144400,-0.110100,2.558900,0.177900,0.533000,0.343400,,,,,,,0
171,1787660302.0128,1787660302.0266,0.06654,-0.130388,-0.107379,2.580156,0.159534,0.549165,0.337476,-0.144551,-0.100557,2.552999,0.183251,0.562514,0.359049,-0.144600,-0.100600,2.553000,0.183300,0.562500,0.359000,,,,,,,0
172,1787660302.0497,1787660302.0645,0.03686,-0.136524,-0.105845,2.580156,0.165670,0.552233,0.339010,-0.212850,-0.104894,2.516264,0.208781,0.595158,0.435018,-0.212800,-0.104900,2.516300,0.208800,0.595200,0.435000,,,,,,,0
173,1787660302.1015,1787660302.1166,0.05179,-0.138058,-0.105845,2.575554,0.173340,0.549165,0.340544,-0.269730,-0.111655,2.489918,0.248661,0.627212,0.485319,-0.269700,-0.111700,2.489900,0.248700,0.627200,0.485300,,,,,,,0
174,1787660302.168,1787660302.1825,0.06647,-0.141126,-0.099709,2.557146,0.190214,0.541495,0.434117,-0.337872,-0.124568,2.485491,0.274283,0.627726,0.533894,-0.337900,-0.124600,2.485500,0.274300,0.627700,0.533900,,,,,,,0
175,1787660302.2052,1787660302.2185,0.03727,-0.158000,-0.098175,2.541806,0.200951,0.552233,0.447922,-0.381580,-0.115502,2.464843,0.287476,0.657268,0.557193,-0.381600,-0.115500,2.464800,0.287500,0.657300,0.557200,,,,,,,0
176,1787660302.2562,1787660302.2703,0.05099,-0.197884,-0.098175,2.512661,0.225495,0.592117,0.484738,-0.427211,-0.101998,2.459980,0.297145,0.691683,0.574471,-0.427200,-0.102000,2.460000,0.297100,0.691700,0.574500,,,,,,,0
177,1787660302.3227,1787660302.3373,0.06647,-0.266913,-0.098175,2.491185,0.265379,0.632000,0.556835,-0.481199,-0.100116,2.453464,0.331856,0.724007,0.571517,-0.481200,-0.100100,2.453500,0.331900,0.724000,0.571500,,,,,,,0
178,1787660302.3597,1787660302.3755,0.03703,-0.308330,-0.098175,2.481981,0.279185,0.650408,0.566039,-0.502027,-0.068443,2.426352,0.323064,0.689826,0.581338,-0.502000,-0.068400,2.426400,0.323100,0.689800,0.581300,,,,,,,0
179,1787660302.4114,1787660302.4266,0.05169,-0.363553,-0.098175,2.474311,0.291456,0.678020,0.572175,-0.529226,-0.057039,2.441502,0.341064,0.645800,0.595681,-0.529200,-0.057000,2.441500,0.341100,0.645800,0.595700,,,,,,,0
180,1787660302.4778,1787660302.4926,0.06635,-0.424913,-0.087437,2.460505,0.309864,0.705631,0.576777,-0.532954,-0.047380,2.439533,0.364076,0.698464,0.600075,-0.533000,-0.047400,2.439500,0.364100,0.698500,0.600100,,,,,,,0
181,1787660302.5154,1787660302.5295,0.0376,-0.457126,-0.072097,2.446699,0.317534,0.708699,0.587515,-0.572169,-0.017086,2.421502,0.354130,0.694549,0.609328,-0.572200,-0.017100,2.421500,0.354100,0.694500,0.609300,,,,,,,0
182,1787660302.5665,1787660302.5825,0.05112,-0.497010,-0.052155,2.440563,0.328272,0.701029,0.592117,-0.589499,0.012513,2.429288,0.345839,0.631999,0.604322,-0.589500,0.012500,2.429300,0.345800,0.632000,0.604300,,,,,,,1
183,1787660302.633,1787660302.6466,0.06655,-0.529223,-0.033748,2.446699,0.348214,0.673418,0.605922,-0.576908,0.028884,2.436589,0.342434,0.551852,0.613316,-0.576900,0.028900,2.436600,0.342400,0.551900,0.613300,,,,,,,1
184,1787660302.6702,1787660302.6845,0.03713,-0.547631,-0.015340,2.439029,0.346680,0.673418,0.605922,-0.586642,0.045735,2.411730,0.346630,0.498152,0.620447,-0.586600,0.045700,2.411700,0.346600,0.498200,0.620400,,,,,,,0
185,1787660302.7215,1787660302.7353,0.05132,-0.572175,0.009204,2.434428,0.339010,0.667282,0.605922,-0.612669,0.076016,2.399377,0.343872,0.394059,0.628897,-0.612700,0.076000,2.399400,0.343900,0.394100,0.628900,,,,,,,1
186,1787660302.788,1787660302.8016,0.06653,-0.578311,0.039884,2.437495,0.346680,0.624330,0.615126,-0.622927,0.092052,2.402646,0.342277,0.276591,0.635929,-0.622900,0.092100,2.402600,0.342300,0.276600,0.635900,,,,,,,1
187,1787660302.8267,1787660302.8415,0.03866,-0.578311,0.052155,2.431360,0.346680,0.590583,0.622796,-0.636991,0.101284,2.417459,0.335401,0.188476,0.642687,-0.637000,0.101300,2.417500,0.335400,0.188500,0.642700,,,,,,,0
188,1787660302.8825,1787660302.8955,0.05586,-0.595185,0.076699,2.412952,0.345146,0.507748,0.630466,-0.644317,0.111964,2.416438,0.324897,0.127037,0.652939,-0.644300,0.112000,2.416400,0.324900,0.127000,0.652900,,,,,,,0
189,1787660302.9209,1787660302.9346,0.03841,-0.608990,0.093573,2.411418,0.339010,0.452524,0.636602,-0.659708,0.129431,2.413641,0.318275,0.066087,0.651220,-0.659700,0.129400,2.413600,0.318300,0.066100,0.651200,,,,,,,0
190,1787660302.9724,1787660302.9866,0.05143,-0.625864,0.108913,2.416020,0.342078,0.362019,0.639670,-0.666067,0.139769,2.419979,0.313952,0.049222,0.644842,-0.666100,0.139800,2.420000,0.314000,0.049200,0.644800,,,,,,,0
191,1787660303.0388,1787660303.0535,0.06642,-0.641204,0.122718,2.417554,0.322136,0.251573,0.647340,-0.664522,0.158897,2.423550,0.302424,-0.007853,0.644472,-0.664500,0.158900,2.423500,0.302400,-0.007900,0.644500,,,,,,,0
192,1787660303.0775,1787660303.0925,0.03875,-0.648874,0.134990,2.416020,0.312932,0.196350,0.647340,-0.661532,0.162554,2.433371,0.305712,0.029406,0.634687,-0.661500,0.162600,2.433400,0.305700,0.029400,0.634700,,,,,,,0
193,1787660303.1343,1787660303.1485,0.05676,-0.656544,0.148796,2.420622,0.319068,0.119651,0.647340,-0.660990,0.172221,2.428613,0.299397,-0.030825,0.641148,-0.661000,0.172200,2.428600,0.299400,-0.030800,0.641100,,,,,,,0
194,1787660303.1718,1787660303.1866,0.03752,-0.656544,0.156466,2.423690,0.303728,0.078233,0.644272,-0.667749,0.186626,2.427902,0.283861,-0.013030,0.662722,-0.667700,0.186600,2.427900,0.283900,-0.013000,0.662700,,,,,,,0
195,1787660303.2234,1787660303.2384,0.05159,-0.656544,0.171806,2.431360,0.300660,0.030680,0.638136,-0.673914,0.188371,2.431811,0.290851,-0.039518,0.653662,-0.673900,0.188400,2.431800,0.290900,-0.039500,0.653700,,,,,,,0
196,1787660303.2902,1787660303.3054,0.06681,-0.656544,0.184078,2.434428,0.291456,-0.010738,0.659612,-0.674771,0.191296,2.438428,0.276067,-0.030941,0.647805,-0.674800,0.191300,2.438400,0.276100,-0.030900,0.647800,,,,,,,0
197,1787660303.357,1787660303.3704,0.06675,-0.659612,0.197884,2.429826,0.285320,-0.030680,0.658078,-0.682214,0.203117,2.432782,0.264141,-0.042251,0.646680,-0.682200,0.203100,2.432800,0.264100,-0.042300,0.646700,,,,,,,0
198,1787660303.3956,1787660303.4107,0.03862,-0.662680,0.197884,2.434428,0.294524,-0.033748,0.656544,-0.682898,0.216237,2.434278,0.247442,-0.065130,0.657969,-0.682900,0.216200,2.434300,0.247400,-0.065100,0.658000,,,,,,,0
199,1787660303.4526,1787660303.4676,0.05701,-0.665748,0.196350,2.435961,0.268447,-0.033748,0.650408,-0.680889,0.222849,2.447248,0.236933,-0.075744,0.661529,-0.680900,0.222800,2.447200,0.236900,-0.075700,0.661500,,,,,,,0
200,1787660303.5078,1787660303.5225,0.05523,-0.671884,0.216291,2.437495,0.265379,-0.044485,0.651942,-0.689471,0.235130,2.452841,0.239751,-0.087072,0.658737,-0.689500,0.235100,2.452800,0.239800,-0.087100,0.658700,,,,,,,0
201,1787660303.5466,1787660303.5607,0.03873,-0.673418,0.223961,2.440563,0.251573,-0.056757,0.655010,-0.685771,0.251226,2.458713,0.224521,-0.101300,0.710096,-0.685800,0.251200,2.458700,0.224500,-0.101300,0.710100,,,,,,,1
202,1787660303.6026,1787660303.6166,0.05601,-0.673418,0.231631,2.439029,0.234699,-0.070563,0.655010,-0.694726,0.259551,2.462818,0.211234,-0.139965,0.722385,-0.694700,0.259600,2.462800,0.211200,-0.140000,0.722400,,,,,,,1
203,1787660303.6415,1787660303.6575,0.03894,-0.674952,0.239301,2.454369,0.234699,-0.081301,0.668816,-0.704772,0.265922,2.458281,0.218748,-0.152368,0.701990,-0.704800,0.265900,2.458300,0.218700,-0.152400,0.702000,,,,,,,0
204,1787660303.7024,1787660303.7176,0.06092,-0.674952,0.260777,2.460505,0.227029,-0.096641,0.717903,-0.699640,0.286508,2.441644,0.206299,-0.179155,0.713583,-0.699600,0.286500,2.441600,0.206300,-0.179200,0.713600,,,,,,,1
205,1787660303.7691,1787660303.7826,0.06668,-0.687223,0.269981,2.449767,0.213223,-0.127320,0.705631,-0.706056,0.291545,2.437729,0.210679,-0.166745,0.700967,-0.706100,0.291500,2.437700,0.210700,-0.166700,0.701000,,,,,,,1
206,1787660303.808,1787660303.8225,0.03887,-0.694893,0.273049,2.462039,0.211689,-0.141126,0.705631,-0.700262,0.305729,2.444383,0.201270,-0.164712,0.720450,-0.700300,0.305700,2.444400,0.201300,-0.164700,0.720500,,,,,,,0
207,1787660303.8641,1787660303.8786,0.05612,-0.694893,0.291456,2.458971,0.211689,-0.167204,0.704097,-0.707310,0.334099,2.436366,0.201700,-0.170311,0.716732,-0.707300,0.334100,2.436400,0.201700,-0.170300,0.716700,,,,,,,0
208,1787660303.9027,1787660303.9175,0.0386,-0.694893,0.300660,2.437495,0.204019,-0.170272,0.708699,-0.698372,0.341075,2.432138,0.192965,-0.194787,0.709994,-0.698400,0.341100,2.432100,0.193000,-0.194800,0.710000,,,,,,,0
209,1787660303.9597,1787660303.9746,0.05705,-0.694893,0.312932,2.446699,0.202485,-0.167204,0.717903,-0.707769,0.355274,2.437223,0.184473,-0.226157,0.707831,-0.707800,0.355300,2.437200,0.184500,-0.226200,0.707800,,,,,,,0
210,1787660304.0283,1787660304.0436,0.06852,-0.696427,0.342078,2.446699,0.199418,-0.173340,0.716369,-0.705242,0.356718,2.444081,0.187115,-0.252843,0.697914,-0.705200,0.356700,2.444100,0.187100,-0.252800,0.697900,,,,,,,0
211,1787660304.0835,1787660304.0984,0.0552,-0.696427,0.354350,2.426758,0.185612,-0.196350,0.711767,-0.714480,0.369650,2.443862,0.180280,-0.337351,0.699288,-0.714500,0.369600,2.443900,0.180300,-0.337400,0.699300,,,,,,,0
212,1787660304.1217,1787660304.1364,0.03826,-0.696427,0.362019,2.440563,0.184078,-0.213223,0.708699,-0.714148,0.366603,2.460113,0.184784,-0.383943,0.688866,-0.714100,0.366600,2.460100,0.184800,-0.383900,0.688900,,,,,,,0
213,1787660304.1737,1787660304.1885,0.05201,-0.696427,0.365087,2.455903,0.194816,-0.239301,0.696427,-0.712108,0.358161,2.454568,0.187994,-0.382138,0.692233,-0.712100,0.358200,2.454600,0.188000,-0.382100,0.692200,,,,,,,0
214,1787660304.24,1787660304.2545,0.06624,-0.702563,0.374291,2.435961,0.179476,-0.273049,0.694893,-0.718274,0.352146,2.452290,0.173662,-0.445328,0.689707,-0.718300,0.352100,2.452300,0.173700,-0.445300,0.689700,,,,,,,0
215,1787660304.2776,1787660304.2916,0.03765,-0.705631,0.375825,2.448233,0.179476,-0.303728,0.694893,-0.731180,0.365577,2.457228,0.164881,-0.498183,0.687755,-0.731200,0.365600,2.457200,0.164900,-0.498200,0.687800,,,,,,,0
216,1787660304.3288,1787660304.3435,0.05112,-0.705631,0.375825,2.471243,0.193282,-0.348214,0.694893,-0.719130,0.361765,2.457334,0.152187,-0.473905,0.700244,-0.719100,0.361800,2.457300,0.152200,-0.473900,0.700200,,,,,,,0
217,1787660304.3953,1787660304.4086,0.06652,-0.713301,0.375825,2.446699,0.168738,-0.403437,0.694893,-0.736944,0.375310,2.455264,0.153765,-0.451983,0.687442,-0.736900,0.375300,2.455300,0.153800,-0.452000,0.687400,,,,,,,0
218,1787660304.432,1787660304.4455,0.03675,-0.720971,0.375825,2.454369,0.164136,-0.437185,0.696427,-0.739231,0.377214,2.457232,0.150040,-0.439920,0.686570,-0.739200,0.377200,2.457200,0.150000,-0.439900,0.686600,,,,,,,0
219,1787660304.4836,1787660304.4996,0.05162,-0.720971,0.375825,2.472777,0.161068,-0.474000,0.696427,-0.729986,0.389080,2.456579,0.159068,-0.426636,0.692930,-0.730000,0.389100,2.456600,0.159100,-0.426600,0.692900,,,,,,,0
220,1787660304.5503,1787660304.5635,0.06663,-0.724039,0.381961,2.449767,0.144194,-0.489340,0.691825,-0.730708,0.398669,2.452958,0.155226,-0.417298,0.694764,-0.730700,0.398700,2.453000,0.155200,-0.417300,0.694800,,,,,,,1
221,1787660304.5869,1787660304.6009,0.03665,-0.728641,0.385029,2.455903,0.144194,-0.487806,0.691825,-0.722048,0.395199,2.463372,0.158882,-0.430011,0.714384,-0.722000,0.395200,2.463400,0.158900,-0.430000,0.714400,,,,,,,1
222,1787660304.6387,1787660304.6523,0.05176,-0.728641,0.395767,2.471243,0.164136,-0.457126,0.691825,-0.736049,0.408004,2.458103,0.160811,-0.439422,0.698898,-0.736000,0.408000,2.458100,0.160800,-0.439400,0.698900,,,,,,,0
223,1787660304.705,1787660304.7195,0.06629,-0.728641,0.400369,2.448233,0.153398,-0.424913,0.711767,-0.732448,0.418279,2.460979,0.149424,-0.484333,0.705040,-0.732400,0.418300,2.461000,0.149400,-0.484300,0.705000,,,,,,,1
224,1787660304.7421,1787660304.7556,0.03708,-0.728641,0.400369,2.452835,0.153398,-0.420311,0.708699,-0.734279,0.427148,2.473334,0.129657,-0.476423,0.714443,-0.734300,0.427100,2.473300,0.129700,-0.476400,0.714400,,,,,,,1
225,1787660304.7936,1787660304.8077,0.05152,-0.727107,0.414175,2.471243,0.165670,-0.431049,0.702563,-0.732140,0.433182,2.479947,0.137172,-0.454010,0.791840,-0.732100,0.433200,2.479900,0.137200,-0.454000,0.791800,,,,,,,0
226,1787660304.8602,1787660304.8736,0.06661,-0.727107,0.431049,2.455903,0.139592,-0.455592,0.710233,-0.741254,0.440301,2.475608,0.139402,-0.459644,0.799908,-0.741300,0.440300,2.475600,0.139400,-0.459600,0.799900,,,,,,,0
227,1787660304.8969,1787660304.9106,0.03673,-0.727107,0.434117,2.460505,0.131922,-0.466330,0.725573,-0.735576,0.440892,2.463156,0.136353,-0.428837,0.815103,-0.735600,0.440900,2.463200,0.136400,-0.428800,0.815100,,,,,,,0
228,1787660304.9487,1787660304.9636,0.05178,-0.727107,0.438719,2.489651,0.136524,-0.469398,0.794602,-0.738521,0.450689,2.472311,0.131116,-0.441275,0.834282,-0.738500,0.450700,2.472300,0.131100,-0.441300,0.834300,,,,,,,0
229,1787660305.0153,1787660305.0296,0.06664,-0.728641,0.447922,2.477379,0.130388,-0.449456,0.809942,-0.739385,0.460138,2.467167,0.126533,-0.448500,0.861923,-0.739400,0.460100,2.467200,0.126500,-0.448500,0.861900,,,,,,,0
230,1787660305.0538,1787660305.0686,0.03848,-0.728641,0.450990,2.457437,0.128854,-0.435651,0.822214,-0.741436,0.468398,2.468378,0.115838,-0.448059,0.863672,-0.741400,0.468400,2.468400,0.115800,-0.448100,0.863700,,,,,,,0
231,1787660305.1111,1787660305.1255,0.0573,-0.728641,0.457126,2.475845,0.128854,-0.432583,0.848291,-0.740755,0.469760,2.467056,0.110132,-0.468706,0.862624,-0.740800,0.469800,2.467100,0.110100,-0.468700,0.862600,,,,,,,0
232,1787660305.1784,1787660305.1935,0.06725,-0.728641,0.475534,2.474311,0.119651,-0.443320,0.860563,-0.748468,0.471878,2.474227,0.111950,-0.468840,0.884915,-0.748500,0.471900,2.474200,0.111900,-0.468800,0.884900,,,,,,,0
233,1787660305.2152,1787660305.2286,0.03681,-0.728641,0.477068,2.458971,0.111981,-0.443320,0.860563,-0.745326,0.473076,2.469830,0.119296,-0.469606,0.881811,-0.745300,0.473100,2.469800,0.119300,-0.469600,0.881800,,,,,,,0
234,1787660305.2667,1787660305.2816,0.05155,-0.730175,0.477068,2.465107,0.110447,-0.458660,0.862097,-0.750438,0.482914,2.462021,0.118179,-0.470023,0.888726,-0.750400,0.482900,2.462000,0.118200,-0.470000,0.888700,,,,,,,0
235,1787660305.3226,1787660305.3373,0.05585,-0.736311,0.480136,2.478913,0.119651,-0.464796,0.882039,-0.746451,0.473966,2.467199,0.113960,-0.447408,0.890693,-0.746500,0.474000,2.467200,0.114000,-0.447400,0.890700,,,,,,,0
236,1787660305.3902,1787660305.4044,0.06763,-0.739379,0.484738,2.463573,0.111981,-0.464796,0.885107,-0.755033,0.481286,2.486155,0.116062,-0.466988,0.888646,-0.755000,0.481300,2.486200,0.116100,-0.467000,0.888600,,,,,,,0
237,1787660305.4295,1787660305.4445,0.03927,-0.740913,0.490874,2.458971,0.110447,-0.464796,0.886641,-0.757918,0.480702,2.478322,0.107423,-0.479450,0.872149,-0.757900,0.480700,2.478300,0.107400,-0.479400,0.872100,,,,,,,0
238,1787660305.4858,1787660305.4995,0.05628,-0.740913,0.492408,2.472777,0.110447,-0.455592,0.886641,-0.759853,0.483619,2.479767,0.105681,-0.465442,0.887683,-0.759900,0.483600,2.479800,0.105700,-0.465400,0.887700,,,,,,,0
239,1787660305.5234,1787660305.5384,0.0376,-0.742447,0.490874,2.478913,0.118117,-0.452524,0.883573,-0.761073,0.486359,2.476601,0.101833,-0.478741,0.883621,-0.761100,0.486400,2.476600,0.101800,-0.478700,0.883600,,,,,,,1
240,1787660305.5749,1787660305.5905,0.05153,-0.748583,0.492408,2.478913,0.104311,-0.463262,0.878971,-0.771396,0.484564,2.468874,0.104193,-0.464011,0.881882,-0.771400,0.484600,2.468900,0.104200,-0.464000,0.881900,,,,,,,1
241,1787660305.6413,1787660305.6545,0.06637,-0.751651,0.490874,2.466641,0.101243,-0.474000,0.885107,-0.790347,0.490533,2.478622,0.096222,-0.476794,0.877476,-0.790300,0.490500,2.478600,0.096200,-0.476800,0.877500,,,,,,,0
242,1787660305.6806,1787660305.6945,0.03937,-0.753185,0.492408,2.466641,0.101243,-0.474000,0.885107,-0.792697,0.488638,2.482775,0.086706,-0.445527,0.879337,-0.792700,0.488600,2.482800,0.086700,-0.445500,0.879300,,,,,,,1
243,1787660305.737,1787660305.7516,0.05637,-0.760854,0.492408,2.480447,0.102777,-0.467864,0.885107,-0.799463,0.493000,2.482956,0.088152,-0.449871,0.872379,-0.799500,0.493000,2.483000,0.088200,-0.449900,0.872400,,,,,,,1
244,1787660305.7924,1787660305.8076,0.05538,-0.777728,0.492408,2.481981,0.093573,-0.466330,0.882039,-0.814550,0.492631,2.488919,0.087662,-0.456496,0.874375,-0.814500,0.492600,2.488900,0.087700,-0.456500,0.874400,,,,,,,0
245,1787660305.8317,1787660305.8455,0.03937,-0.783864,0.495476,2.478913,0.084369,-0.461728,0.880505,-0.824445,0.495061,2.479894,0.086877,-0.457858,0.884939,-0.824400,0.495100,2.479900,0.086900,-0.457900,0.884900,,,,,,,0
246,1787660305.8882,1787660305.9016,0.05639,-0.791534,0.500078,2.475845,0.084369,-0.452524,0.880505,-0.843471,0.492286,2.489165,0.096078,-0.443447,0.885017,-0.843500,0.492300,2.489200,0.096100,-0.443400,0.885000,,,,,,,0
247,1787660305.9272,1787660305.9415,0.03903,-0.799204,0.501612,2.481981,0.084369,-0.452524,0.880505,-0.841858,0.501290,2.492404,0.087881,-0.439349,0.887357,-0.841900,0.501300,2.492400,0.087900,-0.439300,0.887400,,,,,,,0
248,1787660305.9868,1787660306.0016,0.05962,-0.814544,0.501612,2.492719,0.090505,-0.452524,0.880505,-0.840408,0.507163,2.495428,0.087867,-0.435783,0.902079,-0.840400,0.507200,2.495400,0.087900,-0.435800,0.902100,,,,,,,0
249,1787660306.0533,1787660306.0665,0.06651,-0.829884,0.506214,2.483515,0.084369,-0.441786,0.880505,-0.834590,0.502077,2.500783,0.084714,-0.433382,0.909147,-0.834600,0.502100,2.500800,0.084700,-0.433400,0.909100,,,,,,,0
250,1787660306.0918,1787660306.1054,0.03847,-0.831418,0.509282,2.481981,0.082835,-0.440252,0.891243,-0.837979,0.505810,2.493063,0.092627,-0.431502,0.911469,-0.838000,0.505800,2.493100,0.092600,-0.431500,0.911500,,,,,,,0
251,1787660306.1482,1787660306.1626,0.05639,-0.832952,0.515418,2.503457,0.082835,-0.438719,0.903515,-0.843915,0.505753,2.498301,0.085490,-0.432013,0.908761,-0.843900,0.505800,2.498300,0.085500,-0.432000,0.908800,,,,,,,0
252,1787660306.204,1787660306.2186,0.05586,-0.832952,0.515418,2.503457,0.090505,-0.434117,0.908117,-0.841305,0.502501,2.506511,0.091779,-0.438767,0.909785,-0.841300,0.502500,2.506500,0.091800,-0.438800,0.909800,,,,,,,0
253,1787660306.2433,1787660306.2566,0.03931,-0.832952,0.515418,2.492719,0.084369,-0.434117,0.908117,-0.855361,0.502773,2.505120,0.088610,-0.440889,0.915719,-0.855400,0.502800,2.505100,0.088600,-0.440900,0.915700,,,,,,,0
254,1787660306.2998,1787660306.3144,0.05647,-0.832952,0.515418,2.489651,0.082835,-0.434117,0.908117,-0.860859,0.505983,2.506294,0.084239,-0.456466,0.918509,-0.860900,0.506000,2.506300,0.084200,-0.456500,0.918500,,,,,,,0
255,1787660306.3391,1787660306.3536,0.0393,-0.834486,0.515418,2.508059,0.082835,-0.434117,0.909651,-0.884701,0.506076,2.505844,0.087317,-0.429646,0.906681,-0.884700,0.506100,2.505800,0.087300,-0.429600,0.906700,,,,,,,0
256,1787660306.3909,1787660306.4054,0.05184,-0.840621,0.515418,2.514195,0.090505,-0.434117,0.909651,-0.896802,0.503480,2.508192,0.087445,-0.422978,0.877108,-0.896800,0.503500,2.508200,0.087400,-0.423000,0.877100,,,,,,,0
257,1787660306.4572,1787660306.4704,0.06629,-0.859029,0.515418,2.495787,0.079767,-0.438719,0.909651,-0.881967,0.499158,2.512334,0.091169,-0.431596,0.721165,-0.882000,0.499200,2.512300,0.091200,-0.431600,0.721200,,,,,,,0
258,1787660306.4943,1787660306.5086,0.03711,-0.871301,0.515418,2.497321,0.079767,-0.435651,0.901981,-0.889264,0.503341,2.500540,0.090913,-0.416991,0.714555,-0.889300,0.503300,2.500500,0.090900,-0.417000,0.714600,,,,,,,1
259,1787660306.5461,1787660306.5596,0.05174,-0.886641,0.515418,2.517262,0.082835,-0.424913,0.874369,-0.893975,0.501239,2.508387,0.092775,-0.426725,0.696117,-0.894000,0.501200,2.508400,0.092800,-0.426700,0.696100,,,,,,,1
260,1787660306.6124,1787660306.6265,0.06637,-0.888175,0.515418,2.514195,0.084369,-0.424913,0.730175,-0.893306,0.506681,2.508747,0.091666,-0.423384,0.631305,-0.893300,0.506700,2.508700,0.091700,-0.423400,0.631300,,,,,,,0
261,1787660306.6511,1787660306.6655,0.03863,-0.886641,0.515418,2.501923,0.082835,-0.420311,0.697961,-0.887232,0.496178,2.504068,0.093595,-0.425448,0.537980,-0.887200,0.496200,2.504100,0.093600,-0.425400,0.538000,,,,,,,1
262,1787660306.7078,1787660306.7225,0.05677,-0.888175,0.515418,2.497321,0.084369,-0.420311,0.684155,-0.893244,0.494090,2.493068,0.088798,-0.427503,0.553716,-0.893200,0.494100,2.493100,0.088800,-0.427500,0.553700,,,,,,,1
263,1787660306.7455,1787660306.7605,0.03761,-0.888175,0.515418,2.512661,0.085903,-0.420311,0.601320,-0.888447,0.500608,2.499339,0.095520,-0.433935,0.466160,-0.888400,0.500600,2.499300,0.095500,-0.433900,0.466200,,,,,,,0
264,1787660306.797,1787660306.8116,0.05151,-0.888175,0.515418,2.511127,0.093573,-0.420311,0.539961,-0.890132,0.496319,2.495219,0.089334,-0.428861,0.430339,-0.890100,0.496300,2.495200,0.089300,-0.428900,0.430300,,,,,,,0
265,1787660306.8636,1787660306.8786,0.06663,-0.888175,0.515418,2.489651,0.087437,-0.424913,0.507748,-0.891791,0.494073,2.494815,0.089836,-0.415453,0.396052,-0.891800,0.494100,2.494800,0.089800,-0.415500,0.396100,,,,,,,0
266,1787660306.9025,1787660306.9175,0.03887,-0.888175,0.515418,2.491185,0.087437,-0.426447,0.441786,-0.904878,0.499847,2.498478,0.088790,-0.396679,0.411731,-0.904900,0.499800,2.498500,0.088800,-0.396700,0.411700,,,,,,,0
267,1787660306.9601,1787660306.9746,0.05764,-0.888175,0.515418,2.508059,0.095107,-0.427981,0.415709,-0.909521,0.501469,2.510190,0.080813,-0.399685,0.344333,-0.909500,0.501500,2.510200,0.080800,-0.399700,0.344300,,,,,,,0
268,1787660307.0154,1787660307.0285,0.05525,-0.888175,0.515418,2.497321,0.084369,-0.411107,0.404971,-0.913015,0.504118,2.513957,0.073384,-0.399831,0.294009,-0.913000,0.504100,2.514000,0.073400,-0.399800,0.294000,,,,,,,0
269,1787660307.0531,1787660307.0676,0.03776,-0.892777,0.515418,2.488117,0.082835,-0.400369,0.403437,-0.915874,0.497581,2.518970,0.076286,-0.402475,0.256935,-0.915900,0.497600,2.519000,0.076300,-0.402500,0.256900,,,,,,,0
270,1787660307.1047,1787660307.1196,0.05162,-0.900447,0.515418,2.504991,0.081301,-0.400369,0.340544,-0.923022,0.499460,2.516672,0.076634,-0.385045,0.252820,-0.923000,0.499500,2.516700,0.076600,-0.385000,0.252800,,,,,,,0
271,1787660307.1714,1787660307.1855,0.06665,-0.906583,0.515418,2.520330,0.081301,-0.400369,0.250039,-0.924592,0.499751,2.511983,0.072865,-0.407506,0.283947,-0.924600,0.499800,2.512000,0.072900,-0.407500,0.283900,,,,,,,0
272,1787660307.2084,1787660307.2216,0.03701,-0.906583,0.515418,2.504991,0.072097,-0.400369,0.251573,-0.934778,0.500028,2.517650,0.062645,-0.403967,0.277371,-0.934800,0.500000,2.517700,0.062600,-0.404000,0.277400,,,,,,,0
273,1787660307.2599,1787660307.2745,0.0515,-0.912719,0.515418,2.506525,0.070563,-0.388097,0.256175,-0.935355,0.489915,2.514973,0.062139,-0.404774,0.213508,-0.935400,0.489900,2.515000,0.062100,-0.404800,0.213500,,,,,,,0
274,1787660307.3267,1787660307.3406,0.06678,-0.920388,0.515418,2.524932,0.072097,-0.389631,0.274583,-0.934953,0.486030,2.522961,0.056074,-0.411312,0.191412,-0.935000,0.486000,2.523000,0.056100,-0.411300,0.191400,,,,,,,0
275,1787660307.3633,1787660307.3765,0.03661,-0.923456,0.515418,2.515728,0.058291,-0.397301,0.269981,-0.929818,0.482512,2.519836,0.053515,-0.402725,0.091032,-0.929800,0.482500,2.519800,0.053500,-0.402700,0.091000,,,,,,,0
276,1787660307.4151,1787660307.4296,0.05186,-0.926524,0.515418,2.503457,0.058291,-0.400369,0.213223,-0.929444,0.472662,2.533511,0.058569,-0.404363,0.093310,-0.929400,0.472700,2.533500,0.058600,-0.404400,0.093300,,,,,,,0
277,1787660307.4817,1787660307.4976,0.06656,-0.928058,0.515418,2.528000,0.056757,-0.403437,0.108913,-0.929889,0.461807,2.538598,0.048468,-0.392368,0.080733,-0.929900,0.461800,2.538600,0.048500,-0.392400,0.080700,,,,,,,1
278,1787660307.5374,1787660307.5505,0.05571,-0.928058,0.512350,2.529534,0.061359,-0.403437,0.093573,-0.929178,0.456697,2.536291,0.051036,-0.397626,0.122998,-0.929200,0.456700,2.536300,0.051000,-0.397600,0.123000,,,,,,,1
279,1787660307.5764,1787660307.5927,0.03901,-0.928058,0.507748,2.524932,0.055223,-0.403437,0.092039,-0.926560,0.452315,2.541347,0.048133,-0.388242,0.041517,-0.926600,0.452300,2.541300,0.048100,-0.388200,0.041500,,,,,,,0
280,1787660307.6329,1787660307.6465,0.0565,-0.928058,0.492408,2.528000,0.049087,-0.397301,0.092039,-0.923530,0.432356,2.546188,0.046751,-0.392210,0.085488,-0.923500,0.432400,2.546200,0.046800,-0.392200,0.085500,,,,,,,1
281,1787660307.6716,1787660307.6856,0.03871,-0.928058,0.489340,2.540272,0.049087,-0.397301,0.121184,-0.920643,0.423184,2.558665,0.058479,-0.384522,0.022036,-0.920600,0.423200,2.558700,0.058500,-0.384500,0.022000,,,,,,,1
282,1787660307.731,1787660307.7445,0.05943,-0.928058,0.486272,2.546408,0.053689,-0.391165,0.038350,-0.915938,0.400707,2.562984,0.056124,-0.379891,-0.016774,-0.915900,0.400700,2.563000,0.056100,-0.379900,-0.016800,,,,,,,0
283,1787660307.7977,1787660307.8125,0.06667,-0.924990,0.467864,2.537204,0.049087,-0.388097,0.026078,-0.919983,0.392791,2.578361,0.050505,-0.385654,-0.005005,-0.920000,0.392800,2.578400,0.050500,-0.385700,-0.005000,,,,,,,0
284,1787660307.8344,1787660307.8487,0.03669,-0.924990,0.455592,2.549476,0.050621,-0.386563,0.012272,-0.917005,0.367349,2.583041,0.041920,-0.392218,-0.010783,-0.917000,0.367300,2.583000,0.041900,-0.392200,-0.010800,,,,,,,0
285,1787660307.886,1787660307.9006,0.05164,-0.921922,0.441786,2.572486,0.061359,-0.381961,-0.018408,-0.915738,0.352124,2.597178,0.036960,-0.403144,-0.026540,-0.915700,0.352100,2.597200,0.037000,-0.403100,-0.026500,,,,,,,0
286,1787660307.9526,1787660307.9677,0.06653,-0.921922,0.415709,2.558680,0.042951,-0.381961,-0.004602,-0.892108,0.346246,2.612893,0.034804,-0.418675,-0.027295,-0.892100,0.346200,2.612900,0.034800,-0.418700,-0.027300,,,,,,,0
287,1787660307.9912,1787660308.0054,0.03862,-0.921922,0.401903,2.569418,0.038350,-0.386563,-0.015340,-0.899279,0.339741,2.631859,0.028284,-0.428128,-0.032802,-0.899300,0.339700,2.631900,0.028300,-0.428100,-0.032800,,,,,,,0
288,1787660308.0491,1787660308.0636,0.05788,-0.921922,0.386563,2.604699,0.046019,-0.400369,-0.029146,-0.885483,0.324808,2.622105,0.029884,-0.415221,-0.034045,-0.885500,0.324800,2.622100,0.029900,-0.415200,-0.034000,,,,,,,0
289,1787660308.1157,1787660308.1296,0.06667,-0.906583,0.372757,2.598563,0.024544,-0.418777,-0.026078,-0.767918,0.258088,2.623633,0.023573,-0.411405,-0.036456,-0.767900,0.258100,2.623600,0.023600,-0.411400,-0.036500,,,,,,,0
290,1787660308.1525,1787660308.1666,0.03682,-0.900447,0.371223,2.626175,0.026078,-0.421845,-0.026078,-0.705548,0.236854,2.626709,0.014117,-0.376309,-0.036217,-0.705500,0.236900,2.626700,0.014100,-0.376300,-0.036200,,,,,,,0
291,1787660308.2038,1787660308.2186,0.05125,-0.895845,0.362019,2.641515,0.038350,-0.418777,-0.030680,-0.637478,0.208594,2.608113,0.008825,-0.267427,-0.038732,-0.637500,0.208600,2.608100,0.008800,-0.267400,-0.038700,,,,,,,0
292,1787660308.2704,1787660308.2846,0.06663,-0.874369,0.340544,2.610835,0.015340,-0.398835,-0.026078,-0.636644,0.195588,2.597838,-0.000538,-0.273841,-0.035982,-0.636600,0.195600,2.597800,-0.000500,-0.273800,-0.036000,,,,,,,0
293,1787660308.3074,1787660308.3226,0.03701,-0.852893,0.320602,2.630777,0.018408,-0.385029,-0.032214,-0.550313,0.172913,2.572391,-0.001407,-0.080209,-0.033453,-0.550300,0.172900,2.572400,-0.001400,-0.080200,-0.033500,,,,,,,0
294,1787660308.3592,1787660308.3723,0.05175,-0.802272,0.273049,2.630777,0.015340,-0.346680,-0.035282,-0.489874,0.146793,2.562334,0.001816,0.026990,-0.032068,-0.489900,0.146800,2.562300,0.001800,0.027000,-0.032100,,,,,,,0
295,1787660308.4256,1787660308.4403,0.06645,-0.711767,0.230097,2.583224,-0.001534,-0.283786,-0.033748,-0.428908,0.123234,2.544304,0.001912,0.094904,-0.033181,-0.428900,0.123200,2.544300,0.001900,0.094900,-0.033200,,,,,,,0
296,1787660308.465,1787660308.4796,0.03931,-0.661146,0.211689,2.586292,0.000000,-0.237767,-0.033748,-0.345978,0.104854,2.475268,-0.001868,0.197682,-0.030443,-0.346000,0.104900,2.475300,-0.001900,0.197700,-0.030400,,,,,,,1
297,1787660308.522,1787660308.5364,0.057,-0.579845,0.182544,2.577088,0.009204,-0.138058,-0.033748,-0.296544,0.079155,2.414342,-0.000873,0.307620,-0.028328,-0.296500,0.079200,2.414300,-0.000900,0.307600,-0.028300,,,,,,,1
298,1787660308.5888,1787660308.6024,0.06679,-0.490874,0.150330,2.544874,-0.001534,-0.019942,-0.033748,-0.229094,0.069774,2.331199,0.004255,0.472913,-0.032687,-0.229100,0.069800,2.331200,0.004300,0.472900,-0.032700,,,,,,,0
299,1787660308.6255,1787660308.6394,0.03675,-0.441786,0.134990,2.526466,0.006136,0.039884,-0.033748,-0.150808,0.074972,2.224740,0.019257,0.674034,-0.032519,-0.150800,0.075000,2.224700,0.019300,0.674000,-0.032500,,,,,,,1
300,1787660308.677,1787660308.6916,0.05151,-0.378893,0.119651,2.475845,0.003068,0.131922,-0.033748,-0.111246,0.081267,2.173902,0.016323,0.774767,-0.028057,-0.111200,0.081300,2.173900,0.016300,0.774800,-0.028100,,,,,,,1
301,1787660308.7329,1787660308.7476,0.05589,-0.314466,0.104311,2.420622,0.009204,0.231631,-0.033748,-0.069045,0.085991,2.114440,0.012741,0.897512,-0.031391,-0.069000,0.086000,2.114400,0.012700,0.897500,-0.031400,,,,,,,0
302,1787660308.771,1787660308.7856,0.03811,-0.265379,0.102777,2.380738,0.013806,0.303728,-0.032214,-0.045565,0.075837,2.076773,0.020792,1.021162,-0.029723,-0.045600,0.075800,2.076800,0.020800,1.021200,-0.029700,,,,,,,0
303,1787660308.8221,1787660308.8363,0.0511,-0.196350,0.102777,2.302505,0.013806,0.426447,-0.032214,-0.033059,0.088634,2.055797,0.021156,1.096774,-0.033270,-0.033100,0.088600,2.055800,0.021200,1.096800,-0.033300,,,,,,,0
304,1787660308.8887,1787660308.9034,0.06657,-0.124252,0.102777,2.213534,0.013806,0.587515,-0.032214,-0.023512,0.090694,2.050556,0.017817,1.173275,-0.035200,-0.023500,0.090700,2.050600,0.017800,1.173300,-0.035200,,,,,,,0
305,1787660308.9273,1787660308.9404,0.03863,-0.090505,0.102777,2.169049,0.015340,0.674952,-0.032214,-0.030783,0.088344,2.062346,0.030778,1.196039,-0.033561,-0.030800,0.088300,2.062300,0.030800,1.196000,-0.033600,,,,,,,0
306,1787660308.9853,1787660308.9996,0.058,-0.049087,0.102777,2.109224,0.016874,0.817612,-0.032214,-0.037426,0.084483,2.095629,0.027938,1.139755,-0.028806,-0.037400,0.084500,2.095600,0.027900,1.139800,-0.028800,,,,,,,0
307,1787660309.0405,1787660309.0557,0.05518,-0.030680,0.102777,2.075476,0.019942,0.935728,-0.032214,-0.043817,0.075176,2.129771,0.033433,1.078727,-0.027256,-0.043800,0.075200,2.129800,0.033400,1.078700,-0.027300,,,,,,,0
308,1787660309.0805,1787660309.0956,0.04005,-0.029146,0.102777,2.069340,0.024544,1.003223,-0.032214,-0.038937,0.081971,2.129038,0.031534,1.092904,-0.029389,-0.038900,0.082000,2.129000,0.031500,1.092900,-0.029400,,,,,,,0
309,1787660309.1381,1787660309.1527,0.0576,-0.030680,0.104311,2.078544,0.024544,1.092194,-0.032214,-0.033348,0.082716,2.111433,0.031449,1.099376,-0.021513,-0.033300,0.082700,2.111400,0.031400,1.099400,-0.021500,,,,,,,0
310,1787660309.2046,1787660309.2197,0.06641,-0.033748,0.104311,2.119961,0.029146,1.158155,-0.032214,-0.035899,0.073256,2.139896,0.031919,1.062344,-0.022862,-0.035900,0.073300,2.139900,0.031900,1.062300,-0.022900,,,,,,,0
311,1787660309.2442,1787660309.2577,0.03963,-0.033748,0.104311,2.132233,0.029146,1.181165,-0.029146,-0.021865,0.074960,2.146972,0.030845,1.058169,-0.021543,-0.021900,0.075000,2.147000,0.030800,1.058200,-0.021500,,,,,,,0
312,1787660309.3013,1787660309.3167,0.05709,-0.035282,0.104311,2.132233,0.029146,1.191903,-0.024544,-0.021213,0.074886,2.152493,0.030879,1.016477,-0.023012,-0.021200,0.074900,2.152500,0.030900,1.016500,-0.023000,,,,,,,0
313,1787660309.3566,1787660309.3714,0.05528,-0.035282,0.104311,2.132233,0.029146,1.178097,-0.024544,-0.014177,0.078347,2.156368,0.023471,1.029595,-0.026597,-0.014200,0.078300,2.156400,0.023500,1.029600,-0.026600,,,,,,,0
314,1787660309.396,1787660309.4107,0.0394,-0.030680,0.104311,2.138369,0.029146,1.155088,-0.024544,-0.030740,0.063566,2.168310,0.027667,0.980961,-0.024724,-0.030700,0.063600,2.168300,0.027700,0.981000,-0.024700,,,,,,,0
315,1787660309.4523,1787660309.4667,0.05635,-0.026078,0.104311,2.159845,0.029146,1.093728,-0.024544,-0.032987,0.063112,2.179023,0.025976,0.987502,-0.022086,-0.033000,0.063100,2.179000,0.026000,0.987500,-0.022100,,,,,,,1
316,1787660309.4914,1787660309.5054,0.03912,-0.023010,0.104311,2.159845,0.029146,1.061515,-0.024544,-0.042625,0.057292,2.181989,0.032719,0.917993,-0.010631,-0.042600,0.057300,2.182000,0.032700,0.918000,-0.010600,,,,,,,1
317,1787660309.5482,1787660309.5627,0.05677,-0.021476,0.098175,2.175185,0.029146,1.010893,-0.024544,-0.042579,0.058330,2.179679,0.034153,0.897380,-0.017008,-0.042600,0.058300,2.179700,0.034200,0.897400,-0.017000,,,,,,,0
318,1787660309.6167,1787660309.6317,0.06849,-0.027612,0.093573,2.182855,0.029146,0.975612,-0.013806,-0.044830,0.051999,2.222520,0.020310,0.843883,-0.017020,-0.044800,0.052000,2.222500,0.020300,0.843900,-0.017000,,,,,,,1
319,1787660309.6558,1787660309.6694,0.03915,-0.032214,0.092039,2.184389,0.029146,0.948000,-0.012272,-0.037304,0.047853,2.208929,0.029084,0.890701,-0.024351,-0.037300,0.047900,2.208900,0.029100,0.890700,-0.024400,,,,,,,1
320,1787660309.7131,1787660309.7267,0.05725,-0.035282,0.090505,2.184389,0.029146,0.911185,-0.012272,-0.032982,0.052720,2.206830,0.020783,0.905442,-0.025643,-0.033000,0.052700,2.206800,0.020800,0.905400,-0.025600,,,,,,,0
321,1787660309.7796,1787660309.7945,0.06654,-0.035282,0.084369,2.207398,0.026078,0.871301,-0.019942,-0.037757,0.047351,2.214350,0.023463,0.883614,-0.018652,-0.037800,0.047400,2.214400,0.023500,0.883600,-0.018700,,,,,,,0
322,1787660309.8188,1787660309.8335,0.03919,-0.035282,0.081301,2.212000,0.026078,0.860563,-0.021476,-0.048914,0.033733,2.234336,0.030309,0.901866,-0.024131,-0.048900,0.033700,2.234300,0.030300,0.901900,-0.024100,,,,,,,0
323,1787660309.8764,1787660309.8916,0.05754,-0.035282,0.081301,2.208932,0.024544,0.859029,-0.023010,-0.057705,-0.014068,2.302494,0.030508,0.803603,-0.018179,-0.057700,-0.014100,2.302500,0.030500,0.803600,-0.018200,,,,,,,0
324,1787660309.9428,1787660309.9586,0.0664,-0.035282,0.076699,2.228874,0.026078,0.889709,-0.023010,-0.055192,-0.075909,2.451958,-0.040212,0.642929,-0.018710,-0.055200,-0.075900,2.452000,-0.040200,0.642900,-0.018700,,,,,,,0
325,1787660309.9981,1787660310.0126,0.05535,-0.041417,0.061359,2.247282,0.026078,0.897379,-0.023010,-0.044146,-0.153416,2.681297,-0.240383,0.440143,-0.022548,-0.044100,-0.153400,2.681300,-0.240400,0.440100,-0.022500,,,,,,,0
326,1787660310.0363,1787660310.0506,0.03822,-0.044485,0.046019,2.262622,0.026078,0.894311,-0.023010,-0.035119,-0.162603,2.777226,-0.350271,0.364188,-0.020061,-0.035100,-0.162600,2.777200,-0.350300,0.364200,-0.020100,,,,,,,0
327,1787660310.0884,1787660310.1034,0.05204,-0.044485,0.009204,2.308641,0.015340,0.857495,-0.023010,-0.042608,-0.167625,2.897525,-0.459074,0.319544,-0.017003,-0.042600,-0.167600,2.897500,-0.459100,0.319500,-0.017000,,,,,,,0
328,1787660310.1548,1787660310.1695,0.06647,-0.044485,-0.058291,2.394544,-0.035282,0.782330,-0.023010,-0.045246,-0.155131,3.038848,-0.639250,0.254879,-0.025236,-0.045200,-0.155100,3.038800,-0.639300,0.254900,-0.025200,,,,,,,0
329,1787660310.1921,1787660310.2054,0.03729,-0.042951,-0.093573,2.449767,-0.078233,0.731709,-0.023010,-0.050525,-0.146637,3.110732,-0.739448,0.262005,-0.027809,-0.050500,-0.146600,3.110700,-0.739400,0.262000,-0.027800,,,,,,,0
330,1787660310.2434,1787660310.2586,0.05121,-0.042951,-0.128854,2.560214,-0.154932,0.632000,-0.023010,-0.047753,-0.132519,3.139995,-0.786257,0.292647,-0.021066,-0.047800,-0.132500,3.140000,-0.786300,0.292600,-0.021100,,,,,,,0
331,1787660310.3099,1787660310.3246,0.06651,-0.042951,-0.138058,2.710544,-0.285320,0.493942,-0.024544,-0.059193,-0.134366,3.159549,-0.782588,0.332214,-0.024446,-0.059200,-0.134400,3.159500,-0.782600,0.332200,-0.024400,,,,,,,0
332,1787660310.347,1787660310.3616,0.03712,-0.042951,-0.136524,2.778039,-0.368155,0.435651,-0.024544,-0.068439,-0.138476,3.172506,-0.781041,0.325030,-0.024637,-0.068400,-0.138500,3.172500,-0.781000,0.325000,-0.024600,,,,,,,0
333,1787660310.401,1787660310.4145,0.05403,-0.042951,-0.127320,2.859340,-0.486272,0.357418,-0.024544,-0.063146,-0.136289,3.188224,-0.792958,0.318109,-0.023111,-0.063100,-0.136300,3.188200,-0.793000,0.318100,-0.023100,,,,,,,0
334,1787660310.4474,1787660310.4636,0.04638,-0.042951,-0.125786,2.914563,-0.581379,0.306796,-0.024544,-0.061532,-0.127731,3.187362,-0.781911,0.307092,-0.018896,-0.061500,-0.127700,3.187400,-0.781900,0.307100,-0.018900,,,,,,,1
335,1787660310.4963,1787660310.5095,0.04889,-0.055223,-0.125786,2.954447,-0.661146,0.273049,-0.024544,-0.066955,-0.148716,3.194781,-0.786175,0.303909,-0.022909,-0.067000,-0.148700,3.194800,-0.786200,0.303900,-0.022900,,,,,,,1
336,1787660310.5629,1787660310.5785,0.06661,-0.056757,-0.125786,2.968253,-0.736311,0.260777,-0.024544,-0.059698,-0.138577,3.190859,-0.785333,0.289489,-0.020961,-0.059700,-0.138600,3.190900,-0.785300,0.289500,-0.021000,,,,,,,0
337,1787660310.618,1787660310.6316,0.05512,-0.056757,-0.124252,2.968253,-0.774660,0.274583,-0.024544,-0.060066,-0.131712,3.196771,-0.781788,0.288357,-0.022327,-0.060100,-0.131700,3.196800,-0.781800,0.288400,-0.022300,,,,,,,1
338,1787660310.657,1787660310.6714,0.039,-0.056757,-0.124252,2.968253,-0.785398,0.292990,-0.024544,-0.062203,-0.139143,3.198518,-0.777490,0.272787,-0.020776,-0.062200,-0.139100,3.198500,-0.777500,0.272800,-0.020800,,,,,,,1
339,1787660310.7138,1787660310.7286,0.05679,-0.056757,-0.125786,2.968253,-0.783864,0.299126,-0.024544,-0.065056,-0.139902,3.182006,-0.780283,0.298582,-0.019763,-0.065100,-0.139900,3.182000,-0.780300,0.298600,-0.019800,,,,,,,0
340,1787660310.7533,1787660310.7685,0.03953,-0.056757,-0.124252,2.968253,-0.783864,0.297592,-0.024544,-0.066239,-0.142360,3.192687,-0.785143,0.299249,-0.021052,-0.066200,-0.142400,3.192700,-0.785100,0.299200,-0.021100,,,,,,,0
341,1787660310.81,1787660310.8246,0.05671,-0.056757,-0.124252,2.968253,-0.783864,0.282252,-0.024544,-0.064940,-0.144913,3.200718,-0.772291,0.282376,-0.021357,-0.064900,-0.144900,3.200700,-0.772300,0.282400,-0.021400,,,,,,,0
342,1787660310.8707,1787660310.8857,0.06072,-0.056757,-0.124252,2.968253,-0.783864,0.286854,-0.024544,-0.060082,-0.133235,3.207541,-0.760237,0.290547,-0.022475,-0.060100,-0.133200,3.207500,-0.760200,0.290500,-0.022500,,,,,,,0
343,1787660310.9044,1787660310.9187,0.03364,-0.056757,-0.124252,2.968253,-0.783864,0.296058,-0.024544,-0.057968,-0.130441,3.201752,-0.735668,0.298383,-0.021308,-0.058000,-0.130400,3.201800,-0.735700,0.298400,-0.021300,,,,,,,0
344,1787660310.9655,1787660310.9796,0.06116,-0.056757,-0.124252,2.968253,-0.774660,0.294524,-0.024544,-0.059920,-0.121949,3.201574,-0.728265,0.309285,-0.025261,-0.059900,-0.121900,3.201600,-0.728300,0.309300,-0.025300,,,,,,,0
345,1787660311.0208,1787660311.0356,0.05526,-0.056757,-0.124252,2.968253,-0.757787,0.291456,-0.024544,-0.052387,-0.128198,3.200738,-0.754656,0.313756,-0.028856,-0.052400,-0.128200,3.200700,-0.754700,0.313800,-0.028900,,,,,,,0
346,1787660311.0606,1787660311.0756,0.03978,-0.056757,-0.124252,2.968253,-0.743981,0.297592,-0.024544,-0.038796,-0.126920,3.185463,-0.745535,0.319125,-0.027132,-0.038800,-0.126900,3.185500,-0.745500,0.319100,-0.027100,,,,,,,0
347,1787660311.1184,1787660311.1337,0.05784,-0.056757,-0.118117,2.968253,-0.734777,0.309864,-0.024544,-0.054614,-0.131542,3.198505,-0.748881,0.314238,-0.032213,-0.054600,-0.131500,3.198500,-0.748900,0.314200,-0.032200,,,,,,,0
348,1787660311.1739,1787660311.1887,0.05548,-0.053689,-0.116583,2.968253,-0.739379,0.316000,-0.024544,-0.053822,-0.125074,3.203383,-0.734231,0.310100,-0.025112,-0.053800,-0.125100,3.203400,-0.734200,0.310100,-0.025100,,,,,,,0
349,1787660311.2139,1787660311.2285,0.04004,-0.046019,-0.118117,2.968253,-0.739379,0.316000,-0.026078,-0.065246,-0.132215,3.201757,-0.741432,0.302054,-0.028891,-0.065200,-0.132200,3.201800,-0.741400,0.302100,-0.028900,,,,,,,0
350,1787660311.2708,1787660311.2845,0.05682,-0.046019,-0.118117,2.968253,-0.742447,0.316000,-0.026078,-0.055527,-0.122966,3.199915,-0.742892,0.316015,-0.030339,-0.055500,-0.123000,3.199900,-0.742900,0.316000,-0.030300,,,,,,,0
351,1787660311.3377,1787660311.3526,0.06695,-0.047553,-0.118117,2.968253,-0.740913,0.314466,-0.026078,-0.061586,-0.130360,3.194869,-0.750318,0.314310,-0.028437,-0.061600,-0.130400,3.194900,-0.750300,0.314300,-0.028400,,,,,,,0
352,1787660311.377,1787660311.3915,0.03923,-0.053689,-0.118117,2.968253,-0.740913,0.309864,-0.026078,-0.056842,-0.125859,3.188965,-0.742870,0.313302,-0.031326,-0.056800,-0.125900,3.189000,-0.742900,0.313300,-0.031300,,,,,,,0
353,1787660311.4344,1787660311.4485,0.05747,-0.053689,-0.118117,2.968253,-0.740913,0.311398,-0.026078,-0.070841,-0.119843,3.187272,-0.731292,0.306162,-0.030146,-0.070800,-0.119800,3.187300,-0.731300,0.306200,-0.030100,,,,,,,1
354,1787660311.4896,1787660311.5043,0.05517,-0.053689,-0.118117,2.968253,-0.742447,0.312932,-0.026078,-0.064405,-0.138196,3.187191,-0.749577,0.310376,-0.026224,-0.064400,-0.138200,3.187200,-0.749600,0.310400,-0.026200,,,,,,,1
355,1787660311.5289,1787660311.5445,0.03926,-0.053689,-0.118117,2.968253,-0.742447,0.312932,-0.026078,-0.055970,-0.127290,3.188900,-0.733463,0.325512,-0.029952,-0.056000,-0.127300,3.188900,-0.733500,0.325500,-0.030000,,,,,,,0
356,1787660311.5857,1787660311.5995,0.05683,-0.058291,-0.116583,2.968253,-0.739379,0.312932,-0.026078,-0.063577,-0.120769,3.198333,-0.737110,0.329584,-0.027118,-0.063600,-0.120800,3.198300,-0.737100,0.329600,-0.027100,,,,,,,1
357,1787660311.6425,1787660311.6575,0.05683,-0.058291,-0.116583,2.968253,-0.740913,0.314466,-0.026078,-0.071529,-0.139388,3.172978,-0.723373,0.317523,-0.024834,-0.071500,-0.139400,3.173000,-0.723400,0.317500,-0.024800,,,,,,,1
358,1787660311.6821,1787660311.6956,0.03958,-0.058291,-0.116583,2.968253,-0.740913,0.323670,-0.026078,-0.067620,-0.145433,3.142965,-0.725586,0.349066,-0.023724,-0.067600,-0.145400,3.143000,-0.725600,0.349100,-0.023700,,,,,,,0
359,1787660311.7389,1787660311.7525,0.05682,-0.058291,-0.116583,2.968253,-0.740913,0.326738,-0.026078,-0.067422,-0.139843,3.101258,-0.712208,0.356174,-0.015942,-0.067400,-0.139800,3.101300,-0.712200,0.356200,-0.015900,,,,,,,0
360,1787660311.7944,1787660311.8105,0.05543,-0.059825,-0.116583,2.968253,-0.730175,0.326738,-0.026078,-0.071075,-0.138582,3.100901,-0.704018,0.350262,-0.013015,-0.071100,-0.138600,3.100900,-0.704000,0.350300,-0.013000,,,,,,,0
361,1787660311.8336,1787660311.8485,0.03922,-0.059825,-0.119651,2.968253,-0.730175,0.329806,-0.024544,-0.069953,-0.126646,3.098417,-0.682653,0.328974,-0.014233,-0.070000,-0.126600,3.098400,-0.682700,0.329000,-0.014200,,,,,,,0
362,1787660311.8898,1787660311.9043,0.05626,-0.059825,-0.119651,2.968253,-0.714835,0.349748,-0.015340,-0.067495,-0.112572,3.132465,-0.694851,0.325301,-0.017413,-0.067500,-0.112600,3.132500,-0.694900,0.325300,-0.017400,,,,,,,0
363,1787660311.93,1787660311.9445,0.04018,-0.059825,-0.119651,2.968253,-0.707165,0.352816,-0.013806,-0.072591,-0.102682,3.167768,-0.730093,0.309486,-0.022886,-0.072600,-0.102700,3.167800,-0.730100,0.309500,-0.022900,,,,,,,0
364,1787660311.9817,1787660311.9966,0.05162,-0.059825,-0.119651,2.968253,-0.691825,0.345146,-0.013806,-0.072063,-0.110110,3.177946,-0.726291,0.307537,-0.026220,-0.072100,-0.110100,3.177900,-0.726300,0.307500,-0.026200,,,,,,,0
365,1787660312.048,1787660312.0625,0.06637,-0.059825,-0.107379,2.968253,-0.691825,0.322136,-0.013806,-0.066336,-0.115558,3.168427,-0.723321,0.314295,-0.024197,-0.066300,-0.115600,3.168400,-0.723300,0.314300,-0.024200,,,,,,,0
366,1787660312.0846,1787660312.0986,0.03662,-0.059825,-0.099709,2.968253,-0.705631,0.314466,-0.021476,-0.060387,-0.117351,3.173869,-0.731221,0.302196,-0.017652,-0.060400,-0.117400,3.173900,-0.731200,0.302200,-0.017700,,,,,,,0
367,1787660312.1363,1787660312.1505,0.05169,-0.059825,-0.099709,2.968253,-0.722505,0.312932,-0.023010,-0.060958,-0.117002,3.174881,-0.724690,0.306872,-0.026535,-0.061000,-0.117000,3.174900,-0.724700,0.306900,-0.026500,,,,,,,0
368,1787660312.2029,1787660312.2176,0.06655,-0.059825,-0.099709,2.969787,-0.724039,0.312932,-0.023010,-0.072915,-0.120866,3.176884,-0.722427,0.303698,-0.023782,-0.072900,-0.120900,3.176900,-0.722400,0.303700,-0.023800,,,,,,,0
369,1787660312.242,1787660312.2567,0.03916,-0.059825,-0.099709,2.968253,-0.725573,0.309864,-0.023010,-0.071398,-0.123920,3.166186,-0.719933,0.285132,-0.025893,-0.071400,-0.123900,3.166200,-0.719900,0.285100,-0.025900,,,,,,,0
370,1787660312.2996,1787660312.3146,0.05761,-0.059825,-0.099709,2.969787,-0.724039,0.309864,-0.024544,-0.073617,-0.109663,3.175189,-0.723054,0.319466,-0.026196,-0.073600,-0.109700,3.175200,-0.723100,0.319500,-0.026200,,,,,,,0
371,1787660312.3659,1787660312.3806,0.06622,-0.059825,-0.099709,2.968253,-0.724039,0.302194,-0.024544,-0.070328,-0.125468,3.172075,-0.720662,0.280574,-0.026307,-0.070300,-0.125500,3.172100,-0.720700,0.280600,-0.026300,,,,,,,0
372,1787660312.4046,1787660312.4187,0.03878,-0.059825,-0.099709,2.969787,-0.724039,0.292990,-0.024544,-0.068574,-0.100636,3.179495,-0.727535,0.316476,-0.027309,-0.068600,-0.100600,3.179500,-0.727500,0.316500,-0.027300,,,,,,,1
373,1787660312.4627,1787660312.4767,0.05802,-0.059825,-0.099709,2.968253,-0.724039,0.296058,-0.024544,-0.068396,-0.111447,3.170414,-0.720944,0.306886,-0.027204,-0.068400,-0.111400,3.170400,-0.720900,0.306900,-0.027200,,,,,,,1
374,1787660312.5292,1787660312.5436,0.06654,-0.059825,-0.099709,2.968253,-0.724039,0.311398,-0.024544,-0.069777,-0.094727,3.186696,-0.717795,0.318958,-0.030391,-0.069800,-0.094700,3.186700,-0.717800,0.319000,-0.030400,,,,,,,0
375,1787660312.5678,1787660312.5837,0.03856,-0.059825,-0.099709,2.968253,-0.724039,0.312932,-0.024544,-0.070798,-0.101870,3.172772,-0.716521,0.298188,-0.026812,-0.070800,-0.101900,3.172800,-0.716500,0.298200,-0.026800,,,,,,,1
376,1787660312.6256,1787660312.6404,0.0578,-0.059825,-0.099709,2.968253,-0.724039,0.312932,-0.024544,-0.068948,-0.100118,3.177582,-0.717568,0.300477,-0.026024,-0.068900,-0.100100,3.177600,-0.717600,0.300500,-0.026000,,,,,,,1
377,1787660312.6923,1787660312.7064,0.06674,-0.059825,-0.099709,2.968253,-0.722505,0.316000,-0.024544,-0.067319,-0.102787,3.179559,-0.715809,0.298366,-0.023967,-0.067300,-0.102800,3.179600,-0.715800,0.298400,-0.024000,,,,,,,0
378,1787660312.7308,1787660312.7446,0.03848,-0.059825,-0.098175,2.968253,-0.720971,0.316000,-0.024544,-0.067491,-0.101737,3.166951,-0.714891,0.305168,-0.023013,-0.067500,-0.101700,3.167000,-0.714900,0.305200,-0.023000,,,,,,,0
379,1787660312.7887,1787660312.8033,0.05788,-0.059825,-0.096641,2.968253,-0.720971,0.305262,-0.024544,-0.066687,-0.093944,3.171376,-0.715154,0.303078,-0.023213,-0.066700,-0.093900,3.171400,-0.715200,0.303100,-0.023200,,,,,,,0
380,1787660312.8551,1787660312.8684,0.06645,-0.059825,-0.096641,2.968253,-0.719437,0.303728,-0.024544,-0.070863,-0.093559,3.182236,-0.714320,0.298060,-0.020757,-0.070900,-0.093600,3.182200,-0.714300,0.298100,-0.020800,,,,,,,0
381,1787660312.8941,1787660312.9085,0.03896,-0.059825,-0.096641,2.968253,-0.717903,0.303728,-0.024544,-0.072795,-0.094206,3.189425,-0.720944,0.301525,-0.025491,-0.072800,-0.094200,3.189400,-0.720900,0.301500,-0.025500,,,,,,,0
382,1787660312.951,1787660312.9655,0.05688,-0.059825,-0.088971,2.968253,-0.717903,0.303728,-0.024544,-0.072404,-0.086443,3.195297,-0.721583,0.291650,-0.024071,-0.072400,-0.086400,3.195300,-0.721600,0.291600,-0.024100,,,,,,,0
383,1787660313.0063,1787660313.0206,0.05538,-0.059825,-0.087437,2.968253,-0.717903,0.303728,-0.024544,-0.065796,-0.077874,3.198013,-0.728112,0.315765,-0.025226,-0.065800,-0.077900,3.198000,-0.728100,0.315800,-0.025200,,,,,,,0
384,1787660313.0454,1787660313.0616,0.03902,-0.059825,-0.087437,2.968253,-0.717903,0.303728,-0.024544,-0.078247,-0.090285,3.187363,-0.720414,0.303777,-0.024507,-0.078200,-0.090300,3.187400,-0.720400,0.303800,-0.024500,,,,,,,0
385,1787660313.1013,1787660313.1165,0.056,-0.059825,-0.079767,2.968253,-0.717903,0.299126,-0.024544,-0.074941,-0.088227,3.187732,-0.717500,0.309486,-0.025940,-0.074900,-0.088200,3.187700,-0.717500,0.309500,-0.025900,,,,,,,0
386,1787660313.1405,1787660313.1555,0.03913,-0.059825,-0.076699,2.968253,-0.720971,0.299126,-0.024544,-0.076616,-0.079067,3.197571,-0.724763,0.298972,-0.025257,-0.076600,-0.079100,3.197600,-0.724800,0.299000,-0.025300,,,,,,,0
387,1787660313.2006,1787660313.2156,0.06014,-0.062893,-0.075165,2.968253,-0.719437,0.303728,-0.024544,-0.072048,-0.079711,3.181463,-0.718718,0.302927,-0.029077,-0.072000,-0.079700,3.181500,-0.718700,0.302900,-0.029100,,,,,,,0
388,1787660313.2561,1787660313.2695,0.05549,-0.065961,-0.075165,2.968253,-0.719437,0.306796,-0.024544,-0.076836,-0.087548,3.184388,-0.717046,0.303213,-0.025930,-0.076800,-0.087500,3.184400,-0.717000,0.303200,-0.025900,,,,,,,0
389,1787660313.2952,1787660313.3105,0.0391,-0.065961,-0.075165,2.968253,-0.719437,0.306796,-0.024544,-0.078342,-0.074177,3.194236,-0.724879,0.317157,-0.029052,-0.078300,-0.074200,3.194200,-0.724900,0.317200,-0.029100,,,,,,,0
390,1787660313.3522,1787660313.3656,0.05701,-0.065961,-0.075165,2.968253,-0.717903,0.306796,-0.024544,-0.078842,-0.078961,3.181779,-0.723843,0.309345,-0.031058,-0.078800,-0.079000,3.181800,-0.723800,0.309300,-0.031100,,,,,,,0
391,1787660313.4083,1787660313.4215,0.05604,-0.065961,-0.075165,2.968253,-0.717903,0.308330,-0.024544,-0.072804,-0.085045,3.180021,-0.719807,0.322398,-0.032663,-0.072800,-0.085000,3.180000,-0.719800,0.322400,-0.032700,,,,,,,1
392,1787660313.4475,1787660313.4636,0.03926,-0.065961,-0.070563,2.968253,-0.717903,0.314466,-0.024544,-0.074054,-0.081048,3.181848,-0.723404,0.330481,-0.029915,-0.074100,-0.081000,3.181800,-0.723400,0.330500,-0.029900,,,,,,,1
393,1787660313.5035,1787660313.5175,0.05598,-0.065961,-0.070563,2.968253,-0.717903,0.314466,-0.024544,-0.075159,-0.085515,3.178834,-0.717348,0.307465,-0.031364,-0.075200,-0.085500,3.178800,-0.717300,0.307500,-0.031400,,,,,,,0
394,1787660313.5426,1787660313.5585,0.03912,-0.065961,-0.070563,2.968253,-0.717903,0.319068,-0.024544,-0.077564,-0.075799,3.168905,-0.727941,0.334992,-0.028458,-0.077600,-0.075800,3.168900,-0.727900,0.335000,-0.028500,,,,,,,1
395,1787660313.5995,1787660313.6135,0.05687,-0.065961,-0.070563,2.968253,-0.717903,0.326738,-0.024544,-0.079718,-0.077405,3.147586,-0.729330,0.335572,-0.024217,-0.079700,-0.077400,3.147600,-0.729300,0.335600,-0.024200,,,,,,,1
396,1787660313.6691,1787660313.6835,0.06966,-0.065961,-0.070563,2.968253,-0.719437,0.325204,-0.024544,-0.072905,-0.078026,3.164337,-0.721282,0.337174,-0.025944,-0.072900,-0.078000,3.164300,-0.721300,0.337200,-0.025900,,,,,,,0
397,1787660313.7083,1787660313.7225,0.03911,-0.065961,-0.070563,2.968253,-0.722505,0.323670,-0.024544,-0.072728,-0.074581,3.164934,-0.729188,0.328521,-0.027963,-0.072700,-0.074600,3.164900,-0.729200,0.328500,-0.028000,,,,,,,0
398,1787660313.7656,1787660313.7796,0.05736,-0.065961,-0.070563,2.968253,-0.724039,0.334408,-0.024544,-0.075881,-0.069132,3.167191,-0.728234,0.336530,-0.025362,-0.075900,-0.069100,3.167200,-0.728200,0.336500,-0.025400,,,,,,,0
399,1787660313.8322,1787660313.8465,0.06655,-0.065961,-0.070563,2.968253,-0.724039,0.335942,-0.024544,-0.074861,-0.066643,3.161421,-0.723226,0.323945,-0.026095,-0.074900,-0.066600,3.161400,-0.723200,0.323900,-0.026100,,,,,,,0
400,1787660313.8711,1787660313.8847,0.03895,-0.065961,-0.070563,2.968253,-0.724039,0.335942,-0.024544,-0.076297,-0.071818,3.138843,-0.716543,0.323527,-0.024607,-0.076300,-0.071800,3.138800,-0.716500,0.323500,-0.024600,,,,,,,0
401,1787660313.9289,1787660313.9425,0.05783,-0.065961,-0.062893,2.968253,-0.724039,0.335942,-0.024544,-0.091268,-0.074416,3.161349,-0.716172,0.341959,-0.020987,-0.091300,-0.074400,3.161300,-0.716200,0.342000,-0.021000,,,,,,,0
402,1787660313.9952,1787660314.0096,0.06627,-0.065961,-0.061359,2.968253,-0.724039,0.329806,-0.024544,-0.077262,-0.061353,3.164568,-0.717086,0.313701,-0.022808,-0.077300,-0.061400,3.164600,-0.717100,0.313700,-0.022800,,,,,,,0
403,1787660314.0343,1787660314.0496,0.03913,-0.065961,-0.061359,2.968253,-0.719437,0.329806,-0.024544,-0.079800,-0.044152,3.171421,-0.723199,0.351784,-0.021752,-0.079800,-0.044200,3.171400,-0.723200,0.351800,-0.021800,,,,,,,0
404,1787660314.0918,1787660314.1054,0.05744,-0.076699,-0.061359,2.968253,-0.719437,0.335942,-0.024544,-0.091035,-0.064471,3.167487,-0.715845,0.330341,-0.028145,-0.091000,-0.064500,3.167500,-0.715800,0.330300,-0.028100,,,,,,,0
405,1787660314.1473,1787660314.1616,0.05551,-0.078233,-0.053689,2.968253,-0.719437,0.340544,-0.024544,-0.092387,-0.065189,3.134954,-0.724199,0.301393,-0.020924,-0.092400,-0.065200,3.135000,-0.724200,0.301400,-0.020900,,,,,,,0
406,1787660314.187,1787660314.2016,0.03973,-0.078233,-0.042951,2.968253,-0.720971,0.348214,-0.024544,-0.092637,-0.076062,3.136397,-0.711722,0.353679,-0.028188,-0.092600,-0.076100,3.136400,-0.711700,0.353700,-0.028200,,,,,,,0
407,1787660314.2437,1787660314.2577,0.05664,-0.078233,-0.042951,2.968253,-0.720971,0.348214,-0.024544,-0.082191,-0.078914,3.131483,-0.719190,0.338792,-0.028562,-0.082200,-0.078900,3.131500,-0.719200,0.338800,-0.028600,,,,,,,0
408,1787660314.3113,1787660314.3246,0.06766,-0.078233,-0.046019,2.968253,-0.720971,0.314466,-0.024544,-0.079814,-0.080958,3.130149,-0.714649,0.316930,-0.023195,-0.079800,-0.081000,3.130100,-0.714600,0.316900,-0.023200,,,,,,,0
409,1787660314.3501,1787660314.3643,0.03874,-0.078233,-0.046019,2.968253,-0.717903,0.308330,-0.024544,-0.079744,-0.088478,3.132175,-0.716989,0.341136,-0.025434,-0.079700,-0.088500,3.132200,-0.717000,0.341100,-0.025400,,,,,,,0
410,1787660314.4066,1787660314.4206,0.05649,-0.078233,-0.047553,2.968253,-0.717903,0.317534,-0.024544,-0.085729,-0.069585,3.136945,-0.728426,0.356226,-0.027203,-0.085700,-0.069600,3.136900,-0.728400,0.356200,-0.027200,,,,,,,1
411,1787660314.4629,1787660314.4777,0.05632,-0.078233,-0.055223,2.968253,-0.717903,0.332874,-0.024544,-0.084491,-0.074857,3.140699,-0.722296,0.339917,-0.023336,-0.084500,-0.074900,3.140700,-0.722300,0.339900,-0.023300,,,,,,,1
412,1787660314.5024,1787660314.5185,0.03949,-0.078233,-0.062893,2.968253,-0.717903,0.340544,-0.024544,-0.086181,-0.072764,3.134044,-0.714493,0.352016,-0.024490,-0.086200,-0.072800,3.134000,-0.714500,0.352000,-0.024500,,,,,,,0
413,1787660314.5608,1787660314.5756,0.05847,-0.078233,-0.061359,2.968253,-0.720971,0.352816,-0.024544,-0.092666,-0.097865,3.082600,-0.707621,0.332063,-0.022280,-0.092700,-0.097900,3.082600,-0.707600,0.332100,-0.022300,,,,,,,1
414,1787660314.6161,1787660314.6296,0.05527,-0.078233,-0.061359,2.968253,-0.719437,0.352816,-0.024544,-0.100966,-0.094594,3.076922,-0.650552,0.311615,-0.017168,-0.101000,-0.094600,3.076900,-0.650600,0.311600,-0.017200,,,,,,,1
415,1787660314.6552,1787660314.6695,0.0391,-0.078233,-0.061359,2.968253,-0.716369,0.352816,-0.024544,-0.103200,-0.092006,3.048293,-0.605168,0.304505,-0.015035,-0.103200,-0.092000,3.048300,-0.605200,0.304500,-0.015000,,,,,,,0
416,1787660314.7113,1787660314.7266,0.05614,-0.078233,-0.064427,2.968253,-0.708699,0.340544,-0.024544,-0.093560,-0.098317,3.065701,-0.635456,0.335310,-0.017112,-0.093600,-0.098300,3.065700,-0.635500,0.335300,-0.017100,,,,,,,0
417,1787660314.7505,1787660314.7655,0.03921,-0.082835,-0.070563,2.968253,-0.699495,0.323670,-0.024544,-0.085671,-0.095344,3.090949,-0.675683,0.357445,-0.014129,-0.085700,-0.095300,3.090900,-0.675700,0.357400,-0.014100,,,,,,,0
418,1787660314.8017,1787660314.8165,0.05117,-0.090505,-0.070563,2.968253,-0.667282,0.312932,-0.021476,-0.082800,-0.084333,3.095665,-0.683259,0.359055,-0.009200,-0.082800,-0.084300,3.095700,-0.683300,0.359100,-0.009200,,,,,,,0
419,1787660314.8684,1787660314.8835,0.06665,-0.090505,-0.070563,2.968253,-0.624330,0.319068,-0.016874,-0.077374,-0.089197,3.040244,-0.685286,0.391755,0.022657,-0.077400,-0.089200,3.040200,-0.685300,0.391800,0.022700,,,,,,,0
420,1787660314.9049,1787660314.9195,0.03649,-0.090505,-0.070563,2.968253,-0.615126,0.340544,-0.015340,-0.078853,-0.079733,3.035381,-0.689024,0.414538,0.076670,-0.078900,-0.079700,3.035400,-0.689000,0.414500,0.076700,,,,,,,0
421,1787660314.957,1787660314.9714,0.05211,-0.090505,-0.070563,2.968253,-0.618194,0.355884,-0.012272,-0.078551,-0.073520,2.976123,-0.662753,0.471912,0.154568,-0.078600,-0.073500,2.976100,-0.662800,0.471900,0.154600,,,,,,,0
422,1787660315.0235,1787660315.0384,0.0665,-0.085903,-0.070563,2.968253,-0.655010,0.377359,0.079767,-0.113494,-0.037172,2.915087,-0.585783,0.534212,0.228318,-0.113500,-0.037200,2.915100,-0.585800,0.534200,0.228300,,,,,,,0
423,1787660315.0621,1787660315.0766,0.03864,-0.085903,-0.070563,2.968253,-0.673418,0.397301,0.088971,-0.140609,-0.028863,2.861548,-0.533683,0.512645,0.253469,-0.140600,-0.028900,2.861500,-0.533700,0.512600,0.253500,,,,,,,0
424,1787660315.1191,1787660315.1325,0.05703,-0.085903,-0.069029,2.968253,-0.681087,0.443320,0.193282,-0.171897,-0.018321,2.810217,-0.505639,0.466268,0.254190,-0.171900,-0.018300,2.810200,-0.505600,0.466300,0.254200,,,,,,,0
425,1787660315.1574,1787660315.1704,0.03824,-0.085903,-0.059825,2.966719,-0.673418,0.474000,0.251573,-0.188283,-0.013722,2.719999,-0.345153,0.513892,0.260645,-0.188300,-0.013700,2.720000,-0.345200,0.513900,0.260600,,,,,,,0
426,1787660315.2076,1787660315.2225,0.05024,-0.105845,-0.032214,2.939107,-0.638136,0.512350,0.257709,-0.199286,-0.020114,2.605780,-0.203082,0.498685,0.217174,-0.199300,-0.020100,2.605800,-0.203100,0.498700,0.217200,,,,,,,0
427,1787660315.2569,1787660315.2714,0.04927,-0.138058,-0.015340,2.890020,-0.585981,0.530757,0.257709,-0.223760,-0.017761,2.521214,-0.083884,0.486214,0.204304,-0.223800,-0.017800,2.521200,-0.083900,0.486200,0.204300,,,,,,,0
428,1787660315.3236,1787660315.3374,0.06666,-0.176408,-0.012272,2.801049,-0.486272,0.527689,0.220893,-0.234857,-0.010793,2.423847,0.033601,0.501700,0.199857,-0.234900,-0.010800,2.423800,0.033600,0.501700,0.199900,,,,,,,0
429,1787660315.3613,1787660315.3765,0.03773,-0.188680,-0.012272,2.745826,-0.420311,0.510816,0.213223,-0.265848,-0.003229,2.346265,0.153719,0.543886,0.238503,-0.265800,-0.003200,2.346300,0.153700,0.543900,0.238500,,,,,,,1
430,1787660315.4118,1787660315.4275,0.05049,-0.205553,-0.012272,2.666059,-0.314466,0.495476,0.207087,-0.307367,0.008265,2.278089,0.230783,0.563099,0.256632,-0.307400,0.008300,2.278100,0.230800,0.563100,0.256600,,,,,,,1
431,1787660315.4783,1787660315.4935,0.06655,-0.231631,0.001534,2.561748,-0.181010,0.497010,0.236233,-0.331917,0.024635,2.210249,0.347972,0.604910,0.309800,-0.331900,0.024600,2.210200,0.348000,0.604900,0.309800,,,,,,,0
432,1787660315.5162,1787660315.5307,0.03785,-0.245437,0.004602,2.504991,-0.105845,0.523087,0.246971,-0.356110,0.065562,2.123602,0.480077,0.771898,0.509743,-0.356100,0.065600,2.123600,0.480100,0.771900,0.509700,,,,,,,1
433,1787660315.5668,1787660315.5817,0.05059,-0.276117,0.012272,2.423690,0.003068,0.552233,0.254641,-0.375147,0.063755,2.101269,0.523663,0.799361,0.613536,-0.375100,0.063800,2.101300,0.523700,0.799400,0.613500,,,,,,,1
434,1787660315.6334,1787660315.6477,0.06667,-0.316000,0.030680,2.322447,0.136524,0.587515,0.421845,-0.381136,0.085061,2.061649,0.552745,0.825846,0.641504,-0.381100,0.085100,2.061600,0.552700,0.825800,0.641500,,,,,,,0
435,1787660315.6707,1787660315.6856,0.03721,-0.335942,0.052155,2.267224,0.210155,0.619728,0.536893,-0.385935,0.099852,2.042301,0.572806,0.853725,0.660561,-0.385900,0.099900,2.042300,0.572800,0.853700,0.660600,,,,,,,0
436,1787660315.722,1787660315.7365,0.0513,-0.358952,0.073631,2.196660,0.317534,0.682621,0.618194,-0.408297,0.114363,2.023190,0.601557,0.908947,0.656679,-0.408300,0.114400,2.023200,0.601600,0.908900,0.656700,,,,,,,0
437,1787660315.7884,1787660315.8016,0.06649,-0.374291,0.088971,2.123029,0.424913,0.765456,0.661146,-0.433768,0.123560,2.012542,0.623508,0.953810,0.655083,-0.433800,0.123600,2.012500,0.623500,0.953800,0.655100,,,,,,,0
438,1787660315.8255,1787660315.8404,0.0371,-0.377359,0.104311,2.089282,0.467864,0.803806,0.661146,-0.453888,0.151683,2.004159,0.625978,1.000507,0.641576,-0.453900,0.151700,2.004200,0.626000,1.000500,0.641600,,,,,,,0
439,1787660315.877,1787660315.8926,0.05143,-0.386563,0.124252,2.055534,0.539961,0.857495,0.661146,-0.473173,0.197230,1.987389,0.625759,1.027866,0.608444,-0.473200,0.197200,1.987400,0.625800,1.027900,0.608400,,,,,,,0
440,1787660315.9436,1787660315.9565,0.06659,-0.417243,0.138058,2.026389,0.592117,0.924990,0.644272,-0.479993,0.210765,1.977501,0.625718,1.035089,0.610770,-0.480000,0.210800,1.977500,0.625700,1.035100,0.610800,,,,,,,0
441,1787660315.9811,1787660315.9953,0.03753,-0.435651,0.153398,2.017185,0.605922,0.958738,0.632000,-0.481593,0.238971,1.970968,0.602477,1.037158,0.608676,-0.481600,0.239000,1.971000,0.602500,1.037200,0.608700,,,,,,,0
442,1787660316.032,1787660316.0466,0.05088,-0.458660,0.188680,2.009515,0.624330,1.000155,0.610524,-0.485347,0.256930,1.983651,0.595936,1.042334,0.634150,-0.485300,0.256900,1.983700,0.595900,1.042300,0.634100,,,,,,,0
443,1787660316.0879,1787660316.1035,0.05598,-0.472466,0.220893,1.992641,0.621262,1.027767,0.610524,-0.499711,0.284609,1.953560,0.593009,1.025807,0.630599,-0.499700,0.284600,1.953600,0.593000,1.025800,0.630600,,,,,,,0
444,1787660316.1434,1787660316.1586,0.05545,-0.475534,0.250039,1.986505,0.593651,1.036971,0.630466,-0.499778,0.303621,1.957582,0.568538,1.027118,0.631578,-0.499800,0.303600,1.957600,0.568500,1.027100,0.631600,,,,,,,0
445,1787660316.1829,1787660316.1975,0.03956,-0.475534,0.265379,1.988039,0.593651,1.038505,0.632000,-0.498801,0.322696,1.963088,0.559894,1.049884,0.628955,-0.498800,0.322700,1.963100,0.559900,1.049900,0.629000,,,,,,,0
446,1787660316.2393,1787660316.2536,0.0564,-0.484738,0.289922,1.984971,0.595185,1.033903,0.633534,-0.511520,0.327491,1.950959,0.565183,1.015092,0.631780,-0.511500,0.327500,1.951000,0.565200,1.015100,0.631800,,,,,,,0
447,1787660316.2785,1787660316.2926,0.03917,-0.489340,0.305262,1.972699,0.581379,1.032369,0.633534,-0.509065,0.346370,1.957194,0.545511,1.003327,0.631451,-0.509100,0.346400,1.957200,0.545500,1.003300,0.631500,,,,,,,0
448,1787660316.338,1787660316.3525,0.05944,-0.492408,0.331340,1.971165,0.566039,1.044641,0.632000,-0.528738,0.356269,1.955750,0.540146,0.926282,0.637274,-0.528700,0.356300,1.955700,0.540100,0.926300,0.637300,,,,,,,1
449,1787660316.4044,1787660316.4186,0.06642,-0.493942,0.345146,1.969631,0.561437,1.040039,0.633534,-0.550912,0.366361,1.953318,0.533883,0.871149,0.640604,-0.550900,0.366400,1.953300,0.533900,0.871100,0.640600,,,,,,,1
450,1787660316.4434,1787660316.4575,0.03903,-0.500078,0.354350,1.968097,0.544563,1.027767,0.632000,-0.559427,0.369094,1.960249,0.509684,0.851510,0.638460,-0.559400,0.369100,1.960200,0.509700,0.851500,0.638500,,,,,,,0
451,1787660316.5011,1787660316.5165,0.0577,-0.513884,0.366621,1.968097,0.547631,0.974078,0.633534,-0.575500,0.390092,1.955266,0.479929,0.732132,0.646403,-0.575500,0.390100,1.955300,0.479900,0.732100,0.646400,,,,,,,1
452,1787660316.5675,1787660316.5805,0.06637,-0.539961,0.378893,1.968097,0.520019,0.909651,0.633534,-0.597319,0.400503,1.968360,0.460054,0.671974,0.644665,-0.597300,0.400500,1.968400,0.460100,0.672000,0.644700,,,,,,,1
453,1787660316.6061,1787660316.6205,0.03864,-0.552233,0.380427,1.968097,0.512350,0.882039,0.638136,-0.612405,0.392372,1.979439,0.451933,0.613851,0.648657,-0.612400,0.392400,1.979400,0.451900,0.613900,0.648700,,,,,,,0
454,1787660316.6624,1787660316.6765,0.05632,-0.566039,0.395767,1.969631,0.487806,0.823748,0.641204,-0.618871,0.402816,1.975538,0.443922,0.540114,0.648707,-0.618900,0.402800,1.975500,0.443900,0.540100,0.648700,,,,,,,0
455,1787660316.7003,1787660316.7135,0.03786,-0.575243,0.408039,1.968097,0.463262,0.777728,0.641204,-0.640001,0.412370,1.979319,0.438952,0.564326,0.648777,-0.640000,0.412400,1.979300,0.439000,0.564300,0.648800,,,,,,,0
456,1787660316.752,1787660316.7664,0.05172,-0.596719,0.409573,1.981903,0.463262,0.710233,0.641204,-0.661519,0.428014,1.982277,0.433617,0.556157,0.651346,-0.661500,0.428000,1.982300,0.433600,0.556200,0.651300,,,,,,,0
457,1787660316.8185,1787660316.8326,0.06653,-0.619728,0.414175,1.978835,0.434117,0.633534,0.642738,-0.687213,0.453855,1.973804,0.448396,0.605321,0.645722,-0.687200,0.453900,1.973800,0.448400,0.605300,0.645700,,,,,,,0
458,1787660316.8553,1787660316.8696,0.03671,-0.628932,0.421845,1.977301,0.434117,0.602854,0.642738,-0.699121,0.475784,1.952250,0.440672,0.707459,0.642086,-0.699100,0.475800,1.952300,0.440700,0.707500,0.642100,,,,,,,0
459,1787660316.9069,1787660316.9206,0.05162,-0.644272,0.437185,1.984971,0.443320,0.572175,0.648874,-0.693993,0.490539,1.945193,0.430043,0.726983,0.644384,-0.694000,0.490500,1.945200,0.430000,0.727000,0.644400,,,,,,,0
460,1787660316.9733,1787660316.9875,0.06642,-0.670350,0.457126,1.972699,0.434117,0.566039,0.647340,-0.710572,0.509364,1.940590,0.431707,0.694837,0.637396,-0.710600,0.509400,1.940600,0.431700,0.694800,0.637400,,,,,,,0
461,1787660317.0104,1787660317.0235,0.0371,-0.682621,0.475534,1.965029,0.441786,0.575243,0.647340,-0.690913,0.519962,1.923737,0.395499,0.744573,0.640669,-0.690900,0.520000,1.923700,0.395500,0.744600,0.640700,,,,,,,0
462,1787660317.0622,1787660317.0755,0.05179,-0.691825,0.501612,1.958893,0.423379,0.618194,0.647340,-0.709377,0.527592,1.930273,0.404145,0.735953,0.638542,-0.709400,0.527600,1.930300,0.404100,0.736000,0.638500,,,,,,,0
463,1787660317.1286,1787660317.1437,0.06638,-0.690291,0.520019,1.948156,0.424913,0.681087,0.645806,-0.709209,0.536490,1.927933,0.391304,0.741942,0.641228,-0.709200,0.536500,1.927900,0.391300,0.741900,0.641200,,,,,,,0
464,1787660317.1677,1787660317.1816,0.0391,-0.690291,0.527689,1.935884,0.400369,0.710233,0.645806,-0.690084,0.551589,1.930150,0.369412,0.707129,0.631077,-0.690100,0.551600,1.930200,0.369400,0.707100,0.631100,,,,,,,0
465,1787660317.225,1787660317.2394,0.05735,-0.696427,0.539961,1.938952,0.404971,0.737845,0.645806,-0.697628,0.567708,1.919311,0.365407,0.710980,0.636834,-0.697600,0.567700,1.919300,0.365400,0.711000,0.636800,,,,,,,0
466,1787660317.2914,1787660317.3054,0.0664,-0.701029,0.556835,1.935884,0.377359,0.739379,0.628932,-0.692666,0.582437,1.908444,0.380780,0.691109,0.638431,-0.692700,0.582400,1.908400,0.380800,0.691100,0.638400,,,,,,,0
467,1787660317.3309,1787660317.3447,0.03952,-0.699495,0.562971,1.931282,0.371223,0.724039,0.630466,-0.704912,0.577633,1.908886,0.382913,0.709143,0.641039,-0.704900,0.577600,1.908900,0.382900,0.709100,0.641000,,,,,,,1
468,1787660317.3875,1787660317.4017,0.05651,-0.694893,0.579845,1.934350,0.374291,0.714835,0.633534,-0.690895,0.587351,1.898174,0.373336,0.708689,0.638491,-0.690900,0.587400,1.898200,0.373300,0.708700,0.638500,,,,,,,1
469,1787660317.443,1787660317.4574,0.05551,-0.694893,0.593651,1.917476,0.372757,0.708699,0.633534,-0.685816,0.585661,1.899241,0.367854,0.733423,0.641265,-0.685800,0.585700,1.899200,0.367900,0.733400,0.641300,,,,,,,0
470,1787660317.4821,1787660317.4975,0.0391,-0.696427,0.593651,1.917476,0.385029,0.708699,0.633534,-0.672364,0.593633,1.906358,0.362997,0.723155,0.636253,-0.672400,0.593600,1.906400,0.363000,0.723200,0.636300,,,,,,,1
471,1787660317.5385,1787660317.5536,0.05639,-0.696427,0.593651,1.911340,0.365087,0.707165,0.633534,-0.667424,0.595464,1.899897,0.355129,0.727328,0.637206,-0.667400,0.595500,1.899900,0.355100,0.727300,0.637200,,,,,,,1
472,1787660317.5786,1787660317.5937,0.04012,-0.691825,0.593651,1.908272,0.363553,0.714835,0.633534,-0.655569,0.605065,1.913581,0.367946,0.738004,0.630850,-0.655600,0.605100,1.913600,0.367900,0.738000,0.630900,,,,,,,0
473,1787660317.6372,1787660317.6505,0.05864,-0.679553,0.602854,1.911340,0.366621,0.722505,0.633534,-0.649475,0.606440,1.906603,0.368332,0.752378,0.633051,-0.649500,0.606400,1.906600,0.368300,0.752400,0.633100,,,,,,,0
474,1787660317.6928,1787660317.7073,0.05563,-0.668816,0.608990,1.911340,0.352816,0.731709,0.633534,-0.653952,0.606322,1.916076,0.367828,0.745435,0.634311,-0.654000,0.606300,1.916100,0.367800,0.745400,0.634300,,,,,,,0
475,1787660317.7319,1787660317.7465,0.03902,-0.659612,0.613592,1.914408,0.360485,0.737845,0.633534,-0.674438,0.613137,1.924657,0.351586,0.734431,0.636196,-0.674400,0.613100,1.924700,0.351600,0.734400,0.636200,,,,,,,0
476,1787660317.7901,1787660317.8043,0.05829,-0.653476,0.615126,1.915942,0.371223,0.748583,0.632000,-0.679949,0.616562,1.919174,0.338951,0.723632,0.635725,-0.679900,0.616600,1.919200,0.339000,0.723600,0.635700,,,,,,,0
477,1787660317.8566,1787660317.8713,0.06649,-0.651942,0.619728,1.919010,0.363553,0.745515,0.632000,-0.690433,0.616610,1.919594,0.325284,0.719022,0.638582,-0.690400,0.616600,1.919600,0.325300,0.719000,0.638600,,,,,,,0
478,1787660317.8956,1787660317.9106,0.03898,-0.661146,0.622796,1.925146,0.354350,0.739379,0.632000,-0.690018,0.613203,1.918220,0.323339,0.719736,0.633858,-0.690000,0.613200,1.918200,0.323300,0.719700,0.633900,,,,,,,0
479,1787660317.9534,1787660317.9685,0.05775,-0.673418,0.627398,1.925146,0.337476,0.728641,0.632000,-0.698125,0.625263,1.904820,0.309102,0.722164,0.634177,-0.698100,0.625300,1.904800,0.309100,0.722200,0.634200,,,,,,,0
480,1787660318.0197,1787660318.0345,0.06629,-0.679553,0.627398,1.925146,0.326738,0.724039,0.632000,-0.699780,0.631975,1.905448,0.306561,0.726039,0.639717,-0.699800,0.632000,1.905400,0.306600,0.726000,0.639700,,,,,,,0
481,1787660318.059,1787660318.0734,0.03933,-0.681087,0.627398,1.922078,0.317534,0.724039,0.632000,-0.698261,0.635669,1.898384,0.304028,0.707948,0.637976,-0.698300,0.635700,1.898400,0.304000,0.707900,0.638000,,,,,,,0
482,1787660318.1163,1787660318.1296,0.05727,-0.687223,0.636602,1.919010,0.316000,0.722505,0.632000,-0.689166,0.648660,1.891948,0.302814,0.707955,0.635592,-0.689200,0.648700,1.891900,0.302800,0.708000,0.635600,,,,,,,0
483,1787660318.1826,1787660318.1966,0.06636,-0.690291,0.647340,1.911340,0.306796,0.722505,0.633534,-0.691134,0.643887,1.886595,0.300473,0.700588,0.636810,-0.691100,0.643900,1.886600,0.300500,0.700600,0.636800,,,,,,,0
484,1787660318.2218,1787660318.2366,0.03912,-0.690291,0.647340,1.911340,0.306796,0.714835,0.633534,-0.698296,0.643179,1.888461,0.301774,0.693450,0.636538,-0.698300,0.643200,1.888500,0.301800,0.693400,0.636500,,,,,,,0
485,1787660318.2793,1787660318.2925,0.05756,-0.690291,0.656544,1.900602,0.305262,0.713301,0.638136,-0.705015,0.631171,1.894837,0.298396,0.688766,0.639183,-0.705000,0.631200,1.894800,0.298400,0.688800,0.639200,,,,,,,0
486,1787660318.3456,1787660318.3595,0.06623,-0.690291,0.656544,1.896000,0.303728,0.701029,0.638136,-0.701533,0.643005,1.891706,0.298253,0.691888,0.637523,-0.701500,0.643000,1.891700,0.298300,0.691900,0.637500,,,,,,,1
487,1787660318.3849,1787660318.3995,0.03936,-0.690291,0.656544,1.896000,0.303728,0.699495,0.638136,-0.686289,0.638724,1.895464,0.308295,0.717541,0.507814,-0.686300,0.638700,1.895500,0.308300,0.717500,0.507800,,,,,,,1
488,1787660318.4423,1787660318.4554,0.05735,-0.693359,0.656544,1.896000,0.303728,0.694893,0.638136,-0.691254,0.649035,1.888896,0.317255,0.696150,0.299005,-0.691300,0.649000,1.888900,0.317300,0.696200,0.299000,,,,,,,0
489,1787660318.4977,1787660318.5105,0.05541,-0.693359,0.656544,1.896000,0.302194,0.694893,0.587515,-0.695346,0.643335,1.892680,0.319962,0.686015,0.230971,-0.695300,0.643300,1.892700,0.320000,0.686000,0.231000,,,,,,,1
490,1787660318.5369,1787660318.5505,0.03924,-0.693359,0.656544,1.897534,0.303728,0.705631,0.480136,-0.687854,0.653672,1.909745,0.318628,0.685851,0.094287,-0.687900,0.653700,1.909700,0.318600,0.685900,0.094300,,,,,,,1
491,1787660318.5934,1787660318.6085,0.05652,-0.693359,0.655010,1.892932,0.311398,0.713301,0.274583,-0.689864,0.639123,1.912211,0.315879,0.681756,0.041832,-0.689900,0.639100,1.912200,0.315900,0.681800,0.041800,,,,,,,0
492,1787660318.6325,1787660318.6477,0.03908,-0.693359,0.655010,1.894466,0.316000,0.707165,0.204019,-0.694252,0.648763,1.930215,0.311842,0.692645,0.028757,-0.694300,0.648800,1.930200,0.311800,0.692600,0.028800,,,,,,,0
493,1787660318.6913,1787660318.7054,0.05877,-0.691825,0.656544,1.896000,0.314466,0.691825,0.182544,-0.698029,0.638026,1.928408,0.307678,0.679267,0.022098,-0.698000,0.638000,1.928400,0.307700,0.679300,0.022100,,,,,,,0
494,1787660318.7577,1787660318.7705,0.0664,-0.691825,0.656544,1.908272,0.306796,0.688757,0.182544,-0.699981,0.627061,1.937829,0.301349,0.670598,-0.007234,-0.700000,0.627100,1.937800,0.301300,0.670600,-0.007200,,,,,,,0
495,1787660318.7972,1787660318.8107,0.03949,-0.691825,0.656544,1.914408,0.305262,0.688757,0.181010,-0.697749,0.618434,1.929756,0.286679,0.670205,-0.020688,-0.697700,0.618400,1.929800,0.286700,0.670200,-0.020700,,,,,,,0
496,1787660318.8539,1787660318.8686,0.05673,-0.691825,0.655010,1.914408,0.305262,0.688757,0.167204,-0.701841,0.590152,1.932865,0.274425,0.676472,-0.007341,-0.701800,0.590200,1.932900,0.274400,0.676500,-0.007300,,,,,,,0
497,1787660318.9208,1787660318.9357,0.06693,-0.691825,0.648874,1.923612,0.294524,0.676486,0.164136,-0.698940,0.567335,1.938711,0.277169,0.669556,-0.020309,-0.698900,0.567300,1.938700,0.277200,0.669600,-0.020300,,,,,,,0
498,1787660318.9594,1787660318.9724,0.03859,-0.691825,0.648874,1.926680,0.286854,0.676486,0.164136,-0.695697,0.540282,1.940237,0.268237,0.675739,-0.025926,-0.695700,0.540300,1.940200,0.268200,0.675700,-0.025900,,,,,,,0
499,1787660319.0173,1787660319.0307,0.0579,-0.693359,0.635068,1.938952,0.277651,0.676486,0.164136,-0.694150,0.498418,1.931557,0.263192,0.680915,-0.025464,-0.694100,0.498400,1.931600,0.263200,0.680900,-0.025500,,,,,,,0
500,1787660319.0723,1787660319.0857,0.05502,-0.693359,0.615126,1.946622,0.282252,0.674952,0.164136,-0.689362,0.461868,1.927317,0.261001,0.658380,-0.027412,-0.689400,0.461900,1.927300,0.261000,0.658400,-0.027400,,,,,,,0
501,1787660319.1123,1787660319.1256,0.04,-0.693359,0.598253,1.945088,0.271515,0.674952,0.164136,-0.694456,0.421456,1.916907,0.253782,0.670969,-0.027299,-0.694500,0.421500,1.916900,0.253800,0.671000,-0.027300,,,,,,,0
502,1787660319.1691,1787660319.1835,0.05671,-0.693359,0.556835,1.940486,0.268447,0.674952,0.164136,-0.689524,0.382877,1.911826,0.257058,0.674900,-0.034902,-0.689500,0.382900,1.911800,0.257100,0.674900,-0.034900,,,,,,,0
503,1787660319.2245,1787660319.2374,0.05541,-0.693359,0.518486,1.940486,0.260777,0.674952,0.164136,-0.677394,0.332608,1.908988,0.252229,0.652725,-0.028227,-0.677400,0.332600,1.909000,0.252200,0.652700,-0.028200,,,,,,,0
504,1787660319.2636,1787660319.2785,0.03912,-0.693359,0.492408,1.937418,0.259243,0.674952,0.164136,-0.666706,0.273253,1.886474,0.258826,0.646145,-0.027627,-0.666700,0.273300,1.886500,0.258800,0.646100,-0.027600,,,,,,,0
505,1787660319.3203,1787660319.3346,0.05674,-0.693359,0.444854,1.926680,0.257709,0.674952,0.164136,-0.637050,0.236123,1.851908,0.259482,0.648726,-0.031559,-0.637000,0.236100,1.851900,0.259500,0.648700,-0.031600,,,,,,,1
506,1787660319.3598,1787660319.3734,0.03943,-0.690291,0.417243,1.923612,0.257709,0.674952,0.164136,-0.601431,0.188876,1.832970,0.259480,0.647306,-0.034146,-0.601400,0.188900,1.833000,0.259500,0.647300,-0.034100,,,,,,,1
507,1787660319.4113,1787660319.4266,0.05152,-0.679553,0.371223,1.915942,0.259243,0.655010,0.164136,-0.566262,0.143650,1.798192,0.264173,0.672255,-0.037266,-0.566300,0.143600,1.798200,0.264200,0.672300,-0.037300,,,,,,,0
508,1787660319.4777,1787660319.4925,0.06647,-0.658078,0.305262,1.888330,0.259243,0.655010,0.164136,-0.511830,0.086342,1.771721,0.246352,0.673697,-0.031883,-0.511800,0.086300,1.771700,0.246400,0.673700,-0.031900,,,,,,,1
509,1787660319.5165,1787660319.5315,0.03873,-0.639670,0.269981,1.866855,0.259243,0.655010,0.164136,-0.467359,0.062881,1.753180,0.249899,0.699060,-0.031798,-0.467400,0.062900,1.753200,0.249900,0.699100,-0.031800,,,,,,,1
510,1787660319.5742,1787660319.5886,0.05777,-0.596719,0.216291,1.831573,0.259243,0.661146,0.164136,-0.418863,0.036986,1.750168,0.238594,0.716145,-0.034261,-0.418900,0.037000,1.750200,0.238600,0.716100,-0.034300,,,,,,,0
511,1787660319.6295,1787660319.6446,0.05527,-0.544563,0.164136,1.800893,0.256175,0.676486,0.164136,-0.375005,0.023936,1.753852,0.243063,0.741990,-0.040154,-0.375000,0.023900,1.753900,0.243100,0.742000,-0.040200,,,,,,,0
512,1787660319.6685,1787660319.6825,0.03899,-0.513884,0.134990,1.784020,0.256175,0.690291,0.164136,-0.338849,0.014054,1.738885,0.249240,0.799865,-0.035285,-0.338800,0.014100,1.738900,0.249200,0.799900,-0.035300,,,,,,,0
513,1787660319.7274,1787660319.7405,0.05886,-0.458660,0.085903,1.771748,0.246971,0.713301,0.164136,-0.296018,0.020972,1.735976,0.235718,0.885974,-0.032966,-0.296000,0.021000,1.736000,0.235700,0.886000,-0.033000,,,,,,,0
514,1787660319.7937,1787660319.8086,0.06639,-0.397301,0.053689,1.771748,0.246971,0.747049,0.164136,-0.265053,0.020838,1.718465,0.241260,0.975115,-0.034856,-0.265100,0.020800,1.718500,0.241300,0.975100,-0.034900,,,,,,,0
515,1787660319.8329,1787660319.8475,0.03912,-0.369689,0.052155,1.765612,0.246971,0.771592,0.164136,-0.225684,0.030299,1.719869,0.240216,1.038978,-0.035712,-0.225700,0.030300,1.719900,0.240200,1.039000,-0.035700,,,,,,,0
516,1787660319.8898,1787660319.9035,0.05691,-0.323670,0.052155,1.761010,0.243903,0.826816,0.164136,-0.208316,0.042769,1.724423,0.234321,1.077199,-0.033009,-0.208300,0.042800,1.724400,0.234300,1.077200,-0.033000,,,,,,,0
517,1787660319.9569,1787660319.9714,0.06714,-0.276117,0.052155,1.745670,0.243903,0.909651,0.164136,-0.179752,0.043981,1.738437,0.235073,1.141694,-0.038203,-0.179800,0.044000,1.738400,0.235100,1.141700,-0.038200,,,,,,,0
518,1787660319.9956,1787660320.0105,0.03863,-0.251573,0.052155,1.745670,0.243903,0.954136,0.164136,-0.137265,0.041752,1.784779,0.226848,1.183652,-0.035662,-0.137300,0.041800,1.784800,0.226800,1.183700,-0.035700,,,,,,,0
519,1787660320.0534,1787660320.0666,0.05784,-0.217825,0.052155,1.745670,0.243903,1.023165,0.164136,-0.135933,0.034535,1.802040,0.225848,1.264838,-0.029070,-0.135900,0.034500,1.802000,0.225800,1.264800,-0.029100,,,,,,,0
520,1787660320.1197,1787660320.1346,0.06629,-0.184078,0.052155,1.757942,0.239301,1.095262,0.164136,-0.110364,0.037033,1.834680,0.219096,1.285535,-0.033143,-0.110400,0.037000,1.834700,0.219100,1.285500,-0.033100,,,,,,,0
521,1787660320.1587,1787660320.1714,0.03897,-0.165670,0.052155,1.776350,0.234699,1.133612,0.164136,-0.096140,0.041974,1.840015,0.223628,1.324949,-0.033652,-0.096100,0.042000,1.840000,0.223600,1.324900,-0.033700,,,,,,,0
522,1787660320.2165,1787660320.2317,0.05787,-0.138058,0.052155,1.807029,0.233165,1.198039,0.164136,-0.082602,0.043152,1.883578,0.225887,1.340465,-0.033251,-0.082600,0.043200,1.883600,0.225900,1.340500,-0.033300,,,,,,,0
523,1787660320.2829,1787660320.2975,0.06639,-0.122718,0.052155,1.840777,0.228563,1.262466,0.164136,-0.079341,0.041859,1.908478,0.224133,1.383041,-0.033357,-0.079300,0.041900,1.908500,0.224100,1.383000,-0.033400,,,,,,,0
524,1787660320.3219,1787660320.3367,0.03902,-0.115049,0.052155,1.848447,0.228563,1.293146,0.164136,-0.067354,0.041077,1.914756,0.222706,1.407890,-0.033798,-0.067400,0.041100,1.914800,0.222700,1.407900,-0.033800,,,,,,,1
525,1787660320.3794,1787660320.3936,0.05751,-0.092039,0.052155,1.866855,0.228563,1.329961,0.164136,-0.080808,0.053312,1.922910,0.223007,1.440377,-0.032141,-0.080800,0.053300,1.922900,0.223000,1.440400,-0.032100,,,,,,,1
526,1787660320.4346,1787660320.4487,0.05512,-0.079767,0.052155,1.905204,0.228563,1.366777,0.164136,-0.071183,0.069900,1.953352,0.222569,1.419534,-0.032094,-0.071200,0.069900,1.953400,0.222600,1.419500,-0.032100,,,,,,,0
527,1787660320.4743,1787660320.4876,0.03975,-0.078233,0.052155,1.919010,0.228563,1.389787,0.164136,-0.080945,0.086140,1.975450,0.214532,1.435410,-0.028085,-0.080900,0.086100,1.975500,0.214500,1.435400,-0.028100,,,,,,,1
528,1787660320.5318,1787660320.5466,0.05751,-0.078233,0.062893,1.928214,0.228563,1.423534,0.164136,-0.079224,0.096690,1.993333,0.224035,1.428786,-0.030249,-0.079200,0.096700,1.993300,0.224000,1.428800,-0.030200,,,,,,,1
529,1787660320.5878,1787660320.6026,0.05601,-0.076699,0.081301,1.948156,0.223961,1.432738,0.164136,-0.079793,0.101667,1.982573,0.215932,1.450804,-0.033467,-0.079800,0.101700,1.982600,0.215900,1.450800,-0.033500,,,,,,,0
530,1787660320.6275,1787660320.6427,0.03964,-0.076699,0.092039,1.968097,0.220893,1.432738,0.164136,-0.091183,0.114538,1.994261,0.218715,1.453354,-0.033005,-0.091200,0.114500,1.994300,0.218700,1.453400,-0.033000,,,,,,,0
531,1787660320.6848,1787660320.6996,0.05735,-0.076699,0.107379,1.997243,0.222427,1.432738,0.177942,-0.092066,0.120235,2.026426,0.213768,1.450120,-0.034047,-0.092100,0.120200,2.026400,0.213800,1.450100,-0.034000,,,,,,,0
532,1787660320.7407,1787660320.7556,0.05588,-0.076699,0.113515,1.994175,0.219359,1.443476,0.177942,-0.088066,0.136069,2.024020,0.210233,1.429227,-0.034749,-0.088100,0.136100,2.024000,0.210200,1.429200,-0.034700,,,,,,,0
533,1787660320.7803,1787660320.7936,0.03962,-0.078233,0.121184,1.997243,0.219359,1.448078,0.177942,-0.089702,0.141540,2.038106,0.210262,1.412706,-0.032986,-0.089700,0.141500,2.038100,0.210300,1.412700,-0.033000,,,,,,,0
534,1787660320.8371,1787660320.8513,0.05679,-0.079767,0.128854,2.018719,0.219359,1.448078,0.177942,-0.081681,0.150006,2.038457,0.206430,1.378642,-0.032278,-0.081700,0.150000,2.038500,0.206400,1.378600,-0.032300,,,,,,,0
535,1787660320.8926,1787660320.9063,0.05551,-0.081301,0.145728,2.034059,0.217825,1.434272,0.177942,-0.090240,0.146594,2.061520,0.189105,1.392604,-0.034548,-0.090200,0.146600,2.061500,0.189100,1.392600,-0.034500,,,,,,,0
536,1787660320.9318,1787660320.9466,0.03921,-0.081301,0.150330,2.038660,0.211689,1.420466,0.177942,-0.083675,0.166052,2.058965,0.179141,1.410831,-0.036005,-0.083700,0.166100,2.059000,0.179100,1.410800,-0.036000,,,,,,,0
537,1787660320.9909,1787660321.0053,0.05906,-0.081301,0.158000,2.046330,0.213223,1.395923,0.177942,-0.080727,0.168567,2.065895,0.180093,1.406007,-0.035469,-0.080700,0.168600,2.065900,0.180100,1.406000,-0.035500,,,,,,,0
538,1787660321.0464,1787660321.0596,0.05552,-0.081301,0.159534,2.055534,0.191748,1.388253,0.177942,-0.089022,0.174353,2.061770,0.168058,1.411389,-0.036828,-0.089000,0.174400,2.061800,0.168100,1.411400,-0.036800,,,,,,,0
539,1787660321.0869,1787660321.1016,0.04047,-0.081301,0.170272,2.063204,0.187146,1.389787,0.177942,-0.083788,0.179434,2.064653,0.160796,1.413747,-0.034908,-0.083800,0.179400,2.064700,0.160800,1.413700,-0.034900,,,,,,,0
540,1787660321.1439,1787660321.1586,0.057,-0.081301,0.179476,2.064738,0.182544,1.406660,0.177942,-0.074449,0.186553,2.061676,0.170443,1.398608,-0.033470,-0.074400,0.186600,2.061700,0.170400,1.398600,-0.033500,,,,,,,0
541,1787660321.1998,1787660321.2146,0.05593,-0.081301,0.187146,2.066272,0.168738,1.408194,0.177942,-0.082890,0.200471,2.059118,0.151384,1.405451,-0.029804,-0.082900,0.200500,2.059100,0.151400,1.405500,-0.029800,,,,,,,0
542,1787660321.2393,1787660321.2536,0.03948,-0.081301,0.187146,2.066272,0.164136,1.411262,0.177942,-0.072483,0.204209,2.046006,0.150166,1.399136,-0.032031,-0.072500,0.204200,2.046000,0.150200,1.399100,-0.032000,,,,,,,0
543,1787660321.2959,1787660321.3106,0.05659,-0.081301,0.197884,2.069340,0.168738,1.409728,0.177942,-0.088894,0.217332,2.038871,0.139193,1.406904,-0.034768,-0.088900,0.217300,2.038900,0.139200,1.406900,-0.034800,,,,,,,1
544,1787660321.3518,1787660321.3656,0.05593,-0.081301,0.211689,2.069340,0.158000,1.408194,0.177942,-0.084885,0.214698,2.044293,0.135180,1.420755,-0.033126,-0.084900,0.214700,2.044300,0.135200,1.420800,-0.033100,,,,,,,1
545,1787660321.391,1787660321.4054,0.03923,-0.079767,0.214757,2.064738,0.153398,1.408194,0.177942,-0.091058,0.212137,2.049637,0.136846,1.418962,-0.035593,-0.091100,0.212100,2.049600,0.136800,1.419000,-0.035600,,,,,,,0
546,1787660321.4476,1787660321.4616,0.05664,-0.079767,0.225495,2.057068,0.142660,1.408194,0.177942,-0.092779,0.214183,2.049356,0.122916,1.392436,-0.030977,-0.092800,0.214200,2.049400,0.122900,1.392400,-0.031000,,,,,,,1
547,1787660321.4871,1787660321.5017,0.03947,-0.079767,0.225495,2.058602,0.139592,1.414330,0.177942,-0.097351,0.214760,2.057828,0.106452,1.397748,-0.031763,-0.097400,0.214800,2.057800,0.106500,1.397700,-0.031800,,,,,,,1
548,1787660321.5466,1787660321.5606,0.05952,-0.079767,0.227029,2.058602,0.139592,1.417398,0.177942,-0.092735,0.223352,2.050065,0.120428,1.398874,-0.033162,-0.092700,0.223400,2.050100,0.120400,1.398900,-0.033200,,,,,,,0
549,1787660321.6132,1787660321.6267,0.06653,-0.079767,0.227029,2.060136,0.118117,1.409728,0.177942,-0.096767,0.224791,2.038945,0.133728,1.402982,-0.027843,-0.096800,0.224800,2.038900,0.133700,1.403000,-0.027800,,,,,,,0
550,1787660321.6517,1787660321.6667,0.03857,-0.081301,0.227029,2.061670,0.111981,1.405126,0.177942,-0.093833,0.223836,2.031177,0.143130,1.407109,-0.024298,-0.093800,0.223800,2.031200,0.143100,1.407100,-0.024300,,,,,,,0
551,1787660321.7083,1787660321.7217,0.05654,-0.081301,0.233165,2.061670,0.115049,1.403592,0.177942,-0.095023,0.222180,2.033518,0.139097,1.393003,-0.018771,-0.095000,0.222200,2.033500,0.139100,1.393000,-0.018800,,,,,,,0
552,1787660321.7637,1787660321.7787,0.05539,-0.082835,0.233165,2.055534,0.134990,1.403592,0.177942,-0.092742,0.231076,2.029172,0.137555,1.397023,-0.012652,-0.092700,0.231100,2.029200,0.137600,1.397000,-0.012700,,,,,,,0
553,1787660321.8035,1787660321.8187,0.03985,-0.082835,0.233165,2.052466,0.136524,1.403592,0.177942,-0.093469,0.230349,2.032063,0.142469,1.396347,-0.001401,-0.093500,0.230300,2.032100,0.142500,1.396300,-0.001400,,,,,,,0
554,1787660321.8607,1787660321.8757,0.05713,-0.084369,0.233165,2.052466,0.136524,1.400524,0.177942,-0.087582,0.237465,2.023476,0.146199,1.395541,0.008163,-0.087600,0.237500,2.023500,0.146200,1.395500,0.008200,,,,,,,0
555,1787660321.9165,1787660321.9317,0.05586,-0.084369,0.234699,2.052466,0.136524,1.400524,0.177942,-0.095656,0.235649,2.020231,0.152928,1.391432,0.033859,-0.095700,0.235600,2.020200,0.152900,1.391400,0.033900,,,,,,,0
556,1787660321.9561,1787660321.9707,0.03953,-0.084369,0.234699,2.052466,0.136524,1.400524,0.177942,-0.087097,0.232055,2.024457,0.157698,1.394022,0.032593,-0.087100,0.232100,2.024500,0.157700,1.394000,0.032600,,,,,,,0
557,1787660322.0122,1787660322.0257,0.05615,-0.084369,0.245437,2.041728,0.144194,1.400524,0.177942,-0.086631,0.240068,2.006141,0.143302,1.387584,0.022278,-0.086600,0.240100,2.006100,0.143300,1.387600,0.022300,,,,,,,0
558,1787660322.0518,1787660322.0667,0.03959,-0.084369,0.245437,2.037126,0.150330,1.400524,0.177942,-0.083140,0.232719,2.002514,0.145620,1.389392,0.058144,-0.083100,0.232700,2.002500,0.145600,1.389400,0.058100,,,,,,,0
559,1787660322.1035,1787660322.1187,0.05175,-0.084369,0.245437,2.038660,0.154932,1.400524,0.177942,-0.087794,0.239568,1.987280,0.146916,1.386515,0.051126,-0.087800,0.239600,1.987300,0.146900,1.386500,0.051100,,,,,,,0
560,1787660322.1702,1787660322.1847,0.06668,-0.084369,0.245437,2.027923,0.151864,1.395923,0.177942,-0.087108,0.244442,1.988499,0.149687,1.393045,0.049858,-0.087100,0.244400,1.988500,0.149700,1.393000,0.049900,,,,,,,0
561,1787660322.2093,1787660322.2227,0.0391,-0.084369,0.246971,2.021787,0.150330,1.394389,0.177942,-0.084272,0.250833,1.986169,0.150630,1.395317,0.045713,-0.084300,0.250800,1.986200,0.150600,1.395300,0.045700,,,,,,,0
562,1787660322.2667,1787660322.2805,0.05741,-0.084369,0.250039,2.009515,0.150330,1.394389,0.177942,-0.085379,0.245411,1.986601,0.147603,1.405869,0.057279,-0.085400,0.245400,1.986600,0.147600,1.405900,0.057300,,,,,,,1
563,1787660322.3225,1787660322.3383,0.05574,-0.084369,0.253107,2.004913,0.150330,1.394389,0.177942,-0.081686,0.246092,1.986730,0.156652,1.398172,0.068637,-0.081700,0.246100,1.986700,0.156700,1.398200,0.068600,,,,,,,1
564,1787660322.379,1787660322.3925,0.05649,-0.084369,0.257709,2.004913,0.150330,1.394389,0.177942,-0.087106,0.251681,1.990991,0.161925,1.369319,0.073441,-0.087100,0.251700,1.991000,0.161900,1.369300,0.073400,,,,,,,0
565,1787660322.4184,1787660322.4326,0.03948,-0.084369,0.257709,2.004913,0.150330,1.402058,0.177942,-0.085203,0.257129,1.986325,0.168825,1.387735,0.090693,-0.085200,0.257100,1.986300,0.168800,1.387700,0.090700,,,,,,,1
566,1787660322.4749,1787660322.4885,0.05648,-0.084369,0.257709,2.004913,0.150330,1.402058,0.177942,-0.089406,0.256417,1.987021,0.170250,1.390731,0.064665,-0.089400,0.256400,1.987000,0.170200,1.390700,0.064700,,,,,,,1
567,1787660322.5139,1787660322.5286,0.03901,-0.084369,0.257709,2.004913,0.159534,1.397456,0.177942,-0.082794,0.241164,1.999786,0.160000,1.353386,0.050077,-0.082800,0.241200,1.999800,0.160000,1.353400,0.050100,,,,,,,0
568,1787660322.5727,1787660322.5876,0.05877,-0.084369,0.266913,2.004913,0.164136,1.389787,0.177942,-0.086591,0.258577,2.003688,0.156970,1.376968,0.038732,-0.086600,0.258600,2.003700,0.157000,1.377000,0.038700,,,,,,,0
569,1787660322.6389,1787660322.6535,0.06623,-0.084369,0.268447,2.004913,0.164136,1.389787,0.177942,-0.084080,0.250409,2.003262,0.152078,1.385477,0.039770,-0.084100,0.250400,2.003300,0.152100,1.385500,0.039800,,,,,,,0
570,1787660322.6777,1787660322.6916,0.0388,-0.084369,0.268447,2.004913,0.164136,1.374447,0.177942,-0.079690,0.254130,2.007753,0.155627,1.396257,0.051322,-0.079700,0.254100,2.007800,0.155600,1.396300,0.051300,,,,,,,0
571,1787660322.7358,1787660322.7505,0.0581,-0.084369,0.268447,2.009515,0.161068,1.360641,0.177942,-0.074743,0.257653,2.004477,0.154943,1.389831,0.078269,-0.074700,0.257700,2.004500,0.154900,1.389800,0.078300,,,,,,,0
572,1787660322.7912,1787660322.8054,0.0554,-0.084369,0.268447,2.009515,0.158000,1.371379,0.177942,-0.069826,0.259532,2.010777,0.161268,1.398016,0.164282,-0.069800,0.259500,2.010800,0.161300,1.398000,0.164300,,,,,,,0
573,1787660322.8308,1787660322.8456,0.03952,-0.084369,0.268447,2.012583,0.158000,1.386719,0.177942,-0.074262,0.260446,2.010527,0.156902,1.403039,0.179227,-0.074300,0.260400,2.010500,0.156900,1.403000,0.179200,,,,,,,0
574,1787660322.8874,1787660322.9016,0.0566,-0.084369,0.268447,2.011049,0.158000,1.391321,0.177942,-0.068131,0.256357,2.009576,0.161826,1.397227,0.223884,-0.068100,0.256400,2.009600,0.161800,1.397200,0.223900,,,,,,,0
575,1787660322.9433,1787660322.9565,0.05591,-0.081301,0.268447,2.018719,0.159534,1.398990,0.197884,-0.064753,0.253131,2.001198,0.164846,1.406596,0.303259,-0.064800,0.253100,2.001200,0.164800,1.406600,0.303300,,,,,,,0
576,1787660322.983,1787660322.9977,0.03976,-0.079767,0.268447,2.017185,0.159534,1.400524,0.202485,-0.067452,0.255402,1.994402,0.176212,1.419446,0.339380,-0.067500,0.255400,1.994400,0.176200,1.419400,0.339400,,,,,,,0
577,1787660323.0399,1787660323.0546,0.05683,-0.079767,0.268447,2.017185,0.159534,1.400524,0.239301,-0.073084,0.262246,1.996713,0.173629,1.403059,0.331751,-0.073100,0.262200,1.996700,0.173600,1.403100,0.331800,,,,,,,0
578,1787660323.0788,1787660323.0936,0.03893,-0.076699,0.268447,2.015651,0.159534,1.405126,0.319068,-0.065023,0.257577,1.984824,0.166833,1.408853,0.337959,-0.065000,0.257600,1.984800,0.166800,1.408900,0.338000,,,,,,,0
579,1787660323.1377,1787660323.1526,0.05888,-0.075165,0.268447,2.012583,0.168738,1.414330,0.335942,-0.068320,0.256492,1.980936,0.174682,1.405410,0.340389,-0.068300,0.256500,1.980900,0.174700,1.405400,0.340400,,,,,,,0
580,1787660323.2042,1787660323.2176,0.06653,-0.073631,0.268447,2.006447,0.170272,1.411262,0.335942,-0.069394,0.258084,1.978032,0.186641,1.394098,0.356390,-0.069400,0.258100,1.978000,0.186600,1.394100,0.356400,,,,,,,0
581,1787660323.2434,1787660323.2565,0.03921,-0.073631,0.268447,2.001845,0.170272,1.411262,0.335942,-0.069974,0.252663,1.984578,0.190187,1.393485,0.358391,-0.070000,0.252700,1.984600,0.190200,1.393500,0.358400,,,,,,,1
582,1787660323.2995,1787660323.3155,0.05613,-0.073631,0.268447,1.997243,0.171806,1.409728,0.348214,-0.072880,0.257319,1.980998,0.197750,1.384416,0.369213,-0.072900,0.257300,1.981000,0.197700,1.384400,0.369200,,,,,,,1
583,1787660323.355,1787660323.3697,0.05551,-0.073631,0.268447,1.997243,0.184078,1.400524,0.354350,-0.073542,0.257902,1.977168,0.184871,1.391424,0.371689,-0.073500,0.257900,1.977200,0.184900,1.391400,0.371700,,,,,,,0
584,1787660323.3939,1787660323.4096,0.03888,-0.073631,0.268447,1.997243,0.185612,1.398990,0.360485,-0.075291,0.252354,1.974595,0.178828,1.397919,0.371393,-0.075300,0.252400,1.974600,0.178800,1.397900,0.371400,,,,,,,1
585,1787660323.451,1787660323.4656,0.05711,-0.073631,0.268447,1.997243,0.191748,1.391321,0.366621,-0.071877,0.254378,1.964921,0.184152,1.392105,0.356538,-0.071900,0.254400,1.964900,0.184200,1.392100,0.356500,,,,,,,1
586,1787660323.4905,1787660323.5044,0.03948,-0.073631,0.268447,1.995709,0.188680,1.391321,0.366621,-0.069115,0.257829,1.959440,0.175044,1.400875,0.359479,-0.069100,0.257800,1.959400,0.175000,1.400900,0.359500,,,,,,,0
587,1787660323.5498,1787660323.5647,0.05929,-0.073631,0.268447,1.989573,0.182544,1.392855,0.365087,-0.067895,0.255922,1.957641,0.184161,1.399478,0.348650,-0.067900,0.255900,1.957600,0.184200,1.399500,0.348600,,,,,,,0
588,1787660323.6049,1787660323.6197,0.05513,-0.073631,0.268447,1.980369,0.182544,1.395923,0.363553,-0.067218,0.247562,1.961710,0.181830,1.404658,0.339984,-0.067200,0.247600,1.961700,0.181800,1.404700,0.340000,,,,,,,0
589,1787660323.6444,1787660323.6596,0.0395,-0.073631,0.268447,1.975767,0.182544,1.397456,0.357418,-0.066338,0.234567,1.963490,0.175293,1.408471,0.306237,-0.066300,0.234600,1.963500,0.175300,1.408500,0.306200,,,,,,,0
590,1787660323.7014,1787660323.7157,0.05698,-0.073631,0.268447,1.975767,0.182544,1.398990,0.349748,-0.070535,0.228531,1.959792,0.174136,1.419272,0.319624,-0.070500,0.228500,1.959800,0.174100,1.419300,0.319600,,,,,,,0
591,1787660323.7573,1787660323.7734,0.05591,-0.073631,0.268447,1.975767,0.182544,1.405126,0.311398,-0.064496,0.190741,1.967182,0.162603,1.402247,0.098048,-0.064500,0.190700,1.967200,0.162600,1.402200,0.098000,,,,,,,0
592,1787660323.7966,1787660323.8096,0.03924,-0.073631,0.268447,1.975767,0.179476,1.406660,0.311398,-0.071716,0.183955,1.952137,0.157309,1.402547,0.093041,-0.071700,0.184000,1.952100,0.157300,1.402500,0.093000,,,,,,,0
593,1787660323.8558,1787660323.8705,0.05923,-0.073631,0.265379,1.975767,0.174874,1.414330,0.302194,-0.066174,0.167070,1.957577,0.152029,1.386468,0.023100,-0.066200,0.167100,1.957600,0.152000,1.386500,0.023100,,,,,,,0
594,1787660323.9224,1787660323.9366,0.06655,-0.073631,0.246971,1.975767,0.164136,1.409728,0.108913,-0.060316,0.150477,1.965932,0.139325,1.397499,0.008366,-0.060300,0.150500,1.965900,0.139300,1.397500,0.008400,,,,,,,0
595,1787660323.9615,1787660323.9753,0.0391,-0.073631,0.230097,1.974233,0.162602,1.408194,0.061359,-0.064618,0.125627,1.977666,0.152250,1.412230,-0.023901,-0.064600,0.125600,1.977700,0.152200,1.412200,-0.023900,,,,,,,0
596,1787660324.0188,1787660324.0336,0.05739,-0.073631,0.196350,1.972699,0.153398,1.394389,0.015340,-0.077449,0.115855,1.979571,0.149678,1.403982,-0.028144,-0.077400,0.115900,1.979600,0.149700,1.404000,-0.028100,,,,,,,0
597,1787660324.0738,1787660324.0875,0.05496,-0.072097,0.181010,1.977301,0.145728,1.395923,-0.019942,-0.066898,0.085352,1.999864,0.145000,1.383968,-0.025328,-0.066900,0.085400,1.999900,0.145000,1.384000,-0.025300,,,,,,,0
598,1787660324.1135,1787660324.1286,0.03967,-0.070563,0.171806,1.984971,0.148796,1.408194,-0.024544,-0.072873,0.051442,2.010219,0.147515,1.394457,-0.022283,-0.072900,0.051400,2.010200,0.147500,1.394500,-0.022300,,,,,,,0
599,1787660324.1712,1787660324.1845,0.05772,-0.070563,0.150330,1.983437,0.147262,1.408194,-0.024544,-0.074050,0.034124,2.036956,0.149025,1.380060,-0.020474,-0.074100,0.034100,2.037000,0.149000,1.380100,-0.020500,,,,,,,0
600,1787660324.227,1787660324.2404,0.05586,-0.070563,0.127320,2.001845,0.145728,1.392855,-0.024544,-0.070984,0.014650,2.073128,0.142898,1.377420,-0.018205,-0.071000,0.014700,2.073100,0.142900,1.377400,-0.018200,,,,,,,1
601,1787660324.2664,1787660324.2805,0.03931,-0.070563,0.111981,2.015651,0.147262,1.391321,-0.024544,-0.066904,-0.014955,2.109637,0.145436,1.320451,-0.018810,-0.066900,-0.015000,2.109600,0.145400,1.320500,-0.018800,,,,,,,1
602,1787660324.3231,1787660324.3365,0.0568,-0.070563,0.076699,2.037126,0.147262,1.385185,-0.024544,-0.071927,-0.027271,2.157995,0.139570,1.282706,-0.015185,-0.071900,-0.027300,2.158000,0.139600,1.282700,-0.015200,,,,,,,0
603,1787660324.3622,1787660324.3774,0.03907,-0.070563,0.050621,2.057068,0.147262,1.382117,-0.024544,-0.068070,-0.105171,2.289306,0.146029,1.094009,-0.023548,-0.068100,-0.105200,2.289300,0.146000,1.094000,-0.023500,,,,,,,1
604,1787660324.4191,1787660324.4326,0.05688,-0.070563,0.024544,2.100020,0.145728,1.360641,-0.024544,-0.074070,-0.130912,2.366564,0.132001,0.980859,-0.023454,-0.074100,-0.130900,2.366600,0.132000,0.980900,-0.023500,,,,,,,1
605,1787660324.4873,1787660324.5004,0.06818,-0.070563,-0.004602,2.155243,0.145728,1.308486,-0.023010,-0.057393,-0.158027,2.422889,0.143344,0.807561,-0.019594,-0.057400,-0.158000,2.422900,0.143300,0.807600,-0.019600,,,,,,,0
606,1787660324.5245,1787660324.5394,0.03721,-0.070563,-0.032214,2.198194,0.145728,1.262466,-0.023010,-0.064934,-0.174052,2.491267,0.134645,0.578605,-0.023770,-0.064900,-0.174100,2.491300,0.134600,0.578600,-0.023800,,,,,,,0
607,1787660324.5759,1787660324.5905,0.05138,-0.070563,-0.075165,2.270292,0.139592,1.182699,-0.023010,-0.066705,-0.197898,2.558890,0.133653,0.435685,-0.026696,-0.066700,-0.197900,2.558900,0.133700,0.435700,-0.026700,,,,,,,0
608,1787660324.6424,1787660324.6555,0.06653,-0.070563,-0.119651,2.362330,0.138058,1.058447,-0.023010,-0.061622,-0.225682,2.641013,0.124502,0.299957,-0.031931,-0.061600,-0.225700,2.641000,0.124500,0.300000,-0.031900,,,,,,,0
609,1787660324.6794,1787660324.6935,0.03701,-0.070563,-0.138058,2.408350,0.138058,0.978680,-0.023010,-0.056253,-0.262098,2.691032,0.124653,0.224360,-0.031277,-0.056300,-0.262100,2.691000,0.124700,0.224400,-0.031300,,,,,,,0
610,1787660324.731,1787660324.7455,0.05164,-0.070563,-0.162602,2.475845,0.136524,0.846757,-0.024544,-0.055688,-0.289912,2.730678,0.127898,0.215710,-0.035281,-0.055700,-0.289900,2.730700,0.127900,0.215700,-0.035300,,,,,,,0
611,1787660324.7977,1787660324.8126,0.06663,-0.067495,-0.191748,2.558680,0.127320,0.674952,-0.024544,-0.050402,-0.316113,2.764424,0.132374,0.190461,-0.033085,-0.050400,-0.316100,2.764400,0.132400,0.190500,-0.033100,,,,,,,0
612,1787660324.8349,1787660324.8496,0.03721,-0.064427,-0.216291,2.606233,0.127320,0.585981,-0.026078,-0.051242,-0.342195,2.814475,0.112069,0.191705,-0.027768,-0.051200,-0.342200,2.814500,0.112100,0.191700,-0.027800,,,,,,,0
613,1787660324.8859,1787660324.9005,0.05104,-0.064427,-0.251573,2.673729,0.127320,0.469398,-0.026078,-0.058313,-0.363505,2.828634,0.104420,0.203583,-0.023509,-0.058300,-0.363500,2.828600,0.104400,0.203600,-0.023500,,,,,,,0
614,1787660324.9526,1787660324.9675,0.06665,-0.061359,-0.285320,2.736622,0.124252,0.351282,-0.026078,-0.058812,-0.386634,2.877851,0.088103,0.191286,-0.027581,-0.058800,-0.386600,2.877900,0.088100,0.191300,-0.027600,,,,,,,0
615,1787660324.9897,1787660325.0037,0.0371,-0.061359,-0.308330,2.776505,0.118117,0.300660,-0.026078,-0.052125,-0.410044,2.914037,0.076699,0.173983,-0.029136,-0.052100,-0.410000,2.914000,0.076700,0.174000,-0.029100,,,,,,,0
616,1787660325.0408,1787660325.0546,0.05112,-0.061359,-0.334408,2.813321,0.108913,0.243903,-0.026078,-0.053913,-0.432332,2.940127,0.064171,0.159826,-0.026155,-0.053900,-0.432300,2.940100,0.064200,0.159800,-0.026200,,,,,,,0
617,1787660325.1074,1787660325.1216,0.06667,-0.061359,-0.358952,2.856272,0.090505,0.196350,-0.026078,-0.050364,-0.437364,2.949563,0.040472,0.155389,-0.023209,-0.050400,-0.437400,2.949600,0.040500,0.155400,-0.023200,,,,,,,0
618,1787660325.1447,1787660325.1596,0.03723,-0.061359,-0.378893,2.886952,0.079767,0.181010,-0.026078,-0.057141,-0.432460,2.985763,0.013400,0.162271,-0.023843,-0.057100,-0.432500,2.985800,0.013400,0.162300,-0.023800,,,,,,,0
619,1787660325.1959,1787660325.2107,0.05127,-0.061359,-0.403437,2.925301,0.069029,0.167204,-0.026078,-0.056249,-0.442285,2.987279,0.016547,0.168719,-0.022236,-0.056200,-0.442300,2.987300,0.016500,0.168700,-0.022200,,,,,,,1
620,1787660325.2626,1787660325.2766,0.06661,-0.061359,-0.412641,2.959049,0.050621,0.162602,-0.026078,-0.056511,-0.438318,2.999338,0.014853,0.162210,-0.024539,-0.056500,-0.438300,2.999300,0.014900,0.162200,-0.024500,,,,,,,1
621,1787660325.2992,1787660325.3127,0.03666,-0.061359,-0.412641,2.969787,0.032214,0.162602,-0.026078,-0.056923,-0.438221,2.991754,0.010938,0.141719,-0.020285,-0.056900,-0.438200,2.991800,0.010900,0.141700,-0.020300,,,,,,,0
622,1787660325.3509,1787660325.3656,0.05171,-0.061359,-0.414175,2.969787,0.018408,0.165670,-0.026078,-0.055458,-0.434063,3.027129,-0.018453,0.140215,-0.021430,-0.055500,-0.434100,3.027100,-0.018500,0.140200,-0.021400,,,,,,,1
623,1787660325.4176,1787660325.4325,0.06667,-0.061359,-0.417243,2.969787,0.016874,0.158000,-0.026078,-0.056400,-0.445479,3.026582,-0.018074,0.125742,-0.019042,-0.056400,-0.445500,3.026600,-0.018100,0.125700,-0.019000,,,,,,,1
624,1787660325.4563,1787660325.4713,0.03871,-0.061359,-0.417243,2.969787,0.012272,0.148796,-0.026078,-0.055949,-0.439119,3.041060,-0.045340,0.143376,-0.022915,-0.055900,-0.439100,3.041100,-0.045300,0.143400,-0.022900,,,,,,,0
625,1787660325.5133,1787660325.5266,0.05702,-0.061359,-0.417243,2.969787,-0.006136,0.144194,-0.026078,-0.054886,-0.444463,3.039945,-0.057025,0.136536,-0.022940,-0.054900,-0.444500,3.039900,-0.057000,0.136500,-0.022900,,,,,,,0
626,1787660325.5503,1787660325.5655,0.03693,-0.061359,-0.420311,2.969787,-0.015340,0.134990,-0.026078,-0.059486,-0.435406,3.049666,-0.044483,0.141725,-0.023020,-0.059500,-0.435400,3.049700,-0.044500,0.141700,-0.023000,,,,,,,0
627,1787660325.6019,1787660325.6165,0.0517,-0.061359,-0.421845,2.969787,-0.033748,0.133456,-0.026078,-0.061460,-0.425574,3.049996,-0.018925,0.137957,-0.020400,-0.061500,-0.425600,3.050000,-0.018900,0.138000,-0.020400,,,,,,,0
628,1787660325.6685,1787660325.6835,0.06652,-0.061359,-0.421845,2.969787,-0.052155,0.139592,-0.026078,-0.060411,-0.415073,3.055051,-0.007285,0.142512,-0.021493,-0.060400,-0.415100,3.055100,-0.007300,0.142500,-0.021500,,,,,,,0
629,1787660325.707,1787660325.7215,0.03857,-0.061359,-0.421845,2.969787,-0.049087,0.139592,-0.026078,-0.060191,-0.404489,3.058476,0.017802,0.144686,-0.023314,-0.060200,-0.404500,3.058500,0.017800,0.144700,-0.023300,,,,,,,0
630,1787660325.7652,1787660325.7786,0.05821,-0.061359,-0.420311,2.969787,-0.026078,0.139592,-0.026078,-0.063040,-0.407979,3.053083,0.013979,0.142630,-0.023354,-0.063000,-0.408000,3.053100,0.014000,0.142600,-0.023400,,,,,,,0
631,1787660325.8315,1787660325.8465,0.06622,-0.061359,-0.406505,2.969787,-0.001534,0.141126,-0.026078,-0.063154,-0.402223,3.061175,0.019461,0.143011,-0.024405,-0.063200,-0.402200,3.061200,0.019500,0.143000,-0.024400,,,,,,,0
632,1787660325.8705,1787660325.8855,0.03901,-0.061359,-0.403437,2.969787,0.009204,0.141126,-0.026078,-0.063756,-0.402904,3.059804,0.015157,0.141107,-0.023301,-0.063800,-0.402900,3.059800,0.015200,0.141100,-0.023300,,,,,,,0
633,1787660325.9283,1787660325.9436,0.0578,-0.061359,-0.403437,2.969787,0.012272,0.141126,-0.026078,-0.065720,-0.409495,3.059437,0.019521,0.143090,-0.024417,-0.065700,-0.409500,3.059400,0.019500,0.143100,-0.024400,,,,,,,0
634,1787660325.9837,1787660325.9975,0.05545,-0.061359,-0.400369,2.969787,0.013806,0.141126,-0.026078,-0.066346,-0.402907,3.058793,0.018814,0.156828,-0.023476,-0.066300,-0.402900,3.058800,0.018800,0.156800,-0.023500,,,,,,,0
635,1787660326.0236,1787660326.0375,0.03989,-0.061359,-0.400369,2.969787,0.013806,0.141126,-0.026078,-0.068556,-0.403055,3.056474,0.022988,0.139896,-0.020023,-0.068600,-0.403100,3.056500,0.023000,0.139900,-0.020000,,,,,,,0
636,1787660326.0805,1787660326.0956,0.05689,-0.061359,-0.400369,2.969787,0.016874,0.141126,-0.026078,-0.068612,-0.405505,3.051180,0.031172,0.145648,-0.022859,-0.068600,-0.405500,3.051200,0.031200,0.145600,-0.022900,,,,,,,0
637,1787660326.1361,1787660326.1495,0.05563,-0.061359,-0.400369,2.969787,0.016874,0.151864,-0.026078,-0.067860,-0.394786,3.049743,0.029127,0.103401,-0.021360,-0.067900,-0.394800,3.049700,0.029100,0.103400,-0.021400,,,,,,,0
638,1787660326.1747,1787660326.1885,0.0386,-0.061359,-0.400369,2.969787,0.016874,0.151864,-0.026078,-0.068702,-0.405472,3.055326,0.032706,0.159258,-0.022016,-0.068700,-0.405500,3.055300,0.032700,0.159300,-0.022000,,,,,,,1
639,1787660326.2315,1787660326.2456,0.05678,-0.061359,-0.400369,2.969787,0.026078,0.151864,-0.026078,-0.068628,-0.403346,3.059980,0.035418,0.128415,-0.023700,-0.068600,-0.403300,3.060000,0.035400,0.128400,-0.023700,,,,,,,1
640,1787660326.2704,1787660326.2835,0.03889,-0.061359,-0.395767,2.969787,0.026078,0.142660,-0.026078,-0.066984,-0.407300,3.068116,0.038945,0.156825,-0.020001,-0.067000,-0.407300,3.068100,0.038900,0.156800,-0.020000,,,,,,,0
641,1787660326.3221,1787660326.3356,0.05172,-0.061359,-0.394233,2.969787,0.024544,0.138058,-0.026078,-0.069268,-0.405977,3.060894,0.041509,0.154313,-0.019367,-0.069300,-0.406000,3.060900,0.041500,0.154300,-0.019400,,,,,,,1
642,1787660326.3886,1787660326.4035,0.0665,-0.061359,-0.394233,2.969787,0.033748,0.147262,-0.026078,-0.068706,-0.405098,3.063354,0.031376,0.149697,-0.024365,-0.068700,-0.405100,3.063400,0.031400,0.149700,-0.024400,,,,,,,1
643,1787660326.4277,1787660326.4425,0.03903,-0.061359,-0.394233,2.969787,0.033748,0.153398,-0.026078,-0.068114,-0.412261,3.069236,0.039989,0.154402,-0.028374,-0.068100,-0.412300,3.069200,0.040000,0.154400,-0.028400,,,,,,,0
644,1787660326.4852,1787660326.4997,0.0575,-0.061359,-0.394233,2.969787,0.036816,0.153398,-0.026078,-0.064926,-0.405436,3.074203,0.040876,0.178533,-0.020444,-0.064900,-0.405400,3.074200,0.040900,0.178500,-0.020400,,,,,,,0
645,1787660326.5403,1787660326.5545,0.05515,-0.061359,-0.394233,2.969787,0.035282,0.154932,-0.026078,-0.065670,-0.405307,3.076387,0.032914,0.172961,-0.024431,-0.065700,-0.405300,3.076400,0.032900,0.173000,-0.024400,,,,,,,0
646,1787660326.5798,1787660326.5936,0.03947,-0.061359,-0.394233,2.969787,0.035282,0.154932,-0.026078,-0.062167,-0.402277,3.075509,0.026860,0.172587,-0.025245,-0.062200,-0.402300,3.075500,0.026900,0.172600,-0.025200,,,,,,,0
647,1787660326.6366,1787660326.6515,0.05679,-0.061359,-0.394233,2.969787,0.036816,0.171806,-0.026078,-0.064557,-0.401583,3.066255,0.019100,0.178126,-0.026418,-0.064600,-0.401600,3.066300,0.019100,0.178100,-0.026400,,,,,,,0
648,1787660326.6927,1787660326.7074,0.05614,-0.061359,-0.394233,2.969787,0.032214,0.174874,-0.026078,-0.065902,-0.388836,3.064279,0.017208,0.183221,-0.024993,-0.065900,-0.388800,3.064300,0.017200,0.183200,-0.025000,,,,,,,0
649,1787660326.7332,1787660326.7466,0.04048,-0.061359,-0.394233,2.969787,0.029146,0.174874,-0.026078,-0.062804,-0.389715,3.070728,0.012683,0.193728,-0.029350,-0.062800,-0.389700,3.070700,0.012700,0.193700,-0.029400,,,,,,,0
650,1787660326.7899,1787660326.8044,0.05667,-0.061359,-0.394233,2.969787,0.021476,0.176408,-0.026078,-0.066953,-0.390898,3.068024,0.013745,0.188254,-0.029328,-0.067000,-0.390900,3.068000,0.013700,0.188300,-0.029300,,,,,,,0
651,1787660326.8458,1787660326.8607,0.05597,-0.061359,-0.386563,2.969787,0.019942,0.185612,-0.026078,-0.067856,-0.386075,3.067081,0.011916,0.189959,-0.023797,-0.067900,-0.386100,3.067100,0.011900,0.190000,-0.023800,,,,,,,0
652,1787660326.8857,1787660326.9006,0.03987,-0.061359,-0.385029,2.969787,0.016874,0.190214,-0.026078,-0.062996,-0.396390,3.086599,0.011553,0.193040,-0.030090,-0.063000,-0.396400,3.086600,0.011600,0.193000,-0.030100,,,,,,,0
653,1787660326.9424,1787660326.9556,0.05672,-0.061359,-0.385029,2.969787,0.015340,0.190214,-0.026078,-0.062880,-0.392699,3.074887,0.013721,0.195033,-0.028977,-0.062900,-0.392700,3.074900,0.013700,0.195000,-0.029000,,,,,,,0
654,1787660326.9988,1787660327.0146,0.0564,-0.061359,-0.385029,2.969787,0.015340,0.190214,-0.026078,-0.063449,-0.388247,3.073400,0.014183,0.195189,-0.032357,-0.063400,-0.388200,3.073400,0.014200,0.195200,-0.032400,,,,,,,0
655,1787660327.0387,1787660327.0535,0.03986,-0.061359,-0.385029,2.969787,0.015340,0.190214,-0.026078,-0.061049,-0.390298,3.072954,0.014696,0.184107,-0.030474,-0.061000,-0.390300,3.073000,0.014700,0.184100,-0.030500,,,,,,,0
656,1787660327.0972,1787660327.1116,0.05853,-0.061359,-0.385029,2.969787,0.015340,0.193282,-0.026078,-0.065308,-0.387647,3.071492,0.006379,0.180587,-0.032831,-0.065300,-0.387600,3.071500,0.006400,0.180600,-0.032800,,,,,,,0
657,1787660327.1531,1787660327.1673,0.0559,-0.061359,-0.385029,2.969787,0.015340,0.193282,-0.026078,-0.062161,-0.386287,3.069150,0.010603,0.180645,-0.029413,-0.062200,-0.386300,3.069200,0.010600,0.180600,-0.029400,,,,,,,1
658,1787660327.1928,1787660327.2073,0.03973,-0.061359,-0.385029,2.969787,0.015340,0.190214,-0.026078,-0.057280,-0.381600,3.063249,0.009803,0.181970,-0.027593,-0.057300,-0.381600,3.063200,0.009800,0.182000,-0.027600,,,,,,,1
659,1787660327.2502,1787660327.2635,0.05739,-0.061359,-0.385029,2.969787,0.010738,0.187146,-0.026078,-0.056681,-0.386550,3.067235,0.011703,0.190726,-0.032396,-0.056700,-0.386600,3.067200,0.011700,0.190700,-0.032400,,,,,,,0
660,1787660327.3052,1787660327.3196,0.05502,-0.061359,-0.383495,2.969787,0.010738,0.187146,-0.026078,-0.061203,-0.385678,3.065574,0.008461,0.185613,-0.026372,-0.061200,-0.385700,3.065600,0.008500,0.185600,-0.026400,,,,,,,1
661,1787660327.345,1787660327.3596,0.03975,-0.061359,-0.381961,2.969787,0.010738,0.187146,-0.026078,-0.057470,-0.385567,3.068461,0.007660,0.191558,-0.033463,-0.057500,-0.385600,3.068500,0.007700,0.191600,-0.033500,,,,,,,1
662,1787660327.402,1787660327.4166,0.05701,-0.061359,-0.381961,2.969787,0.010738,0.187146,-0.026078,-0.059489,-0.386935,3.065431,0.011491,0.194815,-0.032291,-0.059500,-0.386900,3.065400,0.011500,0.194800,-0.032300,,,,,,,0
663,1787660327.4576,1787660327.4723,0.0556,-0.061359,-0.381961,2.969787,0.010738,0.187146,-0.026078,-0.058198,-0.386687,3.075883,0.010335,0.194247,-0.030722,-0.058200,-0.386700,3.075900,0.010300,0.194200,-0.030700,,,,,,,0
664,1787660327.4972,1787660327.5105,0.03963,-0.061359,-0.381961,2.969787,0.010738,0.187146,-0.026078,-0.059542,-0.383920,3.074616,0.009229,0.202794,-0.030786,-0.059500,-0.383900,3.074600,0.009200,0.202800,-0.030800,,,,,,,0
665,1787660327.554,1787660327.5685,0.05677,-0.061359,-0.381961,2.969787,0.010738,0.193282,-0.026078,-0.063152,-0.384517,3.072950,0.007007,0.208391,-0.029254,-0.063200,-0.384500,3.072900,0.007000,0.208400,-0.029300,,,,,,,0
666,1787660327.5934,1787660327.6083,0.03937,-0.061359,-0.381961,2.969787,0.010738,0.193282,-0.026078,-0.066492,-0.386323,3.077266,0.005259,0.207079,-0.026312,-0.066500,-0.386300,3.077300,0.005300,0.207100,-0.026300,,,,,,,0
667,1787660327.6524,1787660327.6655,0.059,-0.061359,-0.381961,2.969787,0.010738,0.202485,-0.026078,-0.072016,-0.386336,3.076933,0.006887,0.225395,-0.025687,-0.072000,-0.386300,3.076900,0.006900,0.225400,-0.025700,,,,,,,0
668,1787660327.7076,1787660327.7225,0.05524,-0.061359,-0.381961,2.969787,0.010738,0.205553,-0.026078,-0.070850,-0.383967,3.080799,0.004672,0.218336,-0.023041,-0.070900,-0.384000,3.080800,0.004700,0.218300,-0.023000,,,,,,,0
669,1787660327.7471,1787660327.7605,0.03946,-0.061359,-0.381961,2.969787,0.009204,0.205553,-0.026078,-0.069668,-0.385620,3.081542,0.004119,0.219747,-0.024793,-0.069700,-0.385600,3.081500,0.004100,0.219700,-0.024800,,,,,,,0
670,1787660327.8034,1787660327.8175,0.0563,-0.061359,-0.381961,2.969787,0.009204,0.222427,-0.026078,-0.072334,-0.385997,3.078450,0.009695,0.234669,-0.026834,-0.072300,-0.386000,3.078400,0.009700,0.234700,-0.026800,,,,,,,0
671,1787660327.8596,1787660327.8743,0.05625,-0.061359,-0.380427,2.969787,0.009204,0.222427,-0.026078,-0.071586,-0.387779,3.075362,0.002130,0.228954,-0.027600,-0.071600,-0.387800,3.075400,0.002100,0.229000,-0.027600,,,,,,,0
672,1787660327.8993,1787660327.9136,0.03966,-0.061359,-0.380427,2.969787,0.009204,0.222427,-0.026078,-0.072610,-0.381510,3.074189,0.008763,0.221460,-0.021643,-0.072600,-0.381500,3.074200,0.008800,0.221500,-0.021600,,,,,,,0
673,1787660327.9559,1787660327.9694,0.05662,-0.061359,-0.380427,2.969787,0.009204,0.231631,-0.026078,-0.067473,-0.378546,3.072726,0.006097,0.228003,-0.023917,-0.067500,-0.378500,3.072700,0.006100,0.228000,-0.023900,,,,,,,0
674,1787660327.9953,1787660328.0084,0.03939,-0.061359,-0.380427,2.969787,0.009204,0.231631,-0.026078,-0.067344,-0.374113,3.073509,0.007147,0.232627,-0.026014,-0.067300,-0.374100,3.073500,0.007100,0.232600,-0.026000,,,,,,,0
675,1787660328.0544,1787660328.0694,0.05917,-0.061359,-0.378893,2.969787,0.007670,0.231631,-0.026078,-0.071852,-0.377531,3.081187,-0.000782,0.210163,-0.027571,-0.071900,-0.377500,3.081200,-0.000800,0.210200,-0.027600,,,,,,,0
676,1787660328.1099,1787660328.1247,0.05547,-0.061359,-0.372757,2.969787,0.007670,0.231631,-0.026078,-0.069518,-0.377919,3.086131,0.001993,0.211914,-0.027674,-0.069500,-0.377900,3.086100,0.002000,0.211900,-0.027700,,,,,,,1
677,1787660328.1491,1787660328.1625,0.03914,-0.061359,-0.372757,2.969787,0.007670,0.231631,-0.026078,-0.068343,-0.378800,3.083016,0.005558,0.217257,-0.026872,-0.068300,-0.378800,3.083000,0.005600,0.217300,-0.026900,,,,,,,1
678,1787660328.2059,1787660328.2207,0.05685,-0.062893,-0.372757,2.969787,0.003068,0.220893,-0.026078,-0.068012,-0.380444,3.076949,0.004194,0.211246,-0.028410,-0.068000,-0.380400,3.076900,0.004200,0.211200,-0.028400,,,,,,,0
679,1787660328.2434,1787660328.2577,0.03754,-0.062893,-0.372757,2.969787,0.003068,0.217825,-0.026078,-0.061122,-0.381604,3.076750,-0.002155,0.216691,-0.029854,-0.061100,-0.381600,3.076800,-0.002200,0.216700,-0.029900,,,,,,,0
680,1787660328.2953,1787660328.3105,0.05189,-0.062893,-0.372757,2.969787,0.003068,0.217825,-0.026078,-0.063710,-0.378732,3.080369,0.004797,0.223879,-0.028508,-0.063700,-0.378700,3.080400,0.004800,0.223900,-0.028500,,,,,,,1
681,1787660328.3617,1787660328.3766,0.06638,-0.062893,-0.372757,2.969787,0.003068,0.217825,-0.026078,-0.063384,-0.376759,3.082309,0.011782,0.234867,-0.031488,-0.063400,-0.376800,3.082300,0.011800,0.234900,-0.031500,,,,,,,1
682,1787660328.4011,1787660328.4157,0.03941,-0.062893,-0.372757,2.969787,0.003068,0.217825,-0.026078,-0.061156,-0.374408,3.078269,0.005331,0.224805,-0.030152,-0.061200,-0.374400,3.078300,0.005300,0.224800,-0.030200,,,,,,,0
683,1787660328.4584,1787660328.4714,0.05729,-0.062893,-0.372757,2.969787,0.003068,0.222427,-0.026078,-0.063369,-0.374418,3.083626,0.005046,0.230886,-0.030906,-0.063400,-0.374400,3.083600,0.005000,0.230900,-0.030900,,,,,,,0
684,1787660328.5143,1787660328.5277,0.0559,-0.062893,-0.372757,2.969787,0.006136,0.231631,-0.026078,-0.063282,-0.373678,2.969275,0.007966,0.230404,-0.026067,-0.063300,-0.373700,2.969300,0.008000,0.230400,-0.026100,,,,,,,0
