step,t_obs,t_cmd,dt,pos_shoulder_pan,pos_shoulder_lift,pos_elbow_flex,pos_wrist_flex,pos_wrist_roll,pos_gripper,cmd_shoulder_pan,cmd_shoulder_lift,cmd_elbow_flex,cmd_wrist_flex,cmd_wrist_roll,cmd_gripper,sent_shoulder_pan,sent_shoulder_lift,sent_elbow_flex,sent_wrist_flex,sent_wrist_roll,sent_gripper,velraw_shoulder_pan,velraw_shoulder_lift,velraw_elbow_flex,velraw_wrist_flex,velraw_wrist_roll,velraw_gripper,chunk_start
0,1700000000.0000,1700000000.0020,0.0000,-57.1429,-27.8681,52.7033,50.9011,-111.6923,29.5490,-57.1429,-27.8681,52.7033,50.9011,-111.6923,29.5490,-57.1429,-27.8681,52.7033,50.9011,-111.6923,29.5490,0.0000,0.0000,0.0000,0.0000,0.0000,0.0000,1
1,1700000000.2200,1700000000.2220,0.2200,-57.1429,-27.8681,52.7033,50.9011,-111.6923,29.5490,-57.7582,-26.1978,51.8242,50.9011,-111.6923,29.0824,-57.7582,-26.1978,51.8242,50.9011,-111.6923,29.0824,0.0000,0.0000,0.0000,0.0000,0.0000,0.0000,1
2,1700000000.2533,1700000000.2553,0.0333,-57.2866,-27.4358,52.4799,50.9011,-111.6923,29.4218,-58.1978,-24.4396,50.5055,50.9011,-111.6923,28.6159,-58.1978,-24.4396,50.5055,50.9011,-111.6923,28.6159,0.0000,0.0000,0.0000,0.0000,0.0000,0.0000,0
3,1700000000.2867,1700000000.2887,0.0333,-57.4994,-26.6604,51.9781,50.9011,-111.6923,29.2020,-58.5494,-22.5055,48.8352,50.9890,-111.7802,28.3826,-58.5494,-22.5055,48.8352,50.9890,-111.7802,28.3826,0.0000,0.0000,0.0000,0.0000,0.0000,0.0000,0
4,1700000000.3200,1700000000.3220,0.0333,-57.7446,-25.5850,51.1794,50.9213,-111.7133,28.9786,-58.7253,-20.4835,46.8132,51.2527,-111.7802,28.3048,-58.7253,-20.4835,46.8132,51.2527,-111.7802,28.3048,0.0000,0.0000,0.0000,0.0000,0.0000,0.0000,0
5,1700000000.3533,1700000000.3553,0.0333,-57.9737,-24.2647,50.0698,50.9977,-111.7292,28.7949,-58.8132,-18.3736,44.6154,51.6044,-112.4835,28.3048,-58.8132,-18.3736,44.6154,51.6044,-112.4835,28.3048,0.0000,0.0000,0.0000,0.0000,0.0000,0.0000,0
6,1700000000.3867,1700000000.3887,0.0333,-58.1697,-22.7400,48.6836,51.1374,-111.9090,28.6613,-58.9890,-16.1758,42.1538,52.4835,-113.1868,28.3048,-58.9890,-16.1758,42.1538,52.4835,-113.1868,28.3048,0.0000,0.0000,0.0000,0.0000,0.0000,0.0000,0
7,1700000000.4200,1700000000.4220,0.0333,-58.3611,-21.0412,47.0241,51.4475,-112.2136,28.5641,-59.5165,-13.9780,39.6044,53.9780,-113.9780,28.3048,-59.5165,-13.9780,39.6044,53.9780,-113.9780,28.3048,0.0000,0.0000,0.0000,0.0000,0.0000,0.0000,0
8,1700000000.4533,1700000000.4553,0.0333,-58.6309,-19.2131,45.1385,52.0304,-112.6341,28.4934,-59.8681,-12.0440,36.7912,55.9121,-114.8571,28.3048,-59.8681,-12.0440,36.7912,55.9121,-114.8571,28.3048,0.0000,0.0000,0.0000,0.0000,0.0000,0.0000,0
9,1700000000.4867,1700000000.4887,0.0333,-58.9199,-17.3577,43.0171,52.9244,-113.1640,28.4420,-60.1319,-10.1099,34.3297,57.9341,-115.5604,28.3048,-60.1319,-10.1099,34.3297,57.9341,-115.5604,28.3048,0.0000,0.0000,0.0000,0.0000,0.0000,0.0000,0
10,1700000000.5200,1700000000.5220,0.0333,-59.2029,-15.4819,40.8093,54.0783,-113.7352,28.4046,-60.3077,-8.4396,32.2198,59.6923,-115.7363,28.3048,-60.3077,-8.4396,32.2198,59.6923,-115.7363,28.3048,0.0000,0.0000,0.0000,0.0000,0.0000,0.0000,0
11,1700000000.5533,1700000000.5553,0.0333,-59.4610,-13.6593,38.6264,55.3714,-114.2122,28.3774,-60.3077,-7.0330,30.6374,60.8352,-115.8242,28.3048,-60.3077,-7.0330,30.6374,60.8352,-115.8242,28.3048,0.0000,0.0000,0.0000,0.0000,0.0000,0.0000,0
12,1700000000.5867,1700000000.5887,0.0333,-59.6587,-11.9443,36.5961,56.6299,-114.5964,28.3576,-60.4835,-5.7143,29.4066,61.4506,-115.7363,28.3048,-60.4835,-5.7143,29.4066,61.4506,-115.7363,28.3048,0.0000,0.0000,0.0000,0.0000,0.0000,0.0000,0
13,1700000000.6200,1700000000.6220,0.0333,-59.8513,-10.3319,34.7689,57.7403,-114.8681,28.3432,-60.5714,-4.6593,28.9670,61.6264,-115.6484,28.3048,-60.5714,-4.6593,28.9670,61.6264,-115.6484,28.3048,0.0000,0.0000,0.0000,0.0000,0.0000,0.0000,0
14,1700000000.6533,1700000000.6553,0.0333,-60.0195,-8.8638,33.2945,58.6354,-115.0541,28.3327,-60.9231,-4.0440,28.7912,61.6264,-115.6484,28.3048,-60.9231,-4.0440,28.7912,61.6264,-115.6484,28.3048,0.0000,0.0000,0.0000,0.0000,0.0000,0.0000,0
15,1700000000.6867,1700000000.6887,0.0333,-60.2306,-7.6164,32.1500,59.3243,-115.1957,28.3251,-61.3626,-3.7802,28.6154,61.5385,-115.6484,28.3048,-61.3626,-3.7802,28.6154,61.5385,-115.6484,28.3048,0.0000,0.0000,0.0000,0.0000,0.0000,0.0000,0
16,1700000000.7200,1700000000.7220,0.0333,-60.4950,-6.6235,31.2517,59.8343,-115.3036,28.3196,-61.8022,-3.6044,28.5275,61.5385,-115.7363,28.3048,-61.8022,-3.6044,28.5275,61.5385,-115.7363,28.3048,0.0000,0.0000,0.0000,0.0000,0.0000,0.0000,0
17,1700000000.7533,1700000000.7553,0.0333,-60.8003,-5.8422,30.5594,60.2268,-115.4067,28.3156,-62.1538,-3.5165,28.3516,61.6264,-115.8242,28.3048,-62.1538,-3.5165,28.3516,61.6264,-115.8242,28.3048,0.0000,0.0000,0.0000,0.0000,0.0000,0.0000,0
18,1700000000.7867,1700000000.7887,0.0333,-61.1164,-5.2402,29.9983,60.5492,-115.5062,28.3126,-62.3297,-3.4286,28.3516,61.5385,-115.9121,28.3048,-62.3297,-3.4286,28.3516,61.5385,-115.9121,28.3048,0.0000,0.0000,0.0000,0.0000,0.0000,0.0000,0
19,1700000000.8200,1700000000.8220,0.0333,-61.3998,-4.7714,29.5798,60.7771,-115.6030,28.3105,-62.6813,-3.4286,28.2637,61.5385,-115.9121,28.3048,-62.6813,-3.4286,28.2637,61.5385,-115.9121,28.3048,0.0000,0.0000,0.0000,0.0000,0.0000,0.0000,0
20,1700000000.8533,1700000000.8553,0.0333,-61.6991,-4.4238,29.2454,60.9524,-115.6766,28.3090,-63.6483,-3.4286,28.1758,61.2747,-115.9121,28.3048,-63.6483,-3.4286,28.1758,61.2747,-115.9121,28.3048,0.0000,0.0000,0.0000,0.0000,0.0000,0.0000,0
21,1700000000.8867,1700000000.8887,0.0333,-62.1543,-4.1663,28.9736,61.0267,-115.7328,28.3078,-64.5275,-3.2527,28.1758,60.4835,-115.9121,28.3048,-64.5275,-3.2527,28.1758,60.4835,-115.9121,28.3048,0.0000,0.0000,0.0000,0.0000,0.0000,0.0000,0
22,1700000000.9200,1700000000.9220,0.0333,-62.7086,-3.9298,28.7708,60.9016,-115.7755,28.3070,-64.9670,-3.1648,28.2637,59.6044,-115.9121,28.3048,-64.9670,-3.1648,28.2637,59.6044,-115.9121,28.3048,0.0000,0.0000,0.0000,0.0000,0.0000,0.0000,0
23,1700000000.9533,1700000000.9553,0.0333,-63.2360,-3.7318,28.6419,60.6028,-115.8081,28.3064,-65.4066,-3.1648,28.3516,58.9011,-116.0000,28.3048,-65.4066,-3.1648,28.3516,58.9011,-116.0000,28.3048,0.0000,0.0000,0.0000,0.0000,0.0000,0.0000,0
24,1700000000.9867,1700000000.9887,0.0333,-63.7430,-3.5851,28.5682,60.2108,-115.8538,28.3060,-66.0220,-3.0769,28.6154,58.2857,-116.0879,28.3048,-66.0220,-3.0769,28.6154,58.2857,-116.0879,28.3048,0.0000,0.0000,0.0000,0.0000,0.0000,0.0000,0
25,1700000001.0200,1700000001.0220,0.0333,-64.2752,-3.4536,28.5802,59.7674,-115.9096,28.3057,-66.3736,-2.6374,28.7033,58.1978,-116.1758,28.3048,-66.3736,-2.6374,28.7033,58.1978,-116.1758,28.3048,0.0000,0.0000,0.0000,0.0000,0.0000,0.0000,0
26,1700000001.0533,1700000001.0553,0.0333,-64.7653,-3.2423,28.6115,59.4059,-115.9731,28.3054,-66.5495,-1.9341,28.6154,58.2857,-116.1758,28.3048,-66.5495,-1.9341,28.6154,58.2857,-116.1758,28.3048,0.0000,0.0000,0.0000,0.0000,0.0000,0.0000,0
27,1700000001.0867,1700000001.0887,0.0333,-65.1820,-2.9037,28.6125,59.1479,-116.0214,28.3053,-66.7253,-0.9670,28.5275,58.3736,-116.0879,28.3048,-66.7253,-0.9670,28.5275,58.3736,-116.0879,28.3048,0.0000,0.0000,0.0000,0.0000,0.0000,0.0000,0
28,1700000001.1200,1700000001.1220,0.0333,-65.5424,-2.4025,28.5909,58.9695,-116.0372,28.3051,-66.7253,0.0000,28.4396,58.9890,-116.0879,28.3048,-66.7253,0.0000,28.4396,58.9890,-116.0879,28.3048,0.0000,0.0000,0.0000,0.0000,0.0000,0.0000,0
29,1700000001.1533,1700000001.1553,0.0333,-65.8187,-1.7807,28.5524,58.9740,-116.0493,28.3051,-66.7253,0.7912,28.2637,59.7802,-115.9121,28.3048,-66.7253,0.7912,28.2637,59.7802,-115.9121,28.3048,0.0000,0.0000,0.0000,0.0000,0.0000,0.0000,0
30,1700000001.1867,1700000001.1887,0.0333,-66.0304,-1.1151,28.4790,59.1597,-116.0166,28.3050,-66.6374,1.4066,27.9121,60.3077,-115.8242,28.3048,-66.6374,1.4066,27.9121,60.3077,-115.8242,28.3048,0.0000,0.0000,0.0000,0.0000,0.0000,0.0000,0
31,1700000001.2200,1700000001.2220,0.0333,-66.1722,-0.4624,28.3350,59.4241,-115.9707,28.3049,-66.5495,1.9341,27.4725,60.8352,-115.7363,28.3048,-66.5495,1.9341,27.4725,60.8352,-115.7363,28.3048,0.0000,0.0000,0.0000,0.0000,0.0000,0.0000,0
32,1700000001.2533,1700000001.2553,0.0333,-66.2603,0.1578,28.1158,59.7491,-115.9149,28.3049,-66.3736,2.3736,27.0330,61.1868,-115.7363,28.3048,-66.3736,2.3736,27.0330,61.1868,-115.7363,28.3048,0.0000,0.0000,0.0000,0.0000,0.0000,0.0000,0
33,1700000001.2867,1700000001.2887,0.0333,-66.2868,0.7313,27.8406,60.0803,-115.8723,28.3049,-66.1978,2.7253,26.6813,61.4506,-115.6484,28.3048,-66.1978,2.7253,26.6813,61.4506,-115.6484,28.3048,0.0000,0.0000,0.0000,0.0000,0.0000,0.0000,0
34,1700000001.3200,1700000001.3220,0.0333,-66.2660,1.2473,27.5460,60.3959,-115.8189,28.3049,-65.6703,3.0769,26.5055,61.4506,-115.6484,28.3048,-65.6703,3.0769,26.5055,61.4506,-115.6484,28.3048,0.0000,0.0000,0.0000,0.0000,0.0000,0.0000,0
35,1700000001.3533,1700000001.3553,0.0333,-66.1269,1.7209,27.2816,60.6388,-115.7783,28.3049,-65.2308,3.1648,26.4176,61.3626,-115.6484,28.3048,-65.2308,3.1648,26.4176,61.3626,-115.6484,28.3048,0.0000,0.0000,0.0000,0.0000,0.0000,0.0000,0
36,1700000001.3867,1700000001.3887,0.0333,-65.9176,2.0946,27.0620,60.8055,-115.7473,28.3048,-65.0549,3.1648,26.4176,61.2747,-115.6484,28.5381,-65.0549,3.1648,26.4176,61.2747,-115.6484,28.5381,0.0000,0.0000,0.0000,0.0000,0.0000,0.0000,0
37,1700000001.4200,1700000001.4220,0.0333,-65.7161,2.3716,26.8982,60.9136,-115.7237,28.3684,-64.7912,3.1648,26.4176,61.0989,-115.6484,28.6936,-64.7912,3.1648,26.4176,61.0989,-115.6484,28.6936,0.0000,0.0000,0.0000,0.0000,0.0000,0.0000,0
38,1700000001.4533,1700000001.4553,0.0333,-65.5001,2.5769,26.7761,60.9563,-115.7058,28.4571,-64.5275,3.1648,26.2418,61.0989,-115.6484,28.6936,-64.5275,3.1648,26.2418,61.0989,-115.6484,28.6936,0.0000,0.0000,0.0000,0.0000,0.0000,0.0000,0
39,1700000001.4867,1700000001.4887,0.0333,-65.2729,2.7290,26.6403,60.9891,-115.6921,28.5216,-64.3516,3.1648,26.0659,61.1868,-115.6484,28.6936,-64.3516,3.1648,26.0659,61.1868,-115.6484,28.6936,0.0000,0.0000,0.0000,0.0000,0.0000,0.0000,0
40,1700000001.5200,1700000001.5220,0.0333,-65.0578,2.8418,26.4943,61.0347,-115.6817,28.5685,-64.1758,3.1648,26.0659,61.2747,-115.6484,28.6936,-64.1758,3.1648,26.0659,61.2747,-115.6484,28.6936,0.0000,0.0000,0.0000,0.0000,0.0000,0.0000,0
41,1700000001.5533,1700000001.5553,0.0333,-64.8518,2.9254,26.3854,61.0900,-115.6737,28.6026,-63.8242,3.1648,26.0659,61.2747,-115.6484,28.6936,-63.8242,3.1648,26.0659,61.2747,-115.6484,28.6936,0.0000,0.0000,0.0000,0.0000,0.0000,0.0000,0
42,1700000001.5867,1700000001.5887,0.0333,-64.6118,2.9874,26.3042,61.1325,-115.6677,28.6274,-63.3846,3.1648,26.0659,61.3626,-115.6484,28.5381,-63.3846,3.1648,26.0659,61.3626,-115.6484,28.5381,0.0000,0.0000,0.0000,0.0000,0.0000,0.0000,0
43,1700000001.6200,1700000001.6220,0.0333,-64.3252,3.0333,26.2437,61.1855,-115.6631,28.6031,-63.0330,3.1648,26.1538,61.4506,-115.6484,28.4603,-63.0330,3.1648,26.1538,61.4506,-115.6484,28.4603,0.0000,0.0000,0.0000,0.0000,0.0000,0.0000,0
44,1700000001.6533,1700000001.6553,0.0333,-64.0234,3.0674,26.2209,61.2466,-115.6596,28.5642,-62.9451,3.0769,26.2418,61.4506,-115.6484,28.4603,-62.9451,3.0769,26.2418,61.4506,-115.6484,28.4603,0.0000,0.0000,0.0000,0.0000,0.0000,0.0000,0
45,1700000001.6867,1700000001.6887,0.0333,-63.7715,3.0698,26.2262,61.2936,-115.6569,28.5359,-62.5934,3.0769,26.2418,61.4506,-115.6484,28.4603,-62.5934,3.0769,26.2418,61.4506,-115.6484,28.4603,0.0000,0.0000,0.0000,0.0000,0.0000,0.0000,0
46,1700000001.7200,1700000001.7220,0.0333,-63.4964,3.0717,26.2301,61.3297,-115.6549,28.5153,-62.4176,3.0769,26.2418,61.4506,-115.6484,28.3826,-62.4176,3.0769,26.2418,61.4506,-115.6484,28.3826,0.0000,0.0000,0.0000,0.0000,0.0000,0.0000,0
47,1700000001.7533,1700000001.7553,0.0333,-63.2444,3.0730,26.2331,61.3575,-115.6533,28.4791,-62.3297,3.0769,26.2418,61.4506,-115.6484,28.3826,-62.3297,3.0769,26.2418,61.4506,-115.6484,28.3826,0.0000,0.0000,0.0000,0.0000,0.0000,0.0000,0
48,1700000001.7867,1700000001.7887,0.0333,-63.0308,3.0740,26.2353,61.3790,-115.6521,28.4528,-62.2418,3.1648,26.0659,61.4506,-115.6484,28.3826,-62.2418,3.1648,26.0659,61.4506,-115.6484,28.3826,0.0000,0.0000,0.0000,0.0000,0.0000,0.0000,0
49,1700000001.8200,1700000001.8220,0.0333,-62.8465,3.0975,26.1922,61.3955,-115.6512,28.4336,-62.2418,3.1648,26.0659,61.2747,-115.6484,28.3826,-62.2418,3.1648,26.0659,61.2747,-115.6484,28.3826,0.0000,0.0000,0.0000,0.0000,0.0000,0.0000,0
50,1700000001.8533,1700000001.8553,0.0333,-62.7053,3.1150,26.1601,61.3676,-115.6505,28.4197,-62.2926,3.3777,26.1909,61.3118,-115.5234,28.4962,-62.2926,3.3777,26.1909,61.3118,-115.5234,28.4962,0.0000,0.0000,0.0000,0.0000,0.0000,0.0000,1
51,1700000002.0733,1700000002.0753,0.2200,-62.3639,3.3413,26.1865,61.3217,-115.5444,28.4869,-62.6305,3.1277,26.2047,61.0618,-115.7734,28.2689,-62.6305,3.1277,26.2047,61.0618,-115.7734,28.2689,0.0000,0.0000,0.0000,0.0000,0.0000,0.0000,1
52,1700000002.1067,1700000002.1087,0.0333,-62.4262,3.2861,26.1911,61.2619,-115.5990,28.4274,-62.4684,3.3777,26.7184,61.3118,-115.5234,28.4962,-62.4684,3.3777,26.7184,61.3118,-115.5234,28.4962,0.0000,0.0000,0.0000,0.0000,0.0000,0.0000,0
53,1700000002.1400,1700000002.1420,0.0333,-62.4360,3.3098,26.3251,61.2734,-115.5810,28.4462,-62.7184,3.1277,26.9959,60.9739,-115.7734,28.2689,-62.7184,3.1277,26.9959,60.9739,-115.7734,28.2689,0.0000,0.0000,0.0000,0.0000,0.0000,0.0000,0
54,1700000002.1733,1700000002.1753,0.0333,-62.5020,3.2627,26.4956,61.2044,-115.6268,28.3979,-62.5563,3.3777,27.5975,61.2239,-115.5234,28.4962,-62.5563,3.3777,27.5975,61.2239,-115.5234,28.4962,0.0000,0.0000,0.0000,0.0000,0.0000,0.0000,0
55,1700000002.2067,1700000002.2087,0.0333,-62.5147,3.2925,26.7756,61.2089,-115.6022,28.4247,-63.1580,3.1277,27.4354,60.9739,-115.7734,28.2689,-63.1580,3.1277,27.4354,60.9739,-115.7734,28.2689,0.0000,0.0000,0.0000,0.0000,0.0000,0.0000,0
56,1700000002.2400,1700000002.2420,0.0333,-62.6649,3.2498,26.9433,61.1548,-115.6430,28.3822,-63.0838,3.3777,28.0371,61.2239,-115.5234,28.4962,-63.0838,3.3777,28.0371,61.2239,-115.5234,28.4962,0.0000,0.0000,0.0000,0.0000,0.0000,0.0000,0
57,1700000002.2733,1700000002.2753,0.0333,-62.7627,3.2829,27.2213,61.1707,-115.6145,28.4133,-63.3338,3.1277,28.0508,60.9739,-115.7734,28.2689,-63.3338,3.1277,28.0508,60.9739,-115.7734,28.2689,0.0000,0.0000,0.0000,0.0000,0.0000,0.0000,0
58,1700000002.3067,1700000002.3087,0.0333,-62.8961,3.2428,27.4321,61.1254,-115.6523,28.3739,-63.1717,3.3777,28.3887,61.2239,-115.5234,28.4962,-63.1717,3.3777,28.3887,61.2239,-115.5234,28.4962,0.0000,0.0000,0.0000,0.0000,0.0000,0.0000,0
59,1700000002.3400,1700000002.3420,0.0333,-62.9605,3.2777,27.6752,61.1481,-115.6216,28.4073,-63.5096,3.1277,28.1387,60.9739,-115.7734,28.2689,-63.5096,3.1277,28.1387,60.9739,-115.7734,28.2689,0.0000,0.0000,0.0000,0.0000,0.0000,0.0000,0
60,1700000002.3733,1700000002.3753,0.0333,-63.0887,3.2389,27.7930,61.1079,-115.6578,28.3696,-63.2596,3.4657,28.4766,61.2239,-115.5234,28.4962,-63.2596,3.4657,28.4766,61.2239,-115.5234,28.4962,0.0000,0.0000,0.0000,0.0000,0.0000,0.0000,0
61,1700000002.4067,1700000002.4087,0.0333,-63.1286,3.2976,27.9668,61.1347,-115.6257,28.4041,-63.5096,3.2157,28.2266,60.9739,-115.7734,28.2689,-63.5096,3.2157,28.2266,60.9739,-115.7734,28.2689,0.0000,0.0000,0.0000,0.0000,0.0000,0.0000,0
62,1700000002.4400,1700000002.4420,0.0333,-63.2176,3.2764,28.0328,61.0976,-115.6609,28.3672,-63.2596,3.4657,28.6525,61.2239,-115.5234,28.4962,-63.2596,3.4657,28.6525,61.2239,-115.5234,28.4962,0.0000,0.0000,0.0000,0.0000,0.0000,0.0000,0
63,1700000002.4733,1700000002.4753,0.0333,-63.2274,3.3254,28.1903,61.1267,-115.6281,28.4024,-63.5096,3.3036,28.7541,60.8860,-115.7734,28.2689,-63.5096,3.3036,28.7541,60.8860,-115.7734,28.2689,0.0000,0.0000,0.0000,0.0000,0.0000,0.0000,0
64,1700000002.5067,1700000002.5087,0.0333,-63.2933,3.3197,28.3336,61.0713,-115.6627,28.3660,-63.2596,3.8173,29.1799,61.1360,-115.5234,28.4962,-63.2596,3.8173,29.1799,61.1360,-115.5234,28.4962,0.0000,0.0000,0.0000,0.0000,0.0000,0.0000,0
65,1700000002.5400,1700000002.5420,0.0333,-63.2855,3.4485,28.5487,61.0862,-115.6295,28.4015,-63.5096,4.0069,28.9299,60.8860,-115.7734,28.2689,-63.5096,4.0069,28.9299,60.8860,-115.7734,28.2689,0.0000,0.0000,0.0000,0.0000,0.0000,0.0000,0
66,1700000002.5733,1700000002.5753,0.0333,-63.3378,3.5930,28.6456,61.0401,-115.6638,28.3654,-63.2596,4.6085,29.1799,61.2239,-115.5234,28.4962,-63.2596,4.6085,29.1799,61.2239,-115.5234,28.4962,0.0000,0.0000,0.0000,0.0000,0.0000,0.0000,0
67,1700000002.6067,1700000002.6087,0.0333,-63.3195,3.8558,28.7814,61.0824,-115.6303,28.4010,-63.5975,4.7102,28.9299,60.9739,-115.7734,28.2689,-63.5975,4.7102,28.9299,60.9739,-115.7734,28.2689,0.0000,0.0000,0.0000,0.0000,0.0000,0.0000,0
68,1700000002.6400,1700000002.6420,0.0333,-63.3845,4.0769,28.8191,61.0574,-115.6644,28.3650,-63.3475,5.2239,29.1799,61.2239,-115.5234,28.3407,-63.3475,5.2239,29.1799,61.2239,-115.5234,28.3407,0.0000,0.0000,0.0000,0.0000,0.0000,0.0000,0
69,1700000002.6733,1700000002.6753,0.0333,-63.3758,4.3738,28.9108,61.0958,-115.6308,28.3584,-63.6854,5.1497,28.7541,60.9739,-115.7734,27.4136,-63.6854,5.1497,28.7541,60.9739,-115.7734,27.4136,0.0000,0.0000,0.0000,0.0000,0.0000,0.0000,0
70,1700000002.7067,1700000002.7087,0.0333,-63.4481,4.5746,28.8710,61.0677,-115.6648,28.1008,-63.4354,5.5755,28.9162,61.2239,-115.5234,26.2412,-63.4354,5.5755,28.9162,61.2239,-115.5234,26.2412,0.0000,0.0000,0.0000,0.0000,0.0000,0.0000,0
71,1700000002.7400,1700000002.7420,0.0333,-63.4452,4.8337,28.8825,61.1037,-115.6311,27.5938,-63.6854,5.3255,28.6662,60.9739,-115.7734,23.9144,-63.6854,5.3255,28.6662,60.9739,-115.7734,23.9144,0.0000,0.0000,0.0000,0.0000,0.0000,0.0000,0
72,1700000002.7733,1700000002.7753,0.0333,-63.5013,4.9610,28.8275,61.0738,-115.6650,26.5906,-63.4354,5.5755,28.9162,61.2239,-115.5234,21.3423,-63.4354,5.5755,28.9162,61.2239,-115.5234,21.3423,0.0000,0.0000,0.0000,0.0000,0.0000,0.0000,0
73,1700000002.8067,1700000002.8087,0.0333,-63.4859,5.1200,28.8501,61.1084,-115.6312,25.1596,-63.6854,5.3255,28.6662,60.9739,-115.7734,18.0046,-63.6854,5.3255,28.6662,60.9739,-115.7734,18.0046,0.0000,0.0000,0.0000,0.0000,0.0000,0.0000,0
74,1700000002.8400,1700000002.8420,0.0333,-63.5325,5.1732,28.8033,61.0774,-115.6651,23.2088,-63.4354,5.5755,28.9162,61.2239,-115.5234,14.6548,-63.4354,5.5755,28.9162,61.2239,-115.5234,14.6548,0.0000,0.0000,0.0000,0.0000,0.0000,0.0000,0
75,1700000002.8733,1700000002.8753,0.0333,-63.5098,5.2773,28.8320,61.1111,-115.6313,20.8766,-63.6854,5.3255,28.6662,60.9739,-115.7734,10.8506,-63.6854,5.3255,28.6662,60.9739,-115.7734,10.8506,0.0000,0.0000,0.0000,0.0000,0.0000,0.0000,0
76,1700000002.9067,1700000002.9087,0.0333,-63.5509,5.2898,28.7899,61.0795,-115.6652,18.1430,-63.4354,5.5755,29.0041,61.2239,-115.5234,7.5786,-63.4354,5.5755,29.0041,61.2239,-115.5234,7.5786,0.0000,0.0000,0.0000,0.0000,0.0000,0.0000,0
77,1700000002.9400,1700000002.9420,0.0333,-63.5239,5.3638,28.8443,61.1128,-115.6314,15.2626,-63.6854,5.3255,28.9299,60.9739,-115.7734,3.8521,-63.6854,5.3255,28.9299,60.9739,-115.7734,3.8521,0.0000,0.0000,0.0000,0.0000,0.0000,0.0000,0
78,1700000002.9733,1700000002.9753,0.0333,-63.5616,5.3539,28.8661,61.0808,-115.6652,12.1515,-63.4354,5.5755,29.1799,61.3118,-115.5234,1.3578,-63.4354,5.5755,29.1799,61.3118,-115.5234,1.3578,0.0000,0.0000,0.0000,0.0000,0.0000,0.0000,0
79,1700000003.0067,1700000003.0087,0.0333,-63.5322,5.4112,28.9459,61.1340,-115.6314,9.2086,-63.6854,5.3255,28.9299,61.0618,-115.7734,0.8195,-63.6854,5.3255,28.9299,61.0618,-115.7734,0.8195,0.0000,0.0000,0.0000,0.0000,0.0000,0.0000,0
80,1700000003.0400,1700000003.0420,0.0333,-63.5680,5.3891,28.9418,61.1174,-115.6652,6.9213,-63.4354,5.5755,29.1799,61.3118,-115.5234,2.1354,-63.4354,5.5755,29.1799,61.3118,-115.5234,2.1354,0.0000,0.0000,0.0000,0.0000,0.0000,0.0000,0
81,1700000003.0733,1700000003.0753,0.0333,-63.5370,5.4373,29.0023,61.1622,-115.6314,5.6164,-63.6854,5.3255,28.9299,61.0618,-115.7734,2.6080,-63.6854,5.3255,28.9299,61.0618,-115.7734,2.6080,0.0000,0.0000,0.0000,0.0000,0.0000,0.0000,0
82,1700000003.1067,1700000003.1087,0.0333,-63.5717,5.4084,28.9839,61.1390,-115.6652,4.7962,-63.2596,5.5755,29.1799,61.3118,-115.5234,2.7575,-63.2596,5.5755,29.1799,61.3118,-115.5234,2.7575,0.0000,0.0000,0.0000,0.0000,0.0000,0.0000,0
83,1700000003.1400,1700000003.1420,0.0333,-63.4988,5.4517,29.0337,61.1788,-115.6314,4.2403,-63.4217,5.2376,28.9299,61.0618,-115.7734,2.2192,-63.4217,5.2376,28.9299,61.0618,-115.7734,2.2192,0.0000,0.0000,0.0000,0.0000,0.0000,0.0000,0
84,1700000003.1733,1700000003.1753,0.0333,-63.4808,5.3963,29.0074,61.1519,-115.6653,3.6893,-62.9959,5.3997,29.1799,61.3118,-115.5234,2.2909,-62.9959,5.3997,29.1799,61.3118,-115.5234,2.2909,0.0000,0.0000,0.0000,0.0000,0.0000,0.0000,0
85,1700000003.2067,1700000003.2087,0.0333,-63.3675,5.3972,29.0512,61.1887,-115.6314,3.3080,-63.2459,5.1497,28.9299,61.1497,-115.7734,2.0637,-63.2459,5.1497,28.9299,61.1497,-115.7734,2.0637,0.0000,0.0000,0.0000,0.0000,0.0000,0.0000,0
86,1700000003.2400,1700000003.2420,0.0333,-63.3391,5.3331,29.0204,61.1797,-115.6653,2.9687,-62.9959,5.3118,29.1799,61.5756,-115.5234,2.2909,-62.9959,5.3118,29.1799,61.5756,-115.5234,2.2909,0.0000,0.0000,0.0000,0.0000,0.0000,0.0000,0
87,1700000003.2733,1700000003.2753,0.0333,-63.2590,5.3276,29.0609,61.2709,-115.6314,2.7839,-63.2459,5.0618,28.9299,61.3256,-115.7734,2.0637,-63.2459,5.0618,28.9299,61.3256,-115.7734,2.0637,0.0000,0.0000,0.0000,0.0000,0.0000,0.0000,0
88,1700000003.3067,1700000003.3087,0.0333,-63.2559,5.2588,29.0277,61.2835,-115.6653,2.5875,-62.8201,4.9602,29.0041,61.5756,-115.5234,2.2909,-62.8201,4.9602,29.0041,61.5756,-115.5234,2.2909,0.0000,0.0000,0.0000,0.0000,0.0000,0.0000,0
89,1700000003.3400,1700000003.3420,0.0333,-63.1541,5.1815,29.0217,61.3508,-115.6314,2.5067,-62.3668,4.1827,27.6992,61.4135,-115.6854,2.0637,-62.3668,4.1827,27.6992,61.4135,-115.6854,2.0637,0.0000,0.0000,0.0000,0.0000,0.0000,0.0000,0
90,1700000003.3733,1700000003.3753,0.0333,-62.9702,4.9230,28.6856,61.3652,-115.6443,2.3859,-61.3256,3.1140,26.1909,62.5426,-115.1717,2.3687,-61.3256,3.1140,26.1909,62.5426,-115.1717,2.3687,0.0000,0.0000,0.0000,0.0000,0.0000,0.0000,0
91,1700000003.4067,1700000003.4087,0.0333,-62.5861,4.4548,28.0516,61.6364,-115.5317,2.3812,-60.7843,1.1058,23.9190,64.0508,-114.4547,2.2192,-60.7843,1.1058,23.9190,64.0508,-114.4547,2.2192,0.0000,0.0000,0.0000,0.0000,0.0000,0.0000,0
92,1700000003.4400,1700000003.4420,0.0333,-62.1653,3.5881,27.0013,62.1925,-115.2750,2.3370,-59.7431,-0.5783,21.8832,66.1470,-113.2376,2.4465,-59.7431,-0.5783,21.8832,66.1470,-113.2376,2.4465,0.0000,0.0000,0.0000,0.0000,0.0000,0.0000,0
93,1700000003.4733,1700000003.4753,0.0333,-61.5996,2.5098,25.7006,63.1034,-114.7894,2.3669,-58.6744,-2.8503,19.2596,68.1827,-112.4327,2.2192,-58.6744,-2.8503,19.2596,68.1827,-112.4327,2.2192,0.0000,0.0000,0.0000,0.0000,0.0000,0.0000,0
94,1700000003.5067,1700000003.5087,0.0333,-60.9164,1.1225,24.0637,64.2733,-114.2276,2.3266,-56.8420,-4.6223,17.2239,71.1580,-110.4245,2.4465,-56.8420,-4.6223,17.2239,71.1580,-110.4245,2.4465,0.0000,0.0000,0.0000,0.0000,0.0000,0.0000,0
95,1700000003.5400,1700000003.5420,0.0333,-59.9648,-0.3643,22.3255,65.8591,-113.3211,2.3593,-55.4217,-6.8063,14.6003,74.1607,-108.3008,2.2192,-55.4217,-6.8063,14.6003,74.1607,-108.3008,2.2192,0.0000,0.0000,0.0000,0.0000,0.0000,0.0000,0
96,1700000003.5733,1700000003.5753,0.0333,-58.9038,-2.0315,20.3622,67.7712,-112.1245,2.3211,-53.2376,-8.4025,12.1250,78.0151,-105.5014,2.4465,-53.2376,-8.4025,12.1250,78.0151,-105.5014,2.4465,0.0000,0.0000,0.0000,0.0000,0.0000,0.0000,0
97,1700000003.6067,1700000003.6087,0.0333,-57.5804,-3.6804,18.2688,70.1308,-110.5459,2.3553,-51.0261,-10.4986,8.9739,81.9849,-102.7624,2.2969,-51.0261,-10.4986,8.9739,81.9849,-102.7624,2.2969,0.0000,0.0000,0.0000,0.0000,0.0000,0.0000,0
98,1700000003.6400,1700000003.6420,0.0333,-56.0497,-5.4450,15.9066,72.8612,-108.6907,2.3394,-48.3146,-12.0069,6.5865,86.2788,-98.8201,2.5242,-48.3146,-12.0069,6.5865,86.2788,-98.8201,2.5242,0.0000,0.0000,0.0000,0.0000,0.0000,0.0000,0
99,1700000003.6733,1700000003.6753,0.0333,-54.2431,-7.1433,13.5380,75.9517,-106.3380,2.3898,-45.5756,-13.9272,3.9629,89.8970,-95.2019,2.2969,-45.5756,-13.9272,3.9629,89.8970,-95.2019,2.2969,0.0000,0.0000,0.0000,0.0000,0.0000,0.0000,0
100,1700000003.7067,1700000003.7087,0.0333,-52.2188,-8.8990,11.1046,79.1638,-103.6837,2.3645,-41.8599,-15.0467,2.4918,93.2610,-90.1676,2.6378,-41.8599,-15.0467,2.4918,93.2610,-90.1676,2.6378,0.0000,0.0000,0.0000,0.0000,0.0000,0.0000,1
101,1700000003.9267,1700000003.9287,0.2200,-43.6501,-14.1951,3.7354,90.7565,-92.4085,2.6044,-38.9313,-16.7775,0.5852,95.0467,-85.5687,2.1833,-38.9313,-16.7775,0.5852,95.0467,-85.5687,2.1833,0.0000,0.0000,0.0000,0.0000,0.0000,0.0000,1
102,1700000003.9600,1700000003.9620,0.0333,-42.5480,-14.8634,2.9348,91.7447,-90.7782,2.4896,-34.6511,-17.5962,0.4698,96.9533,-79.0907,2.6378,-34.6511,-17.5962,0.4698,96.9533,-79.0907,2.6378,0.0000,0.0000,0.0000,0.0000,0.0000,0.0000,0
103,1700000003.9933,1700000003.9953,0.0333,-40.7037,-15.5707,2.3083,92.9444,-87.9925,2.5300,-30.9313,-19.4148,-0.1181,96.8049,-73.2610,2.1055,-30.9313,-19.4148,-0.1181,96.8049,-73.2610,2.1055,0.0000,0.0000,0.0000,0.0000,0.0000,0.0000,0
104,1700000004.0267,1700000004.0287,0.0333,-38.4213,-16.5656,1.6917,93.8336,-84.4812,2.4143,-26.4753,-19.8819,0.2060,97.3049,-65.9918,2.5601,-26.4753,-19.8819,0.2060,97.3049,-65.9918,2.5601,0.0000,0.0000,0.0000,0.0000,0.0000,0.0000,0
105,1700000004.0600,1700000004.0620,0.0333,-35.6313,-17.4239,1.3141,94.6332,-80.0742,2.4540,-23.1071,-21.1731,-0.6456,96.3654,-59.9863,2.0278,-23.1071,-21.1731,-0.6456,96.3654,-59.9863,2.0278,0.0000,0.0000,0.0000,0.0000,0.0000,0.0000,0
106,1700000004.0933,1700000004.0953,0.0333,-32.7063,-18.3942,0.8161,95.0322,-75.2862,2.3378,-18.8269,-21.2885,-0.9368,96.2500,-52.8929,2.4823,-18.8269,-21.2885,-0.9368,96.2500,-52.8929,2.4823,0.0000,0.0000,0.0000,0.0000,0.0000,0.0000,0
107,1700000004.1267,1700000004.1287,0.0333,-29.4647,-19.1433,0.3706,95.3127,-69.9487,2.3772,-15.6346,-22.3159,-2.4038,95.3104,-46.7994,2.1055,-15.6346,-22.3159,-2.4038,95.3104,-46.7994,2.1055,0.0000,0.0000,0.0000,0.0000,0.0000,0.0000,0
108,1700000004.1600,1700000004.1620,0.0333,-26.2347,-19.9644,-0.3345,95.3122,-64.4310,2.3031,-11.6181,-22.1676,-3.0467,95.3709,-39.9698,2.4823,-11.6181,-22.1676,-3.0467,95.3709,-39.9698,2.4823,0.0000,0.0000,0.0000,0.0000,0.0000,0.0000,0
109,1700000004.1933,1700000004.1953,0.0333,-22.8210,-20.5346,-1.0238,95.3257,-58.6006,2.3520,-9.0412,-22.8434,-4.8654,94.3434,-33.7006,2.0278,-9.0412,-22.8434,-4.8654,94.3434,-33.7006,2.0278,0.0000,0.0000,0.0000,0.0000,0.0000,0.0000,0
110,1700000004.2267,1700000004.2287,0.0333,-19.6027,-21.1321,-2.0001,95.0994,-52.6656,2.2636,-5.7280,-22.2555,-5.6841,93.8764,-26.6071,2.4823,-5.7280,-22.2555,-5.6841,93.8764,-26.6071,2.4823,0.0000,0.0000,0.0000,0.0000,0.0000,0.0000,0
111,1700000004.2600,1700000004.2620,0.0333,-16.3622,-21.4229,-2.9363,94.8177,-46.4545,2.3232,-3.8544,-22.6676,-7.1511,91.8819,-20.5137,2.0278,-3.8544,-22.6676,-7.1511,91.8819,-20.5137,2.0278,0.0000,0.0000,0.0000,0.0000,0.0000,0.0000,0
112,1700000004.2933,1700000004.2953,0.0333,-13.4410,-21.7450,-4.0075,94.1415,-40.2715,2.2427,-1.3324,-22.0797,-7.0027,90.0082,-14.1236,2.4823,-1.3324,-22.0797,-7.0027,90.0082,-14.1236,2.4823,0.0000,0.0000,0.0000,0.0000,0.0000,0.0000,0
113,1700000004.3267,1700000004.3287,0.0333,-10.6130,-21.8316,-4.7687,93.1895,-34.0391,2.3080,-0.1621,-22.3159,-7.4148,86.7830,-9.6126,2.0278,-0.1621,-22.3159,-7.4148,86.7830,-9.6126,2.0278,0.0000,0.0000,0.0000,0.0000,0.0000,0.0000,0
114,1700000004.3600,1700000004.3620,0.0333,-8.1722,-21.9570,-5.4412,91.7138,-28.2170,2.2316,1.6566,-21.3764,-6.9148,85.0852,-5.5082,2.4823,1.6566,-21.3764,-6.9148,85.0852,-5.5082,2.4823,0.0000,0.0000,0.0000,0.0000,0.0000,0.0000,0
115,1700000004.3933,1700000004.3953,0.0333,-5.8767,-21.8067,-5.8157,90.1870,-22.8043,2.3000,2.0357,-21.1731,-7.5907,83.5302,-4.2500,2.0278,2.0357,-21.1731,-7.5907,83.5302,-4.2500,2.0278,0.0000,0.0000,0.0000,0.0000,0.0000,0.0000,0
116,1700000004.4267,1700000004.4287,0.0333,-4.0287,-21.6427,-6.2668,88.6537,-18.3818,2.2258,3.2390,-19.8819,-7.0907,83.1511,-3.3984,2.4823,3.2390,-19.8819,-7.0907,83.1511,-3.3984,2.4823,0.0000,0.0000,0.0000,0.0000,0.0000,0.0000,0
117,1700000004.4600,1700000004.4620,0.0333,-2.3313,-21.1870,-6.4762,87.3863,-14.8105,2.2957,3.0907,-19.2390,-7.6786,82.0357,-3.8984,2.0278,3.0907,-19.2390,-7.6786,82.0357,-3.8984,2.0278,0.0000,0.0000,0.0000,0.0000,0.0000,0.0000,0
118,1700000004.4933,1700000004.4953,0.0333,-1.0650,-20.6828,-6.7817,86.1539,-12.2095,2.2227,3.6786,-17.5082,-7.2665,82.0082,-3.3104,2.4823,3.6786,-17.5082,-7.2665,82.0082,-3.3104,2.4823,0.0000,0.0000,0.0000,0.0000,0.0000,0.0000,0
119,1700000004.5267,1700000004.5287,0.0333,0.0429,-19.8612,-6.9049,85.1990,-10.0884,2.2935,3.0027,-16.6016,-8.1181,81.0687,-3.8104,2.0278,3.0027,-16.6016,-8.1181,81.0687,-3.8104,2.0278,0.0000,0.0000,0.0000,0.0000,0.0000,0.0000,0
120,1700000004.5600,1700000004.5620,0.0333,0.7342,-19.0176,-7.2132,84.2476,-8.5921,2.2210,3.4148,-14.6071,-8.2335,81.2170,-3.3104,2.4823,3.4148,-14.6071,-8.2335,81.2170,-3.3104,2.4823,0.0000,0.0000,0.0000,0.0000,0.0000,0.0000,0
121,1700000004.5933,1700000004.5953,0.0333,1.3602,-17.8761,-7.4725,83.5496,-7.3332,2.2923,2.5632,-13.3489,-9.5247,80.2775,-3.7225,2.1055,2.5632,-13.3489,-9.5247,80.2775,-3.7225,2.1055,0.0000,0.0000,0.0000,0.0000,0.0000,0.0000,0
122,1700000004.6267,1700000004.6287,0.0333,1.6412,-16.7044,-7.9941,82.7959,-6.4726,2.2414,2.4478,-11.0907,-10.0797,80.3379,-3.2225,2.5601,2.4478,-11.0907,-10.0797,80.3379,-3.2225,2.5601,0.0000,0.0000,0.0000,0.0000,0.0000,0.0000,0
123,1700000004.6600,1700000004.6620,0.0333,1.8296,-15.2515,-8.5241,82.2297,-5.6979,2.3283,1.5082,-9.6566,-12.1621,79.5742,-3.7225,2.0278,1.5082,-9.6566,-12.1621,79.5742,-3.7225,2.0278,0.0000,0.0000,0.0000,0.0000,0.0000,0.0000,0
124,1700000004.6933,1700000004.6953,0.0333,1.7545,-13.8035,-9.4487,81.6181,-5.2271,2.2463,1.6566,-7.1346,-13.3324,79.8984,-3.2225,2.4823,1.6566,-7.1346,-13.3324,79.8984,-3.2225,2.4823,0.0000,0.0000,0.0000,0.0000,0.0000,0.0000,0
125,1700000004.7267,1700000004.7287,0.0333,1.7317,-12.0775,-10.4357,81.2220,-4.7493,2.3107,1.0687,-5.6126,-15.5907,79.3984,-3.7225,2.0278,1.0687,-5.6126,-15.5907,79.3984,-3.7225,2.0278,0.0000,0.0000,0.0000,0.0000,0.0000,0.0000,0
126,1700000004.7600,1700000004.7620,0.0333,1.5768,-10.4044,-11.7458,80.8019,-4.5046,2.2335,1.4808,-3.0027,-16.8489,79.8984,-3.2225,2.4823,1.4808,-3.0027,-16.8489,79.8984,-3.2225,2.4823,0.0000,0.0000,0.0000,0.0000,0.0000,0.0000,0
127,1700000004.7933,1700000004.7953,0.0333,1.5544,-8.4887,-13.0427,80.5938,-4.1990,2.3014,0.7170,-1.4808,-19.3709,79.3984,-3.7225,2.1055,0.7170,-1.4808,-19.3709,79.3984,-3.7225,2.1055,0.0000,0.0000,0.0000,0.0000,0.0000,0.0000,0
128,1700000004.8267,1700000004.8287,0.0333,1.3588,-6.6750,-14.6509,80.3184,-4.0854,2.2480,0.3379,1.1291,-21.0687,79.8984,-3.2225,2.5601,0.3379,1.1291,-21.0687,79.8984,-3.2225,2.5601,0.0000,0.0000,0.0000,0.0000,0.0000,0.0000,0
129,1700000004.8600,1700000004.8620,0.0333,1.1204,-4.6552,-16.2819,80.2217,-3.8797,2.3331,-0.7775,2.4753,-23.6786,79.4863,-3.7225,2.0278,-0.7775,2.4753,-23.6786,79.4863,-3.7225,2.0278,0.0000,0.0000,0.0000,0.0000,0.0000,0.0000,0
130,1700000004.8933,1700000004.8953,0.0333,0.6771,-2.8098,-18.1617,80.0523,-3.8423,2.2498,-0.8929,4.7335,-25.0247,80.0742,-3.2225,2.4823,-0.8929,4.7335,-25.0247,80.0742,-3.2225,2.4823,0.0000,0.0000,0.0000,0.0000,0.0000,0.0000,0
131,1700000004.9267,1700000004.9287,0.0333,0.3105,-0.8575,-19.9058,80.0573,-3.6946,2.3132,-1.7445,5.8159,-27.1071,80.1016,-3.7225,2.0278,-1.7445,5.8159,-27.1071,80.1016,-3.7225,2.0278,0.0000,0.0000,0.0000,0.0000,0.0000,0.0000,0
132,1700000004.9600,1700000004.9620,0.0333,-0.1695,0.8697,-21.7360,80.0675,-3.7012,2.2354,-1.6841,7.8104,-28.2775,81.4808,-3.2225,2.4823,-1.6841,7.8104,-28.2775,81.4808,-3.2225,2.4823,0.0000,0.0000,0.0000,0.0000,0.0000,0.0000,0
133,1700000004.9933,1700000004.9953,0.0333,-0.5232,2.6660,-23.3984,80.3931,-3.5871,2.3027,-2.6236,8.7170,-30.4478,81.7720,-3.7225,2.0278,-2.6236,8.7170,-30.4478,81.7720,-3.7225,2.0278,0.0000,0.0000,0.0000,0.0000,0.0000,0.0000,0
134,1700000005.0267,1700000005.0287,0.0333,-1.0138,4.2321,-25.1899,80.7107,-3.6194,2.2278,-2.3874,10.6236,-31.3544,82.7115,-3.2225,2.4823,-2.3874,10.6236,-31.3544,82.7115,-3.2225,2.4823,0.0000,0.0000,0.0000,0.0000,0.0000,0.0000,0
135,1700000005.0600,1700000005.0620,0.0333,-1.3346,5.8863,-26.7566,81.1715,-3.5248,2.2972,-3.2390,11.5302,-32.9973,82.3874,-3.7225,2.1055,-3.2390,11.5302,-32.9973,82.3874,-3.7225,2.1055,0.0000,0.0000,0.0000,0.0000,0.0000,0.0000,0
136,1700000005.0933,1700000005.0953,0.0333,-1.7794,7.3470,-28.3426,81.4516,-3.5719,2.2449,-3.0027,13.0852,-33.4643,83.0632,-3.2225,2.6378,-3.0027,13.0852,-33.4643,83.0632,-3.2225,2.6378,0.0000,0.0000,0.0000,0.0000,0.0000,0.0000,0
137,1700000005.1267,1700000005.1287,0.0333,-2.0651,8.8321,-29.6442,81.8228,-3.4886,2.3521,-3.6786,13.6401,-35.1071,82.7390,-3.7225,2.2611,-3.6786,13.6401,-35.1071,82.7390,-3.7225,2.2611,0.0000,0.0000,0.0000,0.0000,0.0000,0.0000,0
138,1700000005.1600,1700000005.1620,0.0333,-2.4419,10.0764,-31.0325,82.0338,-3.5444,2.3272,-3.1786,15.0192,-35.3983,83.2390,-3.2225,2.7156,-3.1786,15.0192,-35.3983,83.2390,-3.2225,2.7156,0.0000,0.0000,0.0000,0.0000,0.0000,0.0000,0
139,1700000005.1933,1700000005.1953,0.0333,-2.6140,11.3557,-32.1421,82.3114,-3.4677,2.4331,-3.6786,15.2225,-36.6017,82.9148,-3.7225,2.2611,-3.6786,15.2225,-36.6017,82.9148,-3.7225,2.2611,0.0000,0.0000,0.0000,0.0000,0.0000,0.0000,0
140,1700000005.2267,1700000005.2287,0.0333,-2.8626,12.3565,-33.2754,82.4504,-3.5284,2.3862,-3.1786,16.5137,-36.9808,83.5027,-3.2225,2.7156,-3.1786,16.5137,-36.9808,83.5027,-3.2225,2.7156,0.0000,0.0000,0.0000,0.0000,0.0000,0.0000,0
141,1700000005.2600,1700000005.2620,0.0333,-2.9364,13.4324,-34.2171,82.6928,-3.4555,2.4760,-3.5907,16.5412,-38.2720,83.0907,-3.7225,2.3388,-3.5907,16.5412,-38.2720,83.0907,-3.7225,2.3388,0.0000,0.0000,0.0000,0.0000,0.0000,0.0000,0
142,1700000005.2933,1700000005.2953,0.0333,-3.0892,14.2370,-35.2476,82.7844,-3.5192,2.4386,-3.0907,17.6566,-38.2994,83.5907,-3.2225,2.7934,-3.0907,17.6566,-38.2994,83.5907,-3.2225,2.7934,0.0000,0.0000,0.0000,0.0000,0.0000,0.0000,0
143,1700000005.3267,1700000005.3287,0.0333,-3.0895,15.1220,-36.0232,82.9701,-3.4485,2.5353,-3.5027,17.7720,-39.0632,83.0027,-3.7225,2.3388,-3.5027,17.7720,-39.0632,83.0027,-3.7225,2.3388,0.0000,0.0000,0.0000,0.0000,0.0000,0.0000,0
144,1700000005.3600,1700000005.3620,0.0333,-3.1860,15.8079,-36.7958,82.9777,-3.5138,2.4818,-3.0027,18.8874,-38.7390,83.5027,-3.2225,2.7934,-3.0027,18.8874,-38.7390,83.5027,-3.2225,2.7934,0.0000,0.0000,0.0000,0.0000,0.0000,0.0000,0
145,1700000005.3933,1700000005.3953,0.0333,-3.1432,16.6049,-37.2896,83.0986,-3.4444,2.5667,-3.5027,19.0027,-39.5027,83.0027,-3.7225,2.3388,-3.5027,19.0027,-39.5027,83.0027,-3.7225,2.3388,0.0000,0.0000,0.0000,0.0000,0.0000,0.0000,0
146,1700000005.4267,1700000005.4287,0.0333,-3.2272,17.2255,-37.8521,83.0765,-3.5107,2.5046,-3.0027,19.9423,-39.1786,83.5907,-3.2225,2.7934,-3.0027,19.9423,-39.1786,83.5907,-3.2225,2.7934,0.0000,0.0000,0.0000,0.0000,0.0000,0.0000,0
147,1700000005.4600,1700000005.4620,0.0333,-3.1748,17.9286,-38.1892,83.1949,-3.4420,2.5833,-3.5027,19.7940,-39.7665,83.0907,-3.7225,2.3388,-3.5027,19.7940,-39.7665,83.0907,-3.7225,2.3388,0.0000,0.0000,0.0000,0.0000,0.0000,0.0000,0
148,1700000005.4933,1700000005.4953,0.0333,-3.2514,18.4114,-38.5900,83.1709,-3.5089,2.5167,-3.0907,20.5577,-39.2665,83.5907,-3.2225,2.7934,-3.0907,20.5577,-39.2665,83.5907,-3.2225,2.7934,0.0000,0.0000,0.0000,0.0000,0.0000,0.0000,0
149,1700000005.5267,1700000005.5287,0.0333,-3.2138,18.9669,-38.7619,83.2676,-3.4406,2.5921,-3.5907,20.1456,-39.7665,83.0907,-3.7225,2.3388,-3.5907,20.1456,-39.7665,83.0907,-3.7225,2.3388,0.0000,0.0000,0.0000,0.0000,0.0000,0.0000,0
150,1700000005.5600,1700000005.5620,0.0333,-3.3018,19.2719,-39.0172,83.2268,-3.5078,2.5230,-2.8407,20.8956,-38.8407,83.8407,-2.9725,3.0206,-2.8407,20.8956,-38.8407,83.8407,-2.9725,3.0206,0.0000,0.0000,0.0000,0.0000,0.0000,0.0000,1
151,1700000005.7800,1700000005.7820,0.2200,-2.9204,20.6707,-38.8662,83.7316,-3.0613,2.9598,-3.8407,19.8956,-39.6648,82.8407,-3.9725,2.1116,-3.8407,19.8956,-39.6648,82.8407,-3.9725,2.1116,0.0000,0.0000,0.0000,0.0000,0.0000,0.0000,1
152,1700000005.8133,1700000005.8153,0.0333,-3.1353,20.4701,-39.0691,83.5264,-3.2785,2.7285,-2.8407,20.9835,-38.5769,83.8407,-2.9725,3.0206,-2.8407,20.9835,-38.5769,83.8407,-2.9725,3.0206,0.0000,0.0000,0.0000,0.0000,0.0000,0.0000,0
153,1700000005.8467,1700000005.8487,0.0333,-3.0665,20.6030,-38.9440,83.5988,-3.2056,2.8082,-3.8407,20.0714,-39.4011,82.6648,-3.9725,2.1116,-3.8407,20.0714,-39.4011,82.6648,-3.9725,2.1116,0.0000,0.0000,0.0000,0.0000,0.0000,0.0000,0
154,1700000005.8800,1700000005.8820,0.0333,-3.2473,20.4654,-39.0602,83.3837,-3.3884,2.6182,-2.8407,21.3352,-37.8736,83.5769,-2.9725,3.0206,-2.8407,21.3352,-37.8736,83.5769,-2.9725,3.0206,0.0000,0.0000,0.0000,0.0000,0.0000,0.0000,0
155,1700000005.9133,1700000005.9153,0.0333,-3.1523,20.6905,-38.7586,83.4282,-3.2892,2.7279,-3.8407,20.8626,-38.7857,82.2253,-3.9725,2.1116,-3.8407,20.8626,-38.7857,82.2253,-3.9725,2.1116,0.0000,0.0000,0.0000,0.0000,0.0000,0.0000,0
156,1700000005.9467,1700000005.9487,0.0333,-3.3131,20.7351,-38.7655,83.1511,-3.4521,2.5599,-2.8407,22.4780,-37.8736,83.1374,-2.9725,3.0206,-2.8407,22.4780,-37.8736,83.1374,-2.9725,3.0206,0.0000,0.0000,0.0000,0.0000,0.0000,0.0000,0
157,1700000005.9800,1700000005.9820,0.0333,-3.2027,21.1862,-38.5389,83.1479,-3.3378,2.6855,-3.8407,22.0934,-39.0494,82.0495,-3.9725,2.1116,-3.8407,22.0934,-39.0494,82.0495,-3.9725,2.1116,0.0000,0.0000,0.0000,0.0000,0.0000,0.0000,0
158,1700000006.0133,1700000006.0153,0.0333,-3.3517,21.4210,-38.6686,82.8949,-3.4891,2.5290,-2.8407,23.6209,-38.5769,82.9615,-2.9725,3.0206,-2.8407,23.6209,-38.5769,82.9615,-2.9725,3.0206,0.0000,0.0000,0.0000,0.0000,0.0000,0.0000,0
159,1700000006.0467,1700000006.0487,0.0333,-3.2324,21.9903,-38.6453,82.9103,-3.3660,2.6631,-3.8407,23.1484,-39.9286,81.8736,-3.9725,2.1116,-3.8407,23.1484,-39.9286,81.8736,-3.9725,2.1116,0.0000,0.0000,0.0000,0.0000,0.0000,0.0000,0
160,1700000006.0800,1700000006.0820,0.0333,-3.3744,22.2900,-38.9714,82.6715,-3.5105,2.5127,-2.9286,24.6758,-39.4560,82.7857,-2.9725,3.0206,-2.9286,24.6758,-39.4560,82.7857,-2.9725,3.0206,0.0000,0.0000,0.0000,0.0000,0.0000,0.0000,0
161,1700000006.1133,1700000006.1153,0.0333,-3.2703,22.9075,-39.0946,82.6978,-3.3823,2.6512,-3.9286,24.2033,-41.1593,81.7857,-3.9725,2.1116,-3.9286,24.2033,-41.1593,81.7857,-3.9725,2.1116,0.0000,0.0000,0.0000,0.0000,0.0000,0.0000,0
162,1700000006.1467,1700000006.1487,0.0333,-3.4240,23.2429,-39.6193,82.4877,-3.5230,2.5041,-3.1044,25.7308,-40.6868,82.7857,-2.9725,3.0206,-3.1044,25.7308,-40.6868,82.7857,-2.9725,3.0206,0.0000,0.0000,0.0000,0.0000,0.0000,0.0000,0
163,1700000006.1800,1700000006.1820,0.0333,-3.3494,23.8868,-39.8906,82.5564,-3.3918,2.6449,-4.5440,25.2582,-42.2143,81.7857,-3.9725,2.1116,-4.5440,25.2582,-42.2143,81.7857,-3.9725,2.1116,0.0000,0.0000,0.0000,0.0000,0.0000,0.0000,0
164,1700000006.2133,1700000006.2153,0.0333,-3.6284,24.2417,-40.4812,82.3788,-3.5302,2.4995,-3.7198,26.6978,-41.8297,82.7857,-2.9725,3.0206,-3.7198,26.6978,-41.8297,82.7857,-2.9725,3.0206,0.0000,0.0000,0.0000,0.0000,0.0000,0.0000,0
165,1700000006.2467,1700000006.2487,0.0333,-3.6497,24.8774,-40.8239,82.4726,-3.3973,2.6416,-4.8077,26.1374,-43.3571,81.7857,-3.9725,2.1116,-4.8077,26.1374,-43.3571,81.7857,-3.9725,2.1116,0.0000,0.0000,0.0000,0.0000,0.0000,0.0000,0
166,1700000006.2800,1700000006.2820,0.0333,-3.9202,25.2035,-41.4677,82.3144,-3.5344,2.4971,-3.8956,27.5769,-42.8846,82.7857,-2.9725,3.0206,-3.8956,27.5769,-42.8846,82.7857,-2.9725,3.0206,0.0000,0.0000,0.0000,0.0000,0.0000,0.0000,0
167,1700000006.3133,1700000006.3153,0.0333,-3.9144,25.8177,-41.8278,82.4229,-3.4005,2.6398,-4.9835,26.9286,-44.2363,81.7857,-3.9725,2.1116,-4.9835,26.9286,-44.2363,81.7857,-3.9725,2.1116,0.0000,0.0000,0.0000,0.0000,0.0000,0.0000,0
168,1700000006.3467,1700000006.3487,0.0333,-4.1641,26.1052,-42.4399,82.2762,-3.5368,2.4958,-4.2473,28.1923,-43.6758,82.7857,-2.9725,3.0206,-4.2473,28.1923,-43.6758,82.7857,-2.9725,3.0206,0.0000,0.0000,0.0000,0.0000,0.0000,0.0000,0
169,1700000006.3800,1700000006.3820,0.0333,-4.1835,26.6454,-42.7540,82.3935,-3.4023,2.6389,-5.5110,27.4560,-45.0275,81.7857,-3.9725,2.1116,-5.5110,27.4560,-45.0275,81.7857,-3.9725,2.1116,0.0000,0.0000,0.0000,0.0000,0.0000,0.0000,0
170,1700000006.4133,1700000006.4153,0.0333,-4.4936,26.8552,-43.3318,82.2535,-3.5382,2.4951,-4.5989,28.6319,-44.2033,82.7857,-2.9725,3.0206,-4.5989,28.6319,-44.2033,82.7857,-2.9725,3.0206,0.0000,0.0000,0.0000,0.0000,0.0000,0.0000,0
171,1700000006.4467,1700000006.4487,0.0333,-4.5182,27.3150,-43.5532,82.3761,-3.4034,2.6384,-5.6868,27.8956,-45.2912,81.7857,-3.9725,2.1116,-5.6868,27.8956,-45.2912,81.7857,-3.9725,2.1116,0.0000,0.0000,0.0000,0.0000,0.0000,0.0000,0
172,1700000006.4800,1700000006.4820,0.0333,-4.7911,27.4653,-43.9949,82.2401,-3.5390,2.4948,-4.6868,29.0714,-44.2912,82.7857,-2.9725,3.0206,-4.6868,29.0714,-44.2912,82.7857,-2.9725,3.0206,0.0000,0.0000,0.0000,0.0000,0.0000,0.0000,0
173,1700000006.5133,1700000006.5153,0.0333,-4.7667,27.8810,-44.0702,82.3658,-3.4040,2.6381,-5.7747,28.1593,-45.2912,81.7857,-3.9725,2.1116,-5.7747,28.1593,-45.2912,81.7857,-3.9725,2.1116,0.0000,0.0000,0.0000,0.0000,0.0000,0.0000,0
174,1700000006.5467,1700000006.5487,0.0333,-5.0022,27.9530,-44.3805,82.2322,-3.5395,2.4946,-4.7747,29.1593,-44.2912,82.7857,-2.9725,3.0206,-4.7747,29.1593,-44.2912,82.7857,-2.9725,3.0206,0.0000,0.0000,0.0000,0.0000,0.0000,0.0000,0
175,1700000006.5800,1700000006.5820,0.0333,-4.9490,28.2652,-44.3578,82.3597,-3.4044,2.6380,-5.7747,28.1593,-45.2912,81.7857,-3.9725,2.1116,-5.7747,28.1593,-45.2912,81.7857,-3.9725,2.1116,0.0000,0.0000,0.0000,0.0000,0.0000,0.0000,0
176,1700000006.6133,1700000006.6153,0.0333,-5.1419,28.2378,-44.5950,82.2275,-3.5398,2.4945,-4.7747,29.1593,-44.2912,82.7857,-2.9725,3.0206,-4.7747,29.1593,-44.2912,82.7857,-2.9725,3.0206,0.0000,0.0000,0.0000,0.0000,0.0000,0.0000,0
177,1700000006.6467,1700000006.6487,0.0333,-5.0561,28.4763,-44.5178,82.3561,-3.4046,2.6379,-5.7747,28.2473,-45.2912,81.7857,-3.9725,2.1116,-5.7747,28.2473,-45.2912,81.7857,-3.9725,2.1116,0.0000,0.0000,0.0000,0.0000,0.0000,0.0000,0
178,1700000006.6800,1700000006.6820,0.0333,-5.2240,28.4170,-44.7144,82.2247,-3.5400,2.4944,-4.7747,29.2473,-44.1154,82.7857,-2.9725,3.0206,-4.7747,29.2473,-44.1154,82.7857,-2.9725,3.0206,0.0000,0.0000,0.0000,0.0000,0.0000,0.0000,0
179,1700000006.7133,1700000006.7153,0.0333,-5.1190,28.6319,-44.5621,82.3539,-3.4047,2.6379,-5.7747,28.2473,-45.0275,81.7857,-3.9725,2.1893,-5.7747,28.2473,-45.0275,81.7857,-3.9725,2.1893,0.0000,0.0000,0.0000,0.0000,0.0000,0.0000,0
180,1700000006.7467,1700000006.7487,0.0333,-5.2722,28.5324,-44.6804,82.2230,-3.5401,2.5156,-4.7747,29.2473,-44.0275,82.7857,-2.9725,3.0984,-4.7747,29.2473,-44.0275,82.7857,-2.9725,3.0984,0.0000,0.0000,0.0000,0.0000,0.0000,0.0000,0
181,1700000006.7800,1700000006.7820,0.0333,-5.1560,28.7174,-44.5145,82.3526,-3.4048,2.6745,-5.7747,28.3352,-45.0275,81.7857,-3.9725,2.1893,-5.7747,28.3352,-45.0275,81.7857,-3.9725,2.1893,0.0000,0.0000,0.0000,0.0000,0.0000,0.0000,0
182,1700000006.8133,1700000006.8153,0.0333,-5.3005,28.6185,-44.6448,82.2221,-3.5401,2.5422,-4.7747,29.5110,-44.0275,82.7857,-2.9725,3.0984,-4.7747,29.5110,-44.0275,82.7857,-2.9725,3.0984,0.0000,0.0000,0.0000,0.0000,0.0000,0.0000,0
183,1700000006.8467,1700000006.8487,0.0333,-5.1777,28.8495,-44.4879,82.3519,-3.4048,2.6939,-5.7747,28.7747,-45.0275,81.7857,-3.9725,2.2671,-5.7747,28.7747,-45.0275,81.7857,-3.9725,2.2671,0.0000,0.0000,0.0000,0.0000,0.0000,0.0000,0
184,1700000006.8800,1700000006.8820,0.0333,-5.3171,28.8301,-44.6251,82.2215,-3.5401,2.5775,-4.7747,29.9506,-44.2033,82.7857,-2.9725,3.1762,-4.7747,29.9506,-44.2033,82.7857,-2.9725,3.1762,0.0000,0.0000,0.0000,0.0000,0.0000,0.0000,0
185,1700000006.9133,1700000006.9153,0.0333,-5.1905,29.1201,-44.5179,82.3514,-3.4048,2.7407,-5.7747,29.1264,-45.2033,81.7857,-3.9725,2.2671,-5.7747,29.1264,-45.2033,81.7857,-3.9725,2.2671,0.0000,0.0000,0.0000,0.0000,0.0000,0.0000,0
186,1700000006.9467,1700000006.9487,0.0333,-5.3269,29.1217,-44.6921,82.2211,-3.5402,2.6116,-4.7747,30.1264,-44.2033,82.7857,-2.9725,3.4094,-4.7747,30.1264,-44.2033,82.7857,-2.9725,3.4094,0.0000,0.0000,0.0000,0.0000,0.0000,0.0000,0
187,1700000006.9800,1700000006.9820,0.0333,-5.1980,29.3817,-44.5679,82.3512,-3.4049,2.8291,-5.7747,29.1264,-45.2033,81.7857,-3.9725,3.5890,-5.7747,29.1264,-45.2033,81.7857,-3.9725,3.5890,0.0000,0.0000,0.0000,0.0000,0.0000,0.0000,0
188,1700000007.0133,1700000007.0153,0.0333,-5.3327,29.3156,-44.7293,82.2209,-3.5402,3.0363,-4.8626,30.1264,-44.2033,82.7857,-2.9725,6.3643,-4.8626,30.1264,-44.2033,82.7857,-2.9725,6.3643,0.0000,0.0000,0.0000,0.0000,0.0000,0.0000,0
189,1700000007.0467,1700000007.0487,0.0333,-5.2229,29.5255,-44.5957,82.3510,-3.4049,3.9437,-5.8626,29.1264,-45.1154,81.7857,-3.9725,7.8658,-5.8626,29.1264,-45.1154,81.7857,-3.9725,7.8658,0.0000,0.0000,0.0000,0.0000,0.0000,0.0000,0
190,1700000007.0800,1700000007.0820,0.0333,-5.3723,29.4222,-44.7277,82.2208,-3.5402,5.0131,-4.8626,30.1264,-44.0275,82.7857,-2.9725,11.6521,-4.8626,30.1264,-44.0275,82.7857,-2.9725,11.6521,0.0000,0.0000,0.0000,0.0000,0.0000,0.0000,0
191,1700000007.1133,1700000007.1153,0.0333,-5.2533,29.6044,-44.5498,82.3509,-3.4049,6.8232,-5.8626,29.1264,-44.9396,81.7857,-3.9725,13.6201,-5.8626,29.1264,-44.9396,81.7857,-3.9725,13.6201,0.0000,0.0000,0.0000,0.0000,0.0000,0.0000,0
192,1700000007.1467,1700000007.1487,0.0333,-5.3956,29.4807,-44.6488,82.2207,-3.5402,8.6764,-4.8626,30.1264,-43.9396,82.7857,-2.9725,17.3286,-4.8626,30.1264,-43.9396,82.7857,-2.9725,17.3286,0.0000,0.0000,0.0000,0.0000,0.0000,0.0000,0
193,1700000007.1800,1700000007.1820,0.0333,-5.2711,29.6478,-44.4686,82.3509,-3.4049,11.0354,-5.8626,29.1264,-44.9396,81.7857,-3.9725,18.6745,-5.8626,29.1264,-44.9396,81.7857,-3.9725,18.6745,0.0000,0.0000,0.0000,0.0000,0.0000,0.0000,0
194,1700000007.2133,1700000007.2153,0.0333,-5.4093,29.5129,-44.5883,82.2207,-3.5402,13.1182,-4.8626,30.2143,-43.9396,82.9615,-2.9725,21.2166,-4.8626,30.2143,-43.9396,82.9615,-2.9725,21.2166,0.0000,0.0000,0.0000,0.0000,0.0000,0.0000,0
195,1700000007.2467,1700000007.2487,0.0333,-5.2816,29.6944,-44.4234,82.3913,-3.4049,15.3262,-5.8626,29.2143,-44.8517,82.0495,-3.9725,21.1629,-5.8626,29.2143,-44.8517,82.0495,-3.9725,21.1629,0.0000,0.0000,0.0000,0.0000,0.0000,0.0000,0
196,1700000007.2800,1700000007.2820,0.0333,-5.4173,29.5701,-44.5322,82.3126,-3.5402,16.9176,-4.8626,30.2143,-43.8517,83.0495,-2.9725,22.1497,-4.8626,30.2143,-43.8517,83.0495,-2.9725,22.1497,0.0000,0.0000,0.0000,0.0000,0.0000,0.0000,0
197,1700000007.3133,1700000007.3153,0.0333,-5.2878,29.7368,-44.3593,82.4823,-3.4049,18.3441,-5.8626,29.2143,-44.8517,82.1374,-3.9725,21.2406,-5.8626,29.2143,-44.8517,82.1374,-3.9725,21.2406,0.0000,0.0000,0.0000,0.0000,0.0000,0.0000,0
198,1700000007.3467,1700000007.3487,0.0333,-5.4220,29.6016,-44.4844,82.4029,-3.5402,19.1339,-4.8626,30.2143,-43.8517,83.4011,-2.9725,22.1497,-4.8626,30.2143,-43.8517,83.4011,-2.9725,22.1497,0.0000,0.0000,0.0000,0.0000,0.0000,0.0000,0
199,1700000007.3800,1700000007.3820,0.0333,-5.2914,29.7602,-44.3236,82.6328,-3.4049,19.9561,-5.8626,29.2143,-44.8517,82.7527,-3.9725,21.2406,-5.8626,29.2143,-44.8517,82.7527,-3.9725,21.2406,0.0000,0.0000,0.0000,0.0000,0.0000,0.0000,0
200,1700000007.4133,1700000007.4153,0.0333,-5.4248,29.6189,-44.4578,82.6604,-3.5402,20.3064,-4.3626,30.7143,-43.4396,84.6044,-2.4725,22.6043,-4.3626,30.7143,-43.4396,84.6044,-2.4725,22.6043,0.0000,0.0000,0.0000,0.0000,0.0000,0.0000,1
201,1700000007.6333,1700000007.6353,0.2200,-4.5462,30.5625,-43.5866,84.2590,-2.6495,22.3232,-6.6264,28.6264,-45.4396,83.2198,-4.4725,20.7861,-6.6264,28.6264,-45.4396,83.2198,-4.4725,20.7861,0.0000,0.0000,0.0000,0.0000,0.0000,0.0000,1
202,1700000007.6667,1700000007.6687,0.0333,-5.0320,30.0614,-44.0575,84.0197,-3.0841,21.9041,-4.9780,30.6264,-43.4396,86.0110,-2.4725,22.6043,-4.9780,30.6264,-43.4396,86.0110,-2.4725,22.6043,0.0000,0.0000,0.0000,0.0000,0.0000,0.0000,0
203,1700000007.7000,1700000007.7020,0.0333,-5.0194,30.2077,-43.9005,84.4783,-2.9383,22.0950,-7.3297,28.6264,-45.4396,84.8901,-4.4725,20.7861,-7.3297,28.6264,-45.4396,84.8901,-4.4725,20.7861,0.0000,0.0000,0.0000,0.0000,0.0000,0.0000,0
204,1700000007.7333,1700000007.7353,0.0333,-5.5590,29.7984,-44.2916,84.5732,-3.3040,21.7381,-5.4176,30.6264,-43.4396,87.4176,-2.4725,22.6043,-5.4176,30.6264,-43.4396,87.4176,-2.4725,22.6043,0.0000,0.0000,0.0000,0.0000,0.0000,0.0000,0
205,1700000007.7667,1700000007.7687,0.0333,-5.5260,30.0127,-44.0751,85.2283,-3.1058,21.9743,-7.5934,28.6264,-45.4396,85.6813,-4.5604,20.7861,-7.5934,28.6264,-45.4396,85.6813,-4.5604,20.7861,0.0000,0.0000,0.0000,0.0000,0.0000,0.0000,0
206,1700000007.8000,1700000007.8020,0.0333,-6.0088,29.6539,-44.4218,85.3327,-3.4525,21.6503,-5.6813,30.4506,-43.4396,88.1209,-2.7363,22.6043,-5.6813,30.4506,-43.4396,88.1209,-2.7363,22.6043,0.0000,0.0000,0.0000,0.0000,0.0000,0.0000,0
207,1700000007.8333,1700000007.8353,0.0333,-5.9323,29.8601,-44.1722,85.9749,-3.2818,21.9104,-7.9451,28.2747,-45.6154,86.9121,-4.8242,20.7861,-7.9451,28.2747,-45.6154,86.9121,-4.8242,20.7861,0.0000,0.0000,0.0000,0.0000,0.0000,0.0000,0
208,1700000007.8667,1700000007.8687,0.0333,-6.4024,29.4498,-44.5390,86.1908,-3.6494,21.6039,-6.5604,30.0110,-43.9670,89.9670,-2.8242,22.6043,-6.5604,30.0110,-43.9670,89.9670,-2.8242,22.6043,0.0000,0.0000,0.0000,0.0000,0.0000,0.0000,0
209,1700000007.9000,1700000007.9020,0.0333,-6.4393,29.5950,-44.3936,87.0606,-3.4527,21.8766,-8.8242,27.4835,-47.2857,89.9890,-4.8242,20.7861,-8.8242,27.4835,-47.2857,89.9890,-4.8242,20.7861,0.0000,0.0000,0.0000,0.0000,0.0000,0.0000,0
210,1700000007.9333,1700000007.9353,0.0333,-6.9963,29.0485,-45.1286,87.7351,-3.7796,21.5793,-7.0879,28.5165,-47.3956,94.8901,-2.8242,22.6043,-7.0879,28.5165,-47.3956,94.8901,-2.8242,22.6043,0.0000,0.0000,0.0000,0.0000,0.0000,0.0000,0
211,1700000007.9667,1700000007.9687,0.0333,-7.0177,28.9108,-45.7047,89.3831,-3.5519,21.8588,-9.1758,25.7253,-50.8901,95.5275,-4.9121,20.7861,-9.1758,25.7253,-50.8901,95.5275,-4.9121,20.7861,0.0000,0.0000,0.0000,0.0000,0.0000,0.0000,0
212,1700000008.0000,1700000008.0020,0.0333,-7.5217,28.0864,-47.0225,90.7984,-3.8761,21.5663,-7.1758,26.7582,-49.9451,99.1099,-2.9121,22.6043,-7.1758,26.7582,-49.9451,99.1099,-2.9121,22.6043,0.0000,0.0000,0.0000,0.0000,0.0000,0.0000,0
213,1700000008.0333,1700000008.0353,0.0333,-7.4409,27.7426,-47.7653,92.7128,-3.6463,21.8493,-9.0879,23.9670,-52.1209,97.8132,-4.9121,20.7861,-9.0879,23.9670,-52.1209,97.8132,-4.9121,20.7861,0.0000,0.0000,0.0000,0.0000,0.0000,0.0000,0
214,1700000008.0667,1700000008.0687,0.0333,-7.8256,26.7655,-48.8722,93.8876,-3.9480,21.5594,-7.0000,25.3516,-49.9451,99.8132,-2.9121,22.6043,-7.0000,25.3516,-49.9451,99.8132,-2.9121,22.6043,0.0000,0.0000,0.0000,0.0000,0.0000,0.0000,0
215,1700000008.1000,1700000008.1020,0.0333,-7.6328,26.3996,-49.1448,95.2525,-3.7011,21.8443,-8.8242,22.8242,-52.2088,97.8132,-4.9121,20.7861,-8.8242,22.8242,-52.2088,97.8132,-4.9121,20.7861,0.0000,0.0000,0.0000,0.0000,0.0000,0.0000,0
216,1700000008.1333,1700000008.1353,0.0333,-7.9110,25.4742,-49.9235,95.8423,-3.9897,21.5558,-6.7363,24.3846,-50.3846,99.8132,-2.9121,22.6043,-6.7363,24.3846,-50.3846,99.8132,-2.9121,22.6043,0.0000,0.0000,0.0000,0.0000,0.0000,0.0000,0
217,1700000008.1667,1700000008.1687,0.0333,-7.6367,25.1922,-50.0407,96.7569,-3.7329,21.8416,-8.4725,22.0330,-52.3846,97.8132,-4.8242,20.7861,-8.4725,22.0330,-52.3846,97.8132,-4.8242,20.7861,0.0000,0.0000,0.0000,0.0000,0.0000,0.0000,0
218,1700000008.2000,1700000008.2020,0.0333,-7.8319,24.3746,-50.6364,97.0002,-3.9930,21.5538,-6.0330,23.5055,-50.3846,100.0769,-2.7363,22.6043,-6.0330,23.5055,-50.3846,100.0769,-2.7363,22.6043,0.0000,0.0000,0.0000,0.0000,0.0000,0.0000,0
219,1700000008.2333,1700000008.2353,0.0333,-7.4117,24.1496,-50.5724,97.7089,-3.6934,21.8402,-7.6813,20.7143,-52.3846,98.3407,-4.7363,20.7861,-7.6813,20.7143,-52.3846,98.3407,-4.7363,20.7861,0.0000,0.0000,0.0000,0.0000,0.0000,0.0000,0
220,1700000008.2667,1700000008.2687,0.0333,-7.4747,23.2605,-51.0330,97.8544,-3.9420,21.5528,-5.4176,21.3956,-50.3846,101.5714,-2.8242,22.6043,-5.4176,21.3956,-50.3846,101.5714,-2.8242,22.6043,0.0000,0.0000,0.0000,0.0000,0.0000,0.0000,0
221,1700000008.3000,1700000008.3020,0.0333,-6.9943,22.7779,-50.8682,98.7106,-3.6756,21.8395,-7.1538,18.0769,-52.0330,101.1538,-5.0000,20.7861,-7.1538,18.0769,-52.0330,101.1538,-5.0000,20.7861,0.0000,0.0000,0.0000,0.0000,0.0000,0.0000,0
222,1700000008.3333,1700000008.3353,0.0333,-7.0315,21.5612,-51.1642,99.2733,-3.9913,21.5523,-4.6264,18.8462,-49.9451,104.2967,-3.0879,22.6043,-4.6264,18.8462,-49.9451,104.2967,-3.0879,22.6043,0.0000,0.0000,0.0000,0.0000,0.0000,0.0000,0
223,1700000008.3667,1700000008.3687,0.0333,-6.4698,20.8585,-50.8544,100.4304,-3.7759,21.8391,-5.5714,15.6154,-51.9451,102.9121,-5.7912,20.7861,-5.5714,15.6154,-51.9451,102.9121,-5.7912,20.7861,0.0000,0.0000,0.0000,0.0000,0.0000,0.0000,0
224,1700000008.4000,1700000008.4020,0.0333,-6.2600,19.5016,-51.1316,101.0020,-4.2563,21.5520,-2.4286,16.6484,-49.8571,105.0000,-5.2857,22.6043,-2.4286,16.6484,-49.8571,105.0000,-5.2857,22.6043,0.0000,0.0000,0.0000,0.0000,0.0000,0.0000,0
225,1700000008.4333,1700000008.4353,0.0333,-5.3652,18.7631,-50.8077,101.9229,-4.5016,21.8389,-3.6374,14.2088,-51.8571,102.5604,-9.0440,20.7861,-3.6374,14.2088,-51.8571,102.5604,-9.0440,20.7861,0.0000,0.0000,0.0000,0.0000,0.0000,0.0000,0
226,1700000008.4667,1700000008.4687,0.0333,-4.9616,17.5844,-51.0744,102.0697,-5.5843,21.5519,-0.9341,16.2088,-49.1538,103.4176,-8.5385,22.6043,-0.9341,16.2088,-49.1538,103.4176,-8.5385,22.6043,0.0000,0.0000,0.0000,0.0000,0.0000,0.0000,0
227,1700000008.5000,1700000008.5020,0.0333,-4.0210,17.2284,-50.5863,102.3802,-6.2884,21.8388,-2.5824,14.5604,-50.5385,100.1868,-11.5934,20.7861,-2.5824,14.5604,-50.5385,100.1868,-11.5934,20.7861,0.0000,0.0000,0.0000,0.0000,0.0000,0.0000,0
228,1700000008.5333,1700000008.5353,0.0333,-3.6850,16.5379,-50.5741,101.8750,-7.5529,21.5518,-0.4945,16.8242,-48.1868,101.5714,-10.8242,22.6043,-0.4945,16.8242,-48.1868,101.5714,-10.8242,22.6043,0.0000,0.0000,0.0000,0.0000,0.0000,0.0000,0
229,1700000008.5667,1700000008.5687,0.0333,-2.9399,16.6120,-49.9674,101.8051,-8.3326,21.8387,-2.4945,15.0879,-50.0110,99.3956,-14.3187,20.7083,-2.4945,15.0879,-50.0110,99.3956,-14.3187,20.7083,0.0000,0.0000,0.0000,0.0000,0.0000,0.0000,0
230,1700000008.6000,1700000008.6020,0.0333,-2.8358,16.2175,-49.9785,101.2501,-9.7594,21.5305,-0.4945,17.2637,-47.9231,101.3956,-13.9890,21.9044,-0.4945,17.2637,-47.9231,101.3956,-13.9890,21.9044,0.0000,0.0000,0.0000,0.0000,0.0000,0.0000,0
231,1700000008.6333,1700000008.6353,0.0333,-2.2890,16.4883,-49.4561,101.2836,-10.7675,21.6325,-2.4945,15.5275,-49.9231,99.3956,-17.8352,18.7643,-2.4945,15.5275,-49.9231,99.3956,-17.8352,18.7643,0.0000,0.0000,0.0000,0.0000,0.0000,0.0000,0
232,1700000008.6667,1700000008.6687,0.0333,-2.3370,16.2396,-49.5748,100.8487,-12.4521,20.8505,-0.6703,17.7912,-47.9231,101.3956,-17.8571,18.3274,-0.6703,17.7912,-47.9231,101.3956,-17.8571,18.3274,0.0000,0.0000,0.0000,0.0000,0.0000,0.0000,0
233,1700000008.7000,1700000008.7020,0.0333,-1.9478,16.6412,-49.1550,100.9747,-13.7404,20.1626,-2.7582,16.3187,-49.9231,99.3956,-22.2308,13.3988,-2.7582,16.3187,-49.9231,99.3956,-22.2308,13.3988,0.0000,0.0000,0.0000,0.0000,0.0000,0.0000,0
234,1700000008.7333,1700000008.7353,0.0333,-2.1370,16.5577,-49.3502,100.6110,-15.7641,18.3184,-0.7582,18.7582,-47.9231,101.3956,-23.3077,11.1735,-0.7582,18.7582,-47.9231,101.3956,-23.3077,11.1735,0.0000,0.0000,0.0000,0.0000,0.0000,0.0000,0
235,1700000008.7667,1700000008.7687,0.0333,-1.8150,17.1272,-48.9875,100.7917,-17.5621,16.3704,-2.7582,17.2857,-50.1868,99.3077,-29.0000,4.9229,-2.7582,17.2857,-50.1868,99.3077,-29.0000,4.9229,0.0000,0.0000,0.0000,0.0000,0.0000,0.0000,0
236,1700000008.8000,1700000008.8020,0.0333,-2.0353,17.1683,-49.2923,100.4499,-20.2884,13.2492,-0.7582,19.7253,-48.2747,101.1319,-31.3077,2.4643,-0.7582,19.7253,-48.2747,101.1319,-31.3077,2.4643,0.0000,0.0000,0.0000,0.0000,0.0000,0.0000,0
237,1700000008.8333,1700000008.8353,0.0333,-1.7371,17.8300,-49.0337,100.6070,-22.9149,10.3087,-2.7582,18.0769,-50.2747,99.1319,-37.7912,-0.3648,-2.7582,18.0769,-50.2747,99.1319,-37.7912,-0.3648,0.0000,0.0000,0.0000,0.0000,0.0000,0.0000,0
238,1700000008.8667,1700000008.8687,0.0333,-1.9756,17.8939,-49.3491,100.2672,-26.4607,7.3986,-0.7582,20.3407,-48.1868,101.1319,-40.2747,2.8531,-0.7582,20.3407,-48.1868,101.1319,-40.2747,2.8531,0.0000,0.0000,0.0000,0.0000,0.0000,0.0000,0
239,1700000008.9000,1700000008.9020,0.0333,-1.6912,18.5272,-49.0537,100.4664,-29.7533,6.1593,-2.7582,18.6044,-50.0110,99.1319,-46.4945,2.1236,-2.7582,18.6044,-50.0110,99.1319,-46.4945,2.1236,0.0000,0.0000,0.0000,0.0000,0.0000,0.0000,0
240,1700000008.9333,1700000008.9353,0.0333,-1.9404,18.5472,-49.2970,100.1590,-33.7436,5.0589,-0.7582,21.0440,-48.0110,101.0440,-48.6264,3.7085,-0.7582,21.0440,-48.0110,101.0440,-48.6264,3.7085,0.0000,0.0000,0.0000,0.0000,0.0000,0.0000,0
241,1700000008.9667,1700000008.9687,0.0333,-1.6643,19.1934,-48.9702,100.3628,-37.2909,4.6907,-2.8462,19.5714,-50.0989,98.6044,-54.1429,1.3460,-2.8462,19.5714,-50.0989,98.6044,-54.1429,1.3460,0.0000,0.0000,0.0000,0.0000,0.0000,0.0000,0
242,1700000009.0000,1700000009.0020,0.0333,-1.9404,19.2912,-49.2570,99.9578,-41.3076,3.7788,-0.9341,22.0989,-48.0110,99.2857,-55.0440,2.7753,-0.9341,22.0989,-48.0110,99.2857,-55.0440,2.7753,0.0000,0.0000,0.0000,0.0000,0.0000,0.0000,0
243,1700000009.0333,1700000009.0353,0.0333,-1.7053,20.0179,-48.9404,99.8030,-44.5817,3.5052,-3.0220,20.8022,-50.0110,95.4396,-59.3297,0.8794,-3.0220,20.8022,-50.0110,95.4396,-59.3297,0.8794,0.0000,0.0000,0.0000,0.0000,0.0000,0.0000,0
244,1700000009.0667,1700000009.0687,0.0333,-2.0128,20.2209,-49.2124,98.7979,-48.0969,2.7893,-1.4615,23.4176,-48.0110,95.5055,-59.0879,2.6198,-1.4615,23.4176,-48.0110,95.5055,-59.0879,2.6198,0.0000,0.0000,0.0000,0.0000,0.0000,0.0000,0
245,1700000009.1000,1700000009.1020,0.0333,-1.8841,21.0482,-48.9071,98.0396,-50.7167,2.7431,-3.9890,21.9451,-50.1868,91.5714,-62.4066,0.8016,-3.9890,21.9451,-50.1868,91.5714,-62.4066,0.8016,0.0000,0.0000,0.0000,0.0000,0.0000,0.0000,0
246,1700000009.1333,1700000009.1353,0.0333,-2.3757,21.2803,-49.2323,96.5497,-53.5030,2.2137,-2.2527,24.4725,-48.2747,91.6374,-61.3736,2.6198,-2.2527,24.4725,-48.2747,91.6374,-61.3736,2.6198,0.0000,0.0000,0.0000,0.0000,0.0000,0.0000,0
247,1700000009.1667,1700000009.1687,0.0333,-2.3470,22.1065,-48.9890,95.4182,-55.3790,2.3245,-4.4286,23.0000,-50.2747,88.0549,-64.2527,0.8016,-4.4286,23.0000,-50.2747,88.0549,-64.2527,0.8016,0.0000,0.0000,0.0000,0.0000,0.0000,0.0000,0
248,1700000009.2000,1700000009.2020,0.0333,-2.8331,22.3377,-49.3157,93.7222,-57.4941,1.9093,-2.5165,25.5275,-48.1868,88.7363,-63.1319,2.6198,-2.5165,25.5275,-48.1868,88.7363,-63.1319,2.6198,0.0000,0.0000,0.0000,0.0000,0.0000,0.0000,0
249,1700000009.2333,1700000009.2353,0.0333,-2.7592,23.1633,-49.0288,92.5738,-58.8378,2.1030,-5.0440,24.1429,-50.0989,85.9451,-66.0110,0.8016,-5.0440,24.1429,-50.0989,85.9451,-66.0110,0.8016,0.0000,0.0000,0.0000,0.0000,0.0000,0.0000,0
250,1700000009.2667,1700000009.2687,0.0333,-3.2928,23.4168,-49.3008,91.0470,-60.5476,1.7482,-2.3956,27.6703,-47.0989,88.5055,-63.9780,3.5289,-2.3956,27.6703,-47.0989,88.5055,-63.9780,3.5289,0.0000,0.0000,0.0000,0.0000,0.0000,0.0000,1
251,1700000009.4867,1700000009.4887,0.2200,-2.5507,27.0811,-47.4168,88.9570,-63.4093,3.3111,-6.7473,24.1978,-51.2747,84.3297,-68.9451,-0.1075,-6.7473,24.1978,-51.2747,84.3297,-68.9451,-0.1075,0.0000,0.0000,0.0000,0.0000,0.0000,0.0000,1
252,1700000009.5200,1700000009.5220,0.0333,-3.5308,26.3349,-48.3973,87.8912,-64.7287,2.3790,-2.9231,28.7253,-47.2747,88.3297,-65.8242,3.5289,-2.9231,28.7253,-47.2747,88.3297,-65.8242,3.5289,0.0000,0.0000,0.0000,0.0000,0.0000,0.0000,0
253,1700000009.5533,1700000009.5553,0.0333,-3.3888,26.9535,-48.1120,87.9922,-64.9898,2.6925,-7.0989,25.1648,-51.2747,84.3297,-70.5275,-0.1075,-7.0989,25.1648,-51.2747,84.3297,-70.5275,-0.1075,0.0000,0.0000,0.0000,0.0000,0.0000,0.0000,0
254,1700000009.5867,1700000009.5887,0.0333,-4.2553,26.4906,-48.9158,87.1486,-66.3097,1.9291,-3.6264,29.5165,-47.2747,88.4176,-66.8791,3.5289,-3.6264,29.5165,-47.2747,88.4176,-66.8791,3.5289,0.0000,0.0000,0.0000,0.0000,0.0000,0.0000,0
255,1700000009.6200,1700000009.6220,0.0333,-4.1084,27.2737,-48.4987,87.4409,-66.4455,2.3653,-8.0659,25.8681,-51.2747,84.4176,-70.9670,-0.1075,-8.0659,25.8681,-51.2747,84.4176,-70.9670,-0.1075,0.0000,0.0000,0.0000,0.0000,0.0000,0.0000,0
256,1700000009.6533,1700000009.6553,0.0333,-5.0327,26.9099,-49.2042,86.7445,-67.5232,1.6911,-4.3297,30.0440,-47.2747,88.4176,-66.9670,3.5289,-4.3297,30.0440,-47.2747,88.4176,-66.9670,3.5289,0.0000,0.0000,0.0000,0.0000,0.0000,0.0000,0
257,1700000009.6867,1700000009.6887,0.0333,-4.8685,27.7211,-48.7139,87.1299,-67.3906,2.1922,-8.5055,26.1319,-51.2747,84.4176,-70.9670,-0.1075,-8.5055,26.1319,-51.2747,84.4176,-70.9670,-0.1075,0.0000,0.0000,0.0000,0.0000,0.0000,0.0000,0
258,1700000009.7200,1700000009.7220,0.0333,-5.7179,27.3098,-49.3647,86.5051,-68.2431,1.5652,-4.5055,30.1319,-47.1868,88.4176,-67.1429,3.6067,-4.5055,30.1319,-47.1868,88.4176,-67.1429,3.6067,0.0000,0.0000,0.0000,0.0000,0.0000,0.0000,0
259,1700000009.7533,1700000009.7553,0.0333,-5.4348,28.0402,-48.8112,86.9456,-67.9808,2.1218,-8.5934,26.1319,-51.0989,84.3297,-71.2308,-0.0297,-8.5934,26.1319,-51.0989,84.3297,-71.2308,-0.0297,0.0000,0.0000,0.0000,0.0000,0.0000,0.0000,0
260,1700000009.7867,1700000009.7887,0.0333,-6.1725,27.5463,-49.3926,86.3431,-68.7555,1.5352,-4.5934,30.1319,-47.0110,88.3297,-67.2308,3.6067,-4.5934,30.1319,-47.0110,88.3297,-67.2308,3.6067,0.0000,0.0000,0.0000,0.0000,0.0000,0.0000,0
261,1700000009.8200,1700000009.8220,0.0333,-5.8037,28.2154,-48.7873,86.8007,-68.3920,2.1000,-8.5934,26.1319,-50.9231,84.3297,-71.2308,-0.0297,-8.5934,26.1319,-50.9231,84.3297,-71.2308,-0.0297,0.0000,0.0000,0.0000,0.0000,0.0000,0.0000,0
262,1700000009.8533,1700000009.8553,0.0333,-6.4552,27.6762,-49.3301,86.2315,-69.0687,1.5193,-4.5055,30.2198,-46.9231,88.3297,-67.2308,3.6067,-4.5055,30.2198,-46.9231,88.3297,-67.2308,3.6067,0.0000,0.0000,0.0000,0.0000,0.0000,0.0000,0
263,1700000009.8867,1700000009.8887,0.0333,-5.9999,28.3345,-48.7184,86.7148,-68.6306,2.0884,-8.4176,26.2198,-50.8352,84.3297,-71.2308,-0.0297,-8.4176,26.2198,-50.8352,84.3297,-71.2308,-0.0297,0.0000,0.0000,0.0000,0.0000,0.0000,0.0000,0
264,1700000009.9200,1700000009.9220,0.0333,-6.5645,27.7872,-49.2563,86.1654,-69.2504,1.5109,-4.2418,30.2198,-46.8352,88.3297,-67.2308,3.6067,-4.2418,30.2198,-46.8352,88.3297,-67.2308,3.6067,0.0000,0.0000,0.0000,0.0000,0.0000,0.0000,0
265,1700000009.9533,1700000009.9553,0.0333,-6.0220,28.4168,-48.6410,86.6639,-68.7690,2.0823,-8.1538,26.2198,-50.5714,84.3297,-71.2308,-0.0297,-8.1538,26.2198,-50.5714,84.3297,-71.2308,-0.0297,0.0000,0.0000,0.0000,0.0000,0.0000,0.0000,0
266,1700000009.9867,1700000009.9887,0.0333,-6.5199,27.8482,-49.1316,86.1263,-69.3558,1.5065,-4.0659,30.2198,-46.1319,88.2418,-67.2308,3.6067,-4.0659,30.2198,-46.1319,88.2418,-67.2308,3.6067,0.0000,0.0000,0.0000,0.0000,0.0000,0.0000,0
267,1700000010.0200,1700000010.0220,0.0333,-5.9468,28.4620,-48.3693,86.6135,-68.8493,2.0791,-8.0659,26.2198,-50.0440,84.2418,-71.2308,-0.0297,-8.0659,26.2198,-50.0440,84.2418,-71.2308,-0.0297,0.0000,0.0000,0.0000,0.0000,0.0000,0.0000,0
268,1700000010.0533,1700000010.0553,0.0333,-6.4417,27.8817,-48.7949,86.0672,-69.4169,1.5041,-4.0659,30.2198,-46.0440,88.2418,-67.2308,3.6067,-4.0659,30.2198,-46.0440,88.2418,-67.2308,3.6067,0.0000,0.0000,0.0000,0.0000,0.0000,0.0000,0
269,1700000010.0867,1700000010.0887,0.0333,-5.8869,28.4868,-48.0958,86.5681,-68.8958,2.0774,-8.0659,26.2198,-50.0440,84.3297,-71.2308,-0.0297,-8.0659,26.2198,-50.0440,84.3297,-71.2308,-0.0297,0.0000,0.0000,0.0000,0.0000,0.0000,0.0000,0
270,1700000010.1200,1700000010.1220,0.0333,-6.3958,27.9001,-48.5909,86.0525,-69.4524,1.5029,-4.0659,30.2198,-46.0440,88.3297,-67.2308,3.6067,-4.0659,30.2198,-46.0440,88.3297,-67.2308,3.6067,0.0000,0.0000,0.0000,0.0000,0.0000,0.0000,0
271,1700000010.1533,1700000010.1553,0.0333,-5.8516,28.5004,-47.9436,86.5770,-68.9228,2.0765,-8.0659,26.2198,-49.9560,84.3297,-71.2308,-0.0297,-8.0659,26.2198,-49.9560,84.3297,-71.2308,-0.0297,0.0000,0.0000,0.0000,0.0000,0.0000,0.0000,0
272,1700000010.1867,1700000010.1887,0.0333,-6.3688,27.9102,-48.4550,86.0594,-69.4729,1.5022,-4.0659,30.2198,-45.6923,88.3297,-67.2308,3.6067,-4.0659,30.2198,-45.6923,88.3297,-67.2308,3.6067,0.0000,0.0000,0.0000,0.0000,0.0000,0.0000,0
273,1700000010.2200,1700000010.2220,0.0333,-5.8310,28.5079,-47.7529,86.5823,-68.9385,2.0760,-7.9780,26.2198,-48.9890,83.9780,-71.3187,-0.0297,-7.9780,26.2198,-48.9890,83.9780,-71.3187,-0.0297,0.0000,0.0000,0.0000,0.0000,0.0000,0.0000,0
274,1700000010.2533,1700000010.2553,0.0333,-6.3324,27.9157,-48.0671,85.9825,-69.5058,1.5019,-3.8022,30.2198,-44.1099,87.2747,-67.3187,3.6067,-3.8022,30.2198,-44.1099,87.2747,-67.3187,3.6067,0.0000,0.0000,0.0000,0.0000,0.0000,0.0000,0
275,1700000010.2867,1700000010.2887,0.0333,-5.7415,28.5120,-47.0614,86.2801,-68.9845,2.0758,-7.4505,26.2198,-47.1429,82.5714,-71.3187,-0.0297,-7.4505,26.2198,-47.1429,82.5714,-71.3187,-0.0297,0.0000,0.0000,0.0000,0.0000,0.0000,0.0000,0
276,1700000010.3200,1700000010.3220,0.0333,-6.1406,27.9188,-47.0821,85.4259,-69.5409,1.5017,-3.1868,30.2198,-42.4396,86.0440,-67.3187,3.4512,-3.1868,30.2198,-42.4396,86.0440,-67.3187,3.4512,0.0000,0.0000,0.0000,0.0000,0.0000,0.0000,0
277,1700000010.3533,1700000010.3553,0.0333,-5.4508,28.5143,-45.9022,85.5682,-69.0112,2.0332,-6.9231,26.2198,-46.0879,81.6923,-71.3187,-0.1852,-6.9231,26.2198,-46.0879,81.6923,-71.3187,-0.1852,0.0000,0.0000,0.0000,0.0000,0.0000,0.0000,0
278,1700000010.3867,1700000010.3887,0.0333,-5.7946,27.9205,-45.9494,84.6755,-69.5612,1.4284,-2.8352,30.2198,-42.0000,85.4286,-67.3187,3.4512,-2.8352,30.2198,-42.0000,85.4286,-67.3187,3.4512,0.0000,0.0000,0.0000,0.0000,0.0000,0.0000,0
279,1700000010.4200,1700000010.4220,0.0333,-5.1034,28.5155,-44.9457,84.8489,-69.0267,1.9799,-6.7473,26.2198,-46.0000,81.2527,-71.3187,-0.1852,-6.7473,26.2198,-46.0000,81.2527,-71.3187,-0.1852,0.0000,0.0000,0.0000,0.0000,0.0000,0.0000,0
280,1700000010.4533,1700000010.4553,0.0333,-5.4874,27.9214,-45.2137,84.0206,-69.5730,1.3896,-2.3077,30.2198,-41.9121,85.0769,-67.3187,3.4512,-2.3077,30.2198,-41.9121,85.0769,-67.3187,3.4512,0.0000,0.0000,0.0000,0.0000,0.0000,0.0000,0
281,1700000010.4867,1700000010.4887,0.0333,-4.7447,28.5162,-44.3746,84.2639,-69.0357,1.9517,-6.1319,26.2198,-45.9121,81.0769,-71.3187,-0.1852,-6.1319,26.2198,-45.9121,81.0769,-71.3187,-0.1852,0.0000,0.0000,0.0000,0.0000,0.0000,0.0000,0
282,1700000010.5200,1700000010.5220,0.0333,-5.0687,27.9219,-44.7653,83.5298,-69.5798,1.3690,-2.0440,30.2198,-41.7363,85.0769,-67.3187,3.4512,-2.0440,30.2198,-41.7363,85.0769,-67.3187,3.4512,0.0000,0.0000,0.0000,0.0000,0.0000,0.0000,0
283,1700000010.5533,1700000010.5553,0.0333,-4.3623,28.5166,-43.9955,83.8862,-69.0409,1.9367,-5.9560,26.2198,-45.0330,81.0769,-71.3187,-0.1852,-5.9560,26.2198,-45.0330,81.0769,-71.3187,-0.1852,0.0000,0.0000,0.0000,0.0000,0.0000,0.0000,0
284,1700000010.5867,1700000010.5887,0.0333,-4.7345,27.9222,-44.2592,83.2391,-69.5838,1.3582,-1.9560,30.2198,-40.2418,85.0769,-67.3187,3.4512,-1.9560,30.2198,-40.2418,85.0769,-67.3187,3.4512,0.0000,0.0000,0.0000,0.0000,0.0000,0.0000,0
285,1700000010.6200,1700000010.6220,0.0333,-4.0856,28.5168,-43.2382,83.6624,-69.0439,1.9288,-5.9560,26.2198,-43.4506,81.0769,-71.3187,-0.1852,-5.9560,26.2198,-43.4506,81.0769,-71.3187,-0.1852,0.0000,0.0000,0.0000,0.0000,0.0000,0.0000,0
286,1700000010.6533,1700000010.6553,0.0333,-4.5224,27.9223,-43.2922,83.0669,-69.5861,1.3524,-1.9560,30.2198,-38.6593,85.0769,-67.3187,3.4512,-1.9560,30.2198,-38.6593,85.0769,-67.3187,3.4512,0.0000,0.0000,0.0000,0.0000,0.0000,0.0000,0
287,1700000010.6867,1700000010.6887,0.0333,-3.9230,28.5169,-42.1148,83.5299,-69.0457,1.9247,-5.9560,26.2198,-42.1319,81.0769,-71.3187,-0.1852,-5.9560,26.2198,-42.1319,81.0769,-71.3187,-0.1852,0.0000,0.0000,0.0000,0.0000,0.0000,0.0000,0
288,1700000010.7200,1700000010.7220,0.0333,-4.3979,27.9224,-42.1191,82.9649,-69.5874,1.3494,-1.9560,30.2198,-37.6923,85.0769,-67.3187,3.4512,-1.9560,30.2198,-37.6923,85.0769,-67.3187,3.4512,0.0000,0.0000,0.0000,0.0000,0.0000,0.0000,0
289,1700000010.7533,1700000010.7553,0.0333,-3.8276,28.5170,-40.9941,83.4513,-69.0467,1.9224,-5.9560,26.2198,-41.3407,81.0769,-71.3187,-0.1852,-5.9560,26.2198,-41.3407,81.0769,-71.3187,-0.1852,0.0000,0.0000,0.0000,0.0000,0.0000,0.0000,0
290,1700000010.7867,1700000010.7887,0.0333,-4.3247,27.9224,-41.0822,82.9044,-69.5882,1.3478,-1.9560,30.2198,-37.3407,85.0769,-67.3187,3.4512,-1.9560,30.2198,-37.3407,85.0769,-67.3187,3.4512,0.0000,0.0000,0.0000,0.0000,0.0000,0.0000,0
291,1700000010.8200,1700000010.8220,0.0333,-3.7715,28.5170,-40.1313,83.4048,-69.0473,1.9213,-5.9560,26.2198,-41.1648,81.0769,-71.3187,-0.1852,-5.9560,26.2198,-41.1648,81.0769,-71.3187,-0.1852,0.0000,0.0000,0.0000,0.0000,0.0000,0.0000,0
292,1700000010.8533,1700000010.8553,0.0333,-4.2817,27.9225,-40.3940,82.8686,-69.5887,1.3469,-1.9560,30.2198,-36.8132,84.7253,-67.3187,3.4512,-1.9560,30.2198,-36.8132,84.7253,-67.3187,3.4512,0.0000,0.0000,0.0000,0.0000,0.0000,0.0000,0
293,1700000010.8867,1700000010.8887,0.0333,-3.7385,28.5170,-39.4840,83.2963,-69.0476,1.9207,-5.9560,26.2198,-40.3736,79.9341,-71.2308,-0.1852,-5.9560,26.2198,-40.3736,79.9341,-71.2308,-0.1852,0.0000,0.0000,0.0000,0.0000,0.0000,0.0000,0
294,1700000010.9200,1700000010.9220,0.0333,-4.2564,27.9225,-39.7101,82.5218,-69.5680,1.3465,-1.9560,30.1319,-36.2857,83.0549,-67.1429,3.4512,-1.9560,30.1319,-36.2857,83.0549,-67.1429,3.4512,0.0000,0.0000,0.0000,0.0000,0.0000,0.0000,0
295,1700000010.9533,1700000010.9553,0.0333,-3.7192,28.4943,-38.8398,82.6446,-68.9899,1.9203,-5.9560,26.1319,-40.4615,78.5275,-71.1429,-0.1852,-5.9560,26.1319,-40.4615,78.5275,-71.1429,-0.1852,0.0000,0.0000,0.0000,0.0000,0.0000,0.0000,0
296,1700000010.9867,1700000010.9887,0.0333,-4.2416,27.8829,-39.2519,81.6963,-69.5031,1.3462,-1.9560,30.1319,-36.7253,82.0879,-67.1429,3.4512,-1.9560,30.1319,-36.7253,82.0879,-67.1429,3.4512,0.0000,0.0000,0.0000,0.0000,0.0000,0.0000,0
297,1700000011.0200,1700000011.0220,0.0333,-3.7078,28.4649,-38.6098,81.7865,-68.9405,1.9202,-6.0440,26.0440,-40.7253,77.5604,-71.1429,-0.1852,-6.0440,26.0440,-40.7253,77.5604,-71.1429,-0.1852,0.0000,0.0000,0.0000,0.0000,0.0000,0.0000,0
298,1700000011.0533,1700000011.0553,0.0333,-4.2534,27.8384,-39.1474,80.8131,-69.4655,1.3461,-2.1319,29.9560,-36.7253,81.0330,-67.2308,3.4512,-2.1319,29.9560,-36.7253,81.0330,-67.2308,3.4512,0.0000,0.0000,0.0000,0.0000,0.0000,0.0000,0
299,1700000011.0867,1700000011.0887,0.0333,-3.7579,28.3864,-38.5319,80.8637,-68.9328,1.9201,-6.2198,25.9560,-40.7253,76.9451,-71.2308,-0.1852,-6.2198,25.9560,-40.7253,76.9451,-71.2308,-0.1852,0.0000,0.0000,0.0000,0.0000,0.0000,0.0000,0
300,1700000011.1200,1700000011.1220,0.0333,-4.3329,27.7574,-39.0893,79.9611,-69.4805,1.3461,-0.3077,31.9560,-34.7253,82.9451,-65.2308,5.2693,-0.3077,31.9560,-34.7253,82.9451,-65.2308,5.2693,0.0000,0.0000,0.0000,0.0000,0.0000,0.0000,1
301,1700000011.3400,1700000011.3420,0.2200,-1.0033,31.3744,-35.3554,82.4149,-65.9354,4.7894,-8.3077,23.9560,-42.7253,74.9451,-73.2308,-2.0034,-8.3077,23.9560,-42.7253,74.9451,-73.2308,-2.0034,0.0000,0.0000,0.0000,0.0000,0.0000,0.0000,1
302,1700000011.3733,1700000011.3753,0.0333,-2.7093,29.4545,-37.2284,80.6944,-67.6742,2.9374,-0.3077,31.8681,-34.7253,83.1209,-65.2308,5.2693,-0.3077,31.8681,-34.7253,83.1209,-65.2308,5.2693,0.0000,0.0000,0.0000,0.0000,0.0000,0.0000,0
303,1700000011.4067,1700000011.4087,0.0333,-2.1484,30.0792,-36.5922,81.2533,-67.0918,3.5732,-8.3077,23.7802,-42.5494,75.2088,-73.2308,-2.0034,-8.3077,23.7802,-42.5494,75.2088,-73.2308,-2.0034,0.0000,0.0000,0.0000,0.0000,0.0000,0.0000,0
304,1700000011.4400,1700000011.4420,0.0333,-3.5869,28.4489,-38.1062,79.8610,-68.5551,2.0527,-0.3077,31.7802,-34.5494,83.2088,-65.2308,5.2693,-0.3077,31.7802,-34.5494,83.2088,-65.2308,5.2693,0.0000,0.0000,0.0000,0.0000,0.0000,0.0000,0
305,1700000011.4733,1700000011.4753,0.0333,-2.8210,29.3111,-37.2023,80.6321,-67.7627,2.9297,-8.3077,23.6923,-42.5494,75.2088,-73.2308,-2.0034,-8.3077,23.6923,-42.5494,75.2088,-73.2308,-2.0034,0.0000,0.0000,0.0000,0.0000,0.0000,0.0000,0
306,1700000011.5067,1700000011.5087,0.0333,-4.1025,27.8569,-38.5612,79.3829,-69.0660,1.5847,-0.3956,31.6923,-34.6374,83.2967,-65.2308,5.2693,-0.3956,31.6923,-34.6374,83.2967,-65.2308,5.2693,0.0000,0.0000,0.0000,0.0000,0.0000,0.0000,0
307,1700000011.5400,1700000011.5420,0.0333,-3.2367,28.8495,-37.5640,80.2844,-68.1519,2.5893,-8.3956,23.6044,-42.6374,75.2967,-73.2308,-2.0034,-8.3956,23.6044,-42.6374,75.2967,-73.2308,-2.0034,0.0000,0.0000,0.0000,0.0000,0.0000,0.0000,0
308,1700000011.5733,1700000011.5753,0.0333,-4.4416,27.4920,-38.8533,79.1356,-69.3625,1.3371,-0.4835,31.5165,-34.7253,83.2967,-65.1429,5.2693,-0.4835,31.5165,-34.7253,83.2967,-65.1429,5.2693,0.0000,0.0000,0.0000,0.0000,0.0000,0.0000,0
309,1700000011.6067,1700000011.6087,0.0333,-3.5172,28.5336,-37.8042,80.0940,-68.3567,2.4092,-8.7473,23.4286,-42.8132,75.3846,-73.0549,-2.0034,-8.7473,23.4286,-42.8132,75.3846,-73.0549,-2.0034,0.0000,0.0000,0.0000,0.0000,0.0000,0.0000,0
310,1700000011.6400,1700000011.6420,0.0333,-4.7387,27.2124,-39.0772,79.0093,-69.4765,1.2061,-1.0989,31.1648,-35.3407,83.6484,-65.0549,5.2693,-1.0989,31.1648,-35.3407,83.6484,-65.0549,5.2693,0.0000,0.0000,0.0000,0.0000,0.0000,0.0000,0
311,1700000011.6733,1700000011.6753,0.0333,-3.8886,28.2353,-38.1276,80.0778,-68.4226,2.3140,-9.3626,22.6374,-43.7802,76.6154,-73.0549,-2.0034,-9.3626,22.6374,-43.7802,76.6154,-73.0549,-2.0034,0.0000,0.0000,0.0000,0.0000,0.0000,0.0000,0
312,1700000011.7067,1700000011.7087,0.0333,-5.1671,26.7865,-39.5642,79.2803,-69.5268,1.1368,-1.5385,30.1099,-35.8681,85.4066,-65.0549,5.2693,-1.5385,30.1099,-35.8681,85.4066,-65.0549,5.2693,0.0000,0.0000,0.0000,0.0000,0.0000,0.0000,0
313,1700000011.7400,1700000011.7420,0.0333,-4.3196,27.6466,-38.6249,80.6914,-68.4609,2.2636,-9.6264,21.6703,-43.6044,77.8462,-73.1429,-2.0034,-9.6264,21.6703,-43.6044,77.8462,-73.1429,-2.0034,0.0000,0.0000,0.0000,0.0000,0.0000,0.0000,0
314,1700000011.7733,1700000011.7753,0.0333,-5.5590,26.0999,-39.8903,80.0360,-69.5769,1.1002,-1.6264,29.3187,-35.5165,86.1978,-65.1429,5.2693,-1.6264,29.3187,-35.5165,86.1978,-65.1429,5.2693,0.0000,0.0000,0.0000,0.0000,0.0000,0.0000,0
315,1700000011.8067,1700000011.8087,0.0333,-4.6405,26.9330,-38.7788,81.4553,-68.5200,2.2369,-9.7143,21.0549,-43.4286,78.1978,-73.1429,-2.0034,-9.7143,21.0549,-43.4286,78.1978,-73.1429,-2.0034,0.0000,0.0000,0.0000,0.0000,0.0000,0.0000,0
316,1700000011.8400,1700000011.8420,0.0333,-5.8255,25.4117,-39.9605,80.7050,-69.6219,1.0808,-1.8022,28.9670,-35.4286,86.1978,-65.0549,5.2693,-1.8022,28.9670,-35.4286,86.1978,-65.0549,5.2693,0.0000,0.0000,0.0000,0.0000,0.0000,0.0000,0
317,1700000011.8733,1700000011.8753,0.0333,-4.8859,26.3318,-38.8087,81.9702,-68.5333,2.2228,-10.1538,20.8791,-43.4286,78.1978,-73.0549,-2.0034,-10.1538,20.8791,-43.4286,78.1978,-73.0549,-2.0034,0.0000,0.0000,0.0000,0.0000,0.0000,0.0000,0
318,1700000011.9067,1700000011.9087,0.0333,-6.1162,24.9206,-39.9828,81.1013,-69.6111,1.0705,-2.2418,28.7912,-35.5165,86.1978,-65.0549,5.2693,-2.2418,28.7912,-35.5165,86.1978,-65.0549,5.2693,0.0000,0.0000,0.0000,0.0000,0.0000,0.0000,0
319,1700000011.9400,1700000011.9420,0.0333,-5.2113,25.9224,-38.8477,82.2752,-68.5251,2.2153,-10.2418,20.6154,-43.6044,78.1978,-73.0549,-2.0034,-10.2418,20.6154,-43.6044,78.1978,-73.0549,-2.0034,0.0000,0.0000,0.0000,0.0000,0.0000,0.0000,0
320,1700000011.9733,1700000011.9753,0.0333,-6.3862,24.5489,-40.0566,81.3360,-69.6048,1.0651,-2.2418,28.3516,-35.7802,86.1978,-65.0549,5.2693,-2.2418,28.3516,-35.7802,86.1978,-65.0549,5.2693,0.0000,0.0000,0.0000,0.0000,0.0000,0.0000,0
321,1700000012.0067,1700000012.0087,0.0333,-5.4183,25.5331,-38.9698,82.4559,-68.5203,2.2114,-10.2418,20.1758,-43.8681,78.1978,-73.0549,-2.0034,-10.2418,20.1758,-43.8681,78.1978,-73.0549,-2.0034,0.0000,0.0000,0.0000,0.0000,0.0000,0.0000,0
322,1700000012.0400,1700000012.0420,0.0333,-6.5448,24.1466,-40.2147,81.4751,-69.6012,1.0622,-2.2418,27.8242,-35.9560,86.1978,-65.0549,5.2693,-2.2418,27.8242,-35.9560,86.1978,-65.0549,5.2693,0.0000,0.0000,0.0000,0.0000,0.0000,0.0000,0
323,1700000012.0733,1700000012.0753,0.0333,-5.5398,25.0984,-39.1324,82.5629,-68.5176,2.2093,-10.2418,19.2967,-43.9560,78.1978,-73.0549,-2.0034,-10.2418,19.2967,-43.9560,78.1978,-73.0549,-2.0034,0.0000,0.0000,0.0000,0.0000,0.0000,0.0000,0
324,1700000012.1067,1700000012.1087,0.0333,-6.6380,23.5968,-40.3583,81.5575,-69.5991,1.0607,-2.4176,26.5934,-35.9560,86.1978,-65.0549,5.2693,-2.4176,26.5934,-35.9560,86.1978,-65.0549,5.2693,0.0000,0.0000,0.0000,0.0000,0.0000,0.0000,0
325,1700000012.1400,1700000012.1420,0.0333,-5.6523,24.3724,-39.2395,82.6263,-68.5160,2.2082,-10.5055,17.7143,-43.7802,78.6374,-73.0549,-2.0034,-10.5055,17.7143,-43.7802,78.6374,-73.0549,-2.0034,0.0000,0.0000,0.0000,0.0000,0.0000,0.0000,0
326,1700000012.1733,1700000012.1753,0.0333,-6.7858,22.6492,-40.3935,81.7075,-69.5978,1.0599,-2.5934,24.7473,-35.6044,87.3407,-65.0549,5.2693,-2.5934,24.7473,-35.6044,87.3407,-65.0549,5.2693,0.0000,0.0000,0.0000,0.0000,0.0000,0.0000,0
327,1700000012.2067,1700000012.2087,0.0333,-5.8066,23.1922,-39.1764,83.0050,-68.5150,2.2076,-10.5934,15.9560,-43.4286,79.7802,-73.0549,-2.0034,-10.5934,15.9560,-43.4286,79.7802,-73.0549,-2.0034,0.0000,0.0000,0.0000,0.0000,0.0000,0.0000,0
328,1700000012.2400,1700000012.2420,0.0333,-6.9246,21.3194,-40.2570,82.2622,-69.5971,1.0595,-2.5934,23.3407,-35.4286,87.9560,-65.0549,5.2693,-2.5934,23.3407,-35.4286,87.9560,-65.0549,5.2693,0.0000,0.0000,0.0000,0.0000,0.0000,0.0000,0
329,1700000012.2733,1700000012.2753,0.0333,-5.9130,21.8425,-39.0299,83.5737,-68.5145,2.2073,-10.5934,14.7253,-43.4286,79.8681,-73.0549,-2.0034,-10.5934,14.7253,-43.4286,79.8681,-73.0549,-2.0034,0.0000,0.0000,0.0000,0.0000,0.0000,0.0000,0
330,1700000012.3067,1700000012.3087,0.0333,-7.0061,20.0005,-40.1478,82.7202,-69.5967,1.0592,-2.5055,22.3736,-35.7802,87.8681,-65.0549,5.2693,-2.5055,22.3736,-35.7802,87.8681,-65.0549,5.2693,0.0000,0.0000,0.0000,0.0000,0.0000,0.0000,0
331,1700000012.3400,1700000012.3420,0.0333,-5.9550,20.6147,-39.0378,83.9059,-68.5142,2.2071,-10.3297,14.2857,-43.8681,79.6044,-73.0549,-2.0034,-10.3297,14.2857,-43.8681,79.6044,-73.0549,-2.0034,0.0000,0.0000,0.0000,0.0000,0.0000,0.0000,0
332,1700000012.3733,1700000012.3753,0.0333,-6.9767,18.9767,-40.2654,82.9151,-69.5965,1.0591,-2.2418,22.4615,-35.6923,86.6374,-65.0549,5.2693,-2.2418,22.4615,-35.6923,86.6374,-65.0549,5.2693,0.0000,0.0000,0.0000,0.0000,0.0000,0.0000,0
333,1700000012.4067,1700000012.4087,0.0333,-5.8709,19.8786,-39.1032,83.7725,-68.5140,2.2070,-10.1538,14.5494,-43.5165,77.7582,-73.0549,-2.0034,-10.1538,14.5494,-43.5165,77.7582,-73.0549,-2.0034,0.0000,0.0000,0.0000,0.0000,0.0000,0.0000,0
334,1700000012.4400,1700000012.4420,0.0333,-6.8712,18.4994,-40.2248,82.3872,-69.5963,1.0591,-2.0659,22.6374,-35.5165,85.0549,-65.0549,5.2693,-2.0659,22.6374,-35.5165,85.0549,-65.0549,5.2693,0.0000,0.0000,0.0000,0.0000,0.0000,0.0000,0
335,1700000012.4733,1700000012.4753,0.0333,-5.7489,19.5703,-39.0282,83.0017,-68.5139,2.2070,-10.0659,14.6374,-43.4286,76.6154,-73.0549,-2.0034,-10.0659,14.6374,-43.4286,76.6154,-73.0549,-2.0034,0.0000,0.0000,0.0000,0.0000,0.0000,0.0000,0
336,1700000012.5067,1700000012.5087,0.0333,-6.7571,18.2936,-40.1465,81.5307,-69.5963,1.0590,-1.9780,22.6374,-35.4286,84.2637,-65.0549,5.2693,-1.9780,22.6374,-35.4286,84.2637,-65.0549,5.2693,0.0000,0.0000,0.0000,0.0000,0.0000,0.0000,0
337,1700000012.5400,1700000012.5420,0.0333,-5.6410,19.4178,-38.9475,82.1602,-68.5138,2.2070,-9.9780,14.9890,-43.3407,75.8242,-73.0549,-2.0034,-9.9780,14.9890,-43.3407,75.8242,-73.0549,-2.0034,0.0000,0.0000,0.0000,0.0000,0.0000,0.0000,0
338,1700000012.5733,1700000012.5753,0.0333,-6.6539,18.2716,-40.0640,80.7008,-69.5962,1.0590,-1.7143,23.3407,-35.3407,83.7363,-65.0549,5.2693,-1.7143,23.3407,-35.3407,83.7363,-65.0549,5.2693,0.0000,0.0000,0.0000,0.0000,0.0000,0.0000,0
339,1700000012.6067,1700000012.6087,0.0333,-5.5002,19.5835,-38.8636,81.4000,-68.5138,2.2070,-9.6264,15.8681,-43.3407,75.7363,-73.1429,-2.0034,-9.6264,15.8681,-43.3407,75.7363,-73.1429,-2.0034,0.0000,0.0000,0.0000,0.0000,0.0000,0.0000,0
340,1700000012.6400,1700000012.6420,0.0333,-6.4639,18.6219,-40.0014,80.0954,-69.6171,1.0590,-1.5385,24.4835,-35.3407,83.8242,-65.1429,5.2693,-1.5385,24.4835,-35.3407,83.8242,-65.1429,5.2693,0.0000,0.0000,0.0000,0.0000,0.0000,0.0000,0
341,1700000012.6733,1700000012.6753,0.0333,-5.3136,20.1390,-38.8169,80.9543,-68.5507,2.2070,-9.5385,17.0989,-43.3407,75.9121,-73.1429,-2.0034,-9.5385,17.0989,-43.3407,75.9121,-73.1429,-2.0034,0.0000,0.0000,0.0000,0.0000,0.0000,0.0000,0
342,1700000012.7067,1700000012.7087,0.0333,-6.3003,19.3522,-39.9666,79.7929,-69.6452,1.0590,-1.5385,25.7143,-35.3407,84.0000,-65.1429,5.2693,-1.5385,25.7143,-35.3407,84.0000,-65.1429,5.2693,0.0000,0.0000,0.0000,0.0000,0.0000,0.0000,0
343,1700000012.7400,1700000012.7420,0.0333,-5.1882,20.9988,-38.7910,80.7619,-68.5721,2.2070,-9.5385,18.3297,-43.3407,75.9121,-73.1429,-2.0034,-9.5385,18.3297,-43.3407,75.9121,-73.1429,-2.0034,0.0000,0.0000,0.0000,0.0000,0.0000,0.0000,0
344,1700000012.7733,1700000012.7753,0.0333,-6.2042,20.3080,-39.9472,79.6448,-69.6615,1.0590,-1.4505,26.9451,-35.5165,83.7363,-65.1429,5.2693,-1.4505,26.9451,-35.5165,83.7363,-65.1429,5.2693,0.0000,0.0000,0.0000,0.0000,0.0000,0.0000,0
345,1700000012.8067,1700000012.8087,0.0333,-5.0940,22.0257,-38.8212,80.5872,-68.5845,2.2069,-9.3626,19.6484,-43.7802,75.7363,-73.2308,-2.0034,-9.3626,19.6484,-43.7802,75.7363,-73.2308,-2.0034,0.0000,0.0000,0.0000,0.0000,0.0000,0.0000,0
346,1700000012.8400,1700000012.8420,0.0333,-6.0909,21.4104,-40.0815,79.4699,-69.6920,1.0590,-1.2747,28.2637,-35.8681,83.7363,-65.2308,5.2693,-1.2747,28.2637,-35.8681,83.7363,-65.2308,5.2693,0.0000,0.0000,0.0000,0.0000,0.0000,0.0000,0
347,1700000012.8733,1700000012.8753,0.0333,-4.9661,23.1841,-39.0107,80.4526,-68.6286,2.2069,-9.2747,20.8791,-43.8681,75.5604,-73.2308,-2.0034,-9.2747,20.8791,-43.8681,75.5604,-73.2308,-2.0034,0.0000,0.0000,0.0000,0.0000,0.0000,0.0000,0
348,1700000012.9067,1700000012.9087,0.0333,-5.9724,22.5876,-40.2452,79.3258,-69.7256,1.0590,-1.1868,29.4066,-35.6044,83.1209,-65.2308,5.2693,-1.1868,29.4066,-35.6044,83.1209,-65.2308,5.2693,0.0000,0.0000,0.0000,0.0000,0.0000,0.0000,0
349,1700000012.9400,1700000012.9420,0.0333,-4.8547,24.3524,-39.0658,80.1999,-68.6542,2.2069,-9.1868,21.8462,-43.5165,74.5934,-73.2308,-2.0034,-9.1868,21.8462,-43.5165,74.5934,-73.2308,-2.0034,0.0000,0.0000,0.0000,0.0000,0.0000,0.0000,0
350,1700000012.9733,1700000012.9753,0.0333,-5.8665,23.7038,-40.1969,78.9085,-69.7450,1.0590,2.8132,34.1978,-31.5165,85.9780,-61.2308,8.9057,2.8132,34.1978,-31.5165,85.9780,-61.2308,8.9057,0.0000,0.0000,0.0000,0.0000,0.0000,0.0000,1
351,1700000013.1933,1700000013.1953,0.2200,1.3132,32.7441,-32.7699,84.7220,-62.6424,7.9459,-13.1868,18.5494,-47.5165,69.3626,-77.2308,-5.6398,-13.1868,18.5494,-47.5165,69.3626,-77.2308,-5.6398,0.0000,0.0000,0.0000,0.0000,0.0000,0.0000,1
352,1700000013.2267,1700000013.2287,0.0333,-2.0733,29.0704,-36.5175,81.1842,-66.1196,4.2417,2.8132,34.9011,-31.5165,84.8352,-61.2308,8.9057,2.8132,34.9011,-31.5165,84.8352,-61.2308,8.9057,0.0000,0.0000,0.0000,0.0000,0.0000,0.0000,0
353,1700000013.2600,1700000013.2620,0.0333,-0.9321,30.5794,-35.2466,82.0252,-64.9543,5.5134,-13.1868,19.0769,-47.5165,68.5714,-77.2308,-5.6398,-13.1868,19.0769,-47.5165,68.5714,-77.2308,-5.6398,0.0000,0.0000,0.0000,0.0000,0.0000,0.0000,0
354,1700000013.2933,1700000013.2953,0.0333,-3.7942,27.6025,-38.3648,78.9263,-67.8804,2.4725,2.7253,35.3407,-31.5165,84.4835,-61.2308,8.9057,2.7253,35.3407,-31.5165,84.4835,-61.2308,8.9057,0.0000,0.0000,0.0000,0.0000,0.0000,0.0000,0
355,1700000013.3267,1700000013.3287,0.0333,-2.2715,29.6052,-36.6244,80.2063,-66.2955,4.2265,-13.3626,19.6044,-47.5165,68.4835,-77.2308,-5.6398,-13.3626,19.6044,-47.5165,68.4835,-77.2308,-5.6398,0.0000,0.0000,0.0000,0.0000,0.0000,0.0000,0
356,1700000013.3600,1700000013.3620,0.0333,-4.8619,27.0169,-39.3925,77.5062,-68.9019,1.5365,2.6374,35.9560,-31.4286,84.5714,-61.2308,8.9057,2.6374,35.9560,-31.4286,84.5714,-61.2308,8.9057,0.0000,0.0000,0.0000,0.0000,0.0000,0.0000,0
357,1700000013.3933,1700000013.3953,0.0333,-3.1104,29.3304,-37.3686,79.1335,-67.0735,3.5457,-13.3626,20.3956,-47.4286,68.5714,-77.2308,-5.6398,-13.3626,20.3956,-47.4286,68.5714,-77.2308,-5.6398,0.0000,0.0000,0.0000,0.0000,0.0000,0.0000,0
358,1700000013.4267,1700000013.4287,0.0333,-5.5049,27.0180,-39.9252,76.7007,-69.4945,1.0413,2.6374,36.8352,-31.4286,84.5714,-61.2308,8.9057,2.6374,36.8352,-31.4286,84.5714,-61.2308,8.9057,0.0000,0.0000,0.0000,0.0000,0.0000,0.0000,0
359,1700000013.4600,1700000013.4620,0.0333,-3.6032,29.5588,-37.7659,78.5136,-67.5248,3.1855,-13.3626,21.2747,-47.4286,68.6593,-77.2308,-5.6398,-13.3626,21.2747,-47.4286,68.6593,-77.2308,-5.6398,0.0000,0.0000,0.0000,0.0000,0.0000,0.0000,0
360,1700000013.4933,1700000013.4953,0.0333,-5.8826,27.4148,-40.2215,76.2438,-69.8383,0.7793,2.7253,37.7143,-31.4286,84.7473,-61.2308,8.9057,2.7253,37.7143,-31.4286,84.7473,-61.2308,8.9057,0.0000,0.0000,0.0000,0.0000,0.0000,0.0000,0
361,1700000013.5267,1700000013.5287,0.0333,-3.8722,30.0804,-37.9869,78.2025,-67.7866,2.9950,-13.2747,22.2418,-47.4286,68.7473,-77.2308,-5.6398,-13.2747,22.2418,-47.4286,68.7473,-77.2308,-5.6398,0.0000,0.0000,0.0000,0.0000,0.0000,0.0000,0
362,1700000013.5600,1700000013.5620,0.0333,-6.0682,28.0517,-40.3864,76.0246,-70.0377,0.6407,2.7253,38.5934,-31.4286,84.7473,-61.2308,8.9057,2.7253,38.5934,-31.4286,84.7473,-61.2308,8.9057,0.0000,0.0000,0.0000,0.0000,0.0000,0.0000,0
363,1700000013.5933,1700000013.5953,0.0333,-4.0144,30.7800,-38.1099,78.0337,-67.9385,2.8942,-13.2747,22.9451,-47.4286,68.7473,-77.2308,-5.6398,-13.2747,22.9451,-47.4286,68.7473,-77.2308,-5.6398,0.0000,0.0000,0.0000,0.0000,0.0000,0.0000,0
364,1700000013.6267,1700000013.6287,0.0333,-6.1772,28.7522,-40.4781,75.8947,-70.1534,0.5674,2.7253,39.2088,-31.4286,84.7473,-61.2308,8.9057,2.7253,39.2088,-31.4286,84.7473,-61.2308,8.9057,0.0000,0.0000,0.0000,0.0000,0.0000,0.0000,0
365,1700000013.6600,1700000013.6620,0.0333,-4.0980,31.4585,-38.1783,77.9338,-68.0266,2.8408,-13.2747,23.3846,-47.4286,68.7473,-77.2308,-5.6398,-13.2747,23.3846,-47.4286,68.7473,-77.2308,-5.6398,0.0000,0.0000,0.0000,0.0000,0.0000,0.0000,0
366,1700000013.6933,1700000013.6953,0.0333,-6.2412,29.3689,-40.5291,75.8178,-70.2205,0.5286,2.7253,39.3846,-31.4286,84.7473,-61.2308,8.9057,2.7253,39.3846,-31.4286,84.7473,-61.2308,8.9057,0.0000,0.0000,0.0000,0.0000,0.0000,0.0000,0
367,1700000013.7267,1700000013.7287,0.0333,-4.1471,31.9611,-38.2163,77.8746,-68.0777,2.8126,-13.2747,23.3846,-47.4286,68.7473,-77.2308,-5.6398,-13.2747,23.3846,-47.4286,68.7473,-77.2308,-5.6398,0.0000,0.0000,0.0000,0.0000,0.0000,0.0000,0
368,1700000013.7600,1700000013.7620,0.0333,-6.2789,29.7414,-40.5575,75.7722,-70.2594,0.5081,2.7253,39.3846,-31.4286,84.7473,-61.2308,8.9057,2.7253,39.3846,-31.4286,84.7473,-61.2308,8.9057,0.0000,0.0000,0.0000,0.0000,0.0000,0.0000,0
369,1700000013.7933,1700000013.7953,0.0333,-4.1759,32.2372,-38.2375,77.8395,-68.1074,2.7977,-13.3626,23.3846,-47.4286,68.7473,-77.2308,-5.6398,-13.3626,23.3846,-47.4286,68.7473,-77.2308,-5.6398,0.0000,0.0000,0.0000,0.0000,0.0000,0.0000,0
370,1700000013.8267,1700000013.8287,0.0333,-6.3215,29.9460,-40.5733,75.7452,-70.2820,0.4972,2.5495,39.2967,-31.6923,84.7473,-61.2308,8.9057,2.5495,39.2967,-31.6923,84.7473,-61.2308,8.9057,0.0000,0.0000,0.0000,0.0000,0.0000,0.0000,0
371,1700000013.8600,1700000013.8620,0.0333,-4.2497,32.3661,-38.3163,77.8187,-68.1246,2.7898,-13.5385,23.2967,-47.7802,68.7473,-77.2308,-5.6398,-13.5385,23.2967,-47.7802,68.7473,-77.2308,-5.6398,0.0000,0.0000,0.0000,0.0000,0.0000,0.0000,0
372,1700000013.8933,1700000013.8953,0.0333,-6.4191,30.0188,-40.7214,75.7292,-70.2951,0.4915,2.4615,39.1209,-31.8681,84.7473,-61.2308,8.9057,2.4615,39.1209,-31.8681,84.7473,-61.2308,8.9057,0.0000,0.0000,0.0000,0.0000,0.0000,0.0000,0
373,1700000013.9267,1700000013.9287,0.0333,-4.3450,32.3745,-38.4715,77.8064,-68.1346,2.7856,-13.6264,22.8571,-47.9560,68.7473,-77.2308,-5.6398,-13.6264,22.8571,-47.9560,68.7473,-77.2308,-5.6398,0.0000,0.0000,0.0000,0.0000,0.0000,0.0000,0
374,1700000013.9600,1700000013.9620,0.0333,-6.5127,29.9113,-40.8819,75.7198,-70.3027,0.4884,2.2857,38.2418,-32.8352,84.9231,-61.2308,8.9057,2.2857,38.2418,-32.8352,84.9231,-61.2308,8.9057,0.0000,0.0000,0.0000,0.0000,0.0000,0.0000,0
375,1700000013.9933,1700000013.9953,0.0333,-4.4578,32.0673,-38.8369,77.8396,-68.1404,2.7834,-14.0659,21.0989,-50.3297,70.0659,-77.2308,-5.6398,-14.0659,21.0989,-50.3297,70.0659,-77.2308,-5.6398,0.0000,0.0000,0.0000,0.0000,0.0000,0.0000,0
376,1700000014.0267,1700000014.0287,0.0333,-6.7018,29.2286,-41.7576,76.0491,-70.3071,0.4868,1.4066,35.7802,-36.2637,87.8242,-61.2308,8.9057,1.4066,35.7802,-36.2637,87.8242,-61.2308,8.9057,0.0000,0.0000,0.0000,0.0000,0.0000,0.0000,0
377,1700000014.0600,1700000014.0620,0.0333,-4.8081,30.9242,-40.3614,78.7613,-68.1437,2.7822,-14.7692,18.3736,-53.8462,73.5824,-77.2308,-5.6398,-14.7692,18.3736,-53.8462,73.5824,-77.2308,-5.6398,0.0000,0.0000,0.0000,0.0000,0.0000,0.0000,0
378,1700000014.0933,1700000014.0953,0.0333,-7.1345,27.6760,-43.7884,77.5684,-70.3096,0.4860,1.0549,32.9670,-39.0769,91.6044,-61.2308,8.9057,1.0549,32.9670,-39.0769,91.6044,-61.2308,8.9057,0.0000,0.0000,0.0000,0.0000,0.0000,0.0000,0
379,1700000014.1267,1700000014.1287,0.0333,-5.2219,29.0454,-42.5910,80.8014,-68.1457,2.7816,-15.0330,15.6484,-56.1319,77.8901,-77.2308,-5.6398,-15.0330,15.6484,-56.1319,77.8901,-77.2308,-5.6398,0.0000,0.0000,0.0000,0.0000,0.0000,0.0000,0
380,1700000014.1600,1700000014.1620,0.0333,-7.5133,25.5781,-46.0323,80.1308,-70.3111,0.4855,0.8791,29.9780,-41.4506,96.7912,-61.2308,8.9057,0.8791,29.9780,-41.4506,96.7912,-61.2308,8.9057,0.0000,0.0000,0.0000,0.0000,0.0000,0.0000,0
381,1700000014.1933,1700000014.1953,0.0333,-5.5532,26.7168,-44.8679,83.9683,-68.1468,2.7813,-15.2088,12.1319,-59.2088,83.8681,-77.2308,-5.6398,-15.2088,12.1319,-59.2088,83.8681,-77.2308,-5.6398,0.0000,0.0000,0.0000,0.0000,0.0000,0.0000,0
382,1700000014.2267,1700000014.2287,0.0333,-7.8083,22.9421,-48.5125,83.9452,-70.3120,0.4853,0.7912,26.1099,-45.1429,102.9451,-61.2308,8.9057,0.7912,26.1099,-45.1429,102.9451,-61.2308,8.9057,0.0000,0.0000,0.0000,0.0000,0.0000,0.0000,0
383,1700000014.2600,1700000014.2620,0.0333,-5.7999,23.7620,-47.6561,88.3215,-68.1475,2.7811,-15.2088,8.0879,-62.8132,89.8462,-77.2308,-5.7175,-15.2088,8.0879,-62.8132,89.8462,-77.2308,-5.7175,0.0000,0.0000,0.0000,0.0000,0.0000,0.0000,0
384,1700000014.2933,1700000014.2953,0.0333,-7.9973,19.7054,-51.5081,88.6727,-70.3125,0.4640,0.7912,21.9780,-48.3077,108.9231,-61.2308,8.8279,0.7912,21.9780,-48.3077,108.9231,-61.2308,8.8279,0.0000,0.0000,0.0000,0.0000,0.0000,0.0000,0
385,1700000014.3267,1700000014.3287,0.0333,-5.9448,20.2935,-50.6948,93.3371,-68.1478,2.7444,-15.2088,3.7802,-65.6264,96.3516,-77.2308,-5.7175,-15.2088,3.7802,-65.6264,96.3516,-77.2308,-5.7175,0.0000,0.0000,0.0000,0.0000,0.0000,0.0000,0
386,1700000014.3600,1700000014.3620,0.0333,-8.1084,16.0197,-54.4895,94.0314,-70.3128,0.4373,0.7912,17.2308,-49.8022,113.2308,-60.8791,8.6724,0.7912,17.2308,-49.8022,113.2308,-60.8791,8.6724,0.0000,0.0000,0.0000,0.0000,0.0000,0.0000,0
387,1700000014.3933,1700000014.3953,0.0333,-6.0299,16.3332,-53.2982,98.4537,-68.0642,2.6826,-15.2088,-1.8462,-65.1868,96.7912,-76.8791,-5.8730,-15.2088,-1.8462,-65.1868,96.7912,-76.8791,-5.8730,0.0000,0.0000,0.0000,0.0000,0.0000,0.0000,0
388,1700000014.4267,1700000014.4287,0.0333,-8.1736,11.6282,-56.3196,98.0708,-70.1653,0.3499,0.7912,10.4615,-48.5714,112.8791,-61.1429,8.6724,0.7912,10.4615,-48.5714,112.8791,-61.1429,8.6724,0.0000,0.0000,0.0000,0.0000,0.0000,0.0000,0
389,1700000014.4600,1700000014.4620,0.0333,-6.0799,11.3262,-54.3505,101.4816,-68.0148,2.6190,-15.2088,-9.2308,-63.6044,96.8791,-77.1429,-5.8730,-15.2088,-9.2308,-63.6044,96.8791,-77.1429,-5.8730,0.0000,0.0000,0.0000,0.0000,0.0000,0.0000,0
390,1700000014.4933,1700000014.4953,0.0333,-8.2119,6.0059,-56.7023,100.4215,-70.1905,0.3037,1.0549,3.1648,-45.2308,112.8791,-61.1429,8.6724,1.0549,3.1648,-45.2308,112.8791,-61.1429,8.6724,0.0000,0.0000,0.0000,0.0000,0.0000,0.0000,0
391,1700000014.5267,1700000014.5287,0.0333,-6.0476,5.2706,-53.7869,103.2909,-68.0340,2.5854,-14.7692,-16.3516,-57.2747,96.8791,-77.1429,-5.8730,-14.7692,-16.3516,-57.2747,96.8791,-77.1429,-5.8730,0.0000,0.0000,0.0000,0.0000,0.0000,0.0000,0
392,1700000014.5600,1700000014.5620,0.0333,-8.0846,-0.3255,-54.6733,101.8141,-70.2051,0.2792,1.2308,-3.8681,-36.7033,112.8791,-60.9670,8.6724,1.2308,-3.8681,-36.7033,112.8791,-60.9670,8.6724,0.0000,0.0000,0.0000,0.0000,0.0000,0.0000,0
393,1700000014.5933,1700000014.5953,0.0333,-5.9090,-1.2423,-50.1064,104.3627,-68.0032,2.5676,-14.7692,-23.9121,-47.6923,96.8791,-76.9670,-5.8730,-14.7692,-23.9121,-47.6923,96.8791,-76.9670,-5.8730,0.0000,0.0000,0.0000,0.0000,0.0000,0.0000,0
394,1700000014.6267,1700000014.6287,0.0333,-7.9783,-7.1095,-49.4929,102.6390,-70.1397,0.2663,1.2308,-12.2198,-26.3297,112.8791,-60.9670,8.6724,1.2308,-12.2198,-26.3297,112.8791,-60.9670,8.6724,0.0000,0.0000,0.0000,0.0000,0.0000,0.0000,0
395,1700000014.6600,1700000014.6620,0.0333,-5.8275,-8.4321,-43.6062,104.9977,-67.9534,2.5582,-14.7692,-33.0549,-36.2637,96.8791,-77.0549,-5.7953,-14.7692,-33.0549,-36.2637,96.8791,-77.0549,-5.7953,0.0000,0.0000,0.0000,0.0000,0.0000,0.0000,0
396,1700000014.6933,1700000014.6953,0.0333,-7.9159,-14.8047,-41.7402,103.1277,-70.1228,0.2806,1.2308,-21.8022,-14.3736,112.6154,-61.2308,8.9835,1.2308,-21.8022,-14.3736,112.6154,-61.2308,8.9835,0.0000,0.0000,0.0000,0.0000,0.0000,0.0000,0
397,1700000014.7267,1700000014.7287,0.0333,-5.7796,-16.6158,-34.7853,105.3130,-68.0033,2.6535,-14.7692,-42.6374,-24.2198,95.9121,-77.2308,-5.5620,-14.7692,-42.6374,-24.2198,95.9121,-77.2308,-5.5620,0.0000,0.0000,0.0000,0.0000,0.0000,0.0000,0
398,1700000014.7600,1700000014.7620,0.0333,-7.8792,-23.3504,-32.1002,103.1477,-70.2027,0.4135,1.2308,-31.4725,-1.9780,111.2967,-61.2308,8.9835,1.2308,-31.4725,-1.9780,111.2967,-61.2308,8.9835,0.0000,0.0000,0.0000,0.0000,0.0000,0.0000,0
399,1700000014.7933,1700000014.7953,0.0333,-5.7515,-25.4525,-24.4450,105.0247,-68.0642,2.7501,-14.7692,-52.7473,-12.0879,94.6813,-77.2308,-5.5620,-14.7692,-52.7473,-12.0879,94.6813,-77.2308,-5.5620,0.0000,0.0000,0.0000,0.0000,0.0000,0.0000,0
400,1700000014.8267,1700000014.8287,0.0333,-7.8576,-32.5167,-21.3046,102.6422,-70.2491,0.4838,9.2308,-34.2857,18.2418,117.7143,-53.2308,16.3340,9.2308,-34.2857,18.2418,117.7143,-53.2308,16.3340,0.0000,0.0000,0.0000,0.0000,0.0000,0.0000,1
401,1700000015.0467,1700000015.0487,0.2200,6.2776,-34.0407,12.5316,115.0366,-56.0524,14.3951,-22.7692,-72.2637,-6.8132,84.0440,-85.2308,-12.7570,-22.7692,-72.2637,-6.8132,84.0440,-85.2308,-12.7570,0.0000,0.0000,0.0000,0.0000,0.0000,0.0000,1
402,1700000015.0800,1700000015.0820,0.0333,-0.5063,-43.9332,7.6153,107.8979,-63.0071,6.9921,9.2308,-46.5055,32.3077,113.9341,-53.2308,16.3340,9.2308,-46.5055,32.3077,113.9341,-53.2308,16.3340,0.0000,0.0000,0.0000,0.0000,0.0000,0.0000,0
403,1700000015.1133,1700000015.1153,0.0333,1.7678,-44.5989,13.8906,109.2882,-60.6769,9.5392,-22.7692,-85.0110,7.5165,79.6484,-85.1429,-12.7570,-22.7692,-85.0110,7.5165,79.6484,-85.1429,-12.7570,0.0000,0.0000,0.0000,0.0000,0.0000,0.0000,0
404,1700000015.1467,1700000015.1487,0.0333,-3.9629,-55.0580,12.2707,102.4611,-66.5084,3.4601,9.2308,-60.0440,46.4615,109.2747,-53.2308,16.2562,9.2308,-60.0440,46.4615,109.2747,-53.2308,16.2562,0.0000,0.0000,0.0000,0.0000,0.0000,0.0000,0
405,1700000015.1800,1700000015.1820,0.0333,-0.8815,-56.3484,20.9599,104.0305,-63.3437,6.9490,-22.7692,-98.7253,20.8791,74.8132,-85.2308,-12.9125,-22.7692,-98.7253,20.8791,74.8132,-85.2308,-12.9125,0.0000,0.0000,0.0000,0.0000,0.0000,0.0000,0
406,1700000015.2133,1700000015.2153,0.0333,-5.9934,-67.3160,20.9394,97.3008,-68.5605,1.5337,9.2308,-73.2308,58.7692,103.8242,-53.3187,16.0229,9.2308,-73.2308,58.7692,103.8242,-53.3187,16.0229,0.0000,0.0000,0.0000,0.0000,0.0000,0.0000,0
407,1700000015.2467,1700000015.2487,0.0333,-2.4378,-68.8468,30.5534,98.8033,-64.9276,5.4842,-22.7692,-111.2967,32.0440,69.4505,-85.3187,-13.1458,-22.7692,-111.2967,32.0440,69.4505,-85.3187,-13.1458,0.0000,0.0000,0.0000,0.0000,0.0000,0.0000,0
408,1700000015.2800,1700000015.2820,0.0333,-7.1862,-79.8332,30.9322,92.0424,-69.7878,0.4047,9.2308,-84.8352,68.3517,99.7802,-53.4066,15.9452,9.2308,-84.8352,68.3517,99.7802,-53.4066,15.9452,0.0000,0.0000,0.0000,0.0000,0.0000,0.0000,0
409,1700000015.3133,1700000015.3153,0.0333,-3.3520,-81.1278,40.4419,93.8247,-65.8833,4.6418,-22.7692,-121.4945,39.7802,66.7253,-86.5495,-13.1458,-22.7692,-121.4945,39.7802,66.7253,-86.5495,-13.1458,0.0000,0.0000,0.0000,0.0000,0.0000,0.0000,0
410,1700000015.3467,1700000015.3487,0.0333,-7.8869,-91.5751,40.2738,87.5827,-70.8092,-0.2080,9.2308,-91.6044,75.2088,98.0220,-56.4835,16.1007,9.2308,-91.6044,75.2088,98.0220,-56.4835,16.1007,0.0000,0.0000,0.0000,0.0000,0.0000,0.0000,0
411,1700000015.3800,1700000015.3820,0.0333,-3.8891,-91.5827,49.1521,89.9873,-67.3946,4.2386,-22.7692,-122.9011,44.7912,66.1099,-90.1538,-12.9903,-22.7692,-122.9011,44.7912,66.1099,-90.1538,-12.9903,0.0000,0.0000,0.0000,0.0000,0.0000,0.0000,0
412,1700000015.4133,1700000015.4153,0.0333,-8.2986,-99.6882,48.0438,84.4875,-72.8193,-0.4589,9.2308,-89.3187,78.4615,97.8462,-58.8571,16.1007,9.2308,-89.3187,78.4615,97.8462,-58.8571,16.1007,0.0000,0.0000,0.0000,0.0000,0.0000,0.0000,0
413,1700000015.4467,1700000015.4487,0.0333,-4.2046,-97.0045,55.7741,87.5644,-69.4914,4.0561,-22.7692,-119.7363,48.8352,64.4396,-90.8571,-12.9903,-22.7692,-119.7363,48.8352,64.4396,-90.8571,-12.9903,0.0000,0.0000,0.0000,0.0000,0.0000,0.0000,0
414,1700000015.4800,1700000015.4820,0.0333,-8.5404,-102.8877,54.0107,82.2380,-74.5840,-0.5916,9.2308,-86.7692,83.2088,93.0989,-58.6813,16.1784,9.2308,-86.7692,83.2088,93.0989,-58.6813,16.1784,0.0000,0.0000,0.0000,0.0000,0.0000,0.0000,0
415,1700000015.5133,1700000015.5153,0.0333,-4.3899,-98.7161,61.4310,84.7396,-70.7935,3.9808,-22.7692,-118.9451,53.4945,57.3187,-90.5934,-12.8347,-22.7692,-118.9451,53.4945,57.3187,-90.5934,-12.8347,0.0000,0.0000,0.0000,0.0000,0.0000,0.0000,0
416,1700000015.5467,1700000015.5487,0.0333,-8.6824,-103.9515,59.4141,78.4236,-75.5129,-0.6040,9.2308,-87.4725,88.2198,84.3956,-58.5055,16.2562,9.2308,-87.4725,88.2198,84.3956,-58.5055,16.2562,0.0000,0.0000,0.0000,0.0000,0.0000,0.0000,0
417,1700000015.5800,1700000015.5820,0.0333,-4.4988,-99.6866,66.7347,79.7992,-71.4591,3.9929,-22.7692,-120.0879,59.1209,47.4725,-89.8022,-12.8347,-22.7692,-120.0879,59.1209,47.4725,-89.8022,-12.8347,0.0000,0.0000,0.0000,0.0000,0.0000,0.0000,0
418,1700000015.6133,1700000015.6153,0.0333,-8.7659,-104.9667,64.7997,72.3532,-75.8312,-0.5951,9.2308,-88.4396,93.7582,74.6374,-56.9231,16.2562,9.2308,-88.4396,93.7582,74.6374,-56.9231,16.2562,0.0000,0.0000,0.0000,0.0000,0.0000,0.0000,0
419,1700000015.6467,1700000015.6487,0.0333,-4.5627,-100.6893,72.1592,72.8794,-71.3244,3.9994,-22.7692,-120.6154,64.3077,38.6813,-88.7473,-12.8347,-22.7692,-120.6154,64.3077,38.6813,-88.7473,-12.8347,0.0000,0.0000,0.0000,0.0000,0.0000,0.0000,0
420,1700000015.6800,1700000015.6820,0.0333,-8.8149,-105.8464,70.1638,65.0024,-75.4772,-0.5904,9.2308,-88.7912,98.5055,67.5165,-56.9231,16.3340,9.2308,-88.7912,98.5055,67.5165,-56.9231,16.3340,0.0000,0.0000,0.0000,0.0000,0.0000,0.0000,0
421,1700000015.7133,1700000015.7153,0.0333,-4.6003,-101.4323,77.3665,65.5815,-71.0548,4.0240,-22.7692,-120.7912,68.0000,34.3736,-88.9231,-12.8347,-22.7692,-120.7912,68.0000,34.3736,-88.9231,-12.8347,0.0000,0.0000,0.0000,0.0000,0.0000,0.0000,0
422,1700000015.7467,1700000015.7487,0.0333,-8.8437,-106.4426,74.9861,58.3932,-75.3137,-0.5725,9.2308,-88.7033,100.8791,66.2857,-56.9231,16.1784,9.2308,-88.7033,100.8791,66.2857,-56.9231,16.1784,0.0000,0.0000,0.0000,0.0000,0.0000,0.0000,0
423,1700000015.7800,1700000015.7820,0.0333,-4.6224,-101.8515,81.5665,60.2111,-70.9303,3.9946,-22.7692,-120.7033,69.5824,34.8132,-89.1868,-12.9125,-22.7692,-120.7033,69.5824,34.8132,-89.1868,-12.9125,0.0000,0.0000,0.0000,0.0000,0.0000,0.0000,0
424,1700000015.8133,1700000015.8153,0.0333,-8.8606,-106.7305,78.5209,54.3611,-75.2818,-0.6151,9.2308,-88.7033,102.2857,68.1319,-58.4176,16.1784,9.2308,-88.7033,102.2857,68.1319,-58.4176,16.1784,0.0000,0.0000,0.0000,0.0000,0.0000,0.0000,0
425,1700000015.8467,1700000015.8487,0.0333,-4.6353,-102.0649,84.5605,57.5330,-71.2621,3.9637,-22.7692,-120.7033,71.0769,38.2418,-91.9121,-12.9125,-22.7692,-120.7033,71.0769,38.2418,-91.9121,-12.9125,0.0000,0.0000,0.0000,0.0000,0.0000,0.0000,0
426,1700000015.8800,1700000015.8820,0.0333,-8.8705,-106.8887,81.1338,53.0895,-76.1841,-0.6376,9.2308,-88.7033,103.8681,72.8791,-61.6703,16.2562,9.2308,-88.7033,103.8681,72.8791,-61.6703,16.2562,0.0000,0.0000,0.0000,0.0000,0.0000,0.0000,0
427,1700000015.9133,1700000015.9153,0.0333,-4.6429,-102.1821,86.9115,57.6478,-72.7247,3.9685,-22.7692,-120.7033,72.7473,43.4286,-94.9890,-12.8347,-22.7692,-120.7033,72.7473,43.4286,-94.9890,-12.8347,0.0000,0.0000,0.0000,0.0000,0.0000,0.0000,0
428,1700000015.9467,1700000015.9487,0.0333,-8.8764,-106.9756,83.3118,54.3726,-78.0315,-0.6129,9.2308,-88.7033,105.5385,77.9780,-64.1319,16.2562,9.2308,-88.7033,105.5385,77.9780,-64.1319,16.2562,0.0000,0.0000,0.0000,0.0000,0.0000,0.0000,0
429,1700000015.9800,1700000015.9820,0.0333,-4.6474,-102.2465,88.9604,59.8097,-74.7185,3.9864,-22.7692,-120.7033,74.5055,48.1758,-97.0989,-12.8347,-22.7692,-120.7033,74.5055,48.1758,-97.0989,-12.8347,0.0000,0.0000,0.0000,0.0000,0.0000,0.0000,0
430,1700000016.0133,1700000016.0153,0.0333,-8.8798,-107.0233,85.2869,57.1301,-80.0529,-0.5999,9.2308,-88.7033,107.7363,81.8462,-65.8901,16.2562,9.2308,-88.7033,107.7363,81.8462,-65.8901,16.2562,0.0000,0.0000,0.0000,0.0000,0.0000,0.0000,0
431,1700000016.0467,1700000016.0487,0.0333,-4.6500,-102.2819,90.9921,62.8230,-76.6772,3.9960,-22.9451,-120.7033,76.7912,50.9011,-98.1538,-12.8347,-22.9451,-120.7033,76.7912,50.9011,-98.1538,-12.8347,0.0000,0.0000,0.0000,0.0000,0.0000,0.0000,0
432,1700000016.0800,1700000016.0820,0.0333,-8.9229,-107.0496,87.3831,60.0770,-81.7962,-0.5929,8.8791,-88.7033,109.8462,83.3407,-65.9780,16.2562,8.8791,-88.7033,109.8462,83.3407,-65.9780,16.2562,0.0000,0.0000,0.0000,0.0000,0.0000,0.0000,0
433,1700000016.1133,1700000016.1153,0.0333,-4.7652,-102.3014,93.0918,65.4354,-78.0259,4.0010,-23.2088,-120.7033,78.9011,51.3407,-97.9780,-12.8347,-23.2088,-120.7033,78.9011,51.3407,-97.9780,-12.8347,0.0000,0.0000,0.0000,0.0000,0.0000,0.0000,0
434,1700000016.1467,1700000016.1487,0.0333,-9.0727,-107.0640,89.4854,62.1889,-82.7815,-0.5893,8.7912,-88.7033,111.9560,83.5165,-65.9780,16.1007,8.7912,-88.7033,111.9560,83.5165,-65.9780,16.1007,0.0000,0.0000,0.0000,0.0000,0.0000,0.0000,0
435,1700000016.1800,1700000016.1820,0.0333,-4.9006,-102.3120,95.1961,67.1014,-78.7764,3.9612,-23.3846,-120.7033,80.9231,51.5165,-97.9780,-12.9903,-23.3846,-120.7033,80.9231,51.5165,-97.9780,-12.9903,0.0000,0.0000,0.0000,0.0000,0.0000,0.0000,0
436,1700000016.2133,1700000016.2153,0.0333,-9.2176,-107.0719,91.5688,63.5116,-83.3531,-0.6606,7.9121,-88.7033,113.0989,83.6923,-65.9780,16.1007,7.9121,-88.7033,113.0989,83.6923,-65.9780,16.1007,0.0000,0.0000,0.0000,0.0000,0.0000,0.0000,0
437,1700000016.2467,1700000016.2487,0.0333,-5.2169,-102.3179,97.0404,68.1600,-79.2117,3.9094,-24.8791,-120.6154,81.0989,52.5714,-97.9780,-12.9903,-24.8791,-120.6154,81.0989,52.5714,-97.9780,-12.9903,0.0000,0.0000,0.0000,0.0000,0.0000,0.0000,0
438,1700000016.2800,1700000016.2820,0.0333,-9.8090,-107.0535,92.9891,64.5694,-83.6847,-0.6983,6.5055,-88.6154,113.0989,86.0659,-65.9780,16.1007,6.5055,-88.6154,113.0989,86.0659,-65.9780,16.1007,0.0000,0.0000,0.0000,0.0000,0.0000,0.0000,0
439,1700000016.3133,1700000016.3153,0.0333,-5.9988,-102.2815,98.0997,69.5208,-79.4643,3.8819,-26.0220,-120.6154,81.0989,55.6484,-97.9780,-12.9903,-26.0220,-120.6154,81.0989,55.6484,-97.9780,-12.9903,0.0000,0.0000,0.0000,0.0000,0.0000,0.0000,0
440,1700000016.3467,1700000016.3487,0.0333,-10.6752,-107.0265,93.7792,66.3255,-83.8771,-0.7183,5.8022,-88.6154,113.0989,89.1429,-65.9780,16.1007,5.8022,-88.6154,113.0989,89.1429,-65.9780,16.1007,0.0000,0.0000,0.0000,0.0000,0.0000,0.0000,0
441,1700000016.3800,1700000016.3820,0.0333,-6.8269,-102.2615,98.6891,71.5811,-79.6108,3.8674,-26.2857,-120.6154,81.0989,58.2857,-97.8022,-12.9903,-26.2857,-120.6154,81.0989,58.2857,-97.8022,-12.9903,0.0000,0.0000,0.0000,0.0000,0.0000,0.0000,0
442,1700000016.4133,1700000016.4153,0.0333,-11.3715,-107.0117,94.2187,68.5187,-83.9468,-0.7288,5.7143,-88.6154,113.0989,90.5495,-64.5714,16.1784,5.7143,-88.6154,113.0989,90.5495,-64.5714,16.1784,0.0000,0.0000,0.0000,0.0000,0.0000,0.0000,0
443,1700000016.4467,1700000016.4487,0.0333,-7.3811,-102.2505,99.0169,73.5932,-79.3286,3.8809,-26.1978,-120.6154,81.0989,58.8132,-94.9890,-12.9125,-26.1978,-120.6154,81.0989,58.8132,-94.9890,-12.9125,0.0000,0.0000,0.0000,0.0000,0.0000,0.0000,0
444,1700000016.4800,1700000016.4820,0.0333,-11.7758,-107.0035,94.4632,70.1888,-83.0613,-0.6978,5.9780,-88.6154,113.0989,91.0769,-61.4066,16.2562,5.9780,-88.6154,113.0989,91.0769,-61.4066,16.2562,0.0000,0.0000,0.0000,0.0000,0.0000,0.0000,0
445,1700000016.5133,1700000016.5153,0.0333,-7.6293,-102.2445,99.1993,75.0001,-77.8998,3.9247,-26.0220,-120.6154,81.0989,59.8681,-92.2637,-12.9125,-26.0220,-120.6154,81.0989,59.8681,-92.2637,-12.9125,0.0000,0.0000,0.0000,0.0000,0.0000,0.0000,0
446,1700000016.5467,1700000016.5487,0.0333,-11.9250,-106.9991,94.5993,71.5147,-81.3235,-0.6660,5.9780,-88.6154,113.0989,92.7473,-59.7363,16.1784,5.9780,-88.6154,113.0989,92.7473,-59.7363,16.1784,0.0000,0.0000,0.0000,0.0000,0.0000,0.0000,0
447,1700000016.5800,1700000016.5820,0.0333,-7.7437,-102.2412,99.3007,76.4053,-76.1781,3.9267,-26.0220,-120.6154,81.0989,61.6264,-91.6484,-12.8347,-26.0220,-120.6154,81.0989,61.6264,-91.6484,-12.8347,0.0000,0.0000,0.0000,0.0000,0.0000,0.0000,0
448,1700000016.6133,1700000016.6153,0.0333,-12.0126,-106.9966,94.6750,73.0012,-79.8655,-0.6433,5.9780,-88.7033,113.0989,94.1538,-59.5604,16.2562,5.9780,-88.7033,113.0989,94.1538,-59.5604,16.2562,0.0000,0.0000,0.0000,0.0000,0.0000,0.0000,0
449,1700000016.6467,1700000016.6487,0.0333,-7.8109,-102.2621,99.3572,77.8734,-75.0257,3.9643,-26.0220,-120.7033,81.0989,62.9451,-91.5604,-12.8347,-26.0220,-120.7033,81.0989,62.9451,-91.5604,-12.8347,0.0000,0.0000,0.0000,0.0000,0.0000,0.0000,0
